step,wall_ns,manifolds,pairs,top_y,awake,void,colors,wide_colors,waves,g_ns,u_ns,r_ns,sys_sum_ns,disp_lane,worker_lane_max,sys_physics_integrate_ns,sys_physics_integrate_n,sys_physics_gather_ns,sys_physics_gather_n,sys_select_broadphase_ns,sys_select_broadphase_n,sys_physics_broadphase_colored_ns,sys_physics_broadphase_colored_n,sys_physics_narrowphase_colored_ns,sys_physics_narrowphase_colored_n,sys_physics_build_graph_ns,sys_physics_build_graph_n,sys_physics_solve_colored_ns,sys_physics_solve_colored_n,sys_physics_apply_ns,sys_physics_apply_n,phys_solve_build_ns,phys_solve_build_n,phys_gravity_ns,phys_gravity_n,phys_warm_apply_ns,phys_warm_apply_n,phys_integrate_ns,phys_integrate_n,phys_pass_biased_ns,phys_pass_biased_n,phys_pass_relax_ns,phys_pass_relax_n,phys_color_wide_ns,phys_color_wide_n,phys_color_narrow_ns,phys_color_narrow_n,phys_restitution_ns,phys_restitution_n,phys_store_ns,phys_store_n,phys_write_back_ns,phys_write_back_n,phys_sleep_begin_ns,phys_sleep_begin_n,phys_sleep_freeze_ns,phys_sleep_freeze_n,phys_sleep_end_ns,phys_sleep_end_n,phys_sleep_classify_ns,phys_sleep_classify_n,phys_np_dispatch_ns,phys_np_dispatch_n,phys_np_compact_ns,phys_np_compact_n,phys_np_axis_commit_ns,phys_np_axis_commit_n,phys_bp_verify_ns,phys_bp_verify_n,phys_bp_build_ns,phys_bp_build_n,phys_bp_query_ns,phys_bp_query_n,phys_bp_assemble_ns,phys_bp_assemble_n,phys_sb_bodies_ns,phys_sb_bodies_n,phys_sb_pa_ns,phys_sb_pa_n,phys_sb_pb_ns,phys_sb_pb_n,phys_sb_pc_ns,phys_sb_pc_n,phys_slots_wide,phys_slots_wide_n,phys_slots_narrow,phys_slots_narrow_n,phys_np_pairs,phys_np_pairs_n,phys_np_manifolds,phys_np_manifolds_n,phys_np_points,phys_np_points_n,phys_bp_pairs,phys_bp_pairs_n,phys_np_chunks,phys_np_chunks_n,phys_bp_queried,phys_bp_queried_n,phys_bp_members,phys_bp_members_n,phys_bp_rebuilds,phys_bp_rebuilds_n,phys_np_reused,phys_np_reused_n,phys_np_sep_hits,phys_np_sep_hits_n,phys_np_full,phys_np_full_n,phys_sleep_held,phys_sleep_held_n,phys_wave_ramp,phys_wave_ramp_n,phys_wave_tail,phys_wave_tail_n,phys_wave_inflight,phys_wave_inflight_n,phys_wave_lanes,phys_wave_lanes_n,phys_wave_overflow,phys_wave_overflow_n,phys_color_scopes,phys_color_scopes_n,phys_color_tasks,phys_color_tasks_n,phys_route_worker,phys_route_worker_n,phys_route_external,phys_route_external_n,phys_hist_colors_lt32,phys_hist_colors_lt32_n,phys_hist_colors_lt64,phys_hist_colors_lt64_n,phys_hist_colors_lt128,phys_hist_colors_lt128_n,phys_hist_colors_lt256,phys_hist_colors_lt256_n,phys_hist_colors_ge256,phys_hist_colors_ge256_n,phys_hist_slots_lt32,phys_hist_slots_lt32_n,phys_hist_slots_lt64,phys_hist_slots_lt64_n,phys_hist_slots_lt128,phys_hist_slots_lt128_n,phys_hist_slots_lt256,phys_hist_slots_lt256_n,phys_hist_slots_ge256,phys_hist_slots_ge256_n,phys_s6_graph_hit,phys_s6_graph_hit_n,phys_s6_pb_hit,phys_s6_pb_hit_n,phys_np_wave_ramp,phys_np_wave_ramp_n,phys_np_wave_tail,phys_np_wave_tail_n,phys_np_wave_inflight,phys_np_wave_inflight_n,phys_np_wave_lanes,phys_np_wave_lanes_n,phys_np_wave_overflow,phys_np_wave_overflow_n,phys_wave_join,phys_wave_join_n,phys_wave_helped,phys_wave_helped_n,phys_wave_first_ramp,phys_wave_first_ramp_n,phys_wave_first_tail,phys_wave_first_tail_n,phys_wave_pass_ramp,phys_wave_pass_ramp_n,phys_np_wave_join,phys_np_wave_join_n,phys_np_route_worker,phys_np_route_worker_n,phys_setup_chunks,phys_setup_chunks_n,phys_setup_stamped,phys_setup_stamped_n
0,4136300,4495,9570,35.998295,,0,9,9,108,70396,19128,42207,4065904,16,202,561,1,136261,1,60,1,527788,1,1339380,1,210949,1,1839453,1,11453,1,581284,1,38527,4,360576,4,88676,4,249485,4,465955,8,673233,108,0,0,3377,1,29188,1,3256,1,0,0,0,0,0,0,0,0,942111,1,161260,1,82153,1,41001,1,78476,1,338432,1,50931,1,43096,1,118445,1,281689,1,125359,1,17980,1,0,1,9570,1,4495,1,17980,1,9570,1,48,1,1241,1,0,1,0,1,0,1,0,1,9570,1,0,0,318435,1,387057,1,811,1,812,1,0,1,108,1,2484,1,109,1,0,1,0,1,0,1,0,1,0,1,9,1,0,1,0,1,0,1,0,1,17980,1,0,1,0,1,52668,1,53361,1,8,1,8,1,0,1,148525,1,109,1,19734,1,7986,1,150938,1,25889,1,1,1,32,1,32,1
1,2110900,4300,9570,35.993866,,0,9,8,96,32994,6974,34785,2077906,16,203,120,1,43416,1,50,1,329665,1,350095,1,114467,1,1229752,1,10341,1,178765,1,12174,4,289385,4,81792,4,221059,4,410896,8,586850,96,10320,12,2826,1,23236,1,2645,1,0,0,0,0,0,0,0,0,305106,1,30491,1,4268,1,11282,1,26553,1,243423,1,47825,1,3437,1,75009,1,29499,1,68526,1,16277,1,27,1,9570,1,4300,1,16304,1,9570,1,48,1,1241,1,0,1,0,1,4495,1,5075,1,0,1,0,0,238835,1,368577,1,776,1,776,1,0,1,96,1,2328,1,97,1,0,1,1,1,0,1,0,1,0,1,8,1,27,1,0,1,0,1,0,1,16277,1,0,1,0,1,19289,1,54615,1,8,1,8,1,0,1,131263,1,97,1,14042,1,3135,1,112502,1,16153,1,1,1,32,1,32,1
2,1754500,4339,9570,35.986713,,0,9,8,96,29815,8577,33260,1724685,16,203,100,1,26212,1,40,1,282932,1,144397,1,96722,1,1161256,1,13026,1,106812,1,12014,4,285146,4,82063,4,221760,4,415104,8,592773,96,10832,12,2936,1,24208,1,2635,1,0,0,0,0,0,0,0,0,100079,1,30330,1,4228,1,14609,1,21302,1,219626,1,26964,1,3407,1,5150,1,29579,1,66643,1,16269,1,36,1,9570,1,4339,1,16305,1,9570,1,48,1,1240,1,1,1,1,1,4495,1,5075,1,0,1,0,0,237336,1,361548,1,776,1,776,1,0,1,96,1,2304,1,97,1,0,1,0,1,1,1,0,1,0,1,8,1,0,1,36,1,0,1,0,1,16269,1,0,1,0,1,3383,1,28479,1,8,1,8,1,0,1,137515,1,97,1,14108,1,2145,1,110143,1,3283,1,1,1,32,1,32,1
3,1754500,4335,9570,35.976837,,0,9,8,96,30296,8597,34265,1724204,16,203,200,1,26493,1,40,1,269485,1,144537,1,93997,1,1177759,1,11693,1,114707,1,12144,4,285707,4,82053,4,228774,4,415786,8,599824,96,10471,12,2856,1,24469,1,2665,1,0,0,0,0,0,0,0,0,97413,1,33196,1,4278,1,5291,1,20651,1,215418,1,27364,1,3387,1,10411,1,29479,1,69388,1,16306,1,30,1,9570,1,4335,1,16336,1,9570,1,48,1,1240,1,1,1,0,1,4495,1,5075,1,0,1,0,0,237501,1,411906,1,776,1,776,1,0,1,96,1,2340,1,97,1,0,1,1,1,0,1,0,1,0,1,8,1,30,1,0,1,0,1,0,1,16306,1,0,1,0,1,2492,1,1089,1,8,1,8,1,0,1,142317,1,97,1,14174,1,3069,1,118261,1,1089,1,1,1,32,1,32,1
4,1748700,4329,9570,35.964233,,0,9,8,96,31200,8707,35336,1717500,16,203,50,1,26603,1,50,1,263283,1,149938,1,93566,1,1174051,1,9960,1,114247,1,12214,4,287311,4,82694,4,221239,4,418641,8,595527,96,9018,12,2856,1,23507,1,2635,1,0,0,0,0,0,0,0,0,104287,1,31442,1,4329,1,5140,1,20310,1,210378,1,27154,1,3477,1,5270,1,29479,1,73997,1,16296,1,31,1,9570,1,4329,1,16327,1,9570,1,48,1,1240,1,1,1,0,1,4495,1,5075,1,0,1,0,0,238637,1,397254,1,776,1,776,1,0,1,96,1,2328,1,97,1,0,1,1,1,0,1,0,1,0,1,8,1,31,1,0,1,0,1,0,1,16296,1,0,1,0,1,2393,1,62205,1,8,1,8,1,0,1,152678,1,97,1,14372,1,3036,1,111957,1,19354,1,1,1,32,1,32,1
5,1727300,4324,9570,35.948902,,0,9,8,96,29719,10501,32498,1697581,16,203,130,1,26503,1,40,1,258323,1,144737,1,93766,1,1164172,1,9910,1,106071,1,12345,4,286709,4,82454,4,222382,4,414714,8,594968,96,9629,12,2926,1,23396,1,2675,1,0,0,0,0,0,0,0,0,98576,1,32324,1,4289,1,5190,1,20831,1,204666,1,27324,1,3246,1,5270,1,29649,1,66101,1,16313,1,28,1,9570,1,4324,1,16341,1,9570,1,48,1,1240,1,1,1,0,1,4495,1,5075,1,0,1,0,0,238834,1,347061,1,776,1,776,1,0,1,96,1,2340,1,97,1,0,1,1,1,0,1,0,1,0,1,8,1,28,1,0,1,0,1,0,1,16313,1,0,1,0,1,2657,1,26961,1,8,1,8,1,0,1,129898,1,97,1,13217,1,2838,1,111924,1,1831,1,1,1,32,1,32,1
6,1708500,4326,9570,35.93085,,0,9,8,96,29456,8467,31298,1679044,16,203,170,1,26533,1,40,1,255477,1,142283,1,93616,1,1151016,1,9910,1,106792,1,11914,4,285717,4,82494,4,218464,4,408461,8,586669,96,8958,12,2836,1,23246,1,2625,1,0,0,0,0,0,0,0,0,99678,1,28717,1,4289,1,5100,1,20190,1,202763,1,27154,1,3246,1,5381,1,29499,1,66652,1,16318,1,31,1,9570,1,4326,1,16349,1,9570,1,48,1,1240,1,1,1,0,1,4495,1,5075,1,0,1,0,0,236012,1,308121,1,776,1,776,1,0,1,96,1,2316,1,97,1,0,1,1,1,0,1,0,1,0,1,8,1,31,1,0,1,0,1,0,1,16318,1,0,1,0,1,3053,1,1485,1,8,1,8,1,0,1,125014,1,97,1,14075,1,2112,1,112700,1,1485,1,1,1,32,1,32,1
7,1836800,4319,9570,35.910072,,0,9,8,96,32307,9078,32992,1804493,16,203,50,1,26523,1,40,1,254315,1,155549,1,121020,1,1236846,1,10150,1,114066,1,12535,4,354945,4,83165,4,228995,4,406126,8,592571,96,9559,12,2936,1,22394,1,2605,1,0,0,0,0,0,0,0,0,105029,1,33507,1,5210,1,5050,1,20611,1,201270,1,27154,1,4248,1,6333,1,29328,1,71693,1,16316,1,27,1,9570,1,4319,1,16343,1,9570,1,48,1,1240,1,1,1,0,1,4495,1,5075,1,0,1,0,0,234166,1,325776,1,776,1,776,1,0,1,96,1,2316,1,97,1,0,1,1,1,0,1,0,1,0,1,8,1,27,1,0,1,0,1,0,1,16316,1,0,1,0,1,2409,1,49533,1,8,1,8,1,0,1,122979,1,97,1,14603,1,6171,1,113674,1,18067,1,1,1,32,1,32,1
8,1756500,4316,9570,35.88657,,0,9,8,96,29902,8326,31930,1726598,16,203,120,1,30771,1,30,1,252481,1,145499,1,113034,1,1173380,1,11282,1,109728,1,12345,4,306158,4,82774,4,217802,4,406678,8,583643,96,8908,12,2856,1,24108,1,2605,1,0,0,0,0,0,0,0,0,98776,1,31392,1,4850,1,5120,1,21002,1,194576,1,31472,1,4038,1,5932,1,29428,1,68235,1,16293,1,27,1,9570,1,4316,1,16320,1,9570,1,48,1,1240,1,1,1,0,1,4495,1,5075,1,0,1,0,0,216397,1,361680,1,776,1,776,1,0,1,96,1,2316,1,97,1,0,1,1,1,0,1,0,1,0,1,8,1,27,1,0,1,0,1,0,1,16293,1,0,1,0,1,2723,1,1419,1,8,1,8,1,0,1,120848,1,97,1,12524,1,2805,1,104879,1,1419,1,1,1,32,1,32,1
9,1728800,4312,9570,35.86034,,0,9,8,96,29856,8647,31008,1698944,16,203,140,1,26653,1,40,1,266148,1,148355,1,93446,1,1154092,1,10070,1,113085,1,12615,4,284896,4,82514,4,218835,4,403431,8,585356,96,5902,12,2826,1,24599,1,2645,1,0,0,0,0,0,0,0,0,103285,1,30941,1,4309,1,5060,1,21322,1,212231,1,27234,1,3106,1,5260,1,28687,1,73807,1,16297,1,18,1,9570,1,4312,1,16315,1,9570,1,48,1,1240,1,1,1,0,1,4495,1,5075,1,0,1,0,0,218275,1,384153,1,776,1,776,1,0,1,96,1,2316,1,97,1,0,1,1,1,0,1,0,1,0,1,8,1,18,1,0,1,0,1,0,1,16297,1,0,1,0,1,2195,1,65010,1,8,1,8,1,0,1,139181,1,97,1,13943,1,1683,1,108822,1,16516,1,1,1,32,1,32,1
10,1697700,4307,9570,35.831387,,0,9,8,96,29898,8517,31538,1667802,16,203,110,1,26142,1,30,1,253423,1,143575,1,93065,1,1141587,1,9870,1,107574,1,12635,4,284715,4,82594,4,214636,4,402449,8,579846,96,5701,12,2806,1,23016,1,2645,1,0,0,0,0,0,0,0,0,98626,1,31082,1,4299,1,5090,1,20801,1,200248,1,27004,1,3236,1,5311,1,29178,1,68085,1,16300,1,14,1,9570,1,4307,1,16314,1,9570,1,48,1,1240,1,1,1,0,1,4495,1,5075,1,0,1,0,0,216401,1,317988,1,776,1,776,1,0,1,96,1,2400,1,97,1,0,1,1,1,0,1,0,1,0,1,8,1,14,1,0,1,0,1,0,1,16300,1,0,1,0,1,2195,1,2046,1,8,1,8,1,0,1,116066,1,97,1,13217,1,3234,1,107717,1,1171,1,1,1,32,1,32,1
11,1705900,4307,9570,35.79971,,0,9,8,96,29792,8548,31715,1676108,16,203,160,1,25931,1,30,1,253343,1,146611,1,93365,1,1146246,1,10421,1,112563,1,11983,4,285487,4,82764,4,216109,4,399994,8,580320,96,4068,12,2856,1,23316,1,2625,1,0,0,0,0,0,0,0,0,101201,1,31302,1,4329,1,5030,1,20982,1,200007,1,27064,1,3206,1,5311,1,29338,1,72744,1,16310,1,10,1,9570,1,4307,1,16320,1,9570,1,48,1,1240,1,1,1,0,1,4495,1,5075,1,0,1,0,0,232221,1,373131,1,776,1,776,1,0,1,96,1,2328,1,97,1,0,1,1,1,0,1,0,1,0,1,8,1,10,1,0,1,0,1,0,1,16310,1,0,1,0,1,2195,1,58377,1,8,1,8,1,0,1,136165,1,97,1,16253,1,2739,1,114647,1,15658,1,1,1,32,1,32,1
12,1761000,4306,9570,35.765305,,0,9,8,96,40303,8397,30907,1720697,16,173,160,1,30300,1,30,1,294966,1,156250,1,92814,1,1136286,1,9890,1,105730,1,11974,4,284505,4,82654,4,216029,4,397209,8,578023,96,4309,12,2936,1,24208,1,2645,1,0,0,0,0,0,0,0,0,107624,1,31683,1,5220,1,12585,1,22044,1,225708,1,34068,1,3757,1,5301,1,29078,1,65761,1,16316,1,14,1,9570,1,4306,1,16330,1,9570,1,48,1,1240,1,1,1,0,1,4495,1,5075,1,0,1,0,0,220900,1,346005,1,776,1,776,1,0,1,96,1,2316,1,97,1,0,1,1,1,0,1,0,1,0,1,8,1,14,1,0,1,0,1,0,1,16316,1,0,1,0,1,14866,1,25971,1,8,1,8,1,0,1,123809,1,97,1,13382,1,3267,1,106611,1,4587,1,1,1,32,1,32,1
13,1695300,4306,9570,35.728176,,0,9,8,96,31276,8416,30917,1664024,16,203,10,1,26102,1,40,1,257501,1,144657,1,92874,1,1132940,1,9900,1,106592,1,12385,4,284355,4,82454,4,212853,4,397370,8,575097,96,4208,12,2865,1,23036,1,2615,1,0,0,0,0,0,0,0,0,97814,1,33056,1,4299,1,4960,1,21413,1,203684,1,27204,1,3337,1,5160,1,29408,1,66843,1,16323,1,12,1,9570,1,4306,1,16335,1,9570,1,48,1,1240,1,1,1,0,1,4495,1,5075,1,0,1,0,0,218705,1,310695,1,776,1,776,1,0,1,96,1,2316,1,97,1,0,1,1,1,0,1,0,1,0,1,8,1,12,1,0,1,0,1,0,1,16323,1,0,1,0,1,2195,1,24552,1,8,1,8,1,0,1,110530,1,97,1,13085,1,2013,1,106150,1,2788,1,1,1,32,1,32,1
14,1702000,4307,9570,35.688324,,0,9,8,96,30371,8387,30736,1671629,16,203,180,1,26903,1,40,1,255447,1,147413,1,92554,1,1139122,1,9970,1,109087,1,12074,4,285246,4,82103,4,215528,4,398181,8,578574,96,4399,12,2856,1,23026,1,2635,1,0,0,0,0,0,0,0,0,101461,1,31803,1,4299,1,4920,1,20601,1,202562,1,27104,1,3377,1,5331,1,29549,1,68957,1,16324,1,16,1,9570,1,4307,1,16340,1,9570,1,48,1,1240,1,1,1,0,1,4495,1,5075,1,0,1,0,0,223851,1,327822,1,776,1,776,1,0,1,96,1,2316,1,97,1,0,1,1,1,0,1,0,1,0,1,8,1,16,1,0,1,0,1,0,1,16324,1,0,1,0,1,3251,1,60918,1,8,1,8,1,0,1,115243,1,97,1,13217,1,5775,1,108079,1,14437,1,1,1,32,1,32,1
15,1724900,4306,9570,35.64575,,0,9,8,96,30285,8587,33926,1694615,16,203,120,1,26893,1,40,1,256099,1,144657,1,94808,1,1161737,1,10260,1,109197,1,12785,4,288232,4,83716,4,219867,4,410185,8,589924,96,6202,12,2826,1,23667,1,2675,1,0,0,0,0,0,0,0,0,99287,1,31422,1,4329,1,5000,1,20661,1,202011,1,28156,1,3948,1,5321,1,29719,1,68366,1,16319,1,18,1,9570,1,4306,1,16337,1,9570,1,48,1,1240,1,1,1,0,1,4495,1,5075,1,0,1,0,0,228522,1,355245,1,776,1,776,1,0,1,96,1,2448,1,97,1,0,1,1,1,0,1,0,1,0,1,8,1,18,1,0,1,0,1,0,1,16319,1,0,1,0,1,2723,1,26961,1,8,1,8,1,0,1,123291,1,97,1,13712,1,1782,1,106199,1,1600,1,1,1,32,1,32,1
16,1740700,4303,9570,35.600445,,0,9,8,96,30003,8557,34335,1710697,16,203,180,1,26984,1,30,1,266239,1,147152,1,93496,1,1166566,1,10050,1,107213,1,12415,4,288142,4,83766,4,223604,4,413972,8,597149,96,6092,12,2826,1,23396,1,2675,1,0,0,0,0,0,0,0,0,99989,1,33026,1,4319,1,4990,1,21102,1,212211,1,27595,1,3677,1,5301,1,29428,1,66913,1,16322,1,18,1,9570,1,4303,1,16340,1,9570,1,48,1,1240,1,1,1,0,1,4495,1,5075,1,0,1,0,0,225515,1,324192,1,776,1,776,1,0,1,96,1,2436,1,97,1,0,1,1,1,0,1,0,1,0,1,8,1,18,1,0,1,0,1,0,1,16322,1,0,1,0,1,2558,1,1518,1,8,1,8,1,0,1,129809,1,97,1,12557,1,1089,1,102982,1,1518,1,1,1,32,1,32,1
17,1715200,4298,9570,35.552414,,0,9,8,96,30655,8387,31701,1684545,16,203,80,1,25641,1,90,1,261670,1,143876,1,93987,1,1149192,1,10010,1,107664,1,12635,4,285587,4,83305,4,217893,4,404794,8,586487,96,4499,12,2856,1,23046,1,3026,1,0,0,0,0,0,0,0,0,98806,1,31132,1,4379,1,5010,1,20761,1,207833,1,27795,1,3407,1,5351,1,29408,1,67684,1,16320,1,16,1,9570,1,4298,1,16336,1,9570,1,48,1,1240,1,1,1,0,1,4495,1,5075,1,0,1,0,0,214978,1,353265,1,776,1,776,1,0,1,96,1,2328,1,97,1,0,1,1,1,0,1,0,1,0,1,8,1,16,1,0,1,0,1,0,1,16320,1,0,1,0,1,2195,1,1122,1,8,1,8,1,0,1,116167,1,97,1,12623,1,1056,1,101348,1,1122,1,1,1,32,1,32,1
18,1835500,4298,9570,35.501663,,0,9,8,96,38321,8948,34215,1797179,16,203,150,1,30320,1,60,1,288503,1,154537,1,121311,1,1192147,1,10150,1,113245,1,12675,4,309695,4,83987,4,223143,4,410235,8,594784,96,4379,12,2976,1,24579,1,2665,1,0,0,0,0,0,0,0,0,103496,1,33827,1,5250,1,5701,1,22665,1,225247,1,34308,1,4319,1,6423,1,28827,1,71292,1,16318,1,16,1,9570,1,4298,1,16334,1,9570,1,48,1,1240,1,1,1,0,1,4495,1,5075,1,0,1,0,0,232470,1,325512,1,775,1,775,1,0,1,96,1,2316,1,97,1,0,1,1,1,0,1,0,1,0,1,8,1,16,1,0,1,0,1,0,1,16318,1,0,1,0,1,4868,1,33066,1,8,1,8,1,0,1,115490,1,97,1,14042,1,4092,1,109636,1,4884,1,1,1,32,1,32,1
19,1783600,4297,9570,35.448185,,0,9,8,96,32473,8477,31721,1751127,16,203,110,1,31142,1,40,1,265918,1,148254,1,113485,1,1182187,1,9990,1,114066,1,12815,4,302942,4,83295,4,220638,4,409002,8,593801,96,4118,12,3106,1,25200,1,2645,1,0,0,0,0,0,0,0,0,99187,1,33286,1,4910,1,5140,1,21082,1,207252,1,31973,1,4499,1,5992,1,29589,1,71742,1,16322,1,12,1,9570,1,4297,1,16334,1,9570,1,48,1,1240,1,1,1,0,1,4495,1,5075,1,0,1,0,0,233604,1,335214,1,776,1,776,1,0,1,96,1,2316,1,97,1,0,1,1,1,0,1,0,1,0,1,8,1,12,1,0,1,0,1,0,1,16322,1,0,1,0,1,3614,1,24519,1,8,1,8,1,0,1,123536,1,97,1,13481,1,5676,1,108244,1,3283,1,1,1,32,1,32,1
20,2224900,5077,9570,35.391983,,0,14,12,144,31404,10040,38325,2193496,16,263,40,1,26793,1,50,1,259295,1,247051,1,130810,1,1519267,1,10190,1,195348,1,12134,4,340666,4,83235,4,305256,4,537898,8,760351,144,44478,24,3376,1,28677,1,2635,1,0,0,0,0,0,0,0,0,182212,1,44178,1,9739,1,5050,1,20320,1,206240,1,27364,1,3487,1,32635,1,80780,1,76031,1,19225,1,232,1,9570,1,5077,1,19457,1,9570,1,48,1,1240,1,1,1,0,1,4495,1,4291,1,784,1,0,0,330740,1,469656,1,1059,1,1060,1,0,1,144,1,2700,1,145,1,0,1,0,1,1,1,0,1,1,1,12,1,0,1,36,1,0,1,196,1,19225,1,0,1,0,1,2162,1,25179,1,8,1,8,1,0,1,149031,1,145,1,13547,1,5808,1,113277,1,3151,1,1,1,31,1,31,1
21,2182100,4687,9570,35.333054,,0,13,10,120,40477,9529,37562,2141623,16,251,150,1,30501,1,40,1,299445,1,352700,1,130329,1,1318368,1,10090,1,123435,1,12064,4,311709,4,83626,4,250638,4,494592,8,651426,120,56242,36,3226,1,26883,1,2665,1,0,0,0,0,0,0,0,0,296629,1,35621,1,8256,1,10210,1,22926,1,230458,1,35210,1,4359,1,12475,1,31753,1,72464,1,16937,1,281,1,9570,1,4687,1,17218,1,9570,1,48,1,1240,1,1,1,0,1,2756,1,4291,1,2523,1,0,0,245845,1,377454,1,932,1,932,1,0,1,120,1,2304,1,121,1,0,1,1,1,1,1,0,1,1,1,10,1,8,1,49,1,0,1,224,1,16937,1,0,1,0,1,15559,1,10197,1,8,1,8,1,0,1,102232,1,121,1,12952,1,462,1,125593,1,2129,1,1,1,32,1,32,1
22,2053500,4536,9570,35.2714,,0,12,10,120,32918,9388,31270,2020582,16,239,120,1,30380,1,60,1,290807,1,294014,1,128425,1,1266775,1,10000,1,117173,1,12204,4,335907,4,83155,4,235508,4,441367,8,619823,120,25781,24,3006,1,26382,1,2685,1,0,0,0,0,0,0,0,0,238343,1,34839,1,6984,1,5601,1,23006,1,227371,1,34298,1,4158,1,6303,1,30811,1,73416,1,16654,1,137,1,9570,1,4536,1,16791,1,9570,1,48,1,1240,1,1,1,0,1,2756,1,4748,1,2066,1,0,0,221464,1,365112,1,907,1,907,1,0,1,120,1,2232,1,121,1,0,1,1,1,0,1,1,1,0,1,10,1,13,1,0,1,124,1,0,1,16654,1,0,1,0,1,2194,1,203610,1,8,1,8,1,0,1,96912,1,121,1,13447,1,5511,1,104994,1,13679,1,1,1,31,1,31,1
23,2002100,4464,9570,35.207024,,0,12,10,120,31908,8898,31542,1970192,16,239,180,1,30761,1,30,1,282361,1,275788,1,123806,1,1247307,1,9960,1,115409,1,12805,4,334554,4,82965,4,230508,4,431527,8,611726,120,18767,24,3056,1,24960,1,2625,1,0,0,0,0,0,0,0,0,224155,1,31472,1,6463,1,5561,1,21613,1,219666,1,35120,1,4539,1,6242,1,30210,1,71973,1,16487,1,73,1,9570,1,4464,1,16560,1,9570,1,48,1,1240,1,1,1,0,1,2756,1,4935,1,1879,1,0,0,216763,1,323070,1,882,1,884,1,0,1,120,1,2220,1,121,1,0,1,1,1,0,1,1,1,0,1,10,1,4,1,0,1,69,1,0,1,16487,1,0,1,0,1,2426,1,858,1,8,1,8,1,0,1,98753,1,121,1,13349,1,4587,1,103971,1,858,1,1,1,31,1,31,1
24,1926500,4397,9570,35.13992,,0,12,9,108,30205,8848,29066,1896295,16,239,130,1,26793,1,30,1,266309,1,271479,1,102273,1,1219281,1,10000,1,108065,1,11643,4,292280,4,83636,4,231379,4,453751,8,599652,108,56412,36,2916,1,24158,1,2605,1,0,0,0,0,0,0,0,0,218704,1,33917,1,5701,1,4950,1,19950,1,213654,1,27455,1,3778,1,5531,1,30100,1,66452,1,16064,1,305,1,9570,1,4397,1,16369,1,9570,1,48,1,1240,1,1,1,0,1,2756,1,5015,1,1799,1,0,0,213775,1,335907,1,835,1,835,1,0,1,108,1,2112,1,109,1,0,1,1,1,1,1,0,1,1,1,9,1,4,1,56,1,0,1,245,1,16064,1,0,1,0,1,1733,1,627,1,8,1,8,1,0,1,97122,1,109,1,12458,1,2607,1,106876,1,627,1,1,1,32,1,32,1
25,1929500,4359,9570,35.07009,,0,11,9,108,30519,8737,29868,1898981,16,227,20,1,26723,1,30,1,259565,1,300246,1,100610,1,1201416,1,10371,1,112994,1,12425,4,290367,4,82504,4,241600,4,422449,8,598951,108,35230,24,2946,1,24759,1,2635,1,0,0,0,0,0,0,0,0,247291,1,34028,1,5691,1,4900,1,19900,1,207091,1,27424,1,3577,1,5421,1,29799,1,71793,1,16056,1,209,1,9570,1,4359,1,16265,1,9570,1,48,1,1240,1,1,1,0,1,2757,1,5097,1,1716,1,0,0,204646,1,397716,1,836,1,836,1,0,1,108,1,2124,1,109,1,0,1,0,1,1,1,0,1,1,1,9,1,0,1,32,1,0,1,177,1,16056,1,0,1,0,1,1898,1,281589,1,8,1,8,1,0,1,111389,1,109,1,12920,1,6336,1,100543,1,12952,1,1,1,32,1,32,1
26,1862600,4312,9570,34.997536,,0,11,9,108,31043,8617,28585,1831557,16,227,40,1,26593,1,50,1,269325,1,256209,1,99197,1,1170083,1,10060,1,110349,1,12495,4,286469,4,82845,4,224235,4,415606,8,581036,108,30220,24,2836,1,24018,1,2615,1,0,0,0,0,0,0,0,0,205909,1,32505,1,5090,1,4990,1,21362,1,215498,1,27134,1,3858,1,5421,1,29338,1,69618,1,15990,1,179,1,9570,1,4312,1,16169,1,9570,1,48,1,1240,1,1,1,0,1,2756,1,5145,1,1669,1,0,0,210089,1,378576,1,824,1,824,1,0,1,108,1,2100,1,109,1,0,1,1,1,0,1,0,1,1,1,9,1,28,1,0,1,0,1,151,1,15990,1,0,1,0,1,1799,1,660,1,8,1,8,1,0,1,101235,1,109,1,13118,1,3960,1,106298,1,660,1,1,1,32,1,32,1
27,1866100,4295,9570,34.92226,,0,11,9,108,29724,8467,28285,1836376,16,227,140,1,26903,1,60,1,262471,1,269976,1,98997,1,1167458,1,10371,1,107193,1,12154,4,286198,4,82845,4,223764,4,417800,8,583139,108,30140,24,2916,1,23487,1,2635,1,0,0,0,0,0,0,0,0,217292,1,34759,1,5291,1,4920,1,20721,1,209576,1,26923,1,3778,1,5761,1,29098,1,66532,1,15966,1,157,1,9570,1,4295,1,16123,1,9570,1,48,1,1240,1,1,1,0,1,2756,1,5196,1,1618,1,0,0,216234,1,379632,1,824,1,824,1,0,1,108,1,2136,1,109,1,0,1,1,1,0,1,0,1,1,1,9,1,8,1,0,1,0,1,149,1,15966,1,0,1,0,1,1964,1,726,1,8,1,8,1,0,1,104402,1,109,1,13019,1,5907,1,105968,1,726,1,1,1,32,1,32,1
28,2178300,4934,9570,34.844257,,0,14,11,132,32659,9499,34708,2145641,16,263,130,1,26603,1,40,1,258644,1,340977,1,124096,1,1385080,1,10070,1,122032,1,11753,4,328442,4,82404,4,268633,4,529962,8,698499,132,65390,36,3346,1,26342,1,2665,1,0,0,0,0,0,0,0,0,278693,1,39098,1,9529,1,4900,1,20481,1,205538,1,27424,1,3968,1,8286,1,37144,1,70260,1,18359,1,400,1,9570,1,4934,1,18759,1,9570,1,48,1,1240,1,1,1,0,1,2761,1,4556,1,2253,1,0,0,249752,1,405075,1,988,1,990,1,0,1,132,1,2436,1,133,1,0,1,1,1,0,1,0,1,2,1,11,1,20,1,0,1,0,1,380,1,18359,1,0,1,0,1,2459,1,185130,1,8,1,8,1,0,1,111418,1,133,1,13085,1,2376,1,118277,1,12721,1,1,1,32,1,32,1
29,2233600,4786,9570,34.763527,,0,15,11,132,38201,9659,38064,2195399,16,275,110,1,30671,1,40,1,290046,1,341999,1,141792,1,1380712,1,10030,1,129187,1,12926,4,337610,4,78496,4,262030,4,518930,8,692317,132,50580,48,3236,1,26012,1,2625,1,0,0,0,0,0,0,0,0,286148,1,34028,1,7445,1,9880,1,23006,1,224626,1,31913,1,4208,1,13447,1,32304,1,76542,1,17137,1,243,1,9570,1,4786,1,17380,1,9570,1,48,1,1240,1,1,1,0,1,2156,1,4210,1,3204,1,0,0,245655,1,398211,1,989,1,992,1,0,1,132,1,2340,1,133,1,0,1,2,1,0,1,1,1,1,1,11,1,8,1,0,1,64,1,171,1,17137,1,0,1,0,1,13629,1,116622,1,8,1,8,1,0,1,116872,1,133,1,13002,1,2079,1,109742,1,13794,1,1,1,32,1,32,1
30,2184700,4665,9570,34.680073,,0,14,11,132,32772,9098,34327,2151928,16,263,70,1,30170,1,50,1,278623,1,331398,1,138475,1,1363162,1,9980,1,117223,1,12475,4,338252,4,83155,4,283287,4,477939,8,691249,132,35650,36,4980,1,33106,1,3647,1,0,0,0,0,0,0,0,0,273473,1,35500,1,6964,1,5210,1,21242,1,219736,1,31933,1,4369,1,6413,1,31603,1,72424,1,16875,1,161,1,9570,1,4665,1,17036,1,9570,1,48,1,1240,1,1,1,0,1,2156,1,4524,1,2890,1,0,0,243641,1,511054,1,979,1,979,1,0,1,132,1,2292,1,133,1,0,1,1,1,1,1,1,1,0,1,11,1,4,1,36,1,121,1,0,1,16875,1,0,1,0,1,2128,1,82929,1,8,1,8,1,0,1,129172,1,133,1,13645,1,6138,1,104988,1,17243,1,1,1,32,1,32,1
31,2093100,4617,9570,34.593895,,0,14,11,132,31586,9018,34737,2061514,16,263,20,1,26172,1,50,1,278964,1,323613,1,114117,1,1308318,1,10260,1,114127,1,12044,4,307230,4,82965,4,256690,4,492308,8,674682,132,39579,36,5952,1,25240,1,2745,1,0,0,0,0,0,0,0,0,267381,1,35260,1,6212,1,5531,1,22905,1,215959,1,34178,1,3998,1,5671,1,31322,1,70881,1,16641,1,196,1,9570,1,4617,1,16837,1,9570,1,48,1,1240,1,1,1,0,1,2156,1,4741,1,2673,1,0,0,226127,1,381942,1,952,1,953,1,0,1,132,1,2268,1,133,1,0,1,1,1,1,1,0,1,1,1,11,1,4,1,36,1,0,1,156,1,16641,1,0,1,0,1,1601,1,82170,1,8,1,8,1,0,1,110779,1,133,1,12969,1,1089,1,97883,1,14223,1,1,1,32,1,32,1
32,2055900,4578,9570,34.504993,,0,14,11,132,29957,8778,32874,2025943,16,263,10,1,25711,1,120,1,268233,1,328512,1,111562,1,1281755,1,10040,1,116561,1,12184,4,304645,4,82654,4,246620,4,477939,8,653569,132,38115,36,3016,1,26743,1,2615,1,0,0,0,0,0,0,0,0,273172,1,34358,1,5892,1,4910,1,21052,1,214666,1,27274,1,3877,1,5561,1,31322,1,73596,1,16423,1,174,1,9570,1,4578,1,16597,1,9570,1,48,1,1240,1,1,1,0,1,2156,1,4836,1,2578,1,0,0,222975,1,401874,1,944,1,944,1,0,1,132,1,2256,1,133,1,0,1,1,1,1,1,0,1,1,1,11,1,4,1,36,1,0,1,134,1,16423,1,0,1,0,1,1700,1,146652,1,8,1,8,1,0,1,111487,1,133,1,13514,1,5907,1,101150,1,14701,1,1,1,31,1,31,1
33,2095300,4536,9570,34.413364,,0,14,10,120,30901,8928,31941,2064399,16,263,20,1,25901,1,50,1,261900,1,356788,1,110359,1,1299370,1,10010,1,111481,1,11934,4,302461,4,82804,4,252972,4,497518,8,645003,120,73546,48,2976,1,25641,1,2655,1,0,0,0,0,0,0,0,0,301409,1,35110,1,5591,1,4920,1,20972,1,208414,1,27284,1,3256,1,5521,1,30340,1,70189,1,16013,1,407,1,9570,1,4536,1,16420,1,9570,1,48,1,1240,1,1,1,0,1,2156,1,4905,1,2509,1,0,0,224322,1,411906,1,908,1,908,1,0,1,120,1,2208,1,121,1,0,1,1,1,1,1,1,1,1,1,10,1,4,1,33,1,116,1,254,1,16013,1,0,1,0,1,1997,1,75273,1,8,1,8,1,0,1,116751,1,121,1,12425,1,2904,1,114730,1,14553,1,1,1,31,1,31,1
34,2255700,5039,9570,34.31901,,0,14,11,132,32525,9579,36160,2223175,16,263,90,1,25751,1,80,1,262010,1,382449,1,131251,1,1411553,1,9990,1,133886,1,12114,4,335516,4,82434,4,270497,4,532578,8,705112,132,61802,36,3397,1,28917,1,2635,1,0,0,0,0,0,0,0,0,318763,1,38647,1,9669,1,4920,1,21463,1,207432,1,27915,1,3878,1,8286,1,37745,1,81422,1,18101,1,392,1,9570,1,5039,1,18493,1,9570,1,48,1,1240,1,1,1,0,1,2157,1,4383,1,3030,1,0,0,253050,1,477411,1,1026,1,1026,1,0,1,132,1,2472,1,133,1,0,1,0,1,1,1,1,1,1,1,11,1,0,1,32,1,120,1,240,1,18101,1,0,1,0,1,2723,1,177243,1,8,1,8,1,0,1,126597,1,133,1,13844,1,4059,1,123029,1,13992,1,1,1,31,1,31,1
35,2260800,4827,9570,34.221935,,0,14,11,132,37996,10060,37021,2222804,16,263,160,1,30691,1,50,1,291038,1,408060,1,130189,1,1351935,1,10681,1,124207,1,12705,4,321248,4,79087,4,262682,4,508159,8,687768,132,46051,36,3256,1,27845,1,2685,1,0,0,0,0,0,0,0,0,345716,1,36813,1,8597,1,12765,1,22525,1,220087,1,35100,1,4649,1,8597,1,32615,1,75680,1,16826,1,199,1,9570,1,4827,1,17025,1,9570,1,48,1,1240,1,1,1,0,1,1650,1,4170,1,3750,1,0,0,243608,1,424578,1,1004,1,1004,1,0,1,132,1,2364,1,133,1,0,1,1,1,1,1,0,1,1,1,11,1,16,1,40,1,0,1,143,1,16826,1,0,1,0,1,13810,1,146916,1,8,1,8,1,0,1,113019,1,133,1,12853,1,2739,1,119949,1,16170,1,1,1,32,1,32,1
36,2229900,4630,9570,34.12213,,0,13,10,120,32477,9208,33345,2197423,16,251,70,1,30711,1,20,1,286619,1,380796,1,140188,1,1349009,1,10010,1,124998,1,12375,4,346458,4,82855,4,254135,4,488350,8,640012,120,69127,36,3096,1,24889,1,2645,1,0,0,0,0,0,0,0,0,319755,1,36092,1,7956,1,5601,1,22264,1,222822,1,35410,1,4499,1,6453,1,31292,1,80190,1,15924,1,381,1,9570,1,4630,1,16305,1,9570,1,48,1,1240,1,1,1,0,1,1650,1,4422,1,3498,1,0,0,227317,1,398013,1,930,1,930,1,0,1,120,1,2244,1,121,1,0,1,1,1,0,1,1,1,1,1,10,1,28,1,0,1,100,1,253,1,15924,1,0,1,0,1,1996,1,158796,1,8,1,8,1,0,1,121181,1,121,1,14173,1,6435,1,114109,1,13547,1,1,1,32,1,32,1
37,2177200,4510,9570,34.019604,,0,13,10,120,31710,8747,32583,2145490,16,251,150,1,30410,1,50,1,284575,1,372119,1,146060,1,1301474,1,10651,1,116281,1,12795,4,327881,4,83786,4,249505,4,470404,8,637898,120,49428,36,3026,1,26342,1,2705,1,0,0,0,0,0,0,0,0,313523,1,32655,1,8026,1,5551,1,23046,1,221159,1,34509,1,4489,1,6583,1,30831,1,71813,1,15468,1,267,1,9570,1,4510,1,15735,1,9570,1,48,1,1240,1,1,1,0,1,1651,1,4643,1,3276,1,0,0,230308,1,387321,1,920,1,920,1,0,1,120,1,2148,1,121,1,0,1,1,1,1,1,0,1,1,1,10,1,8,1,48,1,0,1,211,1,15468,1,0,1,0,1,2327,1,234168,1,8,1,8,1,0,1,116619,1,121,1,13481,1,3762,1,118228,1,13678,1,1,1,31,1,31,1
38,2052300,4408,9570,33.91435,,0,13,10,120,30996,8737,33234,2021304,16,251,40,1,26483,1,100,1,269174,1,353151,1,113435,1,1248860,1,10060,1,111421,1,12535,4,295657,4,83215,4,240057,4,465484,8,623119,120,49188,36,2996,1,26092,1,2665,1,0,0,0,0,0,0,0,0,294705,1,33346,1,7315,1,4890,1,21042,1,215658,1,27304,1,4378,1,5351,1,30140,1,69388,1,15140,1,253,1,9570,1,4408,1,15393,1,9570,1,48,1,1240,1,1,1,0,1,1667,1,4873,1,3030,1,0,0,231763,1,314952,1,895,1,895,1,0,1,120,1,2124,1,121,1,0,1,1,1,1,1,0,1,1,1,10,1,8,1,40,1,0,1,205,1,15140,1,0,1,0,1,2063,1,100155,1,8,1,8,1,0,1,102251,1,121,1,13811,1,429,1,113872,1,13860,1,1,1,31,1,31,1
39,2244700,4880,9570,33.806374,,0,14,11,132,32137,9419,36091,2212563,16,263,130,1,26883,1,80,1,266038,1,393932,1,130870,1,1384529,1,10100,1,124497,1,12745,4,328522,4,83947,4,267551,4,525193,8,699099,132,57554,36,3287,1,26673,1,2695,1,0,0,0,0,0,0,0,0,326609,1,38436,1,10832,1,4950,1,20962,1,212282,1,27565,1,4258,1,8066,1,35801,1,74057,1,16972,1,316,1,9570,1,4880,1,17288,1,9570,1,48,1,1240,1,1,1,0,1,1677,1,4489,1,3404,1,0,0,250844,1,423093,1,1015,1,1015,1,0,1,132,1,2376,1,133,1,0,1,1,1,0,1,1,1,1,1,11,1,12,1,0,1,100,1,204,1,16972,1,0,1,0,1,1997,1,211365,1,8,1,8,1,0,1,116220,1,133,1,12425,1,5709,1,123459,1,13942,1,1,1,32,1,32,1
40,2428700,4979,9570,33.69567,,0,14,11,132,34741,10351,39697,2393959,16,263,140,1,30911,1,60,1,291499,1,487323,1,151381,1,1420651,1,11994,1,133715,1,12936,4,349374,4,83867,4,267561,4,527407,8,698870,132,56402,36,3707,1,29068,1,2665,1,0,0,0,0,0,0,0,0,420570,1,37755,1,11423,1,5691,1,22675,1,227602,1,34829,1,4309,1,7826,1,34078,1,84819,1,16970,1,251,1,9570,1,4979,1,17221,1,9570,1,48,1,1240,1,1,1,0,1,1236,1,3941,1,4393,1,0,0,250694,1,468072,1,1027,1,1027,1,0,1,132,1,2484,1,133,1,0,1,1,1,1,1,0,1,1,1,11,1,16,1,55,1,0,1,180,1,16970,1,0,1,0,1,3977,1,130862,1,8,1,8,1,0,1,125728,1,133,1,13942,1,6402,1,120015,1,16517,1,1,1,32,1,32,1
41,2316200,4855,9570,33.58224,,0,14,11,132,31413,9769,35390,2284787,16,263,80,1,30340,1,30,1,277591,1,426236,1,144697,1,1395721,1,10090,1,121962,1,12425,4,325747,4,83345,4,275216,4,532397,8,706202,132,66021,36,3297,1,28817,1,2745,1,0,0,0,0,0,0,0,0,363261,1,36382,1,8256,1,5180,1,22445,1,217602,1,31913,1,4709,1,6433,1,33076,1,75460,1,16229,1,324,1,9570,1,4855,1,16553,1,9570,1,48,1,1240,1,1,1,0,1,1241,1,4196,1,4133,1,0,0,242131,1,467247,1,1004,1,1004,1,0,1,132,1,2364,1,133,1,0,1,0,1,1,1,1,1,1,1,11,1,0,1,36,1,79,1,209,1,16229,1,0,1,0,1,2558,1,67518,1,8,1,8,1,0,1,134006,1,133,1,14108,1,6765,1,115638,1,14206,1,1,1,32,1,32,1
42,2209400,4689,9570,33.466087,,0,15,10,120,31175,9098,33484,2178225,16,275,80,1,26533,1,30,1,268323,1,385996,1,123365,1,1363838,1,10060,1,114848,1,12385,4,315146,4,83235,4,268303,4,527708,8,669221,120,93305,60,3126,1,27354,1,2635,1,0,0,0,0,0,0,0,0,324755,1,35170,1,7565,1,4910,1,20421,1,214746,1,27925,1,3948,1,5771,1,32134,1,70781,1,15337,1,474,1,9570,1,4689,1,15811,1,9570,1,48,1,1240,1,1,1,0,1,1278,1,4489,1,3803,1,0,0,273753,1,406989,1,940,1,943,1,0,1,120,1,2244,1,121,1,0,1,2,1,0,1,1,1,2,1,10,1,22,1,0,1,69,1,383,1,15337,1,0,1,0,1,2327,1,726,1,8,1,8,1,0,1,108618,1,121,1,13844,1,1254,1,156622,1,726,1,1,1,32,1,32,1
43,2182400,4655,9570,33.34721,,0,14,10,120,31289,9059,32663,2151111,16,263,20,1,26763,1,40,1,265197,1,380285,1,123165,1,1345522,1,10120,1,117764,1,12274,4,311579,4,83175,4,261549,4,516987,8,657127,120,88746,48,3106,1,27284,1,2745,1,0,0,0,0,0,0,0,0,318994,1,34919,1,7525,1,4900,1,19419,1,213233,1,27374,1,4349,1,5601,1,32024,1,73606,1,15071,1,491,1,9570,1,4655,1,15562,1,9570,1,48,1,1240,1,1,1,0,1,1283,1,4672,1,3615,1,0,0,266326,1,410784,1,944,1,944,1,0,1,120,1,2172,1,121,1,0,1,1,1,0,1,1,1,2,1,10,1,20,1,0,1,77,1,394,1,15071,1,0,1,0,1,2129,1,180609,1,8,1,8,1,0,1,108915,1,121,1,13481,1,1617,1,156375,1,13794,1,1,1,31,1,31,1
44,2312700,5072,9570,33.22561,,0,14,12,144,30368,9700,36621,2282332,16,263,60,1,26362,1,40,1,264846,1,436857,1,138074,1,1405781,1,10310,1,125288,1,12445,4,340807,4,83386,4,274645,4,524141,8,727306,144,34859,24,3437,1,29228,1,2705,1,0,0,0,0,0,0,0,0,367550,1,39328,1,10481,1,4900,1,20641,1,210127,1,28837,1,4198,1,7595,1,36923,1,74147,1,17087,1,192,1,9570,1,5072,1,17279,1,9570,1,48,1,1240,1,1,1,0,1,1383,1,4323,1,3864,1,0,0,242580,1,452826,1,1075,1,1076,1,0,1,144,1,2472,1,145,1,0,1,0,1,1,1,0,1,1,1,12,1,0,1,40,1,0,1,152,1,17087,1,0,1,0,1,1634,1,58476,1,8,1,8,1,0,1,128461,1,145,1,13514,1,5544,1,108327,1,13695,1,1,1,32,1,32,1
45,2366300,5053,9570,33.10128,,0,14,12,144,31073,9529,36431,2335227,16,263,50,1,26272,1,40,1,267251,1,480554,1,135529,1,1415481,1,10050,1,132533,1,12595,4,341258,4,83606,4,276659,4,523339,8,731033,144,32535,24,3767,1,29539,1,2655,1,0,0,0,0,0,0,0,0,413341,1,39078,1,10621,1,4840,1,21312,1,213233,1,27475,1,3998,1,12385,1,34969,1,78837,1,17008,1,164,1,9570,1,5053,1,17172,1,9570,1,48,1,1240,1,1,1,0,1,907,1,3904,1,4759,1,0,0,247098,1,509025,1,1087,1,1088,1,0,1,144,1,2472,1,145,1,0,1,0,1,1,1,1,1,0,1,12,1,0,1,39,1,125,1,0,1,17008,1,0,1,0,1,2195,1,171369,1,8,1,8,1,0,1,131497,1,145,1,12854,1,3399,1,106579,1,13497,1,1,1,32,1,32,1
46,2317600,4767,9570,32.974224,,0,14,11,132,30754,9289,36210,2286846,16,263,160,1,26473,1,30,1,272621,1,427689,1,128034,1,1421728,1,10110,1,117563,1,12936,4,321258,4,86051,4,305893,4,533529,8,753493,132,49719,36,3236,1,29228,1,2745,1,0,0,0,0,0,0,0,0,364283,1,35801,1,8918,1,4870,1,20831,1,218855,1,27725,1,4429,1,5892,1,32505,1,72564,1,15752,1,224,1,9570,1,4767,1,15976,1,9570,1,48,1,1240,1,1,1,0,1,905,1,4118,1,4547,1,0,0,243046,1,593885,1,1003,1,1003,1,0,1,132,1,2316,1,133,1,0,1,1,1,1,1,0,1,1,1,11,1,8,1,62,1,0,1,154,1,15752,1,0,1,0,1,2624,1,134046,1,8,1,8,1,0,1,150073,1,133,1,12524,1,6072,1,113144,1,13629,1,1,1,32,1,32,1
47,2202700,4624,9570,32.844448,,0,14,11,132,31990,8978,34897,2170710,16,263,100,1,26903,1,50,1,278653,1,428691,1,124858,1,1301314,1,10140,1,117173,1,12695,4,310016,4,83877,4,255137,4,479101,8,668169,132,31171,36,3106,1,28567,1,2665,1,0,0,0,0,0,0,0,0,364484,1,36122,1,8747,1,5050,1,21232,1,223995,1,27996,1,4178,1,5621,1,31643,1,73396,1,15050,1,148,1,9570,1,4624,1,15198,1,9570,1,48,1,1240,1,1,1,0,1,967,1,4489,1,4114,1,0,0,231735,1,433125,1,991,1,991,1,0,1,132,1,2256,1,133,1,0,1,2,1,0,1,1,1,0,1,11,1,33,1,0,1,115,1,0,1,15050,1,0,1,0,1,1865,1,266838,1,8,1,8,1,0,1,111175,1,133,1,13547,1,2574,1,108377,1,15444,1,1,1,32,1,32,1
48,2313500,4898,9570,32.711945,,0,15,11,132,31839,9519,34476,2281661,16,275,110,1,26863,1,50,1,281499,1,427369,1,135669,1,1399980,1,10120,1,130339,1,12565,4,330456,4,83446,4,272722,4,526866,8,707638,132,57474,48,3357,1,28036,1,2675,1,0,0,0,0,0,0,0,0,358251,1,37013,1,10882,1,4940,1,21162,1,227482,1,27605,1,4459,1,7064,1,35811,1,80360,1,16050,1,317,1,9570,1,4898,1,16367,1,9570,1,48,1,1240,1,1,1,0,1,1098,1,4346,1,4126,1,0,0,244028,1,491799,1,1016,1,1016,1,0,1,132,1,2328,1,133,1,0,1,2,1,0,1,1,1,1,1,11,1,24,1,0,1,108,1,185,1,16050,1,0,1,0,1,1766,1,70389,1,8,1,8,1,0,1,136958,1,133,1,13910,1,5049,1,115506,1,13744,1,1,1,32,1,32,1
49,2369500,5015,9570,32.576717,,0,14,11,132,31327,9569,36542,2338173,16,263,10,1,25621,1,40,1,276018,1,480795,1,136391,1,1409168,1,10130,1,125920,1,12184,4,337540,4,83746,4,276740,4,528509,8,712215,132,56492,36,3377,1,28927,1,2655,1,0,0,0,0,0,0,0,0,410365,1,39418,1,12044,1,4930,1,21082,1,222111,1,27645,1,4128,1,7294,1,35090,1,77113,1,16568,1,267,1,9570,1,5015,1,16835,1,9570,1,48,1,1240,1,1,1,0,1,687,1,3941,1,4942,1,0,0,244271,1,454542,1,1040,1,1040,1,0,1,132,1,2472,1,133,1,0,1,1,1,1,1,0,1,1,1,11,1,6,1,60,1,0,1,201,1,16568,1,0,1,0,1,1733,1,261492,1,8,1,8,1,0,1,123743,1,133,1,13448,1,1155,1,115357,1,13084,1,1,1,32,1,32,1
50,2292500,4836,9570,32.438763,,0,13,11,132,29767,9158,34918,2262733,16,251,90,1,26563,1,30,1,273774,1,473961,1,132734,1,1345522,1,10060,1,121381,1,12835,4,324164,4,83866,4,262211,4,498921,8,695332,132,30881,24,3216,1,27134,1,2635,1,0,0,0,0,0,0,0,0,409403,1,36613,1,9198,1,4970,1,21292,1,219666,1,27585,1,4148,1,6002,1,33587,1,75440,1,16027,1,155,1,9570,1,4836,1,16182,1,9570,1,48,1,1240,1,1,1,0,1,662,1,4246,1,4662,1,0,0,229606,1,427383,1,1015,1,1016,1,0,1,132,1,2388,1,133,1,0,1,1,1,0,1,0,1,1,1,11,1,22,1,0,1,0,1,133,1,16027,1,0,1,0,1,2591,1,67683,1,8,1,8,1,0,1,115889,1,133,1,13002,1,5478,1,107304,1,13711,1,1,1,32,1,32,1
51,2249700,4704,9570,32.298084,,0,13,10,120,30533,9088,34016,2219167,16,251,10,1,25441,1,40,1,271008,1,439032,1,127704,1,1345632,1,10300,1,117353,1,12254,4,317791,4,83626,4,261219,4,511806,8,672146,120,66863,36,3126,1,26683,1,2685,1,0,0,0,0,0,0,0,0,375405,1,36202,1,8407,1,4950,1,21062,1,217041,1,27685,1,4449,1,5792,1,32234,1,72795,1,15237,1,316,1,9570,1,4704,1,15553,1,9570,1,48,1,1240,1,1,1,0,1,728,1,4510,1,4332,1,0,0,233693,1,409794,1,956,1,956,1,0,1,120,1,2268,1,121,1,0,1,1,1,1,1,0,1,1,1,10,1,12,1,60,1,0,1,244,1,15237,1,0,1,0,1,2294,1,60555,1,8,1,8,1,0,1,105850,1,121,1,13382,1,5511,1,117502,1,15757,1,1,1,32,1,32,1
52,2276200,4886,9570,32.154682,,0,14,11,132,29489,9368,36491,2246711,16,263,30,1,26463,1,30,1,268263,1,424733,1,134838,1,1382134,1,10220,1,123656,1,12455,4,330366,4,83987,4,269655,4,516356,8,710002,132,39518,36,6403,1,27204,1,2685,1,0,0,0,0,0,0,0,0,356408,1,37525,1,10230,1,4930,1,20942,1,214636,1,27424,1,4639,1,6473,1,35150,1,75169,1,16269,1,179,1,9570,1,4886,1,16448,1,9570,1,48,1,1240,1,1,1,0,1,978,1,4409,1,4183,1,0,0,232861,1,467181,1,1004,1,1004,1,0,1,132,1,2400,1,133,1,0,1,1,1,1,1,0,1,1,1,11,1,4,1,47,1,0,1,128,1,16269,1,0,1,0,1,2228,1,125136,1,8,1,8,1,0,1,131047,1,133,1,13943,1,3894,1,105424,1,13992,1,1,1,32,1,32,1
53,2355500,4850,9570,32.008553,,0,13,10,120,32778,9729,35459,2322722,16,251,90,1,26533,1,50,1,275547,1,452258,1,136772,1,1421102,1,10371,1,141431,1,12605,4,331679,4,84197,4,273683,4,532016,8,703298,120,66943,36,3317,1,29679,1,2765,1,0,0,0,0,0,0,0,0,384794,1,36683,1,11082,1,4900,1,20952,1,221881,1,27535,1,7745,1,6804,1,32895,1,91472,1,16018,1,321,1,9570,1,4850,1,16339,1,9570,1,48,1,1240,1,1,1,0,1,476,1,4174,1,4920,1,0,0,233313,1,495000,1,954,1,955,1,0,1,120,1,2400,1,121,1,0,1,1,1,0,1,1,1,1,1,10,1,6,1,0,1,78,1,237,1,16018,1,0,1,0,1,1799,1,60720,1,8,1,8,1,0,1,141928,1,121,1,14784,1,2871,1,116214,1,13068,1,1,1,32,1,32,1
54,2227800,4701,9570,31.8597,,0,12,10,120,30276,8898,33205,2197524,16,239,150,1,26823,1,20,1,276008,1,439843,1,128746,1,1315723,1,10210,1,116091,1,12395,4,316508,4,83376,4,253523,4,492869,8,666675,120,46512,24,3156,1,26262,1,2645,1,0,0,0,0,0,0,0,0,375546,1,36452,1,9178,1,5220,1,21172,1,221590,1,27655,1,4038,1,5621,1,32384,1,71873,1,15414,1,245,1,9570,1,4701,1,15659,1,9570,1,48,1,1240,1,1,1,0,1,484,1,4416,1,4670,1,0,0,233198,1,405504,1,944,1,944,1,0,1,120,1,2304,1,121,1,0,1,0,1,1,1,0,1,1,1,10,1,0,1,51,1,0,1,194,1,15414,1,0,1,0,1,2228,1,141405,1,8,1,8,1,0,1,114214,1,121,1,13217,1,1419,1,120306,1,13134,1,1,1,32,1,32,1
55,2270900,4656,9570,31.70812,,0,12,10,120,38337,9108,37091,2232563,16,239,70,1,31172,1,70,1,300487,1,452959,1,137373,1,1300332,1,10100,1,119808,1,13066,4,311098,4,79257,4,253974,4,480594,8,659602,120,37875,24,3176,1,27495,1,2755,1,0,0,0,0,0,0,0,0,386568,1,35190,1,10090,1,12615,1,23717,1,228985,1,34609,1,4519,1,5561,1,31663,1,75530,1,15219,1,176,1,9570,1,4656,1,15395,1,9570,1,48,1,1240,1,1,1,0,1,628,1,4573,1,4369,1,0,0,221496,1,361053,1,932,1,932,1,0,1,120,1,2280,1,121,1,0,1,1,1,0,1,0,1,1,1,10,1,24,1,0,1,0,1,152,1,15219,1,0,1,0,1,14966,1,144342,1,8,1,8,1,0,1,102650,1,121,1,13299,1,561,1,103324,1,17506,1,1,1,31,1,31,1
56,2252700,4755,9570,31.553818,,0,12,10,120,32266,9238,34366,2220434,16,239,150,1,30831,1,40,1,289094,1,432434,1,131712,1,1326023,1,10150,1,118986,1,13236,4,326278,4,83275,4,251940,4,489081,8,669291,120,37364,24,3347,1,27895,1,2745,1,0,0,0,0,0,0,0,0,364479,1,35511,1,12214,1,5260,1,22685,1,226640,1,34008,1,4248,1,6202,1,33076,1,73235,1,15858,1,186,1,9570,1,4755,1,16044,1,9570,1,48,1,1240,1,1,1,0,1,648,1,4398,1,4524,1,0,0,222507,1,401874,1,944,1,944,1,0,1,120,1,2340,1,121,1,0,1,1,1,0,1,0,1,1,1,10,1,22,1,0,1,0,1,164,1,15858,1,0,1,0,1,2722,1,63409,1,8,1,8,1,0,1,100083,1,121,1,13695,1,4521,1,104962,1,13530,1,1,1,32,1,32,1
57,2249700,4733,9570,31.39679,,0,14,10,120,31085,9088,32985,2218615,16,263,70,1,26523,1,40,1,275126,1,452458,1,129497,1,1324730,1,10170,1,117333,1,12274,4,318132,4,83486,4,252662,4,497688,8,672136,120,45230,48,3116,1,28226,1,2725,1,0,0,0,0,0,0,0,0,388973,1,34979,1,9830,1,5020,1,20821,1,221340,1,27675,1,4569,1,5992,1,32885,1,71662,1,15838,1,191,1,9570,1,4733,1,16029,1,9570,1,48,1,1240,1,1,1,0,1,431,1,4530,1,4609,1,0,0,229937,1,378576,1,932,1,932,1,0,1,120,1,2304,1,121,1,0,1,2,1,1,1,1,1,0,1,10,1,16,1,51,1,124,1,0,1,15838,1,0,1,0,1,1898,1,47223,1,8,1,8,1,0,1,92318,1,121,1,12755,1,3267,1,119301,1,17506,1,1,1,32,1,32,1
58,2204100,4658,9570,31.237036,,0,13,10,120,31666,8988,33274,2172434,16,251,60,1,25691,1,40,1,272742,1,450575,1,127864,1,1285412,1,10050,1,115509,1,12314,4,315687,4,83937,4,249014,4,467208,8,651956,120,30992,36,3156,1,26944,1,2655,1,0,0,0,0,0,0,0,0,385956,1,37124,1,9288,1,4870,1,20861,1,219326,1,27334,1,3978,1,5721,1,32164,1,71532,1,15576,1,134,1,9570,1,4658,1,15710,1,9570,1,48,1,1240,1,1,1,0,1,461,1,4594,1,4515,1,0,0,219598,1,368313,1,919,1,920,1,0,1,120,1,2304,1,121,1,0,1,2,1,0,1,1,1,0,1,10,1,31,1,0,1,103,1,0,1,15576,1,0,1,0,1,2360,1,118800,1,8,1,8,1,0,1,101127,1,121,1,13679,1,6105,1,107783,1,13711,1,1,1,32,1,32,1
59,2198700,4682,9570,31.074558,,0,14,10,120,30565,9078,32774,2168135,16,263,150,1,26352,1,30,1,270657,1,422138,1,126221,1,1312416,1,10170,1,116742,1,12645,4,315837,4,83746,4,254746,4,486426,8,667758,120,40640,48,3256,1,27234,1,2705,1,0,0,0,0,0,0,0,0,357460,1,34859,1,11713,1,4820,1,20551,1,217682,1,27324,1,4459,1,5741,1,32404,1,71963,1,15769,1,151,1,9570,1,4682,1,15920,1,9570,1,48,1,1240,1,1,1,0,1,528,1,4536,1,4506,1,0,0,222478,1,390654,1,920,1,920,1,0,1,120,1,2304,1,121,1,0,1,2,1,1,1,1,1,0,1,10,1,14,1,42,1,95,1,0,1,15769,1,0,1,0,1,2393,1,130185,1,8,1,8,1,0,1,100532,1,121,1,12854,1,2013,1,103873,1,13794,1,1,1,32,1,32,1
60,2175100,4642,9570,30.909355,,0,13,10,120,30912,9158,32461,2144188,16,251,150,1,26883,1,30,1,277010,1,421397,1,124798,1,1283849,1,10070,1,117573,1,12645,4,314585,4,83997,4,248033,4,464603,8,653321,120,26853,36,3166,1,27334,1,2755,1,0,0,0,0,0,0,0,0,360726,1,33787,1,9058,1,4880,1,20551,1,223584,1,27675,1,3828,1,5741,1,31903,1,73787,1,15871,1,121,1,9570,1,4642,1,15992,1,9570,1,48,1,1240,1,1,1,0,1,531,1,4677,1,4362,1,0,0,222130,1,379236,1,920,1,920,1,0,1,120,1,2316,1,121,1,0,1,2,1,0,1,1,1,0,1,10,1,35,1,0,1,86,1,0,1,15871,1,0,1,0,1,1634,1,495,1,8,1,8,1,0,1,95000,1,121,1,13415,1,330,1,108328,1,495,1,1,1,32,1,32,1
61,2149400,4557,9570,30.741426,,0,12,9,108,30032,8767,30770,2119368,16,239,40,1,26723,1,120,1,272291,1,417208,1,121742,1,1271154,1,10090,1,115820,1,12435,4,307150,4,83877,4,248443,4,462488,8,623770,108,56391,36,3046,1,26473,1,2655,1,0,0,0,0,0,0,0,0,356087,1,34458,1,9088,1,4880,1,21202,1,218293,1,27555,1,4238,1,5631,1,31693,1,72113,1,15392,1,289,1,9570,1,4557,1,15681,1,9570,1,48,1,1240,1,1,1,0,1,492,1,4791,1,4287,1,0,0,212803,1,366993,1,868,1,870,1,0,1,108,1,2244,1,109,1,0,1,1,1,0,1,1,1,1,1,9,1,16,1,0,1,68,1,205,1,15392,1,0,1,0,1,2063,1,141174,1,8,1,8,1,0,1,97698,1,109,1,13613,1,1518,1,109450,1,13893,1,1,1,32,1,32,1
62,2180100,4591,9570,30.570772,,0,12,9,108,32065,8848,31932,2148035,16,239,130,1,26733,1,40,1,271018,1,433751,1,122573,1,1283699,1,10090,1,118675,1,12074,4,308182,4,83175,4,253283,4,468059,8,644131,108,45279,36,3136,1,25621,1,2645,1,0,0,0,0,0,0,0,0,372019,1,35521,1,9329,1,4880,1,21072,1,217161,1,27595,1,4168,1,5681,1,31523,1,75069,1,15725,1,211,1,9570,1,4591,1,15936,1,9570,1,48,1,1240,1,1,1,0,1,546,1,4753,1,4271,1,0,0,217732,1,396231,1,860,1,860,1,0,1,108,1,2268,1,109,1,0,1,1,1,1,1,0,1,1,1,9,1,11,1,48,1,0,1,152,1,15725,1,0,1,0,1,2261,1,184965,1,8,1,8,1,0,1,106269,1,109,1,13646,1,4125,1,115110,1,13744,1,1,1,32,1,32,1
63,2192900,4578,9570,30.397394,,0,12,9,108,33863,9389,38915,2159037,16,239,150,1,30450,1,40,1,288032,1,410164,1,129076,1,1290993,1,10130,1,115719,1,12635,4,319474,4,84428,4,247111,4,462178,8,626586,108,43787,36,6132,1,31062,1,2866,1,0,0,0,0,0,0,0,0,348943,1,33396,1,8597,1,5050,1,22134,1,229065,1,31162,1,4268,1,5882,1,31452,1,71702,1,15738,1,184,1,9570,1,4578,1,15922,1,9570,1,48,1,1240,1,1,1,0,1,790,1,4814,1,3966,1,0,0,219039,1,363429,1,867,1,868,1,0,1,108,1,2292,1,109,1,0,1,2,1,0,1,0,1,1,1,9,1,30,1,0,1,0,1,154,1,15738,1,0,1,0,1,16120,1,75735,1,8,1,8,1,0,1,101183,1,109,1,16450,1,3927,1,110643,1,14801,1,1,1,32,1,32,1
64,2157800,4530,9570,30.22129,,0,11,9,108,32134,8818,31291,2125666,16,227,150,1,30661,1,50,1,284445,1,421392,1,133295,1,1245583,1,10090,1,116080,1,12755,4,318643,4,83977,4,234205,4,438350,8,615593,108,25671,24,3788,1,26222,1,2745,1,0,0,0,0,0,0,0,0,364549,1,32204,1,8106,1,5311,1,22475,1,225798,1,30440,1,4018,1,5942,1,31052,1,72775,1,15790,1,114,1,9570,1,4530,1,15904,1,9570,1,48,1,1240,1,1,1,0,1,456,1,4871,1,4243,1,0,0,211282,1,340065,1,860,1,860,1,0,1,108,1,2280,1,109,1,0,1,1,1,0,1,1,1,0,1,9,1,14,1,0,1,100,1,0,1,15790,1,0,1,0,1,2623,1,211843,1,8,1,8,1,0,1,93757,1,109,1,13035,1,9636,1,106429,1,13629,1,1,1,32,1,32,1
65,2179100,4530,9570,30.042463,,0,12,9,108,31005,9058,39608,2148095,16,239,70,1,30771,1,50,1,286288,1,437549,1,133756,1,1249231,1,10381,1,114417,1,12735,4,306719,4,79618,4,251369,4,443851,8,627817,108,27795,36,3036,1,25721,1,2705,1,0,0,0,0,0,0,0,0,377019,1,34499,1,9028,1,5270,1,22064,1,228023,1,30370,1,4499,1,5992,1,30961,1,70660,1,15935,1,102,1,9570,1,4530,1,16037,1,9570,1,48,1,1240,1,1,1,0,1,423,1,4887,1,4260,1,0,0,230282,1,337260,1,848,1,848,1,0,1,108,1,2280,1,109,1,0,1,2,1,0,1,1,1,0,1,9,1,26,1,0,1,76,1,0,1,15935,1,0,1,0,1,13695,1,54846,1,8,1,8,1,0,1,97896,1,109,1,13695,1,6435,1,103886,1,13018,1,1,1,32,1,32,1
66,2205600,4531,9570,29.860909,,0,13,9,108,32159,9158,33776,2173441,16,251,40,1,30631,1,60,1,283132,1,383091,1,138325,1,1327771,1,10391,1,113706,1,12395,4,347330,4,83466,4,269791,4,448881,8,649005,108,35891,48,4880,1,34529,1,3637,1,0,0,0,0,0,0,0,0,321979,1,35030,1,8457,1,5220,1,21853,1,223724,1,32064,1,4248,1,5491,1,31372,1,70249,1,15882,1,146,1,9570,1,4531,1,16028,1,9570,1,48,1,1240,1,1,1,0,1,993,1,4914,1,3663,1,0,0,215925,1,377206,1,848,1,848,1,0,1,108,1,2292,1,109,1,0,1,3,1,0,1,1,1,0,1,9,1,40,1,0,1,106,1,0,1,15882,1,0,1,0,1,2161,1,62139,1,8,1,8,1,0,1,97409,1,109,1,13579,1,2871,1,103886,1,13052,1,1,1,32,1,32,1
67,2112800,4532,9570,29.67663,,0,11,9,108,31828,8487,31190,2080972,16,227,110,1,26352,1,50,1,292481,1,407199,1,119227,1,1225584,1,9970,1,113325,1,12705,4,303222,4,83386,4,236880,4,437088,8,619993,108,22785,24,3046,1,24709,1,2735,1,0,0,0,0,0,0,0,0,347260,1,35691,1,7876,1,5641,1,22575,1,228514,1,35400,1,3447,1,6042,1,30531,1,71071,1,16039,1,83,1,9570,1,4532,1,16122,1,9570,1,48,1,1240,1,1,1,0,1,738,1,4945,1,3887,1,0,0,214104,1,339174,1,836,1,836,1,0,1,108,1,2280,1,109,1,0,1,1,1,0,1,1,1,0,1,9,1,15,1,0,1,68,1,0,1,16039,1,0,1,0,1,4571,1,825,1,8,1,8,1,0,1,97025,1,109,1,13910,1,9009,1,109434,1,825,1,1,1,32,1,32,1
68,2088000,4513,9570,29.489626,,0,12,9,108,31587,8437,31670,2056413,16,239,40,1,26753,1,110,1,273162,1,408170,1,118796,1,1219261,1,10120,1,112744,1,12465,4,303302,4,83676,4,233604,4,433300,8,611697,108,23537,36,3447,1,25641,1,2645,1,0,0,0,0,0,0,0,0,351758,1,32495,1,7735,1,4830,1,21012,1,219326,1,27635,1,4038,1,5561,1,31092,1,69899,1,16045,1,83,1,9570,1,4513,1,16128,1,9570,1,48,1,1240,1,1,1,0,1,742,1,4946,1,3882,1,0,0,207127,1,315513,1,836,1,836,1,0,1,108,1,2280,1,109,1,0,1,2,1,0,1,1,1,0,1,9,1,17,1,0,1,66,1,0,1,16045,1,0,1,0,1,2261,1,139986,1,8,1,8,1,0,1,84379,1,109,1,13910,1,2739,1,108592,1,14701,1,1,1,32,1,32,1
69,2087000,4475,9570,29.299898,,0,12,9,108,31659,8958,34396,2055341,16,239,50,1,30931,1,70,1,284395,1,368572,1,129076,1,1232147,1,10100,1,114046,1,12856,4,310837,4,78977,4,236930,4,438090,8,622097,108,18527,36,3016,1,25731,1,2705,1,0,0,0,0,0,0,0,0,310296,1,34549,1,7154,1,5210,1,22625,1,225398,1,30701,1,4659,1,5892,1,30691,1,70500,1,15993,1,57,1,9570,1,4475,1,16050,1,9570,1,48,1,1240,1,1,1,0,1,1132,1,4983,1,3455,1,0,0,205851,1,290895,1,824,1,824,1,0,1,108,1,2280,1,109,1,0,1,2,1,1,1,0,1,0,1,9,1,14,1,43,1,0,1,0,1,15993,1,0,1,0,1,14009,1,20163,1,8,1,8,1,0,1,85178,1,109,1,13332,1,6765,1,104298,1,1848,1,1,1,32,1,32,1
70,2133400,4477,9570,29.107445,,0,11,9,108,31962,8637,30922,2101438,16,227,60,1,31062,1,40,1,285497,1,374669,1,136421,1,1263529,1,10160,1,116341,1,12825,4,346177,4,83285,4,230197,4,431067,8,614841,108,15501,24,4379,1,27945,1,2675,1,0,0,0,0,0,0,0,0,317295,1,33326,1,7545,1,5260,1,22625,1,223995,1,33196,1,4499,1,6192,1,30771,1,72504,1,16049,1,60,1,9570,1,4477,1,16109,1,9570,1,48,1,1240,1,1,1,0,1,1091,1,5012,1,3467,1,0,0,211255,1,328119,1,836,1,836,1,0,1,108,1,2292,1,109,1,0,1,1,1,1,1,0,1,0,1,9,1,19,1,41,1,0,1,0,1,16049,1,0,1,0,1,1996,1,79810,1,8,1,8,1,0,1,90670,1,109,1,13283,1,3927,1,106662,1,15835,1,1,1,32,1,32,1
71,2063000,4474,9569,28.912266,,0,12,9,108,30765,8707,30951,2032235,16,239,150,1,27304,1,30,1,277932,1,381207,1,117614,1,1217898,1,10100,1,113605,1,12004,4,301649,4,83806,4,233133,4,433922,8,617728,108,18376,36,3006,1,25390,1,2675,1,0,0,0,0,0,0,0,0,323162,1,34819,1,7104,1,5040,1,21102,1,223774,1,27675,1,4128,1,5521,1,31202,1,70600,1,16078,1,45,1,9569,1,4474,1,16123,1,9569,1,48,1,1240,1,1,1,0,1,1032,1,5017,1,3520,1,0,0,210670,1,331650,1,824,1,824,1,0,1,108,1,2280,1,109,1,0,1,3,1,0,1,0,1,0,1,9,1,45,1,0,1,0,1,0,1,16078,1,0,1,0,1,1997,1,90189,1,8,1,8,1,0,1,86330,1,109,1,13019,1,1089,1,109911,1,12589,1,1,1,32,1,32,1
72,2047100,4455,9569,28.714361,,0,11,8,96,30005,8417,30310,2017095,16,227,50,1,27084,1,30,1,281258,1,358141,1,115179,1,1225173,1,10180,1,109137,1,11964,4,299575,4,83275,4,236309,4,444593,8,592837,96,57755,36,3016,1,26252,1,2635,1,0,0,0,0,0,0,0,0,302511,1,33507,1,6393,1,4890,1,20881,1,227602,1,27585,1,3798,1,5521,1,30511,1,67223,1,15819,1,274,1,9569,1,4455,1,16093,1,9569,1,48,1,1240,1,1,1,0,1,1357,1,5028,1,3184,1,0,0,211758,1,344982,1,776,1,776,1,0,1,96,1,2232,1,97,1,0,1,2,1,0,1,0,1,1,1,8,1,39,1,0,1,0,1,235,1,15819,1,0,1,0,1,2921,1,52602,1,8,1,8,1,0,1,89978,1,97,1,13844,1,5412,1,114648,1,12969,1,1,1,32,1,32,1
73,2091500,4472,9569,28.745037,,0,10,9,108,32211,9108,35088,2059289,16,215,140,1,30661,1,60,1,295888,1,362881,1,123796,1,1235624,1,10240,1,110158,1,12555,4,318292,4,90329,4,234345,4,429463,8,619391,108,9329,12,3086,1,25561,1,2725,1,0,0,0,0,0,0,0,0,301138,1,34769,1,6914,1,5341,1,22234,1,234325,1,33406,1,3988,1,5681,1,30881,1,67234,1,16090,1,28,1,9569,1,4472,1,16118,1,9569,1,48,1,1240,1,1,1,0,1,1529,1,5048,1,2992,1,0,0,212307,1,317592,1,824,1,824,1,0,1,108,1,2268,1,109,1,0,1,1,1,0,1,0,1,0,1,9,1,28,1,0,1,0,1,0,1,16090,1,0,1,0,1,2706,1,163449,1,8,1,8,1,0,1,88063,1,109,1,12754,1,264,1,102444,1,15213,1,1,1,32,1,32,1
74,2081400,4465,9569,28.771923,,0,11,9,108,31204,8606,30870,2050196,16,227,80,1,29489,1,30,1,292210,1,356643,1,127954,1,1233680,1,10110,1,113566,1,12585,4,325677,4,82965,4,227281,4,432950,8,621506,108,7856,24,3477,1,23938,1,2635,1,0,0,0,0,0,0,0,0,299059,1,34478,1,6753,1,5270,1,21693,1,231660,1,33186,1,4399,1,5962,1,30791,1,70089,1,16127,1,20,1,9569,1,4465,1,16147,1,9569,1,48,1,1240,1,1,1,0,1,1414,1,5039,1,3116,1,0,0,214420,1,347919,1,824,1,824,1,0,1,108,1,2280,1,109,1,0,1,2,1,0,1,0,1,0,1,9,1,20,1,0,1,0,1,0,1,16127,1,0,1,0,1,1930,1,171814,1,8,1,8,1,0,1,93723,1,109,1,13943,1,1815,1,109796,1,14371,1,1,1,32,1,32,1
75,2018600,4458,9569,28.794498,,0,10,8,96,30903,8737,29387,1987697,16,215,40,1,26984,1,40,1,280607,1,338642,1,113465,1,1217848,1,10070,1,111862,1,11683,4,297982,4,83125,4,234606,4,438020,8,590263,96,52975,24,2946,1,26262,1,2625,1,0,0,0,0,0,0,0,0,282311,1,32945,1,6763,1,4940,1,20521,1,227552,1,27274,1,3908,1,5451,1,30210,1,70239,1,15880,1,260,1,9569,1,4458,1,16140,1,9569,1,48,1,1240,1,1,1,0,1,1818,1,5045,1,2706,1,0,0,203291,1,321849,1,776,1,776,1,0,1,96,1,2220,1,97,1,0,1,1,1,0,1,0,1,1,1,8,1,17,1,0,1,0,1,243,1,15880,1,0,1,0,1,2096,1,141207,1,8,1,8,1,0,1,85907,1,97,1,13382,1,5643,1,113625,1,13134,1,1,1,32,1,32,1
76,1988800,4464,9569,28.81284,,0,11,9,108,29870,8557,31431,1958930,16,227,140,1,27204,1,30,1,276970,1,318653,1,114517,1,1211245,1,10170,1,111040,1,12505,4,300787,4,83786,4,233594,4,429423,8,623520,108,8066,24,2936,1,25931,1,2685,1,0,0,0,0,0,0,0,0,262411,1,33256,1,6673,1,4890,1,21192,1,223053,1,27555,1,3717,1,5501,1,30771,1,68967,1,16101,1,29,1,9569,1,4464,1,16130,1,9569,1,48,1,1240,1,1,1,0,1,2040,1,5040,1,2489,1,0,0,211627,1,353826,1,824,1,824,1,0,1,108,1,2280,1,109,1,0,1,2,1,0,1,0,1,0,1,9,1,29,1,0,1,0,1,0,1,16101,1,0,1,0,1,2261,1,64251,1,8,1,8,1,0,1,108640,1,109,1,13481,1,3762,1,104763,1,13183,1,1,1,32,1,32,1
77,1994300,4463,9569,28.827902,,0,11,8,96,28877,8537,30149,1965423,16,227,130,1,27344,1,30,1,272221,1,302741,1,113656,1,1238970,1,10331,1,110780,1,12455,4,302811,4,83265,4,238013,4,452439,8,602408,96,57895,36,2966,1,25050,1,2655,1,0,0,0,0,0,0,0,0,246289,1,33767,1,6172,1,4870,1,20651,1,218544,1,27875,1,4349,1,5521,1,30771,1,68135,1,15876,1,269,1,9569,1,4463,1,16145,1,9569,1,48,1,1240,1,1,1,0,1,1976,1,5042,1,2551,1,0,0,203046,1,353232,1,776,1,776,1,0,1,96,1,2208,1,97,1,0,1,2,1,0,1,0,1,1,1,8,1,25,1,0,1,0,1,244,1,15876,1,0,1,0,1,1865,1,9603,1,8,1,8,1,0,1,96397,1,97,1,12722,1,6072,1,106695,1,3135,1,1,1,32,1,32,1
78,1996600,4462,9568,28.840885,,0,10,8,96,31819,8617,29627,1964781,16,215,30,1,26753,1,30,1,270227,1,320426,1,114077,1,1223099,1,10140,1,111211,1,11994,4,300467,4,83225,4,234506,4,441356,8,593781,96,52454,24,2926,1,26112,1,2685,1,0,0,0,0,0,0,0,0,265798,1,31763,1,6142,1,4880,1,20831,1,217071,1,27184,1,3527,1,5571,1,30661,1,69398,1,15886,1,247,1,9568,1,4462,1,16133,1,9568,1,48,1,1240,1,1,1,0,1,2088,1,5045,1,2435,1,0,0,212915,1,329175,1,776,1,776,1,0,1,96,1,2220,1,97,1,0,1,1,1,0,1,0,1,1,1,8,1,5,1,0,1,0,1,242,1,15886,1,0,1,0,1,1766,1,169554,1,8,1,8,1,0,1,83479,1,97,1,13316,1,2046,1,115357,1,13117,1,1,1,32,1,32,1
79,1992300,4456,9567,28.852116,,0,10,8,96,30815,8647,31441,1961485,16,215,20,1,26763,1,40,1,268734,1,312501,1,113916,1,1229401,1,10110,1,109968,1,12024,4,300346,4,83456,4,236971,4,446467,8,602347,96,49649,24,2956,1,25921,1,2645,1,0,0,0,0,0,0,0,0,257581,1,33126,1,5601,1,4870,1,20471,1,215849,1,27254,1,3477,1,5431,1,30681,1,68266,1,15903,1,229,1,9567,1,4456,1,16132,1,9567,1,48,1,1240,1,1,1,0,1,2176,1,5044,1,2347,1,0,0,215080,1,318318,1,776,1,776,1,0,1,96,1,2304,1,97,1,0,1,1,1,0,1,0,1,1,1,8,1,5,1,0,1,0,1,224,1,15903,1,0,1,0,1,2096,1,130416,1,8,1,8,1,0,1,91614,1,97,1,14372,1,2871,1,121280,1,13992,1,1,1,32,1,32,1
80,1995700,4458,9567,28.861916,,0,10,8,96,29836,8597,29508,1965864,16,215,10,1,27114,1,30,1,270768,1,318412,1,113245,1,1226055,1,10230,1,110800,1,12405,4,300386,4,83225,4,236920,4,442238,8,596165,96,53486,24,3036,1,25791,1,2655,1,0,0,0,0,0,0,0,0,261419,1,34488,1,6032,1,4940,1,21122,1,216740,1,27705,1,3747,1,5421,1,30761,1,68777,1,15901,1,247,1,9567,1,4458,1,16148,1,9567,1,48,1,1240,1,1,1,0,1,2147,1,5041,1,2379,1,0,0,211211,1,325215,1,776,1,776,1,0,1,96,1,2220,1,97,1,0,1,1,1,0,1,0,1,1,1,8,1,9,1,0,1,0,1,238,1,15901,1,0,1,0,1,2294,1,71709,1,8,1,8,1,0,1,93592,1,97,1,13712,1,2574,1,117123,1,13002,1,1,1,32,1,32,1
81,2004000,4462,9566,28.87016,,0,10,8,96,30060,8717,29637,1973940,16,215,20,1,25591,1,30,1,269505,1,322090,1,113816,1,1232728,1,10160,1,111040,1,11833,4,301198,4,83065,4,239255,4,445575,8,601877,96,53316,24,3026,1,26372,1,2645,1,0,0,0,0,0,0,0,0,264205,1,34749,1,6182,1,4900,1,20881,1,215879,1,27505,1,3647,1,5651,1,30581,1,69077,1,15936,1,262,1,9566,1,4462,1,16198,1,9566,1,48,1,1240,1,1,1,0,1,2160,1,5037,1,2369,1,0,0,203987,1,373494,1,776,1,776,1,0,1,96,1,2232,1,97,1,0,1,1,1,0,1,0,1,1,1,8,1,17,1,0,1,0,1,245,1,15936,1,0,1,0,1,2657,1,57783,1,8,1,8,1,0,1,92434,1,97,1,12491,1,5643,1,108427,1,12556,1,1,1,32,1,32,1
82,2160700,4462,9566,28.877672,,0,10,8,96,31442,9388,34406,2129258,16,215,120,1,27515,1,60,1,291058,1,358682,1,113586,1,1327466,1,10771,1,118135,1,12595,4,301388,4,86001,4,261319,4,495324,8,664913,96,57324,24,6142,1,34258,1,2916,1,0,0,0,0,0,0,0,0,299294,1,35931,1,6242,1,5301,1,22775,1,230357,1,32234,1,3236,1,5741,1,29899,1,77173,1,15986,1,244,1,9566,1,4462,1,16230,1,9566,1,48,1,1240,1,1,1,0,1,2292,1,5037,1,2237,1,0,0,217880,1,347424,1,775,1,775,1,0,1,96,1,2220,1,97,1,0,1,1,1,0,1,0,1,1,1,8,1,10,1,0,1,0,1,234,1,15986,1,0,1,0,1,2855,1,215523,1,8,1,8,1,0,1,92505,1,97,1,14306,1,1254,1,120224,1,16714,1,1,1,32,1,32,1
83,2147500,4464,9566,28.884876,,0,10,8,96,31669,9359,34356,2115831,16,215,140,1,26813,1,120,1,282741,1,331699,1,113976,1,1349690,1,10651,1,129417,1,12154,4,301038,4,86031,4,260547,4,506907,8,674221,96,58877,24,5982,1,35410,1,2846,1,0,0,0,0,0,0,0,0,270016,1,38607,1,5751,1,5491,1,22194,1,225448,1,28958,1,3487,1,5661,1,30821,1,86883,1,15984,1,257,1,9566,1,4464,1,16241,1,9566,1,48,1,1240,1,1,1,0,1,2369,1,5039,1,2158,1,0,0,244573,1,401379,1,776,1,776,1,0,1,96,1,2232,1,97,1,0,1,1,1,0,1,0,1,1,1,8,1,11,1,0,1,0,1,246,1,15984,1,0,1,0,1,2030,1,63525,1,8,1,8,1,0,1,116232,1,97,1,14009,1,3894,1,144579,1,13447,1,1,1,31,1,31,1
84,2101100,4460,9566,28.891674,,0,10,9,108,32903,9499,32454,2068197,16,215,361,1,27455,1,60,1,277772,1,368852,1,115309,1,1268248,1,10140,1,130679,1,12595,4,301258,4,83696,4,240618,4,449022,8,651996,108,5190,12,2986,1,35240,1,2655,1,0,0,0,0,0,0,0,0,306769,1,38577,1,6152,1,4940,1,22455,1,221871,1,28066,1,3818,1,5571,1,30320,1,88195,1,16227,1,14,1,9566,1,4460,1,16241,1,9566,1,48,1,1240,1,1,1,0,1,2381,1,5040,1,2145,1,0,0,218124,1,400587,1,804,1,804,1,0,1,108,1,2268,1,109,1,0,1,1,1,0,1,0,1,0,1,9,1,14,1,0,1,0,1,0,1,16227,1,0,1,0,1,4637,1,85833,1,8,1,8,1,0,1,114293,1,109,1,13992,1,1023,1,113671,1,14520,1,1,1,32,1,32,1
85,1986500,4454,9564,28.89812,,0,10,8,96,34113,8757,29958,1952387,16,215,40,1,27174,1,30,1,272311,1,300066,1,113906,1,1228640,1,10220,1,112774,1,11653,4,300336,4,83185,4,235407,4,442739,8,595724,96,52464,24,2946,1,28136,1,2705,1,0,0,0,0,0,0,0,0,243183,1,33767,1,5721,1,5371,1,21392,1,216931,1,28036,1,4138,1,5471,1,30491,1,70580,1,15993,1,251,1,9564,1,4454,1,16244,1,9564,1,48,1,1240,1,1,1,0,1,2509,1,5047,1,2008,1,0,0,209383,1,320529,1,776,1,776,1,0,1,96,1,2220,1,97,1,0,1,1,1,0,1,0,1,1,1,8,1,7,1,0,1,0,1,244,1,15993,1,0,1,0,1,2459,1,82500,1,8,1,8,1,0,1,85488,1,97,1,13580,1,1287,1,116050,1,15790,1,1,1,32,1,32,1
86,1980000,4452,9563,28.90361,,0,10,8,96,32202,8617,29799,1947798,16,215,40,1,27695,1,50,1,279465,1,292421,1,112854,1,1224972,1,10300,1,109567,1,11723,4,299615,4,83035,4,243483,4,438551,8,598750,96,53486,24,3046,1,24669,1,2665,1,0,0,0,0,0,0,0,0,235799,1,33998,1,5501,1,5000,1,21653,1,225137,1,27434,1,3767,1,5431,1,31082,1,67183,1,15967,1,256,1,9563,1,4452,1,16223,1,9563,1,48,1,1240,1,1,1,0,1,2540,1,5048,1,1975,1,0,0,207356,1,319902,1,776,1,776,1,0,1,96,1,2220,1,97,1,0,1,1,1,0,1,0,1,1,1,8,1,11,1,0,1,0,1,245,1,15967,1,0,1,0,1,2261,1,660,1,8,1,8,1,0,1,89370,1,97,1,13382,1,6138,1,115819,1,660,1,1,1,32,1,32,1
87,1969800,4461,9563,28.9092,,0,10,9,108,30469,8667,32102,1939331,16,215,110,1,26994,1,40,1,273764,1,301288,1,113636,1,1213199,1,10300,1,111531,1,12485,4,300246,4,83536,4,226229,4,435124,8,623831,108,5421,12,5631,1,26974,1,2776,1,0,0,0,0,0,0,0,0,244495,1,33156,1,6092,1,4910,1,20390,1,220317,1,27825,1,3667,1,5611,1,30761,1,69518,1,16229,1,11,1,9563,1,4461,1,16240,1,9563,1,48,1,1240,1,1,1,0,1,2602,1,5044,1,1917,1,0,0,216579,1,328020,1,811,1,812,1,0,1,108,1,2256,1,109,1,0,1,1,1,0,1,0,1,0,1,9,1,11,1,0,1,0,1,0,1,16229,1,0,1,0,1,2360,1,99627,1,8,1,8,1,0,1,86512,1,109,1,13547,1,5907,1,109713,1,15048,1,1,1,32,1,32,1
88,1961600,4461,9561,28.91393,,0,10,8,96,30996,8527,29999,1930604,16,215,60,1,27194,1,20,1,273573,1,288152,1,113535,1,1217888,1,10180,1,110219,1,11613,4,300366,4,82855,4,232211,4,439994,8,590213,96,51993,24,3026,1,26372,1,2705,1,0,0,0,0,0,0,0,0,230398,1,34348,1,6052,1,4950,1,20701,1,220267,1,27374,1,3537,1,5491,1,30751,1,68276,1,15969,1,254,1,9561,1,4461,1,16223,1,9561,1,48,1,1240,1,1,1,0,1,2681,1,5038,1,1842,1,0,0,202813,1,279081,1,776,1,776,1,0,1,96,1,2232,1,97,1,0,1,1,1,0,1,0,1,1,1,8,1,11,1,0,1,0,1,243,1,15969,1,0,1,0,1,1766,1,136290,1,8,1,8,1,0,1,80939,1,97,1,12491,1,957,1,110654,1,13662,1,1,1,32,1,32,1
89,2021700,4461,9561,28.918192,,0,10,8,96,32560,16122,29678,1989140,16,215,70,1,26964,1,20,1,273964,1,297551,1,113856,1,1266495,1,10220,1,144056,1,11713,4,300727,4,82624,4,237131,4,442409,8,603360,96,46502,24,3086,1,25931,1,2695,1,0,0,0,0,0,0,0,0,239405,1,34228,1,6272,1,4930,1,21142,1,219887,1,27715,1,5751,1,7014,1,41793,1,86301,1,16008,1,228,1,9561,1,4461,1,16236,1,9561,1,48,1,1240,1,1,1,0,1,2764,1,5039,1,1758,1,0,0,213756,1,381018,1,776,1,776,1,0,1,96,1,2232,1,97,1,0,1,1,1,0,1,0,1,1,1,8,1,9,1,0,1,0,1,219,1,16008,1,0,1,0,1,1799,1,51117,1,8,1,8,1,0,1,109943,1,97,1,14603,1,1881,1,117304,1,13035,1,1,1,32,1,32,1
90,1949700,4460,9560,28.922281,,0,10,8,96,30509,8717,29788,1919191,16,215,120,1,26753,1,40,1,278022,1,272862,1,113515,1,1217668,1,10210,1,111662,1,11743,4,300437,4,82885,4,235067,4,436146,8,594852,96,46572,24,3056,1,25270,1,2685,1,0,0,0,0,0,0,0,0,217332,1,32665,1,5541,1,4970,1,21162,1,223223,1,27735,1,3818,1,5872,1,30941,1,69027,1,15993,1,235,1,9560,1,4460,1,16228,1,9560,1,48,1,1240,1,1,1,0,1,2878,1,5039,1,1643,1,0,0,206477,1,269049,1,776,1,776,1,0,1,96,1,2232,1,97,1,0,1,1,1,0,1,0,1,1,1,8,1,8,1,0,1,0,1,227,1,15993,1,0,1,0,1,1964,1,8844,1,8,1,8,1,0,1,79535,1,97,1,13877,1,429,1,117304,1,643,1,1,1,32,1,32,1
91,1958900,4461,9557,28.926441,,0,10,8,96,30000,8617,29517,1928900,16,215,40,1,27034,1,40,1,278062,1,288302,1,112463,1,1212798,1,10160,1,111541,1,11894,4,300407,4,82664,4,231019,4,435615,8,590364,96,46753,24,2976,1,25400,1,2665,1,0,0,0,0,0,0,0,0,231379,1,33436,1,5812,1,4920,1,20942,1,223694,1,28266,1,3357,1,5521,1,30671,1,69989,1,15989,1,231,1,9557,1,4461,1,16220,1,9557,1,48,1,1240,1,1,1,0,1,2930,1,5037,1,1590,1,0,0,208888,1,297990,1,776,1,776,1,0,1,96,1,2232,1,97,1,0,1,1,1,0,1,0,1,1,1,8,1,8,1,0,1,0,1,223,1,15989,1,0,1,0,1,2063,1,111804,1,8,1,8,1,0,1,79881,1,97,1,13118,1,396,1,115192,1,13513,1,1,1,31,1,31,1
92,1962200,4462,9557,28.930197,,0,10,8,96,30374,8637,29997,1931826,16,215,50,1,27184,1,40,1,275647,1,277902,1,113505,1,1227327,1,10170,1,109698,1,12114,4,301268,4,82634,4,238995,4,442098,8,599122,96,51973,24,3026,1,26192,1,2665,1,0,0,0,0,0,0,0,0,220808,1,33587,1,5601,1,4910,1,20962,1,221480,1,28006,1,3627,1,5661,1,31122,1,67163,1,15947,1,259,1,9557,1,4462,1,16206,1,9557,1,48,1,1240,1,1,1,0,1,3016,1,5038,1,1503,1,0,0,214086,1,339537,1,776,1,776,1,0,1,96,1,2232,1,97,1,0,1,1,1,0,1,0,1,1,1,8,1,14,1,0,1,0,1,245,1,15947,1,0,1,0,1,2261,1,62535,1,8,1,8,1,0,1,90686,1,97,1,13910,1,1056,1,115885,1,14734,1,1,1,32,1,32,1
93,2015600,4459,9555,28.933605,,0,11,8,96,32893,9018,33195,1982707,16,227,40,1,31202,1,60,1,285437,1,278443,1,133796,1,1243509,1,10220,1,119447,1,11753,4,299224,4,78426,4,239586,4,455394,8,601806,96,59979,36,3036,1,24970,1,2655,1,0,0,0,0,0,0,0,0,219245,1,34719,1,5892,1,5250,1,22114,1,225488,1,32234,1,4409,1,5581,1,30561,1,72764,1,15940,1,262,1,9555,1,4459,1,16202,1,9555,1,48,1,1240,1,1,1,0,1,3066,1,5038,1,1451,1,0,0,209597,1,265089,1,776,1,776,1,0,1,96,1,2232,1,97,1,0,1,2,1,0,1,0,1,1,1,8,1,17,1,0,1,0,1,245,1,15940,1,0,1,0,1,2772,1,79398,1,8,1,8,1,0,1,80179,1,97,1,13002,1,3960,1,113537,1,16467,1,1,1,32,1,32,1
94,2048100,4455,9554,28.936785,,0,11,8,96,34276,9038,31320,2013824,16,227,120,1,30921,1,50,1,291669,1,260437,1,121121,1,1299084,1,10421,1,109818,1,12194,4,330466,4,82985,4,236439,4,479016,8,632473,96,51663,36,4539,1,31172,1,3417,1,0,0,0,0,0,0,0,0,202212,1,33587,1,5922,1,5391,1,25210,1,228193,1,32274,1,3447,1,5611,1,30501,1,67785,1,15986,1,238,1,9554,1,4455,1,16224,1,9554,1,48,1,1240,1,1,1,0,1,3200,1,5040,1,1314,1,0,0,209055,1,398920,1,775,1,775,1,0,1,96,1,2232,1,97,1,0,1,2,1,0,1,0,1,1,1,8,1,14,1,0,1,0,1,224,1,15986,1,0,1,0,1,2194,1,50358,1,8,1,8,1,0,1,99996,1,97,1,13711,1,6072,1,117071,1,17705,1,1,1,32,1,32,1
95,1944500,4464,9554,28.939753,,0,11,8,96,31171,8797,29709,1913329,16,227,70,1,26944,1,30,1,285958,1,255357,1,113646,1,1221195,1,10130,1,109748,1,11683,4,299655,4,82754,4,237211,4,439833,8,591345,96,55991,36,2886,1,25992,1,2635,1,0,0,0,0,0,0,0,0,199336,1,32785,1,5822,1,5230,1,21964,1,226159,1,32294,1,3116,1,5621,1,30691,1,68246,1,15994,1,266,1,9554,1,4464,1,16260,1,9554,1,48,1,1240,1,1,1,0,1,3227,1,5034,1,1293,1,0,0,211840,1,307626,1,776,1,776,1,0,1,96,1,2232,1,97,1,0,1,2,1,0,1,0,1,1,1,8,1,11,1,0,1,0,1,255,1,15994,1,0,1,0,1,1931,1,59994,1,8,1,8,1,0,1,83377,1,97,1,13712,1,6138,1,115984,1,13942,1,1,1,32,1,32,1
96,1945900,4454,9554,28.942532,,0,11,8,96,33964,8637,29428,1911936,16,227,110,1,27555,1,40,1,272581,1,260147,1,112834,1,1225443,1,13226,1,112173,1,12314,4,300837,4,83025,4,235738,4,440565,8,595984,96,50891,36,3086,1,26322,1,2745,1,0,0,0,0,0,0,0,0,202352,1,34869,1,5301,1,4870,1,20721,1,219015,1,27675,1,3517,1,5441,1,30721,1,70370,1,16034,1,229,1,9554,1,4454,1,16263,1,9554,1,48,1,1240,1,1,1,0,1,3322,1,5033,1,1199,1,0,0,202898,1,330264,1,776,1,776,1,0,1,96,1,2232,1,97,1,0,1,2,1,0,1,0,1,1,1,8,1,11,1,0,1,0,1,218,1,16034,1,0,1,0,1,2327,1,135993,1,8,1,8,1,0,1,90331,1,97,1,12920,1,2541,1,108312,1,13662,1,1,1,32,1,32,1
97,1961400,4453,9554,28.9452,,0,11,8,96,31408,8637,30330,1929992,16,227,130,1,27024,1,80,1,272872,1,271028,1,111942,1,1236565,1,10351,1,114577,1,11753,4,300046,4,83265,4,239315,4,447138,8,605122,96,51001,36,2966,1,26192,1,2675,1,0,0,0,0,0,0,0,0,216059,1,32585,1,5180,1,5020,1,21162,1,218534,1,27865,1,3627,1,5431,1,30140,1,73376,1,16047,1,230,1,9554,1,4453,1,16277,1,9554,1,48,1,1240,1,1,1,0,1,3359,1,5037,1,1158,1,0,0,209897,1,350427,1,776,1,776,1,0,1,96,1,2220,1,97,1,0,1,2,1,0,1,0,1,1,1,8,1,11,1,0,1,0,1,219,1,16047,1,0,1,0,1,1667,1,10527,1,8,1,8,1,0,1,89682,1,97,1,14207,1,1353,1,116694,1,1287,1,1,1,32,1,32,1
98,1913700,4449,9553,28.947609,,0,11,8,96,32184,8647,29718,1881516,16,227,30,1,29659,1,130,1,274225,1,232602,1,113225,1,1221285,1,10361,1,108556,1,11933,4,299735,4,86462,4,233544,4,441998,8,594512,96,51312,36,3016,1,24739,1,2655,1,0,0,0,0,0,0,0,0,177843,1,32595,1,5291,1,4850,1,21162,1,220197,1,27675,1,3186,1,5421,1,30711,1,67153,1,16050,1,226,1,9553,1,4449,1,16276,1,9553,1,48,1,1240,1,1,1,0,1,3411,1,5039,1,1103,1,0,0,212104,1,310926,1,776,1,776,1,0,1,96,1,2220,1,97,1,0,1,2,1,0,1,0,1,1,1,8,1,12,1,0,1,0,1,214,1,16050,1,0,1,0,1,2360,1,495,1,8,1,8,1,0,1,83409,1,97,1,13712,1,1419,1,117469,1,495,1,1,1,32,1,32,1
99,2032400,4452,9552,28.949892,,0,11,8,96,39042,10621,31982,1993358,16,227,80,1,31022,1,60,1,301348,1,246580,1,135128,1,1268339,1,10801,1,115730,1,12505,4,336368,4,83466,4,235117,4,444954,8,595404,96,52685,36,2986,1,23917,1,2675,1,0,0,0,0,0,0,0,0,186691,1,36072,1,5741,1,12164,1,23006,1,233363,1,32234,1,4289,1,6272,1,30320,1,72444,1,16055,1,240,1,9552,1,4452,1,16295,1,9552,1,48,1,1240,1,1,1,0,1,3488,1,5037,1,1027,1,0,0,207661,1,317229,1,776,1,776,1,0,1,96,1,2232,1,97,1,0,1,2,1,0,1,0,1,1,1,8,1,12,1,0,1,0,1,228,1,16055,1,0,1,0,1,13299,1,3135,1,8,1,8,1,0,1,93441,1,97,1,13167,1,1353,1,110501,1,891,1,1,1,32,1,32,1
100,1981900,4462,9549,28.952118,,0,11,8,96,30405,8657,29920,1951495,16,227,80,1,31292,1,40,1,281739,1,237311,1,132543,1,1258519,1,9970,1,114457,1,12415,4,335586,4,83366,4,234345,4,440525,8,593478,96,51472,36,2936,1,23617,1,2615,1,0,0,0,0,0,0,0,0,181110,1,33727,1,5391,1,5501,1,22495,1,221159,1,32234,1,4188,1,6232,1,30541,1,71122,1,16062,1,236,1,9549,1,4462,1,16298,1,9549,1,48,1,1240,1,1,1,0,1,3529,1,5030,1,990,1,0,0,210622,1,305448,1,776,1,776,1,0,1,96,1,2244,1,97,1,0,1,2,1,0,1,0,1,1,1,8,1,12,1,0,1,0,1,224,1,16062,1,0,1,0,1,1601,1,660,1,8,1,8,1,0,1,82046,1,97,1,13134,1,2805,1,116347,1,660,1,1,1,32,1,32,1
101,1921500,4454,9548,28.954184,,0,11,8,96,31928,8627,29998,1889572,16,227,130,1,25701,1,40,1,273493,1,245928,1,113205,1,1220964,1,10110,1,113876,1,11864,4,298372,4,82834,4,235548,4,439663,8,594231,96,50981,36,2946,1,24609,1,2625,1,0,0,0,0,0,0,0,0,190829,1,32915,1,5581,1,4940,1,21022,1,219596,1,27665,1,3337,1,5511,1,30771,1,72253,1,16081,1,225,1,9548,1,4454,1,16306,1,9548,1,48,1,1240,1,1,1,0,1,3576,1,5032,1,940,1,0,0,211427,1,337887,1,776,1,776,1,0,1,96,1,2232,1,97,1,0,1,2,1,0,1,0,1,1,1,8,1,12,1,0,1,0,1,213,1,16081,1,0,1,0,1,2426,1,171699,1,8,1,8,1,0,1,90293,1,97,1,13514,1,5577,1,116000,1,13612,1,1,1,32,1,32,1
102,2002700,4455,9548,28.956179,,0,11,8,96,33269,11933,32122,1969431,16,227,110,1,31182,1,50,1,288613,1,244986,1,134778,1,1259481,1,10230,1,112413,1,12665,4,336959,4,79388,4,234255,4,440505,8,593992,96,48647,36,3086,1,25571,1,2705,1,0,0,0,0,0,0,0,0,185468,1,35140,1,5962,1,5351,1,22905,1,227482,1,32324,1,4108,1,6323,1,30460,1,69188,1,16105,1,213,1,9548,1,4455,1,16318,1,9548,1,48,1,1240,1,1,1,0,1,3601,1,5030,1,917,1,0,0,206591,1,302610,1,776,1,776,1,0,1,96,1,2244,1,97,1,0,1,2,1,0,1,0,1,1,1,8,1,12,1,0,1,0,1,201,1,16105,1,0,1,0,1,3828,1,93819,1,8,1,8,1,0,1,84454,1,97,1,13101,1,4257,1,109610,1,14437,1,1,1,32,1,32,1
103,1965800,4460,9548,28.957949,,0,11,8,96,31790,8938,30951,1934010,16,227,150,1,30551,1,60,1,288393,1,217782,1,128435,1,1258539,1,10100,1,110870,1,12164,4,322641,4,82764,4,252562,4,437439,8,607357,96,51693,36,3026,1,25430,1,2705,1,0,0,0,0,0,0,0,0,162683,1,32855,1,5160,1,5361,1,22765,1,227973,1,31853,1,4028,1,5992,1,30561,1,67975,1,16087,1,238,1,9548,1,4460,1,16325,1,9548,1,48,1,1240,1,1,1,0,1,3659,1,5033,1,856,1,0,0,222950,1,311388,1,776,1,776,1,0,1,96,1,2232,1,97,1,0,1,2,1,0,1,0,1,1,1,8,1,11,1,0,1,0,1,227,1,16087,1,0,1,0,1,1633,1,660,1,8,1,8,1,0,1,86811,1,97,1,14916,1,2541,1,116237,1,660,1,1,1,31,1,31,1
104,1920000,4463,9546,28.959707,,0,11,8,96,30819,8697,30600,1889181,16,227,40,1,26693,1,30,1,272170,1,226710,1,114808,1,1238670,1,10060,1,109878,1,12044,4,301879,4,82754,4,237061,4,453420,8,607448,96,52434,36,3046,1,27214,1,2675,1,0,0,0,0,0,0,0,0,172713,1,32965,1,4970,1,4940,1,21282,1,218213,1,27424,1,3216,1,5541,1,30601,1,68426,1,16122,1,219,1,9546,1,4463,1,16341,1,9546,1,48,1,1240,1,1,1,0,1,3747,1,5030,1,769,1,0,0,217473,1,289806,1,775,1,776,1,0,1,96,1,2244,1,97,1,0,1,2,1,0,1,0,1,1,1,8,1,12,1,0,1,0,1,207,1,16122,1,0,1,0,1,1930,1,660,1,8,1,8,1,0,1,94026,1,97,1,13612,1,1320,1,126582,1,660,1,1,1,32,1,32,1
105,1983400,4462,9546,28.9613,,0,11,8,96,31745,8677,30729,1951655,16,227,20,1,30380,1,40,1,285146,1,235257,1,142062,1,1248449,1,10300,1,114397,1,12615,4,325075,4,82965,4,234265,4,438591,8,590345,96,51783,36,3006,1,26182,1,2675,1,0,0,0,0,0,0,0,0,176150,1,35681,1,5932,1,5280,1,22795,1,220297,1,36382,1,4369,1,6503,1,30481,1,70580,1,16128,1,234,1,9546,1,4462,1,16362,1,9546,1,48,1,1240,1,1,1,0,1,3737,1,5028,1,781,1,0,0,205342,1,296967,1,776,1,776,1,0,1,96,1,2244,1,97,1,0,1,2,1,0,1,0,1,1,1,8,1,12,1,0,1,0,1,222,1,16128,1,0,1,0,1,1898,1,116193,1,8,1,8,1,0,1,78181,1,97,1,13910,1,1485,1,112470,1,14965,1,1,1,32,1,32,1
106,1881800,4463,9546,28.962826,,0,11,8,96,31656,8667,29939,1850144,16,227,180,1,27064,1,40,1,266128,1,208825,1,112333,1,1225503,1,10070,1,108536,1,12014,4,300256,4,83305,4,236439,4,445394,8,600323,96,51572,36,2996,1,25200,1,2695,1,0,0,0,0,0,0,0,0,153745,1,33817,1,5020,1,4940,1,20851,1,212692,1,27384,1,3597,1,5972,1,30521,1,66372,1,16130,1,230,1,9546,1,4463,1,16360,1,9546,1,48,1,1240,1,1,1,0,1,3783,1,5032,1,731,1,0,0,204451,1,325017,1,776,1,776,1,0,1,96,1,2232,1,97,1,0,1,2,1,0,1,0,1,1,1,8,1,11,1,0,1,0,1,219,1,16130,1,0,1,0,1,2459,1,561,1,8,1,8,1,0,1,89914,1,97,1,12870,1,6171,1,108097,1,561,1,1,1,32,1,32,1
107,1927200,4465,9546,28.964285,,0,11,8,96,30885,8747,29448,1896315,16,227,100,1,27194,1,30,1,261840,1,253714,1,112864,1,1230293,1,10280,1,116131,1,12334,4,301128,4,82714,4,234836,4,442749,8,599021,96,49118,36,3076,1,25901,1,2675,1,0,0,0,0,0,0,0,0,197282,1,34669,1,5200,1,4990,1,20821,1,208314,1,27394,1,3196,1,5421,1,30240,1,74899,1,16152,1,223,1,9546,1,4465,1,16375,1,9546,1,48,1,1240,1,1,1,0,1,3818,1,5032,1,696,1,0,0,211874,1,346929,1,776,1,776,1,0,1,96,1,2232,1,97,1,0,1,2,1,0,1,0,1,1,1,8,1,12,1,0,1,0,1,211,1,16152,1,0,1,0,1,1700,1,157377,1,8,1,8,1,0,1,103443,1,97,1,13349,1,5445,1,114977,1,13084,1,1,1,32,1,32,1
108,1972400,4465,9546,28.965742,,0,10,8,96,32368,8627,34066,1940032,16,215,50,1,31262,1,30,1,284495,1,223404,1,137082,1,1252968,1,10741,1,113365,1,12655,4,322540,4,83756,4,235458,4,444483,8,600845,96,45029,24,3036,1,26362,1,2685,1,0,0,0,0,0,0,0,0,166170,1,34759,1,5501,1,5371,1,22645,1,222622,1,33527,1,4098,1,6353,1,30390,1,70150,1,16172,1,223,1,9546,1,4465,1,16395,1,9546,1,48,1,1240,1,1,1,0,1,3869,1,5030,1,647,1,0,0,202758,1,320859,1,776,1,776,1,0,1,96,1,2244,1,97,1,0,1,1,1,0,1,0,1,1,1,8,1,8,1,0,1,0,1,215,1,16172,1,0,1,0,1,2145,1,125697,1,8,1,8,1,0,1,93608,1,97,1,13101,1,3465,1,110583,1,15246,1,1,1,32,1,32,1
109,1956900,4465,9546,28.967031,,0,11,8,96,29783,8597,31801,1927117,16,227,90,1,30891,1,30,1,267331,1,214045,1,127403,1,1277226,1,10100,1,113365,1,12605,4,322841,4,84808,4,240237,4,462358,8,623079,96,47715,36,3066,1,26643,1,2705,1,0,0,0,0,0,0,0,0,159847,1,32925,1,5130,1,5220,1,22224,1,208875,1,30711,1,4008,1,5922,1,30781,1,70470,1,16175,1,221,1,9546,1,4465,1,16396,1,9546,1,48,1,1240,1,1,1,0,1,3888,1,5028,1,630,1,0,0,206941,1,352572,1,776,1,776,1,0,1,96,1,2256,1,97,1,0,1,2,1,0,1,0,1,1,1,8,1,12,1,0,1,0,1,209,1,16175,1,0,1,0,1,1634,1,825,1,8,1,8,1,0,1,92511,1,97,1,12326,1,3663,1,107850,1,825,1,1,1,31,1,31,1
110,1865400,4466,9546,28.968155,,0,11,8,96,31649,8547,30168,1833751,16,227,160,1,27294,1,90,1,261900,1,198735,1,115179,1,1220323,1,10070,1,110660,1,12024,4,301729,4,83035,4,234916,4,440485,8,595524,96,49709,36,3026,1,23246,1,2655,1,0,0,0,0,0,0,0,0,143745,1,33977,1,5240,1,5100,1,21182,1,207652,1,27605,1,3416,1,5491,1,30781,1,68897,1,16180,1,229,1,9546,1,4466,1,16409,1,9546,1,48,1,1240,1,1,1,0,1,3864,1,5029,1,653,1,0,0,202916,1,321222,1,775,1,775,1,0,1,96,1,2232,1,97,1,0,1,2,1,0,1,0,1,1,1,8,1,16,1,0,1,0,1,213,1,16180,1,0,1,0,1,1865,1,363,1,8,1,8,1,0,1,83875,1,97,1,12590,1,1089,1,110424,1,363,1,1,1,31,1,31,1
111,1887600,4468,9546,28.969242,,0,10,8,96,30623,8778,30440,1856977,16,215,160,1,26693,1,40,1,260648,1,221400,1,113626,1,1224181,1,10230,1,109968,1,11994,4,301579,4,83516,4,235898,4,441467,8,600143,96,46783,24,2976,1,25370,1,2635,1,0,0,0,0,0,0,0,0,165278,1,34689,1,5371,1,5020,1,20691,1,207091,1,27625,1,3517,1,5551,1,30711,1,68055,1,16186,1,226,1,9546,1,4468,1,16412,1,9546,1,48,1,1240,1,1,1,0,1,3936,1,5032,1,578,1,0,0,202948,1,313104,1,776,1,776,1,0,1,96,1,2256,1,97,1,0,1,1,1,0,1,0,1,1,1,8,1,8,1,0,1,0,1,218,1,16186,1,0,1,0,1,2360,1,153120,1,8,1,8,1,0,1,82900,1,97,1,13844,1,2640,1,109665,1,14916,1,1,1,32,1,32,1
112,1991300,4464,9546,28.970312,,0,10,8,96,31609,8888,34567,1959691,16,215,140,1,27214,1,40,1,260177,1,206460,1,113004,1,1342235,1,10421,1,110529,1,12405,4,305286,4,90069,4,277992,4,499462,8,689571,96,53316,24,4138,1,30701,1,2765,1,0,0,0,0,0,0,0,0,153314,1,32324,1,5130,1,5030,1,21663,1,205568,1,27605,1,3367,1,5501,1,30861,1,68626,1,16182,1,236,1,9546,1,4464,1,16418,1,9546,1,48,1,1240,1,1,1,0,1,3947,1,5033,1,566,1,0,0,254045,1,384483,1,775,1,776,1,0,1,96,1,2244,1,97,1,0,1,1,1,0,1,0,1,1,1,8,1,15,1,0,1,0,1,221,1,16182,1,0,1,0,1,2030,1,726,1,8,1,8,1,0,1,108134,1,97,1,12425,1,4389,1,154329,1,726,1,1,1,32,1,32,1
113,1898500,4466,9546,28.971327,,0,10,8,96,32284,9058,30098,1866216,16,215,160,1,27054,1,30,1,263253,1,220398,1,115259,1,1229882,1,10180,1,115089,1,11723,4,301579,4,83235,4,233424,4,440605,8,602027,96,41903,24,2946,1,29539,1,2685,1,0,0,0,0,0,0,0,0,163114,1,36472,1,5311,1,5210,1,21663,1,208003,1,27675,1,3577,1,5491,1,30701,1,73146,1,16199,1,229,1,9546,1,4466,1,16428,1,9546,1,48,1,1240,1,1,1,0,1,4003,1,5032,1,511,1,0,0,209418,1,347292,1,776,1,776,1,0,1,96,1,2244,1,97,1,0,1,1,1,0,1,0,1,1,1,8,1,15,1,0,1,0,1,214,1,16199,1,0,1,0,1,2393,1,100584,1,8,1,8,1,0,1,89287,1,97,1,14240,1,1254,1,116644,1,15361,1,1,1,32,1,32,1
114,1885900,4467,9546,28.972305,,0,11,8,96,30917,8807,30199,1854983,16,227,130,1,27334,1,40,1,260618,1,220348,1,115219,1,1221075,1,10220,1,111491,1,11934,4,301178,4,83716,4,232021,4,440956,8,596165,96,46613,36,2996,1,25330,1,2645,1,0,0,0,0,0,0,0,0,164447,1,34408,1,5321,1,5020,1,21212,1,206149,1,27755,1,3467,1,5451,1,30941,1,69508,1,16214,1,225,1,9546,1,4467,1,16439,1,9546,1,48,1,1240,1,1,1,0,1,4036,1,5033,1,477,1,0,0,207273,1,317295,1,776,1,776,1,0,1,96,1,2244,1,97,1,0,1,2,1,0,1,0,1,1,1,8,1,16,1,0,1,0,1,209,1,16214,1,0,1,0,1,2228,1,187671,1,8,1,8,1,0,1,83198,1,97,1,13712,1,1452,1,113328,1,13414,1,1,1,32,1,32,1
115,1873500,4467,9546,28.97322,,0,10,8,96,30781,8957,31682,1842719,16,215,10,1,26893,1,90,1,258834,1,207041,1,114107,1,1225644,1,10100,1,109177,1,12124,4,301699,4,83426,4,237812,4,441337,8,605022,96,42444,24,3026,1,25461,1,2625,1,0,0,0,0,0,0,0,0,151992,1,34248,1,5210,1,5150,1,19669,1,205869,1,27875,1,3116,1,5521,1,30701,1,67745,1,16213,1,223,1,9546,1,4467,1,16436,1,9546,1,48,1,1240,1,1,1,0,1,4034,1,5033,1,479,1,0,0,207944,1,297759,1,775,1,776,1,0,1,96,1,2316,1,97,1,0,1,1,1,0,1,0,1,1,1,8,1,12,1,0,1,0,1,211,1,16213,1,0,1,0,1,1832,1,99693,1,8,1,8,1,0,1,83760,1,97,1,13052,1,1947,1,113905,1,13365,1,1,1,32,1,32,1
116,1863200,4465,9546,28.974094,,0,10,8,96,29679,8497,30931,1833521,16,215,20,1,27274,1,30,1,260748,1,205979,1,112964,1,1216435,1,10070,1,109678,1,12184,4,300777,4,83596,4,234866,4,436607,8,599421,96,41122,24,2986,1,24619,1,2625,1,0,0,0,0,0,0,0,0,152713,1,33136,1,5010,1,5120,1,21042,1,205298,1,29008,1,3256,1,5491,1,30992,1,67965,1,16222,1,217,1,9546,1,4465,1,16439,1,9546,1,48,1,1240,1,1,1,0,1,4077,1,5031,1,438,1,0,0,204415,1,300564,1,776,1,776,1,0,1,96,1,2244,1,97,1,0,1,1,1,0,1,0,1,1,1,8,1,12,1,0,1,0,1,205,1,16222,1,0,1,0,1,2360,1,825,1,8,1,8,1,0,1,84601,1,97,1,13778,1,6039,1,109582,1,825,1,1,1,32,1,32,1
117,1858800,4465,9546,28.974928,,0,10,8,96,31291,8657,30068,1827509,16,215,90,1,26573,1,90,1,258213,1,199596,1,112874,1,1220053,1,10020,1,110139,1,12034,4,301168,4,82514,4,234616,4,439302,8,597498,96,46352,24,3026,1,25952,1,2645,1,0,0,0,0,0,0,0,0,149156,1,30460,1,4960,1,5020,1,20831,1,204276,1,27785,1,3487,1,5461,1,30931,1,68216,1,16227,1,234,1,9546,1,4465,1,16461,1,9546,1,48,1,1240,1,1,1,0,1,4129,1,5034,1,383,1,0,0,202648,1,313566,1,776,1,776,1,0,1,96,1,2244,1,97,1,0,1,1,1,0,1,0,1,1,1,8,1,15,1,0,1,0,1,219,1,16227,1,0,1,0,1,2162,1,660,1,8,1,8,1,0,1,83745,1,97,1,12821,1,792,1,106727,1,660,1,1,1,32,1,32,1
118,1851200,4466,9546,28.975708,,0,10,8,96,31807,8747,30249,1819393,16,215,10,1,26453,1,30,1,258884,1,187813,1,114056,1,1222077,1,10070,1,110309,1,11583,4,300817,4,82804,4,236470,4,442549,8,601876,96,46893,24,2956,1,23206,1,2635,1,0,0,0,0,0,0,0,0,134287,1,32685,1,5190,1,5190,1,21793,1,204155,1,27465,1,3467,1,5511,1,30791,1,68536,1,16226,1,236,1,9546,1,4466,1,16462,1,9546,1,48,1,1240,1,1,1,0,1,4106,1,5035,1,405,1,0,0,201500,1,337953,1,776,1,776,1,0,1,96,1,2232,1,97,1,0,1,1,1,0,1,0,1,1,1,8,1,12,1,0,1,0,1,224,1,16226,1,0,1,0,1,1832,1,77253,1,8,1,8,1,0,1,91616,1,97,1,12887,1,6138,1,106794,1,14685,1,1,1,32,1,32,1
119,1854200,4467,9546,28.97645,,0,11,8,96,30509,8597,30179,1823691,16,227,50,1,27094,1,40,1,257461,1,183053,1,113706,1,1232207,1,10080,1,110670,1,11693,4,301990,4,82464,4,237732,4,448010,8,601876,96,53687,36,3016,1,25390,1,2645,1,0,0,0,0,0,0,0,0,131471,1,31452,1,4830,1,5170,1,20962,1,202783,1,28236,1,3206,1,5501,1,31012,1,68857,1,16229,1,243,1,9546,1,4467,1,16472,1,9546,1,48,1,1240,1,1,1,0,1,4159,1,5036,1,351,1,0,0,203168,1,333168,1,776,1,776,1,0,1,96,1,2244,1,97,1,0,1,2,1,0,1,0,1,1,1,8,1,19,1,0,1,0,1,224,1,16229,1,0,1,0,1,2129,1,792,1,8,1,8,1,0,1,85492,1,97,1,13316,1,2970,1,110737,1,792,1,1,1,32,1,32,1
120,1871800,4463,9546,28.977146,,0,10,8,96,29903,8697,29768,1841897,16,215,30,1,27134,1,30,1,257722,1,198194,1,113686,1,1234972,1,10130,1,109618,1,12184,4,300978,4,83265,4,247341,4,441938,8,614722,96,44789,24,2986,1,25250,1,2715,1,0,0,0,0,0,0,0,0,144667,1,33416,1,5190,1,5070,1,20641,1,203915,1,27835,1,3297,1,5481,1,30781,1,67915,1,16244,1,226,1,9546,1,4463,1,16470,1,9546,1,48,1,1240,1,1,1,0,1,4175,1,5037,1,334,1,0,0,210785,1,354090,1,776,1,776,1,0,1,96,1,2244,1,97,1,0,1,1,1,0,1,0,1,1,1,8,1,12,1,0,1,0,1,214,1,16244,1,0,1,0,1,2294,1,429,1,8,1,8,1,0,1,98067,1,97,1,12557,1,363,1,117469,1,429,1,1,1,32,1,32,1
121,1867500,4463,9546,28.977818,,0,10,8,96,30001,8617,29957,1837499,16,215,40,1,26693,1,30,1,257762,1,200668,1,113275,1,1228590,1,10441,1,111832,1,11793,4,301288,4,83135,4,234816,4,446236,8,604162,96,46933,24,3376,1,24819,1,2675,1,0,0,0,0,0,0,0,0,145579,1,34799,1,5070,1,5100,1,20992,1,203514,1,27935,1,3166,1,5441,1,30831,1,70290,1,16247,1,236,1,9546,1,4463,1,16483,1,9546,1,48,1,1240,1,1,1,0,1,4189,1,5040,1,317,1,0,0,209778,1,366993,1,776,1,776,1,0,1,96,1,2232,1,97,1,0,1,1,1,0,1,0,1,1,1,8,1,12,1,0,1,0,1,224,1,16247,1,0,1,0,1,2129,1,92136,1,8,1,8,1,0,1,94142,1,97,1,13151,1,6435,1,113328,1,13233,1,1,1,32,1,32,1
122,1846400,4462,9546,28.978441,,0,10,8,96,32829,8627,30358,1813571,16,215,50,1,26923,1,40,1,257732,1,178815,1,112533,1,1227347,1,10130,1,110730,1,11913,4,301960,4,83025,4,237241,4,441707,8,601797,96,46793,24,3417,1,26052,1,2675,1,0,0,0,0,0,0,0,0,124337,1,34488,1,5090,1,5140,1,21423,1,203053,1,27845,1,3287,1,5521,1,30821,1,69067,1,16238,1,241,1,9546,1,4462,1,16479,1,9546,1,48,1,1240,1,1,1,0,1,4197,1,5043,1,306,1,0,0,209809,1,370260,1,776,1,776,1,0,1,96,1,2244,1,97,1,0,1,1,1,0,1,0,1,1,1,8,1,12,1,0,1,0,1,229,1,16238,1,0,1,0,1,2393,1,45540,1,8,1,8,1,0,1,93857,1,97,1,13151,1,2871,1,113773,1,15378,1,1,1,31,1,31,1
123,1930400,4463,9546,28.979033,,0,11,8,96,32972,9509,34407,1897428,16,227,70,1,31122,1,60,1,283513,1,203474,1,136441,1,1232026,1,10721,1,111672,1,12485,4,300166,4,83396,4,236359,4,446216,8,600874,96,47294,36,3056,1,26432,1,2735,1,0,0,0,0,0,0,0,0,148735,1,33026,1,5822,1,5741,1,22885,1,220768,1,33637,1,4068,1,6192,1,30561,1,68436,1,16249,1,233,1,9546,1,4463,1,16482,1,9546,1,48,1,1240,1,1,1,0,1,4235,1,5044,1,267,1,0,0,206374,1,315117,1,776,1,776,1,0,1,96,1,2244,1,97,1,0,1,2,1,0,1,0,1,1,1,8,1,20,1,0,1,0,1,213,1,16249,1,0,1,0,1,2970,1,155199,1,8,1,8,1,0,1,88049,1,97,1,12771,1,6435,1,109511,1,13728,1,1,1,32,1,32,1
124,1872700,4462,9546,28.979574,,0,11,8,96,30251,8657,29488,1842449,16,227,100,1,30851,1,40,1,264315,1,187993,1,126110,1,1222898,1,10140,1,109517,1,11974,4,306939,4,82714,4,233764,4,437639,8,595083,96,46833,36,3016,1,26002,1,2675,1,0,0,0,0,0,0,0,0,134898,1,33597,1,4900,1,5270,1,21693,1,205578,1,31533,1,3978,1,5922,1,30631,1,66672,1,16255,1,228,1,9546,1,4462,1,16483,1,9546,1,48,1,1240,1,1,1,0,1,4251,1,5044,1,251,1,0,0,200788,1,332409,1,776,1,776,1,0,1,96,1,2232,1,97,1,0,1,2,1,0,1,0,1,1,1,8,1,20,1,0,1,0,1,208,1,16255,1,0,1,0,1,1469,1,726,1,8,1,8,1,0,1,87158,1,97,1,12590,1,5577,1,108213,1,726,1,1,1,32,1,32,1
125,1876600,4463,9546,28.98009,,0,11,8,96,32468,8687,29688,1844132,16,227,70,1,26853,1,30,1,258333,1,194817,1,113165,1,1240704,1,10160,1,116972,1,11773,4,313452,4,83245,4,236149,4,439263,8,594452,96,51272,36,3337,1,25130,1,2695,1,0,0,0,0,0,0,0,0,142483,1,32805,1,5020,1,5280,1,20881,1,203965,1,27905,1,3396,1,5581,1,30931,1,74728,1,16247,1,240,1,9546,1,4463,1,16487,1,9546,1,48,1,1240,1,1,1,0,1,4274,1,5044,1,228,1,0,0,203328,1,348513,1,776,1,776,1,0,1,96,1,2232,1,97,1,0,1,2,1,0,1,0,1,1,1,8,1,20,1,0,1,0,1,220,1,16247,1,0,1,0,1,2558,1,109791,1,8,1,8,1,0,1,92686,1,97,1,13118,1,1155,1,108889,1,13266,1,1,1,32,1,32,1
126,1849200,4466,9546,28.980558,,0,11,8,96,30208,8878,30791,1818992,16,227,40,1,26703,1,30,1,257762,1,180769,1,113185,1,1230373,1,10130,1,111161,1,11874,4,302531,4,83045,4,236369,4,445535,8,599561,96,51552,36,3086,1,25220,1,2675,1,0,0,0,0,0,0,0,0,127443,1,33066,1,5361,1,5220,1,21413,1,203093,1,27755,1,3367,1,5631,1,30971,1,68997,1,16264,1,246,1,9546,1,4466,1,16510,1,9546,1,48,1,1240,1,1,1,0,1,4250,1,5043,1,253,1,0,0,200475,1,328812,1,776,1,776,1,0,1,96,1,2244,1,97,1,0,1,2,1,0,1,0,1,1,1,8,1,20,1,0,1,0,1,226,1,16264,1,0,1,0,1,1865,1,80553,1,8,1,8,1,0,1,81683,1,97,1,12359,1,6039,1,106365,1,14586,1,1,1,32,1,32,1
127,1863300,4466,9546,28.98101,,0,11,8,96,30641,8868,29918,1832659,16,227,10,1,26843,1,40,1,258133,1,191410,1,113906,1,1232227,1,10090,1,112203,1,12014,4,301218,4,82724,4,236840,4,447469,8,602257,96,52134,36,3056,1,25170,1,2665,1,0,0,0,0,0,0,0,0,137533,1,34218,1,5080,1,5230,1,20972,1,203594,1,28006,1,3407,1,5591,1,30741,1,70400,1,16262,1,252,1,9546,1,4466,1,16514,1,9546,1,48,1,1240,1,1,1,0,1,4294,1,5042,1,210,1,0,0,206992,1,346335,1,776,1,776,1,0,1,96,1,2244,1,97,1,0,1,2,1,0,1,0,1,1,1,8,1,20,1,0,1,0,1,232,1,16262,1,0,1,0,1,1997,1,103455,1,8,1,8,1,0,1,86732,1,97,1,12194,1,5379,1,109533,1,13068,1,1,1,31,1,31,1
128,1854600,4468,9546,28.981445,,0,11,8,96,30708,8627,30559,1823892,16,227,10,1,27364,1,30,1,257301,1,171531,1,114207,1,1243329,1,10120,1,110710,1,11753,4,301328,4,83125,4,240608,4,456026,8,612328,96,53747,36,3056,1,25410,1,2685,1,0,0,0,0,0,0,0,0,119447,1,33036,1,4830,1,5210,1,20611,1,203294,1,27885,1,3427,1,5501,1,30851,1,68917,1,16271,1,247,1,9546,1,4468,1,16518,1,9546,1,48,1,1240,1,1,1,0,1,4315,1,5042,1,189,1,0,0,219612,1,337953,1,776,1,776,1,0,1,96,1,2244,1,97,1,0,1,2,1,0,1,0,1,1,1,8,1,20,1,0,1,0,1,227,1,16271,1,0,1,0,1,1898,1,561,1,8,1,8,1,0,1,89402,1,97,1,12722,1,5412,1,125439,1,561,1,1,1,32,1,32,1
129,1835500,4465,9546,28.981846,,0,11,8,96,31067,8737,30350,1804433,16,227,100,1,26803,1,30,1,256509,1,166861,1,112814,1,1231275,1,10040,1,109748,1,12154,4,302611,4,83125,4,237782,4,445224,8,602677,96,49979,36,3026,1,26172,1,2695,1,0,0,0,0,0,0,0,0,113796,1,34358,1,4830,1,5331,1,20992,1,201620,1,28296,1,3347,1,5491,1,30851,1,67935,1,16277,1,243,1,9546,1,4465,1,16520,1,9546,1,48,1,1240,1,1,1,0,1,4342,1,5041,1,163,1,0,0,213324,1,338976,1,776,1,776,1,0,1,96,1,2244,1,97,1,0,1,2,1,0,1,0,1,1,1,8,1,24,1,0,1,0,1,219,1,16277,1,0,1,0,1,1865,1,462,1,8,1,8,1,0,1,86583,1,97,1,13844,1,6633,1,116363,1,462,1,1,1,32,1,32,1
130,1824200,4468,9546,28.982235,,0,11,8,96,30458,8647,30510,1793742,16,227,10,1,27264,1,20,1,256900,1,168044,1,113034,1,1218039,1,10431,1,110660,1,12164,4,300807,4,82945,4,233063,4,439162,8,594742,96,46973,36,2986,1,24950,1,2655,1,0,0,0,0,0,0,0,0,115860,1,32825,1,5010,1,5391,1,20972,1,202432,1,27855,1,3347,1,5441,1,30721,1,69147,1,16294,1,233,1,9546,1,4468,1,16527,1,9546,1,48,1,1240,1,1,1,0,1,4301,1,5041,1,204,1,0,0,214187,1,301983,1,776,1,776,1,0,1,96,1,2220,1,97,1,0,1,2,1,0,1,0,1,1,1,8,1,24,1,0,1,0,1,209,1,16294,1,0,1,0,1,1898,1,26829,1,8,1,8,1,0,1,89269,1,97,1,13976,1,5511,1,116166,1,2359,1,1,1,32,1,32,1
131,1817500,4466,9546,28.982603,,0,10,8,96,30401,8798,29737,1787099,16,215,10,1,27004,1,40,1,257712,1,161982,1,112934,1,1217337,1,10080,1,112162,1,11884,4,301649,4,83345,4,232702,4,437308,8,598000,96,42274,24,2926,1,23897,1,2665,1,0,0,0,0,0,0,0,0,112884,1,30761,1,4509,1,5301,1,20952,1,203544,1,27645,1,3717,1,5561,1,31032,1,69738,1,16315,1,230,1,9546,1,4466,1,16545,1,9546,1,48,1,1240,1,1,1,0,1,4355,1,5041,1,150,1,0,0,206910,1,331353,1,776,1,776,1,0,1,96,1,2244,1,97,1,0,1,1,1,0,1,0,1,1,1,8,1,16,1,0,1,0,1,214,1,16315,1,0,1,0,1,2525,1,594,1,8,1,8,1,0,1,86992,1,97,1,13679,1,1089,1,115291,1,594,1,1,1,32,1,32,1
132,1839800,4467,9546,28.982958,,0,10,8,96,30457,8898,29348,1809343,16,215,20,1,27024,1,50,1,256670,1,164998,1,113896,1,1236575,1,10110,1,116662,1,12284,4,303422,4,83075,4,234706,4,445114,8,608649,96,41823,24,2976,1,26763,1,2675,1,0,0,0,0,0,0,0,0,112513,1,33436,1,4779,1,5301,1,20821,1,202362,1,27895,1,3737,1,5571,1,30220,1,74899,1,16329,1,224,1,9546,1,4467,1,16553,1,9546,1,48,1,1240,1,1,1,0,1,4360,1,5042,1,144,1,0,0,201379,1,348909,1,776,1,776,1,0,1,96,1,2244,1,97,1,0,1,1,1,0,1,0,1,1,1,8,1,16,1,0,1,0,1,208,1,16329,1,0,1,0,1,2327,1,528,1,8,1,8,1,0,1,99236,1,97,1,12359,1,2508,1,105523,1,528,1,1,1,32,1,32,1
133,1827100,4465,9546,28.983284,,0,10,8,96,32697,8737,29709,1794403,16,215,20,1,27074,1,30,1,259125,1,161891,1,112734,1,1223459,1,10070,1,111822,1,11974,4,300316,4,83025,4,238784,4,437829,8,605182,96,41723,24,2956,1,25310,1,2705,1,0,0,0,0,0,0,0,0,111311,1,32014,1,4699,1,5481,1,21503,1,203594,1,28226,1,3487,1,5611,1,30601,1,70109,1,16326,1,227,1,9546,1,4465,1,16553,1,9546,1,48,1,1240,1,1,1,0,1,4361,1,5042,1,143,1,0,0,196395,1,398739,1,776,1,776,1,0,1,96,1,2244,1,97,1,0,1,1,1,0,1,0,1,1,1,8,1,16,1,0,1,0,1,211,1,16326,1,0,1,0,1,2129,1,10527,1,8,1,8,1,0,1,101019,1,97,1,12392,1,2211,1,103345,1,693,1,1,1,32,1,32,1
134,1832400,4464,9546,28.983583,,0,10,8,96,31604,8697,29828,1800796,16,215,40,1,27194,1,30,1,258193,1,168795,1,112574,1,1223820,1,10150,1,111772,1,12024,4,300928,4,82694,4,236289,4,440775,8,604892,96,42344,24,3036,1,24889,1,2715,1,0,0,0,0,0,0,0,0,117513,1,32615,1,4860,1,5381,1,21102,1,203564,1,27855,1,3216,1,5561,1,30751,1,70190,1,16330,1,223,1,9546,1,4464,1,16553,1,9546,1,48,1,1240,1,1,1,0,1,4358,1,5042,1,146,1,0,0,197782,1,356994,1,776,1,776,1,0,1,96,1,2244,1,97,1,0,1,1,1,0,1,0,1,1,1,8,1,16,1,0,1,0,1,207,1,16330,1,0,1,0,1,2030,1,50952,1,8,1,8,1,0,1,99091,1,97,1,12425,1,1221,1,105094,1,16417,1,1,1,31,1,31,1
135,1826400,4468,9546,28.98386,,0,10,8,96,30744,8738,29957,1795656,16,215,40,1,26443,1,40,1,257992,1,167693,1,113535,1,1219542,1,10371,1,110399,1,12104,4,300737,4,83085,4,233303,4,440855,8,601937,96,42264,24,2986,1,24679,1,2655,1,0,0,0,0,0,0,0,0,115580,1,33056,1,5020,1,5441,1,21322,1,203073,1,27905,1,3416,1,5531,1,30611,1,68736,1,16320,1,233,1,9546,1,4468,1,16553,1,9546,1,48,1,1240,1,1,1,0,1,4365,1,5040,1,141,1,0,0,198142,1,348810,1,776,1,776,1,0,1,96,1,2232,1,97,1,0,1,1,1,0,1,0,1,1,1,8,1,16,1,0,1,0,1,217,1,16320,1,0,1,0,1,2624,1,44814,1,8,1,8,1,0,1,92921,1,97,1,12128,1,2739,1,104500,1,14685,1,1,1,31,1,31,1
136,1872000,4468,9546,28.984129,,0,11,8,96,31085,8898,34778,1840915,16,227,30,1,26553,1,40,1,257010,1,165589,1,113746,1,1267797,1,10150,1,110840,1,11964,4,301158,4,84969,4,248574,4,467558,8,631816,96,49538,36,6042,1,25080,1,2715,1,0,0,0,0,0,0,0,0,111501,1,35170,1,4790,1,5311,1,20831,1,202823,1,27795,1,3737,1,5481,1,30951,1,68546,1,16322,1,228,1,9546,1,4468,1,16550,1,9546,1,48,1,1240,1,1,1,0,1,4365,1,5039,1,142,1,0,0,201611,1,318087,1,773,1,773,1,0,1,96,1,2244,1,97,1,0,1,2,1,0,1,0,1,1,1,8,1,20,1,0,1,0,1,208,1,16322,1,0,1,0,1,2558,1,44187,1,8,1,8,1,0,1,96136,1,97,1,12755,1,495,1,107421,1,15889,1,1,1,31,1,31,1
137,1823200,4466,9546,28.984394,,0,10,8,96,31372,8717,29957,1791828,16,215,30,1,26242,1,10,1,257311,1,167062,1,113535,1,1217478,1,10160,1,110960,1,12214,4,300467,4,83085,4,231700,4,439964,8,599934,96,41773,24,3427,1,24288,1,2655,1,0,0,0,0,0,0,0,0,112594,1,35681,1,4990,1,5501,1,20871,1,203053,1,27615,1,3447,1,5441,1,30521,1,69398,1,16331,1,221,1,9546,1,4466,1,16552,1,9546,1,48,1,1240,1,1,1,0,1,4410,1,5037,1,99,1,0,0,199068,1,325116,1,776,1,776,1,0,1,96,1,2244,1,97,1,0,1,1,1,0,1,0,1,1,1,8,1,12,1,0,1,0,1,209,1,16331,1,0,1,0,1,1568,1,55209,1,8,1,8,1,0,1,88927,1,97,1,12161,1,5808,1,105639,1,13843,1,1,1,32,1,32,1
138,1946800,4469,9546,28.984627,,0,10,8,96,32539,9699,36321,1914261,16,215,130,1,30821,1,60,1,288954,1,176240,1,144888,1,1262417,1,10751,1,115740,1,12695,4,325807,4,78827,4,237261,4,451016,8,604001,96,47955,24,3076,1,25601,1,2695,1,0,0,0,0,0,0,0,0,112143,1,35791,1,5581,1,6363,1,23266,1,223865,1,34879,1,4348,1,6593,1,30511,1,71742,1,16323,1,228,1,9546,1,4469,1,16551,1,9546,1,48,1,1240,1,1,1,0,1,4390,1,5036,1,120,1,0,0,206219,1,327096,1,776,1,776,1,0,1,96,1,2256,1,97,1,0,1,1,1,0,1,0,1,1,1,8,1,12,1,0,1,0,1,216,1,16323,1,0,1,0,1,4900,1,10230,1,8,1,8,1,0,1,90225,1,97,1,13150,1,6105,1,109571,1,3993,1,1,1,32,1,32,1
139,1881900,4467,9545,28.984867,,0,10,8,96,30894,8767,30621,1851006,16,215,90,1,30481,1,40,1,266820,1,176681,1,134066,1,1232618,1,10210,1,113405,1,12515,4,319334,4,82945,4,230518,4,434162,8,592196,96,41863,24,3066,1,25260,1,2645,1,0,0,0,0,0,0,0,0,121762,1,35420,1,5331,1,5771,1,22485,1,204195,1,34118,1,4138,1,6222,1,30641,1,70089,1,16329,1,224,1,9545,1,4467,1,16553,1,9545,1,48,1,1240,1,1,1,0,1,4404,1,5036,1,105,1,0,0,213770,1,299310,1,776,1,776,1,0,1,96,1,2244,1,97,1,0,1,1,1,0,1,0,1,1,1,8,1,12,1,0,1,0,1,212,1,16329,1,0,1,0,1,1799,1,100452,1,8,1,8,1,0,1,75970,1,97,1,13844,1,6567,1,117832,1,12325,1,1,1,32,1,32,1
140,1818000,4466,9545,28.985088,,0,10,8,96,30511,8547,30229,1787489,16,215,20,1,27054,1,40,1,259626,1,160449,1,112083,1,1218139,1,10080,1,110239,1,12124,4,301088,4,83496,4,234736,4,435996,8,598599,96,41903,24,2966,1,26282,1,2665,1,0,0,0,0,0,0,0,0,108856,1,33336,1,4769,1,5471,1,20942,1,205117,1,27845,1,3477,1,5531,1,30771,1,68456,1,16316,1,226,1,9545,1,4466,1,16542,1,9545,1,48,1,1240,1,1,1,0,1,4422,1,5037,1,86,1,0,0,212699,1,325017,1,776,1,776,1,0,1,96,1,2232,1,97,1,0,1,1,1,0,1,0,1,1,1,8,1,15,1,0,1,0,1,211,1,16316,1,0,1,0,1,2294,1,11748,1,8,1,8,1,0,1,88464,1,97,1,13811,1,3795,1,115357,1,478,1,1,1,32,1,32,1
141,1818800,4466,9545,28.985296,,0,10,8,96,32663,8868,30248,1786137,16,215,40,1,26733,1,40,1,259074,1,156982,1,112153,1,1221035,1,10080,1,110449,1,11914,4,301499,4,83566,4,235207,4,439873,8,602940,96,41893,24,2976,1,24018,1,2665,1,0,0,0,0,0,0,0,0,104187,1,34649,1,4659,1,5511,1,20821,1,203664,1,28807,1,3387,1,5441,1,30791,1,68716,1,16320,1,226,1,9545,1,4466,1,16546,1,9545,1,48,1,1240,1,1,1,0,1,4420,1,5037,1,88,1,0,0,213325,1,333333,1,776,1,776,1,0,1,96,1,2232,1,97,1,0,1,1,1,0,1,0,1,1,1,8,1,15,1,0,1,0,1,211,1,16320,1,1,1,0,1,1997,1,429,1,8,1,8,1,0,1,98259,1,97,1,13745,1,2706,1,114648,1,429,1,1,1,32,1,32,1
142,1821400,4466,9545,28.985493,,0,10,8,96,30965,8688,29719,1790435,16,215,40,1,26833,1,100,1,257321,1,165819,1,112824,1,1217407,1,10090,1,111161,1,12244,4,300897,4,82965,4,232311,4,438441,8,598900,96,42134,24,2996,1,25010,1,2695,1,0,0,0,0,0,0,0,0,112774,1,34468,1,4960,1,5491,1,21112,1,202682,1,27785,1,3457,1,5421,1,30701,1,69598,1,16329,1,223,1,9545,1,4466,1,16552,1,9545,1,48,1,1240,1,1,1,0,1,4417,1,5037,1,91,1,0,0,208755,1,359304,1,776,1,776,1,0,1,96,1,2244,1,97,1,0,1,1,1,0,1,0,1,1,1,8,1,16,1,0,1,0,1,207,1,16329,1,0,1,0,1,2855,1,49302,1,8,1,8,1,0,1,96954,1,97,1,13217,1,1287,1,114697,1,15675,1,1,1,32,1,32,1
143,1815000,4468,9545,28.98568,,0,10,8,96,29495,8527,29849,1785505,16,215,10,1,26693,1,40,1,257201,1,157282,1,112804,1,1221295,1,10180,1,112904,1,12244,4,300487,4,82955,4,235658,4,438451,8,602256,96,42003,24,2976,1,24418,1,2675,1,0,0,0,0,0,0,0,0,104588,1,34689,1,4669,1,5341,1,20982,1,202753,1,27855,1,3377,1,5501,1,30881,1,71091,1,16324,1,226,1,9545,1,4468,1,16550,1,9545,1,48,1,1240,1,1,1,0,1,4422,1,5038,1,85,1,0,0,209847,1,335643,1,776,1,776,1,0,1,96,1,2244,1,97,1,0,1,1,1,0,1,0,1,1,1,8,1,15,1,0,1,0,1,211,1,16324,1,0,1,0,1,2393,1,627,1,8,1,8,1,0,1,89598,1,97,1,13646,1,5709,1,114152,1,627,1,1,1,32,1,32,1
144,1823200,4471,9545,28.985857,,0,10,8,96,30580,8767,29869,1792620,16,215,10,1,27264,1,40,1,257291,1,163875,1,113696,1,1220323,1,10120,1,111161,1,12194,4,301940,4,83165,4,232963,4,438381,8,594962,96,46512,24,3026,1,26082,1,2645,1,0,0,0,0,0,0,0,0,110890,1,34829,1,4619,1,5721,1,20902,1,202672,1,27715,1,3597,1,5481,1,30971,1,69017,1,16320,1,236,1,9545,1,4471,1,16556,1,9545,1,48,1,1240,1,1,1,0,1,4439,1,5037,1,69,1,0,0,198245,1,312642,1,776,1,776,1,0,1,96,1,2256,1,97,1,0,1,1,1,0,1,0,1,1,1,8,1,15,1,0,1,0,1,221,1,16320,1,0,1,0,1,1997,1,61347,1,8,1,8,1,0,1,80427,1,97,1,12557,1,2211,1,109252,1,13579,1,1,1,32,1,32,1
145,2024800,4470,9545,28.986025,,0,10,8,96,81807,9028,31121,1942993,16,215,10,1,38246,1,60,1,294715,1,168720,1,139407,1,1291204,1,10631,1,116642,1,12625,4,354173,4,83225,4,235508,4,443882,8,601686,96,46582,24,3076,1,30290,1,2755,1,0,0,0,0,0,0,0,0,113190,1,35050,1,5601,1,8828,1,28186,1,223524,1,33597,1,4238,1,6172,1,30100,1,73716,1,16316,1,243,1,9545,1,4470,1,16559,1,9545,1,48,1,1240,1,1,1,0,1,4440,1,5038,1,67,1,0,0,216601,1,298848,1,773,1,773,1,0,1,96,1,2244,1,97,1,0,1,1,1,0,1,0,1,1,1,8,1,16,1,0,1,0,1,227,1,16316,1,0,1,0,1,2194,1,62749,1,8,1,8,1,0,1,86815,1,97,1,14009,1,891,1,117832,1,15493,1,1,1,32,1,32,1
146,1882800,4468,9545,28.986183,,0,10,8,96,31664,8807,29879,1851136,16,215,130,1,31142,1,50,1,273904,1,168164,1,128776,1,1238750,1,10220,1,111191,1,11924,4,319885,4,83115,4,233824,4,437569,8,595473,96,46041,24,2966,1,26763,1,2705,1,0,0,0,0,0,0,0,0,114097,1,34308,1,5531,1,6102,1,22595,1,211069,1,33737,1,3818,1,5641,1,30551,1,69087,1,16315,1,237,1,9545,1,4468,1,16552,1,9545,1,48,1,1240,1,1,1,0,1,4440,1,5039,1,66,1,0,0,208755,1,289641,1,776,1,776,1,0,1,96,1,2244,1,97,1,0,1,1,1,0,1,0,1,1,1,8,1,15,1,0,1,0,1,222,1,16315,1,0,1,0,1,2492,1,74877,1,8,1,8,1,0,1,83088,1,97,1,13679,1,6006,1,117238,1,17209,1,1,1,32,1,32,1
147,1822600,4467,9545,28.98633,,0,10,8,96,30852,8577,29718,1791748,16,215,40,1,26933,1,40,1,263724,1,156992,1,112644,1,1221155,1,10220,1,110189,1,12164,4,301278,4,83616,4,233584,4,438992,8,601145,96,41713,24,2996,1,27044,1,2715,1,0,0,0,0,0,0,0,0,105089,1,33998,1,4549,1,5691,1,20631,1,209456,1,27685,1,3477,1,5431,1,30731,1,68566,1,16336,1,224,1,9545,1,4467,1,16560,1,9545,1,48,1,1240,1,1,1,0,1,4457,1,5039,1,49,1,0,0,213442,1,311124,1,776,1,776,1,0,1,96,1,2268,1,97,1,0,1,1,1,0,1,0,1,1,1,8,1,16,1,0,1,0,1,208,1,16336,1,0,1,0,1,2327,1,627,1,8,1,8,1,0,1,84888,1,97,1,13514,1,3366,1,115440,1,627,1,1,1,32,1,32,1
148,1828400,4465,9545,28.98647,,0,10,8,96,29698,8797,29799,1798702,16,215,90,1,27344,1,40,1,260688,1,160318,1,113846,1,1226225,1,10150,1,114457,1,12244,4,301419,4,83295,4,233283,4,439914,8,601465,96,41933,24,3517,1,26613,1,2685,1,0,0,0,0,0,0,0,0,107564,1,34629,1,4729,1,5621,1,20641,1,206400,1,27735,1,3687,1,5551,1,30801,1,72143,1,16341,1,222,1,9545,1,4465,1,16563,1,9545,1,48,1,1240,1,1,1,0,1,4449,1,5039,1,57,1,0,0,210899,1,377355,1,776,1,776,1,0,1,96,1,2256,1,97,1,0,1,1,1,0,1,0,1,1,1,8,1,15,1,0,1,0,1,207,1,16341,1,0,1,0,1,2492,1,44715,1,8,1,8,1,0,1,101794,1,97,1,13415,1,4059,1,116644,1,17226,1,1,1,32,1,32,1
149,1815900,4466,9545,28.986603,,0,10,8,96,32218,8858,29717,1783682,16,215,80,1,26683,1,40,1,260137,1,155208,1,113014,1,1218369,1,10150,1,109988,1,11683,4,300757,4,83345,4,233814,4,438942,8,600614,96,42424,24,2966,1,25320,1,2695,1,0,0,0,0,0,0,0,0,104848,1,32865,1,4569,1,5621,1,20952,1,205418,1,27925,1,3226,1,5361,1,30861,1,68466,1,16345,1,221,1,9545,1,4466,1,16566,1,9545,1,48,1,1240,1,1,1,0,1,4445,1,5039,1,61,1,0,0,212008,1,331353,1,776,1,776,1,0,1,96,1,2256,1,97,1,0,1,1,1,0,1,0,1,1,1,8,1,16,1,0,1,0,1,205,1,16345,1,0,1,0,1,2459,1,495,1,8,1,8,1,0,1,85784,1,97,1,13679,1,6336,1,115770,1,495,1,1,1,32,1,32,1
150,1925600,4467,9545,28.986732,,0,10,8,96,32200,12665,31461,1893400,16,215,130,1,30591,1,60,1,291930,1,163765,1,144377,1,1250744,1,11803,1,117112,1,12445,4,325767,4,83596,4,238504,4,431336,8,589091,96,49288,24,3016,1,23577,1,2725,1,0,0,0,0,0,0,0,0,108736,1,34278,1,5551,1,6483,1,23036,1,226009,1,35811,1,4539,1,6563,1,30551,1,72815,1,16347,1,217,1,9545,1,4467,1,16564,1,9545,1,48,1,1240,1,1,1,0,1,4448,1,5039,1,58,1,0,0,204848,1,316503,1,776,1,776,1,0,1,96,1,2244,1,97,1,0,1,1,1,0,1,0,1,1,1,8,1,15,1,0,1,0,1,202,1,16347,1,0,1,0,1,5362,1,55572,1,8,1,8,1,0,1,80443,1,97,1,12688,1,363,1,111188,1,14999,1,1,1,32,1,32,1
151,1863800,4467,9545,28.986855,,0,10,8,96,30159,8567,31942,1833641,16,215,80,1,30420,1,40,1,265397,1,154156,1,134427,1,1238800,1,10320,1,112754,1,12134,4,317400,4,83285,4,232492,4,440344,8,598580,96,42314,24,2926,1,26242,1,2655,1,0,0,0,0,0,0,0,0,101111,1,34408,1,5140,1,5832,1,21012,1,205969,1,32304,1,4299,1,6192,1,30571,1,69448,1,16333,1,229,1,9545,1,4467,1,16562,1,9545,1,48,1,1240,1,1,1,0,1,4444,1,5039,1,62,1,0,0,209087,1,323763,1,776,1,776,1,0,1,96,1,2232,1,97,1,0,1,1,1,0,1,0,1,1,1,8,1,15,1,0,1,0,1,214,1,16333,1,0,1,0,1,1601,1,5610,1,8,1,8,1,0,1,80445,1,97,1,13283,1,4554,1,114268,1,808,1,1,1,32,1,32,1
152,1821400,4465,9545,28.986967,,0,10,8,96,30354,8637,30099,1791046,16,215,130,1,27224,1,40,1,259535,1,155549,1,113085,1,1225313,1,10170,1,113155,1,12525,4,301048,4,83195,4,234566,4,440224,8,602247,96,42444,24,3046,1,26232,1,2685,1,0,0,0,0,0,0,0,0,103776,1,34308,1,4609,1,5551,1,21012,1,205067,1,27645,1,3256,1,5501,1,30992,1,71131,1,16330,1,229,1,9545,1,4465,1,16559,1,9545,1,48,1,1240,1,1,1,0,1,4455,1,5041,1,49,1,0,0,208950,1,391182,1,776,1,776,1,0,1,96,1,2244,1,97,1,0,1,1,1,0,1,0,1,1,1,8,1,12,1,0,1,0,1,217,1,16330,1,0,1,0,1,2129,1,22836,1,8,1,8,1,0,1,106298,1,97,1,13415,1,363,1,113228,1,2260,1,1,1,32,1,32,1
153,1930800,4464,9545,28.987074,,0,10,8,96,31929,12565,31481,1898871,16,215,130,1,31082,1,60,1,291038,1,161070,1,134307,1,1270964,1,10220,1,115449,1,12715,4,334584,4,78907,4,238664,4,444623,8,603460,96,48346,24,3006,1,27695,1,2755,1,0,0,0,0,0,0,0,0,107243,1,34679,1,5100,1,6072,1,22515,1,229155,1,32705,1,4078,1,6212,1,29749,1,73025,1,16337,1,226,1,9545,1,4464,1,16563,1,9545,1,48,1,1240,1,1,1,0,1,4459,1,5042,1,44,1,0,0,215051,1,250635,1,775,1,775,1,0,1,96,1,2244,1,97,1,0,1,1,1,0,1,0,1,1,1,8,1,16,1,0,1,0,1,210,1,16337,1,0,1,0,1,3399,1,24948,1,8,1,8,1,0,1,70053,1,97,1,13167,1,4323,1,122068,1,2491,1,1,1,32,1,32,1
154,1936400,4465,9545,28.987171,,0,10,8,96,32499,9048,30890,1903901,16,215,130,1,31462,1,40,1,290637,1,164326,1,135389,1,1271805,1,10110,1,117874,1,12355,4,338602,4,87874,4,234576,4,441437,8,602929,96,42194,24,3006,1,24328,1,2705,1,0,0,0,0,0,0,0,0,110109,1,35090,1,5250,1,6192,1,22765,1,228604,1,32555,1,4118,1,6262,1,30471,1,74778,1,16344,1,223,1,9545,1,4465,1,16567,1,9545,1,48,1,1240,1,1,1,0,1,4461,1,5042,1,42,1,0,0,209324,1,364386,1,776,1,776,1,0,1,96,1,2232,1,97,1,0,1,1,1,0,1,0,1,1,1,8,1,15,1,0,1,0,1,208,1,16344,1,0,1,0,1,3019,1,20427,1,8,1,8,1,0,1,92306,1,97,1,14619,1,4191,1,116386,1,3399,1,1,1,32,1,32,1
155,1906700,4466,9545,28.987276,,0,10,8,96,31877,9008,31010,1874823,16,215,110,1,31072,1,30,1,273623,1,163635,1,134487,1,1261665,1,10200,1,114267,1,12024,4,335837,4,83416,4,233083,4,442879,8,602908,96,42043,24,3056,1,25390,1,2705,1,0,0,0,0,0,0,0,0,109578,1,34509,1,5441,1,6082,1,22575,1,212261,1,32324,1,4168,1,6212,1,30771,1,70931,1,16343,1,224,1,9545,1,4466,1,16567,1,9545,1,48,1,1240,1,1,1,0,1,4451,1,5042,1,52,1,0,0,198821,1,291588,1,775,1,775,1,0,1,96,1,2244,1,97,1,0,1,1,1,0,1,0,1,1,1,8,1,16,1,0,1,0,1,208,1,16343,1,0,1,0,1,2822,1,62106,1,8,1,8,1,0,1,84254,1,97,1,12161,1,330,1,103988,1,13398,1,1,1,32,1,32,1
156,1828700,4466,9545,28.98737,,0,10,8,96,31141,8778,30589,1797559,16,215,50,1,26903,1,40,1,266920,1,163054,1,112714,1,1217758,1,10120,1,109748,1,12034,4,300036,4,83175,4,236900,4,436186,8,600724,96,41773,24,2946,1,25270,1,2685,1,0,0,0,0,0,0,0,0,111241,1,33917,1,4709,1,5671,1,21072,1,211680,1,28206,1,3146,1,5481,1,30701,1,68326,1,16348,1,216,1,9545,1,4466,1,16564,1,9545,1,48,1,1240,1,1,1,0,1,4455,1,5040,1,50,1,0,0,202023,1,327294,1,776,1,776,1,0,1,96,1,2232,1,97,1,0,1,1,1,0,1,0,1,1,1,8,1,15,1,0,1,0,1,201,1,16348,1,0,1,0,1,2426,1,54318,1,8,1,8,1,0,1,80245,1,97,1,11897,1,6039,1,105473,1,15724,1,1,1,32,1,32,1
157,1831200,4464,9545,28.987461,,0,10,8,96,31045,8778,29668,1800155,16,215,160,1,26473,1,40,1,262060,1,160048,1,112864,1,1228369,1,10140,1,110178,1,11844,4,300557,4,83195,4,233524,4,449152,8,611405,96,41603,24,3086,1,25370,1,2685,1,0,0,0,0,0,0,0,0,106692,1,35280,1,4759,1,5661,1,20441,1,207913,1,27705,1,3397,1,5381,1,30831,1,68526,1,16345,1,219,1,9545,1,4464,1,16564,1,9545,1,48,1,1240,1,1,1,0,1,4460,1,5041,1,44,1,0,0,199865,1,382503,1,776,1,776,1,0,1,96,1,2232,1,97,1,0,1,1,1,0,1,0,1,1,1,8,1,15,1,0,1,0,1,204,1,16345,1,0,1,0,1,1865,1,55209,1,8,1,8,1,0,1,96681,1,97,1,12227,1,5973,1,105540,1,14157,1,1,1,32,1,32,1
158,1826900,4468,9545,28.987545,,0,10,8,96,30874,8898,32424,1796026,16,215,20,1,27114,1,100,1,261169,1,153845,1,114087,1,1229612,1,10080,1,111431,1,11643,4,301529,4,83366,4,239265,4,441627,8,606304,96,42164,24,2976,1,26152,1,2725,1,0,0,0,0,0,0,0,0,101552,1,34889,1,4499,1,6072,1,20902,1,206069,1,27895,1,3297,1,5511,1,30931,1,69668,1,16331,1,233,1,9545,1,4468,1,16564,1,9545,1,48,1,1240,1,1,1,0,1,4467,1,5041,1,37,1,0,0,197568,1,374484,1,775,1,775,1,0,1,96,1,2244,1,97,1,0,1,1,1,0,1,0,1,1,1,8,1,20,1,0,1,0,1,213,1,16331,1,0,1,0,1,2096,1,9273,1,8,1,8,1,0,1,92507,1,97,1,13200,1,858,1,105011,1,2260,1,1,1,32,1,32,1
159,1821900,4466,9545,28.987621,,0,10,8,96,30523,8567,29588,1791377,16,215,20,1,27024,1,20,1,260567,1,157823,1,113435,1,1222397,1,10090,1,112303,1,12034,4,300617,4,82935,4,235397,4,438751,8,602437,96,42124,24,2996,1,26112,1,2685,1,0,0,0,0,0,0,0,0,106301,1,33797,1,4759,1,5802,1,21232,1,205248,1,27986,1,3376,1,5421,1,30951,1,70500,1,16324,1,235,1,9545,1,4466,1,16559,1,9545,1,48,1,1240,1,1,1,0,1,4468,1,5041,1,36,1,0,0,204631,1,352044,1,776,1,776,1,0,1,96,1,2244,1,97,1,0,1,1,1,0,1,0,1,1,1,8,1,20,1,0,1,0,1,215,1,16324,1,0,1,0,1,2096,1,46167,1,8,1,8,1,0,1,91963,1,97,1,13613,1,330,1,114416,1,14734,1,1,1,32,1,32,1
160,1818000,4466,9545,28.98769,,0,10,8,96,30070,8718,30329,1787930,16,215,10,1,27074,1,40,1,259395,1,156912,1,113916,1,1220313,1,10270,1,109277,1,12084,4,301539,4,83235,4,236770,4,437198,8,601596,96,42043,24,2936,1,25911,1,2645,1,0,0,0,0,0,0,0,0,105600,1,33807,1,4559,1,5731,1,20972,1,204616,1,27775,1,3437,1,5451,1,31042,1,67354,1,16337,1,227,1,9545,1,4466,1,16564,1,9545,1,48,1,1240,1,1,1,0,1,4466,1,5041,1,38,1,0,0,206659,1,327327,1,776,1,776,1,0,1,96,1,2244,1,97,1,0,1,1,1,0,1,0,1,1,1,8,1,19,1,0,1,0,1,208,1,16337,1,0,1,0,1,1799,1,59202,1,8,1,8,1,0,1,89299,1,97,1,12722,1,396,1,108377,1,14602,1,1,1,32,1,32,1
161,1827500,4467,9545,28.98776,,0,10,8,96,31083,8848,29479,1796417,16,215,20,1,26883,1,40,1,259395,1,154607,1,114547,1,1230804,1,10120,1,121131,1,11753,4,300447,4,83165,4,235458,4,438631,8,602236,96,42374,24,3016,1,25701,1,2655,1,0,0,0,0,0,0,0,0,103346,1,34068,1,4379,1,6042,1,21232,1,204216,1,27635,1,3577,1,5621,1,30440,1,79217,1,16327,1,236,1,9545,1,4467,1,16563,1,9545,1,48,1,1240,1,1,1,0,1,4471,1,5040,1,34,1,0,0,206424,1,398310,1,776,1,776,1,0,1,96,1,2244,1,97,1,0,1,1,1,0,1,0,1,1,1,8,1,20,1,0,1,0,1,216,1,16327,1,0,1,0,1,2393,1,30261,1,8,1,8,1,0,1,110967,1,97,1,14339,1,3102,1,109912,1,1848,1,1,1,32,1,32,1
162,1824700,4469,9545,28.987827,,0,10,8,96,30547,8627,30058,1794153,16,215,20,1,27104,1,30,1,259295,1,164887,1,113906,1,1218720,1,10190,1,109778,1,12044,4,301208,4,83055,4,233444,4,440956,8,598540,96,45801,24,3026,1,23938,1,2645,1,0,0,0,0,0,0,0,0,113375,1,34088,1,4469,1,6112,1,20881,1,204456,1,27515,1,3126,1,5461,1,30541,1,68626,1,16321,1,241,1,9545,1,4469,1,16562,1,9545,1,48,1,1240,1,1,1,0,1,4470,1,5039,1,36,1,0,0,200919,1,318846,1,776,1,776,1,0,1,96,1,2244,1,97,1,0,1,1,1,0,1,0,1,1,1,8,1,20,1,0,1,0,1,221,1,16321,1,0,1,0,1,2690,1,13134,1,8,1,8,1,0,1,81698,1,97,1,12722,1,5709,1,106266,1,1270,1,1,1,32,1,32,1
163,1815000,4469,9545,28.987888,,0,10,8,96,30617,8547,30470,1784383,16,215,10,1,26933,1,40,1,260648,1,150940,1,113856,1,1221856,1,10100,1,111822,1,12224,4,301118,4,83105,4,233033,4,441216,8,601285,96,42494,24,2946,1,25110,1,2735,1,0,0,0,0,0,0,0,0,101221,1,32535,1,4469,1,6042,1,20671,1,205468,1,28206,1,3357,1,5571,1,30751,1,70149,1,16315,1,236,1,9545,1,4469,1,16551,1,9545,1,48,1,1240,1,1,1,0,1,4480,1,5040,1,25,1,0,0,221080,1,329802,1,776,1,776,1,0,1,96,1,2244,1,97,1,0,1,1,1,0,1,0,1,1,1,8,1,20,1,0,1,0,1,216,1,16315,1,0,1,0,1,1766,1,792,1,8,1,8,1,0,1,85640,1,97,1,13877,1,792,1,116958,1,792,1,1,1,32,1,32,1
164,1816200,4466,9545,28.98795,,0,10,8,96,30073,8667,29758,1786127,16,215,10,1,27394,1,40,1,261018,1,154787,1,113706,1,1219091,1,10080,1,111551,1,11884,4,299976,4,82494,4,233083,4,440625,8,601856,96,42094,24,2976,1,25170,1,2665,1,0,0,0,0,0,0,0,0,103386,1,34208,1,4529,1,6373,1,21282,1,205127,1,27956,1,3287,1,5451,1,30801,1,69979,1,16323,1,221,1,9545,1,4466,1,16544,1,9545,1,48,1,1240,1,1,1,0,1,4482,1,5040,1,23,1,0,0,209880,1,329472,1,776,1,776,1,0,1,96,1,2232,1,97,1,0,1,1,1,0,1,0,1,1,1,8,1,19,1,0,1,0,1,202,1,16323,1,0,1,0,1,2525,1,28083,1,8,1,8,1,0,1,88233,1,97,1,13778,1,5775,1,114516,1,2838,1,1,1,32,1,32,1
165,1821400,4468,9545,28.988005,,0,10,8,96,31025,8688,30369,1790375,16,215,20,1,26903,1,40,1,260838,1,153625,1,112694,1,1225934,1,10320,1,111632,1,11884,4,301409,4,83356,4,236439,4,441827,8,600854,96,47043,24,2996,1,25000,1,2705,1,0,0,0,0,0,0,0,0,103366,1,33156,1,4499,1,6092,1,20791,1,205588,1,28066,1,3406,1,5551,1,31252,1,69458,1,16296,1,248,1,9545,1,4468,1,16544,1,9545,1,48,1,1240,1,1,1,0,1,4482,1,5040,1,23,1,0,0,210175,1,300795,1,776,1,776,1,0,1,96,1,2280,1,97,1,0,1,1,1,0,1,0,1,1,1,8,1,20,1,0,1,0,1,228,1,16296,1,0,1,0,1,1667,1,22803,1,8,1,8,1,0,1,84935,1,97,1,13382,1,363,1,116644,1,2805,1,1,1,32,1,32,1
166,1814800,4469,9545,28.988058,,0,10,8,96,30798,8617,30079,1784002,16,215,40,1,27164,1,30,1,259776,1,154998,1,112664,1,1218981,1,10351,1,110850,1,12014,4,300296,4,83305,4,233574,4,439633,8,596335,96,46793,24,3046,1,25000,1,2645,1,0,0,0,0,0,0,0,0,104888,1,32695,1,4589,1,5882,1,21172,1,204476,1,27966,1,3517,1,5531,1,30951,1,68807,1,16303,1,248,1,9545,1,4469,1,16551,1,9545,1,48,1,1240,1,1,1,0,1,4480,1,5040,1,25,1,0,0,209944,1,334389,1,776,1,776,1,0,1,96,1,2244,1,97,1,0,1,1,1,0,1,0,1,1,1,8,1,20,1,0,1,0,1,228,1,16303,1,0,1,0,1,2228,1,54516,1,8,1,8,1,0,1,86021,1,97,1,13250,1,363,1,116908,1,13975,1,1,1,32,1,32,1
167,1814300,4468,9545,28.98811,,0,10,8,96,30318,8748,29117,1783982,16,215,50,1,27034,1,40,1,258764,1,156611,1,111992,1,1219401,1,10090,1,111822,1,12014,4,300276,4,82975,4,236660,4,436477,8,597026,96,46993,24,2956,1,24799,1,2675,1,0,0,0,0,0,0,0,0,103907,1,35190,1,4689,1,5992,1,20380,1,204185,1,27956,1,3317,1,5531,1,30771,1,70189,1,16302,1,243,1,9545,1,4468,1,16545,1,9545,1,48,1,1240,1,1,1,0,1,4479,1,5041,1,25,1,0,0,208147,1,320364,1,776,1,776,1,0,1,96,1,2244,1,97,1,0,1,1,1,0,1,0,1,1,1,8,1,20,1,0,1,0,1,223,1,16302,1,0,1,0,1,2162,1,52338,1,8,1,8,1,0,1,88167,1,97,1,13316,1,6171,1,115588,1,12556,1,1,1,32,1,32,1
168,1828800,4469,9545,28.988153,,0,10,8,96,30389,8658,30911,1798411,16,215,40,1,27004,1,30,1,258463,1,158044,1,113515,1,1231115,1,10200,1,111902,1,12214,4,302451,4,83696,4,234836,4,446416,8,603528,96,46813,24,3006,1,25230,1,2705,1,0,0,0,0,0,0,0,0,106662,1,34008,1,4539,1,5872,1,20771,1,203725,1,27845,1,3407,1,5521,1,31112,1,69799,1,16303,1,242,1,9545,1,4469,1,16545,1,9545,1,48,1,1240,1,1,1,0,1,4479,1,5041,1,25,1,0,0,205144,1,330066,1,776,1,776,1,0,1,96,1,2244,1,97,1,0,1,1,1,0,1,0,1,1,1,8,1,20,1,0,1,0,1,222,1,16303,1,0,1,0,1,2063,1,49566,1,8,1,8,1,0,1,94052,1,97,1,13349,1,5610,1,110770,1,15279,1,1,1,32,1,32,1
169,1946800,4468,9545,28.988195,,0,10,8,96,30233,8978,34587,1916567,16,215,40,1,27114,1,30,1,259786,1,152793,1,113946,1,1352677,1,10180,1,109968,1,12475,4,332140,4,83556,4,270769,4,494392,8,659432,96,71141,24,4840,1,32084,1,3477,1,0,0,0,0,0,0,0,0,101842,1,33807,1,4489,1,6463,1,21232,1,203835,1,28006,1,3377,1,5491,1,31032,1,68035,1,16318,1,239,1,9545,1,4468,1,16557,1,9545,1,48,1,1240,1,1,1,0,1,4478,1,5041,1,26,1,0,0,226815,1,394520,1,775,1,776,1,0,1,96,1,2244,1,97,1,0,1,1,1,0,1,0,1,1,1,8,1,19,1,0,1,0,1,220,1,16318,1,0,1,0,1,2327,1,5115,1,8,1,8,1,0,1,106999,1,97,1,12920,1,4521,1,124441,1,379,1,1,1,32,1,32,1
170,1841200,4471,9545,28.98824,,0,10,8,96,30485,8577,29828,1810715,16,215,180,1,31533,1,40,1,258223,1,158525,1,113265,1,1238539,1,10411,1,110800,1,11823,4,311779,4,83456,4,237211,4,443531,8,603459,96,47454,24,2976,1,25701,1,2685,1,0,0,0,0,0,0,0,0,108215,1,33206,1,4399,1,6252,1,20962,1,202622,1,28086,1,4088,1,5601,1,30931,1,68075,1,16309,1,251,1,9545,1,4471,1,16560,1,9545,1,48,1,1240,1,1,1,0,1,4490,1,5041,1,14,1,0,0,208261,1,362076,1,776,1,776,1,0,1,96,1,2244,1,97,1,0,1,1,1,0,1,0,1,1,1,8,1,20,1,0,1,0,1,231,1,16309,1,0,1,0,1,2525,1,44946,1,8,1,8,1,0,1,96726,1,97,1,13712,1,1254,1,115869,1,14470,1,1,1,32,1,32,1
171,1821500,4470,9545,28.988277,,0,11,8,96,30554,8607,30017,1790946,16,227,60,1,26984,1,40,1,258012,1,154427,1,111942,1,1229441,1,10040,1,112223,1,11793,4,300958,4,83225,4,235217,4,445595,8,599072,96,51723,36,2926,1,26252,1,2645,1,0,0,0,0,0,0,0,0,102524,1,34999,1,4469,1,6403,1,20701,1,202723,1,27895,1,3377,1,5481,1,30731,1,70620,1,16314,1,248,1,9545,1,4470,1,16562,1,9545,1,48,1,1240,1,1,1,0,1,4485,1,5040,1,20,1,0,0,209644,1,308847,1,776,1,776,1,0,1,96,1,2232,1,97,1,0,1,2,1,0,1,0,1,1,1,8,1,27,1,0,1,0,1,221,1,16314,1,0,1,0,1,2261,1,18051,1,8,1,8,1,0,1,81916,1,97,1,13679,1,1749,1,115687,1,2128,1,1,1,32,1,32,1
172,1828000,4471,9545,28.988316,,0,11,8,96,29960,8707,29869,1798040,16,227,20,1,26833,1,30,1,258483,1,155098,1,113105,1,1234241,1,10230,1,113475,1,12154,4,301308,4,83185,4,238163,4,445485,8,601735,96,52043,36,3006,1,26042,1,2715,1,0,0,0,0,0,0,0,0,104447,1,33497,1,4499,1,6593,1,20781,1,203264,1,27575,1,3467,1,5611,1,31052,1,71051,1,16313,1,250,1,9545,1,4471,1,16563,1,9545,1,48,1,1240,1,1,1,0,1,4493,1,5039,1,13,1,0,0,213759,1,385044,1,776,1,776,1,0,1,96,1,2244,1,97,1,0,1,2,1,0,1,0,1,1,1,8,1,28,1,0,1,0,1,222,1,16313,1,0,1,0,1,2723,1,62766,1,8,1,8,1,0,1,100786,1,97,1,13712,1,5511,1,115770,1,13959,1,1,1,32,1,32,1
173,1813700,4469,9545,28.98835,,0,11,8,96,31030,8718,30228,1782670,16,227,90,1,26863,1,30,1,259445,1,152513,1,111972,1,1221666,1,10090,1,112473,1,11683,4,301990,4,82834,4,234596,4,438651,8,595795,96,47224,36,2996,1,25040,1,2685,1,0,0,0,0,0,0,0,0,101852,1,33567,1,4359,1,6543,1,20401,1,204606,1,27605,1,3206,1,5561,1,30761,1,70941,1,16321,1,245,1,9545,1,4469,1,16566,1,9545,1,48,1,1240,1,1,1,0,1,4483,1,5040,1,22,1,0,0,209959,1,341253,1,776,1,776,1,0,1,96,1,2232,1,97,1,0,1,2,1,0,1,0,1,1,1,8,1,27,1,0,1,0,1,218,1,16321,1,0,1,0,1,2426,1,5181,1,8,1,8,1,0,1,85741,1,97,1,13646,1,1716,1,117073,1,1666,1,1,1,32,1,32,1
174,1812900,4470,9545,28.988382,,0,11,8,96,29819,8558,30389,1783081,16,227,10,1,27294,1,40,1,258754,1,148104,1,112143,1,1226525,1,10210,1,111101,1,11663,4,301268,4,83396,4,234175,4,445735,8,598139,96,51382,36,2976,1,24980,1,2675,1,0,0,0,0,0,0,0,0,101081,1,30070,1,4439,1,6964,1,20431,1,203735,1,27384,1,3236,1,5531,1,30911,1,69348,1,16314,1,249,1,9545,1,4470,1,16563,1,9545,1,48,1,1240,1,1,1,0,1,4488,1,5040,1,17,1,0,0,215388,1,338976,1,776,1,776,1,0,1,96,1,2232,1,97,1,0,1,2,1,0,1,0,1,1,1,8,1,27,1,0,1,0,1,222,1,16314,1,0,1,0,1,1799,1,429,1,8,1,8,1,0,1,89468,1,97,1,14075,1,3498,1,117914,1,429,1,1,1,32,1,32,1
175,1823300,4470,9545,28.988405,,0,11,8,96,30480,8637,29939,1792820,16,227,10,1,27184,1,80,1,258674,1,157002,1,112724,1,1227026,1,10120,1,110449,1,11673,4,300797,4,83205,4,236289,4,445265,8,600593,96,51021,36,2986,1,25040,1,2685,1,0,0,0,0,0,0,0,0,106191,1,33557,1,4499,1,6503,1,20791,1,203244,1,27855,1,3447,1,5491,1,30901,1,68526,1,16317,1,246,1,9545,1,4470,1,16563,1,9545,1,48,1,1240,1,1,1,0,1,4493,1,5040,1,12,1,0,0,207786,1,357390,1,776,1,776,1,0,1,96,1,2232,1,97,1,0,1,2,1,0,1,0,1,1,1,8,1,28,1,0,1,0,1,218,1,16317,1,0,1,0,1,1832,1,52899,1,8,1,8,1,0,1,97502,1,97,1,13646,1,6468,1,115522,1,13150,1,1,1,32,1,32,1
176,1822400,4470,9545,28.988434,,0,11,8,96,30131,9008,30168,1792269,16,227,10,1,27144,1,40,1,258223,1,153735,1,112193,1,1230684,1,10240,1,115279,1,12024,4,300958,4,83265,4,233734,4,445895,8,598801,96,50661,36,3046,1,24819,1,2655,1,0,0,0,0,0,0,0,0,105039,1,31202,1,4639,1,6583,1,20290,1,203314,1,27735,1,3667,1,5301,1,31022,1,73146,1,16313,1,246,1,9545,1,4470,1,16559,1,9545,1,48,1,1240,1,1,1,0,1,4489,1,5040,1,16,1,0,0,207949,1,381051,1,776,1,776,1,0,1,96,1,2232,1,97,1,0,1,2,1,0,1,0,1,1,1,8,1,28,1,0,1,0,1,218,1,16313,1,1,1,0,1,2294,1,44319,1,8,1,8,1,0,1,102667,1,97,1,14108,1,6006,1,113493,1,14833,1,1,1,32,1,32,1
177,1822600,4471,9545,28.988464,,0,11,8,96,30141,8797,30430,1792459,16,227,10,1,26994,1,40,1,258513,1,152022,1,112032,1,1232748,1,10100,1,111261,1,12184,4,307491,4,83496,4,236159,4,442709,8,597808,96,50631,36,2956,1,25000,1,2695,1,0,0,0,0,0,0,0,0,102924,1,32164,1,4399,1,6262,1,20841,1,203143,1,28016,1,3537,1,5601,1,31172,1,68917,1,16317,1,246,1,9545,1,4471,1,16563,1,9545,1,48,1,1240,1,1,1,0,1,4490,1,5039,1,16,1,0,0,204896,1,333102,1,776,1,776,1,0,1,96,1,2244,1,97,1,0,1,2,1,0,1,0,1,1,1,8,1,28,1,0,1,0,1,218,1,16317,1,0,1,0,1,2690,1,561,1,8,1,8,1,0,1,84537,1,97,1,12854,1,990,1,111496,1,561,1,1,1,32,1,32,1
178,1812000,4468,9545,28.988497,,0,11,8,96,30242,8597,30497,1781758,16,227,10,1,27004,1,80,1,259796,1,151200,1,112453,1,1221055,1,10160,1,110159,1,12365,4,301248,4,83115,4,234205,4,440084,8,596678,96,47114,36,2986,1,25611,1,2685,1,0,0,0,0,0,0,0,0,101933,1,32034,1,4579,1,6804,1,21222,1,203464,1,27755,1,3377,1,5621,1,30851,1,68276,1,16323,1,238,1,9545,1,4468,1,16561,1,9545,1,48,1,1240,1,1,1,0,1,4489,1,5040,1,16,1,0,0,204462,1,306405,1,776,1,776,1,0,1,96,1,2232,1,97,1,0,1,2,1,0,1,0,1,1,1,8,1,27,1,0,1,0,1,211,1,16323,1,0,1,0,1,2393,1,693,1,8,1,8,1,0,1,79424,1,97,1,13481,1,462,1,108939,1,693,1,1,1,32,1,32,1
179,1822600,4470,9545,28.988514,,0,11,8,96,31353,8647,30690,1791247,16,227,20,1,27124,1,30,1,261389,1,153555,1,113445,1,1225363,1,10320,1,113325,1,12334,4,302330,4,83836,4,234947,4,439302,8,596605,96,46953,36,2956,1,25000,1,2685,1,0,0,0,0,0,0,0,0,102944,1,33476,1,4499,1,6403,1,21262,1,205388,1,28036,1,3397,1,5521,1,31112,1,71312,1,16322,1,241,1,9545,1,4470,1,16563,1,9545,1,48,1,1240,1,1,1,0,1,4494,1,5040,1,11,1,0,0,206546,1,336303,1,776,1,776,1,0,1,96,1,2244,1,97,1,0,1,2,1,0,1,0,1,1,1,8,1,28,1,0,1,0,1,213,1,16322,1,0,1,0,1,2558,1,495,1,8,1,8,1,0,1,79928,1,97,1,12491,1,5874,1,108064,1,495,1,1,1,32,1,32,1
180,1823100,4469,9545,28.988539,,0,11,8,96,30531,8627,31531,1792569,16,227,70,1,27344,1,40,1,259355,1,150779,1,113666,1,1231235,1,10080,1,109788,1,12054,4,301328,4,82945,4,238864,4,446697,8,603079,96,50951,36,3026,1,25220,1,2685,1,0,0,0,0,0,0,0,0,100821,1,32565,1,4499,1,6473,1,20721,1,203945,1,27976,1,3597,1,5591,1,31292,1,67244,1,16314,1,246,1,9545,1,4469,1,16560,1,9545,1,48,1,1240,1,1,1,0,1,4484,1,5040,1,21,1,0,0,208114,1,333036,1,776,1,776,1,0,1,96,1,2244,1,97,1,0,1,2,1,0,1,0,1,1,1,8,1,27,1,0,1,0,1,219,1,16314,1,0,1,0,1,1964,1,429,1,8,1,8,1,0,1,86728,1,97,1,14042,1,2640,1,115968,1,429,1,1,1,32,1,32,1
181,1819600,4470,9545,28.988562,,0,11,8,96,30638,8567,29999,1788962,16,227,20,1,27034,1,80,1,259225,1,155609,1,112684,1,1224171,1,10140,1,109798,1,11994,4,301499,4,82975,4,237602,4,440916,8,596385,96,52134,36,2926,1,25220,1,2675,1,0,0,0,0,0,0,0,0,106091,1,32314,1,4529,1,6603,1,20982,1,203374,1,27996,1,3377,1,5501,1,30731,1,68225,1,16310,1,246,1,9545,1,4470,1,16556,1,9545,1,48,1,1240,1,1,1,0,1,4496,1,5040,1,9,1,0,0,210407,1,307296,1,776,1,776,1,0,1,96,1,2244,1,97,1,0,1,2,1,0,1,0,1,1,1,8,1,28,1,0,1,0,1,218,1,16310,1,0,1,0,1,2624,1,45111,1,8,1,8,1,0,1,81483,1,97,1,13151,1,5445,1,115324,1,16335,1,1,1,32,1,32,1
182,1812700,4469,9545,28.988585,,0,11,8,96,29529,8647,31892,1783171,16,227,40,1,27424,1,30,1,259195,1,149347,1,112032,1,1224992,1,10110,1,109437,1,11693,4,300647,4,82824,4,236039,4,444913,8,597938,96,51122,36,2996,1,25120,1,2675,1,0,0,0,0,0,0,0,0,99427,1,33136,1,4379,1,6513,1,20741,1,203825,1,27865,1,3687,1,5491,1,30941,1,67344,1,16306,1,246,1,9545,1,4469,1,16552,1,9545,1,48,1,1240,1,1,1,0,1,4501,1,5040,1,4,1,0,0,209267,1,317724,1,776,1,776,1,0,1,96,1,2232,1,97,1,0,1,2,1,0,1,0,1,1,1,8,1,27,1,0,1,0,1,219,1,16306,1,0,1,0,1,2327,1,462,1,8,1,8,1,0,1,88415,1,97,1,13283,1,5940,1,116512,1,462,1,1,1,32,1,32,1
183,1826900,4469,9545,28.988605,,0,11,8,96,30082,8828,30148,1796818,16,227,50,1,27134,1,30,1,257772,1,158244,1,113075,1,1230323,1,10190,1,113716,1,11984,4,301158,4,83566,4,236009,4,444402,8,598230,96,52033,36,3046,1,24960,1,2655,1,0,0,0,0,0,0,0,0,106872,1,34188,1,4499,1,6473,1,20200,1,202913,1,27875,1,3407,1,5481,1,31092,1,71412,1,16303,1,249,1,9545,1,4469,1,16552,1,9545,1,48,1,1240,1,1,1,0,1,4493,1,5040,1,12,1,0,0,211036,1,357324,1,776,1,776,1,0,1,96,1,2244,1,97,1,0,1,2,1,0,1,0,1,1,1,8,1,24,1,0,1,0,1,225,1,16303,1,0,1,0,1,2261,1,51315,1,8,1,8,1,0,1,104155,1,97,1,14108,1,1518,1,116017,1,13695,1,1,1,32,1,32,1
184,1814800,4468,9545,28.98862,,0,11,8,96,29886,8687,30049,1784914,16,227,40,1,27214,1,40,1,259074,1,151341,1,112904,1,1224241,1,10060,1,109928,1,12244,4,300627,4,82965,4,236079,4,443180,8,597017,96,52193,36,3066,1,24779,1,2685,1,0,0,0,0,0,0,0,0,99588,1,34799,1,4469,1,6914,1,21072,1,203003,1,27825,1,3226,1,5401,1,30811,1,68516,1,16302,1,248,1,9545,1,4468,1,16550,1,9545,1,48,1,1240,1,1,1,0,1,4492,1,5040,1,13,1,0,0,204797,1,320001,1,776,1,776,1,0,1,96,1,2244,1,97,1,0,1,2,1,0,1,0,1,1,1,8,1,23,1,0,1,0,1,225,1,16302,1,0,1,0,1,2030,1,6039,1,8,1,8,1,0,1,86039,1,97,1,13448,1,9867,1,114582,1,1501,1,1,1,32,1,32,1
185,1815100,4468,9545,28.988636,,0,11,8,96,29985,10841,30150,1785115,16,227,20,1,26843,1,40,1,258463,1,151280,1,112834,1,1225473,1,10160,1,109477,1,11693,4,300667,4,82935,4,235197,4,444313,8,596866,96,52494,36,2996,1,24669,1,2685,1,0,0,0,0,0,0,0,0,100350,1,33998,1,4419,1,6864,1,20521,1,202893,1,27925,1,3397,1,5160,1,31012,1,67945,1,16303,1,248,1,9545,1,4468,1,16551,1,9545,1,48,1,1240,1,1,1,0,1,4495,1,5040,1,10,1,0,0,200060,1,330528,1,776,1,776,1,0,1,96,1,2244,1,97,1,0,1,2,1,0,1,0,1,1,1,8,1,23,1,0,1,0,1,225,1,16303,1,1,1,0,1,2459,1,2772,1,8,1,8,1,0,1,88021,1,97,1,13299,1,5940,1,109351,1,544,1,1,1,32,1,32,1
186,1832200,4468,9545,28.988659,,0,11,8,96,31675,10010,30799,1800525,16,227,40,1,26954,1,40,1,269736,1,150489,1,113485,1,1229732,1,10050,1,111391,1,11673,4,301208,4,83376,4,239345,4,441146,8,597649,96,52043,36,2996,1,25911,1,2675,1,0,0,0,0,0,0,0,0,99277,1,34308,1,4449,1,6423,1,20942,1,214165,1,27915,1,3186,1,5160,1,30781,1,70209,1,16302,1,248,1,9545,1,4468,1,16550,1,9545,1,48,1,1240,1,1,1,0,1,4496,1,5041,1,8,1,0,0,209430,1,357720,1,776,1,776,1,0,1,96,1,2244,1,97,1,0,1,2,1,0,1,0,1,1,1,8,1,23,1,0,1,0,1,225,1,16302,1,1,1,0,1,1832,1,5313,1,8,1,8,1,0,1,90575,1,97,1,13613,1,6270,1,115176,1,495,1,1,1,32,1,32,1
187,1906100,4468,9545,28.988678,,0,11,8,96,34353,10531,33285,1871747,16,227,150,1,30961,1,50,1,288272,1,157984,1,143655,1,1238850,1,11823,1,113415,1,12084,4,311328,4,83165,4,237041,4,440865,8,592227,96,52394,36,3106,1,24619,1,2695,1,0,0,0,0,0,0,0,0,103606,1,35631,1,5070,1,7004,1,22775,1,222131,1,32344,1,3788,1,5381,1,30581,1,71332,1,16300,1,248,1,9545,1,4468,1,16548,1,9545,1,48,1,1240,1,1,1,0,1,4493,1,5041,1,11,1,0,0,207729,1,326469,1,776,1,776,1,0,1,96,1,2244,1,97,1,0,1,2,1,0,1,0,1,1,1,8,1,23,1,0,1,0,1,225,1,16300,1,1,1,0,1,5115,1,11121,1,8,1,8,1,0,1,83597,1,97,1,12474,1,3564,1,110220,1,2062,1,1,1,32,1,32,1
188,1853900,4467,9545,28.988693,,0,11,8,96,30329,8597,32282,1823571,16,227,110,1,31062,1,40,1,266810,1,152673,1,132844,1,1229892,1,10140,1,113636,1,12355,4,303312,4,82834,4,232872,4,446737,8,596156,96,51171,36,3056,1,23807,1,2685,1,0,0,0,0,0,0,0,0,99868,1,34879,1,4970,1,7144,1,22284,1,203795,1,33316,1,4088,1,6142,1,30701,1,70350,1,16309,1,243,1,9545,1,4467,1,16552,1,9545,1,48,1,1240,1,1,1,0,1,4494,1,5041,1,10,1,0,0,217058,1,298188,1,776,1,776,1,0,1,96,1,2244,1,97,1,0,1,2,1,0,1,0,1,1,1,8,1,23,1,0,1,0,1,220,1,16309,1,0,1,0,1,1634,1,22968,1,8,1,8,1,0,1,78052,1,97,1,13118,1,429,1,118492,1,2689,1,1,1,32,1,32,1
189,1816200,4468,9545,28.988708,,0,11,8,96,31256,8647,30530,1784944,16,227,20,1,26883,1,30,1,260517,1,148966,1,112564,1,1225834,1,10130,1,109928,1,11653,4,301519,4,83075,4,237401,4,443220,8,598108,96,51983,36,2966,1,24749,1,2675,1,0,0,0,0,0,0,0,0,99237,1,32805,1,4379,1,7064,1,20821,1,204406,1,27956,1,3747,1,5401,1,30881,1,67845,1,16300,1,248,1,9545,1,4468,1,16548,1,9545,1,48,1,1240,1,1,1,0,1,4497,1,5041,1,7,1,0,0,213422,1,308847,1,776,1,776,1,0,1,96,1,2244,1,97,1,0,1,2,1,0,1,0,1,1,1,8,1,23,1,0,1,0,1,225,1,16300,1,0,1,0,1,2162,1,6303,1,8,1,8,1,0,1,86073,1,97,1,13811,1,1386,1,116166,1,1963,1,1,1,32,1,32,1
190,1923000,4469,9545,28.988724,,0,11,8,96,33458,9048,39488,1889542,16,227,160,1,30741,1,60,1,294415,1,160719,1,135609,1,1257577,1,10260,1,113596,1,12615,4,309164,4,83726,4,238514,4,459532,8,606506,96,52053,36,3046,1,25601,1,2735,1,0,0,0,0,0,0,0,0,107954,1,33947,1,4930,1,7445,1,23687,1,224586,1,38106,1,4158,1,6272,1,30721,1,70039,1,16299,1,250,1,9545,1,4469,1,16549,1,9545,1,48,1,1240,1,1,1,0,1,4498,1,5041,1,6,1,0,0,220922,1,318384,1,776,1,776,1,0,1,96,1,2232,1,97,1,0,1,2,1,0,1,0,1,1,1,8,1,27,1,0,1,0,1,223,1,16299,1,0,1,0,1,15460,1,53955,1,8,1,8,1,0,1,85543,1,97,1,13018,1,363,1,112392,1,14916,1,1,1,32,1,32,1
191,1907000,4467,9545,28.988739,,0,11,8,96,31115,8977,32384,1875885,16,227,110,1,29138,1,50,1,285988,1,152423,1,134597,1,1263479,1,10100,1,115950,1,12214,4,319274,4,83406,4,233073,4,458210,8,607999,96,50901,36,3056,1,26613,1,2705,1,0,0,0,0,0,0,0,0,100099,1,33667,1,5040,1,7896,1,22485,1,220488,1,34669,1,4248,1,6212,1,32264,1,70931,1,16302,1,243,1,9545,1,4467,1,16545,1,9545,1,48,1,1240,1,1,1,0,1,4500,1,5041,1,4,1,0,0,219420,1,298419,1,773,1,773,1,0,1,96,1,2244,1,97,1,0,1,2,1,0,1,0,1,1,1,8,1,23,1,0,1,0,1,220,1,16302,1,0,1,0,1,2326,1,28050,1,8,1,8,1,0,1,77635,1,97,1,13480,1,1056,1,114620,1,2541,1,1,1,32,1,32,1
192,1895500,4469,9545,28.988747,,0,11,8,96,31930,8737,30530,1863570,16,227,60,1,30791,1,40,1,272291,1,161290,1,134156,1,1254701,1,10240,1,119768,1,12395,4,318743,4,82975,4,236560,4,444453,8,597859,96,52624,36,3096,1,25310,1,2665,1,0,0,0,0,0,0,0,0,108746,1,34188,1,5070,1,7615,1,22324,1,208454,1,33517,1,4258,1,6242,1,30721,1,75971,1,16295,1,249,1,9545,1,4469,1,16544,1,9545,1,48,1,1240,1,1,1,0,1,4495,1,5041,1,9,1,0,0,210357,1,382074,1,776,1,776,1,0,1,96,1,2244,1,97,1,0,1,2,1,0,1,0,1,1,1,8,1,24,1,0,1,0,1,225,1,16295,1,0,1,0,1,2261,1,56892,1,8,1,8,1,0,1,101695,1,97,1,14042,1,2079,1,116710,1,14916,1,1,1,32,1,32,1
193,1820000,4468,9545,28.988762,,0,11,8,96,31679,8727,30109,1788321,16,227,40,1,26553,1,30,1,261870,1,150329,1,113996,1,1225383,1,10120,1,110760,1,11914,4,300968,4,83345,4,235828,4,443411,8,596656,96,52474,36,2986,1,24809,1,2635,1,0,0,0,0,0,0,0,0,99488,1,33947,1,4399,1,7264,1,20801,1,205729,1,27795,1,3216,1,5581,1,31112,1,68917,1,16292,1,248,1,9545,1,4468,1,16540,1,9545,1,48,1,1240,1,1,1,0,1,4496,1,5041,1,8,1,0,0,202436,1,316800,1,776,1,776,1,0,1,96,1,2244,1,97,1,0,1,2,1,0,1,0,1,1,1,8,1,23,1,0,1,0,1,225,1,16292,1,0,1,0,1,2327,1,26532,1,8,1,8,1,0,1,81103,1,97,1,12623,1,6237,1,110358,1,2458,1,1,1,32,1,32,1
194,2077400,4469,9545,28.988777,,0,11,8,96,40235,27945,33115,2037165,16,227,30,1,27234,1,40,1,260638,1,147914,1,113896,1,1476883,1,10531,1,200348,1,11252,4,375636,4,82344,4,262902,4,476065,8,653910,96,51943,36,4599,1,32334,1,3457,1,0,0,0,0,0,0,0,0,98716,1,32474,1,4419,1,6934,1,20691,1,205017,1,27735,1,8757,1,16032,1,38436,1,134277,1,16285,1,259,1,9545,1,4469,1,16544,1,9545,1,48,1,1240,1,1,1,0,1,4497,1,5041,1,7,1,0,0,253769,1,448701,1,776,1,776,1,0,1,96,1,2232,1,97,1,0,1,2,1,0,1,0,1,1,1,8,1,28,1,0,1,0,1,231,1,16285,1,0,1,0,1,1634,1,18150,1,8,1,8,1,0,1,117372,1,97,1,16979,1,6171,1,122502,1,1930,1,1,1,32,1,32,1
195,1882700,4470,9545,28.988789,,0,11,8,96,31604,6994,30942,1851096,16,227,80,1,30881,1,50,1,263523,1,149146,1,123285,1,1274020,1,10110,1,109848,1,11132,4,345817,4,82875,4,237111,4,447960,8,602155,96,51973,36,3216,1,26292,1,2776,1,0,0,0,0,0,0,0,0,102023,1,30430,1,4349,1,7565,1,22805,1,201520,1,31262,1,4459,1,5100,1,30881,1,67193,1,16294,1,251,1,9545,1,4470,1,16545,1,9545,1,48,1,1240,1,1,1,0,1,4500,1,5041,1,4,1,0,0,204187,1,365574,1,776,1,776,1,0,1,96,1,2244,1,97,1,0,1,2,1,0,1,0,1,1,1,8,1,28,1,0,1,0,1,223,1,16294,1,0,1,0,1,2393,1,6270,1,8,1,8,1,0,1,83099,1,97,1,13019,1,6501,1,113938,1,957,1,1,1,32,1,32,1
196,1828200,4469,9545,28.988796,,0,11,8,96,31713,6603,30249,1796487,16,227,30,1,28206,1,50,1,261619,1,150759,1,116211,1,1229501,1,10110,1,109978,1,11693,4,301008,4,83135,4,237652,4,446627,8,601786,96,52244,36,3066,1,26964,1,2776,1,0,0,0,0,0,0,0,0,102524,1,31372,1,4349,1,7836,1,21162,1,203424,1,28827,1,3146,1,5301,1,30941,1,68516,1,16292,1,251,1,9545,1,4469,1,16543,1,9545,1,48,1,1240,1,1,1,0,1,4502,1,5041,1,2,1,0,0,210212,1,364617,1,776,1,776,1,0,1,96,1,2232,1,97,1,0,1,2,1,0,1,0,1,1,1,8,1,27,1,0,1,0,1,224,1,16292,1,0,1,0,1,2393,1,9108,1,8,1,8,1,0,1,95605,1,97,1,13976,1,4620,1,115654,1,2359,1,1,1,32,1,32,1
197,1822800,4470,9545,28.988804,,0,11,8,96,30461,6693,29747,1792339,16,227,40,1,27535,1,60,1,261028,1,154537,1,118866,1,1220133,1,10140,1,108055,1,11603,4,301178,4,83305,4,235458,4,442839,8,596867,96,51683,36,3006,1,25230,1,2765,1,0,0,0,0,0,0,0,0,103706,1,33737,1,4359,1,7505,1,21372,1,203995,1,27925,1,3266,1,5260,1,31012,1,66522,1,16294,1,249,1,9545,1,4470,1,16543,1,9545,1,48,1,1240,1,1,1,0,1,4500,1,5041,1,4,1,0,0,208622,1,338976,1,776,1,776,1,0,1,96,1,2232,1,97,1,0,1,2,1,0,1,0,1,1,1,8,1,27,1,0,1,0,1,222,1,16294,1,0,1,0,1,2228,1,44154,1,8,1,8,1,0,1,90673,1,97,1,13679,1,5412,1,116364,1,12391,1,1,1,32,1,32,1
198,1814200,4471,9545,28.988811,,0,11,8,96,30468,6714,29679,1783732,16,227,110,1,27555,1,40,1,259836,1,148635,1,116461,1,1221035,1,10060,1,108565,1,11854,4,301809,4,83125,4,233784,4,444282,8,596715,96,51673,36,3026,1,25090,1,2786,1,0,0,0,0,0,0,0,0,97443,1,34318,1,4409,1,7525,1,20441,1,203725,1,27835,1,3357,1,5260,1,30721,1,67234,1,16296,1,250,1,9545,1,4471,1,16546,1,9545,1,48,1,1240,1,1,1,0,1,4501,1,5041,1,3,1,0,0,205559,1,300960,1,776,1,776,1,0,1,96,1,2232,1,97,1,0,1,2,1,0,1,0,1,1,1,8,1,28,1,0,1,0,1,222,1,16296,1,0,1,0,1,2129,1,19404,1,8,1,8,1,0,1,84209,1,97,1,13910,1,5544,1,115209,1,2475,1,1,1,32,1,32,1
199,1811800,4470,9545,28.98882,,0,11,8,96,30483,8697,31142,1781317,16,227,60,1,27074,1,20,1,259896,1,146621,1,113826,1,1223720,1,10100,1,108445,1,12244,4,300877,4,83265,4,238103,4,441537,8,596535,96,51963,36,3046,1,24829,1,2675,1,0,0,0,0,0,0,0,0,98225,1,31603,1,4509,1,7294,1,20871,1,203474,1,27986,1,3437,1,5270,1,30821,1,66883,1,16301,1,249,1,9545,1,4470,1,16550,1,9545,1,48,1,1240,1,1,1,0,1,4499,1,5041,1,5,1,0,0,206474,1,336006,1,776,1,776,1,0,1,96,1,2232,1,97,1,0,1,2,1,0,1,0,1,1,1,8,1,27,1,0,1,0,1,222,1,16301,1,0,1,0,1,2294,1,693,1,8,1,8,1,0,1,90475,1,97,1,13547,1,2640,1,116446,1,693,1,1,1,32,1,32,1
200,1820300,4470,9545,28.988827,,0,11,8,96,29845,8657,29028,1790455,16,227,70,1,27114,1,40,1,257812,1,156421,1,115008,1,1223850,1,10140,1,109297,1,11874,4,301649,4,82604,4,235027,4,444082,8,597927,96,52154,36,3016,1,25020,1,2625,1,0,0,0,0,0,0,0,0,106281,1,33006,1,4599,1,7164,1,20952,1,201630,1,27755,1,3377,1,5321,1,31222,1,67344,1,16298,1,250,1,9545,1,4470,1,16548,1,9545,1,48,1,1240,1,1,1,0,1,4500,1,5041,1,4,1,0,0,207174,1,342243,1,776,1,776,1,0,1,96,1,2232,1,97,1,0,1,2,1,0,1,0,1,1,1,8,1,23,1,0,1,0,1,227,1,16298,1,0,1,0,1,1700,1,47619,1,8,1,8,1,0,1,88941,1,97,1,13415,1,1221,1,116133,1,17671,1,1,1,32,1,32,1
201,1817400,4471,9545,28.988834,,0,11,8,96,29339,8577,29197,1788061,16,227,120,1,27204,1,30,1,258664,1,149567,1,114578,1,1227788,1,10110,1,109477,1,11793,4,301509,4,83466,4,237421,4,444844,8,601606,96,51462,36,2976,1,25050,1,2675,1,0,0,0,0,0,0,0,0,99357,1,33346,1,4449,1,6974,1,20601,1,202813,1,27996,1,3868,1,5280,1,30941,1,67354,1,16296,1,253,1,9545,1,4471,1,16549,1,9545,1,48,1,1240,1,1,1,0,1,4499,1,5041,1,5,1,0,0,203475,1,336303,1,776,1,776,1,0,1,96,1,2232,1,97,1,0,1,2,1,0,1,0,1,1,1,8,1,27,1,0,1,0,1,226,1,16296,1,0,1,0,1,2030,1,495,1,8,1,8,1,0,1,101167,1,97,1,12821,1,6138,1,110258,1,495,1,1,1,32,1,32,1
202,1935400,4472,9545,28.988842,,0,11,8,96,30713,8457,31751,1904687,16,227,60,1,27114,1,40,1,258123,1,148515,1,113676,1,1347010,1,10150,1,113465,1,11833,4,350055,4,84828,4,283077,4,461476,8,659517,96,53286,36,3788,1,27114,1,2916,1,0,0,0,0,0,0,0,0,99247,1,32505,1,4399,1,7525,1,20701,1,201650,1,27966,1,3557,1,5331,1,30982,1,71562,1,16296,1,254,1,9545,1,4472,1,16550,1,9545,1,48,1,1240,1,1,1,0,1,4499,1,5041,1,5,1,0,0,213510,1,479804,1,775,1,775,1,0,1,96,1,2232,1,97,1,0,1,2,1,0,1,0,1,1,1,8,1,28,1,0,1,0,1,226,1,16296,1,0,1,0,1,1898,1,330,1,8,1,8,1,0,1,122332,1,97,1,12392,1,363,1,117908,1,330,1,1,1,32,1,32,1
203,1842100,4472,9545,28.98885,,0,11,8,96,31665,12525,30259,1810435,16,227,40,1,30440,1,30,1,257241,1,155870,1,112804,1,1243820,1,10190,1,115640,1,12795,4,303222,4,83315,4,236991,4,446517,8,601295,96,51953,36,3056,1,27084,1,2675,1,0,0,0,0,0,0,0,0,104798,1,34068,1,4369,1,7495,1,21893,1,199426,1,28076,1,4018,1,5501,1,30791,1,72985,1,16296,1,254,1,9545,1,4472,1,16550,1,9545,1,48,1,1240,1,1,1,0,1,4502,1,5041,1,2,1,0,0,211280,1,373956,1,776,1,776,1,0,1,96,1,2268,1,97,1,0,1,2,1,0,1,0,1,1,1,8,1,28,1,0,1,0,1,226,1,16296,1,1,1,0,1,2624,1,46068,1,8,1,8,1,0,1,108906,1,97,1,13580,1,759,1,116760,1,17077,1,1,1,32,1,32,1
204,1833100,4472,9545,28.988857,,0,11,8,96,31162,12705,30440,1801938,16,227,50,1,27194,1,30,1,258002,1,156811,1,114668,1,1234962,1,10220,1,109467,1,11864,4,300747,4,83536,4,238824,4,447238,8,603700,96,51923,36,3036,1,24829,1,2715,1,0,0,0,0,0,0,0,0,105871,1,33998,1,4379,1,7485,1,21052,1,201600,1,27565,1,3857,1,5501,1,31022,1,67083,1,16295,1,254,1,9545,1,4472,1,16549,1,9545,1,48,1,1240,1,1,1,0,1,4502,1,5041,1,2,1,0,0,205245,1,329373,1,776,1,776,1,0,1,96,1,2268,1,97,1,0,1,2,1,0,1,0,1,1,1,8,1,28,1,0,1,0,1,226,1,16295,1,1,1,0,1,2492,1,48048,1,8,1,8,1,0,1,92619,1,97,1,13481,1,2211,1,112915,1,16153,1,1,1,32,1,32,1
205,1818600,4470,9545,28.988865,,0,11,8,96,29948,8708,30719,1788652,16,227,90,1,27404,1,30,1,260197,1,148395,1,113896,1,1228249,1,10391,1,111171,1,11813,4,302170,4,83616,4,238033,4,443039,8,603269,96,47083,36,2966,1,24038,1,2695,1,0,0,0,0,0,0,0,0,99518,1,32174,1,4369,1,7795,1,20891,1,203264,1,27966,1,3477,1,5501,1,31052,1,69057,1,16307,1,241,1,9545,1,4470,1,16548,1,9545,1,48,1,1240,1,1,1,0,1,4502,1,5041,1,2,1,0,0,210045,1,361053,1,776,1,776,1,0,1,96,1,2232,1,97,1,0,1,2,1,0,1,0,1,1,1,8,1,27,1,0,1,0,1,214,1,16307,1,0,1,0,1,2327,1,693,1,8,1,8,1,0,1,92104,1,97,1,13481,1,6336,1,114169,1,693,1,1,1,32,1,32,1
206,1813400,4470,9545,28.98887,,0,11,8,96,32113,12605,29207,1781287,16,227,40,1,26913,1,30,1,259305,1,148725,1,113054,1,1223099,1,10120,1,110579,1,11823,4,300607,4,83325,4,231049,4,441717,8,596986,96,46572,36,2996,1,25661,1,2735,1,0,0,0,0,0,0,0,0,97404,1,34448,1,4469,1,7755,1,20751,1,202813,1,27705,1,3727,1,5421,1,31112,1,68286,1,16306,1,241,1,9545,1,4470,1,16547,1,9545,1,48,1,1240,1,1,1,0,1,4502,1,5041,1,2,1,0,0,211726,1,323103,1,776,1,776,1,0,1,96,1,2232,1,97,1,0,1,2,1,0,1,0,1,1,1,8,1,27,1,0,1,0,1,214,1,16306,1,1,1,0,1,1865,1,6006,1,8,1,8,1,0,1,88344,1,97,1,13118,1,5676,1,114516,1,1402,1,1,1,32,1,32,1
207,1818700,4469,9545,28.98887,,0,11,8,96,30209,8767,29869,1788491,16,227,40,1,27144,1,30,1,259125,1,153615,1,113485,1,1224822,1,10230,1,111221,1,11503,4,302300,4,84438,4,234415,4,441668,8,598970,96,47244,36,2976,1,24869,1,2665,1,0,0,0,0,0,0,0,0,103225,1,33136,1,4389,1,7084,1,21413,1,202332,1,27986,1,3287,1,5571,1,30921,1,69448,1,16309,1,237,1,9545,1,4469,1,16546,1,9545,1,48,1,1240,1,1,1,0,1,4503,1,5041,1,1,1,0,0,203972,1,318714,1,776,1,776,1,0,1,96,1,2232,1,97,1,0,1,2,1,0,1,0,1,1,1,8,1,27,1,0,1,0,1,210,1,16309,1,0,1,0,1,2063,1,59004,1,8,1,8,1,0,1,87953,1,97,1,12953,1,3663,1,108972,1,15790,1,1,1,32,1,32,1
208,1822800,4466,9545,28.988878,,0,11,8,96,30631,8818,29659,1792169,16,227,60,1,27104,1,40,1,261048,1,149477,1,115710,1,1228610,1,10120,1,116652,1,12184,4,302150,4,83556,4,236500,4,437869,8,597176,96,47534,36,3026,1,25170,1,2685,1,0,0,0,0,0,0,0,0,98345,1,34188,1,4479,1,7805,1,20932,1,204045,1,27966,1,3337,1,5491,1,31192,1,74047,1,16309,1,233,1,9545,1,4466,1,16542,1,9545,1,48,1,1240,1,1,1,0,1,4503,1,5041,1,1,1,0,0,206810,1,353595,1,776,1,776,1,0,1,96,1,2232,1,97,1,0,1,2,1,0,1,0,1,1,1,8,1,24,1,0,1,0,1,209,1,16309,1,0,1,0,1,1898,1,19800,1,8,1,8,1,0,1,97108,1,97,1,12788,1,6138,1,109186,1,1600,1,1,1,32,1,32,1
209,1828700,4467,9545,28.988882,,0,11,8,96,30620,8617,30038,1798080,16,227,100,1,26793,1,30,1,258313,1,163545,1,113285,1,1225804,1,10210,1,110860,1,12094,4,300747,4,83305,4,240488,4,438882,8,602388,96,46943,36,2936,1,25210,1,2665,1,0,0,0,0,0,0,0,0,112955,1,33827,1,4459,1,7445,1,20932,1,201871,1,27815,1,3176,1,5541,1,30170,1,69869,1,16311,1,233,1,9545,1,4467,1,16544,1,9545,1,48,1,1240,1,1,1,0,1,4502,1,5041,1,2,1,0,0,206959,1,333003,1,776,1,776,1,0,1,96,1,2232,1,97,1,0,1,2,1,0,1,0,1,1,1,8,1,24,1,0,1,0,1,209,1,16311,1,0,1,0,1,2178,1,11880,1,8,1,8,1,0,1,89521,1,97,1,14174,1,561,1,112734,1,775,1,1,1,32,1,32,1
210,1837300,4467,9545,28.988888,,0,11,8,96,32727,8777,29939,1804573,16,227,10,1,27234,1,30,1,259054,1,152082,1,112974,1,1243088,1,10100,1,111071,1,13286,4,306789,4,83305,4,238614,4,448150,8,607908,96,48917,36,3026,1,27344,1,2725,1,0,0,0,0,0,0,0,0,102714,1,32284,1,4389,1,7385,1,20922,1,202552,1,27875,1,3707,1,5521,1,31162,1,68656,1,16301,1,238,1,9545,1,4467,1,16539,1,9545,1,48,1,1240,1,1,1,0,1,4503,1,5041,1,1,1,0,0,209104,1,353001,1,774,1,774,1,0,1,96,1,2232,1,97,1,0,1,2,1,0,1,0,1,1,1,8,1,23,1,0,1,0,1,215,1,16301,1,0,1,0,1,2096,1,47850,1,8,1,8,1,0,1,101514,1,97,1,12920,1,363,1,112387,1,16120,1,1,1,32,1,32,1
211,1827600,4466,9545,28.988894,,0,11,8,96,30512,8827,29659,1797088,16,227,120,1,26843,1,30,1,259225,1,156090,1,114297,1,1230363,1,10120,1,117032,1,12555,4,301869,4,83596,4,233073,4,442128,8,598590,96,46953,36,2946,1,25671,1,2665,1,0,0,0,0,0,0,0,0,104698,1,34529,1,4419,1,7715,1,21433,1,201991,1,27725,1,3377,1,5451,1,31262,1,74768,1,16305,1,233,1,9545,1,4466,1,16538,1,9545,1,48,1,1240,1,1,1,0,1,4503,1,5041,1,1,1,0,0,211049,1,360129,1,776,1,776,1,0,1,96,1,2232,1,97,1,0,1,2,1,0,1,0,1,1,1,8,1,24,1,0,1,0,1,209,1,16305,1,0,1,0,1,2162,1,46761,1,8,1,8,1,0,1,103529,1,97,1,14141,1,396,1,114945,1,19255,1,1,1,32,1,32,1
212,1821900,4466,9545,28.988894,,0,11,8,96,31455,11123,29907,1790445,16,227,70,1,27144,1,30,1,260607,1,154667,1,112714,1,1225103,1,10110,1,110640,1,11653,4,300968,4,83145,4,234025,4,443220,8,600284,96,47053,36,3036,1,24609,1,2685,1,0,0,0,0,0,0,0,0,103656,1,34048,1,4369,1,7495,1,21262,1,202161,1,29408,1,3467,1,5170,1,30941,1,69037,1,16305,1,233,1,9545,1,4466,1,16538,1,9545,1,48,1,1240,1,1,1,0,1,4504,1,5041,1,0,1,0,0,207093,1,351285,1,776,1,776,1,0,1,96,1,2232,1,97,1,0,1,2,1,0,1,0,1,1,1,8,1,24,1,0,1,0,1,209,1,16305,1,1,1,0,1,1865,1,44550,1,8,1,8,1,0,1,96874,1,97,1,13250,1,1815,1,114846,1,15064,1,1,1,32,1,32,1
213,1813400,4467,9545,28.988894,,0,11,8,96,30089,8647,29780,1783311,16,227,120,1,26763,1,40,1,259094,1,148926,1,113145,1,1225103,1,10120,1,108004,1,11874,4,302511,4,84137,4,238944,4,440255,8,602186,96,47233,36,3086,1,24930,1,2715,1,0,0,0,0,0,0,0,0,98025,1,33977,1,4409,1,7655,1,20801,1,202462,1,27865,1,3377,1,5471,1,30961,1,66141,1,16303,1,233,1,9545,1,4467,1,16536,1,9545,1,48,1,1240,1,1,1,0,1,4501,1,5041,1,3,1,0,0,206546,1,333564,1,776,1,776,1,0,1,96,1,2232,1,97,1,0,1,2,1,0,1,0,1,1,1,8,1,24,1,0,1,0,1,209,1,16303,1,0,1,0,1,2327,1,5412,1,8,1,8,1,0,1,91364,1,97,1,13613,1,2508,1,112816,1,610,1,1,1,32,1,32,1
214,1826100,4467,9545,28.988894,,0,11,8,96,29472,9408,29789,1796628,16,227,70,1,27244,1,40,1,259145,1,155659,1,113856,1,1230243,1,10371,1,109177,1,12034,4,302350,4,83345,4,235608,4,447128,8,605323,96,47624,36,2996,1,25521,1,2675,1,0,0,0,0,0,0,0,0,105069,1,33476,1,4379,1,7765,1,20741,1,202602,1,27785,1,3336,1,5311,1,31142,1,67374,1,16306,1,233,1,9545,1,4467,1,16539,1,9545,1,48,1,1240,1,1,1,0,1,4501,1,5041,1,3,1,0,0,204928,1,335049,1,776,1,776,1,0,1,96,1,2232,1,97,1,0,1,2,1,0,1,0,1,1,1,8,1,24,1,0,1,0,1,209,1,16306,1,1,1,0,1,1832,1,43461,1,8,1,8,1,0,1,96123,1,97,1,12755,1,5808,1,107553,1,12193,1,1,1,32,1,32,1
215,1829400,4468,9545,28.9889,,0,11,8,96,31430,8677,29727,1797970,16,227,120,1,26964,1,30,1,260668,1,164637,1,112594,1,1222798,1,10160,1,110680,1,12134,4,300867,4,83466,4,236520,4,439823,8,599773,96,46843,36,3006,1,24919,1,2705,1,0,0,0,0,0,0,0,0,114257,1,33476,1,4339,1,7785,1,20912,1,203765,1,27935,1,3246,1,5471,1,30581,1,69378,1,16302,1,240,1,9545,1,4468,1,16542,1,9545,1,48,1,1240,1,1,1,0,1,4502,1,5041,1,2,1,0,0,203609,1,348777,1,776,1,776,1,0,1,96,1,2244,1,97,1,0,1,2,1,0,1,0,1,1,1,8,1,24,1,0,1,0,1,216,1,16302,1,0,1,0,1,2063,1,25509,1,8,1,8,1,0,1,97423,1,97,1,12392,1,1254,1,106975,1,2689,1,1,1,32,1,32,1
216,1818000,4467,9545,28.9889,,0,11,8,96,29899,8497,29667,1788101,16,227,70,1,27204,1,40,1,259215,1,155188,1,112694,1,1223339,1,10351,1,111160,1,11643,4,300717,4,82995,4,233945,4,444372,8,601756,96,46893,36,3026,1,24288,1,2695,1,0,0,0,0,0,0,0,0,104107,1,34268,1,4369,1,7956,1,21292,1,201991,1,27685,1,3707,1,5521,1,30651,1,69207,1,16310,1,233,1,9545,1,4467,1,16543,1,9545,1,48,1,1240,1,1,1,0,1,4503,1,5041,1,1,1,0,0,216444,1,355146,1,776,1,776,1,0,1,96,1,2232,1,97,1,0,1,2,1,0,1,0,1,1,1,8,1,24,1,0,1,0,1,209,1,16310,1,0,1,0,1,1997,1,44517,1,8,1,8,1,0,1,98660,1,97,1,14471,1,429,1,119598,1,12325,1,1,1,32,1,32,1
217,1802100,4468,9545,28.9889,,0,11,8,96,29801,8587,29517,1772299,16,227,120,1,27004,1,40,1,256980,1,146631,1,112714,1,1218389,1,10421,1,109367,1,11783,4,300427,4,83305,4,233884,4,440605,8,597819,96,47153,36,2956,1,24749,1,2725,1,0,0,0,0,0,0,0,0,97353,1,32625,1,4339,1,7114,1,20721,1,201189,1,27695,1,3537,1,5541,1,30992,1,67223,1,16306,1,240,1,9545,1,4468,1,16546,1,9545,1,48,1,1240,1,1,1,0,1,4502,1,5041,1,2,1,0,0,208163,1,376992,1,776,1,776,1,0,1,96,1,2244,1,97,1,0,1,2,1,0,1,0,1,1,1,8,1,24,1,0,1,0,1,216,1,16306,1,0,1,0,1,2327,1,594,1,8,1,8,1,0,1,90444,1,97,1,13514,1,5940,1,114070,1,594,1,1,1,32,1,32,1
218,1809800,4467,9545,28.9889,,0,11,8,96,33142,8437,29358,1776658,16,227,40,1,27455,1,40,1,256610,1,147222,1,112363,1,1224411,1,8517,1,109738,1,11813,4,300998,4,82604,4,234385,4,441056,8,598959,96,47124,36,3016,1,28877,1,3487,1,0,0,0,0,0,0,0,0,98225,1,32344,1,4359,1,6964,1,21122,1,200859,1,27444,1,3307,1,5431,1,30871,1,68125,1,16313,1,233,1,9545,1,4467,1,16546,1,9545,1,48,1,1240,1,1,1,0,1,4504,1,5041,1,0,1,0,0,201825,1,315711,1,776,1,776,1,0,1,96,1,2232,1,97,1,0,1,2,1,0,1,0,1,1,1,8,1,24,1,0,1,0,1,209,1,16313,1,0,1,0,1,1766,1,25905,1,8,1,8,1,0,1,93590,1,97,1,12326,1,5643,1,106332,1,2392,1,1,1,32,1,32,1
219,1955100,4468,9545,28.9889,,0,11,8,96,38574,8877,31622,1916526,16,227,130,1,27244,1,60,1,284846,1,156581,1,136591,1,1300963,1,10110,1,114898,1,12204,4,354855,4,83947,4,251650,4,440255,8,613720,96,46562,36,3066,1,28386,1,2826,1,0,0,0,0,0,0,0,0,101421,1,36362,1,5070,1,7735,1,23386,1,220257,1,32835,1,3998,1,5982,1,30050,1,71823,1,16309,1,240,1,9545,1,4468,1,16549,1,9545,1,48,1,1240,1,1,1,0,1,4501,1,5041,1,3,1,0,0,203431,1,339834,1,773,1,775,1,0,1,96,1,2244,1,97,1,0,1,2,1,0,1,0,1,1,1,8,1,24,1,0,1,0,1,216,1,16309,1,0,1,0,1,2871,1,6270,1,8,1,8,1,0,1,84929,1,97,1,12028,1,1683,1,109538,1,2640,1,1,1,32,1,32,1
220,1836300,4468,9545,28.9889,,0,11,8,96,33270,11443,30430,1803030,16,227,40,1,26964,1,50,1,274655,1,150098,1,113696,1,1227107,1,10421,1,110850,1,13176,4,301388,4,82504,4,234666,4,439543,8,596826,96,46953,36,2986,1,27815,1,2735,1,0,0,0,0,0,0,0,0,99197,1,33717,1,4349,1,7916,1,21443,1,216420,1,28477,1,3597,1,5090,1,30591,1,69528,1,16308,1,240,1,9545,1,4468,1,16548,1,9545,1,48,1,1240,1,1,1,0,1,4503,1,5041,1,1,1,0,0,204555,1,331683,1,773,1,773,1,0,1,96,1,2244,1,97,1,0,1,2,1,0,1,0,1,1,1,8,1,24,1,0,1,0,1,216,1,16308,1,1,1,0,1,1897,1,759,1,8,1,8,1,0,1,87134,1,97,1,13447,1,3267,1,113453,1,759,1,1,1,32,1,32,1
221,1887600,4468,9545,28.9889,,0,11,8,96,33568,12635,30371,1854032,16,227,100,1,31062,1,50,1,274144,1,158124,1,129116,1,1251265,1,10170,1,110269,1,12094,4,319494,4,83386,4,235207,4,446787,8,604750,96,46873,36,3066,1,25661,1,2665,1,0,0,0,0,0,0,0,0,105479,1,33967,1,5000,1,7755,1,22735,1,209095,1,34108,1,3818,1,5341,1,30671,1,68306,1,16308,1,240,1,9545,1,4468,1,16548,1,9545,1,48,1,1240,1,1,1,0,1,4503,1,5041,1,1,1,0,0,211970,1,353826,1,776,1,776,1,0,1,96,1,2244,1,97,1,0,1,2,1,0,1,0,1,1,1,8,1,24,1,0,1,0,1,216,1,16308,1,1,1,1,1,2063,1,48708,1,8,1,8,1,0,1,97436,1,97,1,13976,1,561,1,113294,1,15196,1,1,1,32,1,32,1
222,1825800,4467,9545,28.9889,,0,11,8,96,30886,8958,31343,1794914,16,227,100,1,26913,1,50,1,264996,1,149918,1,114087,1,1228680,1,10170,1,109848,1,11844,4,301469,4,83325,4,237241,4,444262,8,602837,96,47324,36,2946,1,26032,1,2755,1,0,0,0,0,0,0,0,0,98486,1,34398,1,4359,1,7024,1,21252,1,208785,1,27665,1,3427,1,5501,1,30941,1,67855,1,16315,1,233,1,9545,1,4467,1,16548,1,9545,1,48,1,1240,1,1,1,0,1,4504,1,5041,1,0,1,0,0,199137,1,337359,1,776,1,776,1,0,1,96,1,2232,1,97,1,0,1,2,1,0,1,0,1,1,1,8,1,24,1,0,1,0,1,209,1,16315,1,0,1,0,1,2558,1,3960,1,8,1,8,1,0,1,91796,1,97,1,12458,1,3300,1,105902,1,1072,1,1,1,32,1,32,1
223,1830400,4468,9545,28.9889,,0,11,8,96,30686,8417,29948,1799714,16,227,30,1,26823,1,20,1,265006,1,151992,1,112654,1,1233058,1,10130,1,115339,1,12164,4,301439,4,82895,4,233894,4,448150,8,605043,96,47053,36,3016,1,25000,1,2745,1,0,0,0,0,0,0,0,0,100810,1,34058,1,4419,1,7204,1,20912,1,207542,1,29088,1,3266,1,5451,1,31062,1,73576,1,16310,1,240,1,9545,1,4468,1,16550,1,9545,1,48,1,1240,1,1,1,0,1,4503,1,5041,1,1,1,0,0,199153,1,382569,1,776,1,776,1,0,1,96,1,2244,1,97,1,0,1,2,1,0,1,0,1,1,1,8,1,24,1,0,1,0,1,216,1,16310,1,0,1,0,1,2657,1,9042,1,8,1,8,1,0,1,88690,1,97,1,12359,1,1518,1,107998,1,2557,1,1,1,32,1,32,1
224,1817300,4467,9545,28.9889,,0,11,8,96,29700,8627,29648,1787600,16,227,30,1,26944,1,30,1,260567,1,154817,1,113024,1,1222077,1,10110,1,109287,1,12084,4,301709,4,83035,4,237772,4,438170,8,599140,96,47154,36,3056,1,25641,1,2695,1,0,0,0,0,0,0,0,0,104317,1,33366,1,4399,1,7074,1,20992,1,204456,1,27745,1,3537,1,5411,1,30951,1,67294,1,16317,1,233,1,9545,1,4467,1,16550,1,9545,1,48,1,1240,1,1,1,0,1,4501,1,5041,1,3,1,0,0,207404,1,319671,1,776,1,776,1,0,1,96,1,2232,1,97,1,0,1,2,1,0,1,0,1,1,1,8,1,24,1,0,1,0,1,209,1,16317,1,0,1,0,1,2261,1,45177,1,8,1,8,1,0,1,88079,1,97,1,13514,1,1155,1,114549,1,13810,1,1,1,32,1,32,1
225,1819100,4467,9545,28.9889,,0,11,8,96,30058,11793,29699,1789042,16,227,100,1,27114,1,40,1,260137,1,156952,1,113315,1,1221245,1,10140,1,108976,1,11733,4,300517,4,83005,4,235608,4,439112,8,598038,96,46983,36,2956,1,24899,1,2645,1,0,0,0,0,0,0,0,0,105540,1,34478,1,4389,1,6844,1,20831,1,204195,1,27945,1,3918,1,5291,1,31062,1,66763,1,16317,1,233,1,9545,1,4467,1,16550,1,9545,1,48,1,1240,1,1,1,0,1,4503,1,5041,1,1,1,0,0,207901,1,343959,1,776,1,776,1,0,1,96,1,2232,1,97,1,0,1,2,1,0,1,0,1,1,1,8,1,24,1,0,1,0,1,209,1,16317,1,1,1,0,1,2261,1,49302,1,8,1,8,1,0,1,95111,1,97,1,14009,1,5478,1,112767,1,14338,1,1,1,32,1,32,1
226,1819300,4468,9545,28.9889,,0,11,8,96,30197,8527,29546,1789103,16,227,10,1,26944,1,20,1,260227,1,150840,1,113315,1,1227548,1,10200,1,117614,1,12174,4,302541,4,83265,4,234215,4,438751,8,596256,96,47164,36,3036,1,24709,1,2715,1,0,0,0,0,0,0,0,0,99898,1,34088,1,4349,1,7004,1,20871,1,203063,1,28998,1,3337,1,5561,1,30982,1,75420,1,16310,1,240,1,9545,1,4468,1,16550,1,9545,1,48,1,1240,1,1,1,0,1,4503,1,5041,1,1,1,0,0,204684,1,349173,1,776,1,776,1,0,1,96,1,2244,1,97,1,0,1,2,1,0,1,0,1,1,1,8,1,24,1,0,1,0,1,216,1,16310,1,0,1,0,1,2294,1,30096,1,8,1,8,1,0,1,99257,1,97,1,13118,1,363,1,109945,1,2524,1,1,1,32,1,32,1
227,1855400,4467,9545,28.9889,,0,11,8,96,31518,8688,29859,1823882,16,227,10,1,27234,1,40,1,263684,1,173955,1,112744,1,1235854,1,10361,1,113395,1,12194,4,301138,4,83366,4,238985,4,447238,8,609140,96,47223,36,2986,1,25170,1,2695,1,0,0,0,0,0,0,0,0,122844,1,34078,1,4389,1,7024,1,21252,1,207071,1,27996,1,3527,1,5501,1,30140,1,72083,1,16317,1,233,1,9545,1,4467,1,16550,1,9545,1,48,1,1240,1,1,1,0,1,4502,1,5041,1,2,1,0,0,210985,1,375507,1,776,1,776,1,0,1,96,1,2232,1,97,1,0,1,2,1,0,1,0,1,1,1,8,1,24,1,0,1,0,1,209,1,16317,1,0,1,0,1,3680,1,88110,1,8,1,8,1,0,1,105656,1,97,1,13283,1,5181,1,114549,1,15493,1,1,1,32,1,32,1
228,1825800,4467,9545,28.9889,,0,11,8,96,31337,11743,29968,1794463,16,227,10,1,27465,1,40,1,260698,1,150128,1,113465,1,1232517,1,10140,1,110700,1,11984,4,301499,4,83576,4,235107,4,446176,8,603930,96,47384,36,3006,1,26002,1,2725,1,0,0,0,0,0,0,0,0,100289,1,33136,1,4329,1,6984,1,21312,1,204666,1,27404,1,3497,1,5260,1,30971,1,68987,1,16317,1,233,1,9545,1,4467,1,16550,1,9545,1,48,1,1240,1,1,1,0,1,4504,1,5041,1,0,1,0,0,209414,1,363528,1,776,1,776,1,0,1,96,1,2232,1,97,1,0,1,2,1,0,1,0,1,1,1,8,1,24,1,0,1,0,1,209,1,16317,1,1,1,0,1,2789,1,8910,1,8,1,8,1,0,1,94998,1,97,1,13679,1,1419,1,114400,1,3811,1,1,1,32,1,32,1
229,1821300,4468,9545,28.9889,,0,11,8,96,30284,8557,29758,1791016,16,227,70,1,27414,1,30,1,259565,1,153304,1,113756,1,1226666,1,10210,1,111992,1,11603,4,302791,4,83416,4,237011,4,440956,8,600874,96,47334,36,2936,1,24719,1,2685,1,0,0,0,0,0,0,0,0,102494,1,33967,1,4369,1,6773,1,21162,1,203374,1,27956,1,3557,1,5551,1,31142,1,69618,1,16311,1,240,1,9545,1,4468,1,16551,1,9545,1,48,1,1240,1,1,1,0,1,4502,1,5041,1,2,1,0,0,205392,1,330528,1,776,1,776,1,0,1,96,1,2244,1,97,1,0,1,2,1,0,1,0,1,1,1,8,1,24,1,0,1,0,1,216,1,16311,1,0,1,0,1,2393,1,8679,1,8,1,8,1,0,1,84534,1,97,1,13349,1,2343,1,110523,1,3778,1,1,1,32,1,32,1
230,1838300,4467,9545,28.9889,,0,11,8,96,29659,8768,31100,1808641,16,227,60,1,27074,1,40,1,258062,1,149236,1,112904,1,1251184,1,10080,1,110078,1,11874,4,301108,4,84859,4,241329,4,460064,8,620323,96,49969,36,6042,1,24328,1,2735,1,0,0,0,0,0,0,0,0,97223,1,35230,1,4339,1,6593,1,21052,1,202222,1,27925,1,3707,1,5541,1,30982,1,67755,1,16319,1,233,1,9545,1,4467,1,16552,1,9545,1,48,1,1240,1,1,1,0,1,4504,1,5041,1,0,1,0,0,206327,1,331221,1,775,1,775,1,0,1,96,1,2232,1,97,1,0,1,2,1,0,1,0,1,1,1,8,1,24,1,0,1,0,1,209,1,16319,1,0,1,0,1,2096,1,693,1,8,1,8,1,0,1,99105,1,97,1,12227,1,3729,1,106629,1,693,1,1,1,32,1,32,1
231,1825900,4467,9545,28.9889,,0,11,8,96,30114,11032,29607,1795786,16,227,120,1,27104,1,30,1,259585,1,153535,1,114187,1,1230714,1,10511,1,115079,1,12405,4,303372,4,83446,4,233945,4,441206,8,598000,96,47544,36,2986,1,24599,1,2645,1,0,0,0,0,0,0,0,0,101492,1,34969,1,4369,1,6533,1,20681,1,204326,1,27705,1,3577,1,5210,1,30701,1,73215,1,16319,1,233,1,9545,1,4467,1,16552,1,9545,1,48,1,1240,1,1,1,0,1,4504,1,5041,1,0,1,0,0,196945,1,348645,1,775,1,775,1,0,1,96,1,2232,1,97,1,0,1,2,1,0,1,0,1,1,1,8,1,24,1,0,1,0,1,209,1,16319,1,1,1,0,1,2162,1,57618,1,8,1,8,1,0,1,97475,1,97,1,12887,1,6699,1,106744,1,14008,1,1,1,32,1,32,1
232,1820200,4467,9545,28.9889,,0,11,8,96,31107,12545,29619,1789093,16,227,120,1,27074,1,50,1,257632,1,147944,1,112443,1,1233750,1,10080,1,112513,1,11743,4,302110,4,83305,4,235868,4,445635,8,604471,96,47414,36,3036,1,24328,1,2665,1,0,0,0,0,0,0,0,0,98556,1,32645,1,4339,1,6433,1,20912,1,202151,1,27865,1,3587,1,5401,1,30821,1,70680,1,16318,1,233,1,9545,1,4467,1,16551,1,9545,1,48,1,1240,1,1,1,0,1,4504,1,5041,1,0,1,0,0,207485,1,369567,1,776,1,776,1,0,1,96,1,2232,1,97,1,0,1,2,1,0,1,0,1,1,1,8,1,24,1,0,1,0,1,209,1,16318,1,1,1,0,1,1799,1,528,1,8,1,8,1,0,1,103975,1,97,1,13448,1,2178,1,115159,1,528,1,1,1,32,1,32,1
233,1819700,4468,9545,28.9889,,0,11,8,96,29876,8657,29728,1789824,16,227,50,1,27094,1,30,1,257090,1,151521,1,112213,1,1231535,1,10290,1,111572,1,12074,4,302260,4,84047,4,236961,4,445325,8,605524,96,47033,36,2996,1,24980,1,2665,1,0,0,0,0,0,0,0,0,100640,1,33967,1,4379,1,6272,1,21112,1,201530,1,27875,1,3386,1,5581,1,30941,1,69648,1,16312,1,240,1,9545,1,4468,1,16552,1,9545,1,48,1,1240,1,1,1,0,1,4504,1,5041,1,0,1,0,0,207091,1,339075,1,776,1,776,1,0,1,96,1,2244,1,97,1,0,1,2,1,0,1,0,1,1,1,8,1,24,1,0,1,0,1,216,1,16312,1,0,1,0,1,2723,1,50721,1,8,1,8,1,0,1,93087,1,97,1,12821,1,2970,1,114417,1,13513,1,1,1,32,1,32,1
234,1820500,4467,9545,28.9889,,0,11,8,96,30005,8627,29819,1790495,16,227,120,1,27124,1,40,1,259405,1,151040,1,113185,1,1229161,1,10421,1,110529,1,11934,4,301639,4,83646,4,236770,4,445024,8,604742,96,47233,36,3016,1,25270,1,2705,1,0,0,0,0,0,0,0,0,99437,1,34749,1,4379,1,6453,1,21022,1,203845,1,27835,1,3547,1,5521,1,31162,1,68266,1,16318,1,233,1,9545,1,4467,1,16551,1,9545,1,48,1,1240,1,1,1,0,1,4504,1,5041,1,0,1,0,0,207698,1,353958,1,776,1,776,1,0,1,96,1,2232,1,97,1,0,1,2,1,0,1,0,1,1,1,8,1,24,1,0,1,0,1,209,1,16318,1,0,1,0,1,2525,1,6006,1,8,1,8,1,0,1,94155,1,97,1,12392,1,5742,1,106975,1,1336,1,1,1,32,1,32,1
235,1818000,4467,9545,28.9889,,0,11,8,96,29569,12304,29539,1788431,16,227,130,1,26984,1,40,1,258914,1,151300,1,114087,1,1226816,1,10160,1,108616,1,11944,4,303533,4,83235,4,235317,4,441206,8,599610,96,47374,36,2936,1,25000,1,2725,1,0,0,0,0,0,0,0,0,100940,1,33737,1,4349,1,6453,1,21202,1,203153,1,27825,1,3968,1,5351,1,30921,1,66382,1,16319,1,233,1,9545,1,4467,1,16552,1,9545,1,48,1,1240,1,1,1,0,1,4502,1,5041,1,2,1,0,0,199995,1,301422,1,776,1,776,1,0,1,96,1,2232,1,97,1,0,1,2,1,0,1,0,1,1,1,8,1,24,1,0,1,0,1,209,1,16319,1,1,1,0,1,2558,1,13761,1,8,1,8,1,0,1,81068,1,97,1,12590,1,1353,1,108444,1,1171,1,1,1,32,1,32,1
236,1824100,4467,9545,28.9889,,0,11,8,96,31791,12265,29389,1792309,16,227,40,1,27144,1,30,1,259265,1,155399,1,114006,1,1225944,1,10481,1,111100,1,11874,4,301709,4,83285,4,237351,4,438280,8,598829,96,47414,36,2996,1,24429,1,2655,1,0,0,0,0,0,0,0,0,104598,1,33907,1,4359,1,6523,1,21222,1,203424,1,27835,1,3818,1,5962,1,30911,1,68396,1,16321,1,233,1,9545,1,4467,1,16554,1,9545,1,48,1,1240,1,1,1,0,1,4503,1,5041,1,1,1,0,0,210686,1,341484,1,776,1,776,1,0,1,96,1,2232,1,97,1,0,1,2,1,0,1,0,1,1,1,8,1,24,1,0,1,0,1,209,1,16321,1,1,1,0,1,2096,1,45771,1,8,1,8,1,0,1,87820,1,97,1,13646,1,6996,1,114911,1,14965,1,1,1,32,1,32,1
237,1818800,4467,9545,28.9889,,0,11,8,96,31751,12856,29067,1787049,16,227,10,1,27164,1,20,1,258523,1,148785,1,112884,1,1229501,1,10160,1,110850,1,11743,4,302511,4,83716,4,235638,4,441747,8,600964,96,47354,36,2976,1,24759,1,2705,1,0,0,0,0,0,0,0,0,98596,1,33466,1,4369,1,6513,1,21382,1,202662,1,27705,1,3577,1,5501,1,31132,1,68656,1,16321,1,233,1,9545,1,4467,1,16554,1,9545,1,48,1,1240,1,1,1,0,1,4502,1,5041,1,2,1,0,0,207354,1,333069,1,776,1,776,1,0,1,96,1,2232,1,97,1,0,1,2,1,0,1,0,1,1,1,8,1,24,1,0,1,0,1,209,1,16321,1,1,1,1,1,1865,1,693,1,8,1,8,1,0,1,84738,1,97,1,14009,1,5610,1,117040,1,693,1,1,1,32,1,32,1
238,1931000,4467,9545,28.9889,,0,11,8,96,33783,13717,33517,1897217,16,227,150,1,31192,1,60,1,285888,1,161972,1,130339,1,1276495,1,11122,1,112584,1,12395,4,335977,4,83977,4,241149,4,445535,8,602778,96,50390,36,3006,1,25410,1,2745,1,0,0,0,0,0,0,0,0,104127,1,34989,1,4649,1,7024,1,22986,1,222432,1,32845,1,4108,1,5942,1,30641,1,69558,1,16321,1,233,1,9545,1,4467,1,16554,1,9545,1,48,1,1240,1,1,1,0,1,4504,1,5041,1,0,1,0,0,204940,1,325974,1,776,1,776,1,0,1,96,1,2232,1,97,1,0,1,2,1,0,1,0,1,1,1,8,1,24,1,0,1,0,1,209,1,16321,1,1,1,1,1,5544,1,27951,1,8,1,8,1,0,1,93186,1,97,1,12639,1,5676,1,110501,1,3234,1,1,1,32,1,32,1
239,1875300,4467,9545,28.9889,,0,11,8,96,30677,12966,29338,1844623,16,227,80,1,30731,1,40,1,263774,1,151701,1,125800,1,1262407,1,10090,1,111061,1,11894,4,335015,4,83065,4,234967,4,443390,8,601996,96,47023,36,2946,1,24429,1,2675,1,0,0,0,0,0,0,0,0,99768,1,34879,1,4569,1,6563,1,22204,1,201189,1,33486,1,4238,1,5892,1,30771,1,68065,1,16321,1,233,1,9545,1,4467,1,16554,1,9545,1,48,1,1240,1,1,1,0,1,4504,1,5041,1,0,1,0,0,209367,1,335379,1,776,1,776,1,0,1,96,1,2232,1,97,1,0,1,2,1,0,1,0,1,1,1,8,1,24,1,0,1,0,1,209,1,16321,1,1,1,1,1,2393,1,660,1,8,1,8,1,0,1,98411,1,97,1,12920,1,5346,1,117007,1,660,1,1,1,32,1,32,1
240,1812800,4467,9545,28.9889,,0,11,8,96,31503,11863,29368,1781297,16,227,40,1,27084,1,40,1,256349,1,151791,1,112944,1,1222998,1,10050,1,110189,1,11904,4,301168,4,82674,4,232151,4,442890,8,598569,96,47104,36,2966,1,24509,1,2685,1,0,0,0,0,0,0,0,0,100550,1,34509,1,4369,1,6232,1,20861,1,201129,1,27845,1,3727,1,5301,1,30861,1,68376,1,16322,1,233,1,9545,1,4467,1,16555,1,9545,1,48,1,1240,1,1,1,0,1,4502,1,5041,1,2,1,0,0,211232,1,336369,1,776,1,776,1,0,1,96,1,2232,1,97,1,0,1,2,1,0,1,0,1,1,1,8,1,24,1,0,1,0,1,209,1,16322,1,1,1,0,1,2690,1,660,1,8,1,8,1,0,1,89732,1,97,1,13679,1,1155,1,115440,1,660,1,1,1,32,1,32,1
241,1925400,4468,9545,28.9889,,0,11,8,96,33978,9178,32163,1891422,16,227,160,1,30611,1,50,1,286228,1,157753,1,141080,1,1265359,1,10180,1,115596,1,12735,4,308593,4,83576,4,237341,4,467007,8,624201,96,47985,36,3066,1,25551,1,2715,1,0,0,0,0,0,0,0,0,104508,1,34689,1,4940,1,6693,1,23607,1,222682,1,32665,1,3677,1,5511,1,30711,1,73132,1,16315,1,240,1,9545,1,4468,1,16555,1,9545,1,48,1,1240,1,1,1,0,1,4504,1,5041,1,0,1,0,0,218824,1,398859,1,776,1,776,1,0,1,96,1,2244,1,97,1,0,1,2,1,0,1,0,1,1,1,8,1,24,1,0,1,0,1,216,1,16315,1,0,1,0,1,15724,1,19206,1,8,1,8,1,0,1,170621,1,97,1,14779,1,3993,1,112569,1,3135,1,1,1,32,1,32,1
242,1901200,4467,9545,28.9889,,0,11,8,96,31247,8878,42083,1869953,16,227,100,1,30681,1,60,1,283002,1,152282,1,136361,1,1257367,1,10100,1,112363,1,11884,4,310747,4,83025,4,237862,4,461376,8,609972,96,47183,36,3056,1,25451,1,2725,1,0,0,0,0,0,0,0,0,99758,1,34018,1,4920,1,6743,1,22685,1,218835,1,34348,1,3527,1,5511,1,30901,1,70099,1,16323,1,233,1,9545,1,4467,1,16556,1,9545,1,48,1,1240,1,1,1,0,1,4504,1,5040,1,1,1,0,0,213545,1,383295,1,776,1,776,1,0,1,96,1,2232,1,97,1,0,1,2,1,0,1,0,1,1,1,8,1,24,1,0,1,0,1,209,1,16323,1,0,1,0,1,1996,1,9141,1,8,1,8,1,0,1,98839,1,97,1,12919,1,6006,1,109439,1,594,1,1,1,32,1,32,1
243,1863700,4467,9545,28.9889,,0,11,8,96,31051,11333,31050,1832649,16,227,40,1,26783,1,30,1,270036,1,147974,1,116221,1,1261445,1,10120,1,109778,1,12485,4,321919,4,84999,4,250057,4,438791,8,609913,96,47885,36,3116,1,26252,1,2715,1,0,0,0,0,0,0,0,0,100199,1,30731,1,4359,1,6393,1,21062,1,214666,1,27595,1,4248,1,5200,1,30911,1,67274,1,16322,1,233,1,9545,1,4467,1,16555,1,9545,1,48,1,1240,1,1,1,0,1,4504,1,5041,1,0,1,0,0,211508,1,325281,1,776,1,776,1,0,1,96,1,2232,1,97,1,0,1,2,1,0,1,0,1,1,1,8,1,24,1,0,1,0,1,209,1,16322,1,1,1,0,1,1732,1,561,1,8,1,8,1,0,1,79861,1,97,1,13711,1,5841,1,115791,1,561,1,1,1,32,1,32,1
244,1878700,4467,9545,28.988903,,0,11,8,96,32534,13567,29598,1846166,16,227,90,1,30992,1,50,1,271689,1,157974,1,134477,1,1240563,1,10331,1,119167,1,11773,4,300617,4,83135,4,237231,4,440805,8,601305,96,47133,36,2976,1,28597,1,2695,1,0,0,0,0,0,0,0,0,104467,1,34839,1,5110,1,6503,1,22895,1,208594,1,33246,1,4208,1,6142,1,30711,1,75460,1,16322,1,233,1,9545,1,4467,1,16555,1,9545,1,48,1,1240,1,1,1,0,1,4503,1,5041,1,1,1,0,0,210276,1,399927,1,776,1,776,1,0,1,96,1,2232,1,97,1,0,1,2,1,0,1,0,1,1,1,8,1,24,1,0,1,0,1,209,1,16322,1,1,1,1,1,2360,1,52305,1,8,1,8,1,0,1,108571,1,97,1,14141,1,3663,1,118492,1,15790,1,1,1,32,1,32,1
245,1813800,4468,9545,28.988903,,0,11,8,96,31030,8687,29417,1782770,16,227,40,1,26853,1,40,1,263483,1,149236,1,112553,1,1220453,1,10110,1,112804,1,12114,4,300447,4,83315,4,233955,4,438310,8,596255,96,46593,36,2976,1,25130,1,2715,1,0,0,0,0,0,0,0,0,98726,1,33456,1,4329,1,6844,1,21202,1,207682,1,27455,1,3557,1,5531,1,31282,1,70370,1,16317,1,240,1,9545,1,4468,1,16557,1,9545,1,48,1,1240,1,1,1,0,1,4504,1,5041,1,0,1,0,0,210568,1,356202,1,776,1,776,1,0,1,96,1,2244,1,97,1,0,1,2,1,0,1,0,1,1,1,8,1,24,1,0,1,0,1,216,1,16317,1,0,1,0,1,2294,1,561,1,8,1,8,1,0,1,85149,1,97,1,13481,1,5610,1,117403,1,561,1,1,1,32,1,32,1
246,1812300,4467,9545,28.988903,,0,11,8,96,30722,8637,29889,1781578,16,227,60,1,27244,1,30,1,260597,1,145940,1,112704,1,1224942,1,10060,1,112163,1,11693,4,300717,4,83305,4,234906,4,442990,8,600924,96,47083,36,3026,1,24799,1,2705,1,0,0,0,0,0,0,0,0,96782,1,32414,1,4339,1,7094,1,20841,1,204306,1,27855,1,3577,1,5571,1,31172,1,69738,1,16323,1,233,1,9545,1,4467,1,16556,1,9545,1,48,1,1240,1,1,1,0,1,4504,1,5041,1,0,1,0,0,214052,1,363462,1,776,1,776,1,0,1,96,1,2232,1,97,1,0,1,2,1,0,1,0,1,1,1,8,1,24,1,0,1,0,1,209,1,16323,1,0,1,0,1,2756,1,660,1,8,1,8,1,0,1,89615,1,97,1,13976,1,6138,1,116429,1,660,1,1,1,32,1,32,1
247,1812800,4467,9545,28.988903,,0,11,8,96,30481,11002,29087,1782319,16,227,90,1,27114,1,30,1,258724,1,149096,1,112564,1,1224532,1,10170,1,109758,1,12164,4,300627,4,83165,4,235367,4,442108,8,601105,96,47284,36,2956,1,24679,1,2705,1,0,0,0,0,0,0,0,0,98476,1,33727,1,4359,1,6633,1,21092,1,203133,1,27655,1,3667,1,5170,1,30861,1,68025,1,16321,1,233,1,9545,1,4467,1,16554,1,9545,1,48,1,1240,1,1,1,0,1,4504,1,5041,1,0,1,0,0,210801,1,372702,1,776,1,776,1,0,1,96,1,2232,1,97,1,0,1,2,1,0,1,0,1,1,1,8,1,24,1,0,1,0,1,209,1,16321,1,1,1,0,1,1964,1,825,1,8,1,8,1,0,1,92866,1,97,1,13514,1,3135,1,117288,1,825,1,1,1,32,1,32,1
248,1806200,4468,9545,28.988903,,0,11,8,96,30384,8607,29848,1775816,16,227,30,1,27234,1,40,1,257211,1,149046,1,111952,1,1220153,1,10150,1,111572,1,11924,4,300948,4,83235,4,233594,4,439753,8,596696,96,46803,36,2986,1,24829,1,2705,1,0,0,0,0,0,0,0,0,98746,1,33547,1,4339,1,6463,1,20761,1,202131,1,27555,1,3317,1,5431,1,30801,1,69999,1,16316,1,240,1,9545,1,4468,1,16556,1,9545,1,48,1,1240,1,1,1,0,1,4504,1,5041,1,0,1,0,0,212338,1,312213,1,776,1,776,1,0,1,96,1,2244,1,97,1,0,1,2,1,0,1,0,1,1,1,8,1,24,1,0,1,0,1,216,1,16316,1,0,1,0,1,2162,1,561,1,8,1,8,1,0,1,87203,1,97,1,13679,1,6270,1,118113,1,561,1,1,1,32,1,32,1
249,1807100,4467,9545,28.988903,,0,11,8,96,30502,8678,29557,1776598,16,227,30,1,26903,1,40,1,256730,1,147914,1,112113,1,1222788,1,10080,1,113135,1,12134,4,300657,4,83225,4,233734,4,440976,8,597989,96,47164,36,2996,1,24589,1,2665,1,0,0,0,0,0,0,0,0,98285,1,32845,1,4349,1,6152,1,20551,1,201951,1,27815,1,3517,1,5461,1,30961,1,71191,1,16322,1,233,1,9545,1,4467,1,16555,1,9545,1,48,1,1240,1,1,1,0,1,4504,1,5041,1,0,1,0,0,209847,1,361218,1,776,1,776,1,0,1,96,1,2232,1,97,1,0,1,2,1,0,1,0,1,1,1,8,1,24,1,0,1,0,1,209,1,16322,1,0,1,0,1,1898,1,693,1,8,1,8,1,0,1,86063,1,97,1,14306,1,396,1,116545,1,693,1,1,1,32,1,32,1
250,1807000,4467,9545,28.988903,,0,11,8,96,30342,10420,29106,1776658,16,227,110,1,27024,1,40,1,257441,1,151341,1,112423,1,1218199,1,10080,1,110109,1,12084,4,300557,4,82814,4,235498,4,436377,8,595695,96,47073,36,2966,1,24669,1,2705,1,0,0,0,0,0,0,0,0,99608,1,34789,1,4459,1,6202,1,20671,1,202512,1,27765,1,3477,1,5160,1,31012,1,68496,1,16324,1,233,1,9545,1,4467,1,16557,1,9545,1,48,1,1240,1,1,1,0,1,4503,1,5041,1,1,1,0,0,208739,1,311685,1,776,1,776,1,0,1,96,1,2232,1,97,1,0,1,2,1,0,1,0,1,1,1,8,1,24,1,0,1,0,1,209,1,16324,1,1,1,0,1,1964,1,8943,1,8,1,8,1,0,1,81386,1,97,1,13481,1,3267,1,116727,1,1435,1,1,1,32,1,32,1
251,1817000,4467,9545,28.988903,,0,11,8,96,31444,9749,28856,1785556,16,227,100,1,26843,1,40,1,257702,1,151771,1,113024,1,1225924,1,10150,1,111451,1,11944,4,300797,4,83035,4,232211,4,442709,8,598901,96,47164,36,2976,1,28286,1,2765,1,0,0,0,0,0,0,0,0,99828,1,35110,1,4439,1,6753,1,20511,1,202212,1,27935,1,3256,1,5190,1,31032,1,69899,1,16322,1,233,1,9545,1,4467,1,16555,1,9545,1,48,1,1240,1,1,1,0,1,4501,1,5041,1,3,1,0,0,197146,1,348612,1,776,1,776,1,0,1,96,1,2232,1,97,1,0,1,2,1,0,1,0,1,1,1,8,1,24,1,0,1,0,1,209,1,16322,1,1,1,0,1,2690,1,26070,1,8,1,8,1,0,1,98677,1,97,1,12788,1,429,1,108213,1,2491,1,1,1,32,1,32,1
252,1810700,4467,9545,28.988903,,0,11,8,96,32479,9830,29736,1778221,16,227,20,1,27585,1,30,1,257371,1,151320,1,113215,1,1218379,1,10300,1,109367,1,11924,4,300717,4,83366,4,232832,4,439062,8,595295,96,46863,36,2966,1,25591,1,2725,1,0,0,0,0,0,0,0,0,98876,1,35721,1,4339,1,6974,1,20681,1,201600,1,27735,1,3086,1,5270,1,30220,1,68686,1,16324,1,233,1,9545,1,4467,1,16557,1,9545,1,48,1,1240,1,1,1,0,1,4504,1,5041,1,0,1,0,0,208886,1,303666,1,776,1,776,1,0,1,96,1,2232,1,97,1,0,1,2,1,0,1,0,1,1,1,8,1,24,1,0,1,0,1,209,1,16324,1,1,1,0,1,3779,1,891,1,8,1,8,1,0,1,78492,1,97,1,13679,1,5181,1,116958,1,891,1,1,1,32,1,32,1
253,1893600,4468,9545,28.988903,,0,11,8,96,32875,9288,33245,1860725,16,227,140,1,30671,1,50,1,287341,1,158044,1,135689,1,1237968,1,10821,1,117433,1,11924,4,299835,4,78756,4,238854,4,450334,8,601906,96,54037,36,3186,1,25631,1,2725,1,0,0,0,0,0,0,0,0,104758,1,34488,1,4960,1,7054,1,22725,1,223484,1,33497,1,4238,1,6282,1,31062,1,69889,1,16316,1,240,1,9545,1,4468,1,16556,1,9545,1,48,1,1240,1,1,1,0,1,4503,1,5041,1,1,1,0,0,207689,1,328647,1,776,1,776,1,0,1,96,1,2244,1,97,1,0,1,2,1,0,1,0,1,1,1,8,1,24,1,0,1,0,1,216,1,16316,1,0,1,0,1,4834,1,56991,1,8,1,8,1,0,1,86534,1,97,1,13183,1,4026,1,111600,1,15411,1,1,1,32,1,32,1
254,1853300,4467,9545,28.988903,,0,11,8,96,30330,8727,29497,1822970,16,227,50,1,30751,1,30,1,262802,1,149457,1,126331,1,1243459,1,10090,1,113606,1,12234,4,310877,4,82945,4,234666,4,449953,8,606436,96,48687,36,3116,1,24649,1,2685,1,0,0,0,0,0,0,0,0,98405,1,33927,1,4599,1,6383,1,21853,1,202723,1,31452,1,4008,1,5902,1,30971,1,70440,1,16322,1,233,1,9545,1,4467,1,16555,1,9545,1,48,1,1240,1,1,1,0,1,4504,1,5041,1,0,1,0,0,216721,1,324126,1,776,1,776,1,0,1,96,1,2232,1,97,1,0,1,2,1,0,1,0,1,1,1,8,1,24,1,0,1,0,1,209,1,16322,1,0,1,0,1,2063,1,5643,1,8,1,8,1,0,1,79931,1,97,1,13250,1,6600,1,123062,1,990,1,1,1,32,1,32,1
255,1816000,4467,9545,28.988903,,0,11,8,96,32278,12525,29458,1783722,16,227,110,1,26583,1,70,1,257361,1,150779,1,112914,1,1225774,1,10130,1,109057,1,11823,4,300847,4,82895,4,236700,4,441647,8,601525,96,47364,36,2996,1,24589,1,2695,1,0,0,0,0,0,0,0,0,99447,1,34619,1,4349,1,6343,1,20972,1,201911,1,27845,1,3767,1,5371,1,30641,1,67194,1,16321,1,233,1,9545,1,4467,1,16554,1,9545,1,48,1,1240,1,1,1,0,1,4504,1,5041,1,0,1,0,0,205106,1,330297,1,776,1,776,1,0,1,96,1,2232,1,97,1,0,1,2,1,0,1,0,1,1,1,8,1,24,1,0,1,0,1,209,1,16321,1,1,1,0,1,2954,1,28875,1,8,1,8,1,0,1,89155,1,97,1,13679,1,726,1,114334,1,2128,1,1,1,32,1,32,1
256,1905000,4467,9545,28.988903,,0,11,8,96,33564,10391,33124,1871436,16,227,110,1,30691,1,60,1,289976,1,153515,1,134988,1,1251976,1,10120,1,112624,1,12565,4,318262,4,78506,4,240087,4,447990,8,605745,96,49208,36,3036,1,25771,1,2745,1,0,0,0,0,0,0,0,0,99708,1,35230,1,4940,1,6683,1,22966,1,223444,1,33507,1,4178,1,6052,1,30771,1,69157,1,16322,1,233,1,9545,1,4467,1,16555,1,9545,1,48,1,1240,1,1,1,0,1,4504,1,5041,1,0,1,0,0,201620,1,356730,1,776,1,776,1,0,1,96,1,2232,1,97,1,0,1,2,1,0,1,0,1,1,1,8,1,24,1,0,1,0,1,209,1,16322,1,1,1,0,1,3729,1,15642,1,8,1,8,1,0,1,89650,1,97,1,13134,1,3630,1,110336,1,2128,1,1,1,32,1,32,1
257,1959300,4468,9545,28.988903,,0,11,8,96,33531,8758,30140,1925769,16,227,110,1,30390,1,40,1,278373,1,158795,1,127303,1,1320657,1,10100,1,113906,1,12445,4,364444,4,83325,4,260151,4,440064,8,622902,96,47174,36,4469,1,29689,1,3407,1,0,0,0,0,0,0,0,0,105710,1,34839,1,4639,1,6363,1,22404,1,217772,1,31322,1,4108,1,5952,1,30761,1,70841,1,16316,1,240,1,9545,1,4468,1,16556,1,9545,1,48,1,1240,1,1,1,0,1,4504,1,5041,1,0,1,0,0,209957,1,434164,1,776,1,776,1,0,1,96,1,2244,1,97,1,0,1,2,1,0,1,0,1,1,1,8,1,24,1,0,1,0,1,216,1,16316,1,0,1,0,1,1897,1,47652,1,8,1,8,1,0,1,104073,1,97,1,14421,1,2211,1,117931,1,15032,1,1,1,32,1,32,1
258,1818200,4467,9545,28.988903,,0,11,8,96,31512,8677,29588,1786688,16,227,150,1,27084,1,40,1,263082,1,147723,1,114357,1,1223850,1,10401,1,115219,1,12114,4,300918,4,83356,4,235738,4,437759,8,596846,96,47063,36,3046,1,24348,1,2675,1,0,0,0,0,0,0,0,0,96902,1,33937,1,4449,1,6433,1,21483,1,206941,1,27925,1,3226,1,5471,1,30961,1,73195,1,16321,1,233,1,9545,1,4467,1,16554,1,9545,1,48,1,1240,1,1,1,0,1,4503,1,5041,1,1,1,0,0,210442,1,376299,1,776,1,776,1,0,1,96,1,2232,1,97,1,0,1,2,1,0,1,0,1,1,1,8,1,24,1,0,1,0,1,209,1,16321,1,0,1,0,1,2261,1,20493,1,8,1,8,1,0,1,96120,1,97,1,13844,1,3135,1,117073,1,2656,1,1,1,32,1,32,1
259,1912100,4467,9545,28.988903,,0,11,8,96,33941,13867,32364,1878159,16,227,80,1,31022,1,70,1,280347,1,153996,1,135008,1,1265813,1,11823,1,114998,1,12375,4,335366,4,86442,4,233323,4,438060,8,591957,96,47063,36,3036,1,25621,1,2725,1,0,0,0,0,0,0,0,0,100600,1,34749,1,4910,1,7405,1,23056,1,216961,1,32414,1,4218,1,6182,1,30631,1,71562,1,16320,1,233,1,9545,1,4467,1,16553,1,9545,1,48,1,1240,1,1,1,0,1,4503,1,5041,1,1,1,0,0,202480,1,340494,1,776,1,776,1,0,1,96,1,2232,1,97,1,0,1,2,1,0,1,0,1,1,1,8,1,24,1,0,1,0,1,209,1,16320,1,1,1,0,1,3531,1,27027,1,8,1,8,1,0,1,87575,1,97,1,13332,1,1155,1,108917,1,1534,1,1,1,32,1,32,1
260,1929400,4468,9545,28.988903,,0,11,8,96,32303,9218,31031,1897097,16,227,110,1,30741,1,110,1,269195,1,186390,1,130619,1,1269781,1,10150,1,121481,1,12124,4,329464,4,83496,4,239115,4,441607,8,602607,96,47083,36,3717,1,26683,1,2876,1,0,0,0,0,0,0,0,0,134858,1,33707,1,4629,1,7264,1,22144,1,206069,1,33436,1,3908,1,6002,1,30210,1,78847,1,16316,1,240,1,9545,1,4468,1,16556,1,9545,1,48,1,1240,1,1,1,0,1,4504,1,5041,1,0,1,0,0,218799,1,399333,1,776,1,776,1,0,1,96,1,2244,1,97,1,0,1,2,1,0,1,0,1,1,1,8,1,24,1,0,1,0,1,216,1,16316,1,0,1,0,1,2360,1,146817,1,8,1,8,1,0,1,116843,1,97,1,14801,1,594,1,116545,1,15097,1,1,1,32,1,32,1
261,1885700,4467,9545,28.988903,,0,11,8,96,32079,8727,29347,1853621,16,227,80,1,30841,1,50,1,260106,1,155960,1,133625,1,1262767,1,10190,1,115099,1,12535,4,336137,4,82865,4,235127,4,441817,8,600514,96,47083,36,3006,1,24759,1,2695,1,0,0,0,0,0,0,0,0,103345,1,34278,1,4970,1,6783,1,21483,1,199035,1,32374,1,4369,1,6172,1,30931,1,71181,1,16322,1,233,1,9545,1,4467,1,16555,1,9545,1,48,1,1240,1,1,1,0,1,4504,1,5041,1,0,1,0,0,208144,1,362670,1,776,1,776,1,0,1,96,1,2232,1,97,1,0,1,2,1,0,1,0,1,1,1,8,1,24,1,0,1,0,1,209,1,16322,1,0,1,0,1,2492,1,60489,1,8,1,8,1,0,1,86171,1,97,1,13712,1,6600,1,115605,1,14800,1,1,1,32,1,32,1
262,1818900,4467,9545,28.988903,,0,11,8,96,31831,11944,29157,1787069,16,227,70,1,26683,1,50,1,256279,1,153595,1,112824,1,1227457,1,10110,1,110870,1,11904,4,299875,4,82764,4,237542,4,441116,8,602657,96,46843,36,3056,1,25751,1,2635,1,0,0,0,0,0,0,0,0,102774,1,33927,1,4369,1,6403,1,21142,1,200779,1,27535,1,3808,1,5391,1,30931,1,68757,1,16323,1,233,1,9545,1,4467,1,16556,1,9545,1,48,1,1240,1,1,1,0,1,4504,1,5041,1,0,1,0,0,209034,1,334323,1,776,1,776,1,0,1,96,1,2232,1,97,1,0,1,2,1,0,1,0,1,1,1,8,1,24,1,0,1,0,1,209,1,16323,1,1,1,0,1,2294,1,61182,1,8,1,8,1,0,1,95032,1,97,1,13580,1,4950,1,115522,1,14371,1,1,1,32,1,32,1
263,1806200,4468,9545,28.988903,,0,11,8,96,30755,8587,29388,1775445,16,227,130,1,26964,1,40,1,256590,1,147944,1,112774,1,1220974,1,10030,1,111692,1,11914,4,301489,4,83075,4,235548,4,439523,8,599020,96,46663,36,2956,1,23547,1,2645,1,0,0,0,0,0,0,0,0,97814,1,33466,1,4339,1,6242,1,20922,1,201610,1,27535,1,3757,1,5571,1,30971,1,69378,1,16317,1,240,1,9545,1,4468,1,16557,1,9545,1,48,1,1240,1,1,1,0,1,4503,1,5041,1,1,1,0,0,205738,1,323103,1,776,1,776,1,0,1,96,1,2244,1,97,1,0,1,2,1,0,1,0,1,1,1,8,1,24,1,0,1,0,1,216,1,16317,1,0,1,0,1,2426,1,627,1,8,1,8,1,0,1,86677,1,97,1,13052,1,1155,1,112255,1,627,1,1,1,32,1,32,1
264,1805800,4467,9545,28.988903,,0,11,8,96,30284,8497,29698,1775516,16,227,40,1,27044,1,40,1,255798,1,154777,1,113906,1,1213780,1,10130,1,107824,1,11743,4,300156,4,82634,4,233093,4,440174,8,596486,96,47083,36,2956,1,24048,1,2655,1,0,0,0,0,0,0,0,0,103075,1,34769,1,4409,1,6292,1,20791,1,200568,1,27885,1,3196,1,5521,1,30961,1,66141,1,16325,1,233,1,9545,1,4467,1,16558,1,9545,1,48,1,1240,1,1,1,0,1,4503,1,5041,1,1,1,0,0,210404,1,318318,1,776,1,776,1,0,1,96,1,2232,1,97,1,0,1,2,1,0,1,0,1,1,1,8,1,24,1,0,1,0,1,209,1,16325,1,0,1,0,1,2360,1,61644,1,8,1,8,1,0,1,80986,1,97,1,13943,1,429,1,115538,1,15939,1,1,1,32,1,32,1
265,1873300,4467,9545,28.988903,,0,11,8,96,31423,9970,30159,1841877,16,227,100,1,31102,1,60,1,287681,1,153054,1,131441,1,1228369,1,10070,1,110409,1,12565,4,300096,4,78305,4,238143,4,446617,8,604742,96,49859,36,3026,1,26493,1,2745,1,0,0,0,0,0,0,0,0,100901,1,33837,1,4910,1,6643,1,22685,1,224406,1,33336,1,3818,1,6082,1,30661,1,67694,1,16326,1,233,1,9545,1,4467,1,16559,1,9545,1,48,1,1240,1,1,1,0,1,4504,1,5041,1,0,1,0,0,204413,1,285912,1,776,1,776,1,0,1,96,1,2232,1,97,1,0,1,2,1,0,1,0,1,1,1,8,1,24,1,0,1,0,1,209,1,16326,1,1,1,0,1,2706,1,5775,1,8,1,8,1,0,1,88087,1,97,1,13101,1,6633,1,110732,1,2046,1,1,1,32,1,32,1
266,1883100,4468,9545,28.988903,,0,11,8,96,31523,8868,30149,1851577,16,227,150,1,30961,1,40,1,278293,1,151771,1,134978,1,1245323,1,10060,1,113616,1,11944,4,302781,4,83426,4,237271,4,456216,8,616115,96,47223,36,3056,1,25390,1,2755,1,0,0,0,0,0,0,0,0,98916,1,33547,1,4940,1,6503,1,22404,1,214807,1,34218,1,4299,1,6172,1,30741,1,70270,1,16320,1,240,1,9545,1,4468,1,16560,1,9545,1,48,1,1240,1,1,1,0,1,4504,1,5041,1,0,1,0,0,238789,1,333531,1,775,1,775,1,0,1,96,1,2244,1,97,1,0,1,2,1,0,1,0,1,1,1,8,1,24,1,0,1,0,1,216,1,16320,1,0,1,0,1,1765,1,22605,1,8,1,8,1,0,1,88677,1,97,1,15097,1,2937,1,113135,1,2558,1,1,1,32,1,32,1
267,1895000,4467,9545,28.988903,,0,11,8,96,31214,8456,28786,1863786,16,227,10,1,27204,1,50,1,267361,1,156926,1,133054,1,1268789,1,10391,1,114157,1,12144,4,345837,4,83075,4,233714,4,441327,8,599312,96,46943,36,3036,1,24378,1,2665,1,0,0,0,0,0,0,0,0,105094,1,33747,1,4990,1,6152,1,20771,1,211941,1,28136,1,4208,1,6222,1,30861,1,70610,1,16326,1,233,1,9545,1,4467,1,16559,1,9545,1,48,1,1240,1,1,1,0,1,4504,1,5041,1,0,1,0,0,197637,1,337128,1,776,1,776,1,0,1,96,1,2232,1,97,1,0,1,2,1,0,1,0,1,1,1,8,1,24,1,0,1,0,1,209,1,16326,1,0,1,0,1,2359,1,48229,1,8,1,8,1,0,1,86026,1,97,1,12953,1,2739,1,108147,1,13365,1,1,1,32,1,32,1
268,1929300,4467,9545,28.988903,,0,11,8,96,31652,13247,34808,1897648,16,227,40,1,26733,1,40,1,264776,1,157372,1,115920,1,1322406,1,10361,1,123585,1,12084,4,301709,4,85991,4,255247,4,497237,8,664111,96,53566,36,5972,1,24589,1,2745,1,0,0,0,0,0,0,0,0,105660,1,34719,1,4349,1,6292,1,20902,1,209626,1,27645,1,3577,1,5591,1,30250,1,82013,1,16326,1,233,1,9545,1,4467,1,16559,1,9545,1,48,1,1240,1,1,1,0,1,4504,1,5041,1,0,1,0,0,224461,1,438537,1,776,1,776,1,0,1,96,1,2232,1,97,1,0,1,2,1,0,1,0,1,1,1,8,1,24,1,0,1,0,1,209,1,16326,1,1,1,1,1,2096,1,50259,1,8,1,8,1,0,1,130073,1,97,1,13349,1,957,1,119367,1,14058,1,1,1,32,1,32,1
269,1849100,4468,9545,28.988903,,0,11,8,96,31491,8637,29388,1817609,16,227,130,1,27094,1,30,1,264465,1,162423,1,113325,1,1239882,1,10260,1,115048,1,11954,4,300477,4,83506,4,239165,4,448381,8,611055,96,47103,36,2946,1,27054,1,2715,1,0,0,0,0,0,0,0,0,111531,1,33907,1,4379,1,6252,1,20681,1,209356,1,27745,1,3387,1,5551,1,30340,1,73726,1,16320,1,240,1,9545,1,4468,1,16560,1,9545,1,48,1,1240,1,1,1,0,1,4504,1,5041,1,0,1,0,0,209728,1,371646,1,776,1,776,1,0,1,96,1,2244,1,97,1,0,1,2,1,0,1,0,1,1,1,8,1,24,1,0,1,0,1,216,1,16320,1,0,1,0,1,2294,1,66990,1,8,1,8,1,0,1,95905,1,97,1,13019,1,1320,1,115357,1,14932,1,1,1,32,1,32,1
270,1811100,4467,9545,28.988903,,0,11,8,96,31126,8627,28566,1779974,16,227,110,1,26964,1,30,1,260387,1,151180,1,112674,1,1218459,1,10170,1,111692,1,11663,4,301098,4,83456,4,232973,4,438611,8,595985,96,47033,36,2976,1,24669,1,2695,1,0,0,0,0,0,0,0,0,100399,1,33797,1,4369,1,6192,1,20952,1,205207,1,27795,1,3557,1,5421,1,31172,1,69448,1,16326,1,233,1,9545,1,4467,1,16559,1,9545,1,48,1,1240,1,1,1,0,1,4504,1,5041,1,0,1,0,0,205936,1,322377,1,776,1,776,1,0,1,96,1,2232,1,97,1,0,1,2,1,0,1,0,1,1,1,8,1,24,1,0,1,0,1,209,1,16326,1,0,1,0,1,2096,1,54417,1,8,1,8,1,0,1,92988,1,97,1,13712,1,396,1,115374,1,12556,1,1,1,32,1,32,1
271,1885100,4467,9545,28.988903,,0,11,8,96,31970,14268,31321,1853130,16,227,140,1,30611,1,50,1,284936,1,151210,1,135299,1,1239131,1,11753,1,111672,1,12264,4,317390,4,83085,4,234456,4,436527,8,591947,96,47715,36,3026,1,23747,1,2695,1,0,0,0,0,0,0,0,0,99117,1,33637,1,4940,1,6613,1,22675,1,221700,1,33416,1,4228,1,6222,1,30631,1,68105,1,16326,1,233,1,9545,1,4467,1,16559,1,9545,1,48,1,1240,1,1,1,0,1,4503,1,5041,1,1,1,0,0,207211,1,305316,1,776,1,776,1,0,1,96,1,2232,1,97,1,0,1,2,1,0,1,0,1,1,1,8,1,24,1,0,1,0,1,209,1,16326,1,1,1,1,1,4966,1,6237,1,8,1,8,1,0,1,81289,1,97,1,13018,1,1782,1,110561,1,1667,1,1,1,32,1,32,1
272,1854800,4467,9545,28.988903,,0,11,8,96,29906,12725,29537,1824894,16,227,80,1,31012,1,20,1,263583,1,149828,1,125149,1,1245082,1,10140,1,113044,1,12204,4,312230,4,82834,4,237942,4,442659,8,604022,96,47043,36,3016,1,25721,1,2705,1,0,0,0,0,0,0,0,0,98385,1,34438,1,4589,1,6102,1,22024,1,203925,1,31272,1,4519,1,5872,1,30881,1,69578,1,16326,1,233,1,9545,1,4467,1,16559,1,9545,1,48,1,1240,1,1,1,0,1,4504,1,5041,1,0,1,0,0,212787,1,348579,1,776,1,776,1,0,1,96,1,2232,1,97,1,0,1,2,1,0,1,0,1,1,1,8,1,24,1,0,1,0,1,209,1,16326,1,1,1,1,1,2063,1,28743,1,8,1,8,1,0,1,90257,1,97,1,14190,1,924,1,116677,1,2392,1,1,1,32,1,32,1
273,1819300,4467,9545,28.988903,,0,11,8,96,30528,12815,29207,1788772,16,227,40,1,27064,1,30,1,258904,1,156701,1,113686,1,1222227,1,10120,1,110700,1,11773,4,300547,4,83095,4,233904,4,439513,8,597758,96,46452,36,2956,1,24298,1,2625,1,0,0,0,0,0,0,0,0,104909,1,34779,1,4579,1,6222,1,20811,1,203915,1,27645,1,3968,1,6032,1,30871,1,67855,1,16326,1,233,1,9545,1,4467,1,16559,1,9545,1,48,1,1240,1,1,1,0,1,4503,1,5041,1,1,1,0,0,211480,1,283833,1,776,1,776,1,0,1,96,1,2232,1,97,1,0,1,2,1,0,1,0,1,1,1,8,1,24,1,0,1,0,1,209,1,16326,1,1,1,1,1,2591,1,48708,1,8,1,8,1,0,1,77619,1,97,1,13712,1,5412,1,115473,1,13365,1,1,1,32,1,32,1
274,1917700,4468,9545,28.988905,,0,11,8,96,33809,9639,32994,1883891,16,227,140,1,38206,1,50,1,283423,1,159978,1,126892,1,1265052,1,10150,1,114077,1,13146,4,322871,4,85069,4,242512,4,446326,8,607307,96,48536,36,3166,1,25541,1,2705,1,0,0,0,0,0,0,0,0,107213,1,34599,1,4759,1,7455,1,22905,1,221921,1,30561,1,3828,1,5932,1,30651,1,71241,1,16320,1,240,1,9545,1,4468,1,16560,1,9545,1,48,1,1240,1,1,1,0,1,4502,1,5041,1,2,1,0,0,220921,1,358017,1,776,1,776,1,0,1,96,1,2244,1,97,1,0,1,2,1,0,1,0,1,1,1,8,1,24,1,0,1,0,1,216,1,16320,1,0,1,0,1,2706,1,54450,1,8,1,8,1,0,1,96874,1,97,1,13315,1,1287,1,113811,1,15312,1,1,1,32,1,32,1
275,1958900,4467,9545,28.988905,,0,11,8,96,31658,8777,30659,1927242,16,227,130,1,30240,1,30,1,274475,1,151250,1,134567,1,1326168,1,10381,1,113676,1,12605,4,364434,4,83205,4,237271,4,469437,8,628675,96,47374,36,4479,1,28867,1,3417,1,0,0,0,0,0,0,0,0,98896,1,33987,1,5000,1,7495,1,22344,1,210077,1,34208,1,4178,1,6202,1,30771,1,70239,1,16327,1,233,1,9545,1,4467,1,16560,1,9545,1,48,1,1240,1,1,1,0,1,4501,1,5042,1,2,1,0,0,215113,1,417367,1,775,1,775,1,0,1,96,1,2232,1,97,1,0,1,2,1,0,1,0,1,1,1,8,1,24,1,0,1,0,1,209,1,16327,1,0,1,0,1,2029,1,3861,1,8,1,8,1,0,1,100935,1,97,1,14553,1,1287,1,112071,1,1436,1,1,1,32,1,32,1
276,1945200,4468,9545,28.988905,,0,11,8,96,31811,8737,37920,1913389,16,227,140,1,27174,1,50,1,264946,1,150028,1,113365,1,1347576,1,10110,1,110600,1,12926,4,305697,4,91021,4,268663,4,514371,8,686939,96,58176,36,6042,1,26793,1,2725,1,0,0,0,0,0,0,0,0,99297,1,33817,1,4339,1,7525,1,22445,1,207231,1,27434,1,3527,1,5521,1,30861,1,68617,1,16320,1,240,1,9545,1,4468,1,16560,1,9545,1,48,1,1240,1,1,1,0,1,4502,1,5042,1,1,1,0,0,238126,1,356598,1,773,1,773,1,0,1,96,1,2244,1,97,1,0,1,2,1,0,1,0,1,1,1,8,1,24,1,0,1,0,1,216,1,16320,1,0,1,0,1,2690,1,1419,1,8,1,8,1,0,1,100807,1,97,1,14042,1,3432,1,131989,1,907,1,1,1,32,1,32,1
277,1847700,4467,9545,28.988905,,0,11,8,96,32225,8737,30270,1815475,16,227,140,1,26613,1,110,1,263684,1,159948,1,113756,1,1241094,1,10130,1,114888,1,12034,4,300707,4,83165,4,241409,4,445895,8,609801,96,47233,36,2976,1,28647,1,2635,1,0,0,0,0,0,0,0,0,106932,1,36282,1,4339,1,7034,1,21743,1,206300,1,28286,1,3076,1,5581,1,30501,1,73105,1,16327,1,233,1,9545,1,4467,1,16560,1,9545,1,48,1,1240,1,1,1,0,1,4503,1,5042,1,0,1,0,0,212039,1,382437,1,776,1,776,1,0,1,96,1,2232,1,97,1,0,1,2,1,0,1,0,1,1,1,8,1,24,1,0,1,0,1,209,1,16327,1,0,1,0,1,1716,1,5313,1,8,1,8,1,0,1,97387,1,97,1,13778,1,825,1,115538,1,561,1,1,1,32,1,32,1
278,1820700,4467,9545,28.988905,,0,11,8,96,29984,11272,28787,1790716,16,227,40,1,27074,1,20,1,261078,1,149817,1,113024,1,1229291,1,10371,1,110309,1,11813,4,301398,4,83295,4,235908,4,444032,8,604090,96,47063,36,3016,1,25521,1,2725,1,0,0,0,0,0,0,0,0,100480,1,32505,1,4349,1,6473,1,21342,1,205007,1,27976,1,3627,1,5210,1,31022,1,68406,1,16326,1,233,1,9545,1,4467,1,16559,1,9545,1,48,1,1240,1,1,1,0,1,4502,1,5042,1,1,1,0,0,209413,1,330495,1,776,1,776,1,0,1,96,1,2232,1,97,1,0,1,2,1,0,1,0,1,1,1,8,1,24,1,0,1,0,1,209,1,16326,1,1,1,0,1,2261,1,10824,1,8,1,8,1,0,1,88034,1,97,1,13514,1,5643,1,116314,1,858,1,1,1,32,1,32,1
279,1807500,4467,9545,28.988905,,0,11,8,96,30181,11253,29637,1777319,16,227,100,1,26803,1,40,1,258864,1,150268,1,113065,1,1218099,1,10080,1,110549,1,11884,4,300376,4,83185,4,233734,4,437078,8,594152,96,47023,36,2976,1,24429,1,2635,1,0,0,0,0,0,0,0,0,98315,1,35420,1,4359,1,6262,1,21142,1,203324,1,27825,1,3487,1,5250,1,30881,1,68967,1,16327,1,233,1,9545,1,4467,1,16560,1,9545,1,48,1,1240,1,1,1,0,1,4503,1,5042,1,0,1,0,0,202206,1,340131,1,776,1,776,1,0,1,96,1,2232,1,97,1,0,1,2,1,0,1,0,1,1,1,8,1,24,1,0,1,0,1,209,1,16327,1,1,1,0,1,1898,1,5379,1,8,1,8,1,0,1,77524,1,97,1,13217,1,2574,1,113294,1,1369,1,1,1,32,1,32,1
280,1815400,4468,9545,28.988905,,0,11,8,96,30696,8537,29568,1784704,16,227,40,1,26933,1,10,1,258273,1,152242,1,114117,1,1223019,1,10070,1,112483,1,11703,4,301198,4,82965,4,236660,4,438862,8,598830,96,47124,36,2966,1,24909,1,2735,1,0,0,0,0,0,0,0,0,100450,1,34869,1,4349,1,6333,1,21152,1,202562,1,27976,1,3467,1,5501,1,31232,1,70129,1,16324,1,240,1,9545,1,4468,1,16564,1,9545,1,48,1,1240,1,1,1,0,1,4502,1,5042,1,1,1,0,0,206251,1,333102,1,776,1,776,1,0,1,96,1,2244,1,97,1,0,1,2,1,0,1,0,1,1,1,8,1,24,1,0,1,0,1,216,1,16324,1,0,1,0,1,2393,1,9339,1,8,1,8,1,0,1,95065,1,97,1,14009,1,3894,1,115225,1,3828,1,1,1,32,1,32,1
281,1815400,4467,9545,28.988905,,0,11,8,96,30766,8577,29588,1784634,16,227,40,1,27024,1,30,1,257972,1,146150,1,113646,1,1229742,1,10030,1,111702,1,11844,4,300737,4,82694,4,236790,4,447248,8,606886,96,47564,36,2986,1,24489,1,2675,1,0,0,0,0,0,0,0,0,97123,1,32354,1,4349,1,6242,1,20811,1,202773,1,27875,1,3487,1,5471,1,30791,1,69949,1,16330,1,233,1,9545,1,4467,1,16563,1,9545,1,48,1,1240,1,1,1,0,1,4503,1,5042,1,0,1,0,0,213455,1,385737,1,776,1,776,1,0,1,96,1,2232,1,97,1,0,1,2,1,0,1,0,1,1,1,8,1,24,1,0,1,0,1,209,1,16330,1,0,1,0,1,2129,1,561,1,8,1,8,1,0,1,104270,1,97,1,13613,1,2013,1,114581,1,561,1,1,1,32,1,32,1
282,1819600,4467,9545,28.988905,,0,11,8,96,30568,12846,29529,1789032,16,227,30,1,26843,1,40,1,256890,1,156360,1,113155,1,1225614,1,10100,1,109988,1,11904,4,301128,4,83416,4,237792,4,438330,8,599250,96,47344,36,2956,1,24559,1,2695,1,0,0,0,0,0,0,0,0,106311,1,33116,1,4359,1,6152,1,21022,1,201580,1,27825,1,3507,1,5421,1,30681,1,68336,1,16330,1,233,1,9545,1,4467,1,16563,1,9545,1,48,1,1240,1,1,1,0,1,4503,1,5042,1,0,1,0,0,207370,1,354915,1,776,1,776,1,0,1,96,1,2232,1,97,1,0,1,2,1,0,1,0,1,1,1,8,1,24,1,0,1,0,1,209,1,16330,1,1,1,1,1,2129,1,49302,1,8,1,8,1,0,1,94285,1,97,1,13052,1,396,1,113938,1,16467,1,1,1,32,1,32,1
283,1812200,4467,9545,28.988905,,0,11,8,96,31083,12655,29868,1781117,16,227,50,1,26392,1,30,1,255327,1,146220,1,112964,1,1230012,1,10120,1,113155,1,11813,4,301028,4,83155,4,235728,4,442288,8,601306,96,46843,36,3006,1,24499,1,2685,1,0,0,0,0,0,0,0,0,97975,1,31723,1,4339,1,6172,1,21002,1,200027,1,27845,1,3808,1,5531,1,30901,1,70911,1,16330,1,233,1,9545,1,4467,1,16563,1,9545,1,48,1,1240,1,1,1,0,1,4503,1,5042,1,0,1,0,0,201137,1,362769,1,776,1,776,1,0,1,96,1,2232,1,97,1,0,1,2,1,0,1,0,1,1,1,8,1,24,1,0,1,0,1,209,1,16330,1,1,1,1,1,1931,1,561,1,8,1,8,1,0,1,95205,1,97,1,12491,1,495,1,107817,1,561,1,1,1,32,1,32,1
284,1875000,4468,9545,28.988905,,0,11,8,96,30878,8637,31640,1844122,16,227,10,1,27264,1,40,1,255728,1,147874,1,113275,1,1289460,1,10471,1,128024,1,12274,4,300807,4,84758,4,256129,4,464813,8,640294,96,49007,36,2996,1,28296,1,2725,1,0,0,0,0,0,0,0,0,97143,1,34178,1,4349,1,6062,1,21132,1,199376,1,28877,1,3958,1,5561,1,31072,1,85319,1,16324,1,240,1,9545,1,4468,1,16564,1,9545,1,48,1,1240,1,1,1,0,1,4503,1,5042,1,0,1,0,0,209950,1,360228,1,772,1,773,1,0,1,96,1,2244,1,97,1,0,1,2,1,0,1,0,1,1,1,8,1,24,1,0,1,0,1,216,1,16324,1,0,1,0,1,2591,1,627,1,8,1,8,1,0,1,94348,1,97,1,15065,1,9372,1,117617,1,627,1,1,1,32,1,32,1
285,1838900,4467,9545,28.988905,,0,11,8,96,31782,8777,30108,1807118,16,227,40,1,27164,1,30,1,258092,1,152002,1,113535,1,1245914,1,10341,1,112634,1,12284,4,301398,4,82824,4,236409,4,456036,8,615113,96,47223,36,2946,1,29819,1,2786,1,0,0,0,0,0,0,0,0,101341,1,33617,1,4339,1,6252,1,22014,1,201390,1,27996,1,3968,1,5331,1,30901,1,70059,1,16330,1,233,1,9545,1,4467,1,16563,1,9545,1,48,1,1240,1,1,1,0,1,4503,1,5042,1,0,1,0,0,207376,1,369039,1,776,1,776,1,0,1,96,1,2232,1,97,1,0,1,2,1,0,1,0,1,1,1,8,1,24,1,0,1,0,1,209,1,16330,1,0,1,0,1,1601,1,35211,1,8,1,8,1,0,1,95269,1,97,1,13448,1,1683,1,115308,1,8415,1,1,1,32,1,32,1
286,1995700,4467,9545,28.988905,,0,11,8,96,34726,14028,36160,1960974,16,227,130,1,30841,1,30,1,301699,1,165238,1,157032,1,1295192,1,10811,1,120574,1,12555,4,310196,4,80049,4,273669,4,452599,8,636070,96,54037,36,3026,1,25781,1,2715,1,0,0,0,0,0,0,0,0,107814,1,35891,1,5741,1,6673,1,23026,1,233574,1,37855,1,4689,1,6934,1,30601,1,75715,1,16331,1,233,1,9545,1,4467,1,16564,1,9545,1,48,1,1240,1,1,1,0,1,4502,1,5042,1,1,1,0,0,220189,1,457017,1,776,1,776,1,0,1,96,1,2232,1,97,1,0,1,2,1,0,1,0,1,1,1,8,1,24,1,0,1,0,1,209,1,16331,1,1,1,0,1,5197,1,56727,1,8,1,8,1,0,1,112262,1,97,1,14405,1,90965,1,112591,1,14850,1,1,1,32,1,32,1
287,1906700,4468,9545,28.988905,,0,11,8,96,31306,9228,31041,1875394,16,227,70,1,31052,1,40,1,283092,1,156932,1,133946,1,1260142,1,10120,1,112954,1,12805,4,330857,4,81362,4,238864,4,443782,8,602418,96,49187,36,3066,1,24479,1,2745,1,0,0,0,0,0,0,0,0,103165,1,34779,1,4930,1,6513,1,22865,1,220718,1,32474,1,4289,1,6292,1,30571,1,69408,1,16325,1,240,1,9545,1,4468,1,16565,1,9545,1,48,1,1240,1,1,1,0,1,4501,1,5042,1,2,1,0,0,206425,1,304491,1,776,1,776,1,0,1,96,1,2244,1,97,1,0,1,2,1,0,1,0,1,1,1,8,1,24,1,0,1,0,1,216,1,16325,1,0,1,0,1,15164,1,27093,1,8,1,8,1,0,1,79110,1,97,1,13398,1,2673,1,111821,1,2986,1,1,1,32,1,32,1
288,1900100,4467,9545,28.988905,,0,11,8,96,30297,8998,30270,1869803,16,227,120,1,31232,1,50,1,276178,1,151701,1,135429,1,1265012,1,10080,1,113525,1,12294,4,336328,4,82694,4,235638,4,442038,8,600172,96,47234,36,3076,1,27585,1,2836,1,0,0,0,0,0,0,0,0,98606,1,34539,1,4930,1,6613,1,23096,1,212542,1,33456,1,4088,1,6323,1,30691,1,70069,1,16330,1,233,1,9545,1,4467,1,16563,1,9545,1,48,1,1240,1,1,1,0,1,4503,1,5042,1,0,1,0,0,199472,1,316437,1,776,1,776,1,0,1,96,1,2232,1,97,1,0,1,2,1,0,1,0,1,1,1,8,1,24,1,0,1,0,1,209,1,16330,1,0,1,0,1,2491,1,25410,1,8,1,8,1,0,1,87286,1,97,1,13975,1,297,1,111369,1,3053,1,1,1,32,1,32,1
289,1952500,4467,9545,28.988905,,0,11,8,96,30589,11072,30008,1921911,16,227,20,1,27525,1,50,1,268373,1,165689,1,113014,1,1337060,1,10180,1,114908,1,12435,4,355736,4,83366,4,234556,4,487463,8,645218,96,46793,36,4439,1,29659,1,3427,1,0,0,0,0,0,0,0,0,98867,1,49829,1,4359,1,6202,1,21563,1,212342,1,27966,1,3437,1,5180,1,30671,1,73526,1,16332,1,233,1,9545,1,4467,1,16565,1,9545,1,48,1,1240,1,1,1,0,1,4503,1,5042,1,0,1,0,0,214308,1,456538,1,775,1,775,1,0,1,96,1,2232,1,97,1,0,1,2,1,0,1,0,1,1,1,8,1,24,1,0,1,0,1,209,1,16332,1,1,1,0,1,1963,1,26796,1,8,1,8,1,0,1,116381,1,97,1,13612,1,1386,1,114183,1,1106,1,1,1,32,1,32,1
290,1831300,4468,9545,28.988905,,0,11,8,96,30735,8727,29538,1800565,16,227,100,1,27374,1,40,1,268714,1,156531,1,113846,1,1223790,1,10170,1,112513,1,12174,4,300897,4,83205,4,233514,4,442068,8,598960,96,47083,36,2976,1,25070,1,2645,1,0,0,0,0,0,0,0,0,104898,1,34478,1,4369,1,6743,1,22354,1,211410,1,27765,1,3347,1,5521,1,30641,1,70981,1,16326,1,240,1,9545,1,4468,1,16566,1,9545,1,48,1,1240,1,1,1,0,1,4503,1,5042,1,0,1,0,0,204150,1,344553,1,776,1,776,1,0,1,96,1,2244,1,97,1,0,1,2,1,0,1,0,1,1,1,8,1,24,1,0,1,0,1,216,1,16326,1,0,1,0,1,2822,1,46134,1,8,1,8,1,0,1,83528,1,97,1,13811,1,5379,1,115241,1,14140,1,1,1,32,1,32,1
291,1814800,4467,9545,28.988905,,0,11,8,96,31409,8597,29999,1783391,16,227,40,1,26352,1,40,1,264215,1,147112,1,112303,1,1223209,1,10120,1,110580,1,11753,4,301388,4,83015,4,233293,4,444332,8,600273,96,47354,36,2966,1,24619,1,2665,1,0,0,0,0,0,0,0,0,97423,1,32875,1,4349,1,6182,1,21272,1,208484,1,27996,1,3627,1,5551,1,31082,1,68266,1,16333,1,233,1,9545,1,4467,1,16566,1,9545,1,48,1,1240,1,1,1,0,1,4503,1,5042,1,0,1,0,0,203283,1,303633,1,776,1,776,1,0,1,96,1,2232,1,97,1,0,1,2,1,0,1,0,1,1,1,8,1,24,1,0,1,0,1,209,1,16333,1,0,1,0,1,2096,1,594,1,8,1,8,1,0,1,84663,1,97,1,12821,1,3465,1,109219,1,594,1,1,1,32,1,32,1
292,1838800,4467,9545,28.988905,,0,11,8,96,30770,12695,29828,1808030,16,227,90,1,27114,1,30,1,259004,1,154607,1,113355,1,1243700,1,10130,1,110920,1,11763,4,300807,4,83145,4,238764,4,454382,8,616265,96,47053,36,2946,1,25641,1,2635,1,0,0,0,0,0,0,0,0,104227,1,33507,1,4369,1,6122,1,20952,1,203785,1,27865,1,3727,1,5451,1,30941,1,68757,1,16333,1,233,1,9545,1,4467,1,16566,1,9545,1,48,1,1240,1,1,1,0,1,4503,1,5042,1,0,1,0,0,208594,1,362307,1,774,1,775,1,0,1,96,1,2232,1,97,1,0,1,2,1,0,1,0,1,1,1,8,1,24,1,0,1,0,1,209,1,16333,1,1,1,1,1,2162,1,44715,1,8,1,8,1,0,1,98129,1,97,1,12788,1,2541,1,114202,1,15856,1,1,1,32,1,32,1
293,1823000,4467,9545,28.988905,,0,11,8,96,30601,12915,29608,1792399,16,227,30,1,26463,1,30,1,257632,1,154066,1,112443,1,1231325,1,10411,1,114948,1,12144,4,300697,4,83386,4,236991,4,439794,8,599742,96,47434,36,3056,1,24709,1,2685,1,0,0,0,0,0,0,0,0,103085,1,33937,1,4359,1,6142,1,20972,1,202282,1,27996,1,3978,1,5431,1,30992,1,72193,1,16333,1,233,1,9545,1,4467,1,16566,1,9545,1,48,1,1240,1,1,1,0,1,4502,1,5042,1,1,1,0,0,206382,1,363198,1,776,1,776,1,0,1,96,1,2232,1,97,1,0,1,2,1,0,1,0,1,1,1,8,1,24,1,0,1,0,1,209,1,16333,1,1,1,1,1,1667,1,63987,1,8,1,8,1,0,1,106827,1,97,1,13745,1,6501,1,114318,1,14932,1,1,1,32,1,32,1
294,1812800,4468,9545,28.988905,,0,11,8,96,30200,8486,29488,1782600,16,227,50,1,26994,1,20,1,257692,1,149717,1,112533,1,1225373,1,10220,1,112964,1,12084,4,300787,4,83235,4,236460,4,440746,8,600795,96,46923,36,2976,1,24889,1,2745,1,0,0,0,0,0,0,0,0,99327,1,33717,1,4349,1,5992,1,20691,1,201811,1,28907,1,3527,1,5611,1,31082,1,70750,1,16328,1,240,1,9545,1,4468,1,16568,1,9545,1,48,1,1240,1,1,1,0,1,4503,1,5042,1,0,1,0,0,206528,1,325083,1,776,1,776,1,0,1,96,1,2244,1,97,1,0,1,2,1,0,1,0,1,1,1,8,1,24,1,0,1,0,1,216,1,16328,1,0,1,0,1,1667,1,29238,1,8,1,8,1,0,1,91481,1,97,1,13151,1,1122,1,113823,1,1039,1,1,1,32,1,32,1
295,1812600,4467,9545,28.988905,,0,11,8,96,31473,8557,29007,1781127,16,227,40,1,27094,1,40,1,257491,1,148856,1,113826,1,1223640,1,10140,1,112553,1,11984,4,300727,4,82794,4,234395,4,442529,8,600714,96,47204,36,2996,1,24388,1,2715,1,0,0,0,0,0,0,0,0,99778,1,32154,1,4439,1,6052,1,21052,1,202171,1,27956,1,3667,1,6002,1,31262,1,69528,1,16333,1,233,1,9545,1,4467,1,16566,1,9545,1,48,1,1240,1,1,1,0,1,4502,1,5042,1,1,1,0,0,205242,1,358182,1,776,1,776,1,0,1,96,1,2232,1,97,1,0,1,2,1,0,1,0,1,1,1,8,1,24,1,0,1,0,1,209,1,16333,1,0,1,0,1,2162,1,2805,1,8,1,8,1,0,1,95288,1,97,1,13481,1,3102,1,114400,1,742,1,1,1,32,1,32,1
296,1924100,4467,9545,28.988905,,0,11,8,96,32203,14188,31943,1891897,16,227,130,1,31162,1,60,1,288874,1,157793,1,145479,1,1257687,1,10711,1,118245,1,12485,4,310937,4,86502,4,236750,4,446487,8,602978,96,48316,36,3848,1,25430,1,2816,1,0,0,0,0,0,0,0,0,102744,1,35490,1,5301,1,7064,1,22956,1,221800,1,36492,1,4779,1,6603,1,30581,1,73787,1,16335,1,233,1,9545,1,4467,1,16568,1,9545,1,48,1,1240,1,1,1,0,1,4503,1,5042,1,0,1,0,0,199625,1,345048,1,776,1,776,1,0,1,96,1,2232,1,97,1,0,1,2,1,0,1,0,1,1,1,8,1,24,1,0,1,0,1,209,1,16335,1,1,1,0,1,2211,1,25608,1,8,1,8,1,0,1,93878,1,97,1,12243,1,363,1,109924,1,2854,1,1,1,32,1,32,1
297,1890400,4468,9545,28.988905,,0,11,8,96,32300,8897,31061,1858100,16,227,120,1,27735,1,50,1,279685,1,158034,1,135008,1,1247207,1,10260,1,115379,1,12375,4,318282,4,83185,4,235017,4,442960,8,600073,96,46843,36,3046,1,25360,1,2705,1,0,0,0,0,0,0,0,0,103185,1,36112,1,4960,1,6623,1,23016,1,215598,1,33847,1,4018,1,6333,1,30050,1,72754,1,16329,1,240,1,9545,1,4468,1,16569,1,9545,1,48,1,1240,1,1,1,0,1,4503,1,5042,1,0,1,0,0,214633,1,340890,1,776,1,776,1,0,1,96,1,2244,1,97,1,0,1,2,1,0,1,0,1,1,1,8,1,24,1,0,1,0,1,216,1,16329,1,0,1,0,1,2854,1,35409,1,8,1,8,1,0,1,96885,1,97,1,14322,1,3036,1,116732,1,8498,1,1,1,32,1,32,1
298,1869400,4467,9545,28.988905,,0,11,8,96,30879,8587,29809,1838521,16,227,80,1,30992,1,40,1,268433,1,150639,1,133495,1,1244601,1,10240,1,117964,1,12435,4,319104,4,83305,4,235017,4,437880,8,595754,96,47334,36,3086,1,24519,1,2705,1,0,0,0,0,0,0,0,0,97774,1,34769,1,4960,1,6353,1,22745,1,205588,1,33396,1,4178,1,6162,1,30971,1,74027,1,16334,1,233,1,9545,1,4467,1,16567,1,9545,1,48,1,1240,1,1,1,0,1,4502,1,5042,1,1,1,0,0,191447,1,366399,1,776,1,776,1,0,1,96,1,2232,1,97,1,0,1,2,1,0,1,0,1,1,1,8,1,24,1,0,1,0,1,209,1,16334,1,0,1,0,1,3152,1,23199,1,8,1,8,1,0,1,100488,1,97,1,12491,1,2706,1,106084,1,2689,1,1,1,32,1,32,1
299,1900000,4467,9545,28.988905,,0,11,8,96,33704,13567,31211,1866296,16,227,40,1,31072,1,40,1,279184,1,153876,1,134738,1,1256405,1,10942,1,111912,1,12495,4,318252,4,83917,4,238744,4,445525,8,606025,96,47033,36,3016,1,26312,1,2665,1,0,0,0,0,0,0,0,0,101872,1,33987,1,4930,1,6483,1,22404,1,216790,1,33076,1,4309,1,6252,1,30621,1,68346,1,16333,1,233,1,9545,1,4467,1,16566,1,9545,1,48,1,1240,1,1,1,0,1,4503,1,5042,1,0,1,0,0,200398,1,378180,1,776,1,776,1,0,1,96,1,2232,1,97,1,0,1,2,1,0,1,0,1,1,1,8,1,24,1,0,1,0,1,209,1,16333,1,1,1,0,1,2739,1,825,1,8,1,8,1,0,1,93860,1,97,1,13233,1,330,1,111573,1,825,1,1,1,32,1,32,1
300,1877000,4467,9545,28.988905,,0,11,8,96,30884,12996,29717,1846116,16,227,40,1,30911,1,50,1,268593,1,151952,1,133225,1,1251255,1,10090,1,115319,1,12535,4,318462,4,82774,4,237291,4,441286,8,601577,96,47284,36,3016,1,24879,1,2695,1,0,0,0,0,0,0,0,0,99468,1,34639,1,4930,1,6393,1,22455,1,205408,1,33947,1,4319,1,6132,1,31042,1,71592,1,16333,1,233,1,9545,1,4467,1,16566,1,9545,1,48,1,1240,1,1,1,0,1,4503,1,5042,1,0,1,0,0,202389,1,382998,1,776,1,776,1,0,1,96,1,2232,1,97,1,0,1,2,1,0,1,0,1,1,1,8,1,24,1,0,1,0,1,209,1,16333,1,1,1,1,1,1799,1,5577,1,8,1,8,1,0,1,91314,1,97,1,13299,1,3993,1,106282,1,1468,1,1,1,32,1,32,1
301,1863800,4468,9545,28.988905,,0,11,8,96,31702,8737,33114,1832098,16,227,130,1,26833,1,40,1,259455,1,147182,1,112754,1,1275593,1,10110,1,111000,1,12615,4,303132,4,85219,4,243544,4,479202,8,639612,96,50019,36,2986,1,26483,1,2675,1,0,0,0,0,0,0,0,0,97995,1,32294,1,4329,1,6102,1,21062,1,204566,1,27434,1,3477,1,5481,1,30921,1,69167,1,16327,1,240,1,9545,1,4468,1,16567,1,9545,1,48,1,1240,1,1,1,0,1,4503,1,5042,1,0,1,0,0,208412,1,305877,1,772,1,772,1,0,1,96,1,2244,1,97,1,0,1,2,1,0,1,0,1,1,1,8,1,24,1,0,1,0,1,216,1,16327,1,0,1,0,1,2459,1,1122,1,8,1,8,1,0,1,96367,1,97,1,12095,1,990,1,111116,1,907,1,1,1,32,1,32,1
302,1917000,4467,9545,28.988905,,0,11,8,96,33851,9098,31261,1883149,16,227,140,1,31172,1,40,1,283613,1,155308,1,134788,1,1267367,1,10721,1,115429,1,12314,4,327500,4,82614,4,237602,4,449533,8,602628,96,53246,36,2966,1,27595,1,2715,1,0,0,0,0,0,0,0,0,102013,1,34679,1,4930,1,6673,1,23096,1,219576,1,33777,1,4198,1,6262,1,30671,1,71913,1,16333,1,233,1,9545,1,4467,1,16566,1,9545,1,48,1,1240,1,1,1,0,1,4503,1,5042,1,0,1,0,0,205249,1,318582,1,776,1,776,1,0,1,96,1,2232,1,97,1,0,1,2,1,0,1,0,1,1,1,8,1,24,1,0,1,0,1,209,1,16333,1,0,1,0,1,3745,1,792,1,8,1,8,1,0,1,83032,1,97,1,13150,1,5676,1,112046,1,792,1,1,1,32,1,32,1
303,1878300,4467,9545,28.988905,,0,11,8,96,30260,12965,30548,1848040,16,227,110,1,30751,1,30,1,267191,1,150198,1,125980,1,1263679,1,10100,1,114107,1,12174,4,322791,4,84608,4,241049,4,445054,8,607228,96,48326,36,3026,1,25190,1,2715,1,0,0,0,0,0,0,0,0,101431,1,31673,1,4579,1,6783,1,22264,1,206139,1,31633,1,4298,1,5892,1,30631,1,71231,1,16333,1,233,1,9545,1,4467,1,16566,1,9545,1,48,1,1240,1,1,1,0,1,4503,1,5042,1,0,1,0,0,205837,1,313170,1,776,1,776,1,0,1,96,1,2232,1,97,1,0,1,2,1,0,1,0,1,1,1,8,1,24,1,0,1,0,1,209,1,16333,1,1,1,1,1,6518,1,561,1,8,1,8,1,0,1,81487,1,97,1,13167,1,2706,1,107866,1,561,1,1,1,32,1,32,1
304,1823800,4467,9545,28.988905,,0,11,8,96,30559,12595,28977,1793241,16,227,40,1,27194,1,110,1,259385,1,153845,1,113756,1,1228780,1,10130,1,109928,1,11854,4,300156,4,83125,4,233914,4,446717,8,604401,96,47254,36,2946,1,24879,1,2665,1,0,0,0,0,0,0,0,0,105269,1,31733,1,4359,1,6052,1,21032,1,204115,1,27905,1,3747,1,5411,1,31122,1,67674,1,16333,1,233,1,9545,1,4467,1,16566,1,9545,1,48,1,1240,1,1,1,0,1,4503,1,5042,1,0,1,0,0,194563,1,357621,1,776,1,776,1,0,1,96,1,2232,1,97,1,0,1,2,1,0,1,0,1,1,1,8,1,24,1,0,1,0,1,209,1,16333,1,1,1,1,1,2393,1,49071,1,8,1,8,1,0,1,87571,1,97,1,12095,1,1221,1,105771,1,17605,1,1,1,32,1,32,1
305,1983000,4467,9545,28.988905,,0,11,8,96,31479,13136,32182,1951521,16,227,60,1,30751,1,50,1,277561,1,157252,1,133936,1,1320088,1,31823,1,119924,1,15030,4,345767,4,79037,4,242201,4,468560,8,625374,96,53206,36,4258,1,28927,1,3246,1,0,0,0,0,0,0,0,0,104728,1,33817,1,4930,1,6443,1,22304,1,215298,1,33176,1,4068,1,6152,1,30541,1,76448,1,16334,1,233,1,9545,1,4467,1,16567,1,9545,1,48,1,1240,1,1,1,0,1,4503,1,5042,1,0,1,0,0,217535,1,342726,1,776,1,776,1,0,1,96,1,2232,1,97,1,0,1,2,1,0,1,0,1,1,1,8,1,24,1,0,1,0,1,209,1,16334,1,1,1,0,1,2359,1,61974,1,8,1,8,1,0,1,100434,1,97,1,17155,1,6237,1,113230,1,15675,1,1,1,32,1,32,1
306,1863000,4467,9545,28.988905,,0,11,8,96,32625,12966,29277,1830375,16,227,100,1,29358,1,40,1,262642,1,150469,1,126431,1,1251184,1,10150,1,111321,1,12084,4,323512,4,83095,4,236750,4,440064,8,600424,96,47113,36,3026,1,25631,1,2735,1,0,0,0,0,0,0,0,0,98486,1,34989,1,4579,1,6182,1,21643,1,203885,1,30651,1,3988,1,5932,1,30931,1,68416,1,16334,1,233,1,9545,1,4467,1,16567,1,9545,1,48,1,1240,1,1,1,0,1,4503,1,5042,1,0,1,0,0,197004,1,341781,1,776,1,776,1,0,1,96,1,2232,1,97,1,0,1,2,1,0,1,0,1,1,1,8,1,24,1,0,1,0,1,209,1,16334,1,1,1,1,1,2294,1,9042,1,8,1,8,1,0,1,91032,1,97,1,11435,1,1716,1,102850,1,1963,1,1,1,32,1,32,1
307,1814400,4467,9545,28.988905,,0,11,8,96,31760,12745,29428,1782640,16,227,10,1,26703,1,40,1,258814,1,148615,1,113455,1,1224952,1,10050,1,110399,1,11833,4,300847,4,82955,4,237482,4,438721,8,599261,96,47514,36,2996,1,24278,1,2695,1,0,0,0,0,0,0,0,0,98846,1,33106,1,4339,1,6092,1,21152,1,202392,1,28907,1,3898,1,5481,1,30911,1,68175,1,16334,1,233,1,9545,1,4467,1,16567,1,9545,1,48,1,1240,1,1,1,0,1,4502,1,5042,1,1,1,0,0,205674,1,369600,1,776,1,776,1,0,1,96,1,2232,1,97,1,0,1,2,1,0,1,0,1,1,1,8,1,24,1,0,1,0,1,209,1,16334,1,1,1,1,1,1964,1,8844,1,8,1,8,1,0,1,91666,1,97,1,13415,1,6402,1,116512,1,1369,1,1,1,32,1,32,1
308,1820600,4468,9545,28.988905,,0,11,8,96,30556,8577,29317,1790044,16,227,40,1,27114,1,40,1,255778,1,154998,1,112764,1,1229141,1,10170,1,115720,1,12214,4,302370,4,83295,4,235969,4,440515,8,600233,96,46933,36,3016,1,24779,1,2685,1,0,0,0,0,0,0,0,0,104127,1,34088,1,4359,1,6222,1,21162,1,200418,1,27695,1,3547,1,5421,1,30891,1,73726,1,16328,1,240,1,9545,1,4468,1,16568,1,9545,1,48,1,1240,1,1,1,0,1,4502,1,5042,1,1,1,0,0,205617,1,380523,1,776,1,776,1,0,1,96,1,2244,1,97,1,0,1,2,1,0,1,0,1,1,1,8,1,24,1,0,1,0,1,216,1,16328,1,0,1,0,1,1832,1,47223,1,8,1,8,1,0,1,107766,1,97,1,13712,1,363,1,113608,1,14239,1,1,1,32,1,32,1
309,1845800,4467,9545,28.988905,,0,11,8,96,31097,8677,30630,1814703,16,227,40,1,26944,1,40,1,255758,1,153334,1,112644,1,1255814,1,10130,1,111151,1,11964,4,301008,4,85840,4,236369,4,470174,8,627778,96,48136,36,2986,1,24950,1,2695,1,0,0,0,0,0,0,0,0,102013,1,34378,1,4359,1,6222,1,21072,1,200338,1,27875,1,3567,1,5451,1,31022,1,69127,1,16332,1,233,1,9545,1,4467,1,16565,1,9545,1,48,1,1240,1,1,1,0,1,4503,1,5042,1,0,1,0,0,225221,1,338283,1,775,1,775,1,0,1,96,1,2232,1,97,1,0,1,2,1,0,1,0,1,1,1,8,1,24,1,0,1,0,1,209,1,16332,1,0,1,0,1,2195,1,61710,1,8,1,8,1,0,1,90270,1,97,1,12821,1,4686,1,127534,1,13282,1,1,1,32,1,32,1
310,1821000,4467,9545,28.988905,,0,11,8,96,30485,12805,29378,1790515,16,227,30,1,27194,1,40,1,258433,1,151431,1,113355,1,1229902,1,10130,1,110499,1,11874,4,301078,4,83165,4,234656,4,447479,8,605593,96,47164,36,2946,1,22745,1,2655,1,0,0,0,0,0,0,0,0,101562,1,32825,1,4379,1,6272,1,21613,1,202572,1,27715,1,3607,1,5481,1,30681,1,68797,1,16332,1,233,1,9545,1,4467,1,16565,1,9545,1,48,1,1240,1,1,1,0,1,4503,1,5042,1,0,1,0,0,215304,1,350559,1,776,1,776,1,0,1,96,1,2232,1,97,1,0,1,2,1,0,1,0,1,1,1,8,1,24,1,0,1,0,1,209,1,16332,1,1,1,1,1,2591,1,59697,1,8,1,8,1,0,1,90589,1,97,1,13712,1,6237,1,116166,1,14272,1,1,1,32,1,32,1
311,1812400,4467,9545,28.988905,,0,11,8,96,29550,12685,29588,1782850,16,227,70,1,27224,1,30,1,256499,1,148365,1,112724,1,1227838,1,10100,1,111882,1,11783,4,300597,4,83085,4,235107,4,442629,8,601305,96,46843,36,3016,1,24338,1,2715,1,0,0,0,0,0,0,0,0,98255,1,33356,1,4339,1,6112,1,20952,1,201079,1,28056,1,3927,1,5421,1,30881,1,69728,1,16333,1,233,1,9545,1,4467,1,16566,1,9545,1,48,1,1240,1,1,1,0,1,4502,1,5042,1,1,1,0,0,210472,1,326535,1,776,1,776,1,0,1,96,1,2232,1,97,1,0,1,2,1,0,1,0,1,1,1,8,1,24,1,0,1,0,1,209,1,16333,1,1,1,0,1,2657,1,18876,1,8,1,8,1,0,1,90721,1,97,1,13877,1,1683,1,114648,1,1534,1,1,1,32,1,32,1
312,1815300,4468,9545,28.988905,,0,11,8,96,29975,8537,29549,1785325,16,227,70,1,27194,1,40,1,257842,1,151481,1,111942,1,1226666,1,10090,1,112192,1,12034,4,300948,4,82975,4,239586,4,439934,8,603438,96,46532,36,3006,1,24789,1,2665,1,0,0,0,0,0,0,0,0,100660,1,34108,1,4349,1,6052,1,20902,1,201791,1,28837,1,3357,1,5541,1,31122,1,70230,1,16326,1,240,1,9545,1,4468,1,16566,1,9545,1,48,1,1240,1,1,1,0,1,4501,1,5042,1,2,1,0,0,212518,1,366993,1,776,1,776,1,0,1,96,1,2244,1,97,1,0,1,2,1,0,1,0,1,1,1,8,1,24,1,0,1,0,1,216,1,16326,1,0,1,0,1,1865,1,660,1,8,1,8,1,0,1,96613,1,97,1,13250,1,396,1,116017,1,660,1,1,1,32,1,32,1
313,1812400,4467,9545,28.988905,,0,11,8,96,30241,8668,29298,1782159,16,227,70,1,27044,1,40,1,256710,1,149547,1,113265,1,1225393,1,10090,1,113926,1,11773,4,301208,4,83225,4,235828,4,440725,8,600202,96,47053,36,3006,1,24348,1,2685,1,0,0,0,0,0,0,0,0,97814,1,34949,1,4339,1,6102,1,20390,1,202151,1,27805,1,3687,1,5491,1,30951,1,71873,1,16332,1,233,1,9545,1,4467,1,16565,1,9545,1,48,1,1240,1,1,1,0,1,4503,1,5042,1,0,1,0,0,211334,1,363264,1,776,1,776,1,0,1,96,1,2232,1,97,1,0,1,2,1,0,1,0,1,1,1,8,1,24,1,0,1,0,1,209,1,16332,1,0,1,0,1,2129,1,2046,1,8,1,8,1,0,1,91815,1,97,1,13151,1,5907,1,116331,1,1056,1,1,1,32,1,32,1
314,1914300,4467,9545,28.988905,,0,11,8,96,33245,13477,30919,1881055,16,227,140,1,30691,1,40,1,273122,1,157573,1,134006,1,1274681,1,10801,1,112994,1,12234,4,335777,4,79728,4,240748,4,447829,8,604272,96,53386,36,2956,1,26222,1,2715,1,0,0,0,0,0,0,0,0,106111,1,32915,1,4930,1,6463,1,22875,1,210147,1,33226,1,4359,1,6162,1,30320,1,69839,1,16332,1,233,1,9545,1,4467,1,16565,1,9545,1,48,1,1240,1,1,1,0,1,4502,1,5042,1,1,1,0,0,206322,1,342177,1,776,1,776,1,0,1,96,1,2232,1,97,1,0,1,2,1,0,1,0,1,1,1,8,1,24,1,0,1,0,1,209,1,16332,1,1,1,1,1,2128,1,44517,1,8,1,8,1,0,1,96036,1,97,1,12655,1,6006,1,110561,1,16533,1,1,1,32,1,32,1
315,1859600,4467,9545,28.988905,,0,11,8,96,30388,8557,29679,1829212,16,227,90,1,30711,1,40,1,262772,1,153815,1,124838,1,1246796,1,10150,1,113295,1,12204,4,324304,4,83325,4,234766,4,439633,8,598398,96,46322,36,3076,1,24940,1,2695,1,0,0,0,0,0,0,0,0,102734,1,33657,1,4649,1,7074,1,22104,1,202913,1,30420,1,4309,1,5862,1,30951,1,70029,1,16339,1,227,1,9545,1,4467,1,16566,1,9545,1,48,1,1240,1,1,1,0,1,4501,1,5042,1,2,1,0,0,209912,1,322146,1,776,1,776,1,0,1,96,1,2256,1,97,1,0,1,2,1,0,1,0,1,1,1,8,1,24,1,0,1,0,1,203,1,16339,1,0,1,0,1,1964,1,44121,1,8,1,8,1,0,1,86679,1,97,1,13349,1,6270,1,115851,1,12061,1,1,1,32,1,32,1
316,1825400,4467,9545,28.988905,,0,11,8,96,31989,12846,29657,1793411,16,227,30,1,27084,1,50,1,259405,1,150058,1,114147,1,1232547,1,10090,1,111221,1,11813,4,302441,4,83606,4,237251,4,442960,8,603911,96,46643,36,3016,1,24679,1,2715,1,0,0,0,0,0,0,0,0,98305,1,34999,1,4409,1,7455,1,20791,1,202873,1,28026,1,3978,1,5511,1,31132,1,68566,1,16340,1,227,1,9545,1,4467,1,16567,1,9545,1,48,1,1240,1,1,1,0,1,4503,1,5042,1,0,1,0,0,205521,1,322377,1,776,1,776,1,0,1,96,1,2256,1,97,1,0,1,2,1,0,1,0,1,1,1,8,1,24,1,0,1,0,1,203,1,16340,1,1,1,0,1,2294,1,627,1,8,1,8,1,0,1,85820,1,97,1,13316,1,1221,1,114334,1,627,1,1,1,32,1,32,1
317,1956800,4467,9545,28.988905,,0,11,8,96,32870,12395,32193,1923930,16,227,120,1,31082,1,30,1,284074,1,151000,1,135599,1,1310232,1,11793,1,113816,1,12835,4,343432,4,86231,4,235628,4,473881,8,629621,96,47695,36,3156,1,25891,1,2966,1,0,0,0,0,0,0,0,0,98215,1,34428,1,4930,1,7355,1,22284,1,219947,1,34008,1,4439,1,6002,1,30541,1,70440,1,16338,1,227,1,9545,1,4467,1,16565,1,9545,1,48,1,1240,1,1,1,0,1,4503,1,5042,1,0,1,0,0,210583,1,339075,1,773,1,773,1,0,1,96,1,2256,1,97,1,0,1,2,1,0,1,0,1,1,1,8,1,24,1,0,1,0,1,203,1,16338,1,1,1,0,1,3531,1,9636,1,8,1,8,1,0,1,103062,1,97,1,12870,1,4818,1,111392,1,1204,1,1,1,32,1,32,1
318,1873900,4467,9545,28.988905,,0,11,8,96,31141,10270,29577,1842759,16,227,110,1,31072,1,50,1,268563,1,147503,1,127593,1,1257758,1,10110,1,111812,1,12264,4,329785,4,83085,4,233393,4,444483,8,601667,96,46632,36,2926,1,27044,1,2695,1,0,0,0,0,0,0,0,0,98516,1,31994,1,4609,1,6723,1,22435,1,204967,1,34078,1,4318,1,5731,1,30430,1,69157,1,16339,1,227,1,9545,1,4467,1,16566,1,9545,1,48,1,1240,1,1,1,0,1,4502,1,5042,1,1,1,0,0,208376,1,326931,1,776,1,776,1,0,1,96,1,2256,1,97,1,0,1,2,1,0,1,0,1,1,1,8,1,24,1,0,1,0,1,203,1,16339,1,1,1,0,1,2129,1,627,1,8,1,8,1,0,1,86400,1,97,1,13332,1,1881,1,114862,1,627,1,1,1,32,1,32,1
319,1821100,4467,9545,28.988905,,0,11,8,96,29973,12825,32653,1791127,16,227,120,1,26693,1,30,1,260327,1,151391,1,112774,1,1229602,1,10190,1,110680,1,11944,4,301429,4,82915,4,234215,4,444162,8,598740,96,46983,36,2996,1,25771,1,2665,1,0,0,0,0,0,0,0,0,100329,1,34058,1,4389,1,6443,1,20982,1,204316,1,28266,1,3757,1,5501,1,30811,1,68677,1,16339,1,227,1,9545,1,4467,1,16566,1,9545,1,48,1,1240,1,1,1,0,1,4502,1,5042,1,1,1,0,0,208145,1,346830,1,776,1,776,1,0,1,96,1,2256,1,97,1,0,1,2,1,0,1,0,1,1,1,8,1,24,1,0,1,0,1,203,1,16339,1,1,1,1,1,2492,1,9570,1,8,1,8,1,0,1,87322,1,97,1,12821,1,363,1,110061,1,3316,1,1,1,32,1,32,1
320,1841900,4468,9545,28.988905,,0,11,8,96,30313,8547,31000,1811587,16,227,30,1,26954,1,20,1,259565,1,154857,1,114417,1,1245583,1,10160,1,114968,1,11833,4,301889,4,85039,4,244325,4,448460,8,613910,96,47875,36,3026,1,24809,1,2685,1,0,0,0,0,0,0,0,0,105039,1,32685,1,4409,1,7084,1,21032,1,203324,1,27855,1,3687,1,5421,1,30841,1,72955,1,16336,1,231,1,9545,1,4468,1,16567,1,9545,1,48,1,1240,1,1,1,0,1,4501,1,5042,1,2,1,0,0,205787,1,389169,1,776,1,776,1,0,1,96,1,2256,1,97,1,0,1,2,1,0,1,0,1,1,1,8,1,24,1,0,1,0,1,207,1,16336,1,0,1,0,1,2558,1,47718,1,8,1,8,1,0,1,108907,1,97,1,13382,1,5610,1,110358,1,16252,1,1,1,32,1,32,1
321,1814400,4468,9545,28.98891,,0,11,8,96,29927,11864,29167,1784473,16,227,130,1,27034,1,80,1,260618,1,148846,1,113185,1,1224471,1,10110,1,110910,1,12104,4,301869,4,83386,4,234015,4,439833,8,598018,96,46663,36,2976,1,24829,1,2685,1,0,0,0,0,0,0,0,0,98906,1,33346,1,4339,1,7385,1,21212,1,203895,1,27875,1,3868,1,5441,1,30681,1,68987,1,16337,1,231,1,9545,1,4468,1,16568,1,9545,1,48,1,1240,1,1,1,0,1,4503,1,5042,1,0,1,0,0,209319,1,294459,1,776,1,776,1,0,1,96,1,2256,1,97,1,0,1,2,1,0,1,0,1,1,1,8,1,24,1,0,1,0,1,207,1,16337,1,1,1,0,1,1931,1,25575,1,8,1,8,1,0,1,76859,1,97,1,13514,1,2211,1,115473,1,2442,1,1,1,32,1,32,1
322,1819700,4468,9545,28.988914,,0,11,8,96,31960,11904,29768,1787740,16,227,100,1,27264,1,30,1,260297,1,152142,1,112834,1,1224992,1,10080,1,110078,1,12395,4,301529,4,83386,4,234335,4,440916,8,598620,96,46863,36,3006,1,24769,1,2675,1,0,0,0,0,0,0,0,0,102313,1,32985,1,4409,1,7675,1,20771,1,202512,1,29078,1,3988,1,5361,1,31062,1,67745,1,16335,1,231,1,9545,1,4468,1,16566,1,9545,1,48,1,1240,1,1,1,0,1,4499,1,5042,1,4,1,0,0,207999,1,316107,1,776,1,776,1,0,1,96,1,2256,1,97,1,0,1,2,1,0,1,0,1,1,1,8,1,24,1,0,1,0,1,207,1,16335,1,1,1,0,1,2129,1,8910,1,8,1,8,1,0,1,82768,1,97,1,13382,1,4488,1,115143,1,2392,1,1,1,32,1,32,1
323,1923300,4468,9545,28.988914,,0,11,8,96,32966,11904,31361,1890334,16,227,60,1,30651,1,40,1,281509,1,157112,1,144266,1,1265894,1,10801,1,114788,1,12765,4,327621,4,80039,4,240237,4,447569,8,602919,96,53526,36,3136,1,25120,1,2715,1,0,0,0,0,0,0,0,0,104488,1,32975,1,5311,1,8517,1,23116,1,213193,1,36202,1,4609,1,6373,1,30911,1,70410,1,16334,1,231,1,9545,1,4468,1,16565,1,9545,1,48,1,1240,1,1,1,0,1,4503,1,5042,1,0,1,0,0,211254,1,304128,1,776,1,776,1,0,1,96,1,2256,1,97,1,0,1,2,1,0,1,0,1,1,1,8,1,24,1,0,1,0,1,207,1,16334,1,1,1,0,1,4075,1,59334,1,8,1,8,1,0,1,83069,1,97,1,13711,1,396,1,112953,1,14339,1,1,1,32,1,32,1
324,1867700,4467,9545,28.988914,,0,11,8,96,30251,8537,30310,1837449,16,227,110,1,30661,1,30,1,266720,1,150809,1,132994,1,1245964,1,10160,1,112664,1,12355,4,319655,4,83536,4,235748,4,441717,8,600463,96,46693,36,3437,1,25671,1,2645,1,0,0,0,0,0,0,0,0,98336,1,34509,1,4960,1,7565,1,22324,1,203063,1,33476,1,4369,1,6162,1,30901,1,69017,1,16337,1,227,1,9545,1,4467,1,16564,1,9545,1,48,1,1240,1,1,1,0,1,4502,1,5042,1,1,1,0,0,213075,1,353067,1,776,1,776,1,0,1,96,1,2256,1,97,1,0,1,2,1,0,1,0,1,1,1,8,1,24,1,0,1,0,1,203,1,16337,1,0,1,0,1,1964,1,3762,1,8,1,8,1,0,1,92128,1,97,1,13382,1,5973,1,115786,1,775,1,1,1,32,1,32,1
325,1821200,4467,9545,28.988914,,0,11,8,96,31296,11232,29408,1789904,16,227,70,1,27124,1,40,1,260978,1,153435,1,113405,1,1224682,1,10170,1,110820,1,11924,4,302801,4,83686,4,235147,4,438862,8,598098,96,46502,36,3006,1,24529,1,2675,1,0,0,0,0,0,0,0,0,102233,1,34118,1,4379,1,7264,1,20932,1,204396,1,28096,1,3507,1,5200,1,30911,1,69228,1,16338,1,227,1,9545,1,4467,1,16565,1,9545,1,48,1,1240,1,1,1,0,1,4503,1,5042,1,0,1,0,0,207750,1,323697,1,776,1,776,1,0,1,96,1,2256,1,97,1,0,1,2,1,0,1,0,1,1,1,8,1,24,1,0,1,0,1,203,1,16338,1,1,1,0,1,1634,1,60060,1,8,1,8,1,0,1,91070,1,97,1,12590,1,396,1,109466,1,13018,1,1,1,32,1,32,1
326,1932500,4467,9545,28.988914,,0,11,8,96,33900,11774,37022,1898600,16,227,110,1,31002,1,30,1,294936,1,157372,1,135138,1,1269741,1,10270,1,114237,1,12595,4,330166,4,79287,4,237952,4,451547,8,599612,96,52865,36,3126,1,26332,1,2725,1,0,0,0,0,0,0,0,0,104187,1,34338,1,4940,1,7545,1,23567,1,228945,1,34278,1,4098,1,6042,1,29929,1,71752,1,16340,1,227,1,9545,1,4467,1,16567,1,9545,1,48,1,1240,1,1,1,0,1,4501,1,5042,1,2,1,0,0,210016,1,337920,1,776,1,776,1,0,1,96,1,2256,1,97,1,0,1,2,1,0,1,0,1,1,1,8,1,24,1,0,1,0,1,203,1,16340,1,1,1,0,1,2904,1,23232,1,8,1,8,1,0,1,82984,1,97,1,12870,1,363,1,111705,1,2937,1,1,1,32,1,32,1
327,1921000,4467,9545,28.988914,,0,11,8,96,34484,14789,32463,1886516,16,227,120,1,30701,1,40,1,284745,1,150940,1,127954,1,1281805,1,10210,1,114056,1,12475,4,323262,4,85610,4,252101,4,447308,8,619071,96,47875,36,3056,1,26402,1,2745,1,0,0,0,0,0,0,0,0,101041,1,32144,1,4649,1,7144,1,22384,1,222512,1,32174,1,4248,1,5992,1,31152,1,70290,1,16341,1,227,1,9545,1,4467,1,16568,1,9545,1,48,1,1240,1,1,1,0,1,4503,1,5042,1,0,1,0,0,213453,1,364716,1,775,1,775,1,0,1,96,1,2256,1,97,1,0,1,2,1,0,1,0,1,1,1,8,1,24,1,0,1,0,1,203,1,16341,1,1,1,0,1,1996,1,528,1,8,1,8,1,0,1,108807,1,97,1,13645,1,6534,1,115593,1,528,1,1,1,32,1,32,1
328,1874000,4467,9545,28.988914,,0,11,8,96,32263,13186,30539,1841737,16,227,100,1,31302,1,70,1,270437,1,155789,1,126611,1,1247016,1,10411,1,114187,1,12365,4,315677,4,83345,4,238504,4,437609,8,598731,96,46843,36,3056,1,26392,1,2695,1,0,0,0,0,0,0,0,0,104448,1,33617,1,4629,1,6914,1,22224,1,209235,1,31643,1,4168,1,5882,1,30701,1,71151,1,16341,1,227,1,9545,1,4467,1,16568,1,9545,1,48,1,1240,1,1,1,0,1,4503,1,5042,1,0,1,0,0,210327,1,306075,1,776,1,776,1,0,1,96,1,2256,1,97,1,0,1,2,1,0,1,0,1,1,1,8,1,24,1,0,1,0,1,203,1,16341,1,1,1,1,1,2327,1,45111,1,8,1,8,1,0,1,83018,1,97,1,13976,1,2805,1,116578,1,17242,1,1,1,32,1,32,1
329,1830700,4467,9545,28.988914,,0,11,8,96,30535,12706,30118,1800165,16,227,40,1,26964,1,60,1,264495,1,150649,1,111932,1,1235674,1,10351,1,113024,1,12094,4,301098,4,83085,4,235478,4,447368,8,606005,96,46723,36,3006,1,25100,1,2715,1,0,0,0,0,0,0,0,0,101081,1,32815,1,4389,1,6593,1,20461,1,209145,1,28006,1,3798,1,5461,1,31052,1,70740,1,16341,1,227,1,9545,1,4467,1,16568,1,9545,1,48,1,1240,1,1,1,0,1,4503,1,5042,1,0,1,0,0,212849,1,369633,1,776,1,776,1,0,1,96,1,2256,1,97,1,0,1,2,1,0,1,0,1,1,1,8,1,24,1,0,1,0,1,203,1,16341,1,1,1,1,1,2327,1,5412,1,8,1,8,1,0,1,94513,1,97,1,13250,1,5874,1,113905,1,1963,1,1,1,32,1,32,1
330,1826300,4467,9545,28.988914,,0,11,8,96,31256,12775,30219,1795044,16,227,80,1,26893,1,50,1,262301,1,151100,1,112864,1,1231656,1,10100,1,111371,1,11823,4,302641,4,84157,4,236169,4,441326,8,600403,96,46873,36,2966,1,25691,1,2735,1,0,0,0,0,0,0,0,0,97624,1,36492,1,4399,1,6463,1,20871,1,206921,1,27765,1,4008,1,5471,1,31062,1,68877,1,16341,1,227,1,9545,1,4467,1,16568,1,9545,1,48,1,1240,1,1,1,0,1,4503,1,5042,1,0,1,0,0,212053,1,344124,1,776,1,776,1,0,1,96,1,2256,1,97,1,0,1,2,1,0,1,0,1,1,1,8,1,24,1,0,1,0,1,203,1,16341,1,1,1,1,1,2063,1,891,1,8,1,8,1,0,1,84305,1,97,1,13151,1,5940,1,115242,1,891,1,1,1,32,1,32,1
331,1817200,4467,9545,28.988914,,0,11,8,96,29851,12806,29847,1787349,16,227,40,1,26964,1,40,1,259896,1,156300,1,112353,1,1221586,1,10170,1,108736,1,11934,4,301539,4,83275,4,233634,4,439272,8,596045,96,47013,36,2996,1,24709,1,2685,1,0,0,0,0,0,0,0,0,105169,1,34238,1,4349,1,6403,1,21262,1,204095,1,27835,1,3898,1,5411,1,31052,1,66462,1,16341,1,227,1,9545,1,4467,1,16568,1,9545,1,48,1,1240,1,1,1,0,1,4502,1,5042,1,1,1,0,0,207897,1,288090,1,776,1,776,1,0,1,96,1,2256,1,97,1,0,1,2,1,0,1,0,1,1,1,8,1,24,1,0,1,0,1,203,1,16341,1,1,1,1,1,2063,1,65901,1,8,1,8,1,0,1,81449,1,97,1,13415,1,6039,1,113492,1,12655,1,1,1,32,1,32,1
332,1812100,4467,9545,28.988914,,0,11,8,96,30853,13567,30008,1781247,16,227,40,1,26964,1,30,1,258092,1,147172,1,111982,1,1226816,1,10150,1,109497,1,11803,4,301388,4,83546,4,235868,4,440986,8,600124,96,46722,36,2956,1,24559,1,2645,1,0,0,0,0,0,0,0,0,98255,1,32244,1,4349,1,6272,1,20521,1,203173,1,27855,1,3577,1,5461,1,30671,1,67855,1,16341,1,227,1,9545,1,4467,1,16568,1,9545,1,48,1,1240,1,1,1,0,1,4503,1,5042,1,0,1,0,0,208572,1,325677,1,776,1,776,1,0,1,96,1,2256,1,97,1,0,1,2,1,0,1,0,1,1,1,8,1,24,1,0,1,0,1,203,1,16341,1,1,1,1,1,2294,1,627,1,8,1,8,1,0,1,92653,1,97,1,13448,1,5808,1,112800,1,627,1,1,1,32,1,32,1
333,1813000,4467,9545,28.988914,,0,11,8,96,30150,12695,30158,1782850,16,227,10,1,27264,1,40,1,257922,1,147633,1,111521,1,1228319,1,10140,1,112323,1,11783,4,301228,4,82925,4,232963,4,444382,8,600955,96,46231,36,2926,1,24429,1,2665,1,0,0,0,0,0,0,0,0,96792,1,34278,1,4339,1,6433,1,20861,1,202793,1,27565,1,3818,1,5461,1,30921,1,70219,1,16341,1,227,1,9545,1,4467,1,16568,1,9545,1,48,1,1240,1,1,1,0,1,4503,1,5042,1,0,1,0,0,201414,1,330198,1,776,1,776,1,0,1,96,1,2256,1,97,1,0,1,2,1,0,1,0,1,1,1,8,1,24,1,0,1,0,1,203,1,16341,1,1,1,1,1,2195,1,693,1,8,1,8,1,0,1,91205,1,97,1,12590,1,6402,1,106728,1,693,1,1,1,32,1,32,1
334,1819000,4467,9545,28.988914,,0,11,8,96,31000,12866,29958,1788000,16,227,20,1,27014,1,30,1,258563,1,149747,1,113285,1,1229261,1,10080,1,110680,1,12114,4,303433,4,83766,4,234255,4,441386,8,598821,96,46863,36,2996,1,25040,1,2725,1,0,0,0,0,0,0,0,0,99097,1,34068,1,4339,1,6353,1,20641,1,203244,1,27915,1,4008,1,5481,1,30220,1,69017,1,16340,1,227,1,9545,1,4467,1,16567,1,9545,1,48,1,1240,1,1,1,0,1,4503,1,5042,1,0,1,0,0,199251,1,299376,1,776,1,776,1,0,1,96,1,2256,1,97,1,0,1,2,1,0,1,0,1,1,1,8,1,24,1,0,1,0,1,203,1,16340,1,1,1,0,1,2129,1,528,1,8,1,8,1,0,1,83118,1,97,1,12722,1,3630,1,107536,1,528,1,1,1,32,1,32,1
335,1812400,4467,9545,28.988914,,0,11,8,96,29991,12825,30219,1782409,16,227,20,1,27394,1,40,1,257141,1,149437,1,111481,1,1226806,1,10090,1,110079,1,11783,4,302911,4,83466,4,235297,4,440084,8,598199,96,46963,36,2976,1,24709,1,2675,1,0,0,0,0,0,0,0,0,98886,1,33927,1,4339,1,6313,1,20791,1,202091,1,27635,1,3948,1,5461,1,31012,1,67714,1,16340,1,227,1,9545,1,4467,1,16567,1,9545,1,48,1,1240,1,1,1,0,1,4502,1,5042,1,1,1,0,0,199025,1,286506,1,776,1,776,1,0,1,96,1,2256,1,97,1,0,1,2,1,0,1,0,1,1,1,8,1,24,1,0,1,0,1,203,1,16340,1,1,1,1,1,1667,1,25872,1,8,1,8,1,0,1,78084,1,97,1,12062,1,4191,1,106101,1,2722,1,1,1,32,1,32,1
336,1821200,4467,9545,28.988914,,0,11,8,96,30424,12846,30000,1790776,16,227,10,1,27535,1,30,1,256610,1,155138,1,111742,1,1229572,1,10140,1,112243,1,12014,4,301609,4,83776,4,236039,4,440495,8,599761,96,46773,36,3046,1,24809,1,2695,1,0,0,0,0,0,0,0,0,103606,1,34478,1,4379,1,6343,1,20791,1,201430,1,27735,1,3848,1,5451,1,30691,1,70350,1,16340,1,227,1,9545,1,4467,1,16567,1,9545,1,48,1,1240,1,1,1,0,1,4502,1,5042,1,1,1,0,0,206709,1,339042,1,776,1,776,1,0,1,96,1,2256,1,97,1,0,1,2,1,0,1,0,1,1,1,8,1,24,1,0,1,0,1,203,1,16340,1,1,1,1,1,2690,1,45375,1,8,1,8,1,0,1,89423,1,97,1,11963,1,528,1,114961,1,15114,1,1,1,32,1,32,1
337,1818600,4467,9545,28.988914,,0,11,8,96,30600,12685,29447,1788000,16,227,10,1,27064,1,40,1,256790,1,154687,1,111982,1,1227327,1,10100,1,111301,1,11954,4,302010,4,83486,4,236991,4,438801,8,600013,96,46332,36,3066,1,24358,1,2675,1,0,0,0,0,0,0,0,0,103836,1,33837,1,4399,1,6313,1,20932,1,201310,1,28006,1,3938,1,5501,1,31052,1,68847,1,16340,1,227,1,9545,1,4467,1,16567,1,9545,1,48,1,1240,1,1,1,0,1,4503,1,5042,1,0,1,0,0,211100,1,325149,1,776,1,776,1,0,1,96,1,2256,1,97,1,0,1,2,1,0,1,0,1,1,1,8,1,24,1,0,1,0,1,203,1,16340,1,1,1,1,1,2426,1,44187,1,8,1,8,1,0,1,93683,1,97,1,13745,1,1584,1,115060,1,17209,1,1,1,32,1,32,1
338,1828300,4467,9545,28.988914,,0,11,8,96,30841,12916,29869,1797459,16,227,20,1,27354,1,40,1,258103,1,155439,1,113365,1,1232908,1,10230,1,111061,1,12264,4,302711,4,84117,4,234726,4,444893,8,602607,96,47144,36,2976,1,24539,1,2705,1,0,0,0,0,0,0,0,0,105039,1,33406,1,4389,1,6343,1,20771,1,202813,1,27895,1,3998,1,5501,1,31042,1,68546,1,16340,1,227,1,9545,1,4467,1,16567,1,9545,1,48,1,1240,1,1,1,0,1,4503,1,5042,1,0,1,0,0,215687,1,320364,1,776,1,776,1,0,1,96,1,2256,1,97,1,0,1,2,1,0,1,0,1,1,1,8,1,24,1,0,1,0,1,203,1,16340,1,1,1,1,1,2030,1,46992,1,8,1,8,1,0,1,88823,1,97,1,13481,1,1089,1,117717,1,13546,1,1,1,32,1,32,1
339,1825500,4467,9545,28.988914,,0,11,8,96,30065,12765,30130,1795435,16,227,40,1,27064,1,30,1,258794,1,155328,1,112223,1,1231716,1,10240,1,113816,1,12084,4,302591,4,83406,4,237101,4,439593,8,599942,96,46622,36,3116,1,24559,1,2685,1,0,0,0,0,0,0,0,0,103566,1,34889,1,4369,1,6162,1,20902,1,203404,1,28046,1,3707,1,5431,1,30811,1,71683,1,16340,1,227,1,9545,1,4467,1,16567,1,9545,1,48,1,1240,1,1,1,0,1,4503,1,5042,1,0,1,0,0,211015,1,357258,1,776,1,776,1,0,1,96,1,2256,1,97,1,0,1,2,1,0,1,0,1,1,1,8,1,24,1,0,1,0,1,203,1,16340,1,1,1,1,1,2063,1,43032,1,8,1,8,1,0,1,100604,1,97,1,14570,1,3960,1,115803,1,14734,1,1,1,32,1,32,1
340,1815400,4468,9545,28.988914,,0,11,8,96,31488,8537,29528,1783912,16,227,30,1,27094,1,30,1,258082,1,152072,1,112113,1,1224441,1,10050,1,112564,1,12054,4,301539,4,83726,4,235167,4,440856,8,599501,96,46993,36,2976,1,24348,1,2675,1,0,0,0,0,0,0,0,0,100920,1,34438,1,4349,1,6112,1,20831,1,202883,1,27845,1,3497,1,5501,1,31112,1,70580,1,16337,1,231,1,9545,1,4468,1,16568,1,9545,1,48,1,1240,1,1,1,0,1,4502,1,5042,1,1,1,0,0,212681,1,364452,1,776,1,776,1,0,1,96,1,2256,1,97,1,0,1,2,1,0,1,0,1,1,1,8,1,24,1,0,1,0,1,207,1,16337,1,0,1,0,1,1535,1,9075,1,8,1,8,1,0,1,93282,1,97,1,13613,1,6468,1,115836,1,3646,1,1,1,32,1,32,1
341,1905200,4468,9545,28.988914,,0,11,8,96,32441,12916,34277,1872759,16,227,30,1,30951,1,40,1,277701,1,157984,1,135499,1,1259721,1,10832,1,111331,1,12415,4,320997,4,79077,4,239305,4,452719,8,604432,96,53316,36,3066,1,25200,1,2695,1,0,0,0,0,0,0,0,0,105339,1,34248,1,4950,1,6623,1,22755,1,213574,1,34318,1,4108,1,5671,1,30982,1,68366,1,16339,1,231,1,9545,1,4468,1,16570,1,9545,1,48,1,1240,1,1,1,0,1,4503,1,5042,1,0,1,0,0,209010,1,283734,1,776,1,776,1,0,1,96,1,2256,1,97,1,0,1,2,1,0,1,0,1,1,1,8,1,24,1,0,1,0,1,207,1,16339,1,1,1,0,1,2524,1,59961,1,8,1,8,1,0,1,85042,1,97,1,13084,1,3993,1,112805,1,14685,1,1,1,32,1,32,1
342,1904800,4468,9545,28.988914,,0,11,8,96,31550,12756,30649,1873250,16,227,100,1,30971,1,30,1,268844,1,152282,1,133014,1,1277687,1,10320,1,108756,1,12064,4,318723,4,85089,4,261770,4,447528,8,630824,96,47825,36,3016,1,25310,1,2675,1,0,0,0,0,0,0,0,0,99478,1,34709,1,4950,1,6463,1,22455,1,205298,1,34258,1,4038,1,5501,1,30791,1,66492,1,16339,1,231,1,9545,1,4468,1,16570,1,9545,1,48,1,1240,1,1,1,0,1,4503,1,5042,1,0,1,0,0,218122,1,334950,1,776,1,776,1,0,1,96,1,2256,1,97,1,0,1,2,1,0,1,0,1,1,1,8,1,24,1,0,1,0,1,207,1,16339,1,1,1,1,1,2030,1,6006,1,8,1,8,1,0,1,89790,1,97,1,12656,1,1023,1,118183,1,1765,1,1,1,32,1,32,1
343,1820400,4468,9545,28.988914,,0,11,8,96,30646,13236,29848,1789754,16,227,120,1,26753,1,30,1,260547,1,152032,1,112644,1,1227497,1,10130,1,112253,1,12094,4,300918,4,83115,4,234726,4,440665,8,598890,96,46653,36,2966,1,24849,1,2675,1,0,0,0,0,0,0,0,0,100730,1,34138,1,4389,1,6192,1,21052,1,205318,1,27665,1,3878,1,5411,1,31002,1,69979,1,16339,1,231,1,9545,1,4468,1,16570,1,9545,1,48,1,1240,1,1,1,0,1,4502,1,5042,1,1,1,0,0,209668,1,367356,1,776,1,776,1,0,1,96,1,2256,1,97,1,0,1,2,1,0,1,0,1,1,1,8,1,24,1,0,1,0,1,207,1,16339,1,1,1,1,1,2294,1,56760,1,8,1,8,1,0,1,90274,1,97,1,13448,1,2805,1,115159,1,12325,1,1,1,32,1,32,1
344,1830700,4468,9545,28.988914,,0,11,8,96,29874,12725,30168,1800826,16,227,130,1,26994,1,40,1,258473,1,152032,1,114868,1,1238169,1,10120,1,116702,1,12114,4,303032,4,83586,4,235488,4,443301,8,601516,96,47104,36,2996,1,25541,1,2685,1,0,0,0,0,0,0,0,0,103375,1,31763,1,4349,1,6313,1,21142,1,202953,1,27775,1,3948,1,5381,1,30992,1,74187,1,16339,1,231,1,9545,1,4468,1,16570,1,9545,1,48,1,1240,1,1,1,0,1,4502,1,5042,1,1,1,0,0,216677,1,364452,1,776,1,776,1,0,1,96,1,2256,1,97,1,0,1,2,1,0,1,0,1,1,1,8,1,24,1,0,1,0,1,207,1,16339,1,1,1,1,1,2492,1,36531,1,8,1,8,1,0,1,101662,1,97,1,13712,1,462,1,114978,1,7375,1,1,1,32,1,32,1
345,1814100,4468,9545,28.988914,,0,11,8,96,30268,12685,30099,1783832,16,227,120,1,26793,1,60,1,258353,1,148304,1,112614,1,1227437,1,10150,1,110600,1,11944,4,302451,4,82955,4,233273,4,443400,8,599892,96,46683,36,2986,1,24439,1,2705,1,0,0,0,0,0,0,0,0,98796,1,32915,1,4339,1,6122,1,21022,1,203073,1,27875,1,3938,1,5521,1,31032,1,68185,1,16339,1,231,1,9545,1,4468,1,16570,1,9545,1,48,1,1240,1,1,1,0,1,4503,1,5042,1,0,1,0,0,210901,1,313170,1,776,1,776,1,0,1,96,1,2256,1,97,1,0,1,2,1,0,1,0,1,1,1,8,1,24,1,0,1,0,1,207,1,16339,1,1,1,1,1,1799,1,5643,1,8,1,8,1,0,1,85050,1,97,1,13415,1,5676,1,114268,1,511,1,1,1,32,1,32,1
346,1818500,4468,9545,28.988914,,0,11,8,96,30961,12806,29376,1787539,16,227,110,1,27184,1,40,1,259535,1,150479,1,113355,1,1226756,1,10080,1,108926,1,11994,4,301669,4,83185,4,234696,4,443050,8,602018,96,46352,36,3066,1,24659,1,2705,1,0,0,0,0,0,0,0,0,99818,1,33877,1,4359,1,6122,1,20891,1,204476,1,27725,1,3737,1,5461,1,31012,1,66813,1,16339,1,231,1,9545,1,4468,1,16570,1,9545,1,48,1,1240,1,1,1,0,1,4503,1,5042,1,0,1,0,0,201692,1,336633,1,776,1,776,1,0,1,96,1,2256,1,97,1,0,1,2,1,0,1,0,1,1,1,8,1,24,1,0,1,0,1,207,1,16339,1,1,1,1,1,1931,1,627,1,8,1,8,1,0,1,92503,1,97,1,12920,1,6204,1,108790,1,627,1,1,1,32,1,32,1
347,1839000,4468,9545,28.988914,,0,11,8,96,30579,13075,29979,1808421,16,227,110,1,26984,1,30,1,257912,1,152232,1,113185,1,1247788,1,10180,1,113956,1,12435,4,303202,4,83846,4,237321,4,453531,8,613610,96,47263,36,3056,1,24629,1,2735,1,0,0,0,0,0,0,0,0,103696,1,31603,1,4379,1,6152,1,21062,1,202292,1,28116,1,3757,1,5561,1,31052,1,71462,1,16339,1,231,1,9545,1,4468,1,16570,1,9545,1,48,1,1240,1,1,1,0,1,4503,1,5042,1,0,1,0,0,202964,1,348117,1,776,1,776,1,0,1,96,1,2256,1,97,1,0,1,2,1,0,1,0,1,1,1,8,1,24,1,0,1,0,1,207,1,16339,1,1,1,1,1,1898,1,44451,1,8,1,8,1,0,1,92830,1,97,1,13151,1,7095,1,107404,1,13480,1,1,1,32,1,32,1
348,1828000,4468,9545,28.988914,,0,11,8,96,30160,12014,29768,1797840,16,227,110,1,27324,1,30,1,258333,1,152052,1,114467,1,1235092,1,10431,1,119347,1,11783,4,302641,4,83666,4,235938,4,439623,8,598741,96,47053,36,3026,1,24348,1,2705,1,0,0,0,0,0,0,0,0,101742,1,33386,1,4409,1,6152,1,21272,1,202492,1,28126,1,3808,1,5371,1,31142,1,76813,1,16340,1,231,1,9545,1,4468,1,16571,1,9545,1,48,1,1240,1,1,1,0,1,4502,1,5042,1,1,1,0,0,211099,1,356202,1,776,1,776,1,0,1,96,1,2256,1,97,1,0,1,2,1,0,1,0,1,1,1,8,1,24,1,0,1,0,1,207,1,16340,1,1,1,0,1,2228,1,45276,1,8,1,8,1,0,1,101662,1,97,1,14273,1,5577,1,116595,1,14965,1,1,1,32,1,32,1
349,1811900,4468,9545,28.988914,,0,11,8,96,30202,12575,29498,1781698,16,227,100,1,26873,1,30,1,257111,1,147904,1,112303,1,1227357,1,10020,1,108546,1,11823,4,301559,4,82804,4,237902,4,442118,8,603730,96,46793,36,2976,1,24338,1,2715,1,0,0,0,0,0,0,0,0,98165,1,32965,1,4339,1,6002,1,21262,1,201831,1,27735,1,4038,1,5471,1,31182,1,66001,1,16340,1,231,1,9545,1,4468,1,16571,1,9545,1,48,1,1240,1,1,1,0,1,4503,1,5042,1,0,1,0,0,208906,1,352968,1,776,1,776,1,0,1,96,1,2256,1,97,1,0,1,2,1,0,1,0,1,1,1,8,1,24,1,0,1,0,1,207,1,16340,1,1,1,1,1,1865,1,561,1,8,1,8,1,0,1,100658,1,97,1,14042,1,396,1,115984,1,561,1,1,1,32,1,32,1
350,1835400,4468,9545,28.988914,,0,11,8,96,29915,12835,30990,1805485,16,227,110,1,27244,1,20,1,256149,1,150960,1,114046,1,1246836,1,10120,1,110900,1,12214,4,302691,4,83636,4,249796,4,443410,8,613740,96,48476,36,3066,1,25611,1,2675,1,0,0,0,0,0,0,0,0,99067,1,35040,1,4389,1,6042,1,21272,1,201129,1,27434,1,3848,1,5491,1,30982,1,68657,1,16340,1,231,1,9545,1,4468,1,16571,1,9545,1,48,1,1240,1,1,1,0,1,4502,1,5042,1,1,1,0,0,208564,1,327888,1,775,1,776,1,0,1,96,1,2256,1,97,1,0,1,2,1,0,1,0,1,1,1,8,1,24,1,0,1,0,1,207,1,16340,1,1,1,1,1,2096,1,528,1,8,1,8,1,0,1,83477,1,97,1,12458,1,3597,1,109054,1,528,1,1,1,32,1,32,1
351,1811900,4468,9545,28.988914,,0,11,8,96,30242,12876,29268,1781658,16,227,90,1,26763,1,40,1,258874,1,149377,1,113385,1,1223079,1,10050,1,110790,1,11713,4,300817,4,83586,4,232862,4,440114,8,596576,96,47133,36,2956,1,24669,1,2695,1,0,0,0,0,0,0,0,0,98676,1,33857,1,4379,1,6142,1,21362,1,203474,1,27575,1,3778,1,5501,1,31052,1,68516,1,16340,1,231,1,9545,1,4468,1,16571,1,9545,1,48,1,1240,1,1,1,0,1,4502,1,5042,1,1,1,0,0,207781,1,302511,1,776,1,776,1,0,1,96,1,2256,1,97,1,0,1,2,1,0,1,0,1,1,1,8,1,24,1,0,1,0,1,207,1,16340,1,1,1,1,1,2921,1,25938,1,8,1,8,1,0,1,88583,1,97,1,13481,1,5511,1,115258,1,2326,1,1,1,32,1,32,1
352,1806300,4468,9545,28.988914,,0,11,8,96,30263,12585,29889,1776037,16,227,80,1,27204,1,40,1,256990,1,146290,1,112634,1,1222708,1,10090,1,108566,1,11924,4,302000,4,84037,4,233604,4,439433,8,596515,96,46633,36,2986,1,24859,1,2715,1,0,0,0,0,0,0,0,0,97073,1,32545,1,4359,1,6012,1,21032,1,201941,1,27725,1,3988,1,5521,1,30761,1,66442,1,16340,1,231,1,9545,1,4468,1,16571,1,9545,1,48,1,1240,1,1,1,0,1,4502,1,5042,1,1,1,0,0,204000,1,279906,1,776,1,776,1,0,1,96,1,2256,1,97,1,0,1,2,1,0,1,0,1,1,1,8,1,24,1,0,1,0,1,207,1,16340,1,1,1,1,1,2591,1,495,1,8,1,8,1,0,1,76928,1,97,1,13514,1,330,1,115489,1,495,1,1,1,32,1,32,1
353,1807900,4468,9545,28.988914,,0,11,8,96,29338,12716,29958,1778562,16,227,70,1,26933,1,30,1,256129,1,148856,1,112253,1,1224091,1,10200,1,110619,1,11954,4,301459,4,83275,4,235928,4,437940,8,597077,96,46833,36,2996,1,24509,1,2695,1,0,0,0,0,0,0,0,0,99247,1,32885,1,4349,1,5962,1,21232,1,200829,1,27825,1,3757,1,5501,1,30851,1,68576,1,16340,1,231,1,9545,1,4468,1,16571,1,9545,1,48,1,1240,1,1,1,0,1,4503,1,5042,1,0,1,0,0,207667,1,296076,1,776,1,776,1,0,1,96,1,2256,1,97,1,0,1,2,1,0,1,0,1,1,1,8,1,24,1,0,1,0,1,207,1,16340,1,1,1,1,1,2327,1,29667,1,8,1,8,1,0,1,85162,1,97,1,13712,1,462,1,115324,1,1798,1,1,1,32,1,32,1
354,1806700,4467,9545,28.988914,,0,11,8,96,30333,8647,29378,1776367,16,227,110,1,27394,1,40,1,256489,1,149016,1,111882,1,1221065,1,10371,1,110800,1,11914,4,301549,4,83095,4,232852,4,441968,8,598920,96,46522,36,3006,1,24529,1,2705,1,0,0,0,0,0,0,0,0,99297,1,33046,1,4339,1,5972,1,21122,1,201380,1,27745,1,3567,1,5501,1,31082,1,68706,1,16343,1,227,1,9545,1,4467,1,16570,1,9545,1,48,1,1240,1,1,1,0,1,4503,1,5042,1,0,1,0,0,212070,1,292050,1,776,1,776,1,0,1,96,1,2256,1,97,1,0,1,2,1,0,1,0,1,1,1,8,1,24,1,0,1,0,1,203,1,16343,1,0,1,0,1,2129,1,5445,1,8,1,8,1,0,1,87953,1,97,1,13877,1,363,1,118227,1,2062,1,1,1,32,1,32,1
355,1811600,4467,9545,28.988914,,0,11,8,96,30012,12926,29858,1781588,16,227,70,1,27184,1,30,1,256710,1,154597,1,112133,1,1220333,1,10531,1,109758,1,11713,4,301158,4,83576,4,231450,4,439382,8,594221,96,46753,36,2966,1,24729,1,2675,1,0,0,0,0,0,0,0,0,104077,1,33657,1,4349,1,6062,1,20992,1,201610,1,27805,1,3848,1,5551,1,30992,1,67444,1,16343,1,227,1,9545,1,4467,1,16570,1,9545,1,48,1,1240,1,1,1,0,1,4503,1,5042,1,0,1,0,0,219065,1,286044,1,776,1,776,1,0,1,96,1,2256,1,97,1,0,1,2,1,0,1,0,1,1,1,8,1,24,1,0,1,0,1,203,1,16343,1,1,1,1,1,1931,1,45276,1,8,1,8,1,0,1,81359,1,97,1,13613,1,396,1,115687,1,16945,1,1,1,32,1,32,1
356,1805000,4467,9545,28.988914,,0,11,8,96,30025,10591,30890,1774975,16,227,120,1,27274,1,40,1,256339,1,148805,1,113004,1,1219371,1,10020,1,110880,1,11924,4,301809,4,83165,4,231369,4,439553,8,593339,96,46692,36,3026,1,24388,1,2665,1,0,0,0,0,0,0,0,0,99408,1,32755,1,4339,1,6002,1,21132,1,201450,1,27485,1,3577,1,5210,1,30901,1,69227,1,16344,1,227,1,9545,1,4467,1,16571,1,9545,1,48,1,1240,1,1,1,0,1,4501,1,5042,1,2,1,0,0,211707,1,317328,1,776,1,776,1,0,1,96,1,2256,1,97,1,0,1,2,1,0,1,0,1,1,1,8,1,24,1,0,1,0,1,203,1,16344,1,1,1,0,1,1898,1,660,1,8,1,8,1,0,1,83065,1,97,1,13844,1,5445,1,118756,1,660,1,1,1,32,1,32,1
357,1814200,4467,9545,28.988914,,0,11,8,96,30478,12645,29939,1783722,16,227,50,1,27034,1,40,1,254586,1,147383,1,111241,1,1233399,1,9990,1,111431,1,11954,4,301419,4,83626,4,241179,4,440946,8,605684,96,46502,36,2966,1,24509,1,2725,1,0,0,0,0,0,0,0,0,97383,1,33166,1,4329,1,5932,1,20721,1,199767,1,27885,1,3868,1,5441,1,31052,1,69137,1,16344,1,227,1,9545,1,4467,1,16571,1,9545,1,48,1,1240,1,1,1,0,1,4503,1,5042,1,0,1,0,0,208885,1,345972,1,776,1,776,1,0,1,96,1,2256,1,97,1,0,1,2,1,0,1,0,1,1,1,8,1,24,1,0,1,0,1,203,1,16344,1,1,1,1,1,2393,1,495,1,8,1,8,1,0,1,99945,1,97,1,13613,1,5412,1,115489,1,495,1,1,1,32,1,32,1
358,1813100,4467,9545,28.988914,,0,11,8,96,30470,12886,29728,1782630,16,227,40,1,27184,1,30,1,254836,1,156621,1,112313,1,1221516,1,10090,1,108445,1,11693,4,301689,4,83466,4,233614,4,439633,8,596496,96,47023,36,2956,1,24469,1,2665,1,0,0,0,0,0,0,0,0,104207,1,35150,1,4369,1,5902,1,20671,1,200167,1,27835,1,3908,1,5331,1,30811,1,66442,1,16344,1,227,1,9545,1,4467,1,16571,1,9545,1,48,1,1240,1,1,1,0,1,4503,1,5042,1,0,1,0,0,208378,1,302412,1,776,1,776,1,0,1,96,1,2256,1,97,1,0,1,2,1,0,1,0,1,1,1,8,1,24,1,0,1,0,1,203,1,16344,1,1,1,1,1,2360,1,46596,1,8,1,8,1,0,1,76959,1,97,1,12590,1,363,1,108790,1,15889,1,1,1,32,1,32,1
359,1914100,4467,9545,28.988914,,0,11,8,96,31752,13847,32101,1882348,16,227,120,1,26913,1,30,1,256730,1,150529,1,143385,1,1294320,1,10320,1,123996,1,12174,4,300657,4,84558,4,253724,4,474412,8,648070,96,47965,36,3036,1,25170,1,2745,1,0,0,0,0,0,0,0,0,99818,1,34218,1,4349,1,5982,1,20801,1,201931,1,27725,1,3888,1,5371,1,30150,1,82394,1,16344,1,227,1,9545,1,4467,1,16571,1,9545,1,48,1,1240,1,1,1,0,1,4503,1,5042,1,0,1,0,0,213036,1,404712,1,776,1,776,1,0,1,96,1,2256,1,97,1,0,1,2,1,0,1,0,1,1,1,8,1,24,1,0,1,0,1,203,1,16344,1,1,1,1,1,1865,1,24618,1,8,1,8,1,0,1,116555,1,97,1,14273,1,2277,1,117255,1,2689,1,1,1,32,1,32,1
360,1818800,4467,9545,28.988914,,0,11,8,96,30309,12896,30078,1788491,16,227,110,1,27424,1,40,1,259505,1,154988,1,112133,1,1224171,1,10120,1,109657,1,11783,4,301198,4,83476,4,236920,4,437970,8,598320,96,46492,36,3056,1,24529,1,2685,1,0,0,0,0,0,0,0,0,104658,1,33346,1,4379,1,5992,1,21413,1,204236,1,27555,1,3838,1,5421,1,30761,1,67714,1,16344,1,227,1,9545,1,4467,1,16571,1,9545,1,48,1,1240,1,1,1,0,1,4503,1,5042,1,0,1,0,0,210665,1,316140,1,776,1,776,1,0,1,96,1,2256,1,97,1,0,1,2,1,0,1,0,1,1,1,8,1,24,1,0,1,0,1,203,1,16344,1,1,1,1,1,2426,1,48873,1,8,1,8,1,0,1,89491,1,97,1,13976,1,6666,1,117634,1,13381,1,1,1,32,1,32,1
361,1814500,4467,9545,28.988914,,0,11,8,96,30357,12865,30029,1784143,16,227,100,1,27014,1,40,1,258664,1,148064,1,111892,1,1228299,1,10070,1,109958,1,12044,4,301398,4,83366,4,234756,4,443501,8,601505,96,46723,36,3086,1,24639,1,2685,1,0,0,0,0,0,0,0,0,98005,1,33456,1,4349,1,5992,1,21202,1,203264,1,27935,1,4098,1,5421,1,30801,1,67704,1,16344,1,227,1,9545,1,4467,1,16571,1,9545,1,48,1,1240,1,1,1,0,1,4503,1,5042,1,0,1,0,0,209466,1,334059,1,776,1,776,1,0,1,96,1,2256,1,97,1,0,1,2,1,0,1,0,1,1,1,8,1,24,1,0,1,0,1,203,1,16344,1,1,1,1,1,2129,1,27390,1,8,1,8,1,0,1,90991,1,97,1,13316,1,6303,1,115076,1,1369,1,1,1,32,1,32,1
362,1816400,4467,9545,28.988914,,0,11,8,96,31416,12685,29678,1784984,16,227,100,1,26893,1,30,1,256820,1,154647,1,111782,1,1224511,1,10200,1,109858,1,12244,4,303433,4,83245,4,234075,4,438751,8,596385,96,46763,36,3026,1,24499,1,2695,1,0,0,0,0,0,0,0,0,103736,1,34068,1,4349,1,5962,1,21002,1,201951,1,27665,1,3848,1,5511,1,30911,1,67644,1,16344,1,227,1,9545,1,4467,1,16571,1,9545,1,48,1,1240,1,1,1,0,1,4503,1,5042,1,0,1,0,0,211609,1,288717,1,776,1,776,1,0,1,96,1,2256,1,97,1,0,1,2,1,0,1,0,1,1,1,8,1,24,1,0,1,0,1,203,1,16344,1,1,1,1,1,2525,1,44220,1,8,1,8,1,0,1,83517,1,97,1,13481,1,5841,1,117997,1,12622,1,1,1,32,1,32,1
363,1807100,4467,9545,28.988914,,0,11,8,96,30081,9950,29447,1777019,16,227,20,1,27054,1,30,1,256179,1,149527,1,111662,1,1222487,1,10060,1,111592,1,12004,4,301940,4,82995,4,234656,4,439392,8,598169,96,46432,36,2916,1,24388,1,2655,1,0,0,0,0,0,0,0,0,98405,1,34519,1,4359,1,5982,1,20982,1,201069,1,27895,1,3587,1,5170,1,30901,1,70019,1,16343,1,227,1,9545,1,4467,1,16570,1,9545,1,48,1,1240,1,1,1,0,1,4503,1,5042,1,0,1,0,0,204679,1,324357,1,776,1,776,1,0,1,96,1,2256,1,97,1,0,1,2,1,0,1,0,1,1,1,8,1,24,1,0,1,0,1,203,1,16343,1,1,1,0,1,1898,1,26268,1,8,1,8,1,0,1,84103,1,97,1,13415,1,1056,1,115786,1,2062,1,1,1,32,1,32,1
364,1816900,4467,9545,28.988914,,0,11,8,96,30032,12775,29468,1786868,16,227,70,1,27014,1,40,1,256569,1,150469,1,112253,1,1230323,1,10130,1,111311,1,11854,4,301429,4,83325,4,233884,4,445445,8,603330,96,46532,36,3166,1,24388,1,2745,1,0,0,0,0,0,0,0,0,97594,1,36182,1,4339,1,5972,1,20992,1,201520,1,27805,1,3907,1,5571,1,31082,1,68777,1,16343,1,227,1,9545,1,4467,1,16570,1,9545,1,48,1,1240,1,1,1,0,1,4503,1,5042,1,0,1,0,0,209647,1,354024,1,776,1,776,1,0,1,96,1,2256,1,97,1,0,1,2,1,0,1,0,1,1,1,8,1,24,1,0,1,0,1,203,1,16343,1,1,1,1,1,1898,1,24519,1,8,1,8,1,0,1,98735,1,97,1,13844,1,5709,1,114928,1,2623,1,1,1,32,1,32,1
365,1814500,4467,9545,28.988914,,0,11,8,96,29977,12565,29978,1784523,16,227,20,1,26974,1,30,1,256068,1,151601,1,112543,1,1226916,1,10371,1,112133,1,11874,4,301839,4,83015,4,233283,4,441938,8,598540,96,46703,36,2946,1,24659,1,2665,1,0,0,0,0,0,0,0,0,100991,1,33977,1,4349,1,5992,1,21102,1,201089,1,27585,1,4078,1,5551,1,30801,1,69688,1,16343,1,227,1,9545,1,4467,1,16570,1,9545,1,48,1,1240,1,1,1,0,1,4503,1,5042,1,0,1,0,0,209888,1,295119,1,776,1,776,1,0,1,96,1,2256,1,97,1,0,1,2,1,0,1,0,1,1,1,8,1,24,1,0,1,0,1,203,1,16343,1,1,1,1,1,2228,1,30195,1,8,1,8,1,0,1,87606,1,97,1,13844,1,5940,1,116825,1,2689,1,1,1,32,1,32,1
366,1812400,4467,9545,28.988914,,0,11,8,96,29820,12726,30019,1782580,16,227,80,1,27625,1,90,1,255878,1,155589,1,112143,1,1221155,1,10020,1,111461,1,12104,4,300807,4,83055,4,232592,4,438421,8,594621,96,46372,36,2986,1,24308,1,2695,1,0,0,0,0,0,0,0,0,104187,1,34348,1,4359,1,5962,1,20811,1,200999,1,27795,1,4018,1,5441,1,31002,1,69057,1,16343,1,227,1,9545,1,4467,1,16570,1,9545,1,48,1,1240,1,1,1,0,1,4503,1,5042,1,0,1,0,0,203686,1,314127,1,776,1,776,1,0,1,96,1,2256,1,97,1,0,1,2,1,0,1,0,1,1,1,8,1,24,1,0,1,0,1,203,1,16343,1,1,1,1,1,2096,1,45804,1,8,1,8,1,0,1,79452,1,97,1,13877,1,5511,1,111513,1,14569,1,1,1,32,1,32,1
367,1921600,4468,9545,28.988914,,0,11,8,96,31206,8848,35579,1890394,16,227,70,1,27184,1,30,1,255788,1,146250,1,112694,1,1338147,1,10230,1,109037,1,13146,4,303002,4,86632,4,256038,4,523710,8,688950,96,55219,36,5832,1,29158,1,2745,1,0,0,0,0,0,0,0,0,96662,1,32985,1,4339,1,5932,1,20992,1,200638,1,27935,1,3517,1,5511,1,30781,1,67274,1,16340,1,231,1,9545,1,4468,1,16571,1,9545,1,48,1,1240,1,1,1,0,1,4503,1,5042,1,0,1,0,0,237282,1,389730,1,776,1,776,1,0,1,96,1,2256,1,97,1,0,1,2,1,0,1,0,1,1,1,8,1,24,1,0,1,0,1,207,1,16340,1,0,1,0,1,2195,1,13728,1,8,1,8,1,0,1,110018,1,97,1,12788,1,4059,1,134346,1,874,1,1,1,32,1,32,1
368,2119600,4469,9545,28.988914,,0,11,8,96,33638,9789,41650,2085962,16,227,80,1,31212,1,40,1,281158,1,169196,1,152583,1,1440671,1,11022,1,127694,1,15441,4,357790,4,91492,4,265597,4,533970,8,697999,96,59919,36,5922,1,30150,1,2826,1,0,0,0,0,0,0,0,0,113044,1,36172,1,5280,1,6633,1,23677,1,216660,1,33446,1,4319,1,6743,1,30430,1,83335,1,16337,1,235,1,9545,1,4469,1,16572,1,9545,1,48,1,1240,1,1,1,0,1,4503,1,5042,1,0,1,0,0,232028,1,274494,1,776,1,776,1,0,1,96,1,2244,1,97,1,0,1,2,1,0,1,0,1,1,1,8,1,24,1,0,1,0,1,211,1,16337,1,0,1,0,1,5197,1,27489,1,8,1,8,1,0,1,86559,1,97,1,13579,1,4092,1,126120,1,2228,1,1,1,32,1,32,1
369,1889200,4469,9545,28.988914,,0,11,8,96,31291,13106,29658,1857909,16,227,80,1,31232,1,20,1,271048,1,154246,1,126251,1,1264882,1,10150,1,124507,1,11983,4,324284,4,83576,4,235317,4,440745,8,599672,96,46732,36,3076,1,25601,1,2685,1,0,0,0,0,0,0,0,0,104367,1,32575,1,4609,1,6944,1,25561,1,206370,1,31813,1,4088,1,5922,1,30551,1,81452,1,16337,1,235,1,9545,1,4469,1,16572,1,9545,1,48,1,1240,1,1,1,0,1,4502,1,5042,1,1,1,0,0,212766,1,361944,1,776,1,776,1,0,1,96,1,2244,1,97,1,0,1,2,1,0,1,0,1,1,1,8,1,24,1,0,1,0,1,211,1,16337,1,1,1,1,1,2096,1,45177,1,8,1,8,1,0,1,106631,1,97,1,13613,1,363,1,114268,1,17539,1,1,1,32,1,32,1
370,1812900,4469,9545,28.988914,,0,11,8,96,32795,12675,29517,1780105,16,227,30,1,26773,1,30,1,259285,1,144216,1,112774,1,1226926,1,10070,1,110049,1,12024,4,301148,4,83055,4,233504,4,442379,8,599703,96,46663,36,2976,1,26432,1,2685,1,0,0,0,0,0,0,0,0,97003,1,30481,1,4359,1,5922,1,21072,1,204406,1,27625,1,3697,1,5431,1,30992,1,68005,1,16337,1,235,1,9545,1,4469,1,16572,1,9545,1,48,1,1240,1,1,1,0,1,4503,1,5042,1,0,1,0,0,211114,1,323697,1,776,1,776,1,0,1,96,1,2244,1,97,1,0,1,2,1,0,1,0,1,1,1,8,1,24,1,0,1,0,1,211,1,16337,1,1,1,1,1,2162,1,561,1,8,1,8,1,0,1,91338,1,97,1,13382,1,330,1,113724,1,561,1,1,1,32,1,32,1
371,1931600,4469,9545,28.988914,,0,11,8,96,32098,13607,31652,1899502,16,227,160,1,30440,1,20,1,286699,1,151992,1,141180,1,1277316,1,11693,1,113014,1,12725,4,351358,4,83646,4,233544,4,438230,8,593359,96,46763,36,3066,1,25380,1,2745,1,0,0,0,0,0,0,0,0,99788,1,33587,1,4940,1,6443,1,22845,1,222682,1,34188,1,4158,1,6152,1,30821,1,69458,1,16338,1,235,1,9545,1,4469,1,16573,1,9545,1,48,1,1240,1,1,1,0,1,4502,1,5042,1,1,1,0,0,205299,1,306933,1,776,1,776,1,0,1,96,1,2244,1,97,1,0,1,2,1,0,1,0,1,1,1,8,1,24,1,0,1,0,1,211,1,16338,1,1,1,0,1,5230,1,10362,1,8,1,8,1,0,1,81961,1,97,1,12952,1,5577,1,111386,1,3498,1,1,1,32,1,32,1
372,1905900,4469,9545,28.988914,,0,11,8,96,29755,12975,29617,1876145,16,227,130,1,30511,1,40,1,265547,1,151240,1,133275,1,1285102,1,10300,1,114938,1,12214,4,354273,4,84608,4,237942,4,437659,8,599503,96,46482,36,3046,1,24799,1,2645,1,0,0,0,0,0,0,0,0,99768,1,33657,1,4920,1,6363,1,22184,1,204336,1,32394,1,4379,1,6092,1,30631,1,71502,1,16337,1,235,1,9545,1,4469,1,16572,1,9545,1,48,1,1240,1,1,1,0,1,4503,1,5042,1,0,1,0,0,202056,1,316239,1,776,1,776,1,0,1,96,1,2244,1,97,1,0,1,2,1,0,1,0,1,1,1,8,1,24,1,0,1,0,1,211,1,16337,1,1,1,0,1,1832,1,30030,1,8,1,8,1,0,1,84898,1,97,1,13365,1,3366,1,110209,1,1864,1,1,1,32,1,32,1
373,1838200,4469,9545,28.988914,,0,11,8,96,29579,10942,32242,1808621,16,227,80,1,27174,1,30,1,259074,1,149447,1,112263,1,1250233,1,10320,1,109617,1,12024,4,304284,4,84939,4,242291,4,455474,8,615705,96,49819,36,2946,1,25060,1,2655,1,0,0,0,0,0,0,0,0,98826,1,33998,1,4349,1,6092,1,21362,1,203674,1,27615,1,3667,1,5190,1,31062,1,67795,1,16336,1,235,1,9545,1,4469,1,16571,1,9545,1,48,1,1240,1,1,1,0,1,4503,1,5042,1,0,1,0,0,210835,1,316800,1,776,1,776,1,0,1,96,1,2244,1,97,1,0,1,2,1,0,1,0,1,1,1,8,1,24,1,0,1,0,1,211,1,16336,1,1,1,0,1,2360,1,3069,1,8,1,8,1,0,1,94817,1,97,1,12854,1,5313,1,113459,1,1320,1,1,1,32,1,32,1
374,1887300,4469,9545,28.988914,,0,11,8,96,31986,12926,30811,1855314,16,227,150,1,31262,1,60,1,283102,1,157884,1,132573,1,1240173,1,10110,1,113916,1,12184,4,308833,4,78626,4,237051,4,445254,8,601806,96,49689,36,3076,1,25611,1,2695,1,0,0,0,0,0,0,0,0,103576,1,35651,1,4930,1,6573,1,22825,1,220678,1,32454,1,3798,1,5561,1,30761,1,71412,1,16335,1,235,1,9545,1,4469,1,16570,1,9545,1,48,1,1240,1,1,1,0,1,4503,1,5042,1,0,1,0,0,202052,1,271029,1,776,1,776,1,0,1,96,1,2244,1,97,1,0,1,2,1,0,1,0,1,1,1,8,1,24,1,0,1,0,1,211,1,16335,1,1,1,0,1,15461,1,6567,1,8,1,8,1,0,1,75643,1,97,1,12540,1,2805,1,110122,1,2953,1,1,1,32,1,32,1
375,2044700,4469,9545,28.988914,,0,11,8,96,33106,13377,40618,2011594,16,227,120,1,32144,1,50,1,284685,1,154697,1,136842,1,1392886,1,10170,1,110590,1,14359,4,309174,4,87614,4,261700,4,556735,8,719081,96,58737,36,6072,1,29769,1,3497,1,0,0,0,0,0,0,0,0,101001,1,35050,1,4980,1,6553,1,22855,1,221830,1,32905,1,4018,1,5501,1,30871,1,67905,1,16335,1,235,1,9545,1,4469,1,16570,1,9545,1,48,1,1240,1,1,1,0,1,4503,1,5042,1,0,1,0,0,228822,1,347490,1,776,1,776,1,0,1,96,1,2244,1,97,1,0,1,2,1,0,1,0,1,1,1,8,1,24,1,0,1,0,1,211,1,16335,1,1,1,1,1,2062,1,11583,1,8,1,8,1,0,1,100976,1,97,1,13876,1,6567,1,116719,1,1205,1,1,1,32,1,32,1
376,2038400,4469,9545,28.988914,,0,11,8,96,33910,14358,30840,2004490,16,227,90,1,31232,1,40,1,279124,1,169126,1,155108,1,1359690,1,10080,1,121251,1,12916,4,406577,4,83345,4,240087,4,444904,8,607247,96,46903,36,3477,1,30080,1,2695,1,0,0,0,0,0,0,0,0,111201,1,36663,1,5751,1,6453,1,23857,1,213865,1,34308,1,4769,1,7004,1,30631,1,75770,1,16335,1,235,1,9545,1,4469,1,16570,1,9545,1,48,1,1240,1,1,1,0,1,4503,1,5042,1,0,1,0,0,213327,1,358611,1,776,1,776,1,0,1,96,1,2244,1,97,1,0,1,2,1,0,1,0,1,1,1,8,1,24,1,0,1,0,1,211,1,16335,1,1,1,1,1,3053,1,10065,1,8,1,8,1,0,1,99271,1,97,1,14091,1,363,1,116561,1,3250,1,1,1,32,1,32,1
377,1832400,4469,9545,28.988914,,0,11,8,96,33428,12615,28947,1798972,16,227,80,1,26693,1,50,1,267311,1,155619,1,112744,1,1226345,1,10130,1,111000,1,12054,4,300837,4,83446,4,237131,4,437459,8,598730,96,46913,36,3046,1,26102,1,2655,1,0,0,0,0,0,0,0,0,104207,1,34589,1,4359,1,6102,1,21202,1,211560,1,28036,1,3697,1,5541,1,30781,1,68917,1,16334,1,235,1,9545,1,4469,1,16569,1,9545,1,48,1,1240,1,1,1,0,1,4503,1,5042,1,0,1,0,0,208839,1,297231,1,776,1,776,1,0,1,96,1,2244,1,97,1,0,1,2,1,0,1,0,1,1,1,8,1,24,1,0,1,0,1,211,1,16334,1,1,1,0,1,2393,1,45243,1,8,1,8,1,0,1,80330,1,97,1,13250,1,3465,1,115902,1,12358,1,1,1,32,1,32,1
378,1820900,4469,9545,28.988914,,0,11,8,96,30866,12735,29798,1790034,16,227,30,1,27705,1,50,1,263583,1,149296,1,114507,1,1224802,1,10060,1,110770,1,11894,4,301288,4,82885,4,232712,4,441677,8,597618,96,46973,36,2976,1,25140,1,2725,1,0,0,0,0,0,0,0,0,98836,1,33737,1,4389,1,6022,1,20551,1,209145,1,27595,1,3878,1,5531,1,30931,1,68426,1,16334,1,235,1,9545,1,4469,1,16569,1,9545,1,48,1,1240,1,1,1,0,1,4503,1,5042,1,0,1,0,0,208709,1,315282,1,776,1,776,1,0,1,96,1,2244,1,97,1,0,1,2,1,0,1,0,1,1,1,8,1,24,1,0,1,0,1,211,1,16334,1,1,1,1,1,2030,1,26499,1,8,1,8,1,0,1,79685,1,97,1,12788,1,5115,1,115225,1,2458,1,1,1,32,1,32,1
379,1811200,4469,9545,28.988914,,0,11,8,96,32187,12586,31011,1779013,16,227,20,1,26533,1,60,1,260347,1,144838,1,112714,1,1224441,1,10060,1,112012,1,11943,4,300948,4,82975,4,235427,4,439823,8,597467,96,46773,36,2996,1,23076,1,2655,1,0,0,0,0,0,0,0,0,98155,1,30170,1,4339,1,5912,1,21072,1,205258,1,27825,1,3637,1,5421,1,31002,1,70019,1,16334,1,235,1,9545,1,4469,1,16569,1,9545,1,48,1,1240,1,1,1,0,1,4503,1,5042,1,0,1,0,0,207519,1,345378,1,776,1,776,1,0,1,96,1,2244,1,97,1,0,1,2,1,0,1,0,1,1,1,8,1,24,1,0,1,0,1,211,1,16334,1,1,1,1,1,2657,1,759,1,8,1,8,1,0,1,90165,1,97,1,13415,1,6072,1,114846,1,759,1,1,1,32,1,32,1
380,1888200,4469,9545,28.988914,,0,11,8,96,32475,13557,31281,1855725,16,227,160,1,30791,1,60,1,278974,1,156992,1,141461,1,1236515,1,10771,1,112834,1,11743,4,300226,4,79157,4,241359,4,446477,8,603330,96,53226,36,3036,1,25430,1,2695,1,0,0,0,0,0,0,0,0,104167,1,34018,1,4940,1,6333,1,23497,1,216340,1,32354,1,4158,1,6192,1,30771,1,69358,1,16334,1,235,1,9545,1,4469,1,16569,1,9545,1,48,1,1240,1,1,1,0,1,4503,1,5042,1,0,1,0,0,211860,1,310167,1,776,1,776,1,0,1,96,1,2244,1,97,1,0,1,2,1,0,1,0,1,1,1,8,1,24,1,0,1,0,1,211,1,16334,1,1,1,1,1,4306,1,34749,1,8,1,8,1,0,1,91580,1,97,1,13084,1,6402,1,113316,1,7739,1,1,1,32,1,32,1
381,1854100,4469,9545,28.988914,,0,11,8,96,29527,9930,29328,1824573,16,227,100,1,30651,1,50,1,266940,1,147493,1,133385,1,1235774,1,10180,1,112784,1,12365,4,307681,4,83285,4,234806,4,444443,8,603529,96,46392,36,3046,1,24779,1,2655,1,0,0,0,0,0,0,0,0,97614,1,32114,1,4910,1,6282,1,21903,1,205067,1,33386,1,4268,1,6022,1,30901,1,69498,1,16333,1,235,1,9545,1,4469,1,16568,1,9545,1,48,1,1240,1,1,1,0,1,4503,1,5042,1,0,1,0,0,212534,1,336468,1,776,1,776,1,0,1,96,1,2244,1,97,1,0,1,2,1,0,1,0,1,1,1,8,1,24,1,0,1,0,1,211,1,16333,1,1,1,0,1,2426,1,660,1,8,1,8,1,0,1,90821,1,97,1,13563,1,2739,1,116281,1,660,1,1,1,32,1,32,1
382,1819900,4469,9545,28.988914,,0,11,8,96,32671,12925,28417,1787229,16,227,40,1,26984,1,30,1,259415,1,152092,1,112834,1,1225714,1,10120,1,112273,1,11854,4,301148,4,83175,4,235157,4,438852,8,598579,96,47013,36,2956,1,24649,1,2725,1,0,0,0,0,0,0,0,0,100650,1,34308,1,4369,1,6022,1,21042,1,204246,1,27825,1,3697,1,5491,1,30841,1,70360,1,16333,1,235,1,9545,1,4469,1,16568,1,9545,1,48,1,1240,1,1,1,0,1,4503,1,5042,1,0,1,0,0,204267,1,351483,1,776,1,776,1,0,1,96,1,2244,1,97,1,0,1,2,1,0,1,0,1,1,1,8,1,24,1,0,1,0,1,211,1,16333,1,1,1,1,1,1931,1,55011,1,8,1,8,1,0,1,93131,1,97,1,13613,1,363,1,110094,1,13101,1,1,1,32,1,32,1
383,1950200,4469,9545,28.988914,,0,11,8,96,37101,14269,30410,1913099,16,227,160,1,31132,1,30,1,285016,1,155729,1,136391,1,1292286,1,12355,1,112192,1,12685,4,320486,4,83766,4,232682,4,485755,8,640693,96,47334,36,3537,1,24178,1,2735,1,0,0,0,0,0,0,0,0,102594,1,34699,1,4960,1,6543,1,22575,1,220999,1,34378,1,4178,1,6182,1,30831,1,68596,1,16333,1,235,1,9545,1,4469,1,16568,1,9545,1,48,1,1240,1,1,1,0,1,4503,1,5042,1,0,1,0,0,215336,1,400158,1,776,1,776,1,0,1,96,1,2244,1,97,1,0,1,2,1,0,1,0,1,1,1,8,1,24,1,0,1,0,1,211,1,16333,1,1,1,1,1,3432,1,15675,1,8,1,8,1,0,1,97327,1,97,1,12639,1,495,1,112832,1,1204,1,1,1,32,1,32,1
384,1839100,4469,9545,28.988914,,0,11,8,96,30649,12735,29476,1808451,16,227,40,1,27174,1,30,1,261369,1,158034,1,113345,1,1238279,1,10180,1,112584,1,12014,4,301569,4,83546,4,242361,4,441116,8,607098,96,46903,36,3006,1,26703,1,2645,1,0,0,0,0,0,0,0,0,106912,1,34098,1,4349,1,6002,1,20942,1,206550,1,27515,1,3958,1,5461,1,31032,1,70099,1,16333,1,235,1,9545,1,4469,1,16568,1,9545,1,48,1,1240,1,1,1,0,1,4503,1,5042,1,0,1,0,0,211908,1,358149,1,776,1,776,1,0,1,96,1,2244,1,97,1,0,1,2,1,0,1,0,1,1,1,8,1,24,1,0,1,0,1,211,1,16333,1,1,1,1,1,1832,1,50424,1,8,1,8,1,0,1,101696,1,97,1,13778,1,6105,1,116908,1,14289,1,1,1,32,1,32,1
385,1819900,4469,9545,28.988914,,0,11,8,96,30978,12625,29306,1788922,16,227,80,1,26723,1,40,1,259976,1,149828,1,112654,1,1229521,1,10100,1,112153,1,11693,4,301088,4,83255,4,233544,4,443952,8,601607,96,46582,36,2996,1,25501,1,2715,1,0,0,0,0,0,0,0,0,100129,1,32675,1,4339,1,5882,1,21372,1,204416,1,28046,1,3898,1,5531,1,31052,1,69748,1,16333,1,235,1,9545,1,4469,1,16568,1,9545,1,48,1,1240,1,1,1,0,1,4503,1,5042,1,0,1,0,0,203515,1,333795,1,776,1,776,1,0,1,96,1,2244,1,97,1,0,1,2,1,0,1,0,1,1,1,8,1,24,1,0,1,0,1,211,1,16333,1,1,1,1,1,1931,1,693,1,8,1,8,1,0,1,87688,1,97,1,13481,1,5346,1,112833,1,693,1,1,1,32,1,32,1
386,1814300,4469,9545,28.988914,,0,11,8,96,30137,12625,29347,1784163,16,227,60,1,27164,1,30,1,258924,1,150639,1,113305,1,1223890,1,10150,1,108165,1,12094,4,301669,4,83476,4,236059,4,438481,8,597768,96,47424,36,3036,1,25551,1,2735,1,0,0,0,0,0,0,0,0,99928,1,33827,1,4359,1,6002,1,20932,1,203905,1,27795,1,3917,1,5521,1,30761,1,66021,1,16333,1,235,1,9545,1,4469,1,16568,1,9545,1,48,1,1240,1,1,1,0,1,4503,1,5042,1,0,1,0,0,207884,1,314985,1,776,1,776,1,0,1,96,1,2244,1,97,1,0,1,2,1,0,1,0,1,1,1,8,1,24,1,0,1,0,1,211,1,16333,1,1,1,1,1,2195,1,34023,1,8,1,8,1,0,1,87029,1,97,1,13118,1,429,1,115423,1,7903,1,1,1,32,1,32,1
387,1817600,4469,9545,28.988914,,0,11,8,96,29930,11363,29347,1787670,16,227,50,1,26913,1,30,1,258453,1,150339,1,112934,1,1228580,1,10371,1,113836,1,12094,4,301679,4,83386,4,231910,4,444012,8,599702,96,46873,36,2986,1,24589,1,2725,1,0,0,0,0,0,0,0,0,100339,1,33356,1,4339,1,5962,1,21012,1,203284,1,27925,1,3857,1,5311,1,30961,1,71803,1,16334,1,235,1,9545,1,4469,1,16569,1,9545,1,48,1,1240,1,1,1,0,1,4500,1,5042,1,3,1,0,0,201149,1,310497,1,776,1,776,1,0,1,96,1,2244,1,97,1,0,1,2,1,0,1,0,1,1,1,8,1,24,1,0,1,0,1,211,1,16334,1,1,1,0,1,2129,1,2343,1,8,1,8,1,0,1,88201,1,97,1,12656,1,825,1,109368,1,874,1,1,1,32,1,32,1
388,1816700,4469,9545,28.988914,,0,11,8,96,29752,12835,30761,1786948,16,227,40,1,27094,1,40,1,257962,1,152112,1,113155,1,1226325,1,10220,1,111862,1,12164,4,303112,4,83546,4,235768,4,436848,8,594822,96,47033,36,3026,1,24469,1,2695,1,0,0,0,0,0,0,0,0,101041,1,34158,1,4409,1,6022,1,20932,1,202983,1,27755,1,3737,1,5501,1,31012,1,69628,1,16334,1,235,1,9545,1,4469,1,16569,1,9545,1,48,1,1240,1,1,1,0,1,4503,1,5042,1,0,1,0,0,207135,1,313896,1,776,1,776,1,0,1,96,1,2244,1,97,1,0,1,2,1,0,1,0,1,1,1,8,1,24,1,0,1,0,1,211,1,16334,1,1,1,1,1,2360,1,33363,1,8,1,8,1,0,1,78895,1,97,1,13448,1,3894,1,116182,1,7276,1,1,1,32,1,32,1
389,1820500,4469,9545,28.988914,,0,11,8,96,30145,12906,29578,1790355,16,227,30,1,27054,1,30,1,256159,1,149306,1,112303,1,1235393,1,10080,1,111301,1,12114,4,302761,4,83867,4,237802,4,444593,8,605884,96,46933,36,3036,1,24338,1,2675,1,0,0,0,0,0,0,0,0,101021,1,31673,1,4339,1,5902,1,20952,1,201200,1,27785,1,3868,1,5501,1,31132,1,68777,1,16334,1,235,1,9545,1,4469,1,16569,1,9545,1,48,1,1240,1,1,1,0,1,4502,1,5042,1,1,1,0,0,211770,1,357126,1,776,1,776,1,0,1,96,1,2244,1,97,1,0,1,2,1,0,1,0,1,1,1,8,1,24,1,0,1,0,1,211,1,16334,1,1,1,1,1,2261,1,23991,1,8,1,8,1,0,1,93872,1,97,1,13646,1,3531,1,114120,1,2623,1,1,1,32,1,32,1
390,1830700,4469,9545,28.988914,,0,11,8,96,30215,12846,29577,1800485,16,227,40,1,26954,1,10,1,256139,1,153565,1,112654,1,1240994,1,10130,1,123445,1,12074,4,302260,4,83696,4,235107,4,441427,8,599893,96,47063,36,3096,1,24388,1,2655,1,0,0,0,0,0,0,0,0,103676,1,33036,1,4359,1,5912,1,21112,1,200879,1,27925,1,3747,1,5551,1,31092,1,81051,1,16334,1,235,1,9545,1,4469,1,16569,1,9545,1,48,1,1240,1,1,1,0,1,4503,1,5042,1,0,1,0,0,211974,1,371877,1,776,1,776,1,0,1,96,1,2244,1,97,1,0,1,2,1,0,1,0,1,1,1,8,1,24,1,0,1,0,1,211,1,16334,1,1,1,1,1,2393,1,44913,1,8,1,8,1,0,1,105372,1,97,1,14042,1,1320,1,115374,1,16384,1,1,1,32,1,32,1
391,1870500,4469,9545,28.988914,,0,11,8,96,29354,12765,30170,1841146,16,227,90,1,26853,1,40,1,256950,1,153775,1,112353,1,1280773,1,10310,1,111331,1,12014,4,303182,4,83666,4,269545,4,456326,8,648408,96,47294,36,3046,1,26212,1,2685,1,0,0,0,0,0,0,0,0,104277,1,32705,1,4359,1,5912,1,20891,1,201951,1,27935,1,4108,1,5541,1,31022,1,68716,1,16334,1,235,1,9545,1,4469,1,16569,1,9545,1,48,1,1240,1,1,1,0,1,4503,1,5042,1,0,1,0,0,206951,1,433884,1,775,1,776,1,0,1,96,1,2244,1,97,1,0,1,2,1,0,1,0,1,1,1,8,1,24,1,0,1,0,1,211,1,16334,1,1,1,1,1,2558,1,46695,1,8,1,8,1,0,1,107068,1,97,1,13250,1,6270,1,114371,1,13678,1,1,1,32,1,32,1
392,1840100,4469,9545,28.988914,,0,11,8,96,30056,12485,28897,1810044,16,227,50,1,27204,1,40,1,259756,1,159106,1,113325,1,1240423,1,10140,1,114718,1,12044,4,302972,4,83857,4,237181,4,444673,8,606034,96,46923,36,3026,1,26753,1,2715,1,0,0,0,0,0,0,0,0,109227,1,33026,1,4369,1,5952,1,21513,1,204025,1,27956,1,3878,1,5461,1,30681,1,72404,1,16336,1,235,1,9545,1,4469,1,16571,1,9545,1,48,1,1240,1,1,1,0,1,4502,1,5042,1,1,1,0,0,210518,1,361020,1,776,1,776,1,0,1,96,1,2244,1,97,1,0,1,2,1,0,1,0,1,1,1,8,1,24,1,0,1,0,1,211,1,16336,1,1,1,0,1,2789,1,30426,1,8,1,8,1,0,1,102506,1,97,1,13679,1,1188,1,116479,1,1897,1,1,1,32,1,32,1
393,1911600,4469,9545,28.988914,,0,11,8,96,33461,13757,30789,1878139,16,227,120,1,31332,1,60,1,284214,1,157372,1,136772,1,1258098,1,10170,1,114678,1,12345,4,320557,4,81853,4,238995,4,444653,8,603170,96,49689,36,3026,1,25501,1,2735,1,0,0,0,0,0,0,0,0,104427,1,33687,1,4960,1,6603,1,22986,1,220738,1,33426,1,4228,1,6232,1,30971,1,70861,1,16336,1,235,1,9545,1,4469,1,16571,1,9545,1,48,1,1240,1,1,1,0,1,4503,1,5042,1,0,1,0,0,207428,1,277596,1,776,1,776,1,0,1,96,1,2244,1,97,1,0,1,2,1,0,1,0,1,1,1,8,1,24,1,0,1,0,1,211,1,16336,1,1,1,1,1,2970,1,14652,1,8,1,8,1,0,1,82260,1,97,1,13200,1,5775,1,111062,1,1501,1,1,1,32,1,32,1
394,1955100,4469,9545,28.988914,,0,11,8,96,31606,13417,30559,1923494,16,227,150,1,31032,1,60,1,284004,1,151210,1,134908,1,1312010,1,10120,1,113535,1,12425,4,353943,4,82975,4,236920,4,462032,8,621310,96,47083,36,4519,1,28837,1,3407,1,0,0,0,0,0,0,0,0,99377,1,33657,1,4910,1,6553,1,22535,1,219516,1,35010,1,4238,1,6232,1,30811,1,69939,1,16336,1,235,1,9545,1,4469,1,16571,1,9545,1,48,1,1240,1,1,1,0,1,4503,1,5042,1,0,1,0,0,214653,1,410536,1,776,1,776,1,0,1,96,1,2244,1,97,1,0,1,2,1,0,1,0,1,1,1,8,1,24,1,0,1,0,1,211,1,16336,1,1,1,1,1,2491,1,27423,1,8,1,8,1,0,1,96229,1,97,1,13711,1,6501,1,122089,1,2987,1,1,1,32,1,32,1
395,1839000,4469,9545,28.988914,,0,11,8,96,30669,11042,29528,1808331,16,227,20,1,27124,1,50,1,266569,1,153465,1,117133,1,1233750,1,10220,1,116742,1,11934,4,304314,4,83305,4,234676,4,440715,8,599241,96,46622,36,3056,1,25290,1,2675,1,0,0,0,0,0,0,0,0,103846,1,32414,1,4369,1,6212,1,21533,1,209987,1,28517,1,3767,1,5311,1,30961,1,74498,1,16337,1,235,1,9545,1,4469,1,16572,1,9545,1,48,1,1240,1,1,1,0,1,4503,1,5042,1,0,1,0,0,208687,1,362472,1,776,1,776,1,0,1,96,1,2244,1,97,1,0,1,2,1,0,1,0,1,1,1,8,1,24,1,0,1,0,1,211,1,16337,1,1,1,0,1,1832,1,45309,1,8,1,8,1,0,1,96979,1,97,1,13943,1,1155,1,117519,1,13777,1,1,1,32,1,32,1
396,1882700,4469,9545,28.988914,,0,11,8,96,30642,13226,34577,1852058,16,227,60,1,31673,1,60,1,275457,1,156972,1,128415,1,1249040,1,10381,1,113385,1,12465,4,311919,4,78837,4,239095,4,447679,8,601867,96,50330,36,3016,1,26723,1,2695,1,0,0,0,0,0,0,0,0,106782,1,32394,1,4599,1,6122,1,22795,1,214376,1,31843,1,4288,1,5832,1,30521,1,70590,1,16337,1,235,1,9545,1,4469,1,16572,1,9545,1,48,1,1240,1,1,1,0,1,4503,1,5042,1,0,1,0,0,208889,1,321585,1,774,1,774,1,0,1,96,1,2244,1,97,1,0,1,2,1,0,1,0,1,1,1,8,1,24,1,0,1,0,1,211,1,16337,1,1,1,1,1,2228,1,45606,1,8,1,8,1,0,1,93903,1,97,1,12870,1,7755,1,110666,1,16434,1,1,1,32,1,32,1
397,1941400,4469,9545,28.988914,,0,11,8,96,30691,12956,31410,1910709,16,227,40,1,30921,1,110,1,274705,1,157122,1,127273,1,1310166,1,10371,1,111962,1,12405,4,337791,4,83676,4,269239,4,445815,8,636992,96,46653,36,4429,1,28477,1,3417,1,0,0,0,0,0,0,0,0,105419,1,33877,1,4629,1,6473,1,22314,1,213965,1,31543,1,4138,1,5872,1,30711,1,69107,1,16337,1,235,1,9545,1,4469,1,16572,1,9545,1,48,1,1240,1,1,1,0,1,4502,1,5042,1,1,1,0,0,217725,1,417994,1,772,1,772,1,0,1,96,1,2244,1,97,1,0,1,2,1,0,1,0,1,1,1,8,1,24,1,0,1,0,1,211,1,16337,1,1,1,1,1,1996,1,50061,1,8,1,8,1,0,1,110336,1,97,1,13959,1,6435,1,115697,1,18431,1,1,1,32,1,32,1
398,1847000,4469,9545,28.988914,,0,11,8,96,30393,11002,30058,1816607,16,227,30,1,27374,1,30,1,269766,1,148916,1,120680,1,1239662,1,10150,1,110990,1,11934,4,312541,4,83125,4,236319,4,443711,8,601677,96,48296,36,2976,1,24348,1,2715,1,0,0,0,0,0,0,0,0,98075,1,33947,1,4359,1,6413,1,22976,1,210558,1,29539,1,3988,1,5521,1,30992,1,68576,1,16336,1,235,1,9545,1,4469,1,16571,1,9545,1,48,1,1240,1,1,1,0,1,4503,1,5042,1,0,1,0,0,210603,1,318912,1,776,1,776,1,0,1,96,1,2244,1,97,1,0,1,2,1,0,1,0,1,1,1,8,1,24,1,0,1,0,1,211,1,16336,1,1,1,0,1,1832,1,726,1,8,1,8,1,0,1,89915,1,97,1,12689,1,5709,1,114119,1,726,1,1,1,32,1,32,1
399,1855600,4469,9545,28.988914,,0,11,8,96,30155,12675,29849,1825445,16,227,90,1,27084,1,30,1,262531,1,150168,1,113626,1,1261655,1,10260,1,110760,1,11944,4,304815,4,83295,4,238443,4,469142,8,630633,96,47104,36,3016,1,24869,1,2695,1,0,0,0,0,0,0,0,0,99147,1,34268,1,4379,1,6072,1,20982,1,207602,1,27615,1,3878,1,5431,1,30911,1,68536,1,16336,1,235,1,9545,1,4469,1,16571,1,9545,1,48,1,1240,1,1,1,0,1,4503,1,5042,1,0,1,0,0,203639,1,408573,1,775,1,776,1,0,1,96,1,2244,1,97,1,0,1,2,1,0,1,0,1,1,1,8,1,24,1,0,1,0,1,211,1,16336,1,1,1,1,1,1898,1,4257,1,8,1,8,1,0,1,105338,1,97,1,12920,1,528,1,111892,1,1204,1,1,1,32,1,32,1
400,1820700,4469,9545,28.988914,,0,11,8,96,30185,12816,29308,1790515,16,227,150,1,27384,1,40,1,261118,1,153244,1,112854,1,1225554,1,10170,1,112153,1,11983,4,300487,4,82915,4,235387,4,438370,8,597707,96,46743,36,3046,1,25681,1,2715,1,0,0,0,0,0,0,0,0,102494,1,33867,1,4339,1,6202,1,21322,1,205779,1,27565,1,4078,1,5441,1,31002,1,69708,1,16336,1,235,1,9545,1,4469,1,16571,1,9545,1,48,1,1240,1,1,1,0,1,4503,1,5042,1,0,1,0,0,210308,1,324060,1,776,1,776,1,0,1,96,1,2244,1,97,1,0,1,2,1,0,1,0,1,1,1,8,1,24,1,0,1,0,1,211,1,16336,1,1,1,1,1,2277,1,17820,1,8,1,8,1,0,1,87886,1,97,1,13448,1,5577,1,116364,1,2524,1,1,1,32,1,32,1
401,1818900,4469,9545,28.988914,,0,11,8,96,31260,12916,28948,1787640,16,227,40,1,27014,1,30,1,258463,1,149677,1,113626,1,1228710,1,10080,1,108475,1,11944,4,302641,4,83496,4,234476,4,444012,8,602836,96,46703,36,2946,1,25100,1,2705,1,0,0,0,0,0,0,0,0,100299,1,32394,1,4369,1,6022,1,20841,1,203725,1,27595,1,3597,1,5501,1,30911,1,66572,1,16336,1,235,1,9545,1,4469,1,16571,1,9545,1,48,1,1240,1,1,1,0,1,4502,1,5042,1,1,1,0,0,209332,1,303402,1,776,1,776,1,0,1,96,1,2244,1,97,1,0,1,2,1,0,1,0,1,1,1,8,1,24,1,0,1,0,1,211,1,16336,1,1,1,1,1,2393,1,9537,1,8,1,8,1,0,1,90921,1,97,1,13514,1,5742,1,115654,1,1732,1,1,1,32,1,32,1
402,1825800,4469,9545,28.988914,,0,11,8,96,30225,12866,29958,1795575,16,227,40,1,27224,1,40,1,257441,1,153876,1,113115,1,1233660,1,10180,1,114638,1,12244,4,302230,4,83957,4,238373,4,440996,8,602408,96,47003,36,2986,1,22725,1,2645,1,0,0,0,0,0,0,0,0,103345,1,33557,1,4369,1,6052,1,21072,1,202512,1,27505,1,3918,1,5491,1,31362,1,71793,1,16336,1,235,1,9545,1,4469,1,16571,1,9545,1,48,1,1240,1,1,1,0,1,4502,1,5042,1,1,1,0,0,211049,1,368940,1,776,1,776,1,0,1,96,1,2244,1,97,1,0,1,2,1,0,1,0,1,1,1,8,1,24,1,0,1,0,1,211,1,16336,1,1,1,1,1,2327,1,43659,1,8,1,8,1,0,1,103460,1,97,1,14108,1,4917,1,117040,1,15031,1,1,1,32,1,32,1
403,1813400,4469,9545,28.988914,,0,11,8,96,29919,11613,29938,1783481,16,227,70,1,27014,1,40,1,256650,1,148154,1,112584,1,1228790,1,10180,1,111251,1,11833,4,302661,4,83937,4,235938,4,441497,8,600814,96,46683,36,2986,1,24388,1,2685,1,0,0,0,0,0,0,0,0,97474,1,34178,1,4339,1,5932,1,21372,1,201470,1,27595,1,3667,1,5160,1,31142,1,69348,1,16337,1,235,1,9545,1,4469,1,16572,1,9545,1,48,1,1240,1,1,1,0,1,4503,1,5042,1,0,1,0,0,212270,1,336270,1,776,1,776,1,0,1,96,1,2244,1,97,1,0,1,2,1,0,1,0,1,1,1,8,1,24,1,0,1,0,1,211,1,16337,1,1,1,0,1,2129,1,594,1,8,1,8,1,0,1,86681,1,97,1,13844,1,6072,1,116793,1,594,1,1,1,32,1,32,1
404,1817100,4469,9545,28.988914,,0,11,8,96,29450,12725,31400,1787650,16,227,70,1,27204,1,30,1,256670,1,147513,1,112373,1,1233429,1,10361,1,110459,1,11914,4,301619,4,83556,4,238934,4,444323,8,604884,96,46973,36,2996,1,24218,1,2685,1,0,0,0,0,0,0,0,0,97584,1,33306,1,4349,1,5952,1,20821,1,201771,1,27805,1,3677,1,5411,1,31032,1,68396,1,16337,1,235,1,9545,1,4469,1,16572,1,9545,1,48,1,1240,1,1,1,0,1,4503,1,5042,1,0,1,0,0,213787,1,341286,1,776,1,776,1,0,1,96,1,2244,1,97,1,0,1,2,1,0,1,0,1,1,1,8,1,24,1,0,1,0,1,211,1,16337,1,1,1,1,1,2195,1,660,1,8,1,8,1,0,1,85658,1,97,1,13613,1,1386,1,117304,1,660,1,1,1,32,1,32,1
405,1817500,4469,9545,28.988914,,0,11,8,96,30762,12916,29908,1786738,16,227,100,1,27104,1,20,1,257612,1,148385,1,112333,1,1231054,1,10130,1,110880,1,12214,4,302551,4,83756,4,235077,4,443380,8,601666,96,46882,36,3036,1,24559,1,2685,1,0,0,0,0,0,0,0,0,98626,1,33246,1,4329,1,6012,1,21483,1,202232,1,27665,1,3968,1,5451,1,30992,1,68636,1,16337,1,235,1,9545,1,4469,1,16572,1,9545,1,48,1,1240,1,1,1,0,1,4503,1,5042,1,0,1,0,0,207403,1,341715,1,776,1,776,1,0,1,96,1,2244,1,97,1,0,1,2,1,0,1,0,1,1,1,8,1,24,1,0,1,0,1,211,1,16337,1,1,1,1,1,2459,1,594,1,8,1,8,1,0,1,86826,1,97,1,13481,1,1023,1,114318,1,594,1,1,1,32,1,32,1
406,1824400,4469,9545,28.988914,,0,11,8,96,30127,12806,29697,1794273,16,227,50,1,27204,1,40,1,258463,1,149497,1,113225,1,1235684,1,10110,1,111061,1,11813,4,303032,4,83937,4,239225,4,443390,8,605725,96,47194,36,2986,1,24739,1,2695,1,0,0,0,0,0,0,0,0,98756,1,34118,1,4389,1,6102,1,21232,1,203093,1,27805,1,3808,1,5421,1,31162,1,68716,1,16337,1,235,1,9545,1,4469,1,16572,1,9545,1,48,1,1240,1,1,1,0,1,4503,1,5042,1,0,1,0,0,214186,1,368544,1,776,1,776,1,0,1,96,1,2244,1,97,1,0,1,2,1,0,1,0,1,1,1,8,1,24,1,0,1,0,1,211,1,16337,1,1,1,1,1,1766,1,5643,1,8,1,8,1,0,1,95653,1,97,1,13910,1,6006,1,117271,1,2260,1,1,1,32,1,32,1
407,1812400,4469,9545,28.988914,,0,11,8,96,31033,12776,29097,1781367,16,227,130,1,27014,1,30,1,256139,1,150308,1,112483,1,1225113,1,10150,1,111722,1,12104,4,301709,4,83005,4,232652,4,441156,8,597688,96,47023,36,3006,1,24328,1,2655,1,0,0,0,0,0,0,0,0,100199,1,33286,1,4369,1,6022,1,20922,1,201300,1,27645,1,3878,1,5501,1,30931,1,69528,1,16337,1,235,1,9545,1,4469,1,16572,1,9545,1,48,1,1240,1,1,1,0,1,4503,1,5042,1,0,1,0,0,199663,1,345312,1,776,1,776,1,0,1,96,1,2244,1,97,1,0,1,2,1,0,1,0,1,1,1,8,1,24,1,0,1,0,1,211,1,16337,1,1,1,1,1,2228,1,55110,1,8,1,8,1,0,1,84832,1,97,1,12590,1,5313,1,109302,1,12391,1,1,1,32,1,32,1
408,1837400,4469,9545,28.988914,,0,11,8,96,32135,12815,29898,1805265,16,227,130,1,26713,1,40,1,260006,1,157733,1,112854,1,1237557,1,10230,1,110550,1,11433,4,302952,4,84368,4,236409,4,446817,8,606455,96,46873,36,3066,1,26483,1,2665,1,0,0,0,0,0,0,0,0,106161,1,34438,1,4389,1,6002,1,21192,1,204386,1,28156,1,3647,1,5541,1,30471,1,69037,1,16337,1,235,1,9545,1,4469,1,16572,1,9545,1,48,1,1240,1,1,1,0,1,4502,1,5042,1,1,1,0,0,209235,1,349338,1,776,1,776,1,0,1,96,1,2244,1,97,1,0,1,2,1,0,1,0,1,1,1,8,1,24,1,0,1,0,1,211,1,16337,1,1,1,1,1,3251,1,49368,1,8,1,8,1,0,1,94929,1,97,1,13844,1,5775,1,115984,1,13117,1,1,1,32,1,32,1
409,1836400,4469,9545,28.988914,,0,11,8,96,31877,12866,29407,1804523,16,227,40,1,26633,1,30,1,258964,1,157112,1,113145,1,1238379,1,10220,1,117443,1,12164,4,303112,4,83345,4,238273,4,439653,8,601295,96,47223,36,3046,1,25761,1,2715,1,0,0,0,0,0,0,0,0,105139,1,34879,1,4439,1,6072,1,21192,1,203284,1,28156,1,3948,1,5441,1,31052,1,74929,1,16337,1,235,1,9545,1,4469,1,16572,1,9545,1,48,1,1240,1,1,1,0,1,4503,1,5042,1,0,1,0,0,213587,1,358644,1,776,1,776,1,0,1,96,1,2244,1,97,1,0,1,2,1,0,1,0,1,1,1,8,1,24,1,0,1,0,1,211,1,16337,1,1,1,1,1,2327,1,47157,1,8,1,8,1,0,1,101495,1,97,1,13415,1,4917,1,116148,1,13051,1,1,1,32,1,32,1
410,1832200,4469,9545,28.988914,,0,11,8,96,31064,12816,29337,1801136,16,227,10,1,27354,1,30,1,258133,1,153956,1,113225,1,1237988,1,10441,1,111962,1,11943,4,302441,4,83436,4,237131,4,447769,8,608660,96,46903,36,3387,1,24429,1,2675,1,0,0,0,0,0,0,0,0,104007,1,32775,1,4389,1,6072,1,20952,1,203013,1,27825,1,3868,1,5441,1,31092,1,69608,1,16337,1,235,1,9545,1,4469,1,16572,1,9545,1,48,1,1240,1,1,1,0,1,4503,1,5042,1,0,1,0,0,206660,1,382668,1,776,1,776,1,0,1,96,1,2244,1,97,1,0,1,2,1,0,1,0,1,1,1,8,1,24,1,0,1,0,1,211,1,16337,1,1,1,1,1,1964,1,43758,1,8,1,8,1,0,1,105785,1,97,1,13316,1,6006,1,114928,1,12226,1,1,1,32,1,32,1
411,1920500,4469,9545,28.988914,,0,11,8,96,33032,13246,31121,1887468,16,227,90,1,31052,1,60,1,284355,1,154497,1,135980,1,1270713,1,10721,1,111592,1,12264,4,334444,4,84027,4,240117,4,443691,8,605514,96,47173,36,3046,1,25551,1,2735,1,0,0,0,0,0,0,0,0,101742,1,33306,1,4930,1,6393,1,22785,1,220508,1,34208,1,4299,1,5862,1,30571,1,68556,1,16337,1,235,1,9545,1,4469,1,16572,1,9545,1,48,1,1240,1,1,1,0,1,4503,1,5042,1,0,1,0,0,203850,1,321453,1,776,1,776,1,0,1,96,1,2244,1,97,1,0,1,2,1,0,1,0,1,1,1,8,1,24,1,0,1,0,1,211,1,16337,1,1,1,1,1,4785,1,24717,1,8,1,8,1,0,1,92159,1,97,1,12969,1,396,1,112069,1,3382,1,1,1,32,1,32,1
412,1856800,4469,9545,28.988914,,0,11,8,96,29942,12766,29397,1826858,16,227,90,1,30921,1,50,1,264796,1,150659,1,126882,1,1243138,1,10320,1,109968,1,12114,4,319735,4,83175,4,234355,4,442378,8,600534,96,46803,36,3396,1,22625,1,2625,1,0,0,0,0,0,0,0,0,99958,1,32925,1,4920,1,6212,1,22204,1,202833,1,33286,1,3788,1,5651,1,30561,1,68065,1,16337,1,235,1,9545,1,4469,1,16572,1,9545,1,48,1,1240,1,1,1,0,1,4503,1,5042,1,0,1,0,0,209800,1,329406,1,776,1,776,1,0,1,96,1,2244,1,97,1,0,1,2,1,0,1,0,1,1,1,8,1,24,1,0,1,0,1,211,1,16337,1,1,1,1,1,2393,1,6204,1,8,1,8,1,0,1,88561,1,97,1,13101,1,957,1,115588,1,924,1,1,1,32,1,32,1
413,1814100,4469,9545,28.988914,,0,11,8,96,30909,12765,29908,1783191,16,227,50,1,27054,1,80,1,258413,1,151932,1,113596,1,1221686,1,10381,1,110359,1,12184,4,301559,4,83065,4,235548,4,437950,8,596826,96,46763,36,2976,1,22655,1,2625,1,0,0,0,0,0,0,0,0,102874,1,32014,1,4369,1,5992,1,21102,1,203444,1,27585,1,3828,1,5461,1,30711,1,68386,1,16337,1,235,1,9545,1,4469,1,16572,1,9545,1,48,1,1240,1,1,1,0,1,4502,1,5042,1,1,1,0,0,212237,1,332475,1,776,1,776,1,0,1,96,1,2244,1,97,1,0,1,2,1,0,1,0,1,1,1,8,1,24,1,0,1,0,1,211,1,16337,1,1,1,1,1,2591,1,43428,1,8,1,8,1,0,1,87341,1,97,1,13613,1,5544,1,115044,1,15691,1,1,1,32,1,32,1
414,1863300,4469,9545,28.988914,,0,11,8,96,30751,14449,30689,1832549,16,227,120,1,30681,1,60,1,283804,1,150579,1,134958,1,1220544,1,11803,1,117944,1,12074,4,301058,4,84087,4,230969,4,428621,8,582028,96,46873,36,3106,1,25541,1,2695,1,0,0,0,0,0,0,0,0,99087,1,33036,1,4930,1,6523,1,23547,1,219646,1,33557,1,4479,1,6182,1,30621,1,73807,1,16337,1,235,1,9545,1,4469,1,16572,1,9545,1,48,1,1240,1,1,1,0,1,4503,1,5042,1,0,1,0,0,204621,1,318087,1,776,1,776,1,0,1,96,1,2244,1,97,1,0,1,2,1,0,1,0,1,1,1,8,1,24,1,0,1,0,1,211,1,16337,1,1,1,1,1,3778,1,24552,1,8,1,8,1,0,1,83201,1,97,1,13744,1,396,1,111237,1,2871,1,1,1,32,1,32,1
415,1862300,4469,9545,28.988914,,0,11,8,96,29380,12846,29547,1832920,16,227,80,1,30691,1,40,1,266038,1,155258,1,125649,1,1245012,1,10150,1,112213,1,12254,4,311699,4,83275,4,240297,4,442128,8,605804,96,47073,36,3116,1,24519,1,2665,1,0,0,0,0,0,0,0,0,103385,1,34609,1,4609,1,6002,1,22094,1,205418,1,32234,1,4188,1,5852,1,30671,1,69308,1,16337,1,235,1,9545,1,4469,1,16572,1,9545,1,48,1,1240,1,1,1,0,1,4503,1,5042,1,0,1,0,0,204590,1,314589,1,776,1,776,1,0,1,96,1,2244,1,97,1,0,1,2,1,0,1,0,1,1,1,8,1,24,1,0,1,0,1,211,1,16337,1,1,1,1,1,1964,1,43659,1,8,1,8,1,0,1,89744,1,97,1,12920,1,2904,1,108295,1,15922,1,1,1,32,1,32,1
416,1826300,4469,9545,28.988914,,0,11,8,96,31626,12845,29638,1794674,16,227,10,1,26803,1,30,1,258163,1,152864,1,117864,1,1228810,1,10130,1,111952,1,11854,4,301419,4,82965,4,235027,4,442128,8,600724,96,46793,36,2996,1,24970,1,2655,1,0,0,0,0,0,0,0,0,101151,1,34639,1,4379,1,6012,1,20962,1,203354,1,27595,1,3747,1,5531,1,30150,1,70661,1,16337,1,235,1,9545,1,4469,1,16572,1,9545,1,48,1,1240,1,1,1,0,1,4502,1,5042,1,1,1,0,0,209385,1,309276,1,776,1,776,1,0,1,96,1,2244,1,97,1,0,1,2,1,0,1,0,1,1,1,8,1,24,1,0,1,0,1,211,1,16337,1,1,1,1,1,2228,1,57024,1,8,1,8,1,0,1,88299,1,97,1,13811,1,3597,1,116595,1,12655,1,1,1,32,1,32,1
417,1935200,4469,9545,28.988914,,0,11,8,96,33524,16984,33455,1901676,16,227,140,1,30721,1,50,1,293743,1,154998,1,135469,1,1276174,1,10381,1,112042,1,12665,4,318553,4,84177,4,240958,4,460424,8,619071,96,48857,36,3086,1,24609,1,2675,1,0,0,0,0,0,0,0,0,103215,1,33116,1,4940,1,6573,1,23286,1,228604,1,34679,1,4439,1,6262,1,30641,1,68246,1,16337,1,235,1,9545,1,4469,1,16572,1,9545,1,48,1,1240,1,1,1,0,1,4503,1,5042,1,0,1,0,0,223977,1,378378,1,776,1,776,1,0,1,96,1,2244,1,97,1,0,1,2,1,0,1,0,1,1,1,8,1,24,1,0,1,0,1,211,1,16337,1,1,1,1,1,16021,1,1320,1,8,1,8,1,0,1,109485,1,97,1,13051,1,396,1,125064,1,1320,1,1,1,32,1,32,1
418,1898100,4469,9545,28.988914,,0,11,8,96,31343,13396,30770,1866757,16,227,80,1,31132,1,30,1,280707,1,152954,1,135289,1,1256415,1,10150,1,117443,1,12345,4,320216,4,83426,4,239946,4,440154,8,602918,96,46412,36,3156,1,23647,1,2685,1,0,0,0,0,0,0,0,0,100870,1,33847,1,4920,1,6563,1,22705,1,217502,1,33426,1,4158,1,6232,1,30771,1,73817,1,16337,1,235,1,9545,1,4469,1,16572,1,9545,1,48,1,1240,1,1,1,0,1,4502,1,5042,1,1,1,0,0,210159,1,368082,1,773,1,773,1,0,1,96,1,2244,1,97,1,0,1,2,1,0,1,0,1,1,1,8,1,24,1,0,1,0,1,211,1,16337,1,1,1,1,1,1798,1,28314,1,8,1,8,1,0,1,109070,1,97,1,15114,1,6237,1,117046,1,2657,1,1,1,32,1,32,1
419,1885200,4469,9545,28.988914,,0,11,8,96,32040,13306,29990,1853160,16,227,100,1,30891,1,20,1,267692,1,156511,1,133445,1,1254381,1,10120,1,113044,1,12234,4,327079,4,82985,4,234586,4,440786,8,599120,96,46262,36,2996,1,24649,1,2715,1,0,0,0,0,0,0,0,0,104728,1,33396,1,4940,1,6423,1,22284,1,206300,1,32404,1,4198,1,6162,1,30741,1,69869,1,16337,1,235,1,9545,1,4469,1,16572,1,9545,1,48,1,1240,1,1,1,0,1,4503,1,5042,1,0,1,0,0,209812,1,337491,1,776,1,776,1,0,1,96,1,2244,1,97,1,0,1,2,1,0,1,0,1,1,1,8,1,24,1,0,1,0,1,211,1,16337,1,1,1,1,1,2063,1,47388,1,8,1,8,1,0,1,87737,1,97,1,13514,1,5445,1,116677,1,15064,1,1,1,32,1,32,1
420,1912200,4469,9545,28.988914,,0,11,8,96,32227,14539,31592,1879973,16,227,70,1,30982,1,30,1,286739,1,150038,1,141361,1,1260653,1,10100,1,114006,1,12535,4,329043,4,78837,4,236620,4,443581,8,599922,96,48686,36,3006,1,25801,1,2685,1,0,0,0,0,0,0,0,0,97935,1,33617,1,4950,1,6593,1,23326,1,222352,1,33887,1,4369,1,6192,1,30691,1,70290,1,16337,1,235,1,9545,1,4469,1,16572,1,9545,1,48,1,1240,1,1,1,0,1,4502,1,5042,1,1,1,0,0,207135,1,366663,1,776,1,776,1,0,1,96,1,2244,1,97,1,0,1,2,1,0,1,0,1,1,1,8,1,24,1,0,1,0,1,211,1,16337,1,1,1,1,1,2475,1,1419,1,8,1,8,1,0,1,96596,1,97,1,13002,1,5940,1,110534,1,1056,1,1,1,32,1,32,1
421,1889700,4468,9545,28.988914,,0,11,8,96,31771,8447,30839,1857929,16,227,20,1,30501,1,60,1,273443,1,161000,1,127213,1,1255373,1,10320,1,115259,1,12515,4,325807,4,83386,4,236219,4,441587,8,600375,96,46592,36,3086,1,26382,1,2685,1,0,0,0,0,0,0,0,0,108706,1,34799,1,4639,1,6353,1,22525,1,212071,1,32174,1,3828,1,6122,1,30681,1,72444,1,16339,1,232,1,9545,1,4468,1,16571,1,9545,1,48,1,1240,1,1,1,0,1,4503,1,5042,1,0,1,0,0,211651,1,340230,1,776,1,776,1,0,1,96,1,2268,1,97,1,0,1,2,1,0,1,0,1,1,1,8,1,24,1,0,1,0,1,208,1,16339,1,0,1,0,1,2062,1,53955,1,8,1,8,1,0,1,87811,1,97,1,14718,1,6072,1,115808,1,15906,1,1,1,32,1,32,1
422,1899800,4468,9545,28.988914,,0,11,8,96,31355,12685,29738,1868445,16,227,70,1,27194,1,20,1,266349,1,168289,1,132583,1,1263830,1,10110,1,113816,1,12174,4,337159,4,83125,4,235277,4,439323,8,598008,96,46853,36,3036,1,24499,1,2735,1,0,0,0,0,0,0,0,0,115204,1,35110,1,4930,1,6363,1,21162,1,210638,1,27905,1,4339,1,6132,1,30821,1,70360,1,16340,1,232,1,9545,1,4468,1,16572,1,9545,1,48,1,1240,1,1,1,0,1,4503,1,5042,1,0,1,0,0,207713,1,293139,1,776,1,776,1,0,1,96,1,2256,1,97,1,0,1,2,1,0,1,0,1,1,1,8,1,24,1,0,1,0,1,208,1,16340,1,1,1,0,1,2326,1,76939,1,8,1,8,1,0,1,82774,1,97,1,14042,1,5577,1,116776,1,14614,1,1,1,32,1,32,1
423,1888700,4468,9545,28.988914,,0,11,8,96,32103,13306,31120,1856597,16,227,110,1,31202,1,50,1,276780,1,158084,1,127523,1,1252687,1,10160,1,111722,1,12164,4,324474,4,78616,4,238584,4,441336,8,599683,96,49118,36,3597,1,26212,1,2675,1,0,0,0,0,0,0,0,0,105660,1,34418,1,4649,1,6553,1,22655,1,215899,1,31302,1,4108,1,5902,1,30561,1,68947,1,16340,1,232,1,9545,1,4468,1,16572,1,9545,1,48,1,1240,1,1,1,0,1,4503,1,5042,1,0,1,0,0,203832,1,275583,1,776,1,776,1,0,1,96,1,2256,1,97,1,0,1,2,1,0,1,0,1,1,1,8,1,24,1,0,1,0,1,208,1,16340,1,1,1,1,1,2343,1,47190,1,8,1,8,1,0,1,76107,1,97,1,12936,1,6369,1,110006,1,17638,1,1,1,32,1,32,1
424,2030100,4468,9545,28.988914,,0,11,8,96,31592,17855,39154,1998508,16,227,170,1,31082,1,40,1,267070,1,154346,1,151571,1,1383808,1,10421,1,121411,1,14308,4,339945,4,89418,4,260668,4,504562,8,667198,96,58877,36,5992,1,26913,1,2735,1,0,0,0,0,0,0,0,0,102764,1,33156,1,4930,1,6453,1,22274,1,204857,1,33186,1,4198,1,6182,1,29839,1,78586,1,16340,1,232,1,9545,1,4468,1,16572,1,9545,1,48,1,1240,1,1,1,0,1,4503,1,5042,1,0,1,0,0,218864,1,346896,1,775,1,776,1,0,1,96,1,2256,1,97,1,0,1,2,1,0,1,0,1,1,1,8,1,24,1,0,1,0,1,208,1,16340,1,1,1,1,1,2062,1,43560,1,8,1,8,1,0,1,96495,1,97,1,14140,1,1419,1,115197,1,13844,1,1,1,32,1,32,1
425,1982200,4468,9545,28.988914,,0,11,8,96,32208,13016,30018,1949992,16,227,100,1,31142,1,60,1,290306,1,154807,1,153525,1,1309731,1,10320,1,119076,1,12835,4,369404,4,83426,4,236790,4,441968,8,601677,96,47063,36,3006,1,27495,1,2715,1,0,0,0,0,0,0,0,0,102013,1,32184,1,5661,1,6924,1,23427,1,219927,1,39528,1,4569,1,6814,1,30190,1,75029,1,16341,1,232,1,9545,1,4468,1,16573,1,9545,1,48,1,1240,1,1,1,0,1,4503,1,5042,1,0,1,0,0,201463,1,326106,1,776,1,776,1,0,1,96,1,2256,1,97,1,0,1,2,1,0,1,0,1,1,1,8,1,24,1,0,1,0,1,208,1,16341,1,1,1,0,1,3284,1,1914,1,8,1,8,1,0,1,82494,1,97,1,11765,1,6336,1,107008,1,1336,1,1,1,32,1,32,1
426,1906800,4468,9545,28.988918,,0,11,8,96,31276,13577,31341,1875524,16,227,20,1,31322,1,50,1,277531,1,155589,1,135519,1,1265443,1,10050,1,112804,1,12655,4,329534,4,80650,4,238934,4,444944,8,602979,96,49558,36,3036,1,26613,1,2695,1,0,0,0,0,0,0,0,0,104237,1,33186,1,5040,1,6924,1,23196,1,213554,1,33456,1,4198,1,6152,1,30210,1,69889,1,16341,1,232,1,9545,1,4468,1,16573,1,9545,1,48,1,1240,1,1,1,0,1,4502,1,5042,1,1,1,0,0,207906,1,321816,1,776,1,776,1,0,1,96,1,2256,1,97,1,0,1,2,1,0,1,0,1,1,1,8,1,24,1,0,1,0,1,208,1,16341,1,1,1,1,1,2244,1,35013,1,8,1,8,1,0,1,84617,1,97,1,13167,1,3366,1,113042,1,8728,1,1,1,32,1,32,1
427,1912100,4468,9545,28.988918,,0,11,8,96,31566,12856,31703,1880534,16,227,170,1,30931,1,60,1,275347,1,160198,1,135329,1,1268379,1,10120,1,116882,1,12134,4,338602,4,83356,4,236109,4,435805,8,593379,96,46833,36,3447,1,26573,1,2615,1,0,0,0,0,0,0,0,0,107083,1,34358,1,5120,1,8477,1,23256,1,210668,1,32505,1,4078,1,6132,1,30651,1,73696,1,16341,1,232,1,9545,1,4468,1,16573,1,9545,1,48,1,1240,1,1,1,0,1,4501,1,5042,1,2,1,0,0,209725,1,300498,1,776,1,776,1,0,1,96,1,2268,1,97,1,0,1,2,1,0,1,0,1,1,1,8,1,24,1,0,1,0,1,208,1,16341,1,1,1,0,1,1864,1,50094,1,8,1,8,1,0,1,81034,1,97,1,14899,1,1188,1,117887,1,14438,1,1,1,32,1,32,1
428,1897500,4468,9545,28.988918,,0,11,8,96,30803,11092,29768,1866697,16,227,50,1,30811,1,30,1,274064,1,151100,1,132724,1,1267767,1,10150,1,114227,1,12244,4,337510,4,83195,4,235558,4,442429,8,601055,96,47163,36,3086,1,25731,1,2695,1,0,0,0,0,0,0,0,0,100409,1,32605,1,4920,1,7675,1,21673,1,211791,1,32635,1,4138,1,6142,1,30891,1,70831,1,16343,1,232,1,9545,1,4468,1,16575,1,9545,1,48,1,1240,1,1,1,0,1,4502,1,5042,1,1,1,0,0,210687,1,349107,1,776,1,776,1,0,1,96,1,2256,1,97,1,0,1,2,1,0,1,0,1,1,1,8,1,24,1,0,1,0,1,208,1,16343,1,1,1,0,1,1931,1,858,1,8,1,8,1,0,1,94455,1,97,1,13415,1,6072,1,114978,1,858,1,1,1,32,1,32,1
429,1825800,4468,9545,28.988918,,0,11,8,96,30485,11022,29898,1795315,16,227,40,1,26923,1,30,1,265688,1,155609,1,112684,1,1224121,1,10220,1,110289,1,12375,4,302410,4,83045,4,236089,4,438661,8,597939,96,46913,36,2976,1,24609,1,2645,1,0,0,0,0,0,0,0,0,104448,1,34218,1,4369,1,7775,1,20871,1,208524,1,28146,1,3727,1,5090,1,30951,1,68586,1,16342,1,232,1,9545,1,4468,1,16574,1,9545,1,48,1,1240,1,1,1,0,1,4502,1,5042,1,1,1,0,0,202999,1,294987,1,776,1,776,1,0,1,96,1,2268,1,97,1,0,1,2,1,0,1,0,1,1,1,8,1,24,1,0,1,0,1,208,1,16342,1,1,1,0,1,2195,1,45606,1,8,1,8,1,0,1,76451,1,97,1,12953,1,4323,1,111793,1,16302,1,1,1,32,1,32,1
430,1819500,4468,9545,28.988918,,0,11,8,96,30588,12725,29999,1788912,16,227,30,1,27134,1,30,1,262972,1,146932,1,112654,1,1228820,1,10341,1,110950,1,11914,4,301970,4,83356,4,236510,4,441236,8,600713,96,47033,36,3066,1,24429,1,2665,1,0,0,0,0,0,0,0,0,97293,1,33046,1,4359,1,7415,1,20881,1,206811,1,27615,1,4028,1,5371,1,30961,1,68676,1,16342,1,232,1,9545,1,4468,1,16574,1,9545,1,48,1,1240,1,1,1,0,1,4503,1,5042,1,0,1,0,0,207934,1,324885,1,776,1,776,1,0,1,96,1,2268,1,97,1,0,1,2,1,0,1,0,1,1,1,8,1,24,1,0,1,0,1,208,1,16342,1,1,1,1,1,1931,1,528,1,8,1,8,1,0,1,87837,1,97,1,13250,1,1518,1,113905,1,528,1,1,1,32,1,32,1
431,1817300,4468,9545,28.988918,,0,11,8,96,30201,12294,29818,1787099,16,227,10,1,26843,1,30,1,259766,1,149447,1,112824,1,1227798,1,10381,1,109327,1,11934,4,302601,4,82995,4,236289,4,442339,8,601797,96,47013,36,2986,1,24398,1,2635,1,0,0,0,0,0,0,0,0,98736,1,33877,1,4519,1,6924,1,21282,1,203534,1,27745,1,3948,1,5431,1,30881,1,67143,1,16343,1,232,1,9545,1,4468,1,16575,1,9545,1,48,1,1240,1,1,1,0,1,4501,1,5042,1,2,1,0,0,201777,1,320958,1,776,1,776,1,0,1,96,1,2268,1,97,1,0,1,2,1,0,1,0,1,1,1,8,1,24,1,0,1,0,1,208,1,16343,1,1,1,0,1,1799,1,528,1,8,1,8,1,0,1,86054,1,97,1,12458,1,5511,1,107800,1,528,1,1,1,32,1,32,1
432,1946900,4468,9545,28.988918,,0,11,8,96,31106,10330,31873,1915794,16,227,10,1,27074,1,40,1,259345,1,150829,1,112483,1,1355712,1,10300,1,138214,1,12415,4,385886,4,82834,4,241089,4,450635,8,612677,96,47174,36,3747,1,27675,1,2886,1,0,0,0,0,0,0,0,0,101001,1,33116,1,4439,1,7294,1,20942,1,203103,1,27765,1,3376,1,5220,1,30921,1,96241,1,16345,1,232,1,9545,1,4468,1,16577,1,9545,1,48,1,1240,1,1,1,0,1,4502,1,5042,1,1,1,0,0,202831,1,386760,1,776,1,776,1,0,1,96,1,2268,1,97,1,0,1,2,1,0,1,0,1,1,1,8,1,24,1,0,1,0,1,208,1,16345,1,1,1,0,1,2228,1,27852,1,8,1,8,1,0,1,96480,1,97,1,17969,1,3069,1,113691,1,2722,1,1,1,32,1,32,1
433,1897200,4468,9545,28.988918,,0,11,8,96,34752,12805,30569,1862448,16,227,80,1,31222,1,60,1,263744,1,157072,1,125930,1,1273559,1,10781,1,121050,1,12334,4,336528,4,82985,4,238163,4,436788,8,597739,96,46643,36,3116,1,27034,1,2755,1,0,0,0,0,0,0,0,0,104888,1,34659,1,4619,1,7816,1,21763,1,205568,1,28026,1,4359,1,5651,1,30711,1,77895,1,16345,1,232,1,9545,1,4468,1,16577,1,9545,1,48,1,1240,1,1,1,0,1,4503,1,5042,1,0,1,0,0,208147,1,347556,1,776,1,776,1,0,1,96,1,2268,1,97,1,0,1,2,1,0,1,0,1,1,1,8,1,24,1,0,1,0,1,208,1,16345,1,1,1,1,1,2624,1,46101,1,8,1,8,1,0,1,98629,1,97,1,14339,1,363,1,117634,1,14965,1,1,1,32,1,32,1
434,1824100,4469,9545,28.988918,,0,11,8,96,31250,8697,30188,1792850,16,227,40,1,26773,1,30,1,264565,1,146110,1,113836,1,1231455,1,10040,1,109578,1,12064,4,300877,4,84047,4,237301,4,446637,8,607207,96,46542,36,3016,1,26543,1,2695,1,0,0,0,0,0,0,0,0,98035,1,31362,1,4409,1,7224,1,21833,1,207522,1,27545,1,3417,1,5601,1,30871,1,67664,1,16344,1,233,1,9545,1,4469,1,16577,1,9545,1,48,1,1240,1,1,1,0,1,4503,1,5042,1,0,1,0,0,213492,1,367719,1,776,1,776,1,0,1,96,1,2232,1,97,1,0,1,2,1,0,1,0,1,1,1,8,1,28,1,0,1,0,1,205,1,16344,1,0,1,0,1,1997,1,693,1,8,1,8,1,0,1,103492,1,97,1,13547,1,5544,1,114367,1,693,1,1,1,32,1,32,1
435,1824300,4469,9545,28.988918,,0,11,8,96,29777,12154,28996,1794523,16,227,30,1,26833,1,50,1,261559,1,148274,1,112423,1,1235293,1,10060,1,117854,1,11924,4,300326,4,83596,4,235357,4,442298,8,601706,96,46953,36,3176,1,25931,1,2675,1,0,0,0,0,0,0,0,0,97003,1,34679,1,4349,1,6904,1,21132,1,205648,1,27595,1,3898,1,5561,1,31042,1,75189,1,16343,1,233,1,9545,1,4469,1,16576,1,9545,1,48,1,1240,1,1,1,0,1,4503,1,5042,1,0,1,0,0,206974,1,355113,1,776,1,776,1,0,1,96,1,2232,1,97,1,0,1,2,1,0,1,0,1,1,1,8,1,28,1,0,1,0,1,205,1,16343,1,1,1,0,1,2294,1,22902,1,8,1,8,1,0,1,105903,1,97,1,13316,1,7425,1,114400,1,2326,1,1,1,32,1,32,1
436,1812000,4469,9545,28.988918,,0,11,8,96,30773,12766,29568,1781227,16,227,50,1,26833,1,30,1,257782,1,152473,1,112764,1,1221115,1,10180,1,108615,1,11763,4,301058,4,83115,4,233644,4,439583,8,596616,96,47043,36,3006,1,24909,1,2655,1,0,0,0,0,0,0,0,0,102233,1,33406,1,4359,1,6673,1,20621,1,202362,1,27845,1,3778,1,5461,1,30711,1,66642,1,16343,1,233,1,9545,1,4469,1,16576,1,9545,1,48,1,1240,1,1,1,0,1,4502,1,5042,1,1,1,0,0,210356,1,317295,1,776,1,776,1,0,1,96,1,2232,1,97,1,0,1,2,1,0,1,0,1,1,1,8,1,28,1,0,1,0,1,205,1,16343,1,1,1,1,1,1898,1,57057,1,8,1,8,1,0,1,85294,1,97,1,13283,1,3828,1,114862,1,13678,1,1,1,32,1,32,1
437,1823600,4469,9545,28.988918,,0,11,8,96,29978,12765,31491,1793622,16,227,30,1,27324,1,40,1,258744,1,152282,1,113054,1,1231816,1,10331,1,109908,1,12054,4,302451,4,83907,4,233764,4,446667,8,602217,96,46723,36,2996,1,24619,1,2685,1,0,0,0,0,0,0,0,0,100880,1,34689,1,4379,1,6433,1,20972,1,203374,1,27675,1,3767,1,5441,1,30871,1,67775,1,16343,1,233,1,9545,1,4469,1,16576,1,9545,1,48,1,1240,1,1,1,0,1,4503,1,5042,1,0,1,0,0,215179,1,381480,1,776,1,776,1,0,1,96,1,2232,1,97,1,0,1,2,1,0,1,0,1,1,1,8,1,28,1,0,1,0,1,205,1,16343,1,1,1,1,1,2426,1,9141,1,8,1,8,1,0,1,93674,1,97,1,13712,1,5412,1,116627,1,3382,1,1,1,32,1,32,1
438,1810400,4469,9545,28.988918,,0,11,8,96,29915,12655,29639,1780485,16,227,50,1,27304,1,20,1,256269,1,146912,1,112614,1,1227177,1,10140,1,110018,1,11924,4,301168,4,83255,4,235317,4,442659,8,601445,96,46893,36,2986,1,24489,1,2705,1,0,0,0,0,0,0,0,0,96411,1,33867,1,4369,1,6443,1,20821,1,200869,1,27825,1,3948,1,5441,1,30921,1,67745,1,16343,1,233,1,9545,1,4469,1,16576,1,9545,1,48,1,1240,1,1,1,0,1,4503,1,5042,1,0,1,0,0,209729,1,354255,1,776,1,776,1,0,1,96,1,2232,1,97,1,0,1,2,1,0,1,0,1,1,1,8,1,28,1,0,1,0,1,205,1,16343,1,1,1,1,1,1832,1,20064,1,8,1,8,1,0,1,95540,1,97,1,13745,1,2145,1,112074,1,2293,1,1,1,32,1,32,1
439,1822600,4469,9545,28.988918,,0,11,8,96,29930,11603,30029,1792670,16,227,40,1,27074,1,30,1,256579,1,154777,1,112984,1,1231085,1,10100,1,111802,1,11874,4,301088,4,84197,4,237842,4,442819,8,604040,96,46593,36,2996,1,24148,1,2715,1,0,0,0,0,0,0,0,0,104918,1,32745,1,4389,1,6403,1,20631,1,201751,1,27505,1,3627,1,6042,1,30971,1,69157,1,16344,1,233,1,9545,1,4469,1,16577,1,9545,1,48,1,1240,1,1,1,0,1,4502,1,5042,1,1,1,0,0,203197,1,346533,1,776,1,776,1,0,1,96,1,2232,1,97,1,0,1,2,1,0,1,0,1,1,1,8,1,28,1,0,1,0,1,205,1,16344,1,1,1,0,1,1700,1,49137,1,8,1,8,1,0,1,97219,1,97,1,12557,1,4092,1,109615,1,13662,1,1,1,32,1,32,1
440,1857100,4469,9545,28.988918,,0,11,8,96,31896,12936,30529,1825204,16,227,20,1,27114,1,30,1,261078,1,164106,1,112954,1,1249641,1,10260,1,125078,1,11813,4,300968,4,85319,4,242441,4,442268,8,606807,96,47374,36,3056,1,23116,1,2645,1,0,0,0,0,0,0,0,0,114016,1,33086,1,4369,1,6433,1,20581,1,206009,1,27725,1,3887,1,5551,1,30110,1,83245,1,16344,1,233,1,9545,1,4469,1,16577,1,9545,1,48,1,1240,1,1,1,0,1,4503,1,5042,1,0,1,0,0,215222,1,385440,1,775,1,775,1,0,1,96,1,2232,1,97,1,0,1,2,1,0,1,0,1,1,1,8,1,28,1,0,1,0,1,205,1,16344,1,1,1,1,1,2063,1,47157,1,8,1,8,1,0,1,106860,1,97,1,15659,1,2211,1,114631,1,13794,1,1,1,32,1,32,1
441,1814500,4469,9545,28.988918,,0,11,8,96,30718,12885,28997,1783782,16,227,50,1,26753,1,90,1,258373,1,153755,1,112974,1,1221646,1,10140,1,111020,1,11904,4,301188,4,83215,4,234806,4,435485,8,594651,96,46643,36,2916,1,25551,1,2675,1,0,0,0,0,0,0,0,0,104668,1,32144,1,4369,1,6303,1,21122,1,202692,1,27976,1,3888,1,5521,1,30951,1,68676,1,16344,1,233,1,9545,1,4469,1,16577,1,9545,1,48,1,1240,1,1,1,0,1,4503,1,5042,1,0,1,0,0,209583,1,297594,1,776,1,776,1,0,1,96,1,2232,1,97,1,0,1,2,1,0,1,0,1,1,1,8,1,28,1,0,1,0,1,205,1,16344,1,1,1,1,1,1898,1,45474,1,8,1,8,1,0,1,80920,1,97,1,14174,1,5940,1,116232,1,16219,1,1,1,32,1,32,1
442,1819500,4468,9545,28.988918,,0,11,8,96,30738,8768,29960,1788762,16,227,40,1,26954,1,30,1,257602,1,150359,1,113115,1,1230594,1,10070,1,112353,1,12024,4,303322,4,83796,4,234375,4,445715,8,602737,96,47394,36,3076,1,24469,1,2695,1,0,0,0,0,0,0,0,0,99598,1,34078,1,4339,1,6172,1,21222,1,202091,1,27825,1,3687,1,5511,1,31292,1,69839,1,16344,1,232,1,9545,1,4468,1,16576,1,9545,1,48,1,1240,1,1,1,0,1,4503,1,5042,1,0,1,0,0,211427,1,325875,1,776,1,776,1,0,1,96,1,2268,1,97,1,0,1,2,1,0,1,0,1,1,1,8,1,24,1,0,1,0,1,208,1,16344,1,0,1,0,1,2426,1,891,1,8,1,8,1,0,1,86353,1,97,1,13613,1,1518,1,116908,1,891,1,1,1,32,1,32,1
443,1822600,4468,9545,28.988918,,0,11,8,96,30692,12936,29758,1791908,16,227,10,1,27104,1,30,1,256489,1,153415,1,112553,1,1232227,1,10080,1,111662,1,12184,4,302471,4,83295,4,235778,4,443601,8,602749,96,46873,36,2946,1,24679,1,2675,1,0,0,0,0,0,0,0,0,104177,1,32384,1,4359,1,6333,1,20721,1,201610,1,27545,1,3837,1,5451,1,30992,1,69378,1,16344,1,232,1,9545,1,4468,1,16576,1,9545,1,48,1,1240,1,1,1,0,1,4503,1,5042,1,0,1,0,0,211893,1,335049,1,776,1,776,1,0,1,96,1,2268,1,97,1,0,1,2,1,0,1,0,1,1,1,8,1,24,1,0,1,0,1,208,1,16344,1,1,1,1,1,1865,1,44583,1,8,1,8,1,0,1,93528,1,97,1,13217,1,1353,1,115225,1,13530,1,1,1,32,1,32,1
444,1806700,4469,9545,28.988918,,0,11,8,96,29852,8727,29858,1776848,16,227,20,1,27054,1,10,1,258253,1,147613,1,112403,1,1221365,1,10130,1,110119,1,11763,4,301940,4,83386,4,233955,4,440855,8,597788,96,47164,36,2956,1,25020,1,2645,1,0,0,0,0,0,0,0,0,98636,1,32254,1,4339,1,6122,1,20881,1,203364,1,27585,1,3337,1,5501,1,30971,1,68205,1,16337,1,240,1,9545,1,4469,1,16577,1,9545,1,48,1,1240,1,1,1,0,1,4503,1,5042,1,0,1,0,0,208938,1,316866,1,776,1,776,1,0,1,96,1,2268,1,97,1,0,1,2,1,0,1,0,1,1,1,8,1,24,1,0,1,0,1,216,1,16337,1,0,1,0,1,2228,1,5973,1,8,1,8,1,0,1,90261,1,97,1,13547,1,6435,1,116182,1,2128,1,1,1,32,1,32,1
445,1825500,4469,9545,28.988918,,0,11,8,96,30796,12766,30259,1794704,16,227,10,1,27094,1,30,1,258483,1,155549,1,112153,1,1231245,1,10140,1,110138,1,12004,4,303192,4,83466,4,235949,4,444633,8,602718,96,47605,36,3086,1,23356,1,2655,1,0,0,0,0,0,0,0,0,103536,1,35070,1,4359,1,6002,1,20781,1,203725,1,27675,1,3707,1,5551,1,30992,1,67795,1,16337,1,240,1,9545,1,4469,1,16577,1,9545,1,48,1,1240,1,1,1,0,1,4503,1,5042,1,0,1,0,0,210735,1,306834,1,776,1,776,1,0,1,96,1,2268,1,97,1,0,1,2,1,0,1,0,1,1,1,8,1,24,1,0,1,0,1,216,1,16337,1,1,1,1,1,1799,1,45276,1,8,1,8,1,0,1,88910,1,97,1,13943,1,2541,1,117337,1,15328,1,1,1,32,1,32,1
446,1807000,4468,9545,28.988918,,0,11,8,96,30813,8758,29758,1776187,16,227,60,1,27334,1,40,1,257521,1,147313,1,112053,1,1221826,1,10040,1,110349,1,11954,4,302601,4,83075,4,235828,4,439072,8,597898,96,47244,36,2986,1,24529,1,2675,1,0,0,0,0,0,0,0,0,97554,1,32795,1,4369,1,6002,1,20952,1,202312,1,27956,1,3537,1,5451,1,31162,1,68095,1,16340,1,236,1,9545,1,4468,1,16576,1,9545,1,48,1,1240,1,1,1,0,1,4503,1,5042,1,0,1,0,0,210588,1,307989,1,776,1,776,1,0,1,96,1,2268,1,97,1,0,1,2,1,0,1,0,1,1,1,8,1,24,1,0,1,0,1,212,1,16340,1,0,1,0,1,1700,1,528,1,8,1,8,1,0,1,84751,1,97,1,13514,1,5940,1,115209,1,528,1,1,1,32,1,32,1
447,1810600,4469,9545,28.988918,,0,11,8,96,29884,8467,29398,1780716,16,227,20,1,27014,1,30,1,257602,1,150860,1,111431,1,1223520,1,10240,1,110148,1,12144,4,303302,4,83586,4,237922,4,437659,8,599170,96,47013,36,3016,1,24629,1,2645,1,0,0,0,0,0,0,0,0,102423,1,31503,1,4359,1,5882,1,20651,1,202883,1,27935,1,3417,1,5511,1,31032,1,68185,1,16337,1,240,1,9545,1,4469,1,16577,1,9545,1,48,1,1240,1,1,1,0,1,4503,1,5042,1,0,1,0,0,208804,1,310728,1,776,1,776,1,0,1,96,1,2268,1,97,1,0,1,2,1,0,1,0,1,1,1,8,1,24,1,0,1,0,1,216,1,16337,1,0,1,0,1,1667,1,56859,1,8,1,8,1,0,1,84058,1,97,1,13481,1,1056,1,112090,1,15840,1,1,1,32,1,32,1
448,1857500,4468,9545,28.988918,,0,11,8,96,32095,8797,32993,1825405,16,227,10,1,27264,1,40,1,256489,1,152092,1,112904,1,1266545,1,10060,1,112634,1,12284,4,306889,4,85149,4,245598,4,463952,8,626106,96,50450,36,3046,1,25471,1,2725,1,0,0,0,0,0,0,0,0,102033,1,33016,1,4539,1,6012,1,21012,1,201540,1,27735,1,3287,1,5601,1,31042,1,70660,1,16339,1,236,1,9545,1,4468,1,16575,1,9545,1,48,1,1240,1,1,1,0,1,4502,1,5042,1,1,1,0,0,222716,1,332904,1,774,1,775,1,0,1,96,1,2268,1,97,1,0,1,2,1,0,1,0,1,1,1,8,1,24,1,0,1,0,1,212,1,16339,1,0,1,0,1,2063,1,18678,1,8,1,8,1,0,1,97999,1,97,1,12821,1,1155,1,122106,1,2722,1,1,1,32,1,32,1
449,1822900,4469,9545,28.988918,,0,11,8,96,30090,8718,30058,1792810,16,227,60,1,26753,1,40,1,259455,1,156240,1,112513,1,1227447,1,10300,1,111010,1,12424,4,302501,4,83496,4,236269,4,440845,8,599422,96,47634,36,3016,1,26463,1,2705,1,0,0,0,0,0,0,0,0,104217,1,34969,1,4359,1,7635,1,20771,1,203073,1,27635,1,3367,1,5511,1,30871,1,69147,1,16335,1,240,1,9545,1,4469,1,16575,1,9545,1,48,1,1240,1,1,1,0,1,4503,1,5042,1,0,1,0,0,204998,1,327657,1,776,1,776,1,0,1,96,1,2268,1,97,1,0,1,2,1,0,1,0,1,1,1,8,1,24,1,0,1,0,1,216,1,16335,1,0,1,0,1,2327,1,43791,1,8,1,8,1,0,1,83523,1,97,1,13481,1,462,1,114235,1,14553,1,1,1,32,1,32,1
450,1816500,4468,9545,28.988918,,0,11,8,96,30363,8637,29366,1786137,16,227,70,1,27344,1,60,1,259756,1,155709,1,111972,1,1221015,1,10210,1,108085,1,11934,4,301509,4,83576,4,236820,4,440485,8,601095,96,46843,36,2956,1,24308,1,2705,1,0,0,0,0,0,0,0,0,105039,1,33627,1,4349,1,7575,1,20932,1,203254,1,27675,1,3367,1,5481,1,31072,1,66211,1,16346,1,229,1,9545,1,4468,1,16575,1,9545,1,48,1,1240,1,1,1,0,1,4502,1,5042,1,1,1,0,0,212436,1,334983,1,776,1,776,1,0,1,96,1,2232,1,97,1,0,1,2,1,0,1,0,1,1,1,8,1,28,1,0,1,0,1,201,1,16346,1,0,1,0,1,2459,1,47058,1,8,1,8,1,0,1,89121,1,97,1,13613,1,6237,1,116727,1,14206,1,1,1,32,1,32,1
451,1827200,4468,9545,28.988918,,0,11,8,96,30853,12655,30029,1796347,16,227,50,1,27184,1,30,1,261549,1,155138,1,112503,1,1229712,1,10180,1,112012,1,11974,4,303102,4,83616,4,233043,4,441867,8,597928,96,46953,36,3086,1,25681,1,2675,1,0,0,0,0,0,0,0,0,104397,1,33687,1,4419,1,7886,1,20801,1,204616,1,27996,1,3828,1,5501,1,31162,1,69478,1,16345,1,229,1,9545,1,4468,1,16574,1,9545,1,48,1,1240,1,1,1,0,1,4502,1,5042,1,1,1,0,0,205293,1,303468,1,776,1,776,1,0,1,96,1,2232,1,97,1,0,1,2,1,0,1,0,1,1,1,8,1,28,1,0,1,0,1,201,1,16345,1,1,1,0,1,1931,1,45672,1,8,1,8,1,0,1,84905,1,97,1,13580,1,2310,1,115572,1,16599,1,1,1,32,1,32,1
452,1897100,4469,9545,28.988918,,0,11,8,96,32688,9268,32192,1864412,16,227,80,1,31132,1,60,1,286218,1,158104,1,137503,1,1240473,1,10842,1,114848,1,12004,4,303853,4,79748,4,242612,4,446276,8,602729,96,53967,36,3046,1,26082,1,2735,1,0,0,0,0,0,0,0,0,105790,1,33326,1,5000,1,7886,1,23206,1,220227,1,34338,1,4198,1,6252,1,31012,1,71101,1,16338,1,237,1,9545,1,4469,1,16575,1,9545,1,48,1,1240,1,1,1,0,1,4503,1,5042,1,0,1,0,0,205016,1,329274,1,776,1,776,1,0,1,96,1,2232,1,97,1,0,1,2,1,0,1,0,1,1,1,8,1,28,1,0,1,0,1,209,1,16338,1,0,1,0,1,5230,1,61347,1,8,1,8,1,0,1,90626,1,97,1,13348,1,396,1,111221,1,17424,1,1,1,32,1,32,1
453,1861300,4470,9545,28.988918,,0,11,8,96,30254,8868,30570,1831046,16,227,70,1,30841,1,40,1,269886,1,149938,1,134016,1,1236105,1,10150,1,118626,1,12164,4,302661,4,83566,4,236109,4,442318,8,600563,96,47294,36,2966,1,26152,1,2675,1,0,0,0,0,0,0,0,0,98956,1,32865,1,4950,1,7084,1,22495,1,205769,1,34298,1,4299,1,6282,1,31082,1,74528,1,16335,1,241,1,9545,1,4470,1,16576,1,9545,1,48,1,1240,1,1,1,0,1,4502,1,5042,1,1,1,0,0,211608,1,367290,1,776,1,776,1,0,1,96,1,2232,1,97,1,0,1,2,1,0,1,0,1,1,1,8,1,28,1,0,1,0,1,213,1,16335,1,0,1,0,1,2756,1,27027,1,8,1,8,1,0,1,98280,1,97,1,13266,1,3894,1,116215,1,1204,1,1,1,32,1,32,1
454,1813700,4469,9545,28.988918,,0,11,8,96,30359,8517,29298,1783341,16,227,70,1,26913,1,40,1,258974,1,152152,1,112273,1,1222838,1,10080,1,111121,1,11974,4,301078,4,83456,4,235528,4,440575,8,600062,96,46743,36,2956,1,24950,1,2685,1,0,0,0,0,0,0,0,0,101201,1,34328,1,4359,1,6643,1,20811,1,203725,1,27555,1,3567,1,5481,1,30831,1,69157,1,16338,1,237,1,9545,1,4469,1,16575,1,9545,1,48,1,1240,1,1,1,0,1,4502,1,5042,1,1,1,0,0,209946,1,337656,1,776,1,776,1,0,1,96,1,2232,1,97,1,0,1,2,1,0,1,0,1,1,1,8,1,28,1,0,1,0,1,209,1,16338,1,0,1,0,1,1997,1,31020,1,8,1,8,1,0,1,96647,1,97,1,13613,1,5775,1,115935,1,1402,1,1,1,32,1,32,1
455,1808900,4469,9545,28.988918,,0,11,8,96,30529,12665,29648,1778371,16,227,30,1,26913,1,40,1,259265,1,146982,1,112133,1,1222948,1,10060,1,112113,1,11924,4,301188,4,83305,4,233474,4,437509,8,594662,96,46673,36,2996,1,25140,1,2635,1,0,0,0,0,0,0,0,0,98095,1,32294,1,4359,1,6553,1,21082,1,203324,1,28036,1,3818,1,5521,1,30961,1,69799,1,16338,1,237,1,9545,1,4469,1,16575,1,9545,1,48,1,1240,1,1,1,0,1,4503,1,5042,1,0,1,0,0,199219,1,319242,1,776,1,776,1,0,1,96,1,2232,1,97,1,0,1,2,1,0,1,0,1,1,1,8,1,28,1,0,1,0,1,209,1,16338,1,1,1,1,1,2327,1,759,1,8,1,8,1,0,1,85542,1,97,1,13646,1,5577,1,112651,1,759,1,1,1,32,1,32,1
456,1812600,4469,9545,28.988918,,0,11,8,96,31764,12625,29769,1780836,16,227,40,1,27364,1,30,1,257702,1,147924,1,112203,1,1225493,1,10080,1,110780,1,11803,4,301098,4,85199,4,233654,4,439743,8,596685,96,46943,36,3026,1,24869,1,2695,1,0,0,0,0,0,0,0,0,97454,1,33967,1,4339,1,6563,1,20881,1,202602,1,27434,1,3868,1,5401,1,30871,1,68586,1,16338,1,237,1,9545,1,4469,1,16575,1,9545,1,48,1,1240,1,1,1,0,1,4502,1,5042,1,1,1,0,0,203197,1,329010,1,776,1,776,1,0,1,96,1,2232,1,97,1,0,1,2,1,0,1,0,1,1,1,8,1,28,1,0,1,0,1,209,1,16338,1,1,1,1,1,2228,1,19107,1,8,1,8,1,0,1,86664,1,97,1,12491,1,429,1,109170,1,2623,1,1,1,32,1,32,1
457,1816300,4469,9545,28.988918,,0,11,8,96,30875,12675,29268,1785425,16,227,40,1,27004,1,100,1,256930,1,154296,1,112724,1,1224221,1,10110,1,109217,1,11653,4,301789,4,83095,4,236800,4,438581,8,598950,96,47164,36,3026,1,24739,1,2645,1,0,0,0,0,0,0,0,0,104327,1,33106,1,4389,1,6483,1,20761,1,201911,1,27485,1,3778,1,5461,1,30871,1,67073,1,16338,1,237,1,9545,1,4469,1,16575,1,9545,1,48,1,1240,1,1,1,0,1,4503,1,5042,1,0,1,0,0,211976,1,351318,1,776,1,776,1,0,1,96,1,2232,1,97,1,0,1,2,1,0,1,0,1,1,1,8,1,28,1,0,1,0,1,209,1,16338,1,1,1,1,1,2261,1,46530,1,8,1,8,1,0,1,97865,1,97,1,13514,1,363,1,116463,1,15889,1,1,1,32,1,32,1
458,1807000,4469,9545,28.988918,,0,11,8,96,31304,12795,29277,1775696,16,227,30,1,26853,1,40,1,256750,1,147783,1,113014,1,1220934,1,10290,1,108435,1,11633,4,301288,4,83085,4,231820,4,441206,8,597147,96,46603,36,3016,1,24960,1,2695,1,0,0,0,0,0,0,0,0,98346,1,32555,1,4339,1,6282,1,20851,1,201580,1,27725,1,3978,1,5501,1,31032,1,65901,1,16338,1,237,1,9545,1,4469,1,16575,1,9545,1,48,1,1240,1,1,1,0,1,4502,1,5042,1,1,1,0,0,210589,1,332541,1,776,1,776,1,0,1,96,1,2232,1,97,1,0,1,2,1,0,1,0,1,1,1,8,1,28,1,0,1,0,1,209,1,16338,1,1,1,1,1,1865,1,3762,1,8,1,8,1,0,1,89402,1,97,1,13349,1,396,1,115027,1,1237,1,1,1,32,1,32,1
459,1807200,4469,9545,28.988918,,0,11,8,96,30252,11093,29567,1776948,16,227,10,1,26863,1,40,1,254926,1,149076,1,112263,1,1223610,1,10160,1,110379,1,12004,4,301328,4,83145,4,233103,4,442429,8,599161,96,46803,36,2976,1,24489,1,2665,1,0,0,0,0,0,0,0,0,99177,1,33176,1,4349,1,6333,1,20891,1,199636,1,27765,1,3557,1,5170,1,31052,1,68506,1,16339,1,237,1,9545,1,4469,1,16576,1,9545,1,48,1,1240,1,1,1,0,1,4502,1,5042,1,1,1,0,0,211113,1,367653,1,776,1,776,1,0,1,96,1,2232,1,97,1,0,1,2,1,0,1,0,1,1,1,8,1,28,1,0,1,0,1,209,1,16339,1,1,1,0,1,2228,1,28644,1,8,1,8,1,0,1,92569,1,97,1,13019,1,1947,1,115588,1,2392,1,1,1,32,1,32,1
460,1809000,4469,9545,28.988918,,0,11,8,96,31831,12715,29657,1777169,16,227,20,1,27344,1,40,1,255738,1,149878,1,111642,1,1222437,1,10070,1,110189,1,11984,4,301639,4,83576,4,234676,4,437118,8,595093,96,47043,36,3016,1,24839,1,2685,1,0,0,0,0,0,0,0,0,101261,1,31673,1,4409,1,6272,1,21362,1,200117,1,27675,1,3868,1,5431,1,30982,1,67975,1,16339,1,237,1,9545,1,4469,1,16576,1,9545,1,48,1,1240,1,1,1,0,1,4502,1,5042,1,1,1,0,0,209036,1,335346,1,776,1,776,1,0,1,96,1,2232,1,97,1,0,1,2,1,0,1,0,1,1,1,8,1,28,1,0,1,0,1,209,1,16339,1,1,1,1,1,2129,1,13101,1,8,1,8,1,0,1,85228,1,97,1,14339,1,429,1,116529,1,1336,1,1,1,32,1,32,1
461,1879200,4469,9545,28.988918,,0,11,8,96,33044,11673,29888,1846156,16,227,60,1,31142,1,60,1,284264,1,152473,1,135730,1,1230724,1,11703,1,114207,1,12014,4,304635,4,84628,4,232722,4,438611,8,593941,96,47504,36,3056,1,26443,1,2735,1,0,0,0,0,0,0,0,0,99908,1,34258,1,4980,1,7595,1,22815,1,220007,1,33406,1,4268,1,6012,1,30831,1,70951,1,16339,1,237,1,9545,1,4469,1,16576,1,9545,1,48,1,1240,1,1,1,0,1,4502,1,5042,1,1,1,0,0,205896,1,327195,1,776,1,776,1,0,1,96,1,2232,1,97,1,0,1,2,1,0,1,0,1,1,1,8,1,28,1,0,1,0,1,209,1,16339,1,1,1,0,1,5214,1,21219,1,8,1,8,1,0,1,91833,1,97,1,12804,1,429,1,111458,1,3217,1,1,1,32,1,32,1
462,1853100,4469,9545,28.988922,,0,11,8,96,30411,12615,29858,1822689,16,227,90,1,31052,1,40,1,267351,1,155639,1,133114,1,1225153,1,10250,1,116842,1,12244,4,300737,4,82824,4,234075,4,437239,8,594221,96,47234,36,3066,1,22825,1,2685,1,0,0,0,0,0,0,0,0,105009,1,32575,1,5030,1,7535,1,22394,1,203133,1,33967,1,4629,1,6092,1,30831,1,72895,1,16340,1,237,1,9545,1,4469,1,16577,1,9545,1,48,1,1240,1,1,1,0,1,4501,1,5042,1,2,1,0,0,210142,1,348711,1,776,1,776,1,0,1,96,1,2232,1,97,1,0,1,2,1,0,1,0,1,1,1,8,1,28,1,0,1,0,1,209,1,16340,1,1,1,0,1,2492,1,49731,1,8,1,8,1,0,1,95903,1,97,1,13860,1,462,1,115786,1,15757,1,1,1,32,1,32,1
463,1933000,4468,9545,28.988922,,0,11,8,96,32216,8928,31020,1900784,16,227,20,1,27134,1,30,1,259054,1,156290,1,134707,1,1313298,1,10250,1,115780,1,12575,4,373582,4,90540,4,236810,4,444743,8,603520,96,47013,36,3046,1,24599,1,2695,1,0,0,0,0,0,0,0,0,103956,1,33927,1,4960,1,7345,1,20992,1,202502,1,27895,1,4168,1,6292,1,30691,1,72414,1,16343,1,233,1,9545,1,4468,1,16576,1,9545,1,48,1,1240,1,1,1,0,1,4503,1,5042,1,0,1,0,0,219070,1,343596,1,776,1,776,1,0,1,96,1,2232,1,97,1,0,1,2,1,0,1,0,1,1,1,8,1,28,1,0,1,0,1,205,1,16343,1,0,1,0,1,1964,1,44088,1,8,1,8,1,0,1,86336,1,97,1,14042,1,6798,1,119003,1,14470,1,1,1,32,1,32,1
464,1893900,4469,9545,28.988922,,0,11,8,96,33666,9218,30380,1860234,16,227,80,1,31362,1,30,1,280677,1,160008,1,135579,1,1241445,1,11052,1,115099,1,12154,4,314284,4,83666,4,234756,4,440435,8,597657,96,47154,36,3036,1,26032,1,2765,1,0,0,0,0,0,0,0,0,108696,1,32434,1,4980,1,7655,1,23216,1,217001,1,32424,1,4098,1,6272,1,30711,1,71752,1,16341,1,237,1,9545,1,4469,1,16578,1,9545,1,48,1,1240,1,1,1,0,1,4503,1,5042,1,0,1,0,0,204956,1,319935,1,776,1,776,1,0,1,96,1,2232,1,97,1,0,1,2,1,0,1,0,1,1,1,8,1,28,1,0,1,0,1,209,1,16341,1,0,1,0,1,4125,1,48114,1,8,1,8,1,0,1,89898,1,97,1,12672,1,429,1,109940,1,15790,1,1,1,32,1,32,1
465,1871900,4469,9545,28.988922,,0,11,8,96,32467,12966,30268,1839433,16,227,30,1,30751,1,30,1,278403,1,152503,1,124257,1,1243249,1,10210,1,112584,1,11944,4,311348,4,83155,4,235528,4,443821,8,602037,96,47043,36,3016,1,26212,1,2675,1,0,0,0,0,0,0,0,0,102604,1,32595,1,4579,1,6623,1,22264,1,217843,1,31292,1,4098,1,6062,1,30090,1,70089,1,16341,1,237,1,9545,1,4469,1,16578,1,9545,1,48,1,1240,1,1,1,0,1,4502,1,5042,1,1,1,0,0,213774,1,340824,1,776,1,776,1,0,1,96,1,2232,1,97,1,0,1,2,1,0,1,0,1,1,1,8,1,28,1,0,1,0,1,209,1,16341,1,1,1,1,1,13415,1,924,1,8,1,8,1,0,1,89915,1,97,1,13365,1,6501,1,115819,1,924,1,1,1,32,1,32,1
466,1818200,4469,9545,28.988922,,0,11,8,96,33687,12695,29887,1784513,16,227,70,1,26863,1,20,1,259666,1,145559,1,112223,1,1230042,1,10070,1,110600,1,11994,4,301519,4,83576,4,235949,4,441707,8,600905,96,46863,36,3056,1,26272,1,2675,1,0,0,0,0,0,0,0,0,98215,1,30611,1,4349,1,6282,1,21433,1,203394,1,27685,1,3988,1,5421,1,30901,1,68256,1,16341,1,237,1,9545,1,4469,1,16578,1,9545,1,48,1,1240,1,1,1,0,1,4503,1,5042,1,0,1,0,0,211426,1,326997,1,776,1,776,1,0,1,96,1,2232,1,97,1,0,1,2,1,0,1,0,1,1,1,8,1,28,1,0,1,0,1,209,1,16341,1,1,1,1,1,2261,1,495,1,8,1,8,1,0,1,98036,1,97,1,13580,1,396,1,115126,1,495,1,1,1,32,1,32,1
467,1892800,4469,9545,28.988922,,0,11,8,96,32957,10731,30981,1859843,16,227,110,1,30871,1,40,1,285357,1,153465,1,134277,1,1245623,1,10100,1,113966,1,12214,4,318683,4,78877,4,236540,4,444172,8,600564,96,49167,36,3066,1,24729,1,2645,1,0,0,0,0,0,0,0,0,101041,1,33717,1,4930,1,6783,1,23036,1,221740,1,33196,1,4178,1,6072,1,30741,1,70400,1,16340,1,237,1,9545,1,4469,1,16577,1,9545,1,48,1,1240,1,1,1,0,1,4502,1,5042,1,1,1,0,0,205663,1,321156,1,776,1,776,1,0,1,96,1,2232,1,97,1,0,1,2,1,0,1,0,1,1,1,8,1,28,1,0,1,0,1,209,1,16340,1,1,1,0,1,3003,1,19041,1,8,1,8,1,0,1,96531,1,97,1,12870,1,2376,1,110204,1,2079,1,1,1,32,1,32,1
468,1943700,4469,9545,28.988922,,0,11,8,96,32450,13247,30759,1911250,16,227,110,1,30741,1,40,1,282311,1,153034,1,127203,1,1307681,1,10130,1,112323,1,12385,4,347941,4,83566,4,259149,4,441918,8,623054,96,47254,36,4449,1,29278,1,3427,1,0,0,0,0,0,0,0,0,102023,1,33266,1,4649,1,6643,1,22545,1,220358,1,32244,1,4098,1,5902,1,30881,1,69177,1,16340,1,237,1,9545,1,4469,1,16577,1,9545,1,48,1,1240,1,1,1,0,1,4503,1,5042,1,0,1,0,0,211973,1,396280,1,776,1,776,1,0,1,96,1,2232,1,97,1,0,1,2,1,0,1,0,1,1,1,8,1,28,1,0,1,0,1,209,1,16340,1,1,1,1,1,2425,1,30624,1,8,1,8,1,0,1,102532,1,97,1,13711,1,5478,1,117581,1,2421,1,1,1,32,1,32,1
469,1818500,4469,9545,28.988922,,0,11,8,96,30059,12665,29618,1788441,16,227,170,1,27114,1,40,1,265758,1,147363,1,113455,1,1224411,1,10130,1,111962,1,11994,4,300657,4,83376,4,233554,4,440024,8,597327,96,46633,36,3016,1,24469,1,2695,1,0,0,0,0,0,0,0,0,98265,1,32244,1,4429,1,6673,1,22645,1,208153,1,27895,1,4128,1,5431,1,31172,1,69127,1,16340,1,237,1,9545,1,4469,1,16577,1,9545,1,48,1,1240,1,1,1,0,1,4502,1,5042,1,1,1,0,0,212287,1,346170,1,776,1,776,1,0,1,96,1,2232,1,97,1,0,1,2,1,0,1,0,1,1,1,8,1,28,1,0,1,0,1,209,1,16340,1,1,1,1,1,2525,1,1188,1,8,1,8,1,0,1,89663,1,97,1,13349,1,5610,1,114862,1,808,1,1,1,32,1,32,1
470,1809700,4467,9545,28.988922,,0,11,8,96,30728,8657,29398,1778972,16,227,70,1,27164,1,40,1,262281,1,150779,1,111902,1,1216666,1,10070,1,110880,1,11673,4,300396,4,83015,4,232311,4,439012,8,595623,96,46302,36,2996,1,25050,1,2675,1,0,0,0,0,0,0,0,0,99057,1,34779,1,4329,1,7325,1,21062,1,205999,1,27605,1,3818,1,5481,1,30992,1,68536,1,16337,1,237,1,9545,1,4467,1,16574,1,9545,1,48,1,1240,1,1,1,0,1,4501,1,5042,1,2,1,0,0,209826,1,292578,1,776,1,776,1,0,1,96,1,2232,1,97,1,0,1,2,1,0,1,0,1,1,1,8,1,28,1,0,1,0,1,209,1,16337,1,0,1,0,1,2129,1,759,1,8,1,8,1,0,1,83367,1,97,1,13646,1,2475,1,114714,1,759,1,1,1,32,1,32,1
471,1816000,4468,9545,28.988922,,0,11,8,96,30925,8687,29808,1785075,16,227,50,1,26853,1,30,1,259084,1,153926,1,112644,1,1222197,1,10290,1,110189,1,12234,4,300988,4,83857,4,236780,4,437769,8,597598,96,47144,36,3066,1,25952,1,2675,1,0,0,0,0,0,0,0,0,103897,1,33086,1,4339,1,7274,1,20621,1,203093,1,27825,1,3287,1,5411,1,31112,1,68376,1,16335,1,241,1,9545,1,4468,1,16576,1,9545,1,48,1,1240,1,1,1,0,1,4503,1,5042,1,0,1,0,0,207917,1,336468,1,776,1,776,1,0,1,96,1,2232,1,97,1,0,1,2,1,0,1,0,1,1,1,8,1,28,1,0,1,0,1,213,1,16335,1,0,1,0,1,2327,1,43593,1,8,1,8,1,0,1,91069,1,97,1,13349,1,396,1,116743,1,12028,1,1,1,32,1,32,1
472,1822100,4467,9545,28.988922,,0,11,8,96,31404,8677,29959,1790696,16,227,70,1,27424,1,30,1,261910,1,155479,1,112834,1,1222688,1,10260,1,110940,1,12084,4,300847,4,83386,4,235377,4,439774,8,598209,96,46983,36,2976,1,25952,1,2675,1,0,0,0,0,0,0,0,0,104377,1,34018,1,4369,1,7805,1,21032,1,205077,1,27715,1,3918,1,5481,1,31022,1,68536,1,16344,1,233,1,9545,1,4467,1,16577,1,9545,1,48,1,1240,1,1,1,0,1,4502,1,5042,1,1,1,0,0,199516,1,339504,1,776,1,776,1,0,1,96,1,2232,1,97,1,0,1,2,1,0,1,0,1,1,1,8,1,28,1,0,1,0,1,205,1,16344,1,0,1,0,1,1997,1,44517,1,8,1,8,1,0,1,87674,1,97,1,12722,1,6831,1,109087,1,13249,1,1,1,32,1,32,1
473,1877200,4467,9545,28.988922,,0,11,8,96,59691,13236,30289,1817509,16,227,10,1,27234,1,40,1,261159,1,150248,1,118896,1,1249591,1,10331,1,122052,1,11833,4,302280,4,84087,4,240528,4,444473,8,608099,96,46613,36,3046,1,25350,1,2705,1,0,0,0,0,0,0,0,0,99407,1,34108,1,4369,1,7114,1,21182,1,204897,1,27725,1,3988,1,5160,1,30290,1,80410,1,16344,1,233,1,9545,1,4467,1,16577,1,9545,1,48,1,1240,1,1,1,0,1,4502,1,5042,1,1,1,0,0,218594,1,391710,1,776,1,776,1,0,1,96,1,2232,1,97,1,0,1,2,1,0,1,0,1,1,1,8,1,28,1,0,1,0,1,205,1,16344,1,1,1,1,1,1799,1,23562,1,8,1,8,1,0,1,105415,1,97,1,13596,1,3135,1,118772,1,2458,1,1,1,32,1,32,1
474,1818900,4467,9545,28.988922,,0,11,8,96,31300,11884,29996,1787600,16,227,60,1,27074,1,30,1,261359,1,147663,1,113726,1,1226966,1,10721,1,113245,1,11974,4,300867,4,83526,4,236289,4,436767,8,596157,96,46903,36,2996,1,26713,1,2705,1,0,0,0,0,0,0,0,0,98335,1,32454,1,4379,1,6924,1,22004,1,203935,1,28196,1,4118,1,5371,1,31022,1,70620,1,16344,1,233,1,9545,1,4467,1,16577,1,9545,1,48,1,1240,1,1,1,0,1,4503,1,5042,1,0,1,0,0,209549,1,329901,1,776,1,776,1,0,1,96,1,2232,1,97,1,0,1,2,1,0,1,0,1,1,1,8,1,28,1,0,1,0,1,205,1,16344,1,1,1,1,1,2525,1,1155,1,8,1,8,1,0,1,89201,1,97,1,13184,1,891,1,115671,1,676,1,1,1,32,1,32,1
475,1822400,4467,9545,28.988922,,0,11,8,96,30672,12695,30039,1791728,16,227,70,1,27034,1,40,1,260006,1,155188,1,112714,1,1226365,1,10310,1,112463,1,12004,4,302150,4,84027,4,235888,4,436467,8,595454,96,46863,36,2976,1,25020,1,2675,1,0,0,0,0,0,0,0,0,103846,1,34128,1,4389,1,6693,1,21312,1,203845,1,27885,1,3757,1,5531,1,31092,1,70029,1,16344,1,233,1,9545,1,4467,1,16577,1,9545,1,48,1,1240,1,1,1,0,1,4502,1,5042,1,1,1,0,0,208163,1,306636,1,776,1,776,1,0,1,96,1,2232,1,97,1,0,1,2,1,0,1,0,1,1,1,8,1,28,1,0,1,0,1,205,1,16344,1,1,1,1,1,2657,1,44847,1,8,1,8,1,0,1,86647,1,97,1,13184,1,858,1,116248,1,13447,1,1,1,32,1,32,1
476,1822900,4467,9545,28.988922,,0,11,8,96,30401,12826,30259,1792499,16,227,10,1,27004,1,40,1,257271,1,155990,1,112804,1,1229261,1,10120,1,113575,1,12104,4,301769,4,83656,4,233774,4,441356,8,598028,96,46843,36,2996,1,24539,1,2665,1,0,0,0,0,0,0,0,0,105309,1,33667,1,4339,1,6483,1,21002,1,201741,1,27785,1,3818,1,5561,1,30951,1,71221,1,16344,1,233,1,9545,1,4467,1,16577,1,9545,1,48,1,1240,1,1,1,0,1,4503,1,5042,1,0,1,0,0,208559,1,315018,1,776,1,776,1,0,1,96,1,2232,1,97,1,0,1,2,1,0,1,0,1,1,1,8,1,28,1,0,1,0,1,205,1,16344,1,1,1,1,1,2063,1,48708,1,8,1,8,1,0,1,86809,1,97,1,13877,1,3102,1,116265,1,14421,1,1,1,32,1,32,1
477,1814400,4467,9545,28.988922,,0,11,8,96,30097,12866,29908,1784303,16,227,20,1,26412,1,40,1,259094,1,149507,1,114167,1,1225043,1,10020,1,112604,1,11934,4,300577,4,83195,4,238614,4,435094,8,597047,96,46753,36,2966,1,24519,1,2675,1,0,0,0,0,0,0,0,0,98306,1,34488,1,4359,1,6553,1,20962,1,202993,1,28326,1,3798,1,5561,1,31162,1,70099,1,16344,1,233,1,9545,1,4467,1,16577,1,9545,1,48,1,1240,1,1,1,0,1,4503,1,5042,1,0,1,0,0,206200,1,325512,1,776,1,776,1,0,1,96,1,2232,1,97,1,0,1,2,1,0,1,0,1,1,1,8,1,28,1,0,1,0,1,205,1,16344,1,1,1,1,1,1865,1,25674,1,8,1,8,1,0,1,80874,1,97,1,12491,1,7227,1,108460,1,2590,1,1,1,32,1,32,1
478,1835800,4467,9545,28.988922,,0,11,8,96,29984,12665,30387,1805816,16,227,10,1,27274,1,30,1,257471,1,151701,1,111832,1,1247307,1,10190,1,114838,1,12284,4,300687,4,82724,4,243093,4,451507,8,617339,96,46873,36,2926,1,23907,1,2675,1,0,0,0,0,0,0,0,0,101752,1,33186,1,4399,1,6503,1,21092,1,201821,1,27775,1,3857,1,5461,1,30911,1,72584,1,16344,1,233,1,9545,1,4467,1,16577,1,9545,1,48,1,1240,1,1,1,0,1,4501,1,5042,1,2,1,0,0,202474,1,369798,1,776,1,776,1,0,1,96,1,2232,1,97,1,0,1,2,1,0,1,0,1,1,1,8,1,28,1,0,1,0,1,205,1,16344,1,1,1,1,1,2591,1,26697,1,8,1,8,1,0,1,93458,1,97,1,14141,1,3333,1,109219,1,2557,1,1,1,32,1,32,1
479,1825700,4467,9545,28.988922,,0,11,8,96,30766,10351,29928,1794934,16,227,10,1,26863,1,40,1,257872,1,157813,1,111431,1,1230714,1,10190,1,111491,1,11973,4,302621,4,83927,4,235237,4,444553,8,603129,96,46733,36,2996,1,24879,1,2685,1,0,0,0,0,0,0,0,0,105450,1,35330,1,4399,1,6333,1,21092,1,202432,1,27725,1,3737,1,5130,1,30961,1,69668,1,16343,1,233,1,9545,1,4467,1,16576,1,9545,1,48,1,1240,1,1,1,0,1,4503,1,5042,1,0,1,0,0,209664,1,336534,1,776,1,776,1,0,1,96,1,2232,1,97,1,0,1,2,1,0,1,0,1,1,1,8,1,28,1,0,1,0,1,205,1,16343,1,1,1,0,1,1898,1,47553,1,8,1,8,1,0,1,99945,1,97,1,13679,1,5841,1,115951,1,17110,1,1,1,32,1,32,1
480,1813200,4468,9545,28.988922,,0,11,8,96,30580,8577,30921,1782620,16,227,10,1,27254,1,50,1,258133,1,152272,1,112904,1,1221916,1,10080,1,112333,1,12314,4,302601,4,83235,4,234195,4,437849,8,594541,96,46582,36,3016,1,25070,1,2725,1,0,0,0,0,0,0,0,0,100359,1,35060,1,4369,1,6272,1,20621,1,203224,1,27765,1,3788,1,5741,1,31082,1,69678,1,16348,1,229,1,9545,1,4468,1,16577,1,9545,1,48,1,1240,1,1,1,0,1,4503,1,5042,1,0,1,0,0,205191,1,290994,1,776,1,776,1,0,1,96,1,2244,1,97,1,0,1,2,1,0,1,0,1,1,1,8,1,28,1,0,1,0,1,201,1,16348,1,0,1,0,1,4043,1,28347,1,8,1,8,1,0,1,81615,1,97,1,13613,1,3300,1,110605,1,2227,1,1,1,32,1,32,1
481,1948100,4468,9545,28.988922,,0,11,8,96,31048,13076,33094,1917052,16,227,40,1,26843,1,30,1,258012,1,156882,1,111421,1,1353603,1,10220,1,108946,1,12555,4,337119,4,84307,4,270462,4,487178,8,674737,96,49809,36,4539,1,31984,1,3437,1,0,0,0,0,0,0,0,0,105720,1,34158,1,4339,1,6272,1,21192,1,202672,1,27595,1,3767,1,5521,1,30961,1,66682,1,16348,1,229,1,9545,1,4468,1,16577,1,9545,1,48,1,1240,1,1,1,0,1,4503,1,5042,1,0,1,0,0,210735,1,420635,1,775,1,775,1,0,1,96,1,2244,1,97,1,0,1,2,1,0,1,0,1,1,1,8,1,28,1,0,1,0,1,201,1,16348,1,1,1,1,1,1865,1,47916,1,8,1,8,1,0,1,110370,1,97,1,12920,1,1188,1,115633,1,15510,1,1,1,32,1,32,1
482,1883800,4468,9545,28.988922,,0,11,8,96,30901,13176,29949,1852899,16,227,50,1,30901,1,30,1,262451,1,152623,1,127082,1,1269481,1,10280,1,118656,1,12395,4,335596,4,83305,4,237191,4,435164,8,595643,96,46763,36,3016,1,28286,1,2695,1,0,0,0,0,0,0,0,0,100269,1,35120,1,4579,1,6443,1,21493,1,204777,1,29278,1,4299,1,5922,1,30691,1,75049,1,16348,1,229,1,9545,1,4468,1,16577,1,9545,1,48,1,1240,1,1,1,0,1,4502,1,5042,1,1,1,0,0,209930,1,334917,1,776,1,776,1,0,1,96,1,2244,1,97,1,0,1,2,1,0,1,0,1,1,1,8,1,28,1,0,1,0,1,201,1,16348,1,1,1,1,1,2525,1,26631,1,8,1,8,1,0,1,91549,1,97,1,14141,1,5808,1,117486,1,2887,1,1,1,32,1,32,1
483,1830200,4468,9545,28.988922,,0,11,8,96,31729,9739,30208,1798471,16,227,40,1,27134,1,40,1,261068,1,155709,1,113385,1,1230934,1,10160,1,110439,1,12154,4,302661,4,84007,4,234486,4,445795,8,603110,96,46963,36,2996,1,26002,1,2655,1,0,0,0,0,0,0,0,0,104247,1,34549,1,4389,1,6242,1,21042,1,205879,1,27585,1,3507,1,5240,1,31412,1,68215,1,16349,1,229,1,9545,1,4468,1,16578,1,9545,1,48,1,1240,1,1,1,0,1,4503,1,5042,1,0,1,0,0,211645,1,349998,1,776,1,776,1,0,1,96,1,2232,1,97,1,0,1,2,1,0,1,0,1,1,1,8,1,28,1,0,1,0,1,201,1,16349,1,1,1,0,1,1799,1,46629,1,8,1,8,1,0,1,94407,1,97,1,13778,1,429,1,116611,1,12952,1,1,1,32,1,32,1
484,1814500,4469,9545,28.988922,,0,11,8,96,30087,8648,29648,1784413,16,227,70,1,26984,1,40,1,258153,1,149507,1,112183,1,1227187,1,10290,1,112082,1,12044,4,303182,4,83466,4,237391,4,439904,8,600463,96,47184,36,2976,1,24779,1,2715,1,0,0,0,0,0,0,0,0,99948,1,32845,1,4359,1,6222,1,21152,1,202823,1,27685,1,3477,1,5601,1,31102,1,69839,1,16342,1,237,1,9545,1,4469,1,16579,1,9545,1,48,1,1240,1,1,1,0,1,4503,1,5042,1,0,1,0,0,211362,1,304557,1,776,1,776,1,0,1,96,1,2232,1,97,1,0,1,2,1,0,1,0,1,1,1,8,1,28,1,0,1,0,1,209,1,16342,1,0,1,0,1,2657,1,30492,1,8,1,8,1,0,1,88298,1,97,1,13580,1,3828,1,116380,1,1155,1,1,1,32,1,32,1
485,1833000,4469,9545,28.988922,,0,11,8,96,30852,12965,29989,1802148,16,227,60,1,27134,1,40,1,260718,1,155399,1,112654,1,1235954,1,10190,1,113636,1,12004,4,302911,4,83616,4,236810,4,442780,8,602236,96,47364,36,2986,1,25591,1,2655,1,0,0,0,0,0,0,0,0,104748,1,33777,1,4359,1,6222,1,21212,1,205238,1,27785,1,3838,1,5541,1,31092,1,71111,1,16342,1,237,1,9545,1,4469,1,16579,1,9545,1,48,1,1240,1,1,1,0,1,4503,1,5042,1,0,1,0,0,209170,1,317493,1,776,1,776,1,0,1,96,1,2232,1,97,1,0,1,2,1,0,1,0,1,1,1,8,1,28,1,0,1,0,1,209,1,16342,1,1,1,1,1,2261,1,44154,1,8,1,8,1,0,1,90488,1,97,1,13844,1,5841,1,116232,1,14536,1,1,1,32,1,32,1
486,1819000,4469,9545,28.988922,,0,11,8,96,30048,12805,30048,1788952,16,227,100,1,27254,1,30,1,259185,1,147383,1,112523,1,1231956,1,10521,1,110770,1,11773,4,302942,4,84217,4,236910,4,442158,8,601997,96,47023,36,2976,1,24669,1,2735,1,0,0,0,0,0,0,0,0,98295,1,32334,1,4369,1,6062,1,21052,1,203694,1,28066,1,3868,1,5521,1,30861,1,68526,1,16342,1,237,1,9545,1,4469,1,16579,1,9545,1,48,1,1240,1,1,1,0,1,4502,1,5042,1,1,1,0,0,208015,1,334488,1,776,1,776,1,0,1,96,1,2232,1,97,1,0,1,2,1,0,1,0,1,1,1,8,1,28,1,0,1,0,1,209,1,16342,1,1,1,1,1,1931,1,2541,1,8,1,8,1,0,1,98595,1,97,1,14141,1,6237,1,116413,1,742,1,1,1,32,1,32,1
487,1809700,4469,9545,28.988922,,0,11,8,96,30427,12866,29748,1779273,16,227,30,1,26954,1,30,1,259074,1,151310,1,112844,1,1218970,1,10060,1,111020,1,11823,4,301709,4,83546,4,232301,4,437258,8,592808,96,47003,36,3026,1,22765,1,2655,1,0,0,0,0,0,0,0,0,100470,1,34178,1,4369,1,6102,1,21172,1,203374,1,28116,1,3607,1,5451,1,31182,1,68657,1,16342,1,237,1,9545,1,4469,1,16579,1,9545,1,48,1,1240,1,1,1,0,1,4503,1,5042,1,0,1,0,0,205767,1,303930,1,776,1,776,1,0,1,96,1,2232,1,97,1,0,1,2,1,0,1,0,1,1,1,8,1,28,1,0,1,0,1,209,1,16342,1,1,1,1,1,2162,1,31581,1,8,1,8,1,0,1,80905,1,97,1,13250,1,429,1,114103,1,2722,1,1,1,32,1,32,1
488,1812600,4469,9545,28.988922,,0,11,8,96,30802,12796,30390,1781798,16,227,40,1,26362,1,20,1,256930,1,146381,1,112614,1,1229211,1,10240,1,110649,1,12154,4,301950,4,83125,4,235327,4,444032,8,601835,96,47134,36,3006,1,23447,1,2725,1,0,0,0,0,0,0,0,0,98125,1,31723,1,4369,1,6102,1,20651,1,202242,1,27645,1,3808,1,5491,1,30992,1,68406,1,16342,1,237,1,9545,1,4469,1,16579,1,9545,1,48,1,1240,1,1,1,0,1,4503,1,5042,1,0,1,0,0,208920,1,318813,1,776,1,776,1,0,1,96,1,2232,1,97,1,0,1,2,1,0,1,0,1,1,1,8,1,28,1,0,1,0,1,209,1,16342,1,1,1,1,1,1865,1,5478,1,8,1,8,1,0,1,87389,1,97,1,13514,1,528,1,113278,1,1006,1,1,1,32,1,32,1
489,1866200,4469,9545,28.988922,,0,11,8,96,31126,12605,31751,1835074,16,227,10,1,27254,1,30,1,258353,1,147473,1,113686,1,1278188,1,10080,1,110930,1,11884,4,308593,4,83295,4,253553,4,462388,8,633029,96,51162,36,5972,1,26012,1,2956,1,0,0,0,0,0,0,0,0,97223,1,33677,1,4339,1,6132,1,20932,1,202823,1,28226,1,3948,1,5401,1,30921,1,68716,1,16342,1,237,1,9545,1,4469,1,16579,1,9545,1,48,1,1240,1,1,1,0,1,4503,1,5042,1,0,1,0,0,220341,1,352605,1,776,1,776,1,0,1,96,1,2232,1,97,1,0,1,2,1,0,1,0,1,1,1,8,1,28,1,0,1,0,1,209,1,16342,1,1,1,1,1,1997,1,24090,1,8,1,8,1,0,1,101575,1,97,1,12392,1,1287,1,124118,1,2442,1,1,1,32,1,32,1
490,1830100,4469,9545,28.988922,,0,11,8,96,30978,11963,29238,1799122,16,227,120,1,27054,1,30,1,259445,1,156531,1,114547,1,1231165,1,10230,1,111582,1,12134,4,302260,4,83095,4,234395,4,443361,8,601465,96,47053,36,3026,1,26673,1,2675,1,0,0,0,0,0,0,0,0,104708,1,34779,1,4359,1,6092,1,21232,1,203444,1,28286,1,3717,1,5150,1,30811,1,69919,1,16342,1,237,1,9545,1,4469,1,16579,1,9545,1,48,1,1240,1,1,1,0,1,4502,1,5042,1,1,1,0,0,208524,1,361020,1,776,1,776,1,0,1,96,1,2232,1,97,1,0,1,2,1,0,1,0,1,1,1,8,1,28,1,0,1,0,1,209,1,16342,1,1,1,1,1,1700,1,47718,1,8,1,8,1,0,1,94849,1,97,1,13118,1,2376,1,113938,1,14008,1,1,1,32,1,32,1
491,1814700,4469,9545,28.988922,,0,11,8,96,30467,11733,29168,1784233,16,227,40,1,27114,1,30,1,257511,1,154417,1,113936,1,1221035,1,10150,1,108305,1,11593,4,301188,4,82965,4,236750,4,438360,8,598599,96,47344,36,3056,1,24429,1,2655,1,0,0,0,0,0,0,0,0,103115,1,34318,1,4359,1,5962,1,20851,1,201831,1,28597,1,3838,1,5381,1,30851,1,66272,1,16343,1,237,1,9545,1,4469,1,16580,1,9545,1,48,1,1240,1,1,1,0,1,4503,1,5042,1,0,1,0,0,200440,1,326238,1,776,1,776,1,0,1,96,1,2232,1,97,1,0,1,2,1,0,1,0,1,1,1,8,1,28,1,0,1,0,1,209,1,16343,1,1,1,0,1,2162,1,44649,1,8,1,8,1,0,1,85854,1,97,1,13745,1,9009,1,109945,1,11896,1,1,1,32,1,32,1
492,1811600,4469,9545,28.988922,,0,11,8,96,30032,12815,29309,1781568,16,227,30,1,27174,1,40,1,257131,1,144667,1,113295,1,1229171,1,10060,1,110519,1,12114,4,300577,4,83416,4,233323,4,446357,8,602977,96,47394,36,3016,1,24358,1,2675,1,0,0,0,0,0,0,0,0,96813,1,31052,1,4359,1,5972,1,20891,1,202141,1,27875,1,3918,1,5571,1,30921,1,68165,1,16343,1,237,1,9545,1,4469,1,16580,1,9545,1,48,1,1240,1,1,1,0,1,4503,1,5042,1,0,1,0,0,200955,1,338052,1,776,1,776,1,0,1,96,1,2232,1,97,1,0,1,2,1,0,1,0,1,1,1,8,1,28,1,0,1,0,1,209,1,16343,1,1,1,1,1,2030,1,693,1,8,1,8,1,0,1,94650,1,97,1,12722,1,1452,1,108460,1,693,1,1,1,32,1,32,1
493,1812800,4469,9545,28.988922,,0,11,8,96,30521,13046,29548,1782279,16,227,10,1,27074,1,40,1,256349,1,145379,1,112654,1,1230644,1,10130,1,111722,1,12014,4,303292,4,83486,4,236680,4,439733,8,599712,96,47154,36,2996,1,24940,1,2735,1,0,0,0,0,0,0,0,0,97474,1,31092,1,4369,1,5992,1,20821,1,201570,1,27695,1,3888,1,5511,1,31192,1,69117,1,16343,1,237,1,9545,1,4469,1,16580,1,9545,1,48,1,1240,1,1,1,0,1,4503,1,5042,1,0,1,0,0,207865,1,315414,1,776,1,776,1,0,1,96,1,2232,1,97,1,0,1,2,1,0,1,0,1,1,1,8,1,28,1,0,1,0,1,209,1,16343,1,1,1,1,1,2261,1,1221,1,8,1,8,1,0,1,84520,1,97,1,13679,1,1881,1,115654,1,825,1,1,1,32,1,32,1
494,1814700,4469,9545,28.988922,,0,11,8,96,30938,9699,29346,1783762,16,227,10,1,27414,1,40,1,257622,1,154136,1,113225,1,1221195,1,10120,1,110710,1,11984,4,301519,4,82925,4,235918,4,438230,8,597779,96,47023,36,3016,1,24539,1,2655,1,0,0,0,0,0,0,0,0,104408,1,32665,1,4369,1,6052,1,20891,1,202753,1,27725,1,3587,1,5280,1,31062,1,68817,1,16341,1,237,1,9545,1,4469,1,16578,1,9545,1,48,1,1240,1,1,1,0,1,4503,1,5042,1,0,1,0,0,209016,1,327855,1,776,1,776,1,0,1,96,1,2232,1,97,1,0,1,2,1,0,1,0,1,1,1,8,1,28,1,0,1,0,1,209,1,16341,1,1,1,0,1,2690,1,43989,1,8,1,8,1,0,1,91436,1,97,1,13217,1,5610,1,115737,1,15922,1,1,1,32,1,32,1
495,1965900,4469,9545,28.988922,,0,11,8,96,31419,11212,31973,1934481,16,227,10,1,26873,1,40,1,255588,1,155078,1,135219,1,1351494,1,10180,1,115169,1,12585,4,373311,4,83706,4,240568,4,477108,8,638408,96,47294,36,4499,1,29869,1,3467,1,0,0,0,0,0,0,0,0,102845,1,33597,1,4980,1,6022,1,20290,1,201460,1,27565,1,4228,1,6002,1,30801,1,71752,1,16341,1,237,1,9545,1,4469,1,16578,1,9545,1,48,1,1240,1,1,1,0,1,4503,1,5042,1,0,1,0,0,216597,1,372306,1,771,1,771,1,0,1,96,1,2244,1,97,1,0,1,2,1,0,1,0,1,1,1,8,1,28,1,0,1,0,1,209,1,16341,1,1,1,0,1,1766,1,41514,1,8,1,8,1,0,1,100759,1,97,1,14273,1,2211,1,117799,1,15592,1,1,1,32,1,32,1
496,1859500,4469,9545,28.988922,,0,11,8,96,31310,10811,29357,1828190,16,227,50,1,27835,1,40,1,258864,1,153685,1,135118,1,1242517,1,10080,1,116211,1,12545,4,319304,4,83025,4,233714,4,436717,8,594041,96,47033,36,2986,1,24489,1,2715,1,0,0,0,0,0,0,0,0,102013,1,33647,1,5060,1,6323,1,22174,1,197272,1,32825,1,4138,1,6022,1,31332,1,72434,1,16340,1,237,1,9545,1,4469,1,16577,1,9545,1,48,1,1240,1,1,1,0,1,4502,1,5042,1,1,1,0,0,205273,1,299607,1,776,1,776,1,0,1,96,1,2232,1,97,1,0,1,2,1,0,1,0,1,1,1,8,1,28,1,0,1,0,1,209,1,16340,1,1,1,0,1,1964,1,37059,1,8,1,8,1,0,1,72756,1,97,1,13646,1,858,1,114416,1,10675,1,1,1,32,1,32,1
497,1806700,4469,9545,28.988922,,0,11,8,96,30513,10621,29628,1776187,16,227,40,1,26833,1,30,1,256289,1,148595,1,113024,1,1221275,1,10100,1,109177,1,12124,4,300857,4,83105,4,234937,4,439292,8,597788,96,46813,36,3046,1,25420,1,2695,1,0,0,0,0,0,0,0,0,99468,1,32404,1,4339,1,7365,1,20741,1,199927,1,27986,1,3687,1,5130,1,31032,1,67304,1,16341,1,237,1,9545,1,4469,1,16578,1,9545,1,48,1,1240,1,1,1,0,1,4501,1,5042,1,2,1,0,0,203871,1,337953,1,776,1,776,1,0,1,96,1,2244,1,97,1,0,1,2,1,0,1,0,1,1,1,8,1,28,1,0,1,0,1,209,1,16341,1,1,1,0,1,2030,1,26598,1,8,1,8,1,0,1,98460,1,97,1,13052,1,6435,1,111595,1,2376,1,1,1,32,1,32,1
498,1932100,4469,9545,28.988922,,0,11,8,96,45163,11413,33023,1886937,16,225,30,1,26833,1,120,1,299515,1,161992,1,134307,1,1253770,1,10371,1,118766,1,12705,4,318182,4,79157,4,237542,4,444112,8,598070,96,50560,36,3046,1,26122,1,2725,1,0,0,0,0,0,0,0,0,108035,1,32324,1,4960,1,10451,1,28907,1,225438,1,34068,1,4208,1,5982,1,30040,1,76061,1,16343,1,237,1,9545,1,4469,1,16580,1,9545,1,48,1,1240,1,1,1,0,1,4502,1,5042,1,1,1,0,0,207334,1,341022,1,776,1,776,1,0,1,96,1,2244,1,97,1,0,1,2,1,0,1,0,1,1,1,8,1,28,1,0,1,0,1,209,1,16343,1,1,1,0,1,3746,1,49071,1,8,1,8,1,0,1,97621,1,97,1,13794,1,1122,1,114527,1,17275,1,1,1,32,1,32,1
499,1986100,4468,9545,28.988922,,0,11,8,96,32857,9018,30840,1953243,16,227,100,1,30992,1,50,1,285677,1,158785,1,135419,1,1331950,1,10270,1,112614,1,12485,4,371568,4,83576,4,233754,4,470619,8,626911,96,46623,36,4449,1,30440,1,3427,1,0,0,0,0,0,0,0,0,106101,1,33998,1,4970,1,7595,1,22685,1,222211,1,32565,1,4148,1,6202,1,30631,1,69137,1,16351,1,229,1,9545,1,4468,1,16580,1,9545,1,48,1,1240,1,1,1,0,1,4503,1,5042,1,0,1,0,0,219025,1,391891,1,775,1,775,1,0,1,96,1,2244,1,97,1,0,1,2,1,0,1,0,1,1,1,8,1,28,1,0,1,0,1,201,1,16351,1,0,1,0,1,2260,1,47388,1,8,1,8,1,0,1,92266,1,97,1,13447,1,3663,1,119398,1,19322,1,1,1,32,1,32,1
