step,wall_ns,manifolds,pairs,top_y,awake,void,colors,wide_colors,waves,g_ns,u_ns,r_ns,sys_sum_ns,disp_lane,worker_lane_max,sys_physics_integrate_ns,sys_physics_integrate_n,sys_physics_gather_ns,sys_physics_gather_n,sys_select_broadphase_ns,sys_select_broadphase_n,sys_physics_broadphase_colored_ns,sys_physics_broadphase_colored_n,sys_physics_narrowphase_colored_ns,sys_physics_narrowphase_colored_n,sys_physics_build_graph_ns,sys_physics_build_graph_n,sys_physics_solve_colored_ns,sys_physics_solve_colored_n,sys_physics_apply_ns,sys_physics_apply_n,phys_solve_build_ns,phys_solve_build_n,phys_gravity_ns,phys_gravity_n,phys_warm_apply_ns,phys_warm_apply_n,phys_integrate_ns,phys_integrate_n,phys_pass_biased_ns,phys_pass_biased_n,phys_pass_relax_ns,phys_pass_relax_n,phys_color_wide_ns,phys_color_wide_n,phys_color_narrow_ns,phys_color_narrow_n,phys_restitution_ns,phys_restitution_n,phys_store_ns,phys_store_n,phys_write_back_ns,phys_write_back_n,phys_sleep_begin_ns,phys_sleep_begin_n,phys_sleep_freeze_ns,phys_sleep_freeze_n,phys_sleep_end_ns,phys_sleep_end_n,phys_sleep_classify_ns,phys_sleep_classify_n,phys_np_dispatch_ns,phys_np_dispatch_n,phys_np_compact_ns,phys_np_compact_n,phys_np_axis_commit_ns,phys_np_axis_commit_n,phys_bp_verify_ns,phys_bp_verify_n,phys_bp_build_ns,phys_bp_build_n,phys_bp_query_ns,phys_bp_query_n,phys_bp_assemble_ns,phys_bp_assemble_n,phys_sb_bodies_ns,phys_sb_bodies_n,phys_sb_pa_ns,phys_sb_pa_n,phys_sb_pb_ns,phys_sb_pb_n,phys_sb_pc_ns,phys_sb_pc_n,phys_slots_wide,phys_slots_wide_n,phys_slots_narrow,phys_slots_narrow_n,phys_np_pairs,phys_np_pairs_n,phys_np_manifolds,phys_np_manifolds_n,phys_np_points,phys_np_points_n,phys_bp_pairs,phys_bp_pairs_n,phys_np_chunks,phys_np_chunks_n,phys_bp_queried,phys_bp_queried_n,phys_bp_members,phys_bp_members_n,phys_bp_rebuilds,phys_bp_rebuilds_n,phys_np_reused,phys_np_reused_n,phys_np_sep_hits,phys_np_sep_hits_n,phys_np_full,phys_np_full_n,phys_sleep_held,phys_sleep_held_n,phys_wave_ramp,phys_wave_ramp_n,phys_wave_tail,phys_wave_tail_n,phys_wave_inflight,phys_wave_inflight_n,phys_wave_lanes,phys_wave_lanes_n,phys_wave_overflow,phys_wave_overflow_n,phys_color_scopes,phys_color_scopes_n,phys_color_tasks,phys_color_tasks_n,phys_route_worker,phys_route_worker_n,phys_route_external,phys_route_external_n,phys_hist_colors_lt32,phys_hist_colors_lt32_n,phys_hist_colors_lt64,phys_hist_colors_lt64_n,phys_hist_colors_lt128,phys_hist_colors_lt128_n,phys_hist_colors_lt256,phys_hist_colors_lt256_n,phys_hist_colors_ge256,phys_hist_colors_ge256_n,phys_hist_slots_lt32,phys_hist_slots_lt32_n,phys_hist_slots_lt64,phys_hist_slots_lt64_n,phys_hist_slots_lt128,phys_hist_slots_lt128_n,phys_hist_slots_lt256,phys_hist_slots_lt256_n,phys_hist_slots_ge256,phys_hist_slots_ge256_n,phys_s6_graph_hit,phys_s6_graph_hit_n,phys_s6_pb_hit,phys_s6_pb_hit_n,phys_np_wave_ramp,phys_np_wave_ramp_n,phys_np_wave_tail,phys_np_wave_tail_n,phys_np_wave_inflight,phys_np_wave_inflight_n,phys_np_wave_lanes,phys_np_wave_lanes_n,phys_np_wave_overflow,phys_np_wave_overflow_n,phys_wave_join,phys_wave_join_n,phys_wave_helped,phys_wave_helped_n,phys_wave_first_ramp,phys_wave_first_ramp_n,phys_wave_first_tail,phys_wave_first_tail_n,phys_wave_pass_ramp,phys_wave_pass_ramp_n,phys_np_wave_join,phys_np_wave_join_n,phys_np_route_worker,phys_np_route_worker_n,phys_setup_chunks,phys_setup_chunks_n,phys_setup_stamped,phys_setup_stamped_n
0,3907100,4495,9570,35.998295,,0,9,9,108,118032,18547,40023,3789068,16,191,140,1,134535,1,170,1,462031,1,1286636,1,188842,1,1705452,1,11262,1,444276,1,15851,4,335030,4,89396,4,266054,4,506017,8,732049,108,0,0,3136,1,24428,1,2715,1,0,0,0,0,0,0,0,0,967998,1,131880,1,51081,1,39057,1,68705,1,292527,1,43095,1,33787,1,96480,1,238189,1,68655,1,17980,1,0,1,9570,1,4495,1,17980,1,9570,1,48,1,1241,1,0,1,0,1,0,1,0,1,9570,1,0,0,341579,1,437613,1,813,1,813,1,0,1,108,1,2484,1,109,1,0,1,0,1,0,1,0,1,0,1,9,1,0,1,0,1,0,1,0,1,17980,1,0,1,0,1,56480,1,306867,1,8,1,8,1,0,1,151772,1,109,1,18695,1,3267,1,179374,1,85866,1,1,1,32,1,32,1
1,2253900,4300,9570,35.993866,,0,9,8,96,84604,9498,35846,2169296,16,203,140,1,46672,1,100,1,354499,1,359388,1,125698,1,1272238,1,10561,1,180716,1,12194,4,323077,4,81962,4,220525,4,408606,8,582833,96,10451,12,2836,1,30059,1,2765,1,0,0,0,0,0,0,0,0,302947,1,39097,1,5210,1,12264,1,34779,1,256225,1,50580,1,4339,1,68285,1,28687,1,76962,1,16277,1,27,1,9570,1,4300,1,16304,1,9570,1,48,1,1241,1,0,1,0,1,4495,1,5075,1,0,1,0,0,245598,1,342408,1,776,1,776,1,0,1,96,1,2328,1,97,1,0,1,1,1,0,1,0,1,0,1,8,1,27,1,0,1,0,1,0,1,16277,1,0,1,0,1,23611,1,56100,1,8,1,8,1,0,1,130112,1,97,1,14140,1,3267,1,117298,1,19784,1,1,1,32,1,32,1
2,1803000,4339,9570,35.986713,,0,9,8,96,32671,9018,35787,1770329,16,203,50,1,30390,1,60,1,289390,1,154875,1,109907,1,1174926,1,10731,1,116249,1,11753,4,295332,4,82252,4,220114,4,411281,8,584696,96,10912,12,3286,1,22985,1,2655,1,0,0,0,0,0,0,0,0,107141,1,32745,1,4549,1,15851,1,22374,1,220665,1,29959,1,3938,1,5781,1,29077,1,75269,1,16269,1,36,1,9570,1,4339,1,16305,1,9570,1,48,1,1240,1,1,1,1,1,4495,1,5075,1,0,1,0,0,240585,1,355410,1,776,1,776,1,0,1,96,1,2304,1,97,1,0,1,0,1,1,1,0,1,0,1,8,1,0,1,36,1,0,1,0,1,16269,1,0,1,0,1,7310,1,48378,1,8,1,8,1,0,1,131347,1,97,1,13877,1,3498,1,110886,1,21829,1,1,1,32,1,32,1
3,1835900,4335,9570,35.976837,,0,9,8,96,33157,8937,33861,1802743,16,203,30,1,26292,1,50,1,266425,1,152771,1,121620,1,1224944,1,10611,1,120167,1,12374,4,339860,4,82102,4,218982,4,410028,8,584588,96,10561,12,4038,1,25290,1,3166,1,0,0,0,0,0,0,0,0,102993,1,32895,1,5160,1,5200,1,21092,1,212890,1,26933,1,4208,1,12194,1,29067,1,72363,1,16306,1,30,1,9570,1,4335,1,16336,1,9570,1,48,1,1240,1,1,1,0,1,4495,1,5075,1,0,1,0,0,230006,1,343167,1,776,1,776,1,0,1,96,1,2340,1,97,1,0,1,1,1,0,1,0,1,0,1,8,1,30,1,0,1,0,1,0,1,16306,1,0,1,0,1,3317,1,43956,1,8,1,8,1,0,1,127405,1,97,1,13184,1,3168,1,106760,1,13426,1,1,1,32,1,32,1
4,1849900,4329,9570,35.964233,,0,9,8,96,33099,8727,33803,1816801,16,203,130,1,30480,1,20,1,275513,1,150386,1,132241,1,1217259,1,10771,1,127291,1,12655,4,328518,4,82763,4,218491,4,408856,8,584556,96,8988,12,2826,1,24528,1,2605,1,0,0,0,0,0,0,0,0,99707,1,32985,1,5601,1,6082,1,23055,1,209533,1,36482,1,4579,1,6843,1,42454,1,70960,1,16296,1,31,1,9570,1,4329,1,16327,1,9570,1,48,1,1240,1,1,1,0,1,4495,1,5075,1,0,1,0,0,238735,1,328779,1,775,1,775,1,0,1,96,1,2328,1,97,1,0,1,1,1,0,1,0,1,0,1,8,1,31,1,0,1,0,1,0,1,16296,1,0,1,0,1,2987,1,28413,1,8,1,8,1,0,1,126169,1,97,1,13976,1,2640,1,113904,1,3267,1,1,1,32,1,32,1
5,1711700,4324,9570,35.948902,,0,9,8,96,30657,10240,32019,1681043,16,203,60,1,26392,1,30,1,254722,1,143443,1,94596,1,1151359,1,10441,1,106620,1,11433,4,283359,4,82593,4,216797,4,411421,8,586270,96,9930,12,2846,1,23446,1,2605,1,0,0,0,0,0,0,0,0,97011,1,32554,1,4258,1,5210,1,21051,1,201096,1,26993,1,3317,1,5341,1,28957,1,67062,1,16313,1,28,1,9570,1,4324,1,16341,1,9570,1,48,1,1240,1,1,1,0,1,4495,1,5075,1,0,1,0,0,240120,1,361977,1,776,1,776,1,0,1,96,1,2340,1,97,1,0,1,1,1,0,1,0,1,0,1,8,1,28,1,0,1,0,1,0,1,16313,1,0,1,0,1,2921,1,14454,1,8,1,8,1,0,1,132030,1,97,1,14075,1,2772,1,112221,1,1270,1,1,1,32,1,32,1
6,1702700,4326,9570,35.93085,,0,9,8,96,31686,8286,30136,1671014,16,203,110,1,25971,1,40,1,255634,1,145397,1,92983,1,1140318,1,10561,1,106720,1,11593,4,282918,4,82392,4,219282,4,400339,8,580348,96,9138,12,2816,1,23356,1,2615,1,0,0,0,0,0,0,0,0,99135,1,32183,1,4258,1,5080,1,20881,1,202289,1,27144,1,3216,1,5310,1,29117,1,66992,1,16318,1,31,1,9570,1,4326,1,16349,1,9570,1,48,1,1240,1,1,1,0,1,4495,1,5075,1,0,1,0,0,242500,1,354915,1,776,1,776,1,0,1,96,1,2316,1,97,1,0,1,1,1,0,1,0,1,0,1,8,1,31,1,0,1,0,1,0,1,16318,1,0,1,0,1,2459,1,3498,1,8,1,8,1,0,1,129402,1,97,1,14141,1,1353,1,114812,1,1369,1,1,1,32,1,32,1
7,1810300,4319,9570,35.910072,,0,9,8,96,32917,12214,33281,1777383,16,203,140,1,30200,1,40,1,285052,1,153022,1,118153,1,1180196,1,10581,1,114495,1,12364,4,308388,4,78865,4,217078,4,407633,8,581691,96,9739,12,2966,1,23506,1,2685,1,0,0,0,0,0,0,0,0,101700,1,34338,1,5220,1,5721,1,22524,1,222238,1,34017,1,4168,1,5541,1,29288,1,73164,1,16316,1,27,1,9570,1,4319,1,16343,1,9570,1,48,1,1240,1,1,1,0,1,4495,1,5075,1,0,1,0,0,241102,1,357291,1,776,1,776,1,0,1,96,1,2316,1,97,1,0,1,1,1,0,1,0,1,0,1,8,1,27,1,0,1,0,1,0,1,16316,1,0,1,0,1,3382,1,28809,1,8,1,8,1,0,1,128869,1,97,1,13942,1,4620,1,109984,1,3581,1,1,1,32,1,32,1
8,1799700,4316,9570,35.88657,,0,9,8,96,32346,8467,31398,1767354,16,203,140,1,30109,1,40,1,287286,1,148974,1,121499,1,1168724,1,10581,1,113083,1,12064,4,285282,4,82994,4,215996,4,404748,8,580418,96,8928,12,2826,1,40350,1,2916,1,0,0,0,0,0,0,0,0,98524,1,33586,1,5190,1,5741,1,23146,1,223601,1,34278,1,4329,1,6332,1,28927,1,71280,1,16293,1,27,1,9570,1,4316,1,16320,1,9570,1,48,1,1240,1,1,1,0,1,4495,1,5075,1,0,1,0,0,217783,1,364188,1,776,1,776,1,0,1,96,1,2316,1,97,1,0,1,1,1,0,1,0,1,0,1,8,1,27,1,0,1,0,1,0,1,16293,1,0,1,0,1,3085,1,13332,1,8,1,8,1,0,1,115039,1,97,1,13876,1,5478,1,107612,1,2030,1,1,1,32,1,32,1
9,1779600,4312,9570,35.86034,,0,9,8,96,29851,8487,31046,1749749,16,203,80,1,30240,1,40,1,270914,1,147100,1,122061,1,1168824,1,10491,1,111660,1,12294,4,306284,4,82473,4,214633,4,401121,8,578836,96,5872,12,3266,1,25861,1,2745,1,0,0,0,0,0,0,0,0,98424,1,32254,1,5190,1,5651,1,21773,1,208210,1,34999,1,4669,1,6242,1,28847,1,69637,1,16297,1,18,1,9570,1,4312,1,16315,1,9570,1,48,1,1240,1,1,1,0,1,4495,1,5075,1,0,1,0,0,227481,1,344949,1,776,1,776,1,0,1,96,1,2316,1,97,1,0,1,1,1,0,1,0,1,0,1,8,1,18,1,0,1,0,1,0,1,16297,1,0,1,0,1,3020,1,2145,1,8,1,8,1,0,1,115924,1,97,1,13943,1,1419,1,112304,1,1468,1,1,1,32,1,32,1
10,1692000,4307,9570,35.831387,,0,9,8,96,30956,8397,31458,1661044,16,203,20,1,26412,1,30,1,257007,1,142311,1,93384,1,1131360,1,10521,1,105668,1,11903,4,282677,4,82422,4,211747,4,398866,8,573524,96,5631,12,2765,1,24268,1,2645,1,0,0,0,0,0,0,0,0,96991,1,31442,1,4258,1,5020,1,20591,1,204162,1,26833,1,3567,1,5290,1,28797,1,66281,1,16300,1,14,1,9570,1,4307,1,16314,1,9570,1,48,1,1240,1,1,1,0,1,4495,1,5075,1,0,1,0,0,224412,1,330990,1,776,1,776,1,0,1,96,1,2400,1,97,1,0,1,1,1,0,1,0,1,0,1,8,1,14,1,0,1,0,1,0,1,16300,1,0,1,0,1,2492,1,21846,1,8,1,8,1,0,1,114498,1,97,1,13679,1,3465,1,111100,1,2805,1,1,1,32,1,32,1
11,1870600,4307,9570,35.79971,,0,9,8,96,33339,8908,36646,1837261,16,203,140,1,29929,1,70,1,303268,1,163332,1,121129,1,1209454,1,9940,1,111400,1,13226,4,345040,4,82843,4,217399,4,401411,8,577745,96,4419,12,2896,1,23607,1,2725,1,0,0,0,0,0,0,0,0,113995,1,32003,1,5240,1,5681,1,23075,1,225084,1,48756,1,4589,1,6242,1,29157,1,69126,1,16310,1,10,1,9570,1,4307,1,16320,1,9570,1,48,1,1240,1,1,1,0,1,4495,1,5075,1,0,1,0,0,229781,1,324192,1,776,1,776,1,0,1,96,1,2328,1,97,1,0,1,1,1,0,1,0,1,0,1,8,1,10,1,0,1,0,1,0,1,16310,1,0,1,0,1,16219,1,55473,1,8,1,8,1,0,1,113875,1,97,1,13546,1,2805,1,108829,1,15395,1,1,1,32,1,32,1
12,1840500,4306,9570,35.765305,,0,9,8,96,32722,8898,30123,1807778,16,203,70,1,30310,1,50,1,276926,1,157475,1,122391,1,1210055,1,10501,1,116660,1,12204,4,349108,4,82513,4,214272,4,392023,8,571934,96,4238,12,4178,1,26863,1,3337,1,0,0,0,0,0,0,0,0,106325,1,34147,1,5250,1,5611,1,21883,1,215835,1,33225,1,4258,1,6292,1,28727,1,75048,1,16316,1,14,1,9570,1,4306,1,16330,1,9570,1,48,1,1240,1,1,1,0,1,4495,1,5075,1,0,1,0,0,220023,1,371844,1,776,1,776,1,0,1,96,1,2316,1,97,1,0,1,1,1,0,1,0,1,0,1,8,1,14,1,0,1,0,1,0,1,16316,1,0,1,0,1,2590,1,46711,1,8,1,8,1,0,1,131925,1,97,1,13910,1,3564,1,107503,1,20790,1,1,1,32,1,32,1
13,1706400,4306,9570,35.728176,,0,9,8,96,31419,8427,30256,1674981,16,203,60,1,26152,1,40,1,271044,1,143974,1,94085,1,1129065,1,10561,1,107702,1,11663,4,282026,4,82422,4,212619,4,394327,8,572542,96,4148,12,2855,1,24378,1,2645,1,0,0,0,0,0,0,0,0,98023,1,32023,1,4268,1,5170,1,21743,1,212258,1,31392,1,3517,1,5160,1,28817,1,67924,1,16323,1,12,1,9570,1,4306,1,16335,1,9570,1,48,1,1240,1,1,1,0,1,4495,1,5075,1,0,1,0,0,224464,1,388839,1,776,1,776,1,0,1,96,1,2316,1,97,1,0,1,1,1,0,1,0,1,0,1,8,1,12,1,0,1,0,1,0,1,16323,1,0,1,0,1,2525,1,23034,1,8,1,8,1,0,1,129516,1,97,1,13811,1,3432,1,107271,1,2722,1,1,1,32,1,32,1
14,1698000,4307,9570,35.688324,,0,9,8,96,29131,8466,30175,1668869,16,203,30,1,26693,1,40,1,260674,1,142010,1,94095,1,1134777,1,10551,1,110077,1,12324,4,283679,4,82402,4,212228,4,395820,8,573535,96,4339,12,2836,1,24298,1,2645,1,0,0,0,0,0,0,0,0,95849,1,31913,1,4288,1,4940,1,20130,1,208170,1,27144,1,3897,1,5591,1,29568,1,69157,1,16324,1,16,1,9570,1,4307,1,16340,1,9570,1,48,1,1240,1,1,1,0,1,4495,1,5075,1,0,1,0,0,216661,1,372372,1,776,1,776,1,0,1,96,1,2316,1,97,1,0,1,1,1,0,1,0,1,0,1,8,1,16,1,0,1,0,1,0,1,16324,1,0,1,0,1,2063,1,11880,1,8,1,8,1,0,1,123510,1,97,1,13893,1,7557,1,108723,1,1452,1,1,1,32,1,32,1
15,1710400,4306,9570,35.64575,,0,9,8,96,31701,8537,34455,1678699,16,203,10,1,26993,1,40,1,256125,1,145226,1,93835,1,1145889,1,10581,1,111610,1,12455,4,283769,4,82563,4,217348,4,400229,8,577151,96,5972,12,2845,1,23897,1,2635,1,0,0,0,0,0,0,0,0,99246,1,32143,1,4278,1,4960,1,20651,1,203251,1,27033,1,3417,1,5331,1,28937,1,71882,1,16319,1,18,1,9570,1,4306,1,16337,1,9570,1,48,1,1240,1,1,1,0,1,4495,1,5075,1,0,1,0,0,234446,1,358512,1,776,1,776,1,0,1,96,1,2448,1,97,1,0,1,1,1,0,1,0,1,0,1,8,1,18,1,0,1,0,1,0,1,16319,1,0,1,0,1,3383,1,30360,1,8,1,8,1,0,1,137786,1,97,1,13811,1,1221,1,109416,1,1864,1,1,1,32,1,32,1
16,1703200,4303,9570,35.600445,,0,9,8,96,30383,8407,32810,1672817,16,203,20,1,26663,1,30,1,263750,1,142591,1,93414,1,1135799,1,10551,1,104085,1,11964,4,283849,4,82663,4,215745,4,400429,8,577282,96,6082,12,2855,1,23176,1,2625,1,0,0,0,0,0,0,0,0,97893,1,30660,1,4278,1,4970,1,20801,1,210625,1,27033,1,3527,1,5280,1,29077,1,64287,1,16322,1,18,1,9570,1,4303,1,16340,1,9570,1,48,1,1240,1,1,1,0,1,4495,1,5075,1,0,1,0,0,231226,1,337524,1,776,1,776,1,0,1,96,1,2436,1,97,1,0,1,1,1,0,1,0,1,0,1,8,1,18,1,0,1,0,1,0,1,16322,1,0,1,0,1,2789,1,3102,1,8,1,8,1,0,1,123840,1,97,1,13646,1,4653,1,108955,1,1782,1,1,1,32,1,32,1
17,1716600,4298,9570,35.552414,,0,9,8,96,30547,8647,32171,1686053,16,203,10,1,26362,1,40,1,259882,1,151398,1,93815,1,1143865,1,10681,1,106971,1,11924,4,285162,4,82603,4,216827,4,402784,8,583011,96,4429,12,2886,1,23386,1,2675,1,0,0,0,0,0,0,0,0,104656,1,32614,1,4339,1,4960,1,20921,1,206587,1,27123,1,3316,1,5401,1,29288,1,67142,1,16320,1,16,1,9570,1,4298,1,16336,1,9570,1,48,1,1240,1,1,1,0,1,4495,1,5075,1,0,1,0,0,232314,1,346368,1,776,1,776,1,0,1,96,1,2328,1,97,1,0,1,1,1,0,1,0,1,0,1,8,1,16,1,0,1,0,1,0,1,16320,1,0,1,0,1,2789,1,46662,1,8,1,8,1,0,1,125195,1,97,1,13778,1,2277,1,110175,1,16978,1,1,1,32,1,32,1
18,1719600,4298,9570,35.501663,,0,9,8,96,30521,8517,31541,1689079,16,203,20,1,26753,1,70,1,260413,1,148282,1,94436,1,1148494,1,10611,1,108374,1,12054,4,285914,4,83805,4,216146,4,404748,8,585145,96,4208,12,2836,1,23426,1,2675,1,0,0,0,0,0,0,0,0,99917,1,34328,1,4329,1,5060,1,21162,1,206547,1,27294,1,3467,1,5320,1,29358,1,68375,1,16318,1,16,1,9570,1,4298,1,16334,1,9570,1,48,1,1240,1,1,1,0,1,4495,1,5075,1,0,1,0,0,238819,1,346335,1,776,1,776,1,0,1,96,1,2316,1,97,1,0,1,1,1,0,1,0,1,0,1,8,1,16,1,0,1,0,1,0,1,16318,1,0,1,0,1,2756,1,2178,1,8,1,8,1,0,1,129090,1,97,1,13712,1,1221,1,109862,1,1501,1,1,1,32,1,32,1
19,1722500,4297,9570,35.448185,,0,9,8,96,30776,8517,31140,1691724,16,203,10,1,26592,1,30,1,257758,1,145497,1,94917,1,1156209,1,10711,1,113543,1,12625,4,286465,4,83465,4,221376,4,401331,8,587239,96,4329,12,2896,1,23336,1,2655,1,0,0,0,0,0,0,0,0,99386,1,31903,1,4349,1,5110,1,20470,1,204192,1,27665,1,3898,1,5391,1,29598,1,72613,1,16322,1,12,1,9570,1,4297,1,16334,1,9570,1,48,1,1240,1,1,1,0,1,4495,1,5075,1,0,1,0,0,237281,1,385539,1,776,1,776,1,0,1,96,1,2316,1,97,1,0,1,1,1,0,1,0,1,0,1,8,1,12,1,0,1,0,1,0,1,16322,1,0,1,0,1,3449,1,25245,1,8,1,8,1,0,1,141270,1,97,1,14669,1,2937,1,112073,1,3217,1,1,1,32,1,32,1
20,2300200,5077,9570,35.391983,,0,14,12,144,31128,10391,42661,2269072,16,263,140,1,30841,1,70,1,299360,1,249111,1,152220,1,1527220,1,10110,1,184664,1,12505,4,356893,4,86801,4,305803,4,534323,8,753448,144,44017,24,3347,1,29749,1,2745,1,0,0,0,0,0,0,0,0,179474,1,46762,1,10551,1,13326,1,23416,1,229763,1,32213,1,4369,1,27264,1,72002,1,78344,1,19225,1,232,1,9570,1,5077,1,19457,1,9570,1,48,1,1240,1,1,1,0,1,4495,1,4291,1,784,1,0,0,334346,1,442002,1,1059,1,1060,1,0,1,144,1,2700,1,145,1,0,1,0,1,1,1,0,1,1,1,12,1,0,1,36,1,0,1,196,1,19225,1,0,1,0,1,15494,1,90882,1,8,1,8,1,0,1,144986,1,145,1,13926,1,3135,1,113290,1,15955,1,1,1,31,1,31,1
21,2136100,4687,9570,35.333054,,0,13,10,120,33686,9349,32922,2102414,16,251,90,1,30520,1,40,1,314841,1,319269,1,115367,1,1310914,1,11372,1,130477,1,12024,4,318588,4,82613,4,253399,4,471569,8,637469,120,54578,36,3156,1,27073,1,2665,1,0,0,0,0,0,0,0,0,262057,1,38145,1,7855,1,5200,1,21693,1,255053,1,32364,1,3457,1,13406,1,31312,1,79827,1,16937,1,281,1,9570,1,4687,1,17218,1,9570,1,48,1,1240,1,1,1,0,1,2756,1,4291,1,2523,1,0,0,231196,1,400158,1,931,1,932,1,0,1,120,1,2304,1,121,1,0,1,1,1,1,1,0,1,1,1,10,1,8,1,49,1,0,1,224,1,16937,1,0,1,0,1,3255,1,29799,1,8,1,8,1,0,1,131049,1,121,1,13914,1,6765,1,114582,1,2195,1,1,1,32,1,32,1
22,2119200,4536,9570,35.2714,,0,12,10,120,37176,9409,34026,2082024,16,239,140,1,30670,1,60,1,298518,1,326784,1,135106,1,1280654,1,10090,1,118023,1,12615,4,350832,4,78324,4,236847,4,443624,8,621346,120,25099,24,3086,1,25190,1,2705,1,0,0,0,0,0,0,0,0,266966,1,37835,1,7485,1,13046,1,23947,1,226797,1,34207,1,4338,1,6613,1,30510,1,73956,1,16654,1,137,1,9570,1,4536,1,16791,1,9570,1,48,1,1240,1,1,1,0,1,2756,1,4748,1,2066,1,0,0,211632,1,418935,1,905,1,907,1,0,1,120,1,2232,1,121,1,0,1,1,1,0,1,1,1,0,1,10,1,13,1,0,1,124,1,0,1,16654,1,0,1,0,1,15411,1,148863,1,8,1,8,1,0,1,117793,1,121,1,13365,1,4026,1,103060,1,13843,1,1,1,31,1,31,1
23,2034200,4464,9570,35.207024,,0,12,10,120,33381,9218,31431,2000819,16,239,50,1,30670,1,40,1,281355,1,305697,1,125097,1,1247118,1,10791,1,116951,1,12515,4,330972,4,82753,4,236797,4,426921,8,613470,120,18817,24,3296,1,24999,1,2695,1,0,0,0,0,0,0,0,0,251511,1,33536,1,6623,1,5531,1,22685,1,220565,1,32173,1,4138,1,6202,1,29969,1,74126,1,16487,1,73,1,9570,1,4464,1,16560,1,9570,1,48,1,1240,1,1,1,0,1,2756,1,4935,1,1879,1,0,0,214901,1,398772,1,883,1,884,1,0,1,120,1,2220,1,121,1,0,1,1,1,0,1,1,1,0,1,10,1,4,1,0,1,69,1,0,1,16487,1,0,1,0,1,4207,1,49912,1,8,1,8,1,0,1,111671,1,121,1,14339,1,4224,1,102024,1,13464,1,1,1,31,1,31,1
24,1909600,4397,9570,35.13992,,0,12,9,108,30296,8807,29067,1879304,16,239,40,1,26713,1,40,1,274090,1,245213,1,101831,1,1220736,1,10641,1,110468,1,11553,4,290082,4,85398,4,232238,4,451279,8,600263,108,54187,36,2916,1,25370,1,2625,1,0,0,0,0,0,0,0,0,193301,1,32785,1,5791,1,5060,1,21041,1,220214,1,27344,1,4218,1,5451,1,29699,1,68976,1,16064,1,305,1,9570,1,4397,1,16369,1,9570,1,48,1,1240,1,1,1,0,1,2756,1,5015,1,1799,1,0,0,228458,1,382668,1,836,1,836,1,0,1,108,1,2112,1,109,1,0,1,1,1,1,1,0,1,1,1,9,1,4,1,56,1,0,1,245,1,16064,1,0,1,0,1,1964,1,9603,1,8,1,8,1,0,1,105854,1,109,1,13250,1,4026,1,123558,1,1138,1,1,1,32,1,32,1
25,1886300,4359,9570,35.07009,,0,11,9,108,29921,8787,28797,1856379,16,227,80,1,26693,1,100,1,265804,1,274701,1,101129,1,1177200,1,10671,1,107943,1,11563,4,288048,4,82943,4,227298,4,420038,8,583059,108,35480,24,2896,1,24969,1,2715,1,0,0,0,0,0,0,0,0,221657,1,34117,1,5731,1,4940,1,20090,1,212890,1,27594,1,3797,1,5381,1,29508,1,67162,1,16056,1,209,1,9570,1,4359,1,16265,1,9570,1,48,1,1240,1,1,1,0,1,2757,1,5097,1,1716,1,0,0,210591,1,368643,1,836,1,836,1,0,1,108,1,2124,1,109,1,0,1,0,1,1,1,0,1,1,1,9,1,0,1,32,1,0,1,177,1,16056,1,0,1,0,1,2228,1,233442,1,8,1,8,1,0,1,100758,1,109,1,13316,1,2970,1,106050,1,15559,1,1,1,32,1,32,1
26,1845000,4312,9570,34.997536,,0,11,9,108,30714,8437,27792,1814286,16,227,50,1,26783,1,40,1,269441,1,243470,1,99717,1,1164105,1,10681,1,107722,1,12024,4,284711,4,82933,4,221537,4,416351,8,579825,108,30270,24,2956,1,24709,1,2725,1,0,0,0,0,0,0,0,0,191608,1,33576,1,5371,1,4920,1,21011,1,215755,1,27444,1,3968,1,5290,1,28957,1,67403,1,15990,1,179,1,9570,1,4312,1,16169,1,9570,1,48,1,1240,1,1,1,0,1,2756,1,5145,1,1669,1,0,0,208785,1,396066,1,824,1,824,1,0,1,108,1,2100,1,109,1,0,1,1,1,0,1,0,1,1,1,9,1,28,1,0,1,0,1,151,1,15990,1,0,1,0,1,2459,1,51876,1,8,1,8,1,0,1,102472,1,109,1,13151,1,5577,1,105522,1,16038,1,1,1,32,1,32,1
27,1843800,4295,9570,34.92226,,0,11,9,108,29995,8457,28415,1813805,16,227,30,1,26512,1,30,1,264531,1,258810,1,98715,1,1154435,1,10741,1,106670,1,11743,4,283338,4,82703,4,220224,4,412433,8,573932,108,30310,24,2826,1,23376,1,2665,1,0,0,0,0,0,0,0,0,206056,1,34368,1,5461,1,4970,1,21062,1,209874,1,28316,1,3818,1,5310,1,29107,1,66411,1,15966,1,157,1,9570,1,4295,1,16123,1,9570,1,48,1,1240,1,1,1,0,1,2756,1,5196,1,1618,1,0,0,200163,1,378279,1,824,1,824,1,0,1,108,1,2136,1,109,1,0,1,1,1,0,1,0,1,1,1,9,1,8,1,0,1,0,1,149,1,15966,1,0,1,0,1,2525,1,148434,1,8,1,8,1,0,1,101695,1,109,1,12326,1,5676,1,99203,1,13761,1,1,1,32,1,32,1
28,2197700,4934,9570,34.844257,,0,14,11,132,29797,9469,35498,2167903,16,263,80,1,26182,1,40,1,256997,1,317426,1,127551,1,1428456,1,11172,1,138353,1,11924,4,326023,4,81962,4,278930,4,548742,8,727246,132,64928,36,3467,1,26913,1,2675,1,0,0,0,0,0,0,0,0,257117,1,37424,1,9509,1,4900,1,21132,1,203321,1,27394,1,4038,1,8226,1,37815,1,85869,1,18359,1,400,1,9570,1,4934,1,18759,1,9570,1,48,1,1240,1,1,1,0,1,2761,1,4556,1,2253,1,0,0,255986,1,476421,1,985,1,988,1,0,1,132,1,2436,1,133,1,0,1,1,1,0,1,0,1,2,1,11,1,20,1,0,1,0,1,380,1,18359,1,0,1,0,1,1997,1,957,1,8,1,8,1,0,1,134639,1,133,1,13316,1,5742,1,131592,1,957,1,1,1,32,1,32,1
29,2122800,4786,9570,34.763527,,0,15,11,132,29494,9208,33425,2093306,16,275,100,1,26462,1,20,1,260824,1,348497,1,118614,1,1327857,1,10932,1,128654,1,12114,4,316193,4,82933,4,255263,4,491008,8,665062,132,47784,48,3186,1,26592,1,2705,1,0,0,0,0,0,0,0,0,293318,1,34308,1,6803,1,5080,1,19799,1,208541,1,27063,1,4038,1,14549,1,32544,1,75288,1,17137,1,243,1,9570,1,4786,1,17380,1,9570,1,48,1,1240,1,1,1,0,1,2156,1,4210,1,3204,1,0,0,236089,1,405339,1,988,1,991,1,0,1,132,1,2340,1,133,1,0,1,2,1,0,1,1,1,1,1,11,1,8,1,0,1,64,1,171,1,17137,1,0,1,0,1,2360,1,238854,1,8,1,8,1,0,1,119144,1,133,1,13382,1,5742,1,112453,1,13761,1,1,1,32,1,32,1
30,2073300,4665,9570,34.680073,,0,14,11,132,29331,8908,32794,2043969,16,263,20,1,26582,1,40,1,260263,1,345461,1,115939,1,1284893,1,10771,1,114125,1,11733,4,307566,4,82923,4,244412,4,484986,8,662217,132,34387,36,3076,1,24478,1,2685,1,0,0,0,0,0,0,0,0,289280,1,34718,1,6403,1,5030,1,20621,1,207248,1,27093,1,4138,1,5651,1,31472,1,70729,1,16875,1,161,1,9570,1,4665,1,17036,1,9570,1,48,1,1240,1,1,1,0,1,2156,1,4524,1,2890,1,0,0,227693,1,369138,1,979,1,980,1,0,1,132,1,2292,1,133,1,0,1,1,1,1,1,1,1,0,1,11,1,4,1,36,1,121,1,0,1,16875,1,0,1,0,1,2030,1,281424,1,8,1,8,1,0,1,113039,1,133,1,13382,1,3168,1,107667,1,14883,1,1,1,32,1,32,1
31,2065600,4617,9570,34.593895,,0,14,11,132,30669,8958,32613,2034931,16,263,100,1,25681,1,40,1,261195,1,342726,1,113183,1,1281416,1,10591,1,114786,1,11783,4,305302,4,83004,4,245153,4,480988,8,655373,132,38155,36,3106,1,25550,1,2785,1,0,0,0,0,0,0,0,0,285613,1,35340,1,6353,1,4990,1,21542,1,207168,1,27214,1,4048,1,6162,1,31292,1,71060,1,16641,1,196,1,9570,1,4617,1,16837,1,9570,1,48,1,1240,1,1,1,0,1,2156,1,4741,1,2673,1,0,0,235112,1,400554,1,955,1,956,1,0,1,132,1,2268,1,133,1,0,1,1,1,1,1,0,1,1,1,11,1,4,1,36,1,0,1,156,1,16641,1,0,1,0,1,1898,1,48774,1,8,1,8,1,0,1,113386,1,133,1,13481,1,5643,1,107651,1,12903,1,1,1,32,1,32,1
32,2030400,4578,9570,34.504993,,0,14,11,132,30438,8868,32424,1999962,16,263,0,1,26162,1,70,1,259612,1,319590,1,113173,1,1270464,1,10891,1,120197,1,11533,4,302456,4,82593,4,243670,4,470397,8,643719,132,37925,36,2986,1,25079,1,2685,1,0,0,0,0,0,0,0,0,265984,1,33115,1,5681,1,4880,1,21673,1,205455,1,27284,1,4298,1,5571,1,30971,1,76912,1,16423,1,174,1,9570,1,4578,1,16597,1,9570,1,48,1,1240,1,1,1,0,1,2156,1,4836,1,2578,1,0,0,238230,1,399267,1,944,1,944,1,0,1,132,1,2256,1,133,1,0,1,1,1,1,1,0,1,1,1,11,1,4,1,36,1,0,1,134,1,16423,1,0,1,0,1,2822,1,22176,1,8,1,8,1,0,1,113210,1,133,1,13910,1,990,1,113740,1,2557,1,1,1,31,1,31,1
33,2045800,4536,9570,34.413364,,0,14,10,120,30117,8837,30820,2015683,16,263,10,1,26162,1,10,1,258700,1,314941,1,111319,1,1293790,1,10751,1,109706,1,11683,4,304200,4,83054,4,253550,4,491519,8,640423,120,73826,48,3016,1,25500,1,2725,1,0,0,0,0,0,0,0,0,261475,1,33787,1,5371,1,4910,1,20931,1,205425,1,27194,1,4078,1,5521,1,30721,1,67253,1,16013,1,407,1,9570,1,4536,1,16420,1,9570,1,48,1,1240,1,1,1,0,1,2156,1,4905,1,2509,1,0,0,251910,1,390456,1,908,1,908,1,0,1,120,1,2208,1,121,1,0,1,1,1,1,1,1,1,1,1,10,1,4,1,33,1,116,1,254,1,16013,1,0,1,0,1,2195,1,22275,1,8,1,8,1,0,1,115469,1,121,1,13217,1,8679,1,137383,1,2788,1,1,1,31,1,31,1
34,2220000,5039,9570,34.31901,,0,14,11,132,28911,9579,35047,2191089,16,263,30,1,25971,1,70,1,260143,1,371592,1,132952,1,1389749,1,10581,1,126279,1,12214,4,333608,4,82913,4,270954,4,519434,8,692617,132,62724,36,3367,1,28707,1,2695,1,0,0,0,0,0,0,0,0,308047,1,38696,1,9759,1,4950,1,21302,1,206046,1,27574,1,4349,1,7855,1,36342,1,75469,1,18101,1,392,1,9570,1,5039,1,18493,1,9570,1,48,1,1240,1,1,1,0,1,2157,1,4383,1,3030,1,0,0,251207,1,415635,1,1024,1,1026,1,0,1,132,1,2472,1,133,1,0,1,0,1,1,1,1,1,1,1,11,1,0,1,32,1,120,1,240,1,18101,1,0,1,0,1,2525,1,130845,1,8,1,8,1,0,1,108810,1,133,1,13877,1,3828,1,125306,1,13266,1,1,1,31,1,31,1
35,2281600,4827,9570,34.221935,,0,14,11,132,30458,9318,35157,2251142,16,263,10,1,26412,1,40,1,268930,1,395369,1,124736,1,1424974,1,10671,1,121820,1,12024,4,319289,4,83074,4,255774,4,574588,8,754935,132,40269,36,5270,1,40089,1,3727,1,0,0,0,0,0,0,0,0,336193,1,35801,1,7645,1,4910,1,21172,1,215334,1,27244,1,4108,1,8607,1,32775,1,74146,1,16826,1,199,1,9570,1,4827,1,17025,1,9570,1,48,1,1240,1,1,1,0,1,1650,1,4170,1,3750,1,0,0,233023,1,650348,1,1003,1,1003,1,0,1,132,1,2364,1,133,1,0,1,1,1,1,1,0,1,1,1,11,1,16,1,40,1,0,1,143,1,16826,1,0,1,0,1,2327,1,58047,1,8,1,8,1,0,1,141327,1,133,1,12755,1,3696,1,104598,1,15394,1,1,1,32,1,32,1
36,2346100,4630,9570,34.12213,,0,13,10,120,35095,10170,41877,2311005,16,251,70,1,30911,1,20,1,275794,1,419216,1,119205,1,1454647,1,11142,1,135778,1,12555,4,330972,4,88474,4,281675,4,554804,8,715436,120,79166,36,5431,1,31923,1,2866,1,0,0,0,0,0,0,0,0,357695,1,37334,1,7144,1,5280,1,22314,1,219102,1,28526,1,4198,1,5842,1,30921,1,92061,1,15924,1,381,1,9570,1,4630,1,16305,1,9570,1,48,1,1240,1,1,1,0,1,1650,1,4422,1,3498,1,0,0,280711,1,405801,1,930,1,931,1,0,1,120,1,2244,1,121,1,0,1,1,1,0,1,1,1,1,1,10,1,28,1,0,1,100,1,253,1,15924,1,0,1,0,1,16731,1,252549,1,8,1,8,1,0,1,128152,1,121,1,13778,1,891,1,150651,1,16879,1,1,1,32,1,32,1
37,2201700,4510,9570,34.019604,,0,13,10,120,30450,9158,42556,2171250,16,251,60,1,26703,1,30,1,271615,1,364679,1,114977,1,1382285,1,10901,1,113153,1,14869,4,305182,4,91009,4,267938,4,539594,8,703434,120,61541,36,5902,1,32725,1,2755,1,0,0,0,0,0,0,0,0,305953,1,34568,1,6934,1,5681,1,23065,1,215194,1,27204,1,3767,1,5371,1,30430,1,71371,1,15468,1,267,1,9570,1,4510,1,15735,1,9570,1,48,1,1240,1,1,1,0,1,1651,1,4643,1,3276,1,0,0,244952,1,268752,1,920,1,920,1,0,1,120,1,2148,1,121,1,0,1,1,1,1,1,0,1,1,1,10,1,8,1,48,1,0,1,211,1,15468,1,0,1,0,1,2228,1,9372,1,8,1,8,1,0,1,98683,1,121,1,13448,1,6732,1,114218,1,2805,1,1,1,31,1,31,1
38,2176900,4408,9570,33.91435,,0,13,10,120,33701,9328,37343,2143199,16,251,50,1,27584,1,30,1,273148,1,370184,1,136599,1,1324761,1,10841,1,113764,1,13046,4,370931,4,80599,4,240494,4,464896,8,618139,120,49908,36,3487,1,25520,1,2695,1,0,0,0,0,0,0,0,0,311239,1,32454,1,7675,1,5150,1,24148,1,215695,1,27745,1,4379,1,6302,1,30220,1,70459,1,15140,1,253,1,9570,1,4408,1,15393,1,9570,1,48,1,1240,1,1,1,0,1,1667,1,4873,1,3030,1,0,0,233044,1,360987,1,896,1,896,1,0,1,120,1,2124,1,121,1,0,1,1,1,1,1,0,1,1,1,10,1,8,1,40,1,0,1,205,1,15140,1,0,1,0,1,2772,1,165016,1,8,1,8,1,0,1,100323,1,121,1,14784,1,1254,1,115204,1,16500,1,1,1,31,1,31,1
39,2286400,4880,9570,33.806374,,0,14,11,132,31546,9459,36822,2254854,16,263,70,1,31442,1,70,1,269662,1,404507,1,151408,1,1386984,1,10711,1,130798,1,12825,4,327866,4,83645,4,273178,4,514604,8,693278,132,57683,36,3286,1,28606,1,2715,1,0,0,0,0,0,0,0,0,337435,1,36823,1,11543,1,5320,1,22855,1,207950,1,33135,1,4880,1,7665,1,36853,1,78855,1,16972,1,316,1,9570,1,4880,1,17288,1,9570,1,48,1,1240,1,1,1,0,1,1677,1,4489,1,3404,1,0,0,245747,1,468732,1,1014,1,1015,1,0,1,132,1,2376,1,133,1,0,1,1,1,0,1,1,1,1,1,11,1,12,1,0,1,100,1,204,1,16972,1,0,1,0,1,1964,1,155232,1,8,1,8,1,0,1,134773,1,133,1,14438,1,3927,1,116545,1,13975,1,1,1,32,1,32,1
40,2288500,4979,9570,33.69567,,0,14,11,132,30940,9529,35230,2257560,16,263,40,1,26272,1,60,1,265724,1,439937,1,133183,1,1381653,1,10691,1,127351,1,12224,4,331994,4,83515,4,270263,4,512260,8,691683,132,55609,36,3266,1,28556,1,2695,1,0,0,0,0,0,0,0,0,374528,1,37023,1,11342,1,4940,1,21342,1,211757,1,27404,1,4188,1,7825,1,34829,1,78114,1,16970,1,251,1,9570,1,4979,1,17221,1,9570,1,48,1,1240,1,1,1,0,1,1236,1,3941,1,4393,1,0,0,240367,1,453057,1,1027,1,1027,1,0,1,132,1,2484,1,133,1,0,1,1,1,1,1,0,1,1,1,11,1,16,1,55,1,0,1,180,1,16970,1,0,1,0,1,1931,1,194370,1,8,1,8,1,0,1,129111,1,133,1,13250,1,3003,1,117403,1,16384,1,1,1,32,1,32,1
41,2270100,4855,9570,33.58224,,0,14,11,132,30816,9368,34677,2239284,16,263,60,1,26683,1,70,1,267167,1,418254,1,129235,1,1387124,1,10691,1,120938,1,12264,4,324139,4,83314,4,267698,4,535265,8,702305,132,65980,36,3206,1,28286,1,2645,1,0,0,0,0,0,0,0,0,354509,1,37674,1,8266,1,4890,1,20571,1,214132,1,27344,1,4218,1,6092,1,33366,1,75088,1,16229,1,324,1,9570,1,4855,1,16553,1,9570,1,48,1,1240,1,1,1,0,1,1241,1,4196,1,4133,1,0,0,257967,1,421608,1,1003,1,1004,1,0,1,132,1,2364,1,133,1,0,1,0,1,1,1,1,1,1,1,11,1,0,1,36,1,79,1,209,1,16229,1,0,1,0,1,1898,1,268983,1,8,1,8,1,0,1,110282,1,133,1,13349,1,5544,1,131725,1,13183,1,1,1,32,1,32,1
42,2225300,4689,9570,33.466087,,0,15,10,120,30604,9028,34917,2194696,16,275,50,1,26232,1,30,1,266044,1,388486,1,124986,1,1378186,1,10681,1,114786,1,12214,4,316804,4,84246,4,272567,4,533011,8,674641,120,96019,60,3146,1,29709,1,2675,1,0,0,0,0,0,0,0,0,328608,1,34248,1,7415,1,4890,1,21432,1,211958,1,27424,1,4489,1,5811,1,31943,1,70289,1,15337,1,474,1,9570,1,4689,1,15811,1,9570,1,48,1,1240,1,1,1,0,1,1278,1,4489,1,3803,1,0,0,263777,1,413325,1,942,1,943,1,0,1,120,1,2244,1,121,1,0,1,2,1,0,1,1,1,2,1,10,1,22,1,0,1,69,1,383,1,15337,1,0,1,0,1,1931,1,8844,1,8,1,8,1,0,1,115053,1,121,1,12557,1,4389,1,147912,1,957,1,1,1,32,1,32,1
43,2196100,4655,9570,33.34721,,0,14,10,120,30532,9068,32463,2165568,16,263,30,1,25510,1,10,1,267267,1,405149,1,122932,1,1333969,1,10701,1,113434,1,12354,4,309540,4,83004,4,262628,4,512240,8,654210,120,88194,48,3026,1,26011,1,2665,1,0,0,0,0,0,0,0,0,344008,1,34889,1,7475,1,4950,1,21583,1,213000,1,27284,1,4339,1,5671,1,32013,1,69237,1,15071,1,491,1,9570,1,4655,1,15562,1,9570,1,48,1,1240,1,1,1,0,1,1283,1,4672,1,3615,1,0,0,256254,1,382206,1,944,1,944,1,0,1,120,1,2172,1,121,1,0,1,1,1,0,1,1,1,2,1,10,1,20,1,0,1,77,1,394,1,15071,1,0,1,0,1,2525,1,113025,1,8,1,8,1,0,1,110683,1,121,1,14801,1,5907,1,138639,1,15460,1,1,1,31,1,31,1
44,2283300,5072,9570,33.22561,,0,14,12,144,30670,9579,35870,2252630,16,263,20,1,25761,1,30,1,263109,1,414758,1,139806,1,1398426,1,10721,1,128233,1,12224,4,338357,4,83485,4,272447,4,517290,8,718817,144,35049,24,3416,1,30680,1,2715,1,0,0,0,0,0,0,0,0,346573,1,38225,1,10471,1,4910,1,21011,1,209373,1,27524,1,4369,1,7825,1,37133,1,76561,1,17087,1,192,1,9570,1,5072,1,17279,1,9570,1,48,1,1240,1,1,1,0,1,1383,1,4323,1,3864,1,0,0,231056,1,461043,1,1074,1,1075,1,0,1,144,1,2472,1,145,1,0,1,0,1,1,1,0,1,1,1,12,1,0,1,40,1,0,1,152,1,17087,1,0,1,0,1,2426,1,109956,1,8,1,8,1,0,1,116503,1,145,1,11402,1,6204,1,98328,1,13563,1,1,1,32,1,32,1
45,2340300,5053,9570,33.10128,,0,14,12,144,30948,9559,35408,2309352,16,263,100,1,26111,1,30,1,265884,1,469004,1,137842,1,1399679,1,10701,1,131509,1,12284,4,342014,4,83465,4,274381,4,509624,8,715011,144,33586,24,3366,1,30781,1,2695,1,0,0,0,0,0,0,0,0,402914,1,37784,1,10731,1,4910,1,21082,1,212078,1,27414,1,4428,1,12685,1,34418,1,77653,1,17008,1,164,1,9570,1,5053,1,17172,1,9570,1,48,1,1240,1,1,1,0,1,907,1,3904,1,4759,1,0,0,236121,1,465663,1,1087,1,1087,1,0,1,144,1,2472,1,145,1,0,1,0,1,1,1,1,1,0,1,12,1,0,1,39,1,125,1,0,1,17008,1,0,1,0,1,1766,1,119988,1,8,1,8,1,0,1,117821,1,145,1,11930,1,5544,1,98361,1,14206,1,1,1,32,1,32,1
46,2302400,4767,9570,32.974224,,0,14,11,132,32436,11292,39204,2269964,16,263,140,1,30650,1,50,1,286545,1,412713,1,152761,1,1376984,1,10120,1,127511,1,13416,4,339118,4,87512,4,262668,4,502851,8,676176,132,50139,36,3327,1,26622,1,2665,1,0,0,0,0,0,0,0,0,350290,1,33797,1,9409,1,5801,1,22474,1,223921,1,33726,1,4639,1,6693,1,32354,1,81120,1,15752,1,224,1,9570,1,4767,1,15976,1,9570,1,48,1,1240,1,1,1,0,1,905,1,4118,1,4547,1,0,0,241875,1,499356,1,1004,1,1004,1,0,1,132,1,2316,1,133,1,0,1,1,1,1,1,0,1,1,1,11,1,8,1,62,1,0,1,154,1,15752,1,0,1,0,1,14768,1,18711,1,8,1,8,1,0,1,143072,1,133,1,14124,1,2904,1,110188,1,2904,1,1,1,32,1,32,1
47,2220600,4624,9570,32.844448,,0,14,11,132,32978,9479,35979,2187622,16,263,140,1,30390,1,40,1,291254,1,412122,1,150527,1,1292337,1,10811,1,115077,1,12124,4,309139,4,83675,4,252067,4,477431,8,662559,132,30960,36,3116,1,27524,1,2705,1,0,0,0,0,0,0,0,0,345591,1,34608,1,8707,1,5290,1,22795,1,228601,1,33977,1,5030,1,6503,1,31492,1,69567,1,15050,1,148,1,9570,1,4624,1,15198,1,9570,1,48,1,1240,1,1,1,0,1,967,1,4489,1,4114,1,0,0,227419,1,426063,1,989,1,989,1,0,1,132,1,2256,1,133,1,0,1,2,1,0,1,1,1,0,1,11,1,33,1,0,1,115,1,0,1,15050,1,0,1,0,1,3184,1,1122,1,8,1,8,1,0,1,123390,1,133,1,13942,1,396,1,106486,1,1122,1,1,1,32,1,32,1
48,2308400,4898,9570,32.711945,,0,15,11,132,30991,9599,37064,2277409,16,275,50,1,30330,1,60,1,292847,1,416341,1,137972,1,1389168,1,10641,1,123584,1,12314,4,329469,4,83575,4,266485,4,530155,8,702805,132,56772,48,3286,1,28005,1,2695,1,0,0,0,0,0,0,0,0,348246,1,35991,1,10761,1,5601,1,23296,1,227969,1,35580,1,4399,1,7114,1,35360,1,74306,1,16050,1,317,1,9570,1,4898,1,16367,1,9570,1,48,1,1240,1,1,1,0,1,1098,1,4346,1,4126,1,0,0,235412,1,443520,1,1015,1,1016,1,0,1,132,1,2328,1,133,1,0,1,2,1,0,1,1,1,1,1,11,1,24,1,0,1,108,1,185,1,16050,1,0,1,0,1,3845,1,792,1,8,1,8,1,0,1,115283,1,133,1,12788,1,4257,1,111760,1,792,1,1,1,32,1,32,1
49,2370000,5015,9570,32.576717,,0,14,11,132,32733,9940,35580,2337267,16,263,20,1,26011,1,40,1,276976,1,495647,1,141399,1,1386453,1,10721,1,126940,1,12384,4,335331,4,83384,4,269942,4,512440,8,695301,132,51502,36,3407,1,29959,1,2725,1,0,0,0,0,0,0,0,0,425549,1,39017,1,11653,1,4960,1,21292,1,223020,1,27374,1,3777,1,7455,1,34288,1,78996,1,16568,1,267,1,9570,1,5015,1,16835,1,9570,1,48,1,1240,1,1,1,0,1,687,1,3941,1,4942,1,0,0,243001,1,441540,1,1038,1,1039,1,0,1,132,1,2472,1,133,1,0,1,1,1,1,1,0,1,1,1,11,1,6,1,60,1,0,1,201,1,16568,1,0,1,0,1,2657,1,250635,1,8,1,8,1,0,1,114412,1,133,1,13613,1,396,1,119713,1,13909,1,1,1,32,1,32,1
50,2414500,4836,9570,32.438763,,0,13,11,132,38842,9659,39515,2375658,16,251,160,1,30390,1,70,1,302075,1,473068,1,155507,1,1404268,1,10120,1,126529,1,13256,4,374077,4,79807,4,266505,4,499324,8,690624,132,35690,24,3637,1,28787,1,2685,1,0,0,0,0,0,0,0,0,408240,1,34568,1,9639,1,11322,1,24989,1,229442,1,35640,1,5110,1,6773,1,33125,1,78966,1,16027,1,155,1,9570,1,4836,1,16182,1,9570,1,48,1,1240,1,1,1,0,1,662,1,4246,1,4662,1,0,0,234719,1,472032,1,1014,1,1014,1,0,1,132,1,2388,1,133,1,0,1,1,1,0,1,0,1,1,1,11,1,22,1,0,1,0,1,133,1,16027,1,0,1,0,1,14289,1,173399,1,8,1,8,1,0,1,133484,1,133,1,14569,1,7623,1,106832,1,16632,1,1,1,32,1,32,1
51,2384100,4704,9570,32.298084,,0,13,10,120,32801,9268,33754,2351299,16,251,30,1,30480,1,60,1,285924,1,442392,1,152290,1,1429482,1,10641,1,118975,1,12785,4,390369,4,83815,4,287752,4,493793,8,682002,120,65790,36,3156,1,26813,1,2755,1,0,0,0,0,0,0,0,0,377995,1,35831,1,8697,1,5270,1,23837,1,224302,1,32013,1,5381,1,6613,1,32063,1,72303,1,15237,1,316,1,9570,1,4704,1,15553,1,9570,1,48,1,1240,1,1,1,0,1,728,1,4510,1,4332,1,0,0,236352,1,426442,1,955,1,955,1,0,1,120,1,2268,1,121,1,0,1,1,1,1,1,0,1,1,1,10,1,12,1,60,1,0,1,244,1,15237,1,0,1,0,1,2755,1,102927,1,8,1,8,1,0,1,109371,1,121,1,14041,1,5775,1,117765,1,15230,1,1,1,32,1,32,1
52,2245000,4886,9570,32.154682,,0,14,11,132,31207,9459,34147,2213793,16,263,50,1,26913,1,70,1,276244,1,427392,1,135417,1,1337116,1,10591,1,120728,1,12555,4,327956,4,83294,4,262668,4,486288,8,676414,132,38395,36,3276,1,28176,1,2715,1,0,0,0,0,0,0,0,0,359118,1,37865,1,9699,1,5020,1,21452,1,220244,1,29157,1,4208,1,6322,1,34698,1,73174,1,16269,1,179,1,9570,1,4886,1,16448,1,9570,1,48,1,1240,1,1,1,0,1,978,1,4409,1,4183,1,0,0,237530,1,401412,1,1004,1,1004,1,0,1,132,1,2400,1,133,1,0,1,1,1,1,1,0,1,1,1,11,1,4,1,47,1,0,1,128,1,16269,1,0,1,0,1,2360,1,825,1,8,1,8,1,0,1,108620,1,133,1,13151,1,1023,1,106760,1,825,1,1,1,32,1,32,1
53,2294700,4850,9570,32.008553,,0,13,10,120,32792,9459,33626,2261908,16,251,20,1,26001,1,50,1,277006,1,459556,1,133433,1,1355211,1,10631,1,121950,1,12024,4,325702,4,83284,4,262207,4,507460,8,669370,120,66671,36,3216,1,27264,1,2645,1,0,0,0,0,0,0,0,0,394768,1,34728,1,10972,1,4950,1,21082,1,223120,1,27554,1,3878,1,6413,1,33045,1,76330,1,16018,1,321,1,9570,1,4850,1,16339,1,9570,1,48,1,1240,1,1,1,0,1,476,1,4174,1,4920,1,0,0,230511,1,387090,1,956,1,956,1,0,1,120,1,2400,1,121,1,0,1,1,1,0,1,1,1,1,1,10,1,6,1,0,1,78,1,237,1,16018,1,0,1,0,1,2756,1,54780,1,8,1,8,1,0,1,111377,1,121,1,13316,1,1023,1,115126,1,14652,1,1,1,32,1,32,1
54,2194100,4701,9570,31.8597,,0,12,10,120,32079,9088,31892,2162021,16,239,20,1,26743,1,40,1,275663,1,424547,1,128453,1,1295564,1,10992,1,117431,1,12424,4,314971,4,83695,4,246927,4,478724,8,647778,120,45981,24,3176,1,26432,1,2695,1,0,0,0,0,0,0,0,0,361312,1,35580,1,8908,1,4880,1,21011,1,221767,1,27594,1,4198,1,5872,1,32314,1,72894,1,15414,1,245,1,9570,1,4701,1,15659,1,9570,1,48,1,1240,1,1,1,0,1,484,1,4416,1,4670,1,0,0,230851,1,368478,1,944,1,944,1,0,1,120,1,2304,1,121,1,0,1,0,1,1,1,0,1,1,1,10,1,0,1,51,1,0,1,194,1,15414,1,0,1,0,1,1898,1,58344,1,8,1,8,1,0,1,99957,1,121,1,13844,1,363,1,119613,1,14470,1,1,1,32,1,32,1
55,2247200,4656,9570,31.70812,,0,12,10,120,32164,9078,34144,2215036,16,239,50,1,26673,1,30,1,272898,1,441761,1,128072,1,1334771,1,10781,1,115488,1,13567,4,311394,4,85639,4,253610,4,510827,8,691706,120,38586,24,3176,1,29278,1,2715,1,0,0,0,0,0,0,0,0,378857,1,33967,1,9449,1,4920,1,21382,1,217569,1,28797,1,4439,1,5811,1,31863,1,71260,1,15219,1,176,1,9570,1,4656,1,15395,1,9570,1,48,1,1240,1,1,1,0,1,628,1,4573,1,4369,1,0,0,226877,1,403491,1,932,1,932,1,0,1,120,1,2280,1,121,1,0,1,1,1,0,1,0,1,1,1,10,1,24,1,0,1,0,1,152,1,15219,1,0,1,0,1,2195,1,207537,1,8,1,8,1,0,1,116379,1,121,1,12491,1,1551,1,109697,1,13662,1,1,1,31,1,31,1
56,2207600,4755,9570,31.553818,,0,12,10,120,30599,9108,32263,2177001,16,239,60,1,27254,1,30,1,272457,1,441671,1,131179,1,1293660,1,10691,1,117922,1,12084,4,317085,4,83224,4,251796,4,468954,8,652146,120,36342,24,3126,1,27685,1,2675,1,0,0,0,0,0,0,0,0,374308,1,35981,1,11813,1,5411,1,21262,1,217899,1,27554,1,4188,1,6142,1,32975,1,72453,1,15858,1,186,1,9570,1,4755,1,16044,1,9570,1,48,1,1240,1,1,1,0,1,648,1,4398,1,4524,1,0,0,211005,1,421509,1,944,1,944,1,0,1,120,1,2340,1,121,1,0,1,1,1,0,1,0,1,1,1,10,1,22,1,0,1,0,1,164,1,15858,1,0,1,0,1,2690,1,187341,1,8,1,8,1,0,1,110797,1,121,1,13976,1,6600,1,103609,1,13876,1,1,1,32,1,32,1
57,2253400,4733,9570,31.39679,,0,14,10,120,30278,9168,33525,2223122,16,263,80,1,26963,1,30,1,270884,1,445308,1,130297,1,1338719,1,10841,1,120668,1,12234,4,317546,4,83615,4,262517,4,498783,8,682777,120,44998,48,3146,1,28326,1,2715,1,0,0,0,0,0,0,0,0,381672,1,35259,1,9649,1,4930,1,21051,1,215755,1,28867,1,4008,1,6583,1,32815,1,74988,1,15838,1,191,1,9570,1,4733,1,16029,1,9570,1,48,1,1240,1,1,1,0,1,431,1,4530,1,4609,1,0,0,231923,1,458403,1,930,1,931,1,0,1,120,1,2304,1,121,1,0,1,2,1,1,1,1,1,0,1,10,1,16,1,51,1,124,1,0,1,15838,1,0,1,0,1,2096,1,120879,1,8,1,8,1,0,1,126474,1,121,1,14273,1,1947,1,114927,1,15691,1,1,1,32,1,32,1
58,2205100,4658,9570,31.237036,,0,13,10,120,30584,9138,32283,2174516,16,251,60,1,27614,1,30,1,272627,1,450929,1,128113,1,1284362,1,10781,1,120277,1,12895,4,313358,4,84056,4,248360,4,463494,8,649150,120,30420,36,3196,1,26903,1,2685,1,0,0,0,0,0,0,0,0,387183,1,35871,1,9519,1,4900,1,21422,1,218370,1,27675,1,4088,1,5811,1,32063,1,75900,1,15576,1,134,1,9570,1,4658,1,15710,1,9570,1,48,1,1240,1,1,1,0,1,461,1,4594,1,4515,1,0,0,229076,1,424215,1,920,1,920,1,0,1,120,1,2304,1,121,1,0,1,2,1,0,1,1,1,0,1,10,1,31,1,0,1,103,1,0,1,15576,1,0,1,0,1,2162,1,182226,1,8,1,8,1,0,1,119971,1,121,1,14174,1,891,1,110571,1,15543,1,1,1,32,1,32,1
59,2206100,4682,9570,31.074558,,0,14,10,120,29560,9239,32434,2176540,16,263,30,1,27154,1,60,1,271836,1,429747,1,127481,1,1309581,1,10651,1,115467,1,12274,4,313298,4,83955,4,248350,4,495416,8,671293,120,40039,48,3116,1,25791,1,2675,1,0,0,0,0,0,0,0,0,365821,1,34498,1,11332,1,4890,1,20901,1,217920,1,27785,1,4479,1,5892,1,32424,1,70419,1,15769,1,151,1,9570,1,4682,1,15920,1,9570,1,48,1,1240,1,1,1,0,1,528,1,4536,1,4506,1,0,0,234520,1,418341,1,920,1,920,1,0,1,120,1,2304,1,121,1,0,1,2,1,1,1,1,1,0,1,10,1,14,1,42,1,95,1,0,1,15769,1,0,1,0,1,2261,1,5577,1,8,1,8,1,0,1,114895,1,121,1,12986,1,957,1,117585,1,1402,1,1,1,32,1,32,1
60,2154900,4642,9570,30.909355,,0,13,10,120,30743,9038,31241,2124157,16,251,30,1,26532,1,70,1,273209,1,418655,1,124225,1,1270715,1,10721,1,113834,1,12404,4,310903,4,84086,4,243169,4,464366,8,649893,120,26401,36,3086,1,27123,1,2705,1,0,0,0,0,0,0,0,0,356463,1,34628,1,9409,1,4900,1,21092,1,218220,1,28717,1,4218,1,5711,1,31893,1,69818,1,15871,1,121,1,9570,1,4642,1,15992,1,9570,1,48,1,1240,1,1,1,0,1,531,1,4677,1,4362,1,0,0,226104,1,362010,1,920,1,920,1,0,1,120,1,2316,1,121,1,0,1,2,1,0,1,1,1,0,1,10,1,35,1,0,1,86,1,0,1,15871,1,0,1,0,1,2888,1,104313,1,8,1,8,1,0,1,107070,1,121,1,13448,1,5544,1,109631,1,13431,1,1,1,32,1,32,1
61,2138200,4557,9570,30.741426,,0,12,9,108,31097,8828,30529,2107103,16,239,20,1,26793,1,30,1,275323,1,423094,1,121800,1,1249312,1,10731,1,114906,1,12164,4,306194,4,84166,4,238320,4,452432,8,603271,108,56952,36,3046,1,26562,1,2695,1,0,0,0,0,0,0,0,0,362765,1,33777,1,9158,1,4910,1,21412,1,219813,1,28867,1,4509,1,5551,1,31242,1,71441,1,15392,1,289,1,9570,1,4557,1,15681,1,9570,1,48,1,1240,1,1,1,0,1,492,1,4791,1,4287,1,0,0,212473,1,301158,1,871,1,872,1,0,1,108,1,2244,1,109,1,0,1,1,1,0,1,1,1,1,1,9,1,16,1,0,1,68,1,205,1,15392,1,0,1,0,1,2459,1,147147,1,8,1,8,1,0,1,80445,1,109,1,12986,1,858,1,112519,1,13068,1,1,1,32,1,32,1
62,2149600,4591,9570,30.570772,,0,12,9,108,31555,8898,30139,2118045,16,239,20,1,27274,1,30,1,272647,1,418795,1,123694,1,1264432,1,11152,1,112862,1,12104,4,305693,4,83545,4,238781,4,470968,8,633830,108,45780,36,3146,1,25751,1,2685,1,0,0,0,0,0,0,0,0,357254,1,34839,1,9609,1,4880,1,21092,1,218711,1,27665,1,4138,1,6332,1,31923,1,68355,1,15725,1,211,1,9570,1,4591,1,15936,1,9570,1,48,1,1240,1,1,1,0,1,546,1,4753,1,4271,1,0,0,209834,1,374847,1,856,1,857,1,0,1,108,1,2268,1,109,1,0,1,1,1,1,1,0,1,1,1,9,1,11,1,48,1,0,1,152,1,15725,1,0,1,0,1,2228,1,133287,1,8,1,8,1,0,1,94012,1,109,1,12788,1,1023,1,110027,1,12771,1,1,1,32,1,32,1
63,2106700,4578,9570,30.397394,,0,12,9,108,30007,8918,30749,2076693,16,239,10,1,26803,1,40,1,273068,1,398796,1,122752,1,1244513,1,10711,1,115317,1,12124,4,308207,4,84036,4,237849,4,445849,8,611326,108,41622,36,3066,1,26412,1,2735,1,0,0,0,0,0,0,0,0,339098,1,33486,1,8647,1,4910,1,22033,1,218330,1,27494,1,4178,1,5811,1,31873,1,71321,1,15738,1,184,1,9570,1,4578,1,15922,1,9570,1,48,1,1240,1,1,1,0,1,790,1,4814,1,3966,1,0,0,213279,1,330759,1,868,1,869,1,0,1,108,1,2292,1,109,1,0,1,2,1,0,1,0,1,1,1,9,1,30,1,0,1,0,1,154,1,15738,1,0,1,0,1,2228,1,81840,1,8,1,8,1,0,1,83596,1,109,1,13250,1,4257,1,109301,1,14536,1,1,1,32,1,32,1
64,2097400,4530,9570,30.22129,,0,11,9,108,30065,8747,30097,2067335,16,227,20,1,26963,1,30,1,273980,1,424577,1,121790,1,1209233,1,10741,1,112792,1,12414,4,303047,4,84086,4,231727,4,425348,8,601377,108,25600,24,3056,1,25370,1,2645,1,0,0,0,0,0,0,0,0,365941,1,34137,1,8006,1,4950,1,20039,1,221026,1,27695,1,4048,1,5561,1,31432,1,69708,1,15790,1,114,1,9570,1,4530,1,15904,1,9570,1,48,1,1240,1,1,1,0,1,456,1,4871,1,4243,1,0,0,206236,1,306042,1,860,1,860,1,0,1,108,1,2280,1,109,1,0,1,1,1,0,1,1,1,0,1,9,1,14,1,0,1,100,1,0,1,15790,1,0,1,0,1,1997,1,180708,1,8,1,8,1,0,1,87160,1,109,1,13811,1,1287,1,106710,1,12919,1,1,1,32,1,32,1
65,2104300,4530,9570,30.042463,,0,12,9,108,29981,8757,29766,2074319,16,239,30,1,27133,1,30,1,276024,1,434446,1,119906,1,1205967,1,10781,1,111089,1,12424,4,301805,4,83785,4,229392,4,427102,8,600837,108,25891,36,3036,1,25891,1,2685,1,0,0,0,0,0,0,0,0,373897,1,35159,1,9389,1,4900,1,20991,1,222158,1,27685,1,4148,1,5521,1,31382,1,67944,1,15935,1,102,1,9570,1,4530,1,16037,1,9570,1,48,1,1240,1,1,1,0,1,423,1,4887,1,4260,1,0,0,206611,1,279840,1,848,1,848,1,0,1,108,1,2280,1,109,1,0,1,2,1,0,1,1,1,0,1,9,1,26,1,0,1,76,1,0,1,15935,1,0,1,0,1,2327,1,224499,1,8,1,8,1,0,1,80401,1,109,1,13283,1,2541,1,105110,1,15427,1,1,1,32,1,32,1
66,2079900,4531,9570,29.860909,,0,13,9,108,30731,8988,30720,2049169,16,251,10,1,26823,1,30,1,274190,1,384829,1,119125,1,1233421,1,10741,1,117351,1,12595,4,304440,4,84056,4,234512,4,438835,8,606967,108,35660,48,3116,1,26853,1,2675,1,0,0,0,0,0,0,0,0,325592,1,34518,1,8106,1,4860,1,20400,1,221467,1,27194,1,4319,1,5701,1,31212,1,73715,1,15882,1,146,1,9570,1,4531,1,16028,1,9570,1,48,1,1240,1,1,1,0,1,993,1,4914,1,3663,1,0,0,210457,1,331683,1,848,1,848,1,0,1,108,1,2292,1,109,1,0,1,3,1,0,1,1,1,0,1,9,1,40,1,0,1,106,1,0,1,15882,1,0,1,0,1,2723,1,166947,1,8,1,8,1,0,1,91191,1,109,1,13712,1,2937,1,106661,1,13645,1,1,1,32,1,32,1
67,2075200,4532,9570,29.67663,,0,11,9,108,30189,8807,30239,2045011,16,227,60,1,26773,1,50,1,275263,1,396882,1,119145,1,1216177,1,10661,1,111029,1,12435,4,304330,4,84176,4,232649,4,430839,8,612418,108,20831,24,3106,1,26071,1,2735,1,0,0,0,0,0,0,0,0,336453,1,35801,1,8246,1,4970,1,21222,1,221046,1,27735,1,4058,1,5631,1,31452,1,67824,1,16039,1,83,1,9570,1,4532,1,16122,1,9570,1,48,1,1240,1,1,1,0,1,738,1,4945,1,3887,1,0,0,205691,1,295878,1,836,1,836,1,0,1,108,1,2280,1,109,1,0,1,1,1,0,1,1,1,0,1,9,1,15,1,0,1,68,1,0,1,16039,1,0,1,0,1,2442,1,116226,1,8,1,8,1,0,1,95851,1,109,1,12656,1,6006,1,100622,1,13117,1,1,1,32,1,32,1
68,2047600,4513,9570,29.489626,,0,12,9,108,30314,8788,29888,2017286,16,239,20,1,26893,1,70,1,273148,1,385390,1,118443,1,1202590,1,10731,1,111479,1,12314,4,301915,4,83705,4,226777,4,426481,8,599863,108,23506,36,2996,1,25440,1,2695,1,0,0,0,0,0,0,0,0,327405,1,34278,1,7795,1,4880,1,21062,1,219242,1,27695,1,4138,1,5511,1,31161,1,68575,1,16045,1,83,1,9570,1,4513,1,16128,1,9570,1,48,1,1240,1,1,1,0,1,742,1,4946,1,3882,1,0,0,205725,1,296472,1,836,1,836,1,0,1,108,1,2280,1,109,1,0,1,2,1,0,1,1,1,0,1,9,1,17,1,0,1,66,1,0,1,16045,1,0,1,0,1,2393,1,88110,1,8,1,8,1,0,1,79128,1,109,1,14207,1,2409,1,106777,1,14701,1,1,1,32,1,32,1
69,2119600,4475,9570,29.299898,,0,12,9,108,31544,8918,33534,2088056,16,239,60,1,26963,1,40,1,271756,1,360951,1,116229,1,1301084,1,10972,1,109867,1,12976,4,301294,4,83545,4,234111,4,511037,8,692717,108,18897,36,6132,1,30200,1,3006,1,0,0,0,0,0,0,0,0,304791,1,33306,1,6954,1,4860,1,21142,1,218240,1,27234,1,4328,1,5421,1,30630,1,67423,1,15993,1,57,1,9570,1,4475,1,16050,1,9570,1,48,1,1240,1,1,1,0,1,1132,1,4983,1,3455,1,0,0,217631,1,392502,1,822,1,822,1,0,1,108,1,2280,1,109,1,0,1,2,1,1,1,0,1,0,1,9,1,14,1,43,1,0,1,0,1,15993,1,0,1,0,1,1865,1,495,1,8,1,8,1,0,1,113944,1,109,1,12705,1,3927,1,107462,1,495,1,1,1,32,1,32,1
70,2048100,4477,9570,29.107445,,0,11,9,108,31746,8937,30780,2016354,16,227,110,1,26663,1,60,1,272898,1,377414,1,117892,1,1210606,1,10711,1,112472,1,12635,4,299821,4,83825,4,229001,4,429727,8,612529,108,15420,24,2986,1,28486,1,2715,1,0,0,0,0,0,0,0,0,319209,1,34498,1,7324,1,4920,1,21512,1,217930,1,27524,1,3818,1,5381,1,30430,1,70680,1,16049,1,60,1,9570,1,4477,1,16109,1,9570,1,48,1,1240,1,1,1,0,1,1091,1,5012,1,3467,1,0,0,212008,1,326832,1,836,1,836,1,0,1,108,1,2292,1,109,1,0,1,1,1,1,1,0,1,0,1,9,1,19,1,41,1,0,1,0,1,16049,1,0,1,0,1,2360,1,48510,1,8,1,8,1,0,1,85279,1,109,1,13481,1,330,1,106859,1,16054,1,1,1,32,1,32,1
71,2034400,4474,9569,28.912266,,0,12,9,108,29839,8617,30448,2004561,16,239,30,1,27043,1,40,1,268700,1,374438,1,118043,1,1205456,1,10811,1,111029,1,12414,4,300863,4,83976,4,228591,4,427703,8,607379,108,18466,36,2996,1,26532,1,2735,1,0,0,0,0,0,0,0,0,318127,1,33185,1,7004,1,4870,1,20981,1,214783,1,27765,1,4108,1,5501,1,30811,1,68575,1,16078,1,45,1,9569,1,4474,1,16123,1,9569,1,48,1,1240,1,1,1,0,1,1032,1,5017,1,3520,1,0,0,205935,1,312213,1,824,1,824,1,0,1,108,1,2280,1,109,1,0,1,3,1,0,1,0,1,0,1,9,1,45,1,0,1,0,1,0,1,16078,1,0,1,0,1,2360,1,149622,1,8,1,8,1,0,1,88597,1,109,1,12953,1,2937,1,102982,1,12523,1,1,1,32,1,32,1
72,2043000,4455,9569,28.714361,,0,11,8,96,30583,8827,29147,2012417,16,227,60,1,27184,1,30,1,282757,1,356232,1,115337,1,1220145,1,10671,1,110688,1,11934,4,301214,4,83254,4,232528,4,439637,8,585154,96,57864,36,2936,1,26472,1,2655,1,0,0,0,0,0,0,0,0,298719,1,35360,1,6122,1,4910,1,21482,1,228400,1,27725,1,4008,1,6002,1,30460,1,68224,1,15819,1,274,1,9569,1,4455,1,16093,1,9569,1,48,1,1240,1,1,1,0,1,1357,1,5028,1,3184,1,0,0,205588,1,297198,1,776,1,776,1,0,1,96,1,2232,1,97,1,0,1,2,1,0,1,0,1,1,1,8,1,39,1,0,1,0,1,235,1,15819,1,0,1,0,1,2063,1,17556,1,8,1,8,1,0,1,73717,1,97,1,12920,1,330,1,108988,1,2112,1,1,1,32,1,32,1
73,2021700,4472,9569,28.745037,,0,10,9,108,30676,8837,28264,1991024,16,215,40,1,27033,1,30,1,279341,1,359990,1,115908,1,1197801,1,10881,1,114255,1,12805,4,299711,4,84366,4,226687,4,418655,8,608481,108,8597,12,3116,1,26683,1,2685,1,0,0,0,0,0,0,0,0,303468,1,34017,1,6633,1,4900,1,20931,1,225525,1,27695,1,3988,1,5521,1,30630,1,71702,1,16090,1,28,1,9569,1,4472,1,16118,1,9569,1,48,1,1240,1,1,1,0,1,1529,1,5048,1,2992,1,0,0,213428,1,331650,1,824,1,824,1,0,1,108,1,2268,1,109,1,0,1,1,1,0,1,0,1,0,1,9,1,28,1,0,1,0,1,0,1,16090,1,0,1,0,1,2030,1,59532,1,8,1,8,1,0,1,98186,1,109,1,13910,1,363,1,107106,1,14107,1,1,1,32,1,32,1
74,2026400,4465,9569,28.771923,,0,11,9,108,30616,8818,30920,1995784,16,227,20,1,26562,1,40,1,279060,1,358807,1,116329,1,1204264,1,10701,1,115417,1,12595,4,299230,4,83845,4,226737,4,425238,8,613219,108,7835,24,3066,1,26643,1,2675,1,0,0,0,0,0,0,0,0,300572,1,34869,1,6613,1,5000,1,19589,1,226817,1,27364,1,3908,1,5681,1,30861,1,72654,1,16127,1,20,1,9569,1,4465,1,16147,1,9569,1,48,1,1240,1,1,1,0,1,1414,1,5039,1,3116,1,0,0,215409,1,396693,1,824,1,824,1,0,1,108,1,2280,1,109,1,0,1,2,1,0,1,0,1,0,1,9,1,20,1,0,1,0,1,0,1,16127,1,0,1,0,1,2954,1,165264,1,8,1,8,1,0,1,111608,1,109,1,14207,1,5775,1,107750,1,13200,1,1,1,32,1,32,1
75,2018100,4458,9569,28.794498,,0,10,8,96,30382,8888,28555,1987718,16,215,30,1,26903,1,40,1,273699,1,347014,1,114516,1,1214374,1,11142,1,111780,1,11342,4,297617,4,83495,4,236155,4,434025,8,587680,96,53946,24,2986,1,25390,1,2695,1,0,0,0,0,0,0,0,0,291224,1,32454,1,6813,1,4910,1,19839,1,221026,1,27665,1,4368,1,5401,1,30360,1,69637,1,15880,1,260,1,9569,1,4458,1,16140,1,9569,1,48,1,1240,1,1,1,0,1,1818,1,5045,1,2706,1,0,0,208772,1,351714,1,776,1,776,1,0,1,96,1,2220,1,97,1,0,1,1,1,0,1,0,1,1,1,8,1,17,1,0,1,0,1,243,1,15880,1,0,1,0,1,2327,1,152526,1,8,1,8,1,0,1,95315,1,97,1,13613,1,3828,1,115621,1,16038,1,1,1,32,1,32,1
76,2122700,4464,9569,28.81284,,0,11,9,108,31386,9799,31420,2091314,16,227,20,1,27063,1,30,1,271245,1,315584,1,160536,1,1297538,1,19298,1,114967,1,12825,4,370711,4,83645,4,226306,4,448213,8,634973,108,8126,24,3046,1,25310,1,2715,1,0,0,0,0,0,0,0,0,256036,1,34648,1,7114,1,4870,1,21001,1,217338,1,27745,1,4409,1,6302,1,30630,1,71190,1,16101,1,29,1,9569,1,4464,1,16130,1,9569,1,48,1,1240,1,1,1,0,1,2040,1,5040,1,2489,1,0,0,221982,1,370623,1,824,1,824,1,0,1,108,1,2280,1,109,1,0,1,2,1,0,1,0,1,0,1,9,1,29,1,0,1,0,1,0,1,16101,1,0,1,0,1,1865,1,45710,1,8,1,8,1,0,1,144324,1,109,1,13542,1,297,1,103514,1,16917,1,1,1,32,1,32,1
77,2108900,4463,9569,28.827902,,0,11,8,96,31540,9449,30569,2077360,16,227,100,1,29588,1,30,1,271936,1,342811,1,139004,1,1283149,1,10741,1,119345,1,12224,4,355661,4,82923,4,233470,4,437312,8,582610,96,57604,36,3016,1,26973,1,2775,1,0,0,0,0,0,0,0,0,280829,1,37544,1,6593,1,5140,1,22635,1,210836,1,33055,1,4168,1,7615,1,29909,1,75219,1,15876,1,269,1,9569,1,4463,1,16145,1,9569,1,48,1,1240,1,1,1,0,1,1976,1,5042,1,2551,1,0,0,208049,1,306141,1,776,1,776,1,0,1,96,1,2208,1,97,1,0,1,2,1,0,1,0,1,1,1,8,1,25,1,0,1,0,1,244,1,15876,1,0,1,0,1,2822,1,231314,1,8,1,8,1,0,1,83357,1,97,1,15180,1,1683,1,119323,1,15263,1,1,1,32,1,32,1
78,2041300,4462,9568,28.840885,,0,10,8,96,31949,8888,29265,2009351,16,215,70,1,30701,1,40,1,283278,1,338567,1,118554,1,1227369,1,10771,1,110889,1,11552,4,306374,4,83334,4,234963,4,440178,8,593172,96,52704,24,2946,1,25530,1,2715,1,0,0,0,0,0,0,0,0,281775,1,33396,1,6102,1,5952,1,23506,1,215144,1,38235,1,3968,1,5591,1,30701,1,68555,1,15886,1,247,1,9568,1,4462,1,16133,1,9568,1,48,1,1240,1,1,1,0,1,2088,1,5045,1,2435,1,0,0,208823,1,333795,1,776,1,776,1,0,1,96,1,2220,1,97,1,0,1,1,1,0,1,0,1,1,1,8,1,5,1,0,1,0,1,242,1,15886,1,0,1,0,1,2393,1,163218,1,8,1,8,1,0,1,96715,1,97,1,14273,1,4356,1,116578,1,14454,1,1,1,32,1,32,1
79,2068500,4456,9567,28.852116,,0,10,8,96,32537,9308,34607,2035963,16,215,140,1,30580,1,50,1,294250,1,304400,1,134756,1,1261667,1,10120,1,120558,1,12324,4,333417,4,78224,4,235935,4,440769,8,593791,96,48305,24,3036,1,25350,1,2745,1,0,0,0,0,0,0,0,0,245634,1,35079,1,6162,1,5681,1,23055,1,230444,1,34468,1,4950,1,6262,1,30290,1,76581,1,15903,1,229,1,9567,1,4456,1,16132,1,9567,1,48,1,1240,1,1,1,0,1,2176,1,5044,1,2347,1,0,0,204607,1,341418,1,775,1,776,1,0,1,96,1,2304,1,97,1,0,1,1,1,0,1,0,1,1,1,8,1,5,1,0,1,0,1,224,1,15903,1,0,1,0,1,5445,1,53328,1,8,1,8,1,0,1,107888,1,97,1,13035,1,4752,1,108702,1,14470,1,1,1,32,1,32,1
80,2119000,4458,9567,28.861916,,0,10,8,96,31020,8938,28305,2087980,16,215,100,1,30440,1,50,1,294701,1,309690,1,127932,1,1314356,1,10711,1,112822,1,12374,4,361733,4,82493,4,231707,4,465132,8,616320,96,52213,24,4479,1,31272,1,3407,1,0,0,0,0,0,0,0,0,254001,1,32985,1,6002,1,5721,1,23166,1,233210,1,32083,1,4449,1,6112,1,30310,1,69677,1,15901,1,247,1,9567,1,4458,1,16148,1,9567,1,48,1,1240,1,1,1,0,1,2147,1,5041,1,2379,1,0,0,217559,1,374896,1,776,1,776,1,0,1,96,1,2220,1,97,1,0,1,1,1,0,1,0,1,1,1,8,1,9,1,0,1,0,1,238,1,15901,1,0,1,0,1,2062,1,5511,1,8,1,8,1,0,1,98769,1,97,1,12919,1,5940,1,116449,1,1073,1,1,1,32,1,32,1
81,1981000,4462,9566,28.87016,,0,10,8,96,30315,8797,29128,1950685,16,215,30,1,26763,1,60,1,274701,1,311223,1,114416,1,1212811,1,10681,1,114576,1,11733,4,297286,4,82793,4,231877,4,434066,8,583439,96,53375,24,3467,1,25470,1,2745,1,0,0,0,0,0,0,0,0,254542,1,34117,1,5791,1,5240,1,22194,1,219583,1,27314,1,3627,1,5561,1,30410,1,72653,1,15936,1,262,1,9566,1,4462,1,16198,1,9566,1,48,1,1240,1,1,1,0,1,2160,1,5037,1,2369,1,0,0,208937,1,329703,1,776,1,776,1,0,1,96,1,2232,1,97,1,0,1,1,1,0,1,0,1,1,1,8,1,17,1,0,1,0,1,245,1,15936,1,0,1,0,1,2690,1,25080,1,8,1,8,1,0,1,82309,1,97,1,14240,1,462,1,114928,1,2541,1,1,1,32,1,32,1
82,1969900,4462,9566,28.877672,,0,10,8,96,29726,8697,28666,1940174,16,215,10,1,26943,1,30,1,272687,1,308207,1,113053,1,1208472,1,10771,1,115668,1,11843,4,296715,4,82442,4,229142,4,434096,8,584042,96,50530,24,2956,1,24228,1,2685,1,0,0,0,0,0,0,0,0,252227,1,33025,1,6272,1,4940,1,20871,1,218962,1,27534,1,3697,1,5461,1,30490,1,74006,1,15986,1,244,1,9566,1,4462,1,16230,1,9566,1,48,1,1240,1,1,1,0,1,2292,1,5037,1,2237,1,0,0,209152,1,316932,1,776,1,776,1,0,1,96,1,2220,1,97,1,0,1,1,1,0,1,0,1,1,1,8,1,10,1,0,1,0,1,234,1,15986,1,0,1,0,1,2591,1,90552,1,8,1,8,1,0,1,85102,1,97,1,13481,1,363,1,116199,1,13744,1,1,1,32,1,32,1
83,2061600,4464,9566,28.884876,,0,10,8,96,31148,9158,34687,2030452,16,215,140,1,30530,1,40,1,295923,1,294981,1,134525,1,1264152,1,10160,1,122982,1,12114,4,327506,4,83274,4,238029,4,440117,8,591346,96,52113,24,2956,1,25340,1,2675,1,0,0,0,0,0,0,0,0,236556,1,34759,1,6122,1,5310,1,23406,1,233099,1,33396,1,5220,1,7425,1,37945,1,69978,1,15984,1,257,1,9566,1,4464,1,16241,1,9566,1,48,1,1240,1,1,1,0,1,2369,1,5039,1,2158,1,0,0,211058,1,318021,1,776,1,776,1,0,1,96,1,2232,1,97,1,0,1,1,1,0,1,0,1,1,1,8,1,11,1,0,1,0,1,246,1,15984,1,0,1,0,1,15031,1,19041,1,8,1,8,1,0,1,86104,1,97,1,13744,1,2211,1,111815,1,1469,1,1,1,31,1,31,1
84,2072600,4460,9566,28.891674,,0,10,9,108,31447,8817,33063,2041153,16,215,40,1,30600,1,100,1,288118,1,304119,1,137170,1,1270334,1,10671,1,114696,1,13216,4,310742,4,111790,4,235895,4,443435,8,640746,108,5521,12,3056,1,25901,1,2785,1,0,0,0,0,0,0,0,0,246195,1,34468,1,6222,1,5250,1,22835,1,227488,1,32183,1,4529,1,6252,1,30480,1,71100,1,16227,1,14,1,9566,1,4460,1,16241,1,9566,1,48,1,1240,1,1,1,0,1,2381,1,5040,1,2145,1,0,0,219449,1,333531,1,812,1,812,1,0,1,108,1,2268,1,109,1,0,1,1,1,0,1,0,1,0,1,9,1,14,1,0,1,0,1,0,1,16227,1,0,1,0,1,1996,1,924,1,8,1,8,1,0,1,91487,1,109,1,14091,1,1122,1,111423,1,924,1,1,1,32,1,32,1
85,2013600,4454,9564,28.89812,,0,10,8,96,31303,8878,28867,1982297,16,215,70,1,30270,1,60,1,288308,1,305973,1,139836,1,1207069,1,10711,1,110277,1,11913,4,296364,4,82793,4,232107,4,432773,8,583801,96,52213,24,2986,1,26182,1,2796,1,0,0,0,0,0,0,0,0,247247,1,34438,1,6443,1,5641,1,22985,1,224903,1,34288,1,4699,1,5521,1,30220,1,67794,1,15993,1,251,1,9564,1,4454,1,16244,1,9564,1,48,1,1240,1,1,1,0,1,2509,1,5047,1,2008,1,0,0,207138,1,307626,1,776,1,776,1,0,1,96,1,2220,1,97,1,0,1,1,1,0,1,0,1,1,1,8,1,7,1,0,1,0,1,244,1,15993,1,0,1,0,1,2393,1,95667,1,8,1,8,1,0,1,81686,1,97,1,13349,1,6138,1,116463,1,14388,1,1,1,32,1,32,1
86,1953800,4452,9563,28.90361,,0,10,8,96,31231,8677,29036,1922569,16,215,60,1,26873,1,40,1,277637,1,289681,1,111971,1,1205686,1,10621,1,110678,1,11693,4,295693,4,82503,4,232318,4,432473,8,582760,96,52994,24,2976,1,25961,1,2715,1,0,0,0,0,0,0,0,0,233791,1,33416,1,5491,1,4870,1,20651,1,223901,1,27915,1,3537,1,5391,1,30440,1,69176,1,15967,1,256,1,9563,1,4452,1,16223,1,9563,1,48,1,1240,1,1,1,0,1,2540,1,5048,1,1975,1,0,0,206975,1,347787,1,776,1,776,1,0,1,96,1,2220,1,97,1,0,1,1,1,0,1,0,1,1,1,8,1,11,1,0,1,0,1,245,1,15967,1,0,1,0,1,2063,1,429,1,8,1,8,1,0,1,90049,1,97,1,13679,1,1848,1,115506,1,429,1,1,1,32,1,32,1
87,1950700,4461,9563,28.9092,,0,10,9,108,29754,8928,29448,1920946,16,215,20,1,26753,1,60,1,274411,1,308538,1,113243,1,1186829,1,11092,1,115037,1,12034,4,298188,4,83424,4,221957,4,416050,8,603480,108,5080,12,2935,1,25510,1,2765,1,0,0,0,0,0,0,0,0,251606,1,33736,1,5992,1,4930,1,21593,1,220104,1,27454,1,3838,1,5621,1,30690,1,72704,1,16229,1,11,1,9563,1,4461,1,16240,1,9563,1,48,1,1240,1,1,1,0,1,2602,1,5044,1,1917,1,0,0,212587,1,333366,1,812,1,812,1,0,1,108,1,2256,1,109,1,0,1,1,1,0,1,0,1,0,1,9,1,11,1,0,1,0,1,0,1,16229,1,0,1,0,1,2063,1,194535,1,8,1,8,1,0,1,95938,1,109,1,14108,1,429,1,107684,1,15328,1,1,1,32,1,32,1
88,1960100,4461,9561,28.91393,,0,10,8,96,30757,8748,28275,1929343,16,215,20,1,26823,1,60,1,273289,1,286014,1,114416,1,1217901,1,10821,1,111610,1,11503,4,297787,4,83104,4,234232,4,439877,8,593551,96,52283,24,2946,1,25370,1,2725,1,0,0,0,0,0,0,0,0,228871,1,33686,1,6062,1,4880,1,21272,1,219222,1,27624,1,3968,1,5651,1,30600,1,69227,1,15969,1,254,1,9561,1,4461,1,16223,1,9561,1,48,1,1240,1,1,1,0,1,2681,1,5038,1,1842,1,0,0,211464,1,337095,1,776,1,776,1,0,1,96,1,2232,1,97,1,0,1,1,1,0,1,0,1,1,1,8,1,11,1,0,1,0,1,243,1,15969,1,0,1,0,1,2393,1,139854,1,8,1,8,1,0,1,94220,1,97,1,12870,1,2013,1,116083,1,14239,1,1,1,32,1,32,1
89,1952500,4461,9561,28.918192,,0,10,8,96,31383,8797,27854,1921117,16,215,30,1,26883,1,30,1,272748,1,293198,1,113604,1,1203883,1,10741,1,110768,1,11362,4,298769,4,82853,4,230094,4,429296,8,584884,96,46652,24,2956,1,26272,1,2715,1,0,0,0,0,0,0,0,0,235424,1,33977,1,6182,1,4910,1,21072,1,218891,1,27594,1,3597,1,6182,1,30791,1,68114,1,16008,1,228,1,9561,1,4461,1,16236,1,9561,1,48,1,1240,1,1,1,0,1,2764,1,5039,1,1758,1,0,0,209814,1,285219,1,776,1,776,1,0,1,96,1,2232,1,97,1,0,1,1,1,0,1,0,1,1,1,8,1,9,1,0,1,0,1,219,1,16008,1,0,1,0,1,2261,1,92400,1,8,1,8,1,0,1,81999,1,97,1,14009,1,6237,1,118360,1,12969,1,1,1,32,1,32,1
90,2014000,4460,9560,28.922281,,0,10,8,96,31783,9900,34798,1982217,16,215,110,1,30500,1,40,1,305352,1,281565,1,123644,1,1230756,1,10250,1,113083,1,12114,4,307165,4,86230,4,231877,4,439326,8,590144,96,46261,24,3066,1,25290,1,2705,1,0,0,0,0,0,0,0,0,225034,1,31452,1,6232,1,5280,1,23456,1,229713,1,46391,1,4248,1,5611,1,30520,1,70379,1,15993,1,235,1,9560,1,4460,1,16228,1,9560,1,48,1,1240,1,1,1,0,1,2878,1,5039,1,1643,1,0,0,208023,1,316107,1,776,1,776,1,0,1,96,1,2232,1,97,1,0,1,1,1,0,1,0,1,1,1,8,1,8,1,0,1,0,1,227,1,15993,1,0,1,0,1,2739,1,145860,1,8,1,8,1,0,1,84606,1,97,1,13546,1,924,1,112656,1,14652,1,1,1,32,1,32,1
91,1987700,4461,9557,28.926441,,0,10,8,96,31700,8657,29157,1956000,16,215,70,1,30430,1,30,1,292226,1,274446,1,121389,1,1226728,1,10681,1,111680,1,11663,4,316955,4,83084,4,231156,4,431040,8,585986,96,47053,24,3327,1,26422,1,2745,1,0,0,0,0,0,0,0,0,219457,1,31853,1,5902,1,5240,1,22845,1,230574,1,33215,1,3707,1,5681,1,30370,1,69858,1,15989,1,231,1,9557,1,4461,1,16220,1,9557,1,48,1,1240,1,1,1,0,1,2930,1,5037,1,1590,1,0,0,203162,1,264957,1,776,1,776,1,0,1,96,1,2232,1,97,1,0,1,1,1,0,1,0,1,1,1,8,1,8,1,0,1,0,1,223,1,15989,1,0,1,0,1,2557,1,129079,1,8,1,8,1,0,1,81059,1,97,1,14273,1,462,1,111496,1,14157,1,1,1,31,1,31,1
92,1956000,4462,9557,28.930197,,0,10,8,96,31016,8938,28634,1924984,16,215,60,1,27484,1,40,1,279230,1,281545,1,113213,1,1212720,1,10691,1,111289,1,11613,4,298859,4,83184,4,235424,4,432342,8,587100,96,52033,24,3026,1,25340,1,2705,1,0,0,0,0,0,0,0,0,225014,1,33466,1,5561,1,4990,1,21873,1,224332,1,27735,1,3136,1,5571,1,30440,1,70008,1,15947,1,259,1,9557,1,4462,1,16206,1,9557,1,48,1,1240,1,1,1,0,1,3016,1,5038,1,1503,1,0,0,211166,1,311454,1,776,1,776,1,0,1,96,1,2232,1,97,1,0,1,1,1,0,1,0,1,1,1,8,1,14,1,0,1,0,1,245,1,15947,1,0,1,0,1,1667,1,160050,1,8,1,8,1,0,1,82210,1,97,1,14009,1,5478,1,114532,1,13381,1,1,1,32,1,32,1
93,2043500,4459,9555,28.933605,,0,11,8,96,32226,9168,34697,2011274,16,227,150,1,31111,1,60,1,288298,1,269752,1,135537,1,1276276,1,10090,1,116359,1,12384,4,336293,4,86841,4,234202,4,450478,8,594283,96,55700,36,3046,1,24809,1,2695,1,0,0,0,0,0,0,0,0,210956,1,33767,1,5922,1,5361,1,23116,1,226667,1,32464,1,4699,1,6332,1,30450,1,72222,1,15940,1,262,1,9555,1,4459,1,16202,1,9555,1,48,1,1240,1,1,1,0,1,3066,1,5038,1,1451,1,0,0,216255,1,309507,1,776,1,776,1,0,1,96,1,2232,1,97,1,0,1,2,1,0,1,0,1,1,1,8,1,17,1,0,1,0,1,245,1,15940,1,0,1,0,1,16253,1,105963,1,8,1,8,1,0,1,91144,1,97,1,13662,1,6567,1,122348,1,15790,1,1,1,32,1,32,1
94,2002200,4455,9554,28.936785,,0,11,8,96,32277,8857,30339,1969923,16,227,150,1,30711,1,50,1,287086,1,254802,1,135868,1,1249322,1,11934,1,112231,1,12515,4,332345,4,83064,4,233370,4,435659,8,586998,96,51692,36,2986,1,25560,1,2735,1,0,0,0,0,0,0,0,0,197890,1,33025,1,5892,1,5601,1,23236,1,224653,1,33256,1,4349,1,6172,1,30440,1,68896,1,15986,1,238,1,9554,1,4455,1,16224,1,9554,1,48,1,1240,1,1,1,0,1,3200,1,5040,1,1314,1,0,0,206054,1,310035,1,776,1,776,1,0,1,96,1,2232,1,97,1,0,1,2,1,0,1,0,1,1,1,8,1,14,1,0,1,0,1,224,1,15986,1,0,1,0,1,2458,1,66858,1,8,1,8,1,0,1,88332,1,97,1,14586,1,1980,1,115445,1,15246,1,1,1,32,1,32,1
95,2009200,4464,9554,28.939753,,0,11,8,96,30119,8797,29718,1979081,16,227,80,1,30560,1,60,1,287507,1,255193,1,136569,1,1258440,1,10671,1,111359,1,12064,4,336844,4,82743,4,232629,4,441821,8,587829,96,56902,36,3397,1,26051,1,2735,1,0,0,0,0,0,0,0,0,199293,1,32444,1,5892,1,5220,1,22795,1,225094,1,33857,1,4138,1,6272,1,30430,1,68245,1,15994,1,266,1,9554,1,4464,1,16260,1,9554,1,48,1,1240,1,1,1,0,1,3227,1,5034,1,1293,1,0,0,214417,1,291786,1,776,1,776,1,0,1,96,1,2232,1,97,1,0,1,2,1,0,1,0,1,1,1,8,1,11,1,0,1,0,1,255,1,15994,1,0,1,0,1,1898,1,825,1,8,1,8,1,0,1,79207,1,97,1,13745,1,1749,1,117502,1,825,1,1,1,32,1,32,1
96,2024400,4454,9554,28.942532,,0,11,8,96,31562,10821,30359,1992838,16,227,60,1,30630,1,40,1,306384,1,257628,1,132682,1,1254242,1,11172,1,115297,1,12194,4,331463,4,78855,4,236777,4,436570,8,584984,96,58004,36,3116,1,26392,1,2755,1,0,0,0,0,0,0,0,0,202018,1,31662,1,5501,1,16673,1,23256,1,232779,1,33326,1,4028,1,6192,1,29969,1,72724,1,16034,1,229,1,9554,1,4454,1,16263,1,9554,1,48,1,1240,1,1,1,0,1,3322,1,5033,1,1199,1,0,0,204589,1,284262,1,776,1,776,1,0,1,96,1,2232,1,97,1,0,1,2,1,0,1,0,1,1,1,8,1,11,1,0,1,0,1,218,1,16034,1,0,1,0,1,13959,1,1056,1,8,1,8,1,0,1,70546,1,97,1,13365,1,6270,1,111656,1,1056,1,1,1,32,1,32,1
97,1961200,4453,9554,28.9452,,0,11,8,96,30474,8948,29127,1930726,16,227,70,1,30500,1,60,1,282457,1,247327,1,126740,1,1232780,1,10791,1,116099,1,12164,4,309781,4,83074,4,233861,4,436951,8,591056,96,50630,36,2966,1,26242,1,2695,1,0,0,0,0,0,0,0,0,192018,1,32484,1,5561,1,4990,1,22354,1,223440,1,31342,1,4128,1,5942,1,30290,1,73425,1,16047,1,230,1,9554,1,4453,1,16277,1,9554,1,48,1,1240,1,1,1,0,1,3359,1,5037,1,1158,1,0,0,214761,1,369237,1,776,1,776,1,0,1,96,1,2220,1,97,1,0,1,2,1,0,1,0,1,1,1,8,1,11,1,0,1,0,1,219,1,16047,1,0,1,0,1,2459,1,179421,1,8,1,8,1,0,1,106681,1,97,1,14207,1,6897,1,117271,1,12606,1,1,1,32,1,32,1
98,1902100,4449,9553,28.947609,,0,11,8,96,29449,8657,29077,1872651,16,227,20,1,26853,1,40,1,275313,1,236125,1,112181,1,1211197,1,10922,1,111339,1,11723,4,296855,4,82643,4,235053,4,434667,8,589622,96,51020,36,2976,1,24639,1,2645,1,0,0,0,0,0,0,0,0,179594,1,34438,1,5511,1,4940,1,20891,1,221607,1,27574,1,3787,1,5441,1,30109,1,69838,1,16050,1,226,1,9553,1,4449,1,16276,1,9553,1,48,1,1240,1,1,1,0,1,3411,1,5039,1,1103,1,0,0,209452,1,327294,1,776,1,776,1,0,1,96,1,2220,1,97,1,0,1,2,1,0,1,0,1,1,1,8,1,12,1,0,1,0,1,214,1,16050,1,0,1,0,1,2162,1,80223,1,8,1,8,1,0,1,92889,1,97,1,13580,1,5478,1,114631,1,12870,1,1,1,32,1,32,1
99,1950900,4452,9552,28.949892,,0,11,8,96,29914,8737,32254,1920986,16,227,10,1,26803,1,30,1,276665,1,249772,1,112762,1,1244232,1,10711,1,110708,1,11523,4,297917,4,82994,4,233610,4,466670,8,613691,96,54336,36,5902,1,23436,1,2735,1,0,0,0,0,0,0,0,0,193361,1,34047,1,5571,1,4940,1,20340,1,223340,1,27675,1,3407,1,5561,1,30470,1,69246,1,16055,1,240,1,9552,1,4452,1,16295,1,9552,1,48,1,1240,1,1,1,0,1,3488,1,5037,1,1027,1,0,0,207619,1,293370,1,774,1,774,1,0,1,96,1,2232,1,97,1,0,1,2,1,0,1,0,1,1,1,8,1,12,1,0,1,0,1,228,1,16055,1,0,1,0,1,2921,1,86196,1,8,1,8,1,0,1,84208,1,97,1,12359,1,594,1,111083,1,13678,1,1,1,32,1,32,1
100,1917000,4462,9549,28.952118,,0,11,8,96,31644,8888,29557,1885356,16,227,40,1,26612,1,40,1,276896,1,244522,1,113935,1,1212480,1,10831,1,109506,1,11873,4,298859,4,83304,4,234482,4,433454,8,585926,96,52453,36,2906,1,26512,1,2695,1,0,0,0,0,0,0,0,0,188792,1,33626,1,5170,1,4980,1,21763,1,222168,1,27685,1,3206,1,6232,1,30250,1,67764,1,16062,1,236,1,9549,1,4462,1,16298,1,9549,1,48,1,1240,1,1,1,0,1,3529,1,5030,1,990,1,0,0,210700,1,272085,1,776,1,776,1,0,1,96,1,2244,1,97,1,0,1,2,1,0,1,0,1,1,1,8,1,12,1,0,1,0,1,224,1,16062,1,0,1,0,1,2096,1,201531,1,8,1,8,1,0,1,80645,1,97,1,14537,1,396,1,116561,1,14091,1,1,1,32,1,32,1
101,1899200,4454,9548,28.954184,,0,11,8,96,31318,8807,28956,1867882,16,227,10,1,26743,1,40,1,275904,1,229502,1,113534,1,1211478,1,10671,1,108935,1,12184,4,298378,4,83284,4,231186,4,436911,8,586968,96,52173,36,2986,1,26142,1,2665,1,0,0,0,0,0,0,0,0,175015,1,32434,1,5561,1,5030,1,21532,1,221697,1,27344,1,3697,1,5571,1,30480,1,67233,1,16081,1,225,1,9548,1,4454,1,16306,1,9548,1,48,1,1240,1,1,1,0,1,3576,1,5032,1,940,1,0,0,208589,1,285747,1,776,1,776,1,0,1,96,1,2232,1,97,1,0,1,2,1,0,1,0,1,1,1,8,1,12,1,0,1,0,1,213,1,16081,1,0,1,0,1,2162,1,81015,1,8,1,8,1,0,1,76736,1,97,1,13613,1,3630,1,115126,1,14322,1,1,1,32,1,32,1
102,1887800,4455,9548,28.956179,,0,11,8,96,31030,8587,29267,1856770,16,227,10,1,27254,1,40,1,275583,1,226186,1,113534,1,1203382,1,10781,1,113794,1,11723,4,298829,4,83374,4,227869,4,427913,8,579583,96,46933,36,3006,1,25570,1,2715,1,0,0,0,0,0,0,0,0,172460,1,31632,1,5441,1,4950,1,20180,1,222348,1,27815,1,3487,1,5481,1,30640,1,72202,1,16105,1,213,1,9548,1,4455,1,16318,1,9548,1,48,1,1240,1,1,1,0,1,3601,1,5030,1,917,1,0,0,211247,1,253737,1,776,1,776,1,0,1,96,1,2244,1,97,1,0,1,2,1,0,1,0,1,1,1,8,1,12,1,0,1,0,1,201,1,16105,1,0,1,0,1,1832,1,83820,1,8,1,8,1,0,1,71590,1,97,1,13547,1,2079,1,116809,1,14140,1,1,1,32,1,32,1
103,1892100,4460,9548,28.957949,,0,11,8,96,29970,8667,28796,1862130,16,227,20,1,27023,1,40,1,277036,1,219813,1,114045,1,1213382,1,10771,1,111370,1,11863,4,297837,4,82763,4,233089,4,435729,8,588220,96,51802,36,2976,1,26362,1,2725,1,0,0,0,0,0,0,0,0,165326,1,33185,1,5210,1,5020,1,21452,1,222368,1,27915,1,4098,1,5591,1,30550,1,69126,1,16087,1,238,1,9548,1,4460,1,16325,1,9548,1,48,1,1240,1,1,1,0,1,3659,1,5033,1,856,1,0,0,209101,1,315645,1,776,1,776,1,0,1,96,1,2232,1,97,1,0,1,2,1,0,1,0,1,1,1,8,1,11,1,0,1,0,1,227,1,16087,1,0,1,0,1,2393,1,47421,1,8,1,8,1,0,1,86998,1,97,1,13679,1,5775,1,116891,1,14553,1,1,1,31,1,31,1
104,1887400,4463,9546,28.959707,,0,11,8,96,30059,8738,29146,1857341,16,227,40,1,27083,1,30,1,271926,1,216216,1,114686,1,1216668,1,10691,1,111970,1,11893,4,299340,4,83485,4,231627,4,438615,8,589624,96,51471,36,3026,1,25290,1,2685,1,0,0,0,0,0,0,0,0,161869,1,33406,1,5030,1,4880,1,21422,1,217569,1,27725,1,3677,1,6212,1,30520,1,69497,1,16122,1,219,1,9546,1,4463,1,16341,1,9546,1,48,1,1240,1,1,1,0,1,3747,1,5030,1,769,1,0,0,208841,1,281292,1,776,1,776,1,0,1,96,1,2244,1,97,1,0,1,2,1,0,1,0,1,1,1,8,1,12,1,0,1,0,1,207,1,16122,1,0,1,0,1,2261,1,17853,1,8,1,8,1,0,1,86567,1,97,1,14240,1,429,1,117981,1,1155,1,1,1,32,1,32,1
105,1902600,4462,9546,28.9613,,0,11,8,96,30219,8857,29256,1872381,16,227,60,1,26843,1,30,1,270914,1,226707,1,114195,1,1222920,1,10711,1,114696,1,12094,4,299500,4,83254,4,231627,4,442172,8,592549,96,51992,36,2986,1,25069,1,2665,1,0,0,0,0,0,0,0,0,171418,1,33356,1,5200,1,5030,1,21272,1,216667,1,27675,1,3727,1,5551,1,30169,1,72914,1,16128,1,234,1,9546,1,4462,1,16362,1,9546,1,48,1,1240,1,1,1,0,1,3737,1,5028,1,781,1,0,0,211956,1,362670,1,776,1,776,1,0,1,96,1,2244,1,97,1,0,1,2,1,0,1,0,1,1,1,8,1,12,1,0,1,0,1,222,1,16128,1,0,1,0,1,2030,1,80685,1,8,1,8,1,0,1,99540,1,97,1,13910,1,462,1,115967,1,15229,1,1,1,32,1,32,1
106,1880600,4463,9546,28.962826,,0,11,8,96,30203,8807,28905,1850397,16,227,30,1,27133,1,40,1,264151,1,218471,1,113744,1,1216027,1,10801,1,110418,1,11583,4,299130,4,83124,4,237117,4,434857,8,591027,96,52043,36,2976,1,25310,1,2705,1,0,0,0,0,0,0,0,0,162120,1,34418,1,5341,1,4970,1,20070,1,211377,1,27374,1,3537,1,5521,1,30490,1,68856,1,16130,1,230,1,9546,1,4463,1,16360,1,9546,1,48,1,1240,1,1,1,0,1,3783,1,5032,1,731,1,0,0,205503,1,289905,1,776,1,776,1,0,1,96,1,2232,1,97,1,0,1,2,1,0,1,0,1,1,1,8,1,11,1,0,1,0,1,219,1,16130,1,0,1,0,1,2261,1,98307,1,8,1,8,1,0,1,82906,1,97,1,13382,1,2607,1,113575,1,13678,1,1,1,32,1,32,1
107,1896600,4465,9546,28.964285,,0,11,8,96,30191,8697,29186,1866409,16,227,40,1,27214,1,30,1,261896,1,216046,1,113163,1,1237229,1,10791,1,108925,1,11773,4,299480,4,84346,4,253760,4,438825,8,613120,96,50279,36,2936,1,25781,1,2705,1,0,0,0,0,0,0,0,0,163903,1,30981,1,5090,1,5020,1,21362,1,207689,1,27524,1,3557,1,5541,1,30260,1,67553,1,16152,1,223,1,9546,1,4465,1,16375,1,9546,1,48,1,1240,1,1,1,0,1,3818,1,5032,1,696,1,0,0,206070,1,308220,1,776,1,776,1,0,1,96,1,2232,1,97,1,0,1,2,1,0,1,0,1,1,1,8,1,12,1,0,1,0,1,211,1,16152,1,0,1,0,1,2162,1,627,1,8,1,8,1,0,1,85245,1,97,1,12788,1,330,1,112684,1,627,1,1,1,32,1,32,1
108,1874800,4465,9546,28.965742,,0,10,8,96,30615,8677,28485,1844185,16,215,60,1,26843,1,40,1,260624,1,224793,1,114265,1,1206809,1,10751,1,108784,1,11533,4,299951,4,83475,4,230975,4,431731,8,589433,96,44788,24,3016,1,25951,1,2715,1,0,0,0,0,0,0,0,0,169484,1,33947,1,5140,1,5000,1,21382,1,206297,1,27554,1,3487,1,5651,1,30630,1,66952,1,16172,1,223,1,9546,1,4465,1,16395,1,9546,1,48,1,1240,1,1,1,0,1,3869,1,5030,1,647,1,0,0,208622,1,282678,1,776,1,776,1,0,1,96,1,2244,1,97,1,0,1,1,1,0,1,0,1,1,1,8,1,8,1,0,1,0,1,215,1,16172,1,0,1,0,1,2558,1,70224,1,8,1,8,1,0,1,78594,1,97,1,13745,1,5577,1,114136,1,13200,1,1,1,32,1,32,1
109,1875700,4465,9546,28.967031,,0,11,8,96,30222,8847,30019,1845478,16,227,60,1,27404,1,70,1,260073,1,219623,1,114496,1,1213041,1,10711,1,108925,1,11903,4,300001,4,83605,4,231957,4,437763,8,592960,96,46742,36,3006,1,24398,1,2635,1,0,0,0,0,0,0,0,0,163933,1,34708,1,5070,1,4980,1,21663,1,205465,1,27715,1,3396,1,5481,1,30460,1,67533,1,16175,1,221,1,9546,1,4465,1,16396,1,9546,1,48,1,1240,1,1,1,0,1,3888,1,5028,1,630,1,0,0,207334,1,320463,1,776,1,776,1,0,1,96,1,2256,1,97,1,0,1,2,1,0,1,0,1,1,1,8,1,12,1,0,1,0,1,209,1,16175,1,0,1,0,1,2228,1,82335,1,8,1,8,1,0,1,86913,1,97,1,14438,1,2673,1,113146,1,13530,1,1,1,31,1,31,1
110,1875000,4466,9546,28.968155,,0,11,8,96,31306,8647,28534,1843694,16,227,40,1,27274,1,30,1,259021,1,222889,1,114105,1,1209534,1,10801,1,109265,1,11733,4,299430,4,83454,4,230534,4,435508,8,587350,96,50159,36,2966,1,25310,1,2685,1,0,0,0,0,0,0,0,0,169404,1,32143,1,5371,1,5050,1,21172,1,204683,1,27825,1,3517,1,5501,1,30330,1,67904,1,16180,1,229,1,9546,1,4466,1,16409,1,9546,1,48,1,1240,1,1,1,0,1,3864,1,5029,1,653,1,0,0,202981,1,321486,1,776,1,776,1,0,1,96,1,2232,1,97,1,0,1,2,1,0,1,0,1,1,1,8,1,16,1,0,1,0,1,213,1,16180,1,0,1,0,1,1799,1,125004,1,8,1,8,1,0,1,89769,1,97,1,12722,1,429,1,106959,1,14470,1,1,1,31,1,31,1
111,1860100,4468,9546,28.969242,,0,10,8,96,30384,8717,29607,1829716,16,215,10,1,27164,1,30,1,258439,1,208150,1,113494,1,1211728,1,10701,1,108474,1,11763,4,299611,4,83064,4,231617,4,437823,8,593461,96,46371,24,2986,1,24969,1,2705,1,0,0,0,0,0,0,0,0,154444,1,33075,1,5070,1,5010,1,21162,1,204122,1,27815,1,3337,1,5591,1,30500,1,67032,1,16186,1,226,1,9546,1,4468,1,16412,1,9546,1,48,1,1240,1,1,1,0,1,3936,1,5032,1,578,1,0,0,205126,1,327393,1,776,1,776,1,0,1,96,1,2256,1,97,1,0,1,1,1,0,1,0,1,1,1,8,1,8,1,0,1,0,1,218,1,16186,1,0,1,0,1,2591,1,594,1,8,1,8,1,0,1,93181,1,97,1,13382,1,2244,1,109368,1,594,1,1,1,32,1,32,1
112,1874100,4464,9546,28.970312,,0,10,8,96,30566,8747,29277,1843534,16,215,10,1,27043,1,40,1,258459,1,214763,1,114185,1,1218251,1,10781,1,110187,1,12024,4,299961,4,83404,4,232128,4,439917,8,595755,96,47013,24,3046,1,26162,1,2675,1,0,0,0,0,0,0,0,0,160426,1,33266,1,5521,1,5050,1,21172,1,204303,1,27665,1,3607,1,5551,1,30570,1,68385,1,16182,1,236,1,9546,1,4464,1,16418,1,9546,1,48,1,1240,1,1,1,0,1,3947,1,5033,1,566,1,0,0,209174,1,325677,1,776,1,776,1,0,1,96,1,2244,1,97,1,0,1,1,1,0,1,0,1,1,1,8,1,15,1,0,1,0,1,221,1,16182,1,0,1,0,1,2129,1,164373,1,8,1,8,1,0,1,88218,1,97,1,13481,1,6468,1,114301,1,13068,1,1,1,32,1,32,1
113,1853500,4466,9546,28.971327,,0,10,8,96,30306,8697,28425,1823194,16,215,10,1,27073,1,30,1,257698,1,211236,1,114075,1,1202270,1,10801,1,107863,1,12053,4,299430,4,83615,4,228911,4,430599,8,588551,96,42534,24,3116,1,25290,1,2695,1,0,0,0,0,0,0,0,0,156288,1,33957,1,5411,1,5040,1,20841,1,203822,1,27624,1,3416,1,5491,1,30540,1,66381,1,16199,1,229,1,9546,1,4466,1,16428,1,9546,1,48,1,1240,1,1,1,0,1,4003,1,5032,1,511,1,0,0,193843,1,298551,1,776,1,776,1,0,1,96,1,2244,1,97,1,0,1,1,1,0,1,0,1,1,1,8,1,15,1,0,1,0,1,214,1,16199,1,0,1,0,1,2360,1,53295,1,8,1,8,1,0,1,81914,1,97,1,12425,1,6072,1,103774,1,14173,1,1,1,32,1,32,1
114,1850100,4467,9546,28.972305,,0,11,8,96,30363,8897,28846,1819737,16,227,10,1,27354,1,40,1,258409,1,196056,1,114846,1,1212269,1,10751,1,109175,1,11723,4,301574,4,83434,4,232829,4,433595,8,590775,96,46802,36,2986,1,25340,1,2715,1,0,0,0,0,0,0,0,0,141128,1,33947,1,5381,1,5110,1,21272,1,203882,1,27895,1,3347,1,5651,1,30580,1,67513,1,16214,1,225,1,9546,1,4467,1,16439,1,9546,1,48,1,1240,1,1,1,0,1,4036,1,5033,1,477,1,0,0,199137,1,298485,1,776,1,776,1,0,1,96,1,2244,1,97,1,0,1,2,1,0,1,0,1,1,1,8,1,16,1,0,1,0,1,209,1,16214,1,0,1,0,1,2459,1,58806,1,8,1,8,1,0,1,85034,1,97,1,12458,1,6138,1,108114,1,13695,1,1,1,32,1,32,1
115,1853900,4467,9546,28.97322,,0,10,8,96,30396,8807,30459,1823504,16,215,10,1,26943,1,30,1,257187,1,203451,1,113674,1,1211418,1,10791,1,110808,1,11773,4,298268,4,82873,4,233420,4,434426,8,595275,96,42113,24,3006,1,25260,1,2775,1,0,0,0,0,0,0,0,0,149685,1,33897,1,4850,1,5140,1,20741,1,203170,1,27815,1,3527,1,5561,1,30270,1,69437,1,16213,1,223,1,9546,1,4467,1,16436,1,9546,1,48,1,1240,1,1,1,0,1,4034,1,5033,1,479,1,0,0,197880,1,293073,1,776,1,776,1,0,1,96,1,2316,1,97,1,0,1,1,1,0,1,0,1,1,1,8,1,12,1,0,1,0,1,211,1,16213,1,0,1,0,1,1832,1,528,1,8,1,8,1,0,1,87539,1,97,1,12722,1,4917,1,107469,1,528,1,1,1,32,1,32,1
116,1889900,4465,9546,28.974094,,0,10,8,96,31607,8707,28956,1858293,16,215,10,1,27194,1,60,1,259301,1,239502,1,112552,1,1208963,1,10711,1,114846,1,11433,4,299891,4,82933,4,228661,4,431521,8,589293,96,41933,24,3016,1,25200,1,2755,1,0,0,0,0,0,0,0,0,184524,1,34769,1,5210,1,5110,1,21402,1,204844,1,27705,1,3487,1,5491,1,29899,1,73886,1,16222,1,217,1,9546,1,4465,1,16439,1,9546,1,48,1,1240,1,1,1,0,1,4077,1,5031,1,438,1,0,0,193112,1,332541,1,776,1,776,1,0,1,96,1,2244,1,97,1,0,1,1,1,0,1,0,1,1,1,8,1,12,1,0,1,0,1,205,1,16222,1,0,1,0,1,3746,1,136488,1,8,1,8,1,0,1,79969,1,97,1,12029,1,4587,1,104153,1,16912,1,1,1,32,1,32,1
117,1849200,4465,9546,28.974928,,0,10,8,96,30124,8627,28715,1819076,16,215,0,1,27344,1,40,1,259642,1,197660,1,112913,1,1210787,1,10691,1,111410,1,11733,4,298959,4,83374,4,229653,4,436130,8,590515,96,46552,24,2966,1,25180,1,2755,1,0,0,0,0,0,0,0,0,142621,1,35039,1,5130,1,5190,1,21462,1,204734,1,27835,1,3717,1,5591,1,30500,1,69597,1,16227,1,234,1,9546,1,4465,1,16461,1,9546,1,48,1,1240,1,1,1,0,1,4129,1,5034,1,383,1,0,0,213554,1,318912,1,776,1,776,1,0,1,96,1,2244,1,97,1,0,1,1,1,0,1,0,1,1,1,8,1,15,1,0,1,0,1,219,1,16227,1,0,1,0,1,2426,1,68673,1,8,1,8,1,0,1,87705,1,97,1,13481,1,2376,1,114367,1,13909,1,1,1,32,1,32,1
118,1866600,4466,9546,28.975708,,0,10,8,96,31212,9198,29558,1835388,16,215,50,1,26883,1,40,1,257738,1,215535,1,114135,1,1210296,1,10711,1,108263,1,12004,4,298548,4,83364,4,232869,4,434386,8,590214,96,47484,24,2956,1,25931,1,2775,1,0,0,0,0,0,0,0,0,160627,1,34528,1,5090,1,5180,1,21021,1,203511,1,27725,1,3447,1,5501,1,30350,1,66992,1,16226,1,236,1,9546,1,4466,1,16462,1,9546,1,48,1,1240,1,1,1,0,1,4106,1,5035,1,405,1,0,0,209724,1,328548,1,776,1,776,1,0,1,96,1,2232,1,97,1,0,1,1,1,0,1,0,1,1,1,8,1,12,1,0,1,0,1,224,1,16226,1,0,1,0,1,2228,1,116160,1,8,1,8,1,0,1,91321,1,97,1,13481,1,5709,1,114977,1,14751,1,1,1,32,1,32,1
119,1862900,4467,9546,28.97645,,0,11,8,96,30538,8817,29457,1832362,16,227,40,1,26723,1,40,1,257708,1,212389,1,113293,1,1211418,1,10751,1,109907,1,11763,4,300021,4,83034,4,233981,4,432462,8,585435,96,51552,36,3036,1,25671,1,2725,1,0,0,0,0,0,0,0,0,159354,1,33115,1,5060,1,5200,1,20731,1,203882,1,27584,1,3757,1,5571,1,30871,1,67614,1,16229,1,243,1,9546,1,4467,1,16472,1,9546,1,48,1,1240,1,1,1,0,1,4159,1,5036,1,351,1,0,0,213360,1,305415,1,776,1,776,1,0,1,96,1,2244,1,97,1,0,1,2,1,0,1,0,1,1,1,8,1,19,1,0,1,0,1,224,1,16229,1,0,1,0,1,2426,1,190113,1,8,1,8,1,0,1,85477,1,97,1,13646,1,2541,1,114879,1,14107,1,1,1,32,1,32,1
120,1844700,4463,9546,28.977146,,0,10,8,96,30314,8677,30549,1814386,16,215,30,1,27144,1,40,1,258650,1,186508,1,114035,1,1216869,1,11112,1,111650,1,11593,4,299570,4,83615,4,231797,4,439306,8,595565,96,44989,24,2976,1,24949,1,2735,1,0,0,0,0,0,0,0,0,134054,1,32624,1,5150,1,5160,1,21462,1,203942,1,27825,1,3487,1,5501,1,30300,1,70248,1,16244,1,226,1,9546,1,4463,1,16470,1,9546,1,48,1,1240,1,1,1,0,1,4175,1,5037,1,334,1,0,0,209418,1,334125,1,776,1,776,1,0,1,96,1,2244,1,97,1,0,1,1,1,0,1,0,1,1,1,8,1,12,1,0,1,0,1,214,1,16244,1,0,1,0,1,1766,1,759,1,8,1,8,1,0,1,96384,1,97,1,13200,1,6138,1,113987,1,759,1,1,1,32,1,32,1
121,1831800,4463,9546,28.977818,,0,10,8,96,30039,8647,28807,1801761,16,215,30,1,27164,1,40,1,257898,1,174955,1,115598,1,1215085,1,10992,1,111149,1,11893,4,298969,4,82863,4,233310,4,437673,8,595353,96,46822,24,2936,1,24939,1,2705,1,0,0,0,0,0,0,0,0,122000,1,33656,1,4789,1,5120,1,21482,1,203451,1,27584,1,3447,1,5481,1,30690,1,69407,1,16247,1,236,1,9546,1,4463,1,16483,1,9546,1,48,1,1240,1,1,1,0,1,4189,1,5040,1,317,1,0,0,202269,1,337788,1,776,1,776,1,0,1,96,1,2232,1,97,1,0,1,1,1,0,1,0,1,1,1,8,1,12,1,0,1,0,1,224,1,16247,1,0,1,0,1,2756,1,12639,1,8,1,8,1,0,1,91223,1,97,1,12623,1,3168,1,109548,1,1056,1,1,1,32,1,32,1
122,1872900,4462,9546,28.978441,,0,10,8,96,31220,8858,28915,1841680,16,215,30,1,27424,1,40,1,258309,1,214242,1,113945,1,1216949,1,10741,1,117251,1,11893,4,298649,4,82803,4,233841,4,432983,8,590906,96,47003,24,3046,1,24939,1,2685,1,0,0,0,0,0,0,0,0,149204,1,34528,1,5070,1,5170,1,21082,1,203962,1,27745,1,3587,1,5441,1,30520,1,75699,1,16238,1,241,1,9546,1,4462,1,16479,1,9546,1,48,1,1240,1,1,1,0,1,4197,1,5043,1,306,1,0,0,204972,1,309441,1,776,1,776,1,0,1,96,1,2244,1,97,1,0,1,1,1,0,1,0,1,1,1,8,1,12,1,0,1,0,1,229,1,16238,1,0,1,0,1,2558,1,143319,1,8,1,8,1,0,1,82676,1,97,1,12590,1,396,1,109005,1,13068,1,1,1,31,1,31,1
123,1860600,4463,9546,28.979033,,0,11,8,96,30703,8707,28595,1829897,16,227,30,1,27324,1,40,1,259121,1,206317,1,113283,1,1212881,1,10901,1,110327,1,12074,4,298799,4,83104,4,233460,4,434396,8,591847,96,47413,36,3016,1,26282,1,2715,1,0,0,0,0,0,0,0,0,151318,1,35290,1,5170,1,5310,1,21492,1,204593,1,27444,1,3828,1,5501,1,30149,1,68725,1,16249,1,233,1,9546,1,4463,1,16482,1,9546,1,48,1,1240,1,1,1,0,1,4235,1,5044,1,267,1,0,0,201003,1,297825,1,776,1,776,1,0,1,96,1,2244,1,97,1,0,1,2,1,0,1,0,1,1,1,8,1,20,1,0,1,0,1,213,1,16249,1,0,1,0,1,1766,1,144573,1,8,1,8,1,0,1,79871,1,97,1,13019,1,2838,1,108675,1,13992,1,1,1,32,1,32,1
124,1975400,4462,9546,28.979574,,0,11,8,96,31919,9218,32753,1943481,16,227,80,1,26933,1,30,1,257027,1,197098,1,127181,1,1323980,1,11152,1,116269,1,11663,4,301514,4,84396,4,259682,4,505076,8,681635,96,50369,36,5962,1,27264,1,2936,1,0,0,0,0,0,0,0,0,143122,1,34578,1,4990,1,5230,1,21041,1,202920,1,27644,1,3367,1,5481,1,30029,1,75259,1,16255,1,228,1,9546,1,4462,1,16483,1,9546,1,48,1,1240,1,1,1,0,1,4251,1,5044,1,251,1,0,0,217850,1,460053,1,776,1,776,1,0,1,96,1,2232,1,97,1,0,1,2,1,0,1,0,1,1,1,8,1,20,1,0,1,0,1,208,1,16255,1,0,1,0,1,1898,1,142989,1,8,1,8,1,0,1,123035,1,97,1,13646,1,429,1,114219,1,13150,1,1,1,32,1,32,1
125,1979200,4463,9546,28.98009,,0,11,8,96,32483,9138,33364,1946717,16,227,70,1,27404,1,40,1,262237,1,196738,1,114125,1,1334761,1,11342,1,120918,1,12334,4,299580,4,84356,4,252438,4,519474,8,681876,96,56672,36,5591,1,28145,1,2785,1,0,0,0,0,0,0,0,0,143713,1,33777,1,4729,1,5621,1,22474,1,205836,1,27865,1,3146,1,5501,1,30129,1,79637,1,16247,1,240,1,9546,1,4463,1,16487,1,9546,1,48,1,1240,1,1,1,0,1,4274,1,5044,1,228,1,0,0,234961,1,458799,1,775,1,775,1,0,1,96,1,2232,1,97,1,0,1,2,1,0,1,0,1,1,1,8,1,20,1,0,1,0,1,220,1,16247,1,0,1,0,1,1733,1,726,1,8,1,8,1,0,1,120936,1,97,1,14372,1,3795,1,130207,1,726,1,1,1,32,1,32,1
126,2236100,4466,9546,28.980558,,0,11,8,96,31759,9779,45556,2204341,16,227,120,1,31051,1,80,1,285002,1,217665,1,128052,1,1529064,1,13306,1,116119,1,14819,4,328908,4,84998,4,341834,4,596185,8,823537,96,68926,36,5922,1,27665,1,2836,1,0,0,0,0,0,0,0,0,161485,1,34558,1,5671,1,6122,1,22755,1,222388,1,33065,1,4138,1,6092,1,30109,1,73184,1,16264,1,246,1,9546,1,4466,1,16510,1,9546,1,48,1,1240,1,1,1,0,1,4250,1,5043,1,253,1,0,0,301805,1,480810,1,773,1,773,1,0,1,96,1,2244,1,97,1,0,1,2,1,0,1,0,1,1,1,8,1,20,1,0,1,0,1,226,1,16264,1,0,1,0,1,14833,1,105885,1,8,1,8,1,0,1,266614,1,97,1,13822,1,2013,1,160007,1,16389,1,1,1,32,1,32,1
127,2171200,4466,9546,28.98101,,0,11,8,96,37855,14218,40647,2133345,16,227,140,1,30911,1,50,1,312887,1,220384,1,157651,1,1400531,1,10791,1,123864,1,15340,4,339950,4,84306,4,266455,4,520306,8,679382,96,66732,36,5801,1,27424,1,2866,1,0,0,0,0,0,0,0,0,160096,1,36111,1,6413,1,13467,1,24819,1,235164,1,38666,1,4539,1,7034,1,30340,1,79036,1,16262,1,252,1,9546,1,4466,1,16514,1,9546,1,48,1,1240,1,1,1,0,1,4294,1,5042,1,210,1,0,0,241750,1,288288,1,773,1,774,1,0,1,96,1,2244,1,97,1,0,1,2,1,0,1,0,1,1,1,8,1,20,1,0,1,0,1,232,1,16262,1,0,1,0,1,14074,1,84678,1,8,1,8,1,0,1,91890,1,97,1,13249,1,3399,1,135476,1,14867,1,1,1,31,1,31,1
128,1974600,4468,9546,28.981445,,0,11,8,96,29957,8877,32452,1944643,16,227,110,1,30971,1,70,1,272357,1,207830,1,147601,1,1274903,1,10801,1,121540,1,13907,4,303929,4,85789,4,249291,4,460789,8,620686,96,56942,36,2956,1,25160,1,2665,1,0,0,0,0,0,0,0,0,153342,1,33416,1,5621,1,6212,1,23266,1,208010,1,34558,1,4218,1,6583,1,30290,1,77774,1,16271,1,247,1,9546,1,4468,1,16518,1,9546,1,48,1,1240,1,1,1,0,1,4315,1,5042,1,189,1,0,0,224663,1,337491,1,776,1,776,1,0,1,96,1,2244,1,97,1,0,1,2,1,0,1,0,1,1,1,8,1,20,1,0,1,0,1,227,1,16271,1,0,1,0,1,1997,1,891,1,8,1,8,1,0,1,94470,1,97,1,15576,1,7095,1,124926,1,891,1,1,1,32,1,32,1
129,1837400,4465,9546,28.981846,,0,11,8,96,30879,8657,29547,1806521,16,227,20,1,25941,1,60,1,259842,1,176638,1,113303,1,1219985,1,10731,1,109686,1,11974,4,299971,4,83134,4,235414,4,439847,8,595184,96,50530,36,3016,1,25580,1,2705,1,0,0,0,0,0,0,0,0,123934,1,33676,1,4960,1,5331,1,21573,1,205245,1,27414,1,3727,1,5601,1,30280,1,67984,1,16277,1,243,1,9546,1,4465,1,16520,1,9546,1,48,1,1240,1,1,1,0,1,4342,1,5041,1,163,1,0,0,212086,1,321981,1,776,1,776,1,0,1,96,1,2244,1,97,1,0,1,2,1,0,1,0,1,1,1,8,1,24,1,0,1,0,1,219,1,16277,1,0,1,0,1,2030,1,76230,1,8,1,8,1,0,1,87009,1,97,1,13613,1,6039,1,117073,1,14025,1,1,1,32,1,32,1
130,1915500,4468,9546,28.982235,,0,11,8,96,33120,14889,30510,1882380,16,227,80,1,30530,1,70,1,286976,1,177991,1,134385,1,1242228,1,10120,1,111730,1,12525,4,311995,4,82964,4,236646,4,440057,8,592759,96,53435,36,3066,1,25641,1,2715,1,0,0,0,0,0,0,0,0,121750,1,35009,1,5611,1,5781,1,23907,1,223440,1,33356,1,4248,1,6272,1,30179,1,68776,1,16294,1,233,1,9546,1,4468,1,16527,1,9546,1,48,1,1240,1,1,1,0,1,4301,1,5041,1,204,1,0,0,205184,1,297528,1,776,1,776,1,0,1,96,1,2220,1,97,1,0,1,2,1,0,1,0,1,1,1,8,1,24,1,0,1,0,1,209,1,16294,1,0,1,0,1,5313,1,858,1,8,1,8,1,0,1,84160,1,97,1,13266,1,7095,1,111309,1,858,1,1,1,32,1,32,1
131,1955900,4466,9546,28.982603,,0,10,8,96,32860,9168,31951,1923040,16,215,80,1,30320,1,50,1,277277,1,177169,1,136098,1,1291335,1,10711,1,114285,1,12495,4,349509,4,85468,4,251295,4,435508,8,612119,96,42734,24,3026,1,27755,1,2826,1,0,0,0,0,0,0,0,0,123373,1,33807,1,5120,1,5601,1,22164,1,214813,1,34268,1,4329,1,6302,1,30340,1,70880,1,16315,1,230,1,9546,1,4466,1,16545,1,9546,1,48,1,1240,1,1,1,0,1,4355,1,5041,1,150,1,0,0,211434,1,322476,1,776,1,776,1,0,1,96,1,2244,1,97,1,0,1,1,1,0,1,0,1,1,1,8,1,16,1,0,1,0,1,214,1,16315,1,0,1,0,1,2392,1,1056,1,8,1,8,1,0,1,93645,1,97,1,14817,1,3432,1,116341,1,1056,1,1,1,32,1,32,1
132,1891000,4467,9546,28.982958,,0,10,8,96,33970,7254,30639,1857030,16,215,140,1,30891,1,50,1,278850,1,170887,1,138643,1,1226828,1,10741,1,111921,1,12054,4,313989,4,83394,4,234733,4,431791,8,593561,96,42323,24,3186,1,25771,1,2735,1,0,0,0,0,0,0,0,0,115187,1,35580,1,5371,1,5711,1,24037,1,216206,1,32384,1,3978,1,5741,1,30350,1,69517,1,16329,1,224,1,9546,1,4467,1,16553,1,9546,1,48,1,1240,1,1,1,0,1,4360,1,5042,1,144,1,0,0,213588,1,337623,1,776,1,776,1,0,1,96,1,2244,1,97,1,0,1,1,1,0,1,0,1,1,1,8,1,16,1,0,1,0,1,208,1,16329,1,0,1,0,1,3383,1,2904,1,8,1,8,1,0,1,89170,1,97,1,14042,1,6468,1,116925,1,1419,1,1,1,32,1,32,1
133,1836000,4465,9546,28.983284,,0,10,8,96,31944,8667,30409,1804056,16,215,60,1,27093,1,40,1,267267,1,170095,1,113784,1,1214965,1,10751,1,109175,1,11984,4,298989,4,83304,4,229162,4,441581,8,596427,96,43907,24,2976,1,26412,1,2715,1,0,0,0,0,0,0,0,0,117772,1,33336,1,4960,1,5431,1,21743,1,212429,1,27404,1,3547,1,5331,1,30420,1,67874,1,16326,1,227,1,9546,1,4465,1,16553,1,9546,1,48,1,1240,1,1,1,0,1,4361,1,5042,1,143,1,0,0,210982,1,322146,1,775,1,776,1,0,1,96,1,2244,1,97,1,0,1,1,1,0,1,0,1,1,1,8,1,16,1,0,1,0,1,211,1,16326,1,0,1,0,1,2492,1,48972,1,8,1,8,1,0,1,87607,1,97,1,14306,1,363,1,114103,1,12903,1,1,1,32,1,32,1
134,1822000,4464,9546,28.983583,,0,10,8,96,30308,8667,29668,1791692,16,215,70,1,27013,1,30,1,262778,1,170686,1,114325,1,1206127,1,10661,1,108484,1,11893,4,299160,4,83224,4,232248,4,430659,8,591236,96,42003,24,2986,1,26101,1,2705,1,0,0,0,0,0,0,0,0,117762,1,34378,1,4840,1,5431,1,21402,1,207830,1,27875,1,4018,1,5300,1,30751,1,66391,1,16330,1,223,1,9546,1,4464,1,16553,1,9546,1,48,1,1240,1,1,1,0,1,4358,1,5042,1,146,1,0,0,211995,1,315777,1,776,1,776,1,0,1,96,1,2244,1,97,1,0,1,1,1,0,1,0,1,1,1,8,1,16,1,0,1,0,1,207,1,16330,1,0,1,0,1,2393,1,28611,1,8,1,8,1,0,1,81367,1,97,1,13613,1,5346,1,111314,1,2524,1,1,1,31,1,31,1
135,1831300,4468,9546,28.98386,,0,10,8,96,31703,9368,29397,1799597,16,215,120,1,26883,1,30,1,261385,1,175837,1,114075,1,1210546,1,10721,1,110408,1,11984,4,299220,4,83505,4,231146,4,433424,8,592559,96,42614,24,2996,1,25831,1,2665,1,0,0,0,0,0,0,0,0,122091,1,34658,1,5120,1,5511,1,20801,1,206647,1,28005,1,3597,1,5621,1,30701,1,68385,1,16320,1,233,1,9546,1,4468,1,16553,1,9546,1,48,1,1240,1,1,1,0,1,4365,1,5040,1,141,1,0,0,209644,1,338448,1,776,1,776,1,0,1,96,1,2232,1,97,1,0,1,1,1,0,1,0,1,1,1,8,1,16,1,0,1,0,1,217,1,16320,1,0,1,0,1,2591,1,71478,1,8,1,8,1,0,1,93414,1,97,1,13316,1,4224,1,116017,1,14272,1,1,1,31,1,31,1
136,1837100,4468,9546,28.984129,,0,11,8,96,29337,8798,29226,1807763,16,227,20,1,27164,1,20,1,258239,1,177610,1,113373,1,1220616,1,10721,1,113433,1,11633,4,298769,4,83575,4,233791,4,439967,8,597289,96,47243,36,3016,1,24959,1,2675,1,0,0,0,0,0,0,0,0,124505,1,34438,1,4840,1,5331,1,21202,1,203712,1,27735,1,3757,1,5521,1,30751,1,71230,1,16322,1,228,1,9546,1,4468,1,16550,1,9546,1,48,1,1240,1,1,1,0,1,4365,1,5039,1,142,1,0,0,219035,1,318813,1,776,1,776,1,0,1,96,1,2244,1,97,1,0,1,2,1,0,1,0,1,1,1,8,1,20,1,0,1,0,1,208,1,16322,1,0,1,0,1,2294,1,75075,1,8,1,8,1,0,1,86471,1,97,1,13481,1,5676,1,118162,1,14404,1,1,1,31,1,31,1
137,1809200,4466,9546,28.984394,,0,10,8,96,30795,8717,28354,1778405,16,215,100,1,26783,1,50,1,258319,1,161919,1,113203,1,1207360,1,10671,1,109456,1,11934,4,297957,4,83404,4,229192,4,434827,8,593341,96,42323,24,2956,1,26142,1,2775,1,0,0,0,0,0,0,0,0,108654,1,35089,1,4809,1,5451,1,20881,1,204042,1,27614,1,3717,1,5531,1,30580,1,67593,1,16331,1,221,1,9546,1,4466,1,16552,1,9546,1,48,1,1240,1,1,1,0,1,4410,1,5037,1,99,1,0,0,209797,1,310662,1,776,1,776,1,0,1,96,1,2244,1,97,1,0,1,1,1,0,1,0,1,1,1,8,1,12,1,0,1,0,1,209,1,16331,1,0,1,0,1,2063,1,9075,1,8,1,8,1,0,1,91617,1,97,1,13811,1,2871,1,115918,1,2508,1,1,1,32,1,32,1
138,1814300,4469,9546,28.984627,,0,10,8,96,29402,8768,29236,1784898,16,215,20,1,27224,1,30,1,256977,1,173873,1,113794,1,1202240,1,10741,1,109616,1,12224,4,299250,4,83605,4,230464,4,428455,8,587750,96,41933,24,3046,1,24128,1,2685,1,0,0,0,0,0,0,0,0,120147,1,35119,1,4910,1,5421,1,21162,1,202529,1,27655,1,3416,1,5531,1,30560,1,67954,1,16323,1,228,1,9546,1,4469,1,16551,1,9546,1,48,1,1240,1,1,1,0,1,4390,1,5036,1,120,1,0,0,205721,1,280599,1,776,1,776,1,0,1,96,1,2256,1,97,1,0,1,1,1,0,1,0,1,1,1,8,1,12,1,0,1,0,1,216,1,16323,1,0,1,0,1,2525,1,63063,1,8,1,8,1,0,1,74196,1,97,1,14174,1,4488,1,113509,1,14058,1,1,1,32,1,32,1
139,1796200,4467,9545,28.984867,,0,10,8,96,31061,8657,28636,1765139,16,215,30,1,27294,1,30,1,257377,1,159925,1,113313,1,1196238,1,10932,1,109997,1,11903,4,299260,4,83675,4,227769,4,423395,8,578771,96,43756,24,3016,1,25841,1,2725,1,0,0,0,0,0,0,0,0,107893,1,33927,1,4639,1,5561,1,21352,1,202389,1,27634,1,3677,1,5581,1,30560,1,68084,1,16329,1,224,1,9545,1,4467,1,16553,1,9545,1,48,1,1240,1,1,1,0,1,4404,1,5036,1,105,1,0,0,194616,1,261690,1,776,1,776,1,0,1,96,1,2244,1,97,1,0,1,1,1,0,1,0,1,1,1,8,1,12,1,0,1,0,1,212,1,16329,1,0,1,0,1,2228,1,924,1,8,1,8,1,0,1,68039,1,97,1,12590,1,5478,1,106150,1,924,1,1,1,32,1,32,1
140,1803200,4466,9545,28.985088,,0,10,8,96,30346,8717,28756,1772854,16,215,40,1,27474,1,40,1,261075,1,156448,1,112552,1,1204304,1,10922,1,109275,1,12064,4,298749,4,83555,4,229613,4,430709,8,589413,96,42153,24,2996,1,25911,1,2715,1,0,0,0,0,0,0,0,0,104937,1,33526,1,4619,1,8647,1,21192,1,203321,1,27604,1,3256,1,5491,1,30019,1,68475,1,16316,1,226,1,9545,1,4466,1,16542,1,9545,1,48,1,1240,1,1,1,0,1,4422,1,5037,1,86,1,0,0,205407,1,298188,1,776,1,776,1,0,1,96,1,2232,1,97,1,0,1,1,1,0,1,0,1,1,1,8,1,15,1,0,1,0,1,211,1,16316,1,0,1,0,1,2723,1,8877,1,8,1,8,1,0,1,86336,1,97,1,13943,1,1419,1,113938,1,2623,1,1,1,32,1,32,1
141,1807300,4466,9545,28.985296,,0,10,8,96,30818,9078,28605,1776482,16,215,50,1,27294,1,30,1,257618,1,164865,1,112191,1,1203632,1,10801,1,109315,1,12114,4,298779,4,84146,4,227579,4,430869,8,587660,96,42183,24,2966,1,26071,1,2715,1,0,0,0,0,0,0,0,0,113353,1,33225,1,4870,1,5511,1,21352,1,203271,1,27284,1,3467,1,5381,1,30450,1,67994,1,16320,1,226,1,9545,1,4466,1,16546,1,9545,1,48,1,1240,1,1,1,0,1,4420,1,5037,1,88,1,0,0,210470,1,315051,1,776,1,776,1,0,1,96,1,2232,1,97,1,0,1,1,1,0,1,0,1,1,1,8,1,15,1,0,1,0,1,211,1,16320,1,1,1,0,1,1865,1,70224,1,8,1,8,1,0,1,86055,1,97,1,13844,1,1056,1,113740,1,12886,1,1,1,32,1,32,1
142,1800900,4466,9545,28.985493,,0,10,8,96,30450,8697,29016,1770450,16,215,10,1,27164,1,30,1,255985,1,158292,1,112752,1,1205246,1,10972,1,112211,1,11723,4,298508,4,83885,4,228520,4,429998,8,587670,96,41832,24,2936,1,26081,1,2685,1,0,0,0,0,0,0,0,0,106901,1,33486,1,4799,1,5491,1,21482,1,201086,1,27655,1,3447,1,5511,1,30510,1,70589,1,16329,1,223,1,9545,1,4466,1,16552,1,9545,1,48,1,1240,1,1,1,0,1,4417,1,5037,1,91,1,0,0,207863,1,307923,1,776,1,776,1,0,1,96,1,2244,1,97,1,0,1,1,1,0,1,0,1,1,1,8,1,16,1,0,1,0,1,207,1,16329,1,0,1,0,1,1898,1,495,1,8,1,8,1,0,1,86601,1,97,1,13448,1,1188,1,111859,1,495,1,1,1,32,1,32,1
143,1804500,4468,9545,28.98568,,0,10,8,96,30463,8847,29548,1774037,16,215,30,1,26883,1,40,1,255744,1,161027,1,112412,1,1206889,1,11012,1,113824,1,11723,4,298979,4,83535,4,230114,4,427663,8,585714,96,42514,24,3096,1,26412,1,2695,1,0,0,0,0,0,0,0,0,110207,1,32664,1,4759,1,5371,1,21192,1,201277,1,27655,1,3547,1,5581,1,30640,1,71732,1,16324,1,226,1,9545,1,4468,1,16550,1,9545,1,48,1,1240,1,1,1,0,1,4422,1,5038,1,85,1,0,0,210021,1,369138,1,776,1,776,1,0,1,96,1,2244,1,97,1,0,1,1,1,0,1,0,1,1,1,8,1,15,1,0,1,0,1,211,1,16324,1,0,1,0,1,2558,1,34584,1,8,1,8,1,0,1,97293,1,97,1,14339,1,5115,1,115621,1,7953,1,1,1,32,1,32,1
144,1818100,4471,9545,28.985857,,0,10,8,96,30747,8697,29408,1787353,16,215,10,1,27083,1,30,1,257317,1,156478,1,113744,1,1221728,1,10962,1,116930,1,11683,4,299049,4,83505,4,231807,4,438023,8,594311,96,46111,24,3026,1,26212,1,2796,1,0,0,0,0,0,0,0,0,105488,1,33336,1,4529,1,5651,1,21062,1,202870,1,27484,1,3597,1,5521,1,30761,1,75038,1,16320,1,236,1,9545,1,4471,1,16556,1,9545,1,48,1,1240,1,1,1,0,1,4439,1,5037,1,69,1,0,0,216294,1,324951,1,776,1,776,1,0,1,96,1,2256,1,97,1,0,1,1,1,0,1,0,1,1,1,8,1,15,1,0,1,0,1,221,1,16320,1,0,1,0,1,2294,1,2112,1,8,1,8,1,0,1,89819,1,97,1,13910,1,429,1,115885,1,907,1,1,1,32,1,32,1
145,1813600,4470,9545,28.986025,,0,10,8,96,30576,8697,28575,1783024,16,215,10,1,27364,1,40,1,257097,1,158042,1,114205,1,1215556,1,10711,1,111620,1,11593,4,299661,4,83164,4,234663,4,434336,8,593681,96,46742,24,2966,1,26142,1,2715,1,0,0,0,0,0,0,0,0,106310,1,33827,1,4689,1,5571,1,21021,1,202549,1,27655,1,3617,1,5561,1,30841,1,69587,1,16316,1,243,1,9545,1,4470,1,16559,1,9545,1,48,1,1240,1,1,1,0,1,4440,1,5038,1,67,1,0,0,209497,1,320298,1,776,1,776,1,0,1,96,1,2244,1,97,1,0,1,1,1,0,1,0,1,1,1,8,1,16,1,0,1,0,1,227,1,16316,1,0,1,0,1,2591,1,594,1,8,1,8,1,0,1,86289,1,97,1,13283,1,4950,1,114185,1,594,1,1,1,32,1,32,1
146,1809200,4468,9545,28.986183,,0,10,8,96,30564,8658,29226,1778636,16,215,10,1,27214,1,30,1,263099,1,155747,1,113704,1,1208061,1,10771,1,108534,1,11583,4,299300,4,83024,4,231867,4,433084,8,590145,96,45580,24,3016,1,26352,1,2645,1,0,0,0,0,0,0,0,0,103314,1,34558,1,4709,1,5751,1,21072,1,208311,1,27454,1,3687,1,5561,1,30600,1,66672,1,16315,1,237,1,9545,1,4468,1,16552,1,9545,1,48,1,1240,1,1,1,0,1,4440,1,5039,1,66,1,0,0,208940,1,294591,1,776,1,776,1,0,1,96,1,2244,1,97,1,0,1,1,1,0,1,0,1,1,1,8,1,15,1,0,1,0,1,222,1,16315,1,0,1,0,1,2261,1,12078,1,8,1,8,1,0,1,80941,1,97,1,13811,1,5841,1,114648,1,1072,1,1,1,32,1,32,1
147,1894500,4467,9545,28.98633,,0,10,8,96,33627,11773,32352,1860873,16,215,50,1,30791,1,50,1,283439,1,166153,1,122311,1,1247669,1,10411,1,117963,1,12064,4,318608,4,79517,4,234242,4,441841,8,596167,96,47564,24,3016,1,25861,1,2785,1,0,0,0,0,0,0,0,0,112938,1,33566,1,5300,1,6042,1,22484,1,221126,1,33376,1,4288,1,5731,1,30440,1,72553,1,16336,1,224,1,9545,1,4467,1,16560,1,9545,1,48,1,1240,1,1,1,0,1,4457,1,5039,1,49,1,0,0,209945,1,314457,1,776,1,776,1,0,1,96,1,2268,1,97,1,0,1,1,1,0,1,0,1,1,1,8,1,16,1,0,1,0,1,208,1,16336,1,0,1,0,1,4125,1,71165,1,8,1,8,1,0,1,87508,1,97,1,13018,1,396,1,112821,1,16533,1,1,1,32,1,32,1
148,1888500,4465,9545,28.98647,,0,10,8,96,32482,9609,30780,1856018,16,215,80,1,30610,1,70,1,280954,1,161278,1,145346,1,1226888,1,10791,1,109536,1,12044,4,311664,4,83074,4,231466,4,436981,8,595905,96,41762,24,3086,1,26663,1,2765,1,0,0,0,0,0,0,0,0,107983,1,34889,1,4799,1,5781,1,23326,1,219823,1,31452,1,3777,1,5521,1,30089,1,67944,1,16341,1,222,1,9545,1,4465,1,16563,1,9545,1,48,1,1240,1,1,1,0,1,4449,1,5039,1,57,1,0,0,215676,1,316173,1,776,1,776,1,0,1,96,1,2256,1,97,1,0,1,1,1,0,1,0,1,1,1,8,1,15,1,0,1,0,1,207,1,16341,1,0,1,0,1,1732,1,30888,1,8,1,8,1,0,1,87616,1,97,1,15741,1,1320,1,115874,1,2789,1,1,1,32,1,32,1
149,1871300,4466,9545,28.986603,,0,10,8,96,31955,8998,29435,1839345,16,215,50,1,30690,1,20,1,275784,1,163101,1,136810,1,1222019,1,10871,1,114846,1,12184,4,310682,4,83194,4,230825,4,429757,8,588843,96,42303,24,3146,1,25651,1,2735,1,0,0,0,0,0,0,0,0,110979,1,32524,1,5351,1,5992,1,22204,1,213050,1,34137,1,3968,1,5461,1,30550,1,72483,1,16345,1,221,1,9545,1,4466,1,16566,1,9545,1,48,1,1240,1,1,1,0,1,4445,1,5039,1,61,1,0,0,207220,1,306471,1,776,1,776,1,0,1,96,1,2256,1,97,1,0,1,1,1,0,1,0,1,1,1,8,1,16,1,0,1,0,1,205,1,16345,1,0,1,0,1,3383,1,57321,1,8,1,8,1,0,1,87000,1,97,1,14174,1,4587,1,116875,1,14454,1,1,1,32,1,32,1
150,1879500,4467,9545,28.986732,,0,10,8,96,30896,10941,30851,1848604,16,215,130,1,30540,1,50,1,287567,1,163212,1,134926,1,1221478,1,10701,1,117041,1,11773,4,305562,4,79246,4,231005,4,433996,8,591837,96,42313,24,2976,1,26182,1,2755,1,0,0,0,0,0,0,0,0,108895,1,34869,1,5090,1,6012,1,22775,1,224683,1,33556,1,4308,1,6252,1,30490,1,71351,1,16347,1,217,1,9545,1,4467,1,16564,1,9545,1,48,1,1240,1,1,1,0,1,4448,1,5039,1,58,1,0,0,199075,1,300498,1,776,1,776,1,0,1,96,1,2244,1,97,1,0,1,1,1,0,1,0,1,1,1,8,1,15,1,0,1,0,1,202,1,16347,1,0,1,0,1,2425,1,25014,1,8,1,8,1,0,1,94521,1,97,1,13249,1,1485,1,110314,1,2954,1,1,1,32,1,32,1
151,1860300,4467,9545,28.986855,,0,10,8,96,30343,8827,29227,1829957,16,215,50,1,30450,1,60,1,273148,1,165085,1,136229,1,1214143,1,10791,1,114345,1,12214,4,302516,4,83184,4,229983,4,431020,8,589633,96,42143,24,2946,1,26402,1,2705,1,0,0,0,0,0,0,0,0,110879,1,34879,1,5320,1,5902,1,22384,1,211216,1,33376,1,4058,1,6232,1,30420,1,71421,1,16333,1,229,1,9545,1,4467,1,16562,1,9545,1,48,1,1240,1,1,1,0,1,4444,1,5039,1,62,1,0,0,207353,1,333531,1,776,1,776,1,0,1,96,1,2232,1,97,1,0,1,1,1,0,1,0,1,1,1,8,1,15,1,0,1,0,1,214,1,16333,1,0,1,0,1,2393,1,60819,1,8,1,8,1,0,1,89871,1,97,1,13877,1,1056,1,114021,1,12919,1,1,1,32,1,32,1
152,1809500,4465,9545,28.986967,,0,10,8,96,31245,8657,29477,1778255,16,215,70,1,26693,1,80,1,261155,1,155887,1,112672,1,1210967,1,10731,1,110718,1,11934,4,298408,4,82933,4,231015,4,435338,8,594923,96,41953,24,2956,1,26342,1,2665,1,0,0,0,0,0,0,0,0,103534,1,34769,1,4579,1,5511,1,21202,1,206868,1,27364,1,3637,1,5441,1,30771,1,68896,1,16330,1,229,1,9545,1,4465,1,16559,1,9545,1,48,1,1240,1,1,1,0,1,4455,1,5041,1,49,1,0,0,208166,1,338712,1,776,1,776,1,0,1,96,1,2244,1,97,1,0,1,1,1,0,1,0,1,1,1,8,1,12,1,0,1,0,1,217,1,16330,1,0,1,0,1,2360,1,22242,1,8,1,8,1,0,1,89538,1,97,1,13679,1,363,1,115324,1,2409,1,1,1,32,1,32,1
153,1889800,4464,9545,28.987074,,0,10,8,96,31016,9008,32803,1858784,16,215,60,1,30380,1,70,1,284711,1,163893,1,135126,1,1233772,1,10771,1,112802,1,12294,4,319390,4,78485,4,232909,4,437082,8,593622,96,43566,24,3106,1,25981,1,2715,1,0,0,0,0,0,0,0,0,111039,1,33726,1,5210,1,5962,1,22564,1,222288,1,33466,1,4358,1,6232,1,30861,1,69036,1,16337,1,226,1,9545,1,4464,1,16563,1,9545,1,48,1,1240,1,1,1,0,1,4459,1,5042,1,44,1,0,0,205019,1,287892,1,776,1,776,1,0,1,96,1,2244,1,97,1,0,1,1,1,0,1,0,1,1,1,8,1,16,1,0,1,0,1,210,1,16337,1,0,1,0,1,5263,1,48213,1,8,1,8,1,0,1,84681,1,97,1,12688,1,2871,1,110627,1,15560,1,1,1,32,1,32,1
154,1862600,4465,9545,28.987171,,0,10,8,96,30008,8637,29447,1832592,16,215,60,1,30801,1,30,1,269351,1,156629,1,135788,1,1229042,1,10891,1,114335,1,12244,4,315662,4,83384,4,231536,4,433845,8,593851,96,42083,24,2966,1,23737,1,2695,1,0,0,0,0,0,0,0,0,105358,1,32554,1,5190,1,6042,1,22134,1,207629,1,33246,1,4308,1,6232,1,30500,1,71030,1,16344,1,223,1,9545,1,4465,1,16567,1,9545,1,48,1,1240,1,1,1,0,1,4461,1,5042,1,42,1,0,0,209434,1,317658,1,776,1,776,1,0,1,96,1,2232,1,97,1,0,1,1,1,0,1,0,1,1,1,8,1,15,1,0,1,0,1,208,1,16344,1,0,1,0,1,2294,1,5412,1,8,1,8,1,0,1,90690,1,97,1,13250,1,429,1,115373,1,1963,1,1,1,32,1,32,1
155,1812200,4466,9545,28.987276,,0,10,8,96,30659,8807,28886,1781541,16,215,50,1,27113,1,40,1,261045,1,163773,1,113704,1,1204765,1,11052,1,108344,1,12134,4,298919,4,83124,4,228571,4,433866,8,591447,96,42103,24,2976,1,25350,1,2675,1,0,0,0,0,0,0,0,0,110228,1,35179,1,4970,1,5751,1,20741,1,206597,1,27705,1,3386,1,5551,1,30751,1,66691,1,16343,1,224,1,9545,1,4466,1,16567,1,9545,1,48,1,1240,1,1,1,0,1,4451,1,5042,1,52,1,0,0,204955,1,300597,1,776,1,776,1,0,1,96,1,2244,1,97,1,0,1,1,1,0,1,0,1,1,1,8,1,16,1,0,1,0,1,208,1,16343,1,0,1,0,1,1898,1,49236,1,8,1,8,1,0,1,82775,1,97,1,12821,1,4059,1,108460,1,13282,1,1,1,32,1,32,1
156,1873000,4466,9545,28.98737,,0,10,8,96,30609,8888,30861,1842391,16,215,30,1,27434,1,40,1,259642,1,160967,1,113794,1,1269422,1,11062,1,114375,1,12043,4,299400,4,83194,4,262878,4,457592,8,645603,96,44007,24,2986,1,25350,1,2715,1,0,0,0,0,0,0,0,0,109085,1,34137,1,4669,1,5741,1,20901,1,205034,1,27614,1,3487,1,5571,1,30731,1,72653,1,16348,1,216,1,9545,1,4466,1,16564,1,9545,1,48,1,1240,1,1,1,0,1,4455,1,5040,1,50,1,0,0,202932,1,458601,1,776,1,776,1,0,1,96,1,2232,1,97,1,0,1,1,1,0,1,0,1,1,1,8,1,15,1,0,1,0,1,201,1,16348,1,0,1,0,1,1898,1,43989,1,8,1,8,1,0,1,115443,1,97,1,12755,1,1386,1,107586,1,12391,1,1,1,32,1,32,1
157,1808300,4464,9545,28.987461,,0,10,8,96,30666,8697,30220,1777634,16,215,130,1,27063,1,110,1,260804,1,153392,1,114746,1,1210406,1,10982,1,111460,1,11823,4,297967,4,83024,4,231426,4,434266,8,593380,96,42093,24,2916,1,26121,1,2705,1,0,0,0,0,0,0,0,0,102252,1,33676,1,4599,1,5751,1,21452,1,205695,1,27504,1,3647,1,5531,1,30701,1,69557,1,16345,1,219,1,9545,1,4464,1,16564,1,9545,1,48,1,1240,1,1,1,0,1,4460,1,5041,1,44,1,0,0,206365,1,357027,1,776,1,776,1,0,1,96,1,2232,1,97,1,0,1,1,1,0,1,0,1,1,1,8,1,15,1,0,1,0,1,204,1,16345,1,0,1,0,1,2261,1,5544,1,8,1,8,1,0,1,103616,1,97,1,12194,1,1386,1,108394,1,1848,1,1,1,32,1,32,1
158,1808100,4468,9545,28.987545,,0,10,8,96,30757,8787,28675,1777343,16,215,20,1,26843,1,30,1,259992,1,155166,1,114255,1,1210205,1,10831,1,108183,1,11823,4,299230,4,83004,4,231156,4,437382,8,597629,96,42233,24,3006,1,24889,1,2745,1,0,0,0,0,0,0,0,0,103985,1,33736,1,4559,1,5952,1,20581,1,205455,1,27614,1,3427,1,5501,1,30630,1,66521,1,16331,1,233,1,9545,1,4468,1,16564,1,9545,1,48,1,1240,1,1,1,0,1,4467,1,5041,1,37,1,0,0,214148,1,319044,1,776,1,776,1,0,1,96,1,2244,1,97,1,0,1,1,1,0,1,0,1,1,1,8,1,20,1,0,1,0,1,213,1,16331,1,0,1,0,1,1997,1,25080,1,8,1,8,1,0,1,96339,1,97,1,13910,1,924,1,116512,1,2260,1,1,1,32,1,32,1
159,1820300,4466,9545,28.987621,,0,10,8,96,30522,8968,29396,1789778,16,215,20,1,26873,1,30,1,260123,1,157110,1,113874,1,1220806,1,10942,1,116660,1,11903,4,298719,4,83404,4,233210,4,436370,8,597690,96,42494,24,3697,1,25160,1,2715,1,0,0,0,0,0,0,0,0,103765,1,36011,1,4549,1,5922,1,21362,1,204814,1,27735,1,3627,1,5461,1,30510,1,74978,1,16324,1,235,1,9545,1,4466,1,16559,1,9545,1,48,1,1240,1,1,1,0,1,4468,1,5041,1,36,1,0,0,215422,1,377883,1,776,1,776,1,0,1,96,1,2244,1,97,1,0,1,1,1,0,1,0,1,1,1,8,1,20,1,0,1,0,1,215,1,16324,1,0,1,0,1,2294,1,28380,1,8,1,8,1,0,1,113886,1,97,1,14174,1,6105,1,117370,1,2656,1,1,1,32,1,32,1
160,1812000,4466,9545,28.98769,,0,10,8,96,30248,8667,28756,1781752,16,215,20,1,27103,1,30,1,259371,1,160777,1,114566,1,1208813,1,11072,1,110929,1,11433,4,298839,4,83264,4,232699,4,432362,8,594152,96,42153,24,2936,1,25009,1,2675,1,0,0,0,0,0,0,0,0,109626,1,33426,1,4579,1,5862,1,21272,1,204283,1,27685,1,3577,1,5501,1,30480,1,69407,1,16337,1,227,1,9545,1,4466,1,16564,1,9545,1,48,1,1240,1,1,1,0,1,4466,1,5041,1,38,1,0,0,209221,1,347919,1,776,1,776,1,0,1,96,1,2244,1,97,1,0,1,1,1,0,1,0,1,1,1,8,1,19,1,0,1,0,1,208,1,16337,1,0,1,0,1,2360,1,54648,1,8,1,8,1,0,1,92737,1,97,1,13481,1,6039,1,116050,1,15922,1,1,1,32,1,32,1
161,1804000,4467,9545,28.98776,,0,10,8,96,30013,8677,29035,1773987,16,215,10,1,26733,1,30,1,257758,1,149875,1,114806,1,1213792,1,10982,1,108384,1,11853,4,298388,4,83384,4,232819,4,439506,8,600456,96,42834,24,3006,1,25039,1,2735,1,0,0,0,0,0,0,0,0,99546,1,33105,1,4439,1,6072,1,21062,1,202619,1,27745,1,3487,1,5561,1,30630,1,66762,1,16327,1,236,1,9545,1,4467,1,16563,1,9545,1,48,1,1240,1,1,1,0,1,4471,1,5040,1,34,1,0,0,216660,1,348678,1,776,1,776,1,0,1,96,1,2244,1,97,1,0,1,1,1,0,1,0,1,1,1,8,1,20,1,0,1,0,1,216,1,16327,1,0,1,0,1,2195,1,8547,1,8,1,8,1,0,1,94389,1,97,1,14273,1,1254,1,116661,1,495,1,1,1,32,1,32,1
162,1808400,4469,9545,28.987827,,0,10,8,96,29654,8667,28846,1778746,16,215,10,1,27083,1,80,1,257397,1,152641,1,114896,1,1215947,1,10691,1,111870,1,11813,4,299871,4,83144,4,234232,4,435619,8,595695,96,45309,24,3016,1,25049,1,2665,1,0,0,0,0,0,0,0,0,102672,1,32684,1,4569,1,6172,1,20871,1,202690,1,27334,1,3757,1,5571,1,30881,1,69627,1,16321,1,241,1,9545,1,4469,1,16562,1,9545,1,48,1,1240,1,1,1,0,1,4470,1,5039,1,36,1,0,0,209498,1,342936,1,776,1,776,1,0,1,96,1,2244,1,97,1,0,1,1,1,0,1,0,1,1,1,8,1,20,1,0,1,0,1,221,1,16321,1,0,1,0,1,1964,1,23364,1,8,1,8,1,0,1,93315,1,97,1,13745,1,3663,1,116331,1,2557,1,1,1,32,1,32,1
163,1809000,4469,9545,28.987888,,0,10,8,96,30685,8717,28946,1778315,16,215,10,1,26783,1,30,1,257688,1,152170,1,113905,1,1217039,1,10691,1,110327,1,11663,4,299921,4,83485,4,234432,4,436961,8,599904,96,42544,24,3667,1,25160,1,2705,1,0,0,0,0,0,0,0,0,101159,1,33817,1,4409,1,5972,1,21001,1,203000,1,27434,1,3387,1,5571,1,30350,1,69036,1,16315,1,236,1,9545,1,4469,1,16551,1,9545,1,48,1,1240,1,1,1,0,1,4480,1,5040,1,25,1,0,0,207582,1,357489,1,776,1,776,1,0,1,96,1,2244,1,97,1,0,1,1,1,0,1,0,1,1,1,8,1,20,1,0,1,0,1,216,1,16315,1,0,1,0,1,2063,1,27159,1,8,1,8,1,0,1,93249,1,97,1,13613,1,1254,1,111826,1,2920,1,1,1,32,1,32,1
164,1809700,4466,9545,28.98795,,0,10,8,96,30924,8908,28434,1778776,16,215,20,1,27023,1,30,1,257748,1,152501,1,114446,1,1216307,1,10701,1,108454,1,11763,4,310953,4,83244,4,231436,4,430599,8,591187,96,42414,24,2966,1,25200,1,2785,1,0,0,0,0,0,0,0,0,100518,1,34979,1,4499,1,6242,1,20721,1,203150,1,27254,1,3467,1,5551,1,30630,1,66772,1,16323,1,221,1,9545,1,4466,1,16544,1,9545,1,48,1,1240,1,1,1,0,1,4482,1,5040,1,23,1,0,0,206002,1,317427,1,776,1,776,1,0,1,96,1,2232,1,97,1,0,1,1,1,0,1,0,1,1,1,8,1,19,1,0,1,0,1,202,1,16323,1,0,1,0,1,1766,1,21714,1,8,1,8,1,0,1,89722,1,97,1,14075,1,396,1,112008,1,2359,1,1,1,32,1,32,1
165,1918500,4468,9545,28.988005,,0,10,8,96,32693,12234,30930,1885807,16,215,140,1,31051,1,80,1,280272,1,156829,1,136269,1,1271015,1,10150,1,114526,1,12435,4,335682,4,82042,4,237428,4,444586,8,597338,96,53746,24,3076,1,26282,1,2725,1,0,0,0,0,0,0,0,0,103724,1,34067,1,5160,1,6583,1,22635,1,216837,1,33646,1,4248,1,6292,1,30640,1,70830,1,16296,1,248,1,9545,1,4468,1,16544,1,9545,1,48,1,1240,1,1,1,0,1,4482,1,5040,1,23,1,0,0,206359,1,324357,1,776,1,776,1,0,1,96,1,2280,1,97,1,0,1,1,1,0,1,0,1,1,1,8,1,20,1,0,1,0,1,228,1,16296,1,0,1,0,1,4158,1,19206,1,8,1,8,1,0,1,90150,1,97,1,13200,1,1848,1,111689,1,3349,1,1,1,32,1,32,1
166,1945900,4469,9545,28.988058,,0,10,8,96,32063,8858,32372,1913837,16,215,70,1,30741,1,70,1,280142,1,153503,1,128373,1,1310167,1,10771,1,117642,1,12545,4,323077,4,84827,4,264085,4,460618,8,643104,96,49227,24,4438,1,30650,1,3427,1,0,0,0,0,0,0,0,0,101901,1,33346,1,4739,1,6292,1,23697,1,218180,1,31532,1,4389,1,6052,1,30500,1,74417,1,16303,1,248,1,9545,1,4469,1,16551,1,9545,1,48,1,1240,1,1,1,0,1,4480,1,5040,1,25,1,0,0,224878,1,415519,1,776,1,776,1,0,1,96,1,2244,1,97,1,0,1,1,1,0,1,0,1,1,1,8,1,20,1,0,1,0,1,228,1,16303,1,0,1,0,1,2590,1,12507,1,8,1,8,1,0,1,98063,1,97,1,15394,1,1617,1,127875,1,1271,1,1,1,32,1,32,1
167,1914100,4468,9545,28.98811,,0,10,8,96,30217,8838,29447,1883883,16,215,140,1,27083,1,40,1,275653,1,156398,1,145847,1,1268029,1,10691,1,115036,1,12174,4,347044,4,84777,4,236707,4,432392,8,592809,96,46842,24,3066,1,25290,1,2705,1,0,0,0,0,0,0,0,0,102412,1,34628,1,5381,1,6262,1,22414,1,210234,1,36392,1,4349,1,6433,1,30731,1,71141,1,16302,1,243,1,9545,1,4468,1,16545,1,9545,1,48,1,1240,1,1,1,0,1,4479,1,5041,1,25,1,0,0,204205,1,344817,1,776,1,776,1,0,1,96,1,2244,1,97,1,0,1,1,1,0,1,0,1,1,1,8,1,20,1,0,1,0,1,223,1,16302,1,0,1,0,1,2096,1,3267,1,8,1,8,1,0,1,87406,1,97,1,13184,1,990,1,109137,1,1089,1,1,1,32,1,32,1
168,1813800,4469,9545,28.988153,,0,10,8,96,29774,8877,28827,1784026,16,215,60,1,27113,1,30,1,261095,1,152160,1,113424,1,1219424,1,10721,1,115768,1,11803,4,297737,4,83264,4,242067,4,429176,8,596736,96,45680,24,2986,1,25049,1,2695,1,0,0,0,0,0,0,0,0,100097,1,34919,1,4439,1,5821,1,21011,1,206337,1,27614,1,3687,1,5521,1,30590,1,73595,1,16303,1,242,1,9545,1,4469,1,16545,1,9545,1,48,1,1240,1,1,1,0,1,4479,1,5041,1,25,1,0,0,202501,1,370359,1,776,1,776,1,0,1,96,1,2244,1,97,1,0,1,1,1,0,1,0,1,1,1,8,1,20,1,0,1,0,1,222,1,16303,1,0,1,0,1,2228,1,18315,1,8,1,8,1,0,1,99275,1,97,1,12623,1,3630,1,111875,1,676,1,1,1,32,1,32,1
169,1819800,4468,9545,28.988195,,0,10,8,96,30954,8828,28615,1788846,16,215,130,1,27214,1,30,1,259972,1,159675,1,113925,1,1217159,1,10741,1,115748,1,11753,4,298579,4,82933,4,233340,4,434005,8,592810,96,45921,24,2996,1,26262,1,2715,1,0,0,0,0,0,0,0,0,107933,1,33997,1,4679,1,6403,1,21172,1,204593,1,27524,1,3367,1,5601,1,30590,1,73765,1,16318,1,239,1,9545,1,4468,1,16557,1,9545,1,48,1,1240,1,1,1,0,1,4478,1,5041,1,26,1,0,0,206016,1,365376,1,776,1,776,1,0,1,96,1,2244,1,97,1,0,1,1,1,0,1,0,1,1,1,8,1,19,1,0,1,0,1,220,1,16318,1,0,1,0,1,2261,1,47388,1,8,1,8,1,0,1,104371,1,97,1,13712,1,1881,1,115011,1,15691,1,1,1,32,1,32,1
170,1812500,4471,9545,28.98824,,0,10,8,96,30097,8767,28596,1782403,16,215,30,1,27224,1,30,1,259041,1,161969,1,113854,1,1209524,1,10731,1,109235,1,12084,4,299450,4,83024,4,230625,4,435388,8,589983,96,47433,24,3006,1,25240,1,2705,1,0,0,0,0,0,0,0,0,109847,1,35019,1,4389,1,6162,1,21332,1,203732,1,27554,1,3417,1,5551,1,30490,1,67764,1,16309,1,251,1,9545,1,4471,1,16560,1,9545,1,48,1,1240,1,1,1,0,1,4490,1,5041,1,14,1,0,0,206430,1,342903,1,776,1,776,1,0,1,96,1,2244,1,97,1,0,1,1,1,0,1,0,1,1,1,8,1,20,1,0,1,0,1,231,1,16309,1,0,1,0,1,1865,1,49467,1,8,1,8,1,0,1,85579,1,97,1,13580,1,4224,1,111447,1,14404,1,1,1,32,1,32,1
171,1810600,4470,9545,28.988277,,0,11,8,96,30421,8747,28704,1780179,16,227,30,1,27113,1,20,1,258740,1,158573,1,113674,1,1211288,1,10741,1,109826,1,11853,4,298769,4,83024,4,233190,4,434727,8,587420,96,51792,36,2976,1,25440,1,2735,1,0,0,0,0,0,0,0,0,107833,1,33276,1,4619,1,6573,1,21252,1,202940,1,27735,1,3527,1,5531,1,30711,1,68004,1,16314,1,248,1,9545,1,4470,1,16562,1,9545,1,48,1,1240,1,1,1,0,1,4485,1,5040,1,20,1,0,0,202341,1,297000,1,776,1,776,1,0,1,96,1,2232,1,97,1,0,1,2,1,0,1,0,1,1,1,8,1,27,1,0,1,0,1,221,1,16314,1,0,1,0,1,1898,1,47685,1,8,1,8,1,0,1,86023,1,97,1,12359,1,396,1,106942,1,15724,1,1,1,32,1,32,1
172,1901100,4471,9545,28.988316,,0,11,8,96,31490,8727,32172,1869610,16,227,40,1,27204,1,30,1,259401,1,148222,1,113113,1,1310448,1,11152,1,111830,1,11733,4,305452,4,84537,4,256997,4,490192,8,661932,96,53085,36,4649,1,32825,1,3507,1,0,0,0,0,0,0,0,0,98143,1,33095,1,4409,1,6753,1,20991,1,203501,1,27855,1,3537,1,5551,1,30530,1,70208,1,16313,1,250,1,9545,1,4471,1,16563,1,9545,1,48,1,1240,1,1,1,0,1,4493,1,5039,1,13,1,0,0,223006,1,440633,1,774,1,775,1,0,1,96,1,2244,1,97,1,0,1,2,1,0,1,0,1,1,1,8,1,28,1,0,1,0,1,222,1,16313,1,0,1,0,1,1832,1,13992,1,8,1,8,1,0,1,110749,1,97,1,12656,1,4323,1,128116,1,660,1,1,1,32,1,32,1
173,1830600,4469,9545,28.98835,,0,11,8,96,33959,9088,28695,1796641,16,227,40,1,31091,1,60,1,262197,1,158973,1,114255,1,1219073,1,10952,1,112191,1,11833,4,298999,4,82713,4,235985,4,432853,8,592900,96,47243,36,2976,1,29658,1,2775,1,0,0,0,0,0,0,0,0,106841,1,34809,1,4389,1,6783,1,22274,1,204904,1,27755,1,3146,1,5571,1,29939,1,71521,1,16321,1,245,1,9545,1,4469,1,16566,1,9545,1,48,1,1240,1,1,1,0,1,4483,1,5040,1,22,1,0,0,199182,1,325083,1,776,1,776,1,0,1,96,1,2232,1,97,1,0,1,2,1,0,1,0,1,1,1,8,1,27,1,0,1,0,1,218,1,16321,1,0,1,0,1,1865,1,59202,1,8,1,8,1,0,1,93782,1,97,1,12590,1,1254,1,108246,1,15493,1,1,1,32,1,32,1
174,1851000,4470,9545,28.988382,,0,11,8,96,30592,8817,31670,1820408,16,227,10,1,27304,1,30,1,260544,1,151579,1,112973,1,1257258,1,10711,1,114335,1,12545,4,299330,4,84947,4,241376,4,463694,8,616257,96,57143,36,2926,1,26552,1,2735,1,0,0,0,0,0,0,0,0,100949,1,33556,1,4429,1,6934,1,21552,1,204192,1,27604,1,3276,1,5561,1,30811,1,72663,1,16314,1,249,1,9545,1,4470,1,16563,1,9545,1,48,1,1240,1,1,1,0,1,4488,1,5040,1,17,1,0,0,211163,1,337458,1,776,1,776,1,0,1,96,1,2232,1,97,1,0,1,2,1,0,1,0,1,1,1,8,1,27,1,0,1,0,1,222,1,16314,1,0,1,0,1,2195,1,12210,1,8,1,8,1,0,1,91967,1,97,1,12260,1,3993,1,112668,1,643,1,1,1,32,1,32,1
175,1835800,4470,9545,28.988405,,0,11,8,96,30702,8757,29258,1805098,16,227,20,1,27154,1,40,1,261375,1,157300,1,113884,1,1234463,1,10861,1,114906,1,11934,4,299570,4,83094,4,236055,4,449406,8,604992,96,51211,36,2996,1,25039,1,2705,1,0,0,0,0,0,0,0,0,105558,1,34759,1,4429,1,6563,1,21713,1,205004,1,27755,1,3497,1,5471,1,30580,1,73204,1,16317,1,246,1,9545,1,4470,1,16563,1,9545,1,48,1,1240,1,1,1,0,1,4493,1,5040,1,12,1,0,0,209139,1,366300,1,776,1,776,1,0,1,96,1,2232,1,97,1,0,1,2,1,0,1,0,1,1,1,8,1,28,1,0,1,0,1,218,1,16317,1,0,1,0,1,2987,1,18348,1,8,1,8,1,0,1,104090,1,97,1,12359,1,1452,1,114549,1,3844,1,1,1,32,1,32,1
176,1815000,4470,9545,28.988434,,0,11,8,96,31164,8998,29387,1783836,16,227,20,1,27123,1,40,1,261095,1,150186,1,111750,1,1222810,1,10811,1,109656,1,11934,4,299430,4,83284,4,234282,4,444686,8,597899,96,51682,36,2966,1,24829,1,2745,1,0,0,0,0,0,0,0,0,101069,1,31813,1,4609,1,6623,1,21222,1,205164,1,27765,1,3597,1,5441,1,30731,1,67904,1,16313,1,246,1,9545,1,4470,1,16559,1,9545,1,48,1,1240,1,1,1,0,1,4489,1,5040,1,16,1,0,0,214466,1,378477,1,776,1,776,1,0,1,96,1,2232,1,97,1,0,1,2,1,0,1,0,1,1,1,8,1,28,1,0,1,0,1,218,1,16313,1,1,1,0,1,2558,1,1419,1,8,1,8,1,0,1,94126,1,97,1,13547,1,363,1,116859,1,660,1,1,1,32,1,32,1
177,1820300,4471,9545,28.988464,,0,11,8,96,30121,8797,28795,1790179,16,227,10,1,27244,1,40,1,260463,1,150717,1,111430,1,1229363,1,10912,1,117391,1,11493,4,298959,4,83454,4,237889,4,440789,8,598662,96,51221,36,3036,1,24849,1,2705,1,0,0,0,0,0,0,0,0,99416,1,34318,1,4519,1,6353,1,21302,1,204754,1,27695,1,3727,1,5581,1,30871,1,75078,1,16317,1,246,1,9545,1,4471,1,16563,1,9545,1,48,1,1240,1,1,1,0,1,4490,1,5039,1,16,1,0,0,207124,1,394746,1,776,1,776,1,0,1,96,1,2244,1,97,1,0,1,2,1,0,1,0,1,1,1,8,1,28,1,0,1,0,1,218,1,16317,1,0,1,0,1,2195,1,26334,1,8,1,8,1,0,1,112849,1,97,1,14042,1,6039,1,114829,1,2524,1,1,1,32,1,32,1
178,1801400,4468,9545,28.988497,,0,11,8,96,29487,8487,28966,1771913,16,227,100,1,26933,1,40,1,259391,1,148823,1,113714,1,1212139,1,10771,1,111460,1,11813,4,298348,4,82954,4,231406,4,437192,8,592228,96,47403,36,2956,1,24789,1,2735,1,0,0,0,0,0,0,0,0,99216,1,32434,1,4579,1,6813,1,21362,1,203551,1,27394,1,3627,1,5431,1,30851,1,69547,1,16323,1,238,1,9545,1,4468,1,16561,1,9545,1,48,1,1240,1,1,1,0,1,4489,1,5040,1,16,1,0,0,214681,1,347721,1,776,1,776,1,0,1,96,1,2232,1,97,1,0,1,2,1,0,1,0,1,1,1,8,1,27,1,0,1,0,1,211,1,16323,1,0,1,0,1,1865,1,12837,1,8,1,8,1,0,1,88516,1,97,1,14438,1,3663,1,116892,1,1072,1,1,1,32,1,32,1
179,1802600,4470,9545,28.988514,,0,11,8,96,30647,8797,28534,1771953,16,227,10,1,27013,1,20,1,259181,1,155707,1,114526,1,1204805,1,10691,1,108724,1,11673,4,298338,4,83064,4,230334,4,433274,8,587720,96,47353,36,2926,1,24969,1,2705,1,0,0,0,0,0,0,0,0,105959,1,32544,1,4629,1,6463,1,21472,1,203130,1,27835,1,3647,1,5581,1,30670,1,66892,1,16322,1,241,1,9545,1,4470,1,16563,1,9545,1,48,1,1240,1,1,1,0,1,4494,1,5040,1,11,1,0,0,211162,1,326040,1,776,1,776,1,0,1,96,1,2244,1,97,1,0,1,2,1,0,1,0,1,1,1,8,1,28,1,0,1,0,1,213,1,16322,1,0,1,0,1,2129,1,63393,1,8,1,8,1,0,1,87475,1,97,1,13646,1,1650,1,116726,1,13068,1,1,1,32,1,32,1
180,1808900,4469,9545,28.988539,,0,11,8,96,30505,8647,29026,1778395,16,227,20,1,27073,1,40,1,258690,1,157120,1,113424,1,1211277,1,10751,1,109857,1,11653,4,299310,4,83274,4,233671,4,433765,8,586708,96,51702,36,2996,1,25410,1,2695,1,0,0,0,0,0,0,0,0,105348,1,34107,1,4599,1,6463,1,21062,1,203050,1,27845,1,3828,1,5511,1,30650,1,67934,1,16314,1,246,1,9545,1,4469,1,16560,1,9545,1,48,1,1240,1,1,1,0,1,4484,1,5040,1,21,1,0,0,200157,1,307659,1,776,1,776,1,0,1,96,1,2244,1,97,1,0,1,2,1,0,1,0,1,1,1,8,1,27,1,0,1,0,1,219,1,16314,1,0,1,0,1,2063,1,45573,1,8,1,8,1,0,1,82329,1,97,1,12590,1,3597,1,109417,1,11764,1,1,1,32,1,32,1
181,1853400,4470,9545,28.988562,,0,11,8,96,32311,8777,29297,1821089,16,227,10,1,26933,1,40,1,264091,1,177710,1,115157,1,1226287,1,10861,1,110648,1,12054,4,300362,4,83014,4,234763,4,441490,8,594472,96,52483,36,3357,1,29077,1,2745,1,0,0,0,0,0,0,0,0,125848,1,34879,1,4429,1,6653,1,20120,1,208922,1,27895,1,3467,1,5300,1,29789,1,70088,1,16310,1,246,1,9545,1,4470,1,16556,1,9545,1,48,1,1240,1,1,1,0,1,4496,1,5040,1,9,1,0,0,216839,1,306636,1,776,1,776,1,0,1,96,1,2244,1,97,1,0,1,2,1,0,1,0,1,1,1,8,1,28,1,0,1,0,1,218,1,16310,1,0,1,0,1,4802,1,11484,1,8,1,8,1,0,1,83834,1,97,1,14240,1,5709,1,123408,1,1138,1,1,1,32,1,32,1
182,1824900,4469,9545,28.988585,,0,11,8,96,30824,8627,28807,1794076,16,227,40,1,27164,1,30,1,259171,1,156088,1,114145,1,1226728,1,10711,1,113464,1,11693,4,299891,4,83675,4,234452,4,443675,8,597738,96,51582,36,3016,1,25540,1,2695,1,0,0,0,0,0,0,0,0,106059,1,32885,1,4399,1,6593,1,22074,1,202209,1,27895,1,3808,1,5451,1,30680,1,71451,1,16306,1,246,1,9545,1,4469,1,16552,1,9545,1,48,1,1240,1,1,1,0,1,4501,1,5040,1,4,1,0,0,214315,1,341121,1,776,1,776,1,0,1,96,1,2232,1,97,1,0,1,2,1,0,1,0,1,1,1,8,1,27,1,0,1,0,1,219,1,16306,1,0,1,0,1,1997,1,45738,1,8,1,8,1,0,1,92658,1,97,1,14108,1,5775,1,118030,1,14404,1,1,1,32,1,32,1
183,1806600,4469,9545,28.988605,,0,11,8,96,30940,8697,28396,1775660,16,227,40,1,27003,1,30,1,258770,1,155256,1,113664,1,1210205,1,10691,1,110748,1,11623,4,298899,4,83164,4,230695,4,435398,8,585585,96,52113,36,3357,1,24939,1,2685,1,0,0,0,0,0,0,0,0,104486,1,33596,1,4459,1,6453,1,21472,1,202910,1,27624,1,3487,1,5561,1,30781,1,68816,1,16303,1,249,1,9545,1,4469,1,16552,1,9545,1,48,1,1240,1,1,1,0,1,4493,1,5040,1,12,1,0,0,209530,1,301125,1,776,1,776,1,0,1,96,1,2244,1,97,1,0,1,2,1,0,1,0,1,1,1,8,1,24,1,0,1,0,1,225,1,16303,1,0,1,0,1,2030,1,45078,1,8,1,8,1,0,1,79391,1,97,1,13679,1,1914,1,115159,1,15493,1,1,1,32,1,32,1
184,1814100,4468,9545,28.98862,,0,11,8,96,30364,8697,29146,1783736,16,227,40,1,27053,1,40,1,260463,1,155977,1,114295,1,1215155,1,10711,1,111039,1,11733,4,298959,4,82813,4,233260,4,437603,8,589433,96,52283,36,3006,1,25310,1,2735,1,0,0,0,0,0,0,0,0,104977,1,33747,1,4539,1,6964,1,21573,1,204012,1,27644,1,3717,1,5511,1,30670,1,69136,1,16302,1,248,1,9545,1,4468,1,16550,1,9545,1,48,1,1240,1,1,1,0,1,4492,1,5040,1,13,1,0,0,214094,1,306108,1,776,1,776,1,0,1,96,1,2244,1,97,1,0,1,2,1,0,1,0,1,1,1,8,1,23,1,0,1,0,1,225,1,16302,1,0,1,0,1,1799,1,43494,1,8,1,8,1,0,1,86257,1,97,1,14240,1,1221,1,117387,1,15625,1,1,1,32,1,32,1
185,1808800,4468,9545,28.988636,,0,11,8,96,30254,11072,28957,1778546,16,227,20,1,26923,1,30,1,259291,1,154615,1,112832,1,1213963,1,10871,1,108875,1,11843,4,299009,4,83384,4,233280,4,436130,8,588030,96,52423,36,2926,1,24739,1,2705,1,0,0,0,0,0,0,0,0,105047,1,32203,1,4459,1,6793,1,21372,1,203221,1,27614,1,3727,1,5240,1,30680,1,67162,1,16303,1,248,1,9545,1,4468,1,16551,1,9545,1,48,1,1240,1,1,1,0,1,4495,1,5040,1,10,1,0,0,208061,1,299937,1,776,1,776,1,0,1,96,1,2244,1,97,1,0,1,2,1,0,1,0,1,1,1,8,1,23,1,0,1,0,1,225,1,16303,1,1,1,0,1,2426,1,62370,1,8,1,8,1,0,1,79307,1,97,1,13613,1,528,1,115638,1,12886,1,1,1,32,1,32,1
186,1807400,4468,9545,28.988659,,0,11,8,96,29225,10080,28495,1778175,16,227,20,1,27133,1,30,1,258229,1,155136,1,112722,1,1214153,1,10751,1,111800,1,11443,4,298939,4,83134,4,233160,4,435619,8,587950,96,52333,36,3026,1,24278,1,2675,1,0,0,0,0,0,0,0,0,104576,1,33476,1,4519,1,6563,1,21102,1,201998,1,27825,1,3517,1,5090,1,30660,1,70459,1,16302,1,248,1,9545,1,4468,1,16550,1,9545,1,48,1,1240,1,1,1,0,1,4496,1,5041,1,8,1,0,0,209846,1,311091,1,776,1,776,1,0,1,96,1,2244,1,97,1,0,1,2,1,0,1,0,1,1,1,8,1,23,1,0,1,0,1,225,1,16302,1,1,1,0,1,2822,1,43230,1,8,1,8,1,0,1,78664,1,97,1,13613,1,5412,1,117634,1,13084,1,1,1,32,1,32,1
187,1804700,4468,9545,28.988678,,0,11,8,96,31094,9890,29367,1773606,16,227,30,1,26803,1,40,1,257017,1,149404,1,113033,1,1216307,1,10972,1,110558,1,11843,4,298609,4,83184,4,234001,4,438083,8,590084,96,52634,36,2966,1,24438,1,2735,1,0,0,0,0,0,0,0,0,99426,1,33045,1,4499,1,6633,1,21192,1,201056,1,27775,1,3537,1,5170,1,30580,1,69277,1,16300,1,248,1,9545,1,4468,1,16548,1,9545,1,48,1,1240,1,1,1,0,1,4493,1,5041,1,11,1,0,0,212484,1,307428,1,776,1,776,1,0,1,96,1,2244,1,97,1,0,1,2,1,0,1,0,1,1,1,8,1,23,1,0,1,0,1,225,1,16300,1,1,1,0,1,1931,1,759,1,8,1,8,1,0,1,86369,1,97,1,13613,1,4620,1,115077,1,759,1,1,1,32,1,32,1
188,1809000,4467,9545,28.988693,,0,11,8,96,31617,8707,29638,1777383,16,227,20,1,27073,1,40,1,257097,1,152561,1,113313,1,1216578,1,10701,1,112842,1,11603,4,299300,4,83014,4,233079,4,437162,8,589563,96,51041,36,3036,1,25029,1,2806,1,0,0,0,0,0,0,0,0,100438,1,35410,1,4389,1,6924,1,21252,1,200385,1,27805,1,3627,1,5551,1,30640,1,70740,1,16309,1,243,1,9545,1,4467,1,16552,1,9545,1,48,1,1240,1,1,1,0,1,4494,1,5041,1,10,1,0,0,201104,1,336369,1,776,1,776,1,0,1,96,1,2244,1,97,1,0,1,2,1,0,1,0,1,1,1,8,1,23,1,0,1,0,1,220,1,16309,1,0,1,0,1,1964,1,29436,1,8,1,8,1,0,1,99516,1,97,1,12722,1,4620,1,108922,1,2359,1,1,1,32,1,32,1
189,1846500,4468,9545,28.988708,,0,11,8,96,30901,8687,29606,1815599,16,227,20,1,27324,1,40,1,256936,1,155957,1,114005,1,1250355,1,10962,1,109796,1,11372,4,301705,4,82442,4,246576,4,458183,8,622880,96,52273,36,2996,1,25871,1,2725,1,0,0,0,0,0,0,0,0,104777,1,34117,1,4379,1,7134,1,20571,1,201327,1,27504,1,3747,1,5431,1,30690,1,67864,1,16300,1,248,1,9545,1,4468,1,16548,1,9545,1,48,1,1240,1,1,1,0,1,4497,1,5041,1,7,1,0,0,201794,1,338712,1,776,1,776,1,0,1,96,1,2244,1,97,1,0,1,2,1,0,1,0,1,1,1,8,1,23,1,0,1,0,1,225,1,16300,1,0,1,0,1,1898,1,47586,1,8,1,8,1,0,1,102708,1,97,1,12953,1,6072,1,109170,1,13480,1,1,1,32,1,32,1
190,1809600,4469,9545,28.988724,,0,11,8,96,30794,8778,28333,1778806,16,227,20,1,26923,1,40,1,258790,1,155486,1,112802,1,1213782,1,10962,1,111039,1,11543,4,299079,4,82793,4,236186,4,433845,8,590076,96,51622,36,2996,1,24829,1,2695,1,0,0,0,0,0,0,0,0,105358,1,33256,1,4399,1,7194,1,21412,1,202138,1,27735,1,3577,1,5541,1,30660,1,69327,1,16299,1,250,1,9545,1,4469,1,16549,1,9545,1,48,1,1240,1,1,1,0,1,4498,1,5041,1,6,1,0,0,199649,1,310068,1,776,1,776,1,0,1,96,1,2232,1,97,1,0,1,2,1,0,1,0,1,1,1,8,1,27,1,0,1,0,1,223,1,16299,1,0,1,0,1,1931,1,48345,1,8,1,8,1,0,1,81612,1,97,1,12425,1,3894,1,107239,1,16351,1,1,1,32,1,32,1
191,1799000,4467,9545,28.988739,,0,11,8,96,30354,8617,28786,1768646,16,227,20,1,27083,1,10,1,257568,1,148172,1,112482,1,1212580,1,10731,1,110227,1,11974,4,299059,4,83194,4,232308,4,436651,8,589082,96,51091,36,2966,1,24809,1,2775,1,0,0,0,0,0,0,0,0,99707,1,31803,1,4399,1,7615,1,21041,1,201187,1,27404,1,3577,1,5501,1,30751,1,68465,1,16302,1,243,1,9545,1,4467,1,16545,1,9545,1,48,1,1240,1,1,1,0,1,4500,1,5041,1,4,1,0,0,206760,1,286638,1,776,1,776,1,0,1,96,1,2244,1,97,1,0,1,2,1,0,1,0,1,1,1,8,1,23,1,0,1,0,1,220,1,16302,1,0,1,0,1,2558,1,528,1,8,1,8,1,0,1,85940,1,97,1,13745,1,1353,1,115489,1,528,1,1,1,32,1,32,1
192,1808700,4469,9545,28.988747,,0,11,8,96,30225,9228,29118,1778475,16,227,80,1,27123,1,40,1,257868,1,155527,1,114416,1,1212690,1,10731,1,110057,1,11954,4,298609,4,83104,4,231306,4,436901,8,586917,96,52173,36,2956,1,25901,1,2675,1,0,0,0,0,0,0,0,0,105468,1,32925,1,4559,1,7324,1,21152,1,201357,1,27745,1,3517,1,5591,1,30480,1,68485,1,16295,1,249,1,9545,1,4469,1,16544,1,9545,1,48,1,1240,1,1,1,0,1,4495,1,5041,1,9,1,0,0,210159,1,306801,1,776,1,776,1,0,1,96,1,2244,1,97,1,0,1,2,1,0,1,0,1,1,1,8,1,24,1,0,1,0,1,225,1,16295,1,0,1,0,1,2195,1,44814,1,8,1,8,1,0,1,81553,1,97,1,13646,1,6369,1,115753,1,14470,1,1,1,32,1,32,1
193,1799700,4468,9545,28.988762,,0,11,8,96,30242,8577,29007,1769458,16,227,10,1,27224,1,40,1,259992,1,148463,1,113414,1,1209644,1,10671,1,111139,1,11723,4,299140,4,83014,4,230534,4,434797,8,584062,96,52263,36,3016,1,24959,1,2745,1,0,0,0,0,0,0,0,0,99045,1,32604,1,4389,1,7154,1,21242,1,203591,1,27705,1,3787,1,5511,1,30610,1,69147,1,16292,1,248,1,9545,1,4468,1,16540,1,9545,1,48,1,1240,1,1,1,0,1,4496,1,5041,1,8,1,0,0,208229,1,292710,1,776,1,776,1,0,1,96,1,2244,1,97,1,0,1,2,1,0,1,0,1,1,1,8,1,23,1,0,1,0,1,225,1,16292,1,0,1,0,1,1931,1,20394,1,8,1,8,1,0,1,75930,1,97,1,14273,1,396,1,119070,1,2128,1,1,1,32,1,32,1
194,1817500,4469,9545,28.988777,,0,11,8,96,29366,8717,28515,1788134,16,227,90,1,27264,1,40,1,258139,1,156699,1,114375,1,1220736,1,10791,1,116299,1,11793,4,298789,4,82783,4,235053,4,436751,8,591017,96,52273,36,2976,1,24889,1,2685,1,0,0,0,0,0,0,0,0,105819,1,33646,1,4519,1,6854,1,21332,1,201908,1,27765,1,3958,1,5411,1,30751,1,74096,1,16285,1,259,1,9545,1,4469,1,16544,1,9545,1,48,1,1240,1,1,1,0,1,4497,1,5041,1,7,1,0,0,211989,1,377586,1,776,1,776,1,0,1,96,1,2232,1,97,1,0,1,2,1,0,1,0,1,1,1,8,1,28,1,0,1,0,1,231,1,16285,1,0,1,0,1,2294,1,52668,1,8,1,8,1,0,1,100326,1,97,1,14108,1,4587,1,115984,1,12886,1,1,1,32,1,32,1
195,1800800,4470,9545,28.988789,,0,11,8,96,31372,8567,29497,1769428,16,227,70,1,26723,1,30,1,259441,1,146719,1,113143,1,1212610,1,10691,1,109245,1,11423,4,298498,4,82813,4,232679,4,439356,8,590586,96,51952,36,3006,1,24308,1,2715,1,0,0,0,0,0,0,0,0,97041,1,32865,1,4359,1,7505,1,21282,1,202549,1,27765,1,3377,1,5531,1,30771,1,67503,1,16294,1,251,1,9545,1,4470,1,16545,1,9545,1,48,1,1240,1,1,1,0,1,4500,1,5041,1,4,1,0,0,213821,1,346698,1,775,1,776,1,0,1,96,1,2244,1,97,1,0,1,2,1,0,1,0,1,1,1,8,1,28,1,0,1,0,1,223,1,16294,1,0,1,0,1,2723,1,14421,1,8,1,8,1,0,1,94537,1,97,1,13745,1,363,1,117304,1,462,1,1,1,32,1,32,1
196,1798100,4469,9545,28.988796,,0,11,8,96,30896,8747,28874,1767204,16,227,0,1,27083,1,20,1,258710,1,146859,1,113784,1,1209965,1,10781,1,109456,1,11473,4,298789,4,83625,4,232929,4,434136,8,586208,96,51982,36,3096,1,24989,1,2725,1,0,0,0,0,0,0,0,0,98394,1,31823,1,4399,1,7886,1,21102,1,201567,1,27905,1,3547,1,5511,1,30670,1,67764,1,16292,1,251,1,9545,1,4469,1,16543,1,9545,1,48,1,1240,1,1,1,0,1,4502,1,5041,1,2,1,0,0,206757,1,285516,1,776,1,776,1,0,1,96,1,2232,1,97,1,0,1,2,1,0,1,0,1,1,1,8,1,27,1,0,1,0,1,224,1,16292,1,0,1,0,1,1931,1,594,1,8,1,8,1,0,1,79575,1,97,1,13580,1,6765,1,112569,1,594,1,1,1,32,1,32,1
197,1851500,4470,9545,28.988804,,0,11,8,96,30140,9249,30568,1821360,16,227,80,1,27164,1,30,1,258369,1,155587,1,113734,1,1255555,1,10841,1,116199,1,12174,4,299911,4,88675,4,232939,4,465187,8,614233,96,53325,36,3016,1,25490,1,2715,1,0,0,0,0,0,0,0,0,104586,1,33857,1,4409,1,7555,1,21563,1,201297,1,27675,1,3497,1,5451,1,30600,1,74407,1,16294,1,249,1,9545,1,4470,1,16543,1,9545,1,48,1,1240,1,1,1,0,1,4500,1,5041,1,4,1,0,0,221268,1,371547,1,775,1,775,1,0,1,96,1,2232,1,97,1,0,1,2,1,0,1,0,1,1,1,8,1,27,1,0,1,0,1,222,1,16294,1,0,1,0,1,2294,1,47223,1,8,1,8,1,0,1,100063,1,97,1,13151,1,891,1,124003,1,12985,1,1,1,32,1,32,1
198,1815600,4471,9545,28.988811,,0,11,8,96,30341,8697,28525,1785259,16,227,150,1,26943,1,40,1,259932,1,154765,1,114456,1,1218191,1,10781,1,112582,1,11793,4,299651,4,83715,4,232538,4,438845,8,590535,96,52323,36,3006,1,24699,1,2665,1,0,0,0,0,0,0,0,0,105348,1,32354,1,4479,1,7675,1,21603,1,202499,1,27865,1,3617,1,5551,1,30610,1,70769,1,16296,1,250,1,9545,1,4471,1,16546,1,9545,1,48,1,1240,1,1,1,0,1,4501,1,5041,1,3,1,0,0,207731,1,285681,1,776,1,776,1,0,1,96,1,2232,1,97,1,0,1,2,1,0,1,0,1,1,1,8,1,28,1,0,1,0,1,222,1,16296,1,0,1,0,1,2393,1,45672,1,8,1,8,1,0,1,77560,1,97,1,13877,1,1485,1,116166,1,14074,1,1,1,32,1,32,1
199,1810900,4470,9545,28.98882,,0,11,8,96,30441,8637,29087,1780459,16,227,70,1,27865,1,30,1,259882,1,154074,1,112983,1,1214474,1,11082,1,112953,1,11593,4,298609,4,83324,4,236155,4,433655,8,588330,96,52393,36,2966,1,23887,1,2695,1,0,0,0,0,0,0,0,0,103524,1,33266,1,4519,1,7354,1,21983,1,202559,1,27725,1,4088,1,5471,1,30811,1,70509,1,16301,1,249,1,9545,1,4470,1,16550,1,9545,1,48,1,1240,1,1,1,0,1,4499,1,5041,1,5,1,0,0,212353,1,303468,1,776,1,776,1,0,1,96,1,2232,1,97,1,0,1,2,1,0,1,0,1,1,1,8,1,27,1,0,1,0,1,222,1,16301,1,0,1,0,1,1898,1,44055,1,8,1,8,1,0,1,83633,1,97,1,13448,1,1221,1,117139,1,14998,1,1,1,32,1,32,1
200,1821600,4470,9545,28.988827,,0,11,8,96,30409,8657,29137,1791191,16,227,50,1,27314,1,40,1,261165,1,151328,1,113884,1,1226347,1,11062,1,111169,1,12074,4,301003,4,83565,4,238580,4,440378,8,596958,96,52864,36,3046,1,25130,1,2745,1,0,0,0,0,0,0,0,0,101440,1,33135,1,4479,1,7264,1,21923,1,203812,1,27895,1,3467,1,5511,1,30921,1,69176,1,16298,1,250,1,9545,1,4470,1,16548,1,9545,1,48,1,1240,1,1,1,0,1,4500,1,5041,1,4,1,0,0,212648,1,338613,1,776,1,776,1,0,1,96,1,2232,1,97,1,0,1,2,1,0,1,0,1,1,1,8,1,23,1,0,1,0,1,227,1,16298,1,0,1,0,1,2525,1,23595,1,8,1,8,1,0,1,91453,1,97,1,13679,1,3861,1,117189,1,2359,1,1,1,32,1,32,1
201,1802900,4471,9545,28.988834,,0,11,8,96,29855,8657,28697,1773045,16,227,30,1,27214,1,20,1,259562,1,148803,1,113353,1,1213231,1,10831,1,111319,1,11553,4,298799,4,83404,4,232378,4,436410,8,588320,96,51772,36,3006,1,25019,1,2685,1,0,0,0,0,0,0,0,0,100388,1,31713,1,4429,1,7084,1,21242,1,203201,1,27725,1,3667,1,5531,1,30731,1,69407,1,16296,1,253,1,9545,1,4471,1,16549,1,9545,1,48,1,1240,1,1,1,0,1,4499,1,5041,1,5,1,0,0,210816,1,305745,1,776,1,776,1,0,1,96,1,2232,1,97,1,0,1,2,1,0,1,0,1,1,1,8,1,27,1,0,1,0,1,226,1,16296,1,0,1,0,1,2096,1,1056,1,8,1,8,1,0,1,77234,1,97,1,13679,1,2574,1,116067,1,478,1,1,1,32,1,32,1
202,1816500,4472,9545,28.988842,,0,11,8,96,30379,8737,28305,1786121,16,227,20,1,26853,1,20,1,260473,1,155206,1,113915,1,1218762,1,10871,1,113714,1,12264,4,298528,4,82903,4,234943,4,436711,8,590996,96,52353,36,3006,1,25240,1,2715,1,0,0,0,0,0,0,0,0,105308,1,32975,1,4379,1,7625,1,20911,1,203892,1,27785,1,3617,1,5521,1,30560,1,71722,1,16296,1,254,1,9545,1,4472,1,16550,1,9545,1,48,1,1240,1,1,1,0,1,4499,1,5041,1,5,1,0,0,209925,1,360921,1,776,1,776,1,0,1,96,1,2232,1,97,1,0,1,2,1,0,1,0,1,1,1,8,1,28,1,0,1,0,1,226,1,16296,1,0,1,0,1,2591,1,49104,1,8,1,8,1,0,1,100055,1,97,1,13943,1,957,1,115621,1,14371,1,1,1,32,1,32,1
203,1816700,4472,9545,28.98885,,0,11,8,96,29968,12164,29728,1786732,16,227,20,1,26913,1,40,1,259542,1,152641,1,113814,1,1222991,1,10771,1,113794,1,12114,4,298669,4,83184,4,234422,4,438063,8,590344,96,52413,36,3016,1,24849,1,2715,1,0,0,0,0,0,0,0,0,103083,1,32815,1,4359,1,7555,1,20941,1,202950,1,27865,1,3838,1,5451,1,30771,1,71732,1,16296,1,254,1,9545,1,4472,1,16550,1,9545,1,48,1,1240,1,1,1,0,1,4502,1,5041,1,2,1,0,0,212170,1,332145,1,776,1,776,1,0,1,96,1,2268,1,97,1,0,1,2,1,0,1,0,1,1,1,8,1,28,1,0,1,0,1,226,1,16296,1,1,1,0,1,2525,1,44022,1,8,1,8,1,0,1,90441,1,97,1,13580,1,6138,1,115489,1,16186,1,1,1,32,1,32,1
204,1909900,4472,9545,28.988857,,0,11,8,96,34463,13667,35770,1875437,16,227,150,1,30731,1,60,1,283699,1,160486,1,128173,1,1261987,1,10150,1,111470,1,12014,4,334539,4,78545,4,237238,4,443484,8,593500,96,51451,36,3056,1,25240,1,2735,1,0,0,0,0,0,0,0,0,108193,1,33616,1,4970,1,8026,1,22665,1,218952,1,33396,1,4379,1,5932,1,30630,1,68255,1,16295,1,254,1,9545,1,4472,1,16549,1,9545,1,48,1,1240,1,1,1,0,1,4502,1,5041,1,2,1,0,0,201970,1,281391,1,776,1,776,1,0,1,96,1,2268,1,97,1,0,1,2,1,0,1,0,1,1,1,8,1,28,1,0,1,0,1,226,1,16295,1,1,1,0,1,5181,1,47322,1,8,1,8,1,0,1,78697,1,97,1,12969,1,561,1,109775,1,17655,1,1,1,32,1,32,1
205,1918500,4470,9545,28.988865,,0,11,8,96,33850,9008,29067,1884650,16,227,110,1,30650,1,70,1,283268,1,153783,1,126730,1,1280910,1,9128,1,112301,1,11973,4,334740,4,83054,4,255729,4,435909,8,615408,96,47163,36,4429,1,30360,1,3407,1,0,0,0,0,0,0,0,0,101169,1,34147,1,4930,1,8006,1,22805,1,219412,1,32474,1,4048,1,5771,1,30480,1,69727,1,16307,1,241,1,9545,1,4470,1,16548,1,9545,1,48,1,1240,1,1,1,0,1,4502,1,5041,1,2,1,0,0,209916,1,372982,1,776,1,776,1,0,1,96,1,2232,1,97,1,0,1,2,1,0,1,0,1,1,1,8,1,27,1,0,1,0,1,214,1,16307,1,0,1,0,1,3118,1,30063,1,8,1,8,1,0,1,95671,1,97,1,14701,1,65356,1,112601,1,2987,1,1,1,32,1,32,1
206,1887400,4470,9545,28.98887,,0,11,8,96,30891,13096,31249,1856509,16,227,50,1,27594,1,40,1,274832,1,162701,1,129475,1,1250375,1,11443,1,119556,1,12264,4,300603,4,85028,4,237208,4,450688,8,606778,96,49868,36,2936,1,26282,1,2715,1,0,0,0,0,0,0,0,0,110768,1,33496,1,5020,1,8016,1,22735,1,210214,1,33496,1,3727,1,5511,1,29919,1,78334,1,16306,1,241,1,9545,1,4470,1,16547,1,9545,1,48,1,1240,1,1,1,0,1,4502,1,5041,1,2,1,0,0,210286,1,315183,1,772,1,772,1,0,1,96,1,2232,1,97,1,0,1,2,1,0,1,0,1,1,1,8,1,27,1,0,1,0,1,214,1,16306,1,1,1,0,1,2393,1,9900,1,8,1,8,1,0,1,83367,1,97,1,13679,1,4983,1,116034,1,1138,1,1,1,32,1,32,1
207,1811200,4469,9545,28.98887,,0,11,8,96,30390,8828,29617,1780810,16,227,40,1,27394,1,30,1,266716,1,150477,1,113123,1,1212059,1,10972,1,110918,1,11643,4,298378,4,83625,4,231727,4,435398,8,590145,96,47363,36,2986,1,25801,1,2755,1,0,0,0,0,0,0,0,0,99586,1,34087,1,4349,1,7314,1,21793,1,209393,1,27705,1,3607,1,5341,1,30751,1,69146,1,16309,1,237,1,9545,1,4469,1,16546,1,9545,1,48,1,1240,1,1,1,0,1,4503,1,5041,1,1,1,0,0,207506,1,290697,1,776,1,776,1,0,1,96,1,2232,1,97,1,0,1,2,1,0,1,0,1,1,1,8,1,27,1,0,1,0,1,210,1,16309,1,0,1,0,1,2360,1,3861,1,8,1,8,1,0,1,83812,1,97,1,13514,1,5346,1,116050,1,1468,1,1,1,32,1,32,1
208,1815200,4466,9545,28.988878,,0,11,8,96,30643,8717,28747,1784557,16,227,30,1,27434,1,40,1,262648,1,158382,1,113363,1,1211648,1,11012,1,111259,1,11863,4,298098,4,83655,4,230805,4,436621,8,591466,96,47212,36,2996,1,24929,1,2705,1,0,0,0,0,0,0,0,0,105849,1,35600,1,4509,1,7755,1,21302,1,205736,1,27604,1,3677,1,5471,1,30620,1,69447,1,16309,1,233,1,9545,1,4466,1,16542,1,9545,1,48,1,1240,1,1,1,0,1,4503,1,5041,1,1,1,0,0,212370,1,329901,1,776,1,776,1,0,1,96,1,2232,1,97,1,0,1,2,1,0,1,0,1,1,1,8,1,24,1,0,1,0,1,209,1,16309,1,0,1,0,1,2558,1,48048,1,8,1,8,1,0,1,98069,1,97,1,13811,1,6270,1,116067,1,14536,1,1,1,32,1,32,1
209,1814000,4467,9545,28.988882,,0,11,8,96,30455,8817,29307,1783545,16,227,10,1,27254,1,50,1,260954,1,148322,1,114676,1,1221427,1,10851,1,111349,1,11533,4,300212,4,83635,4,233570,4,441140,8,598000,96,47403,36,3026,1,25380,1,2765,1,0,0,0,0,0,0,0,0,98073,1,33436,1,4479,1,7545,1,21603,1,203792,1,27705,1,3827,1,5551,1,30811,1,69126,1,16311,1,233,1,9545,1,4467,1,16544,1,9545,1,48,1,1240,1,1,1,0,1,4502,1,5041,1,2,1,0,0,215091,1,314589,1,776,1,776,1,0,1,96,1,2232,1,97,1,0,1,2,1,0,1,0,1,1,1,8,1,24,1,0,1,0,1,209,1,16311,1,0,1,0,1,1898,1,1947,1,8,1,8,1,0,1,88583,1,97,1,13745,1,363,1,117106,1,709,1,1,1,32,1,32,1
210,1798500,4467,9545,28.988888,,0,11,8,96,30165,8778,28596,1768335,16,227,20,1,27144,1,30,1,259021,1,150777,1,113694,1,1206929,1,10721,1,109185,1,11873,4,298859,4,82863,4,231677,4,433084,8,588891,96,47273,36,2966,1,24929,1,2715,1,0,0,0,0,0,0,0,0,100458,1,33526,1,4349,1,7254,1,20631,1,203130,1,27755,1,3848,1,5481,1,30741,1,67112,1,16301,1,238,1,9545,1,4467,1,16539,1,9545,1,48,1,1240,1,1,1,0,1,4503,1,5041,1,1,1,0,0,203310,1,347490,1,776,1,776,1,0,1,96,1,2232,1,97,1,0,1,2,1,0,1,0,1,1,1,8,1,23,1,0,1,0,1,215,1,16301,1,0,1,0,1,2261,1,561,1,8,1,8,1,0,1,85891,1,97,1,13580,1,363,1,116380,1,561,1,1,1,32,1,32,1
211,1811700,4466,9545,28.988894,,0,11,8,96,31431,8698,28335,1780269,16,227,20,1,26743,1,40,1,259922,1,154064,1,115167,1,1213502,1,10811,1,110548,1,11924,4,299871,4,84016,4,232488,4,435047,8,591738,96,47464,36,3036,1,25140,1,2735,1,0,0,0,0,0,0,0,0,102051,1,35049,1,4369,1,7695,1,20941,1,203391,1,27474,1,3527,1,5551,1,30991,1,68505,1,16305,1,233,1,9545,1,4466,1,16538,1,9545,1,48,1,1240,1,1,1,0,1,4503,1,5041,1,1,1,0,0,207879,1,312015,1,776,1,776,1,0,1,96,1,2232,1,97,1,0,1,2,1,0,1,0,1,1,1,8,1,24,1,0,1,0,1,209,1,16305,1,0,1,0,1,2492,1,6072,1,8,1,8,1,0,1,80533,1,97,1,13811,1,462,1,116215,1,2755,1,1,1,32,1,32,1
212,1807000,4466,9545,28.988894,,0,11,8,96,30248,11072,28334,1776752,16,227,10,1,27324,1,10,1,258650,1,150787,1,113844,1,1215045,1,11082,1,111349,1,11703,4,299019,4,83204,4,231907,4,436500,8,593131,96,46943,36,2926,1,24649,1,2715,1,0,0,0,0,0,0,0,0,101199,1,32885,1,4349,1,7485,1,21011,1,202419,1,27354,1,3868,1,5341,1,30891,1,69277,1,16305,1,233,1,9545,1,4466,1,16538,1,9545,1,48,1,1240,1,1,1,0,1,4504,1,5041,1,0,1,0,0,208869,1,360129,1,776,1,776,1,0,1,96,1,2232,1,97,1,0,1,2,1,0,1,0,1,1,1,8,1,24,1,0,1,0,1,209,1,16305,1,1,1,0,1,2030,1,627,1,8,1,8,1,0,1,99551,1,97,1,13481,1,6369,1,115588,1,627,1,1,1,32,1,32,1
213,1801700,4467,9545,28.988894,,0,11,8,96,30138,8657,28716,1771562,16,227,30,1,27554,1,20,1,257878,1,150537,1,113614,1,1211197,1,10731,1,110979,1,11833,4,298889,4,83454,4,231787,4,435037,8,590906,96,47203,36,2986,1,24849,1,2725,1,0,0,0,0,0,0,0,0,99927,1,33867,1,4389,1,7715,1,20931,1,201387,1,27624,1,3627,1,5511,1,30781,1,69026,1,16303,1,233,1,9545,1,4467,1,16536,1,9545,1,48,1,1240,1,1,1,0,1,4501,1,5041,1,3,1,0,0,202157,1,308748,1,776,1,776,1,0,1,96,1,2232,1,97,1,0,1,2,1,0,1,0,1,1,1,8,1,24,1,0,1,0,1,209,1,16303,1,0,1,0,1,2426,1,25410,1,8,1,8,1,0,1,87888,1,97,1,12755,1,5742,1,110853,1,2458,1,1,1,32,1,32,1
214,1852000,4467,9545,28.988894,,0,11,8,96,32133,10591,29549,1819867,16,227,40,1,27113,1,30,1,258439,1,150757,1,116059,1,1256677,1,10751,1,133824,1,12515,4,298068,4,83054,4,238089,4,449326,8,610713,96,47153,36,3006,1,25490,1,2715,1,0,0,0,0,0,0,0,0,99266,1,34718,1,4359,1,7705,1,21031,1,201678,1,27765,1,3767,1,5741,1,29979,1,92061,1,16306,1,233,1,9545,1,4467,1,16539,1,9545,1,48,1,1240,1,1,1,0,1,4501,1,5041,1,3,1,0,0,216405,1,402435,1,776,1,776,1,0,1,96,1,2232,1,97,1,0,1,2,1,0,1,0,1,1,1,8,1,24,1,0,1,0,1,209,1,16306,1,1,1,0,1,2030,1,3828,1,8,1,8,1,0,1,98973,1,97,1,16286,1,3201,1,119399,1,1039,1,1,1,32,1,32,1
215,1811200,4468,9545,28.9889,,0,11,8,96,30891,8707,28915,1780309,16,227,110,1,27174,1,30,1,261195,1,154725,1,115858,1,1210456,1,10761,1,111790,1,11944,4,297977,4,83024,4,232749,4,432503,8,589074,96,47263,36,2966,1,26081,1,2715,1,0,0,0,0,0,0,0,0,106099,1,31522,1,4459,1,8016,1,21873,1,203130,1,27785,1,3727,1,5371,1,30741,1,69968,1,16302,1,240,1,9545,1,4468,1,16542,1,9545,1,48,1,1240,1,1,1,0,1,4502,1,5041,1,2,1,0,0,201048,1,297561,1,776,1,776,1,0,1,96,1,2244,1,97,1,0,1,2,1,0,1,0,1,1,1,8,1,24,1,0,1,0,1,216,1,16302,1,0,1,0,1,2591,1,44154,1,8,1,8,1,0,1,83744,1,97,1,13052,1,5610,1,108113,1,13843,1,1,1,32,1,32,1
216,1917200,4467,9545,28.9889,,0,11,8,96,30341,8888,36130,1886859,16,227,40,1,27394,1,40,1,259271,1,151038,1,113133,1,1325212,1,10731,1,108604,1,14378,4,323578,4,84527,4,270483,4,480357,8,663589,96,51121,36,5992,1,25580,1,2826,1,0,0,0,0,0,0,0,0,100087,1,34137,1,4349,1,7385,1,21282,1,202710,1,27574,1,3607,1,5451,1,30981,1,66571,1,16310,1,233,1,9545,1,4467,1,16543,1,9545,1,48,1,1240,1,1,1,0,1,4503,1,5041,1,1,1,0,0,237339,1,382668,1,775,1,775,1,0,1,96,1,2232,1,97,1,0,1,2,1,0,1,0,1,1,1,8,1,24,1,0,1,0,1,209,1,16310,1,0,1,0,1,2030,1,594,1,8,1,8,1,0,1,93526,1,97,1,13085,1,363,1,134266,1,594,1,1,1,32,1,32,1
217,1899400,4468,9545,28.9889,,0,11,8,96,33372,7164,31382,1866028,16,227,150,1,31292,1,60,1,292597,1,154975,1,153322,1,1223512,1,10120,1,112241,1,11623,4,301725,4,79817,4,236847,4,443855,8,596005,96,53315,36,2996,1,24548,1,2695,1,0,0,0,0,0,0,0,0,101881,1,33646,1,5290,1,8166,1,24839,1,223390,1,35510,1,4319,1,6383,1,30490,1,68605,1,16306,1,240,1,9545,1,4468,1,16546,1,9545,1,48,1,1240,1,1,1,0,1,4502,1,5041,1,2,1,0,0,214138,1,306537,1,776,1,776,1,0,1,96,1,2244,1,97,1,0,1,2,1,0,1,0,1,1,1,8,1,24,1,0,1,0,1,216,1,16306,1,0,1,0,1,4999,1,1056,1,8,1,8,1,0,1,82691,1,97,1,12985,1,4488,1,111600,1,1056,1,1,1,32,1,32,1
218,1943200,4467,9545,28.9889,,0,11,8,96,33461,8857,28615,1909739,16,227,130,1,31592,1,70,1,281956,1,159599,1,135758,1,1289902,1,10731,1,117552,1,12344,4,369077,4,83454,4,231116,4,437773,8,593281,96,46992,36,2956,1,24077,1,2695,1,0,0,0,0,0,0,0,0,106865,1,34588,1,4960,1,7565,1,23506,1,217819,1,32524,1,4358,1,6102,1,30300,1,74417,1,16313,1,233,1,9545,1,4467,1,16546,1,9545,1,48,1,1240,1,1,1,0,1,4504,1,5041,1,0,1,0,0,202552,1,356895,1,776,1,776,1,0,1,96,1,2232,1,97,1,0,1,2,1,0,1,0,1,1,1,8,1,24,1,0,1,0,1,209,1,16313,1,0,1,0,1,2326,1,50011,1,8,1,8,1,0,1,104009,1,97,1,14091,1,3498,1,110011,1,13464,1,1,1,32,1,32,1
219,1830100,4468,9545,28.9889,,0,11,8,96,31395,8767,28765,1798705,16,227,30,1,27073,1,70,1,279571,1,156969,1,114245,1,1210085,1,10661,1,108704,1,11813,4,299260,4,83124,4,234713,4,432492,8,591297,96,47143,36,2936,1,25490,1,2785,1,0,0,0,0,0,0,0,0,105318,1,34428,1,4569,1,7144,1,21442,1,222629,1,27955,1,3667,1,5320,1,30690,1,66952,1,16309,1,240,1,9545,1,4468,1,16549,1,9545,1,48,1,1240,1,1,1,0,1,4501,1,5041,1,3,1,0,0,201411,1,316701,1,776,1,776,1,0,1,96,1,2244,1,97,1,0,1,2,1,0,1,0,1,1,1,8,1,24,1,0,1,0,1,216,1,16309,1,0,1,0,1,1964,1,47784,1,8,1,8,1,0,1,82512,1,97,1,12854,1,6699,1,108922,1,12919,1,1,1,32,1,32,1
220,1907800,4468,9545,28.9889,,0,11,8,96,37173,13086,32533,1870627,16,227,70,1,30851,1,80,1,286675,1,155827,1,148994,1,1238060,1,10070,1,115147,1,12394,4,316384,4,78705,4,234632,4,436560,8,592420,96,46241,36,3076,1,25380,1,2695,1,0,0,0,0,0,0,0,0,101290,1,35270,1,5270,1,8537,1,24358,1,217519,1,35771,1,4599,1,6503,1,30520,1,71150,1,16308,1,240,1,9545,1,4468,1,16548,1,9545,1,48,1,1240,1,1,1,0,1,4503,1,5041,1,1,1,0,0,206752,1,330891,1,776,1,776,1,0,1,96,1,2244,1,97,1,0,1,2,1,0,1,0,1,1,1,8,1,24,1,0,1,0,1,216,1,16308,1,1,1,0,1,4983,1,9801,1,8,1,8,1,0,1,92012,1,97,1,12672,1,429,1,110270,1,3151,1,1,1,32,1,32,1
221,1892400,4468,9545,28.9889,,0,11,8,96,31332,13807,31753,1861068,16,227,50,1,30650,1,120,1,276786,1,158222,1,134806,1,1249543,1,10891,1,114225,1,13767,4,318017,4,83324,4,234372,4,440098,8,595263,96,47454,36,3136,1,26091,1,2705,1,0,0,0,0,0,0,0,0,104766,1,34698,1,4970,1,7565,1,22805,1,212519,1,33516,1,4479,1,6142,1,30340,1,70820,1,16308,1,240,1,9545,1,4468,1,16548,1,9545,1,48,1,1240,1,1,1,0,1,4503,1,5041,1,1,1,0,0,211505,1,356499,1,776,1,776,1,0,1,96,1,2244,1,97,1,0,1,2,1,0,1,0,1,1,1,8,1,24,1,0,1,0,1,216,1,16308,1,1,1,1,1,2260,1,61941,1,8,1,8,1,0,1,108502,1,97,1,14685,1,330,1,115445,1,14438,1,1,1,32,1,32,1
222,1960200,4467,9545,28.9889,,0,11,8,96,30727,8888,35588,1929473,16,227,80,1,31282,1,60,1,274150,1,153442,1,134916,1,1324771,1,10771,1,111921,1,13136,4,318848,4,88044,4,258580,4,490467,8,657919,96,55539,36,6032,1,26101,1,2755,1,0,0,0,0,0,0,0,0,101680,1,33706,1,4950,1,7375,1,22444,1,210014,1,34027,1,4459,1,6232,1,30570,1,68365,1,16315,1,233,1,9545,1,4467,1,16548,1,9545,1,48,1,1240,1,1,1,0,1,4504,1,5041,1,0,1,0,0,216621,1,345873,1,775,1,776,1,0,1,96,1,2232,1,97,1,0,1,2,1,0,1,0,1,1,1,8,1,24,1,0,1,0,1,209,1,16315,1,0,1,0,1,2162,1,61149,1,8,1,8,1,0,1,106814,1,97,1,13646,1,2244,1,114267,1,14767,1,1,1,32,1,32,1
223,1814700,4468,9545,28.9889,,0,11,8,96,31525,8647,28896,1783175,16,227,20,1,27304,1,70,1,263690,1,151839,1,113083,1,1216187,1,10982,1,110859,1,11823,4,299079,4,83485,4,232498,4,439116,8,595365,96,47353,36,3036,1,24919,1,2725,1,0,0,0,0,0,0,0,0,100739,1,34428,1,4339,1,7294,1,20500,1,207830,1,27755,1,3427,1,5551,1,30630,1,69257,1,16310,1,240,1,9545,1,4468,1,16550,1,9545,1,48,1,1240,1,1,1,0,1,4503,1,5041,1,1,1,0,0,207055,1,329076,1,776,1,776,1,0,1,96,1,2244,1,97,1,0,1,2,1,0,1,0,1,1,1,8,1,24,1,0,1,0,1,216,1,16310,1,0,1,0,1,2525,1,9273,1,8,1,8,1,0,1,97259,1,97,1,13085,1,957,1,114400,1,1353,1,1,1,32,1,32,1
224,1812600,4467,9545,28.9889,,0,11,8,96,30036,8577,28786,1782564,16,227,30,1,26923,1,40,1,268760,1,149986,1,112953,1,1213161,1,10711,1,111079,1,11483,4,298408,4,82913,4,232097,4,437001,8,593210,96,47103,36,2956,1,25931,1,2715,1,0,0,0,0,0,0,0,0,98755,1,34498,1,4339,1,7034,1,21152,1,212739,1,27574,1,3888,1,5561,1,30971,1,68585,1,16317,1,233,1,9545,1,4467,1,16550,1,9545,1,48,1,1240,1,1,1,0,1,4501,1,5041,1,3,1,0,0,209380,1,320067,1,776,1,776,1,0,1,96,1,2232,1,97,1,0,1,2,1,0,1,0,1,1,1,8,1,24,1,0,1,0,1,209,1,16317,1,0,1,0,1,3086,1,8910,1,8,1,8,1,0,1,88201,1,97,1,13415,1,5247,1,114054,1,3019,1,1,1,32,1,32,1
225,1817200,4467,9545,28.9889,,0,11,8,96,31861,11773,28816,1785339,16,227,20,1,27264,1,30,1,264782,1,154525,1,111670,1,1216207,1,10841,1,110097,1,11763,4,298789,4,83665,4,234342,4,435719,8,593922,96,47323,36,2956,1,24388,1,2715,1,0,0,0,0,0,0,0,0,104827,1,32845,1,4389,1,6803,1,21122,1,209062,1,27514,1,3727,1,5351,1,30520,1,68515,1,16317,1,233,1,9545,1,4467,1,16550,1,9545,1,48,1,1240,1,1,1,0,1,4503,1,5041,1,1,1,0,0,209187,1,329373,1,776,1,776,1,0,1,96,1,2232,1,97,1,0,1,2,1,0,1,0,1,1,1,8,1,24,1,0,1,0,1,209,1,16317,1,1,1,0,1,2195,1,43857,1,8,1,8,1,0,1,91824,1,97,1,14174,1,429,1,115027,1,16021,1,1,1,32,1,32,1
226,1916600,4468,9545,28.9889,,0,11,8,96,32136,9118,34427,1884464,16,227,140,1,30931,1,30,1,285262,1,158412,1,136389,1,1262498,1,10801,1,113283,1,12404,4,336904,4,78855,4,233791,4,446721,8,596757,96,49327,36,3076,1,25580,1,2765,1,0,0,0,0,0,0,0,0,105758,1,33967,1,4970,1,7385,1,22625,1,222248,1,32444,1,4238,1,6272,1,30690,1,69607,1,16310,1,240,1,9545,1,4468,1,16550,1,9545,1,48,1,1240,1,1,1,0,1,4503,1,5041,1,1,1,0,0,203943,1,277860,1,776,1,776,1,0,1,96,1,2244,1,97,1,0,1,2,1,0,1,0,1,1,1,8,1,24,1,0,1,0,1,216,1,16310,1,0,1,0,1,5296,1,53460,1,8,1,8,1,0,1,75874,1,97,1,12886,1,3894,1,111039,1,16880,1,1,1,32,1,32,1
227,1873500,4467,9545,28.9889,,0,11,8,96,31089,9268,30029,1842411,16,227,80,1,30570,1,30,1,268539,1,150386,1,126880,1,1255164,1,10761,1,112542,1,12104,4,327475,4,85088,4,240203,4,437182,8,599392,96,47965,36,3437,1,25130,1,2735,1,0,0,0,0,0,0,0,0,98955,1,34217,1,4629,1,7184,1,22725,1,206056,1,32324,1,4278,1,5962,1,30540,1,69517,1,16317,1,233,1,9545,1,4467,1,16550,1,9545,1,48,1,1240,1,1,1,0,1,4502,1,5041,1,2,1,0,0,203892,1,312972,1,774,1,774,1,0,1,96,1,2232,1,97,1,0,1,2,1,0,1,0,1,1,1,8,1,24,1,0,1,0,1,209,1,16317,1,0,1,0,1,2624,1,594,1,8,1,8,1,0,1,82573,1,97,1,12557,1,5643,1,111430,1,594,1,1,1,32,1,32,1
228,1806700,4467,9545,28.9889,,0,11,8,96,30519,11944,28695,1776181,16,227,20,1,27164,1,40,1,262267,1,149154,1,112812,1,1213953,1,10771,1,111550,1,11583,4,298749,4,82994,4,232448,4,434397,8,591027,96,47123,36,2946,1,24639,1,2705,1,0,0,0,0,0,0,0,0,98224,1,34217,1,4349,1,6783,1,21031,1,206106,1,27915,1,3958,1,5401,1,30781,1,69347,1,16317,1,233,1,9545,1,4467,1,16550,1,9545,1,48,1,1240,1,1,1,0,1,4504,1,5041,1,0,1,0,0,204183,1,339900,1,776,1,776,1,0,1,96,1,2232,1,97,1,0,1,2,1,0,1,0,1,1,1,8,1,24,1,0,1,0,1,209,1,16317,1,1,1,0,1,1964,1,594,1,8,1,8,1,0,1,88205,1,97,1,12557,1,1419,1,110490,1,594,1,1,1,32,1,32,1
229,1817500,4468,9545,28.9889,,0,11,8,96,30668,8588,28676,1786832,16,227,70,1,27474,1,30,1,259431,1,157500,1,114546,1,1217069,1,10711,1,111880,1,11944,4,298649,4,83765,4,232629,4,438073,8,595044,96,46983,36,3076,1,25781,1,2685,1,0,0,0,0,0,0,0,0,105758,1,34718,1,4379,1,6763,1,20881,1,203862,1,27584,1,3848,1,5571,1,30861,1,69597,1,16311,1,240,1,9545,1,4468,1,16551,1,9545,1,48,1,1240,1,1,1,0,1,4502,1,5041,1,2,1,0,0,206794,1,348414,1,776,1,776,1,0,1,96,1,2244,1,97,1,0,1,2,1,0,1,0,1,1,1,8,1,24,1,0,1,0,1,216,1,16311,1,0,1,0,1,2525,1,50556,1,8,1,8,1,0,1,94255,1,97,1,13448,1,6270,1,111018,1,14074,1,1,1,32,1,32,1
230,1853000,4467,9545,28.9889,,0,11,8,96,30217,9389,29689,1822783,16,227,70,1,27234,1,40,1,258970,1,154254,1,114917,1,1256487,1,10811,1,117722,1,11883,4,298609,4,82943,4,248380,4,457041,8,628689,96,47042,36,3016,1,24769,1,2735,1,0,0,0,0,0,0,0,0,103183,1,34117,1,4369,1,6703,1,21112,1,202970,1,27765,1,3878,1,5501,1,30921,1,75118,1,16319,1,233,1,9545,1,4467,1,16552,1,9545,1,48,1,1240,1,1,1,0,1,4504,1,5041,1,0,1,0,0,210657,1,414513,1,775,1,776,1,0,1,96,1,2232,1,97,1,0,1,2,1,0,1,0,1,1,1,8,1,24,1,0,1,0,1,209,1,16319,1,0,1,0,1,2030,1,44451,1,8,1,8,1,0,1,107697,1,97,1,12656,1,363,1,110704,1,12754,1,1,1,32,1,32,1
231,1824200,4467,9545,28.9889,,0,11,8,96,29382,11082,29808,1794818,16,227,100,1,27755,1,30,1,257778,1,150827,1,114987,1,1232499,1,10841,1,113454,1,11773,4,298528,4,83104,4,232027,4,451861,8,606927,96,47153,36,2966,1,24939,1,2765,1,0,0,0,0,0,0,0,0,99536,1,34688,1,4329,1,6563,1,21072,1,202299,1,27554,1,4138,1,5250,1,30620,1,71190,1,16319,1,233,1,9545,1,4467,1,16552,1,9545,1,48,1,1240,1,1,1,0,1,4504,1,5041,1,0,1,0,0,200966,1,386397,1,776,1,776,1,0,1,96,1,2232,1,97,1,0,1,2,1,0,1,0,1,1,1,8,1,24,1,0,1,0,1,209,1,16319,1,1,1,0,1,1997,1,27192,1,8,1,8,1,0,1,97424,1,97,1,13052,1,5643,1,107371,1,2755,1,1,1,32,1,32,1
232,1831500,4467,9545,28.9889,,0,11,8,96,30781,12635,30237,1800719,16,227,50,1,26793,1,40,1,257898,1,155236,1,113784,1,1236146,1,10771,1,110147,1,11743,4,298589,4,82843,4,237608,4,449256,8,607340,96,49287,36,6072,1,24528,1,2725,1,0,0,0,0,0,0,0,0,105458,1,32704,1,4399,1,6433,1,21132,1,202179,1,27855,1,3868,1,5461,1,30450,1,68335,1,16318,1,233,1,9545,1,4467,1,16551,1,9545,1,48,1,1240,1,1,1,0,1,4504,1,5041,1,0,1,0,0,206035,1,373197,1,776,1,776,1,0,1,96,1,2232,1,97,1,0,1,2,1,0,1,0,1,1,1,8,1,24,1,0,1,0,1,209,1,16318,1,1,1,0,1,2294,1,48246,1,8,1,8,1,0,1,99864,1,97,1,12656,1,4389,1,108378,1,15394,1,1,1,32,1,32,1
233,1807900,4468,9545,28.9889,,0,11,8,96,30988,8617,28915,1776912,16,227,60,1,27935,1,40,1,257347,1,155527,1,112842,1,1212119,1,11042,1,109806,1,11753,4,298999,4,83184,4,230003,4,438695,8,592671,96,47113,36,2996,1,25350,1,2715,1,0,0,0,0,0,0,0,0,104276,1,34227,1,4369,1,6332,1,21342,1,202018,1,27374,1,3467,1,5561,1,30330,1,68425,1,16312,1,240,1,9545,1,4468,1,16552,1,9545,1,48,1,1240,1,1,1,0,1,4504,1,5041,1,0,1,0,0,214315,1,335808,1,776,1,776,1,0,1,96,1,2244,1,97,1,0,1,2,1,0,1,0,1,1,1,8,1,24,1,0,1,0,1,216,1,16312,1,0,1,0,1,2492,1,44913,1,8,1,8,1,0,1,91587,1,97,1,13811,1,1947,1,116034,1,14899,1,1,1,32,1,32,1
234,1798100,4467,9545,28.9889,,0,11,8,96,29604,8597,28236,1768496,16,227,60,1,26923,1,30,1,258189,1,151519,1,113714,1,1207370,1,10691,1,110087,1,11713,4,298879,4,83194,4,230274,4,433304,8,588240,96,47103,36,2946,1,25651,1,2725,1,0,0,0,0,0,0,0,0,100157,1,34708,1,4349,1,6393,1,21062,1,202679,1,27745,1,3317,1,5501,1,30701,1,68545,1,16318,1,233,1,9545,1,4467,1,16551,1,9545,1,48,1,1240,1,1,1,0,1,4504,1,5041,1,0,1,0,0,212184,1,301290,1,776,1,776,1,0,1,96,1,2232,1,97,1,0,1,2,1,0,1,0,1,1,1,8,1,24,1,0,1,0,1,209,1,16318,1,0,1,0,1,2492,1,30855,1,8,1,8,1,0,1,80318,1,97,1,13811,1,462,1,116611,1,2194,1,1,1,32,1,32,1
235,1806000,4467,9545,28.9889,,0,11,8,96,33516,12345,28714,1772484,16,227,60,1,27123,1,30,1,256916,1,153092,1,113053,1,1211368,1,10841,1,110147,1,11553,4,297967,4,83034,4,230805,4,434056,8,588823,96,47323,36,3036,1,25661,1,2765,1,0,0,0,0,0,0,0,0,101029,1,35159,1,4339,1,6503,1,21092,1,201177,1,27795,1,3888,1,5401,1,30731,1,68154,1,16319,1,233,1,9545,1,4467,1,16552,1,9545,1,48,1,1240,1,1,1,0,1,4502,1,5041,1,2,1,0,0,210011,1,318813,1,776,1,776,1,0,1,96,1,2232,1,97,1,0,1,2,1,0,1,0,1,1,1,8,1,24,1,0,1,0,1,209,1,16319,1,1,1,0,1,2393,1,27423,1,8,1,8,1,0,1,87114,1,97,1,13580,1,4026,1,117618,1,2095,1,1,1,32,1,32,1
236,1802700,4467,9545,28.9889,,0,11,8,96,31379,11793,28937,1771321,16,227,50,1,27234,1,20,1,256886,1,147942,1,113313,1,1215155,1,10721,1,108684,1,11883,4,298649,4,82994,4,234402,4,436952,8,595184,96,47233,36,3036,1,24067,1,2695,1,0,0,0,0,0,0,0,0,96821,1,34478,1,4359,1,6463,1,21432,1,201207,1,27464,1,3737,1,5481,1,30570,1,66912,1,16321,1,233,1,9545,1,4467,1,16554,1,9545,1,48,1,1240,1,1,1,0,1,4503,1,5041,1,1,1,0,0,213322,1,321981,1,776,1,776,1,0,1,96,1,2232,1,97,1,0,1,2,1,0,1,0,1,1,1,8,1,24,1,0,1,0,1,209,1,16321,1,1,1,0,1,1865,1,1848,1,8,1,8,1,0,1,91621,1,97,1,13910,1,3003,1,115407,1,511,1,1,1,32,1,32,1
237,1806300,4467,9545,28.9889,,0,11,8,96,30590,12695,28334,1775710,16,227,10,1,26903,1,40,1,256896,1,152551,1,113704,1,1214664,1,10942,1,109496,1,11623,4,298057,4,83074,4,234232,4,435388,8,594443,96,46842,36,3086,1,24308,1,2705,1,0,0,0,0,0,0,0,0,100969,1,34799,1,4369,1,6413,1,20701,1,201657,1,27825,1,4158,1,5491,1,30711,1,67152,1,16321,1,233,1,9545,1,4467,1,16554,1,9545,1,48,1,1240,1,1,1,0,1,4502,1,5041,1,2,1,0,0,206893,1,343299,1,776,1,776,1,0,1,96,1,2232,1,97,1,0,1,2,1,0,1,0,1,1,1,8,1,24,1,0,1,0,1,209,1,16321,1,1,1,1,1,1865,1,10131,1,8,1,8,1,0,1,89473,1,97,1,13514,1,1122,1,116232,1,940,1,1,1,32,1,32,1
238,1827800,4467,9545,28.9889,,0,11,8,96,31219,12785,28776,1796581,16,227,10,1,27294,1,50,1,258279,1,151509,1,113343,1,1235054,1,11042,1,113814,1,12074,4,298218,4,83645,4,233781,4,439817,8,597359,96,47464,36,2996,1,34929,1,2996,1,0,0,0,0,0,0,0,0,100328,1,34408,1,4339,1,6393,1,21432,1,202289,1,27815,1,3898,1,5501,1,30670,1,71461,1,16321,1,233,1,9545,1,4467,1,16554,1,9545,1,48,1,1240,1,1,1,0,1,4504,1,5041,1,0,1,0,0,200224,1,393360,1,775,1,775,1,0,1,96,1,2232,1,97,1,0,1,2,1,0,1,0,1,1,1,8,1,24,1,0,1,0,1,209,1,16321,1,1,1,1,1,2063,1,32637,1,8,1,8,1,0,1,107870,1,97,1,13349,1,1056,1,110457,1,5956,1,1,1,32,1,32,1
239,1958500,4467,9545,28.9889,,0,11,8,96,31271,13577,41007,1927229,16,227,20,1,27103,1,20,1,258520,1,167129,1,114025,1,1349360,1,11052,1,114295,1,14138,4,308027,4,85118,4,261906,4,516258,8,676207,96,60950,36,6032,1,27194,1,2816,1,0,0,0,0,0,0,0,0,109726,1,36332,1,4379,1,6493,1,21663,1,202158,1,27845,1,3908,1,5501,1,30169,1,72573,1,16321,1,233,1,9545,1,4467,1,16554,1,9545,1,48,1,1240,1,1,1,0,1,4504,1,5041,1,0,1,0,0,235484,1,309408,1,776,1,776,1,0,1,96,1,2232,1,97,1,0,1,2,1,0,1,0,1,1,1,8,1,24,1,0,1,0,1,209,1,16321,1,1,1,1,1,2393,1,30360,1,8,1,8,1,0,1,98660,1,97,1,13811,1,8052,1,123953,1,1567,1,1,1,32,1,32,1
240,1830100,4467,9545,28.9889,,0,11,8,96,30533,11914,29619,1799567,16,227,80,1,27534,1,40,1,261185,1,156619,1,114185,1,1229103,1,10821,1,115297,1,12244,4,300382,4,83575,4,236666,4,437031,8,596606,96,47473,36,3056,1,26172,1,2765,1,0,0,0,0,0,0,0,0,105538,1,34047,1,4369,1,6393,1,21713,1,204844,1,27865,1,3777,1,5421,1,30480,1,73445,1,16322,1,233,1,9545,1,4467,1,16555,1,9545,1,48,1,1240,1,1,1,0,1,4502,1,5041,1,2,1,0,0,214728,1,366729,1,776,1,776,1,0,1,96,1,2232,1,97,1,0,1,2,1,0,1,0,1,1,1,8,1,24,1,0,1,0,1,209,1,16322,1,1,1,0,1,2129,1,45738,1,8,1,8,1,0,1,103217,1,97,1,14009,1,627,1,117304,1,14190,1,1,1,32,1,32,1
241,1804500,4468,9545,28.9889,,0,11,8,96,30844,8647,29397,1773656,16,227,20,1,27394,1,30,1,257848,1,149164,1,113233,1,1214754,1,11212,1,108684,1,11853,4,299200,4,83254,4,233330,4,438855,8,595465,96,47323,36,3006,1,25170,1,2755,1,0,0,0,0,0,0,0,0,98093,1,34117,1,4349,1,6162,1,21472,1,202138,1,27785,1,3407,1,5661,1,30761,1,66862,1,16315,1,240,1,9545,1,4468,1,16555,1,9545,1,48,1,1240,1,1,1,0,1,4504,1,5041,1,0,1,0,0,217036,1,293007,1,776,1,776,1,0,1,96,1,2244,1,97,1,0,1,2,1,0,1,0,1,1,1,8,1,24,1,0,1,0,1,216,1,16315,1,0,1,0,1,2327,1,23925,1,8,1,8,1,0,1,87625,1,97,1,13745,1,2046,1,116627,1,2458,1,1,1,32,1,32,1
242,1806000,4467,9545,28.9889,,0,11,8,96,29368,8737,28917,1776632,16,227,0,1,27655,1,20,1,259642,1,148823,1,113995,1,1215786,1,10711,1,112562,1,11783,4,298949,4,83855,4,235925,4,433786,8,593761,96,47033,36,2946,1,24528,1,2715,1,0,0,0,0,0,0,0,0,97312,1,34688,1,4369,1,6252,1,22053,1,203170,1,27875,1,3527,1,5481,1,31161,1,70319,1,16323,1,233,1,9545,1,4467,1,16556,1,9545,1,48,1,1240,1,1,1,0,1,4504,1,5040,1,1,1,0,0,208952,1,349107,1,776,1,776,1,0,1,96,1,2232,1,97,1,0,1,2,1,0,1,0,1,1,1,8,1,24,1,0,1,0,1,209,1,16323,1,0,1,0,1,2426,1,18612,1,8,1,8,1,0,1,95210,1,97,1,13415,1,1881,1,115852,1,907,1,1,1,32,1,32,1
243,1809900,4467,9545,28.9889,,0,11,8,96,31555,11082,29006,1778345,16,227,10,1,27314,1,40,1,257017,1,152380,1,112622,1,1218221,1,10741,1,113834,1,11743,4,299009,4,83194,4,230264,4,438775,8,593120,96,46912,36,2946,1,24689,1,2685,1,0,0,0,0,0,0,0,0,101280,1,34418,1,4349,1,6292,1,21502,1,201577,1,27444,1,3547,1,5310,1,30650,1,72032,1,16322,1,233,1,9545,1,4467,1,16555,1,9545,1,48,1,1240,1,1,1,0,1,4504,1,5041,1,0,1,0,0,214301,1,374847,1,776,1,776,1,0,1,96,1,2232,1,97,1,0,1,2,1,0,1,0,1,1,1,8,1,24,1,0,1,0,1,209,1,16322,1,1,1,0,1,2294,1,36960,1,8,1,8,1,0,1,102709,1,97,1,14075,1,363,1,118129,1,5164,1,1,1,32,1,32,1
244,1799800,4467,9545,28.988903,,0,11,8,96,29431,12905,28615,1770369,16,227,10,1,27344,1,40,1,256025,1,147982,1,113173,1,1215075,1,10721,1,108895,1,11984,4,298859,4,83164,4,232248,4,436841,8,593261,96,47213,36,2996,1,24458,1,2725,1,0,0,0,0,0,0,0,0,97472,1,33566,1,4499,1,6112,1,21202,1,200726,1,27675,1,3868,1,5511,1,30741,1,66792,1,16322,1,233,1,9545,1,4467,1,16555,1,9545,1,48,1,1240,1,1,1,0,1,4503,1,5041,1,1,1,0,0,213670,1,304161,1,776,1,776,1,0,1,96,1,2232,1,97,1,0,1,2,1,0,1,0,1,1,1,8,1,24,1,0,1,0,1,209,1,16322,1,1,1,1,1,2327,1,5445,1,8,1,8,1,0,1,81373,1,97,1,13910,1,6039,1,116875,1,643,1,1,1,32,1,32,1
245,1804100,4468,9545,28.988903,,0,11,8,96,31165,8718,29446,1772935,16,227,40,1,27063,1,30,1,258269,1,150677,1,112482,1,1213602,1,10771,1,109686,1,11853,4,299901,4,83134,4,232939,4,436821,8,592920,96,47393,36,3076,1,24759,1,2715,1,0,0,0,0,0,0,0,0,99526,1,34478,1,4359,1,6713,1,20931,1,202579,1,27735,1,3637,1,5541,1,30721,1,67754,1,16317,1,240,1,9545,1,4468,1,16557,1,9545,1,48,1,1240,1,1,1,0,1,4504,1,5041,1,0,1,0,0,208723,1,335544,1,776,1,776,1,0,1,96,1,2244,1,97,1,0,1,2,1,0,1,0,1,1,1,8,1,24,1,0,1,0,1,216,1,16317,1,0,1,0,1,2690,1,2244,1,8,1,8,1,0,1,92484,1,97,1,14207,1,957,1,116034,1,940,1,1,1,32,1,32,1
246,1806700,4467,9545,28.988903,,0,11,8,96,30309,8677,28596,1776391,16,227,20,1,27655,1,30,1,258510,1,153643,1,113243,1,1212530,1,10761,1,109946,1,11673,4,300232,4,83795,4,232218,4,435549,8,591787,96,47383,36,3066,1,24669,1,2705,1,0,0,0,0,0,0,0,0,102171,1,34789,1,4369,1,7104,1,20851,1,202158,1,28005,1,3597,1,5521,1,31051,1,67814,1,16323,1,233,1,9545,1,4467,1,16556,1,9545,1,48,1,1240,1,1,1,0,1,4504,1,5041,1,0,1,0,0,200801,1,312576,1,776,1,776,1,0,1,96,1,2232,1,97,1,0,1,2,1,0,1,0,1,1,1,8,1,24,1,0,1,0,1,209,1,16323,1,0,1,0,1,2327,1,8712,1,8,1,8,1,0,1,85395,1,97,1,12788,1,6039,1,109170,1,1963,1,1,1,32,1,32,1
247,1808600,4467,9545,28.988903,,0,11,8,96,30656,11303,29317,1777944,16,227,50,1,27434,1,30,1,258720,1,148663,1,114886,1,1217410,1,10751,1,112471,1,11903,4,298979,4,83414,4,230234,4,438494,8,591997,96,47413,36,3066,1,24819,1,2725,1,0,0,0,0,0,0,0,0,98053,1,33867,1,4369,1,6583,1,21432,1,202389,1,27915,1,3707,1,5371,1,30220,1,71140,1,16321,1,233,1,9545,1,4467,1,16554,1,9545,1,48,1,1240,1,1,1,0,1,4504,1,5041,1,0,1,0,0,209348,1,288156,1,776,1,776,1,0,1,96,1,2232,1,97,1,0,1,2,1,0,1,0,1,1,1,8,1,24,1,0,1,0,1,209,1,16321,1,1,1,0,1,1931,1,561,1,8,1,8,1,0,1,83698,1,97,1,13316,1,1782,1,114070,1,561,1,1,1,32,1,32,1
248,1808900,4468,9545,28.988903,,0,11,8,96,30785,8747,29308,1778115,16,227,30,1,27314,1,30,1,258289,1,150216,1,113233,1,1218271,1,10731,1,114726,1,11924,4,301364,4,83715,4,232528,4,435058,8,591256,96,47023,36,3006,1,24518,1,2685,1,0,0,0,0,0,0,0,0,98594,1,34989,1,4369,1,6483,1,21563,1,201958,1,27945,1,3527,1,5521,1,30811,1,72603,1,16316,1,240,1,9545,1,4468,1,16556,1,9545,1,48,1,1240,1,1,1,0,1,4504,1,5041,1,0,1,0,0,213422,1,323433,1,776,1,776,1,0,1,96,1,2244,1,97,1,0,1,2,1,0,1,0,1,1,1,8,1,24,1,0,1,0,1,216,1,16316,1,0,1,0,1,2723,1,20757,1,8,1,8,1,0,1,92761,1,97,1,13712,1,1155,1,117865,1,2293,1,1,1,32,1,32,1
249,1800100,4467,9545,28.988903,,0,11,8,96,28819,8658,28754,1771281,16,227,30,1,27033,1,30,1,256265,1,153833,1,112832,1,1210496,1,10761,1,111941,1,11663,4,299120,4,83565,4,230735,4,434767,8,589514,96,47233,36,2986,1,24328,1,2735,1,0,0,0,0,0,0,0,0,103524,1,33316,1,4349,1,6072,1,21482,1,200906,1,27614,1,4098,1,5531,1,30841,1,69447,1,16322,1,233,1,9545,1,4467,1,16555,1,9545,1,48,1,1240,1,1,1,0,1,4504,1,5041,1,0,1,0,0,212019,1,323598,1,776,1,776,1,0,1,96,1,2232,1,97,1,0,1,2,1,0,1,0,1,1,1,8,1,24,1,0,1,0,1,209,1,16322,1,0,1,0,1,1997,1,43791,1,8,1,8,1,0,1,83633,1,97,1,13415,1,2541,1,116726,1,15592,1,1,1,32,1,32,1
250,1807700,4467,9545,28.988903,,0,11,8,96,30818,10471,28606,1776882,16,227,30,1,27394,1,30,1,256215,1,155737,1,113013,1,1213311,1,11152,1,109366,1,11533,4,299871,4,83334,4,231767,4,436400,8,592187,96,47373,36,3006,1,24849,1,2715,1,0,0,0,0,0,0,0,0,104516,1,34217,1,4479,1,6222,1,21593,1,200435,1,27785,1,3707,1,5190,1,30500,1,67994,1,16324,1,233,1,9545,1,4467,1,16557,1,9545,1,48,1,1240,1,1,1,0,1,4503,1,5041,1,1,1,0,0,211691,1,313863,1,776,1,776,1,0,1,96,1,2232,1,97,1,0,1,2,1,0,1,0,1,1,1,8,1,24,1,0,1,0,1,209,1,16324,1,1,1,0,1,2096,1,43923,1,8,1,8,1,0,1,82342,1,97,1,13712,1,1287,1,116677,1,16912,1,1,1,32,1,32,1
251,1803300,4467,9545,28.988903,,0,11,8,96,30816,9860,31290,1772484,16,227,70,1,27795,1,30,1,257588,1,148382,1,112582,1,1215225,1,10811,1,107782,1,11683,4,299340,4,83655,4,234272,4,438324,8,593943,96,47363,36,2986,1,24598,1,2725,1,0,0,0,0,0,0,0,0,98234,1,33366,1,4459,1,6823,1,21462,1,201267,1,27695,1,3296,1,5130,1,30510,1,66812,1,16322,1,233,1,9545,1,4467,1,16555,1,9545,1,48,1,1240,1,1,1,0,1,4501,1,5041,1,3,1,0,0,210870,1,316041,1,776,1,776,1,0,1,96,1,2232,1,97,1,0,1,2,1,0,1,0,1,1,1,8,1,24,1,0,1,0,1,209,1,16322,1,1,1,0,1,1931,1,19569,1,8,1,8,1,0,1,89881,1,97,1,13679,1,5016,1,117667,1,2326,1,1,1,32,1,32,1
252,1807200,4467,9545,28.988903,,0,11,8,96,30338,9910,30309,1776862,16,227,10,1,27194,1,30,1,257528,1,151008,1,112462,1,1217720,1,10912,1,110217,1,11593,4,299841,4,84086,4,232057,4,439747,8,594292,96,47203,36,3016,1,24518,1,2735,1,0,0,0,0,0,0,0,0,99276,1,34869,1,4369,1,6874,1,20991,1,201297,1,28035,1,3417,1,5180,1,30921,1,68635,1,16324,1,233,1,9545,1,4467,1,16557,1,9545,1,48,1,1240,1,1,1,0,1,4504,1,5041,1,0,1,0,0,211209,1,303270,1,776,1,776,1,0,1,96,1,2232,1,97,1,0,1,2,1,0,1,0,1,1,1,8,1,24,1,0,1,0,1,209,1,16324,1,1,1,0,1,2987,1,726,1,8,1,8,1,0,1,81487,1,97,1,13811,1,396,1,118146,1,726,1,1,1,32,1,32,1
253,1806500,4468,9545,28.988903,,0,11,8,96,29447,8747,29336,1777053,16,227,0,1,27314,1,90,1,257668,1,152140,1,112341,1,1216728,1,10771,1,111089,1,12004,4,300132,4,83294,4,231516,4,439316,8,593872,96,47624,36,3036,1,24869,1,2725,1,0,0,0,0,0,0,0,0,102152,1,33185,1,4369,1,6523,1,21432,1,201527,1,27875,1,3697,1,5651,1,30761,1,68966,1,16316,1,240,1,9545,1,4468,1,16556,1,9545,1,48,1,1240,1,1,1,0,1,4503,1,5041,1,1,1,0,0,211266,1,312015,1,776,1,776,1,0,1,96,1,2244,1,97,1,0,1,2,1,0,1,0,1,1,1,8,1,24,1,0,1,0,1,216,1,16316,1,0,1,0,1,1964,1,11187,1,8,1,8,1,0,1,82613,1,97,1,13976,1,1584,1,118789,1,841,1,1,1,32,1,32,1
254,1812100,4467,9545,28.988903,,0,11,8,96,30929,8827,28897,1781171,16,227,10,1,27314,1,10,1,257558,1,151348,1,113534,1,1220666,1,10731,1,110017,1,12094,4,300071,4,83795,4,236416,4,439396,8,599503,96,47413,36,2946,1,24398,1,2705,1,0,0,0,0,0,0,0,0,100959,1,33576,1,4369,1,6383,1,21172,1,201698,1,27925,1,3828,1,5491,1,31011,1,67683,1,16322,1,233,1,9545,1,4467,1,16555,1,9545,1,48,1,1240,1,1,1,0,1,4504,1,5041,1,0,1,0,0,210749,1,374451,1,776,1,776,1,0,1,96,1,2232,1,97,1,0,1,2,1,0,1,0,1,1,1,8,1,24,1,0,1,0,1,209,1,16322,1,0,1,0,1,1799,1,23100,1,8,1,8,1,0,1,96123,1,97,1,13910,1,7458,1,112668,1,2557,1,1,1,32,1,32,1
255,1800700,4467,9545,28.988903,,0,11,8,96,29489,12415,28756,1771211,16,227,20,1,26843,1,20,1,255073,1,148964,1,112692,1,1216858,1,10741,1,109586,1,11934,4,300512,4,82993,4,231596,4,437112,8,592959,96,46993,36,2956,1,25019,1,2735,1,0,0,0,0,0,0,0,0,99045,1,33095,1,4349,1,6292,1,21092,1,199543,1,27755,1,3878,1,5491,1,30941,1,67333,1,16321,1,233,1,9545,1,4467,1,16554,1,9545,1,48,1,1240,1,1,1,0,1,4504,1,5041,1,0,1,0,0,206228,1,323367,1,776,1,776,1,0,1,96,1,2232,1,97,1,0,1,2,1,0,1,0,1,1,1,8,1,24,1,0,1,0,1,209,1,16321,1,1,1,0,1,2129,1,594,1,8,1,8,1,0,1,85767,1,97,1,13217,1,1848,1,113393,1,594,1,1,1,32,1,32,1
256,1808000,4467,9545,28.988903,,0,11,8,96,29635,9879,28715,1778365,16,227,10,1,26883,1,40,1,255614,1,155366,1,112872,1,1216728,1,10851,1,111009,1,11793,4,298388,4,82974,4,232568,4,439566,8,596417,96,47003,36,2976,1,24839,1,2735,1,0,0,0,0,0,0,0,0,104356,1,34067,1,4369,1,6262,1,21031,1,200245,1,27765,1,3797,1,5200,1,30650,1,69347,1,16322,1,233,1,9545,1,4467,1,16555,1,9545,1,48,1,1240,1,1,1,0,1,4504,1,5041,1,0,1,0,0,211149,1,372075,1,776,1,776,1,0,1,96,1,2232,1,97,1,0,1,2,1,0,1,0,1,1,1,8,1,24,1,0,1,0,1,209,1,16322,1,1,1,0,1,2789,1,47289,1,8,1,8,1,0,1,100903,1,97,1,14141,1,396,1,116891,1,15031,1,1,1,32,1,32,1
257,1797500,4468,9545,28.988903,,0,11,8,96,30718,8617,29134,1766782,16,227,10,1,27304,1,30,1,255644,1,152160,1,113153,1,1207751,1,10731,1,110408,1,12224,4,298899,4,83234,4,230985,4,433094,8,587411,96,47534,36,2966,1,24588,1,2735,1,0,0,0,0,0,0,0,0,100678,1,34819,1,4349,1,6112,1,21593,1,199874,1,27805,1,3667,1,5521,1,30640,1,68606,1,16316,1,240,1,9545,1,4468,1,16556,1,9545,1,48,1,1240,1,1,1,0,1,4504,1,5041,1,0,1,0,0,207586,1,298485,1,776,1,776,1,0,1,96,1,2244,1,97,1,0,1,2,1,0,1,0,1,1,1,8,1,24,1,0,1,0,1,216,1,16316,1,0,1,0,1,2624,1,28347,1,8,1,8,1,0,1,84605,1,97,1,13316,1,3828,1,114697,1,2310,1,1,1,32,1,32,1
258,1813400,4467,9545,28.988903,,0,11,8,96,30806,8707,28666,1782594,16,227,20,1,27194,1,30,1,258600,1,157170,1,113484,1,1215235,1,10861,1,110748,1,11873,4,300302,4,83875,4,231827,4,437613,8,593581,96,47193,36,3026,1,24498,1,2765,1,0,0,0,0,0,0,0,0,105688,1,34418,1,4549,1,6232,1,21232,1,202790,1,27955,1,3667,1,5471,1,30851,1,68735,1,16321,1,233,1,9545,1,4467,1,16554,1,9545,1,48,1,1240,1,1,1,0,1,4503,1,5041,1,1,1,0,0,207697,1,307263,1,776,1,776,1,0,1,96,1,2232,1,97,1,0,1,2,1,0,1,0,1,1,1,8,1,24,1,0,1,0,1,209,1,16321,1,0,1,0,1,2063,1,47421,1,8,1,8,1,0,1,84046,1,97,1,13415,1,3696,1,114285,1,16945,1,1,1,32,1,32,1
259,1810000,4467,9545,28.988903,,0,11,8,96,31004,12905,29046,1778996,16,227,10,1,27424,1,50,1,258199,1,148623,1,112882,1,1220967,1,10841,1,110408,1,11823,4,300402,4,83765,4,230825,4,440238,8,594644,96,47373,36,3086,1,24769,1,2745,1,0,0,0,0,0,0,0,0,98735,1,33065,1,4359,1,7134,1,21372,1,201878,1,27554,1,3978,1,5471,1,30791,1,68145,1,16320,1,233,1,9545,1,4467,1,16553,1,9545,1,48,1,1240,1,1,1,0,1,4503,1,5041,1,1,1,0,0,208622,1,331683,1,776,1,776,1,0,1,96,1,2232,1,97,1,0,1,2,1,0,1,0,1,1,1,8,1,24,1,0,1,0,1,209,1,16320,1,1,1,0,1,2492,1,26499,1,8,1,8,1,0,1,85252,1,97,1,13877,1,528,1,115951,1,2359,1,1,1,32,1,32,1
260,1909700,4468,9545,28.988903,,0,11,8,96,31167,9118,31560,1878533,16,227,130,1,30741,1,70,1,286134,1,155567,1,135487,1,1259633,1,10771,1,114786,1,12414,4,337114,4,81861,4,232518,4,439567,8,591448,96,49077,36,3066,1,26442,1,2745,1,0,0,0,0,0,0,0,0,103875,1,33165,1,4920,1,7495,1,22905,1,221947,1,33306,1,4278,1,6252,1,30731,1,71311,1,16316,1,240,1,9545,1,4468,1,16556,1,9545,1,48,1,1240,1,1,1,0,1,4504,1,5041,1,0,1,0,0,207175,1,284889,1,776,1,776,1,0,1,96,1,2244,1,97,1,0,1,2,1,0,1,0,1,1,1,8,1,24,1,0,1,0,1,216,1,16316,1,0,1,0,1,2887,1,1155,1,8,1,8,1,0,1,81716,1,97,1,12985,1,3795,1,110973,1,1155,1,1,1,32,1,32,1
261,1861000,4467,9545,28.988903,,0,11,8,96,30312,8697,29287,1830688,16,227,100,1,30420,1,50,1,266275,1,152350,1,126890,1,1243641,1,10962,1,112101,1,12054,4,329540,4,83254,4,232338,4,435579,8,591617,96,47013,36,2935,1,24428,1,2715,1,0,0,0,0,0,0,0,0,100909,1,34197,1,4599,1,7064,1,22404,1,202679,1,33867,1,4028,1,5902,1,30560,1,69307,1,16322,1,233,1,9545,1,4467,1,16555,1,9545,1,48,1,1240,1,1,1,0,1,4504,1,5041,1,0,1,0,0,203061,1,325611,1,776,1,776,1,0,1,96,1,2232,1,97,1,0,1,2,1,0,1,0,1,1,1,8,1,24,1,0,1,0,1,209,1,16322,1,0,1,0,1,2063,1,9735,1,8,1,8,1,0,1,83318,1,97,1,13398,1,5346,1,108971,1,3679,1,1,1,32,1,32,1
262,1803300,4467,9545,28.988903,,0,11,8,96,30957,11913,28706,1772343,16,227,50,1,27154,1,40,1,258389,1,149344,1,113203,1,1213392,1,10771,1,109786,1,11643,4,297997,4,83234,4,231156,4,437703,8,593130,96,47023,36,2946,1,24298,1,2715,1,0,0,0,0,0,0,0,0,99165,1,33426,1,4349,1,6463,1,21232,1,202519,1,27875,1,3747,1,5461,1,30560,1,68064,1,16323,1,233,1,9545,1,4467,1,16556,1,9545,1,48,1,1240,1,1,1,0,1,4504,1,5041,1,0,1,0,0,196958,1,303996,1,776,1,776,1,0,1,96,1,2232,1,97,1,0,1,2,1,0,1,0,1,1,1,8,1,24,1,0,1,0,1,209,1,16323,1,1,1,0,1,2129,1,26532,1,8,1,8,1,0,1,84062,1,97,1,12458,1,396,1,106530,1,1468,1,1,1,32,1,32,1
263,1929900,4468,9545,28.988903,,0,11,8,96,34354,9198,31612,1895546,16,227,140,1,30610,1,50,1,295492,1,150126,1,135206,1,1273811,1,10110,1,113013,1,12274,4,334028,4,78986,4,237358,4,458083,8,610123,96,53706,36,3026,1,24999,1,2846,1,0,0,0,0,0,0,0,0,99597,1,32524,1,4930,1,6753,1,23075,1,232558,1,32514,1,4098,1,6022,1,30370,1,70208,1,16317,1,240,1,9545,1,4468,1,16557,1,9545,1,48,1,1240,1,1,1,0,1,4503,1,5041,1,1,1,0,0,210090,1,352638,1,776,1,776,1,0,1,96,1,2244,1,97,1,0,1,2,1,0,1,0,1,1,1,8,1,24,1,0,1,0,1,216,1,16317,1,0,1,0,1,2772,1,792,1,8,1,8,1,0,1,91036,1,97,1,13233,1,7029,1,110583,1,792,1,1,1,32,1,32,1
264,1881600,4467,9545,28.988903,,0,11,8,96,30341,8888,28567,1851259,16,227,80,1,31292,1,40,1,266145,1,160757,1,130377,1,1251807,1,10761,1,116860,1,11964,4,333026,4,83605,4,233430,4,432803,8,590885,96,46782,36,3056,1,25450,1,2725,1,0,0,0,0,0,0,0,0,105648,1,36873,1,4950,1,6593,1,22795,1,202740,1,33686,1,4238,1,5842,1,29989,1,74316,1,16325,1,233,1,9545,1,4467,1,16558,1,9545,1,48,1,1240,1,1,1,0,1,4503,1,5041,1,1,1,0,0,207865,1,356631,1,776,1,776,1,0,1,96,1,2232,1,97,1,0,1,2,1,0,1,0,1,1,1,8,1,24,1,0,1,0,1,209,1,16325,1,0,1,0,1,2525,1,44715,1,8,1,8,1,0,1,94423,1,97,1,14273,1,3960,1,117024,1,14767,1,1,1,32,1,32,1
265,1819000,4467,9545,28.988903,,0,11,8,96,31827,9910,29335,1787173,16,227,50,1,27103,1,30,1,258469,1,148723,1,112512,1,1229584,1,10701,1,123233,1,11613,4,298488,4,83284,4,237658,4,434577,8,595557,96,47343,36,2996,1,25120,1,2705,1,0,0,0,0,0,0,0,0,98244,1,33706,1,4339,1,6192,1,21402,1,203100,1,27504,1,3908,1,5100,1,30841,1,81180,1,16326,1,233,1,9545,1,4467,1,16559,1,9545,1,48,1,1240,1,1,1,0,1,4504,1,5041,1,0,1,0,0,215504,1,395274,1,775,1,776,1,0,1,96,1,2232,1,97,1,0,1,2,1,0,1,0,1,1,1,8,1,24,1,0,1,0,1,209,1,16326,1,1,1,0,1,2327,1,26763,1,8,1,8,1,0,1,104603,1,97,1,14372,1,5577,1,116446,1,2557,1,1,1,32,1,32,1
266,1794500,4468,9545,28.988903,,0,11,8,96,29952,8707,28876,1764548,16,227,50,1,27244,1,30,1,256125,1,149014,1,113333,1,1208001,1,10751,1,110929,1,11833,4,298819,4,82853,4,231266,4,433284,8,586708,96,48967,36,3026,1,24558,1,2725,1,0,0,0,0,0,0,0,0,99606,1,32594,1,4399,1,6082,1,20801,1,201327,1,27564,1,3757,1,5511,1,30650,1,68996,1,16320,1,240,1,9545,1,4468,1,16560,1,9545,1,48,1,1240,1,1,1,0,1,4504,1,5041,1,0,1,0,0,212914,1,325974,1,776,1,776,1,0,1,96,1,2244,1,97,1,0,1,2,1,0,1,0,1,1,1,8,1,24,1,0,1,0,1,216,1,16320,1,0,1,0,1,1733,1,561,1,8,1,8,1,0,1,80315,1,97,1,13712,1,363,1,115934,1,561,1,1,1,32,1,32,1
267,1806900,4467,9545,28.988903,,0,11,8,96,31461,8697,28945,1775439,16,227,40,1,27053,1,40,1,255864,1,156779,1,113283,1,1211658,1,10721,1,110698,1,11873,4,298568,4,83515,4,231176,4,436951,8,591939,96,47243,36,2996,1,24508,1,2675,1,0,0,0,0,0,0,0,0,104877,1,34939,1,4359,1,6132,1,21332,1,200986,1,27194,1,3477,1,5461,1,30590,1,69206,1,16326,1,233,1,9545,1,4467,1,16559,1,9545,1,48,1,1240,1,1,1,0,1,4504,1,5041,1,0,1,0,0,214645,1,335181,1,776,1,776,1,0,1,96,1,2232,1,97,1,0,1,2,1,0,1,0,1,1,1,8,1,24,1,0,1,0,1,209,1,16326,1,0,1,0,1,2459,1,49302,1,8,1,8,1,0,1,87029,1,97,1,13613,1,429,1,115522,1,14124,1,1,1,32,1,32,1
268,1797000,4467,9545,28.988903,,0,11,8,96,29316,12725,28715,1767684,16,227,10,1,27174,1,40,1,256736,1,148703,1,111820,1,1212520,1,10681,1,109736,1,11783,4,298148,4,83134,4,231256,4,435729,8,590806,96,47464,36,3036,1,24278,1,2695,1,0,0,0,0,0,0,0,0,96871,1,35229,1,4339,1,6142,1,21222,1,201167,1,27895,1,3998,1,5471,1,30650,1,67613,1,16326,1,233,1,9545,1,4467,1,16559,1,9545,1,48,1,1240,1,1,1,0,1,4504,1,5041,1,0,1,0,0,210716,1,319737,1,776,1,776,1,0,1,96,1,2232,1,97,1,0,1,2,1,0,1,0,1,1,1,8,1,24,1,0,1,0,1,209,1,16326,1,1,1,1,1,1964,1,23265,1,8,1,8,1,0,1,85296,1,97,1,13943,1,4257,1,116446,1,2458,1,1,1,32,1,32,1
269,1798000,4468,9545,28.988903,,0,11,8,96,31348,8627,29146,1766652,16,227,10,1,27394,1,30,1,256405,1,148713,1,112602,1,1210556,1,10942,1,108855,1,11974,4,299220,4,83064,4,231687,4,436440,8,591477,96,47503,36,3056,1,24909,1,2725,1,0,0,0,0,0,0,0,0,96550,1,35530,1,4359,1,6222,1,21563,1,200686,1,27665,1,3848,1,5441,1,30570,1,66992,1,16320,1,240,1,9545,1,4468,1,16560,1,9545,1,48,1,1240,1,1,1,0,1,4504,1,5041,1,0,1,0,0,208842,1,298386,1,776,1,776,1,0,1,96,1,2244,1,97,1,0,1,2,1,0,1,0,1,1,1,8,1,24,1,0,1,0,1,216,1,16320,1,0,1,0,1,2723,1,561,1,8,1,8,1,0,1,80662,1,97,1,13745,1,1848,1,113559,1,561,1,1,1,32,1,32,1
270,1812400,4467,9545,28.988903,,0,11,8,96,29255,8737,29147,1783145,16,227,30,1,27795,1,40,1,256015,1,157350,1,113343,1,1217730,1,10841,1,110678,1,12074,4,300743,4,83865,4,232027,4,439436,8,595053,96,47263,36,3026,1,24468,1,2675,1,0,0,0,0,0,0,0,0,105328,1,35029,1,4439,1,6192,1,21392,1,200305,1,27675,1,3617,1,5541,1,30931,1,68475,1,16326,1,233,1,9545,1,4467,1,16559,1,9545,1,48,1,1240,1,1,1,0,1,4504,1,5041,1,0,1,0,0,210735,1,308220,1,776,1,776,1,0,1,96,1,2232,1,97,1,0,1,2,1,0,1,0,1,1,1,8,1,24,1,0,1,0,1,209,1,16326,1,0,1,0,1,2393,1,46464,1,8,1,8,1,0,1,91523,1,97,1,13349,1,1815,1,115489,1,12919,1,1,1,32,1,32,1
271,1807700,4467,9545,28.988903,,0,11,8,96,31108,12845,28185,1776592,16,227,10,1,27494,1,40,1,258009,1,148693,1,113343,1,1218011,1,10992,1,110347,1,11773,4,300182,4,83705,4,232248,4,436681,8,593591,96,47152,36,2966,1,24518,1,2745,1,0,0,0,0,0,0,0,0,96971,1,34969,1,4389,1,6132,1,21322,1,202379,1,27875,1,4038,1,5431,1,30931,1,68054,1,16326,1,233,1,9545,1,4467,1,16559,1,9545,1,48,1,1240,1,1,1,0,1,4503,1,5041,1,1,1,0,0,207864,1,287991,1,776,1,776,1,0,1,96,1,2232,1,97,1,0,1,2,1,0,1,0,1,1,1,8,1,24,1,0,1,0,1,209,1,16326,1,1,1,1,1,1766,1,9075,1,8,1,8,1,0,1,81755,1,97,1,13184,1,4158,1,111513,1,858,1,1,1,32,1,32,1
272,1970200,4467,9545,28.988903,,0,11,8,96,36188,14408,32033,1934012,16,227,60,1,31151,1,60,1,281785,1,149976,1,138503,1,1322206,1,10270,1,123674,1,12214,4,370079,4,78986,4,239973,4,448694,8,602437,96,54197,36,2956,1,28416,1,2806,1,0,0,0,0,0,0,0,0,98674,1,32444,1,4950,1,6483,1,22765,1,217679,1,34438,1,4298,1,6282,1,29829,1,80759,1,16326,1,233,1,9545,1,4467,1,16559,1,9545,1,48,1,1240,1,1,1,0,1,4504,1,5041,1,0,1,0,0,207249,1,326370,1,776,1,776,1,0,1,96,1,2232,1,97,1,0,1,2,1,0,1,0,1,1,1,8,1,24,1,0,1,0,1,209,1,16326,1,1,1,1,1,2376,1,9108,1,8,1,8,1,0,1,95890,1,97,1,13893,1,3399,1,112283,1,1501,1,1,1,32,1,32,1
273,1964700,4467,9545,28.988903,,0,11,8,96,32492,11403,30329,1932208,16,227,130,1,34137,1,50,1,291955,1,158893,1,146980,1,1289171,1,10891,1,111840,1,12184,4,359819,4,83444,4,236596,4,440568,8,599573,96,47263,36,3136,1,27374,1,2806,1,0,0,0,0,0,0,0,0,107332,1,32674,1,5090,1,6663,1,23256,1,228090,1,33246,1,4138,1,5781,1,30570,1,68936,1,16326,1,233,1,9545,1,4467,1,16559,1,9545,1,48,1,1240,1,1,1,0,1,4503,1,5041,1,1,1,0,0,212194,1,354849,1,776,1,776,1,0,1,96,1,2232,1,97,1,0,1,2,1,0,1,0,1,1,1,8,1,24,1,0,1,0,1,209,1,16326,1,1,1,1,1,2854,1,49896,1,8,1,8,1,0,1,86782,1,97,1,15477,1,6138,1,115412,1,17028,1,1,1,32,1,32,1
274,1916200,4468,9545,28.988905,,0,11,8,96,31585,8086,29567,1884615,16,227,70,1,31001,1,70,1,274190,1,153523,1,141779,1,1273300,1,10681,1,113013,1,12635,4,352355,4,85388,4,232909,4,437282,8,593441,96,47183,36,3036,1,25891,1,2705,1,0,0,0,0,0,0,0,0,101580,1,33777,1,4960,1,7625,1,23236,1,209062,1,33827,1,4038,1,5821,1,30670,1,70208,1,16320,1,240,1,9545,1,4468,1,16560,1,9545,1,48,1,1240,1,1,1,0,1,4502,1,5041,1,2,1,0,0,200886,1,337788,1,775,1,775,1,0,1,96,1,2244,1,97,1,0,1,2,1,0,1,0,1,1,1,8,1,24,1,0,1,0,1,216,1,16320,1,0,1,0,1,2591,1,660,1,8,1,8,1,0,1,78253,1,97,1,12392,1,6270,1,106727,1,660,1,1,1,32,1,32,1
275,1827200,4467,9545,28.988905,,0,11,8,96,31941,8718,29238,1795259,16,227,40,1,27023,1,30,1,264391,1,155917,1,115989,1,1221187,1,10681,1,110448,1,11342,4,298649,4,82933,4,241326,4,436100,8,601206,96,46982,36,3036,1,25941,1,2695,1,0,0,0,0,0,0,0,0,104165,1,34438,1,4459,1,7254,1,21252,1,207880,1,27685,1,3687,1,5290,1,30861,1,68585,1,16327,1,233,1,9545,1,4467,1,16560,1,9545,1,48,1,1240,1,1,1,0,1,4501,1,5042,1,2,1,0,0,201436,1,302214,1,776,1,776,1,0,1,96,1,2232,1,97,1,0,1,2,1,0,1,0,1,1,1,8,1,24,1,0,1,0,1,209,1,16327,1,0,1,0,1,3086,1,45276,1,8,1,8,1,0,1,80747,1,97,1,12359,1,1254,1,106266,1,16780,1,1,1,32,1,32,1
276,1827500,4468,9545,28.988905,,0,11,8,96,31570,8867,28987,1795930,16,227,70,1,27093,1,40,1,263179,1,155917,1,114726,1,1224193,1,10711,1,116199,1,11853,4,298889,4,83705,4,231206,4,443054,8,598110,96,47163,36,3036,1,24669,1,2715,1,0,0,0,0,0,0,0,0,105909,1,32955,1,4369,1,7385,1,21833,1,205776,1,27885,1,3627,1,5331,1,30600,1,74527,1,16320,1,240,1,9545,1,4468,1,16560,1,9545,1,48,1,1240,1,1,1,0,1,4502,1,5042,1,1,1,0,0,206347,1,362571,1,776,1,776,1,0,1,96,1,2244,1,97,1,0,1,2,1,0,1,0,1,1,1,8,1,24,1,0,1,0,1,216,1,16320,1,0,1,0,1,1997,1,46794,1,8,1,8,1,0,1,98332,1,97,1,12755,1,4224,1,107685,1,16566,1,1,1,32,1,32,1
277,1810900,4467,9545,28.988905,,0,11,8,96,30922,8687,28326,1779978,16,227,60,1,26983,1,30,1,259231,1,152951,1,114245,1,1215816,1,10661,1,112562,1,11793,4,298468,4,82823,4,232769,4,437843,8,595203,96,47083,36,3036,1,25089,1,2745,1,0,0,0,0,0,0,0,0,101570,1,34819,1,4349,1,6803,1,21202,1,203160,1,27755,1,3547,1,5280,1,30871,1,70920,1,16327,1,233,1,9545,1,4467,1,16560,1,9545,1,48,1,1240,1,1,1,0,1,4503,1,5042,1,0,1,0,0,206098,1,350427,1,776,1,776,1,0,1,96,1,2232,1,97,1,0,1,2,1,0,1,0,1,1,1,8,1,24,1,0,1,0,1,209,1,16327,1,0,1,0,1,2261,1,5577,1,8,1,8,1,0,1,91736,1,97,1,13629,1,5511,1,112106,1,1287,1,1,1,32,1,32,1
278,1807400,4467,9545,28.988905,,0,11,8,96,31069,11293,29177,1776331,16,227,40,1,27394,1,10,1,257397,1,148182,1,112682,1,1219674,1,10952,1,111680,1,11492,4,298128,4,83404,4,234512,4,437753,8,596125,96,46963,36,3066,1,25610,1,2735,1,0,0,0,0,0,0,0,0,99366,1,32133,1,4349,1,6413,1,21312,1,201928,1,27454,1,4138,1,5371,1,30761,1,69437,1,16326,1,233,1,9545,1,4467,1,16559,1,9545,1,48,1,1240,1,1,1,0,1,4502,1,5042,1,1,1,0,0,211663,1,351879,1,776,1,776,1,0,1,96,1,2232,1,97,1,0,1,2,1,0,1,0,1,1,1,8,1,24,1,0,1,0,1,209,1,16326,1,1,1,0,1,2459,1,396,1,8,1,8,1,0,1,92345,1,97,1,13613,1,1419,1,114697,1,396,1,1,1,32,1,32,1
279,1926500,4467,9545,28.988905,,0,11,8,96,32086,12565,36150,1894414,16,227,140,1,30921,1,50,1,287627,1,158883,1,135978,1,1270644,1,10170,1,114937,1,12274,4,316404,4,94917,4,244562,4,443574,8,605585,96,46401,36,3086,1,25631,1,2695,1,0,0,0,0,0,0,0,0,105418,1,34328,1,4970,1,6843,1,22885,1,223521,1,33215,1,4308,1,6112,1,30600,1,71431,1,16327,1,233,1,9545,1,4467,1,16560,1,9545,1,48,1,1240,1,1,1,0,1,4503,1,5042,1,0,1,0,0,211935,1,364485,1,776,1,776,1,0,1,96,1,2232,1,97,1,0,1,2,1,0,1,0,1,1,1,8,1,24,1,0,1,0,1,209,1,16327,1,1,1,0,1,15494,1,46563,1,8,1,8,1,0,1,100656,1,97,1,12903,1,6369,1,111887,1,17869,1,1,1,32,1,32,1
280,1937800,4468,9545,28.988905,,0,11,8,96,32179,8777,32534,1905621,16,227,40,1,30941,1,70,1,284360,1,157575,1,134756,1,1286856,1,11022,1,112812,1,12475,4,316895,4,83074,4,234011,4,486098,8,640272,96,47303,36,3317,1,26673,1,2725,1,0,0,0,0,0,0,0,0,105252,1,34388,1,4930,1,6813,1,23356,1,219513,1,34227,1,4338,1,6242,1,30240,1,69838,1,16324,1,240,1,9545,1,4468,1,16564,1,9545,1,48,1,1240,1,1,1,0,1,4502,1,5042,1,1,1,0,0,204408,1,422466,1,776,1,776,1,0,1,96,1,2244,1,97,1,0,1,2,1,0,1,0,1,1,1,8,1,24,1,0,1,0,1,216,1,16324,1,0,1,0,1,1897,1,43510,1,8,1,8,1,0,1,106885,1,97,1,12689,1,1419,1,107470,1,13002,1,1,1,32,1,32,1
281,1842000,4467,9545,28.988905,,0,11,8,96,31842,9529,30759,1810158,16,227,180,1,31041,1,70,1,266395,1,152080,1,114776,1,1234613,1,11002,1,109285,1,11693,4,299069,4,82974,4,232639,4,454486,8,607289,96,49076,36,6122,1,26031,1,2785,1,0,0,0,0,0,0,0,0,101670,1,33777,1,4339,1,6483,1,21222,1,209743,1,28436,1,3697,1,5441,1,30410,1,67664,1,16330,1,233,1,9545,1,4467,1,16563,1,9545,1,48,1,1240,1,1,1,0,1,4503,1,5042,1,0,1,0,0,207189,1,330792,1,776,1,776,1,0,1,96,1,2232,1,97,1,0,1,2,1,0,1,0,1,1,1,8,1,24,1,0,1,0,1,209,1,16330,1,0,1,0,1,2591,1,13200,1,8,1,8,1,0,1,90101,1,97,1,12689,1,4356,1,110275,1,1270,1,1,1,32,1,32,1
282,1808700,4467,9545,28.988905,,0,11,8,96,30685,12966,28515,1778015,16,227,30,1,27534,1,40,1,263349,1,148924,1,112893,1,1214424,1,10821,1,108854,1,11743,4,298418,4,83044,4,233751,4,434346,8,592719,96,46862,36,2956,1,25681,1,2665,1,0,0,0,0,0,0,0,0,99977,1,32153,1,4359,1,6192,1,20811,1,208441,1,27624,1,3968,1,5601,1,30660,1,66591,1,16330,1,233,1,9545,1,4467,1,16563,1,9545,1,48,1,1240,1,1,1,0,1,4503,1,5042,1,0,1,0,0,208125,1,322245,1,776,1,776,1,0,1,96,1,2232,1,97,1,0,1,2,1,0,1,0,1,1,1,8,1,24,1,0,1,0,1,209,1,16330,1,1,1,1,1,2228,1,792,1,8,1,8,1,0,1,82182,1,97,1,13415,1,6501,1,116726,1,792,1,1,1,32,1,32,1
283,1808000,4467,9545,28.988905,,0,11,8,96,32019,12956,28013,1775981,16,227,60,1,27655,1,30,1,260043,1,149645,1,112582,1,1215205,1,10761,1,108995,1,11843,4,298388,4,82984,4,232468,4,437222,8,594434,96,47243,36,2925,1,24679,1,2745,1,0,0,0,0,0,0,0,0,98144,1,34738,1,4329,1,6232,1,21102,1,204914,1,27514,1,3947,1,5461,1,30911,1,66752,1,16330,1,233,1,9545,1,4467,1,16563,1,9545,1,48,1,1240,1,1,1,0,1,4503,1,5042,1,0,1,0,0,209416,1,318846,1,776,1,776,1,0,1,96,1,2232,1,97,1,0,1,2,1,0,1,0,1,1,1,8,1,24,1,0,1,0,1,209,1,16330,1,1,1,1,1,1601,1,792,1,8,1,8,1,0,1,85807,1,97,1,14075,1,6633,1,115506,1,792,1,1,1,32,1,32,1
284,1808700,4468,9545,28.988905,,0,11,8,96,30445,8747,29256,1778255,16,227,20,1,27484,1,30,1,257247,1,152601,1,113013,1,1216658,1,11202,1,115488,1,11843,4,299079,4,83294,4,232849,4,433925,8,590025,96,47494,36,3006,1,25721,1,2705,1,0,0,0,0,0,0,0,0,102672,1,33015,1,4389,1,6062,1,21192,1,202349,1,27414,1,3647,1,5551,1,30610,1,73405,1,16324,1,240,1,9545,1,4468,1,16564,1,9545,1,48,1,1240,1,1,1,0,1,4503,1,5042,1,0,1,0,0,210671,1,353331,1,776,1,776,1,0,1,96,1,2244,1,97,1,0,1,2,1,0,1,0,1,1,1,8,1,24,1,0,1,0,1,216,1,16324,1,0,1,0,1,2426,1,57849,1,8,1,8,1,0,1,98019,1,97,1,13943,1,1518,1,116809,1,13942,1,1,1,32,1,32,1
285,1807200,4467,9545,28.988905,,0,11,8,96,30889,8607,30378,1776311,16,227,30,1,27204,1,40,1,256786,1,150477,1,113033,1,1217911,1,10831,1,111339,1,11753,4,300152,4,83996,4,229773,4,441681,8,593612,96,47464,36,3006,1,24799,1,2806,1,0,0,0,0,0,0,0,0,98163,1,35480,1,4359,1,6142,1,21402,1,201106,1,27865,1,3587,1,5481,1,30881,1,69437,1,16330,1,233,1,9545,1,4467,1,16563,1,9545,1,48,1,1240,1,1,1,0,1,4503,1,5042,1,0,1,0,0,208918,1,300993,1,776,1,776,1,0,1,96,1,2232,1,97,1,0,1,2,1,0,1,0,1,1,1,8,1,24,1,0,1,0,1,209,1,16330,1,0,1,0,1,2360,1,23166,1,8,1,8,1,0,1,75929,1,97,1,13613,1,5478,1,116743,1,2722,1,1,1,32,1,32,1
286,1812700,4467,9545,28.988905,,0,11,8,96,30517,12755,28835,1782183,16,227,0,1,27454,1,40,1,256936,1,154825,1,112652,1,1219444,1,10831,1,110768,1,11883,4,300061,4,83625,4,234803,4,435178,8,593943,96,47203,36,2986,1,24639,1,2745,1,0,0,0,0,0,0,0,0,102803,1,34909,1,4389,1,6092,1,21202,1,201487,1,27915,1,3767,1,5481,1,30741,1,68896,1,16331,1,233,1,9545,1,4467,1,16564,1,9545,1,48,1,1240,1,1,1,0,1,4502,1,5042,1,1,1,0,0,215402,1,335082,1,776,1,776,1,0,1,96,1,2232,1,97,1,0,1,2,1,0,1,0,1,1,1,8,1,24,1,0,1,0,1,209,1,16331,1,1,1,0,1,1931,1,53625,1,8,1,8,1,0,1,92298,1,97,1,14108,1,396,1,116413,1,14041,1,1,1,32,1,32,1
287,1804300,4468,9545,28.988905,,0,11,8,96,30163,8647,29627,1774137,16,227,10,1,27224,1,40,1,257508,1,150907,1,115007,1,1212330,1,11112,1,113143,1,11763,4,299049,4,83605,4,230665,4,433755,8,587720,96,47073,36,2996,1,25951,1,2755,1,0,0,0,0,0,0,0,0,101731,1,32304,1,4399,1,6112,1,21312,1,202038,1,27765,1,3557,1,5521,1,30921,1,71260,1,16325,1,240,1,9545,1,4468,1,16565,1,9545,1,48,1,1240,1,1,1,0,1,4501,1,5042,1,2,1,0,0,207518,1,332640,1,776,1,776,1,0,1,96,1,2244,1,97,1,0,1,2,1,0,1,0,1,1,1,8,1,24,1,0,1,0,1,216,1,16325,1,0,1,0,1,2393,1,9438,1,8,1,8,1,0,1,83160,1,97,1,13745,1,6105,1,112965,1,1452,1,1,1,32,1,32,1
288,1852800,4467,9545,28.988905,,0,11,8,96,30819,9258,31460,1821981,16,227,10,1,27144,1,20,1,258079,1,149374,1,113073,1,1263480,1,10801,1,110187,1,11743,4,300703,4,84737,4,248931,4,462952,8,630806,96,49617,36,5932,1,26282,1,2755,1,0,0,0,0,0,0,0,0,97101,1,35570,1,4349,1,6132,1,21342,1,202499,1,27815,1,3958,1,5431,1,30861,1,67914,1,16330,1,233,1,9545,1,4467,1,16563,1,9545,1,48,1,1240,1,1,1,0,1,4503,1,5042,1,0,1,0,0,227783,1,358149,1,776,1,776,1,0,1,96,1,2232,1,97,1,0,1,2,1,0,1,0,1,1,1,8,1,24,1,0,1,0,1,209,1,16330,1,0,1,0,1,1832,1,18117,1,8,1,8,1,0,1,92819,1,97,1,12755,1,396,1,128788,1,1039,1,1,1,32,1,32,1
289,1816500,4467,9545,28.988905,,0,11,8,96,32073,11092,28565,1784427,16,227,70,1,27103,1,40,1,259091,1,155637,1,113213,1,1218542,1,10731,1,111089,1,11913,4,298599,4,83254,4,232368,4,436991,8,593661,96,47133,36,2986,1,27564,1,2685,1,0,0,0,0,0,0,0,0,103995,1,34728,1,4359,1,6252,1,21963,1,203000,1,27604,1,3828,1,5320,1,30550,1,69397,1,16332,1,233,1,9545,1,4467,1,16565,1,9545,1,48,1,1240,1,1,1,0,1,4503,1,5042,1,0,1,0,0,210765,1,366564,1,776,1,776,1,0,1,96,1,2232,1,97,1,0,1,2,1,0,1,0,1,1,1,8,1,24,1,0,1,0,1,209,1,16332,1,1,1,0,1,1865,1,45144,1,8,1,8,1,0,1,90125,1,97,1,13745,1,4554,1,117931,1,15031,1,1,1,32,1,32,1
290,1799700,4468,9545,28.988905,,0,11,8,96,31334,8688,28816,1768366,16,227,20,1,27013,1,30,1,256455,1,155597,1,113273,1,1205175,1,10801,1,109536,1,12144,4,297857,4,83204,4,232819,4,430158,8,586968,96,47193,36,3006,1,25059,1,2705,1,0,0,0,0,0,0,0,0,104736,1,33556,1,4359,1,6152,1,21132,1,201557,1,27334,1,3367,1,5461,1,30500,1,68205,1,16326,1,240,1,9545,1,4468,1,16566,1,9545,1,48,1,1240,1,1,1,0,1,4503,1,5042,1,0,1,0,0,210488,1,290103,1,776,1,776,1,0,1,96,1,2244,1,97,1,0,1,2,1,0,1,0,1,1,1,8,1,24,1,0,1,0,1,216,1,16326,1,0,1,0,1,2129,1,44847,1,8,1,8,1,0,1,82773,1,97,1,13712,1,4158,1,116726,1,16351,1,1,1,32,1,32,1
291,1803800,4467,9545,28.988905,,0,11,8,96,31036,8777,28716,1772764,16,227,20,1,27354,1,40,1,257317,1,151168,1,113173,1,1212981,1,10711,1,111740,1,11994,4,299821,4,83965,4,232679,4,433575,8,590585,96,46953,36,2956,1,24789,1,2685,1,0,0,0,0,0,0,0,0,100127,1,34288,1,4399,1,6122,1,20781,1,202239,1,27885,1,3447,1,5481,1,30801,1,70038,1,16333,1,233,1,9545,1,4467,1,16566,1,9545,1,48,1,1240,1,1,1,0,1,4503,1,5042,1,0,1,0,0,210753,1,301389,1,776,1,776,1,0,1,96,1,2232,1,97,1,0,1,2,1,0,1,0,1,1,1,8,1,24,1,0,1,0,1,209,1,16333,1,0,1,0,1,2492,1,29799,1,8,1,8,1,0,1,89937,1,97,1,14273,1,1254,1,118162,1,2491,1,1,1,32,1,32,1
292,1804200,4467,9545,28.988905,,0,11,8,96,30274,12916,28376,1773926,16,227,60,1,27244,1,20,1,255113,1,150126,1,112602,1,1218061,1,10701,1,111019,1,11803,4,298158,4,83475,4,233580,4,435969,8,593640,96,47534,36,2935,1,25500,1,2705,1,0,0,0,0,0,0,0,0,99827,1,33666,1,4329,1,6142,1,21292,1,199583,1,27875,1,3878,1,5441,1,30570,1,69176,1,16333,1,233,1,9545,1,4467,1,16566,1,9545,1,48,1,1240,1,1,1,0,1,4503,1,5042,1,0,1,0,0,214069,1,337425,1,776,1,776,1,0,1,96,1,2232,1,97,1,0,1,2,1,0,1,0,1,1,1,8,1,24,1,0,1,0,1,209,1,16333,1,1,1,1,1,1931,1,29271,1,8,1,8,1,0,1,89321,1,97,1,13316,1,5544,1,114433,1,1188,1,1,1,32,1,32,1
293,1808700,4467,9545,28.988905,,0,11,8,96,28682,12945,28266,1780018,16,227,40,1,27144,1,20,1,255263,1,159164,1,112622,1,1214955,1,10811,1,110889,1,11773,4,297957,4,82853,4,233741,4,434867,8,593079,96,47263,36,2966,1,24268,1,2695,1,0,0,0,0,0,0,0,0,105839,1,36362,1,4339,1,6022,1,21232,1,200315,1,27424,1,3818,1,5441,1,30741,1,68906,1,16333,1,233,1,9545,1,4467,1,16566,1,9545,1,48,1,1240,1,1,1,0,1,4502,1,5042,1,1,1,0,0,212550,1,334785,1,776,1,776,1,0,1,96,1,2232,1,97,1,0,1,2,1,0,1,0,1,1,1,8,1,24,1,0,1,0,1,209,1,16333,1,1,1,1,1,1931,1,44418,1,8,1,8,1,0,1,92809,1,97,1,13217,1,1881,1,115654,1,14800,1,1,1,32,1,32,1
294,1809800,4468,9545,28.988905,,0,11,8,96,30563,8928,29247,1779237,16,227,40,1,27234,1,40,1,255273,1,151008,1,113614,1,1221167,1,10861,1,111670,1,11542,4,300613,4,83775,4,236246,4,437643,8,597028,96,47613,36,3056,1,24969,1,2725,1,0,0,0,0,0,0,0,0,99566,1,34859,1,4339,1,5982,1,20721,1,200465,1,27835,1,3767,1,5521,1,30911,1,69517,1,16328,1,240,1,9545,1,4468,1,16568,1,9545,1,48,1,1240,1,1,1,0,1,4503,1,5042,1,0,1,0,0,213077,1,308088,1,776,1,776,1,0,1,96,1,2244,1,97,1,0,1,2,1,0,1,0,1,1,1,8,1,24,1,0,1,0,1,216,1,16328,1,0,1,0,1,1898,1,25707,1,8,1,8,1,0,1,87509,1,97,1,13745,1,1320,1,116858,1,2392,1,1,1,32,1,32,1
295,1806700,4467,9545,28.988905,,0,11,8,96,30810,8677,28465,1775890,16,227,20,1,26993,1,30,1,257768,1,153372,1,114115,1,1212690,1,10901,1,112392,1,11753,4,298558,4,83354,4,233671,4,434176,8,592449,96,46933,36,2966,1,24448,1,2695,1,0,0,0,0,0,0,0,0,101580,1,35089,1,4399,1,6072,1,21402,1,201978,1,27905,1,3787,1,5461,1,30891,1,70359,1,16333,1,233,1,9545,1,4467,1,16566,1,9545,1,48,1,1240,1,1,1,0,1,4502,1,5042,1,1,1,0,0,211925,1,334884,1,776,1,776,1,0,1,96,1,2232,1,97,1,0,1,2,1,0,1,0,1,1,1,8,1,24,1,0,1,0,1,209,1,16333,1,0,1,0,1,1799,1,10692,1,8,1,8,1,0,1,87676,1,97,1,13349,1,792,1,117700,1,874,1,1,1,32,1,32,1
296,1800300,4467,9545,28.988905,,0,11,8,96,30482,12695,28714,1769818,16,227,30,1,27825,1,40,1,255744,1,155847,1,112933,1,1206658,1,10741,1,107201,1,11493,4,298208,4,83194,4,230144,4,434977,8,589574,96,46832,36,2966,1,23106,1,2675,1,0,0,0,0,0,0,0,0,105217,1,33706,1,4389,1,6152,1,21372,1,200215,1,27735,1,4048,1,5491,1,30620,1,65058,1,16335,1,233,1,9545,1,4467,1,16568,1,9545,1,48,1,1240,1,1,1,0,1,4503,1,5042,1,0,1,0,0,207119,1,306537,1,776,1,776,1,0,1,96,1,2232,1,97,1,0,1,2,1,0,1,0,1,1,1,8,1,24,1,0,1,0,1,209,1,16335,1,1,1,0,1,2624,1,49962,1,8,1,8,1,0,1,85676,1,97,1,12788,1,1287,1,110127,1,13117,1,1,1,32,1,32,1
297,1962500,4468,9545,28.988905,,0,11,8,96,32285,9208,31809,1930215,16,227,130,1,30620,1,70,1,292647,1,201908,1,144104,1,1249854,1,10881,1,114145,1,12565,4,327746,4,78585,4,236456,4,438334,8,594015,96,48967,36,3046,1,27043,1,2725,1,0,0,0,0,0,0,0,0,145767,1,36081,1,5310,1,7114,1,23917,1,219563,1,41522,1,4409,1,6563,1,30821,1,69908,1,16329,1,240,1,9545,1,4468,1,16569,1,9545,1,48,1,1240,1,1,1,0,1,4503,1,5042,1,0,1,0,0,208004,1,277728,1,776,1,776,1,0,1,96,1,2244,1,97,1,0,1,2,1,0,1,0,1,1,1,8,1,24,1,0,1,0,1,216,1,16329,1,0,1,0,1,4014,1,3036,1,8,1,8,1,0,1,80738,1,97,1,13249,1,5874,1,112359,1,2162,1,1,1,32,1,32,1
298,1863600,4467,9545,28.988905,,0,11,8,96,30968,9098,29106,1832632,16,227,70,1,30610,1,50,1,270303,1,153783,1,135176,1,1231878,1,10761,1,113093,1,12234,4,315802,4,82513,4,233891,4,434787,8,592530,96,47043,36,3036,1,24729,1,2695,1,0,0,0,0,0,0,0,0,101209,1,34067,1,4940,1,6713,1,22504,1,207319,1,33326,1,4329,1,6343,1,30500,1,69587,1,16334,1,233,1,9545,1,4467,1,16567,1,9545,1,48,1,1240,1,1,1,0,1,4502,1,5042,1,1,1,0,0,209580,1,297693,1,776,1,776,1,0,1,96,1,2232,1,97,1,0,1,2,1,0,1,0,1,1,1,8,1,24,1,0,1,0,1,209,1,16334,1,0,1,0,1,2690,1,891,1,8,1,8,1,0,1,85976,1,97,1,12656,1,4125,1,115753,1,891,1,1,1,32,1,32,1
299,1814700,4467,9545,28.988905,,0,11,8,96,32247,12986,28796,1782453,16,227,50,1,26773,1,20,1,262788,1,149845,1,112772,1,1219444,1,10761,1,112502,1,11483,4,298378,4,83214,4,232488,4,437623,8,594082,96,47233,36,3066,1,24979,1,2725,1,0,0,0,0,0,0,0,0,98614,1,34448,1,4369,1,6132,1,21312,1,207609,1,27424,1,4008,1,5441,1,30360,1,70659,1,16333,1,233,1,9545,1,4467,1,16566,1,9545,1,48,1,1240,1,1,1,0,1,4503,1,5042,1,0,1,0,0,212088,1,334125,1,776,1,776,1,0,1,96,1,2232,1,97,1,0,1,2,1,0,1,0,1,1,1,8,1,24,1,0,1,0,1,209,1,16333,1,1,1,0,1,2096,1,25872,1,8,1,8,1,0,1,87379,1,97,1,14207,1,363,1,116397,1,2557,1,1,1,32,1,32,1
300,1903100,4467,9545,28.988905,,0,11,8,96,37282,13707,30599,1865818,16,227,50,1,30610,1,60,1,280523,1,153863,1,136058,1,1254533,1,10120,1,113684,1,12324,4,324059,4,79507,4,238420,4,441630,8,595916,96,53536,36,3026,1,25450,1,2725,1,0,0,0,0,0,0,0,0,101380,1,34137,1,4920,1,6633,1,22885,1,218140,1,32324,1,4489,1,6152,1,30370,1,70369,1,16333,1,233,1,9545,1,4467,1,16566,1,9545,1,48,1,1240,1,1,1,0,1,4503,1,5042,1,0,1,0,0,206145,1,322806,1,776,1,776,1,0,1,96,1,2232,1,97,1,0,1,2,1,0,1,0,1,1,1,8,1,24,1,0,1,0,1,209,1,16333,1,1,1,1,1,4224,1,14685,1,8,1,8,1,0,1,85461,1,97,1,12936,1,6270,1,110913,1,1683,1,1,1,32,1,32,1
301,1902000,4468,9545,28.988905,,0,11,8,96,31223,9038,30569,1870777,16,227,70,1,30791,1,60,1,280663,1,159154,1,136679,1,1252649,1,10711,1,110388,1,12465,4,333467,4,84547,4,234773,4,435769,8,592730,96,47243,36,3046,1,26422,1,2735,1,0,0,0,0,0,0,0,0,106380,1,33997,1,4960,1,6573,1,23757,1,217559,1,32304,1,4158,1,6262,1,30410,1,67293,1,16327,1,240,1,9545,1,4468,1,16567,1,9545,1,48,1,1240,1,1,1,0,1,4503,1,5042,1,0,1,0,0,212441,1,317493,1,773,1,773,1,0,1,96,1,2244,1,97,1,0,1,2,1,0,1,0,1,1,1,8,1,24,1,0,1,0,1,216,1,16327,1,0,1,0,1,2689,1,51051,1,8,1,8,1,0,1,84084,1,97,1,14305,1,5511,1,116633,1,14669,1,1,1,32,1,32,1
302,1891100,4467,9545,28.988905,,0,11,8,96,32056,8817,28776,1859044,16,227,140,1,30530,1,30,1,273299,1,151719,1,135086,1,1257499,1,10741,1,111991,1,12554,4,333868,4,83044,4,236676,4,438685,8,599262,96,47323,36,2956,1,26192,1,2715,1,0,0,0,0,0,0,0,0,98725,1,34939,1,4930,1,6533,1,22605,1,211567,1,32304,1,4198,1,6232,1,30500,1,68906,1,16333,1,233,1,9545,1,4467,1,16566,1,9545,1,48,1,1240,1,1,1,0,1,4503,1,5042,1,0,1,0,0,218081,1,352374,1,776,1,776,1,0,1,96,1,2232,1,97,1,0,1,2,1,0,1,0,1,1,1,8,1,24,1,0,1,0,1,209,1,16333,1,0,1,0,1,2426,1,561,1,8,1,8,1,0,1,99360,1,97,1,13580,1,429,1,116908,1,561,1,1,1,32,1,32,1
303,1912800,4467,9545,28.988905,,0,11,8,96,31472,13947,31021,1881328,16,227,120,1,31522,1,70,1,285102,1,158092,1,135808,1,1260204,1,10411,1,113063,1,12424,4,333998,4,87052,4,232428,4,436350,8,591386,96,46371,36,3026,1,25190,1,2725,1,0,0,0,0,0,0,0,0,103795,1,35530,1,4950,1,6533,1,22795,1,221366,1,33316,1,4739,1,6302,1,30490,1,69206,1,16333,1,233,1,9545,1,4467,1,16566,1,9545,1,48,1,1240,1,1,1,0,1,4503,1,5042,1,0,1,0,0,210230,1,302544,1,776,1,776,1,0,1,96,1,2232,1,97,1,0,1,2,1,0,1,0,1,1,1,8,1,24,1,0,1,0,1,209,1,16333,1,1,1,1,1,2508,1,60918,1,8,1,8,1,0,1,84475,1,97,1,13002,1,2013,1,112382,1,14454,1,1,1,32,1,32,1
304,1881100,4467,9545,28.988905,,0,11,8,96,31033,13075,29445,1850067,16,227,60,1,30891,1,40,1,276074,1,149996,1,128413,1,1253821,1,10771,1,116440,1,12074,4,322075,4,83525,4,235284,4,440388,8,599465,96,46762,36,2986,1,25280,1,2695,1,0,0,0,0,0,0,0,0,97943,1,34388,1,4589,1,6403,1,22404,1,215515,1,31382,1,4759,1,5942,1,30560,1,72753,1,16333,1,233,1,9545,1,4467,1,16566,1,9545,1,48,1,1240,1,1,1,0,1,4503,1,5042,1,0,1,0,0,214898,1,379104,1,773,1,773,1,0,1,96,1,2232,1,97,1,0,1,2,1,0,1,0,1,1,1,8,1,24,1,0,1,0,1,209,1,16333,1,1,1,1,1,2458,1,22242,1,8,1,8,1,0,1,104663,1,97,1,13975,1,6600,1,116617,1,2558,1,1,1,32,1,32,1
305,1910000,4467,9545,28.988905,,0,11,8,96,31227,13667,29487,1878773,16,227,110,1,30570,1,40,1,276575,1,166057,1,137711,1,1256877,1,10831,1,111430,1,12074,4,334008,4,83104,4,236917,4,434146,8,594332,96,47243,36,2986,1,25821,1,2725,1,0,0,0,0,0,0,0,0,114095,1,33646,1,4950,1,6433,1,22625,1,211126,1,36081,1,4148,1,6112,1,29829,1,69066,1,16334,1,233,1,9545,1,4467,1,16567,1,9545,1,48,1,1240,1,1,1,0,1,4503,1,5042,1,0,1,0,0,216228,1,328482,1,776,1,776,1,0,1,96,1,2232,1,97,1,0,1,2,1,0,1,0,1,1,1,8,1,24,1,0,1,0,1,209,1,16334,1,1,1,0,1,3152,1,68706,1,8,1,8,1,0,1,95925,1,97,1,13943,1,5643,1,118228,1,15246,1,1,1,32,1,32,1
306,1963500,4467,9545,28.988905,,0,11,8,96,32910,13858,34857,1930590,16,227,140,1,30680,1,40,1,285753,1,162856,1,136619,1,1303750,1,10751,1,114395,1,13236,4,340922,4,87523,4,245825,4,456460,8,616527,96,50900,36,3036,1,25781,1,2715,1,0,0,0,0,0,0,0,0,109891,1,33767,1,4960,1,6643,1,23617,1,221006,1,33957,1,4639,1,6132,1,30620,1,70519,1,16334,1,233,1,9545,1,4467,1,16567,1,9545,1,48,1,1240,1,1,1,0,1,4503,1,5042,1,0,1,0,0,210992,1,351351,1,776,1,776,1,0,1,96,1,2232,1,97,1,0,1,2,1,0,1,0,1,1,1,8,1,24,1,0,1,0,1,209,1,16334,1,1,1,1,1,4669,1,55324,1,8,1,8,1,0,1,92229,1,97,1,13233,1,462,1,111128,1,16879,1,1,1,32,1,32,1
307,1924600,4467,9545,28.988905,,0,11,8,96,33508,13126,29577,1891092,16,227,70,1,30771,1,50,1,280302,1,149475,1,121419,1,1298093,1,10912,1,110568,1,12354,4,346363,4,83294,4,233500,4,461314,8,618135,96,47103,36,4429,1,29739,1,3407,1,0,0,0,0,0,0,0,0,99557,1,32835,1,4339,1,6803,1,22895,1,216948,1,33105,1,4008,1,5631,1,30250,1,68485,1,16334,1,233,1,9545,1,4467,1,16567,1,9545,1,48,1,1240,1,1,1,0,1,4502,1,5042,1,1,1,0,0,214581,1,360805,1,776,1,776,1,0,1,96,1,2232,1,97,1,0,1,2,1,0,1,0,1,1,1,8,1,24,1,0,1,0,1,209,1,16334,1,1,1,1,1,2293,1,26730,1,8,1,8,1,0,1,89251,1,97,1,13711,1,1452,1,118240,1,2096,1,1,1,32,1,32,1
308,1827100,4468,9545,28.988905,,0,11,8,96,31320,8888,29298,1795780,16,227,70,1,27244,1,60,1,274391,1,155987,1,114345,1,1212951,1,10731,1,112221,1,11934,4,299130,4,82833,4,229993,4,437552,8,590504,96,47744,36,2956,1,24779,1,2665,1,0,0,0,0,0,0,0,0,104205,1,34628,1,4379,1,6803,1,23556,1,209834,1,33897,1,3697,1,5541,1,30711,1,70239,1,16328,1,240,1,9545,1,4468,1,16568,1,9545,1,48,1,1240,1,1,1,0,1,4502,1,5042,1,1,1,0,0,210072,1,295581,1,776,1,776,1,0,1,96,1,2244,1,97,1,0,1,2,1,0,1,0,1,1,1,8,1,24,1,0,1,0,1,216,1,16328,1,0,1,0,1,2327,1,46959,1,8,1,8,1,0,1,75762,1,97,1,13613,1,2376,1,116463,1,14569,1,1,1,32,1,32,1
309,1813500,4467,9545,28.988905,,0,11,8,96,31367,8647,28246,1782133,16,227,60,1,27284,1,100,1,263259,1,153783,1,114025,1,1212861,1,10761,1,113684,1,11543,4,298368,4,83214,4,233230,4,434016,8,591827,96,47173,36,3036,1,24448,1,2675,1,0,0,0,0,0,0,0,0,104266,1,32554,1,4359,1,6272,1,21613,1,207760,1,27364,1,3948,1,5551,1,30530,1,71671,1,16332,1,233,1,9545,1,4467,1,16565,1,9545,1,48,1,1240,1,1,1,0,1,4503,1,5042,1,0,1,0,0,210311,1,307626,1,776,1,776,1,0,1,96,1,2232,1,97,1,0,1,2,1,0,1,0,1,1,1,8,1,24,1,0,1,0,1,209,1,16332,1,0,1,0,1,1700,1,46398,1,8,1,8,1,0,1,84461,1,97,1,13085,1,2145,1,114318,1,15130,1,1,1,32,1,32,1
310,1809500,4467,9545,28.988905,,0,11,8,96,30473,12936,28716,1779027,16,227,60,1,27244,1,20,1,260483,1,150737,1,113243,1,1216528,1,10711,1,111379,1,11783,4,298969,4,82853,4,233350,4,434967,8,592519,96,47082,36,3026,1,24518,1,2745,1,0,0,0,0,0,0,0,0,98715,1,35270,1,4419,1,6222,1,20621,1,205575,1,27805,1,3928,1,5391,1,30650,1,69427,1,16332,1,233,1,9545,1,4467,1,16565,1,9545,1,48,1,1240,1,1,1,0,1,4503,1,5042,1,0,1,0,0,212765,1,333498,1,776,1,776,1,0,1,96,1,2232,1,97,1,0,1,2,1,0,1,0,1,1,1,8,1,24,1,0,1,0,1,209,1,16332,1,1,1,1,1,2327,1,26268,1,8,1,8,1,0,1,92293,1,97,1,13877,1,4059,1,116760,1,2310,1,1,1,32,1,32,1
311,1809300,4467,9545,28.988905,,0,11,8,96,32017,12775,28796,1777283,16,227,50,1,26893,1,40,1,259001,1,156298,1,113233,1,1210907,1,10861,1,108183,1,11773,4,298809,4,83344,4,231296,4,434777,8,590245,96,47033,36,2966,1,24288,1,2695,1,0,0,0,0,0,0,0,0,104586,1,34588,1,4389,1,6172,1,21342,1,203311,1,27865,1,4098,1,5441,1,30640,1,66080,1,16333,1,233,1,9545,1,4467,1,16566,1,9545,1,48,1,1240,1,1,1,0,1,4502,1,5042,1,1,1,0,0,208096,1,292446,1,776,1,776,1,0,1,96,1,2232,1,97,1,0,1,2,1,0,1,0,1,1,1,8,1,24,1,0,1,0,1,209,1,16333,1,1,1,0,1,2393,1,44649,1,8,1,8,1,0,1,84870,1,97,1,13481,1,1419,1,116743,1,12523,1,1,1,32,1,32,1
312,1919100,4468,9545,28.988905,,0,11,8,96,32461,8717,29217,1886639,16,227,20,1,27484,1,30,1,257718,1,156819,1,134625,1,1299191,1,10751,1,113954,1,12575,4,369669,4,83144,4,235685,4,443424,8,602127,96,47764,36,3046,1,26242,1,2735,1,0,0,0,0,0,0,0,0,104035,1,34207,1,4930,1,6112,1,20641,1,202790,1,27785,1,4158,1,6433,1,30610,1,70479,1,16326,1,240,1,9545,1,4468,1,16566,1,9545,1,48,1,1240,1,1,1,0,1,4501,1,5042,1,2,1,0,0,205586,1,309804,1,776,1,776,1,0,1,96,1,2244,1,97,1,0,1,2,1,0,1,0,1,1,1,8,1,24,1,0,1,0,1,216,1,16326,1,0,1,0,1,1832,1,45606,1,8,1,8,1,0,1,88632,1,97,1,12953,1,561,1,110671,1,15658,1,1,1,32,1,32,1
313,1881100,4467,9545,28.988905,,0,11,8,96,32286,8787,28555,1848814,16,227,110,1,30871,1,20,1,263870,1,166588,1,145637,1,1231006,1,10711,1,117752,1,12254,4,309751,4,83174,4,234793,4,434927,8,594193,96,46972,36,3036,1,23877,1,2655,1,0,0,0,0,0,0,0,0,98073,1,49337,1,5290,1,7024,1,23025,1,197279,1,36282,1,4499,1,6553,1,29949,1,74497,1,16332,1,233,1,9545,1,4467,1,16565,1,9545,1,48,1,1240,1,1,1,0,1,4503,1,5042,1,0,1,0,0,210559,1,333696,1,776,1,776,1,0,1,96,1,2232,1,97,1,0,1,2,1,0,1,0,1,1,1,8,1,24,1,0,1,0,1,209,1,16332,1,0,1,0,1,2195,1,25905,1,8,1,8,1,0,1,96668,1,97,1,13580,1,363,1,116364,1,2524,1,1,1,32,1,32,1
314,1802700,4467,9545,28.988905,,0,11,8,96,31028,12805,28526,1771672,16,227,20,1,27063,1,30,1,255674,1,149865,1,113013,1,1215305,1,10701,1,112131,1,11773,4,298558,4,83374,4,233079,4,433414,8,590715,96,47253,36,2936,1,24498,1,2735,1,0,0,0,0,0,0,0,0,100248,1,32875,1,4349,1,6172,1,21492,1,199473,1,27675,1,3998,1,5431,1,30781,1,69988,1,16332,1,233,1,9545,1,4467,1,16565,1,9545,1,48,1,1240,1,1,1,0,1,4502,1,5042,1,1,1,0,0,211626,1,337920,1,776,1,776,1,0,1,96,1,2232,1,97,1,0,1,2,1,0,1,0,1,1,1,8,1,24,1,0,1,0,1,209,1,16332,1,1,1,1,1,2855,1,9537,1,8,1,8,1,0,1,83248,1,97,1,13415,1,2178,1,116644,1,2821,1,1,1,32,1,32,1
315,1799300,4467,9545,28.988905,,0,11,8,96,30484,8697,29787,1768816,16,227,10,1,27053,1,30,1,256997,1,150787,1,113273,1,1209634,1,11032,1,107843,1,11903,4,299350,4,83495,4,231095,4,436751,8,591117,96,46942,36,2956,1,24829,1,2715,1,0,0,0,0,0,0,0,0,100498,1,33356,1,4349,1,6944,1,21152,1,201096,1,27544,1,3587,1,5461,1,30630,1,66190,1,16339,1,227,1,9545,1,4467,1,16566,1,9545,1,48,1,1240,1,1,1,0,1,4501,1,5042,1,2,1,0,0,214021,1,288981,1,776,1,776,1,0,1,96,1,2256,1,97,1,0,1,2,1,0,1,0,1,1,1,8,1,24,1,0,1,0,1,203,1,16339,1,0,1,0,1,2360,1,26532,1,8,1,8,1,0,1,82161,1,97,1,13613,1,1815,1,115654,1,2277,1,1,1,32,1,32,1
316,1807900,4467,9545,28.988905,,0,11,8,96,31739,12745,29448,1776161,16,227,10,1,26713,1,90,1,259221,1,148032,1,113323,1,1218011,1,10761,1,111039,1,11913,4,299631,4,83064,4,233380,4,434887,8,592138,96,46682,36,2966,1,25641,1,2745,1,0,0,0,0,0,0,0,0,97182,1,34167,1,4359,1,7595,1,21512,1,202148,1,27695,1,3958,1,5481,1,30410,1,69246,1,16340,1,227,1,9545,1,4467,1,16567,1,9545,1,48,1,1240,1,1,1,0,1,4503,1,5042,1,0,1,0,0,210224,1,333432,1,776,1,776,1,0,1,96,1,2256,1,97,1,0,1,2,1,0,1,0,1,1,1,8,1,24,1,0,1,0,1,203,1,16340,1,1,1,0,1,2360,1,21285,1,8,1,8,1,0,1,86654,1,97,1,13613,1,5577,1,117189,1,2557,1,1,1,32,1,32,1
317,1802800,4467,9545,28.988905,,0,11,8,96,29755,11573,29156,1773045,16,227,10,1,26953,1,80,1,258439,1,148503,1,112832,1,1215456,1,10771,1,109526,1,11934,4,299240,4,83976,4,231486,4,436711,8,592299,96,46742,36,2966,1,25330,1,2715,1,0,0,0,0,0,0,0,0,98153,1,33606,1,4349,1,6924,1,21202,1,202449,1,27665,1,3727,1,5431,1,30600,1,67894,1,16338,1,227,1,9545,1,4467,1,16565,1,9545,1,48,1,1240,1,1,1,0,1,4503,1,5042,1,0,1,0,0,207812,1,296109,1,776,1,776,1,0,1,96,1,2256,1,97,1,0,1,2,1,0,1,0,1,1,1,8,1,24,1,0,1,0,1,203,1,16338,1,1,1,0,1,2657,1,3894,1,8,1,8,1,0,1,83816,1,97,1,13613,1,1881,1,117750,1,742,1,1,1,32,1,32,1
318,1803600,4467,9545,28.988905,,0,11,8,96,30786,10310,28865,1772814,16,227,10,1,26993,1,110,1,258269,1,150086,1,112662,1,1213923,1,10761,1,112472,1,12084,4,299741,4,83525,4,231607,4,434015,8,590085,96,46672,36,3026,1,24478,1,2665,1,0,0,0,0,0,0,0,0,98885,1,34408,1,4349,1,6533,1,21462,1,201938,1,27925,1,3557,1,5180,1,30660,1,71010,1,16339,1,227,1,9545,1,4467,1,16566,1,9545,1,48,1,1240,1,1,1,0,1,4502,1,5042,1,1,1,0,0,208625,1,331023,1,776,1,776,1,0,1,96,1,2256,1,97,1,0,1,2,1,0,1,0,1,1,1,8,1,24,1,0,1,0,1,203,1,16339,1,1,1,0,1,2294,1,26829,1,8,1,8,1,0,1,95269,1,97,1,13613,1,2376,1,116710,1,2128,1,1,1,32,1,32,1
319,1817800,4467,9545,28.988905,,0,11,8,96,31299,13056,29608,1786501,16,227,10,1,27264,1,30,1,257127,1,153352,1,113363,1,1224494,1,10861,1,112371,1,12124,4,301033,4,83845,4,234101,4,437693,8,595244,96,46943,36,3026,1,24518,1,2725,1,0,0,0,0,0,0,0,0,103013,1,33105,1,4539,1,6363,1,21132,1,201477,1,27855,1,4168,1,5551,1,30921,1,69828,1,16339,1,227,1,9545,1,4467,1,16566,1,9545,1,48,1,1240,1,1,1,0,1,4502,1,5042,1,1,1,0,0,218144,1,297924,1,776,1,776,1,0,1,96,1,2256,1,97,1,0,1,2,1,0,1,0,1,1,1,8,1,24,1,0,1,0,1,203,1,16339,1,1,1,1,1,2393,1,59631,1,8,1,8,1,0,1,81401,1,97,1,13646,1,1782,1,120389,1,12622,1,1,1,32,1,32,1
320,1815000,4468,9545,28.988905,,0,11,8,96,31144,8707,29585,1783856,16,227,10,1,27434,1,20,1,259101,1,150356,1,113844,1,1222389,1,10701,1,112412,1,11983,4,300492,4,83615,4,234292,4,440358,8,597772,96,47293,36,3036,1,24779,1,2715,1,0,0,0,0,0,0,0,0,99657,1,33696,1,4369,1,7154,1,21542,1,202309,1,27835,1,3797,1,5521,1,30660,1,70449,1,16336,1,231,1,9545,1,4468,1,16567,1,9545,1,48,1,1240,1,1,1,0,1,4501,1,5042,1,2,1,0,0,208243,1,326931,1,776,1,776,1,0,1,96,1,2256,1,97,1,0,1,2,1,0,1,0,1,1,1,8,1,24,1,0,1,0,1,207,1,16336,1,0,1,0,1,1931,1,660,1,8,1,8,1,0,1,89985,1,97,1,13712,1,528,1,110803,1,660,1,1,1,32,1,32,1
321,1857900,4468,9545,28.98891,,0,11,8,96,29907,11864,30840,1827993,16,227,10,1,27184,1,30,1,258409,1,149404,1,113434,1,1268590,1,10932,1,112071,1,11853,4,301124,4,83615,4,263519,4,453063,8,638499,96,47243,36,3106,1,25631,1,2745,1,0,0,0,0,0,0,0,0,98384,1,34308,1,4359,1,7455,1,21352,1,201868,1,27334,1,3958,1,5471,1,30821,1,69908,1,16337,1,231,1,9545,1,4468,1,16568,1,9545,1,48,1,1240,1,1,1,0,1,4503,1,5042,1,0,1,0,0,205130,1,371679,1,773,1,774,1,0,1,96,1,2256,1,97,1,0,1,2,1,0,1,0,1,1,1,8,1,24,1,0,1,0,1,207,1,16337,1,1,1,0,1,1733,1,5379,1,8,1,8,1,0,1,106156,1,97,1,12590,1,2046,1,112305,1,1369,1,1,1,32,1,32,1
322,1820800,4468,9545,28.988914,,0,11,8,96,31503,12154,29017,1789297,16,227,80,1,27314,1,40,1,261896,1,158893,1,114496,1,1215756,1,10821,1,111269,1,12084,4,300272,4,83384,4,231015,4,434997,8,590144,96,46852,36,2996,1,24879,1,2705,1,0,0,0,0,0,0,0,0,107362,1,34348,1,4519,1,7685,1,21542,1,204393,1,27895,1,3627,1,5501,1,30811,1,69156,1,16335,1,231,1,9545,1,4468,1,16566,1,9545,1,48,1,1240,1,1,1,0,1,4499,1,5042,1,4,1,0,0,210687,1,279246,1,776,1,776,1,0,1,96,1,2256,1,97,1,0,1,2,1,0,1,0,1,1,1,8,1,24,1,0,1,0,1,207,1,16335,1,1,1,0,1,2657,1,50193,1,8,1,8,1,0,1,75646,1,97,1,13415,1,363,1,113311,1,15658,1,1,1,32,1,32,1
323,1821000,4468,9545,28.988914,,0,11,8,96,31032,11312,29859,1789968,16,227,20,1,27284,1,30,1,259592,1,151118,1,113273,1,1227840,1,10811,1,111780,1,11974,4,302085,4,84106,4,237799,4,437392,8,598229,96,47103,36,3056,1,25580,1,2755,1,0,0,0,0,0,0,0,0,99105,1,35169,1,4409,1,7715,1,21282,1,202479,1,27845,1,3808,1,5341,1,30971,1,69707,1,16334,1,231,1,9545,1,4468,1,16565,1,9545,1,48,1,1240,1,1,1,0,1,4503,1,5042,1,0,1,0,0,208426,1,346137,1,776,1,776,1,0,1,96,1,2256,1,97,1,0,1,2,1,0,1,0,1,1,1,8,1,24,1,0,1,0,1,207,1,16334,1,1,1,0,1,1766,1,29403,1,8,1,8,1,0,1,90593,1,97,1,12557,1,363,1,108889,1,2293,1,1,1,32,1,32,1
324,1809300,4467,9545,28.988914,,0,11,8,96,30704,8617,29777,1778596,16,227,40,1,27424,1,30,1,258189,1,150637,1,112933,1,1218702,1,10641,1,109977,1,11944,4,299520,4,83595,4,238891,4,435809,8,597910,96,47013,36,2966,1,24639,1,2745,1,0,0,0,0,0,0,0,0,99646,1,34348,1,4339,1,7415,1,21663,1,201247,1,27584,1,3817,1,5541,1,30761,1,67804,1,16337,1,227,1,9545,1,4467,1,16564,1,9545,1,48,1,1240,1,1,1,0,1,4502,1,5042,1,1,1,0,0,201844,1,330462,1,776,1,776,1,0,1,96,1,2256,1,97,1,0,1,2,1,0,1,0,1,1,1,8,1,24,1,0,1,0,1,203,1,16337,1,0,1,0,1,1832,1,27093,1,8,1,8,1,0,1,94487,1,97,1,12524,1,4092,1,108708,1,1765,1,1,1,32,1,32,1
325,1805100,4467,9545,28.988914,,0,11,8,96,30322,11292,29157,1774778,16,227,20,1,27013,1,40,1,257738,1,148262,1,113023,1,1217730,1,10952,1,112742,1,11853,4,299190,4,83384,4,234011,4,435048,8,592980,96,46922,36,3046,1,24428,1,2735,1,0,0,0,0,0,0,0,0,99226,1,32234,1,4329,1,7234,1,20891,1,201647,1,27655,1,3687,1,5381,1,30650,1,71100,1,16338,1,227,1,9545,1,4467,1,16565,1,9545,1,48,1,1240,1,1,1,0,1,4503,1,5042,1,0,1,0,0,202485,1,310167,1,776,1,776,1,0,1,96,1,2256,1,97,1,0,1,2,1,0,1,0,1,1,1,8,1,24,1,0,1,0,1,203,1,16338,1,1,1,0,1,2723,1,26796,1,8,1,8,1,0,1,82280,1,97,1,12821,1,2310,1,106233,1,1864,1,1,1,32,1,32,1
326,1818300,4467,9545,28.988914,,0,11,8,96,29855,10982,29699,1788445,16,227,40,1,27224,1,20,1,257778,1,149755,1,112963,1,1229924,1,10741,1,109596,1,11693,4,299140,4,83424,4,248199,4,436570,8,608570,96,46501,36,2956,1,24598,1,2765,1,0,0,0,0,0,0,0,0,98294,1,34588,1,4349,1,7094,1,21402,1,201207,1,27805,1,3898,1,5230,1,30741,1,67754,1,16340,1,227,1,9545,1,4467,1,16567,1,9545,1,48,1,1240,1,1,1,0,1,4501,1,5042,1,2,1,0,0,201395,1,328284,1,774,1,774,1,0,1,96,1,2256,1,97,1,0,1,2,1,0,1,0,1,1,1,8,1,24,1,0,1,0,1,203,1,16340,1,1,1,0,1,2558,1,26730,1,8,1,8,1,0,1,85582,1,97,1,12359,1,2442,1,109813,1,1386,1,1,1,32,1,32,1
327,1816100,4467,9545,28.988914,,0,11,8,96,31212,12725,29096,1784888,16,227,40,1,26853,1,20,1,257618,1,157080,1,113363,1,1219133,1,10781,1,110708,1,11533,4,300162,4,83785,4,233580,4,436010,8,593853,96,46642,36,2976,1,24889,1,2765,1,0,0,0,0,0,0,0,0,105538,1,34598,1,4369,1,6944,1,21162,1,201547,1,27725,1,3907,1,5541,1,30570,1,68776,1,16341,1,227,1,9545,1,4467,1,16568,1,9545,1,48,1,1240,1,1,1,0,1,4503,1,5042,1,0,1,0,0,208375,1,294624,1,776,1,776,1,0,1,96,1,2256,1,97,1,0,1,2,1,0,1,0,1,1,1,8,1,24,1,0,1,0,1,203,1,16341,1,1,1,0,1,2426,1,49269,1,8,1,8,1,0,1,87592,1,97,1,13778,1,2046,1,115968,1,13579,1,1,1,32,1,32,1
328,1804400,4467,9545,28.988914,,0,11,8,96,30363,12795,28866,1774037,16,227,30,1,27314,1,20,1,259772,1,149685,1,113744,1,1212570,1,10901,1,110237,1,12114,4,299210,4,83354,4,231246,4,433464,8,588731,96,47113,36,3096,1,24348,1,2705,1,0,0,0,0,0,0,0,0,99446,1,33396,1,4349,1,6713,1,21643,1,203160,1,27865,1,3717,1,5421,1,30550,1,68605,1,16341,1,227,1,9545,1,4467,1,16568,1,9545,1,48,1,1240,1,1,1,0,1,4503,1,5042,1,0,1,0,0,202469,1,283107,1,776,1,776,1,0,1,96,1,2256,1,97,1,0,1,2,1,0,1,0,1,1,1,8,1,24,1,0,1,0,1,203,1,16341,1,1,1,1,1,2261,1,3465,1,8,1,8,1,0,1,82191,1,97,1,13547,1,1518,1,112535,1,495,1,1,1,32,1,32,1
329,1815300,4467,9545,28.988914,,0,11,8,96,31504,12915,28997,1783796,16,227,20,1,27204,1,30,1,257087,1,154605,1,113574,1,1220365,1,10912,1,111349,1,12214,4,301244,4,84286,4,232789,4,435989,8,593190,96,46592,36,2976,1,23887,1,2715,1,0,0,0,0,0,0,0,0,102903,1,34608,1,4389,1,6663,1,21512,1,200826,1,27815,1,3868,1,5441,1,30751,1,69337,1,16341,1,227,1,9545,1,4467,1,16568,1,9545,1,48,1,1240,1,1,1,0,1,4503,1,5042,1,0,1,0,0,201083,1,307626,1,776,1,776,1,0,1,96,1,2256,1,97,1,0,1,2,1,0,1,0,1,1,1,8,1,24,1,0,1,0,1,203,1,16341,1,1,1,1,1,2591,1,53130,1,8,1,8,1,0,1,85659,1,97,1,12854,1,1155,1,110274,1,13876,1,1,1,32,1,32,1
330,1840800,4467,9545,28.988914,,0,11,8,96,35011,13176,30969,1805789,16,227,50,1,26703,1,60,1,256025,1,155827,1,112442,1,1243721,1,10962,1,112542,1,11773,4,301254,4,83725,4,233821,4,453744,8,607510,96,49086,36,6032,1,24859,1,2796,1,0,0,0,0,0,0,0,0,104997,1,33706,1,4369,1,6523,1,21262,1,199994,1,27855,1,3677,1,5451,1,30069,1,71291,1,16341,1,227,1,9545,1,4467,1,16568,1,9545,1,48,1,1240,1,1,1,0,1,4503,1,5042,1,0,1,0,0,212449,1,296703,1,775,1,775,1,0,1,96,1,2256,1,97,1,0,1,2,1,0,1,0,1,1,1,8,1,24,1,0,1,0,1,203,1,16341,1,1,1,1,1,2723,1,47586,1,8,1,8,1,0,1,82013,1,97,1,13349,1,1782,1,117733,1,13398,1,1,1,32,1,32,1
331,1816800,4467,9545,28.988914,,0,11,8,96,30619,13045,29257,1786181,16,227,40,1,27604,1,30,1,259942,1,158542,1,113383,1,1215857,1,10781,1,110448,1,11633,4,299841,4,83775,4,235073,4,431691,8,590846,96,46661,36,3026,1,24609,1,2715,1,0,0,0,0,0,0,0,0,107572,1,33757,1,4399,1,6513,1,22334,1,202930,1,27875,1,3837,1,5491,1,30771,1,68365,1,16341,1,227,1,9545,1,4467,1,16568,1,9545,1,48,1,1240,1,1,1,0,1,4502,1,5042,1,1,1,0,0,213933,1,300795,1,776,1,776,1,0,1,96,1,2256,1,97,1,0,1,2,1,0,1,0,1,1,1,8,1,24,1,0,1,0,1,203,1,16341,1,1,1,1,1,2294,1,66990,1,8,1,8,1,0,1,79754,1,97,1,13679,1,6039,1,115704,1,14190,1,1,1,32,1,32,1
332,1808900,4467,9545,28.988914,,0,11,8,96,31737,12895,29098,1777163,16,227,20,1,26673,1,30,1,256626,1,155456,1,113814,1,1213752,1,10791,1,111630,1,11613,4,299580,4,83334,4,228741,4,436040,8,588911,96,46772,36,2966,1,24268,1,2685,1,0,0,0,0,0,0,0,0,103554,1,35099,1,4359,1,6312,1,21623,1,201056,1,27364,1,3928,1,5511,1,30450,1,69818,1,16341,1,227,1,9545,1,4467,1,16568,1,9545,1,48,1,1240,1,1,1,0,1,4503,1,5042,1,0,1,0,0,208903,1,303567,1,776,1,776,1,0,1,96,1,2256,1,97,1,0,1,2,1,0,1,0,1,1,1,8,1,24,1,0,1,0,1,203,1,16341,1,1,1,1,1,2459,1,43131,1,8,1,8,1,0,1,78188,1,97,1,13118,1,5478,1,115027,1,16038,1,1,1,32,1,32,1
333,1814400,4467,9545,28.988914,,0,11,8,96,30584,12966,28986,1783816,16,227,10,1,26673,1,30,1,256445,1,154545,1,113564,1,1221728,1,10821,1,110418,1,11783,4,301975,4,83515,4,234282,4,436631,8,595215,96,46712,36,3026,1,24438,1,2695,1,0,0,0,0,0,0,0,0,104396,1,33135,1,4389,1,6433,1,21442,1,200615,1,27695,1,3908,1,5431,1,30731,1,68415,1,16341,1,227,1,9545,1,4467,1,16568,1,9545,1,48,1,1240,1,1,1,0,1,4503,1,5042,1,0,1,0,0,207600,1,330858,1,776,1,776,1,0,1,96,1,2256,1,97,1,0,1,2,1,0,1,0,1,1,1,8,1,24,1,0,1,0,1,203,1,16341,1,1,1,1,1,1832,1,44946,1,8,1,8,1,0,1,95595,1,97,1,12854,1,3498,1,109681,1,15724,1,1,1,32,1,32,1
334,1848100,4467,9545,28.988914,,0,11,8,96,30287,12715,31962,1817813,16,227,10,1,27244,1,30,1,256896,1,150717,1,114706,1,1257348,1,10861,1,114185,1,11883,4,305121,4,85428,4,237979,4,459345,8,613430,96,51932,36,3096,1,24879,1,2715,1,0,0,0,0,0,0,0,0,99015,1,34678,1,4409,1,6322,1,20941,1,201407,1,27965,1,3928,1,5952,1,30690,1,71651,1,16340,1,227,1,9545,1,4467,1,16567,1,9545,1,48,1,1240,1,1,1,0,1,4503,1,5042,1,0,1,0,0,213017,1,333960,1,776,1,776,1,0,1,96,1,2256,1,97,1,0,1,2,1,0,1,0,1,1,1,8,1,24,1,0,1,0,1,203,1,16340,1,1,1,0,1,2360,1,2112,1,8,1,8,1,0,1,89021,1,97,1,12557,1,5808,1,115192,1,1171,1,1,1,32,1,32,1
335,1809100,4467,9545,28.988914,,0,11,8,96,30955,12845,29228,1778145,16,227,30,1,27063,1,30,1,258750,1,151348,1,113424,1,1216788,1,10711,1,110758,1,11683,4,299861,4,83535,4,233210,4,434787,8,591747,96,47022,36,2956,1,24468,1,2685,1,0,0,0,0,0,0,0,0,100288,1,34067,1,4359,1,6413,1,21232,1,202970,1,27775,1,3878,1,5351,1,30640,1,68926,1,16340,1,227,1,9545,1,4467,1,16567,1,9545,1,48,1,1240,1,1,1,0,1,4502,1,5042,1,1,1,0,0,213061,1,329703,1,776,1,776,1,0,1,96,1,2256,1,97,1,0,1,2,1,0,1,0,1,1,1,8,1,24,1,0,1,0,1,203,1,16340,1,1,1,1,1,2492,1,1056,1,8,1,8,1,0,1,89884,1,97,1,13514,1,528,1,115918,1,808,1,1,1,32,1,32,1
336,1812900,4467,9545,28.988914,,0,11,8,96,30717,12996,29426,1782183,16,227,20,1,26412,1,30,1,257017,1,154515,1,113614,1,1219774,1,10801,1,113894,1,11934,4,300552,4,83665,4,232138,4,433795,8,589644,96,46862,36,3026,1,25079,1,2695,1,0,0,0,0,0,0,0,0,104606,1,32725,1,4349,1,6292,1,21372,1,201136,1,27885,1,4158,1,5431,1,30891,1,71140,1,16340,1,227,1,9545,1,4467,1,16567,1,9545,1,48,1,1240,1,1,1,0,1,4502,1,5042,1,1,1,0,0,213009,1,299607,1,776,1,776,1,0,1,96,1,2256,1,97,1,0,1,2,1,0,1,0,1,1,1,8,1,24,1,0,1,0,1,203,1,16340,1,1,1,1,1,2888,1,46530,1,8,1,8,1,0,1,87921,1,97,1,13745,1,462,1,117832,1,15477,1,1,1,32,1,32,1
337,1821200,4467,9545,28.988914,,0,11,8,96,30731,13225,29338,1790469,16,227,10,1,27344,1,20,1,258099,1,156889,1,113955,1,1223351,1,10801,1,115297,1,12014,4,300793,4,83485,4,232288,4,435820,8,591677,96,47093,36,3066,1,24659,1,2705,1,0,0,0,0,0,0,0,0,105288,1,34608,1,4369,1,6272,1,21452,1,202008,1,27915,1,3858,1,5521,1,30781,1,72954,1,16340,1,227,1,9545,1,4467,1,16567,1,9545,1,48,1,1240,1,1,1,0,1,4503,1,5042,1,0,1,0,0,205951,1,347754,1,776,1,776,1,0,1,96,1,2256,1,97,1,0,1,2,1,0,1,0,1,1,1,8,1,24,1,0,1,0,1,203,1,16340,1,1,1,1,1,2063,1,45804,1,8,1,8,1,0,1,86554,1,97,1,12986,1,1584,1,109731,1,15460,1,1,1,32,1,32,1
338,1842900,4467,9545,28.988914,,0,11,8,96,32291,14179,29417,1810609,16,227,10,1,27624,1,60,1,257287,1,152390,1,118774,1,1243561,1,10901,1,129054,1,12284,4,300813,4,83625,4,236476,4,436741,8,596848,96,46953,36,3026,1,24659,1,2705,1,0,0,0,0,0,0,0,0,101340,1,33927,1,4379,1,6353,1,21352,1,201477,1,27815,1,4208,1,5481,1,30200,1,86971,1,16340,1,227,1,9545,1,4467,1,16567,1,9545,1,48,1,1240,1,1,1,0,1,4503,1,5042,1,0,1,0,0,217289,1,367224,1,776,1,776,1,0,1,96,1,2256,1,97,1,0,1,2,1,0,1,0,1,1,1,8,1,24,1,0,1,0,1,203,1,16340,1,1,1,1,1,2459,1,54186,1,8,1,8,1,0,1,104069,1,97,1,17012,1,3069,1,119729,1,14206,1,1,1,32,1,32,1
339,1810800,4467,9545,28.988914,,0,11,8,96,32505,12965,29478,1778295,16,227,40,1,26863,1,30,1,257437,1,155116,1,113163,1,1214654,1,10992,1,112061,1,11863,4,299300,4,83224,4,229823,4,435218,8,588841,96,46722,36,3046,1,24438,1,2715,1,0,0,0,0,0,0,0,0,105889,1,31983,1,4389,1,6212,1,22003,1,201066,1,27675,1,3808,1,6092,1,30801,1,69417,1,16340,1,227,1,9545,1,4467,1,16567,1,9545,1,48,1,1240,1,1,1,0,1,4503,1,5042,1,0,1,0,0,206426,1,298980,1,776,1,776,1,0,1,96,1,2256,1,97,1,0,1,2,1,0,1,0,1,1,1,8,1,24,1,0,1,0,1,203,1,16340,1,1,1,1,1,2063,1,51018,1,8,1,8,1,0,1,78898,1,97,1,13415,1,1254,1,114812,1,14223,1,1,1,32,1,32,1
340,1801700,4468,9545,28.988914,,0,11,8,96,29627,8597,29117,1772073,16,227,20,1,27374,1,30,1,257127,1,148984,1,113634,1,1214263,1,10641,1,111480,1,11934,4,299150,4,83244,4,232538,4,436961,8,593400,96,46983,36,3046,1,24538,1,2775,1,0,0,0,0,0,0,0,0,100378,1,31863,1,4349,1,6523,1,22434,1,200205,1,27695,1,3346,1,5621,1,30781,1,69778,1,16337,1,231,1,9545,1,4468,1,16568,1,9545,1,48,1,1240,1,1,1,0,1,4502,1,5042,1,1,1,0,0,213377,1,301455,1,776,1,776,1,0,1,96,1,2256,1,97,1,0,1,2,1,0,1,0,1,1,1,8,1,24,1,0,1,0,1,207,1,16337,1,0,1,0,1,2624,1,726,1,8,1,8,1,0,1,86287,1,97,1,13778,1,363,1,116298,1,726,1,1,1,32,1,32,1
341,1814600,4468,9545,28.988914,,0,11,8,96,30694,12714,29147,1783906,16,227,30,1,26973,1,40,1,256015,1,157961,1,113434,1,1218442,1,11012,1,110428,1,11843,4,299340,4,83074,4,233019,4,438064,8,595214,96,46722,36,3016,1,24268,1,2675,1,0,0,0,0,0,0,0,0,106290,1,34809,1,4339,1,6322,1,21031,1,200585,1,27745,1,3858,1,5491,1,30610,1,68535,1,16339,1,231,1,9545,1,4468,1,16570,1,9545,1,48,1,1240,1,1,1,0,1,4503,1,5042,1,0,1,0,0,207406,1,337194,1,776,1,776,1,0,1,96,1,2256,1,97,1,0,1,2,1,0,1,0,1,1,1,8,1,24,1,0,1,0,1,207,1,16339,1,1,1,0,1,2030,1,49863,1,8,1,8,1,0,1,90361,1,97,1,13217,1,5577,1,113460,1,13843,1,1,1,32,1,32,1
342,1812500,4468,9545,28.988914,,0,11,8,96,30217,12906,29387,1782283,16,227,40,1,27144,1,30,1,256786,1,149805,1,113564,1,1224123,1,10791,1,111520,1,11773,4,300973,4,84036,4,232999,4,439596,8,596166,96,47042,36,2976,1,24619,1,2725,1,0,0,0,0,0,0,0,0,99877,1,33296,1,4379,1,6122,1,21182,1,201237,1,27965,1,3948,1,5531,1,30821,1,69277,1,16339,1,231,1,9545,1,4468,1,16570,1,9545,1,48,1,1240,1,1,1,0,1,4503,1,5042,1,0,1,0,0,214861,1,334092,1,776,1,776,1,0,1,96,1,2256,1,97,1,0,1,2,1,0,1,0,1,1,1,8,1,24,1,0,1,0,1,207,1,16339,1,1,1,1,1,2195,1,9009,1,8,1,8,1,0,1,90664,1,97,1,14009,1,3762,1,116446,1,3382,1,1,1,32,1,32,1
343,1806600,4468,9545,28.988914,,0,11,8,96,30900,12915,29227,1775700,16,227,30,1,27254,1,30,1,257117,1,154565,1,112672,1,1213322,1,10711,1,108624,1,11813,4,299901,4,83074,4,230574,4,436541,8,590996,96,46892,36,2966,1,24248,1,2665,1,0,0,0,0,0,0,0,0,103744,1,33867,1,4369,1,6252,1,20801,1,201778,1,27895,1,4298,1,5421,1,30590,1,66391,1,16339,1,231,1,9545,1,4468,1,16570,1,9545,1,48,1,1240,1,1,1,0,1,4502,1,5042,1,1,1,0,0,215838,1,289377,1,776,1,776,1,0,1,96,1,2256,1,97,1,0,1,2,1,0,1,0,1,1,1,8,1,24,1,0,1,0,1,207,1,16339,1,1,1,1,1,1700,1,44946,1,8,1,8,1,0,1,75593,1,97,1,13679,1,1287,1,117354,1,14371,1,1,1,32,1,32,1
344,1798600,4468,9545,28.988914,,0,11,8,96,30285,12885,28877,1768315,16,227,20,1,26953,1,10,1,255894,1,149505,1,112993,1,1212159,1,10781,1,108764,1,12004,4,299430,4,83084,4,231436,4,434497,8,590364,96,46692,36,2976,1,24348,1,2735,1,0,0,0,0,0,0,0,0,98674,1,34047,1,4339,1,6272,1,21202,1,200275,1,27815,1,4198,1,5411,1,30680,1,66491,1,16339,1,231,1,9545,1,4468,1,16570,1,9545,1,48,1,1240,1,1,1,0,1,4502,1,5042,1,1,1,0,0,210026,1,294987,1,776,1,776,1,0,1,96,1,2256,1,97,1,0,1,2,1,0,1,0,1,1,1,8,1,24,1,0,1,0,1,207,1,16339,1,1,1,1,1,2492,1,20988,1,8,1,8,1,0,1,83138,1,97,1,13580,1,2376,1,117816,1,2359,1,1,1,32,1,32,1
345,1812200,4468,9545,28.988914,,0,11,8,96,31099,12735,31672,1781101,16,227,40,1,27073,1,30,1,256616,1,153072,1,113985,1,1219584,1,10701,1,110728,1,11613,4,300933,4,83915,4,231967,4,437582,8,590645,96,47233,36,3036,1,24378,1,2695,1,0,0,0,0,0,0,0,0,100959,1,35340,1,4369,1,6172,1,21332,1,200966,1,27865,1,3888,1,5501,1,30891,1,68515,1,16339,1,231,1,9545,1,4468,1,16570,1,9545,1,48,1,1240,1,1,1,0,1,4503,1,5042,1,0,1,0,0,205590,1,278586,1,776,1,776,1,0,1,96,1,2256,1,97,1,0,1,2,1,0,1,0,1,1,1,8,1,24,1,0,1,0,1,207,1,16339,1,1,1,1,1,1964,1,26994,1,8,1,8,1,0,1,78272,1,97,1,13547,1,4587,1,110209,1,2359,1,1,1,32,1,32,1
346,1833500,4468,9545,28.988914,,0,11,8,96,31899,13026,30219,1801601,16,227,40,1,26933,1,20,1,255223,1,156308,1,113043,1,1239193,1,10841,1,111610,1,12084,4,299049,4,83004,4,232268,4,457672,8,612939,96,46782,36,3006,1,24769,1,2705,1,0,0,0,0,0,0,0,0,103995,1,35219,1,4359,1,6082,1,21232,1,199864,1,27765,1,3908,1,5491,1,30460,1,69858,1,16339,1,231,1,9545,1,4468,1,16570,1,9545,1,48,1,1240,1,1,1,0,1,4503,1,5042,1,0,1,0,0,211348,1,397155,1,776,1,776,1,0,1,96,1,2256,1,97,1,0,1,2,1,0,1,0,1,1,1,8,1,24,1,0,1,0,1,207,1,16339,1,1,1,1,1,1832,1,44583,1,8,1,8,1,0,1,96686,1,97,1,12590,1,2277,1,113905,1,15229,1,1,1,32,1,32,1
347,1800300,4468,9545,28.988914,,0,11,8,96,29560,12665,29357,1770740,16,227,70,1,26562,1,20,1,255684,1,150096,1,113394,1,1214173,1,10741,1,111209,1,11723,4,299611,4,83294,4,230955,4,434396,8,589513,96,46482,36,2986,1,24629,1,2705,1,0,0,0,0,0,0,0,0,99557,1,33927,1,4339,1,6102,1,21402,1,200124,1,27735,1,4429,1,5371,1,30550,1,68936,1,16339,1,231,1,9545,1,4468,1,16570,1,9545,1,48,1,1240,1,1,1,0,1,4503,1,5042,1,0,1,0,0,216448,1,303369,1,776,1,776,1,0,1,96,1,2256,1,97,1,0,1,2,1,0,1,0,1,1,1,8,1,24,1,0,1,0,1,207,1,16339,1,1,1,1,1,2591,1,8844,1,8,1,8,1,0,1,87693,1,97,1,13481,1,396,1,115555,1,1171,1,1,1,32,1,32,1
348,1805700,4468,9545,28.988914,,0,11,8,96,31423,11903,29547,1774277,16,227,10,1,27013,1,110,1,256335,1,155927,1,113243,1,1210867,1,10771,1,108634,1,11683,4,298989,4,83074,4,233220,4,433314,8,590585,96,46401,36,2986,1,24388,1,2675,1,0,0,0,0,0,0,0,0,104346,1,34638,1,4359,1,6052,1,21212,1,200936,1,27895,1,3757,1,5361,1,30400,1,67163,1,16340,1,231,1,9545,1,4468,1,16571,1,9545,1,48,1,1240,1,1,1,0,1,4502,1,5042,1,1,1,0,0,214678,1,287067,1,776,1,776,1,0,1,96,1,2256,1,97,1,0,1,2,1,0,1,0,1,1,1,8,1,24,1,0,1,0,1,207,1,16340,1,1,1,0,1,2195,1,44715,1,8,1,8,1,0,1,80200,1,97,1,13712,1,2178,1,117700,1,13827,1,1,1,32,1,32,1
349,1799300,4468,9545,28.988914,,0,11,8,96,29241,12755,29928,1770059,16,227,10,1,27133,1,40,1,255053,1,150106,1,112652,1,1214354,1,10711,1,109997,1,11623,4,299801,4,83074,4,231536,4,436621,8,591307,96,46922,36,3006,1,23276,1,2665,1,0,0,0,0,0,0,0,0,99125,1,34167,1,4339,1,6002,1,21172,1,200014,1,27604,1,3858,1,5471,1,30510,1,68335,1,16340,1,231,1,9545,1,4468,1,16571,1,9545,1,48,1,1240,1,1,1,0,1,4503,1,5042,1,0,1,0,0,212437,1,291093,1,776,1,776,1,0,1,96,1,2256,1,97,1,0,1,2,1,0,1,0,1,1,1,8,1,24,1,0,1,0,1,207,1,16340,1,1,1,1,1,2393,1,3597,1,8,1,8,1,0,1,82990,1,97,1,13514,1,396,1,115984,1,973,1,1,1,32,1,32,1
350,1802300,4468,9545,28.988914,,0,11,8,96,30528,12614,29028,1771772,16,227,10,1,27103,1,80,1,255464,1,152531,1,112552,1,1213322,1,10711,1,113514,1,12024,4,299550,4,83014,4,232107,4,430559,8,586736,96,46902,36,2956,1,24268,1,2715,1,0,0,0,0,0,0,0,0,100779,1,34969,1,4339,1,6002,1,20911,1,200325,1,27735,1,3898,1,5471,1,30590,1,71491,1,16340,1,231,1,9545,1,4468,1,16571,1,9545,1,48,1,1240,1,1,1,0,1,4502,1,5042,1,1,1,0,0,211015,1,327558,1,776,1,776,1,0,1,96,1,2256,1,97,1,0,1,2,1,0,1,0,1,1,1,8,1,24,1,0,1,0,1,207,1,16340,1,1,1,1,1,2624,1,30657,1,8,1,8,1,0,1,97408,1,97,1,13679,1,5445,1,116396,1,2392,1,1,1,32,1,32,1
351,1806900,4468,9545,28.988914,,0,11,8,96,30519,12935,29527,1776381,16,227,30,1,26893,1,40,1,255484,1,152511,1,112742,1,1217901,1,10781,1,106450,1,12134,4,301073,4,83765,4,231526,4,439767,8,594584,96,47183,36,2996,1,24558,1,2695,1,0,0,0,0,0,0,0,0,100027,1,35831,1,4389,1,6002,1,20951,1,200535,1,27745,1,4088,1,5471,1,30640,1,64297,1,16340,1,231,1,9545,1,4468,1,16571,1,9545,1,48,1,1240,1,1,1,0,1,4502,1,5042,1,1,1,0,0,208062,1,305151,1,776,1,776,1,0,1,96,1,2256,1,97,1,0,1,2,1,0,1,0,1,1,1,8,1,24,1,0,1,0,1,207,1,16340,1,1,1,1,1,1766,1,29370,1,8,1,8,1,0,1,87393,1,97,1,13679,1,5874,1,115572,1,2260,1,1,1,32,1,32,1
352,1803000,4468,9545,28.988914,,0,11,8,96,30346,12725,29147,1772654,16,227,10,1,27404,1,30,1,253981,1,148102,1,113814,1,1218642,1,10671,1,109867,1,11302,4,299460,4,83054,4,234913,4,436110,8,595043,96,46832,36,2976,1,25560,1,2675,1,0,0,0,0,0,0,0,0,100508,1,30911,1,4339,1,6002,1,21082,1,198942,1,27705,1,3777,1,5481,1,30490,1,68184,1,16340,1,231,1,9545,1,4468,1,16571,1,9545,1,48,1,1240,1,1,1,0,1,4502,1,5042,1,1,1,0,0,212386,1,331485,1,776,1,776,1,0,1,96,1,2256,1,97,1,0,1,2,1,0,1,0,1,1,1,8,1,24,1,0,1,0,1,207,1,16340,1,1,1,1,1,2393,1,29898,1,8,1,8,1,0,1,99949,1,97,1,13679,1,6633,1,116925,1,2656,1,1,1,32,1,32,1
353,1814000,4468,9545,28.988914,,0,11,8,96,30094,12825,28797,1783906,16,227,10,1,27474,1,30,1,255313,1,156058,1,113163,1,1221117,1,10741,1,114285,1,11883,4,299560,4,83555,4,235204,4,432483,8,591717,96,47173,36,2996,1,25631,1,2695,1,0,0,0,0,0,0,0,0,104446,1,34508,1,4339,1,5972,1,21302,1,199994,1,27795,1,3948,1,5461,1,30540,1,72122,1,16340,1,231,1,9545,1,4468,1,16571,1,9545,1,48,1,1240,1,1,1,0,1,4503,1,5042,1,0,1,0,0,212350,1,342210,1,776,1,776,1,0,1,96,1,2256,1,97,1,0,1,2,1,0,1,0,1,1,1,8,1,24,1,0,1,0,1,207,1,16340,1,1,1,1,1,2195,1,47421,1,8,1,8,1,0,1,96326,1,97,1,13745,1,5412,1,116017,1,14916,1,1,1,32,1,32,1
354,1794900,4467,9545,28.988914,,0,11,8,96,30613,8637,28557,1764287,16,227,10,1,27344,1,40,1,256716,1,147681,1,112993,1,1208773,1,10731,1,111029,1,11803,4,298689,4,83094,4,230935,4,434536,8,588260,96,48655,36,2946,1,24378,1,2725,1,0,0,0,0,0,0,0,0,97432,1,33556,1,4339,1,5992,1,21232,1,201267,1,27835,1,3577,1,5481,1,30751,1,69277,1,16343,1,227,1,9545,1,4467,1,16570,1,9545,1,48,1,1240,1,1,1,0,1,4503,1,5042,1,0,1,0,0,200158,1,286572,1,776,1,776,1,0,1,96,1,2256,1,97,1,0,1,2,1,0,1,0,1,1,1,8,1,24,1,0,1,0,1,203,1,16343,1,0,1,0,1,2030,1,24948,1,8,1,8,1,0,1,79837,1,97,1,12557,1,1386,1,108477,1,2524,1,1,1,32,1,32,1
355,1822800,4467,9545,28.988914,,0,11,8,96,30147,12845,29047,1792653,16,227,30,1,26953,1,40,1,262708,1,151038,1,112973,1,1228061,1,10851,1,110949,1,12154,4,301394,4,83745,4,232699,4,442122,8,598731,96,47043,36,2946,1,26432,1,2775,1,0,0,0,0,0,0,0,0,99927,1,34268,1,4359,1,6132,1,26412,1,202128,1,27594,1,3737,1,5521,1,30250,1,69477,1,16343,1,227,1,9545,1,4467,1,16570,1,9545,1,48,1,1240,1,1,1,0,1,4503,1,5042,1,0,1,0,0,215538,1,290004,1,776,1,776,1,0,1,96,1,2256,1,97,1,0,1,2,1,0,1,0,1,1,1,8,1,24,1,0,1,0,1,203,1,16343,1,1,1,1,1,1799,1,9009,1,8,1,8,1,0,1,87970,1,97,1,13943,1,462,1,117007,1,2821,1,1,1,32,1,32,1
356,1808200,4467,9545,28.988914,,0,11,8,96,31197,10651,29758,1777003,16,227,30,1,27815,1,40,1,258389,1,147932,1,113093,1,1218802,1,10901,1,109847,1,12234,4,301124,4,83555,4,234121,4,436981,8,594503,96,46842,36,3056,1,24528,1,2705,1,0,0,0,0,0,0,0,0,97282,1,33797,1,4359,1,6012,1,21853,1,202229,1,27845,1,3797,1,5230,1,30921,1,67994,1,16344,1,227,1,9545,1,4467,1,16571,1,9545,1,48,1,1240,1,1,1,0,1,4501,1,5042,1,2,1,0,0,210507,1,300003,1,776,1,776,1,0,1,96,1,2256,1,97,1,0,1,2,1,0,1,0,1,1,1,8,1,24,1,0,1,0,1,203,1,16344,1,1,1,0,1,1964,1,13794,1,8,1,8,1,0,1,84936,1,97,1,13910,1,6138,1,116793,1,445,1,1,1,32,1,32,1
357,1897600,4467,9545,28.988914,,0,11,8,96,30851,14138,31501,1866749,16,227,140,1,31071,1,70,1,281134,1,152791,1,135307,1,1256106,1,10130,1,113434,1,12264,4,335972,4,79507,4,234532,4,435138,8,592268,96,45900,36,3036,1,25360,1,2725,1,0,0,0,0,0,0,0,0,99536,1,34779,1,4960,1,6503,1,23346,1,218180,1,32524,1,4319,1,6152,1,30801,1,69838,1,16344,1,227,1,9545,1,4467,1,16571,1,9545,1,48,1,1240,1,1,1,0,1,4503,1,5042,1,0,1,0,0,201605,1,272184,1,776,1,776,1,0,1,96,1,2256,1,97,1,0,1,2,1,0,1,0,1,1,1,8,1,24,1,0,1,0,1,203,1,16344,1,1,1,1,1,5445,1,1287,1,8,1,8,1,0,1,85760,1,97,1,12936,1,6138,1,110534,1,1287,1,1,1,32,1,32,1
358,1884600,4467,9545,28.988914,,0,11,8,96,32164,13076,29246,1852436,16,227,130,1,30630,1,40,1,284371,1,156844,1,127762,1,1241788,1,10871,1,112802,1,12204,4,322526,4,83745,4,232168,4,435278,8,591337,96,46862,36,3116,1,24178,1,2695,1,0,0,0,0,0,0,0,0,104791,1,34588,1,4619,1,6513,1,22845,1,222769,1,31662,1,4218,1,5912,1,30540,1,69988,1,16344,1,227,1,9545,1,4467,1,16571,1,9545,1,48,1,1240,1,1,1,0,1,4503,1,5042,1,0,1,0,0,213738,1,313863,1,776,1,776,1,0,1,96,1,2256,1,97,1,0,1,2,1,0,1,0,1,1,1,8,1,24,1,0,1,0,1,203,1,16344,1,1,1,1,1,2821,1,59845,1,8,1,8,1,0,1,81785,1,97,1,13365,1,627,1,115852,1,14256,1,1,1,32,1,32,1
359,1808300,4467,9545,28.988914,,0,11,8,96,30526,12995,31481,1777774,16,227,120,1,27073,1,40,1,262407,1,148653,1,111881,1,1216869,1,10731,1,109546,1,11743,4,300452,4,83044,4,233260,4,434657,8,589643,96,46792,36,3016,1,25410,1,2745,1,0,0,0,0,0,0,0,0,98484,1,33556,1,4339,1,6012,1,21593,1,206697,1,27765,1,3848,1,5471,1,30600,1,67674,1,16344,1,227,1,9545,1,4467,1,16571,1,9545,1,48,1,1240,1,1,1,0,1,4503,1,5042,1,0,1,0,0,211655,1,289971,1,776,1,776,1,0,1,96,1,2256,1,97,1,0,1,2,1,0,1,0,1,1,1,8,1,24,1,0,1,0,1,203,1,16344,1,1,1,1,1,2327,1,660,1,8,1,8,1,0,1,81388,1,97,1,13250,1,4125,1,115423,1,660,1,1,1,32,1,32,1
360,1924000,4467,9545,28.988914,,0,11,8,96,31259,14118,31511,1892741,16,227,120,1,30480,1,60,1,282106,1,152521,1,142080,1,1274662,1,10711,1,112351,1,12204,4,351663,4,79737,4,235304,4,437893,8,593802,96,47883,36,3146,1,25490,1,2755,1,0,0,0,0,0,0,0,0,98795,1,35049,1,4940,1,6453,1,22775,1,218170,1,34147,1,4248,1,6212,1,30460,1,68996,1,16344,1,227,1,9545,1,4467,1,16571,1,9545,1,48,1,1240,1,1,1,0,1,4503,1,5042,1,0,1,0,0,203250,1,288189,1,776,1,776,1,0,1,96,1,2256,1,97,1,0,1,2,1,0,1,0,1,1,1,8,1,24,1,0,1,0,1,203,1,16344,1,1,1,1,1,4075,1,9669,1,8,1,8,1,0,1,82287,1,97,1,13117,1,957,1,111716,1,1337,1,1,1,32,1,32,1
361,1896800,4467,9545,28.988914,,0,11,8,96,29429,13246,29096,1867371,16,227,90,1,30410,1,40,1,269070,1,151849,1,135487,1,1269703,1,10721,1,113113,1,12204,4,352074,4,82994,4,229382,4,436560,8,590295,96,46552,36,2996,1,24468,1,2665,1,0,0,0,0,0,0,0,0,99326,1,34658,1,4940,1,6262,1,22705,1,206707,1,33175,1,4359,1,6142,1,30570,1,69808,1,16344,1,227,1,9545,1,4467,1,16571,1,9545,1,48,1,1240,1,1,1,0,1,4503,1,5042,1,0,1,0,0,212963,1,296934,1,776,1,776,1,0,1,96,1,2256,1,97,1,0,1,2,1,0,1,0,1,1,1,8,1,24,1,0,1,0,1,203,1,16344,1,1,1,1,1,2657,1,3234,1,8,1,8,1,0,1,78056,1,97,1,13662,1,5775,1,115687,1,1204,1,1,1,32,1,32,1
362,1808800,4467,9545,28.988914,,0,11,8,96,31427,12855,29387,1777373,16,227,70,1,27234,1,50,1,258920,1,152120,1,112672,1,1215576,1,10731,1,111349,1,12084,4,299631,4,83214,4,230915,4,435399,8,590365,96,46562,36,3006,1,24388,1,2735,1,0,0,0,0,0,0,0,0,100819,1,34528,1,4339,1,6022,1,20931,1,204102,1,27614,1,4028,1,5511,1,30801,1,69066,1,16344,1,227,1,9545,1,4467,1,16571,1,9545,1,48,1,1240,1,1,1,0,1,4503,1,5042,1,0,1,0,0,205124,1,303831,1,776,1,776,1,0,1,96,1,2256,1,97,1,0,1,2,1,0,1,0,1,1,1,8,1,24,1,0,1,0,1,203,1,16344,1,1,1,1,1,2327,1,6369,1,8,1,8,1,0,1,78813,1,97,1,12986,1,396,1,109467,1,2656,1,1,1,32,1,32,1
363,1870600,4467,9545,28.988914,,0,11,8,96,32717,11693,29688,1837883,16,227,30,1,27184,1,20,1,258900,1,183011,1,116209,1,1241537,1,10992,1,129816,1,12044,4,299310,4,83124,4,238189,4,435859,8,597288,96,47073,36,3036,1,25711,1,2755,1,0,0,0,0,0,0,0,0,131649,1,34288,1,4369,1,5982,1,20991,1,203972,1,27695,1,5541,1,5381,1,33706,1,82493,1,16343,1,227,1,9545,1,4467,1,16570,1,9545,1,48,1,1240,1,1,1,0,1,4503,1,5042,1,0,1,0,0,211399,1,360822,1,776,1,776,1,0,1,96,1,2256,1,97,1,0,1,2,1,0,1,0,1,1,1,8,1,24,1,0,1,0,1,203,1,16343,1,1,1,0,1,2855,1,78903,1,8,1,8,1,0,1,102014,1,97,1,14570,1,4224,1,115671,1,17770,1,1,1,32,1,32,1
364,1813400,4467,9545,28.988914,,0,11,8,96,30486,12905,28967,1782914,16,227,10,1,27294,1,20,1,258199,1,156819,1,113023,1,1216718,1,10831,1,111119,1,11643,4,298889,4,83124,4,232889,4,434687,8,591777,96,46832,36,3076,1,25701,1,2685,1,0,0,0,0,0,0,0,0,105267,1,34588,1,4369,1,6322,1,21262,1,202419,1,27785,1,4128,1,5461,1,30530,1,68986,1,16343,1,227,1,9545,1,4467,1,16570,1,9545,1,48,1,1240,1,1,1,0,1,4503,1,5042,1,0,1,0,0,211986,1,316833,1,776,1,776,1,0,1,96,1,2256,1,97,1,0,1,2,1,0,1,0,1,1,1,8,1,24,1,0,1,0,1,203,1,16343,1,1,1,1,1,2657,1,48114,1,8,1,8,1,0,1,83533,1,97,1,13316,1,330,1,115011,1,14074,1,1,1,32,1,32,1
365,1800800,4467,9545,28.988914,,0,11,8,96,30972,12856,28815,1769828,16,227,10,1,27204,1,40,1,257077,1,145958,1,113213,1,1215596,1,10731,1,110488,1,11623,4,299210,4,83324,4,231576,4,436550,8,592510,96,46802,36,3026,1,24248,1,2695,1,0,0,0,0,0,0,0,0,99717,1,29478,1,4379,1,6022,1,21552,1,201537,1,27705,1,3818,1,5441,1,30660,1,68595,1,16343,1,227,1,9545,1,4467,1,16570,1,9545,1,48,1,1240,1,1,1,0,1,4503,1,5042,1,0,1,0,0,215863,1,282315,1,776,1,776,1,0,1,96,1,2256,1,97,1,0,1,2,1,0,1,0,1,1,1,8,1,24,1,0,1,0,1,203,1,16343,1,1,1,1,1,2261,1,627,1,8,1,8,1,0,1,77132,1,97,1,13481,1,429,1,114433,1,627,1,1,1,32,1,32,1
366,1801600,4467,9545,28.988914,,0,11,8,96,29567,12725,29646,1772033,16,227,10,1,27514,1,40,1,256596,1,155687,1,113033,1,1208131,1,11022,1,108835,1,11653,4,299029,4,82743,4,229593,4,433555,8,586939,96,46562,36,2936,1,24378,1,2685,1,0,0,0,0,0,0,0,0,105358,1,33526,1,4359,1,5982,1,21292,1,201367,1,27715,1,3888,1,5451,1,30570,1,66992,1,16343,1,227,1,9545,1,4467,1,16570,1,9545,1,48,1,1240,1,1,1,0,1,4503,1,5042,1,0,1,0,0,207005,1,294030,1,776,1,776,1,0,1,96,1,2256,1,97,1,0,1,2,1,0,1,0,1,1,1,8,1,24,1,0,1,0,1,203,1,16343,1,1,1,1,1,2063,1,44682,1,8,1,8,1,0,1,84955,1,97,1,13415,1,4059,1,109401,1,16384,1,1,1,32,1,32,1
367,1855700,4468,9545,28.988914,,0,11,8,96,30873,8867,31310,1824827,16,227,10,1,27294,1,20,1,257928,1,152861,1,113624,1,1262238,1,10851,1,108995,1,11863,4,301284,4,85438,4,256736,4,455598,8,630945,96,50079,36,5972,1,24699,1,2785,1,0,0,0,0,0,0,0,0,101951,1,34197,1,4369,1,5962,1,21132,1,202810,1,27765,1,3697,1,5611,1,30881,1,66842,1,16340,1,231,1,9545,1,4468,1,16571,1,9545,1,48,1,1240,1,1,1,0,1,4503,1,5042,1,0,1,0,0,213602,1,287166,1,773,1,773,1,0,1,96,1,2256,1,97,1,0,1,2,1,0,1,0,1,1,1,8,1,24,1,0,1,0,1,207,1,16340,1,0,1,0,1,2261,1,9108,1,8,1,8,1,0,1,84050,1,97,1,12656,1,1485,1,106100,1,1501,1,1,1,32,1,32,1
368,1809300,4469,9545,28.988914,,0,11,8,96,30374,8727,29717,1778926,16,227,100,1,28045,1,40,1,257768,1,154024,1,114466,1,1213492,1,10992,1,112452,1,11863,4,299761,4,83034,4,232037,4,434917,8,590235,96,47003,36,2976,1,25059,1,2665,1,0,0,0,0,0,0,0,0,103925,1,33195,1,4379,1,6082,1,21222,1,202349,1,27825,1,3497,1,5551,1,30410,1,71010,1,16337,1,235,1,9545,1,4469,1,16572,1,9545,1,48,1,1240,1,1,1,0,1,4503,1,5042,1,0,1,0,0,205389,1,321915,1,776,1,776,1,0,1,96,1,2244,1,97,1,0,1,2,1,0,1,0,1,1,1,8,1,24,1,0,1,0,1,211,1,16337,1,0,1,0,1,1700,1,45540,1,8,1,8,1,0,1,81832,1,97,1,11699,1,396,1,108361,1,13150,1,1,1,32,1,32,1
369,1934500,4469,9545,28.988914,,0,11,8,96,31935,13827,30699,1902565,16,227,30,1,30450,1,50,1,280934,1,155772,1,143783,1,1280835,1,10711,1,114456,1,12384,4,355160,4,79577,4,234031,4,438955,8,594223,96,48064,36,3086,1,26632,1,2725,1,0,0,0,0,0,0,0,0,101946,1,34668,1,5290,1,6523,1,22504,1,217098,1,34278,1,4639,1,6463,1,30721,1,70349,1,16337,1,235,1,9545,1,4469,1,16572,1,9545,1,48,1,1240,1,1,1,0,1,4502,1,5042,1,1,1,0,0,205413,1,328251,1,776,1,776,1,0,1,96,1,2244,1,97,1,0,1,2,1,0,1,0,1,1,1,8,1,24,1,0,1,0,1,211,1,16337,1,1,1,1,1,2260,1,54301,1,8,1,8,1,0,1,89933,1,97,1,13266,1,5346,1,112134,1,13282,1,1,1,32,1,32,1
370,1876900,4469,9545,28.988914,,0,11,8,96,31838,12945,28936,1845062,16,227,30,1,30660,1,30,1,278258,1,155692,1,127261,1,1242359,1,10771,1,112231,1,11984,4,322536,4,83364,4,232358,4,436270,8,592780,96,46912,36,3377,1,24619,1,2675,1,0,0,0,0,0,0,0,0,104922,1,33376,1,4629,1,6122,1,22875,1,216537,1,32304,1,4118,1,5842,1,30200,1,69918,1,16337,1,235,1,9545,1,4469,1,16572,1,9545,1,48,1,1240,1,1,1,0,1,4503,1,5042,1,0,1,0,0,199107,1,336369,1,776,1,776,1,0,1,96,1,2244,1,97,1,0,1,2,1,0,1,0,1,1,1,8,1,24,1,0,1,0,1,211,1,16337,1,1,1,1,1,2491,1,43939,1,8,1,8,1,0,1,93070,1,97,1,13382,1,1122,1,106959,1,13794,1,1,1,32,1,32,1
371,1825000,4469,9545,28.988914,,0,11,8,96,29832,12795,29247,1795168,16,227,120,1,26953,1,20,1,264201,1,157781,1,113303,1,1222049,1,10741,1,115538,1,12194,4,299931,4,82723,4,231396,4,436300,8,591617,96,46832,36,2986,1,25490,1,2695,1,0,0,0,0,0,0,0,0,106420,1,34408,1,4339,1,6132,1,20971,1,209473,1,27374,1,3917,1,5581,1,30620,1,73214,1,16338,1,235,1,9545,1,4469,1,16573,1,9545,1,48,1,1240,1,1,1,0,1,4502,1,5042,1,1,1,0,0,215737,1,325050,1,776,1,776,1,0,1,96,1,2244,1,97,1,0,1,2,1,0,1,0,1,1,1,8,1,24,1,0,1,0,1,211,1,16338,1,1,1,0,1,1997,1,50688,1,8,1,8,1,0,1,86204,1,97,1,14933,1,2871,1,117288,1,15163,1,1,1,32,1,32,1
372,1943300,4469,9545,28.988914,,0,11,8,96,32694,13958,35379,1910606,16,227,150,1,31171,1,50,1,284020,1,161518,1,137251,1,1285434,1,11012,1,116750,1,12404,4,350210,4,78805,4,239652,4,441701,8,592689,96,53285,36,3036,1,26162,1,2755,1,0,0,0,0,0,0,0,0,108414,1,34548,1,4970,1,6543,1,23166,1,220775,1,32344,1,4409,1,6182,1,30350,1,73304,1,16337,1,235,1,9545,1,4469,1,16572,1,9545,1,48,1,1240,1,1,1,0,1,4503,1,5042,1,0,1,0,0,208128,1,335511,1,776,1,776,1,0,1,96,1,2244,1,97,1,0,1,2,1,0,1,0,1,1,1,8,1,24,1,0,1,0,1,211,1,16337,1,1,1,0,1,14454,1,57321,1,8,1,8,1,0,1,88354,1,97,1,13200,1,4983,1,110093,1,15130,1,1,1,32,1,32,1
373,1884500,4469,9545,28.988914,,0,11,8,96,30686,11002,29146,1853814,16,227,100,1,30721,1,50,1,270663,1,158452,1,128433,1,1254443,1,10952,1,112401,1,12184,4,333066,4,83575,4,235194,4,436611,8,595425,96,47233,36,2956,1,24779,1,2675,1,0,0,0,0,0,0,0,0,105949,1,35069,1,4619,1,6403,1,22554,1,207760,1,33536,1,4268,1,5761,1,30440,1,69758,1,16336,1,235,1,9545,1,4469,1,16571,1,9545,1,48,1,1240,1,1,1,0,1,4503,1,5042,1,0,1,0,0,209825,1,357522,1,776,1,776,1,0,1,96,1,2244,1,97,1,0,1,2,1,0,1,0,1,1,1,8,1,24,1,0,1,0,1,211,1,16336,1,1,1,0,1,2756,1,53031,1,8,1,8,1,0,1,97869,1,97,1,13250,1,5643,1,115159,1,13365,1,1,1,32,1,32,1
374,1812400,4469,9545,28.988914,,0,11,8,96,30027,12585,28695,1782373,16,227,60,1,27244,1,40,1,259431,1,154865,1,114496,1,1215486,1,10751,1,111079,1,11613,4,298699,4,83204,4,231927,4,436150,8,592319,96,47063,36,2956,1,24598,1,2675,1,0,0,0,0,0,0,0,0,104145,1,33817,1,4369,1,6062,1,21072,1,204283,1,27725,1,4098,1,5431,1,30510,1,69146,1,16335,1,235,1,9545,1,4469,1,16570,1,9545,1,48,1,1240,1,1,1,0,1,4503,1,5042,1,0,1,0,0,207751,1,324093,1,776,1,776,1,0,1,96,1,2244,1,97,1,0,1,2,1,0,1,0,1,1,1,8,1,24,1,0,1,0,1,211,1,16335,1,1,1,0,1,2261,1,44517,1,8,1,8,1,0,1,79426,1,97,1,13481,1,5610,1,113987,1,17952,1,1,1,32,1,32,1
375,1802400,4469,9545,28.988914,,0,11,8,96,29666,12745,28946,1772734,16,227,60,1,27013,1,30,1,258099,1,148142,1,113704,1,1214895,1,10791,1,110167,1,11673,4,299059,4,83835,4,232158,4,435047,8,591567,96,46692,36,3006,1,24498,1,2705,1,0,0,0,0,0,0,0,0,97011,1,34378,1,4369,1,6032,1,21352,1,202569,1,27835,1,3657,1,5471,1,30480,1,68615,1,16335,1,235,1,9545,1,4469,1,16570,1,9545,1,48,1,1240,1,1,1,0,1,4503,1,5042,1,0,1,0,0,208447,1,324885,1,776,1,776,1,0,1,96,1,2244,1,97,1,0,1,2,1,0,1,0,1,1,1,8,1,24,1,0,1,0,1,211,1,16335,1,1,1,1,1,1865,1,3729,1,8,1,8,1,0,1,89784,1,97,1,12689,1,891,1,113575,1,643,1,1,1,32,1,32,1
376,1812700,4469,9545,28.988914,,0,11,8,96,29776,12755,29296,1782924,16,227,50,1,27334,1,30,1,258139,1,150416,1,112672,1,1223562,1,10721,1,108303,1,11853,4,301124,4,83935,4,235334,4,440248,8,598952,96,47333,36,2956,1,24368,1,2685,1,0,0,0,0,0,0,0,0,101019,1,32534,1,4339,1,5932,1,21593,1,202529,1,27805,1,3908,1,5501,1,30590,1,66401,1,16335,1,235,1,9545,1,4469,1,16570,1,9545,1,48,1,1240,1,1,1,0,1,4503,1,5042,1,0,1,0,0,208490,1,316899,1,776,1,776,1,0,1,96,1,2244,1,97,1,0,1,2,1,0,1,0,1,1,1,8,1,24,1,0,1,0,1,211,1,16335,1,1,1,1,1,1931,1,660,1,8,1,8,1,0,1,88118,1,97,1,13712,1,396,1,114598,1,660,1,1,1,32,1,32,1
377,1805100,4469,9545,28.988914,,0,11,8,96,31685,12745,28946,1773415,16,227,20,1,27234,1,20,1,257057,1,148392,1,113343,1,1216608,1,10741,1,110157,1,11843,4,299621,4,83174,4,232458,4,436320,8,592299,96,47533,36,3016,1,24528,1,2745,1,0,0,0,0,0,0,0,0,98594,1,33035,1,4329,1,6002,1,21482,1,201277,1,27825,1,4048,1,5471,1,30701,1,68044,1,16334,1,235,1,9545,1,4469,1,16569,1,9545,1,48,1,1240,1,1,1,0,1,4503,1,5042,1,0,1,0,0,208358,1,324522,1,776,1,776,1,0,1,96,1,2244,1,97,1,0,1,2,1,0,1,0,1,1,1,8,1,24,1,0,1,0,1,211,1,16334,1,1,1,0,1,2096,1,22473,1,8,1,8,1,0,1,88189,1,97,1,13481,1,858,1,113608,1,2557,1,1,1,32,1,32,1
378,1929700,4469,9545,28.988914,,0,11,8,96,31839,13927,30878,1897861,16,227,130,1,30731,1,70,1,289160,1,155677,1,146098,1,1265194,1,10801,1,116560,1,12435,4,328968,4,79797,4,237809,4,443905,8,601639,96,49197,36,3096,1,25931,1,2765,1,0,0,0,0,0,0,0,0,101690,1,34358,1,5320,1,6984,1,24538,1,220495,1,36632,1,4679,1,6563,1,30861,1,71862,1,16334,1,235,1,9545,1,4469,1,16569,1,9545,1,48,1,1240,1,1,1,0,1,4503,1,5042,1,0,1,0,0,209153,1,326601,1,776,1,776,1,0,1,96,1,2244,1,97,1,0,1,2,1,0,1,0,1,1,1,8,1,24,1,0,1,0,1,211,1,16334,1,1,1,1,1,5230,1,1188,1,8,1,8,1,0,1,95090,1,97,1,12556,1,4752,1,110280,1,1188,1,1,1,32,1,32,1
379,1983300,4469,9545,28.988914,,0,11,8,96,30711,13316,30519,1952589,16,227,80,1,30530,1,40,1,263339,1,155927,1,136128,1,1355512,1,11032,1,114746,1,12615,4,369959,4,83615,4,234031,4,488513,8,644311,96,47714,36,4519,1,30290,1,3908,1,0,0,0,0,0,0,0,0,104195,1,33676,1,4950,1,6282,1,22885,1,201657,1,32234,1,4669,1,6172,1,30660,1,70950,1,16334,1,235,1,9545,1,4469,1,16569,1,9545,1,48,1,1240,1,1,1,0,1,4503,1,5042,1,0,1,0,0,214319,1,431541,1,774,1,775,1,0,1,96,1,2244,1,97,1,0,1,2,1,0,1,0,1,1,1,8,1,24,1,0,1,0,1,211,1,16334,1,1,1,1,1,2261,1,46134,1,8,1,8,1,0,1,114271,1,97,1,12128,1,5808,1,114306,1,12969,1,1,1,32,1,32,1
380,1811500,4469,9545,28.988914,,0,11,8,96,31301,13116,29067,1780199,16,227,90,1,30670,1,60,1,256055,1,150697,1,116049,1,1215846,1,10731,1,112542,1,11984,4,300262,4,83014,4,230825,4,432182,8,586917,96,47023,36,3066,1,26121,1,2735,1,0,0,0,0,0,0,0,0,99115,1,34939,1,4339,1,6042,1,21001,1,200946,1,27705,1,4329,1,5441,1,30570,1,69908,1,16334,1,235,1,9545,1,4469,1,16569,1,9545,1,48,1,1240,1,1,1,0,1,4503,1,5042,1,0,1,0,0,212434,1,284889,1,776,1,776,1,0,1,96,1,2244,1,97,1,0,1,2,1,0,1,0,1,1,1,8,1,24,1,0,1,0,1,211,1,16334,1,1,1,1,1,3020,1,6204,1,8,1,8,1,0,1,72943,1,97,1,13910,1,396,1,116380,1,1864,1,1,1,32,1,32,1
381,1802900,4469,9545,28.988914,,0,11,8,96,30416,10270,28605,1772484,16,227,80,1,26422,1,20,1,258169,1,150306,1,113504,1,1213201,1,10781,1,109155,1,11974,4,299921,4,83465,4,231246,4,436530,8,592129,96,47043,36,3086,1,24789,1,2765,1,0,0,0,0,0,0,0,0,98153,1,35500,1,4349,1,5922,1,20901,1,203742,1,27334,1,3557,1,5170,1,30861,1,67643,1,16333,1,235,1,9545,1,4469,1,16568,1,9545,1,48,1,1240,1,1,1,0,1,4503,1,5042,1,0,1,0,0,208364,1,302313,1,776,1,776,1,0,1,96,1,2244,1,97,1,0,1,2,1,0,1,0,1,1,1,8,1,24,1,0,1,0,1,211,1,16333,1,1,1,0,1,2459,1,23694,1,8,1,8,1,0,1,89753,1,97,1,13844,1,6138,1,114747,1,2656,1,1,1,32,1,32,1
382,1806700,4469,9545,28.988914,,0,11,8,96,30369,12775,28235,1776331,16,227,30,1,27344,1,20,1,258319,1,153994,1,114215,1,1211358,1,11052,1,111259,1,11924,4,299831,4,83254,4,231386,4,429426,8,585685,96,46892,36,2996,1,25791,1,2715,1,0,0,0,0,0,0,0,0,103825,1,33346,1,4359,1,6132,1,21162,1,203110,1,27614,1,4208,1,5451,1,30620,1,69036,1,16333,1,235,1,9545,1,4469,1,16568,1,9545,1,48,1,1240,1,1,1,0,1,4503,1,5042,1,0,1,0,0,208492,1,281985,1,776,1,776,1,0,1,96,1,2244,1,97,1,0,1,2,1,0,1,0,1,1,1,8,1,24,1,0,1,0,1,211,1,16333,1,1,1,1,1,1997,1,45837,1,8,1,8,1,0,1,73204,1,97,1,13514,1,6336,1,115473,1,15097,1,1,1,32,1,32,1
383,1804700,4469,9545,28.988914,,0,11,8,96,30653,12715,28705,1774047,16,227,20,1,27133,1,30,1,255263,1,153352,1,113193,1,1213802,1,11252,1,110368,1,11733,4,300122,4,83304,4,233530,4,430589,8,588301,96,47113,36,2986,1,25741,1,2715,1,0,0,0,0,0,0,0,0,103153,1,33466,1,4349,1,5982,1,21062,1,200285,1,27504,1,3808,1,5461,1,30580,1,68555,1,16333,1,235,1,9545,1,4469,1,16568,1,9545,1,48,1,1240,1,1,1,0,1,4503,1,5042,1,0,1,0,0,206197,1,310827,1,776,1,776,1,0,1,96,1,2244,1,97,1,0,1,2,1,0,1,0,1,1,1,8,1,24,1,0,1,0,1,211,1,16333,1,1,1,1,1,1799,1,44781,1,8,1,8,1,0,1,88335,1,97,1,13481,1,1683,1,114367,1,18694,1,1,1,32,1,32,1
384,1806400,4469,9545,28.988914,,0,11,8,96,29858,12835,28835,1776542,16,227,10,1,27053,1,40,1,255764,1,148172,1,113995,1,1220766,1,10741,1,115878,1,11974,4,298418,4,82893,4,233330,4,434797,8,592730,96,46562,36,3056,1,24889,1,2695,1,0,0,0,0,0,0,0,0,97502,1,33957,1,4339,1,5932,1,20961,1,201126,1,27494,1,4028,1,5511,1,30861,1,73264,1,16333,1,235,1,9545,1,4469,1,16568,1,9545,1,48,1,1240,1,1,1,0,1,4503,1,5042,1,0,1,0,0,212728,1,360789,1,776,1,776,1,0,1,96,1,2244,1,97,1,0,1,2,1,0,1,0,1,1,1,8,1,24,1,0,1,0,1,211,1,16333,1,1,1,1,1,2591,1,25311,1,8,1,8,1,0,1,97109,1,97,1,13448,1,2640,1,115720,1,2227,1,1,1,32,1,32,1
385,1803100,4469,9545,28.988914,,0,11,8,96,31127,12786,28877,1771973,16,227,20,1,27043,1,30,1,256706,1,150927,1,113223,1,1213362,1,10661,1,109986,1,11954,4,299090,4,83124,4,231607,4,434156,8,589833,96,47053,36,3036,1,24939,1,2685,1,0,0,0,0,0,0,0,0,98845,1,35300,1,4339,1,5942,1,21412,1,201577,1,27494,1,3747,1,5411,1,30520,1,68385,1,16333,1,235,1,9545,1,4469,1,16568,1,9545,1,48,1,1240,1,1,1,0,1,4503,1,5042,1,0,1,0,0,200884,1,300267,1,776,1,776,1,0,1,96,1,2244,1,97,1,0,1,2,1,0,1,0,1,1,1,8,1,24,1,0,1,0,1,211,1,16333,1,1,1,1,1,1766,1,4026,1,8,1,8,1,0,1,88383,1,97,1,13349,1,1287,1,111727,1,1402,1,1,1,32,1,32,1
386,1804500,4469,9545,28.988914,,0,11,8,96,30083,12706,28745,1774417,16,227,60,1,27484,1,30,1,256085,1,158122,1,113113,1,1208662,1,10861,1,107702,1,11813,4,298869,4,83354,4,229442,4,434366,8,587961,96,47103,36,3036,1,24669,1,2705,1,0,0,0,0,0,0,0,0,107001,1,33907,1,4349,1,6012,1,21222,1,200676,1,27785,1,3828,1,5501,1,30450,1,65970,1,16333,1,235,1,9545,1,4469,1,16568,1,9545,1,48,1,1240,1,1,1,0,1,4503,1,5042,1,0,1,0,0,202849,1,275286,1,776,1,776,1,0,1,96,1,2244,1,97,1,0,1,2,1,0,1,0,1,1,1,8,1,24,1,0,1,0,1,211,1,16333,1,1,1,1,1,1898,1,51249,1,8,1,8,1,0,1,76356,1,97,1,12425,1,2475,1,107602,1,17539,1,1,1,32,1,32,1
387,1862300,4469,9545,28.988914,,0,11,8,96,32523,11663,32012,1829777,16,227,20,1,26723,1,30,1,255874,1,157150,1,114466,1,1264673,1,10841,1,110037,1,11863,4,300532,4,86020,4,243480,4,467652,8,628790,96,50329,36,5361,1,25260,1,2806,1,0,0,0,0,0,0,0,0,105538,1,34558,1,4369,1,6002,1,20981,1,200796,1,27825,1,3747,1,5451,1,30520,1,68355,1,16334,1,235,1,9545,1,4469,1,16569,1,9545,1,48,1,1240,1,1,1,0,1,4500,1,5042,1,3,1,0,0,207449,1,324753,1,776,1,776,1,0,1,96,1,2244,1,97,1,0,1,2,1,0,1,0,1,1,1,8,1,24,1,0,1,0,1,211,1,16334,1,1,1,0,1,2459,1,48147,1,8,1,8,1,0,1,86426,1,97,1,12755,1,3333,1,108525,1,17292,1,1,1,32,1,32,1
388,1823300,4469,9545,28.988914,,0,11,8,96,32130,12785,29848,1791170,16,227,50,1,26893,1,110,1,258740,1,152982,1,114085,1,1227550,1,10761,1,111590,1,12254,4,300442,4,84056,4,234893,4,440047,8,597900,96,47193,36,2986,1,25751,1,2745,1,0,0,0,0,0,0,0,0,102021,1,34258,1,4379,1,6132,1,22494,1,201978,1,27845,1,4038,1,5431,1,30530,1,69627,1,16334,1,235,1,9545,1,4469,1,16569,1,9545,1,48,1,1240,1,1,1,0,1,4503,1,5042,1,0,1,0,0,209976,1,329835,1,776,1,776,1,0,1,96,1,2244,1,97,1,0,1,2,1,0,1,0,1,1,1,8,1,24,1,0,1,0,1,211,1,16334,1,1,1,1,1,2591,1,17490,1,8,1,8,1,0,1,91483,1,97,1,13514,1,3894,1,116742,1,1732,1,1,1,32,1,32,1
389,1810300,4469,9545,28.988914,,0,11,8,96,31694,12745,29878,1778606,16,227,60,1,27083,1,50,1,258740,1,154424,1,113233,1,1214253,1,10761,1,108764,1,11883,4,298378,4,83164,4,234913,4,434096,8,591968,96,47163,36,2956,1,24689,1,2665,1,0,0,0,0,0,0,0,0,104235,1,33095,1,4369,1,5972,1,22224,1,202800,1,27454,1,3877,1,5501,1,30791,1,66732,1,16334,1,235,1,9545,1,4469,1,16569,1,9545,1,48,1,1240,1,1,1,0,1,4502,1,5042,1,1,1,0,0,210340,1,328350,1,776,1,776,1,0,1,96,1,2244,1,97,1,0,1,2,1,0,1,0,1,1,1,8,1,24,1,0,1,0,1,211,1,16334,1,1,1,1,1,2657,1,46794,1,8,1,8,1,0,1,85925,1,97,1,10181,1,1584,1,113097,1,12556,1,1,1,32,1,32,1
390,1814900,4469,9545,28.988914,,0,11,8,96,31064,12856,29296,1783836,16,227,60,1,26923,1,20,1,255934,1,156268,1,113183,1,1220616,1,10831,1,109425,1,11934,4,300382,4,83444,4,235564,4,436601,8,595656,96,47213,36,2996,1,24699,1,2715,1,0,0,0,0,0,0,0,0,105217,1,33917,1,4359,1,5932,1,21452,1,200575,1,27755,1,4068,1,5471,1,30600,1,67343,1,16334,1,235,1,9545,1,4469,1,16569,1,9545,1,48,1,1240,1,1,1,0,1,4503,1,5042,1,0,1,0,0,217631,1,300003,1,776,1,776,1,0,1,96,1,2244,1,97,1,0,1,2,1,0,1,0,1,1,1,8,1,24,1,0,1,0,1,211,1,16334,1,1,1,1,1,2195,1,50292,1,8,1,8,1,0,1,82196,1,97,1,13778,1,6270,1,116100,1,14503,1,1,1,32,1,32,1
391,1813900,4469,9545,28.988914,,0,11,8,96,30515,12795,29498,1783385,16,227,20,1,27434,1,30,1,257467,1,154945,1,113293,1,1219333,1,10861,1,110097,1,11503,4,299059,4,83825,4,233610,4,437913,8,594933,96,47093,36,3357,1,24468,1,2705,1,0,0,0,0,0,0,0,0,103795,1,34318,1,4349,1,5962,1,21182,1,202048,1,27975,1,3988,1,5481,1,30670,1,68114,1,16334,1,235,1,9545,1,4469,1,16569,1,9545,1,48,1,1240,1,1,1,0,1,4503,1,5042,1,0,1,0,0,214084,1,342837,1,776,1,776,1,0,1,96,1,2244,1,97,1,0,1,2,1,0,1,0,1,1,1,8,1,24,1,0,1,0,1,211,1,16334,1,1,1,1,1,1997,1,43527,1,8,1,8,1,0,1,98600,1,97,1,13877,1,396,1,115984,1,12441,1,1,1,32,1,32,1
392,1802900,4469,9545,28.988914,,0,11,8,96,29835,12505,28886,1773065,16,227,60,1,26362,1,30,1,256345,1,148022,1,113564,1,1217901,1,10781,1,109556,1,11753,4,299210,4,83284,4,233951,4,437552,8,595464,96,47153,36,3016,1,24358,1,2715,1,0,0,0,0,0,0,0,0,98544,1,32634,1,4359,1,5942,1,21222,1,201126,1,27765,1,3988,1,5491,1,30600,1,67523,1,16336,1,235,1,9545,1,4469,1,16571,1,9545,1,48,1,1240,1,1,1,0,1,4502,1,5042,1,1,1,0,0,209746,1,312840,1,776,1,776,1,0,1,96,1,2244,1,97,1,0,1,2,1,0,1,0,1,1,1,8,1,24,1,0,1,0,1,211,1,16336,1,1,1,0,1,2327,1,1815,1,8,1,8,1,0,1,94835,1,97,1,13910,1,1782,1,116182,1,841,1,1,1,32,1,32,1
393,1893100,4469,9545,28.988914,,0,11,8,96,33735,12946,30769,1859365,16,227,60,1,30670,1,40,1,284200,1,151849,1,129936,1,1252449,1,10160,1,113454,1,12104,4,325231,4,79026,4,233981,4,443053,8,599704,96,46562,36,3397,1,26512,1,2745,1,0,0,0,0,0,0,0,0,100869,1,32374,1,4990,1,6623,1,23236,1,219723,1,34137,1,4158,1,5641,1,30470,1,71040,1,16336,1,235,1,9545,1,4469,1,16571,1,9545,1,48,1,1240,1,1,1,0,1,4503,1,5042,1,0,1,0,0,210562,1,338415,1,776,1,776,1,0,1,96,1,2244,1,97,1,0,1,2,1,0,1,0,1,1,1,8,1,24,1,0,1,0,1,211,1,16336,1,1,1,1,1,5247,1,6534,1,8,1,8,1,0,1,97721,1,97,1,12639,1,2145,1,110798,1,1897,1,1,1,32,1,32,1
394,1895400,4469,9545,28.988914,,0,11,8,96,31787,13757,31931,1863613,16,227,130,1,30620,1,60,1,279922,1,151799,1,137822,1,1252539,1,10721,1,112011,1,11663,4,303709,4,83765,4,235675,4,460407,8,617018,96,47133,36,3086,1,25731,1,2735,1,0,0,0,0,0,0,0,0,100238,1,32815,1,4960,1,6603,1,22875,1,216076,1,33787,1,4649,1,6262,1,30570,1,68125,1,16336,1,235,1,9545,1,4469,1,16571,1,9545,1,48,1,1240,1,1,1,0,1,4503,1,5042,1,0,1,0,0,216861,1,400455,1,775,1,775,1,0,1,96,1,2244,1,97,1,0,1,2,1,0,1,0,1,1,1,8,1,24,1,0,1,0,1,211,1,16336,1,1,1,1,1,1930,1,759,1,8,1,8,1,0,1,134666,1,97,1,13282,1,2607,1,109934,1,759,1,1,1,32,1,32,1
395,1845700,4469,9545,28.988914,,0,11,8,96,30853,11132,29338,1814847,16,227,70,1,30590,1,50,1,268870,1,156178,1,135838,1,1212510,1,10741,1,112071,1,11954,4,299380,4,83114,4,231586,4,432643,8,588050,96,46842,36,2976,1,24959,1,2695,1,0,0,0,0,0,0,0,0,105057,1,32895,1,4950,1,6433,1,22424,1,207509,1,32193,1,4399,1,6032,1,30210,1,69407,1,16337,1,235,1,9545,1,4469,1,16572,1,9545,1,48,1,1240,1,1,1,0,1,4503,1,5042,1,0,1,0,0,207088,1,283338,1,776,1,776,1,0,1,96,1,2244,1,97,1,0,1,2,1,0,1,0,1,1,1,8,1,24,1,0,1,0,1,211,1,16337,1,1,1,0,1,2657,1,44715,1,8,1,8,1,0,1,83768,1,97,1,13217,1,2739,1,110160,1,16335,1,1,1,32,1,32,1
396,1814900,4469,9545,28.988914,,0,11,8,96,31314,12785,29327,1783586,16,227,30,1,27164,1,30,1,260063,1,154665,1,113193,1,1217690,1,10751,1,110969,1,11743,4,299380,4,83434,4,234993,4,433855,8,592269,96,47253,36,2996,1,24839,1,2695,1,0,0,0,0,0,0,0,0,103003,1,34398,1,4379,1,6072,1,20631,1,205295,1,27775,1,3998,1,5471,1,30099,1,69497,1,16337,1,235,1,9545,1,4469,1,16572,1,9545,1,48,1,1240,1,1,1,0,1,4503,1,5042,1,0,1,0,0,209680,1,315282,1,776,1,776,1,0,1,96,1,2244,1,97,1,0,1,2,1,0,1,0,1,1,1,8,1,24,1,0,1,0,1,211,1,16337,1,1,1,1,1,2657,1,59895,1,8,1,8,1,0,1,80775,1,97,1,14141,1,297,1,114812,1,12985,1,1,1,32,1,32,1
397,1807200,4469,9545,28.988914,,0,11,8,96,29276,12825,28716,1777924,16,227,30,1,27404,1,40,1,259762,1,151809,1,113373,1,1214734,1,10771,1,110408,1,11763,4,298599,4,83244,4,230144,4,437292,8,591767,96,46953,36,2976,1,24779,1,2705,1,0,0,0,0,0,0,0,0,100398,1,34738,1,4369,1,6052,1,21713,1,203972,1,27755,1,3988,1,5411,1,30430,1,68595,1,16337,1,235,1,9545,1,4469,1,16572,1,9545,1,48,1,1240,1,1,1,0,1,4502,1,5042,1,1,1,0,0,209715,1,304722,1,776,1,776,1,0,1,96,1,2244,1,97,1,0,1,2,1,0,1,0,1,1,1,8,1,24,1,0,1,0,1,211,1,16337,1,1,1,1,1,2459,1,29865,1,8,1,8,1,0,1,87180,1,97,1,13745,1,4521,1,116529,1,1039,1,1,1,32,1,32,1
398,1803600,4469,9545,28.988914,,0,11,8,96,30756,11112,28996,1772844,16,227,30,1,26893,1,30,1,257518,1,150096,1,114977,1,1212199,1,11102,1,109195,1,11623,4,299270,4,83104,4,233019,4,434707,8,592168,96,46562,36,2956,1,24478,1,2735,1,0,0,0,0,0,0,0,0,99646,1,33757,1,4349,1,6062,1,21512,1,201958,1,27614,1,3617,1,5341,1,30500,1,67894,1,16336,1,235,1,9545,1,4469,1,16571,1,9545,1,48,1,1240,1,1,1,0,1,4503,1,5042,1,0,1,0,0,212909,1,299937,1,776,1,776,1,0,1,96,1,2244,1,97,1,0,1,2,1,0,1,0,1,1,1,8,1,24,1,0,1,0,1,211,1,16336,1,1,1,0,1,1865,1,3993,1,8,1,8,1,0,1,84706,1,97,1,13712,1,396,1,116116,1,1089,1,1,1,32,1,32,1
399,1806200,4469,9545,28.988914,,0,11,8,96,30109,13026,28996,1776091,16,227,10,1,26933,1,20,1,256736,1,156819,1,114225,1,1210636,1,10711,1,109987,1,11803,4,298108,4,83414,4,231637,4,432432,8,588491,96,46582,36,3016,1,24518,1,2695,1,0,0,0,0,0,0,0,0,104726,1,35019,1,4369,1,6092,1,21072,1,201537,1,27755,1,4058,1,5521,1,30781,1,67683,1,16336,1,235,1,9545,1,4469,1,16571,1,9545,1,48,1,1240,1,1,1,0,1,4503,1,5042,1,0,1,0,0,212200,1,297297,1,776,1,776,1,0,1,96,1,2244,1,97,1,0,1,2,1,0,1,0,1,1,1,8,1,24,1,0,1,0,1,211,1,16336,1,1,1,1,1,2459,1,48774,1,8,1,8,1,0,1,78126,1,97,1,14405,1,1122,1,117798,1,13530,1,1,1,32,1,32,1
400,1821000,4469,9545,28.988914,,0,11,8,96,30391,12986,29257,1790609,16,227,20,1,27264,1,40,1,256065,1,151649,1,113794,1,1231046,1,10731,1,115407,1,12334,4,299250,4,83214,4,238340,4,439206,8,601056,96,47233,36,3046,1,24548,1,2715,1,0,0,0,0,0,0,0,0,103594,1,31081,1,4349,1,6032,1,21132,1,200966,1,27675,1,4178,1,5421,1,30600,1,73014,1,16336,1,235,1,9545,1,4469,1,16571,1,9545,1,48,1,1240,1,1,1,0,1,4503,1,5042,1,0,1,0,0,212271,1,385869,1,776,1,776,1,0,1,96,1,2244,1,97,1,0,1,2,1,0,1,0,1,1,1,8,1,24,1,0,1,0,1,211,1,16336,1,1,1,1,1,1766,1,44154,1,8,1,8,1,0,1,104074,1,97,1,13745,1,1749,1,115918,1,13843,1,1,1,32,1,32,1
401,1805800,4469,9545,28.988914,,0,11,8,96,31062,12735,28395,1774738,16,227,70,1,26873,1,40,1,256195,1,154074,1,114375,1,1212360,1,10751,1,109736,1,12124,4,299300,4,83394,4,229833,4,435218,8,589874,96,46782,36,2926,1,24388,1,2705,1,0,0,0,0,0,0,0,0,103123,1,34007,1,4359,1,5962,1,21422,1,200635,1,27795,1,3818,1,5341,1,30600,1,68064,1,16336,1,235,1,9545,1,4469,1,16571,1,9545,1,48,1,1240,1,1,1,0,1,4502,1,5042,1,1,1,0,0,213489,1,297429,1,776,1,776,1,0,1,96,1,2244,1,97,1,0,1,2,1,0,1,0,1,1,1,8,1,24,1,0,1,0,1,211,1,16336,1,1,1,1,1,1667,1,43494,1,8,1,8,1,0,1,88287,1,97,1,13679,1,396,1,116149,1,15823,1,1,1,32,1,32,1
402,1813400,4469,9545,28.988914,,0,11,8,96,30075,12946,28766,1783325,16,227,60,1,26973,1,20,1,254502,1,154855,1,114185,1,1221928,1,10801,1,110969,1,11753,4,300983,4,84026,4,233741,4,437252,8,594903,96,47323,36,3056,1,24498,1,2705,1,0,0,0,0,0,0,0,0,103815,1,34147,1,4369,1,5992,1,20841,1,199453,1,27875,1,3667,1,5471,1,30620,1,69307,1,16336,1,235,1,9545,1,4469,1,16571,1,9545,1,48,1,1240,1,1,1,0,1,4502,1,5042,1,1,1,0,0,213737,1,326337,1,776,1,776,1,0,1,96,1,2244,1,97,1,0,1,2,1,0,1,0,1,1,1,8,1,24,1,0,1,0,1,211,1,16336,1,1,1,1,1,2129,1,56232,1,8,1,8,1,0,1,86700,1,97,1,13448,1,1089,1,117040,1,12556,1,1,1,32,1,32,1
403,1814600,4469,9545,28.988914,,0,11,8,96,30223,11132,29227,1784377,16,227,40,1,27534,1,40,1,255975,1,151058,1,114606,1,1224293,1,10831,1,113955,1,12344,4,301023,4,84186,4,233059,4,438254,8,594733,96,47353,36,3036,1,24639,1,2665,1,0,0,0,0,0,0,0,0,100007,1,34278,1,4349,1,6012,1,21332,1,200445,1,27925,1,3848,1,5351,1,30841,1,71651,1,16337,1,235,1,9545,1,4469,1,16572,1,9545,1,48,1,1240,1,1,1,0,1,4503,1,5042,1,0,1,0,0,203939,1,346797,1,776,1,776,1,0,1,96,1,2244,1,97,1,0,1,2,1,0,1,0,1,1,1,8,1,24,1,0,1,0,1,211,1,16337,1,1,1,0,1,2987,1,28479,1,8,1,8,1,0,1,96390,1,97,1,13382,1,2079,1,110754,1,2293,1,1,1,32,1,32,1
404,1903400,4469,9545,28.988914,,0,11,8,96,30368,13156,36316,1873032,16,227,40,1,26863,1,10,1,254482,1,155006,1,113704,1,1311966,1,10962,1,111139,1,12986,4,304450,4,87943,4,251766,4,496679,8,655768,96,56361,36,6122,1,24959,1,2765,1,0,0,0,0,0,0,0,0,104556,1,33596,1,4359,1,6002,1,20571,1,199904,1,27755,1,3737,1,5461,1,30470,1,69527,1,16337,1,235,1,9545,1,4469,1,16572,1,9545,1,48,1,1240,1,1,1,0,1,4503,1,5042,1,0,1,0,0,238746,1,338349,1,776,1,776,1,0,1,96,1,2244,1,97,1,0,1,2,1,0,1,0,1,1,1,8,1,24,1,0,1,0,1,211,1,16337,1,1,1,1,1,2096,1,46893,1,8,1,8,1,0,1,91724,1,97,1,14141,1,2409,1,134167,1,13728,1,1,1,32,1,32,1
405,2036900,4469,9545,28.988914,,0,11,8,96,33957,13757,39426,2002943,16,227,50,1,26903,1,40,1,260443,1,171423,1,128774,1,1404468,1,10841,1,119536,1,14318,4,382564,4,84336,4,256526,4,498162,8,656456,96,58806,36,3026,1,29468,1,2775,1,0,0,0,0,0,0,0,0,119340,1,34318,1,4649,1,6182,1,22394,1,203742,1,27835,1,3838,1,5882,1,30560,1,76851,1,16337,1,235,1,9545,1,4469,1,16572,1,9545,1,48,1,1240,1,1,1,0,1,4503,1,5042,1,0,1,0,0,228326,1,249546,1,776,1,776,1,0,1,96,1,2244,1,97,1,0,1,2,1,0,1,0,1,1,1,8,1,24,1,0,1,0,1,211,1,16337,1,1,1,1,1,2129,1,64532,1,8,1,8,1,0,1,73995,1,97,1,13711,1,4092,1,126104,1,14883,1,1,1,32,1,32,1
406,1862500,4469,9545,28.988914,,0,11,8,96,30659,13136,28676,1831841,16,227,80,1,30851,1,40,1,257728,1,156879,1,129445,1,1246076,1,10741,1,113023,1,11893,4,324800,4,83374,4,232949,4,437192,8,594543,96,46922,36,2976,1,24108,1,2625,1,0,0,0,0,0,0,0,0,105799,1,33366,1,4609,1,6072,1,23386,1,196447,1,31522,1,4268,1,5962,1,30741,1,69928,1,16337,1,235,1,9545,1,4469,1,16572,1,9545,1,48,1,1240,1,1,1,0,1,4503,1,5042,1,0,1,0,0,210262,1,328020,1,776,1,776,1,0,1,96,1,2244,1,97,1,0,1,2,1,0,1,0,1,1,1,8,1,24,1,0,1,0,1,211,1,16337,1,1,1,1,1,2756,1,48147,1,8,1,8,1,0,1,85229,1,97,1,13646,1,3927,1,114978,1,15163,1,1,1,32,1,32,1
407,1808300,4469,9545,28.988914,,0,11,8,96,30105,12665,28215,1778195,16,227,50,1,26983,1,30,1,253900,1,155857,1,114135,1,1216438,1,10801,1,111850,1,11713,4,299661,4,83164,4,231366,4,435448,8,591947,96,46652,36,2986,1,24899,1,2685,1,0,0,0,0,0,0,0,0,105428,1,33426,1,4329,1,6002,1,21372,1,198621,1,27634,1,3968,1,5391,1,30650,1,69958,1,16337,1,235,1,9545,1,4469,1,16572,1,9545,1,48,1,1240,1,1,1,0,1,4503,1,5042,1,0,1,0,0,210663,1,322938,1,776,1,776,1,0,1,96,1,2244,1,97,1,0,1,2,1,0,1,0,1,1,1,8,1,24,1,0,1,0,1,211,1,16337,1,1,1,1,1,2162,1,51645,1,8,1,8,1,0,1,80404,1,97,1,13184,1,3927,1,116710,1,13695,1,1,1,32,1,32,1
408,1925100,4469,9545,28.988914,,0,11,8,96,31407,14138,30649,1893693,16,227,120,1,30680,1,50,1,287296,1,160546,1,145216,1,1259002,1,10781,1,118954,1,12254,4,327556,4,78936,4,236115,4,439687,8,595906,96,49247,36,3086,1,25510,1,2765,1,0,0,0,0,0,0,0,0,105718,1,35019,1,5300,1,7054,1,23376,1,220424,1,35961,1,4679,1,6503,1,30580,1,74557,1,16337,1,235,1,9545,1,4469,1,16572,1,9545,1,48,1,1240,1,1,1,0,1,4502,1,5042,1,1,1,0,0,205245,1,345444,1,776,1,776,1,0,1,96,1,2244,1,97,1,0,1,2,1,0,1,0,1,1,1,8,1,24,1,0,1,0,1,211,1,16337,1,1,1,1,1,2986,1,56133,1,8,1,8,1,0,1,104190,1,97,1,14140,1,6600,1,113052,1,14702,1,1,1,32,1,32,1
409,1863100,4469,9545,28.988914,,0,11,8,96,30829,13297,28526,1832271,16,227,100,1,30801,1,40,1,264000,1,158021,1,136529,1,1231778,1,11002,1,112031,1,12094,4,317496,4,83495,4,229362,4,433474,8,587278,96,47033,36,3046,1,24749,1,2735,1,0,0,0,0,0,0,0,0,105218,1,34538,1,4960,1,6312,1,22574,1,202559,1,32294,1,4268,1,6142,1,30560,1,68856,1,16337,1,235,1,9545,1,4469,1,16572,1,9545,1,48,1,1240,1,1,1,0,1,4503,1,5042,1,0,1,0,0,211956,1,265551,1,776,1,776,1,0,1,96,1,2244,1,97,1,0,1,2,1,0,1,0,1,1,1,8,1,24,1,0,1,0,1,211,1,16337,1,1,1,1,1,1832,1,45837,1,8,1,8,1,0,1,75449,1,97,1,13448,1,2541,1,115522,1,13711,1,1,1,32,1,32,1
410,1799500,4469,9545,28.988914,,0,11,8,96,30694,12875,29286,1768806,16,227,30,1,27214,1,30,1,255894,1,147531,1,113654,1,1213742,1,10711,1,108394,1,12084,4,298669,4,83515,4,230454,4,437442,8,591608,96,47003,36,2956,1,24669,1,2685,1,0,0,0,0,0,0,0,0,99296,1,31562,1,4339,1,5952,1,21472,1,200475,1,27705,1,4098,1,5411,1,30580,1,66371,1,16337,1,235,1,9545,1,4469,1,16572,1,9545,1,48,1,1240,1,1,1,0,1,4503,1,5042,1,0,1,0,0,213559,1,296505,1,776,1,776,1,0,1,96,1,2244,1,97,1,0,1,2,1,0,1,0,1,1,1,8,1,24,1,0,1,0,1,211,1,16337,1,1,1,1,1,2657,1,561,1,8,1,8,1,0,1,89686,1,97,1,13349,1,396,1,115241,1,561,1,1,1,32,1,32,1
411,1915600,4469,9545,28.988914,,0,11,8,96,32839,13557,30890,1882761,16,227,60,1,30861,1,50,1,281836,1,155476,1,135237,1,1269101,1,10140,1,112031,1,12284,4,332676,4,82252,4,240604,4,443474,8,599412,96,53776,36,2976,1,26572,1,2675,1,0,0,0,0,0,0,0,0,102642,1,34408,1,5000,1,6453,1,23035,1,218000,1,33326,1,4399,1,6092,1,30330,1,68936,1,16337,1,235,1,9545,1,4469,1,16572,1,9545,1,48,1,1240,1,1,1,0,1,4503,1,5042,1,0,1,0,0,212168,1,314556,1,776,1,776,1,0,1,96,1,2244,1,97,1,0,1,2,1,0,1,0,1,1,1,8,1,24,1,0,1,0,1,211,1,16337,1,1,1,1,1,4719,1,19767,1,8,1,8,1,0,1,89488,1,97,1,13101,1,6468,1,111392,1,3382,1,1,1,32,1,32,1
412,1967100,4469,9545,28.988914,,0,11,8,96,31635,13096,33085,1935465,16,227,100,1,30550,1,40,1,279842,1,150487,1,128563,1,1335051,1,10831,1,120637,1,12535,4,320772,4,84567,4,243640,4,506067,8,666745,96,49878,36,3116,1,27905,1,2715,1,0,0,0,0,0,0,0,0,99046,1,33787,1,4639,1,6493,1,23136,1,217729,1,32063,1,4429,1,5922,1,32053,1,75930,1,16337,1,235,1,9545,1,4469,1,16572,1,9545,1,48,1,1240,1,1,1,0,1,4503,1,5042,1,0,1,0,0,233642,1,474837,1,776,1,776,1,0,1,96,1,2244,1,97,1,0,1,2,1,0,1,0,1,1,1,8,1,24,1,0,1,0,1,211,1,16337,1,1,1,1,1,2293,1,18513,1,8,1,8,1,0,1,205977,1,97,1,16351,1,6237,1,117920,1,2129,1,1,1,32,1,32,1
413,1889200,4469,9545,28.988914,,0,11,8,96,32320,13517,28816,1856880,16,227,70,1,30941,1,20,1,268930,1,151879,1,137180,1,1257098,1,10761,1,115277,1,12294,4,334850,4,83104,4,233500,4,431761,8,589564,96,46882,36,3006,1,27073,1,2715,1,0,0,0,0,0,0,0,0,98785,1,34909,1,4930,1,6383,1,23416,1,206437,1,32264,1,4218,1,6222,1,30310,1,72162,1,16337,1,235,1,9545,1,4469,1,16572,1,9545,1,48,1,1240,1,1,1,0,1,4502,1,5042,1,1,1,0,0,216822,1,336138,1,776,1,776,1,0,1,96,1,2244,1,97,1,0,1,2,1,0,1,0,1,1,1,8,1,24,1,0,1,0,1,211,1,16337,1,1,1,1,1,2195,1,594,1,8,1,8,1,0,1,88366,1,97,1,13679,1,5379,1,116859,1,594,1,1,1,32,1,32,1
414,1813700,4469,9545,28.988914,,0,11,8,96,30716,12866,28275,1782984,16,227,20,1,26853,1,110,1,261716,1,153833,1,115217,1,1214424,1,10811,1,111319,1,11763,4,298989,4,83234,4,230334,4,435689,8,591176,96,46571,36,3016,1,24578,1,2635,1,0,0,0,0,0,0,0,0,103995,1,32875,1,4399,1,6002,1,21913,1,205725,1,27795,1,4148,1,5501,1,30711,1,69016,1,16337,1,235,1,9545,1,4469,1,16572,1,9545,1,48,1,1240,1,1,1,0,1,4503,1,5042,1,0,1,0,0,206773,1,341385,1,776,1,776,1,0,1,96,1,2244,1,97,1,0,1,2,1,0,1,0,1,1,1,8,1,24,1,0,1,0,1,211,1,16337,1,1,1,1,1,2261,1,45507,1,8,1,8,1,0,1,90049,1,97,1,13745,1,5973,1,116083,1,13711,1,1,1,32,1,32,1
415,1818300,4469,9545,28.988914,,0,11,8,96,30977,12895,29116,1787323,16,227,10,1,26813,1,20,1,259221,1,157751,1,114686,1,1217790,1,11032,1,109426,1,11653,4,299069,4,83765,4,233440,4,436490,8,593881,96,46933,36,2976,1,25420,1,2655,1,0,0,0,0,0,0,0,0,106079,1,34899,1,4349,1,6022,1,21342,1,204022,1,27534,1,3878,1,5421,1,30550,1,67623,1,16337,1,235,1,9545,1,4469,1,16572,1,9545,1,48,1,1240,1,1,1,0,1,4503,1,5042,1,0,1,0,0,211462,1,335643,1,776,1,776,1,0,1,96,1,2244,1,97,1,0,1,2,1,0,1,0,1,1,1,8,1,24,1,0,1,0,1,211,1,16337,1,1,1,1,1,2756,1,47058,1,8,1,8,1,0,1,90808,1,97,1,13415,1,2178,1,116644,1,16681,1,1,1,32,1,32,1
416,1807900,4469,9545,28.988914,,0,11,8,96,30707,13066,28656,1777193,16,227,10,1,27254,1,30,1,256856,1,154404,1,114065,1,1213843,1,10731,1,111229,1,12024,4,299170,4,83114,4,230635,4,434517,8,589612,96,46882,36,2946,1,24468,1,2675,1,0,0,0,0,0,0,0,0,104015,1,33496,1,4389,1,6032,1,21352,1,201367,1,27795,1,4008,1,5531,1,30811,1,68866,1,16337,1,235,1,9545,1,4469,1,16572,1,9545,1,48,1,1240,1,1,1,0,1,4502,1,5042,1,1,1,0,0,208653,1,315909,1,776,1,776,1,0,1,96,1,2244,1,97,1,0,1,2,1,0,1,0,1,1,1,8,1,24,1,0,1,0,1,211,1,16337,1,1,1,1,1,1700,1,44550,1,8,1,8,1,0,1,88315,1,97,1,13646,1,6105,1,113823,1,13299,1,1,1,32,1,32,1
417,1798800,4469,9545,28.988914,,0,11,8,96,30334,12815,28776,1768466,16,227,10,1,27284,1,50,1,256215,1,146920,1,114205,1,1212841,1,10942,1,108895,1,11673,4,299681,4,83194,4,232228,4,434296,8,590615,96,47133,36,2956,1,24368,1,2735,1,0,0,0,0,0,0,0,0,97542,1,32855,1,4359,1,5952,1,21242,1,201167,1,27584,1,4088,1,5491,1,30791,1,66582,1,16337,1,235,1,9545,1,4469,1,16572,1,9545,1,48,1,1240,1,1,1,0,1,4503,1,5042,1,0,1,0,0,208837,1,312312,1,776,1,776,1,0,1,96,1,2244,1,97,1,0,1,2,1,0,1,0,1,1,1,8,1,24,1,0,1,0,1,211,1,16337,1,1,1,1,1,1898,1,19206,1,8,1,8,1,0,1,85367,1,97,1,13580,1,6039,1,116941,1,1386,1,1,1,32,1,32,1
418,1809000,4469,9545,28.988914,,0,11,8,96,30274,12836,28776,1778726,16,227,40,1,26913,1,30,1,257207,1,152671,1,114065,1,1216989,1,10811,1,111239,1,11833,4,299801,4,84006,4,231226,4,435909,8,591497,96,46862,36,3016,1,24428,1,2695,1,0,0,0,0,0,0,0,0,102382,1,33306,1,4349,1,5992,1,21252,1,202048,1,27604,1,3937,1,5471,1,30801,1,69106,1,16337,1,235,1,9545,1,4469,1,16572,1,9545,1,48,1,1240,1,1,1,0,1,4502,1,5042,1,1,1,0,0,208805,1,327261,1,776,1,776,1,0,1,96,1,2244,1,97,1,0,1,2,1,0,1,0,1,1,1,8,1,24,1,0,1,0,1,211,1,16337,1,1,1,1,1,2723,1,53526,1,8,1,8,1,0,1,83569,1,97,1,13151,1,7392,1,112585,1,13909,1,1,1,32,1,32,1
419,1810100,4469,9545,28.988914,,0,11,8,96,30572,12996,28505,1779528,16,227,40,1,27504,1,40,1,257748,1,151228,1,114426,1,1217800,1,10741,1,108875,1,11983,4,301404,4,83705,4,234602,4,433765,8,592740,96,47123,36,2986,1,24779,1,2705,1,0,0,0,0,0,0,0,0,102171,1,32053,1,4399,1,6102,1,21623,1,201918,1,27685,1,3667,1,5441,1,30771,1,67062,1,16337,1,235,1,9545,1,4469,1,16572,1,9545,1,48,1,1240,1,1,1,0,1,4503,1,5042,1,0,1,0,0,211787,1,302775,1,776,1,776,1,0,1,96,1,2244,1,97,1,0,1,2,1,0,1,0,1,1,1,8,1,24,1,0,1,0,1,211,1,16337,1,1,1,1,1,2261,1,57882,1,8,1,8,1,0,1,84675,1,97,1,13382,1,5874,1,112173,1,12523,1,1,1,32,1,32,1
420,1917300,4469,9545,28.988914,,0,11,8,96,31964,14258,30290,1885336,16,227,140,1,30440,1,70,1,283338,1,155296,1,143823,1,1261486,1,10741,1,113754,1,12304,4,331393,4,81581,4,235685,4,440198,8,596807,96,48786,36,3086,1,26482,1,2745,1,0,0,0,0,0,0,0,0,100749,1,35139,1,5320,1,6974,1,22775,1,218160,1,35049,1,4599,1,6483,1,30540,1,69768,1,16337,1,235,1,9545,1,4469,1,16572,1,9545,1,48,1,1240,1,1,1,0,1,4502,1,5042,1,1,1,0,0,207133,1,296472,1,776,1,776,1,0,1,96,1,2244,1,97,1,0,1,2,1,0,1,0,1,1,1,8,1,24,1,0,1,0,1,211,1,16337,1,1,1,1,1,3052,1,23034,1,8,1,8,1,0,1,84468,1,97,1,13282,1,7128,1,111039,1,2921,1,1,1,32,1,32,1
421,1926800,4468,9545,28.988914,,0,11,8,96,32431,8667,29518,1894369,16,227,60,1,30971,1,30,1,278850,1,166323,1,134595,1,1272739,1,10801,1,115988,1,12224,4,351553,4,83304,4,233560,4,431050,8,588210,96,46882,36,4178,1,29007,1,3206,1,0,0,0,0,0,0,0,0,114170,1,34358,1,4970,1,6493,1,22755,1,216026,1,33256,1,4028,1,6222,1,30570,1,72944,1,16339,1,232,1,9545,1,4468,1,16571,1,9545,1,48,1,1240,1,1,1,0,1,4503,1,5042,1,0,1,0,0,204169,1,274098,1,776,1,776,1,0,1,96,1,2268,1,97,1,0,1,2,1,0,1,0,1,1,1,8,1,24,1,0,1,0,1,208,1,16339,1,0,1,0,1,2689,1,70306,1,8,1,8,1,0,1,77084,1,97,1,12870,1,1221,1,114202,1,15703,1,1,1,32,1,32,1
422,1819900,4468,9545,28.988914,,0,11,8,96,31144,12304,28866,1788756,16,227,50,1,27494,1,60,1,262558,1,156378,1,114145,1,1217369,1,10701,1,111179,1,11823,4,300753,4,83074,4,233831,4,432573,8,590585,96,46953,36,3016,1,26142,1,2675,1,0,0,0,0,0,0,0,0,104546,1,34879,1,4409,1,6413,1,21212,1,207158,1,27424,1,3807,1,5491,1,30470,1,69367,1,16340,1,232,1,9545,1,4468,1,16572,1,9545,1,48,1,1240,1,1,1,0,1,4503,1,5042,1,0,1,0,0,214166,1,303270,1,776,1,776,1,0,1,96,1,2256,1,97,1,0,1,2,1,0,1,0,1,1,1,8,1,24,1,0,1,0,1,208,1,16340,1,1,1,0,1,2525,1,44583,1,8,1,8,1,0,1,81126,1,97,1,13811,1,363,1,117403,1,13744,1,1,1,32,1,32,1
423,1911900,4468,9545,28.988914,,0,11,8,96,30291,14499,31501,1881609,16,227,70,1,30670,1,70,1,286685,1,155697,1,144204,1,1253771,1,10441,1,116379,1,12455,4,327926,4,78475,4,233791,4,439226,8,594814,96,46702,36,3116,1,25180,1,2725,1,0,0,0,0,0,0,0,0,102442,1,33416,1,5320,1,6994,1,24148,1,218250,1,36722,1,4659,1,6463,1,30620,1,72132,1,16340,1,232,1,9545,1,4468,1,16572,1,9545,1,48,1,1240,1,1,1,0,1,4503,1,5042,1,0,1,0,0,203517,1,283305,1,776,1,776,1,0,1,96,1,2256,1,97,1,0,1,2,1,0,1,0,1,1,1,8,1,24,1,0,1,0,1,208,1,16340,1,1,1,1,1,6237,1,52767,1,8,1,8,1,0,1,83915,1,97,1,12969,1,1023,1,107779,1,13563,1,1,1,32,1,32,1
424,1866700,4468,9545,28.988914,,0,11,8,96,31202,13447,30149,1835498,16,227,90,1,30680,1,40,1,269090,1,154064,1,129094,1,1241778,1,10661,1,112261,1,12184,4,317496,4,83274,4,234372,4,437552,8,593380,96,48395,36,2976,1,25480,1,2735,1,0,0,0,0,0,0,0,0,101971,1,34458,1,4639,1,6423,1,22785,1,207639,1,31963,1,4058,1,5852,1,30791,1,69477,1,16340,1,232,1,9545,1,4468,1,16572,1,9545,1,48,1,1240,1,1,1,0,1,4503,1,5042,1,0,1,0,0,212260,1,341352,1,775,1,775,1,0,1,96,1,2256,1,97,1,0,1,2,1,0,1,0,1,1,1,8,1,24,1,0,1,0,1,208,1,16340,1,1,1,1,1,2029,1,13398,1,8,1,8,1,0,1,83261,1,97,1,14173,1,6171,1,117826,1,1172,1,1,1,32,1,32,1
425,1892900,4468,9545,28.988914,,0,11,8,96,31902,12585,29056,1860998,16,227,150,1,30831,1,20,1,269110,1,157070,1,136699,1,1256326,1,10791,1,113984,1,12344,4,334920,4,83204,4,234893,4,432843,8,591678,96,47003,36,2986,1,25871,1,2695,1,0,0,0,0,0,0,0,0,103925,1,34929,1,4930,1,6252,1,22675,1,207399,1,32424,1,4429,1,6172,1,30540,1,70579,1,16341,1,232,1,9545,1,4468,1,16573,1,9545,1,48,1,1240,1,1,1,0,1,4503,1,5042,1,0,1,0,0,212088,1,309078,1,776,1,776,1,0,1,96,1,2256,1,97,1,0,1,2,1,0,1,0,1,1,1,8,1,24,1,0,1,0,1,208,1,16341,1,1,1,0,1,1931,1,43725,1,8,1,8,1,0,1,85973,1,97,1,13580,1,7359,1,114615,1,15757,1,1,1,32,1,32,1
426,1920400,4468,9545,28.988918,,0,11,8,96,31327,18737,31891,1889073,16,227,140,1,30751,1,50,1,288739,1,152140,1,127852,1,1279272,1,10130,1,121610,1,13436,4,329049,4,86080,4,238370,4,440528,8,598943,96,48064,36,3136,1,25550,1,2775,1,0,0,0,0,0,0,0,0,103815,1,30190,1,4860,1,6623,1,23005,1,227007,1,31492,1,4258,1,5892,1,35400,1,72874,1,16341,1,232,1,9545,1,4468,1,16573,1,9545,1,48,1,1240,1,1,1,0,1,4502,1,5042,1,1,1,0,0,215656,1,301620,1,776,1,776,1,0,1,96,1,2256,1,97,1,0,1,2,1,0,1,0,1,1,1,8,1,24,1,0,1,0,1,208,1,16341,1,1,1,1,1,17572,1,825,1,8,1,8,1,0,1,85130,1,97,1,13084,1,396,1,113778,1,825,1,1,1,32,1,32,1
427,1877400,4468,9545,28.988918,,0,11,8,96,31141,12605,29848,1846259,16,227,110,1,30831,1,30,1,269301,1,154144,1,129505,1,1251647,1,10691,1,116880,1,12214,4,322576,4,83865,4,234302,4,438394,8,595545,96,47303,36,2966,1,25160,1,2685,1,0,0,0,0,0,0,0,0,102593,1,34127,1,4749,1,7866,1,22474,1,206958,1,31342,1,4359,1,6092,1,30430,1,73795,1,16341,1,232,1,9545,1,4468,1,16573,1,9545,1,48,1,1240,1,1,1,0,1,4501,1,5042,1,2,1,0,0,210000,1,329670,1,776,1,776,1,0,1,96,1,2268,1,97,1,0,1,2,1,0,1,0,1,1,1,8,1,24,1,0,1,0,1,208,1,16341,1,1,1,0,1,2359,1,28479,1,8,1,8,1,0,1,91302,1,97,1,15081,1,5511,1,116039,1,3053,1,1,1,32,1,32,1
428,1978600,4468,9545,28.988918,,0,11,8,96,31076,11633,32322,1947524,16,227,70,1,30761,1,60,1,270944,1,154925,1,135527,1,1344165,1,11072,1,113894,1,12976,4,357324,4,83134,4,243610,4,481384,8,643134,96,49537,36,4669,1,32093,1,3447,1,0,0,0,0,0,0,0,0,102512,1,34488,1,4910,1,7866,1,22785,1,207609,1,32324,1,4599,1,6012,1,30560,1,70379,1,16343,1,232,1,9545,1,4468,1,16575,1,9545,1,48,1,1240,1,1,1,0,1,4502,1,5042,1,1,1,0,0,206557,1,429974,1,773,1,774,1,0,1,96,1,2256,1,97,1,0,1,2,1,0,1,0,1,1,1,8,1,24,1,0,1,0,1,208,1,16343,1,1,1,0,1,2723,1,9504,1,8,1,8,1,0,1,105160,1,97,1,12590,1,1716,1,111445,1,3234,1,1,1,32,1,32,1
429,1826800,4468,9545,28.988918,,0,11,8,96,30710,11302,29707,1796090,16,227,110,1,31021,1,50,1,262568,1,155416,1,112953,1,1223251,1,10721,1,115568,1,11683,4,300723,4,83234,4,231907,4,435909,8,590716,96,47393,36,3066,1,27144,1,2715,1,0,0,0,0,0,0,0,0,102863,1,35710,1,4389,1,8296,1,21031,1,205014,1,27725,1,3687,1,5441,1,30049,1,74347,1,16342,1,232,1,9545,1,4468,1,16574,1,9545,1,48,1,1240,1,1,1,0,1,4502,1,5042,1,1,1,0,0,198837,1,306603,1,776,1,776,1,0,1,96,1,2268,1,97,1,0,1,2,1,0,1,0,1,1,1,8,1,24,1,0,1,0,1,208,1,16342,1,1,1,0,1,1700,1,18645,1,8,1,8,1,0,1,83337,1,97,1,12359,1,3927,1,107041,1,1963,1,1,1,32,1,32,1
430,1813800,4468,9545,28.988918,,0,11,8,96,30315,12956,29077,1783485,16,227,20,1,27384,1,40,1,261706,1,151639,1,113213,1,1218752,1,10731,1,110678,1,12144,4,299861,4,83535,4,235544,4,432462,8,591537,96,47393,36,3016,1,25871,1,2685,1,0,0,0,0,0,0,0,0,101310,1,33486,1,4359,1,7585,1,21342,1,205094,1,27394,1,4028,1,5421,1,30630,1,68665,1,16342,1,232,1,9545,1,4468,1,16574,1,9545,1,48,1,1240,1,1,1,0,1,4503,1,5042,1,0,1,0,0,197631,1,303798,1,776,1,776,1,0,1,96,1,2268,1,97,1,0,1,2,1,0,1,0,1,1,1,8,1,24,1,0,1,0,1,208,1,16342,1,1,1,1,1,2261,1,10131,1,8,1,8,1,0,1,81717,1,97,1,12359,1,495,1,105572,1,1534,1,1,1,32,1,32,1
431,1817700,4468,9545,28.988918,,0,11,8,96,31048,12445,29588,1786652,16,227,30,1,26953,1,30,1,259912,1,156959,1,113794,1,1218221,1,10751,1,110498,1,11954,4,299971,4,83384,4,235404,4,435709,8,594161,96,47363,36,2976,1,23276,1,2605,1,0,0,0,0,0,0,0,0,104586,1,35149,1,4639,1,6823,1,21352,1,203782,1,27755,1,3927,1,5411,1,30701,1,68515,1,16343,1,232,1,9545,1,4468,1,16575,1,9545,1,48,1,1240,1,1,1,0,1,4501,1,5042,1,2,1,0,0,203135,1,306042,1,776,1,776,1,0,1,96,1,2268,1,97,1,0,1,2,1,0,1,0,1,1,1,8,1,24,1,0,1,0,1,208,1,16343,1,1,1,0,1,1931,1,46728,1,8,1,8,1,0,1,89388,1,97,1,12920,1,396,1,108658,1,14899,1,1,1,32,1,32,1
432,1806900,4468,9545,28.988918,,0,11,8,96,30238,10090,29447,1776662,16,227,10,1,26963,1,30,1,259922,1,150046,1,113514,1,1215456,1,10721,1,110107,1,12234,4,299230,4,83284,4,234612,4,435499,8,593721,96,46943,36,3036,1,24649,1,2715,1,0,0,0,0,0,0,0,0,98895,1,34338,1,4439,1,7284,1,21222,1,203551,1,27634,1,3647,1,5140,1,30741,1,68545,1,16345,1,232,1,9545,1,4468,1,16577,1,9545,1,48,1,1240,1,1,1,0,1,4502,1,5042,1,1,1,0,0,206877,1,307725,1,776,1,776,1,0,1,96,1,2268,1,97,1,0,1,2,1,0,1,0,1,1,1,8,1,24,1,0,1,0,1,208,1,16345,1,1,1,0,1,1931,1,528,1,8,1,8,1,0,1,81255,1,97,1,13514,1,6633,1,114004,1,528,1,1,1,32,1,32,1
433,1809500,4468,9545,28.988918,,0,11,8,96,31225,12775,29498,1778275,16,227,50,1,27364,1,30,1,258239,1,151138,1,113734,1,1217039,1,10681,1,108544,1,11984,4,302436,4,84096,4,232118,4,434587,8,590113,96,47093,36,2956,1,24809,1,2735,1,0,0,0,0,0,0,0,0,99877,1,34488,1,4339,1,7575,1,20831,1,201678,1,27765,1,3888,1,5521,1,30620,1,66491,1,16345,1,232,1,9545,1,4468,1,16577,1,9545,1,48,1,1240,1,1,1,0,1,4503,1,5042,1,0,1,0,0,210123,1,302214,1,776,1,776,1,0,1,96,1,2268,1,97,1,0,1,2,1,0,1,0,1,1,1,8,1,24,1,0,1,0,1,208,1,16345,1,1,1,1,1,1997,1,5247,1,8,1,8,1,0,1,80744,1,97,1,13712,1,1980,1,115638,1,1039,1,1,1,32,1,32,1
434,1808800,4469,9545,28.988918,,0,11,8,96,30365,8747,28676,1778435,16,227,120,1,27174,1,30,1,258199,1,155346,1,113474,1,1213301,1,10791,1,110959,1,12184,4,300362,4,84126,4,230394,4,435889,8,590104,96,47504,36,3016,1,24889,1,2735,1,0,0,0,0,0,0,0,0,105799,1,32604,1,4369,1,7395,1,21041,1,202018,1,27454,1,3677,1,5461,1,30721,1,69096,1,16344,1,233,1,9545,1,4469,1,16577,1,9545,1,48,1,1240,1,1,1,0,1,4503,1,5042,1,0,1,0,0,209116,1,271128,1,776,1,776,1,0,1,96,1,2232,1,97,1,0,1,2,1,0,1,0,1,1,1,8,1,28,1,0,1,0,1,205,1,16344,1,0,1,0,1,1832,1,50490,1,8,1,8,1,0,1,75547,1,97,1,13448,1,528,1,114582,1,14140,1,1,1,32,1,32,1
435,1833600,4469,9545,28.988918,,0,11,8,96,30045,12505,30599,1803555,16,227,30,1,27274,1,30,1,259261,1,156128,1,114876,1,1235195,1,10761,1,114205,1,12364,4,300953,4,83344,4,234713,4,446771,8,601708,96,49177,36,2996,1,24609,1,2735,1,0,0,0,0,0,0,0,0,105268,1,33887,1,4399,1,7004,1,20651,1,203361,1,27925,1,3767,1,5471,1,30680,1,72002,1,16343,1,233,1,9545,1,4469,1,16576,1,9545,1,48,1,1240,1,1,1,0,1,4503,1,5042,1,0,1,0,0,215524,1,361218,1,776,1,776,1,0,1,96,1,2232,1,97,1,0,1,2,1,0,1,0,1,1,1,8,1,28,1,0,1,0,1,205,1,16343,1,1,1,0,1,2030,1,47157,1,8,1,8,1,0,1,98331,1,97,1,14240,1,429,1,114153,1,17985,1,1,1,32,1,32,1
436,1814300,4469,9545,28.988918,,0,11,8,96,30805,12915,28817,1783495,16,227,30,1,27154,1,30,1,258299,1,155076,1,113634,1,1218452,1,10821,1,111039,1,11643,4,299611,4,84036,4,232849,4,436020,8,592578,96,47474,36,3026,1,24619,1,2695,1,0,0,0,0,0,0,0,0,103965,1,33927,1,4359,1,6673,1,21492,1,202058,1,27755,1,3948,1,5451,1,30731,1,68896,1,16343,1,233,1,9545,1,4469,1,16576,1,9545,1,48,1,1240,1,1,1,0,1,4502,1,5042,1,1,1,0,0,207584,1,317757,1,776,1,776,1,0,1,96,1,2232,1,97,1,0,1,2,1,0,1,0,1,1,1,8,1,28,1,0,1,0,1,205,1,16343,1,1,1,1,1,2096,1,44385,1,8,1,8,1,0,1,84027,1,97,1,12656,1,5841,1,107421,1,16120,1,1,1,32,1,32,1
437,1951400,4469,9545,28.988918,,0,11,8,96,30925,13386,35567,1920475,16,227,60,1,27304,1,20,1,263670,1,168572,1,112872,1,1337055,1,10922,1,122041,1,12855,4,301905,4,86871,4,256115,4,508202,8,673250,96,55499,36,6072,1,26833,1,2775,1,0,0,0,0,0,0,0,0,116880,1,34578,1,4449,1,6523,1,21653,1,207309,1,27835,1,3998,1,5441,1,29809,1,80579,1,16343,1,233,1,9545,1,4469,1,16576,1,9545,1,48,1,1240,1,1,1,0,1,4503,1,5042,1,0,1,0,0,232250,1,408606,1,776,1,776,1,0,1,96,1,2232,1,97,1,0,1,2,1,0,1,0,1,1,1,8,1,28,1,0,1,0,1,205,1,16343,1,1,1,1,1,3135,1,74547,1,8,1,8,1,0,1,126362,1,97,1,13662,1,1353,1,128469,1,14536,1,1,1,32,1,32,1
438,1825700,4469,9545,28.988918,,0,11,8,96,32465,12925,28534,1793235,16,227,40,1,27384,1,30,1,261525,1,150827,1,114806,1,1227530,1,11092,1,111279,1,12004,4,301033,4,83555,4,236827,4,438725,8,599774,96,47243,36,3056,1,25420,1,2705,1,0,0,0,0,0,0,0,0,101560,1,32434,1,4409,1,6493,1,22524,1,203621,1,28566,1,3697,1,5601,1,30670,1,69257,1,16343,1,233,1,9545,1,4469,1,16576,1,9545,1,48,1,1240,1,1,1,0,1,4503,1,5042,1,0,1,0,0,202618,1,296835,1,776,1,776,1,0,1,96,1,2232,1,97,1,0,1,2,1,0,1,0,1,1,1,8,1,28,1,0,1,0,1,205,1,16343,1,1,1,1,1,3482,1,660,1,8,1,8,1,0,1,88200,1,97,1,12854,1,1155,1,108724,1,660,1,1,1,32,1,32,1
439,1812800,4469,9545,28.988918,,0,11,8,96,30517,11824,29035,1782283,16,227,40,1,27164,1,40,1,260483,1,152501,1,114045,1,1216989,1,11022,1,108554,1,11653,4,300282,4,83925,4,231506,4,438364,8,593672,96,47163,36,2946,1,25220,1,2715,1,0,0,0,0,0,0,0,0,100839,1,34678,1,4419,1,6473,1,22084,1,203691,1,27995,1,3767,1,5481,1,30711,1,66641,1,16344,1,233,1,9545,1,4469,1,16577,1,9545,1,48,1,1240,1,1,1,0,1,4502,1,5042,1,1,1,0,0,197191,1,311751,1,776,1,776,1,0,1,96,1,2232,1,97,1,0,1,2,1,0,1,0,1,1,1,8,1,28,1,0,1,0,1,205,1,16344,1,1,1,0,1,2162,1,28974,1,8,1,8,1,0,1,91996,1,97,1,12458,1,297,1,105160,1,2326,1,1,1,32,1,32,1
440,1846600,4469,9545,28.988918,,0,11,8,96,31031,12865,29306,1815569,16,227,30,1,27324,1,20,1,258329,1,149445,1,114055,1,1255625,1,10741,1,110909,1,12014,4,299220,4,83785,4,261666,4,444586,8,629522,96,47423,36,2996,1,24919,1,2665,1,0,0,0,0,0,0,0,0,98795,1,33957,1,4369,1,6403,1,21282,1,202249,1,27915,1,4108,1,5411,1,30540,1,68886,1,16344,1,233,1,9545,1,4469,1,16577,1,9545,1,48,1,1240,1,1,1,0,1,4503,1,5042,1,0,1,0,0,211925,1,442959,1,776,1,776,1,0,1,96,1,2232,1,97,1,0,1,2,1,0,1,0,1,1,1,8,1,28,1,0,1,0,1,205,1,16344,1,1,1,1,1,2327,1,8712,1,8,1,8,1,0,1,109935,1,97,1,13679,1,4257,1,117881,1,2029,1,1,1,32,1,32,1
441,1808800,4469,9545,28.988918,,0,11,8,96,30154,12865,28707,1778646,16,227,60,1,27003,1,30,1,258469,1,149034,1,114626,1,1218351,1,11072,1,113093,1,11883,4,300282,4,83695,4,232969,4,432583,8,589332,96,47514,36,2966,1,25330,1,2685,1,0,0,0,0,0,0,0,0,99636,1,32735,1,4359,1,6433,1,21282,1,202579,1,27825,1,4038,1,5511,1,30751,1,70800,1,16344,1,233,1,9545,1,4469,1,16577,1,9545,1,48,1,1240,1,1,1,0,1,4503,1,5042,1,0,1,0,0,209347,1,324687,1,776,1,776,1,0,1,96,1,2232,1,97,1,0,1,2,1,0,1,0,1,1,1,8,1,28,1,0,1,0,1,205,1,16344,1,1,1,1,1,2261,1,9504,1,8,1,8,1,0,1,81483,1,97,1,13613,1,5742,1,116215,1,1221,1,1,1,32,1,32,1
442,1808100,4468,9545,28.988918,,0,11,8,96,29995,8627,29598,1778105,16,227,10,1,27133,1,40,1,256606,1,151689,1,114255,1,1217159,1,11212,1,111380,1,11903,4,301765,4,83585,4,233871,4,435318,8,592017,96,47573,36,3026,1,24959,1,2725,1,0,0,0,0,0,0,0,0,99686,1,35330,1,4349,1,6192,1,21252,1,201036,1,27775,1,3587,1,5471,1,30921,1,69367,1,16344,1,232,1,9545,1,4468,1,16576,1,9545,1,48,1,1240,1,1,1,0,1,4503,1,5042,1,0,1,0,0,207765,1,289839,1,776,1,776,1,0,1,96,1,2268,1,97,1,0,1,2,1,0,1,0,1,1,1,8,1,24,1,0,1,0,1,208,1,16344,1,0,1,0,1,2261,1,30063,1,8,1,8,1,0,1,86486,1,97,1,13217,1,6237,1,116908,1,1765,1,1,1,32,1,32,1
443,1825300,4468,9545,28.988918,,0,11,8,96,29851,12935,29897,1795449,16,227,10,1,27304,1,30,1,259431,1,151819,1,114927,1,1231187,1,10741,1,112692,1,11633,4,302647,4,83945,4,234041,4,442853,8,599323,96,47674,36,2916,1,24789,1,2735,1,0,0,0,0,0,0,0,0,100318,1,34698,1,4359,1,6322,1,21262,1,203802,1,27755,1,4018,1,6142,1,30971,1,69597,1,16344,1,232,1,9545,1,4468,1,16576,1,9545,1,48,1,1240,1,1,1,0,1,4503,1,5042,1,0,1,0,0,210950,1,317460,1,776,1,776,1,0,1,96,1,2268,1,97,1,0,1,2,1,0,1,0,1,1,1,8,1,24,1,0,1,0,1,208,1,16344,1,1,1,1,1,1964,1,28842,1,8,1,8,1,0,1,98252,1,97,1,13745,1,1386,1,117519,1,1782,1,1,1,32,1,32,1
444,1801800,4469,9545,28.988918,,0,11,8,96,31982,8727,28636,1769818,16,227,10,1,26673,1,30,1,256295,1,156478,1,114095,1,1205516,1,10721,1,111490,1,11733,4,299751,4,83154,4,229041,4,431060,8,584633,96,46832,36,3026,1,24879,1,2655,1,0,0,0,0,0,0,0,0,105278,1,34147,1,4359,1,6162,1,21102,1,201357,1,27384,1,3517,1,5651,1,30510,1,69697,1,16337,1,240,1,9545,1,4469,1,16577,1,9545,1,48,1,1240,1,1,1,0,1,4503,1,5042,1,0,1,0,0,199521,1,277431,1,776,1,776,1,0,1,96,1,2268,1,97,1,0,1,2,1,0,1,0,1,1,1,8,1,24,1,0,1,0,1,216,1,16337,1,0,1,0,1,2096,1,44319,1,8,1,8,1,0,1,80478,1,97,1,12557,1,495,1,109730,1,16863,1,1,1,32,1,32,1
445,1911600,4469,9545,28.988918,,0,11,8,96,31264,14217,30009,1880336,16,227,10,1,26843,1,30,1,256666,1,157551,1,135707,1,1292708,1,10821,1,131780,1,12595,4,342094,4,83384,4,238741,4,434848,8,596307,96,47273,36,3968,1,28045,1,3036,1,0,0,0,0,0,0,0,0,103885,1,34738,1,4960,1,6102,1,21202,1,201517,1,27584,1,4519,1,6453,1,32414,1,85889,1,16337,1,240,1,9545,1,4469,1,16577,1,9545,1,48,1,1240,1,1,1,0,1,4503,1,5042,1,0,1,0,0,217086,1,310035,1,775,1,776,1,0,1,96,1,2268,1,97,1,0,1,2,1,0,1,0,1,1,1,8,1,24,1,0,1,0,1,216,1,16337,1,1,1,1,1,2063,1,44979,1,8,1,8,1,0,1,83491,1,97,1,14174,1,5841,1,119334,1,19585,1,1,1,32,1,32,1
446,1851500,4468,9545,28.988918,,0,11,8,96,30751,8737,30838,1820749,16,227,70,1,30741,1,70,1,258750,1,149805,1,136569,1,1234062,1,10681,1,112903,1,12254,4,318468,4,83354,4,231947,4,434857,8,589044,96,46922,36,3006,1,25761,1,2775,1,0,0,0,0,0,0,0,0,99366,1,32584,1,4910,1,6312,1,22815,1,195425,1,33927,1,4349,1,6212,1,30300,1,69778,1,16340,1,236,1,9545,1,4468,1,16576,1,9545,1,48,1,1240,1,1,1,0,1,4503,1,5042,1,0,1,0,0,211051,1,315018,1,776,1,776,1,0,1,96,1,2268,1,97,1,0,1,2,1,0,1,0,1,1,1,8,1,24,1,0,1,0,1,212,1,16340,1,0,1,0,1,2393,1,396,1,8,1,8,1,0,1,83450,1,97,1,13415,1,6072,1,116231,1,396,1,1,1,32,1,32,1
447,1805100,4469,9545,28.988918,,0,11,8,96,30823,8707,29116,1774277,16,227,10,1,26933,1,40,1,254091,1,154424,1,113514,1,1214474,1,10791,1,113043,1,11944,4,299911,4,83264,4,230825,4,436481,8,591377,96,46812,36,3016,1,24578,1,2705,1,0,0,0,0,0,0,0,0,104446,1,33005,1,4359,1,6002,1,21593,1,198541,1,27634,1,3697,1,5411,1,30570,1,71260,1,16337,1,240,1,9545,1,4469,1,16577,1,9545,1,48,1,1240,1,1,1,0,1,4503,1,5042,1,0,1,0,0,210301,1,307131,1,776,1,776,1,0,1,96,1,2268,1,97,1,0,1,2,1,0,1,0,1,1,1,8,1,24,1,0,1,0,1,216,1,16337,1,0,1,0,1,2327,1,47949,1,8,1,8,1,0,1,85363,1,97,1,13514,1,957,1,117188,1,13117,1,1,1,32,1,32,1
448,1807000,4468,9545,28.988918,,0,11,8,96,31280,8768,29196,1775720,16,227,20,1,27043,1,20,1,255784,1,156398,1,113985,1,1211758,1,10711,1,112201,1,11553,4,300993,4,83314,4,230635,4,435408,8,589724,96,47123,36,3046,1,23166,1,2675,1,0,0,0,0,0,0,0,0,105368,1,33907,1,4489,1,6032,1,21152,1,200545,1,27775,1,3757,1,5521,1,31101,1,69737,1,16339,1,236,1,9545,1,4468,1,16575,1,9545,1,48,1,1240,1,1,1,0,1,4502,1,5042,1,1,1,0,0,209662,1,277629,1,776,1,776,1,0,1,96,1,2268,1,97,1,0,1,2,1,0,1,0,1,1,1,8,1,24,1,0,1,0,1,212,1,16339,1,0,1,0,1,2228,1,47355,1,8,1,8,1,0,1,78519,1,97,1,14009,1,6138,1,117552,1,16780,1,1,1,32,1,32,1
449,1804000,4469,9545,28.988918,,0,11,8,96,30534,8667,29458,1773466,16,227,40,1,26542,1,30,1,256556,1,148773,1,112752,1,1218061,1,10711,1,110688,1,12334,4,300312,4,84186,4,232368,4,438073,8,593781,96,47203,36,2966,1,25761,1,2705,1,0,0,0,0,0,0,0,0,98725,1,33426,1,4359,1,7475,1,21302,1,199824,1,27655,1,4058,1,5501,1,30630,1,68515,1,16335,1,240,1,9545,1,4469,1,16575,1,9545,1,48,1,1240,1,1,1,0,1,4503,1,5042,1,0,1,0,0,209085,1,281589,1,776,1,776,1,0,1,96,1,2268,1,97,1,0,1,2,1,0,1,0,1,1,1,8,1,24,1,0,1,0,1,216,1,16335,1,0,1,0,1,2030,1,8943,1,8,1,8,1,0,1,82870,1,97,1,13943,1,1914,1,116512,1,2161,1,1,1,32,1,32,1
450,1808800,4468,9545,28.988918,,0,11,8,96,29954,8547,28967,1778846,16,227,20,1,27304,1,40,1,260423,1,151198,1,114265,1,1214444,1,11152,1,110267,1,11793,4,300723,4,83915,4,232779,4,435999,8,592828,96,46983,36,2976,1,24719,1,2725,1,0,0,0,0,0,0,0,0,99035,1,35420,1,4369,1,7715,1,21603,1,202940,1,27895,1,3777,1,5431,1,30981,1,68034,1,16346,1,229,1,9545,1,4468,1,16575,1,9545,1,48,1,1240,1,1,1,0,1,4502,1,5042,1,1,1,0,0,211505,1,293700,1,776,1,776,1,0,1,96,1,2232,1,97,1,0,1,2,1,0,1,0,1,1,1,8,1,28,1,0,1,0,1,201,1,16346,1,0,1,0,1,1964,1,2376,1,8,1,8,1,0,1,86094,1,97,1,13877,1,363,1,116380,1,775,1,1,1,32,1,32,1
451,1806400,4468,9545,28.988918,,0,11,8,96,29668,12565,29317,1776732,16,227,40,1,27284,1,30,1,260043,1,148072,1,113394,1,1217209,1,10661,1,109416,1,11753,4,301444,4,83986,4,232789,4,434767,8,590625,96,47614,36,2946,1,24829,1,2715,1,0,0,0,0,0,0,0,0,98534,1,32925,1,4349,1,7825,1,21272,1,202870,1,27775,1,3958,1,5471,1,30701,1,67303,1,16345,1,229,1,9545,1,4468,1,16574,1,9545,1,48,1,1240,1,1,1,0,1,4502,1,5042,1,1,1,0,0,206428,1,321981,1,776,1,776,1,0,1,96,1,2232,1,97,1,0,1,2,1,0,1,0,1,1,1,8,1,28,1,0,1,0,1,201,1,16345,1,1,1,0,1,2525,1,1122,1,8,1,8,1,0,1,87738,1,97,1,13448,1,6666,1,114136,1,1056,1,1,1,32,1,32,1
452,1809200,4469,9545,28.988918,,0,11,8,96,30895,8717,28965,1778305,16,227,40,1,27043,1,50,1,258399,1,157520,1,112862,1,1211538,1,10851,1,113383,1,11733,4,298619,4,83114,4,233781,4,431541,8,589724,96,46632,36,3016,1,24959,1,2675,1,0,0,0,0,0,0,0,0,105758,1,34909,1,4389,1,7375,1,20701,1,202168,1,27755,1,3828,1,5491,1,30640,1,71421,1,16338,1,237,1,9545,1,4469,1,16575,1,9545,1,48,1,1240,1,1,1,0,1,4503,1,5042,1,0,1,0,0,205770,1,322905,1,776,1,776,1,0,1,96,1,2232,1,97,1,0,1,2,1,0,1,0,1,1,1,8,1,28,1,0,1,0,1,209,1,16338,1,0,1,0,1,2030,1,51183,1,8,1,8,1,0,1,87923,1,97,1,13514,1,7887,1,110869,1,15196,1,1,1,32,1,32,1
453,1934400,4470,9545,28.988918,,0,11,8,96,31720,9198,32212,1902680,16,227,150,1,30831,1,60,1,287657,1,157871,1,145136,1,1270204,1,10771,1,113654,1,12605,4,334299,4,80769,4,244873,4,442642,8,605405,96,49898,36,3096,1,26332,1,2735,1,0,0,0,0,0,0,0,0,104195,1,34217,1,5320,1,7775,1,23807,1,220515,1,35029,1,4529,1,6703,1,30951,1,69026,1,16335,1,241,1,9545,1,4470,1,16576,1,9545,1,48,1,1240,1,1,1,0,1,4502,1,5042,1,1,1,0,0,207900,1,297396,1,776,1,776,1,0,1,96,1,2232,1,97,1,0,1,2,1,0,1,0,1,1,1,8,1,28,1,0,1,0,1,213,1,16335,1,0,1,0,1,5032,1,29337,1,8,1,8,1,0,1,86072,1,97,1,12919,1,6006,1,111369,1,3218,1,1,1,32,1,32,1
454,1859900,4469,9545,28.988918,,0,11,8,96,29673,8808,28964,1830227,16,227,60,1,30560,1,40,1,267427,1,151138,1,135728,1,1234393,1,10881,1,113523,1,12124,4,317085,4,83434,4,234192,4,434526,8,592430,96,47323,36,2926,1,25069,1,2705,1,0,0,0,0,0,0,0,0,100007,1,33296,1,4920,1,6954,1,22775,1,203391,1,33947,1,4409,1,6222,1,30400,1,70269,1,16338,1,237,1,9545,1,4469,1,16575,1,9545,1,48,1,1240,1,1,1,0,1,4502,1,5042,1,1,1,0,0,210995,1,311157,1,776,1,776,1,0,1,96,1,2232,1,97,1,0,1,2,1,0,1,0,1,1,1,8,1,28,1,0,1,0,1,209,1,16338,1,0,1,0,1,2327,1,28710,1,8,1,8,1,0,1,85602,1,97,1,13283,1,1419,1,117766,1,2524,1,1,1,32,1,32,1
455,1808600,4469,9545,28.988918,,0,11,8,96,29002,13316,28535,1779598,16,227,60,1,27244,1,30,1,257938,1,157831,1,113604,1,1212139,1,10751,1,111580,1,11503,4,299841,4,83354,4,229372,4,433134,8,586888,96,47083,36,2936,1,24428,1,2675,1,0,0,0,0,0,0,0,0,106300,1,34498,1,4389,1,6593,1,20821,1,202429,1,27685,1,4078,1,5441,1,30650,1,69357,1,16338,1,237,1,9545,1,4469,1,16575,1,9545,1,48,1,1240,1,1,1,0,1,4503,1,5042,1,0,1,0,0,210983,1,286902,1,776,1,776,1,0,1,96,1,2232,1,97,1,0,1,2,1,0,1,0,1,1,1,8,1,28,1,0,1,0,1,209,1,16338,1,1,1,1,1,2261,1,47850,1,8,1,8,1,0,1,82556,1,97,1,13580,1,1089,1,114664,1,16137,1,1,1,32,1,32,1
456,1816400,4469,9545,28.988918,,0,11,8,96,31993,12865,28886,1784407,16,227,30,1,26893,1,30,1,258339,1,153493,1,113193,1,1221478,1,10952,1,110398,1,11523,4,300142,4,83304,4,232939,4,440057,8,596817,96,47293,36,3096,1,24448,1,2705,1,0,0,0,0,0,0,0,0,103374,1,33306,1,4359,1,6543,1,21152,1,202529,1,27715,1,3928,1,5421,1,30660,1,68355,1,16338,1,237,1,9545,1,4469,1,16575,1,9545,1,48,1,1240,1,1,1,0,1,4502,1,5042,1,1,1,0,0,210983,1,314919,1,776,1,776,1,0,1,96,1,2232,1,97,1,0,1,2,1,0,1,0,1,1,1,8,1,28,1,0,1,0,1,209,1,16338,1,1,1,1,1,2723,1,44748,1,8,1,8,1,0,1,87773,1,97,1,13481,1,5511,1,115373,1,13843,1,1,1,32,1,32,1
457,1815400,4469,9545,28.988918,,0,11,8,96,30452,12925,28987,1784948,16,227,10,1,26983,1,30,1,257568,1,155997,1,114436,1,1219243,1,10681,1,111079,1,11733,4,300071,4,83805,4,235234,4,434296,8,593380,96,47163,36,2986,1,24428,1,2685,1,0,0,0,0,0,0,0,0,103314,1,35640,1,4399,1,6623,1,20841,1,201988,1,27875,1,4168,1,5561,1,30680,1,68655,1,16338,1,237,1,9545,1,4469,1,16575,1,9545,1,48,1,1240,1,1,1,0,1,4503,1,5042,1,0,1,0,0,206625,1,320694,1,776,1,776,1,0,1,96,1,2232,1,97,1,0,1,2,1,0,1,0,1,1,1,8,1,28,1,0,1,0,1,209,1,16338,1,1,1,1,1,2525,1,57816,1,8,1,8,1,0,1,83912,1,97,1,13283,1,330,1,113328,1,14767,1,1,1,32,1,32,1
458,1804200,4469,9545,28.988918,,0,11,8,96,30694,12816,28504,1773506,16,227,20,1,27083,1,40,1,257307,1,154535,1,113273,1,1210466,1,10781,1,109085,1,12004,4,299250,4,83384,4,232268,4,431551,8,588041,96,47273,36,2996,1,24378,1,2735,1,0,0,0,0,0,0,0,0,103845,1,33656,1,4399,1,6272,1,21442,1,201527,1,27825,1,3808,1,5531,1,30640,1,67102,1,16338,1,237,1,9545,1,4469,1,16575,1,9545,1,48,1,1240,1,1,1,0,1,4502,1,5042,1,1,1,0,0,205408,1,297957,1,776,1,776,1,0,1,96,1,2232,1,97,1,0,1,2,1,0,1,0,1,1,1,8,1,28,1,0,1,0,1,209,1,16338,1,1,1,1,1,2393,1,43791,1,8,1,8,1,0,1,85378,1,97,1,13547,1,6501,1,114532,1,11698,1,1,1,32,1,32,1
459,1912400,4469,9545,28.988918,,0,11,8,96,30912,11613,29587,1881488,16,227,20,1,31121,1,70,1,277557,1,149224,1,135477,1,1277177,1,10841,1,112632,1,12184,4,354609,4,80919,4,233350,4,439797,8,594403,96,49157,36,2986,1,26352,1,2735,1,0,0,0,0,0,0,0,0,97312,1,33266,1,4920,1,6713,1,22705,1,214984,1,32344,1,4379,1,6012,1,30680,1,69236,1,16339,1,237,1,9545,1,4469,1,16576,1,9545,1,48,1,1240,1,1,1,0,1,4502,1,5042,1,1,1,0,0,204853,1,288288,1,776,1,776,1,0,1,96,1,2232,1,97,1,0,1,2,1,0,1,0,1,1,1,8,1,28,1,0,1,0,1,209,1,16339,1,1,1,0,1,1996,1,5775,1,8,1,8,1,0,1,82276,1,97,1,12853,1,363,1,109654,1,1964,1,1,1,32,1,32,1
460,1932400,4469,9545,28.988918,,0,11,8,96,30271,13737,29989,1902129,16,227,30,1,30590,1,40,1,263780,1,160025,1,166278,1,1270564,1,10821,1,116149,1,12475,4,335882,4,85799,4,238991,4,437172,8,598109,96,48065,36,2976,1,24629,1,2755,1,0,0,0,0,0,0,0,0,106610,1,35129,1,5100,1,6593,1,22264,1,202549,1,32083,1,4860,1,5912,1,30530,1,72463,1,16339,1,237,1,9545,1,4469,1,16576,1,9545,1,48,1,1240,1,1,1,0,1,4502,1,5042,1,1,1,0,0,206632,1,300300,1,775,1,775,1,0,1,96,1,2232,1,97,1,0,1,2,1,0,1,0,1,1,1,8,1,28,1,0,1,0,1,209,1,16339,1,1,1,1,1,2195,1,51678,1,8,1,8,1,0,1,82670,1,97,1,14454,1,4653,1,113921,1,14899,1,1,1,32,1,32,1
461,1814900,4469,9545,28.988918,,0,11,8,96,30783,11192,29376,1784117,16,227,20,1,26753,1,40,1,260183,1,151378,1,114105,1,1220957,1,10681,1,110077,1,12124,4,300683,4,83585,4,233550,4,438695,8,595656,96,47213,36,2986,1,25380,1,2685,1,0,0,0,0,0,0,0,0,100839,1,33686,1,4349,1,7505,1,21292,1,203271,1,27805,1,3627,1,5361,1,30891,1,68175,1,16339,1,237,1,9545,1,4469,1,16576,1,9545,1,48,1,1240,1,1,1,0,1,4502,1,5042,1,1,1,0,0,204333,1,315117,1,775,1,775,1,0,1,96,1,2232,1,97,1,0,1,2,1,0,1,0,1,1,1,8,1,28,1,0,1,0,1,209,1,16339,1,1,1,0,1,2393,1,429,1,8,1,8,1,0,1,90430,1,97,1,12920,1,1122,1,110919,1,429,1,1,1,32,1,32,1
462,1885600,4469,9545,28.988922,,0,11,8,96,33650,12715,31451,1851950,16,227,180,1,30690,1,70,1,291254,1,160366,1,131048,1,1228171,1,10170,1,110698,1,12054,4,301023,4,83194,4,232478,4,444186,8,596748,96,48465,36,3517,1,25620,1,2685,1,0,0,0,0,0,0,0,0,107722,1,33787,1,5090,1,7725,1,24428,1,224913,1,33636,1,3747,1,5511,1,30490,1,68695,1,16340,1,237,1,9545,1,4469,1,16577,1,9545,1,48,1,1240,1,1,1,0,1,4501,1,5042,1,2,1,0,0,208131,1,297858,1,776,1,776,1,0,1,96,1,2232,1,97,1,0,1,2,1,0,1,0,1,1,1,8,1,28,1,0,1,0,1,209,1,16340,1,1,1,0,1,15295,1,57717,1,8,1,8,1,0,1,83483,1,97,1,13645,1,3762,1,111105,1,16385,1,1,1,32,1,32,1
463,1864500,4468,9545,28.988922,,0,11,8,96,31868,9038,30208,1832632,16,227,100,1,32775,1,40,1,282757,1,151659,1,135537,1,1219043,1,10721,1,113383,1,11913,4,299991,4,83715,4,233771,4,437162,8,593622,96,47103,36,3006,1,24328,1,2735,1,0,0,0,0,0,0,0,0,100027,1,33215,1,4920,1,7695,1,22695,1,218962,1,32294,1,4198,1,6222,1,30600,1,70118,1,16343,1,233,1,9545,1,4468,1,16576,1,9545,1,48,1,1240,1,1,1,0,1,4503,1,5042,1,0,1,0,0,202887,1,332145,1,776,1,776,1,0,1,96,1,2232,1,97,1,0,1,2,1,0,1,0,1,1,1,8,1,28,1,0,1,0,1,205,1,16343,1,0,1,0,1,2887,1,627,1,8,1,8,1,0,1,91464,1,97,1,13843,1,3630,1,111006,1,627,1,1,1,32,1,32,1
464,1891000,4469,9545,28.988922,,0,11,8,96,31229,8808,29708,1859771,16,227,10,1,27284,1,30,1,271996,1,155727,1,113163,1,1280559,1,11002,1,110227,1,11553,4,334549,4,83434,4,263434,4,433274,8,619908,96,47093,36,4298,1,27755,1,3226,1,0,0,0,0,0,0,0,0,103534,1,33366,1,4369,1,7495,1,21392,1,214874,1,27945,1,3477,1,5541,1,30440,1,68655,1,16341,1,237,1,9545,1,4469,1,16578,1,9545,1,48,1,1240,1,1,1,0,1,4503,1,5042,1,0,1,0,0,208999,1,384301,1,776,1,776,1,0,1,96,1,2232,1,97,1,0,1,2,1,0,1,0,1,1,1,8,1,28,1,0,1,0,1,209,1,16341,1,0,1,0,1,2161,1,56826,1,8,1,8,1,0,1,96597,1,97,1,13249,1,6138,1,116590,1,14174,1,1,1,32,1,32,1
465,1838400,4469,9545,28.988922,,0,11,8,96,30116,13146,28745,1808284,16,227,30,1,27324,1,30,1,269672,1,149354,1,129004,1,1222089,1,10781,1,111901,1,12324,4,306504,4,83004,4,231366,4,433394,8,588863,96,47153,36,3026,1,24679,1,2745,1,0,0,0,0,0,0,0,0,99586,1,32544,1,4589,1,6733,1,21603,1,210465,1,30540,1,4198,1,5962,1,30540,1,68906,1,16341,1,237,1,9545,1,4469,1,16578,1,9545,1,48,1,1240,1,1,1,0,1,4502,1,5042,1,1,1,0,0,208313,1,308517,1,776,1,776,1,0,1,96,1,2232,1,97,1,0,1,2,1,0,1,0,1,1,1,8,1,28,1,0,1,0,1,209,1,16341,1,1,1,1,1,2525,1,2640,1,8,1,8,1,0,1,81799,1,97,1,13019,1,6270,1,114433,1,610,1,1,1,32,1,32,1
466,1812700,4469,9545,28.988922,,0,11,8,96,31128,12896,29057,1781572,16,227,60,1,26913,1,30,1,261215,1,152170,1,113864,1,1216538,1,10781,1,112932,1,11833,4,298949,4,83244,4,232288,4,434296,8,590494,96,47033,36,2986,1,24388,1,2725,1,0,0,0,0,0,0,0,0,101169,1,33867,1,4389,1,6433,1,21162,1,205725,1,27624,1,3757,1,6132,1,30580,1,70439,1,16341,1,237,1,9545,1,4469,1,16578,1,9545,1,48,1,1240,1,1,1,0,1,4503,1,5042,1,0,1,0,0,208029,1,332343,1,776,1,776,1,0,1,96,1,2232,1,97,1,0,1,2,1,0,1,0,1,1,1,8,1,28,1,0,1,0,1,209,1,16341,1,1,1,1,1,2261,1,36399,1,8,1,8,1,0,1,86813,1,97,1,13052,1,6138,1,113476,1,7375,1,1,1,32,1,32,1
467,1804400,4469,9545,28.988922,,0,11,8,96,31676,9609,28985,1772724,16,227,70,1,27043,1,90,1,259752,1,153422,1,113233,1,1208171,1,10942,1,109245,1,11523,4,299250,4,83394,4,233861,4,432462,8,590516,96,46822,36,3016,1,23136,1,2675,1,0,0,0,0,0,0,0,0,101470,1,35009,1,4359,1,6312,1,21252,1,204273,1,27675,1,3797,1,5190,1,30701,1,67603,1,16340,1,237,1,9545,1,4469,1,16577,1,9545,1,48,1,1240,1,1,1,0,1,4502,1,5042,1,1,1,0,0,205670,1,312081,1,776,1,776,1,0,1,96,1,2232,1,97,1,0,1,2,1,0,1,0,1,1,1,8,1,28,1,0,1,0,1,209,1,16340,1,1,1,0,1,2261,1,9174,1,8,1,8,1,0,1,82671,1,97,1,12359,1,5544,1,108328,1,1980,1,1,1,32,1,32,1
468,1914700,4469,9545,28.988922,,0,11,8,96,32640,13597,31181,1882060,16,227,110,1,30590,1,60,1,281455,1,152461,1,134054,1,1273059,1,10270,1,125878,1,12234,4,334870,4,82262,4,236927,4,436971,8,589403,96,53315,36,3066,1,24548,1,2705,1,0,0,0,0,0,0,0,0,100729,1,33266,1,4940,1,6874,1,23677,1,216356,1,33997,1,4489,1,6102,1,30680,1,82242,1,16340,1,237,1,9545,1,4469,1,16577,1,9545,1,48,1,1240,1,1,1,0,1,4503,1,5042,1,0,1,0,0,205630,1,294855,1,776,1,776,1,0,1,96,1,2232,1,97,1,0,1,2,1,0,1,0,1,1,1,8,1,28,1,0,1,0,1,209,1,16340,1,1,1,1,1,5709,1,19767,1,8,1,8,1,0,1,83299,1,97,1,13167,1,1980,1,111194,1,4966,1,1,1,32,1,32,1
469,1884700,4469,9545,28.988922,,0,11,8,96,30736,13096,29588,1853964,16,227,70,1,30540,1,60,1,277176,1,162140,1,128022,1,1245174,1,10781,1,110878,1,12073,4,322355,4,83575,4,236336,4,436039,8,596035,96,46752,36,3046,1,25079,1,2695,1,0,0,0,0,0,0,0,0,110548,1,33716,1,4739,1,6773,1,22474,1,216186,1,31392,1,4419,1,5801,1,30099,1,68365,1,16340,1,237,1,9545,1,4469,1,16577,1,9545,1,48,1,1240,1,1,1,0,1,4502,1,5042,1,1,1,0,0,215699,1,345015,1,773,1,773,1,0,1,96,1,2232,1,97,1,0,1,2,1,0,1,0,1,1,1,8,1,28,1,0,1,0,1,209,1,16340,1,1,1,1,1,3547,1,55341,1,8,1,8,1,0,1,97324,1,97,1,16549,1,6336,1,120725,1,14685,1,1,1,32,1,32,1
470,1942800,4467,9545,28.988922,,0,11,8,96,42199,9078,31352,1900601,16,225,60,1,32163,1,90,1,286064,1,189208,1,128764,1,1253651,1,10601,1,116139,1,12645,4,320842,4,87523,4,235865,4,437513,8,595795,96,46231,36,3166,1,28145,1,2735,1,0,0,0,0,0,0,0,0,134951,1,35079,1,4789,1,10150,1,31422,1,215375,1,28456,1,4068,1,5781,1,29769,1,74387,1,16337,1,237,1,9545,1,4467,1,16574,1,9545,1,48,1,1240,1,1,1,0,1,4501,1,5042,1,2,1,0,0,208517,1,341484,1,776,1,776,1,0,1,96,1,2232,1,97,1,0,1,2,1,0,1,0,1,1,1,8,1,28,1,0,1,0,1,209,1,16337,1,0,1,0,1,5131,1,75025,1,8,1,8,1,0,1,90134,1,97,1,13068,1,1122,1,110798,1,20971,1,1,1,32,1,32,1
471,1901400,4468,9545,28.988922,,0,11,8,96,31023,9158,30761,1870377,16,227,90,1,30951,1,70,1,281234,1,153773,1,135617,1,1257889,1,10751,1,114596,1,12204,4,336463,4,78405,4,233540,4,440679,8,594302,96,49157,36,3517,1,26643,1,2685,1,0,0,0,0,0,0,0,0,99727,1,35630,1,4950,1,7745,1,22955,1,217709,1,32213,1,4469,1,6202,1,30901,1,70769,1,16335,1,241,1,9545,1,4468,1,16576,1,9545,1,48,1,1240,1,1,1,0,1,4503,1,5042,1,0,1,0,0,203032,1,300300,1,776,1,776,1,0,1,96,1,2232,1,97,1,0,1,2,1,0,1,0,1,1,1,8,1,28,1,0,1,0,1,213,1,16335,1,0,1,0,1,5131,1,14355,1,8,1,8,1,0,1,91534,1,97,1,12787,1,396,1,110132,1,1733,1,1,1,32,1,32,1
472,1889900,4467,9545,28.988922,,0,11,8,96,32128,8938,29877,1857772,16,227,70,1,30831,1,70,1,272738,1,157931,1,134746,1,1250625,1,10761,1,112382,1,12354,4,336333,4,83354,4,232288,4,432502,8,588081,96,46832,36,3086,1,26703,1,2685,1,0,0,0,0,0,0,0,0,105127,1,34248,1,4940,1,8346,1,23035,1,207669,1,33316,1,4278,1,6272,1,30360,1,69146,1,16344,1,233,1,9545,1,4467,1,16577,1,9545,1,48,1,1240,1,1,1,0,1,4502,1,5042,1,1,1,0,0,206694,1,314259,1,776,1,776,1,0,1,96,1,2232,1,97,1,0,1,2,1,0,1,0,1,1,1,8,1,28,1,0,1,0,1,205,1,16344,1,0,1,0,1,2228,1,48444,1,8,1,8,1,0,1,87989,1,97,1,14157,1,6501,1,110076,1,16516,1,1,1,32,1,32,1
473,1828300,4467,9545,28.988922,,0,11,8,96,31088,12915,30007,1797212,16,227,40,1,27013,1,30,1,264431,1,153853,1,112291,1,1228762,1,10791,1,112752,1,11944,4,298589,4,83635,4,235093,4,442001,8,599544,96,47544,36,3006,1,26071,1,2755,1,0,0,0,0,0,0,0,0,101901,1,34849,1,4379,1,7114,1,21452,1,207850,1,27725,1,4258,1,5501,1,30660,1,70309,1,16344,1,233,1,9545,1,4467,1,16577,1,9545,1,48,1,1240,1,1,1,0,1,4502,1,5042,1,1,1,0,0,214461,1,308319,1,775,1,776,1,0,1,96,1,2232,1,97,1,0,1,2,1,0,1,0,1,1,1,8,1,28,1,0,1,0,1,205,1,16344,1,1,1,1,1,2228,1,33891,1,8,1,8,1,0,1,80778,1,97,1,12392,1,1683,1,117221,1,6913,1,1,1,32,1,32,1
474,1918300,4467,9545,28.988922,,0,11,8,96,33395,13807,31291,1884905,16,227,70,1,30761,1,80,1,286695,1,151338,1,133954,1,1271877,1,10130,1,113584,1,12124,4,345431,4,82282,4,237719,4,435929,8,589051,96,53305,36,3116,1,25200,1,2685,1,0,0,0,0,0,0,0,0,100077,1,33055,1,4950,1,7665,1,24418,1,218020,1,36031,1,4539,1,6112,1,30761,1,69737,1,16344,1,233,1,9545,1,4467,1,16577,1,9545,1,48,1,1240,1,1,1,0,1,4503,1,5042,1,0,1,0,0,203007,1,301026,1,776,1,776,1,0,1,96,1,2232,1,97,1,0,1,2,1,0,1,0,1,1,1,8,1,28,1,0,1,0,1,205,1,16344,1,1,1,1,1,5445,1,21285,1,8,1,8,1,0,1,83135,1,97,1,13200,1,4422,1,112580,1,2805,1,1,1,32,1,32,1
475,1948300,4467,9545,28.988922,,0,11,8,96,32068,13537,30528,1916232,16,227,110,1,31151,1,40,1,273950,1,154715,1,134094,1,1311430,1,10741,1,113754,1,12495,4,352324,4,84106,4,261751,4,434005,8,618256,96,46973,36,4789,1,30991,1,3677,1,0,0,0,0,0,0,0,0,101470,1,34999,1,4940,1,7575,1,23126,1,208260,1,34688,1,4559,1,6082,1,30410,1,70359,1,16344,1,233,1,9545,1,4467,1,16577,1,9545,1,48,1,1240,1,1,1,0,1,4502,1,5042,1,1,1,0,0,214808,1,380737,1,775,1,775,1,0,1,96,1,2232,1,97,1,0,1,2,1,0,1,0,1,1,1,8,1,28,1,0,1,0,1,205,1,16344,1,1,1,1,1,2854,1,30690,1,8,1,8,1,0,1,92780,1,97,1,16071,1,2046,1,123275,1,2822,1,1,1,32,1,32,1
476,1851000,4467,9545,28.988922,,0,11,8,96,31143,12825,28936,1819857,16,227,110,1,27905,1,40,1,273659,1,155537,1,120047,1,1231838,1,10721,1,111229,1,11964,4,316905,4,83224,4,232428,4,432833,8,589192,96,47133,36,3397,1,24328,1,2705,1,0,0,0,0,0,0,0,0,104666,1,33767,1,4379,1,7435,1,22805,1,208621,1,34428,1,4018,1,5721,1,30340,1,69016,1,16344,1,233,1,9545,1,4467,1,16577,1,9545,1,48,1,1240,1,1,1,0,1,4503,1,5042,1,0,1,0,0,208776,1,295680,1,776,1,776,1,0,1,96,1,2232,1,97,1,0,1,2,1,0,1,0,1,1,1,8,1,28,1,0,1,0,1,205,1,16344,1,1,1,1,1,1898,1,46563,1,8,1,8,1,0,1,84473,1,97,1,13943,1,3828,1,116083,1,14272,1,1,1,32,1,32,1
477,1809500,4467,9545,28.988922,,0,11,8,96,29942,13116,28526,1779558,16,227,30,1,27154,1,30,1,260513,1,154725,1,111891,1,1214253,1,10962,1,111860,1,11453,4,298168,4,83615,4,232679,4,433464,8,590675,96,46943,36,2926,1,24258,1,2715,1,0,0,0,0,0,0,0,0,104286,1,33446,1,4359,1,6453,1,21252,1,205054,1,27494,1,4058,1,5371,1,30771,1,69657,1,16344,1,233,1,9545,1,4467,1,16577,1,9545,1,48,1,1240,1,1,1,0,1,4503,1,5042,1,0,1,0,0,202877,1,342177,1,776,1,776,1,0,1,96,1,2232,1,97,1,0,1,2,1,0,1,0,1,1,1,8,1,28,1,0,1,0,1,205,1,16344,1,1,1,1,1,2129,1,42933,1,8,1,8,1,0,1,95283,1,97,1,12557,1,396,1,108444,1,11632,1,1,1,32,1,32,1
478,1815200,4467,9545,28.988922,,0,11,8,96,30182,12014,28946,1785018,16,227,20,1,27264,1,30,1,263429,1,157811,1,115578,1,1210145,1,10741,1,110177,1,11943,4,298388,4,84076,4,229683,4,433434,8,587349,96,46822,36,2926,1,24789,1,2715,1,0,0,0,0,0,0,0,0,106570,1,34197,1,4369,1,9559,1,20941,1,204744,1,27935,1,3497,1,5040,1,29819,1,69747,1,16344,1,233,1,9545,1,4467,1,16577,1,9545,1,48,1,1240,1,1,1,0,1,4501,1,5042,1,2,1,0,0,205964,1,299508,1,776,1,776,1,0,1,96,1,2232,1,97,1,0,1,2,1,0,1,0,1,1,1,8,1,28,1,0,1,0,1,205,1,16344,1,1,1,1,1,1931,1,53229,1,8,1,8,1,0,1,75829,1,97,1,13349,1,1155,1,112651,1,15114,1,1,1,32,1,32,1
479,1806600,4467,9545,28.988922,,0,11,8,96,30259,10671,28525,1776341,16,227,10,1,27514,1,30,1,258489,1,155717,1,112943,1,1210867,1,10771,1,110317,1,12084,4,297797,4,83284,4,231937,4,434276,8,590375,96,47313,36,3377,1,24418,1,2705,1,0,0,0,0,0,0,0,0,104807,1,33907,1,4389,1,6423,1,21352,1,202700,1,27775,1,3547,1,5170,1,30701,1,68916,1,16343,1,233,1,9545,1,4467,1,16576,1,9545,1,48,1,1240,1,1,1,0,1,4503,1,5042,1,0,1,0,0,211310,1,322971,1,776,1,776,1,0,1,96,1,2232,1,97,1,0,1,2,1,0,1,0,1,1,1,8,1,28,1,0,1,0,1,205,1,16343,1,1,1,0,1,2426,1,47091,1,8,1,8,1,0,1,88229,1,97,1,13283,1,5808,1,112337,1,14305,1,1,1,32,1,32,1
480,1808900,4468,9545,28.988922,,0,11,8,96,30835,8848,28765,1778065,16,227,10,1,27364,1,30,1,256325,1,153432,1,113945,1,1216227,1,10731,1,117892,1,11693,4,299761,4,83174,4,230454,4,433464,8,588252,96,46902,36,3076,1,25160,1,2705,1,0,0,0,0,0,0,0,0,103484,1,33065,1,4419,1,6252,1,21072,1,200926,1,27775,1,3717,1,5561,1,30751,1,75729,1,16348,1,229,1,9545,1,4468,1,16577,1,9545,1,48,1,1240,1,1,1,0,1,4503,1,5042,1,0,1,0,0,210834,1,331287,1,776,1,776,1,0,1,96,1,2244,1,97,1,0,1,2,1,0,1,0,1,1,1,8,1,28,1,0,1,0,1,201,1,16348,1,0,1,0,1,2294,1,44649,1,8,1,8,1,0,1,96765,1,97,1,13712,1,2970,1,115489,1,14734,1,1,1,32,1,32,1
481,1798600,4468,9545,28.988922,,0,11,8,96,30194,12825,28375,1768406,16,227,40,1,27294,1,40,1,258419,1,147471,1,112161,1,1212259,1,10721,1,110828,1,11803,4,298649,4,83274,4,230234,4,434336,8,588922,96,47273,36,2956,1,24649,1,2705,1,0,0,0,0,0,0,0,0,96821,1,33837,1,4349,1,6322,1,21202,1,202880,1,27735,1,3948,1,5501,1,30670,1,68806,1,16348,1,229,1,9545,1,4468,1,16577,1,9545,1,48,1,1240,1,1,1,0,1,4503,1,5042,1,0,1,0,0,208939,1,283008,1,776,1,776,1,0,1,96,1,2244,1,97,1,0,1,2,1,0,1,0,1,1,1,8,1,28,1,0,1,0,1,201,1,16348,1,1,1,1,1,1931,1,20790,1,8,1,8,1,0,1,78337,1,97,1,13547,1,5544,1,114681,1,2442,1,1,1,32,1,32,1
482,1803300,4468,9545,28.988922,,0,11,8,96,30085,12846,28837,1773215,16,227,30,1,27785,1,30,1,255834,1,149455,1,113694,1,1215696,1,10691,1,109887,1,11823,4,298779,4,83495,4,231907,4,436360,8,592317,96,47113,36,2986,1,24889,1,2725,1,0,0,0,0,0,0,0,0,98705,1,34047,1,4349,1,6312,1,20951,1,200555,1,27705,1,3818,1,5501,1,30670,1,67894,1,16348,1,229,1,9545,1,4468,1,16577,1,9545,1,48,1,1240,1,1,1,0,1,4502,1,5042,1,1,1,0,0,206230,1,334191,1,776,1,776,1,0,1,96,1,2244,1,97,1,0,1,2,1,0,1,0,1,1,1,8,1,28,1,0,1,0,1,201,1,16348,1,1,1,1,1,2294,1,858,1,8,1,8,1,0,1,91354,1,97,1,13679,1,1419,1,112866,1,858,1,1,1,32,1,32,1
483,1905800,4468,9545,28.988922,,0,11,8,96,32287,9960,30329,1873513,16,227,80,1,30270,1,30,1,278439,1,153593,1,135637,1,1264703,1,10761,1,112662,1,12034,4,337625,4,82402,4,236987,4,441671,8,599292,96,49036,36,3387,1,25250,1,2725,1,0,0,0,0,0,0,0,0,102432,1,32224,1,4950,1,6954,1,22775,1,214793,1,33516,1,4479,1,6112,1,30851,1,68906,1,16349,1,229,1,9545,1,4468,1,16578,1,9545,1,48,1,1240,1,1,1,0,1,4503,1,5042,1,0,1,0,0,210070,1,327327,1,776,1,776,1,0,1,96,1,2232,1,97,1,0,1,2,1,0,1,0,1,1,1,8,1,28,1,0,1,0,1,201,1,16349,1,1,1,0,1,2458,1,1221,1,8,1,8,1,0,1,88762,1,97,1,13711,1,5544,1,111881,1,1221,1,1,1,32,1,32,1
484,1879600,4469,9545,28.988922,,0,11,8,96,31066,8817,28666,1848534,16,227,80,1,30761,1,30,1,265914,1,156639,1,128303,1,1256016,1,10791,1,116810,1,12214,4,333157,4,84266,4,233180,4,436901,8,594222,96,47193,36,3046,1,24919,1,2705,1,0,0,0,0,0,0,0,0,104847,1,34398,1,4629,1,6493,1,22825,1,204864,1,31482,1,4168,1,5932,1,30139,1,74076,1,16342,1,237,1,9545,1,4469,1,16579,1,9545,1,48,1,1240,1,1,1,0,1,4503,1,5042,1,0,1,0,0,210784,1,368049,1,776,1,776,1,0,1,96,1,2232,1,97,1,0,1,2,1,0,1,0,1,1,1,8,1,28,1,0,1,0,1,209,1,16342,1,0,1,0,1,2426,1,47520,1,8,1,8,1,0,1,107143,1,97,1,13712,1,6105,1,115720,1,12787,1,1,1,32,1,32,1
485,1814900,4469,9545,28.988922,,0,11,8,96,31866,12976,29077,1783034,16,227,70,1,26913,1,30,1,259662,1,154735,1,113634,1,1217179,1,10811,1,113965,1,12023,4,299019,4,83434,4,231937,4,433284,8,589162,96,46983,36,3006,1,24879,1,2655,1,0,0,0,0,0,0,0,0,103684,1,34017,1,4379,1,6182,1,21232,1,204042,1,27885,1,3818,1,5481,1,30640,1,71701,1,16342,1,237,1,9545,1,4469,1,16579,1,9545,1,48,1,1240,1,1,1,0,1,4503,1,5042,1,0,1,0,0,209237,1,344025,1,776,1,776,1,0,1,96,1,2232,1,97,1,0,1,2,1,0,1,0,1,1,1,8,1,28,1,0,1,0,1,209,1,16342,1,1,1,1,1,2129,1,42834,1,8,1,8,1,0,1,90560,1,97,1,12986,1,1320,1,109483,1,13810,1,1,1,32,1,32,1
486,2023100,4469,9545,28.988922,,0,11,8,96,32426,15370,38273,1990674,16,227,50,1,31131,1,50,1,278579,1,155697,1,134154,1,1380842,1,10170,1,123353,1,14088,4,359719,4,83404,4,258029,4,493002,8,656667,96,56091,36,3066,1,28085,1,2725,1,0,0,0,0,0,0,0,0,101370,1,35991,1,4930,1,6513,1,23065,1,215114,1,33456,1,4408,1,6232,1,29979,1,80148,1,16342,1,237,1,9545,1,4469,1,16579,1,9545,1,48,1,1240,1,1,1,0,1,4502,1,5042,1,1,1,0,0,215170,1,288783,1,776,1,776,1,0,1,96,1,2232,1,97,1,0,1,2,1,0,1,0,1,1,1,8,1,28,1,0,1,0,1,209,1,16342,1,1,1,1,1,3465,1,27060,1,8,1,8,1,0,1,93635,1,97,1,13299,1,4587,1,110980,1,1485,1,1,1,32,1,32,1
487,1919900,4469,9545,28.988922,,0,11,8,96,32079,13627,29677,1887821,16,227,110,1,31011,1,70,1,282447,1,154885,1,136038,1,1272458,1,10801,1,118564,1,12344,4,342605,4,83805,4,234833,4,434076,8,592470,96,46762,36,3106,1,26813,1,2685,1,0,0,0,0,0,0,0,0,102442,1,33787,1,4960,1,7455,1,23106,1,214713,1,36522,1,4248,1,6172,1,30430,1,75268,1,16342,1,237,1,9545,1,4469,1,16579,1,9545,1,48,1,1240,1,1,1,0,1,4503,1,5042,1,0,1,0,0,213125,1,363231,1,776,1,776,1,0,1,96,1,2232,1,97,1,0,1,2,1,0,1,0,1,1,1,8,1,28,1,0,1,0,1,209,1,16342,1,1,1,1,1,2491,1,28776,1,8,1,8,1,0,1,104967,1,97,1,15295,1,1914,1,119125,1,2921,1,1,1,32,1,32,1
488,1922800,4469,9545,28.988922,,0,11,8,96,30490,13687,28895,1892310,16,227,70,1,30811,1,40,1,274221,1,150066,1,145276,1,1281105,1,10721,1,112191,1,12655,4,361553,4,83585,4,233320,4,435158,8,590507,96,49077,36,2986,1,23286,1,2685,1,0,0,0,0,0,0,0,0,97632,1,33266,1,5280,1,6984,1,23256,1,208962,1,34708,1,4689,1,6523,1,30460,1,68034,1,16342,1,237,1,9545,1,4469,1,16579,1,9545,1,48,1,1240,1,1,1,0,1,4503,1,5042,1,0,1,0,0,207980,1,330528,1,776,1,776,1,0,1,96,1,2232,1,97,1,0,1,2,1,0,1,0,1,1,1,8,1,28,1,0,1,0,1,209,1,16342,1,1,1,1,1,2096,1,594,1,8,1,8,1,0,1,89040,1,97,1,13382,1,5775,1,115324,1,594,1,1,1,32,1,32,1
489,1927300,4469,9545,28.988922,,0,11,8,96,33237,13927,31302,1894063,16,227,110,1,30600,1,60,1,291585,1,157370,1,136168,1,1267318,1,10851,1,115658,1,12124,4,345772,4,79366,4,233931,4,434907,8,589261,96,48275,36,3086,1,25801,1,2745,1,0,0,0,0,0,0,0,0,103845,1,34628,1,4970,1,7084,1,23506,1,224553,1,35871,1,4489,1,6252,1,30821,1,71691,1,16342,1,237,1,9545,1,4469,1,16579,1,9545,1,48,1,1240,1,1,1,0,1,4503,1,5042,1,0,1,0,0,203441,1,296967,1,776,1,776,1,0,1,96,1,2232,1,97,1,0,1,2,1,0,1,0,1,1,1,8,1,28,1,0,1,0,1,209,1,16342,1,1,1,1,1,4653,1,58410,1,8,1,8,1,0,1,80017,1,97,1,13167,1,5478,1,112481,1,14074,1,1,1,32,1,32,1
490,1873100,4469,9545,28.988922,,0,11,8,96,32021,13046,28405,1841079,16,227,50,1,30871,1,40,1,265082,1,150296,1,126660,1,1257258,1,10821,1,111770,1,12004,4,333257,4,83314,4,235194,4,438083,8,597258,96,47614,36,2966,1,24899,1,2725,1,0,0,0,0,0,0,0,0,98605,1,34528,1,4599,1,6072,1,21933,1,207279,1,29498,1,4248,1,5892,1,30741,1,68665,1,16342,1,237,1,9545,1,4469,1,16579,1,9545,1,48,1,1240,1,1,1,0,1,4502,1,5042,1,1,1,0,0,211872,1,356367,1,776,1,776,1,0,1,96,1,2232,1,97,1,0,1,2,1,0,1,0,1,1,1,8,1,28,1,0,1,0,1,209,1,16342,1,1,1,1,1,1733,1,2145,1,8,1,8,1,0,1,90564,1,97,1,13431,1,5511,1,115819,1,1039,1,1,1,32,1,32,1
491,1818800,4469,9545,28.988922,,0,11,8,96,31497,13256,28948,1787303,16,227,20,1,27123,1,40,1,260333,1,147661,1,114856,1,1226447,1,10821,1,117091,1,11733,4,299370,4,83444,4,230414,4,440389,8,594642,96,47213,36,3006,1,25099,1,2645,1,0,0,0,0,0,0,0,0,97803,1,33145,1,4359,1,5962,1,21482,1,205034,1,27384,1,3797,1,5471,1,30690,1,74848,1,16343,1,237,1,9545,1,4469,1,16580,1,9545,1,48,1,1240,1,1,1,0,1,4503,1,5042,1,0,1,0,0,204827,1,384978,1,776,1,776,1,0,1,96,1,2232,1,97,1,0,1,2,1,0,1,0,1,1,1,8,1,28,1,0,1,0,1,209,1,16343,1,1,1,0,1,2162,1,21714,1,8,1,8,1,0,1,113120,1,97,1,12755,1,3135,1,108031,1,2442,1,1,1,32,1,32,1
492,1889600,4469,9545,28.988922,,0,11,8,96,31918,13366,30780,1857682,16,227,140,1,30490,1,50,1,288719,1,151839,1,131038,1,1244723,1,10681,1,110999,1,11763,4,322586,4,79767,4,233340,4,442022,8,596527,96,48055,36,3066,1,25029,1,2785,1,0,0,0,0,0,0,0,0,100638,1,32644,1,5010,1,6573,1,22915,1,224723,1,33316,1,4168,1,5641,1,30711,1,68194,1,16343,1,237,1,9545,1,4469,1,16580,1,9545,1,48,1,1240,1,1,1,0,1,4503,1,5042,1,0,1,0,0,205956,1,322773,1,775,1,776,1,0,1,96,1,2232,1,97,1,0,1,2,1,0,1,0,1,1,1,8,1,28,1,0,1,0,1,209,1,16343,1,1,1,1,1,3184,1,22341,1,8,1,8,1,0,1,99043,1,97,1,12886,1,6336,1,109918,1,2888,1,1,1,32,1,32,1
493,2010900,4469,9545,28.988922,,0,11,8,96,29935,13196,37638,1980965,16,227,100,1,30500,1,40,1,272046,1,171799,1,144986,1,1350652,1,10841,1,114145,1,13907,4,306845,4,90558,4,258089,4,522089,8,685136,96,57403,36,3086,1,25961,1,2775,1,0,0,0,0,0,0,0,0,117001,1,35680,1,5280,1,6823,1,23366,1,205786,1,35781,1,4028,1,5611,1,30089,1,72262,1,16343,1,237,1,9545,1,4469,1,16580,1,9545,1,48,1,1240,1,1,1,0,1,4503,1,5042,1,0,1,0,0,221417,1,415305,1,773,1,773,1,0,1,96,1,2232,1,97,1,0,1,2,1,0,1,0,1,1,1,8,1,28,1,0,1,0,1,209,1,16343,1,1,1,1,1,1733,1,47058,1,8,1,8,1,0,1,111103,1,97,1,14867,1,4785,1,111373,1,17242,1,1,1,32,1,32,1
494,1959100,4469,9545,28.988922,,0,11,8,96,30168,10170,35406,1928932,16,227,110,1,26903,1,50,1,263750,1,169664,1,118474,1,1339079,1,10901,1,124505,1,12986,4,301845,4,87452,4,255985,4,512360,8,676638,96,56301,36,6122,1,24869,1,2785,1,0,0,0,0,0,0,0,0,119646,1,33035,1,4389,1,6112,1,23075,1,206697,1,27474,1,3386,1,5230,1,30069,1,83485,1,16341,1,237,1,9545,1,4469,1,16578,1,9545,1,48,1,1240,1,1,1,0,1,4503,1,5042,1,0,1,0,0,224240,1,456357,1,776,1,776,1,0,1,96,1,2232,1,97,1,0,1,2,1,0,1,0,1,1,1,8,1,28,1,0,1,0,1,209,1,16341,1,1,1,0,1,1766,1,48048,1,8,1,8,1,0,1,118825,1,97,1,13646,1,2541,1,115324,1,13365,1,1,1,32,1,32,1
495,1922100,4469,9545,28.988922,,0,11,8,96,29991,10982,37821,1892109,16,227,110,1,27033,1,30,1,261245,1,161368,1,113103,1,1318479,1,10741,1,114135,1,12735,4,302817,4,89877,4,255113,4,498102,8,656417,96,58976,36,6012,1,25971,1,2735,1,0,0,0,0,0,0,0,0,112692,1,31482,1,4449,1,6062,1,22063,1,205194,1,27544,1,3517,1,5200,1,30270,1,73174,1,16341,1,237,1,9545,1,4469,1,16578,1,9545,1,48,1,1240,1,1,1,0,1,4503,1,5042,1,0,1,0,0,225507,1,313269,1,774,1,774,1,0,1,96,1,2244,1,97,1,0,1,2,1,0,1,0,1,1,1,8,1,28,1,0,1,0,1,209,1,16341,1,1,1,0,1,2063,1,46695,1,8,1,8,1,0,1,89661,1,97,1,13778,1,3894,1,118101,1,15130,1,1,1,32,1,32,1
496,2088300,4469,9545,28.988922,,0,11,8,96,35253,11653,40607,2053047,16,227,140,1,31061,1,70,1,286204,1,176578,1,134325,1,1414448,1,10220,1,126279,1,14559,4,360190,4,94877,4,263149,4,509364,8,672869,96,59036,36,6142,1,25370,1,2866,1,0,0,0,0,0,0,0,0,124265,1,33606,1,5070,1,6653,1,22695,1,221998,1,34157,1,4028,1,5831,1,30570,1,83264,1,16340,1,237,1,9545,1,4469,1,16577,1,9545,1,48,1,1240,1,1,1,0,1,4502,1,5042,1,1,1,0,0,234300,1,304689,1,776,1,776,1,0,1,96,1,2232,1,97,1,0,1,2,1,0,1,0,1,1,1,8,1,28,1,0,1,0,1,209,1,16340,1,1,1,0,1,15225,1,70356,1,8,1,8,1,0,1,91288,1,97,1,13756,1,4356,1,126083,1,15845,1,1,1,32,1,32,1
497,2073000,4469,9545,28.988922,,0,11,8,96,32273,11633,37461,2040727,16,227,50,1,30139,1,30,1,278739,1,165817,1,136108,1,1419022,1,10821,1,117030,1,13597,4,363426,4,88444,4,258540,4,526833,8,693234,96,54678,36,4809,1,31021,1,3687,1,0,0,0,0,0,0,0,0,113023,1,33847,1,4920,1,7725,1,22835,1,215164,1,32594,1,4178,1,6052,1,30330,1,73896,1,16341,1,237,1,9545,1,4469,1,16578,1,9545,1,48,1,1240,1,1,1,0,1,4501,1,5042,1,2,1,0,0,232079,1,384631,1,772,1,772,1,0,1,96,1,2244,1,97,1,0,1,2,1,0,1,0,1,1,1,8,1,28,1,0,1,0,1,209,1,16341,1,1,1,0,1,2694,1,891,1,8,1,8,1,0,1,101674,1,97,1,14145,1,2178,1,123422,1,891,1,1,1,32,1,32,1
498,1946200,4469,9545,28.988922,,0,11,8,96,30203,11032,37158,1915997,16,227,120,1,27464,1,50,1,269120,1,156168,1,118223,1,1333739,1,11112,1,115367,1,13467,4,309831,4,89476,4,258840,4,501809,8,665176,96,58315,36,6122,1,25079,1,2715,1,0,0,0,0,0,0,0,0,106039,1,32965,1,4359,1,8377,1,23106,1,209242,1,27835,1,3447,1,5361,1,30420,1,73936,1,16343,1,237,1,9545,1,4469,1,16580,1,9545,1,48,1,1240,1,1,1,0,1,4502,1,5042,1,1,1,0,0,223272,1,356235,1,774,1,774,1,0,1,96,1,2244,1,97,1,0,1,2,1,0,1,0,1,1,1,8,1,28,1,0,1,0,1,209,1,16343,1,1,1,0,1,1931,1,2739,1,8,1,8,1,0,1,102138,1,97,1,13910,1,5148,1,117870,1,1171,1,1,1,32,1,32,1
499,2061000,4468,9545,28.988922,,0,11,8,96,32201,9198,40135,2028799,16,227,60,1,30610,1,50,1,283659,1,181428,1,144525,1,1378317,1,10150,1,123363,1,15300,4,351643,4,85609,4,259642,4,498693,8,658973,96,59227,36,5972,1,26132,1,2765,1,0,0,0,0,0,0,0,0,127942,1,34217,1,5300,1,7916,1,23857,1,214894,1,36592,1,4489,1,6553,1,30260,1,79507,1,16351,1,229,1,9545,1,4468,1,16580,1,9545,1,48,1,1240,1,1,1,0,1,4503,1,5042,1,0,1,0,0,217661,1,280005,1,776,1,776,1,0,1,96,1,2244,1,97,1,0,1,2,1,0,1,0,1,1,1,8,1,28,1,0,1,0,1,201,1,16351,1,0,1,0,1,2013,1,55308,1,8,1,8,1,0,1,91557,1,97,1,13002,1,4125,1,113059,1,14416,1,1,1,32,1,32,1
