step,wall_ns,manifolds,pairs,top_y,awake,void,colors,wide_colors,waves,g_ns,u_ns,r_ns,sys_sum_ns,disp_lane,worker_lane_max,sys_physics_integrate_ns,sys_physics_integrate_n,sys_physics_gather_ns,sys_physics_gather_n,sys_select_broadphase_ns,sys_select_broadphase_n,sys_physics_broadphase_ns,sys_physics_broadphase_n,sys_physics_narrowphase_ns,sys_physics_narrowphase_n,sys_physics_build_graph_ns,sys_physics_build_graph_n,sys_physics_solve_colored_ns,sys_physics_solve_colored_n,sys_physics_apply_ns,sys_physics_apply_n,phys_solve_build_ns,phys_solve_build_n,phys_gravity_ns,phys_gravity_n,phys_warm_apply_ns,phys_warm_apply_n,phys_integrate_ns,phys_integrate_n,phys_pass_biased_ns,phys_pass_biased_n,phys_pass_relax_ns,phys_pass_relax_n,phys_color_wide_ns,phys_color_wide_n,phys_color_narrow_ns,phys_color_narrow_n,phys_restitution_ns,phys_restitution_n,phys_store_ns,phys_store_n,phys_write_back_ns,phys_write_back_n,phys_sleep_begin_ns,phys_sleep_begin_n,phys_sleep_freeze_ns,phys_sleep_freeze_n,phys_sleep_end_ns,phys_sleep_end_n,phys_np_dispatch_ns,phys_np_dispatch_n,phys_np_compact_ns,phys_np_compact_n,phys_np_axis_commit_ns,phys_np_axis_commit_n,phys_bp_verify_ns,phys_bp_verify_n,phys_bp_build_ns,phys_bp_build_n,phys_bp_query_ns,phys_bp_query_n,phys_bp_assemble_ns,phys_bp_assemble_n,phys_slots_wide,phys_slots_wide_n,phys_slots_narrow,phys_slots_narrow_n,phys_np_pairs,phys_np_pairs_n,phys_np_manifolds,phys_np_manifolds_n,phys_np_points,phys_np_points_n,phys_bp_pairs,phys_bp_pairs_n,phys_np_chunks,phys_np_chunks_n,phys_bp_queried,phys_bp_queried_n,phys_bp_members,phys_bp_members_n,phys_bp_rebuilds,phys_bp_rebuilds_n
0,6129100,4495,9570,35.998295,,0,9,9,108,148944,8617,2845,5980156,16,142,962,1,131905,1,491,1,736361,1,1138473,1,230645,1,3727183,1,14137,1,787309,1,13055,4,558117,4,103059,4,759075,4,1464196,8,2220425,108,0,0,4058,1,25870,1,3827,1,0,0,0,0,0,0,767426,1,215205,1,24597,1,47391,1,74975,1,556123,1,53684,1,17980,1,0,1,9570,1,4495,1,17980,1,9570,1,48,1,1241,1,0,1,0,1
1,3947000,4196,9570,35.993866,,0,8,8,96,62944,1313,3046,3884056,16,149,180,1,37172,1,100,1,535734,1,359634,1,99943,1,2840492,1,10801,1,389612,1,12133,4,519202,4,78461,4,625487,4,1185598,8,1808039,96,0,0,3026,1,22964,1,2695,1,0,0,0,0,0,0,330097,1,21732,1,4629,1,12875,1,27493,1,469747,1,25239,1,15924,1,0,1,9570,1,4196,1,15924,1,9570,1,48,1,1241,1,0,1,0,1
2,3811000,4142,9570,35.986713,,0,8,8,96,40413,1333,3307,3770587,16,149,70,1,25359,1,50,1,485888,1,441592,1,92028,1,2714799,1,10801,1,282505,1,11763,4,476209,4,78351,4,630948,4,1205867,8,1833508,96,0,0,2956,1,22103,1,2765,1,0,0,0,0,0,0,418898,1,15490,1,4308,1,16432,1,23586,1,412606,1,32914,1,15744,1,0,1,9570,1,4142,1,15744,1,9570,1,48,1,1240,1,1,1,1,1
3,3699500,4111,9570,35.976837,,0,8,8,96,40128,1272,2224,3659372,16,149,180,1,29908,1,80,1,486619,1,345978,1,87940,1,2698197,1,10470,1,296713,1,12234,4,483223,4,78792,4,618774,4,1178955,8,1795505,96,0,0,3036,1,22463,1,2735,1,0,0,0,0,0,0,319487,1,19317,1,4268,1,11342,1,23575,1,417235,1,34116,1,15687,1,0,1,9570,1,4111,1,15687,1,9570,1,48,1,1240,1,1,1,0,1
4,3758900,4100,9570,35.964233,,0,8,8,96,32423,1393,3998,3726477,16,149,150,1,29948,1,50,1,475387,1,347060,1,94082,1,2768999,1,10801,1,276864,1,12163,4,518851,4,81417,4,628834,4,1219148,8,1843983,96,0,0,3366,1,24127,1,2835,1,0,0,0,0,0,0,321601,1,18496,1,3948,1,5040,1,23525,1,417045,1,29547,1,15670,1,0,1,9570,1,4100,1,15670,1,9570,1,48,1,1240,1,1,1,0,1
5,3639300,4087,9570,35.948902,,0,8,8,96,30686,1182,3297,3608614,16,149,60,1,25098,1,50,1,462312,1,353683,1,86357,1,2670033,1,11021,1,274790,1,11642,4,472211,4,78471,4,620658,4,1183093,8,1800454,96,0,0,2906,1,22373,1,2705,1,0,0,0,0,0,0,328614,1,18325,1,3847,1,4879,1,23115,1,409490,1,24628,1,15642,1,0,1,9570,1,4087,1,15642,1,9570,1,48,1,1240,1,1,1,0,1
6,3837700,4079,9570,35.93085,,0,8,8,96,40863,1303,2195,3796837,16,149,170,1,30228,1,80,1,486058,1,370725,1,95274,1,2801446,1,12855,1,312603,1,12574,4,511507,4,85365,4,645365,4,1204424,8,1847595,96,0,0,3066,1,22523,1,2715,1,0,0,0,0,0,0,346669,1,17293,1,3717,1,9779,1,22924,1,417957,1,35028,1,15666,1,0,1,9570,1,4079,1,15666,1,9570,1,48,1,1240,1,1,1,0,1
7,3685400,4073,9570,35.910072,,0,8,8,96,33312,2645,1944,3652088,16,149,80,1,30308,1,30,1,462583,1,356097,1,85255,1,2706824,1,10911,1,279840,1,11733,4,476269,4,79193,4,625026,4,1204254,8,1827336,96,0,0,2936,1,22223,1,2705,1,0,0,0,0,0,0,330738,1,18596,1,3827,1,4829,1,23065,1,406264,1,28074,1,15684,1,0,1,9570,1,4073,1,15684,1,9570,1,48,1,1240,1,1,1,0,1
8,3656600,4066,9570,35.88657,,0,8,8,96,31324,1122,1915,3625276,16,149,60,1,25269,1,30,1,457242,1,351949,1,85906,1,2693809,1,11011,1,278297,1,11783,4,478493,4,78842,4,620968,4,1196128,8,1815182,96,0,0,2886,1,22533,1,2755,1,0,0,0,0,0,0,326680,1,18596,1,3867,1,4849,1,21071,1,404260,1,26882,1,15684,1,0,1,9570,1,4066,1,15684,1,9570,1,48,1,1240,1,1,1,0,1
9,3662300,4061,9570,35.86034,,0,8,8,96,30441,1072,1964,3631859,16,149,10,1,25429,1,50,1,455269,1,339295,1,85144,1,2715711,1,10951,1,275762,1,12083,4,478814,4,78241,4,627611,4,1214514,8,1840161,96,0,0,2856,1,22053,1,2705,1,0,0,0,0,0,0,314908,1,18005,1,3637,1,4889,1,20780,1,403288,1,26130,1,15705,1,0,1,9570,1,4061,1,15705,1,9570,1,48,1,1240,1,1,1,0,1
10,3654400,4053,9570,35.831387,,0,8,8,96,31498,1152,1854,3622902,16,149,130,1,25058,1,40,1,452523,1,356348,1,85425,1,2692476,1,10901,1,273598,1,11793,4,476630,4,78862,4,623333,4,1199044,8,1820523,96,0,0,2946,1,22343,1,2775,1,0,0,0,0,0,0,332011,1,17834,1,3617,1,4799,1,21702,1,401475,1,24397,1,15690,1,0,1,9570,1,4053,1,15690,1,9570,1,48,1,1240,1,1,1,0,1
11,3687400,4054,9570,35.79971,,0,8,8,96,32306,1232,1994,3655094,16,149,180,1,30469,1,60,1,474726,1,350837,1,92258,1,2696023,1,10540,1,279529,1,11602,4,480247,4,78171,4,622982,4,1194034,8,1815022,96,0,0,3226,1,22263,1,2735,1,0,0,0,0,0,0,325458,1,18586,1,3837,1,4930,1,21982,1,419730,1,27834,1,15715,1,0,1,9570,1,4054,1,15715,1,9570,1,48,1,1240,1,1,1,0,1
12,3727400,4056,9570,35.765305,,0,8,8,96,31923,1092,2014,3695477,16,149,150,1,30238,1,40,1,468815,1,347721,1,92148,1,2745484,1,10881,1,295320,1,11532,4,479475,4,78732,4,622020,4,1226352,8,1846358,96,0,0,3567,1,24357,1,3036,1,0,0,0,0,0,0,322943,1,18375,1,3607,1,4930,1,23105,1,413779,1,26792,1,15716,1,0,1,9570,1,4056,1,15716,1,9570,1,48,1,1240,1,1,1,0,1
13,3655900,4055,9570,35.728176,,0,8,8,96,30413,1172,1854,3625487,16,149,130,1,26471,1,50,1,467482,1,343443,1,86367,1,2690643,1,10901,1,279299,1,11813,4,477852,4,80275,4,620077,4,1192642,8,1810864,96,0,0,2896,1,21932,1,2685,1,0,0,0,0,0,0,319006,1,17965,1,3597,1,4839,1,23115,1,409340,1,29988,1,15731,1,0,1,9570,1,4055,1,15731,1,9570,1,48,1,1240,1,1,1,0,1
14,3753600,4060,9570,35.688324,,0,8,8,96,32409,1323,2125,3721191,16,149,70,1,25038,1,50,1,454187,1,379943,1,84573,1,2766218,1,11111,1,268198,1,11823,4,484806,4,78562,4,645436,4,1238260,8,1881570,96,0,0,2996,1,32022,1,2795,1,0,0,0,0,0,0,357901,1,15400,1,3807,1,4799,1,20960,1,403308,1,24908,1,15731,1,0,1,9570,1,4060,1,15731,1,9570,1,48,1,1240,1,1,1,0,1
15,3760900,4057,9570,35.64575,,0,8,8,96,40620,1463,1925,3720280,16,149,90,1,31902,1,90,1,489415,1,350236,1,93100,1,2742072,1,13376,1,301362,1,12083,4,486529,4,80285,4,627251,4,1203984,8,1829309,96,0,0,3246,1,23115,1,2755,1,0,0,0,0,0,0,321300,1,22002,1,3747,1,14077,1,23706,1,423217,1,28124,1,15734,1,0,1,9570,1,4057,1,15734,1,9570,1,48,1,1240,1,1,1,0,1
16,3710800,4055,9570,35.600445,,0,8,8,96,30738,1202,1944,3680062,16,149,50,1,30709,1,60,1,468204,1,346779,1,88391,1,2734768,1,11101,1,290160,1,11993,4,485497,4,79183,4,629505,4,1209194,8,1836754,96,0,0,2835,1,22513,1,2685,1,0,0,0,0,0,0,322552,1,17925,1,3577,1,4849,1,22594,1,413769,1,26812,1,15727,1,0,1,9570,1,4055,1,15727,1,9570,1,48,1,1240,1,1,1,0,1
17,4520500,4051,9570,35.552414,,0,8,8,96,43150,1803,3507,4477350,16,149,160,1,30970,1,70,1,487080,1,388390,1,85094,1,3469786,1,15800,1,279880,1,12364,4,515114,4,91467,4,863842,4,1635551,8,2495886,96,0,0,5030,1,61128,1,3607,1,0,0,0,0,0,0,364233,1,17514,1,3697,1,11733,1,21431,1,424990,1,28475,1,15724,1,0,1,9570,1,4051,1,15724,1,9570,1,48,1,1240,1,1,1,0,1
18,5604900,4049,9570,35.501663,,0,8,8,96,54789,2845,6533,5550111,16,129,1032,1,35579,1,581,1,589397,1,614616,1,173535,1,4120372,1,14999,1,707445,1,19407,4,575320,4,92819,4,916268,4,1720941,8,2630677,96,0,0,5691,1,73893,1,5741,1,0,0,0,0,0,0,534171,1,61699,1,4749,1,7545,1,30198,1,511387,1,39156,1,15728,1,0,1,9570,1,4049,1,15728,1,9570,1,48,1,1240,1,1,1,0,1
19,5147900,4050,9570,35.448185,,0,8,8,96,55262,2805,2786,5092638,16,149,782,1,33745,1,220,1,517469,1,603946,1,148006,1,3775636,1,12835,1,666777,1,14298,4,495647,4,89372,4,847315,4,1591541,8,2436070,96,0,0,4829,1,59545,1,3507,1,0,0,0,0,0,0,515545,1,70726,1,4128,1,6392,1,28635,1,444117,1,37011,1,15736,1,0,1,9570,1,4050,1,15736,1,9570,1,48,1,1240,1,1,1,0,1
20,5477000,4829,9570,35.391983,,0,14,12,144,36801,1433,3857,5440199,16,221,351,1,33044,1,321,1,546274,1,556444,1,135612,1,4156421,1,11733,1,549010,1,12604,4,577735,4,78411,4,955965,4,1932209,8,2758253,144,126063,24,4238,1,42091,1,2725,1,0,0,0,0,0,0,477612,1,62330,1,10260,1,7394,1,28214,1,474476,1,34988,1,18718,1,144,1,9570,1,4829,1,18862,1,9570,1,48,1,1240,1,1,1,0,1
21,4715300,4715,9570,35.333054,,0,13,11,132,35228,1383,5802,4680072,16,209,140,1,26832,1,120,1,470919,1,459306,1,107517,1,3603615,1,11622,1,365676,1,12434,4,540814,4,80004,4,875560,4,1679732,8,2461810,132,87679,24,3877,1,40588,1,3547,1,0,0,0,0,0,0,427355,1,21331,1,7164,1,4980,1,24898,1,415311,1,25489,1,17266,1,101,1,9570,1,4715,1,17367,1,9570,1,48,1,1240,1,1,1,0,1
22,4819700,4565,9570,35.2714,,0,13,10,120,33754,1844,3908,4785946,16,209,60,1,27633,1,230,1,477902,1,483172,1,127226,1,3655935,1,13787,1,491899,1,12564,4,526937,4,80165,4,830242,4,1643321,8,2272846,120,196810,36,3827,1,61579,1,3557,1,0,0,0,0,0,0,430531,1,42532,1,6633,1,5300,1,26621,1,417967,1,27553,1,16624,1,220,1,9570,1,4565,1,16844,1,9570,1,48,1,1240,1,1,1,0,1
23,4669500,4496,9570,35.207024,,0,13,10,120,33704,1443,3818,4635796,16,209,90,1,27353,1,281,1,484435,1,477702,1,103480,1,3530203,1,12254,1,439428,1,12173,4,516387,4,78912,4,811907,4,1604216,8,2238098,120,174206,36,3296,1,59425,1,3016,1,0,0,0,0,0,0,435240,1,33194,1,5741,1,5731,1,27333,1,423227,1,27683,1,16445,1,200,1,9570,1,4496,1,16645,1,9570,1,48,1,1240,1,1,1,0,1
24,4524700,4419,9570,35.13992,,0,12,10,120,32531,1292,3988,4492169,16,197,140,1,27713,1,100,1,478173,1,462703,1,100985,1,3410221,1,12133,1,405462,1,13797,4,512760,4,80836,4,789724,4,1567225,8,2272415,120,80545,24,5180,1,30840,1,3106,1,0,0,0,0,0,0,435080,1,19227,1,5160,1,5731,1,28575,1,417907,1,25720,1,16356,1,88,1,9570,1,4419,1,16444,1,9570,1,48,1,1240,1,1,1,0,1
25,4558300,4390,9570,35.07009,,0,12,9,108,44093,1473,4279,4514207,16,197,341,1,26120,1,10,1,471620,1,425171,1,99923,1,3479490,1,11532,1,395042,1,12494,4,548118,4,79163,4,809763,4,1592709,8,2149102,108,249091,36,3326,1,34527,1,2876,1,0,0,0,0,0,0,400623,1,16973,1,4489,1,4839,1,25128,1,416394,1,25008,1,16055,1,291,1,9570,1,4390,1,16346,1,9570,1,48,1,1240,1,1,1,0,1
26,4388400,4353,9570,34.997536,,0,12,9,108,30891,1132,3257,4357509,16,197,50,1,26221,1,30,1,469927,1,430561,1,100013,1,3319236,1,11472,1,320428,1,11632,4,504333,4,78742,4,792620,4,1576963,8,2156101,108,210226,36,3387,1,27152,1,2845,1,0,0,0,0,0,0,398138,1,25299,1,4118,1,5260,1,25970,1,413588,1,24848,1,16062,1,229,1,9570,1,4353,1,16291,1,9570,1,48,1,1240,1,1,1,0,1
27,4313700,4336,9570,34.92226,,0,12,9,108,30213,1253,4349,4283487,16,197,261,1,25840,1,80,1,468895,1,420612,1,99372,1,3256705,1,11723,1,308866,1,11402,4,503712,4,79052,4,786508,4,1532237,8,2134999,108,179396,36,3146,1,27683,1,2845,1,0,0,0,0,0,0,395113,1,17905,1,4509,1,5210,1,23956,1,414630,1,24888,1,16019,1,201,1,9570,1,4336,1,16220,1,9570,1,48,1,1240,1,1,1,0,1
28,5216100,4982,9570,34.844257,,0,14,11,132,31650,1453,5000,5184450,16,221,50,1,25940,1,80,1,467041,1,447403,1,124661,1,4107853,1,11422,1,378100,1,11953,4,587454,4,78842,4,992515,4,2017258,8,2676059,132,328714,36,3757,1,33705,1,2815,1,0,0,0,0,0,0,411314,1,22944,1,9208,1,4759,1,24397,1,412286,1,25409,1,18465,1,392,1,9570,1,4982,1,18857,1,9570,1,48,1,1240,1,1,1,0,1
29,4784500,4783,9570,34.763527,,0,14,11,132,31477,1293,4699,4753023,16,221,130,1,25579,1,30,1,472652,1,467051,1,115854,1,3660124,1,11602,1,364163,1,11883,4,545122,4,79353,4,885489,4,1733566,8,2484124,132,130231,36,3447,1,32944,1,2866,1,0,0,0,0,0,0,437204,1,20319,1,6102,1,4879,1,24217,1,417816,1,25389,1,17239,1,139,1,9570,1,4783,1,17378,1,9570,1,48,1,1240,1,1,1,0,1
30,4698000,4670,9570,34.680073,,0,13,11,132,29781,1313,4770,4668219,16,209,230,1,25509,1,110,1,473113,1,483052,1,113289,1,3561894,1,11021,1,339004,1,12394,4,535223,4,79584,4,862094,4,1698598,8,2435460,132,120462,24,3647,1,27172,1,2866,1,0,0,0,0,0,0,454778,1,19357,1,5651,1,5180,1,21752,1,419119,1,26922,1,16931,1,131,1,9570,1,4670,1,17062,1,9570,1,48,1,1240,1,1,1,0,1
31,4763700,4639,9570,34.593895,,0,13,11,132,32630,1292,4299,4731070,16,209,160,1,25249,1,120,1,472983,1,468063,1,110573,1,3642269,1,11652,1,328274,1,13356,4,527899,4,82139,4,905978,4,1747563,8,2547947,132,101295,24,3377,1,29116,1,3276,1,0,0,0,0,0,0,441171,1,18225,1,5340,1,5190,1,23726,1,418778,1,25118,1,16699,1,106,1,9570,1,4639,1,16805,1,9570,1,48,1,1240,1,1,1,0,1
32,4847700,4573,9570,34.504993,,0,13,11,132,33569,1262,5492,4814131,16,209,150,1,25189,1,40,1,472742,1,505445,1,110113,1,3688639,1,11813,1,334666,1,11963,4,521436,4,78602,4,951556,4,1748224,8,2583826,132,110463,24,3447,1,34657,1,2825,1,0,0,0,0,0,0,472963,1,23465,1,4930,1,5090,1,23225,1,418949,1,25299,1,16368,1,130,1,9570,1,4573,1,16498,1,9570,1,48,1,1240,1,1,1,0,1
33,4502500,4491,9570,34.413364,,0,13,11,132,30569,1202,4199,4471931,16,209,170,1,25559,1,40,1,469226,1,453425,1,110113,1,3402316,1,11081,1,342892,1,14268,4,510165,4,80515,4,814792,4,1602643,8,2303846,132,109391,24,3246,1,29767,1,2825,1,0,0,0,0,0,0,425591,1,19137,1,5380,1,4769,1,22694,1,415812,1,25770,1,16106,1,116,1,9570,1,4491,1,16222,1,9570,1,48,1,1240,1,1,1,0,1
34,5343300,5031,9570,34.31901,,0,14,11,132,33994,4599,3867,5309306,16,221,170,1,31230,1,110,1,525604,1,487381,1,129841,1,4124159,1,10811,1,382618,1,12664,4,580220,4,80976,4,1001332,4,2007735,8,2662318,132,342882,36,4168,1,45297,1,4549,1,0,0,0,0,0,0,452994,1,21451,1,9037,1,18516,1,25459,1,448626,1,32643,1,17973,1,388,1,9570,1,5031,1,18361,1,9570,1,48,1,1240,1,1,1,0,1
35,4963000,4806,9570,34.221935,,0,14,11,132,33943,1693,4148,4929057,16,221,160,1,31020,1,140,1,488994,1,512294,1,155630,1,3729568,1,11252,1,467833,1,13055,4,541856,4,81597,4,863096,4,1711483,8,2458795,132,111635,36,4018,1,42111,1,2825,1,0,0,0,0,0,0,462177,1,35879,1,8276,1,5611,1,24107,1,431453,1,27473,1,16833,1,118,1,9570,1,4806,1,16951,1,9570,1,48,1,1240,1,1,1,0,1
36,4594100,4646,9570,34.12213,,0,14,11,132,30503,1343,4199,4563597,16,221,80,1,25830,1,60,1,479475,1,462663,1,116655,1,3467592,1,11242,1,366547,1,13626,4,517429,4,80626,4,826365,4,1625517,8,2325026,132,122657,36,3346,1,29958,1,2835,1,0,0,0,0,0,0,432044,1,20560,1,6633,1,4909,1,22463,1,426513,1,25339,1,16171,1,126,1,9570,1,4646,1,16297,1,9570,1,48,1,1240,1,1,1,0,1
37,4674400,4535,9570,34.019604,,0,13,10,120,32291,5250,9168,4642109,16,209,160,1,31330,1,50,1,491669,1,474085,1,112697,1,3516476,1,15640,1,334035,1,12344,4,514884,4,81307,4,838037,4,1669562,8,2211417,120,287014,36,4278,1,52612,1,4168,1,0,0,0,0,0,0,443857,1,20309,1,6563,1,5190,1,24066,1,432505,1,29587,1,15408,1,325,1,9570,1,4535,1,15733,1,9570,1,48,1,1240,1,1,1,0,1
38,4917100,4502,9570,33.91435,,0,13,11,132,31942,1974,4679,4885158,16,209,190,1,32082,1,531,1,481048,1,580611,1,153216,1,3624645,1,12835,1,549120,1,14548,4,494945,4,81147,4,865140,4,1543699,8,2306291,132,97869,24,3557,1,67230,1,3286,1,0,0,0,0,0,0,502129,1,63322,1,7334,1,4699,1,23996,1,421854,1,29597,1,15473,1,104,1,9570,1,4502,1,15577,1,9570,1,48,1,1240,1,1,1,0,1
39,5289400,4984,9570,33.806374,,0,14,12,144,32695,1563,4098,5256705,16,221,431,1,27343,1,170,1,480708,1,538028,1,148998,1,4048754,1,12274,1,611480,1,12725,4,560391,4,82048,4,898514,4,1814953,8,2587583,144,121785,24,4018,1,59445,1,3617,1,0,0,0,0,0,0,465358,1,52431,1,10791,1,5891,1,27503,1,418718,1,27784,1,17363,1,128,1,9570,1,4984,1,17491,1,9570,1,48,1,1240,1,1,1,0,1
40,5165100,5009,9570,33.69567,,0,15,11,132,30641,1282,3838,5134459,16,233,170,1,26882,1,140,1,476379,1,513962,1,132616,1,3972206,1,12103,1,554270,1,11893,4,554981,4,79554,4,912170,4,1798631,8,2469616,132,237348,48,3677,1,52822,1,2926,1,0,0,0,0,0,0,472301,1,26221,1,11192,1,5370,1,24868,1,418888,1,26872,1,17089,1,251,1,9570,1,5009,1,17340,1,9570,1,48,1,1240,1,1,1,0,1
41,5147000,4852,9570,33.58224,,0,14,11,132,29153,1693,6132,5117847,16,221,271,1,25920,1,10,1,474075,1,517058,1,126163,1,3961605,1,12745,1,495586,1,12304,4,531245,4,79904,4,933592,4,1846614,8,2614275,132,159798,36,3797,1,53664,1,3206,1,0,0,0,0,0,0,484806,1,20870,1,7795,1,4930,1,23956,1,418197,1,26661,1,16401,1,190,1,9570,1,4852,1,16591,1,9570,1,48,1,1240,1,1,1,0,1
42,5210200,4753,9570,33.466087,,0,14,11,132,38660,1964,3697,5171540,16,221,331,1,26671,1,50,1,482281,1,575100,1,147755,1,3927169,1,12184,1,479155,1,12674,4,519072,4,80075,4,934443,4,1837476,8,2621138,132,147084,36,4028,1,55217,1,3066,1,0,0,0,0,0,0,534020,1,27693,1,7605,1,5611,1,25319,1,425431,1,25710,1,15808,1,154,1,9570,1,4753,1,15962,1,9570,1,48,1,1240,1,1,1,0,1
43,4956900,4728,9570,33.34721,,0,14,11,132,33629,1403,3748,4923271,16,221,40,1,32032,1,10,1,479966,1,533670,1,131023,1,3735138,1,11392,1,454928,1,12374,4,509373,4,80085,4,894446,4,1731311,8,2448244,132,173765,36,3627,1,44837,1,2755,1,0,0,0,0,0,0,490697,1,31681,1,7515,1,5120,1,25239,1,423748,1,25569,1,15589,1,185,1,9570,1,4728,1,15774,1,9570,1,48,1,1240,1,1,1,0,1
44,5370200,4996,9570,33.22561,,0,14,11,132,33210,4769,5761,5336990,16,221,261,1,32182,1,70,1,508692,1,547957,1,155039,1,4079453,1,13336,1,554240,1,12364,4,553518,4,81076,4,973819,4,1850221,8,2571603,132,246676,36,3928,1,42612,1,2906,1,0,0,0,0,0,0,508692,1,23545,1,11723,1,5521,1,27303,1,442554,1,32372,1,16516,1,272,1,9570,1,4996,1,16788,1,9570,1,48,1,1240,1,1,1,0,1
45,5462100,5112,9570,33.10128,,0,14,12,144,33538,3176,7765,5428562,16,221,321,1,38294,1,90,1,524813,1,591742,1,139159,1,4123212,1,10931,1,433817,1,12775,4,692016,4,83692,4,1003692,4,1846183,8,2728641,144,113469,24,3857,1,41179,1,2825,1,0,0,0,0,0,0,549741,1,25489,1,11522,1,5921,1,27243,1,459166,1,31791,1,17219,1,129,1,9570,1,5112,1,17348,1,9570,1,48,1,1240,1,1,1,0,1
46,5404600,4923,9570,32.974224,,0,14,11,132,33525,1453,3748,5371075,16,221,220,1,31351,1,60,1,546455,1,542647,1,166612,1,4071828,1,11903,1,437775,1,12404,4,534361,4,79493,4,1000170,4,1946486,8,2662728,132,280181,36,4679,1,51760,1,3246,1,0,0,0,0,0,0,507079,1,22423,1,9498,1,6012,1,25900,1,478754,1,35448,1,15971,1,307,1,9570,1,4923,1,16278,1,9570,1,48,1,1240,1,1,1,0,1
47,5764700,4760,9570,32.844448,,0,14,11,132,36846,1733,6042,5727854,16,221,281,1,27002,1,110,1,485397,1,725360,1,136073,1,4339775,1,13857,1,477021,1,13696,4,703207,4,93581,4,1101015,4,1874057,8,2762060,132,206969,36,7745,1,62521,1,5200,1,0,0,0,0,0,0,667829,1,41290,1,9128,1,5120,1,26511,1,426954,1,26391,1,15212,1,234,1,9570,1,4760,1,15446,1,9570,1,48,1,1240,1,1,1,0,1
48,5474300,5001,9570,32.711945,,0,14,12,144,33615,1493,7966,5440685,16,221,220,1,32302,1,70,1,574529,1,603620,1,179005,1,4037672,1,13266,1,592854,1,14258,4,637540,4,81066,4,909145,4,1760588,8,2496107,144,165660,24,4198,1,33765,1,2765,1,0,0,0,0,0,0,564534,1,24437,1,10851,1,5400,1,26772,1,498522,1,43384,1,16273,1,176,1,9570,1,5001,1,16449,1,9570,1,48,1,1240,1,1,1,0,1
49,5076000,5139,9570,32.576717,,0,14,12,144,31174,1272,3848,5044826,16,221,190,1,31020,1,60,1,480487,1,557416,1,139519,1,3824972,1,11162,1,411504,1,12484,4,558217,4,80435,4,908734,4,1810875,8,2556714,144,159047,24,3707,1,34927,1,2815,1,0,0,0,0,0,0,518060,1,22523,1,12935,1,4829,1,23315,1,426613,1,25469,1,16761,1,162,1,9570,1,5139,1,16923,1,9570,1,48,1,1240,1,1,1,0,1
50,4786400,4996,9570,32.438763,,0,14,12,144,32435,1353,5311,4753965,16,221,120,1,25690,1,120,1,480327,1,536135,1,132576,1,3567795,1,11202,1,379743,1,13296,4,541966,4,80756,4,845913,4,1664162,8,2436632,144,68131,24,3667,1,34126,1,2815,1,0,0,0,0,0,0,503963,1,19347,1,9078,1,4739,1,23215,1,426503,1,25670,1,16396,1,76,1,9570,1,4996,1,16472,1,9570,1,48,1,1240,1,1,1,0,1
51,4657300,4871,9570,32.298084,,0,13,11,132,30421,1182,6413,4626879,16,209,190,1,25349,1,20,1,470147,1,566243,1,130402,1,3423437,1,11091,1,359844,1,12163,4,522779,4,79614,4,814802,4,1595189,8,2228470,132,175108,24,3557,1,31551,1,2755,1,0,0,0,0,0,0,533870,1,20620,1,8086,1,4699,1,23856,1,415742,1,25670,1,15840,1,210,1,9570,1,4871,1,16050,1,9570,1,48,1,1240,1,1,1,0,1
52,4977900,5093,9570,32.154682,,0,14,11,132,30372,1272,5782,4947528,16,221,60,1,25199,1,20,1,469546,1,486268,1,138217,1,3816856,1,11362,1,377809,1,12374,4,552947,4,79513,4,906199,4,1849539,8,2513460,132,236496,36,3667,1,30769,1,2765,1,0,0,0,0,0,0,451742,1,20980,1,10009,1,4739,1,23555,1,414169,1,26852,1,16703,1,282,1,9570,1,5093,1,16985,1,9570,1,48,1,1240,1,1,1,0,1
53,4940900,4972,9570,32.008553,,0,13,11,132,34912,1453,5120,4905988,16,206,60,1,31010,1,70,1,472562,1,525775,1,131744,1,3733335,1,11432,1,372238,1,14037,4,550272,4,79874,4,922851,4,1748534,8,2481309,132,184957,24,3707,1,37573,1,2795,1,0,0,0,0,0,0,492370,1,19768,1,10079,1,4749,1,22844,1,418057,1,26712,1,16437,1,208,1,9570,1,4972,1,16645,1,9570,1,48,1,1240,1,1,1,0,1
54,4781900,4792,9570,31.8597,,0,13,11,132,32775,1413,7094,4749125,16,209,160,1,30659,1,70,1,482611,1,526145,1,138237,1,3560541,1,10701,1,399451,1,13226,4,522458,4,94422,4,838107,4,1643341,8,2374683,132,99672,24,5140,1,37843,1,5140,1,0,0,0,0,0,0,489825,1,23435,1,9088,1,4769,1,23565,1,426633,1,27202,1,15830,1,102,1,9570,1,4792,1,15932,1,9570,1,48,1,1240,1,1,1,0,1
55,4849400,4796,9570,31.70812,,0,13,10,120,33175,1282,4358,4816225,16,209,20,1,30639,1,50,1,474035,1,534076,1,128819,1,3637535,1,11051,1,370866,1,12534,4,561113,4,79343,4,884682,4,1688428,8,2301938,120,266815,36,3607,1,32944,1,2735,1,0,0,0,0,0,0,501392,1,19678,1,9599,1,5010,1,23996,1,415953,1,28906,1,15396,1,306,1,9570,1,4796,1,15702,1,9570,1,48,1,1240,1,1,1,0,1
56,4921500,4911,9570,31.553818,,0,13,10,120,30882,1323,4729,4890618,16,209,30,1,25559,1,20,1,466380,1,526897,1,130762,1,3729788,1,11182,1,378020,1,12163,4,531426,4,79433,4,920917,4,1763794,8,2403658,120,276323,36,3547,1,36360,1,2805,1,0,0,0,0,0,0,490106,1,20750,1,12544,1,4799,1,22654,1,411885,1,26872,1,15945,1,319,1,9570,1,4911,1,16264,1,9570,1,48,1,1240,1,1,1,0,1
57,4545400,4780,9570,31.39679,,0,14,10,120,30607,1253,5471,4514793,16,221,40,1,25439,1,50,1,467091,1,521316,1,127747,1,3362028,1,11081,1,355476,1,12454,4,517639,4,79874,4,794724,4,1563387,8,2181610,120,171030,48,3427,1,31030,1,2765,1,0,0,0,0,0,0,489565,1,19207,1,9148,1,4659,1,21722,1,415231,1,25309,1,15714,1,201,1,9570,1,4780,1,15915,1,9570,1,48,1,1240,1,1,1,0,1
58,4378100,4734,9570,31.237036,,0,13,10,120,30530,1163,5861,4347570,16,209,50,1,25279,1,30,1,469236,1,459006,1,125833,1,3257006,1,11131,1,340798,1,12344,4,513271,4,79954,4,770337,4,1503051,8,2148687,120,118839,36,3437,1,29928,1,2725,1,0,0,0,0,0,0,425732,1,20970,1,8897,1,4759,1,22744,1,414780,1,26712,1,15644,1,141,1,9570,1,4734,1,15785,1,9570,1,48,1,1240,1,1,1,0,1
59,4389800,4748,9570,31.074558,,0,13,10,120,29685,1193,5401,4360115,16,209,50,1,25670,1,70,1,470568,1,467913,1,128528,1,3256284,1,11031,1,343864,1,12454,4,519432,4,80114,4,766339,4,1498592,8,2175057,120,84473,36,3417,1,28094,1,2785,1,0,0,0,0,0,0,432956,1,20259,1,11332,1,5050,1,22263,1,417766,1,25249,1,15913,1,100,1,9570,1,4748,1,16013,1,9570,1,48,1,1240,1,1,1,0,1
60,4537500,4704,9570,30.909355,,0,12,10,120,31163,1172,4700,4506337,16,197,50,1,25700,1,30,1,477211,1,549240,1,125081,1,3317633,1,11392,1,332632,1,13336,4,519262,4,79864,4,790786,4,1546274,8,2261243,120,71117,24,3377,1,28154,1,2775,1,0,0,0,0,0,0,519673,1,17594,1,8667,1,4930,1,22473,1,423076,1,26531,1,15920,1,82,1,9570,1,4704,1,16002,1,9570,1,48,1,1240,1,1,1,0,1
61,4332700,4678,9570,30.741426,,0,12,10,120,30858,1152,5060,4301842,16,197,150,1,25299,1,130,1,467192,1,463845,1,125322,1,3208873,1,11031,1,331500,1,12404,4,515795,4,79974,4,756430,4,1477902,8,2160930,120,68342,24,3296,1,27623,1,2795,1,0,0,0,0,0,0,431322,1,20289,1,8977,1,4659,1,21832,1,415291,1,25199,1,15884,1,81,1,9570,1,4678,1,15965,1,9570,1,48,1,1240,1,1,1,0,1
62,4349900,4666,9570,30.570772,,0,12,10,120,32558,1303,5231,4317342,16,197,30,1,25229,1,50,1,474446,1,473734,1,124721,1,3208101,1,11031,1,331870,1,12274,4,513741,4,80545,4,757432,4,1478644,8,2166420,120,64424,24,3336,1,26271,1,2685,1,0,0,0,0,0,0,439298,1,20860,1,10330,1,4719,1,22964,1,420071,1,26461,1,15772,1,75,1,9570,1,4666,1,15847,1,9570,1,48,1,1240,1,1,1,0,1
63,4416000,4609,9570,30.397394,,0,11,9,108,30527,1132,5080,4385473,16,185,130,1,25219,1,40,1,472762,1,472572,1,122987,1,3280541,1,11222,1,323164,1,12113,4,511928,4,79693,4,779855,4,1539351,8,2101695,108,212430,24,3366,1,27162,1,2775,1,0,0,0,0,0,0,439959,1,20520,1,8677,1,4809,1,22924,1,419650,1,25199,1,15605,1,248,1,9570,1,4609,1,15853,1,9570,1,48,1,1240,1,1,1,0,1
64,4413300,4623,9570,30.22129,,0,12,9,108,29931,1162,4869,4383369,16,197,40,1,25098,1,40,1,470959,1,468544,1,122697,1,3284960,1,11031,1,323224,1,12053,4,518290,4,79844,4,781007,4,1537848,8,2108168,108,205817,36,3407,1,25409,1,2715,1,0,0,0,0,0,0,437885,1,19969,1,7525,1,4709,1,22273,1,418628,1,25179,1,15755,1,241,1,9570,1,4623,1,15996,1,9570,1,48,1,1240,1,1,1,0,1
65,4381600,4625,9570,30.042463,,0,12,9,108,29922,1122,5110,4351678,16,197,40,1,25449,1,20,1,467873,1,471249,1,123619,1,3252477,1,10951,1,323574,1,12073,4,516837,4,80215,4,769916,4,1516507,8,2099121,108,182192,36,3346,1,26140,1,2745,1,0,0,0,0,0,0,440059,1,19718,1,8346,1,4709,1,22253,1,415592,1,25128,1,15812,1,212,1,9570,1,4625,1,16024,1,9570,1,48,1,1240,1,1,1,0,1
66,4292200,4579,9570,29.860909,,0,12,9,108,30195,1272,4970,4262005,16,197,30,1,25118,1,30,1,466490,1,454617,1,120082,1,3184395,1,11242,1,321150,1,12073,4,513832,4,81658,4,754165,4,1468855,8,2085144,108,132906,36,3346,1,25319,1,2725,1,0,0,0,0,0,0,423608,1,20009,1,7835,1,4679,1,22073,1,414340,1,25219,1,15822,1,154,1,9570,1,4579,1,15976,1,9570,1,48,1,1240,1,1,1,0,1
67,4297100,4610,9570,29.67663,,0,12,9,108,30937,1212,4549,4266163,16,197,40,1,25098,1,30,1,468073,1,495737,1,119701,1,3146472,1,11011,1,316130,1,12574,4,517739,4,80075,4,738896,4,1446782,8,2056919,108,124210,36,3316,1,26952,1,2795,1,0,0,0,0,0,0,467903,1,17584,1,6853,1,4669,1,21922,1,414851,1,26441,1,15966,1,146,1,9570,1,4610,1,16112,1,9570,1,48,1,1240,1,1,1,0,1
68,4200300,4550,9570,29.489626,,0,11,9,108,30603,1182,4238,4169697,16,185,40,1,24848,1,60,1,468274,1,459918,1,119410,1,3086046,1,11101,1,316561,1,12624,4,514353,4,79944,4,724989,4,1404330,8,2053182,108,71899,24,3176,1,26120,1,2765,1,0,0,0,0,0,0,429178,1,19678,1,7795,1,4859,1,22433,1,415792,1,25018,1,15946,1,82,1,9570,1,4550,1,16028,1,9570,1,48,1,1240,1,1,1,0,1
69,4202100,4524,9570,29.299898,,0,11,9,108,29748,1192,4189,4172352,16,185,80,1,25088,1,40,1,468053,1,451982,1,119270,1,3096786,1,11051,1,311932,1,12424,4,512940,4,80235,4,719799,4,1423637,8,2087949,108,51299,24,5771,1,26080,1,2775,1,0,0,0,0,0,0,422756,1,19367,1,6693,1,4679,1,22253,1,414420,1,26511,1,15963,1,58,1,9570,1,4524,1,16021,1,9570,1,48,1,1240,1,1,1,0,1
70,4289500,4535,9570,29.107445,,0,11,9,108,31212,1222,4710,4258288,16,185,50,1,25279,1,50,1,469456,1,448696,1,119400,1,3184255,1,11101,1,311561,1,12344,4,517148,4,80265,4,783542,4,1446151,8,2165618,108,59365,24,3326,1,25870,1,2825,1,0,0,0,0,0,0,420271,1,19037,1,6232,1,4739,1,22333,1,417075,1,25159,1,16066,1,69,1,9570,1,4535,1,16135,1,9570,1,48,1,1240,1,1,1,0,1
71,4221700,4528,9570,28.912266,,0,11,9,108,31483,1282,4761,4190217,16,185,120,1,25219,1,110,1,470328,1,460930,1,119270,1,3103179,1,11061,1,314246,1,12294,4,519202,4,79934,4,726993,4,1417005,8,2098458,108,40779,24,3226,1,26271,1,2725,1,0,0,0,0,0,0,431122,1,19738,1,6983,1,4729,1,22594,1,417696,1,25139,1,16175,1,47,1,9570,1,4528,1,16222,1,9570,1,48,1,1240,1,1,1,0,1
72,4177400,4533,9570,28.714361,,0,11,9,108,30837,1272,4519,4146563,16,185,60,1,25319,1,30,1,473584,1,447554,1,119761,1,3069143,1,11111,1,310639,1,12574,4,520324,4,80105,4,718296,4,1395072,8,2081747,108,27102,24,3377,1,24738,1,2745,1,0,0,0,0,0,0,418818,1,19478,1,6142,1,4719,1,21842,1,421774,1,25088,1,16235,1,31,1,9570,1,4533,1,16266,1,9570,1,48,1,1240,1,1,1,0,1
73,4190000,4529,9570,28.745474,,0,10,9,108,31094,1242,4308,4158906,16,173,80,1,25249,1,40,1,471650,1,464226,1,118008,1,3068622,1,11031,1,310269,1,12454,4,520975,4,80245,4,720731,4,1390774,8,2087418,108,19778,12,3246,1,25920,1,2765,1,0,0,0,0,0,0,435340,1,19327,1,6422,1,4699,1,20790,1,420902,1,25048,1,16290,1,23,1,9570,1,4529,1,16313,1,9570,1,48,1,1240,1,1,1,0,1
74,4257300,4530,9570,28.77165,,0,11,9,108,30914,1102,4479,4226386,16,185,30,1,25259,1,40,1,465749,1,477291,1,118509,1,3128508,1,11001,1,309758,1,12414,4,520905,4,80085,4,728676,4,1442594,8,2128808,108,37983,24,3226,1,26922,1,2825,1,0,0,0,0,0,0,447764,1,20039,1,6362,1,4759,1,20540,1,413979,1,26301,1,16318,1,43,1,9570,1,4530,1,16361,1,9570,1,48,1,1240,1,1,1,0,1
75,4196900,4529,9570,28.79591,,0,10,9,108,30369,1252,4629,4166531,16,173,50,1,24988,1,40,1,463825,1,455990,1,118419,1,3092117,1,11101,1,309197,1,12594,4,522989,4,80686,4,724318,4,1409180,8,2103550,108,25319,12,3166,1,25960,1,2775,1,0,0,0,0,0,0,427786,1,19307,1,5791,1,4679,1,21532,1,410873,1,26581,1,16337,1,30,1,9570,1,4529,1,16367,1,9570,1,48,1,1240,1,1,1,0,1
76,4220500,4524,9570,28.816788,,0,10,9,108,30193,1112,4449,4190307,16,173,60,1,25088,1,50,1,463705,1,463304,1,115553,1,3111505,1,11041,1,308816,1,12494,4,521376,4,80134,4,731662,4,1424078,8,2130741,108,20550,12,3186,1,25850,1,2795,1,0,0,0,0,0,0,434849,1,19187,1,6122,1,4689,1,20790,1,412917,1,25128,1,16366,1,24,1,9570,1,4524,1,16390,1,9570,1,48,1,1240,1,1,1,0,1
77,4209800,4517,9570,28.83433,,0,10,9,108,29923,1173,4018,4179877,16,173,160,1,25068,1,40,1,461921,1,448646,1,118218,1,3114781,1,11041,1,312203,1,12564,4,522859,4,80555,4,748915,4,1404721,8,2129890,108,19728,12,3356,1,25619,1,2815,1,0,0,0,0,0,0,419490,1,20269,1,5781,1,4729,1,22333,1,409811,1,24858,1,16419,1,23,1,9570,1,4517,1,16442,1,9570,1,48,1,1240,1,1,1,0,1
78,4187200,4520,9570,28.848581,,0,10,9,108,31570,1282,4610,4155630,16,173,120,1,25179,1,30,1,463104,1,446101,1,117336,1,3092699,1,11061,1,307223,1,12775,4,526125,4,79954,4,726272,4,1405001,8,2113528,108,13135,12,3276,1,28014,1,2775,1,0,0,0,0,0,0,418187,1,19297,1,5410,1,4759,1,21832,1,411344,1,24958,1,16423,1,15,1,9570,1,4520,1,16438,1,9570,1,48,1,1240,1,1,1,0,1
79,4186800,4514,9568,28.862343,,0,10,9,108,30248,1092,4569,4156552,16,173,60,1,25159,1,30,1,461751,1,447013,1,117747,1,3093700,1,11091,1,312543,1,12404,4,523781,4,80125,4,725129,4,1406033,8,2096356,108,30238,12,3146,1,26712,1,2735,1,0,0,0,0,0,0,419590,1,18856,1,5400,1,4779,1,22213,1,409310,1,25299,1,16435,1,36,1,9568,1,4514,1,16471,1,9568,1,48,1,1240,1,1,1,0,1
80,4283000,4519,9568,28.873486,,0,10,9,108,30193,1082,4619,4252807,16,173,40,1,25159,1,40,1,461150,1,448626,1,117176,1,3189515,1,11101,1,308275,1,12654,4,526035,4,80235,4,750178,4,1479115,8,2184716,108,39957,12,3316,1,25890,1,2735,1,0,0,0,0,0,0,421123,1,18876,1,5481,1,4739,1,21782,1,409470,1,24988,1,16444,1,47,1,9568,1,4519,1,16491,1,9568,1,48,1,1240,1,1,1,0,1
81,4232800,4518,9568,28.88324,,0,10,9,108,31492,1172,5121,4201308,16,173,50,1,24998,1,90,1,461841,1,439067,1,117677,1,3146502,1,11081,1,310159,1,12574,4,525174,4,80435,4,741561,4,1443436,8,2156471,108,23405,12,3226,1,25980,1,2785,1,0,0,0,0,0,0,410803,1,19397,1,5751,1,4689,1,22554,1,409270,1,25128,1,16476,1,27,1,9568,1,4518,1,16503,1,9568,1,48,1,1240,1,1,1,0,1
82,4160600,4518,9568,28.892859,,0,10,9,108,31922,1162,4308,4128678,16,173,60,1,25529,1,90,1,460058,1,442744,1,117988,1,3071267,1,10941,1,306091,1,12364,4,524001,4,81698,4,716352,4,1400212,8,2085665,108,26591,12,3246,1,23395,1,2745,1,0,0,0,0,0,0,417295,1,16933,1,5440,1,4749,1,21912,1,408218,1,25028,1,16476,1,31,1,9568,1,4518,1,16507,1,9568,1,48,1,1240,1,1,1,0,1
83,4219900,4516,9568,28.90075,,0,10,9,108,32449,1303,7836,4187451,16,173,160,1,30569,1,80,1,480437,1,447754,1,114792,1,3103028,1,10631,1,310690,1,12745,4,524272,4,82198,4,735349,4,1404140,8,2107847,108,23806,12,3637,1,25940,1,2755,1,0,0,0,0,0,0,420391,1,19468,1,4739,1,4879,1,23034,1,423798,1,28375,1,16487,1,28,1,9568,1,4516,1,16515,1,9568,1,48,1,1240,1,1,1,0,1
84,4214300,4517,9567,28.907646,,0,10,9,108,34143,1393,6703,4180157,16,173,160,1,30659,1,80,1,482491,1,443386,1,115874,1,3094131,1,13376,1,310970,1,12725,4,526436,4,81247,4,725711,4,1403018,8,2101125,108,20900,12,3707,1,26130,1,2795,1,0,0,0,0,0,0,415051,1,19357,1,5691,1,4829,1,22213,1,422505,1,32583,1,16504,1,24,1,9567,1,4517,1,16528,1,9567,1,48,1,1240,1,1,1,0,1
85,4255000,4508,9565,28.914537,,0,10,9,108,32291,1202,4610,4222709,16,173,40,1,30509,1,40,1,465789,1,455529,1,120102,1,3139549,1,11152,1,315499,1,13205,4,525474,4,80305,4,735369,4,1436703,8,2140049,108,27413,12,3196,1,25820,1,2775,1,0,0,0,0,0,0,426573,1,20650,1,5200,1,4709,1,22714,1,411083,1,27082,1,16470,1,32,1,9565,1,4508,1,16502,1,9565,1,48,1,1240,1,1,1,0,1
86,4218900,4519,9565,28.920815,,0,10,9,108,31669,1182,4569,4187231,16,173,200,1,25149,1,20,1,461581,1,450049,1,117136,1,3121875,1,11222,1,309157,1,12584,4,524332,4,80205,4,731973,4,1430531,8,2136102,108,21832,12,3256,1,25890,1,2765,1,0,0,0,0,0,0,422115,1,19157,1,5611,1,4759,1,20820,1,410522,1,25299,1,16503,1,26,1,9565,1,4519,1,16529,1,9565,1,48,1,1240,1,1,1,0,1
87,4190100,4516,9565,28.92588,,0,10,9,108,30252,1182,4279,4159848,16,173,60,1,25048,1,140,1,461250,1,443366,1,118348,1,3100724,1,10911,1,308576,1,12574,4,525745,4,80305,4,731051,4,1409681,8,2114570,108,21882,12,3266,1,25579,1,2765,1,0,0,0,0,0,0,416343,1,19137,1,4749,1,4699,1,21682,1,408128,1,26561,1,16480,1,26,1,9565,1,4516,1,16506,1,9565,1,48,1,1240,1,1,1,0,1
88,4193900,4518,9565,28.930962,,0,10,9,108,30235,1112,4359,4163665,16,173,20,1,25128,1,30,1,460679,1,456501,1,117837,1,3092478,1,10991,1,308105,1,12554,4,527288,4,80866,4,737824,4,1392848,8,2102256,108,24056,12,3256,1,25900,1,2725,1,0,0,0,0,0,0,428357,1,20049,1,4950,1,4659,1,22083,1,408518,1,25249,1,16493,1,28,1,9565,1,4518,1,16521,1,9565,1,48,1,1240,1,1,1,0,1
89,4256200,4519,9565,28.935617,,0,10,9,108,31848,1192,4269,4224352,16,173,50,1,25139,1,30,1,470919,1,450069,1,117877,1,3149067,1,11202,1,308195,1,13877,4,531295,4,81006,4,749557,4,1430952,8,2155208,108,21031,12,3377,1,26792,1,2825,1,0,0,0,0,0,0,423046,1,19057,1,4859,1,4759,1,21291,1,419409,1,25289,1,16514,1,24,1,9565,1,4519,1,16538,1,9565,1,48,1,1240,1,1,1,0,1
90,4230500,4514,9565,28.939785,,0,11,9,108,30615,1172,4930,4199885,16,185,160,1,25249,1,50,1,477001,1,447403,1,116014,1,3122987,1,11021,1,310599,1,13035,4,525294,4,80295,4,735329,4,1427555,8,2131664,108,26291,24,3206,1,23776,1,2725,1,0,0,0,0,0,0,418618,1,20830,1,4799,1,4809,1,23656,1,422776,1,25549,1,16497,1,31,1,9565,1,4514,1,16528,1,9565,1,48,1,1240,1,1,1,0,1
91,4247300,4516,9565,28.943506,,0,10,9,108,30292,1142,4690,4217008,16,173,80,1,25660,1,40,1,472772,1,453495,1,115343,1,3138397,1,11222,1,307233,1,12614,4,525795,4,80215,4,742212,4,1437654,8,2152333,108,22844,12,3256,1,25529,1,2745,1,0,0,0,0,0,0,427114,1,18436,1,4839,1,4749,1,22373,1,418798,1,26702,1,16544,1,27,1,9565,1,4516,1,16571,1,9565,1,48,1,1240,1,1,1,0,1
92,4240400,4512,9565,28.946703,,0,10,9,108,30495,1202,4389,4209905,16,173,40,1,25159,1,50,1,475648,1,452062,1,115513,1,3130451,1,10981,1,306522,1,12354,4,527478,4,80365,4,734758,4,1436292,8,2137915,108,28745,12,3186,1,25569,1,2725,1,0,0,0,0,0,0,424730,1,19578,1,4709,1,4739,1,22634,1,423097,1,25028,1,16538,1,34,1,9565,1,4512,1,16572,1,9565,1,48,1,1240,1,1,1,0,1
93,4269200,4508,9565,28.949604,,0,10,9,108,31432,1163,3978,4237768,16,173,50,1,25499,1,30,1,476690,1,488813,1,116194,1,3118759,1,11733,1,306992,1,12304,4,527668,4,80194,4,729478,4,1430561,8,2127626,108,28435,12,3266,1,24397,1,2735,1,0,0,0,0,0,0,462903,1,17995,1,4639,1,4689,1,22614,1,423848,1,25399,1,16531,1,34,1,9565,1,4508,1,16565,1,9565,1,48,1,1240,1,1,1,0,1
94,4225500,4522,9565,28.952375,,0,10,9,108,31466,1032,4469,4194034,16,173,40,1,25329,1,30,1,474165,1,450299,1,117306,1,3115893,1,10971,1,310579,1,13706,4,526666,4,79624,4,729889,4,1424800,8,2117016,108,33204,12,3276,1,23586,1,2735,1,0,0,0,0,0,0,422866,1,19407,1,4849,1,4789,1,21882,1,422115,1,25149,1,16525,1,39,1,9565,1,4522,1,16564,1,9565,1,48,1,1240,1,1,1,0,1
95,4249200,4519,9565,28.954878,,0,10,9,108,29767,1052,4901,4219433,16,173,50,1,25098,1,50,1,473664,1,446251,1,117867,1,3145350,1,11101,1,307764,1,12424,4,528700,4,80355,4,748755,4,1434699,8,2150018,108,28535,12,3226,1,25589,1,2785,1,0,0,0,0,0,0,418417,1,19838,1,4839,1,4719,1,21051,1,422245,1,25489,1,16552,1,34,1,9565,1,4519,1,16586,1,9565,1,48,1,1240,1,1,1,0,1
96,4342400,4521,9565,28.957104,,0,10,9,108,30368,1162,4048,4312032,16,173,50,1,25008,1,50,1,475718,1,451962,1,117457,1,3230695,1,11091,1,307213,1,12694,4,530564,4,83832,4,787420,4,1475447,8,2224052,108,34767,12,3497,1,26070,1,2795,1,0,0,0,0,0,0,423838,1,19898,1,5060,1,4719,1,22533,1,422946,1,25349,1,16560,1,40,1,9565,1,4521,1,16600,1,9565,1,48,1,1240,1,1,1,0,1
97,4276400,4517,9565,28.9592,,0,10,9,108,33502,1122,4459,4242898,16,173,210,1,25118,1,30,1,473384,1,456441,1,118439,1,3158275,1,11001,1,310489,1,12694,4,529322,4,82359,4,745258,4,1444718,8,2147143,108,38374,12,3286,1,26271,1,2755,1,0,0,0,0,0,0,430391,1,18215,1,4719,1,4839,1,22383,1,419389,1,26581,1,16549,1,46,1,9565,1,4517,1,16595,1,9565,1,48,1,1240,1,1,1,0,1
98,4281700,4515,9565,28.960983,,0,10,9,108,30816,1042,4970,4250884,16,173,50,1,25359,1,40,1,465759,1,450860,1,117958,1,3179787,1,11071,1,309317,1,12384,4,528650,4,80245,4,754055,4,1462573,8,2178344,108,33314,12,3266,1,25479,1,2775,1,0,0,0,0,0,0,423718,1,19127,1,4849,1,4819,1,22293,1,412957,1,25509,1,16575,1,40,1,9565,1,4515,1,16615,1,9565,1,48,1,1240,1,1,1,0,1
99,4275700,4520,9565,28.96278,,0,10,9,108,30938,1162,4680,4244762,16,173,80,1,25028,1,30,1,464005,1,447884,1,118749,1,3177953,1,11031,1,307614,1,12304,4,527418,4,80255,4,755117,4,1462833,8,2186249,108,27022,12,3196,1,25309,1,2745,1,0,0,0,0,0,0,419560,1,19878,1,5210,1,4739,1,22173,1,410382,1,26541,1,16589,1,32,1,9565,1,4520,1,16621,1,9565,1,48,1,1240,1,1,1,0,1
100,4333000,4521,9564,28.964386,,0,10,9,108,30932,1282,4419,4302068,16,173,50,1,25239,1,30,1,463344,1,449137,1,118228,1,3234778,1,11262,1,308756,1,12855,4,550031,4,80826,4,741200,4,1506973,8,2210030,108,33725,12,3717,1,26361,1,2775,1,0,0,0,0,0,0,421664,1,19498,1,4869,1,4729,1,22724,1,409160,1,26591,1,16587,1,39,1,9564,1,4521,1,16626,1,9564,1,48,1,1240,1,1,1,0,1
101,4293300,4521,9564,28.965906,,0,10,9,108,30984,1222,4739,4262316,16,173,40,1,30569,1,80,1,469516,1,454758,1,125162,1,3170909,1,11282,1,324927,1,12905,4,527428,4,80165,4,743274,4,1446612,8,2158185,108,26962,12,3226,1,28355,1,2795,1,0,0,0,0,0,0,426263,1,20309,1,4899,1,4839,1,23736,1,412216,1,28515,1,16610,1,32,1,9564,1,4521,1,16642,1,9564,1,48,1,1240,1,1,1,0,1
102,4283200,4521,9563,28.967402,,0,10,9,108,30493,1072,4850,4252707,16,173,50,1,25139,1,30,1,464216,1,448946,1,117747,1,3185458,1,11121,1,308145,1,12705,4,528109,4,79994,4,755799,4,1467813,8,2181580,108,37182,12,3356,1,25730,1,2735,1,0,0,0,0,0,0,421924,1,19297,1,4549,1,4819,1,22073,1,412266,1,24898,1,16608,1,44,1,9563,1,4521,1,16652,1,9563,1,48,1,1240,1,1,1,0,1
103,4246900,4520,9563,28.968788,,0,10,9,108,29882,1112,4680,4217018,16,173,50,1,25108,1,50,1,463254,1,449067,1,117517,1,3150811,1,11162,1,306812,1,12534,4,529883,4,80435,4,739627,4,1449297,8,2146141,108,38104,12,3196,1,25149,1,2765,1,0,0,0,0,0,0,421263,1,19528,1,5070,1,4709,1,23325,1,410152,1,24908,1,16622,1,45,1,9563,1,4520,1,16667,1,9563,1,48,1,1240,1,1,1,0,1
104,4341700,4522,9563,28.969984,,0,10,9,108,35099,1262,7545,4306601,16,173,180,1,30970,1,80,1,482211,1,446682,1,117547,1,3215125,1,13807,1,322322,1,13075,4,562315,4,81618,4,759255,4,1442293,8,2148957,108,45047,12,3817,1,26391,1,2775,1,0,0,0,0,0,0,421584,1,17293,1,4459,1,4950,1,22714,1,426172,1,28094,1,16622,1,53,1,9563,1,4522,1,16675,1,9563,1,48,1,1240,1,1,1,0,1
105,4247900,4518,9563,28.971111,,0,10,9,108,31112,1212,4639,4216788,16,173,281,1,30689,1,100,1,465969,1,454297,1,121124,1,3133287,1,11041,1,317513,1,12705,4,528149,4,80044,4,736882,4,1424359,8,2115102,108,41500,12,3276,1,26401,1,2745,1,0,0,0,0,0,0,425702,1,20059,1,5260,1,4899,1,22303,1,411484,1,26972,1,16621,1,49,1,9563,1,4518,1,16670,1,9563,1,48,1,1240,1,1,1,0,1
106,4264200,4521,9563,28.97221,,0,10,9,108,30610,1082,5091,4233590,16,173,60,1,25209,1,60,1,460769,1,461992,1,118098,1,3156341,1,11061,1,310229,1,12494,4,527979,4,79824,4,746200,4,1445820,8,2150910,108,36020,12,3216,1,26692,1,2805,1,0,0,0,0,0,0,435140,1,19027,1,4589,1,4749,1,22574,1,408248,1,25008,1,16635,1,42,1,9563,1,4521,1,16677,1,9563,1,48,1,1240,1,1,1,0,1
107,4338000,4523,9563,28.97325,,0,10,9,108,30297,1102,4259,4307703,16,173,40,1,25239,1,50,1,459867,1,447093,1,118288,1,3246175,1,10951,1,308085,1,12654,4,530814,4,80365,4,757312,4,1520885,8,2240242,108,33695,12,5531,1,26511,1,2916,1,0,0,0,0,0,0,420732,1,18656,1,4619,1,4869,1,21902,1,407847,1,25088,1,16652,1,40,1,9563,1,4523,1,16692,1,9563,1,48,1,1240,1,1,1,0,1
108,4291000,4515,9562,28.974203,,0,10,9,108,32131,1122,4620,4258869,16,173,50,1,25058,1,80,1,462523,1,444828,1,118689,1,3196439,1,11202,1,316972,1,12694,4,529171,4,79804,4,756991,4,1465408,8,2182511,108,35268,12,3176,1,28385,1,2715,1,0,0,0,0,0,0,417566,1,19618,1,4469,1,4809,1,21852,1,409420,1,26271,1,16660,1,41,1,9562,1,4515,1,16701,1,9562,1,48,1,1240,1,1,1,0,1
109,4276300,4517,9562,28.975157,,0,10,9,108,31578,1212,4550,4244722,16,173,481,1,25319,1,90,1,461030,1,446862,1,116926,1,3182993,1,11021,1,310720,1,12835,4,531576,4,80305,4,756680,4,1459226,8,2170938,108,40418,12,3216,1,24457,1,2765,1,0,0,0,0,0,0,420451,1,18736,1,4559,1,4789,1,21962,1,408769,1,25349,1,16684,1,47,1,9562,1,4517,1,16731,1,9562,1,48,1,1240,1,1,1,0,1
110,4250600,4516,9562,28.976004,,0,10,9,108,32259,1182,5090,4218341,16,173,40,1,25720,1,20,1,464266,1,443065,1,117998,1,3156161,1,11071,1,307674,1,12634,4,529071,4,80195,4,748565,4,1445520,8,2159066,108,29928,12,3206,1,25349,1,2765,1,0,0,0,0,0,0,416864,1,18866,1,4168,1,4839,1,22093,1,411915,1,25239,1,16690,1,36,1,9562,1,4516,1,16726,1,9562,1,48,1,1240,1,1,1,0,1
111,4328700,4515,9562,28.976778,,0,10,9,108,32208,1303,8727,4296492,16,173,100,1,30649,1,40,1,473323,1,438496,1,116976,1,3223561,1,13346,1,318775,1,12624,4,530414,4,83681,4,763173,4,1483493,8,2210977,108,26962,12,3597,1,23766,1,2735,1,0,0,0,0,0,0,411093,1,19638,1,4609,1,4809,1,22453,1,419840,1,26040,1,16691,1,32,1,9562,1,4515,1,16723,1,9562,1,48,1,1240,1,1,1,0,1
112,4285800,4519,9562,28.977486,,0,10,9,108,30638,1152,4880,4255162,16,173,140,1,30579,1,40,1,468063,1,456521,1,118940,1,3169877,1,11001,1,306021,1,12454,4,528801,4,79584,4,753234,4,1456912,8,2171651,108,33615,12,3236,1,25720,1,2765,1,0,0,0,0,0,0,427846,1,20520,1,4889,1,4859,1,22934,1,412927,1,27052,1,16685,1,40,1,9562,1,4519,1,16725,1,9562,1,48,1,1240,1,1,1,0,1
113,4257800,4520,9562,28.978231,,0,10,9,108,30612,1092,4769,4227188,16,173,50,1,25269,1,40,1,465418,1,446732,1,117246,1,3161391,1,11041,1,306241,1,12785,4,531275,4,80415,4,748204,4,1448916,8,2159858,108,32493,12,3236,1,26441,1,2785,1,0,0,0,0,0,0,419950,1,18796,1,4779,1,4859,1,22143,1,411745,1,26501,1,16698,1,38,1,9562,1,4520,1,16736,1,9562,1,48,1,1240,1,1,1,0,1
114,4241400,4520,9562,28.97893,,0,10,9,108,29942,1153,4870,4211458,16,173,50,1,24958,1,30,1,465429,1,443125,1,118168,1,3148546,1,11152,1,307523,1,12534,4,529632,4,80064,4,741491,4,1447073,8,2149678,108,34016,12,3306,1,22994,1,2775,1,0,0,0,0,0,0,415873,1,19317,1,4759,1,4909,1,22033,1,413037,1,25229,1,16706,1,40,1,9562,1,4520,1,16746,1,9562,1,48,1,1240,1,1,1,0,1
115,4302300,4519,9561,28.979557,,0,10,9,108,28703,1142,4900,4273597,16,173,60,1,25179,1,40,1,462633,1,441091,1,117647,1,3215345,1,11602,1,332011,1,12574,4,531015,4,80014,4,761530,4,1464677,8,2190617,108,30689,12,3196,1,26421,1,2765,1,0,0,0,0,0,0,414019,1,19307,1,4559,1,4839,1,21912,1,410522,1,25229,1,16724,1,36,1,9561,1,4519,1,16760,1,9561,1,48,1,1240,1,1,1,0,1
116,4284700,4526,9561,28.980162,,0,10,9,108,29899,1112,4740,4254801,16,173,70,1,24908,1,130,1,461541,1,450028,1,117326,1,3189736,1,11061,1,308545,1,12634,4,531696,4,79784,4,755097,4,1468734,8,2185377,108,33715,12,3176,1,26191,1,2765,1,0,0,0,0,0,0,422776,1,19728,1,4328,1,4839,1,22012,1,408168,1,26291,1,16733,1,40,1,9561,1,4526,1,16773,1,9561,1,48,1,1240,1,1,1,0,1
117,4274600,4519,9561,28.980728,,0,10,9,108,29538,1112,4459,4245062,16,173,140,1,25038,1,40,1,464496,1,456060,1,118489,1,3169747,1,11051,1,309267,1,12855,4,533089,4,80756,4,749557,4,1450269,8,2161451,108,33915,12,3266,1,26742,1,2835,1,0,0,0,0,0,0,428547,1,20059,1,4218,1,4889,1,21972,1,410081,1,27353,1,16723,1,40,1,9561,1,4519,1,16763,1,9561,1,48,1,1240,1,1,1,0,1
118,4421500,4521,9561,28.981266,,0,10,9,108,31883,1192,4429,4389617,16,173,80,1,25118,1,30,1,464126,1,449057,1,117567,1,3322517,1,11121,1,309497,1,12705,4,534061,4,88361,4,758584,4,1575866,8,2295104,108,34917,12,5731,1,33294,1,3226,1,0,0,0,0,0,0,422155,1,18646,1,4980,1,4980,1,22012,1,411314,1,25629,1,16755,1,40,1,9561,1,4521,1,16795,1,9561,1,48,1,1240,1,1,1,0,1
119,4273500,4517,9561,28.981787,,0,10,9,108,33748,1182,4719,4239752,16,173,160,1,25339,1,70,1,467743,1,454657,1,118028,1,3162824,1,10931,1,311601,1,12735,4,532077,4,81628,4,747803,4,1443295,8,2156001,108,30379,12,3196,1,26551,1,2755,1,0,0,0,0,0,0,427826,1,19027,1,4589,1,5060,1,22463,1,414660,1,25339,1,16748,1,36,1,9561,1,4517,1,16784,1,9561,1,48,1,1240,1,1,1,0,1
120,4296000,4523,9561,28.982262,,0,10,9,108,31821,1102,5201,4264179,16,173,50,1,25139,1,30,1,463505,1,443917,1,117697,1,3202751,1,11091,1,310800,1,12985,4,534642,4,80485,4,758614,4,1470458,8,2189935,108,33935,12,3206,1,27613,1,2845,1,0,0,0,0,0,0,416864,1,19057,1,4779,1,4990,1,21922,1,411354,1,25048,1,16776,1,40,1,9561,1,4523,1,16816,1,9561,1,48,1,1240,1,1,1,0,1
121,4311500,4523,9561,28.98269,,0,10,9,108,31510,1092,5031,4279990,16,173,60,1,25259,1,100,1,465909,1,457313,1,119601,1,3200667,1,11081,1,307914,1,12604,4,533209,4,80786,4,763654,4,1468915,8,2194233,108,33304,12,3266,1,26461,1,2765,1,0,0,0,0,0,0,430180,1,19277,1,4639,1,5310,1,22233,1,412877,1,25319,1,16768,1,40,1,9561,1,4523,1,16808,1,9561,1,48,1,1240,1,1,1,0,1
122,4570900,4521,9561,28.983118,,0,10,9,108,37606,1343,8357,4533294,16,173,160,1,30840,1,90,1,482792,1,454762,1,123438,1,3428056,1,13155,1,334486,1,13576,4,557025,4,84433,4,807058,4,1590289,8,2356787,108,32202,12,4078,1,32843,1,2926,1,0,0,0,0,0,0,429223,1,17374,1,4759,1,5010,1,22954,1,420762,1,33805,1,16780,1,36,1,9561,1,4521,1,16816,1,9561,1,48,1,1240,1,1,1,0,1
123,4373400,4522,9561,28.98351,,0,10,9,108,31190,1383,5220,4342210,16,173,230,1,30489,1,80,1,474165,1,460148,1,130322,1,3235735,1,11041,1,348052,1,12574,4,531766,4,79884,4,760538,4,1464596,8,2186660,108,33254,12,3707,1,30459,1,2775,1,0,0,0,0,0,0,429699,1,21972,1,4539,1,5100,1,24237,1,416684,1,27834,1,16773,1,40,1,9561,1,4522,1,16813,1,9561,1,48,1,1240,1,1,1,0,1
124,4291600,4518,9561,28.98387,,0,10,9,108,30406,1233,5311,4261194,16,173,90,1,25379,1,50,1,469526,1,467242,1,118429,1,3169417,1,11061,1,320408,1,12604,4,532878,4,80545,4,748575,4,1440851,8,2163485,108,20630,12,3226,1,26381,1,2715,1,0,0,0,0,0,0,440670,1,19167,1,4338,1,5000,1,22874,1,415973,1,25519,1,16794,1,24,1,9561,1,4518,1,16818,1,9561,1,48,1,1240,1,1,1,0,1
125,4279200,4521,9561,28.984217,,0,10,9,108,30661,1192,4870,4248539,16,173,220,1,25159,1,50,1,465168,1,443105,1,116244,1,3187431,1,11162,1,308686,1,12624,4,533259,4,80395,4,754095,4,1464677,8,2193593,108,20309,12,3286,1,26461,1,2755,1,0,0,0,0,0,0,416794,1,19267,1,3978,1,4970,1,22634,1,410783,1,26541,1,16816,1,24,1,9561,1,4521,1,16840,1,9561,1,48,1,1240,1,1,1,0,1
126,4283600,4521,9561,28.984558,,0,10,9,108,31364,1242,4990,4252236,16,173,30,1,25579,1,50,1,468254,1,468113,1,117206,1,3161922,1,11081,1,305560,1,12354,4,532297,4,81908,4,751530,4,1447263,8,2173414,108,20389,12,3677,1,23285,1,2805,1,0,0,0,0,0,0,442654,1,17744,1,4348,1,5030,1,22413,1,414811,1,25790,1,16826,1,24,1,9561,1,4521,1,16850,1,9561,1,48,1,1240,1,1,1,0,1
127,4329500,4517,9561,28.98485,,0,10,9,108,32577,1262,4559,4296923,16,173,90,1,31020,1,80,1,475277,1,457934,1,120593,1,3198463,1,13466,1,306872,1,12564,4,534772,4,81928,4,774765,4,1453405,8,2202229,108,21381,12,3727,1,26401,1,2765,1,0,0,0,0,0,0,431082,1,18786,1,4729,1,5120,1,22413,1,419089,1,28435,1,16852,1,24,1,9561,1,4517,1,16876,1,9561,1,48,1,1240,1,1,1,0,1
128,4268600,4522,9561,28.98514,,0,10,9,108,31523,1272,4660,4237077,16,173,40,1,30529,1,40,1,469807,1,453645,1,117497,1,3154538,1,10981,1,308986,1,12955,4,532748,4,80085,4,743575,4,1443155,8,2157984,108,24086,12,3276,1,25670,1,2815,1,0,0,0,0,0,0,426703,1,19528,1,4268,1,5010,1,23565,1,413668,1,27353,1,16842,1,28,1,9561,1,4522,1,16870,1,9561,1,48,1,1240,1,1,1,0,1
129,4418000,4521,9561,28.98541,,0,10,9,108,30813,1182,4739,4387187,16,173,60,1,25379,1,90,1,465729,1,459647,1,116485,1,3308685,1,11111,1,308776,1,12524,4,537838,4,80856,4,801537,4,1529652,8,2301642,108,24808,12,3617,1,29577,1,3126,1,0,0,0,0,0,0,433096,1,18716,1,4559,1,5010,1,22263,1,411644,1,26581,1,16861,1,28,1,9561,1,4521,1,16889,1,9561,1,48,1,1240,1,1,1,0,1
130,4647200,4519,9560,28.98568,,0,10,9,108,33115,1573,3106,4614085,16,173,130,1,25279,1,30,1,468554,1,516126,1,116785,1,3475968,1,11212,1,324316,1,13616,4,539391,4,85224,4,853497,4,1618433,8,2441331,108,27493,12,4078,1,33014,1,2825,1,0,0,0,0,0,0,484265,1,23245,1,4689,1,5040,1,22634,1,415472,1,25219,1,16862,1,28,1,9560,1,4519,1,16890,1,9560,1,48,1,1240,1,1,1,0,1
131,4339200,4526,9559,28.98593,,0,10,9,108,31146,1202,5501,4308054,16,173,160,1,25890,1,60,1,470047,1,461200,1,117186,1,3222429,1,11081,1,331941,1,12634,4,537207,4,80235,4,759155,4,1464797,8,2191218,108,27233,12,3216,1,29266,1,2775,1,0,0,0,0,0,0,433246,1,20379,1,4218,1,5280,1,23255,1,415712,1,25589,1,16896,1,32,1,9559,1,4526,1,16928,1,9559,1,48,1,1240,1,1,1,0,1
132,4284100,4524,9559,28.986149,,0,10,9,108,30902,1292,4951,4253198,16,173,70,1,25780,1,30,1,465989,1,441442,1,115503,1,3193363,1,11021,1,315349,1,12674,4,534772,4,79864,4,760838,4,1454487,8,2183633,108,26742,12,3166,1,28224,1,2695,1,0,0,0,0,0,0,414580,1,19678,1,4048,1,5100,1,22313,1,413007,1,25399,1,16900,1,32,1,9559,1,4524,1,16932,1,9559,1,48,1,1240,1,1,1,0,1
133,4335300,4516,9559,28.98636,,0,10,9,108,32937,1252,5230,4302363,16,173,50,1,25469,1,20,1,465168,1,444468,1,115373,1,3240714,1,11101,1,307754,1,12935,4,534872,4,82309,4,783442,4,1486158,8,2240263,108,24107,12,3196,1,26040,1,2755,1,0,0,0,0,0,0,419339,1,18095,1,3958,1,6623,1,23125,1,409951,1,25309,1,16892,1,28,1,9559,1,4516,1,16920,1,9559,1,48,1,1240,1,1,1,0,1
134,4256000,4520,9559,28.98657,,0,10,9,108,30175,1122,4900,4225825,16,173,110,1,25469,1,40,1,464386,1,445610,1,115773,1,3163355,1,11081,1,308626,1,12614,4,533740,4,80135,4,751771,4,1443606,8,2166460,108,24016,12,3236,1,25780,1,2725,1,0,0,0,0,0,0,419750,1,18786,1,4008,1,5400,1,22884,1,410783,1,25128,1,16901,1,28,1,9559,1,4520,1,16929,1,9559,1,48,1,1240,1,1,1,0,1
135,4242900,4522,9559,28.986776,,0,10,9,108,31703,1212,4729,4211197,16,173,50,1,25369,1,60,1,463464,1,447243,1,115563,1,3148396,1,11051,1,307614,1,12705,4,535924,4,80054,4,743665,4,1435741,8,2152173,108,22503,12,3226,1,25479,1,2775,1,0,0,0,0,0,0,420972,1,19297,1,3938,1,5270,1,22704,1,409961,1,25279,1,16906,1,26,1,9559,1,4522,1,16932,1,9559,1,48,1,1240,1,1,1,0,1
136,4264200,4519,9559,28.986969,,0,10,9,108,31261,1142,4960,4232939,16,173,40,1,25459,1,30,1,459938,1,444668,1,115663,1,3175959,1,11182,1,305359,1,13085,4,535343,4,80465,4,747863,4,1461400,8,2178764,108,25539,12,3196,1,25339,1,2765,1,0,0,0,0,0,0,417766,1,19237,1,4479,1,5240,1,21532,1,407557,1,25439,1,16892,1,30,1,9559,1,4519,1,16922,1,9559,1,48,1,1240,1,1,1,0,1
137,4340500,4521,9559,28.987137,,0,10,9,108,31444,1172,4910,4309056,16,173,80,1,25429,1,30,1,475458,1,514924,1,114942,1,3166992,1,11202,1,302414,1,12444,4,534662,4,79874,4,749547,4,1455038,8,2170669,108,29006,12,3176,1,25940,1,2725,1,0,0,0,0,0,0,490346,1,17193,1,4148,1,5300,1,23095,1,421874,1,24998,1,16889,1,34,1,9559,1,4521,1,16923,1,9559,1,48,1,1240,1,1,1,0,1
138,4299900,4521,9559,28.9873,,0,10,9,108,32795,1182,4419,4267105,16,173,150,1,31371,1,70,1,474696,1,454046,1,121645,1,3171751,1,13376,1,323244,1,13025,4,535453,4,80796,4,745018,4,1440871,8,2152103,108,29367,12,3256,1,26140,1,2765,1,0,0,0,0,0,0,426764,1,19808,1,4118,1,5320,1,22784,1,418187,1,28204,1,16884,1,34,1,9559,1,4521,1,16918,1,9559,1,48,1,1240,1,1,1,0,1
139,4296600,4521,9559,28.987465,,0,10,9,108,30447,1172,4820,4266153,16,173,40,1,30509,1,50,1,467873,1,463334,1,116485,1,3176741,1,11121,1,306862,1,12424,4,534532,4,79944,4,747523,4,1453104,8,2166691,108,29116,12,3366,1,34947,1,2866,1,0,0,0,0,0,0,436843,1,19247,1,4008,1,5160,1,23345,1,411043,1,28144,1,16900,1,34,1,9559,1,4521,1,16934,1,9559,1,48,1,1240,1,1,1,0,1
140,4301400,4518,9559,28.987623,,0,10,9,108,31540,1202,4690,4269860,16,173,30,1,25189,1,40,1,464356,1,443055,1,115443,1,3210606,1,11142,1,307844,1,13175,4,537107,4,80185,4,758694,4,1480157,8,2205245,108,28916,12,3236,1,26271,1,2735,1,0,0,0,0,0,0,417536,1,18416,1,3938,1,5370,1,22674,1,410943,1,25199,1,16905,1,34,1,9559,1,4518,1,16939,1,9559,1,48,1,1240,1,1,1,0,1
141,4264300,4523,9559,28.987766,,0,10,9,108,31351,1152,4769,4232949,16,173,60,1,25229,1,40,1,463945,1,447243,1,117056,1,3168274,1,11101,1,309587,1,12614,4,535734,4,79994,4,746290,4,1451241,8,2158756,108,34006,12,3346,1,25529,1,2785,1,0,0,0,0,0,0,421023,1,18957,1,4118,1,5260,1,22303,1,411003,1,25199,1,16895,1,40,1,9559,1,4523,1,16935,1,9559,1,48,1,1240,1,1,1,0,1
142,4321200,4524,9559,28.987892,,0,10,9,108,30449,1092,5381,4290751,16,173,60,1,25169,1,30,1,462743,1,457252,1,117306,1,3217048,1,11142,1,307974,1,12494,4,538179,4,80435,4,770767,4,1474355,8,2207350,108,32393,12,3276,1,25700,1,2775,1,0,0,0,0,0,0,429779,1,19989,1,4278,1,5220,1,22223,1,409891,1,25249,1,16904,1,38,1,9559,1,4524,1,16942,1,9559,1,48,1,1240,1,1,1,0,1
143,4320700,4523,9559,28.98802,,0,10,9,108,29789,1202,5411,4290911,16,173,70,1,25239,1,40,1,461972,1,447484,1,116485,1,3228501,1,11121,1,309958,1,12765,4,538309,4,80325,4,769235,4,1485216,8,2216868,108,32172,12,3286,1,25459,1,2745,1,0,0,0,0,0,0,420702,1,19367,1,4218,1,5260,1,21572,1,409661,1,25289,1,16913,1,38,1,9559,1,4523,1,16951,1,9559,1,48,1,1240,1,1,1,0,1
144,4311200,4520,9559,28.988153,,0,10,9,108,30068,1172,5150,4281132,16,173,50,1,25289,1,50,1,463845,1,455569,1,116645,1,3208662,1,11021,1,308475,1,12725,4,536776,4,80505,4,782861,4,1454427,8,2200146,108,31992,12,3206,1,25770,1,2745,1,0,0,0,0,0,0,429228,1,19237,1,3978,1,5330,1,22594,1,410392,1,25339,1,16911,1,38,1,9559,1,4520,1,16949,1,9559,1,48,1,1240,1,1,1,0,1
145,4274000,4519,9559,28.98826,,0,10,9,108,30500,1082,5161,4243500,16,173,10,1,25209,1,40,1,464166,1,441953,1,116435,1,3184756,1,10931,1,305620,1,12785,4,537056,4,80535,4,753534,4,1463224,8,2182742,108,28855,12,3186,1,25018,1,2715,1,0,0,0,0,0,0,415853,1,19277,1,3747,1,5330,1,22333,1,411234,1,25038,1,16923,1,34,1,9559,1,4519,1,16957,1,9559,1,48,1,1240,1,1,1,0,1
146,4256100,4520,9559,28.988363,,0,10,9,108,29654,1192,5721,4226446,16,173,40,1,25179,1,40,1,462022,1,439709,1,116395,1,3172002,1,11061,1,306792,1,12584,4,535944,4,80305,4,752562,4,1451060,8,2171731,108,26171,12,3236,1,25569,1,2755,1,0,0,0,0,0,0,413548,1,19227,1,3817,1,5380,1,22243,1,409059,1,25159,1,16918,1,32,1,9559,1,4520,1,16950,1,9559,1,48,1,1240,1,1,1,0,1
147,4263600,4522,9559,28.988459,,0,10,9,108,29629,1162,5591,4233971,16,173,40,1,25439,1,60,1,461781,1,452724,1,116635,1,3166190,1,11101,1,308255,1,12735,4,535213,4,80044,4,751370,4,1445840,8,2166381,108,25239,12,3256,1,25519,1,2795,1,0,0,0,0,0,0,425732,1,19337,1,4469,1,5320,1,22554,1,408508,1,25189,1,16937,1,30,1,9559,1,4522,1,16967,1,9559,1,48,1,1240,1,1,1,0,1
148,4246600,4517,9559,28.988543,,0,10,9,108,30704,1072,5080,4215896,16,173,60,1,24938,1,40,1,464647,1,442995,1,115433,1,3156772,1,11011,1,302183,1,12654,4,536535,4,80205,4,747913,4,1446522,8,2167162,108,22193,12,3296,1,23656,1,2735,1,0,0,0,0,0,0,419419,1,16873,1,3657,1,5280,1,21782,1,412326,1,25038,1,16926,1,26,1,9559,1,4517,1,16952,1,9559,1,48,1,1240,1,1,1,0,1
149,4252600,4519,9559,28.988642,,0,10,9,108,31564,1172,4860,4221036,16,173,40,1,25309,1,50,1,463655,1,439017,1,117607,1,3164407,1,10951,1,306792,1,12705,4,535564,4,80135,4,747583,4,1448926,8,2168114,108,23535,12,3256,1,25529,1,2745,1,0,0,0,0,0,0,413508,1,18776,1,3577,1,5400,1,21582,1,411314,1,25179,1,16942,1,28,1,9559,1,4519,1,16970,1,9559,1,48,1,1240,1,1,1,0,1
150,4307400,4522,9559,28.98874,,0,10,9,108,30486,1092,4679,4276914,16,173,40,1,25199,1,40,1,463745,1,445370,1,116274,1,3215235,1,11011,1,305840,1,12444,4,544841,4,79984,4,770818,4,1468544,8,2215095,108,19588,12,3306,1,25589,1,2775,1,0,0,0,0,0,0,419449,1,19117,1,3757,1,5501,1,22584,1,410362,1,25139,1,16949,1,23,1,9559,1,4522,1,16972,1,9559,1,48,1,1240,1,1,1,0,1
151,4310700,4520,9559,28.98882,,0,10,9,108,31271,1202,4780,4279429,16,173,150,1,25159,1,30,1,467913,1,437234,1,116615,1,3221136,1,11192,1,306261,1,12845,4,536626,4,80245,4,775667,4,1475868,8,2227308,108,19448,12,3286,1,26341,1,2795,1,0,0,0,0,0,0,411574,1,18866,1,3677,1,5451,1,22934,1,412997,1,26331,1,16935,1,23,1,9559,1,4520,1,16958,1,9559,1,48,1,1240,1,1,1,0,1
152,4253100,4523,9559,28.988888,,0,10,9,108,30511,1232,4880,4222589,16,173,130,1,25209,1,60,1,465819,1,445370,1,115733,1,3159006,1,11262,1,306582,1,12725,4,535423,4,80335,4,747723,4,1443436,8,2162813,108,23465,12,3256,1,25569,1,2725,1,0,0,0,0,0,0,419229,1,19107,1,3837,1,5501,1,22834,1,412306,1,25018,1,16925,1,28,1,9559,1,4523,1,16953,1,9559,1,48,1,1240,1,1,1,0,1
153,4266500,4523,9559,28.988964,,0,10,9,108,33621,1252,5291,4232879,16,173,30,1,25249,1,20,1,461090,1,448465,1,116515,1,3170388,1,11121,1,305470,1,12875,4,537537,4,80796,4,747653,4,1454307,8,2172943,108,23726,12,3246,1,24507,1,2745,1,0,0,0,0,0,0,423137,1,18566,1,3707,1,5300,1,20540,1,408589,1,26431,1,16921,1,28,1,9559,1,4523,1,16949,1,9559,1,48,1,1240,1,1,1,0,1
154,4326000,4524,9559,28.989048,,0,10,9,108,34648,1262,8737,4291352,16,173,160,1,30709,1,120,1,481990,1,446782,1,116014,1,3204865,1,10711,1,313745,1,13266,4,539201,4,81147,4,763243,4,1462192,8,2183504,108,33194,12,3948,1,24046,1,2815,1,0,0,0,0,0,0,422235,1,17574,1,3777,1,5571,1,23976,1,425030,1,27092,1,16914,1,28,1,9559,1,4524,1,16942,1,9559,1,48,1,1240,1,1,1,0,1
155,4357600,4521,9559,28.989117,,0,10,9,108,32137,1282,4529,4325463,16,173,50,1,25349,1,50,1,475317,1,442444,1,116936,1,3254145,1,11172,1,311281,1,12845,4,572846,4,82930,4,795971,4,1441322,8,2208858,108,23906,12,3326,1,29587,1,2755,1,0,0,0,0,0,0,415792,1,19678,1,3847,1,5451,1,21902,1,422375,1,25369,1,16915,1,28,1,9559,1,4521,1,16943,1,9559,1,48,1,1240,1,1,1,0,1
156,4265600,4520,9559,28.989172,,0,10,9,108,30727,1443,5100,4234873,16,173,130,1,25068,1,70,1,467582,1,445540,1,117076,1,3168435,1,10971,1,316290,1,12715,4,534502,4,80004,4,747192,4,1443536,8,2163264,108,22363,12,3276,1,26722,1,2755,1,0,0,0,0,0,0,418568,1,20019,1,3807,1,5461,1,22714,1,413718,1,25499,1,16915,1,27,1,9559,1,4520,1,16942,1,9559,1,48,1,1240,1,1,1,0,1
157,4254800,4519,9559,28.989218,,0,10,9,108,30898,1192,5090,4223902,16,173,10,1,25229,1,30,1,465288,1,441242,1,117286,1,3163595,1,11222,1,308115,1,12905,4,536706,4,80235,4,750599,4,1442153,8,2164587,108,23075,12,3246,1,25710,1,2735,1,0,0,0,0,0,0,415812,1,18396,1,3988,1,5400,1,22844,1,411574,1,25279,1,16916,1,27,1,9559,1,4519,1,16943,1,9559,1,48,1,1240,1,1,1,0,1
158,4420800,4519,9559,28.98927,,0,10,9,108,30407,1273,4198,4390393,16,173,10,1,25489,1,20,1,464957,1,449898,1,117266,1,3321410,1,11342,1,307523,1,13706,4,541475,4,83300,4,790075,4,1545022,8,2305749,108,25149,12,5451,1,30549,1,3036,1,0,0,0,0,0,0,423597,1,19197,1,3978,1,5390,1,22123,1,412286,1,24978,1,16921,1,27,1,9559,1,4519,1,16948,1,9559,1,48,1,1240,1,1,1,0,1
159,4311600,4518,9559,28.98933,,0,10,9,108,34796,1292,5201,4276804,16,173,190,1,25419,1,40,1,464947,1,444197,1,118970,1,3211879,1,11162,1,328795,1,12775,4,534752,4,82409,4,754376,4,1459547,8,2189344,108,19377,12,3236,1,31982,1,2715,1,0,0,0,0,0,0,414510,1,22544,1,3888,1,5891,1,24006,1,408809,1,26050,1,16921,1,23,1,9559,1,4518,1,16944,1,9559,1,48,1,1240,1,1,1,0,1
160,4265800,4519,9559,28.989386,,0,10,9,108,30947,1183,5031,4234853,16,173,50,1,25349,1,30,1,462432,1,434619,1,117948,1,3183313,1,11111,1,317753,1,13005,4,537768,4,80445,4,756249,4,1444027,8,2175768,108,19478,12,3196,1,26942,1,2745,1,0,0,0,0,0,0,408458,1,19317,1,3657,1,5611,1,23515,1,407727,1,25399,1,16913,1,23,1,9559,1,4519,1,16936,1,9559,1,48,1,1240,1,1,1,0,1
161,4317300,4521,9559,28.989433,,0,10,9,108,32050,1232,4910,4285250,16,173,40,1,25569,1,50,1,465168,1,457593,1,119050,1,3206719,1,11061,1,310930,1,12444,4,536185,4,80706,4,779564,4,1452203,8,2207279,108,19578,12,3407,1,27303,1,2745,1,0,0,0,0,0,0,431132,1,19407,1,3867,1,5521,1,22764,1,410172,1,26551,1,16911,1,23,1,9559,1,4521,1,16934,1,9559,1,48,1,1240,1,1,1,0,1
162,4332800,4518,9559,28.989477,,0,10,9,108,33653,1152,5482,4299147,16,173,170,1,25189,1,30,1,462382,1,453034,1,116956,1,3230224,1,11162,1,307303,1,12705,4,536776,4,80555,4,755688,4,1504383,8,2235162,108,19427,12,3246,1,25660,1,2755,1,0,0,0,0,0,0,427545,1,18496,1,3827,1,5591,1,22754,1,408739,1,25088,1,16914,1,23,1,9559,1,4518,1,16937,1,9559,1,48,1,1240,1,1,1,0,1
163,4263400,4520,9559,28.989515,,0,10,9,108,30251,1132,5221,4233149,16,173,160,1,25279,1,30,1,463755,1,439168,1,117256,1,3176470,1,11031,1,306011,1,12534,4,537207,4,80606,4,752843,4,1454657,8,2183183,108,19097,12,3226,1,25519,1,2735,1,0,0,0,0,0,0,413187,1,19147,1,3727,1,5571,1,23455,1,409009,1,25459,1,16924,1,23,1,9559,1,4520,1,16947,1,9559,1,48,1,1240,1,1,1,0,1
164,4275900,4520,9559,28.989552,,0,10,9,108,30878,1242,5090,4245022,16,173,40,1,25429,1,40,1,462342,1,434168,1,117697,1,3194134,1,11172,1,309016,1,12664,4,535473,4,80205,4,742393,4,1481609,8,2199474,108,19438,12,3517,1,25249,1,2765,1,0,0,0,0,0,0,408488,1,18646,1,3857,1,5621,1,22614,1,408789,1,25118,1,16923,1,23,1,9559,1,4520,1,16946,1,9559,1,48,1,1240,1,1,1,0,1
165,4208300,4519,9559,28.989582,,0,10,9,108,31900,1192,4719,4176400,16,173,40,1,25319,1,30,1,464516,1,443566,1,116996,1,3114951,1,10981,1,307954,1,12544,4,538269,4,80345,4,734167,4,1409129,8,2118608,108,19969,12,3286,1,25299,1,2765,1,0,0,0,0,0,0,417225,1,19528,1,3727,1,5511,1,23075,1,410572,1,25199,1,16924,1,24,1,9559,1,4519,1,16948,1,9559,1,48,1,1240,1,1,1,0,1
166,4250700,4516,9559,28.989613,,0,10,9,108,30766,1112,4879,4219934,16,173,30,1,25159,1,40,1,462973,1,438566,1,117517,1,3163906,1,11743,1,312213,1,13416,4,536175,4,82058,4,758183,4,1423026,8,2157303,108,19027,12,3206,1,31791,1,2725,1,0,0,0,0,0,0,411775,1,19848,1,3747,1,5440,1,22173,1,408609,1,26601,1,16926,1,23,1,9559,1,4516,1,16949,1,9559,1,48,1,1240,1,1,1,0,1
167,4317500,4518,9559,28.989645,,0,10,9,108,31068,1052,5111,4286432,16,173,40,1,25169,1,30,1,462873,1,474035,1,116946,1,3196258,1,11081,1,322252,1,12905,4,537377,4,80976,4,757332,4,1451221,8,2184154,108,19287,12,3236,1,27092,1,2815,1,0,0,0,0,0,0,444518,1,21782,1,4148,1,5611,1,23375,1,408568,1,25179,1,16939,1,23,1,9559,1,4518,1,16962,1,9559,1,48,1,1240,1,1,1,0,1
168,4275400,4518,9559,28.989676,,0,10,9,108,30738,1132,5321,4244662,16,173,50,1,25179,1,60,1,471700,1,445720,1,117146,1,3173805,1,11001,1,313094,1,12664,4,536195,4,79944,4,751180,4,1447794,8,2173654,108,19999,12,3176,1,25870,1,2755,1,0,0,0,0,0,0,421794,1,17023,1,3807,1,5801,1,22373,1,418227,1,25078,1,16942,1,24,1,9559,1,4518,1,16966,1,9559,1,48,1,1240,1,1,1,0,1
169,4237200,4514,9559,28.9897,,0,10,9,108,31003,1202,4811,4206197,16,173,50,1,24988,1,50,1,458956,1,442845,1,117306,1,3150941,1,11061,1,307544,1,13045,4,536616,4,80175,4,747342,4,1434569,8,2155619,108,21481,12,3206,1,24387,1,2856,1,0,0,0,0,0,0,417005,1,18917,1,3867,1,5561,1,22774,1,405412,1,24988,1,16948,1,24,1,9559,1,4514,1,16972,1,9559,1,48,1,1240,1,1,1,0,1
170,4254600,4515,9559,28.989725,,0,10,9,108,30638,1152,5531,4223962,16,173,40,1,24948,1,40,1,461160,1,437013,1,117898,1,3171601,1,11262,1,305720,1,12544,4,538169,4,80796,4,752713,4,1448606,8,2175608,108,20179,12,3196,1,25970,1,2735,1,0,0,0,0,0,0,409871,1,20279,1,3737,1,5551,1,22093,1,407156,1,26201,1,16948,1,24,1,9559,1,4515,1,16972,1,9559,1,48,1,1240,1,1,1,0,1
171,4282700,4512,9559,28.989754,,0,10,9,108,29752,1082,5451,4252948,16,173,40,1,25319,1,50,1,463234,1,458294,1,118499,1,3176350,1,11162,1,307433,1,12735,4,536706,4,80235,4,753003,4,1453515,8,2180548,108,20520,12,3346,1,25549,1,2745,1,0,0,0,0,0,0,431573,1,19427,1,4128,1,5471,1,22784,1,409470,1,25349,1,16956,1,24,1,9559,1,4512,1,16980,1,9559,1,48,1,1240,1,1,1,0,1
172,4255300,4513,9559,28.98977,,0,10,9,108,29805,1162,5151,4225495,16,173,50,1,25389,1,70,1,459627,1,456741,1,116695,1,3155620,1,11302,1,306001,1,12524,4,535754,4,80275,4,746561,4,1441973,8,2162823,108,20560,12,3226,1,25299,1,2845,1,0,0,0,0,0,0,431062,1,18866,1,3647,1,5491,1,22433,1,406424,1,25118,1,16946,1,24,1,9559,1,4513,1,16970,1,9559,1,48,1,1240,1,1,1,0,1
173,4296400,4515,9559,28.989801,,0,10,9,108,32145,1252,4419,4264255,16,173,130,1,25229,1,30,1,464637,1,436643,1,117857,1,3208567,1,11162,1,306001,1,13276,4,565481,4,80285,4,739487,4,1470303,8,2184551,108,20820,12,3657,1,26030,1,2795,1,0,0,0,0,0,0,411324,1,18786,1,3447,1,5751,1,21662,1,411775,1,25289,1,16956,1,24,1,9559,1,4515,1,16980,1,9559,1,48,1,1240,1,1,1,0,1
174,4266500,4515,9559,28.989834,,0,10,9,108,31407,1032,4640,4235093,16,173,140,1,30319,1,80,1,463925,1,450279,1,119040,1,3160189,1,11121,1,308586,1,12825,4,536716,4,80075,4,753614,4,1435921,8,2164637,108,20259,12,3377,1,25229,1,2815,1,0,0,0,0,0,0,424459,1,18886,1,3747,1,5671,1,23415,1,406464,1,28184,1,16952,1,24,1,9559,1,4515,1,16976,1,9559,1,48,1,1240,1,1,1,0,1
175,4255600,4515,9559,28.989851,,0,10,9,108,31248,1122,5130,4224352,16,173,70,1,25219,1,40,1,460689,1,450980,1,116775,1,3159497,1,11081,1,306682,1,12985,4,536596,4,80505,4,744346,4,1444758,8,2161020,108,22954,12,3246,1,26501,1,2755,1,0,0,0,0,0,0,424439,1,19668,1,3717,1,5791,1,22894,1,406775,1,25058,1,16951,1,27,1,9559,1,4515,1,16978,1,9559,1,48,1,1240,1,1,1,0,1
176,4223700,4514,9559,28.989864,,0,10,9,108,30908,1182,4871,4192792,16,173,20,1,25179,1,30,1,460699,1,442654,1,117817,1,3135381,1,11011,1,306231,1,12785,4,534822,4,79984,4,743184,4,1426283,8,2141912,108,22684,12,3276,1,24928,1,2705,1,0,0,0,0,0,0,416263,1,19618,1,3617,1,5911,1,21612,1,407827,1,25169,1,16943,1,27,1,9559,1,4514,1,16970,1,9559,1,48,1,1240,1,1,1,0,1
177,4270400,4516,9559,28.989883,,0,10,9,108,31319,1102,5200,4239081,16,173,50,1,25128,1,30,1,459978,1,458775,1,117296,1,3166461,1,11362,1,306792,1,12364,4,537117,4,80285,4,749246,4,1449918,8,2171621,108,22343,12,3467,1,23425,1,2745,1,0,0,0,0,0,0,432394,1,19458,1,3677,1,5751,1,21662,1,407196,1,25209,1,16944,1,27,1,9559,1,4516,1,16971,1,9559,1,48,1,1240,1,1,1,0,1
178,4246900,4515,9559,28.989906,,0,10,9,108,30623,1112,5821,4216277,16,173,40,1,25078,1,30,1,461972,1,446361,1,117286,1,3154448,1,11061,1,304848,1,12364,4,536085,4,80676,4,746150,4,1441923,8,2160099,108,22153,12,3186,1,25379,1,2725,1,0,0,0,0,0,0,420441,1,18826,1,3908,1,5972,1,22513,1,408248,1,25048,1,16946,1,27,1,9559,1,4515,1,16973,1,9559,1,48,1,1240,1,1,1,0,1
179,4248200,4515,9559,28.989923,,0,10,9,108,30450,1022,4900,4217750,16,173,50,1,25219,1,40,1,459326,1,447383,1,116876,1,3157864,1,10991,1,305369,1,12564,4,536475,4,80325,4,746210,4,1444387,8,2163625,108,22073,12,3266,1,25479,1,2765,1,0,0,0,0,0,0,421073,1,19458,1,3727,1,5701,1,21652,1,406735,1,25078,1,16936,1,27,1,9559,1,4515,1,16963,1,9559,1,48,1,1240,1,1,1,0,1
180,4314800,4515,9559,28.98993,,0,10,9,108,32712,1172,5641,4282088,16,173,50,1,25309,1,30,1,461731,1,452213,1,118018,1,3213596,1,11142,1,306321,1,12735,4,536085,4,80586,4,746631,4,1494228,8,2212143,108,23075,12,5851,1,26932,1,3056,1,0,0,0,0,0,0,425561,1,19267,1,4058,1,5941,1,22033,1,408398,1,25199,1,16941,1,27,1,9559,1,4515,1,16968,1,9559,1,48,1,1240,1,1,1,0,1
181,4276300,4517,9559,28.98993,,0,10,9,108,37379,1303,5621,4238921,16,173,120,1,29397,1,60,1,463334,1,463264,1,118158,1,3153526,1,11061,1,303015,1,12654,4,538229,4,80455,4,744497,4,1440941,8,2153746,108,26070,12,3306,1,26371,1,2755,1,0,0,0,0,0,0,436983,1,19217,1,3837,1,5721,1,22533,1,409771,1,25048,1,16935,1,31,1,9559,1,4517,1,16966,1,9559,1,48,1,1240,1,1,1,0,1
182,4326400,4517,9559,28.98994,,0,10,9,108,31241,1162,5651,4295159,16,173,40,1,25299,1,30,1,462022,1,480257,1,117146,1,3199274,1,11091,1,309347,1,12694,4,537167,4,80525,4,760488,4,1465919,8,2193633,108,27122,12,3316,1,25930,1,2725,1,0,0,0,0,0,0,456521,1,16903,1,3697,1,5621,1,22674,1,408528,1,25008,1,16943,1,32,1,9559,1,4517,1,16975,1,9559,1,48,1,1240,1,1,1,0,1
183,4256400,4516,9559,28.989958,,0,10,9,108,32208,1252,5330,4224192,16,173,50,1,25269,1,40,1,462994,1,443155,1,118138,1,3163585,1,10961,1,306201,1,12534,4,536736,4,80044,4,749587,4,1445720,8,2162553,108,27423,12,3226,1,25519,1,2765,1,0,0,0,0,0,0,417866,1,18436,1,3717,1,5501,1,21682,1,409039,1,26611,1,16946,1,32,1,9559,1,4516,1,16978,1,9559,1,48,1,1240,1,1,1,0,1
184,4265700,4516,9559,28.98997,,0,10,9,108,30667,1062,5420,4235033,16,173,40,1,25078,1,30,1,460308,1,434599,1,118649,1,3185247,1,11081,1,307584,1,12875,4,538359,4,80565,4,752111,4,1461120,8,2176991,108,30819,12,3176,1,25619,1,2775,1,0,0,0,0,0,0,408759,1,19057,1,3577,1,5621,1,22183,1,407206,1,25098,1,16941,1,36,1,9559,1,4516,1,16977,1,9559,1,48,1,1240,1,1,1,0,1
185,4251200,4514,9559,28.989977,,0,10,9,108,30855,1222,5071,4220345,16,173,140,1,25008,1,40,1,464336,1,441913,1,118098,1,3159828,1,10981,1,308576,1,12594,4,537718,4,80606,4,746070,4,1441853,8,2155930,108,26922,12,3206,1,25249,1,2735,1,0,0,0,0,0,0,415792,1,19347,1,3537,1,5571,1,22012,1,411113,1,25439,1,16944,1,32,1,9559,1,4514,1,16976,1,9559,1,48,1,1240,1,1,1,0,1
186,4253500,4515,9559,28.98999,,0,10,9,108,30320,1212,5662,4223180,16,173,40,1,25169,1,40,1,461461,1,441933,1,116655,1,3166792,1,11091,1,305209,1,12985,4,536616,4,80275,4,745749,4,1453605,8,2167311,108,26381,12,3166,1,25229,1,2745,1,0,0,0,0,0,0,415853,1,19207,1,3787,1,5701,1,22033,1,408168,1,25379,1,16950,1,32,1,9559,1,4515,1,16982,1,9559,1,48,1,1240,1,1,1,0,1
187,4256100,4516,9559,28.990005,,0,10,9,108,30134,1132,4830,4225966,16,173,100,1,25159,1,40,1,460849,1,451171,1,116966,1,3160630,1,11051,1,305950,1,12614,4,537427,4,80405,4,747312,4,1444087,8,2163685,108,22884,12,3276,1,25660,1,2765,1,0,0,0,0,0,0,424419,1,19718,1,3747,1,5671,1,22253,1,407797,1,24958,1,16958,1,28,1,9559,1,4516,1,16986,1,9559,1,48,1,1240,1,1,1,0,1
188,4249900,4519,9559,28.990013,,0,10,9,108,31008,1122,5641,4218892,16,173,20,1,24958,1,40,1,458625,1,446852,1,117988,1,3159317,1,11091,1,305770,1,12634,4,537387,4,80185,4,746491,4,1444297,8,2161942,108,23205,12,3276,1,25409,1,2745,1,0,0,0,0,0,0,419710,1,20520,1,3567,1,5791,1,22043,1,405643,1,24938,1,16958,1,28,1,9559,1,4519,1,16986,1,9559,1,48,1,1240,1,1,1,0,1
189,4252400,4519,9559,28.990015,,0,10,9,108,29570,1212,5731,4222830,16,173,20,1,25098,1,30,1,463835,1,437665,1,117928,1,3167122,1,11131,1,305409,1,12534,4,538118,4,80335,4,750068,4,1447954,8,2165729,108,26561,12,3236,1,25519,1,2735,1,0,0,0,0,0,0,412596,1,18325,1,3647,1,6072,1,22523,1,408709,1,26311,1,16956,1,32,1,9559,1,4519,1,16988,1,9559,1,48,1,1240,1,1,1,0,1
190,4241100,4519,9559,28.990025,,0,10,9,108,30965,1202,4800,4210135,16,173,50,1,25299,1,30,1,466100,1,444047,1,118328,1,3145160,1,11121,1,307243,1,12304,4,536305,4,79874,4,743445,4,1433567,8,2148666,108,23545,12,3206,1,25229,1,2785,1,0,0,0,0,0,0,418287,1,18666,1,3837,1,5911,1,22213,1,411284,1,26541,1,16964,1,28,1,9559,1,4519,1,16992,1,9559,1,48,1,1240,1,1,1,0,1
191,4320200,4520,9559,28.99004,,0,10,9,108,36894,4919,4689,4283306,16,173,170,1,30669,1,80,1,485186,1,446512,1,119481,1,3186670,1,14538,1,310700,1,12524,4,536445,4,80786,4,744116,4,1465779,8,2178644,108,26561,12,3326,1,24918,1,3156,1,0,0,0,0,0,0,420592,1,18766,1,3747,1,5931,1,22473,1,424419,1,32112,1,16962,1,32,1,9559,1,4520,1,16994,1,9559,1,48,1,1240,1,1,1,0,1
192,4457100,4522,9559,28.990047,,0,10,9,108,32090,1313,5150,4425010,16,173,150,1,30509,1,50,1,468314,1,524938,1,129109,1,3260347,1,11592,1,351037,1,12795,4,570291,4,80385,4,774139,4,1438436,8,2181134,108,26291,12,3356,1,25840,1,2755,1,0,0,0,0,0,0,496403,1,21201,1,3857,1,5851,1,22343,1,412636,1,27263,1,16969,1,32,1,9559,1,4522,1,17001,1,9559,1,48,1,1240,1,1,1,0,1
193,4240200,4521,9559,28.990053,,0,10,9,108,30255,1182,5270,4209945,16,173,50,1,25730,1,40,1,463935,1,438266,1,116455,1,3154157,1,11312,1,309928,1,12674,4,536215,4,79824,4,744196,4,1437835,8,2150330,108,26431,12,3637,1,25910,1,2755,1,0,0,0,0,0,0,412276,1,19267,1,3677,1,5741,1,22303,1,410242,1,25399,1,16970,1,32,1,9559,1,4521,1,17002,1,9559,1,48,1,1240,1,1,1,0,1
194,4239800,4522,9559,28.990055,,0,10,9,108,29775,1162,5531,4210025,16,173,60,1,25068,1,30,1,462653,1,444788,1,116395,1,3149909,1,11121,1,309728,1,12544,4,536395,4,79894,4,749557,4,1428978,8,2143967,108,29036,12,3246,1,25650,1,2755,1,0,0,0,0,0,0,418648,1,19618,1,3467,1,5701,1,22393,1,407757,1,26591,1,16974,1,36,1,9559,1,4522,1,17010,1,9559,1,48,1,1240,1,1,1,0,1
195,4347200,4521,9559,28.99006,,0,10,9,108,30920,1172,4930,4316280,16,173,50,1,25139,1,40,1,463665,1,452303,1,117707,1,3246034,1,11342,1,307283,1,12995,4,538710,4,80676,4,749086,4,1524392,8,2239151,108,29397,12,3226,1,25770,1,2725,1,0,0,0,0,0,0,424700,1,20159,1,3948,1,6062,1,22544,1,409641,1,25229,1,16966,1,36,1,9559,1,4521,1,17002,1,9559,1,48,1,1240,1,1,1,0,1
196,4290200,4522,9559,28.99006,,0,10,9,108,33355,1212,7685,4256845,16,173,170,1,30759,1,50,1,505816,1,442825,1,118419,1,3148085,1,10721,1,319627,1,12885,4,537207,4,79774,4,737433,4,1430280,8,2130441,108,29587,12,3407,1,23495,1,2765,1,0,0,0,0,0,0,415843,1,19928,1,3737,1,6693,1,24127,1,448025,1,26601,1,16971,1,36,1,9559,1,4522,1,17007,1,9559,1,48,1,1240,1,1,1,0,1
197,4330400,4523,9559,28.990076,,0,10,9,108,32010,1212,5291,4298390,16,173,160,1,30669,1,80,1,476309,1,459502,1,124320,1,3196298,1,11051,1,330187,1,13105,4,549220,4,80004,4,747543,4,1443826,8,2154257,108,31821,12,3236,1,25219,1,2745,1,0,0,0,0,0,0,435055,1,17223,1,3787,1,6082,1,23916,1,418808,1,27223,1,16965,1,40,1,9559,1,4523,1,17005,1,9559,1,48,1,1240,1,1,1,0,1
198,4312500,4523,9559,28.990084,,0,10,9,108,30486,1203,5461,4282014,16,173,60,1,25078,1,70,1,496969,1,481399,1,117707,1,3149759,1,10971,1,305830,1,12614,4,536055,4,79994,4,743605,4,1439268,8,2145530,108,31882,12,3226,1,25209,1,2755,1,0,0,0,0,0,0,455409,1,19047,1,3707,1,5741,1,22123,1,443546,1,25299,1,16961,1,40,1,9559,1,4523,1,17001,1,9559,1,48,1,1240,1,1,1,0,1
199,4219500,4524,9559,28.990086,,0,10,9,108,31337,1122,5070,4188163,16,173,40,1,25209,1,30,1,463605,1,446061,1,117597,1,3124119,1,11502,1,305149,1,12905,4,536876,4,80044,4,733746,4,1422986,8,2122496,108,29166,12,3176,1,25309,1,2805,1,0,0,0,0,0,0,421764,1,17313,1,3677,1,6082,1,21932,1,409881,1,25569,1,16962,1,36,1,9559,1,4524,1,16998,1,9559,1,48,1,1240,1,1,1,0,1
200,4230900,4522,9559,28.990088,,0,10,9,108,30654,1052,4920,4200246,16,173,60,1,25058,1,70,1,464156,1,442003,1,117867,1,3139970,1,11061,1,309287,1,14117,4,539281,4,80425,4,737483,4,1428397,8,2131453,108,29507,12,3236,1,23966,1,2725,1,0,0,0,0,0,0,415802,1,19548,1,3577,1,6092,1,22343,1,410312,1,25239,1,16960,1,36,1,9559,1,4522,1,16996,1,9559,1,48,1,1240,1,1,1,0,1
201,4237600,4522,9559,28.990097,,0,10,9,108,30631,1142,4880,4206969,16,173,40,1,25389,1,40,1,462813,1,449257,1,117677,1,3140801,1,10951,1,306141,1,12544,4,537076,4,80485,4,739838,4,1432434,8,2138165,108,29226,12,3236,1,25149,1,2755,1,0,0,0,0,0,0,422505,1,20049,1,3567,1,6052,1,22473,1,408879,1,25229,1,16962,1,36,1,9559,1,4522,1,16998,1,9559,1,48,1,1240,1,1,1,0,1
202,4323100,4521,9559,28.99011,,0,10,9,108,31097,1102,4599,4292003,16,173,50,1,25219,1,40,1,460489,1,443285,1,117707,1,3234101,1,11111,1,307714,1,12644,4,537658,4,80125,4,744136,4,1516206,8,2229041,108,26702,12,5551,1,26110,1,2856,1,0,0,0,0,0,0,416524,1,19969,1,3607,1,5801,1,22303,1,407076,1,25128,1,16968,1,32,1,9559,1,4521,1,17000,1,9559,1,48,1,1240,1,1,1,0,1
203,4210600,4525,9559,28.990112,,0,10,9,108,30222,1052,4730,4180378,16,173,160,1,24988,1,30,1,461841,1,447684,1,119430,1,3115032,1,11212,1,307233,1,12775,4,539221,4,80455,4,731341,4,1410893,8,2112225,108,25279,12,3306,1,25990,1,2765,1,0,0,0,0,0,0,421273,1,19688,1,3627,1,6242,1,20780,1,409430,1,25189,1,16979,1,32,1,9559,1,4525,1,17011,1,9559,1,48,1,1240,1,1,1,0,1
204,4206500,4526,9559,28.990108,,0,10,9,108,32725,1142,5331,4173775,16,173,50,1,25319,1,50,1,463785,1,437755,1,118709,1,3117005,1,11101,1,306491,1,12404,4,538569,4,79864,4,733756,4,1413127,8,2112626,108,28926,12,3286,1,25629,1,2735,1,0,0,0,0,0,0,412206,1,18716,1,3587,1,6172,1,22544,1,409771,1,25149,1,16986,1,36,1,9559,1,4526,1,17022,1,9559,1,48,1,1240,1,1,1,0,1
205,4211200,4524,9559,28.990114,,0,10,9,108,31303,1212,4950,4179897,16,173,50,1,25379,1,90,1,464767,1,439127,1,119030,1,3120542,1,10911,1,307173,1,12825,4,540022,4,80065,4,738355,4,1409781,8,2113759,108,29427,12,3276,1,25088,1,2745,1,0,0,0,0,0,0,412867,1,19688,1,3487,1,5972,1,22273,1,411264,1,25088,1,16972,1,36,1,9559,1,4524,1,17008,1,9559,1,48,1,1240,1,1,1,0,1
206,4287700,4523,9559,28.99012,,0,10,9,108,31516,1102,5401,4256184,16,173,40,1,25269,1,30,1,459256,1,445710,1,118879,1,3195918,1,11081,1,308295,1,13195,4,539581,4,81137,4,746631,4,1473754,8,2185507,108,29477,12,3417,1,26040,1,2765,1,0,0,0,0,0,0,420061,1,18846,1,3587,1,5871,1,22243,1,405813,1,25128,1,16977,1,36,1,9559,1,4523,1,17013,1,9559,1,48,1,1240,1,1,1,0,1
207,4220100,4523,9559,28.990118,,0,10,9,108,30354,1252,4911,4189746,16,173,160,1,25189,1,10,1,461581,1,441061,1,119370,1,3131143,1,11232,1,311271,1,12614,4,538840,4,80325,4,733365,4,1421984,8,2121032,108,29407,12,3196,1,25559,1,2735,1,0,0,0,0,0,0,414520,1,19488,1,3847,1,6052,1,21872,1,408298,1,25199,1,16970,1,36,1,9559,1,4523,1,17006,1,9559,1,48,1,1240,1,1,1,0,1
208,4205500,4523,9559,28.990112,,0,10,9,108,30142,1122,5010,4175358,16,173,50,1,25139,1,40,1,463715,1,442003,1,118869,1,3114370,1,11172,1,306141,1,12745,4,536726,4,80145,4,730700,4,1415672,8,2111615,108,29747,12,3286,1,25058,1,2775,1,0,0,0,0,0,0,416203,1,19047,1,3597,1,5992,1,22223,1,409631,1,25710,1,16969,1,36,1,9559,1,4523,1,17005,1,9559,1,48,1,1240,1,1,1,0,1
209,4288200,4522,9559,28.990116,,0,10,9,108,39050,1303,5191,4249150,16,173,180,1,31030,1,80,1,488332,1,458595,1,117837,1,3139619,1,13476,1,308095,1,13035,4,541535,4,81838,4,737924,4,1423758,8,2126664,108,29828,12,3637,1,25700,1,2795,1,0,0,0,0,0,0,431142,1,20439,1,3697,1,6402,1,23405,1,430551,1,27473,1,16966,1,36,1,9559,1,4522,1,17002,1,9559,1,48,1,1240,1,1,1,0,1
210,4209000,4522,9559,28.990122,,0,10,9,108,30486,1182,4860,4178514,16,173,20,1,30639,1,30,1,465699,1,445810,1,117727,1,3107207,1,11382,1,307564,1,12534,4,537076,4,80085,4,734898,4,1402076,8,2102818,108,29297,12,3256,1,25770,1,2765,1,0,0,0,0,0,0,419700,1,19528,1,3397,1,6222,1,22814,1,409320,1,27162,1,16964,1,36,1,9559,1,4522,1,17000,1,9559,1,48,1,1240,1,1,1,0,1
211,4230700,4523,9559,28.990128,,0,10,9,108,30284,1162,4970,4200416,16,173,80,1,25149,1,40,1,463364,1,451732,1,119701,1,3129209,1,11142,1,309988,1,12594,4,539090,4,80816,4,734808,4,1419249,8,2120231,108,28856,12,3286,1,25459,1,2755,1,0,0,0,0,0,0,425591,1,19187,1,3777,1,6322,1,22624,1,409230,1,25038,1,16963,1,36,1,9559,1,4523,1,16999,1,9559,1,48,1,1240,1,1,1,0,1
212,4196400,4523,9559,28.990124,,0,10,9,108,31122,1142,4870,4165278,16,173,60,1,25309,1,50,1,463735,1,445109,1,119000,1,3100784,1,11232,1,306381,1,12564,4,536055,4,79864,4,723416,4,1409941,8,2096225,108,32262,12,3226,1,25449,1,2745,1,0,0,0,0,0,0,418768,1,19347,1,3777,1,6122,1,22273,1,409921,1,25229,1,16961,1,40,1,9559,1,4523,1,17001,1,9559,1,48,1,1240,1,1,1,0,1
213,4223300,4523,9559,28.99013,,0,10,9,108,29456,1083,5070,4193844,16,173,60,1,25379,1,50,1,458465,1,455389,1,117978,1,3125372,1,11152,1,308515,1,12925,4,539221,4,80184,4,732524,4,1419900,8,2114350,108,33004,12,3266,1,24988,1,2765,1,0,0,0,0,0,0,430461,1,18195,1,3597,1,6422,1,20820,1,405943,1,25108,1,16963,1,40,1,9559,1,4523,1,17003,1,9559,1,48,1,1240,1,1,1,0,1
214,4503200,4524,9559,28.990137,,0,10,9,108,32552,1323,3308,4470648,16,173,40,1,25078,1,40,1,462513,1,481760,1,118990,1,3370675,1,11552,1,311621,1,14087,4,543649,4,81206,4,800244,4,1583887,8,2343912,108,36911,12,4068,1,27784,1,2805,1,0,0,0,0,0,0,453726,1,21171,1,3557,1,6172,1,22093,1,408819,1,25239,1,16965,1,40,1,9559,1,4524,1,17005,1,9559,1,48,1,1240,1,1,1,0,1
215,4277100,4524,9559,28.990137,,0,10,9,108,31677,1172,4830,4245423,16,173,40,1,26090,1,30,1,464116,1,496709,1,119050,1,3128327,1,11061,1,313275,1,12604,4,538790,4,80736,4,732143,4,1417165,8,2112196,108,32282,12,3306,1,26381,1,2755,1,0,0,0,0,0,0,468725,1,20830,1,3847,1,5711,1,22393,1,410322,1,25539,1,16967,1,40,1,9559,1,4524,1,17007,1,9559,1,48,1,1240,1,1,1,0,1
216,4257800,4526,9559,28.990137,,0,10,9,108,31814,1192,7765,4225986,16,173,210,1,30789,1,50,1,479095,1,459537,1,116545,1,3129019,1,10741,1,309016,1,12594,4,541946,4,80145,4,729869,4,1421784,8,2112336,108,31551,12,3687,1,26000,1,2785,1,0,0,0,0,0,0,432284,1,20289,1,3767,1,5921,1,22153,1,422415,1,28315,1,16971,1,40,1,9559,1,4526,1,17011,1,9559,1,48,1,1240,1,1,1,0,1
217,4371000,4524,9559,28.990143,,0,10,9,108,32672,1072,5201,4338328,16,173,230,1,30829,1,70,1,477592,1,444753,1,126755,1,3246936,1,11162,1,331870,1,13115,4,560361,4,80455,4,776388,4,1450670,8,2190086,108,31771,12,3286,1,26922,1,2795,1,0,0,0,0,0,0,420176,1,17454,1,3747,1,6152,1,23205,1,420542,1,27373,1,16971,1,40,1,9559,1,4524,1,17011,1,9559,1,48,1,1240,1,1,1,0,1
218,4232900,4525,9559,28.990149,,0,10,9,108,30109,972,4810,4202791,16,173,220,1,25660,1,50,1,469666,1,458375,1,133658,1,3104080,1,11081,1,313966,1,11222,4,540814,4,80445,4,723085,4,1401585,8,2087999,108,31861,12,3326,1,25830,1,2835,1,0,0,0,0,0,0,428898,1,22594,1,3677,1,6202,1,22914,1,413468,1,26922,1,16980,1,40,1,9559,1,4525,1,17020,1,9559,1,48,1,1240,1,1,1,0,1
219,4191900,4524,9559,28.990149,,0,10,9,108,30419,1152,4991,4161481,16,173,50,1,26100,1,30,1,464617,1,438206,1,126644,1,3094833,1,11001,1,308596,1,12444,4,536355,4,79754,4,728165,4,1396655,8,2088099,108,31731,12,3276,1,25650,1,2785,1,0,0,0,0,0,0,411735,1,19788,1,3577,1,6272,1,22684,1,410372,1,25139,1,16981,1,40,1,9559,1,4524,1,17021,1,9559,1,48,1,1240,1,1,1,0,1
220,4195300,4523,9559,28.990152,,0,10,9,108,32827,1122,4930,4162473,16,173,50,1,25108,1,40,1,463936,1,438717,1,128929,1,3094652,1,11041,1,308936,1,12494,4,537808,4,80085,4,720721,4,1402216,8,2086075,108,31932,12,3206,1,25329,1,2735,1,0,0,0,0,0,0,412666,1,19397,1,3547,1,6272,1,21942,1,409009,1,26541,1,16980,1,40,1,9559,1,4523,1,17020,1,9559,1,48,1,1240,1,1,1,0,1
221,4292400,4522,9559,28.99016,,0,10,9,108,30886,1212,4930,4261514,16,173,70,1,25108,1,130,1,459607,1,435360,1,126574,1,3203623,1,11041,1,308826,1,12725,4,538439,4,80696,4,733355,4,1495626,8,2189996,108,34056,12,3226,1,26732,1,2785,1,0,0,0,0,0,0,408889,1,19778,1,3537,1,6002,1,22894,1,405162,1,25309,1,16978,1,40,1,9559,1,4522,1,17018,1,9559,1,48,1,1240,1,1,1,0,1
222,4242100,4522,9559,28.990164,,0,10,9,108,32556,1182,5240,4209544,16,173,40,1,25259,1,40,1,466831,1,457573,1,119060,1,3129520,1,11222,1,312824,1,12594,4,539000,4,80275,4,735289,4,1415462,8,2112928,108,32583,12,3387,1,26692,1,2815,1,0,0,0,0,0,0,430731,1,19858,1,3697,1,6442,1,22413,1,412476,1,25329,1,16976,1,40,1,9559,1,4522,1,17016,1,9559,1,48,1,1240,1,1,1,0,1
223,4196300,4520,9559,28.990162,,0,10,9,108,31022,1262,4579,4165278,16,173,40,1,25189,1,10,1,465318,1,440801,1,118138,1,3104772,1,11011,1,307133,1,12895,4,537447,4,79994,4,729287,4,1405673,8,2101485,108,28896,12,3256,1,25078,1,2745,1,0,0,0,0,0,0,414821,1,19077,1,3707,1,6172,1,21742,1,411875,1,25369,1,16977,1,36,1,9559,1,4520,1,17013,1,9559,1,48,1,1240,1,1,1,0,1
224,4197700,4521,9559,28.99016,,0,10,9,108,30538,1163,5171,4167162,16,173,60,1,25279,1,10,1,464657,1,439067,1,118258,1,3108870,1,10961,1,307634,1,12825,4,538459,4,80225,4,729137,4,1407276,8,2102126,108,29116,12,3286,1,26080,1,2785,1,0,0,0,0,0,0,413278,1,19147,1,3507,1,5992,1,22744,1,409049,1,26712,1,16971,1,36,1,9559,1,4521,1,17007,1,9559,1,48,1,1240,1,1,1,0,1
225,4267300,4522,9559,28.990166,,0,11,9,108,32257,1192,5040,4235043,16,185,50,1,25329,1,50,1,461441,1,491999,1,116545,1,3127916,1,11713,1,315339,1,12624,4,539541,4,80325,4,733385,4,1415432,8,2110803,108,32974,24,3296,1,24036,1,2745,1,0,0,0,0,0,0,466440,1,18506,1,3797,1,5711,1,22283,1,408118,1,25169,1,16973,1,40,1,9559,1,4522,1,17013,1,9559,1,48,1,1240,1,1,1,0,1
226,4221200,4521,9559,28.990166,,0,11,9,108,31444,1163,5311,4189756,16,185,60,1,25319,1,10,1,463665,1,444849,1,115944,1,3128898,1,11011,1,310920,1,12674,4,540543,4,80415,4,733255,4,1417415,8,2112967,108,32393,24,3276,1,26511,1,2725,1,0,0,0,0,0,0,418738,1,19337,1,3647,1,5751,1,22854,1,409941,1,24908,1,16968,1,40,1,9559,1,4521,1,17008,1,9559,1,48,1,1240,1,1,1,0,1
227,4228100,4522,9559,28.990166,,0,11,9,108,30609,1283,4990,4197491,16,185,50,1,25209,1,40,1,463284,1,443406,1,116946,1,3137605,1,10951,1,309527,1,12634,4,539020,4,80525,4,737153,4,1428868,8,2126964,108,34066,24,3236,1,22684,1,2675,1,0,0,0,0,0,0,417215,1,19578,1,3517,1,5931,1,22203,1,409761,1,25169,1,16980,1,40,1,9559,1,4522,1,17020,1,9559,1,48,1,1240,1,1,1,0,1
228,4255300,4521,9559,28.990168,,0,11,9,108,31178,1162,4850,4224122,16,185,40,1,25118,1,40,1,464486,1,440450,1,117667,1,3165339,1,10981,1,308716,1,12765,4,539211,4,81006,4,771238,4,1418678,8,2152112,108,32954,24,3387,1,26411,1,2765,1,0,0,0,0,0,0,414750,1,19067,1,3487,1,5962,1,22544,1,409430,1,26371,1,16979,1,40,1,9559,1,4521,1,17019,1,9559,1,48,1,1240,1,1,1,0,1
229,4228000,4519,9559,28.990175,,0,11,9,108,31211,1122,5421,4196789,16,185,180,1,25299,1,70,1,463735,1,438136,1,116435,1,3141773,1,11162,1,308646,1,12304,4,537537,4,80435,4,742824,4,1426212,8,2131022,108,32593,24,3266,1,26661,1,2765,1,0,0,0,0,0,0,413037,1,18536,1,3397,1,6533,1,23054,1,408909,1,25028,1,16977,1,40,1,9559,1,4519,1,17017,1,9559,1,48,1,1240,1,1,1,0,1
230,4220700,4521,9559,28.990171,,0,11,9,108,30223,1182,5130,4190477,16,185,40,1,25249,1,40,1,465118,1,434689,1,117156,1,3136984,1,11202,1,307483,1,12484,4,538760,4,80255,4,741240,4,1424239,8,2124520,108,35829,24,3276,1,25269,1,2795,1,0,0,0,0,0,0,408068,1,19818,1,3647,1,6543,1,22624,1,409380,1,26381,1,16974,1,44,1,9559,1,4521,1,17018,1,9559,1,48,1,1240,1,1,1,0,1
231,4192900,4522,9559,28.990166,,0,11,9,108,30627,1052,5161,4162273,16,185,50,1,25379,1,50,1,463064,1,446281,1,117908,1,3098309,1,11232,1,309928,1,12584,4,536485,4,80004,4,725180,4,1401274,8,2085524,108,35769,24,3377,1,25660,1,2765,1,0,0,0,0,0,0,419740,1,19788,1,3547,1,5911,1,21922,1,409831,1,25169,1,16973,1,44,1,9559,1,4522,1,17017,1,9559,1,48,1,1240,1,1,1,0,1
232,4232600,4523,9559,28.990173,,0,11,9,108,30901,1052,5351,4201699,16,185,60,1,25259,1,30,1,465138,1,439879,1,117767,1,3142374,1,11192,1,308205,1,13165,4,538028,4,82289,4,731271,4,1435550,8,2128297,108,33174,24,3216,1,26812,1,2785,1,0,0,0,0,0,0,413568,1,19628,1,3517,1,6182,1,22964,1,410542,1,25169,1,16986,1,40,1,9559,1,4523,1,17026,1,9559,1,48,1,1240,1,1,1,0,1
233,4253400,4527,9559,28.990175,,0,11,9,108,30971,1182,5601,4222429,16,185,120,1,25139,1,30,1,467522,1,458956,1,118639,1,3140731,1,11292,1,311892,1,12254,4,538239,4,80155,4,739237,4,1424118,8,2122526,108,35228,24,3196,1,27734,1,2725,1,0,0,0,0,0,0,430421,1,21612,1,3757,1,6262,1,22523,1,413418,1,25159,1,16992,1,44,1,9559,1,4527,1,17036,1,9559,1,48,1,1240,1,1,1,0,1
234,4262500,4523,9559,28.990168,,0,11,9,108,30904,1192,5111,4231596,16,185,50,1,25088,1,40,1,466801,1,456471,1,118489,1,3153596,1,11061,1,311171,1,12234,4,538970,4,80606,4,743204,4,1434599,8,2137063,108,35629,24,3356,1,25519,1,2745,1,0,0,0,0,0,0,432254,1,17293,1,3677,1,5851,1,22694,1,412847,1,25229,1,16988,1,44,1,9559,1,4523,1,17032,1,9559,1,48,1,1240,1,1,1,0,1
235,4227700,4525,9559,28.99017,,0,11,9,108,30520,1142,5150,4197180,16,185,50,1,25339,1,100,1,464907,1,439638,1,116996,1,3139088,1,11061,1,307994,1,12474,4,537347,4,80014,4,741762,4,1426994,8,2127946,108,35659,24,3236,1,25339,1,2785,1,0,0,0,0,0,0,413528,1,19327,1,3507,1,5962,1,22924,1,411013,1,24868,1,16992,1,44,1,9559,1,4525,1,17036,1,9559,1,48,1,1240,1,1,1,0,1
236,4221500,4525,9559,28.990175,,0,11,9,108,31394,1152,5432,4190106,16,185,60,1,25078,1,50,1,460960,1,436613,1,117888,1,3138407,1,11051,1,310399,1,12674,4,539451,4,80535,4,739808,4,1422956,8,2121343,108,35989,24,3306,1,25379,1,2745,1,0,0,0,0,0,0,411194,1,18927,1,3427,1,6012,1,22493,1,407246,1,25038,1,16990,1,44,1,9559,1,4525,1,17034,1,9559,1,48,1,1240,1,1,1,0,1
237,4234500,4526,9559,28.990175,,0,11,9,108,31950,1122,4960,4202550,16,185,40,1,25098,1,40,1,463344,1,449257,1,119260,1,3134429,1,11081,1,310098,1,12484,4,539221,4,80515,4,735189,4,1424429,8,2114991,108,39667,24,3266,1,25349,1,2755,1,0,0,0,0,0,0,424229,1,18205,1,3617,1,6452,1,21271,1,410422,1,25008,1,16991,1,48,1,9559,1,4526,1,17039,1,9559,1,48,1,1240,1,1,1,0,1
238,4233500,4525,9559,28.990175,,0,11,9,108,30920,1232,5000,4202580,16,185,50,1,25449,1,40,1,464266,1,454066,1,118449,1,3129069,1,11192,1,309547,1,12755,4,539331,4,80616,4,735570,4,1418988,8,2113268,108,36290,24,3256,1,25068,1,2705,1,0,0,0,0,0,0,427094,1,20279,1,3607,1,6833,1,22503,1,409130,1,25579,1,16997,1,44,1,9559,1,4525,1,17041,1,9559,1,48,1,1240,1,1,1,0,1
239,4252400,4524,9559,28.990175,,0,11,9,108,30362,1102,5210,4222038,16,185,60,1,25179,1,50,1,463064,1,446732,1,119070,1,3156772,1,11111,1,309367,1,12634,4,538098,4,80365,4,730891,4,1454948,8,2144188,108,36440,24,3346,1,23105,1,2916,1,0,0,0,0,0,0,420782,1,19037,1,3687,1,6012,1,22413,1,409230,1,25209,1,16995,1,44,1,9559,1,4524,1,17039,1,9559,1,48,1,1240,1,1,1,0,1
240,4327500,4524,9559,28.990175,,0,11,9,108,35222,1343,4860,4292278,16,185,160,1,31020,1,70,1,488152,1,487736,1,121785,1,3149919,1,13436,1,327893,1,12955,4,552807,4,80886,4,729277,4,1412977,8,2100914,108,36480,24,3356,1,25629,1,2795,1,0,0,0,0,0,0,463069,1,17394,1,3857,1,6352,1,23155,1,424960,1,33344,1,17006,1,44,1,9559,1,4524,1,17050,1,9559,1,48,1,1240,1,1,1,0,1
241,4346100,4521,9559,28.990175,,0,11,9,108,33918,1282,4991,4312182,16,185,80,1,30619,1,40,1,464096,1,491899,1,123188,1,3191078,1,11182,1,337271,1,13917,4,548288,4,80004,4,746280,4,1426273,8,2130340,108,37222,24,3627,1,31361,1,2775,1,0,0,0,0,0,0,466390,1,18265,1,3827,1,6192,1,22133,1,408929,1,26671,1,16992,1,44,1,9559,1,4521,1,17036,1,9559,1,48,1,1240,1,1,1,0,1
242,4263300,4520,9559,28.990175,,0,11,9,108,32786,1243,5241,4230514,16,185,80,1,30549,1,10,1,466120,1,451592,1,119841,1,3151101,1,11222,1,329386,1,12845,4,537207,4,80004,4,740379,4,1417606,8,2117055,108,35689,24,3246,1,26411,1,2775,1,0,0,0,0,0,0,424359,1,20219,1,3677,1,5951,1,24127,1,408659,1,27102,1,17003,1,44,1,9559,1,4520,1,17047,1,9559,1,48,1,1240,1,1,1,0,1
243,4436500,4520,9559,28.990175,,0,11,9,108,31935,1393,5220,4404565,16,185,50,1,25229,1,40,1,465178,1,443376,1,116385,1,3343026,1,11282,1,311171,1,13546,4,598746,4,86627,4,745459,4,1550176,8,2252322,108,38094,24,3487,1,29547,1,2876,1,0,0,0,0,0,0,418197,1,18496,1,3637,1,5821,1,23656,1,408769,1,26782,1,17000,1,44,1,9559,1,4520,1,17044,1,9559,1,48,1,1240,1,1,1,0,1
244,4265600,4521,9559,28.990171,,0,11,9,108,37059,1192,5321,4228541,16,185,90,1,30298,1,50,1,470809,1,454507,1,117356,1,3144248,1,11182,1,318685,1,12795,4,536966,4,80235,4,735720,4,1425792,8,2120492,108,35699,24,3306,1,26822,1,2735,1,0,0,0,0,0,0,427184,1,20339,1,3707,1,5972,1,24076,1,411875,1,28695,1,17000,1,44,1,9559,1,4521,1,17044,1,9559,1,48,1,1240,1,1,1,0,1
245,4227000,4520,9559,28.990164,,0,11,9,108,32215,1152,5482,4194785,16,185,50,1,25820,1,30,1,466791,1,446973,1,116845,1,3127275,1,11001,1,309317,1,12564,4,536636,4,80255,4,733746,4,1421543,8,2114309,108,35499,24,3216,1,26100,1,2745,1,0,0,0,0,0,0,421033,1,18927,1,3697,1,5861,1,23065,1,410933,1,26772,1,16998,1,44,1,9559,1,4520,1,17042,1,9559,1,48,1,1240,1,1,1,0,1
246,4242300,4521,9559,28.990164,,0,11,9,108,30311,1172,5361,4211989,16,185,60,1,25058,1,30,1,461551,1,445740,1,117086,1,3151272,1,11192,1,309638,1,13125,4,537117,4,80095,4,740619,4,1438065,8,2137705,108,35619,24,3256,1,25419,1,2765,1,0,0,0,0,0,0,420041,1,19057,1,3477,1,6022,1,22483,1,407677,1,25179,1,16997,1,44,1,9559,1,4521,1,17041,1,9559,1,48,1,1240,1,1,1,0,1
247,4215900,4521,9559,28.990164,,0,11,9,108,31545,1172,4950,4184355,16,185,30,1,25199,1,20,1,461701,1,443406,1,120292,1,3122646,1,11061,1,305299,1,12664,4,536475,4,80535,4,735710,4,1419540,8,2114781,108,35519,24,3316,1,25169,1,2765,1,0,0,0,0,0,0,416895,1,19848,1,3537,1,6272,1,22343,1,407496,1,25379,1,16999,1,44,1,9559,1,4521,1,17043,1,9559,1,48,1,1240,1,1,1,0,1
248,4208300,4520,9559,28.990164,,0,11,9,108,30457,1192,5231,4177843,16,185,50,1,25159,1,80,1,462232,1,436853,1,116014,1,3126273,1,11182,1,306712,1,12755,4,538098,4,80706,4,736271,4,1417776,8,2113538,108,35278,24,3366,1,26681,1,2715,1,0,0,0,0,0,0,411504,1,18816,1,3437,1,6382,1,22533,1,407887,1,25259,1,17001,1,44,1,9559,1,4520,1,17045,1,9559,1,48,1,1240,1,1,1,0,1
249,4225900,4522,9559,28.990164,,0,11,9,108,30663,1192,5091,4195237,16,185,40,1,25389,1,30,1,465298,1,455128,1,116685,1,3121504,1,11162,1,306802,1,12865,4,537177,4,80335,4,735610,4,1416183,8,2111624,108,35078,24,3316,1,25239,1,2785,1,0,0,0,0,0,0,429028,1,19377,1,3457,1,6703,1,22854,1,410412,1,25128,1,17000,1,44,1,9559,1,4522,1,17044,1,9559,1,48,1,1240,1,1,1,0,1
250,4377700,4521,9559,28.990164,,0,11,9,108,33732,1373,8006,4343968,16,185,160,1,30449,1,80,1,493092,1,446797,1,118489,1,3244171,1,10731,1,332702,1,13586,4,559490,4,80034,4,731752,4,1489785,8,2176690,108,36841,24,3928,1,28525,1,2996,1,0,0,0,0,0,0,422690,1,17143,1,3637,1,15811,1,23145,1,426483,1,27333,1,16995,1,44,1,9559,1,4521,1,17039,1,9559,1,48,1,1240,1,1,1,0,1
251,4320400,4522,9559,28.990164,,0,11,9,108,34609,1433,4179,4285791,16,185,160,1,30549,1,70,1,482952,1,445390,1,121605,1,3193864,1,11202,1,307934,1,12935,4,550653,4,82349,4,749146,4,1456050,8,2169316,108,31701,24,4829,1,25700,1,2835,1,0,0,0,0,0,0,418528,1,19898,1,3657,1,6523,1,23766,1,424469,1,27854,1,17008,1,36,1,9559,1,4522,1,17044,1,9559,1,48,1,1240,1,1,1,0,1
252,4239300,4523,9559,28.990164,,0,11,9,108,31880,1282,4731,4207420,16,185,120,1,30559,1,30,1,471831,1,448415,1,122767,1,3122536,1,11162,1,327722,1,13015,4,539080,4,80475,4,738525,4,1390974,8,2096054,108,28715,24,3326,1,25379,1,2755,1,0,0,0,0,0,0,422095,1,19468,1,3527,1,6222,1,23125,1,413909,1,28285,1,17010,1,36,1,9559,1,4523,1,17046,1,9559,1,48,1,1240,1,1,1,0,1
253,4196200,4523,9559,28.99017,,0,11,9,108,31423,1182,4730,4164777,16,185,60,1,25269,1,40,1,469797,1,447193,1,116355,1,3094973,1,11091,1,308335,1,12975,4,537828,4,80485,4,723276,4,1400443,8,2089973,108,29016,24,3216,1,24487,1,2745,1,0,0,0,0,0,0,420712,1,19748,1,3507,1,6683,1,22624,1,413919,1,26401,1,17014,1,36,1,9559,1,4523,1,17050,1,9559,1,48,1,1240,1,1,1,0,1
254,4360800,4523,9559,28.99017,,0,11,9,108,31846,1383,3918,4328954,16,185,60,1,25018,1,50,1,465198,1,445891,1,116936,1,3264640,1,11162,1,309127,1,12955,4,539661,4,84824,4,777851,4,1500456,8,2241986,108,32403,24,5651,1,29928,1,2805,1,0,0,0,0,0,0,420211,1,19127,1,3467,1,6342,1,22333,1,411204,1,25159,1,17017,1,36,1,9559,1,4523,1,17053,1,9559,1,48,1,1240,1,1,1,0,1
255,4555900,4521,9559,28.99017,,0,11,9,108,36658,1433,3046,4519242,16,185,210,1,30759,1,80,1,479936,1,497179,1,117637,1,3379532,1,13907,1,333894,1,13737,4,543288,4,88000,4,801988,4,1555271,8,2318314,108,35899,24,5641,1,33465,1,2815,1,0,0,0,0,0,0,466400,1,23535,1,3777,1,6613,1,22774,1,422956,1,27273,1,17012,1,36,1,9559,1,4521,1,17048,1,9559,1,48,1,1240,1,1,1,0,1
256,4525800,4519,9559,28.99017,,0,11,9,108,33250,1513,6012,4492550,16,185,110,1,30589,1,70,1,476950,1,513451,1,118288,1,3341799,1,11292,1,320238,1,14117,4,538169,4,87890,4,801547,4,1540012,8,2299297,108,36250,24,5771,1,29527,1,3016,1,0,0,0,0,0,0,487220,1,19147,1,3697,1,6452,1,22874,1,419279,1,28134,1,17011,1,36,1,9559,1,4519,1,17047,1,9559,1,48,1,1240,1,1,1,0,1
257,4358500,4519,9559,28.990171,,0,11,9,108,32371,1262,4479,4326129,16,185,10,1,31230,1,30,1,466961,1,481820,1,118429,1,3216407,1,11242,1,329035,1,13145,4,541014,4,85004,4,768002,4,1442704,8,2174877,108,31351,24,3166,1,30329,1,2745,1,0,0,0,0,0,0,455289,1,19387,1,3387,1,6483,1,22564,1,409631,1,28064,1,17016,1,36,1,9559,1,4519,1,17052,1,9559,1,48,1,1240,1,1,1,0,1
258,4261600,4520,9559,28.990177,,0,11,9,108,33009,1232,5310,4228591,16,185,50,1,25349,1,20,1,466961,1,494895,1,117066,1,3112817,1,11432,1,322142,1,13436,4,537547,4,80145,4,725410,4,1400062,8,2087909,108,32252,24,3256,1,26832,1,2755,1,0,0,0,0,0,0,469326,1,18716,1,3477,1,6613,1,22954,1,411965,1,25239,1,17012,1,40,1,9559,1,4520,1,17052,1,9559,1,48,1,1240,1,1,1,0,1
259,4200200,4520,9559,28.990177,,0,11,9,108,32126,1122,5241,4168074,16,185,180,1,25369,1,110,1,462412,1,436653,1,117857,1,3114410,1,11081,1,316521,1,12745,4,539792,4,80465,4,724278,4,1406835,8,2094001,108,31872,24,3266,1,26601,1,2785,1,0,0,0,0,0,0,410753,1,18816,1,3797,1,6483,1,22704,1,408148,1,24918,1,17008,1,40,1,9559,1,4520,1,17048,1,9559,1,48,1,1240,1,1,1,0,1
260,4200600,4520,9559,28.990177,,0,11,9,108,30031,1122,5461,4170569,16,185,50,1,25269,1,120,1,463995,1,451121,1,117367,1,3101495,1,11152,1,311120,1,12795,4,539511,4,80445,4,723677,4,1401405,8,2086607,108,33014,24,3276,1,25389,1,2755,1,0,0,0,0,0,0,424279,1,20019,1,3577,1,6763,1,22854,1,407977,1,26241,1,17005,1,40,1,9559,1,4520,1,17045,1,9559,1,48,1,1240,1,1,1,0,1
261,4314100,4519,9559,28.99018,,0,11,9,108,33980,4579,4559,4280120,16,185,170,1,30559,1,80,1,481549,1,451151,1,133277,1,3172503,1,10831,1,314757,1,13135,4,539852,4,80766,4,746501,4,1440179,8,2147514,108,34607,24,4088,1,25750,1,2896,1,0,0,0,0,0,0,424249,1,20019,1,3567,1,6883,1,23135,1,425191,1,25870,1,17010,1,40,1,9559,1,4519,1,17050,1,9559,1,48,1,1240,1,1,1,0,1
262,4600400,4518,9559,28.990187,,0,11,9,108,34223,1393,3778,4566177,16,185,190,1,30399,1,70,1,484214,1,483298,1,120112,1,3436763,1,11131,1,335798,1,13236,4,552126,4,83421,4,793431,4,1618854,8,2371236,108,37272,24,3517,1,32052,1,2936,1,0,0,0,0,0,0,456796,1,19638,1,3467,1,6643,1,23996,1,426714,1,26501,1,17003,1,40,1,9559,1,4518,1,17043,1,9559,1,48,1,1240,1,1,1,0,1
263,4275800,4518,9559,28.990187,,0,11,9,108,32731,1202,5241,4243069,16,185,451,1,25449,1,60,1,469125,1,475157,1,117437,1,3144138,1,11252,1,327622,1,12474,4,539371,4,80535,4,732734,4,1417045,8,2112235,108,32302,24,3216,1,27152,1,2785,1,0,0,0,0,0,0,447774,1,20590,1,3487,1,6252,1,22894,1,413939,1,25780,1,17005,1,40,1,9559,1,4518,1,17045,1,9559,1,48,1,1240,1,1,1,0,1
264,4271000,4518,9559,28.990187,,0,11,9,108,32731,5080,4218,4238269,16,185,150,1,30699,1,80,1,480608,1,438326,1,119100,1,3158596,1,10711,1,323304,1,13336,4,541154,4,92238,4,718176,4,1432214,8,2113098,108,33074,24,3437,1,26892,1,2765,1,0,0,0,0,0,0,412336,1,19397,1,3366,1,6613,1,23646,1,422756,1,27353,1,17010,1,40,1,9559,1,4518,1,17050,1,9559,1,48,1,1240,1,1,1,0,1
265,4226500,4518,9559,28.990187,,0,11,9,108,30502,1172,4830,4195998,16,185,190,1,30719,1,50,1,469757,1,444418,1,117236,1,3122586,1,11041,1,309217,1,12915,4,539271,4,80505,4,726793,4,1418968,8,2108429,108,32503,24,3266,1,27703,1,2775,1,0,0,0,0,0,0,418588,1,19107,1,3547,1,6703,1,23646,1,411604,1,27603,1,17011,1,40,1,9559,1,4518,1,17051,1,9559,1,48,1,1240,1,1,1,0,1
266,4201900,4518,9559,28.990187,,0,11,9,108,30570,1202,5141,4171330,16,185,130,1,24988,1,40,1,467442,1,433406,1,118148,1,3116124,1,11051,1,310439,1,12845,4,539702,4,80716,4,727604,4,1411865,8,2101505,108,32823,24,3236,1,25730,1,2785,1,0,0,0,0,0,0,406765,1,20039,1,3427,1,6853,1,22984,1,411264,1,26140,1,17004,1,40,1,9559,1,4518,1,17044,1,9559,1,48,1,1240,1,1,1,0,1
267,4223900,4518,9559,28.990187,,0,11,9,108,33573,1082,5060,4190327,16,185,50,1,25479,1,30,1,466610,1,434058,1,117557,1,3135441,1,11101,1,306602,1,12694,4,539631,4,80736,4,754556,4,1408679,8,2125451,108,32723,24,3356,1,25319,1,2785,1,0,0,0,0,0,0,408629,1,18917,1,3417,1,6553,1,22624,1,410492,1,26772,1,17009,1,40,1,9559,1,4518,1,17049,1,9559,1,48,1,1240,1,1,1,0,1
268,4301800,4518,9559,28.990187,,0,11,9,108,32691,1272,7795,4269109,16,185,170,1,30479,1,60,1,482441,1,453906,1,119831,1,3171400,1,10821,1,317563,1,13586,4,549701,4,80565,4,734297,4,1442143,8,2134529,108,34116,24,3326,1,26130,1,2815,1,0,0,0,0,0,0,428527,1,18506,1,3587,1,6813,1,22814,1,425080,1,27353,1,17011,1,40,1,9559,1,4518,1,17051,1,9559,1,48,1,1240,1,1,1,0,1
269,4334200,4518,9559,28.990187,,0,11,9,108,32764,1323,4430,4301436,16,185,80,1,30379,1,40,1,478744,1,441141,1,127346,1,3212665,1,11041,1,309958,1,12935,4,553879,4,81397,4,752142,4,1466636,8,2179841,108,34507,24,3837,1,27713,1,2845,1,0,0,0,0,0,0,414269,1,20079,1,3597,1,6803,1,23716,1,419500,1,28445,1,17009,1,40,1,9559,1,4518,1,17049,1,9559,1,48,1,1240,1,1,1,0,1
270,4229700,4518,9559,28.990187,,0,11,9,108,30276,1182,5321,4199424,16,185,180,1,25790,1,40,1,473905,1,448876,1,116465,1,3122937,1,11232,1,310609,1,14698,4,539040,4,80345,4,730099,4,1415271,8,2107256,108,32793,24,3266,1,25690,1,2735,1,0,0,0,0,0,0,422716,1,19598,1,3407,1,6843,1,23976,1,415622,1,27213,1,17008,1,40,1,9559,1,4518,1,17048,1,9559,1,48,1,1240,1,1,1,0,1
271,4213100,4518,9559,28.990187,,0,11,9,108,30548,1232,4689,4182552,16,185,20,1,25459,1,90,1,467222,1,462773,1,118208,1,3097728,1,11051,1,310619,1,12684,4,536896,4,80195,4,723136,4,1401194,8,2087058,108,32583,24,3276,1,25740,1,2755,1,0,0,0,0,0,0,436282,1,20019,1,3336,1,6483,1,22764,1,412296,1,25469,1,17007,1,40,1,9559,1,4518,1,17047,1,9559,1,48,1,1240,1,1,1,0,1
272,4241500,4518,9559,28.990187,,0,11,9,108,35232,1162,5191,4206268,16,185,10,1,25008,1,30,1,463705,1,451391,1,119220,1,3133026,1,13877,1,306722,1,12474,4,537347,4,80325,4,728566,4,1434448,8,2125561,108,32262,24,3196,1,25790,1,2996,1,0,0,0,0,0,0,425331,1,19397,1,3577,1,6963,1,21421,1,409911,1,25209,1,17004,1,40,1,9559,1,4518,1,17044,1,9559,1,48,1,1240,1,1,1,0,1
273,4696800,4518,9559,28.990187,,0,11,9,108,33350,1493,4770,4663450,16,185,180,1,25589,1,30,1,469055,1,521857,1,119721,1,3515535,1,11482,1,361317,1,13787,4,545403,4,82589,4,865180,4,1599958,8,2425160,108,35208,24,3667,1,39276,1,2866,1,0,0,0,0,0,0,483553,1,30268,1,3477,1,6643,1,21552,1,414871,1,25750,1,17011,1,40,1,9559,1,4518,1,17051,1,9559,1,48,1,1240,1,1,1,0,1
274,4677700,4518,9559,28.990187,,0,11,9,108,31263,1292,4960,4646437,16,185,70,1,26211,1,30,1,467482,1,537167,1,119731,1,3484304,1,11442,1,360836,1,12554,4,539271,4,80255,4,840201,4,1601711,8,2403147,108,33805,24,5681,1,39586,1,2916,1,0,0,0,0,0,0,505255,1,24427,1,3607,1,7404,1,23676,1,410713,1,25379,1,17013,1,40,1,9559,1,4518,1,17053,1,9559,1,48,1,1240,1,1,1,0,1
275,4558400,4518,9559,28.990187,,0,11,9,108,32496,1272,3378,4525904,16,185,10,1,26181,1,60,1,469957,1,504924,1,117817,1,3395302,1,11652,1,343643,1,13416,4,543118,4,83201,4,792369,4,1576983,8,2327210,108,38765,24,5591,1,32883,1,2825,1,0,0,0,0,0,0,478043,1,19959,1,3647,1,7424,1,23325,1,412486,1,26531,1,17017,1,40,1,9559,1,4518,1,17057,1,9559,1,48,1,1240,1,1,1,0,1
276,4469700,4519,9559,28.990183,,0,11,9,108,30333,1303,3537,4439367,16,185,60,1,26130,1,40,1,468244,1,485848,1,117607,1,3329986,1,11452,1,351619,1,13426,4,541365,4,80636,4,783422,4,1518280,8,2260452,108,37713,24,5711,1,31461,1,2765,1,0,0,0,0,0,0,459427,1,19427,1,3697,1,6513,1,23275,1,411664,1,26621,1,17013,1,40,1,9559,1,4519,1,17053,1,9559,1,48,1,1240,1,1,1,0,1
277,4653700,4518,9559,28.990183,,0,11,9,108,32842,4218,4068,4620858,16,185,190,1,31330,1,80,1,484395,1,493718,1,115393,1,3482596,1,13155,1,324667,1,14588,4,660274,4,84643,4,824055,4,1535463,8,2318519,108,36931,24,3366,1,28495,1,2825,1,0,0,0,0,0,0,466656,1,20129,1,3597,1,6823,1,24557,1,422215,1,30409,1,17010,1,40,1,9559,1,4518,1,17050,1,9559,1,48,1,1240,1,1,1,0,1
278,4631100,4518,9559,28.990183,,0,11,9,108,31543,1503,3287,4599557,16,185,60,1,31030,1,50,1,469877,1,487270,1,117807,1,3481489,1,11973,1,312353,1,13656,4,545282,4,88401,4,828729,4,1640516,8,2427093,108,38865,24,4419,1,43574,1,3056,1,0,0,0,0,0,0,460609,1,19718,1,3717,1,6372,1,23375,1,412656,1,27283,1,17008,1,40,1,9559,1,4518,1,17048,1,9559,1,48,1,1240,1,1,1,0,1
279,4766300,4519,9559,28.990183,,0,11,9,108,32454,1483,3326,4733846,16,185,240,1,26030,1,60,1,468995,1,512579,1,122647,1,3591792,1,11502,1,412436,1,13546,4,546625,4,86156,4,856072,4,1616740,8,2430360,108,39126,24,5951,1,49836,1,2946,1,0,0,0,0,0,0,467192,1,35499,1,3617,1,6893,1,23856,1,412065,1,25900,1,17019,1,40,1,9559,1,4519,1,17059,1,9559,1,48,1,1240,1,1,1,0,1
280,4407700,4518,9559,28.990183,,0,11,9,108,31955,1142,5331,4375745,16,185,271,1,25930,1,50,1,465368,1,517038,1,118469,1,3236917,1,11703,1,396265,1,12995,4,548999,4,80666,4,733556,4,1417646,8,2113729,108,32142,24,4068,1,38564,1,3016,1,0,0,0,0,0,0,487441,1,22634,1,3617,1,6683,1,23034,1,410111,1,25389,1,17022,1,40,1,9559,1,4518,1,17062,1,9559,1,48,1,1240,1,1,1,0,1
281,4254500,4520,9559,28.990183,,0,11,9,108,31330,1142,4971,4223170,16,185,40,1,25810,1,40,1,469576,1,443285,1,116785,1,3156381,1,11252,1,338183,1,13195,4,540002,4,82179,4,728947,4,1414620,8,2106785,108,31811,24,3206,1,32102,1,2805,1,0,0,0,0,0,0,416794,1,19728,1,3397,1,6362,1,23756,1,412486,1,26792,1,17023,1,40,1,9559,1,4520,1,17063,1,9559,1,48,1,1240,1,1,1,0,1
282,4222800,4520,9559,28.990185,,0,11,9,108,30008,1152,5090,4192792,16,185,60,1,26221,1,40,1,466220,1,442434,1,117116,1,3129449,1,11252,1,321350,1,12594,4,539802,4,80736,4,726662,4,1413257,8,2102647,108,32182,24,3216,1,27894,1,2785,1,0,0,0,0,0,0,415933,1,19758,1,3567,1,6693,1,23786,1,410021,1,25559,1,17016,1,40,1,9559,1,4520,1,17056,1,9559,1,48,1,1240,1,1,1,0,1
283,4242500,4518,9559,28.990185,,0,11,9,108,33437,1323,5161,4209063,16,185,170,1,25609,1,50,1,463895,1,451201,1,118378,1,3138377,1,11382,1,328714,1,13035,4,540223,4,80686,4,729648,4,1408097,8,2100272,108,32312,24,3276,1,30629,1,2745,1,0,0,0,0,0,0,425802,1,18576,1,3597,1,6803,1,22163,1,409440,1,25289,1,17020,1,40,1,9559,1,4518,1,17060,1,9559,1,48,1,1240,1,1,1,0,1
284,4238100,4518,9559,28.990185,,0,11,9,108,30871,1232,5681,4207229,16,185,180,1,25609,1,60,1,465208,1,453575,1,117477,1,3133878,1,11242,1,324126,1,12745,4,539671,4,80565,4,729849,4,1412426,8,2104501,108,32092,24,3387,1,27132,1,2745,1,0,0,0,0,0,0,425581,1,21051,1,3437,1,6963,1,23205,1,408138,1,26692,1,17018,1,40,1,9559,1,4518,1,17058,1,9559,1,48,1,1240,1,1,1,0,1
285,4216900,4519,9559,28.990185,,0,11,9,108,31242,1152,5080,4185658,16,185,140,1,25419,1,40,1,463665,1,443837,1,117427,1,3123989,1,11142,1,312433,1,12775,4,539601,4,80435,4,729478,4,1415842,8,2107988,108,32252,24,3256,1,26271,1,2745,1,0,0,0,0,0,0,417786,1,19097,1,3707,1,6913,1,23125,1,408328,1,25149,1,17019,1,40,1,9559,1,4519,1,17059,1,9559,1,48,1,1240,1,1,1,0,1
286,4282900,4520,9559,28.990185,,0,11,9,108,33324,1262,5190,4249576,16,185,160,1,25609,1,50,1,464536,1,439528,1,117367,1,3187156,1,15169,1,310609,1,12755,4,541064,4,80445,4,736131,4,1460814,8,2158982,108,32773,24,5380,1,34847,1,3847,1,0,0,0,0,0,0,414640,1,18235,1,3537,1,6142,1,23054,1,409841,1,25299,1,17022,1,40,1,9559,1,4520,1,17062,1,9559,1,48,1,1240,1,1,1,0,1
287,4315800,4519,9559,28.990185,,0,11,9,108,38445,1242,5331,4277355,16,185,100,1,30499,1,50,1,466621,1,488413,1,118148,1,3162393,1,11131,1,310449,1,13205,4,540193,4,80555,4,747843,4,1434909,8,2145490,108,31932,24,3677,1,27513,1,2805,1,0,0,0,0,0,0,461080,1,20329,1,3687,1,6503,1,23145,1,411043,1,25650,1,17028,1,40,1,9559,1,4519,1,17068,1,9559,1,48,1,1240,1,1,1,0,1
288,4229500,4520,9559,28.990185,,0,11,9,108,30927,1192,5151,4198573,16,185,30,1,25469,1,70,1,466781,1,436382,1,116244,1,3142465,1,11131,1,312533,1,12805,4,540032,4,80295,4,736832,4,1427134,8,2126643,108,32172,24,3306,1,25589,1,2745,1,0,0,0,0,0,0,410522,1,19037,1,3627,1,6803,1,22223,1,412256,1,25299,1,17031,1,40,1,9559,1,4520,1,17071,1,9559,1,48,1,1240,1,1,1,0,1
289,4196900,4518,9559,28.990185,,0,11,9,108,30509,1242,5621,4166391,16,185,20,1,25750,1,110,1,466039,1,432895,1,117507,1,3113068,1,11001,1,308435,1,13005,4,541375,4,80315,4,726773,4,1410352,8,2099611,108,31892,24,3286,1,25529,1,2755,1,0,0,0,0,0,0,407797,1,18506,1,3417,1,6362,1,21982,1,410402,1,27112,1,17017,1,40,1,9559,1,4518,1,17057,1,9559,1,48,1,1240,1,1,1,0,1
290,4362800,4517,9559,28.99019,,0,11,9,108,33164,1333,8757,4329636,16,185,180,1,30870,1,70,1,483493,1,457934,1,116605,1,3229693,1,10791,1,310018,1,13937,4,555823,4,82479,4,766750,4,1464957,8,2189125,108,33825,24,5410,1,26120,1,2866,1,0,0,0,0,0,0,430952,1,19979,1,3727,1,7074,1,23475,1,425431,1,27202,1,17015,1,40,1,9559,1,4517,1,17055,1,9559,1,48,1,1240,1,1,1,0,1
291,4304900,4517,9559,28.99019,,0,11,9,108,34589,1292,5000,4270311,16,185,160,1,30860,1,20,1,482110,1,477081,1,119571,1,3149438,1,11071,1,318254,1,12504,4,536786,4,82910,4,747773,4,1417135,8,2127506,108,32403,24,3627,1,26381,1,2775,1,0,0,0,0,0,0,450670,1,19598,1,3597,1,7184,1,22874,1,424269,1,27423,1,17016,1,40,1,9559,1,4517,1,17056,1,9559,1,48,1,1240,1,1,1,0,1
292,4205000,4519,9559,28.99019,,0,11,9,108,31385,1202,5010,4173615,16,185,120,1,30529,1,20,1,472462,1,453395,1,118739,1,3087358,1,10991,1,308616,1,12925,4,537948,4,80315,4,722735,4,1392377,8,2078211,108,31892,24,3226,1,25289,1,2725,1,0,0,0,0,0,0,427525,1,19067,1,3587,1,6953,1,23896,1,413318,1,28074,1,17022,1,40,1,9559,1,4519,1,17062,1,9559,1,48,1,1240,1,1,1,0,1
293,4180600,4517,9559,28.990187,,0,11,9,108,29669,1122,5060,4150931,16,185,40,1,25028,1,30,1,468093,1,439208,1,117447,1,3089843,1,11242,1,309187,1,12694,4,539351,4,80525,4,721062,4,1394221,8,2078461,108,31761,24,3276,1,25619,1,2785,1,0,0,0,0,0,0,413398,1,19207,1,3537,1,6743,1,22353,1,413618,1,25189,1,17011,1,40,1,9559,1,4517,1,17051,1,9559,1,48,1,1240,1,1,1,0,1
294,4256700,4517,9559,28.990185,,0,11,9,108,30093,1162,5320,4226607,16,185,60,1,25479,1,20,1,465518,1,458094,1,116876,1,3149398,1,11162,1,307964,1,12384,4,539291,4,80686,4,751370,4,1425341,8,2139359,108,32032,24,3306,1,25199,1,2695,1,0,0,0,0,0,0,431703,1,19658,1,3577,1,6703,1,22834,1,410683,1,25128,1,17014,1,40,1,9559,1,4517,1,17054,1,9559,1,48,1,1240,1,1,1,0,1
295,4196000,4516,9559,28.990192,,0,11,9,108,30281,1172,5120,4165719,16,185,180,1,24988,1,30,1,461230,1,442674,1,116405,1,3109080,1,11131,1,307544,1,12474,4,537066,4,79824,4,730229,4,1409450,8,2102447,108,32112,24,3306,1,25229,1,2785,1,0,0,0,0,0,0,416133,1,19888,1,3487,1,5841,1,22053,1,407977,1,25179,1,17017,1,40,1,9559,1,4516,1,17057,1,9559,1,48,1,1240,1,1,1,0,1
296,4219400,4516,9559,28.990198,,0,11,9,108,30656,1092,4820,4188744,16,185,60,1,25439,1,40,1,460388,1,455719,1,116775,1,3118979,1,11342,1,305379,1,12855,4,538820,4,80846,4,738726,4,1410482,8,2112095,108,32292,24,3206,1,24848,1,2725,1,0,0,0,0,0,0,429970,1,19137,1,3457,1,6182,1,21411,1,407456,1,25139,1,17015,1,40,1,9559,1,4516,1,17055,1,9559,1,48,1,1240,1,1,1,0,1
297,4261100,4515,9559,28.990198,,0,11,9,108,30134,1242,5240,4230966,16,185,40,1,25329,1,40,1,463124,1,442213,1,117407,1,3171642,1,11172,1,307924,1,12945,4,544581,4,80465,4,760127,4,1430291,8,2152535,108,32643,24,4218,1,27032,1,2815,1,0,0,0,0,0,0,416404,1,19347,1,3387,1,6533,1,22523,1,408619,1,25259,1,17014,1,40,1,9559,1,4515,1,17054,1,9559,1,48,1,1240,1,1,1,0,1
298,4231600,4515,9559,28.990196,,0,11,9,108,31995,1252,8006,4199605,16,185,70,1,30068,1,80,1,476339,1,459256,1,114701,1,3108319,1,10771,1,304778,1,12815,4,542146,4,80315,4,732343,4,1402767,8,2094151,108,32954,24,3276,1,25760,1,2866,1,0,0,0,0,0,0,434368,1,18095,1,3597,1,7324,1,21812,1,417686,1,29226,1,17015,1,40,1,9559,1,4515,1,17055,1,9559,1,48,1,1240,1,1,1,0,1
299,4207800,4515,9559,28.990194,,0,11,9,108,32893,1242,5001,4174907,16,185,170,1,30649,1,40,1,471159,1,435520,1,119461,1,3106896,1,11011,1,314367,1,12895,4,538359,4,79874,4,728075,4,1401144,8,2091425,108,32793,24,3346,1,24908,1,2685,1,0,0,0,0,0,0,409871,1,19047,1,3457,1,7154,1,23676,1,413187,1,26942,1,17016,1,40,1,9559,1,4515,1,17056,1,9559,1,48,1,1240,1,1,1,0,1
300,4197200,4515,9559,28.990194,,0,11,9,108,30318,1142,5241,4166882,16,185,140,1,25189,1,40,1,465579,1,450419,1,117086,1,3097227,1,11202,1,305730,1,12624,4,538670,4,80145,4,724709,4,1403128,8,2089482,108,33114,24,3196,1,25128,1,2755,1,0,0,0,0,0,0,423968,1,19658,1,3647,1,6693,1,22533,1,411043,1,25078,1,17018,1,40,1,9559,1,4515,1,17058,1,9559,1,48,1,1240,1,1,1,0,1
301,4223300,4515,9559,28.990194,,0,11,9,108,30829,1282,5080,4192471,16,185,50,1,25018,1,40,1,465919,1,435911,1,116094,1,3138236,1,11202,1,305840,1,12624,4,536836,4,82199,4,765657,4,1400022,8,2127415,108,33184,24,3727,1,27172,1,2876,1,0,0,0,0,0,0,410031,1,19357,1,3477,1,7184,1,22904,1,410412,1,25199,1,17016,1,40,1,9559,1,4515,1,17056,1,9559,1,48,1,1240,1,1,1,0,1
302,4240300,4515,9559,28.990194,,0,11,9,108,30876,1192,4640,4209424,16,185,160,1,30479,1,30,1,475748,1,457212,1,117757,1,3117336,1,10701,1,307934,1,13316,4,540553,4,80696,4,729518,4,1410151,8,2101575,108,33455,24,3837,1,27353,1,2785,1,0,0,0,0,0,0,430080,1,20279,1,3677,1,6673,1,22924,1,418888,1,27042,1,17019,1,40,1,9559,1,4515,1,17059,1,9559,1,48,1,1240,1,1,1,0,1
303,4274500,4516,9559,28.990194,,0,11,9,108,32458,1082,5140,4242042,16,185,170,1,30639,1,90,1,480267,1,443120,1,119040,1,3157654,1,11061,1,319366,1,13115,4,561393,4,80305,4,731933,4,1418898,8,2113018,108,32673,24,3326,1,25439,1,2795,1,0,0,0,0,0,0,419284,1,16993,1,3597,1,6172,1,23395,1,422135,1,28285,1,17017,1,40,1,9559,1,4516,1,17057,1,9559,1,48,1,1240,1,1,1,0,1
304,4206500,4515,9559,28.990194,,0,11,9,108,29820,1122,5591,4176680,16,185,150,1,25169,1,80,1,465568,1,452082,1,116966,1,3105633,1,11031,1,306562,1,12624,4,536445,4,80525,4,731672,4,1407126,8,2100393,108,32813,24,3256,1,23596,1,2705,1,0,0,0,0,0,0,426543,1,18806,1,3627,1,6633,1,21181,1,412316,1,25209,1,17014,1,40,1,9559,1,4515,1,17054,1,9559,1,48,1,1240,1,1,1,0,1
305,4242400,4517,9559,28.990194,,0,11,9,108,31433,1192,5160,4210967,16,185,60,1,25078,1,40,1,464937,1,445119,1,117707,1,3146903,1,11121,1,308816,1,12945,4,541114,4,81237,4,727524,4,1441332,8,2130381,108,33314,24,3266,1,26712,1,2765,1,0,0,0,0,0,0,418778,1,19578,1,3617,1,6653,1,22413,1,410482,1,25179,1,17016,1,40,1,9559,1,4517,1,17056,1,9559,1,48,1,1240,1,1,1,0,1
306,4182400,4517,9559,28.990194,,0,11,9,108,30157,1242,5351,4152243,16,185,170,1,25018,1,40,1,463284,1,440791,1,117437,1,3094412,1,11091,1,306742,1,12604,4,539361,4,80646,4,723246,4,1399150,8,2084162,108,32883,24,3336,1,25339,1,2745,1,0,0,0,0,0,0,414039,1,19788,1,3647,1,6913,1,22463,1,408709,1,24988,1,17012,1,40,1,9559,1,4517,1,17052,1,9559,1,48,1,1240,1,1,1,0,1
307,4199000,4517,9559,28.990194,,0,11,9,108,30936,1242,5040,4168064,16,185,60,1,25329,1,40,1,466040,1,432344,1,117477,1,3115663,1,11111,1,307453,1,14097,4,539301,4,80555,4,724348,4,1417415,8,2103289,108,33435,24,3316,1,25159,1,2775,1,0,0,0,0,0,0,406044,1,19708,1,3467,1,7234,1,21792,1,411614,1,25209,1,17012,1,40,1,9559,1,4517,1,17052,1,9559,1,48,1,1240,1,1,1,0,1
308,4189200,4516,9559,28.990194,,0,11,9,108,29532,1162,5080,4159668,16,185,50,1,25179,1,70,1,464496,1,439057,1,116906,1,3102738,1,11172,1,306682,1,12624,4,539792,4,80135,4,725360,4,1406084,8,2093720,108,32643,24,3266,1,24908,1,2725,1,0,0,0,0,0,0,412606,1,20019,1,3387,1,7344,1,21782,1,409881,1,25299,1,17013,1,40,1,9559,1,4516,1,17053,1,9559,1,48,1,1240,1,1,1,0,1
309,4250000,4516,9559,28.990194,,0,11,9,108,30607,1403,5110,4219393,16,185,60,1,25279,1,40,1,467121,1,435811,1,116575,1,3163014,1,11492,1,332922,1,13757,4,539080,4,81668,4,740579,4,1419930,8,2122185,108,33214,24,3306,1,27553,1,2815,1,0,0,0,0,0,0,409891,1,19357,1,3437,1,6713,1,22012,1,413077,1,25128,1,17016,1,40,1,9559,1,4516,1,17056,1,9559,1,48,1,1240,1,1,1,0,1
310,4203800,4516,9559,28.990194,,0,11,9,108,30737,1142,4960,4173063,16,185,130,1,25058,1,30,1,463114,1,440109,1,118008,1,3115422,1,11192,1,312794,1,12564,4,539481,4,80215,4,726692,4,1410412,8,2099071,108,33074,24,3266,1,26070,1,2785,1,0,0,0,0,0,0,413368,1,20189,1,3397,1,6282,1,21361,1,410242,1,25048,1,17016,1,40,1,9559,1,4516,1,17056,1,9559,1,48,1,1240,1,1,1,0,1
311,4200000,4516,9559,28.990194,,0,11,9,108,30053,1172,4960,4169947,16,185,80,1,25169,1,50,1,465749,1,433336,1,116765,1,3117827,1,10971,1,307523,1,12554,4,539150,4,80085,4,731512,4,1414309,8,2107997,108,32863,24,3246,1,25539,1,2735,1,0,0,0,0,0,0,408328,1,18175,1,3467,1,6673,1,22133,1,410001,1,26752,1,17014,1,40,1,9559,1,4516,1,17054,1,9559,1,48,1,1240,1,1,1,0,1
312,4206300,4515,9559,28.990194,,0,11,9,108,31193,1122,5221,4175107,16,185,30,1,25199,1,30,1,464015,1,432976,1,115894,1,3125702,1,11262,1,305700,1,12404,4,540022,4,80515,4,738585,4,1417015,8,2117576,108,32803,24,3316,1,24307,1,2715,1,0,0,0,0,0,0,408238,1,18085,1,3306,1,6863,1,22223,1,409741,1,25038,1,17012,1,40,1,9559,1,4515,1,17052,1,9559,1,48,1,1240,1,1,1,0,1
313,4226700,4515,9559,28.990194,,0,11,9,108,30853,1152,5381,4195847,16,185,50,1,25349,1,50,1,469406,1,449437,1,116655,1,3123668,1,11232,1,302263,1,12735,4,538389,4,80235,4,736121,4,1421573,8,2119079,108,33234,24,3226,1,25209,1,2765,1,0,0,0,0,0,0,425762,1,16963,1,3497,1,6953,1,22373,1,413388,1,26521,1,17012,1,40,1,9559,1,4515,1,17052,1,9559,1,48,1,1240,1,1,1,0,1
314,4194100,4515,9559,28.990194,,0,11,9,108,31417,1142,5501,4162683,16,185,130,1,25189,1,50,1,464436,1,439388,1,116715,1,3105724,1,11051,1,304648,1,12414,4,539191,4,80375,4,727985,4,1408909,8,2099131,108,32262,24,3306,1,25018,1,2735,1,0,0,0,0,0,0,412386,1,20490,1,3427,1,6993,1,21662,1,410312,1,25219,1,17013,1,40,1,9559,1,4515,1,17053,1,9559,1,48,1,1240,1,1,1,0,1
315,4187700,4517,9559,28.990194,,0,11,9,108,30828,1112,5240,4156872,16,185,100,1,25780,1,40,1,465368,1,452433,1,115944,1,3085785,1,11422,1,303345,1,12735,4,537718,4,80145,4,724608,4,1396355,8,2083341,108,32382,24,3246,1,23776,1,2745,1,0,0,0,0,0,0,428687,1,17023,1,3547,1,7494,1,21882,1,410462,1,25369,1,17014,1,40,1,9559,1,4517,1,17054,1,9559,1,48,1,1240,1,1,1,0,1
316,4203500,4515,9559,28.990194,,0,11,9,108,30356,1152,5030,4173144,16,185,40,1,25038,1,50,1,461661,1,467342,1,117296,1,3090625,1,11091,1,307794,1,13135,4,539281,4,80295,4,728306,4,1389692,8,2080474,108,32493,24,3206,1,25028,1,2735,1,0,0,0,0,0,0,441262,1,19458,1,3437,1,7104,1,22323,1,406905,1,25169,1,17012,1,40,1,9559,1,4515,1,17052,1,9559,1,48,1,1240,1,1,1,0,1
317,4210300,4517,9559,28.990194,,0,11,9,108,30524,1142,4980,4179776,16,185,40,1,24968,1,50,1,462913,1,457373,1,116114,1,3107136,1,11182,1,303977,1,12995,4,539491,4,80756,4,722424,4,1415482,8,2096766,108,36160,24,3196,1,24928,1,2745,1,0,0,0,0,0,0,430791,1,19868,1,3497,1,7254,1,22694,1,407877,1,24938,1,17013,1,44,1,9559,1,4517,1,17057,1,9559,1,48,1,1240,1,1,1,0,1
318,4215800,4516,9559,28.990192,,0,11,9,108,31435,1122,4469,4184365,16,185,230,1,30809,1,70,1,474816,1,452694,1,118960,1,3096125,1,10661,1,312784,1,12815,4,538429,4,82730,4,720130,4,1396204,8,2076066,108,35799,24,3697,1,25439,1,2775,1,0,0,0,0,0,0,426333,1,19468,1,3707,1,6863,1,22654,1,418738,1,26261,1,17012,1,44,1,9559,1,4516,1,17056,1,9559,1,48,1,1240,1,1,1,0,1
319,4184200,4516,9559,28.99019,,0,11,9,108,30163,1202,5451,4154037,16,185,40,1,30639,1,40,1,470328,1,438446,1,117036,1,3086376,1,11131,1,305800,1,12494,4,538940,4,80425,4,723627,4,1392908,8,2075655,108,35428,24,3256,1,24938,1,2785,1,0,0,0,0,0,0,412336,1,19387,1,3487,1,6903,1,23145,1,411945,1,28154,1,17016,1,44,1,9559,1,4516,1,17060,1,9559,1,48,1,1240,1,1,1,0,1
320,4225800,4515,9559,28.990196,,0,11,9,108,30323,1122,4810,4195477,16,185,60,1,25289,1,50,1,465248,1,437665,1,116485,1,3139459,1,11222,1,309167,1,13065,4,539251,4,80776,4,727624,4,1437234,8,2124410,108,35639,24,3146,1,25319,1,2755,1,0,0,0,0,0,0,412185,1,18957,1,3397,1,6833,1,22343,1,409180,1,26732,1,17013,1,44,1,9559,1,4515,1,17057,1,9559,1,48,1,1240,1,1,1,0,1
321,4222400,4515,9559,28.990198,,0,11,9,108,30500,1172,4559,4191900,16,185,150,1,25199,1,50,1,465769,1,448576,1,117146,1,3123688,1,11322,1,309076,1,12484,4,539401,4,80445,4,731532,4,1418598,8,2109931,108,35639,24,3226,1,24968,1,2785,1,0,0,0,0,0,0,422085,1,19828,1,3517,1,7164,1,21221,1,411905,1,25269,1,17013,1,44,1,9559,1,4515,1,17057,1,9559,1,48,1,1240,1,1,1,0,1
322,4191000,4517,9559,28.990198,,0,11,9,108,31002,1202,5030,4159998,16,185,160,1,25259,1,40,1,464997,1,446923,1,117296,1,3094141,1,11182,1,308085,1,12534,4,538098,4,80325,4,723386,4,1399621,8,2082538,108,35438,24,3186,1,24968,1,2735,1,0,0,0,0,0,0,420522,1,19688,1,3507,1,6493,1,22584,1,410432,1,25289,1,17012,1,44,1,9559,1,4517,1,17056,1,9559,1,48,1,1240,1,1,1,0,1
323,4185700,4517,9559,28.990198,,0,11,9,108,30140,1132,5140,4155560,16,185,30,1,25329,1,40,1,463454,1,450279,1,116214,1,3089152,1,11061,1,306301,1,12775,4,537287,4,80525,4,724087,4,1395303,8,2079012,108,35238,24,3306,1,25690,1,2745,1,0,0,0,0,0,0,424249,1,19478,1,3427,1,6583,1,22243,1,408148,1,26331,1,17010,1,44,1,9559,1,4517,1,17054,1,9559,1,48,1,1240,1,1,1,0,1
324,4200700,4517,9559,28.990198,,0,11,9,108,29841,1162,5551,4170859,16,185,30,1,25239,1,40,1,462963,1,438847,1,115122,1,3117617,1,11001,1,307924,1,12604,4,538810,4,80976,4,731542,4,1413558,8,2103840,108,35709,24,3266,1,25028,1,2745,1,0,0,0,0,0,0,413478,1,18947,1,3387,1,7154,1,22493,1,407997,1,25118,1,17012,1,44,1,9559,1,4517,1,17056,1,9559,1,48,1,1240,1,1,1,0,1
325,4206700,4516,9559,28.990194,,0,11,9,108,30510,1132,5401,4176190,16,185,60,1,25038,1,50,1,466079,1,434098,1,115793,1,3124029,1,11041,1,306962,1,12735,4,540714,4,80155,4,733005,4,1418057,8,2109912,108,35749,24,3266,1,25209,1,2795,1,0,0,0,0,0,0,408428,1,19117,1,3497,1,7034,1,22343,1,409861,1,26681,1,17009,1,44,1,9559,1,4516,1,17053,1,9559,1,48,1,1240,1,1,1,0,1
326,4280300,4516,9559,28.990189,,0,11,9,108,31991,1232,4730,4248309,16,185,160,1,30699,1,70,1,479065,1,458795,1,119240,1,3149478,1,10801,1,323384,1,13135,4,539461,4,79864,4,733676,4,1426693,8,2120001,108,35639,24,3477,1,25760,1,2795,1,0,0,0,0,0,0,431883,1,20129,1,3457,1,7074,1,23485,1,420982,1,27102,1,17011,1,44,1,9559,1,4516,1,17055,1,9559,1,48,1,1240,1,1,1,0,1
327,4225800,4516,9559,28.990189,,0,11,9,108,30303,1172,5732,4195497,16,185,110,1,30629,1,50,1,470448,1,447243,1,119801,1,3116234,1,10981,1,310599,1,12654,4,537117,4,80135,4,727193,4,1416243,8,2102497,108,35208,24,3216,1,25179,1,2725,1,0,0,0,0,0,0,420181,1,20219,1,3737,1,6933,1,23415,1,412867,1,27052,1,17007,1,44,1,9559,1,4516,1,17051,1,9559,1,48,1,1240,1,1,1,0,1
328,4216300,4515,9559,28.990189,,0,11,9,108,30782,1142,5311,4185518,16,185,70,1,25018,1,40,1,462122,1,445880,1,115663,1,3125362,1,11362,1,308355,1,12725,4,539271,4,80485,4,731371,4,1420872,8,2114070,108,32863,24,3256,1,25159,1,2725,1,0,0,0,0,0,0,420021,1,18977,1,3597,1,6673,1,22183,1,406474,1,26571,1,17010,1,40,1,9559,1,4515,1,17050,1,9559,1,48,1,1240,1,1,1,0,1
329,4212200,4514,9559,28.990189,,0,11,9,108,30379,1102,5701,4181821,16,185,60,1,25179,1,50,1,461371,1,440500,1,115453,1,3128157,1,11051,1,310359,1,12865,4,542236,4,80485,4,732373,4,1416844,8,2110623,108,32893,24,3276,1,25850,1,2765,1,0,0,0,0,0,0,414079,1,19828,1,3507,1,6362,1,22493,1,407336,1,24998,1,17004,1,40,1,9559,1,4514,1,17044,1,9559,1,48,1,1240,1,1,1,0,1
330,4201500,4515,9559,28.990189,,0,11,9,108,32053,1172,5431,4169447,16,185,60,1,25359,1,30,1,462673,1,439418,1,116495,1,3114450,1,10961,1,306181,1,12785,4,540443,4,80856,4,728436,4,1414039,8,2105092,108,31952,24,3206,1,24597,1,2735,1,0,0,0,0,0,0,413458,1,19427,1,3387,1,6122,1,22143,1,409180,1,25048,1,17009,1,40,1,9559,1,4515,1,17049,1,9559,1,48,1,1240,1,1,1,0,1
331,4252200,4513,9559,28.990189,,0,11,9,108,30563,1092,5100,4221637,16,185,60,1,25479,1,30,1,465218,1,453235,1,115383,1,3151161,1,11071,1,307854,1,12845,4,537577,4,82359,4,764175,4,1414149,8,2141052,108,32172,24,3256,1,25078,1,2775,1,0,0,0,0,0,0,426914,1,19508,1,3587,1,6412,1,22544,1,410913,1,25139,1,17003,1,40,1,9559,1,4513,1,17043,1,9559,1,48,1,1240,1,1,1,0,1
332,4197500,4513,9559,28.990189,,0,11,9,108,30138,1082,5561,4167362,16,185,30,1,25149,1,50,1,466190,1,441592,1,115803,1,3107527,1,11021,1,306992,1,12715,4,538850,4,80365,4,732684,4,1403959,8,2099251,108,31831,24,3256,1,24798,1,2825,1,0,0,0,0,0,0,416273,1,18917,1,3377,1,6643,1,22453,1,411514,1,25369,1,17007,1,40,1,9559,1,4513,1,17047,1,9559,1,48,1,1240,1,1,1,0,1
333,4294300,4512,9559,28.990185,,0,11,9,108,33272,1433,9198,4261028,16,185,150,1,30519,1,60,1,487982,1,456105,1,120994,1,3154498,1,10721,1,329436,1,12915,4,555292,4,80285,4,734227,4,1409039,8,2102527,108,31541,24,3477,1,25629,1,2765,1,0,0,0,0,0,0,431688,1,17394,1,3567,1,6743,1,22634,1,424820,1,33465,1,17003,1,40,1,9559,1,4512,1,17043,1,9559,1,48,1,1240,1,1,1,0,1
334,4263500,4513,9559,28.990185,,0,11,9,108,32895,1152,5161,4230605,16,185,50,1,30589,1,40,1,464126,1,463965,1,119641,1,3141172,1,11021,1,317523,1,12815,4,542347,4,79974,4,729398,4,1424078,8,2115923,108,32393,24,5531,1,25589,1,2765,1,0,0,0,0,0,0,436452,1,20830,1,3477,1,6192,1,22193,1,408338,1,27243,1,17013,1,40,1,9559,1,4513,1,17053,1,9559,1,48,1,1240,1,1,1,0,1
335,4301900,4514,9559,28.990185,,0,11,9,108,31048,1212,4770,4270852,16,185,60,1,25038,1,40,1,462773,1,448115,1,115563,1,3208041,1,11222,1,304087,1,13526,4,540493,4,82549,4,739718,4,1493713,8,2197881,108,30779,24,3306,1,26621,1,2815,1,0,0,0,0,0,0,423938,1,17353,1,3627,1,6513,1,21742,1,409470,1,24858,1,17021,1,36,1,9559,1,4514,1,17057,1,9559,1,48,1,1240,1,1,1,0,1
336,4214400,4513,9559,28.990185,,0,11,9,108,32289,1132,5652,4182111,16,185,150,1,25058,1,50,1,466590,1,449317,1,117948,1,3111916,1,11081,1,314427,1,12354,4,539702,4,80836,4,725841,4,1404681,8,2095854,108,29016,24,3346,1,26802,1,2795,1,0,0,0,0,0,0,421904,1,20500,1,3577,1,6703,1,22173,1,412376,1,25128,1,17019,1,36,1,9559,1,4513,1,17055,1,9559,1,48,1,1240,1,1,1,0,1
337,4201600,4516,9559,28.990185,,0,11,9,108,30290,1122,4680,4171310,16,185,60,1,25469,1,70,1,465819,1,435591,1,117857,1,3115332,1,11111,1,308085,1,12785,4,539912,4,80465,4,729838,4,1411865,8,2105302,108,31721,24,3186,1,25319,1,2755,1,0,0,0,0,0,0,409350,1,19548,1,3497,1,6483,1,22574,1,411304,1,25259,1,17024,1,40,1,9559,1,4516,1,17064,1,9559,1,48,1,1240,1,1,1,0,1
338,4240500,4517,9559,28.990185,,0,11,9,108,31758,1132,5100,4208742,16,185,40,1,25239,1,30,1,465488,1,456411,1,117186,1,3133267,1,11081,1,310359,1,12654,4,540213,4,80976,4,731301,4,1425441,8,2119269,108,32372,24,3316,1,25098,1,2775,1,0,0,0,0,0,0,430120,1,19698,1,3427,1,6272,1,22373,1,411434,1,25199,1,17022,1,40,1,9559,1,4517,1,17062,1,9559,1,48,1,1240,1,1,1,0,1
339,4327300,4518,9559,28.990185,,0,11,9,108,30017,1192,4459,4297283,16,185,70,1,25579,1,50,1,476199,1,484385,1,116365,1,3183574,1,11061,1,307303,1,13085,4,540383,4,80385,4,757342,4,1451391,8,2171160,108,33114,24,3286,1,26341,1,2866,1,0,0,0,0,0,0,459066,1,18756,1,3447,1,6803,1,22624,1,421413,1,25189,1,17023,1,40,1,9559,1,4518,1,17063,1,9559,1,48,1,1240,1,1,1,0,1
340,4200700,4517,9559,28.990185,,0,11,9,108,29941,1162,5090,4170759,16,185,120,1,25038,1,30,1,468735,1,440921,1,117407,1,3107417,1,11091,1,307914,1,12935,4,539451,4,80726,4,725751,4,1407767,8,2096616,108,31811,24,3286,1,25690,1,2735,1,0,0,0,0,0,0,413408,1,20920,1,3467,1,6613,1,23215,1,413318,1,25319,1,17024,1,40,1,9559,1,4517,1,17064,1,9559,1,48,1,1240,1,1,1,0,1
341,4207100,4517,9559,28.990185,,0,11,9,108,30500,1042,5140,4176600,16,185,150,1,25439,1,50,1,466701,1,454667,1,118138,1,3100343,1,11111,1,308165,1,12614,4,539762,4,80656,4,725771,4,1400994,8,2090044,108,31581,24,3216,1,25379,1,2745,1,0,0,0,0,0,0,428387,1,19738,1,3356,1,6913,1,21191,1,413137,1,25299,1,17019,1,40,1,9559,1,4517,1,17059,1,9559,1,48,1,1240,1,1,1,0,1
342,4196500,4517,9559,28.990185,,0,11,9,108,30831,1112,5341,4165669,16,185,40,1,25219,1,50,1,466801,1,438286,1,117687,1,3106285,1,11302,1,305630,1,12985,4,539822,4,80515,4,726412,4,1408608,8,2097367,108,32312,24,3216,1,25159,1,2825,1,0,0,0,0,0,0,412917,1,18776,1,3467,1,7504,1,22343,1,411745,1,25008,1,17021,1,40,1,9559,1,4517,1,17061,1,9559,1,48,1,1240,1,1,1,0,1
343,4292300,4517,9559,28.990185,,0,11,9,108,32063,1453,4810,4260237,16,185,50,1,25199,1,50,1,464897,1,469741,1,123488,1,3165539,1,11272,1,333393,1,13266,4,564309,4,80525,4,733946,4,1403829,8,2100884,108,32082,24,3787,1,28265,1,2765,1,0,0,0,0,0,0,444443,1,18245,1,3517,1,7044,1,22213,1,410242,1,25229,1,17023,1,40,1,9559,1,4517,1,17063,1,9559,1,48,1,1240,1,1,1,0,1
344,4211500,4517,9559,28.990185,,0,11,9,108,32124,1353,5080,4179376,16,185,230,1,30449,1,80,1,470177,1,455780,1,116886,1,3094662,1,11111,1,312734,1,12624,4,537748,4,80415,4,723566,4,1393329,8,2079774,108,32042,24,3847,1,26281,1,2765,1,0,0,0,0,0,0,428006,1,21021,1,3407,1,7134,1,23966,1,411234,1,27533,1,17023,1,40,1,9559,1,4517,1,17063,1,9559,1,48,1,1240,1,1,1,0,1
345,4240200,4517,9559,28.990189,,0,11,9,108,31137,1202,5120,4209063,16,185,40,1,25159,1,60,1,468234,1,466981,1,118919,1,3118568,1,11101,1,308606,1,12935,4,540132,4,80616,4,731071,4,1410512,8,2104461,108,32002,24,3316,1,27393,1,2785,1,0,0,0,0,0,0,440420,1,19798,1,3557,1,7164,1,22824,1,411584,1,26431,1,17022,1,40,1,9559,1,4517,1,17062,1,9559,1,48,1,1240,1,1,1,0,1
346,4275100,4517,9559,28.990189,,0,11,9,108,34466,1232,5351,4240634,16,185,40,1,25479,1,50,1,468184,1,440711,1,118128,1,3176791,1,11252,1,309828,1,12755,4,540273,4,80475,4,741952,4,1459096,8,2163465,108,32232,24,3306,1,25098,1,2775,1,0,0,0,0,0,0,415592,1,18576,1,3336,1,6643,1,22704,1,412095,1,26581,1,17030,1,40,1,9559,1,4517,1,17070,1,9559,1,48,1,1240,1,1,1,0,1
347,4210100,4517,9559,28.990189,,0,11,9,108,31446,1182,5010,4178654,16,185,70,1,25740,1,40,1,467432,1,448726,1,119661,1,3105764,1,11222,1,306461,1,12925,4,537577,4,80515,4,730640,4,1405543,8,2099050,108,32122,24,3356,1,24788,1,2775,1,0,0,0,0,0,0,422756,1,19397,1,3346,1,7424,1,23034,1,409921,1,26862,1,17033,1,40,1,9559,1,4517,1,17073,1,9559,1,48,1,1240,1,1,1,0,1
348,4206100,4517,9559,28.990189,,0,11,9,108,29860,1142,4971,4176240,16,185,40,1,25399,1,20,1,465969,1,431423,1,117166,1,3125101,1,11121,1,304678,1,12865,4,537357,4,80515,4,727514,4,1427425,8,2117035,108,32934,24,5621,1,25199,1,2785,1,0,0,0,0,0,0,405372,1,19638,1,3306,1,7875,1,22223,1,409150,1,26571,1,17033,1,40,1,9559,1,4517,1,17073,1,9559,1,48,1,1240,1,1,1,0,1
349,4177400,4516,9559,28.990189,,0,11,9,108,29535,1232,5050,4147865,16,185,40,1,25319,1,80,1,465649,1,440019,1,117577,1,3088160,1,11021,1,307984,1,12825,4,538569,4,80405,4,723737,4,1392317,8,2082228,108,28776,24,3216,1,25128,1,2745,1,0,0,0,0,0,0,414560,1,18927,1,3377,1,7805,1,22604,1,410031,1,25028,1,17034,1,36,1,9559,1,4516,1,17070,1,9559,1,48,1,1240,1,1,1,0,1
350,4231400,4515,9559,28.990189,,0,11,9,108,31595,1232,5140,4199805,16,185,50,1,25159,1,40,1,463945,1,443776,1,118278,1,3137465,1,11091,1,307253,1,13195,4,540283,4,80996,4,729768,4,1433036,8,2128828,108,28836,24,3306,1,25619,1,2775,1,0,0,0,0,0,0,418498,1,18756,1,3377,1,7264,1,23285,1,407947,1,25299,1,17032,1,36,1,9559,1,4515,1,17068,1,9559,1,48,1,1240,1,1,1,0,1
351,4172300,4516,9559,28.990189,,0,11,9,108,30717,1403,5060,4141583,16,185,80,1,25189,1,50,1,462152,1,429769,1,116104,1,3097127,1,11111,1,307123,1,12464,4,538499,4,80475,4,723997,4,1401675,8,2092067,108,28545,24,3316,1,25439,1,2735,1,0,0,0,0,0,0,404110,1,19157,1,3356,1,7254,1,22313,1,407306,1,25118,1,17037,1,36,1,9559,1,4516,1,17073,1,9559,1,48,1,1240,1,1,1,0,1
352,4213900,4517,9559,28.990189,,0,11,9,108,30196,1192,4759,4183704,16,185,50,1,25319,1,40,1,465308,1,456782,1,118088,1,3107036,1,11081,1,307293,1,12684,4,539441,4,80215,4,721663,4,1410202,8,2098340,108,28766,24,5521,1,26030,1,2795,1,0,0,0,0,0,0,430721,1,19417,1,3487,1,7274,1,22503,1,409661,1,25609,1,17035,1,36,1,9559,1,4517,1,17071,1,9559,1,48,1,1240,1,1,1,0,1
353,4179500,4518,9559,28.990189,,0,11,9,108,30002,1182,5421,4149498,16,185,150,1,25389,1,40,1,464196,1,443716,1,116324,1,3088591,1,11091,1,304708,1,12674,4,538599,4,80195,4,722905,4,1397567,8,2086316,108,28735,24,3196,1,24778,1,2785,1,0,0,0,0,0,0,417666,1,19427,1,3417,1,7044,1,22654,1,408589,1,25720,1,17035,1,36,1,9559,1,4518,1,17071,1,9559,1,48,1,1240,1,1,1,0,1
354,4423500,4518,9559,28.990189,,0,11,9,108,32534,1323,5341,4390966,16,185,30,1,25209,1,90,1,466541,1,443977,1,116916,1,3326962,1,11242,1,305449,1,13556,4,563087,4,87629,4,813100,4,1507449,8,2263580,108,51629,24,3527,1,29016,1,2825,1,0,0,0,0,0,0,417917,1,19488,1,3316,1,7144,1,22533,1,411684,1,25018,1,17036,1,36,1,9559,1,4518,1,17072,1,9559,1,48,1,1240,1,1,1,0,1
355,4212100,4519,9559,28.990189,,0,11,9,108,31352,1222,4930,4180748,16,185,110,1,30078,1,40,1,468634,1,445730,1,119821,1,3104932,1,11402,1,324947,1,12394,4,537437,4,79954,4,723286,4,1393910,8,2082989,108,29276,24,3266,1,25770,1,2745,1,0,0,0,0,0,0,418558,1,20349,1,3567,1,7034,1,22984,1,411354,1,27082,1,17036,1,36,1,9559,1,4519,1,17072,1,9559,1,48,1,1240,1,1,1,0,1
356,4192900,4518,9559,28.990189,,0,11,9,108,30547,1192,4870,4162353,16,185,10,1,25259,1,110,1,468143,1,440891,1,117547,1,3099221,1,11172,1,308986,1,12534,4,539281,4,80756,4,725200,4,1399220,8,2090724,108,28826,24,3246,1,26060,1,2745,1,0,0,0,0,0,0,415231,1,18997,1,3427,1,7294,1,23185,1,412286,1,25209,1,17035,1,36,1,9559,1,4518,1,17071,1,9559,1,48,1,1240,1,1,1,0,1
357,4185500,4519,9559,28.990189,,0,11,9,108,30221,1082,5390,4155279,16,185,50,1,25319,1,50,1,464406,1,445880,1,116625,1,3091546,1,11402,1,305940,1,12604,4,538008,4,80445,4,726442,4,1395453,8,2087368,108,29136,24,3226,1,25559,1,2785,1,0,0,0,0,0,0,419640,1,19588,1,3487,1,7064,1,21692,1,409851,1,25579,1,17038,1,36,1,9559,1,4519,1,17074,1,9559,1,48,1,1240,1,1,1,0,1
358,4182300,4520,9559,28.990189,,0,11,9,108,30658,1252,5071,4151642,16,185,50,1,25379,1,40,1,465649,1,448546,1,116625,1,3084042,1,11312,1,305550,1,12644,4,538369,4,80646,4,718236,4,1396425,8,2075194,108,34396,24,3286,1,24868,1,2765,1,0,0,0,0,0,0,424800,1,16913,1,3597,1,7134,1,22564,1,410713,1,25048,1,17033,1,44,1,9559,1,4520,1,17077,1,9559,1,48,1,1240,1,1,1,0,1
359,4195000,4521,9559,28.990189,,0,11,9,108,30503,1202,5030,4164497,16,185,50,1,25229,1,60,1,463585,1,448506,1,117006,1,3098620,1,11442,1,308365,1,12554,4,539641,4,80435,4,721052,4,1404260,8,2086045,108,34236,24,3256,1,25098,1,2755,1,0,0,0,0,0,0,423648,1,18175,1,3487,1,6853,1,21922,1,409180,1,25469,1,17035,1,44,1,9559,1,4521,1,17079,1,9559,1,48,1,1240,1,1,1,0,1
360,4189100,4521,9559,28.990189,,0,11,9,108,30494,1142,4699,4158606,16,185,30,1,25279,1,50,1,463955,1,448736,1,117617,1,3091817,1,11121,1,307674,1,12574,4,538409,4,80395,4,723085,4,1397948,8,2081717,108,34617,24,3216,1,24587,1,2785,1,0,0,0,0,0,0,423237,1,18896,1,3417,1,6933,1,22223,1,409029,1,25579,1,17035,1,44,1,9559,1,4521,1,17079,1,9559,1,48,1,1240,1,1,1,0,1
361,4228700,4521,9559,28.990189,,0,11,9,108,30387,1292,4640,4198313,16,185,20,1,25379,1,50,1,464577,1,438366,1,118118,1,3140641,1,11162,1,308135,1,12404,4,540042,4,81437,4,737353,4,1428918,8,2125431,108,36200,24,3717,1,24457,1,2886,1,0,0,0,0,0,0,412466,1,19438,1,3326,1,6853,1,22333,1,409791,1,25389,1,17038,1,44,1,9559,1,4521,1,17082,1,9559,1,48,1,1240,1,1,1,0,1
362,4217000,4521,9559,28.990189,,0,11,9,108,32524,1313,4970,4184476,16,185,10,1,25068,1,30,1,462052,1,460479,1,117367,1,3108168,1,11302,1,307684,1,12374,4,538529,4,84503,4,730740,4,1400914,8,2091626,108,35058,24,3497,1,25830,1,2785,1,0,0,0,0,0,0,433978,1,19758,1,3517,1,7304,1,20970,1,408188,1,25399,1,17033,1,44,1,9559,1,4521,1,17077,1,9559,1,48,1,1240,1,1,1,0,1
363,4221000,4521,9559,28.990189,,0,11,9,108,30413,1142,4850,4190587,16,185,130,1,25299,1,50,1,465969,1,452764,1,118128,1,3117126,1,11121,1,307273,1,13236,4,541355,4,80646,4,726061,4,1416163,8,2102397,108,34978,24,3236,1,25239,1,2775,1,0,0,0,0,0,0,426814,1,19257,1,3356,1,7374,1,22544,1,409741,1,26130,1,17035,1,44,1,9559,1,4521,1,17079,1,9559,1,48,1,1240,1,1,1,0,1
364,4193800,4521,9559,28.990189,,0,11,9,108,30395,1142,5120,4163405,16,185,50,1,25219,1,30,1,466540,1,439328,1,118378,1,3102828,1,11031,1,306852,1,12434,4,542096,4,80756,4,727143,4,1401825,8,2089352,108,34497,24,3196,1,24618,1,2765,1,0,0,0,0,0,0,413418,1,19367,1,3427,1,7484,1,22864,1,409110,1,26902,1,17033,1,44,1,9559,1,4521,1,17077,1,9559,1,48,1,1240,1,1,1,0,1
365,4182700,4521,9559,28.990189,,0,11,9,108,30436,1162,5391,4152264,16,185,40,1,25239,1,50,1,464497,1,433066,1,117026,1,3101105,1,11242,1,305409,1,13115,4,537658,4,80626,4,723306,4,1411444,8,2094712,108,34647,24,3346,1,22293,1,2745,1,0,0,0,0,0,0,407887,1,18786,1,3336,1,7354,1,22854,1,408719,1,25389,1,17034,1,44,1,9559,1,4521,1,17078,1,9559,1,48,1,1240,1,1,1,0,1
366,4176200,4521,9559,28.990189,,0,11,9,108,29938,1142,4910,4146262,16,185,150,1,25068,1,40,1,464637,1,435500,1,117587,1,3092228,1,11051,1,305409,1,12664,4,538990,4,80195,4,726492,4,1396515,8,2084062,108,34036,24,3226,1,24818,1,2775,1,0,0,0,0,0,0,409420,1,19377,1,3477,1,7705,1,22213,1,409100,1,25449,1,17033,1,44,1,9559,1,4521,1,17077,1,9559,1,48,1,1240,1,1,1,0,1
367,4187600,4521,9559,28.990189,,0,11,9,108,30658,1122,5170,4156942,16,185,40,1,25259,1,60,1,462633,1,445480,1,117867,1,3094302,1,11302,1,306672,1,12775,4,539371,4,80435,4,721833,4,1401334,8,2083681,108,34316,24,3276,1,24728,1,2755,1,0,0,0,0,0,0,419950,1,19017,1,3387,1,7284,1,22173,1,407787,1,25209,1,17035,1,44,1,9559,1,4521,1,17079,1,9559,1,48,1,1240,1,1,1,0,1
368,4200500,4521,9559,28.990187,,0,11,9,108,30973,1172,5170,4169527,16,185,50,1,25209,1,50,1,464737,1,438717,1,116866,1,3112847,1,11051,1,306962,1,12765,4,541214,4,80906,4,730410,4,1407606,8,2097748,108,35098,24,3216,1,25870,1,2725,1,0,0,0,0,0,0,412596,1,19397,1,3547,1,6943,1,22614,1,409671,1,25289,1,17033,1,44,1,9559,1,4521,1,17077,1,9559,1,48,1,1240,1,1,1,0,1
369,4189900,4520,9559,28.990185,,0,11,9,108,30894,1162,4919,4159006,16,185,50,1,25199,1,40,1,463244,1,443145,1,117807,1,3098470,1,11051,1,309036,1,12594,4,539140,4,80375,4,726592,4,1398319,8,2091326,108,28665,24,3166,1,25339,1,2745,1,0,0,0,0,0,0,417596,1,19017,1,3407,1,6563,1,22403,1,408839,1,25239,1,17043,1,36,1,9559,1,4520,1,17079,1,9559,1,48,1,1240,1,1,1,0,1
370,4281300,4520,9559,28.990189,,0,11,9,108,33651,1333,4830,4247649,16,185,70,1,25139,1,80,1,463655,1,444619,1,118519,1,3184395,1,11172,1,327642,1,13155,4,582404,4,80115,4,718356,4,1430090,8,2114991,108,28625,24,3236,1,25299,1,2765,1,0,0,0,0,0,0,419230,1,18586,1,3467,1,6202,1,22624,1,409270,1,25379,1,17043,1,36,1,9559,1,4520,1,17079,1,9559,1,48,1,1240,1,1,1,0,1
371,4190000,4520,9559,28.990189,,0,11,9,108,31444,1202,4990,4158556,16,185,20,1,30108,1,100,1,462292,1,454337,1,119400,1,3081377,1,10921,1,307844,1,12735,4,541064,4,80135,4,717825,4,1389221,8,2074223,108,27834,24,3366,1,25229,1,2755,1,0,0,0,0,0,0,427906,1,19788,1,3507,1,6372,1,22463,1,404721,1,28585,1,17039,1,36,1,9559,1,4520,1,17075,1,9559,1,48,1,1240,1,1,1,0,1
372,4185200,4520,9559,28.990189,,0,11,9,108,31293,1212,4960,4153907,16,185,170,1,24928,1,40,1,462573,1,452603,1,117437,1,3085054,1,11101,1,308034,1,12504,4,539772,4,80485,4,726863,4,1386826,8,2079873,108,28856,24,3216,1,23385,1,2755,1,0,0,0,0,0,0,425872,1,19828,1,3627,1,6713,1,22233,1,408308,1,25149,1,17037,1,36,1,9559,1,4520,1,17073,1,9559,1,48,1,1240,1,1,1,0,1
373,4486400,4520,9559,28.990189,,0,11,9,108,31092,1152,4539,4455308,16,185,50,1,25179,1,90,1,465869,1,527588,1,117006,1,3308295,1,11232,1,304548,1,12745,4,539922,4,82780,4,820754,4,1510064,8,2296732,108,29547,24,3236,1,30298,1,2795,1,0,0,0,0,0,0,502209,1,18616,1,3427,1,6643,1,22313,1,410312,1,26451,1,17034,1,36,1,9559,1,4520,1,17070,1,9559,1,48,1,1240,1,1,1,0,1
374,4267900,4520,9559,28.990189,,0,11,9,108,35993,1363,8907,4231907,16,185,220,1,30659,1,70,1,488583,1,447143,1,122597,1,3131914,1,10721,1,324005,1,12694,4,539982,4,81167,4,729778,4,1407446,8,2099542,108,28776,24,3667,1,28996,1,2815,1,0,0,0,0,0,0,419480,1,20720,1,3447,1,7675,1,23265,1,426954,1,30359,1,17032,1,36,1,9559,1,4520,1,17068,1,9559,1,48,1,1240,1,1,1,0,1
375,4253300,4520,9559,28.990189,,0,11,9,108,32304,1313,5010,4220996,16,185,150,1,36200,1,40,1,497109,1,441372,1,123448,1,3111665,1,11011,1,317062,1,12674,4,547557,4,80706,4,719879,4,1401805,8,2087829,108,28846,24,3697,1,24257,1,2715,1,0,0,0,0,0,0,416354,1,18185,1,3517,1,7124,1,24066,1,426724,1,38835,1,17032,1,36,1,9559,1,4520,1,17068,1,9559,1,48,1,1240,1,1,1,0,1
376,4314600,4520,9559,28.990189,,0,11,9,108,32727,1252,5261,4281873,16,185,170,1,30689,1,60,1,472863,1,457984,1,125011,1,3183764,1,11332,1,330518,1,13326,4,541846,4,86216,4,728145,4,1449157,8,2142554,108,29487,24,3296,1,27213,1,2795,1,0,0,0,0,0,0,432294,1,19197,1,3306,1,6533,1,22964,1,414640,1,28525,1,17035,1,36,1,9559,1,4520,1,17071,1,9559,1,48,1,1240,1,1,1,0,1
377,4195100,4520,9559,28.990189,,0,11,9,108,32487,1162,5501,4162613,16,185,220,1,25369,1,50,1,468464,1,448365,1,116966,1,3092198,1,10981,1,310629,1,12354,4,539982,4,80495,4,721943,4,1394241,8,2081817,108,28866,24,3216,1,25429,1,2745,1,0,0,0,0,0,0,422255,1,19528,1,3457,1,7174,1,22654,1,412947,1,25469,1,17035,1,36,1,9559,1,4520,1,17071,1,9559,1,48,1,1240,1,1,1,0,1
378,4193500,4520,9559,28.990189,,0,11,9,108,29343,1132,5170,4164157,16,185,100,1,25369,1,50,1,465709,1,459176,1,117767,1,3084964,1,11021,1,306011,1,12454,4,539050,4,80335,4,720861,4,1393760,8,2080284,108,29166,24,3236,1,25379,1,2745,1,0,0,0,0,0,0,432655,1,20069,1,3366,1,6773,1,21351,1,410632,1,26681,1,17035,1,36,1,9559,1,4520,1,17071,1,9559,1,48,1,1240,1,1,1,0,1
379,4184300,4520,9559,28.990189,,0,11,9,108,30063,1162,5311,4154237,16,185,30,1,25720,1,80,1,462733,1,448976,1,118439,1,3086987,1,11272,1,307834,1,12654,4,540042,4,80836,4,723606,4,1389732,8,2079342,108,28685,24,3306,1,25048,1,2765,1,0,0,0,0,0,0,422205,1,20149,1,3447,1,6723,1,22834,1,407607,1,25379,1,17037,1,36,1,9559,1,4520,1,17073,1,9559,1,48,1,1240,1,1,1,0,1
380,4254300,4521,9559,28.990189,,0,11,9,108,31661,1292,5040,4222639,16,185,180,1,30739,1,80,1,486268,1,439869,1,116194,1,3137485,1,11823,1,315699,1,13145,4,539070,4,80555,4,720891,4,1432875,8,2119610,108,29116,24,3487,1,27643,1,2825,1,0,0,0,0,0,0,412857,1,20219,1,3517,1,7114,1,22453,1,423107,1,33284,1,17038,1,36,1,9559,1,4521,1,17074,1,9559,1,48,1,1240,1,1,1,0,1
381,4189700,4521,9559,28.990189,,0,11,9,108,30734,1303,4830,4158966,16,185,120,1,30749,1,40,1,466590,1,449397,1,119250,1,3081757,1,11061,1,322743,1,12504,4,537006,4,80285,4,713818,4,1381396,8,2061798,108,28585,24,3256,1,26681,1,2765,1,0,0,0,0,0,0,422846,1,19908,1,3366,1,7234,1,23846,1,408328,1,26982,1,17039,1,36,1,9559,1,4521,1,17075,1,9559,1,48,1,1240,1,1,1,0,1
382,4179900,4521,9559,28.990189,,0,11,9,108,30482,1102,5060,4149418,16,185,30,1,25048,1,50,1,464005,1,449938,1,116445,1,3082789,1,11111,1,313615,1,12534,4,537237,4,80165,4,719569,4,1387357,8,2073351,108,28515,24,3256,1,25219,1,2735,1,0,0,0,0,0,0,423507,1,19959,1,3316,1,7735,1,21652,1,408478,1,25960,1,17038,1,36,1,9559,1,4521,1,17074,1,9559,1,48,1,1240,1,1,1,0,1
383,4170700,4521,9559,28.990189,,0,11,9,108,30801,1203,5230,4139899,16,185,80,1,25038,1,50,1,458485,1,443957,1,116465,1,3084783,1,11041,1,308375,1,12374,4,539982,4,80685,4,721773,4,1388840,8,2076998,108,28385,24,3276,1,25549,1,2725,1,0,0,0,0,0,0,418157,1,19217,1,3447,1,7054,1,20620,1,405643,1,25018,1,17039,1,36,1,9559,1,4521,1,17075,1,9559,1,48,1,1240,1,1,1,0,1
384,4176900,4521,9559,28.990189,,0,11,9,108,31450,1192,5280,4145450,16,185,50,1,25189,1,40,1,465118,1,443496,1,114371,1,3086006,1,11182,1,306732,1,12354,4,541064,4,80776,4,718867,4,1393920,8,2078892,108,28615,24,3246,1,25088,1,2765,1,0,0,0,0,0,0,420121,1,16873,1,3366,1,7144,1,21802,1,410963,1,25028,1,17035,1,36,1,9559,1,4521,1,17071,1,9559,1,48,1,1240,1,1,1,0,1
385,4176300,4521,9559,28.990189,,0,11,9,108,32082,1152,4810,4144218,16,185,60,1,25219,1,110,1,462953,1,458946,1,116465,1,3069333,1,11131,1,306782,1,12594,4,539441,4,80275,4,716052,4,1382698,8,2065265,108,28675,24,3306,1,24307,1,2725,1,0,0,0,0,0,0,433086,1,19147,1,3467,1,6993,1,22403,1,408208,1,25139,1,17034,1,36,1,9559,1,4521,1,17070,1,9559,1,48,1,1240,1,1,1,0,1
386,4178700,4520,9559,28.990189,,0,11,9,108,30795,1313,4981,4147905,16,185,10,1,25219,1,110,1,460950,1,435380,1,116475,1,3098670,1,11091,1,307523,1,12835,4,543559,4,82880,4,734287,4,1385113,8,2085614,108,28806,24,3216,1,25159,1,2785,1,0,0,0,0,0,0,409941,1,18917,1,3467,1,7234,1,21872,1,406525,1,25159,1,17032,1,36,1,9559,1,4520,1,17068,1,9559,1,48,1,1240,1,1,1,0,1
387,4283000,4520,9559,28.990189,,0,11,9,108,32687,1363,7866,4250313,16,185,170,1,30499,1,80,1,494595,1,447594,1,118489,1,3144759,1,14127,1,327392,1,13466,4,537247,4,79924,4,723566,4,1420471,8,2106394,108,29777,24,4338,1,33795,1,3196,1,0,0,0,0,0,0,420802,1,19989,1,3547,1,6883,1,22934,1,437164,1,27223,1,17041,1,36,1,9559,1,4520,1,17077,1,9559,1,48,1,1240,1,1,1,0,1
388,4233300,4520,9559,28.990189,,0,11,9,108,30359,1272,5201,4202941,16,185,170,1,30379,1,30,1,468113,1,480958,1,119390,1,3092879,1,11021,1,307654,1,12684,4,540383,4,80345,4,724909,4,1393149,8,2083961,108,28896,24,3266,1,26421,1,2795,1,0,0,0,0,0,0,454397,1,19738,1,3507,1,6523,1,23706,1,409350,1,28265,1,17036,1,36,1,9559,1,4520,1,17072,1,9559,1,48,1,1240,1,1,1,0,1
389,4191400,4520,9559,28.990189,,0,11,9,108,30490,1082,5060,4160910,16,185,60,1,25068,1,40,1,462302,1,454607,1,118439,1,3089312,1,11081,1,309227,1,12514,4,539992,4,79974,4,721913,4,1393589,8,2081387,108,29056,24,3166,1,25048,1,2805,1,0,0,0,0,0,0,428527,1,19468,1,3477,1,6392,1,22012,1,407176,1,26551,1,17035,1,36,1,9559,1,4520,1,17071,1,9559,1,48,1,1240,1,1,1,0,1
390,4193800,4521,9559,28.990189,,0,11,9,108,30295,1182,5260,4163505,16,185,50,1,25329,1,30,1,460549,1,456471,1,118409,1,3091566,1,11101,1,309167,1,12604,4,539631,4,80515,4,726502,4,1390694,8,2082930,108,29006,24,3266,1,25249,1,2755,1,0,0,0,0,0,0,429329,1,20490,1,3437,1,6863,1,21862,1,406314,1,25339,1,17036,1,36,1,9559,1,4521,1,17072,1,9559,1,48,1,1240,1,1,1,0,1
391,4200800,4521,9559,28.990189,,0,11,9,108,30181,1182,5451,4170619,16,185,50,1,25189,1,40,1,461350,1,455579,1,118769,1,3098650,1,10991,1,307083,1,12444,4,544851,4,80485,4,723536,4,1396966,8,2086185,108,28866,24,3276,1,26000,1,2825,1,0,0,0,0,0,0,429920,1,18826,1,3577,1,7034,1,21692,1,407526,1,24948,1,17038,1,36,1,9559,1,4521,1,17074,1,9559,1,48,1,1240,1,1,1,0,1
392,4337800,4521,9559,28.990189,,0,11,9,108,30327,1252,4960,4307473,16,185,130,1,24828,1,50,1,459316,1,453185,1,117837,1,3240975,1,11152,1,306001,1,13536,4,540112,4,86337,4,805294,4,1448465,8,2219152,108,29647,24,4078,1,33124,1,2775,1,0,0,0,0,0,0,427565,1,19027,1,3477,1,6873,1,20850,1,406244,1,25169,1,17037,1,36,1,9559,1,4521,1,17073,1,9559,1,48,1,1240,1,1,1,0,1
393,4234200,4521,9559,28.990189,,0,11,9,108,31569,1203,5582,4202631,16,185,250,1,25429,1,60,1,466991,1,449648,1,119551,1,3129329,1,11372,1,333413,1,13115,4,539692,4,80505,4,725951,4,1399651,8,2091085,108,28936,24,3286,1,29737,1,2775,1,0,0,0,0,0,0,420331,1,22564,1,3497,1,7064,1,21301,1,411514,1,26862,1,17037,1,36,1,9559,1,4521,1,17073,1,9559,1,48,1,1240,1,1,1,0,1
394,4194500,4521,9559,28.990189,,0,11,9,108,29883,1082,5291,4164617,16,185,60,1,25409,1,60,1,467242,1,447995,1,118559,1,3094041,1,11252,1,313966,1,12304,4,539802,4,80435,4,723707,4,1390483,8,2080865,108,28034,24,3326,1,26181,1,2755,1,0,0,0,0,0,0,421954,1,19297,1,3477,1,6963,1,22824,1,412005,1,25279,1,17037,1,36,1,9559,1,4521,1,17073,1,9559,1,48,1,1240,1,1,1,0,1
395,4248500,4520,9559,28.990189,,0,11,9,108,29909,1173,5351,4218591,16,185,30,1,25459,1,50,1,463224,1,450339,1,118038,1,3150280,1,11172,1,309928,1,12594,4,539792,4,80896,4,771168,4,1401184,8,2138136,108,28866,24,3336,1,27463,1,2745,1,0,0,0,0,0,0,424189,1,19237,1,3717,1,6883,1,23085,1,407897,1,25159,1,17037,1,36,1,9559,1,4520,1,17073,1,9559,1,48,1,1240,1,1,1,0,1
396,4172700,4520,9559,28.990189,,0,11,9,108,30486,1092,4899,4142214,16,185,30,1,25118,1,50,1,463244,1,442895,1,116986,1,3082809,1,11081,1,305550,1,12594,4,539030,4,80495,4,715741,4,1396836,8,2078311,108,29367,24,3286,1,25419,1,2765,1,0,0,0,0,0,0,417295,1,19137,1,3377,1,6883,1,21642,1,407827,1,26742,1,17037,1,36,1,9559,1,4520,1,17073,1,9559,1,48,1,1240,1,1,1,0,1
397,4191800,4520,9559,28.990189,,0,11,9,108,29978,1212,5240,4161822,16,185,60,1,25279,1,40,1,463474,1,441402,1,118138,1,3102287,1,11142,1,308596,1,12664,4,539661,4,80936,4,722344,4,1406074,8,2093821,108,29357,24,3206,1,24888,1,2705,1,0,0,0,0,0,0,414871,1,19758,1,3607,1,6643,1,23215,1,408408,1,25038,1,17035,1,36,1,9559,1,4520,1,17071,1,9559,1,48,1,1240,1,1,1,0,1
398,4188500,4520,9559,28.990187,,0,11,9,108,30135,1112,5601,4158365,16,185,50,1,25199,1,50,1,466410,1,438707,1,118228,1,3098670,1,11051,1,304197,1,12644,4,540663,4,80625,4,722815,4,1404911,8,2092959,108,29166,24,3256,1,25730,1,2715,1,0,0,0,0,0,0,412195,1,19888,1,3517,1,6462,1,23044,1,409911,1,26802,1,17035,1,36,1,9559,1,4520,1,17071,1,9559,1,48,1,1240,1,1,1,0,1
399,4194400,4519,9559,28.990181,,0,11,9,108,31035,1132,5271,4163365,16,185,50,1,25399,1,30,1,461811,1,450039,1,117256,1,3097748,1,11031,1,306371,1,12745,4,539842,4,80535,4,725650,4,1399942,8,2091165,108,29156,24,3276,1,25499,1,2755,1,0,0,0,0,0,0,426473,1,16792,1,3627,1,6442,1,22443,1,407637,1,25118,1,17033,1,36,1,9559,1,4519,1,17069,1,9559,1,48,1,1240,1,1,1,0,1
400,4178400,4520,9559,28.990177,,0,11,9,108,30796,1192,5571,4147604,16,185,50,1,25018,1,60,1,464717,1,439308,1,118218,1,3089102,1,11131,1,308525,1,12705,4,540122,4,80375,4,718106,4,1396846,8,2079943,108,29437,24,3236,1,25239,1,2755,1,0,0,0,0,0,0,413288,1,19397,1,3537,1,6673,1,22373,1,410292,1,25239,1,17036,1,36,1,9559,1,4520,1,17072,1,9559,1,48,1,1240,1,1,1,0,1
401,4178100,4520,9559,28.990183,,0,11,9,108,30676,1152,5171,4147424,16,185,160,1,25690,1,50,1,461190,1,439077,1,117206,1,3092969,1,11081,1,306001,1,12524,4,538960,4,80435,4,720611,4,1402296,8,2088730,108,29006,24,3236,1,24988,1,2765,1,0,0,0,0,0,0,413258,1,19257,1,3457,1,6643,1,21882,1,406975,1,25529,1,17037,1,36,1,9559,1,4520,1,17073,1,9559,1,48,1,1240,1,1,1,0,1
402,4259700,4520,9559,28.990183,,0,11,9,108,30378,1212,5330,4229322,16,185,30,1,25339,1,60,1,462162,1,433537,1,118649,1,3178314,1,11232,1,306702,1,12705,4,541926,4,80626,4,727785,4,1470959,8,2163656,108,29757,24,5290,1,27623,1,3487,1,0,0,0,0,0,0,407997,1,18917,1,3527,1,6773,1,22754,1,406985,1,25479,1,17035,1,36,1,9559,1,4520,1,17071,1,9559,1,48,1,1240,1,1,1,0,1
403,4225800,4520,9559,28.990175,,0,11,9,108,31866,1262,5551,4193934,16,185,210,1,31160,1,90,1,470138,1,450509,1,119621,1,3111094,1,11111,1,316220,1,12624,4,539912,4,80726,4,729688,4,1395523,8,2091105,108,28555,24,3246,1,29086,1,2805,1,0,0,0,0,0,0,423537,1,20309,1,3407,1,6923,1,22914,1,414700,1,25369,1,17037,1,36,1,9559,1,4520,1,17073,1,9559,1,48,1,1240,1,1,1,0,1
404,4219800,4520,9559,28.990175,,0,11,9,108,31187,1142,5411,4188613,16,185,50,1,25319,1,40,1,467592,1,466881,1,119170,1,3098450,1,11111,1,309056,1,12514,4,538239,4,80225,4,723767,4,1402046,8,2091315,108,29086,24,3186,1,25469,1,2805,1,0,0,0,0,0,0,439228,1,20630,1,3747,1,6352,1,22193,1,413568,1,25289,1,17040,1,36,1,9559,1,4520,1,17076,1,9559,1,48,1,1240,1,1,1,0,1
405,4192600,4520,9559,28.990175,,0,11,9,108,31009,1012,5461,4161591,16,185,50,1,25389,1,40,1,460378,1,443867,1,118940,1,3101816,1,11111,1,307143,1,12534,4,539842,4,80225,4,723206,4,1405392,8,2094422,108,28715,24,3216,1,26501,1,2745,1,0,0,0,0,0,0,417806,1,19407,1,3437,1,6693,1,22554,1,406094,1,24878,1,17041,1,36,1,9559,1,4520,1,17077,1,9559,1,48,1,1240,1,1,1,0,1
406,4391000,4520,9559,28.99018,,0,11,9,108,31155,1292,4960,4359845,16,185,70,1,25419,1,30,1,461871,1,445670,1,117196,1,3298236,1,11352,1,305820,1,12564,4,581222,4,80155,4,780306,4,1502160,8,2248590,108,28916,24,3747,1,28234,1,2735,1,0,0,0,0,0,0,420031,1,19077,1,3447,1,6623,1,22343,1,407386,1,25349,1,17034,1,36,1,9559,1,4520,1,17070,1,9559,1,48,1,1240,1,1,1,0,1
407,4340200,4519,9559,28.99018,,0,11,9,108,31635,1202,5350,4308565,16,185,170,1,30749,1,30,1,528039,1,444047,1,140742,1,3153626,1,11162,1,356839,1,12554,4,538379,4,79944,4,726021,4,1405913,8,2096546,108,30038,24,3747,1,26271,1,2755,1,0,0,0,0,0,0,416183,1,20540,1,3898,1,7404,1,25419,1,462122,1,32823,1,17032,1,36,1,9559,1,4519,1,17068,1,9559,1,48,1,1240,1,1,1,0,1
408,4202000,4519,9559,28.99018,,0,11,9,108,30480,1042,5211,4171520,16,185,40,1,25209,1,30,1,465939,1,447484,1,118018,1,3103780,1,11021,1,307854,1,12855,4,540423,4,80475,4,728476,4,1401224,8,2096365,108,28124,24,3316,1,25379,1,2735,1,0,0,0,0,0,0,422375,1,18315,1,3557,1,6262,1,22544,1,411644,1,25319,1,17033,1,36,1,9559,1,4519,1,17069,1,9559,1,48,1,1240,1,1,1,0,1
409,4186600,4518,9559,28.99018,,0,11,9,108,32433,1262,5171,4154167,16,185,60,1,25419,1,50,1,464096,1,438977,1,119220,1,3095253,1,11091,1,306461,1,12785,4,539702,4,80736,4,717475,4,1405222,8,2089311,108,28214,24,3246,1,25619,1,2745,1,0,0,0,0,0,0,412586,1,19708,1,3497,1,6623,1,22894,1,409180,1,25229,1,17035,1,36,1,9559,1,4518,1,17071,1,9559,1,48,1,1240,1,1,1,0,1
410,4237200,4519,9559,28.99018,,0,11,9,108,30081,1232,5090,4207119,16,185,50,1,25409,1,50,1,462994,1,457232,1,118489,1,3131794,1,11101,1,308075,1,13065,4,566854,4,80475,4,728506,4,1401735,8,2096446,108,28705,24,3316,1,25760,1,2775,1,0,0,0,0,0,0,430862,1,19718,1,3497,1,6813,1,22033,1,408548,1,25429,1,17035,1,36,1,9559,1,4519,1,17071,1,9559,1,48,1,1240,1,1,1,0,1
411,4193400,4519,9559,28.99018,,0,11,9,108,30586,1082,5220,4162814,16,185,70,1,25279,1,50,1,467793,1,445430,1,118078,1,3095033,1,11081,1,309798,1,12584,4,541174,4,80876,4,721993,4,1395413,8,2083832,108,28355,24,3186,1,26181,1,2745,1,0,0,0,0,0,0,419179,1,19718,1,3427,1,7244,1,22714,1,412346,1,25289,1,17032,1,36,1,9559,1,4519,1,17068,1,9559,1,48,1,1240,1,1,1,0,1
412,4198700,4519,9559,28.99018,,0,11,9,108,31528,1092,5301,4167172,16,185,50,1,25279,1,50,1,466881,1,459216,1,117988,1,3086617,1,11091,1,306411,1,12594,4,540082,4,80275,4,722504,4,1392527,8,2081547,108,28184,24,3206,1,25169,1,2755,1,0,0,0,0,0,0,433567,1,19127,1,3326,1,6993,1,23325,1,409350,1,27002,1,17038,1,36,1,9559,1,4519,1,17074,1,9559,1,48,1,1240,1,1,1,0,1
413,4192900,4519,9559,28.99018,,0,11,9,108,30166,1122,4951,4162734,16,185,80,1,25179,1,50,1,463164,1,438847,1,118539,1,3105704,1,11172,1,306942,1,12715,4,540353,4,80415,4,729077,4,1404080,8,2099831,108,28375,24,3216,1,25038,1,2745,1,0,0,0,0,0,0,412416,1,19638,1,3577,1,7144,1,22343,1,408408,1,25068,1,17039,1,36,1,9559,1,4519,1,17075,1,9559,1,48,1,1240,1,1,1,0,1
414,4195800,4519,9559,28.99018,,0,11,9,108,30441,1082,5080,4165359,16,185,60,1,25379,1,50,1,464156,1,447043,1,117687,1,3099822,1,11162,1,304147,1,12694,4,539441,4,80495,4,723997,4,1406314,8,2096726,108,28505,24,3517,1,25379,1,2755,1,0,0,0,0,0,0,421784,1,18646,1,3417,1,6773,1,22093,1,409751,1,25339,1,17036,1,36,1,9559,1,4519,1,17072,1,9559,1,48,1,1240,1,1,1,0,1
415,4246100,4519,9559,28.99018,,0,11,9,108,32619,1292,6623,4213481,16,185,271,1,31020,1,80,1,494564,1,452914,1,115052,1,3105583,1,13997,1,308646,1,12654,4,537668,4,80596,4,724027,4,1407667,8,2096736,108,28335,24,3617,1,26601,1,2815,1,0,0,0,0,0,0,425832,1,20309,1,3527,1,7174,1,23135,1,422986,1,35348,1,17039,1,36,1,9559,1,4519,1,17075,1,9559,1,48,1,1240,1,1,1,0,1
416,4228300,4519,9559,28.99018,,0,11,9,108,32122,1292,5020,4196178,16,185,170,1,30449,1,110,1,481449,1,447223,1,118849,1,3107247,1,10681,1,332371,1,12524,4,540002,4,80024,4,724087,4,1386195,8,2077078,108,28184,24,3637,1,24367,1,2745,1,0,0,0,0,0,0,420622,1,19728,1,3617,1,7184,1,23505,1,423417,1,27022,1,17037,1,36,1,9559,1,4519,1,17073,1,9559,1,48,1,1240,1,1,1,0,1
417,4259700,4519,9559,28.990177,,0,11,9,108,31761,1152,4940,4227939,16,185,30,1,30539,1,40,1,468524,1,453104,1,120462,1,3143977,1,11262,1,309668,1,12805,4,537147,4,81247,4,716212,4,1451481,8,2133477,108,29276,24,3176,1,27764,1,3326,1,0,0,0,0,0,0,427595,1,18746,1,3507,1,6493,1,22684,1,412135,1,27002,1,17035,1,36,1,9559,1,4519,1,17071,1,9559,1,48,1,1240,1,1,1,0,1
418,4216100,4519,9559,28.990175,,0,11,9,108,31514,1112,5160,4184586,16,185,40,1,25209,1,541,1,462913,1,457573,1,118659,1,3108519,1,11131,1,319567,1,12895,4,540002,4,80225,4,722013,4,1397707,8,2086477,108,28084,24,3196,1,28996,1,2805,1,0,0,0,0,0,0,430210,1,20349,1,3707,1,6773,1,22634,1,408027,1,25289,1,17035,1,36,1,9559,1,4519,1,17071,1,9559,1,48,1,1240,1,1,1,0,1
419,4208000,4519,9559,28.990168,,0,11,9,108,31610,1122,5191,4176390,16,185,40,1,25219,1,110,1,465629,1,448796,1,119320,1,3106295,1,10981,1,311892,1,12674,4,540473,4,80535,4,719118,4,1409089,8,2094481,108,28535,24,3417,1,25189,1,2785,1,0,0,0,0,0,0,422706,1,19367,1,3537,1,6603,1,22724,1,410863,1,25279,1,17035,1,36,1,9559,1,4519,1,17071,1,9559,1,48,1,1240,1,1,1,0,1
420,4206800,4519,9559,28.990166,,0,11,9,108,30951,1062,5171,4175849,16,185,70,1,25289,1,40,1,463484,1,446041,1,118398,1,3111515,1,11011,1,308936,1,12624,4,540523,4,80515,4,729398,4,1407005,8,2102457,108,28776,24,3216,1,25479,1,2755,1,0,0,0,0,0,0,420241,1,19157,1,3467,1,6332,1,22223,1,409590,1,25189,1,17037,1,36,1,9559,1,4519,1,17073,1,9559,1,48,1,1240,1,1,1,0,1
421,4388200,4520,9559,28.990166,,0,11,9,108,37795,1493,8747,4350405,16,185,150,1,30539,1,70,1,479826,1,451265,1,118238,1,3259385,1,10931,1,330558,1,13737,4,596862,4,81176,4,735870,4,1465864,8,2162939,108,30048,24,3807,1,27202,1,2815,1,0,0,0,0,0,0,426668,1,17263,1,3888,1,6032,1,23285,1,423888,1,26281,1,17036,1,36,1,9559,1,4520,1,17072,1,9559,1,48,1,1240,1,1,1,0,1
422,4254500,4519,9559,28.990166,,0,11,9,108,31745,1132,5151,4222755,16,185,90,1,30379,1,50,1,479425,1,461836,1,124180,1,3115723,1,11071,1,331460,1,12815,4,549470,4,79904,4,717815,4,1392137,8,2076757,108,28044,24,3226,1,24968,1,2795,1,0,0,0,0,0,0,437439,1,17704,1,3487,1,6152,1,23726,1,420762,1,28555,1,17040,1,36,1,9559,1,4519,1,17076,1,9559,1,48,1,1240,1,1,1,0,1
423,4198300,4519,9559,28.990166,,0,11,9,108,30607,1072,5561,4167693,16,185,160,1,25349,1,50,1,464887,1,455409,1,118629,1,3091997,1,11212,1,305379,1,12735,4,540012,4,80375,4,721302,4,1400212,8,2087779,108,28174,24,3336,1,24788,1,2785,1,0,0,0,0,0,0,428236,1,20389,1,3597,1,6903,1,22403,1,410192,1,25169,1,17038,1,36,1,9559,1,4519,1,17074,1,9559,1,48,1,1240,1,1,1,0,1
424,4201400,4519,9559,28.990166,,0,11,9,108,30551,1092,5611,4170849,16,185,110,1,25299,1,70,1,467763,1,452383,1,119380,1,3094672,1,11172,1,307173,1,12705,4,538790,4,80215,4,721993,4,1400874,8,2089372,108,27884,24,3286,1,25770,1,2775,1,0,0,0,0,0,0,425401,1,20229,1,3557,1,6773,1,22243,1,413087,1,25399,1,17033,1,36,1,9559,1,4519,1,17069,1,9559,1,48,1,1240,1,1,1,0,1
425,4236200,4518,9559,28.990166,,0,11,9,108,34070,1433,7725,4202130,16,185,160,1,30579,1,60,1,477471,1,455900,1,118940,1,3105032,1,13987,1,313235,1,12564,4,540593,4,80485,4,725380,4,1398689,8,2088400,108,27944,24,3356,1,26481,1,2815,1,0,0,0,0,0,0,430240,1,18536,1,3597,1,6422,1,23495,1,420131,1,27152,1,17035,1,36,1,9559,1,4518,1,17071,1,9559,1,48,1,1240,1,1,1,0,1
426,4186100,4520,9559,28.990166,,0,11,9,108,29408,1152,5531,4156692,16,185,120,1,30339,1,50,1,470087,1,447634,1,117857,1,3079503,1,11101,1,307002,1,12925,4,541625,4,80054,4,720811,4,1384352,8,2071117,108,28515,24,3296,1,25539,1,2745,1,0,0,0,0,0,0,420181,1,20740,1,3497,1,6533,1,23335,1,411845,1,28194,1,17037,1,36,1,9559,1,4520,1,17073,1,9559,1,48,1,1240,1,1,1,0,1
427,4181800,4519,9559,28.990158,,0,11,9,108,30308,1082,5451,4151492,16,185,60,1,25319,1,60,1,462743,1,444097,1,118358,1,3089623,1,11232,1,307012,1,12524,4,539641,4,80806,4,722404,4,1395052,8,2083922,108,28084,24,3196,1,25139,1,2765,1,0,0,0,0,0,0,417686,1,19608,1,3537,1,6382,1,22463,1,408639,1,25098,1,17037,1,36,1,9559,1,4519,1,17073,1,9559,1,48,1,1240,1,1,1,0,1
428,4233100,4519,9559,28.990158,,0,11,9,108,29798,1092,5201,4203302,16,185,70,1,25269,1,70,1,467522,1,435320,1,117847,1,3146102,1,11101,1,306792,1,12574,4,541194,4,82940,4,770116,4,1399932,8,2136102,108,28745,24,3256,1,25399,1,2805,1,0,0,0,0,0,0,409180,1,19628,1,3397,1,6503,1,22694,1,412185,1,25960,1,17033,1,36,1,9559,1,4519,1,17069,1,9559,1,48,1,1240,1,1,1,0,1
429,4189100,4519,9559,28.990156,,0,11,9,108,31867,1172,5051,4157233,16,185,60,1,25058,1,30,1,465268,1,441512,1,117226,1,3097087,1,10991,1,307924,1,12694,4,540423,4,80495,4,722995,4,1399731,8,2089492,108,28184,24,3256,1,25639,1,2755,1,0,0,0,0,0,0,415853,1,19007,1,3437,1,6793,1,22353,1,410963,1,24968,1,17037,1,36,1,9559,1,4519,1,17073,1,9559,1,48,1,1240,1,1,1,0,1
430,4159200,4518,9559,28.990152,,0,11,9,108,31254,1152,5250,4127946,16,185,50,1,25239,1,40,1,461471,1,441612,1,116274,1,3072139,1,11121,1,304568,1,12634,4,537177,4,81567,4,719589,4,1384322,8,2070846,108,27814,24,3216,1,25189,1,2725,1,0,0,0,0,0,0,416163,1,18906,1,3397,1,6533,1,22634,1,406985,1,25118,1,17037,1,36,1,9559,1,4518,1,17073,1,9559,1,48,1,1240,1,1,1,0,1
431,4179100,4518,9559,28.990156,,0,11,9,108,30533,1172,5040,4148567,16,185,70,1,25249,1,130,1,463164,1,444668,1,117236,1,3087108,1,10941,1,306572,1,12915,4,541335,4,80586,4,719959,4,1393810,8,2080735,108,27994,24,3326,1,24708,1,2725,1,0,0,0,0,0,0,419079,1,19017,1,3407,1,6533,1,21812,1,409550,1,25098,1,17039,1,36,1,9559,1,4518,1,17075,1,9559,1,48,1,1240,1,1,1,0,1
432,4255700,4518,9559,28.990158,,0,11,9,108,31087,1202,4228,4224613,16,185,40,1,30419,1,40,1,471831,1,447995,1,115814,1,3147775,1,10701,1,308776,1,13035,4,545944,4,80856,4,719148,4,1448215,8,2134509,108,28625,24,3366,1,24447,1,2785,1,0,0,0,0,0,0,421704,1,19538,1,3597,1,6803,1,23325,1,414520,1,26982,1,17043,1,36,1,9559,1,4518,1,17079,1,9559,1,48,1,1240,1,1,1,0,1
433,4233000,4518,9559,28.990156,,0,11,9,108,34592,1263,5131,4198408,16,185,130,1,25229,1,40,1,469887,1,439368,1,115623,1,3136959,1,11172,1,306471,1,13185,4,561814,4,80064,4,744181,4,1399190,8,2110267,108,27974,24,3236,1,24758,1,2795,1,0,0,0,0,0,0,414921,1,17905,1,3447,1,6803,1,22784,1,415241,1,24868,1,17044,1,36,1,9559,1,4518,1,17080,1,9559,1,48,1,1240,1,1,1,0,1
434,4248900,4518,9559,28.990156,,0,11,9,108,31782,1282,4470,4217118,16,185,160,1,30920,1,80,1,489374,1,460068,1,118008,1,3105122,1,13386,1,313976,1,12845,4,539842,4,83471,4,736652,4,1385103,8,2088069,108,29216,24,3276,1,25880,1,2795,1,0,0,0,0,0,0,433026,1,20109,1,3677,1,6923,1,23034,1,426092,1,32984,1,17043,1,36,1,9559,1,4518,1,17079,1,9559,1,48,1,1240,1,1,1,0,1
435,4202300,4519,9559,28.990156,,0,11,9,108,31361,1142,4540,4170939,16,185,180,1,30008,1,100,1,470338,1,449658,1,115473,1,3094201,1,10981,1,306992,1,12494,4,537708,4,82730,4,722344,4,1398218,8,2087918,108,28104,24,3336,1,26451,1,2785,1,0,0,0,0,0,0,423477,1,19297,1,3697,1,6252,1,23105,1,412716,1,28044,1,17046,1,36,1,9559,1,4519,1,17082,1,9559,1,48,1,1240,1,1,1,0,1
436,4169700,4519,9559,28.990156,,0,11,9,108,31183,1072,4679,4138517,16,185,30,1,25118,1,40,1,464657,1,449317,1,115553,1,3072950,1,10851,1,305740,1,12544,4,540493,4,79984,4,712004,4,1389602,8,2068251,108,28675,24,3427,1,25309,1,2775,1,0,0,0,0,0,0,423557,1,19207,1,3517,1,6372,1,22153,1,409580,1,26391,1,17044,1,36,1,9559,1,4519,1,17080,1,9559,1,48,1,1240,1,1,1,0,1
437,4214700,4519,9559,28.990156,,0,11,9,108,31206,1232,5301,4183494,16,185,200,1,30639,1,60,1,472071,1,446111,1,119020,1,3104381,1,11011,1,310970,1,12935,4,539221,4,81688,4,729277,4,1397537,8,2093580,108,27934,24,3216,1,25529,1,2775,1,0,0,0,0,0,0,419349,1,20179,1,3437,1,6993,1,22994,1,414700,1,27122,1,17045,1,36,1,9559,1,4519,1,17081,1,9559,1,48,1,1240,1,1,1,0,1
438,4172800,4519,9559,28.990156,,0,11,9,108,30095,1212,5150,4142705,16,185,50,1,25389,1,30,1,468123,1,440210,1,119060,1,3078822,1,11021,1,306542,1,12574,4,539431,4,79664,4,716032,4,1392718,8,2075886,108,27713,24,3236,1,24648,1,2765,1,0,0,0,0,0,0,413528,1,19989,1,3557,1,6793,1,22453,1,413318,1,25339,1,17044,1,36,1,9559,1,4519,1,17080,1,9559,1,48,1,1240,1,1,1,0,1
439,4181600,4520,9559,28.990156,,0,11,9,108,29968,1152,4679,4151632,16,185,40,1,25078,1,30,1,463204,1,439729,1,116795,1,3095734,1,11021,1,305500,1,12765,4,540132,4,80225,4,725210,4,1401084,8,2093049,108,28565,24,3236,1,23696,1,2735,1,0,0,0,0,0,0,413518,1,19488,1,3577,1,6332,1,21952,1,408558,1,26181,1,17047,1,36,1,9559,1,4520,1,17083,1,9559,1,48,1,1240,1,1,1,0,1
440,4220800,4521,9559,28.990154,,0,11,9,108,31916,1142,4960,4188884,16,185,30,1,25169,1,40,1,462462,1,484074,1,117397,1,3088561,1,11152,1,303406,1,12875,4,540303,4,80475,4,725190,4,1393579,8,2085394,108,28415,24,3256,1,25569,1,2765,1,0,0,0,0,0,0,459727,1,17734,1,3437,1,6653,1,20880,1,408468,1,26271,1,17049,1,36,1,9559,1,4521,1,17085,1,9559,1,48,1,1240,1,1,1,0,1
441,4196000,4521,9559,28.990154,,0,11,9,108,31082,1172,4619,4164918,16,185,140,1,30709,1,80,1,474195,1,444869,1,116745,1,3084222,1,13957,1,311591,1,12725,4,541505,4,80636,4,720691,4,1383791,8,2072159,108,27703,24,3397,1,25950,1,2765,1,0,0,0,0,0,0,418508,1,19568,1,3527,1,6122,1,22574,1,416454,1,28846,1,17052,1,36,1,9559,1,4521,1,17088,1,9559,1,48,1,1240,1,1,1,0,1
442,4180700,4522,9559,28.990156,,0,11,9,108,30390,1232,5491,4150310,16,185,180,1,30679,1,30,1,464717,1,436643,1,119140,1,3087789,1,11131,1,312703,1,12915,4,539591,4,80135,4,719799,4,1389682,8,2076076,108,27914,24,3266,1,25690,1,2775,1,0,0,0,0,0,0,410753,1,19067,1,3657,1,6092,1,22784,1,409160,1,26511,1,17054,1,36,1,9559,1,4522,1,17090,1,9559,1,48,1,1240,1,1,1,0,1
443,4175200,4523,9559,28.990156,,0,11,9,108,30311,1232,5041,4144889,16,185,30,1,25219,1,40,1,465378,1,437264,1,118068,1,3087438,1,11452,1,307734,1,12534,4,539251,4,80385,4,727324,4,1387668,8,2082278,108,27673,24,3246,1,25299,1,2765,1,0,0,0,0,0,0,411745,1,19027,1,3377,1,6062,1,21702,1,410552,1,26862,1,17056,1,36,1,9559,1,4523,1,17092,1,9559,1,48,1,1240,1,1,1,0,1
444,4172300,4524,9559,28.990156,,0,11,9,108,30417,1162,5781,4141883,16,185,190,1,25098,1,40,1,463184,1,436031,1,117116,1,3089072,1,11152,1,307814,1,12384,4,540373,4,81107,4,721542,4,1392978,8,2080796,108,27944,24,3186,1,25720,1,2805,1,0,0,0,0,0,0,410322,1,19017,1,3567,1,6493,1,21922,1,409350,1,25159,1,17049,1,36,1,9559,1,4524,1,17085,1,9559,1,48,1,1240,1,1,1,0,1
445,4174300,4523,9559,28.990156,,0,11,9,108,30012,1152,5341,4144288,16,185,40,1,25399,1,40,1,468103,1,451541,1,117387,1,3070676,1,11101,1,305550,1,12624,4,537337,4,80445,4,718457,4,1383831,8,2069403,108,27543,24,3266,1,25269,1,2745,1,0,0,0,0,0,0,424930,1,20019,1,3427,1,7034,1,22353,1,411755,1,26772,1,17046,1,36,1,9559,1,4523,1,17082,1,9559,1,48,1,1240,1,1,1,0,1
446,4169400,4522,9559,28.990156,,0,11,9,108,30412,1122,5050,4138988,16,185,40,1,25169,1,40,1,463785,1,438466,1,117938,1,3082349,1,11202,1,308265,1,12464,4,540924,4,80586,4,719218,4,1388540,8,2074793,108,27914,24,3256,1,25249,1,2725,1,0,0,0,0,0,0,412596,1,19367,1,3366,1,6993,1,22223,1,409420,1,24988,1,17048,1,36,1,9559,1,4522,1,17084,1,9559,1,48,1,1240,1,1,1,0,1
447,4307200,4523,9559,28.990156,,0,11,9,108,34620,1373,4630,4272580,16,185,160,1,31150,1,70,1,483513,1,452348,1,118549,1,3173645,1,13145,1,321390,1,13957,4,552687,4,81718,4,722835,4,1446792,8,2136132,108,28866,24,3888,1,26221,1,2785,1,0,0,0,0,0,0,428201,1,17123,1,3607,1,6963,1,21732,1,422505,1,32002,1,17048,1,36,1,9559,1,4523,1,17084,1,9559,1,48,1,1240,1,1,1,0,1
448,4183700,4523,9559,28.990156,,0,11,9,108,31867,1212,4869,4151833,16,185,40,1,30439,1,40,1,468264,1,440500,1,121555,1,3079954,1,11041,1,317573,1,12424,4,537658,4,79834,4,716102,4,1383700,8,2067169,108,27764,24,3166,1,25549,1,2735,1,0,0,0,0,0,0,413799,1,19818,1,3627,1,6513,1,23145,1,411254,1,27122,1,17052,1,36,1,9559,1,4523,1,17088,1,9559,1,48,1,1240,1,1,1,0,1
449,4170800,4522,9559,28.990156,,0,11,9,108,30059,1222,5060,4140741,16,185,50,1,25159,1,30,1,461461,1,438276,1,117246,1,3087408,1,11111,1,306281,1,12554,4,537167,4,80044,4,727574,4,1391566,8,2086236,108,27844,24,3196,1,25028,1,2775,1,0,0,0,0,0,0,412757,1,18957,1,3397,1,6883,1,21491,1,407917,1,24968,1,17048,1,36,1,9559,1,4522,1,17084,1,9559,1,48,1,1240,1,1,1,0,1
450,4185400,4522,9559,28.990156,,0,11,9,108,31013,1182,5190,4154387,16,185,60,1,25028,1,110,1,459667,1,439007,1,117948,1,3101235,1,11332,1,308105,1,12564,4,540443,4,80525,4,721923,4,1405392,8,2093971,108,28154,24,3206,1,25149,1,2745,1,0,0,0,0,0,0,413077,1,19117,1,3557,1,6643,1,20770,1,407176,1,24928,1,17047,1,36,1,9559,1,4522,1,17083,1,9559,1,48,1,1240,1,1,1,0,1
451,4371300,4523,9559,28.990152,,0,11,9,108,30743,1272,3819,4340557,16,185,50,1,25499,1,40,1,464126,1,446161,1,118268,1,3275361,1,11051,1,305860,1,13747,4,542657,4,85405,4,780376,4,1511307,8,2255511,108,32352,24,4128,1,27834,1,2775,1,0,0,0,0,0,0,420131,1,19347,1,3587,1,6723,1,22694,1,408088,1,26471,1,17051,1,36,1,9559,1,4523,1,17087,1,9559,1,48,1,1240,1,1,1,0,1
452,4330600,4523,9559,28.99015,,0,11,9,108,30972,1222,5080,4299628,16,185,50,1,25078,1,100,1,465999,1,489645,1,117877,1,3189505,1,11372,1,318435,1,12484,4,542387,4,80716,4,753424,4,1445790,8,2165429,108,28705,24,3326,1,28966,1,2755,1,0,0,0,0,0,0,462292,1,20610,1,3356,1,6072,1,23305,1,409130,1,27293,1,17048,1,36,1,9559,1,4523,1,17084,1,9559,1,48,1,1240,1,1,1,0,1
453,4213800,4522,9559,28.990156,,0,11,9,108,31118,1142,5121,4182682,16,185,40,1,25419,1,50,1,470167,1,441151,1,118308,1,3116555,1,10991,1,312152,1,12574,4,542858,4,80736,4,731041,4,1404801,8,2102737,108,27984,24,3296,1,25169,1,2785,1,0,0,0,0,0,0,416394,1,18175,1,3437,1,6693,1,22944,1,414490,1,25860,1,17047,1,36,1,9559,1,4522,1,17083,1,9559,1,48,1,1240,1,1,1,0,1
454,4254900,4522,9559,28.990156,,0,11,9,108,30316,1413,5131,4224584,16,185,60,1,25219,1,30,1,463234,1,438797,1,117918,1,3168175,1,11152,1,308475,1,12705,4,540453,4,80485,4,727865,4,1460981,8,2154859,108,28856,24,5681,1,26932,1,3186,1,0,0,0,0,0,0,413288,1,18906,1,3447,1,6753,1,22864,1,408368,1,25048,1,17047,1,36,1,9559,1,4522,1,17083,1,9559,1,48,1,1240,1,1,1,0,1
455,4336400,4521,9559,28.990156,,0,11,9,108,34108,1363,5301,4302292,16,185,180,1,25299,1,60,1,506077,1,496226,1,116435,1,3146793,1,11222,1,315509,1,13135,4,567375,4,81046,4,725811,4,1407486,8,2099321,108,28675,24,4168,1,28134,1,2765,1,0,0,0,0,0,0,468313,1,20900,1,3537,1,7144,1,22954,1,450018,1,25609,1,17048,1,36,1,9559,1,4521,1,17084,1,9559,1,48,1,1240,1,1,1,0,1
456,4229000,4522,9559,28.990152,,0,11,9,108,32161,1242,5551,4196839,16,185,90,1,25339,1,50,1,475778,1,450409,1,117126,1,3116935,1,11111,1,312713,1,12404,4,538038,4,80916,4,725260,4,1412296,8,2103489,108,28515,24,3687,1,27573,1,2805,1,0,0,0,0,0,0,424539,1,19167,1,3527,1,7264,1,23135,1,419750,1,25359,1,17047,1,36,1,9559,1,4522,1,17083,1,9559,1,48,1,1240,1,1,1,0,1
457,4217700,4522,9559,28.990152,,0,11,9,108,30710,1152,5060,4186990,16,185,160,1,25279,1,40,1,469767,1,455469,1,115783,1,3109401,1,11091,1,308956,1,12684,4,538660,4,80505,4,724809,4,1411434,8,2102127,108,29056,24,3226,1,25199,1,2775,1,0,0,0,0,0,0,429910,1,18816,1,3537,1,6973,1,22473,1,414911,1,25259,1,17047,1,36,1,9559,1,4522,1,17083,1,9559,1,48,1,1240,1,1,1,0,1
458,4291300,4521,9559,28.990152,,0,11,9,108,30758,1253,4900,4260542,16,185,40,1,25319,1,30,1,468234,1,453475,1,118198,1,3184145,1,11101,1,306712,1,13696,4,542878,4,81737,4,769184,4,1430891,8,2165148,108,30028,24,3717,1,31270,1,2805,1,0,0,0,0,0,0,427445,1,19438,1,3387,1,6493,1,22293,1,412767,1,26481,1,17046,1,36,1,9559,1,4521,1,17082,1,9559,1,48,1,1240,1,1,1,0,1
459,4230000,4523,9559,28.990152,,0,11,9,108,30896,1232,5191,4199104,16,185,170,1,25780,1,30,1,467973,1,447704,1,120793,1,3125592,1,11061,1,330818,1,12604,4,538910,4,82058,4,726542,4,1397307,8,2089892,108,28766,24,3246,1,30118,1,2755,1,0,0,0,0,0,0,419550,1,21532,1,3487,1,6683,1,22002,1,413899,1,25159,1,17055,1,36,1,9559,1,4523,1,17091,1,9559,1,48,1,1240,1,1,1,0,1
460,4178000,4522,9559,28.990152,,0,11,9,108,30366,1132,5641,4147634,16,185,40,1,25319,1,30,1,465208,1,434418,1,118078,1,3093490,1,11051,1,314036,1,12694,4,537798,4,80175,4,720140,4,1395223,8,2081046,108,28675,24,3246,1,26261,1,2785,1,0,0,0,0,0,0,408138,1,19708,1,3457,1,7264,1,21712,1,410813,1,25259,1,17054,1,36,1,9559,1,4522,1,17090,1,9559,1,48,1,1240,1,1,1,0,1
461,4224900,4521,9559,28.990152,,0,11,9,108,30345,1122,5761,4194555,16,185,50,1,25439,1,50,1,464747,1,458144,1,118128,1,3116905,1,11091,1,312082,1,12574,4,539651,4,80676,4,730981,4,1409530,8,2106275,108,28475,24,3306,1,24247,1,2735,1,0,0,0,0,0,0,431904,1,19397,1,3617,1,7374,1,21361,1,410582,1,25259,1,17055,1,36,1,9559,1,4521,1,17091,1,9559,1,48,1,1240,1,1,1,0,1
462,4217200,4522,9559,28.990152,,0,11,9,108,30821,1262,5151,4186379,16,185,40,1,25389,1,50,1,466811,1,472802,1,117617,1,3092598,1,11071,1,306301,1,12825,4,539361,4,80826,4,723887,4,1396836,8,2086816,108,28755,24,3256,1,25249,1,2795,1,0,0,0,0,0,0,448165,1,17985,1,3447,1,7074,1,22413,1,411775,1,25299,1,17060,1,36,1,9559,1,4522,1,17096,1,9559,1,48,1,1240,1,1,1,0,1
463,4195400,4522,9559,28.990152,,0,11,9,108,30552,1182,5331,4164848,16,185,150,1,25088,1,60,1,466180,1,441562,1,118168,1,3102618,1,11021,1,306652,1,12785,4,540613,4,80876,4,724458,4,1403819,8,2093780,108,29166,24,3266,1,26201,1,2765,1,0,0,0,0,0,0,416203,1,18866,1,3447,1,6813,1,22644,1,409811,1,26712,1,17058,1,36,1,9559,1,4522,1,17094,1,9559,1,48,1,1240,1,1,1,0,1
464,4214400,4521,9559,28.990152,,0,11,9,108,33541,1142,5271,4180859,16,185,40,1,25319,1,40,1,463545,1,451321,1,117517,1,3111956,1,11121,1,309086,1,12694,4,540092,4,80676,4,727885,4,1408809,8,2102707,108,28715,24,3296,1,25469,1,2805,1,0,0,0,0,0,0,426132,1,18436,1,3547,1,6362,1,22744,1,408819,1,25439,1,17063,1,36,1,9559,1,4521,1,17099,1,9559,1,48,1,1240,1,1,1,0,1
465,4246600,4523,9559,28.990152,,0,11,9,108,32066,1182,5451,4214534,16,185,40,1,25479,1,40,1,465068,1,446291,1,118539,1,3147905,1,11172,1,306952,1,12694,4,538880,4,80586,4,732423,4,1441682,8,2138987,108,29667,24,3457,1,26481,1,3567,1,0,0,0,0,0,0,420141,1,19427,1,3507,1,6322,1,22213,1,410753,1,25599,1,17062,1,36,1,9559,1,4523,1,17098,1,9559,1,48,1,1240,1,1,1,0,1
466,4221700,4523,9559,28.990147,,0,11,9,108,31994,1453,5190,4189706,16,185,190,1,25399,1,70,1,470498,1,444358,1,117136,1,3121033,1,11021,1,310619,1,12624,4,540223,4,80736,4,730319,4,1413107,8,2108900,108,29337,24,3296,1,25920,1,2735,1,0,0,0,0,0,0,417616,1,19969,1,3577,1,6182,1,22814,1,414991,1,26221,1,17065,1,36,1,9559,1,4523,1,17101,1,9559,1,48,1,1240,1,1,1,0,1
467,4204200,4523,9559,28.990145,,0,11,9,108,31257,1242,5441,4172943,16,185,60,1,25369,1,30,1,466390,1,444969,1,116775,1,3108319,1,11031,1,307173,1,12785,4,540473,4,80746,4,727063,4,1407807,8,2100433,108,28996,24,3336,1,24928,1,2765,1,0,0,0,0,0,0,418918,1,19558,1,3366,1,6743,1,22864,1,411184,1,25429,1,17057,1,36,1,9559,1,4523,1,17093,1,9559,1,48,1,1240,1,1,1,0,1
468,4199300,4523,9559,28.990145,,0,11,9,108,30946,1132,5331,4168354,16,185,40,1,25329,1,90,1,467622,1,439288,1,117206,1,3107517,1,11262,1,306712,1,12935,4,538770,4,80265,4,728857,4,1407366,8,2101766,108,29126,24,3407,1,25329,1,2745,1,0,0,0,0,0,0,413789,1,18756,1,3577,1,6943,1,22273,1,411103,1,27092,1,17059,1,36,1,9559,1,4523,1,17095,1,9559,1,48,1,1240,1,1,1,0,1
469,4215600,4523,9559,28.990139,,0,11,9,108,30353,1192,5351,4185247,16,185,50,1,25429,1,70,1,463074,1,441743,1,128648,1,3115012,1,11222,1,307684,1,12915,4,537688,4,80465,4,725921,4,1419049,8,2111414,108,28204,24,3286,1,24076,1,2735,1,0,0,0,0,0,0,415522,1,19427,1,3637,1,6743,1,21702,1,409009,1,25419,1,17057,1,36,1,9559,1,4523,1,17093,1,9559,1,48,1,1240,1,1,1,0,1
470,4171800,4522,9559,28.990139,,0,11,9,108,30408,1212,4820,4141392,16,185,50,1,25289,1,70,1,464476,1,441973,1,117156,1,3081337,1,11041,1,307574,1,12554,4,538469,4,80295,4,717675,4,1391996,8,2076747,108,28104,24,3266,1,25569,1,2725,1,0,0,0,0,0,0,415702,1,19758,1,3477,1,6583,1,22273,1,409801,1,25629,1,17050,1,36,1,9559,1,4522,1,17086,1,9559,1,48,1,1240,1,1,1,0,1
471,4221000,4521,9559,28.990147,,0,11,9,108,31916,1333,4789,4189084,16,185,160,1,30579,1,80,1,489715,1,434168,1,117427,1,3106215,1,10741,1,322713,1,13306,4,540042,4,80405,4,720460,4,1396425,8,2083040,108,29056,24,3316,1,25459,1,2755,1,0,0,0,0,0,0,406074,1,21011,1,3737,1,6883,1,22714,1,427966,1,31771,1,17051,1,36,1,9559,1,4521,1,17087,1,9559,1,48,1,1240,1,1,1,0,1
472,4189300,4521,9559,28.990149,,0,11,9,108,31526,1132,5131,4157774,16,185,30,1,30198,1,40,1,466991,1,436482,1,118819,1,3094181,1,11031,1,314046,1,12765,4,538229,4,80245,4,723196,4,1393599,8,2082528,108,29136,24,3246,1,24968,1,2755,1,0,0,0,0,0,0,410192,1,19548,1,3497,1,6553,1,23175,1,410212,1,26882,1,17051,1,36,1,9559,1,4521,1,17087,1,9559,1,48,1,1240,1,1,1,0,1
473,4174200,4520,9559,28.990149,,0,11,9,108,29832,1202,5471,4144368,16,185,30,1,25299,1,30,1,463114,1,434769,1,117136,1,3092709,1,11282,1,306491,1,12574,4,537367,4,80425,4,730860,4,1392407,8,2088420,108,29376,24,3206,1,25449,1,2725,1,0,0,0,0,0,0,408989,1,19227,1,3377,1,6763,1,22313,1,408989,1,24878,1,17047,1,36,1,9559,1,4520,1,17083,1,9559,1,48,1,1240,1,1,1,0,1
474,4154900,4520,9559,28.990149,,0,11,9,108,30581,1112,5331,4124319,16,185,50,1,25139,1,50,1,465468,1,439107,1,116194,1,3067059,1,11252,1,305490,1,12684,4,536515,4,81698,4,713397,4,1384953,8,2064404,108,28615,24,3266,1,25189,1,2755,1,0,0,0,0,0,0,413839,1,18856,1,3346,1,7504,1,22373,1,410342,1,25108,1,17048,1,36,1,9559,1,4520,1,17084,1,9559,1,48,1,1240,1,1,1,0,1
475,4156900,4519,9559,28.990149,,0,11,9,108,29064,1132,5491,4127836,16,185,40,1,25249,1,40,1,462462,1,441973,1,116345,1,3070676,1,11051,1,306291,1,12875,4,536295,4,80576,4,713948,4,1388760,8,2068602,108,28615,24,3256,1,24778,1,2765,1,0,0,0,0,0,0,415802,1,19498,1,3457,1,6973,1,21732,1,408258,1,25309,1,17042,1,36,1,9559,1,4519,1,17078,1,9559,1,48,1,1240,1,1,1,0,1
476,4260300,4519,9559,28.990149,,0,11,9,108,34855,1092,5601,4225445,16,185,30,1,25269,1,120,1,465869,1,488202,1,118018,1,3116575,1,11362,1,326921,1,13015,4,539912,4,80365,4,722895,4,1397267,8,2085494,108,29066,24,3276,1,29036,1,2795,1,0,0,0,0,0,0,458655,1,22073,1,3537,1,7184,1,21882,1,411254,1,25329,1,17046,1,36,1,9559,1,4519,1,17082,1,9559,1,48,1,1240,1,1,1,0,1
477,4214700,4519,9559,28.990149,,0,11,9,108,31457,1262,5420,4183243,16,185,120,1,25770,1,40,1,465198,1,464296,1,117567,1,3099181,1,11071,1,315228,1,12775,4,538670,4,80335,4,725139,4,1393159,8,2084453,108,28425,24,3226,1,26581,1,2805,1,0,0,0,0,0,0,438777,1,18836,1,3427,1,6803,1,22654,1,410342,1,25229,1,17047,1,36,1,9559,1,4519,1,17083,1,9559,1,48,1,1240,1,1,1,0,1
478,4168100,4519,9559,28.990145,,0,11,9,108,30866,1222,5091,4137234,16,185,50,1,25369,1,30,1,464226,1,441322,1,116745,1,3078431,1,11061,1,312012,1,12604,4,539080,4,80515,4,715080,4,1386967,8,2068611,108,28345,24,3196,1,24988,1,2765,1,0,0,0,0,0,0,414440,1,20189,1,3527,1,6623,1,22313,1,410021,1,25098,1,17045,1,36,1,9559,1,4519,1,17081,1,9559,1,48,1,1240,1,1,1,0,1
479,4195400,4518,9559,28.99014,,0,11,9,108,32196,1343,4840,4163204,16,185,170,1,31070,1,70,1,480648,1,438917,1,118108,1,3083631,1,10590,1,317964,1,12735,4,538519,4,95905,4,711824,4,1372399,8,2050637,108,28745,24,3627,1,26541,1,2775,1,0,0,0,0,0,0,410783,1,21251,1,3657,1,6873,1,22594,1,423718,1,27223,1,17046,1,36,1,9559,1,4518,1,17082,1,9559,1,48,1,1240,1,1,1,0,1
480,4270600,4517,9559,28.99014,,0,11,9,108,31845,1182,5410,4238755,16,185,200,1,25549,1,50,1,472251,1,434038,1,117146,1,3178349,1,11172,1,305470,1,13276,4,563397,4,80165,4,770192,4,1413688,8,2149714,108,28755,24,3216,1,25008,1,2755,1,0,0,0,0,0,0,408458,1,19037,1,3517,1,6633,1,22113,1,417826,1,25489,1,17049,1,36,1,9559,1,4517,1,17085,1,9559,1,48,1,1240,1,1,1,0,1
481,4210200,4516,9559,28.99014,,0,11,9,108,30534,1142,5471,4179666,16,185,50,1,25499,1,40,1,465619,1,459878,1,117737,1,3099762,1,11081,1,308055,1,12504,4,538870,4,80485,4,725841,4,1401655,8,2093320,108,28705,24,3236,1,25239,1,2735,1,0,0,0,0,0,0,433547,1,19628,1,3497,1,6462,1,20790,1,411514,1,26671,1,17048,1,36,1,9559,1,4516,1,17084,1,9559,1,48,1,1240,1,1,1,0,1
482,4178000,4516,9559,28.99014,,0,11,9,108,30837,1092,5231,4147163,16,185,50,1,25379,1,70,1,467382,1,433637,1,116445,1,3093009,1,11192,1,304858,1,12594,4,537036,4,80696,4,720971,4,1404531,8,2091185,108,29086,24,3246,1,25239,1,2745,1,0,0,0,0,0,0,409931,1,17123,1,3417,1,5992,1,22533,1,413508,1,25139,1,17050,1,36,1,9559,1,4516,1,17086,1,9559,1,48,1,1240,1,1,1,0,1
483,4170400,4516,9559,28.99014,,0,11,9,108,30200,1042,5270,4140200,16,185,170,1,25279,1,40,1,459878,1,450199,1,116445,1,3077098,1,11091,1,305480,1,12674,4,537147,4,80355,4,719519,4,1392036,8,2077479,108,28806,24,3236,1,22874,1,2735,1,0,0,0,0,0,0,424980,1,18506,1,3507,1,6052,1,22093,1,406394,1,25149,1,17050,1,36,1,9559,1,4516,1,17086,1,9559,1,48,1,1240,1,1,1,0,1
484,4239400,4515,9559,28.99014,,0,11,9,108,30287,1122,5150,4209113,16,185,150,1,25149,1,40,1,466350,1,441863,1,116565,1,3147915,1,11081,1,303536,1,13035,4,539311,4,80956,4,726181,4,1452443,8,2144538,108,28936,24,3377,1,25139,1,2815,1,0,0,0,0,0,0,416364,1,18957,1,3457,1,7084,1,22584,1,411053,1,25439,1,17049,1,36,1,9559,1,4515,1,17085,1,9559,1,48,1,1240,1,1,1,0,1
485,4199300,4516,9559,28.99014,,0,11,9,108,30304,1222,5852,4168996,16,185,170,1,25118,1,40,1,463945,1,467763,1,117677,1,3083240,1,11041,1,308576,1,12504,4,537577,4,80315,4,717004,4,1395413,8,2077780,108,28786,24,3226,1,24658,1,2745,1,0,0,0,0,0,0,441161,1,19898,1,3547,1,6773,1,21051,1,410783,1,25149,1,17048,1,36,1,9559,1,4516,1,17084,1,9559,1,48,1,1240,1,1,1,0,1
486,4241700,4514,9559,28.99014,,0,11,9,108,29932,2655,5230,4211768,16,185,50,1,25169,1,40,1,466921,1,439588,1,117256,1,3151632,1,11111,1,302354,1,12855,4,538169,4,80786,4,745208,4,1438306,8,2148817,108,29467,24,3256,1,25279,1,2765,1,0,0,0,0,0,0,413879,1,19107,1,3557,1,7014,1,20910,1,412045,1,26782,1,17044,1,36,1,9559,1,4514,1,17080,1,9559,1,48,1,1240,1,1,1,0,1
487,4195600,4514,9559,28.990133,,0,11,9,108,30432,1132,5471,4165168,16,185,60,1,25229,1,40,1,466520,1,433947,1,116845,1,3111385,1,11142,1,307473,1,12614,4,538549,4,80255,4,729818,4,1410121,8,2105614,108,28856,24,3266,1,25359,1,2795,1,0,0,0,0,0,0,407587,1,19508,1,3647,1,6282,1,21532,1,412115,1,26411,1,17041,1,36,1,9559,1,4514,1,17077,1,9559,1,48,1,1240,1,1,1,0,1
488,4206200,4514,9559,28.990128,,0,11,9,108,32445,1092,5160,4173755,16,185,50,1,25118,1,30,1,462883,1,442624,1,117026,1,3114841,1,11182,1,306401,1,12314,4,539832,4,80265,4,728075,4,1415392,8,2110142,108,28164,24,3276,1,25459,1,2735,1,0,0,0,0,0,0,417526,1,18566,1,3437,1,6082,1,22503,1,409089,1,25008,1,17045,1,36,1,9559,1,4514,1,17081,1,9559,1,48,1,1240,1,1,1,0,1
489,4198000,4513,9559,28.990131,,0,11,9,108,29826,1202,5962,4168174,16,185,50,1,25128,1,50,1,463765,1,448135,1,116856,1,3102918,1,11272,1,306582,1,12434,4,537808,4,80746,4,724759,4,1408318,8,2098860,108,28255,24,3186,1,25128,1,2755,1,0,0,0,0,0,0,422325,1,19157,1,3507,1,6262,1,22493,1,409580,1,25229,1,17041,1,36,1,9559,1,4513,1,17077,1,9559,1,48,1,1240,1,1,1,0,1
490,4193800,4513,9559,28.990131,,0,11,9,108,29584,1162,5572,4164216,16,185,40,1,25299,1,30,1,465208,1,442694,1,117537,1,3102437,1,10971,1,305640,1,12915,4,538118,4,80415,4,724047,4,1409220,8,2099661,108,28034,24,3356,1,24798,1,2765,1,0,0,0,0,0,0,417235,1,18947,1,3467,1,6493,1,22764,1,410502,1,25259,1,17043,1,36,1,9559,1,4513,1,17079,1,9559,1,48,1,1240,1,1,1,0,1
491,4216600,4514,9559,28.990131,,0,11,9,108,29760,1152,5682,4186840,16,185,60,1,25299,1,30,1,463535,1,451221,1,117507,1,3118017,1,11172,1,306552,1,12775,4,538469,4,80686,4,728776,4,1418447,8,2113628,108,27914,24,3266,1,25128,1,2765,1,0,0,0,0,0,0,425752,1,18856,1,3527,1,6783,1,22533,1,408669,1,25359,1,17043,1,36,1,9559,1,4514,1,17079,1,9559,1,48,1,1240,1,1,1,0,1
492,4324500,4514,9559,28.990131,,0,11,9,108,33389,1282,4610,4291111,16,185,130,1,30569,1,80,1,499785,1,488132,1,119050,1,3142304,1,11061,1,326390,1,12925,4,543038,4,80906,4,732494,4,1410352,8,2109460,108,28776,24,3387,1,28755,1,2775,1,0,0,0,0,0,0,462553,1,18686,1,3567,1,6603,1,23706,1,439729,1,29487,1,17046,1,36,1,9559,1,4514,1,17082,1,9559,1,48,1,1240,1,1,1,0,1
493,4210500,4514,9559,28.990131,,0,11,9,108,30653,1182,5721,4179847,16,185,170,1,31170,1,40,1,475317,1,435360,1,118980,1,3107748,1,11061,1,316240,1,12705,4,540002,4,82760,4,723987,4,1397878,8,2088230,108,27914,24,3346,1,26862,1,2785,1,0,0,0,0,0,0,409741,1,18816,1,3597,1,6523,1,23776,1,417255,1,27453,1,17043,1,36,1,9559,1,4514,1,17079,1,9559,1,48,1,1240,1,1,1,0,1
494,4297500,4513,9559,28.99013,,0,11,9,108,38145,1323,5290,4259355,16,185,220,1,30559,1,70,1,487330,1,441637,1,123328,1,3165389,1,10821,1,332882,1,13155,4,558808,4,80375,4,730450,4,1415432,8,2112226,108,28365,24,3727,1,26481,1,2755,1,0,0,0,0,0,0,417009,1,17424,1,3757,1,5992,1,22523,1,424419,1,34036,1,17043,1,36,1,9559,1,4513,1,17079,1,9559,1,48,1,1240,1,1,1,0,1
495,4293000,4514,9559,28.990126,,0,11,9,108,32879,1363,4409,4260121,16,185,60,1,31391,1,60,1,478363,1,440560,1,119972,1,3176701,1,13015,1,319006,1,13145,4,539251,4,83421,4,769565,4,1418207,8,2153967,108,29396,24,3918,1,26040,1,2785,1,0,0,0,0,0,0,413909,1,19808,1,3597,1,6232,1,22724,1,417155,1,32052,1,17051,1,36,1,9559,1,4514,1,17087,1,9559,1,48,1,1240,1,1,1,0,1
496,4188900,4514,9559,28.990126,,0,11,9,108,32158,1162,5311,4156742,16,185,30,1,30218,1,50,1,469015,1,444778,1,118198,1,3083461,1,10991,1,312082,1,12674,4,535844,4,80044,4,727063,4,1382969,8,2077178,108,27543,24,3336,1,25559,1,2725,1,0,0,0,0,0,0,418498,1,19598,1,3517,1,6653,1,23345,1,411975,1,26842,1,17050,1,36,1,9559,1,4514,1,17086,1,9559,1,48,1,1240,1,1,1,0,1
497,4162600,4515,9559,28.990126,,0,11,9,108,31187,1142,5280,4131413,16,185,30,1,25209,1,60,1,465919,1,440931,1,115733,1,3072640,1,10891,1,306812,1,12755,4,539341,4,80205,4,717615,4,1382338,8,2066848,108,27824,24,3256,1,26351,1,2825,1,0,0,0,0,0,0,415181,1,18947,1,3657,1,6302,1,22343,1,410612,1,26481,1,17049,1,36,1,9559,1,4515,1,17085,1,9559,1,48,1,1240,1,1,1,0,1
498,4151700,4514,9559,28.990126,,0,11,9,108,30867,1172,5381,4120833,16,185,50,1,25149,1,110,1,464226,1,431994,1,116735,1,3071538,1,11031,1,307574,1,12374,4,538660,4,82259,4,713387,4,1385143,8,2065185,108,27964,24,3346,1,24878,1,2745,1,0,0,0,0,0,0,405052,1,19297,1,4479,1,6222,1,21061,1,411484,1,25289,1,17050,1,36,1,9559,1,4514,1,17086,1,9559,1,48,1,1240,1,1,1,0,1
499,4303600,4515,9559,28.990126,,0,11,9,108,30654,1242,4870,4272946,16,185,130,1,25419,1,110,1,465138,1,441282,1,116535,1,3213221,1,11111,1,305560,1,12865,4,538870,4,82509,4,749276,4,1488603,8,2202951,108,30058,24,4068,1,27192,1,3036,1,0,0,0,0,0,0,415652,1,18977,1,3417,1,6643,1,22754,1,410302,1,25239,1,17047,1,36,1,9559,1,4515,1,17083,1,9559,1,48,1,1240,1,1,1,0,1
