step,wall_ns,manifolds,pairs,top_y,awake,void,colors,wide_colors,waves,g_ns,u_ns,r_ns,sys_sum_ns,disp_lane,worker_lane_max,sys_physics_integrate_ns,sys_physics_integrate_n,sys_physics_gather_ns,sys_physics_gather_n,sys_select_broadphase_ns,sys_select_broadphase_n,sys_physics_broadphase_ns,sys_physics_broadphase_n,sys_physics_narrowphase_ns,sys_physics_narrowphase_n,sys_physics_build_graph_ns,sys_physics_build_graph_n,sys_physics_solve_colored_ns,sys_physics_solve_colored_n,sys_physics_apply_ns,sys_physics_apply_n,phys_solve_build_ns,phys_solve_build_n,phys_gravity_ns,phys_gravity_n,phys_warm_apply_ns,phys_warm_apply_n,phys_integrate_ns,phys_integrate_n,phys_pass_biased_ns,phys_pass_biased_n,phys_pass_relax_ns,phys_pass_relax_n,phys_color_wide_ns,phys_color_wide_n,phys_color_narrow_ns,phys_color_narrow_n,phys_restitution_ns,phys_restitution_n,phys_store_ns,phys_store_n,phys_write_back_ns,phys_write_back_n,phys_sleep_begin_ns,phys_sleep_begin_n,phys_sleep_freeze_ns,phys_sleep_freeze_n,phys_sleep_end_ns,phys_sleep_end_n,phys_np_dispatch_ns,phys_np_dispatch_n,phys_np_compact_ns,phys_np_compact_n,phys_np_axis_commit_ns,phys_np_axis_commit_n,phys_bp_verify_ns,phys_bp_verify_n,phys_bp_build_ns,phys_bp_build_n,phys_bp_query_ns,phys_bp_query_n,phys_bp_assemble_ns,phys_bp_assemble_n,phys_slots_wide,phys_slots_wide_n,phys_slots_narrow,phys_slots_narrow_n,phys_np_pairs,phys_np_pairs_n,phys_np_manifolds,phys_np_manifolds_n,phys_np_points,phys_np_points_n,phys_bp_pairs,phys_bp_pairs_n,phys_np_chunks,phys_np_chunks_n,phys_bp_queried,phys_bp_queried_n,phys_bp_members,phys_bp_members_n,phys_bp_rebuilds,phys_bp_rebuilds_n
0,17490600,4495,9570,35.998295,,0,9,9,108,88637,6062,3648,17401963,16,158,992,1,129511,1,291,1,706088,1,2487609,1,132647,1,13931309,1,13516,1,559865,1,8537,4,542521,4,74094,4,4296123,4,8398390,8,12690866,108,0,0,4799,1,38124,1,2795,1,0,0,0,0,0,0,0,0,0,0,0,0,33725,1,73432,1,544906,1,51810,1,17980,1,0,1,9570,1,4495,1,17980,1,9570,1,0,1,1241,1,0,1,0,1
1,15524900,4196,9570,35.993866,,0,8,8,96,60781,1603,2254,15464119,16,146,391,1,43895,1,170,1,595043,1,2588174,1,97078,1,12125882,1,13486,1,440123,1,8737,4,484218,4,65497,4,3741388,4,7339679,8,11078813,96,0,0,3517,1,37232,1,3888,1,0,0,0,0,0,0,0,0,0,0,0,0,6823,1,29347,1,532151,1,26351,1,15924,1,0,1,9570,1,4196,1,15924,1,9570,1,0,1,1241,1,0,1,0,1
2,15075500,4142,9570,35.986713,,0,8,8,96,59459,1884,4148,15016041,16,146,391,1,24598,1,130,1,494127,1,2427262,1,86738,1,11969639,1,13155,1,348776,1,10029,4,509888,4,66258,4,3708925,4,7276497,8,10981274,96,0,0,3667,1,40508,1,3206,1,0,0,0,0,0,0,0,0,0,0,0,0,27573,1,22464,1,416256,1,27343,1,15744,1,0,1,9570,1,4142,1,15744,1,9570,1,0,1,1240,1,1,1,1,1
3,15014600,4111,9570,35.976837,,0,8,8,96,56191,6162,2506,14958409,16,146,491,1,24918,1,120,1,476804,1,2417043,1,86528,1,11939340,1,13166,1,355479,1,9869,4,496251,4,67240,4,3694297,4,7263161,8,10954952,96,0,0,4368,1,39517,1,2996,1,0,0,0,0,0,0,0,0,0,0,0,0,6182,1,23475,1,416226,1,30499,1,15687,1,0,1,9570,1,4111,1,15687,1,9570,1,0,1,1240,1,1,1,0,1
4,14904100,4100,9570,35.964233,,0,8,8,96,41567,1323,4980,14862533,16,146,200,1,24357,1,80,1,461484,1,2400460,1,85095,1,11877400,1,13456,1,346632,1,9088,4,477726,4,65948,4,3695559,4,7235157,8,10925736,96,0,0,3607,1,39276,1,3086,1,0,0,0,0,0,0,0,0,0,0,0,0,5881,1,22373,1,407610,1,25359,1,15670,1,0,1,9570,1,4100,1,15670,1,9570,1,0,1,1240,1,1,1,0,1
5,14924700,4087,9570,35.948902,,0,8,8,96,39402,4158,2155,14885298,16,146,160,1,24467,1,110,1,459280,1,2404388,1,99072,1,11884805,1,13015,1,385827,1,7695,4,478467,4,71599,4,3678056,4,7219657,8,10895557,96,0,0,3537,1,33084,1,2725,1,0,0,0,0,0,0,0,0,0,0,0,0,5611,1,22924,1,404975,1,25479,1,15642,1,0,1,9570,1,4087,1,15642,1,9570,1,0,1,1240,1,1,1,0,1
6,14945500,4079,9570,35.93085,,0,8,8,96,63970,1202,2465,14881530,16,146,140,1,24257,1,10,1,459811,1,2403717,1,85425,1,11888321,1,19848,1,356942,1,9048,4,483877,4,66198,4,3682444,4,7242441,8,10922420,96,0,0,3747,1,39737,1,2685,1,0,0,0,0,0,0,0,0,0,0,0,0,5511,1,22033,1,402359,1,29708,1,15666,1,0,1,9570,1,4079,1,15666,1,9570,1,0,1,1240,1,1,1,0,1
7,14960200,4073,9570,35.910072,,0,8,8,96,68991,1413,2956,14891209,16,146,451,1,26581,1,40,1,457987,1,2413706,1,84223,1,11890937,1,17283,1,361901,1,9068,4,476964,4,65727,4,3683185,4,7237311,8,10917541,96,0,0,3577,1,46400,1,5390,1,0,0,0,0,0,0,0,0,0,0,0,0,5631,1,22644,1,403933,1,24958,1,15684,1,0,1,9570,1,4073,1,15684,1,9570,1,0,1,1240,1,1,1,0,1
8,16045900,4066,9570,35.88657,,0,8,8,96,39805,2114,3867,16006095,16,146,421,1,42011,1,110,1,613889,1,2608433,1,88181,1,12639453,1,13596,1,427699,1,11402,4,543142,4,69925,4,4103269,4,7428377,8,11527779,96,0,0,3427,1,46079,1,4018,1,0,0,0,0,0,0,0,0,0,0,0,0,7635,1,33986,1,531470,1,39677,1,15684,1,0,1,9570,1,4066,1,15684,1,9570,1,0,1,1240,1,1,1,0,1
9,15175800,4061,9570,35.86034,,0,8,8,96,48003,2024,2215,15127797,16,146,371,1,35359,1,140,1,585224,1,2501266,1,85265,1,11906817,1,13356,1,375598,1,10100,4,474599,4,66419,4,3686682,4,7242241,8,10926708,96,0,0,3958,1,42222,1,2976,1,0,0,0,0,0,0,0,0,0,0,0,0,8016,1,30068,1,513936,1,32643,1,15705,1,0,1,9570,1,4061,1,15705,1,9570,1,0,1,1240,1,1,1,0,1
10,15046000,4053,9570,35.831387,,0,8,8,96,43004,1914,2225,15002996,16,146,230,1,24898,1,120,1,460442,1,2456369,1,89704,1,11958047,1,13186,1,437447,1,7965,4,474419,4,65407,4,3690700,4,7236780,8,10925255,96,0,0,3126,1,37713,1,2575,1,0,0,0,0,0,0,0,0,0,0,0,0,5781,1,21482,1,407009,1,25850,1,15690,1,0,1,9570,1,4053,1,15690,1,9570,1,0,1,1240,1,1,1,0,1
11,15045100,4054,9570,35.79971,,0,8,8,96,40642,1313,2205,15004458,16,146,180,1,25560,1,120,1,452837,1,2432983,1,85476,1,11994357,1,12945,1,444311,1,10350,4,484819,4,65377,4,3693626,4,7257530,8,10948951,96,0,0,3236,1,31150,1,2645,1,0,0,0,0,0,0,0,0,0,0,0,0,5551,1,22253,1,400776,1,23966,1,15715,1,0,1,9570,1,4054,1,15715,1,9570,1,0,1,1240,1,1,1,0,1
12,14911800,4056,9570,35.765305,,0,8,8,96,55990,1373,2204,14855810,16,146,321,1,24127,1,30,1,452807,1,2377356,1,86478,1,11894533,1,20159,1,346341,1,10200,4,475451,4,65437,4,3694838,4,7254023,8,10946657,96,0,0,3527,1,40058,1,3286,1,0,0,0,0,0,0,0,0,0,0,0,0,5611,1,21722,1,400997,1,24227,1,15716,1,0,1,9570,1,4056,1,15716,1,9570,1,0,1,1240,1,1,1,0,1
13,16253500,4055,9570,35.728176,,0,8,8,96,71781,2385,2796,16181719,16,146,281,1,31892,1,140,1,592578,1,2859475,1,111145,1,12565659,1,20550,1,561187,1,13837,4,574232,4,67381,4,3893763,4,7395412,8,11286380,96,0,0,4008,1,49586,1,3867,1,0,0,0,0,0,0,0,0,0,0,0,0,7354,1,29056,1,520929,1,34677,1,15731,1,0,1,9570,1,4055,1,15731,1,9570,1,0,1,1240,1,1,1,0,1
14,15785300,4060,9570,35.688324,,0,8,8,96,80019,2625,2405,15705281,16,146,90,1,27453,1,250,1,766305,1,2467911,1,121045,1,12308210,1,14017,1,377161,1,19257,4,519366,4,73953,4,3857388,4,7403072,8,11258055,96,0,0,3757,1,48504,1,3126,1,0,0,0,0,0,0,0,0,0,0,0,0,10360,1,36130,1,694285,1,25008,1,15731,1,0,1,9570,1,4060,1,15731,1,9570,1,0,1,1240,1,1,1,0,1
15,15286400,4057,9570,35.64575,,0,8,8,96,51385,2244,2645,15235015,16,146,220,1,25439,1,230,1,466474,1,2543748,1,93601,1,12091465,1,13837,1,494759,1,8967,4,487084,4,66148,4,3704447,4,7275655,8,10977457,96,0,0,3948,1,45468,1,2745,1,0,0,0,0,0,0,0,0,0,0,0,0,5982,1,23546,1,405115,1,31521,1,15734,1,0,1,9570,1,4057,1,15734,1,9570,1,0,1,1240,1,1,1,0,1
16,15250900,4055,9570,35.600445,,0,8,8,96,48328,1353,2185,15202572,16,146,261,1,24908,1,220,1,462636,1,2611509,1,93661,1,11994227,1,15149,1,417218,1,11582,4,480421,4,66789,4,3698335,4,7263101,8,10959251,96,0,0,3276,1,47602,1,4549,1,0,0,0,0,0,0,0,0,0,0,0,0,5661,1,24838,1,406057,1,25129,1,15727,1,0,1,9570,1,4055,1,15727,1,9570,1,0,1,1240,1,1,1,0,1
17,15030200,4051,9570,35.552414,,0,8,8,96,41061,1383,2205,14989139,16,146,261,1,24818,1,70,1,464891,1,2473362,1,83782,1,11928670,1,13286,1,355258,1,8416,4,500540,4,66479,4,3695980,4,7256538,8,10950313,96,0,0,3136,1,37282,1,3657,1,0,0,0,0,0,0,0,0,0,0,0,0,5811,1,24387,1,404013,1,30459,1,15724,1,0,1,9570,1,4051,1,15724,1,9570,1,0,1,1240,1,1,1,0,1
18,14960000,4049,9570,35.501663,,0,8,8,96,39114,1864,3838,14920886,16,146,261,1,24487,1,10,1,467125,1,2401763,1,84103,1,11929441,1,13697,1,329128,1,8987,4,477445,4,70627,4,3722652,4,7271357,8,10990171,96,0,0,4439,1,39917,1,3026,1,0,0,0,0,0,0,0,0,0,0,0,0,5200,1,24297,1,405626,1,31752,1,15728,1,0,1,9570,1,4049,1,15728,1,9570,1,0,1,1240,1,1,1,0,1
19,14967200,4050,9570,35.448185,,0,8,8,96,42737,1293,2125,14924463,16,146,210,1,24698,1,150,1,460773,1,2422784,1,84353,1,11918279,1,13216,1,344287,1,10611,4,475651,4,66168,4,3704176,4,7269473,8,10971524,96,0,0,3918,1,39777,1,2926,1,0,0,0,0,0,0,0,0,0,0,0,0,5210,1,24007,1,405015,1,26201,1,15736,1,0,1,9570,1,4050,1,15736,1,9570,1,0,1,1240,1,1,1,0,1
20,18506700,4829,9570,35.391983,,0,14,12,144,56015,2124,3487,18450685,16,218,100,1,24588,1,70,1,465963,1,2574738,1,126635,1,15244433,1,14157,1,673084,1,10841,4,618899,4,70106,4,4684756,4,9083397,8,13651287,144,113380,24,3978,1,91157,1,6092,1,0,0,0,0,0,0,0,0,0,0,0,0,5210,1,23345,1,405215,1,31942,1,18718,1,144,1,9570,1,4829,1,18862,1,9570,1,0,1,1240,1,1,1,0,1
21,17544600,4715,9570,35.333054,,0,13,11,132,53404,1343,3287,17491196,16,206,942,1,40789,1,120,1,678555,1,2831415,1,109512,1,13816637,1,13226,1,505680,1,8927,4,553953,4,71629,4,4265874,4,8350087,8,12532519,132,80155,24,4689,1,51229,1,3226,1,0,0,0,0,0,0,0,0,0,0,0,0,8506,1,30138,1,594091,1,45378,1,17266,1,101,1,9570,1,4715,1,17367,1,9570,1,0,1,1240,1,1,1,0,1
22,16843400,4565,9570,35.2714,,0,13,10,120,43082,1363,3157,16800318,16,206,190,1,23876,1,140,1,464239,1,2815314,1,107047,1,13376104,1,13406,1,504517,1,8937,4,548362,4,65367,4,4116044,4,8078661,8,12018042,120,173506,36,3577,1,44777,1,4499,1,0,0,0,0,0,0,0,0,0,0,0,0,5340,1,23425,1,410676,1,24487,1,16624,1,220,1,9570,1,4565,1,16844,1,9570,1,0,1,1240,1,1,1,0,1
23,16531100,4496,9570,35.207024,,0,13,10,120,43759,1192,3037,16487341,16,206,80,1,24918,1,250,1,478788,1,2754246,1,99713,1,13115940,1,13406,1,422008,1,10591,4,511962,4,67130,4,4065266,4,7984559,8,11888000,120,158788,36,3627,1,46901,1,2705,1,0,0,0,0,0,0,0,0,0,0,0,0,5731,1,24197,1,415976,1,32533,1,16445,1,200,1,9570,1,4496,1,16645,1,9570,1,0,1,1240,1,1,1,0,1
24,16829400,4419,9570,35.13992,,0,12,10,120,66901,1623,3307,16762499,16,194,130,1,24447,1,110,1,469119,1,2712886,1,132918,1,13407309,1,15580,1,599191,1,10611,4,603419,4,71028,4,4110814,4,7949796,8,11985715,120,71589,24,3938,1,53914,1,2976,1,0,0,0,0,0,0,0,0,0,0,0,0,5431,1,22804,1,410034,1,30529,1,16356,1,88,1,9570,1,4419,1,16444,1,9570,1,0,1,1240,1,1,1,0,1
25,16409900,4390,9570,35.07009,,0,12,9,108,49024,1513,3146,16360876,16,194,80,1,28415,1,40,1,482815,1,2779815,1,97218,1,12958865,1,13626,1,469359,1,8587,4,517683,4,67491,4,4021230,4,7814669,8,11601426,108,231328,36,5651,1,48734,1,3948,1,0,0,0,0,0,0,0,0,0,0,0,0,10871,1,32934,1,412389,1,26121,1,16055,1,291,1,9570,1,4390,1,16346,1,9570,1,0,1,1240,1,1,1,0,1
26,16270000,4353,9570,34.997536,,0,12,9,108,41300,1443,2956,16228700,16,194,230,1,28946,1,150,1,529816,1,2745038,1,97609,1,12813844,1,13065,1,415625,1,8286,4,509377,4,66699,4,3974149,4,7786695,8,11575836,108,182053,36,4429,1,44236,1,2906,1,0,0,0,0,0,0,0,0,0,0,0,0,6763,1,26081,1,461755,1,34837,1,16062,1,229,1,9570,1,4353,1,16291,1,9570,1,0,1,1240,1,1,1,0,1
27,16209200,4336,9570,34.92226,,0,12,9,108,54102,1313,2816,16155098,16,194,10,1,25640,1,10,1,463678,1,2718577,1,96557,1,12830637,1,19989,1,487234,1,10801,4,496512,4,66098,4,3954120,4,7762108,8,11553502,108,159910,36,3096,1,45939,1,3417,1,0,0,0,0,0,0,0,0,0,0,0,0,5651,1,22313,1,410716,1,24778,1,16019,1,201,1,9570,1,4336,1,16220,1,9570,1,0,1,1240,1,1,1,0,1
28,18803600,4982,9570,34.844257,,0,14,11,132,57092,1483,3858,18746508,16,218,361,1,38675,1,180,1,471013,1,2817328,1,124191,1,15281746,1,13015,1,525017,1,10931,4,579793,4,67992,4,4724323,4,9305307,8,13715821,132,309950,36,5070,1,58153,1,3677,1,0,0,0,0,0,0,0,0,0,0,0,0,5921,1,23085,1,410185,1,31531,1,18465,1,392,1,9570,1,4982,1,18857,1,9570,1,0,1,1240,1,1,1,0,1
29,17690200,4783,9570,34.763527,,0,14,11,132,46618,2214,3437,17643582,16,218,220,1,24037,1,20,1,462736,1,2939495,1,117959,1,14085668,1,13446,1,525979,1,8396,4,567439,4,68002,4,4335399,4,8510628,8,12732596,132,109993,36,5200,1,58624,1,3787,1,0,0,0,0,0,0,0,0,0,0,0,0,5140,1,23045,1,408381,1,25960,1,17239,1,139,1,9570,1,4783,1,17378,1,9570,1,0,1,1240,1,1,1,0,1
30,17410100,4670,9570,34.680073,,0,13,11,132,41822,1252,3287,17368278,16,206,200,1,24668,1,30,1,477495,1,2951899,1,116125,1,13784595,1,13266,1,516240,1,10761,4,549775,4,67451,4,4262077,4,8323846,8,12478534,132,104102,24,3557,1,46370,1,3266,1,0,0,0,0,0,0,0,0,0,0,0,0,5591,1,25159,1,417679,1,28826,1,16931,1,131,1,9570,1,4670,1,17062,1,9570,1,0,1,1240,1,1,1,0,1
31,17196700,4639,9570,34.593895,,0,13,11,132,43629,1904,3387,17153071,16,206,230,1,24828,1,100,1,465241,1,2947049,1,117037,1,13585159,1,13426,1,515288,1,8937,4,538022,4,68793,4,4188965,4,8202090,8,12303586,132,84083,24,4098,1,53123,1,3938,1,0,0,0,0,0,0,0,0,0,0,0,0,5601,1,24077,1,410435,1,24898,1,16699,1,106,1,9570,1,4639,1,16805,1,9570,1,0,1,1240,1,1,1,0,1
32,16824100,4573,9570,34.504993,,0,13,11,132,46336,1222,3467,16777764,16,206,170,1,24127,1,190,1,471994,1,2867465,1,111135,1,13289716,1,12965,1,471323,1,9789,4,525979,4,66900,4,4114180,4,8042982,8,12051036,132,102659,24,3397,1,50889,1,3056,1,0,0,0,0,0,0,0,0,0,0,0,0,5040,1,25169,1,413000,1,28445,1,16368,1,130,1,9570,1,4573,1,16498,1,9570,1,0,1,1240,1,1,1,0,1
33,16582100,4491,9570,34.413364,,0,13,11,132,45012,1102,3157,16537088,16,206,230,1,24357,1,40,1,461023,1,2859500,1,109141,1,13069329,1,13466,1,471794,1,13316,4,505559,4,66579,4,4031721,4,7908962,8,11843504,132,94022,24,4028,1,60958,1,5310,1,0,0,0,0,0,0,0,0,0,0,0,0,5491,1,22614,1,408091,1,24618,1,16106,1,116,1,9570,1,4491,1,16222,1,9570,1,0,1,1240,1,1,1,0,1
34,18760900,5031,9570,34.31901,,0,14,11,132,44190,1523,3277,18716710,16,218,80,1,24738,1,100,1,467706,1,2945286,1,127697,1,15137606,1,13496,1,531880,1,12504,4,605723,4,66589,4,4667442,4,9181277,8,13535181,132,310261,36,4689,1,62070,1,3908,1,0,0,0,0,0,0,0,0,0,0,0,0,5962,1,24698,1,410014,1,26551,1,17973,1,388,1,9570,1,5031,1,18361,1,9570,1,0,1,1240,1,1,1,0,1
35,17718900,4806,9570,34.221935,,0,14,11,132,43507,1443,3287,17675393,16,218,130,1,24598,1,40,1,469429,1,3074917,1,129371,1,13963371,1,13536,1,574142,1,9579,4,544675,4,67831,4,4281885,4,8424751,8,12608286,132,95064,36,5140,1,49215,1,4709,1,0,0,0,0,0,0,0,0,0,0,0,0,5150,1,24087,1,414653,1,25339,1,16833,1,118,1,9570,1,4806,1,16951,1,9570,1,0,1,1240,1,1,1,0,1
36,17098000,4646,9570,34.12213,,0,14,11,132,41025,2254,3137,17056975,16,218,160,1,24668,1,20,1,476273,1,3039929,1,118900,1,13383708,1,13316,1,514427,1,10871,4,550026,4,67130,4,4109061,4,8078390,8,12084521,132,99793,36,4028,1,44646,1,2876,1,0,0,0,0,0,0,0,0,0,0,0,0,5661,1,25610,1,412479,1,32252,1,16171,1,126,1,9570,1,4646,1,16297,1,9570,1,0,1,1240,1,1,1,0,1
37,16702900,4535,9570,34.019604,,0,13,10,120,42834,1403,3487,16660066,16,206,110,1,24497,1,100,1,466343,1,3072643,1,120674,1,12962352,1,13346,1,551478,1,9689,4,513966,4,65988,4,3965532,4,7799781,8,11503996,120,257829,36,3657,1,46600,1,4258,1,0,0,0,0,0,0,0,0,0,0,0,0,5531,1,22884,1,411297,1,26481,1,15408,1,325,1,9570,1,4535,1,15733,1,9570,1,0,1,1240,1,1,1,0,1
38,16372200,4502,9570,33.91435,,0,13,11,132,38456,1212,3087,16333744,16,206,481,1,24768,1,110,1,469660,1,2987338,1,112278,1,12726054,1,13055,1,463809,1,10059,4,502283,4,67330,4,3926878,4,7706770,8,11548452,132,82109,24,3637,1,41240,1,2835,1,0,0,0,0,0,0,0,0,0,0,0,0,5721,1,24097,1,412880,1,26561,1,15473,1,104,1,9570,1,4502,1,15577,1,9570,1,0,1,1240,1,1,1,0,1
39,18536500,4984,9570,33.806374,,0,14,12,144,43984,1303,4018,18492516,16,218,60,1,24918,1,160,1,464370,1,3128200,1,135112,1,14726239,1,13456,1,635481,1,13566,4,582939,4,67300,4,4501741,4,8851188,8,13247584,144,101326,24,5340,1,62060,1,5320,1,0,0,0,0,0,0,0,0,0,0,0,0,5511,1,22924,1,410004,1,25630,1,17363,1,128,1,9570,1,4984,1,17491,1,9570,1,0,1,1240,1,1,1,0,1
40,18426400,5009,9570,33.69567,,0,15,11,132,40220,1212,3507,18386180,16,230,281,1,27143,1,40,1,499488,1,3239696,1,129832,1,14476526,1,13176,1,580064,1,10981,4,561708,4,67240,4,4456203,4,8739832,8,12993152,132,199376,48,4128,1,52181,1,2976,1,0,0,0,0,0,0,0,0,0,0,0,0,6533,1,26201,1,434933,1,31521,1,17089,1,251,1,9570,1,5009,1,17340,1,9570,1,0,1,1240,1,1,1,0,1
41,18182200,4852,9570,33.58224,,0,14,11,132,55387,1864,4159,18126813,16,218,100,1,24598,1,20,1,466404,1,3197454,1,127377,1,14297033,1,13827,1,678825,1,13877,4,609441,4,69655,4,4426796,4,8428905,8,12698717,132,152825,36,4489,1,58844,1,4338,1,0,0,0,0,0,0,0,0,0,0,0,0,5491,1,22804,1,411668,1,26161,1,16401,1,190,1,9570,1,4852,1,16591,1,9570,1,0,1,1240,1,1,1,0,1
42,17377600,4753,9570,33.466087,,0,14,11,132,43949,1303,3557,17333651,16,218,60,1,25239,1,10,1,463237,1,3249776,1,128108,1,13453784,1,13436,1,702822,1,11643,4,508315,4,66860,4,4082609,4,8015509,8,11972975,132,121586,36,3697,1,55237,1,5791,1,0,0,0,0,0,0,0,0,0,0,0,0,5120,1,23546,1,409143,1,24958,1,15808,1,154,1,9570,1,4753,1,15962,1,9570,1,0,1,1240,1,1,1,0,1
43,17137600,4728,9570,33.34721,,0,14,11,132,41259,1403,3337,17096341,16,218,10,1,25249,1,30,1,477746,1,3194649,1,123339,1,13262233,1,13085,1,537822,1,12003,4,504828,4,66769,4,4069253,4,8013364,8,11932837,132,146444,36,4549,1,48033,1,4208,1,0,0,0,0,0,0,0,0,0,0,0,0,6322,1,24818,1,415806,1,30589,1,15589,1,185,1,9570,1,4728,1,15774,1,9570,1,0,1,1240,1,1,1,0,1
44,18731500,4996,9570,33.22561,,0,14,11,132,70292,2304,3607,18661208,16,218,100,1,24317,1,20,1,468357,1,3280756,1,181161,1,14687069,1,19428,1,944034,1,14678,4,582529,4,70677,4,4373272,4,8591474,8,12743478,132,217662,36,5451,1,92760,1,9889,1,0,0,0,0,0,0,0,0,0,0,0,0,5090,1,24007,1,414343,1,24487,1,16516,1,272,1,9570,1,4996,1,16788,1,9570,1,0,1,1240,1,1,1,0,1
45,18890700,5112,9570,33.10128,,0,14,12,144,47635,1192,3468,18843065,16,218,351,1,32743,1,491,1,509337,1,3440666,1,141073,1,14704858,1,13546,1,646122,1,11633,4,582198,4,68152,4,4507843,4,8813885,8,13216043,144,102218,24,5010,1,63413,1,5410,1,0,0,0,0,0,0,0,0,0,0,0,0,11683,1,40048,1,425965,1,31311,1,17219,1,129,1,9570,1,5112,1,17348,1,9570,1,0,1,1240,1,1,1,0,1
46,17878600,4923,9570,32.974224,,0,14,11,132,75189,1323,3487,17803411,16,218,50,1,36771,1,110,1,479960,1,3296166,1,128258,1,13847307,1,14789,1,596616,1,39787,4,537421,4,80626,4,4219114,4,8299819,8,12268618,132,246828,36,5350,1,59986,1,7264,1,0,0,0,0,0,0,0,0,0,0,0,0,5240,1,28355,1,413812,1,32313,1,15971,1,307,1,9570,1,4923,1,16278,1,9570,1,0,1,1240,1,1,1,0,1
47,17397700,4760,9570,32.844448,,0,14,11,132,45553,2274,3317,17352147,16,218,210,1,26722,1,180,1,481403,1,3508868,1,139791,1,13181156,1,13817,1,705938,1,10480,4,502554,4,67391,4,3998496,4,7824228,8,11634859,132,184548,36,3627,1,60838,1,5330,1,0,0,0,0,0,0,0,0,0,0,0,0,5471,1,27213,1,414854,1,33435,1,15212,1,234,1,9570,1,4760,1,15446,1,9570,1,0,1,1240,1,1,1,0,1
48,18178700,5001,9570,32.711945,,0,14,12,144,52604,1433,3717,18126096,16,218,220,1,25159,1,100,1,470111,1,3389927,1,135613,1,14090518,1,14448,1,602607,1,15730,4,533534,4,69344,4,4309168,4,8486681,8,12652742,144,139390,24,4389,1,61199,1,6432,1,0,0,0,0,0,0,0,0,0,0,0,0,5791,1,25519,1,411938,1,26612,1,16273,1,176,1,9570,1,5001,1,16449,1,9570,1,0,1,1240,1,1,1,0,1
49,18865000,5139,9570,32.576717,,0,14,12,144,44409,1303,3347,18820591,16,218,20,1,25018,1,341,1,474319,1,3595135,1,145582,1,14567021,1,13155,1,694335,1,9719,4,571657,4,67180,4,4445302,4,8709734,8,13023140,144,128549,24,5090,1,58093,1,4609,1,0,0,0,0,0,0,0,0,0,0,0,0,5400,1,25870,1,410044,1,32613,1,16761,1,162,1,9570,1,5139,1,16923,1,9570,1,0,1,1240,1,1,1,0,1
50,18281900,4996,9570,32.438763,,0,14,12,144,56021,1964,3318,18225879,16,218,491,1,24718,1,60,1,475130,1,3413583,1,165531,1,14133030,1,13336,1,692191,1,10190,4,533514,4,67120,4,4305050,4,8451914,8,12693350,144,60297,24,4358,1,61659,1,5070,1,0,0,0,0,0,0,0,0,0,0,0,0,5140,1,26361,1,408992,1,34377,1,16396,1,76,1,9570,1,4996,1,16472,1,9570,1,0,1,1240,1,1,1,0,1
51,17626800,4871,9570,32.298084,,0,13,11,132,42814,1132,3367,17583986,16,206,10,1,24828,1,150,1,462727,1,3320152,1,130132,1,13633262,1,12725,1,564664,1,12494,4,517322,4,67861,4,4189717,4,8222780,8,12243088,132,166042,24,3607,1,50117,1,3567,1,0,0,0,0,0,0,0,0,0,0,0,0,5761,1,25580,1,405135,1,25960,1,15840,1,210,1,9570,1,4871,1,16050,1,9570,1,0,1,1240,1,1,1,0,1
52,18645100,5093,9570,32.154682,,0,14,11,132,41940,1293,3367,18603160,16,218,220,1,23736,1,100,1,459260,1,3340532,1,160992,1,14604804,1,13516,1,602888,1,9729,4,556829,4,65858,4,4483416,4,8812563,8,13068477,132,224134,36,4619,1,62060,1,5551,1,0,0,0,0,0,0,0,0,0,0,0,0,5511,1,23586,1,404975,1,24968,1,16703,1,282,1,9570,1,5093,1,16985,1,9570,1,0,1,1240,1,1,1,0,1
53,18355300,4972,9570,32.008553,,0,13,11,132,49496,1323,3397,18305804,16,206,90,1,25710,1,230,1,470001,1,3340782,1,133358,1,14321886,1,13747,1,593219,1,12544,4,566147,4,72500,4,4396297,4,8616753,8,12843902,132,165751,24,4859,1,54566,1,3677,1,0,0,0,0,0,0,0,0,0,0,0,0,5330,1,25640,1,410355,1,27854,1,16437,1,208,1,9570,1,4972,1,16645,1,9570,1,0,1,1240,1,1,1,0,1
54,17890900,4792,9570,31.8597,,0,13,11,132,67551,1824,3367,17823349,16,206,60,1,24928,1,20,1,472145,1,3550929,1,126275,1,13635346,1,13646,1,592207,1,10150,4,515328,4,67030,4,4174127,4,8216658,8,12306872,132,80546,24,4749,1,50508,1,2765,1,0,0,0,0,0,0,0,0,0,0,0,0,5561,1,24267,1,406788,1,35008,1,15830,1,102,1,9570,1,4792,1,15932,1,9570,1,0,1,1240,1,1,1,0,1
55,17609500,4796,9570,31.70812,,0,13,10,120,50252,1653,3156,17559248,16,206,411,1,30539,1,160,1,573381,1,3301757,1,132727,1,13506887,1,13386,1,554845,1,11953,4,514978,4,67120,4,4152585,4,8143527,8,12050435,120,242520,36,3908,1,52492,1,3827,1,0,0,0,0,0,0,0,0,0,0,0,0,7014,1,30679,1,497333,1,37713,1,15396,1,306,1,9570,1,4796,1,15702,1,9570,1,0,1,1240,1,1,1,0,1
56,17997200,4911,9570,31.553818,,0,13,10,120,43057,2164,3067,17954143,16,206,321,1,24788,1,130,1,469199,1,3329290,1,131595,1,13985534,1,13286,1,531159,1,13586,4,524977,4,68413,4,4308828,4,8472564,8,12520595,120,257729,36,3517,1,55808,1,4519,1,0,0,0,0,0,0,0,0,0,0,0,0,5591,1,25069,1,411958,1,26241,1,15945,1,319,1,9570,1,4911,1,16264,1,9570,1,0,1,1240,1,1,1,0,1
57,17813400,4780,9570,31.39679,,0,14,10,120,43284,1432,3418,17770116,16,218,130,1,25419,1,110,1,463147,1,3376351,1,132356,1,13758855,1,13747,1,583851,1,11502,4,562410,4,66359,4,4206409,4,8258620,8,12301832,120,159780,48,4729,1,57702,1,5841,1,0,0,0,0,0,0,0,0,0,0,0,0,5521,1,24307,1,408041,1,24928,1,15714,1,201,1,9570,1,4780,1,15915,1,9570,1,0,1,1240,1,1,1,0,1
58,17759500,4734,9570,31.237036,,0,13,10,120,62165,1413,3016,17697335,16,206,190,1,25529,1,190,1,470381,1,3380840,1,131785,1,13668390,1,20029,1,573140,1,9458,4,543924,4,65848,4,4195348,4,8215546,8,12295770,120,112107,36,3457,1,57261,1,2996,1,0,0,0,0,0,0,0,0,0,0,0,0,5641,1,23265,1,411207,1,29828,1,15644,1,141,1,9570,1,4734,1,15785,1,9570,1,0,1,1240,1,1,1,0,1
59,17971600,4748,9570,31.074558,,0,13,10,120,46513,1242,3046,17925087,16,206,842,1,26872,1,50,1,464089,1,3393003,1,132296,1,13894598,1,13336,1,600213,1,9348,4,532952,4,67942,4,4260113,4,8363603,8,12540886,120,79784,36,4729,1,50578,1,3878,1,0,0,0,0,0,0,0,0,0,0,0,0,5511,1,21692,1,411507,1,25059,1,15913,1,100,1,9570,1,4748,1,16013,1,9570,1,0,1,1240,1,1,1,0,1
60,17761300,4704,9570,30.909355,,0,12,10,120,42734,1132,3206,17718566,16,194,190,1,24107,1,20,1,470642,1,3262811,1,124601,1,13822979,1,13216,1,560326,1,10120,4,539074,4,66318,4,4252869,4,8334066,8,12518232,120,65497,24,3797,1,51941,1,3336,1,0,0,0,0,0,0,0,0,0,0,0,0,5751,1,24578,1,412399,1,27664,1,15920,1,82,1,9570,1,4704,1,16002,1,9570,1,0,1,1240,1,1,1,0,1
61,17764900,4678,9570,30.741426,,0,12,10,120,66082,1293,2976,17698818,16,194,70,1,24397,1,90,1,466814,1,3281217,1,127908,1,13778243,1,20079,1,539375,1,9328,4,531329,4,68022,4,4236217,4,8330048,8,12497221,120,66068,24,3978,1,54415,1,4238,1,0,0,0,0,0,0,0,0,0,0,0,0,5491,1,22684,1,413020,1,25339,1,15884,1,81,1,9570,1,4678,1,15965,1,9570,1,0,1,1240,1,1,1,0,1
62,18221400,4666,9570,30.570772,,0,12,10,120,79598,2094,3547,18141802,16,194,130,1,26231,1,80,1,639409,1,3342986,1,127637,1,13989517,1,15811,1,579783,1,10130,4,549985,4,66108,4,4230836,4,8469583,8,12637037,120,59836,24,3817,1,71579,1,5601,1,0,0,0,0,0,0,0,0,0,0,0,0,9027,1,35278,1,563522,1,31010,1,15772,1,75,1,9570,1,4666,1,15847,1,9570,1,0,1,1240,1,1,1,0,1
63,17894700,4609,9570,30.397394,,0,11,9,108,63475,1232,2675,17831225,16,182,331,1,26922,1,80,1,548242,1,3255457,1,165761,1,13821106,1,13326,1,618508,1,10390,4,576166,4,66629,4,4218943,4,8271124,8,12289408,108,197984,24,3867,1,50638,1,3607,1,0,0,0,0,0,0,0,0,0,0,0,0,10611,1,32753,1,469560,1,33795,1,15605,1,248,1,9570,1,4609,1,15853,1,9570,1,0,1,1240,1,1,1,0,1
64,17754800,4623,9570,30.22129,,0,12,9,108,42175,1453,3457,17712625,16,194,220,1,24237,1,30,1,467466,1,3284463,1,124291,1,13798612,1,13306,1,526510,1,8637,4,528534,4,64846,4,4248881,4,8358082,8,12408799,108,194707,36,3888,1,52862,1,4920,1,0,0,0,0,0,0,0,0,0,0,0,0,5721,1,23826,1,413201,1,24387,1,15755,1,241,1,9570,1,4623,1,15996,1,9570,1,0,1,1240,1,1,1,0,1
65,17809200,4625,9570,30.042463,,0,12,9,108,39715,1232,2807,17769485,16,194,130,1,24397,1,471,1,469009,1,3273442,1,138408,1,13850413,1,13216,1,517883,1,11081,4,537662,4,68022,4,4270093,4,8384403,8,12480868,108,170821,36,4238,1,52562,1,3236,1,0,0,0,0,0,0,0,0,0,0,0,0,5230,1,24447,1,412138,1,26992,1,15812,1,212,1,9570,1,4625,1,16024,1,9570,1,0,1,1240,1,1,1,0,1
66,17756500,4579,9570,29.860909,,0,12,9,108,47812,1773,2998,17708688,16,194,250,1,25119,1,20,1,461214,1,3259885,1,124551,1,13823791,1,13857,1,523925,1,11152,4,535497,4,71569,4,4266987,4,8348123,8,12487671,108,124441,36,5030,1,55157,1,4579,1,0,0,0,0,0,0,0,0,0,0,0,0,5441,1,23465,1,406107,1,26000,1,15822,1,154,1,9570,1,4579,1,15976,1,9570,1,0,1,1240,1,1,1,0,1
67,18221100,4610,9570,29.67663,,0,12,9,108,55848,1593,2916,18165252,16,194,70,1,25509,1,20,1,465582,1,3360961,1,123690,1,14168749,1,20670,1,738821,1,11993,4,530367,4,67300,4,4294289,4,8428128,8,12603066,108,116436,36,3447,1,87500,1,5310,1,0,0,0,0,0,0,0,0,0,0,0,0,5521,1,24477,1,406598,1,28595,1,15966,1,146,1,9570,1,4610,1,16112,1,9570,1,0,1,1240,1,1,1,0,1
68,17871000,4550,9570,29.489626,,0,11,9,108,71697,1303,2686,17799303,16,182,411,1,35599,1,120,1,473698,1,3325913,1,120523,1,13826506,1,16532,1,537080,1,11212,4,507473,4,66990,4,4272407,4,8370146,8,12573478,108,66389,24,3677,1,53043,1,3176,1,0,0,0,0,0,0,0,0,0,0,0,0,6052,1,26571,1,413671,1,26922,1,15946,1,82,1,9570,1,4550,1,16028,1,9570,1,0,1,1240,1,1,1,0,1
69,17917400,4524,9570,29.299898,,0,11,9,108,50235,1803,2766,17867165,16,182,381,1,31862,1,50,1,462256,1,3275035,1,140843,1,13941940,1,14799,1,559273,1,10100,4,514497,4,66880,4,4273219,4,8371538,8,12595090,108,46901,24,5010,1,131966,1,7655,1,0,0,0,0,0,0,0,0,0,0,0,0,4990,1,23926,1,408351,1,24467,1,15963,1,58,1,9570,1,4524,1,16021,1,9570,1,0,1,1240,1,1,1,0,1
70,17769200,4535,9570,29.107445,,0,11,9,108,42728,1333,3096,17726472,16,182,70,1,25209,1,20,1,467275,1,3227703,1,122006,1,13870862,1,13326,1,475641,1,10250,4,520779,4,79244,4,4293368,4,8429871,8,12664225,108,55918,24,3757,1,51921,1,4699,1,0,0,0,0,0,0,0,0,0,0,0,0,5431,1,24938,1,411297,1,25299,1,16066,1,69,1,9570,1,4535,1,16135,1,9570,1,0,1,1240,1,1,1,0,1
71,17955800,4528,9570,28.912266,,0,11,9,108,54399,1303,2996,17901401,16,182,70,1,24818,1,100,1,464730,1,3295344,1,126595,1,13975966,1,13777,1,527312,1,9298,4,530989,4,66479,4,4314779,4,8454950,8,12728930,108,37803,24,3978,1,60066,1,6813,1,0,0,0,0,0,0,0,0,0,0,0,0,5050,1,25870,1,408151,1,25139,1,16175,1,47,1,9570,1,4528,1,16222,1,9570,1,0,1,1240,1,1,1,0,1
72,18194500,4533,9570,28.714361,,0,11,9,108,52343,1713,2746,18142157,16,182,140,1,28996,1,30,1,534105,1,3295104,1,122077,1,14147899,1,13807,1,661522,1,13847,4,527622,4,72480,4,4324819,4,8483105,8,12780219,108,24958,24,3968,1,54445,1,4378,1,0,0,0,0,0,0,0,0,0,0,0,0,6493,1,25770,1,462376,1,39096,1,16235,1,31,1,9570,1,4533,1,16266,1,9570,1,0,1,1240,1,1,1,0,1
73,18236100,4529,9570,28.745474,,0,10,9,108,74475,1693,2595,18161625,16,170,291,1,25780,1,80,1,473427,1,3429123,1,124912,1,14093934,1,14077,1,578952,1,17604,4,528043,4,74294,4,4322845,4,8500228,8,12802272,108,18205,12,4849,1,59956,1,5471,1,0,0,0,0,0,0,0,0,0,0,0,0,5621,1,28495,1,410796,1,27213,1,16290,1,23,1,9570,1,4529,1,16313,1,9570,1,0,1,1240,1,1,1,0,1
74,18183800,4530,9570,28.77165,,0,11,9,108,44559,1954,2466,18139241,16,182,80,1,25229,1,90,1,478196,1,3409135,1,172023,1,14040811,1,13676,1,573391,1,11172,4,523965,4,66679,4,4331431,4,8469238,8,12763807,108,34396,24,4268,1,54085,1,4629,1,0,0,0,0,0,0,0,0,0,0,0,0,5781,1,26642,1,410595,1,34737,1,16318,1,43,1,9570,1,4530,1,16361,1,9570,1,0,1,1240,1,1,1,0,1
75,17893000,4529,9570,28.79591,,0,10,9,108,42207,1343,2735,17850793,16,170,50,1,25379,1,40,1,468397,1,3264655,1,121555,1,13957570,1,13145,1,523204,1,8537,4,536409,4,66639,4,4312485,4,8447405,8,12733829,108,23325,12,3948,1,54425,1,3176,1,0,0,0,0,0,0,0,0,0,0,0,0,5160,1,25630,1,409283,1,28114,1,16337,1,30,1,9570,1,4529,1,16367,1,9570,1,0,1,1240,1,1,1,0,1
76,17938300,4524,9570,28.816788,,0,10,9,108,46378,1683,2505,17891922,16,170,150,1,24648,1,70,1,462626,1,3248904,1,122297,1,14020101,1,13125,1,528414,1,10180,4,532421,4,70917,4,4336231,4,8481822,8,12796400,108,19147,12,4449,1,49285,1,4699,1,0,0,0,0,0,0,0,0,0,0,0,0,5611,1,23796,1,408081,1,24898,1,16366,1,24,1,9570,1,4524,1,16390,1,9570,1,0,1,1240,1,1,1,0,1
77,17984100,4517,9570,28.83433,,0,10,9,108,46159,1814,2655,17937941,16,170,10,1,26060,1,90,1,466885,1,3219427,1,119902,1,14089857,1,15710,1,601345,1,11282,4,535277,4,73783,4,4326291,4,8463116,8,12768547,108,18205,12,3717,1,68914,1,4318,1,0,0,0,0,0,0,0,0,0,0,0,0,5400,1,26451,1,406307,1,28465,1,16419,1,23,1,9570,1,4517,1,16442,1,9570,1,0,1,1240,1,1,1,0,1
78,18887700,4520,9570,28.848581,,0,10,9,108,59313,2264,3627,18828387,16,170,802,1,35018,1,100,1,628037,1,3580647,1,117377,1,14453040,1,13366,1,544335,1,12705,4,512924,4,67270,4,4406557,4,8824145,8,13215272,108,11803,12,3958,1,74785,1,4098,1,0,0,0,0,0,0,0,0,0,0,0,0,7635,1,36000,1,542822,1,40579,1,16423,1,15,1,9570,1,4520,1,16438,1,9570,1,0,1,1240,1,1,1,0,1
79,18011200,4514,9568,28.862343,,0,10,9,108,50074,1543,2675,17961126,16,170,321,1,35509,1,130,1,575665,1,3195210,1,119331,1,14021815,1,13145,1,535217,1,9518,4,540958,4,65878,4,4325690,4,8482714,8,12777674,108,28054,12,4258,1,52502,1,3537,1,0,0,0,0,0,0,0,0,0,0,0,0,6733,1,30329,1,505920,1,32122,1,16435,1,36,1,9568,1,4514,1,16471,1,9568,1,0,1,1240,1,1,1,0,1
80,17829000,4519,9568,28.873486,,0,10,9,108,40308,1232,2555,17788692,16,170,190,1,24307,1,220,1,474259,1,3174370,1,115975,1,13986176,1,13196,1,472375,1,9619,4,537481,4,68893,4,4347893,4,8492954,8,12800969,108,37322,12,3447,1,48334,1,3948,1,0,0,0,0,0,0,0,0,0,0,0,0,5891,1,24317,1,409744,1,34016,1,16444,1,47,1,9568,1,4519,1,16491,1,9568,1,0,1,1240,1,1,1,0,1
81,17964500,4518,9568,28.88324,,0,10,9,108,44754,1934,2706,17919746,16,170,291,1,24578,1,90,1,462225,1,3250868,1,118459,1,14049498,1,13737,1,537561,1,12955,4,533123,4,70346,4,4345098,4,8486190,8,12807161,108,21422,12,4749,1,53233,1,4308,1,0,0,0,0,0,0,0,0,0,0,0,0,5000,1,24197,1,405796,1,27002,1,16476,1,27,1,9568,1,4518,1,16503,1,9568,1,0,1,1240,1,1,1,0,1
82,18237700,4518,9568,28.892859,,0,10,9,108,60555,1854,2956,18177145,16,170,130,1,24668,1,100,1,457486,1,3241800,1,138057,1,14299753,1,15149,1,689486,1,11683,4,553352,4,68944,4,4381629,4,8469969,8,12823854,108,24788,12,4829,1,111326,1,6683,1,0,0,0,0,0,0,0,0,0,0,0,0,5110,1,24467,1,402961,1,24708,1,16476,1,31,1,9568,1,4518,1,16507,1,9568,1,0,1,1240,1,1,1,0,1
83,18226700,4516,9568,28.90075,,0,10,9,108,57816,1192,2796,18168884,16,170,271,1,28175,1,90,1,472115,1,3243464,1,114873,1,14296672,1,13226,1,487545,1,11031,4,546910,4,66739,4,4326883,4,8798741,8,13100204,108,22624,12,3787,1,49376,1,4469,1,0,0,0,0,0,0,0,0,0,0,0,0,6162,1,27082,1,413321,1,25139,1,16487,1,28,1,9568,1,4516,1,16515,1,9568,1,0,1,1240,1,1,1,0,1
84,17869000,4517,9567,28.907646,,0,10,9,108,44809,1333,2795,17824191,16,170,80,1,24608,1,110,1,458218,1,3194008,1,119421,1,14014470,1,13276,1,510669,1,8907,4,517262,4,76037,4,4342683,4,8500147,8,12820197,108,19838,12,3377,1,50287,1,3767,1,0,0,0,0,0,0,0,0,0,0,0,0,5591,1,24277,1,403542,1,24487,1,16504,1,24,1,9567,1,4517,1,16528,1,9567,1,0,1,1240,1,1,1,0,1
85,17800100,4508,9565,28.914537,,0,10,9,108,43810,1303,2545,17756290,16,170,50,1,24898,1,10,1,460582,1,3174961,1,118449,1,13963812,1,13526,1,479880,1,10981,4,515419,4,69925,4,4338886,4,8488715,8,12799747,108,25309,12,3367,1,51189,1,4148,1,0,0,0,0,0,0,0,0,0,0,0,0,5611,1,24638,1,405015,1,25109,1,16470,1,32,1,9565,1,4508,1,16502,1,9565,1,0,1,1240,1,1,1,0,1
86,17976800,4519,9565,28.920815,,0,10,9,108,46143,1503,2575,17930657,16,170,130,1,24387,1,80,1,457286,1,3287369,1,116205,1,14031594,1,13606,1,526881,1,9719,4,536109,4,65347,4,4330700,4,8498645,8,12806370,108,20400,12,3627,1,55127,1,3938,1,0,0,0,0,0,0,0,0,0,0,0,0,5020,1,24558,1,401899,1,25449,1,16503,1,26,1,9565,1,4519,1,16529,1,9565,1,0,1,1240,1,1,1,0,1
87,17887300,4516,9565,28.92588,,0,10,9,108,57087,1553,2435,17830213,16,170,150,1,25479,1,50,1,458067,1,3174761,1,130463,1,14022696,1,18546,1,550126,1,9078,4,518394,4,68142,4,4334948,4,8484888,8,12797072,108,20329,12,3507,1,47943,1,4118,1,0,0,0,0,0,0,0,0,0,0,0,0,5140,1,24387,1,402510,1,25459,1,16480,1,26,1,9565,1,4516,1,16506,1,9565,1,0,1,1240,1,1,1,0,1
88,17890000,4518,9565,28.930962,,0,10,9,108,57603,1533,2856,17832397,16,170,80,1,32002,1,50,1,459290,1,3215299,1,122117,1,13986406,1,17153,1,507213,1,12384,4,518585,4,66659,4,4340669,4,8478997,8,12794286,108,22524,12,3697,1,53053,1,3617,1,0,0,0,0,0,0,0,0,0,0,0,0,5621,1,22964,1,405395,1,25059,1,16493,1,28,1,9565,1,4518,1,16521,1,9565,1,0,1,1240,1,1,1,0,1
89,17845600,4519,9565,28.935617,,0,10,9,108,44644,1723,2505,17800956,16,170,70,1,32142,1,120,1,464560,1,3167106,1,117558,1,14006024,1,13376,1,503255,1,9849,4,518755,4,66228,4,4347873,4,8500468,8,12826789,108,19047,12,3357,1,48664,1,5851,1,0,0,0,0,0,0,0,0,0,0,0,0,5731,1,23375,1,410325,1,24828,1,16514,1,24,1,9565,1,4519,1,16538,1,9565,1,0,1,1240,1,1,1,0,1
90,17790000,4514,9565,28.939785,,0,11,9,108,39311,1463,2956,17750689,16,182,110,1,24177,1,150,1,472085,1,3176855,1,117508,1,13946419,1,13386,1,467115,1,8076,4,517603,4,68483,4,4337774,4,8491962,8,12802462,108,24317,24,3226,1,47692,1,3026,1,0,0,0,0,0,0,0,0,0,0,0,0,5190,1,24688,1,415735,1,26251,1,16497,1,31,1,9565,1,4514,1,16528,1,9565,1,0,1,1240,1,1,1,0,1
91,17897500,4516,9565,28.943506,,0,10,9,108,43591,1523,2787,17853909,16,170,130,1,24427,1,100,1,467045,1,3197675,1,117397,1,14033307,1,13827,1,487224,1,11512,4,519456,4,67531,4,4363393,4,8512592,8,12851997,108,21201,12,4048,1,61820,1,4208,1,0,0,0,0,0,0,0,0,0,0,0,0,5511,1,23415,1,406838,1,31060,1,16544,1,27,1,9565,1,4516,1,16571,1,9565,1,0,1,1240,1,1,1,0,1
92,18195500,4512,9565,28.946703,,0,10,9,108,57761,1623,2605,18137739,16,170,50,1,26010,1,180,1,477705,1,3294352,1,120383,1,14204438,1,14618,1,631113,1,10100,4,537772,4,67090,4,4359035,4,8522962,8,12852449,108,26942,12,3487,1,66349,1,4910,1,0,0,0,0,0,0,0,0,0,0,0,0,5390,1,25469,1,414633,1,31852,1,16538,1,34,1,9565,1,4512,1,16572,1,9565,1,0,1,1240,1,1,1,0,1
93,18711500,4508,9565,28.949604,,0,10,9,108,107458,1793,3126,18604042,16,170,40,1,58744,1,230,1,610182,1,3448872,1,154549,1,14310253,1,21171,1,705968,1,12444,4,557991,4,66709,4,4380577,4,8523623,8,12874812,108,26261,12,3948,1,52632,1,4569,1,0,0,0,0,0,0,0,0,0,0,0,0,11713,1,32864,1,531630,1,33054,1,16531,1,34,1,9565,1,4508,1,16565,1,9565,1,0,1,1240,1,1,1,0,1
94,18275300,4522,9565,28.952375,,0,10,9,108,105970,1232,2735,18169330,16,170,471,1,26622,1,160,1,593981,1,3276407,1,172915,1,14077863,1,20911,1,538032,1,9027,4,517773,4,66509,4,4373813,4,8513784,8,12854203,108,30659,12,4459,1,50187,1,3046,1,0,0,0,0,0,0,0,0,0,0,0,0,10210,1,31621,1,516781,1,34116,1,16525,1,39,1,9565,1,4522,1,16564,1,9565,1,0,1,1240,1,1,1,0,1
95,18272500,4519,9565,28.954878,,0,10,9,108,97990,1593,2536,18174510,16,170,110,1,27092,1,230,1,649268,1,3261318,1,152415,1,14060219,1,23856,1,547761,1,10841,4,541048,4,68423,4,4350639,4,8482423,8,12804165,108,26361,12,4469,1,49285,1,3737,1,0,0,0,0,0,0,0,0,0,0,0,0,8396,1,33735,1,574182,1,32172,1,16552,1,34,1,9565,1,4519,1,16586,1,9565,1,0,1,1240,1,1,1,0,1
96,18265100,4521,9565,28.957104,,0,10,9,108,76828,1734,2936,18188272,16,170,431,1,26792,1,621,1,474319,1,3328478,1,115674,1,14228610,1,13346,1,515499,1,10340,4,524256,4,65917,4,4340729,4,8710560,8,13018165,108,30188,12,4489,1,52321,1,2765,1,0,0,0,0,0,0,0,0,0,0,0,0,5360,1,25059,1,415495,1,27644,1,16560,1,40,1,9565,1,4521,1,16600,1,9565,1,0,1,1240,1,1,1,0,1
97,17851600,4517,9565,28.9592,,0,10,9,108,56365,1643,2785,17795235,16,170,331,1,24327,1,140,1,474890,1,3197234,1,119271,1,13965646,1,13396,1,456494,1,10210,4,519797,4,65667,4,4353524,4,8506500,8,12821730,108,35509,12,4188,1,42993,1,4629,1,0,0,0,0,0,0,0,0,0,0,0,0,5741,1,22794,1,415896,1,30038,1,16549,1,46,1,9565,1,4517,1,16595,1,9565,1,0,1,1240,1,1,1,0,1
98,17807700,4515,9565,28.960983,,0,10,9,108,67442,1713,2906,17740258,16,170,611,1,24638,1,130,1,475070,1,3173318,1,116125,1,13933644,1,16722,1,401277,1,11001,4,519827,4,65818,4,4353624,4,8530106,8,12850064,108,30760,12,3948,1,43635,1,2695,1,0,0,0,0,0,0,0,0,0,0,0,0,5911,1,25159,1,418350,1,25039,1,16575,1,40,1,9565,1,4515,1,16615,1,9565,1,0,1,1240,1,1,1,0,1
99,17825400,4520,9565,28.96278,,0,10,9,108,43110,1142,3077,17782290,16,170,261,1,31782,1,130,1,465231,1,3156566,1,116015,1,13998199,1,14107,1,471002,1,7705,4,519226,4,65437,4,4366048,4,8517441,8,12855194,108,25219,12,4328,1,43083,1,2785,1,0,0,0,0,0,0,0,0,0,0,0,0,6012,1,24678,1,409423,1,24798,1,16589,1,32,1,9565,1,4520,1,16621,1,9565,1,0,1,1240,1,1,1,0,1
100,17807900,4521,9564,28.964386,,0,10,9,108,42633,1313,2716,17765267,16,170,291,1,24247,1,20,1,465792,1,3151065,1,114592,1,13994672,1,14588,1,416377,1,11212,4,550897,4,69525,4,4365467,4,8517050,8,12849273,108,30529,12,5711,1,54275,1,2846,1,0,0,0,0,0,0,0,0,0,0,0,0,5651,1,24738,1,410084,1,25099,1,16587,1,39,1,9564,1,4521,1,16626,1,9564,1,0,1,1240,1,1,1,0,1
101,18312500,4521,9564,28.965906,,0,10,9,108,48787,2355,2756,18263713,16,170,331,1,26171,1,60,1,465672,1,3444223,1,134320,1,14178298,1,14638,1,546018,1,12364,4,546138,4,92329,4,4382009,4,8529514,8,12883429,108,25339,12,5280,1,58604,1,3687,1,0,0,0,0,0,0,0,0,0,0,0,0,5881,1,25980,1,407129,1,26291,1,16610,1,32,1,9564,1,4521,1,16642,1,9564,1,0,1,1240,1,1,1,0,1
102,18394400,4521,9563,28.967402,,0,10,9,108,51334,2966,2746,18343066,16,170,170,1,26010,1,200,1,472576,1,3321284,1,119782,1,14387934,1,15109,1,711268,1,19067,4,544976,4,83502,4,4368042,4,8539544,8,12870534,108,34306,12,4188,1,104382,1,9999,1,0,0,0,0,0,0,0,0,0,0,0,0,5721,1,27153,1,407640,1,31862,1,16608,1,44,1,9563,1,4521,1,16652,1,9563,1,0,1,1240,1,1,1,0,1
103,18249600,4520,9563,28.968788,,0,10,9,108,52206,1313,2726,18197394,16,170,471,1,30188,1,180,1,490420,1,3440996,1,134030,1,14087782,1,13326,1,467155,1,8376,4,543523,4,72961,4,4377521,4,8565003,8,12904540,108,35258,12,3727,1,45438,1,2765,1,0,0,0,0,0,0,0,0,0,0,0,0,11562,1,35930,1,407029,1,34858,1,16622,1,45,1,9563,1,4520,1,16667,1,9563,1,0,1,1240,1,1,1,0,1
104,18188100,4522,9563,28.969984,,0,10,9,108,72845,1894,2545,18115255,16,170,100,1,25600,1,40,1,474429,1,3318549,1,126365,1,14149422,1,20750,1,527943,1,7885,4,523755,4,68944,4,4394684,4,8568790,8,12919809,108,41120,12,4869,1,47542,1,3116,1,0,0,0,0,0,0,0,0,0,0,0,0,12825,1,27283,1,404534,1,29577,1,16622,1,53,1,9563,1,4522,1,16675,1,9563,1,0,1,1240,1,1,1,0,1
105,18940000,4518,9563,28.971111,,0,10,9,108,77563,4078,4799,18862437,16,170,321,1,27714,1,220,1,469560,1,3195120,1,163206,1,14980367,1,25930,1,595884,1,45789,4,604952,4,76178,4,4487794,4,9002736,8,13447246,108,38485,12,8727,1,132216,1,22013,1,0,0,0,0,0,0,0,0,0,0,0,0,5781,1,27473,1,405365,1,30459,1,16621,1,49,1,9563,1,4518,1,16670,1,9563,1,0,1,1240,1,1,1,0,1
106,18513400,4521,9563,28.97221,,0,10,9,108,61563,2765,2816,18451837,16,170,541,1,31581,1,631,1,486843,1,3499119,1,135362,1,14283241,1,14518,1,629920,1,13596,4,527943,4,82740,4,4385707,4,8560905,8,12910471,108,33325,12,4158,1,69435,1,6072,1,0,0,0,0,0,0,0,0,0,0,0,0,7324,1,29938,1,418140,1,30730,1,16635,1,42,1,9563,1,4521,1,16677,1,9563,1,0,1,1240,1,1,1,0,1
107,18318400,4523,9563,28.97325,,0,10,9,108,53094,1543,2866,18265306,16,170,932,1,27042,1,120,1,476022,1,3412231,1,120213,1,14214949,1,13797,1,541008,1,8807,4,525839,4,68072,4,4414572,4,8598097,8,12978734,108,31070,12,4459,1,49596,1,2956,1,0,0,0,0,0,0,0,0,0,0,0,0,5711,1,30569,1,411908,1,27423,1,16652,1,40,1,9563,1,4523,1,16692,1,9563,1,0,1,1240,1,1,1,0,1
108,18396800,4515,9562,28.974203,,0,10,9,108,78862,2565,2785,18317938,16,170,401,1,25660,1,120,1,477675,1,3392021,1,118089,1,14286127,1,17845,1,487955,1,11362,4,530197,4,67962,4,4435663,4,8691017,8,13090611,108,33284,12,4499,1,50558,1,4348,1,0,0,0,0,0,0,0,0,0,0,0,0,6042,1,25389,1,419352,1,26071,1,16660,1,41,1,9562,1,4515,1,16701,1,9562,1,0,1,1240,1,1,1,0,1
109,18725800,4517,9562,28.975157,,0,10,9,108,61571,2365,2896,18664229,16,170,451,1,36320,1,150,1,659187,1,3467317,1,123369,1,14355792,1,21642,1,518474,1,9308,4,534516,4,69455,4,4438298,4,8713912,8,13111721,108,37593,12,4739,1,59445,1,5280,1,0,0,0,0,0,0,0,0,0,0,0,0,7324,1,35328,1,568211,1,47252,1,16684,1,47,1,9562,1,4517,1,16731,1,9562,1,0,1,1240,1,1,1,0,1
110,19419700,4516,9562,28.976004,,0,10,9,108,84024,2645,4990,19335676,16,170,321,1,39747,1,40,1,472876,1,3467488,1,125994,1,15210674,1,18536,1,584663,1,19378,4,679627,4,78171,4,4747387,4,9024119,8,13737620,108,28896,12,4098,1,62321,1,8266,1,0,0,0,0,0,0,0,0,0,0,0,0,6262,1,25089,1,414333,1,26802,1,16690,1,36,1,9562,1,4516,1,16726,1,9562,1,0,1,1240,1,1,1,0,1
111,18624300,4515,9562,28.976778,,0,10,9,108,65586,2545,2596,18558714,16,170,401,1,36441,1,160,1,594953,1,3434013,1,175189,1,14296437,1,21121,1,554244,1,8617,4,526781,4,66148,4,4436816,4,8638295,8,13047526,108,24988,12,4218,1,56049,1,2725,1,0,0,0,0,0,0,0,0,0,0,0,0,7585,1,32192,1,519216,1,35038,1,16691,1,32,1,9562,1,4515,1,16723,1,9562,1,0,1,1240,1,1,1,0,1
112,19034300,4519,9562,28.977486,,0,10,9,108,65982,2485,2986,18968318,16,170,220,1,37853,1,80,1,632606,1,3557101,1,129200,1,14591368,1,19889,1,641363,1,10019,4,529315,4,70036,4,4490159,4,8688302,8,13143743,108,31731,12,8837,1,142085,1,8767,1,0,0,0,0,0,0,0,0,0,0,0,0,8857,1,33655,1,553843,1,35278,1,16685,1,40,1,9562,1,4519,1,16725,1,9562,1,0,1,1240,1,1,1,0,1
113,18471300,4520,9562,28.978231,,0,10,9,108,62486,2445,2916,18408814,16,170,571,1,35679,1,371,1,611855,1,3368285,1,127747,1,14249997,1,14308,1,532562,1,13536,4,532291,4,67401,4,4409142,4,8639768,8,13016066,108,29928,12,4258,1,45979,1,2615,1,0,0,0,0,0,0,0,0,0,0,0,0,8036,1,36000,1,522622,1,43614,1,16698,1,38,1,9562,1,4520,1,16736,1,9562,1,0,1,1240,1,1,1,0,1
114,18140700,4520,9562,28.97893,,0,10,9,108,55794,2385,3147,18084906,16,170,391,1,25359,1,160,1,477265,1,3330833,1,115353,1,14121678,1,13867,1,455583,1,7655,4,525688,4,67551,4,4410695,4,8604930,8,12980536,108,31942,12,3817,1,40549,1,2825,1,0,0,0,0,0,0,0,0,0,0,0,0,6222,1,24628,1,414613,1,31050,1,16706,1,40,1,9562,1,4520,1,16746,1,9562,1,0,1,1240,1,1,1,0,1
115,17966000,4519,9561,28.979557,,0,10,9,108,39681,1202,2555,17926319,16,170,220,1,25189,1,170,1,466895,1,3176975,1,116105,1,14127690,1,13075,1,435864,1,8056,4,543663,4,66799,4,4402449,4,8618477,8,12989545,108,28826,12,3326,1,45228,1,2625,1,0,0,0,0,0,0,0,0,0,0,0,0,5871,1,23836,1,411688,1,25179,1,16724,1,36,1,9561,1,4519,1,16760,1,9561,1,0,1,1240,1,1,1,0,1
116,18613400,4526,9561,28.980162,,0,10,9,108,70141,1693,3057,18543259,16,170,110,1,26451,1,301,1,593510,1,3339169,1,114281,1,14455791,1,13646,1,456955,1,12154,4,562329,4,67491,4,4455021,4,8841995,8,13261616,108,32343,12,3878,1,51490,1,2785,1,0,0,0,0,0,0,0,0,0,0,0,0,7424,1,33395,1,520158,1,32062,1,16733,1,40,1,9561,1,4526,1,16773,1,9561,1,0,1,1240,1,1,1,0,1
117,17908900,4519,9561,28.980728,,0,10,9,108,40313,1433,2486,17868587,16,170,381,1,24507,1,261,1,464139,1,3140825,1,116836,1,14108493,1,13145,1,460943,1,8907,4,524927,4,65567,4,4398421,4,8601003,8,12965297,108,31641,12,4228,1,38685,1,4378,1,0,0,0,0,0,0,0,0,0,0,0,0,5641,1,23576,1,409113,1,24928,1,16723,1,40,1,9561,1,4519,1,16763,1,9561,1,0,1,1240,1,1,1,0,1
118,17848400,4521,9561,28.981266,,0,10,9,108,55049,1262,2816,17793351,16,170,220,1,24467,1,10,1,461775,1,3119564,1,114903,1,14055720,1,16692,1,406157,1,7805,4,524216,4,66208,4,4405615,4,8598057,8,12969385,108,31471,12,3677,1,40178,1,2545,1,0,0,0,0,0,0,0,0,0,0,0,0,5701,1,23195,1,408000,1,24507,1,16755,1,40,1,9561,1,4521,1,16795,1,9561,1,0,1,1240,1,1,1,0,1
119,17895200,4517,9561,28.981787,,0,10,9,108,44237,1142,2556,17850963,16,170,220,1,30850,1,20,1,463318,1,3136176,1,115925,1,14091159,1,13296,1,443399,1,7484,4,526069,4,66449,4,4404984,4,8588649,8,12962863,108,28215,12,3587,1,46650,1,2745,1,0,0,0,0,0,0,0,0,0,0,0,0,5210,1,22884,1,408151,1,26662,1,16748,1,36,1,9561,1,4517,1,16784,1,9561,1,0,1,1240,1,1,1,0,1
120,17939000,4523,9561,28.982262,,0,10,9,108,58530,1443,2536,17880470,16,170,170,1,24688,1,40,1,462526,1,3130936,1,114903,1,14130265,1,16943,1,426206,1,8186,4,546238,4,67100,4,4406928,4,8609720,8,12982440,108,31671,12,5300,1,56610,1,2535,1,0,0,0,0,0,0,0,0,0,0,0,0,5861,1,23115,1,407319,1,26010,1,16776,1,40,1,9561,1,4523,1,16816,1,9561,1,0,1,1240,1,1,1,0,1
121,19167000,4523,9561,28.98269,,0,10,9,108,100937,2325,4559,19066063,16,170,1713,1,43304,1,220,1,605503,1,3343698,1,115945,1,14934149,1,21532,1,487615,1,15580,4,553512,4,70116,4,4483616,4,9239186,8,13686111,108,32132,12,4419,1,69364,1,8416,1,0,0,0,0,0,0,0,0,0,0,0,0,11913,1,29948,1,522723,1,40228,1,16768,1,40,1,9561,1,4523,1,16808,1,9561,1,0,1,1240,1,1,1,0,1
122,18499100,4521,9561,28.983118,,0,10,9,108,66610,1994,2696,18432490,16,170,271,1,32964,1,80,1,597648,1,3435245,1,116816,1,14235839,1,13626,1,526550,1,8977,4,526069,4,67441,4,4404523,4,8639527,8,13012770,108,28585,12,4409,1,53353,1,2996,1,0,0,0,0,0,0,0,0,0,0,0,0,7705,1,31481,1,515158,1,42031,1,16780,1,36,1,9561,1,4521,1,16816,1,9561,1,0,1,1240,1,1,1,0,1
123,18041900,4522,9561,28.98351,,0,10,9,108,47860,1483,2535,17994040,16,170,140,1,25339,1,40,1,465802,1,3227703,1,115243,1,14146085,1,13687,1,566237,1,8637,4,523795,4,65317,4,4383592,4,8549233,8,12899320,108,30970,12,3296,1,41290,1,3206,1,0,0,0,0,0,0,0,0,0,0,0,0,5891,1,24207,1,409754,1,25660,1,16773,1,40,1,9561,1,4522,1,16813,1,9561,1,0,1,1240,1,1,1,0,1
124,18351200,4518,9561,28.98387,,0,10,9,108,62183,1413,2736,18289017,16,170,271,1,30168,1,130,1,599291,1,3223575,1,115183,1,14306922,1,13476,1,442848,1,11963,4,569443,4,66719,4,4386759,4,8768112,8,13132587,108,19548,12,4589,1,52422,1,2655,1,0,0,0,0,0,0,0,0,0,0,0,0,11472,1,29667,1,524276,1,33345,1,16794,1,24,1,9561,1,4518,1,16818,1,9561,1,0,1,1240,1,1,1,0,1
125,17911400,4521,9561,28.984217,,0,10,9,108,40969,1222,2496,17870431,16,170,70,1,24477,1,110,1,466303,1,3176043,1,118109,1,14071872,1,13446,1,462807,1,8607,4,525037,4,64976,4,4389444,4,8573670,8,12942052,108,18566,12,3577,1,38845,1,3687,1,0,0,0,0,0,0,0,0,0,0,0,0,5811,1,23015,1,405035,1,31932,1,16816,1,24,1,9561,1,4521,1,16840,1,9561,1,0,1,1240,1,1,1,0,1
126,17871600,4521,9561,28.984558,,0,10,9,108,62739,1353,2625,17808861,16,170,120,1,24277,1,120,1,467796,1,3112169,1,113289,1,14070419,1,20670,1,415605,1,8597,4,522693,4,65938,4,4409232,4,8595011,8,12982681,108,18937,12,3817,1,45558,1,2615,1,0,0,0,0,0,0,0,0,0,0,0,0,5320,1,24277,1,408081,1,29738,1,16826,1,24,1,9561,1,4521,1,16850,1,9561,1,0,1,1240,1,1,1,0,1
127,18717500,4517,9561,28.98485,,0,10,9,108,64248,1653,2636,18653252,16,170,271,1,27563,1,691,1,596626,1,3584670,1,142035,1,14286648,1,14749,1,562189,1,10130,4,537782,4,67411,4,4412619,4,8644788,8,13035483,108,19287,12,3938,1,42943,1,3196,1,0,0,0,0,0,0,0,0,0,0,0,0,7414,1,28916,1,519506,1,39977,1,16852,1,24,1,9561,1,4517,1,16876,1,9561,1,0,1,1240,1,1,1,0,1
128,18135600,4522,9561,28.98514,,0,10,9,108,51135,1453,2665,18084465,16,170,110,1,25700,1,180,1,469890,1,3220910,1,117949,1,14234086,1,15640,1,518204,1,10731,4,523073,4,66829,4,4428810,4,8611844,8,13015535,108,22453,12,5000,1,63553,1,4589,1,0,0,0,0,0,0,0,0,0,0,0,0,6042,1,26111,1,406227,1,30990,1,16842,1,28,1,9561,1,4522,1,16870,1,9561,1,0,1,1240,1,1,1,0,1
129,17999700,4521,9561,28.98541,,0,10,9,108,48683,1152,2566,17951017,16,170,351,1,32112,1,471,1,487003,1,3175712,1,120654,1,14121698,1,13015,1,439271,1,10651,4,528644,4,66198,4,4416526,4,8614549,8,13006416,108,22093,12,3807,1,38344,1,2555,1,0,0,0,0,0,0,0,0,0,0,0,0,10370,1,35178,1,407700,1,32513,1,16861,1,28,1,9561,1,4521,1,16889,1,9561,1,0,1,1240,1,1,1,0,1
130,18689100,4519,9560,28.98568,,0,10,9,108,55987,2044,3738,18633113,16,170,641,1,23766,1,110,1,457106,1,3189329,1,216399,1,14731795,1,13967,1,669036,1,11693,4,666371,4,76739,4,4586010,4,8660117,8,13220036,108,22353,12,4178,1,52712,1,2896,1,0,0,0,0,0,0,0,0,0,0,0,0,5581,1,23996,1,402720,1,24447,1,16862,1,28,1,9560,1,4519,1,16890,1,9560,1,0,1,1240,1,1,1,0,1
131,18300700,4526,9559,28.98593,,0,10,9,108,59210,2685,2595,18241490,16,170,40,1,25239,1,90,1,465101,1,3186213,1,127988,1,14421980,1,14839,1,612186,1,11422,4,565766,4,69946,4,4494567,4,8581154,8,13048188,108,24938,12,4579,1,73873,1,5801,1,0,0,0,0,0,0,0,0,0,0,0,0,6132,1,25139,1,401919,1,31601,1,16896,1,32,1,9559,1,4526,1,16928,1,9559,1,0,1,1240,1,1,1,0,1
132,18371100,4524,9559,28.986149,,0,10,9,108,50477,1613,2675,18320623,16,170,661,1,31491,1,170,1,588129,1,3436488,1,117578,1,14132449,1,13656,1,459831,1,11262,4,525548,4,66238,4,4413671,4,8605011,8,12990937,108,25069,12,3857,1,42402,1,3016,1,0,0,0,0,0,0,0,0,0,0,0,0,7675,1,29317,1,510970,1,39316,1,16900,1,32,1,9559,1,4524,1,16932,1,9559,1,0,1,1240,1,1,1,0,1
133,17969700,4516,9559,28.98636,,0,10,9,108,45726,1503,2576,17923974,16,170,220,1,24548,1,200,1,470291,1,3212233,1,116095,1,14086690,1,13697,1,438880,1,8246,4,526169,4,70386,4,4407088,4,8586144,8,12967832,108,22824,12,4118,1,40879,1,3276,1,0,0,0,0,0,0,0,0,0,0,0,0,5891,1,22734,1,408882,1,32423,1,16892,1,28,1,9559,1,4516,1,16920,1,9559,1,0,1,1240,1,1,1,0,1
134,17905400,4520,9559,28.98657,,0,10,9,108,59166,1252,2515,17846234,16,170,321,1,24898,1,100,1,462215,1,3146957,1,115263,1,14076220,1,20259,1,397510,1,8306,4,523755,4,66900,4,4417849,4,8605912,8,12998933,108,22313,12,3547,1,48624,1,2565,1,0,0,0,0,0,0,0,0,0,0,0,0,6192,1,23155,1,408191,1,24317,1,16901,1,28,1,9559,1,4520,1,16929,1,9559,1,0,1,1240,1,1,1,0,1
135,17950400,4522,9559,28.986776,,0,10,9,108,43869,1272,2675,17906531,16,170,110,1,26531,1,20,1,467025,1,3123782,1,113450,1,14162237,1,13376,1,426967,1,8506,4,542401,4,67250,4,4405665,4,8661230,8,13043199,108,21021,12,3727,1,41921,1,3296,1,0,0,0,0,0,0,0,0,0,0,0,0,5982,1,22794,1,405656,1,32122,1,16906,1,26,1,9559,1,4522,1,16932,1,9559,1,0,1,1240,1,1,1,0,1
136,18465300,4519,9559,28.986969,,0,10,9,108,63124,1854,3567,18402176,16,170,60,1,24077,1,100,1,456845,1,3181514,1,157655,1,14567808,1,14117,1,574202,1,11943,4,625021,4,65527,4,4405685,4,8821415,8,13199196,108,24337,12,3377,1,54566,1,4218,1,0,0,0,0,0,0,0,0,0,0,0,0,5921,1,23215,1,402750,1,24668,1,16892,1,30,1,9559,1,4519,1,16922,1,9559,1,0,1,1240,1,1,1,0,1
137,17905300,4521,9559,28.987137,,0,10,9,108,39869,1303,2635,17865431,16,170,491,1,24618,1,30,1,457747,1,3158850,1,116596,1,14093714,1,13386,1,415796,1,10059,4,527271,4,65437,4,4407429,4,8615962,8,12993602,108,27153,12,3807,1,43815,1,2835,1,0,0,0,0,0,0,0,0,0,0,0,0,5681,1,23896,1,403221,1,24578,1,16889,1,34,1,9559,1,4521,1,16923,1,9559,1,0,1,1240,1,1,1,0,1
138,17886500,4521,9559,28.9873,,0,10,9,108,41539,1403,2595,17844961,16,170,140,1,24738,1,100,1,463428,1,3136627,1,115414,1,14091460,1,13055,1,450633,1,8086,4,526360,4,65767,4,4393502,4,8599841,8,12963514,108,27233,12,3837,1,39256,1,2775,1,0,0,0,0,0,0,0,0,0,0,0,0,5531,1,23726,1,403953,1,29938,1,16884,1,34,1,9559,1,4521,1,16918,1,9559,1,0,1,1240,1,1,1,0,1
139,17825200,4521,9559,28.987465,,0,10,9,108,42028,1453,2756,17783172,16,170,451,1,24377,1,10,1,458729,1,3095277,1,113450,1,14077663,1,13216,1,391118,1,8186,4,525718,4,69044,4,4417608,4,8614739,8,13001617,108,27974,12,3787,1,42883,1,3126,1,0,0,0,0,0,0,0,0,0,0,0,0,5451,1,23465,1,405265,1,24297,1,16900,1,34,1,9559,1,4521,1,16934,1,9559,1,0,1,1240,1,1,1,0,1
140,17961000,4518,9559,28.987623,,0,10,9,108,45893,1513,2496,17915107,16,170,80,1,24397,1,40,1,459590,1,3140564,1,112478,1,14164110,1,13847,1,447176,1,8156,4,530388,4,67280,4,4401818,4,8636942,8,13009092,108,27173,12,3437,1,62311,1,5090,1,0,0,0,0,0,0,0,0,0,0,0,0,6172,1,22103,1,406067,1,24978,1,16905,1,34,1,9559,1,4518,1,16939,1,9559,1,0,1,1240,1,1,1,0,1
141,18114900,4523,9559,28.987766,,0,10,9,108,47488,1623,2585,18067412,16,170,120,1,25439,1,80,1,468578,1,3209838,1,147937,1,14201603,1,13817,1,511551,1,10019,4,532001,4,66008,4,4411476,4,8606534,8,12983443,108,31982,12,4158,1,53734,1,4499,1,0,0,0,0,0,0,0,0,0,0,0,0,6523,1,24698,1,405786,1,31311,1,16895,1,40,1,9559,1,4523,1,16935,1,9559,1,0,1,1240,1,1,1,0,1
142,17903400,4524,9559,28.987892,,0,10,9,108,43319,2274,2726,17860081,16,170,110,1,24828,1,10,1,461254,1,3154792,1,115885,1,14089987,1,13216,1,451725,1,10971,4,527051,4,66509,4,4398892,4,8578279,8,12944137,108,30309,12,3497,1,46921,1,3867,1,0,0,0,0,0,0,0,0,0,0,0,0,5631,1,24788,1,403482,1,27012,1,16904,1,38,1,9559,1,4524,1,16942,1,9559,1,0,1,1240,1,1,1,0,1
143,17872300,4523,9559,28.98802,,0,10,9,108,42428,1493,2485,17829872,16,170,70,1,25429,1,20,1,461795,1,3098493,1,113871,1,14116588,1,13606,1,471233,1,9609,4,531239,4,65637,4,4408481,4,8567809,8,12943846,108,29958,12,3467,1,52622,1,5000,1,0,0,0,0,0,0,0,0,0,0,0,0,5551,1,24367,1,405335,1,26121,1,16913,1,38,1,9559,1,4523,1,16951,1,9559,1,0,1,1240,1,1,1,0,1
144,17903500,4520,9559,28.988153,,0,10,9,108,41446,2144,3627,17862054,16,170,721,1,26421,1,30,1,461765,1,3148850,1,119712,1,14091329,1,13226,1,448719,1,8997,4,528554,4,69745,4,4403311,4,8571135,8,12940890,108,29928,12,3867,1,51740,1,3116,1,0,0,0,0,0,0,0,0,0,0,0,0,6042,1,24327,1,405486,1,25670,1,16911,1,38,1,9559,1,4520,1,16949,1,9559,1,0,1,1240,1,1,1,0,1
145,17955900,4519,9559,28.98826,,0,10,9,108,44630,1282,2585,17911270,16,170,281,1,25018,1,30,1,457867,1,3155102,1,117608,1,14141537,1,13827,1,481914,1,9839,4,542591,4,67581,4,4397980,4,8582267,8,12950820,108,26842,12,3377,1,50939,1,3767,1,0,0,0,0,0,0,0,0,0,0,0,0,5931,1,23686,1,403612,1,24377,1,16923,1,34,1,9559,1,4519,1,16957,1,9559,1,0,1,1240,1,1,1,0,1
146,18030200,4520,9559,28.988363,,0,10,9,108,59886,1303,2616,17970314,16,170,621,1,24878,1,100,1,466293,1,3148770,1,115784,1,14196263,1,17604,1,554264,1,8917,4,530919,4,66108,4,4392680,4,8576906,8,12942553,108,24417,12,3777,1,57431,1,3958,1,0,0,0,0,0,0,0,0,0,0,0,0,6132,1,23696,1,405576,1,30619,1,16918,1,32,1,9559,1,4520,1,16950,1,9559,1,0,1,1240,1,1,1,0,1
147,18351100,4522,9559,28.988459,,0,10,9,108,59128,1503,2906,18291972,16,170,100,1,28736,1,170,1,609361,1,3189599,1,113670,1,14337091,1,13246,1,465933,1,12314,4,572058,4,66148,4,4387129,4,8785515,8,13145853,108,23886,12,3336,1,39837,1,3316,1,0,0,0,0,0,0,0,0,0,0,0,0,12244,1,30880,1,525318,1,40178,1,16937,1,30,1,9559,1,4522,1,16967,1,9559,1,0,1,1240,1,1,1,0,1
148,17790400,4517,9559,28.988543,,0,10,9,108,41755,1413,2535,17748645,16,170,511,1,23836,1,100,1,461454,1,3106819,1,116766,1,14025943,1,13216,1,431436,1,11532,4,530297,4,67410,4,4388873,4,8536418,8,12902176,108,20580,12,3777,1,49666,1,5120,1,0,0,0,0,0,0,0,0,0,0,0,0,5901,1,23045,1,401548,1,30830,1,16926,1,26,1,9559,1,4517,1,16952,1,9559,1,0,1,1240,1,1,1,0,1
149,17928800,4519,9559,28.988642,,0,10,9,108,42408,1202,2986,17886392,16,170,110,1,25109,1,130,1,467656,1,3133250,1,117738,1,14129193,1,13206,1,447397,1,8456,4,530057,4,78462,4,4411837,4,8595422,8,12982301,108,21973,12,3417,1,50227,1,2715,1,0,0,0,0,0,0,0,0,0,0,0,0,5962,1,23135,1,405856,1,32473,1,16942,1,28,1,9559,1,4519,1,16970,1,9559,1,0,1,1240,1,1,1,0,1
150,17996300,4522,9559,28.98874,,0,10,9,108,42818,1403,3056,17953482,16,170,130,1,24277,1,20,1,466564,1,3178057,1,117568,1,14153730,1,13135,1,496823,1,9438,4,529305,4,67010,4,4400074,4,8593709,8,12972512,108,18215,12,3707,1,48354,1,3908,1,0,0,0,0,0,0,0,0,0,0,0,0,6192,1,22403,1,405405,1,32202,1,16949,1,23,1,9559,1,4522,1,16972,1,9559,1,0,1,1240,1,1,1,0,1
151,18051400,4520,9559,28.98882,,0,10,9,108,42922,1132,2625,18008478,16,170,80,1,24948,1,80,1,455593,1,3127739,1,114682,1,14271609,1,13747,1,591776,1,12224,4,546028,4,67511,4,4387129,4,8562619,8,12929068,108,18055,12,8366,1,88852,1,5972,1,0,0,0,0,0,0,0,0,0,0,0,0,5741,1,23536,1,401107,1,24928,1,16935,1,23,1,9559,1,4520,1,16958,1,9559,1,0,1,1240,1,1,1,0,1
152,18094800,4523,9559,28.988888,,0,10,9,108,51745,1413,2465,18043055,16,170,10,1,25960,1,90,1,470491,1,3254856,1,119021,1,14158710,1,13917,1,541359,1,17654,4,531239,4,68382,4,4394073,4,8544624,8,12913858,108,22373,12,3497,1,51670,1,4799,1,0,0,0,0,0,0,0,0,0,0,0,0,6733,1,27583,1,403091,1,32543,1,16925,1,28,1,9559,1,4523,1,16953,1,9559,1,0,1,1240,1,1,1,0,1
153,18212200,4523,9559,28.988964,,0,10,9,108,59953,2645,2726,18152247,16,170,120,1,24768,1,100,1,458288,1,3248654,1,120994,1,14282500,1,16823,1,546379,1,19087,4,535137,4,67881,4,4386107,4,8576335,8,12937604,108,22113,12,4429,1,132517,1,11983,1,0,0,0,0,0,0,0,0,0,0,0,0,5992,1,24247,1,402249,1,25339,1,16921,1,28,1,9559,1,4523,1,16949,1,9559,1,0,1,1240,1,1,1,0,1
154,18232900,4524,9559,28.989048,,0,10,9,108,45044,1473,2696,18187856,16,170,90,1,25028,1,160,1,476834,1,3334650,1,120954,1,14216712,1,13426,1,583971,1,10611,4,526129,4,73953,4,4397569,4,8561096,8,12933706,108,22263,12,3417,1,54125,1,4368,1,0,0,0,0,0,0,0,0,0,0,0,0,6002,1,27714,1,405556,1,36761,1,16914,1,28,1,9559,1,4524,1,16942,1,9559,1,0,1,1240,1,1,1,0,1
155,18083800,4521,9559,28.989117,,0,10,9,108,45454,1403,2615,18038346,16,170,100,1,24698,1,40,1,459941,1,3256419,1,121856,1,14161676,1,13616,1,557320,1,11492,4,540868,4,66539,4,4373823,4,8547128,8,12896475,108,21862,12,3527,1,55918,1,3657,1,0,0,0,0,0,0,0,0,0,0,0,0,6212,1,24057,1,403742,1,25600,1,16915,1,28,1,9559,1,4521,1,16943,1,9559,1,0,1,1240,1,1,1,0,1
156,17970800,4520,9559,28.989172,,0,10,9,108,46445,1152,2525,17924355,16,170,140,1,25269,1,30,1,455853,1,3213015,1,120483,1,14095768,1,13797,1,533063,1,10260,4,536419,4,65647,4,4375527,4,8513243,8,12865364,108,20880,12,3206,1,53153,1,4098,1,0,0,0,0,0,0,0,0,0,0,0,0,6192,1,24107,1,400666,1,24668,1,16915,1,27,1,9559,1,4520,1,16942,1,9559,1,0,1,1240,1,1,1,0,1
157,17858400,4519,9559,28.989218,,0,10,9,108,43747,1102,2596,17814653,16,170,80,1,25089,1,100,1,460001,1,3155643,1,118099,1,14042385,1,13256,1,499868,1,16101,4,526871,4,68493,4,4379174,4,8491040,8,12846126,108,21492,12,3727,1,51390,1,4619,1,0,0,0,0,0,0,0,0,0,0,0,0,6142,1,23676,1,404423,1,25519,1,16916,1,27,1,9559,1,4519,1,16943,1,9559,1,0,1,1240,1,1,1,0,1
158,17957800,4519,9559,28.98927,,0,10,9,108,44917,1733,2606,17912883,16,170,170,1,25129,1,120,1,464590,1,3201673,1,119752,1,14087542,1,13907,1,517873,1,9288,4,530478,4,65687,4,4375938,4,8517020,8,12869221,108,21131,12,4469,1,56910,1,8146,1,0,0,0,0,0,0,0,0,0,0,0,0,6102,1,23816,1,402891,1,30890,1,16921,1,27,1,9559,1,4519,1,16948,1,9559,1,0,1,1240,1,1,1,0,1
159,18087000,4518,9559,28.98933,,0,10,9,108,40979,1333,2776,18046021,16,170,70,1,25449,1,130,1,477074,1,3276317,1,120804,1,14132710,1,13466,1,546799,1,9629,4,526720,4,71499,4,4391077,4,8526288,8,12896744,108,17845,12,3587,1,51209,1,4569,1,0,0,0,0,0,0,0,0,0,0,0,0,6633,1,25249,1,413211,1,31711,1,16921,1,23,1,9559,1,4518,1,16944,1,9559,1,0,1,1240,1,1,1,0,1
160,18070000,4519,9559,28.989386,,0,10,9,108,48296,1693,2696,18021704,16,170,341,1,24497,1,10,1,460262,1,3218175,1,117708,1,14186133,1,14578,1,548793,1,10470,4,561317,4,70326,4,4414232,4,8508183,8,12901714,108,18005,12,4178,1,59505,1,7434,1,0,0,0,0,0,0,0,0,0,0,0,0,5911,1,24668,1,404043,1,25429,1,16913,1,23,1,9559,1,4519,1,16936,1,9559,1,0,1,1240,1,1,1,0,1
161,18426200,4521,9559,28.989433,,0,10,9,108,56246,2074,3006,18369954,16,170,391,1,25129,1,150,1,463117,1,3353246,1,165992,1,14348162,1,13767,1,626414,1,10380,4,580044,4,66539,4,4376038,4,8621097,8,12975963,108,18165,12,4018,1,56790,1,4769,1,0,0,0,0,0,0,0,0,0,0,0,0,6543,1,24788,1,404554,1,26251,1,16911,1,23,1,9559,1,4521,1,16934,1,9559,1,0,1,1240,1,1,1,0,1
162,17915600,4518,9559,28.989477,,0,10,9,108,38867,1303,2686,17876733,16,170,200,1,25199,1,120,1,460943,1,3228725,1,116426,1,14032045,1,13075,1,488216,1,11041,4,525799,4,67060,4,4368593,4,8516239,8,12864122,108,18025,12,3276,1,47051,1,3467,1,0,0,0,0,0,0,0,0,0,0,0,0,6262,1,24147,1,404644,1,25499,1,16914,1,23,1,9559,1,4518,1,16937,1,9559,1,0,1,1240,1,1,1,0,1
163,17929100,4520,9559,28.989515,,0,10,9,108,44432,1643,2986,17884668,16,170,250,1,24177,1,30,1,463368,1,3178077,1,122908,1,14081791,1,14067,1,500910,1,9749,4,530087,4,72190,4,4384424,4,8519335,8,12882698,108,18075,12,4218,1,55297,1,3938,1,0,0,0,0,0,0,0,0,0,0,0,0,6142,1,23315,1,403281,1,30339,1,16924,1,23,1,9559,1,4520,1,16947,1,9559,1,0,1,1240,1,1,1,0,1
164,17887700,4520,9559,28.989552,,0,10,9,108,41867,1313,2585,17845833,16,170,301,1,25369,1,140,1,465482,1,3214878,1,120403,1,14005854,1,13406,1,500329,1,9308,4,527682,4,68022,4,4367261,4,8477113,8,12823854,108,17935,12,3697,1,47883,1,3246,1,0,0,0,0,0,0,0,0,0,0,0,0,6763,1,24578,1,408010,1,25469,1,16923,1,23,1,9559,1,4520,1,16946,1,9559,1,0,1,1240,1,1,1,0,1
165,17844400,4519,9559,28.989582,,0,10,9,108,47161,1433,2505,17797239,16,170,271,1,24447,1,40,1,469169,1,3159872,1,116856,1,14012637,1,13947,1,509557,1,10140,4,539094,4,67280,4,4352983,4,8470139,8,12802071,108,18546,12,3857,1,54205,1,3948,1,0,0,0,0,0,0,0,0,0,0,0,0,6382,1,23706,1,407349,1,31471,1,16924,1,24,1,9559,1,4519,1,16948,1,9559,1,0,1,1240,1,1,1,0,1
166,17919100,4516,9559,28.989613,,0,10,9,108,55252,1743,2525,17863848,16,170,301,1,25449,1,120,1,460422,1,3218415,1,123289,1,14017556,1,18295,1,570736,1,9929,4,529786,4,65627,4,4332684,4,8430332,8,12742886,108,17604,12,5050,1,67030,1,4639,1,0,0,0,0,0,0,0,0,0,0,0,0,6132,1,23686,1,404975,1,25189,1,16926,1,23,1,9559,1,4516,1,16949,1,9559,1,0,1,1240,1,1,1,0,1
167,17766100,4518,9559,28.989645,,0,10,9,108,48726,1663,2666,17717374,16,170,381,1,33284,1,100,1,538183,1,3105727,1,111406,1,13915058,1,13236,1,442287,1,9649,4,529025,4,65627,4,4345489,4,8476311,8,12801660,108,17474,12,4048,1,38314,1,2645,1,0,0,0,0,0,0,0,0,0,0,0,0,7765,1,28706,1,466584,1,34427,1,16939,1,23,1,9559,1,4518,1,16962,1,9559,1,0,1,1240,1,1,1,0,1
168,18454100,4518,9559,28.989676,,0,10,9,108,64889,1954,2936,18389211,16,170,331,1,29998,1,140,1,596145,1,3615710,1,153998,1,13978731,1,14157,1,534015,1,9278,4,532371,4,64996,4,4339868,4,8434600,8,12752976,108,18556,12,3817,1,52612,1,5220,1,0,0,0,0,0,0,0,0,0,0,0,0,8006,1,29908,1,518344,1,39186,1,16942,1,24,1,9559,1,4518,1,16966,1,9559,1,0,1,1240,1,1,1,0,1
169,17775900,4514,9559,28.9897,,0,10,9,108,41413,1182,2565,17734487,16,170,371,1,25419,1,140,1,473598,1,3176243,1,117588,1,13927502,1,13626,1,487003,1,9599,4,530167,4,66599,4,4354757,4,8421605,8,12755301,108,18496,12,3527,1,49887,1,3176,1,0,0,0,0,0,0,0,0,0,0,0,0,6362,1,25039,1,415916,1,25640,1,16948,1,24,1,9559,1,4514,1,16972,1,9559,1,0,1,1240,1,1,1,0,1
170,17734800,4515,9559,28.989725,,0,10,9,108,42384,1222,2755,17692416,16,170,90,1,24768,1,130,1,463167,1,3135274,1,116155,1,13939495,1,13336,1,508665,1,9559,4,526540,4,67861,4,4350448,4,8418068,8,12747215,108,18546,12,3817,1,49025,1,4288,1,0,0,0,0,0,0,0,0,0,0,0,0,6302,1,23265,1,408151,1,25189,1,16948,1,24,1,9559,1,4515,1,16972,1,9559,1,0,1,1240,1,1,1,0,1
171,17811600,4512,9559,28.989754,,0,10,9,108,61903,1383,2555,17749697,16,170,140,1,24638,1,40,1,462566,1,3139612,1,117858,1,13984502,1,20339,1,510990,1,9358,4,546609,4,66298,4,4336902,4,8460431,8,12775780,108,18997,12,3146,1,45799,1,3587,1,0,0,0,0,0,0,0,0,0,0,0,0,6162,1,23896,1,401879,1,30359,1,16956,1,24,1,9559,1,4512,1,16980,1,9559,1,0,1,1240,1,1,1,0,1
172,17825800,4513,9559,28.98977,,0,10,9,108,59035,1202,2666,17766765,16,170,411,1,26341,1,160,1,512007,1,3122559,1,113780,1,13977860,1,13646,1,515078,1,10480,4,534896,4,66068,4,4340389,4,8451603,8,12770439,108,18887,12,3196,1,51430,1,3517,1,0,0,0,0,0,0,0,0,0,0,0,0,10330,1,28966,1,440298,1,31741,1,16946,1,24,1,9559,1,4513,1,16970,1,9559,1,0,1,1240,1,1,1,0,1
173,17840000,4515,9559,28.989801,,0,10,9,108,43513,1282,2625,17796487,16,170,140,1,24057,1,120,1,464129,1,3132919,1,116796,1,14045130,1,13196,1,491011,1,10140,4,528955,4,65787,4,4368874,4,8522481,8,12869803,108,18927,12,3216,1,49396,1,3988,1,0,0,0,0,0,0,0,0,0,0,0,0,6102,1,22003,1,405526,1,30068,1,16956,1,24,1,9559,1,4515,1,16980,1,9559,1,0,1,1240,1,1,1,0,1
174,17781600,4515,9559,28.989834,,0,10,9,108,40961,1032,2676,17740639,16,170,331,1,23836,1,40,1,463548,1,3108933,1,114722,1,14015953,1,13276,1,451585,1,12745,4,529917,4,66930,4,4367561,4,8529495,8,12875473,108,18907,12,3286,1,49546,1,3857,1,0,0,0,0,0,0,0,0,0,0,0,0,5931,1,21592,1,404494,1,30629,1,16952,1,24,1,9559,1,4515,1,16976,1,9559,1,0,1,1240,1,1,1,0,1
175,17739200,4515,9559,28.989851,,0,10,9,108,41764,1202,2635,17697436,16,170,60,1,24548,1,30,1,457787,1,3148069,1,117327,1,13936590,1,13025,1,492715,1,10430,4,530808,4,66248,4,4336902,4,8437496,8,12750612,108,21151,12,3677,1,52231,1,4879,1,0,0,0,0,0,0,0,0,0,0,0,0,6142,1,23215,1,402740,1,25379,1,16951,1,27,1,9559,1,4515,1,16978,1,9559,1,0,1,1240,1,1,1,0,1
176,17683000,4514,9559,28.989864,,0,10,9,108,59367,1202,3037,17623633,16,170,120,1,25249,1,110,1,458408,1,3146566,1,116706,1,13855983,1,20490,1,471433,1,8236,4,526310,4,72040,4,4320981,4,8398250,8,12695194,108,21001,12,3266,1,51400,1,2866,1,0,0,0,0,0,0,0,0,0,0,0,0,6483,1,22474,1,404153,1,25079,1,16943,1,27,1,9559,1,4514,1,16970,1,9559,1,0,1,1240,1,1,1,0,1
177,17815400,4516,9559,28.989883,,0,10,9,108,44833,1553,2676,17770567,16,170,10,1,26632,1,200,1,461684,1,3187255,1,120383,1,13960356,1,14047,1,511030,1,12424,4,531890,4,77190,4,4340789,4,8418409,8,12735702,108,20820,12,3918,1,58483,1,4669,1,0,0,0,0,0,0,0,0,0,0,0,0,6232,1,22844,1,402309,1,30018,1,16944,1,27,1,9559,1,4516,1,16971,1,9559,1,0,1,1240,1,1,1,0,1
178,17901800,4515,9559,28.989906,,0,10,9,108,42150,1543,2635,17859650,16,170,281,1,25489,1,110,1,468137,1,3255256,1,119191,1,13977549,1,13636,1,545878,1,10220,4,547010,4,68342,4,4322805,4,8426144,8,12725854,108,20460,12,3707,1,48624,1,3276,1,0,0,0,0,0,0,0,0,0,0,0,0,7024,1,24688,1,403993,1,32102,1,16946,1,27,1,9559,1,4515,1,16973,1,9559,1,0,1,1240,1,1,1,0,1
179,17898100,4515,9559,28.989923,,0,10,9,108,74971,2495,2966,17823129,16,170,140,1,24638,1,90,1,466384,1,3297689,1,114853,1,13902644,1,16692,1,469399,1,19358,4,539205,4,79143,4,4311703,4,8405254,8,12693351,108,20640,12,4639,1,62301,1,9148,1,0,0,0,0,0,0,0,0,0,0,0,0,6432,1,23846,1,404413,1,31361,1,16936,1,27,1,9559,1,4515,1,16963,1,9559,1,0,1,1240,1,1,1,0,1
180,18477800,4515,9559,28.98993,,0,10,9,108,45561,1844,2626,18432239,16,170,341,1,44907,1,180,1,671541,1,3565357,1,132547,1,14002397,1,14969,1,611094,1,18125,4,536920,4,67591,4,4315350,4,8382500,8,12674063,108,21161,12,4118,1,60116,1,4739,1,0,0,0,0,0,0,0,0,0,0,0,0,11753,1,34286,1,587809,1,37002,1,16941,1,27,1,9559,1,4515,1,16968,1,9559,1,0,1,1240,1,1,1,0,1
181,17920900,4517,9559,28.98993,,0,10,9,108,52203,1022,2576,17868697,16,170,421,1,33455,1,70,1,489138,1,3316435,1,121065,1,13895059,1,13055,1,522753,1,8827,4,536640,4,66399,4,4336140,4,8368072,8,12677189,108,24447,12,3827,1,48494,1,2886,1,0,0,0,0,0,0,0,0,0,0,0,0,11552,1,33655,1,410525,1,32924,1,16935,1,31,1,9559,1,4517,1,16966,1,9559,1,0,1,1240,1,1,1,0,1
182,18241300,4517,9559,28.98994,,0,10,9,108,58644,2264,3076,18182656,16,170,40,1,25079,1,30,1,467826,1,3257862,1,124782,1,14292158,1,14879,1,580765,1,17754,4,636603,4,76488,4,4492794,4,8416305,8,12880604,108,25419,12,4619,1,57992,1,6573,1,0,0,0,0,0,0,0,0,0,0,0,0,6322,1,24427,1,404584,1,32172,1,16943,1,32,1,9559,1,4517,1,16975,1,9559,1,0,1,1240,1,1,1,0,1
183,18221200,4516,9559,28.989958,,0,10,9,108,75987,1924,2685,18145213,16,170,230,1,26331,1,140,1,477956,1,3377313,1,122237,1,14123672,1,17334,1,711669,1,11232,4,537401,4,69414,4,4313246,4,8387559,8,12672481,108,25640,12,4058,1,82019,1,5150,1,0,0,0,0,0,0,0,0,0,0,0,0,7805,1,28135,1,411036,1,30048,1,16946,1,32,1,9559,1,4516,1,16978,1,9559,1,0,1,1240,1,1,1,0,1
184,17836200,4516,9559,28.98997,,0,10,9,108,41616,1232,2916,17794584,16,170,130,1,32242,1,180,1,464380,1,3255096,1,126405,1,13902844,1,13306,1,527813,1,12314,4,526811,4,66359,4,4309208,4,8397549,8,12675045,108,28796,12,3296,1,54215,1,4048,1,0,0,0,0,0,0,0,0,0,0,0,0,6372,1,26411,1,404985,1,26131,1,16941,1,36,1,9559,1,4516,1,16977,1,9559,1,0,1,1240,1,1,1,0,1
185,17760900,4514,9559,28.989977,,0,10,9,108,38837,1192,2586,17722063,16,170,902,1,25219,1,160,1,465802,1,3191002,1,115874,1,13910018,1,13085,1,567289,1,10991,4,529596,4,67270,4,4310110,4,8365727,8,12648433,108,24818,12,3357,1,49726,1,4759,1,0,0,0,0,0,0,0,0,0,0,0,0,6473,1,24347,1,404123,1,30609,1,16944,1,32,1,9559,1,4514,1,16976,1,9559,1,0,1,1240,1,1,1,0,1
186,17676500,4515,9559,28.98999,,0,10,9,108,45523,1222,2615,17630977,16,170,271,1,29908,1,250,1,483286,1,3145865,1,123419,1,13834822,1,13155,1,504748,1,11653,4,526710,4,68483,4,4299269,4,8361649,8,12633716,108,24588,12,3908,1,53774,1,3407,1,0,0,0,0,0,0,0,0,0,0,0,0,11342,1,35509,1,404794,1,31371,1,16950,1,32,1,9559,1,4515,1,16982,1,9559,1,0,1,1240,1,1,1,0,1
187,17799400,4516,9559,28.990005,,0,10,9,108,42690,1553,2886,17756710,16,170,100,1,24988,1,30,1,465161,1,3226641,1,122608,1,13903465,1,13717,1,523314,1,9308,4,538934,4,65687,4,4314048,4,8386046,8,12675947,108,21261,12,3597,1,56540,1,4439,1,0,0,0,0,0,0,0,0,0,0,0,0,6252,1,24517,1,403652,1,30419,1,16958,1,28,1,9559,1,4516,1,16986,1,9559,1,0,1,1240,1,1,1,0,1
188,17775000,4519,9559,28.990013,,0,10,9,108,44891,1834,3076,17730109,16,170,40,1,25059,1,240,1,471313,1,3236430,1,120934,1,13862506,1,13586,1,511491,1,9538,4,547731,4,70006,4,4326622,4,8333925,8,12635820,108,21652,12,3938,1,53684,1,3737,1,0,0,0,0,0,0,0,0,0,0,0,0,6473,1,25119,1,405255,1,34146,1,16958,1,28,1,9559,1,4519,1,16986,1,9559,1,0,1,1240,1,1,1,0,1
189,17726300,4519,9559,28.990015,,0,10,9,108,44475,1403,2645,17681825,16,170,331,1,24918,1,220,1,462857,1,3210159,1,122688,1,13847206,1,13446,1,537101,1,9599,4,546188,4,68753,4,4296494,4,8330519,8,12599650,108,24718,12,3938,1,49516,1,3697,1,0,0,0,0,0,0,0,0,0,0,0,0,6813,1,23325,1,401718,1,30659,1,16956,1,32,1,9559,1,4519,1,16988,1,9559,1,0,1,1240,1,1,1,0,1
190,17708500,4519,9559,28.990025,,0,10,9,108,43858,1693,2786,17664642,16,170,170,1,24517,1,30,1,469580,1,3143410,1,115544,1,13897263,1,14127,1,558402,1,24718,4,535898,4,77781,4,4295071,4,8340238,8,12610580,108,21943,12,3457,1,54876,1,5130,1,0,0,0,0,0,0,0,0,0,0,0,0,6302,1,24998,1,405636,1,32423,1,16964,1,28,1,9559,1,4519,1,16992,1,9559,1,0,1,1240,1,1,1,0,1
191,18002600,4520,9559,28.99004,,0,10,9,108,47676,2304,2776,17954924,16,170,70,1,25770,1,20,1,463849,1,3392162,1,124892,1,13934706,1,13456,1,583480,1,16552,4,534546,4,67381,4,4295562,4,8366559,8,12634617,108,24728,12,3527,1,60307,1,4489,1,0,0,0,0,0,0,0,0,0,0,0,0,6673,1,25439,1,401959,1,29337,1,16962,1,32,1,9559,1,4520,1,16994,1,9559,1,0,1,1240,1,1,1,0,1
192,18051000,4522,9559,28.990047,,0,10,9,108,45097,1423,2916,18005903,16,170,150,1,24788,1,10,1,461023,1,3316405,1,125523,1,14064517,1,13486,1,703293,1,12805,4,532181,4,66268,4,4311272,4,8365497,8,12649436,108,24417,12,3387,1,63774,1,4619,1,0,0,0,0,0,0,0,0,0,0,0,0,6463,1,24848,1,403151,1,26311,1,16969,1,32,1,9559,1,4522,1,17001,1,9559,1,0,1,1240,1,1,1,0,1
193,17702400,4521,9559,28.990053,,0,10,9,108,51064,1443,3266,17651336,16,170,130,1,24958,1,30,1,461674,1,3172887,1,115864,1,13861795,1,13997,1,518615,1,27744,4,532692,4,70998,4,4293578,4,8351550,8,12616402,108,25459,12,3817,1,55237,1,6122,1,0,0,0,0,0,0,0,0,0,0,0,0,6533,1,24688,1,404163,1,25860,1,16970,1,32,1,9559,1,4521,1,17002,1,9559,1,0,1,1240,1,1,1,0,1
194,17841800,4522,9559,28.990055,,0,10,9,108,42687,1353,2806,17799113,16,170,30,1,24497,1,120,1,460733,1,3330392,1,124281,1,13844912,1,14147,1,576236,1,8647,4,544645,4,66339,4,4278268,4,8303306,8,12551636,108,27133,12,4308,1,57331,1,4479,1,0,0,0,0,0,0,0,0,0,0,0,0,6242,1,24327,1,403652,1,26010,1,16974,1,36,1,9559,1,4522,1,17010,1,9559,1,0,1,1240,1,1,1,0,1
195,17850900,4521,9559,28.99006,,0,10,9,108,62178,2405,2615,17788722,16,170,130,1,25850,1,50,1,467105,1,3218836,1,118209,1,13938834,1,19708,1,530187,1,10731,4,560496,4,70286,4,4294259,4,8352942,8,12617524,108,27062,12,4228,1,96437,1,16863,1,0,0,0,0,0,0,0,0,0,0,0,0,6833,1,26391,1,404654,1,28926,1,16966,1,36,1,9559,1,4521,1,17002,1,9559,1,0,1,1240,1,1,1,0,1
196,18064500,4522,9559,28.99006,,0,10,9,108,67274,2054,2906,17997226,16,170,200,1,31311,1,130,1,470942,1,3371993,1,128810,1,13979252,1,14588,1,625141,1,10340,4,540086,4,70216,4,4290191,4,8357211,8,12617023,108,27473,12,3787,1,71619,1,8607,1,0,0,0,0,0,0,0,0,0,0,0,0,7284,1,27503,1,406738,1,28225,1,16971,1,36,1,9559,1,4522,1,17007,1,9559,1,0,1,1240,1,1,1,0,1
197,18447200,4523,9559,28.990076,,0,10,9,108,59843,2244,2896,18387357,16,170,200,1,26662,1,140,1,472576,1,3281117,1,204867,1,14387378,1,14418,1,709044,1,11823,4,616755,4,69615,4,4300311,4,8590177,8,12856191,108,31401,12,4579,1,75727,1,7104,1,0,0,0,0,0,0,0,0,0,0,0,0,6963,1,26491,1,405075,1,33715,1,16965,1,40,1,9559,1,4523,1,17005,1,9559,1,0,1,1240,1,1,1,0,1
198,17728100,4523,9559,28.990084,,0,10,9,108,41526,1313,2585,17686574,16,170,200,1,25690,1,110,1,468237,1,3243704,1,117678,1,13817579,1,13376,1,532942,1,12113,4,528464,4,67451,4,4278809,4,8339095,8,12585752,108,29567,12,3747,1,49796,1,3847,1,0,0,0,0,0,0,0,0,0,0,0,0,6553,1,27123,1,401939,1,32082,1,16961,1,40,1,9559,1,4523,1,17001,1,9559,1,0,1,1240,1,1,1,0,1
199,17742900,4524,9559,28.990086,,0,10,9,108,46476,1282,2515,17696424,16,170,40,1,24888,1,80,1,459420,1,3215640,1,127597,1,13854941,1,13817,1,548022,1,9909,4,537642,4,65928,4,4280533,4,8316121,8,12566926,108,27213,12,6963,1,83672,1,4869,1,0,0,0,0,0,0,0,0,0,0,0,0,6863,1,23215,1,403822,1,25319,1,16962,1,36,1,9559,1,4524,1,16998,1,9559,1,0,1,1240,1,1,1,0,1
200,17741800,4522,9559,28.990088,,0,10,9,108,41449,1483,2836,17700351,16,170,140,1,25249,1,20,1,480601,1,3218696,1,118480,1,13842998,1,14167,1,511100,1,10110,4,568732,4,78141,4,4294991,4,8322062,8,12586924,108,27293,12,4439,1,48654,1,3286,1,0,0,0,0,0,0,0,0,0,0,0,0,6943,1,25710,1,411427,1,35910,1,16960,1,36,1,9559,1,4522,1,16996,1,9559,1,0,1,1240,1,1,1,0,1
201,17751900,4522,9559,28.990097,,0,10,9,108,43573,1523,2555,17708327,16,170,10,1,25620,1,50,1,458128,1,3199438,1,125804,1,13885461,1,13817,1,522132,1,10270,4,578320,4,71869,4,4278549,4,8357892,8,12606913,108,26972,12,4218,1,56259,1,4429,1,0,0,0,0,0,0,0,0,0,0,0,0,6853,1,24057,1,401398,1,25499,1,16962,1,36,1,9559,1,4522,1,16998,1,9559,1,0,1,1240,1,1,1,0,1
202,17786500,4521,9559,28.99011,,0,10,9,108,41592,2254,2576,17744908,16,170,100,1,25389,1,80,1,465221,1,3205901,1,119461,1,13915659,1,13095,1,562740,1,14849,4,541960,4,69545,4,4296293,4,8373081,8,12642963,108,23836,12,3577,1,48374,1,2986,1,0,0,0,0,0,0,0,0,0,0,0,0,6673,1,25149,1,407880,1,25209,1,16968,1,32,1,9559,1,4521,1,17000,1,9559,1,0,1,1240,1,1,1,0,1
203,17573700,4525,9559,28.990112,,0,10,9,108,45603,1603,2565,17528097,16,170,90,1,23886,1,40,1,473527,1,3154591,1,116866,1,13745700,1,13396,1,491853,1,19648,4,541880,4,68162,4,4259843,4,8299659,8,12533792,108,23145,12,4118,1,53904,1,5030,1,0,0,0,0,0,0,0,0,0,0,0,0,6953,1,23596,1,417799,1,24908,1,16979,1,32,1,9559,1,4525,1,17011,1,9559,1,0,1,1240,1,1,1,0,1
204,17767100,4526,9559,28.990108,,0,10,9,108,57561,1623,2826,17709539,16,170,190,1,24808,1,80,1,459831,1,3180151,1,184868,1,13845804,1,13807,1,620572,1,11202,4,563462,4,70206,4,4278248,4,8215025,8,12463996,108,26451,12,3657,1,77159,1,4649,1,0,0,0,0,0,0,0,0,0,0,0,0,7024,1,25369,1,402510,1,24688,1,16986,1,36,1,9559,1,4526,1,17022,1,9559,1,0,1,1240,1,1,1,0,1
205,17767200,4524,9559,28.990114,,0,10,9,108,45568,1403,2886,17721632,16,170,170,1,35819,1,150,1,600373,1,3251209,1,114752,1,13705883,1,13276,1,495811,1,15610,4,528915,4,68312,4,4252579,4,8285632,8,12508172,108,27153,12,4559,1,48624,1,4439,1,0,0,0,0,0,0,0,0,0,0,0,0,8286,1,30529,1,522783,1,38515,1,16972,1,36,1,9559,1,4524,1,17008,1,9559,1,0,1,1240,1,1,1,0,1
206,17892900,4523,9559,28.99012,,0,10,9,108,49422,1232,2475,17843478,16,170,90,1,24798,1,100,1,460682,1,3208816,1,125062,1,14010783,1,13145,1,625933,1,12875,4,542551,4,68152,4,4286885,4,8341380,8,12598627,108,27163,12,6563,1,120143,1,5070,1,0,0,0,0,0,0,0,0,0,0,0,0,6332,1,22323,1,404894,1,26882,1,16977,1,36,1,9559,1,4523,1,17013,1,9559,1,0,1,1240,1,1,1,0,1
207,18129500,4523,9559,28.990118,,0,10,9,108,44869,1513,3036,18084631,16,170,240,1,28255,1,110,1,575615,1,3391891,1,117838,1,13957044,1,13636,1,507523,1,8687,4,580384,4,79554,4,4308843,4,8409983,8,12688036,108,27754,12,3677,1,54005,1,2876,1,0,0,0,0,0,0,0,0,0,0,0,0,8236,1,26992,1,480571,1,59185,1,16970,1,36,1,9559,1,4523,1,17006,1,9559,1,0,1,1240,1,1,1,0,1
208,17594300,4523,9559,28.990112,,0,10,9,108,41966,1353,2515,17552334,16,170,130,1,24447,1,80,1,462406,1,3182536,1,124060,1,13745610,1,13065,1,515789,1,8797,4,545577,4,66759,4,4257238,4,8293527,8,12520406,108,27844,12,4529,1,48304,1,3737,1,0,0,0,0,0,0,0,0,0,0,0,0,6733,1,23846,1,404614,1,26922,1,16969,1,36,1,9559,1,4523,1,17005,1,9559,1,0,1,1240,1,1,1,0,1
209,17514800,4522,9559,28.990116,,0,10,9,108,40697,1603,2485,17474103,16,170,90,1,24848,1,170,1,463458,1,3119834,1,118449,1,13734338,1,12915,1,492574,1,10861,4,550236,4,70477,4,4262598,4,8285031,8,12517590,108,27553,12,3437,1,53444,1,4078,1,0,0,0,0,0,0,0,0,0,0,0,0,6873,1,24087,1,403512,1,28706,1,16966,1,36,1,9559,1,4522,1,17002,1,9559,1,0,1,1240,1,1,1,0,1
210,17579500,4522,9559,28.990122,,0,10,9,108,44138,1222,2605,17535362,16,170,160,1,24968,1,50,1,457787,1,3180492,1,123640,1,13734829,1,13436,1,525829,1,11061,4,543283,4,67270,4,4252068,4,8276274,8,12498744,108,26992,12,4218,1,49736,1,3867,1,0,0,0,0,0,0,0,0,0,0,0,0,6473,1,25209,1,401267,1,24397,1,16964,1,36,1,9559,1,4522,1,17000,1,9559,1,0,1,1240,1,1,1,0,1
211,17652000,4523,9559,28.990128,,0,10,9,108,42224,1373,2625,17609776,16,170,511,1,25189,1,80,1,463879,1,3149532,1,118590,1,13838900,1,13095,1,547150,1,9268,4,567359,4,67711,4,4274681,4,8308787,8,12554382,108,26461,12,3316,1,55027,1,4228,1,0,0,0,0,0,0,0,0,0,0,0,0,7004,1,24578,1,403842,1,28265,1,16963,1,36,1,9559,1,4523,1,16999,1,9559,1,0,1,1240,1,1,1,0,1
212,17619300,4523,9559,28.990124,,0,10,9,108,47017,1313,2545,17572283,16,170,210,1,24187,1,40,1,469961,1,3217704,1,122167,1,13724909,1,13105,1,539325,1,10100,4,544274,4,70276,4,4236648,4,8266916,8,12470970,108,30048,12,3667,1,48504,1,3888,1,0,0,0,0,0,0,0,0,0,0,0,0,6873,1,24497,1,403662,1,34717,1,16961,1,40,1,9559,1,4523,1,17001,1,9559,1,0,1,1240,1,1,1,0,1
213,17631900,4523,9559,28.99013,,0,10,9,108,55519,1383,2817,17576381,16,170,130,1,24387,1,30,1,456554,1,3157928,1,151944,1,13767963,1,17444,1,543663,1,10039,4,530378,4,66068,4,4251627,4,8299439,8,12517659,108,30589,12,3216,1,58343,1,3807,1,0,0,0,0,0,0,0,0,0,0,0,0,6903,1,23375,1,401368,1,24648,1,16963,1,40,1,9559,1,4523,1,17003,1,9559,1,0,1,1240,1,1,1,0,1
214,17772500,4524,9559,28.990137,,0,10,9,108,68311,2234,2896,17704189,16,170,371,1,31731,1,100,1,603058,1,3182746,1,115704,1,13756451,1,14027,1,485861,1,17143,4,535457,4,71499,4,4258390,4,8331040,8,12555063,108,31471,12,4839,1,46991,1,2996,1,0,0,0,0,0,0,0,0,0,0,0,0,8366,1,30138,1,530969,1,33004,1,16965,1,40,1,9559,1,4524,1,17005,1,9559,1,0,1,1240,1,1,1,0,1
215,17994400,4524,9559,28.990137,,0,10,9,108,44175,2014,3247,17950225,16,170,291,1,31060,1,140,1,580875,1,3421669,1,123439,1,13779185,1,13566,1,594522,1,12534,4,528354,4,67391,4,4236457,4,8265954,8,12468976,108,30188,12,4108,1,62160,1,5691,1,0,0,0,0,0,0,0,0,0,0,0,0,8246,1,31932,1,506090,1,34126,1,16967,1,40,1,9559,1,4524,1,17007,1,9559,1,0,1,1240,1,1,1,0,1
216,17552100,4526,9559,28.990137,,0,10,9,108,49372,1413,3077,17502728,16,170,1162,1,27203,1,381,1,471754,1,3224657,1,117788,1,13646347,1,13436,1,544475,1,11312,4,540257,4,71949,4,4218653,4,8200888,8,12387307,108,29156,12,3367,1,50578,1,3457,1,0,0,0,0,0,0,0,0,0,0,0,0,6723,1,30569,1,406477,1,27694,1,16971,1,40,1,9559,1,4526,1,17011,1,9559,1,0,1,1240,1,1,1,0,1
217,17583900,4524,9559,28.990143,,0,10,9,108,42597,1112,2585,17541303,16,170,120,1,24948,1,180,1,462736,1,3211612,1,125393,1,13702897,1,13416,1,542571,1,8516,4,550326,4,79354,4,4229935,4,8223151,8,12421224,108,29277,12,3276,1,60277,1,4378,1,0,0,0,0,0,0,0,0,0,0,0,0,6583,1,23696,1,401798,1,30449,1,16971,1,40,1,9559,1,4524,1,17011,1,9559,1,0,1,1240,1,1,1,0,1
218,17494600,4525,9559,28.990149,,0,10,9,108,39634,1453,3357,17454966,16,170,541,1,27052,1,100,1,464149,1,3147548,1,117047,1,13685363,1,13166,1,492965,1,8567,4,564524,4,75737,4,4242800,4,8241617,8,12451883,108,29177,12,3717,1,51079,1,2906,1,0,0,0,0,0,0,0,0,0,0,0,0,6723,1,24377,1,404874,1,27904,1,16980,1,40,1,9559,1,4525,1,17020,1,9559,1,0,1,1240,1,1,1,0,1
219,17488800,4524,9559,28.990149,,0,10,9,108,44004,1132,2555,17444796,16,170,100,1,24918,1,30,1,455823,1,3151836,1,122157,1,13675874,1,14057,1,528133,1,9318,4,546178,4,66489,4,4227991,4,8239613,8,12435511,108,29537,12,3497,1,49536,1,3988,1,0,0,0,0,0,0,0,0,0,0,0,0,6793,1,22874,1,401508,1,24367,1,16981,1,40,1,9559,1,4524,1,17021,1,9559,1,0,1,1240,1,1,1,0,1
220,17915700,4523,9559,28.990152,,0,10,9,108,64857,2325,2806,17850843,16,170,150,1,24598,1,30,1,465943,1,3225238,1,125834,1,13994081,1,14969,1,650851,1,20500,4,639489,4,91076,4,4247328,4,8265072,8,12479937,108,29657,12,4088,1,66860,1,6493,1,0,0,0,0,0,0,0,0,0,0,0,0,7044,1,25730,1,403722,1,29066,1,16980,1,40,1,9559,1,4523,1,17020,1,9559,1,0,1,1240,1,1,1,0,1
221,18048300,4522,9559,28.99016,,0,10,9,108,49741,1753,2835,17998559,16,170,80,1,25600,1,180,1,466163,1,3478018,1,132326,1,13882465,1,13727,1,634269,1,10651,4,533784,4,74765,4,4255524,4,8305831,8,12528562,108,29958,12,4799,1,56349,1,4739,1,0,0,0,0,0,0,0,0,0,0,0,0,7064,1,26381,1,399544,1,32773,1,16978,1,40,1,9559,1,4522,1,17018,1,9559,1,0,1,1240,1,1,1,0,1
222,17907600,4522,9559,28.990164,,0,10,9,108,53451,1333,3116,17854149,16,170,210,1,25389,1,170,1,461434,1,3298310,1,130002,1,13924897,1,13737,1,622787,1,12013,4,530438,4,68152,4,4263189,4,8354565,8,12584670,108,29968,12,3867,1,62341,1,6212,1,0,0,0,0,0,0,0,0,0,0,0,0,7064,1,26050,1,401237,1,26792,1,16976,1,40,1,9559,1,4522,1,17016,1,9559,1,0,1,1240,1,1,1,0,1
223,17619900,4520,9559,28.990162,,0,10,9,108,42998,1653,3086,17576902,16,170,210,1,26151,1,130,1,463037,1,3255026,1,118490,1,13700362,1,13496,1,532011,1,14448,4,529646,4,69054,4,4240155,4,8253309,8,12463596,108,26782,12,3357,1,52031,1,4699,1,0,0,0,0,0,0,0,0,0,0,0,0,6432,1,27463,1,404013,1,24878,1,16977,1,36,1,9559,1,4520,1,17013,1,9559,1,0,1,1240,1,1,1,0,1
224,17648800,4521,9559,28.99016,,0,10,9,108,43543,1313,2575,17605257,16,170,80,1,24598,1,90,1,460051,1,3243434,1,141434,1,13721723,1,13847,1,567680,1,11152,4,537852,4,68052,4,4240054,4,8222049,8,12432626,108,26902,12,3968,1,64054,1,5551,1,0,0,0,0,0,0,0,0,0,0,0,0,6593,1,25590,1,402159,1,25479,1,16971,1,36,1,9559,1,4521,1,17007,1,9559,1,0,1,1240,1,1,1,0,1
225,17669800,4522,9559,28.990166,,0,11,9,108,47450,1282,2616,17622350,16,182,581,1,32713,1,541,1,483036,1,3228044,1,125253,1,13738666,1,13516,1,518304,1,10170,4,530077,4,66799,4,4257929,4,8294719,8,12519213,108,30820,24,3757,1,52341,1,3286,1,0,0,0,0,0,0,0,0,0,0,0,0,10721,1,38414,1,407219,1,25890,1,16973,1,40,1,9559,1,4522,1,17013,1,9559,1,0,1,1240,1,1,1,0,1
226,17644700,4521,9559,28.990166,,0,11,9,108,42549,1463,3096,17602151,16,182,90,1,25139,1,60,1,456965,1,3190902,1,122587,1,13792631,1,13777,1,593319,1,9859,4,534405,4,65868,4,4252258,4,8273088,8,12492241,108,30008,24,3867,1,52983,1,5521,1,0,0,0,0,0,0,0,0,0,0,0,0,6392,1,24267,1,400646,1,25419,1,16968,1,40,1,9559,1,4521,1,17008,1,9559,1,0,1,1240,1,1,1,0,1
227,17655700,4522,9559,28.990166,,0,11,9,108,43189,1944,2926,17612511,16,182,150,1,25289,1,40,1,465041,1,3195691,1,117828,1,13795296,1,13176,1,508555,1,10310,4,539525,4,83412,4,4259953,4,8331010,8,12557197,108,30840,24,3727,1,52341,1,4519,1,0,0,0,0,0,0,0,0,0,0,0,0,6863,1,25950,1,405185,1,26722,1,16980,1,40,1,9559,1,4522,1,17020,1,9559,1,0,1,1240,1,1,1,0,1
228,17610300,4521,9559,28.990168,,0,11,9,108,44530,1483,2666,17565770,16,182,351,1,24748,1,130,1,466404,1,3222032,1,123189,1,13715511,1,13406,1,526440,1,9949,4,543132,4,67411,4,4254162,4,8255153,8,12476300,108,30349,24,4619,1,49025,1,4138,1,0,0,0,0,0,0,0,0,0,0,0,0,6733,1,26712,1,406858,1,25620,1,16979,1,40,1,9559,1,4521,1,17019,1,9559,1,0,1,1240,1,1,1,0,1
229,17598600,4519,9559,28.990175,,0,11,9,108,39863,1282,2706,17558737,16,182,160,1,26642,1,40,1,489619,1,3170422,1,117387,1,13741061,1,13406,1,502734,1,9829,4,561197,4,70106,4,4256466,4,8280542,8,12504254,108,30048,24,3326,1,51921,1,3657,1,0,0,0,0,0,0,0,0,0,0,0,0,7925,1,26812,1,421076,1,33485,1,16977,1,40,1,9559,1,4519,1,17017,1,9559,1,0,1,1240,1,1,1,0,1
230,17526400,4521,9559,28.990171,,0,11,9,108,43761,1443,2686,17482639,16,182,240,1,24758,1,80,1,461945,1,3135104,1,124712,1,13722505,1,13296,1,510760,1,9278,4,537842,4,67591,4,4251456,4,8286093,8,12501629,108,33234,24,3978,1,50127,1,3938,1,0,0,0,0,0,0,0,0,0,0,0,0,6974,1,24107,1,406307,1,24267,1,16974,1,44,1,9559,1,4521,1,17018,1,9559,1,0,1,1240,1,1,1,0,1
231,17417000,4522,9559,28.990166,,0,11,9,108,42941,1453,2696,17374059,16,182,641,1,25099,1,90,1,464330,1,3119403,1,118970,1,13631749,1,13777,1,553262,1,9068,4,547180,4,66349,4,4214274,4,8183925,8,12362129,108,33374,24,3807,1,48524,1,3908,1,0,0,0,0,0,0,0,0,0,0,0,0,6362,1,23335,1,403562,1,30810,1,16973,1,44,1,9559,1,4522,1,17017,1,9559,1,0,1,1240,1,1,1,0,1
232,17516900,4523,9559,28.990173,,0,11,9,108,47566,1413,2686,17469334,16,182,100,1,23956,1,80,1,468959,1,3151716,1,122577,1,13688679,1,13266,1,546088,1,10891,4,535367,4,67761,4,4221518,4,8241877,8,12430631,108,30078,24,3687,1,54946,1,5130,1,0,0,0,0,0,0,0,0,0,0,0,0,6563,1,23736,1,405415,1,33024,1,16986,1,40,1,9559,1,4523,1,17026,1,9559,1,0,1,1240,1,1,1,0,1
233,17549400,4527,9559,28.990175,,0,11,9,108,51421,1493,2786,17497979,16,182,130,1,25600,1,20,1,465562,1,3152988,1,125593,1,13714329,1,13757,1,574393,1,10250,4,548162,4,67801,4,4227019,4,8228171,8,12419701,108,32703,24,3377,1,49466,1,4198,1,0,0,0,0,0,0,0,0,0,0,0,0,6963,1,26071,1,401598,1,30679,1,16992,1,44,1,9559,1,4527,1,17036,1,9559,1,0,1,1240,1,1,1,0,1
234,18763900,4523,9559,28.990168,,0,11,9,108,89802,2365,6312,18674098,16,182,621,1,26251,1,10,1,475120,1,3821744,1,124110,1,14208607,1,17634,1,559474,1,13145,4,533223,4,68683,4,4461283,4,8506640,8,12928076,108,33535,24,4058,1,56119,1,3617,1,0,0,0,0,0,0,0,0,0,0,0,0,10911,1,27724,1,408171,1,27694,1,16988,1,44,1,9559,1,4523,1,17032,1,9559,1,0,1,1240,1,1,1,0,1
235,17897000,4525,9559,28.99017,,0,11,9,108,45616,2335,4048,17851384,16,182,331,1,35198,1,150,1,567740,1,3267510,1,125663,1,13840714,1,14077,1,545577,1,8797,4,554033,4,71348,4,4250515,4,8344376,8,12557828,108,33014,24,4469,1,52993,1,6272,1,0,0,0,0,0,0,0,0,0,0,0,0,8567,1,29888,1,494809,1,33154,1,16992,1,44,1,9559,1,4525,1,17036,1,9559,1,0,1,1240,1,1,1,0,1
236,17630800,4525,9559,28.990175,,0,11,9,108,43107,1373,3006,17587693,16,182,331,1,24978,1,140,1,478146,1,3197074,1,120654,1,13753204,1,13166,1,500650,1,8947,4,548102,4,72490,4,4267227,4,8299068,8,12529924,108,33365,24,3367,1,48825,1,3156,1,0,0,0,0,0,0,0,0,0,0,0,0,6833,1,25259,1,414944,1,29958,1,16990,1,44,1,9559,1,4525,1,17034,1,9559,1,0,1,1240,1,1,1,0,1
237,17590300,4526,9559,28.990175,,0,11,9,108,43997,1282,2675,17546303,16,182,281,1,24748,1,90,1,470051,1,3155002,1,124872,1,13758164,1,13095,1,503796,1,9258,4,545837,4,66068,4,4270483,4,8307404,8,12538230,108,36982,24,3817,1,46390,1,3827,1,0,0,0,0,0,0,0,0,0,0,0,0,6793,1,23906,1,407730,1,31160,1,16991,1,48,1,9559,1,4526,1,17039,1,9559,1,0,1,1240,1,1,1,0,1
238,17554200,4525,9559,28.990175,,0,11,9,108,52123,1503,3176,17502077,16,182,281,1,24127,1,70,1,471233,1,3124253,1,119912,1,13748265,1,13937,1,461885,1,24878,4,583080,4,76859,4,4268219,4,8262828,8,12494195,108,33675,24,4228,1,57932,1,6853,1,0,0,0,0,0,0,0,0,0,0,0,0,7334,1,23265,1,406538,1,33745,1,16997,1,44,1,9559,1,4525,1,17041,1,9559,1,0,1,1240,1,1,1,0,1
239,18024400,4524,9559,28.990175,,0,11,9,108,49918,1613,2766,17974482,16,182,701,1,25930,1,110,1,462907,1,3516312,1,136735,1,13818280,1,13506,1,619741,1,10410,4,564924,4,70136,4,4244693,4,8243450,8,12451743,108,33635,24,4088,1,54225,1,5000,1,0,0,0,0,0,0,0,0,0,0,0,0,6994,1,26561,1,401638,1,27283,1,16995,1,44,1,9559,1,4524,1,17039,1,9559,1,0,1,1240,1,1,1,0,1
240,17831400,4524,9559,28.990175,,0,11,9,108,59931,1563,2946,17771469,16,182,180,1,24858,1,100,1,464861,1,3270546,1,129341,1,13867516,1,14067,1,633908,1,11182,4,531500,4,67671,4,4259602,4,8298316,8,12521648,108,33325,24,4038,1,54966,1,4769,1,0,0,0,0,0,0,0,0,0,0,0,0,6813,1,26561,1,403061,1,27563,1,17006,1,44,1,9559,1,4524,1,17050,1,9559,1,0,1,1240,1,1,1,0,1
241,17554300,4521,9559,28.990175,,0,11,9,108,62954,1192,2675,17491346,16,182,481,1,37002,1,100,1,469339,1,3201683,1,116205,1,13653130,1,13406,1,509427,1,15450,4,531820,4,67531,4,4239724,4,8231417,8,12435672,108,32794,24,3357,1,48754,1,4459,1,0,0,0,0,0,0,0,0,0,0,0,0,8897,1,27193,1,405425,1,27453,1,16992,1,44,1,9559,1,4521,1,17036,1,9559,1,0,1,1240,1,1,1,0,1
242,17665300,4520,9559,28.990175,,0,11,9,108,45024,1152,2706,17620276,16,182,120,1,24668,1,30,1,462696,1,3165873,1,119672,1,13833861,1,13356,1,613969,1,10360,4,533604,4,66038,4,4254021,4,8286153,8,12504475,108,32994,24,3216,1,59976,1,5370,1,0,0,0,0,0,0,0,0,0,0,0,0,6563,1,23145,1,406297,1,26461,1,17003,1,44,1,9559,1,4520,1,17047,1,9559,1,0,1,1240,1,1,1,0,1
243,17481600,4520,9559,28.990175,,0,11,9,108,43467,1513,3096,17438133,16,182,190,1,25419,1,30,1,468949,1,3126727,1,115654,1,13687768,1,13396,1,471423,1,13757,4,530658,4,69294,4,4262588,4,8282095,8,12507471,108,34116,24,3447,1,48434,1,4559,1,0,0,0,0,0,0,0,0,0,0,0,0,7264,1,23425,1,405095,1,32693,1,17000,1,44,1,9559,1,4520,1,17044,1,9559,1,0,1,1240,1,1,1,0,1
244,17707000,4521,9559,28.990171,,0,11,9,108,48710,1202,2616,17658290,16,182,361,1,24207,1,10,1,458669,1,3215710,1,128589,1,13817278,1,13466,1,605593,1,9779,4,535227,4,67040,4,4255404,4,8276895,8,12496318,108,33365,24,3357,1,57241,1,5541,1,0,0,0,0,0,0,0,0,0,0,0,0,6242,1,24237,1,402510,1,24998,1,17000,1,44,1,9559,1,4521,1,17044,1,9559,1,0,1,1240,1,1,1,0,1
245,17631100,4520,9559,28.990164,,0,11,9,108,42766,1222,3267,17588334,16,182,130,1,26071,1,40,1,465842,1,3187625,1,118369,1,13776760,1,13496,1,541289,1,9508,4,540437,4,66238,4,4269652,4,8289059,8,12522089,108,33355,24,3467,1,51800,1,4088,1,0,0,0,0,0,0,0,0,0,0,0,0,6292,1,24858,1,403111,1,31281,1,16998,1,44,1,9559,1,4520,1,17042,1,9559,1,0,1,1240,1,1,1,0,1
246,17715600,4521,9559,28.990164,,0,11,9,108,42732,1122,2736,17672868,16,182,110,1,24538,1,110,1,458178,1,3223615,1,127818,1,13825194,1,13306,1,569573,1,9448,4,544525,4,68503,4,4256636,4,8319187,8,12539593,108,33495,24,3246,1,49456,1,3497,1,0,0,0,0,0,0,0,0,0,0,0,0,6593,1,23676,1,402019,1,25549,1,16997,1,44,1,9559,1,4521,1,17041,1,9559,1,0,1,1240,1,1,1,0,1
247,17563100,4521,9559,28.990164,,0,11,9,108,41916,1212,2785,17521184,16,182,120,1,24407,1,30,1,460452,1,3140725,1,116275,1,13765348,1,13827,1,481703,1,10320,4,539796,4,79414,4,4275493,4,8317073,8,12556546,108,33234,24,3387,1,53263,1,3687,1,0,0,0,0,0,0,0,0,0,0,0,0,7034,1,23716,1,404444,1,25049,1,16999,1,44,1,9559,1,4521,1,17043,1,9559,1,0,1,1240,1,1,1,0,1
248,17683000,4520,9559,28.990164,,0,11,9,108,43607,1332,2886,17639393,16,182,130,1,24528,1,100,1,460773,1,3218826,1,121866,1,13799905,1,13266,1,540607,1,9779,4,532482,4,66739,4,4272988,4,8314348,8,12551566,108,32884,24,3156,1,54155,1,4318,1,0,0,0,0,0,0,0,0,0,0,0,0,6984,1,23506,1,404614,1,25279,1,17001,1,44,1,9559,1,4520,1,17045,1,9559,1,0,1,1240,1,1,1,0,1
249,17518600,4522,9559,28.990164,,0,11,9,108,43195,1252,2686,17475405,16,182,100,1,25239,1,20,1,462286,1,3144081,1,116155,1,13714519,1,13005,1,493536,1,8376,4,533353,4,68172,4,4269742,4,8289419,8,12524082,108,32393,24,3567,1,43524,1,3577,1,0,0,0,0,0,0,0,0,0,0,0,0,7194,1,24107,1,403361,1,27092,1,17000,1,44,1,9559,1,4522,1,17044,1,9559,1,0,1,1240,1,1,1,0,1
250,17936200,4521,9559,28.990164,,0,11,9,108,59642,2505,2796,17876558,16,182,160,1,25028,1,40,1,463087,1,3369202,1,129541,1,13874549,1,14949,1,621694,1,12344,4,556979,4,67431,4,4254372,4,8294870,8,12513603,108,32843,24,3677,1,55427,1,5250,1,0,0,0,0,0,0,0,0,0,0,0,0,7444,1,23516,1,400326,1,31651,1,16995,1,44,1,9559,1,4521,1,17039,1,9559,1,0,1,1240,1,1,1,0,1
251,17813500,4522,9559,28.990164,,0,11,9,108,59465,1313,2706,17754035,16,182,160,1,26020,1,130,1,466343,1,3285585,1,142075,1,13819633,1,14087,1,583721,1,12414,4,533233,4,66188,4,4257468,4,8286944,8,12514133,108,27573,24,3296,1,69124,1,5931,1,0,0,0,0,0,0,0,0,0,0,0,0,7344,1,25249,1,405746,1,27553,1,17008,1,36,1,9559,1,4522,1,17044,1,9559,1,0,1,1240,1,1,1,0,1
252,17639900,4523,9559,28.990164,,0,11,9,108,40234,1433,2896,17599666,16,182,110,1,25449,1,110,1,468949,1,3214958,1,120363,1,13755900,1,13827,1,531570,1,12284,4,530919,4,67150,4,4272407,4,8283127,8,12525966,108,26672,24,3677,1,49726,1,3607,1,0,0,0,0,0,0,0,0,0,0,0,0,7144,1,24908,1,405155,1,31491,1,17010,1,36,1,9559,1,4523,1,17046,1,9559,1,0,1,1240,1,1,1,0,1
253,17626600,4523,9559,28.99017,,0,11,9,108,43766,1363,4208,17582834,16,182,100,1,25119,1,100,1,460532,1,3183257,1,120594,1,13779395,1,13737,1,511822,1,13055,4,530768,4,67731,4,4272878,4,8319197,8,12560523,108,27343,24,3286,1,53724,1,5571,1,0,0,0,0,0,0,0,0,0,0,0,0,6883,1,24838,1,401728,1,26682,1,17014,1,36,1,9559,1,4523,1,17050,1,9559,1,0,1,1240,1,1,1,0,1
254,17566400,4523,9559,28.99017,,0,11,9,108,56398,1232,2736,17510002,16,182,361,1,24307,1,90,1,461644,1,3175993,1,120423,1,13710131,1,17053,1,493496,1,11733,4,531039,4,66058,4,4263560,4,8283889,8,12517991,108,26722,24,3296,1,52251,1,3577,1,0,0,0,0,0,0,0,0,0,0,0,0,7114,1,24848,1,403171,1,25670,1,17017,1,36,1,9559,1,4523,1,17053,1,9559,1,0,1,1240,1,1,1,0,1
255,17579000,4521,9559,28.99017,,0,11,9,108,46865,2154,2776,17532135,16,182,80,1,32283,1,120,1,456294,1,3171103,1,125994,1,13732524,1,13737,1,551128,1,11252,4,533123,4,65397,4,4235576,4,8269471,8,12475679,108,26591,24,3978,1,53444,1,7004,1,0,0,0,0,0,0,0,0,0,0,0,0,6723,1,24067,1,400476,1,24828,1,17012,1,36,1,9559,1,4521,1,17048,1,9559,1,0,1,1240,1,1,1,0,1
256,17556100,4519,9559,28.99017,,0,11,9,108,40607,1353,2876,17515493,16,182,170,1,25870,1,30,1,468748,1,3263993,1,122307,1,13621189,1,13186,1,525729,1,9078,4,529456,4,65637,4,4216158,4,8214765,8,12400433,108,27613,24,4068,1,52261,1,2685,1,0,0,0,0,0,0,0,0,0,0,0,0,6833,1,24918,1,403071,1,33645,1,17011,1,36,1,9559,1,4519,1,17047,1,9559,1,0,1,1240,1,1,1,0,1
257,17515500,4519,9559,28.990171,,0,11,9,108,43591,1262,2696,17471909,16,182,120,1,24528,1,30,1,462736,1,3189198,1,120283,1,13661597,1,13416,1,535898,1,9959,4,532652,4,66138,4,4227631,4,8229964,8,12427495,108,27403,24,3898,1,49827,1,4368,1,0,0,0,0,0,0,0,0,0,0,0,0,7094,1,25269,1,399644,1,30419,1,17016,1,36,1,9559,1,4519,1,17052,1,9559,1,0,1,1240,1,1,1,0,1
258,17533000,4520,9559,28.990177,,0,11,9,108,41674,1232,2716,17491326,16,182,240,1,25129,1,20,1,464239,1,3174250,1,120463,1,13693789,1,13196,1,532522,1,9528,4,529436,4,68242,4,4241327,4,8258048,8,12466641,108,30018,24,3397,1,46801,1,3256,1,0,0,0,0,0,0,0,0,0,0,0,0,7254,1,24377,1,401738,1,30589,1,17012,1,40,1,9559,1,4520,1,17052,1,9559,1,0,1,1240,1,1,1,0,1
259,17411500,4520,9559,28.990177,,0,11,9,108,45046,1232,2686,17366454,16,182,130,1,24718,1,40,1,457126,1,3128050,1,119772,1,13623453,1,13166,1,499528,1,8837,4,530117,4,68974,4,4232410,4,8225776,8,12426413,108,29086,24,3326,1,49496,1,3757,1,0,0,0,0,0,0,0,0,0,0,0,0,7084,1,24588,1,400436,1,24798,1,17008,1,40,1,9559,1,4520,1,17048,1,9559,1,0,1,1240,1,1,1,0,1
260,17269600,4520,9559,28.990177,,0,11,9,108,41383,1202,2917,17228217,16,182,90,1,24517,1,20,1,457506,1,3108973,1,117748,1,13506166,1,13196,1,457787,1,9879,4,530357,4,67250,4,4209525,4,8172443,8,12349494,108,29557,24,3607,1,50598,1,3517,1,0,0,0,0,0,0,0,0,0,0,0,0,7364,1,22744,1,402119,1,25069,1,17005,1,40,1,9559,1,4520,1,17045,1,9559,1,0,1,1240,1,1,1,0,1
261,17430900,4519,9559,28.99018,,0,11,9,108,44647,1353,2676,17386253,16,182,110,1,24648,1,20,1,465752,1,3126146,1,116886,1,13639093,1,13596,1,537030,1,11552,4,529356,4,84093,4,4218192,4,8187432,8,12372789,108,30158,24,3697,1,61239,1,5150,1,0,0,0,0,0,0,0,0,0,0,0,0,7064,1,23135,1,405065,1,30229,1,17010,1,40,1,9559,1,4519,1,17050,1,9559,1,0,1,1240,1,1,1,0,1
262,17706800,4518,9559,28.990187,,0,11,9,108,55253,1423,2756,17651547,16,182,150,1,25549,1,60,1,465151,1,3282640,1,122367,1,13738325,1,17304,1,541249,1,10871,4,528895,4,68182,4,4253851,4,8267507,8,12488924,108,29677,24,3737,1,59074,1,3537,1,0,0,0,0,0,0,0,0,0,0,0,0,7074,1,26391,1,404103,1,26882,1,17003,1,40,1,9559,1,4518,1,17043,1,9559,1,0,1,1240,1,1,1,0,1
263,17578900,4518,9559,28.990187,,0,11,9,108,46985,1613,3077,17531915,16,182,651,1,33054,1,50,1,468107,1,3186784,1,118199,1,13711494,1,13576,1,533273,1,9569,4,549755,4,68332,4,4248040,4,8234904,8,12450389,108,29477,24,3978,1,56890,1,5140,1,0,0,0,0,0,0,0,0,0,0,0,0,6984,1,24197,1,405315,1,31311,1,17005,1,40,1,9559,1,4518,1,17045,1,9559,1,0,1,1240,1,1,1,0,1
264,17513300,4518,9559,28.990187,,0,11,9,108,55278,1964,2926,17458022,16,182,50,1,25149,1,120,1,461615,1,3186944,1,118329,1,13649203,1,16612,1,585184,1,16432,4,548342,4,66058,4,4206139,4,8168024,8,12341820,108,29417,24,4038,1,49336,1,3687,1,0,0,0,0,0,0,0,0,0,0,0,0,7264,1,24387,1,404193,1,25539,1,17010,1,40,1,9559,1,4518,1,17050,1,9559,1,0,1,1240,1,1,1,0,1
265,17451000,4518,9559,28.990187,,0,11,9,108,45109,1413,2655,17405891,16,182,160,1,32703,1,30,1,464810,1,3162336,1,117728,1,13615207,1,12915,1,507824,1,9298,4,542261,4,65667,4,4218683,4,8216037,8,12401575,108,30489,24,3567,1,46310,1,4148,1,0,0,0,0,0,0,0,0,0,0,0,0,7054,1,23906,1,406528,1,27082,1,17011,1,40,1,9559,1,4518,1,17051,1,9559,1,0,1,1240,1,1,1,0,1
266,17638400,4518,9559,28.990187,,0,11,9,108,63121,1713,2856,17575279,16,182,130,1,24307,1,30,1,462546,1,3120846,1,141654,1,13809944,1,15821,1,580314,1,11081,4,568782,4,66238,4,4305942,4,8189816,8,12462483,108,30419,24,3357,1,79163,1,3537,1,0,0,0,0,0,0,0,0,0,0,0,0,7484,1,23896,1,405085,1,25880,1,17004,1,40,1,9559,1,4518,1,17044,1,9559,1,0,1,1240,1,1,1,0,1
267,17762500,4518,9559,28.990187,,0,11,9,108,59243,2104,2716,17703257,16,182,281,1,38585,1,150,1,591867,1,3290565,1,112177,1,13655735,1,13897,1,489739,1,19658,4,531199,4,75346,4,4227430,4,8237439,8,12432075,108,30078,24,3537,1,62641,1,6643,1,0,0,0,0,0,0,0,0,0,0,0,0,12705,1,41470,1,503175,1,33124,1,17009,1,40,1,9559,1,4518,1,17049,1,9559,1,0,1,1240,1,1,1,0,1
268,18233900,4518,9559,28.990187,,0,11,9,108,72546,4278,3047,18161354,16,182,130,1,26201,1,40,1,462746,1,3431067,1,152976,1,14071731,1,16462,1,777727,1,22153,4,611525,4,70587,4,4226749,4,8236928,8,12429920,108,30709,24,15099,1,93341,1,13346,1,0,0,0,0,0,0,0,0,0,0,0,0,7254,1,26832,1,401909,1,26271,1,17011,1,40,1,9559,1,4518,1,17051,1,9559,1,0,1,1240,1,1,1,0,1
269,18180400,4518,9559,28.990187,,0,11,9,108,52120,1984,2826,18128280,16,182,731,1,45538,1,150,1,680238,1,3423773,1,122868,1,13840774,1,14208,1,582118,1,13937,4,548022,4,75556,4,4255234,4,8295681,8,12517089,108,31000,24,3918,1,59155,1,5170,1,0,0,0,0,0,0,0,0,0,0,0,0,9799,1,32463,1,578370,1,58533,1,17009,1,40,1,9559,1,4518,1,17049,1,9559,1,0,1,1240,1,1,1,0,1
270,17909200,4518,9559,28.990187,,0,11,9,108,46414,1272,2826,17862786,16,182,461,1,26722,1,261,1,473838,1,3441728,1,128018,1,13778393,1,13366,1,581346,1,10300,4,544154,4,80366,4,4239042,4,8260122,8,12465720,108,30619,24,4238,1,53323,1,4228,1,0,0,0,0,0,0,0,0,0,0,0,0,7434,1,25469,1,407269,1,33164,1,17008,1,40,1,9559,1,4518,1,17048,1,9559,1,0,1,1240,1,1,1,0,1
271,17703300,4518,9559,28.990187,,0,11,9,108,60110,1803,2736,17643190,16,182,180,1,25269,1,100,1,462706,1,3209889,1,118680,1,13808652,1,17714,1,593450,1,11362,4,550216,4,67821,4,4244713,4,8270473,8,12481690,108,30760,24,5651,1,58794,1,4368,1,0,0,0,0,0,0,0,0,0,0,0,0,7064,1,24397,1,405185,1,25780,1,17007,1,40,1,9559,1,4518,1,17047,1,9559,1,0,1,1240,1,1,1,0,1
272,17747100,4518,9559,28.990187,,0,11,9,108,47590,1613,2726,17699510,16,182,10,1,32773,1,761,1,461163,1,3333047,1,121525,1,13736372,1,13857,1,571678,1,11112,4,530838,4,66118,4,4230526,4,8254983,8,12452314,108,30469,24,3787,1,60758,1,4960,1,0,0,0,0,0,0,0,0,0,0,0,0,7525,1,23796,1,402550,1,26752,1,17004,1,40,1,9559,1,4518,1,17044,1,9559,1,0,1,1240,1,1,1,0,1
273,17553100,4518,9559,28.990187,,0,11,9,108,46444,1944,2736,17506656,16,182,120,1,25489,1,50,1,463748,1,3243023,1,119321,1,13641287,1,13616,1,546990,1,9859,4,529085,4,66449,4,4213423,4,8178544,8,12358872,108,30359,24,3507,1,78292,1,13196,1,0,0,0,0,0,0,0,0,0,0,0,0,7174,1,23445,1,401859,1,30980,1,17011,1,40,1,9559,1,4518,1,17051,1,9559,1,0,1,1240,1,1,1,0,1
274,17393700,4518,9559,28.990187,,0,11,9,108,40371,1242,2966,17353329,16,182,90,1,24948,1,10,1,460703,1,3162707,1,118480,1,13573436,1,12955,1,494969,1,11192,4,529145,4,67010,4,4231668,4,8184326,8,12382939,108,30088,24,3657,1,46791,1,3437,1,0,0,0,0,0,0,0,0,0,0,0,0,7695,1,24207,1,403291,1,25279,1,17013,1,40,1,9559,1,4518,1,17053,1,9559,1,0,1,1240,1,1,1,0,1
275,17490700,4518,9559,28.990187,,0,11,9,108,60953,1413,2606,17429747,16,182,391,1,24678,1,20,1,466213,1,3171845,1,122768,1,13623774,1,20059,1,518895,1,10180,4,532452,4,65828,4,4209956,4,8211999,8,12389080,108,30269,24,3477,1,61840,1,7735,1,0,0,0,0,0,0,0,0,0,0,0,0,7535,1,23335,1,402760,1,31862,1,17017,1,40,1,9559,1,4518,1,17057,1,9559,1,0,1,1240,1,1,1,0,1
276,17806100,4519,9559,28.990183,,0,11,9,108,67740,2595,3016,17738360,16,182,431,1,32052,1,140,1,559263,1,3216421,1,118349,1,13791073,1,20630,1,536059,1,11823,4,561518,4,67310,4,4163606,4,8388206,8,12517976,108,30820,24,4008,1,50999,1,4950,1,0,0,0,0,0,0,0,0,0,0,0,0,10270,1,30980,1,486382,1,30850,1,17013,1,40,1,9559,1,4519,1,17053,1,9559,1,0,1,1240,1,1,1,0,1
277,17968700,4518,9559,28.990183,,0,11,9,108,51954,1443,2716,17916746,16,182,451,1,26892,1,250,1,466454,1,3627873,1,150221,1,13630947,1,13656,1,572389,1,8136,4,529646,4,65146,4,4201440,4,8196599,8,12365195,108,30128,24,3557,1,47813,1,4779,1,0,0,0,0,0,0,0,0,0,0,0,0,7384,1,23576,1,404694,1,30459,1,17010,1,40,1,9559,1,4518,1,17050,1,9559,1,0,1,1240,1,1,1,0,1
278,17343600,4518,9559,28.990183,,0,11,9,108,40288,1302,2976,17303312,16,182,20,1,24708,1,20,1,463638,1,3129162,1,119131,1,13553427,1,13206,1,477465,1,8476,4,529195,4,66749,4,4218242,4,8191820,8,12377078,108,30008,24,3787,1,52973,1,3417,1,0,0,0,0,0,0,0,0,0,0,0,0,6953,1,22754,1,403081,1,30619,1,17008,1,40,1,9559,1,4518,1,17048,1,9559,1,0,1,1240,1,1,1,0,1
279,17393200,4519,9559,28.990183,,0,11,9,108,41424,1563,3016,17351776,16,182,170,1,24417,1,50,1,463638,1,3162888,1,117858,1,13569559,1,13196,1,512984,1,8597,4,530658,4,65206,4,4190729,4,8200026,8,12357390,108,30349,24,3787,1,50628,1,5380,1,0,0,0,0,0,0,0,0,0,0,0,0,7194,1,23976,1,401718,1,30529,1,17019,1,40,1,9559,1,4519,1,17059,1,9559,1,0,1,1240,1,1,1,0,1
280,17384100,4518,9559,28.990183,,0,11,9,108,45720,1543,2696,17338380,16,182,170,1,24267,1,120,1,461414,1,3156034,1,117247,1,13565010,1,14117,1,491582,1,15129,4,533213,4,71889,4,4201269,4,8186410,8,12355636,108,29347,24,3467,1,56259,1,4248,1,0,0,0,0,0,0,0,0,0,0,0,0,7024,1,22924,1,404945,1,26231,1,17022,1,40,1,9559,1,4518,1,17062,1,9559,1,0,1,1240,1,1,1,0,1
281,17729700,4520,9559,28.990183,,0,11,9,108,45179,1773,2746,17684521,16,182,802,1,25960,1,110,1,461885,1,3422651,1,143127,1,13616489,1,13496,1,576978,1,11031,4,529856,4,73552,4,4195308,4,8166201,8,12329526,108,29237,24,3767,1,53934,1,4088,1,0,0,0,0,0,0,0,0,0,0,0,0,7164,1,25149,1,402640,1,26581,1,17023,1,40,1,9559,1,4520,1,17063,1,9559,1,0,1,1240,1,1,1,0,1
282,17430700,4520,9559,28.990185,,0,11,9,108,56781,1323,2815,17373919,16,182,130,1,25580,1,20,1,467766,1,3214157,1,119852,1,13532677,1,13737,1,507303,1,10070,4,528123,4,66839,4,4185619,4,8173705,8,12327152,108,29357,24,3126,1,53454,1,3116,1,0,0,0,0,0,0,0,0,0,0,0,0,7394,1,25099,1,402941,1,31912,1,17016,1,40,1,9559,1,4520,1,17056,1,9559,1,0,1,1240,1,1,1,0,1
283,17305700,4518,9559,28.990185,,0,11,9,108,40792,1082,2906,17264908,16,182,110,1,24558,1,110,1,462235,1,3157116,1,116375,1,13491267,1,13135,1,514046,1,9368,4,529275,4,67831,4,4187262,4,8122917,8,12277445,108,29828,24,3657,1,52632,1,3196,1,0,0,0,0,0,0,0,0,0,0,0,0,7234,1,23385,1,400316,1,31030,1,17020,1,40,1,9559,1,4518,1,17060,1,9559,1,0,1,1240,1,1,1,0,1
284,17268000,4518,9559,28.990185,,0,11,9,108,40906,1192,2976,17227094,16,182,120,1,24548,1,30,1,465853,1,3126747,1,117307,1,13478713,1,13777,1,475391,1,10691,4,528935,4,68142,4,4189426,4,8150250,8,12307413,108,29287,24,3647,1,47763,1,3276,1,0,0,0,0,0,0,0,0,0,0,0,0,7585,1,24417,1,403301,1,30329,1,17018,1,40,1,9559,1,4518,1,17058,1,9559,1,0,1,1240,1,1,1,0,1
285,17356000,4519,9559,28.990185,,0,11,9,108,42739,1282,3057,17313261,16,182,170,1,24487,1,30,1,462266,1,3144432,1,116536,1,13551644,1,13697,1,491652,1,9609,4,529045,4,81568,4,4193955,4,8182723,8,12343803,108,29818,24,3306,1,53854,1,4649,1,0,0,0,0,0,0,0,0,0,0,0,0,8176,1,23666,1,405065,1,25079,1,17019,1,40,1,9559,1,4519,1,17059,1,9559,1,0,1,1240,1,1,1,0,1
286,17398800,4520,9559,28.990185,,0,11,9,108,41012,1513,2796,17357788,16,182,170,1,24728,1,80,1,457917,1,3161154,1,116045,1,13583836,1,13857,1,524055,1,10180,4,527061,4,67902,4,4202011,4,8197842,8,12367560,108,29497,24,3286,1,46690,1,3296,1,0,0,0,0,0,0,0,0,0,0,0,0,6773,1,23465,1,402740,1,24728,1,17022,1,40,1,9559,1,4520,1,17062,1,9559,1,0,1,1240,1,1,1,0,1
287,17487800,4519,9559,28.990185,,0,11,9,108,44316,1824,2695,17443484,16,182,200,1,24317,1,20,1,464630,1,3166855,1,117748,1,13656407,1,13306,1,544655,1,9579,4,533944,4,70006,4,4210798,4,8226167,8,12404782,108,29487,24,3537,1,51740,1,4158,1,0,0,0,0,0,0,0,0,0,0,0,0,6803,1,23235,1,403782,1,30599,1,17028,1,40,1,9559,1,4519,1,17068,1,9559,1,0,1,1240,1,1,1,0,1
288,17399500,4520,9559,28.990185,,0,11,9,108,42003,1152,2645,17357497,16,182,120,1,24247,1,70,1,466854,1,3118762,1,117588,1,13616670,1,13186,1,505720,1,11492,4,531660,4,70126,4,4212641,4,8221668,8,12401816,108,29848,24,3727,1,54476,1,4008,1,0,0,0,0,0,0,0,0,0,0,0,0,7214,1,23706,1,404243,1,31431,1,17031,1,40,1,9559,1,4520,1,17071,1,9559,1,0,1,1240,1,1,1,0,1
289,17360000,4518,9559,28.990185,,0,11,9,108,42250,1072,2835,17317750,16,182,80,1,25239,1,40,1,463658,1,3181704,1,117057,1,13516396,1,13576,1,526450,1,10350,4,529736,4,66288,4,4182312,4,8144879,8,12294919,108,29437,24,3507,1,48053,1,3747,1,0,0,0,0,0,0,0,0,0,0,0,0,6963,1,23485,1,402099,1,30830,1,17017,1,40,1,9559,1,4518,1,17057,1,9559,1,0,1,1240,1,1,1,0,1
290,17374900,4517,9559,28.99019,,0,11,9,108,56990,1242,2726,17317910,16,182,90,1,23756,1,150,1,461714,1,3109023,1,114101,1,13591391,1,17684,1,489709,1,12354,4,540247,4,68473,4,4198965,4,8217169,8,12384211,108,29197,24,3677,1,55197,1,4358,1,0,0,0,0,0,0,0,0,0,0,0,0,6984,1,23105,1,400265,1,31090,1,17015,1,40,1,9559,1,4517,1,17055,1,9559,1,0,1,1240,1,1,1,0,1
291,17503000,4517,9559,28.99019,,0,11,9,108,45880,1553,2786,17457120,16,182,110,1,32283,1,120,1,461254,1,3224888,1,119111,1,13605939,1,13416,1,548272,1,10080,4,538163,4,67080,4,4200999,4,8179196,8,12348092,108,29317,24,3477,1,52732,1,4389,1,0,0,0,0,0,0,0,0,0,0,0,0,7414,1,24067,1,403852,1,25610,1,17016,1,40,1,9559,1,4517,1,17056,1,9559,1,0,1,1240,1,1,1,0,1
292,17365000,4519,9559,28.99019,,0,11,9,108,40627,1673,2686,17324373,16,182,130,1,24648,1,180,1,467055,1,3149592,1,117257,1,13552125,1,13386,1,541840,1,14528,4,528324,4,66599,4,4183886,4,8161952,8,12313735,108,29417,24,3236,1,47111,1,2976,1,0,0,0,0,0,0,0,0,0,0,0,0,7274,1,24437,1,403301,1,31220,1,17022,1,40,1,9559,1,4519,1,17062,1,9559,1,0,1,1240,1,1,1,0,1
293,17338500,4517,9559,28.990187,,0,11,9,108,42572,1363,2756,17295928,16,182,90,1,24467,1,40,1,461214,1,3154391,1,115814,1,13526645,1,13266,1,508956,1,9559,4,537040,4,68753,4,4181852,4,8157955,8,12307804,108,29247,24,3226,1,53654,1,4288,1,0,0,0,0,0,0,0,0,0,0,0,0,7294,1,23185,1,400015,1,30489,1,17011,1,40,1,9559,1,4517,1,17051,1,9559,1,0,1,1240,1,1,1,0,1
294,17291500,4517,9559,28.990185,,0,11,9,108,42483,1192,2746,17249017,16,182,110,1,24968,1,90,1,457176,1,3101729,1,115614,1,13535763,1,13566,1,526260,1,9729,4,535437,4,66990,4,4196921,4,8144579,8,12309036,108,29718,24,3878,1,47682,1,3096,1,0,0,0,0,0,0,0,0,0,0,0,0,7515,1,23075,1,401818,1,24497,1,17014,1,40,1,9559,1,4517,1,17054,1,9559,1,0,1,1240,1,1,1,0,1
295,17601100,4516,9559,28.990192,,0,11,9,108,48265,1593,2785,17552835,16,182,70,1,24668,1,80,1,458077,1,3192655,1,118099,1,13744808,1,14378,1,564484,1,16562,4,561889,4,75837,4,4215867,4,8232599,8,12415443,108,30239,24,4509,1,64886,1,6583,1,0,0,0,0,0,0,0,0,0,0,0,0,6563,1,23896,1,402159,1,25169,1,17017,1,40,1,9559,1,4516,1,17057,1,9559,1,0,1,1240,1,1,1,0,1
296,18307400,4516,9559,28.990198,,0,11,9,108,59543,1593,2726,18247857,16,182,170,1,26642,1,30,1,478377,1,3619157,1,171833,1,13937732,1,13917,1,701599,1,11703,4,562870,4,72250,4,4261827,4,8253520,8,12482522,108,30098,24,3507,1,63293,1,5571,1,0,0,0,0,0,0,0,0,0,0,0,0,7034,1,27864,1,405756,1,37112,1,17015,1,40,1,9559,1,4516,1,17055,1,9559,1,0,1,1240,1,1,1,0,1
297,17458200,4515,9559,28.990198,,0,11,9,108,41889,1343,2655,17416311,16,182,70,1,26802,1,20,1,462246,1,3226561,1,116876,1,13570490,1,13246,1,533914,1,14829,4,528314,4,68944,4,4209495,4,8157744,8,12334235,108,30349,24,3517,1,48554,1,3837,1,0,0,0,0,0,0,0,0,0,0,0,0,6803,1,27273,1,402279,1,25610,1,17014,1,40,1,9559,1,4515,1,17054,1,9559,1,0,1,1240,1,1,1,0,1
298,17562700,4515,9559,28.990196,,0,11,9,108,44341,2084,2886,17518359,16,182,150,1,24568,1,40,1,465392,1,3153109,1,119171,1,13740620,1,15310,1,582579,1,15199,4,529466,4,66609,4,4206940,4,8186159,8,12360085,108,30128,24,6342,1,134631,1,10611,1,0,0,0,0,0,0,0,0,0,0,0,0,7715,1,22764,1,403742,1,30940,1,17015,1,40,1,9559,1,4515,1,17055,1,9559,1,0,1,1240,1,1,1,0,1
299,17399500,4515,9559,28.990194,,0,11,9,108,44388,1583,2826,17355112,16,182,90,1,25459,1,20,1,470652,1,3196473,1,118459,1,13530894,1,13065,1,502904,1,11402,4,527292,4,66178,4,4196169,4,8171741,8,12334575,108,30509,24,3276,1,46460,1,3888,1,0,0,0,0,0,0,0,0,0,0,0,0,7595,1,26812,1,404814,1,31020,1,17016,1,40,1,9559,1,4515,1,17056,1,9559,1,0,1,1240,1,1,1,0,1
300,17317300,4515,9559,28.990194,,0,11,9,108,44267,1413,2625,17273033,16,182,140,1,24307,1,110,1,460542,1,3135194,1,117808,1,13521115,1,13817,1,492314,1,11192,4,530277,4,66328,4,4191500,4,8150430,8,12308084,108,31220,24,3948,1,66018,1,7695,1,0,0,0,0,0,0,0,0,0,0,0,0,7184,1,23225,1,399684,1,30158,1,17018,1,40,1,9559,1,4515,1,17058,1,9559,1,0,1,1240,1,1,1,0,1
301,17453700,4515,9559,28.990194,,0,11,9,108,43551,1533,3708,17410149,16,182,441,1,25239,1,110,1,465071,1,3248433,1,119361,1,13538258,1,13236,1,523474,1,13276,4,528354,4,67190,4,4189346,4,8154448,8,12309587,108,30499,24,3727,1,52732,1,4178,1,0,0,0,0,0,0,0,0,0,0,0,0,8156,1,26171,1,404423,1,26040,1,17016,1,40,1,9559,1,4515,1,17056,1,9559,1,0,1,1240,1,1,1,0,1
302,17451400,4515,9559,28.990194,,0,11,9,108,42073,1523,2635,17409327,16,182,90,1,24638,1,100,1,458859,1,3213175,1,118991,1,13579688,1,13787,1,516631,1,10651,4,529366,4,65296,4,4200999,4,8194085,8,12361929,108,30519,24,3647,1,53273,1,4218,1,0,0,0,0,0,0,0,0,0,0,0,0,7154,1,23636,1,402249,1,24998,1,17019,1,40,1,9559,1,4515,1,17059,1,9559,1,0,1,1240,1,1,1,0,1
303,17418200,4516,9559,28.990194,,0,11,9,108,41075,1293,2805,17377125,16,182,220,1,25159,1,20,1,457797,1,3125365,1,115634,1,13639454,1,13476,1,485250,1,10731,4,528614,4,66719,4,4229825,4,8259822,8,12456212,108,30629,24,3387,1,49857,1,3958,1,0,0,0,0,0,0,0,0,0,0,0,0,6292,1,23586,1,402760,1,24778,1,17017,1,40,1,9559,1,4516,1,17057,1,9559,1,0,1,1240,1,1,1,0,1
304,17469000,4515,9559,28.990194,,0,11,9,108,42990,1623,3006,17426010,16,182,120,1,24658,1,50,1,455873,1,3140374,1,116526,1,13674842,1,13566,1,492414,1,12234,4,529887,4,66930,4,4229835,4,8273579,8,12469747,108,30659,24,3817,1,58143,1,6382,1,0,0,0,0,0,0,0,0,0,0,0,0,6693,1,22904,1,401067,1,24908,1,17014,1,40,1,9559,1,4515,1,17054,1,9559,1,0,1,1240,1,1,1,0,1
305,17478200,4517,9559,28.990194,,0,11,9,108,39486,1202,3036,17438714,16,182,160,1,26161,1,70,1,469409,1,3233975,1,118940,1,13576762,1,13236,1,519717,1,9278,4,527332,4,65717,4,4207351,4,8190317,8,12364093,108,30539,24,4028,1,48885,1,2936,1,0,0,0,0,0,0,0,0,0,0,0,0,7525,1,24948,1,404123,1,31942,1,17016,1,40,1,9559,1,4517,1,17056,1,9559,1,0,1,1240,1,1,1,0,1
306,17341200,4517,9559,28.990194,,0,11,9,108,41114,1302,3006,17300086,16,182,10,1,24638,1,20,1,459430,1,3152768,1,114352,1,13535573,1,13296,1,497454,1,8667,4,529376,4,65086,4,4200819,4,8176781,8,12344054,108,30539,24,3787,1,47242,1,5060,1,0,0,0,0,0,0,0,0,0,0,0,0,7284,1,24297,1,402109,1,25600,1,17012,1,40,1,9559,1,4517,1,17052,1,9559,1,0,1,1240,1,1,1,0,1
307,17708500,4517,9559,28.990194,,0,11,9,108,55976,1743,2867,17652524,16,182,130,1,35238,1,110,1,581356,1,3148169,1,114592,1,13759632,1,13296,1,465863,1,9328,4,525428,4,71468,4,4246572,4,8375807,8,12588352,108,31160,24,3697,1,55778,1,3948,1,0,0,0,0,0,0,0,0,0,0,0,0,9949,1,27052,1,506822,1,36901,1,17012,1,40,1,9559,1,4517,1,17052,1,9559,1,0,1,1240,1,1,1,0,1
308,17385200,4516,9559,28.990194,,0,11,9,108,42001,1182,2806,17343199,16,182,80,1,24157,1,90,1,462526,1,3201703,1,119381,1,13521876,1,13386,1,539255,1,10130,4,529646,4,67952,4,4185368,4,8132155,8,12283958,108,30759,24,3296,1,49316,1,3577,1,0,0,0,0,0,0,0,0,0,0,0,0,7665,1,22995,1,400406,1,31241,1,17013,1,40,1,9559,1,4516,1,17053,1,9559,1,0,1,1240,1,1,1,0,1
309,17303400,4516,9559,28.990194,,0,11,9,108,56066,1342,2936,17247334,16,182,60,1,24898,1,110,1,459089,1,3123401,1,117448,1,13509091,1,13236,1,492755,1,8426,4,527853,4,66579,4,4194807,4,8160179,8,12320910,108,31140,24,3467,1,50818,1,2866,1,0,0,0,0,0,0,0,0,0,0,0,0,7304,1,23756,1,403281,1,24618,1,17016,1,40,1,9559,1,4516,1,17056,1,9559,1,0,1,1240,1,1,1,0,1
310,17518600,4516,9559,28.990194,,0,11,9,108,55028,1783,2605,17463572,16,182,100,1,23896,1,240,1,457586,1,3138711,1,116696,1,13706354,1,19989,1,488025,1,13406,4,530949,4,68192,4,4202221,4,8216849,8,12385695,108,30770,24,7384,1,162635,1,14909,1,0,0,0,0,0,0,0,0,0,0,0,0,6603,1,24287,1,400346,1,25670,1,17016,1,40,1,9559,1,4516,1,17056,1,9559,1,0,1,1240,1,1,1,0,1
311,17729500,4516,9559,28.990194,,0,11,9,108,59307,2274,2735,17670193,16,182,160,1,27583,1,250,1,497394,1,3331654,1,123990,1,13672147,1,17013,1,544355,1,10059,4,540587,4,70126,4,4219745,4,8227930,8,12413910,108,31030,24,3918,1,49997,1,3156,1,0,0,0,0,0,0,0,0,0,0,0,0,7825,1,30048,1,425725,1,33475,1,17014,1,40,1,9559,1,4516,1,17054,1,9559,1,0,1,1240,1,1,1,0,1
312,17585400,4515,9559,28.990194,,0,11,9,108,47413,1473,2707,17537987,16,182,331,1,31772,1,90,1,466434,1,3204488,1,116746,1,13704169,1,13957,1,520478,1,13656,4,535497,4,69304,4,4248040,4,8250384,8,12465158,108,30559,24,3727,1,57051,1,4559,1,0,0,0,0,0,0,0,0,0,0,0,0,7615,1,24708,1,402570,1,31220,1,17012,1,40,1,9559,1,4515,1,17052,1,9559,1,0,1,1240,1,1,1,0,1
313,17687700,4515,9559,28.990194,,0,11,9,108,54399,1333,2686,17633301,16,182,140,1,25369,1,90,1,464410,1,3208897,1,116736,1,13800827,1,16833,1,634950,1,9178,4,538724,4,66619,4,4234884,4,8257427,8,12458526,108,31100,24,3667,1,50568,1,3477,1,0,0,0,0,0,0,0,0,0,0,0,0,7575,1,25319,1,404814,1,26391,1,17012,1,40,1,9559,1,4515,1,17052,1,9559,1,0,1,1240,1,1,1,0,1
314,17381600,4515,9559,28.990194,,0,11,9,108,48069,1373,2857,17333531,16,182,150,1,31912,1,110,1,462235,1,3150313,1,114281,1,13560872,1,13656,1,498907,1,10110,4,535407,4,68012,4,4210297,4,8174837,8,12352239,108,30038,24,3988,1,53333,1,4609,1,0,0,0,0,0,0,0,0,0,0,0,0,7625,1,23526,1,399033,1,31762,1,17013,1,40,1,9559,1,4515,1,17053,1,9559,1,0,1,1240,1,1,1,0,1
315,17412000,4517,9559,28.990194,,0,11,9,108,43772,1293,2655,17368228,16,182,571,1,24758,1,60,1,465913,1,3165002,1,141514,1,13557335,1,13075,1,552621,1,9889,4,530959,4,65998,4,4185839,4,8160730,8,12313795,108,30118,24,3286,1,43935,1,2785,1,0,0,0,0,0,0,0,0,0,0,0,0,8046,1,24007,1,402850,1,30750,1,17014,1,40,1,9559,1,4517,1,17054,1,9559,1,0,1,1240,1,1,1,0,1
316,17269900,4515,9559,28.990194,,0,11,9,108,43357,1423,2746,17226543,16,182,170,1,27223,1,20,1,471333,1,3129383,1,114382,1,13470346,1,13687,1,469259,1,9699,4,543082,4,66890,4,4192182,4,8128858,8,12288066,108,30229,24,3857,1,50137,1,4960,1,0,0,0,0,0,0,0,0,0,0,0,0,7194,1,24007,1,408341,1,31411,1,17012,1,40,1,9559,1,4515,1,17052,1,9559,1,0,1,1240,1,1,1,0,1
317,17951000,4517,9559,28.990194,,0,11,9,108,62805,1974,4639,17888195,16,182,160,1,25129,1,100,1,458999,1,3154852,1,172093,1,14063435,1,13426,1,653085,1,10841,4,650831,4,67320,4,4282166,4,8330409,8,12574681,108,33254,24,3908,1,58243,1,4659,1,0,0,0,0,0,0,0,0,0,0,0,0,8446,1,23215,1,402349,1,24728,1,17013,1,44,1,9559,1,4517,1,17057,1,9559,1,0,1,1240,1,1,1,0,1
318,17344200,4516,9559,28.990192,,0,11,9,108,39876,1493,2806,17304324,16,182,170,1,32232,1,140,1,584001,1,3160072,1,114051,1,13400100,1,13556,1,442858,1,11693,4,527742,4,65667,4,4158857,4,8130912,8,12253608,108,33355,24,3797,1,51620,1,5461,1,0,0,0,0,0,0,0,0,0,0,0,0,8937,1,29938,1,504006,1,40759,1,17012,1,44,1,9559,1,4516,1,17056,1,9559,1,0,1,1240,1,1,1,0,1
319,17827700,4516,9559,28.99019,,0,11,9,108,52889,2365,3797,17774811,16,182,271,1,25399,1,190,1,461735,1,3211201,1,127858,1,13934491,1,13666,1,597688,1,11212,4,689436,4,70827,4,4185288,4,8315745,8,12463471,108,33765,24,3817,1,53584,1,4529,1,0,0,0,0,0,0,0,0,0,0,0,0,7765,1,24948,1,403862,1,24838,1,17016,1,44,1,9559,1,4516,1,17060,1,9559,1,0,1,1240,1,1,1,0,1
320,17267800,4515,9559,28.990196,,0,11,9,108,54863,1793,3387,17212937,16,182,230,1,25119,1,110,1,458899,1,3154642,1,116746,1,13439807,1,17384,1,468678,1,17374,4,529295,4,67551,4,4169618,4,8122546,8,12254731,108,34046,24,3968,1,53824,1,5160,1,0,0,0,0,0,0,0,0,0,0,0,0,7264,1,22995,1,402410,1,25950,1,17013,1,44,1,9559,1,4515,1,17057,1,9559,1,0,1,1240,1,1,1,0,1
321,17504600,4515,9559,28.990198,,0,11,9,108,45947,1874,2826,17458653,16,182,471,1,31731,1,120,1,460502,1,3257781,1,121365,1,13573125,1,13556,1,542651,1,12284,4,533183,4,66429,4,4189957,4,8156041,8,12309778,108,33394,24,4699,1,59285,1,6723,1,0,0,0,0,0,0,0,0,0,0,0,0,7935,1,24287,1,401197,1,26682,1,17013,1,44,1,9559,1,4515,1,17057,1,9559,1,0,1,1240,1,1,1,0,1
322,17447600,4517,9559,28.990198,,0,11,9,108,53713,1112,2896,17393887,16,182,180,1,24538,1,90,1,462606,1,3213215,1,120103,1,13558667,1,14488,1,530628,1,19949,4,528624,4,70967,4,4176060,4,8162904,8,12302814,108,33254,24,3938,1,57030,1,7454,1,0,0,0,0,0,0,0,0,0,0,0,0,7224,1,24568,1,404564,1,26000,1,17012,1,44,1,9559,1,4517,1,17056,1,9559,1,0,1,1240,1,1,1,0,1
323,17874100,4517,9559,28.990198,,0,11,9,108,44378,1974,2696,17829722,16,182,110,1,25389,1,250,1,460963,1,3364278,1,152495,1,13812038,1,14198,1,846500,1,9699,4,541028,4,70246,4,4165390,4,8116304,8,12246074,108,32924,24,3537,1,53003,1,4358,1,0,0,0,0,0,0,0,0,0,0,0,0,7134,1,25830,1,401287,1,26221,1,17010,1,44,1,9559,1,4517,1,17054,1,9559,1,0,1,1240,1,1,1,0,1
324,17411500,4517,9559,28.990198,,0,11,9,108,39905,1102,2636,17371595,16,182,160,1,25590,1,100,1,465001,1,3227393,1,117888,1,13521566,1,13897,1,515439,1,9508,4,527572,4,66799,4,4188104,4,8157464,8,12309236,108,33695,24,3697,1,48885,1,2996,1,0,0,0,0,0,0,0,0,0,0,0,0,7595,1,25860,1,405355,1,25920,1,17012,1,44,1,9559,1,4517,1,17056,1,9559,1,0,1,1240,1,1,1,0,1
325,17432000,4516,9559,28.990194,,0,11,9,108,42170,1393,2716,17389830,16,182,160,1,25399,1,80,1,465652,1,3190842,1,124110,1,13567545,1,16041,1,551258,1,8997,4,537241,4,66118,4,4183565,4,8159888,8,12307333,108,33405,24,4659,1,49616,1,4809,1,0,0,0,0,0,0,0,0,0,0,0,0,7424,1,25049,1,401698,1,31251,1,17009,1,44,1,9559,1,4516,1,17053,1,9559,1,0,1,1240,1,1,1,0,1
326,17378600,4516,9559,28.990189,,0,11,9,108,39308,1222,2806,17339292,16,182,120,1,24347,1,20,1,478076,1,3161545,1,120413,1,13541624,1,13145,1,475321,1,9559,4,568421,4,70757,4,4198344,4,8158706,8,12320979,108,33264,24,4188,1,51390,1,3717,1,0,0,0,0,0,0,0,0,0,0,0,0,8026,1,26010,1,408562,1,35218,1,17011,1,44,1,9559,1,4516,1,17055,1,9559,1,0,1,1240,1,1,1,0,1
327,17396600,4516,9559,28.990189,,0,11,9,108,41708,1242,2996,17354892,16,182,190,1,24918,1,20,1,461614,1,3184299,1,119642,1,13550882,1,13326,1,505589,1,8747,4,528303,4,65467,4,4187583,4,8199996,8,12351649,108,32934,24,3757,1,46210,1,3988,1,0,0,0,0,0,0,0,0,0,0,0,0,7505,1,24167,1,404163,1,25409,1,17007,1,44,1,9559,1,4516,1,17051,1,9559,1,0,1,1240,1,1,1,0,1
328,17411300,4515,9559,28.990189,,0,11,9,108,43964,1763,2996,17367336,16,182,110,1,24798,1,40,1,465622,1,3128611,1,119001,1,13615067,1,14087,1,459460,1,13646,4,584833,4,77069,4,4216519,4,8191830,8,12374733,108,30619,24,4118,1,60607,1,5220,1,0,0,0,0,0,0,0,0,0,0,0,0,7464,1,25359,1,404574,1,27944,1,17010,1,40,1,9559,1,4515,1,17050,1,9559,1,0,1,1240,1,1,1,0,1
329,17726500,4514,9559,28.990189,,0,11,9,108,44544,2274,2795,17681956,16,182,431,1,25389,1,100,1,470321,1,3413663,1,124281,1,13633963,1,13807,1,607276,1,9168,4,546509,4,67270,4,4212160,4,8129069,8,12308225,108,30209,24,4479,1,52161,1,3597,1,0,0,0,0,0,0,0,0,0,0,0,0,7264,1,25299,1,404223,1,32643,1,17004,1,40,1,9559,1,4514,1,17044,1,9559,1,0,1,1240,1,1,1,0,1
330,17465400,4515,9559,28.990189,,0,11,9,108,42266,1262,2666,17423134,16,182,210,1,24888,1,30,1,468067,1,3210971,1,118359,1,13586952,1,13656,1,542080,1,10591,4,556558,4,67040,4,4191350,4,8155740,8,12314968,108,29457,24,3797,1,54977,1,3557,1,0,0,0,0,0,0,0,0,0,0,0,0,7124,1,26261,1,408401,1,25980,1,17009,1,40,1,9559,1,4515,1,17049,1,9559,1,0,1,1240,1,1,1,0,1
331,17388200,4513,9559,28.990189,,0,11,9,108,44510,1172,2746,17343690,16,182,20,1,26050,1,30,1,460512,1,3225870,1,114873,1,13503010,1,13326,1,553432,1,8987,4,536830,4,65848,4,4166061,4,8117095,8,12251204,108,29207,24,3577,1,45969,1,4038,1,0,0,0,0,0,0,0,0,0,0,0,0,6673,1,23906,1,402901,1,26772,1,17003,1,40,1,9559,1,4513,1,17043,1,9559,1,0,1,1240,1,1,1,0,1
332,17210600,4513,9559,28.990189,,0,11,9,108,41799,1252,2596,17168801,16,182,60,1,25519,1,20,1,464690,1,3124012,1,114241,1,13426992,1,13266,1,464951,1,9789,4,577228,4,67290,4,4152334,4,8092778,8,12213191,108,29327,24,3737,1,53474,1,4158,1,0,0,0,0,0,0,0,0,0,0,0,0,7394,1,24457,1,402209,1,30489,1,17007,1,40,1,9559,1,4513,1,17047,1,9559,1,0,1,1240,1,1,1,0,1
333,17401700,4512,9559,28.990185,,0,11,9,108,47179,1383,2665,17354521,16,182,80,1,25780,1,30,1,459570,1,3212213,1,121004,1,13522678,1,13166,1,583591,1,10220,4,535387,4,66419,4,4156843,4,8112957,8,12238029,108,29106,24,4058,1,48103,1,3717,1,0,0,0,0,0,0,0,0,0,0,0,0,7144,1,24187,1,403211,1,24778,1,17003,1,40,1,9559,1,4512,1,17043,1,9559,1,0,1,1240,1,1,1,0,1
334,17287900,4513,9559,28.990185,,0,11,9,108,43081,2345,2656,17244819,16,182,180,1,24407,1,40,1,464179,1,3131186,1,116185,1,13494984,1,13656,1,505529,1,10911,4,541760,4,67170,4,4175479,4,8133227,8,12276854,108,29197,24,3507,1,51520,1,3537,1,0,0,0,0,0,0,0,0,0,0,0,0,6823,1,24177,1,401618,1,31261,1,17013,1,40,1,9559,1,4513,1,17053,1,9559,1,0,1,1240,1,1,1,0,1
335,17253900,4514,9559,28.990185,,0,11,9,108,45041,1623,2705,17208859,16,182,180,1,26010,1,80,1,467886,1,3159080,1,115263,1,13426992,1,13366,1,520518,1,11412,4,532371,4,66138,4,4153266,4,8082418,8,12206979,108,26000,24,3417,1,52311,1,3517,1,0,0,0,0,0,0,0,0,0,0,0,0,9839,1,23796,1,402901,1,31120,1,17021,1,36,1,9559,1,4514,1,17057,1,9559,1,0,1,1240,1,1,1,0,1
336,17156600,4513,9559,28.990185,,0,11,9,108,62303,1152,2736,17094297,16,182,120,1,25018,1,20,1,458138,1,3123130,1,116105,1,13351566,1,20199,1,474409,1,9228,4,531880,4,67641,4,4140542,4,8072970,8,12184254,108,26521,24,3387,1,46971,1,3387,1,0,0,0,0,0,0,0,0,0,0,0,0,6913,1,24708,1,401207,1,24938,1,17019,1,36,1,9559,1,4513,1,17055,1,9559,1,0,1,1240,1,1,1,0,1
337,17274600,4516,9559,28.990185,,0,11,9,108,47546,1463,2815,17227054,16,182,160,1,26902,1,120,1,464119,1,3171795,1,119431,1,13431261,1,13266,1,511070,1,8887,4,533043,4,67050,4,4150922,4,8102918,8,12221507,108,29517,24,3306,1,48644,1,3958,1,0,0,0,0,0,0,0,0,0,0,0,0,7164,1,23566,1,402820,1,30349,1,17024,1,40,1,9559,1,4516,1,17064,1,9559,1,0,1,1240,1,1,1,0,1
338,17255800,4517,9559,28.990185,,0,11,9,108,58263,1814,2656,17197537,16,182,130,1,24698,1,40,1,458458,1,3150153,1,116546,1,13430529,1,16983,1,509297,1,9559,4,532251,4,68332,4,4160390,4,8096536,8,12224742,108,29527,24,3767,1,45769,1,2815,1,0,0,0,0,0,0,0,0,0,0,0,0,6853,1,24688,1,402069,1,24638,1,17022,1,40,1,9559,1,4517,1,17062,1,9559,1,0,1,1240,1,1,1,0,1
339,17203900,4518,9559,28.990185,,0,11,9,108,43966,1162,2907,17159934,16,182,140,1,31701,1,120,1,456474,1,3146416,1,116616,1,13395081,1,13386,1,486933,1,9498,4,533303,4,66709,4,4149359,4,8088239,8,12205475,108,29217,24,3817,1,51600,1,4459,1,0,0,0,0,0,0,0,0,0,0,0,0,7214,1,21912,1,402860,1,24277,1,17023,1,40,1,9559,1,4518,1,17063,1,9559,1,0,1,1240,1,1,1,0,1
340,17284300,4517,9559,28.990185,,0,11,9,108,42517,1333,2715,17241783,16,182,371,1,24778,1,281,1,458228,1,3154942,1,117067,1,13471889,1,14228,1,487013,1,12053,4,531349,4,70897,4,4176451,4,8127255,8,12271654,108,29337,24,3467,1,57061,1,5010,1,0,0,0,0,0,0,0,0,0,0,0,0,7324,1,23626,1,401798,1,25229,1,17024,1,40,1,9559,1,4517,1,17064,1,9559,1,0,1,1240,1,1,1,0,1
341,17411700,4517,9559,28.990185,,0,11,9,108,44394,1934,2916,17367306,16,182,100,1,26131,1,90,1,468898,1,3278021,1,118269,1,13462401,1,13396,1,551849,1,9198,4,535387,4,67070,4,4148717,4,8087759,8,12204513,108,29046,24,3707,1,52452,1,4328,1,0,0,0,0,0,0,0,0,0,0,0,0,7605,1,24487,1,404093,1,31762,1,17019,1,40,1,9559,1,4517,1,17059,1,9559,1,0,1,1240,1,1,1,0,1
342,17265200,4517,9559,28.990185,,0,11,9,108,44338,1323,2825,17220862,16,182,80,1,25720,1,170,1,461264,1,3122389,1,116816,1,13480666,1,13757,1,500640,1,10981,4,530678,4,78763,4,4176401,4,8120422,8,12263608,108,30389,24,3397,1,54175,1,3888,1,0,0,0,0,0,0,0,0,0,0,0,0,8006,1,23215,1,403041,1,26782,1,17021,1,40,1,9559,1,4517,1,17061,1,9559,1,0,1,1240,1,1,1,0,1
343,17290400,4517,9559,28.990185,,0,11,9,108,41654,1323,2746,17248746,16,182,130,1,25690,1,120,1,458458,1,3194669,1,117528,1,13438845,1,13306,1,527201,1,8166,4,531810,4,65637,4,4162725,4,8085524,8,12216096,108,29407,24,3547,1,49606,1,3306,1,0,0,0,0,0,0,0,0,0,0,0,0,7595,1,24057,1,400927,1,25549,1,17023,1,40,1,9559,1,4517,1,17063,1,9559,1,0,1,1240,1,1,1,0,1
344,17144300,4517,9559,28.990185,,0,11,9,108,40294,1152,2806,17104006,16,182,80,1,24588,1,90,1,462085,1,3125465,1,117658,1,13360994,1,13045,1,473788,1,8717,4,531490,4,66549,4,4149359,4,8077919,8,12194615,108,29858,24,3607,1,45658,1,2755,1,0,0,0,0,0,0,0,0,0,0,0,0,7314,1,23445,1,404634,1,26451,1,17023,1,40,1,9559,1,4517,1,17063,1,9559,1,0,1,1240,1,1,1,0,1
345,17226400,4517,9559,28.990189,,0,11,9,108,40345,1323,3116,17186055,16,182,80,1,24137,1,110,1,459200,1,3103432,1,113600,1,13472180,1,13316,1,473547,1,7905,4,536249,4,69485,4,4173525,4,8151933,8,12292945,108,29397,24,3527,1,49316,1,5370,1,0,0,0,0,0,0,0,0,0,0,0,0,7825,1,22834,1,403171,1,25129,1,17022,1,40,1,9559,1,4517,1,17062,1,9559,1,0,1,1240,1,1,1,0,1
346,17195000,4517,9559,28.990189,,0,11,9,108,40396,1353,2906,17154604,16,182,20,1,24417,1,40,1,462165,1,3105506,1,117037,1,13431912,1,13506,1,456394,1,9959,4,533363,4,67661,4,4175399,4,8129459,8,12272876,108,29076,24,3717,1,51189,1,3417,1,0,0,0,0,0,0,0,0,0,0,0,0,7224,1,23425,1,406267,1,24998,1,17030,1,40,1,9559,1,4517,1,17070,1,9559,1,0,1,1240,1,1,1,0,1
347,17296700,4517,9559,28.990189,,0,11,9,108,41802,1723,2636,17254898,16,182,100,1,24898,1,10,1,459861,1,3194439,1,118680,1,13443003,1,13907,1,514016,1,10150,4,534626,4,66799,4,4171852,4,8081236,8,12220795,108,29657,24,3787,1,53764,1,5050,1,0,0,0,0,0,0,0,0,0,0,0,0,7815,1,23105,1,402129,1,25549,1,17033,1,40,1,9559,1,4517,1,17073,1,9559,1,0,1,1240,1,1,1,0,1
348,17320300,4517,9559,28.990189,,0,11,9,108,40494,1152,2635,17279806,16,182,110,1,24768,1,40,1,467636,1,3200340,1,119762,1,13453894,1,13256,1,502904,1,9719,4,530848,4,66028,4,4175119,4,8109380,8,12252036,108,29828,24,4529,1,50117,1,4098,1,0,0,0,0,0,0,0,0,0,0,0,0,8426,1,25069,1,402480,1,31261,1,17033,1,40,1,9559,1,4517,1,17073,1,9559,1,0,1,1240,1,1,1,0,1
349,17513200,4516,9559,28.990189,,0,11,9,108,45189,1703,10792,17468011,16,182,661,1,25329,1,30,1,462857,1,3306456,1,127858,1,13531044,1,13777,1,562139,1,8637,4,545347,4,65317,4,4168185,4,8119320,8,12250172,108,26541,24,4368,1,50448,1,5581,1,0,0,0,0,0,0,0,0,0,0,0,0,8046,1,23496,1,399484,1,31521,1,17034,1,36,1,9559,1,4516,1,17070,1,9559,1,0,1,1240,1,1,1,0,1
350,17219700,4515,9559,28.990189,,0,11,9,108,42522,1192,2906,17177178,16,182,271,1,24417,1,160,1,473888,1,3162817,1,119211,1,13383288,1,13125,1,476974,1,9829,4,531870,4,66409,4,4152986,4,8087789,8,12211558,108,26311,24,3837,1,48704,1,3697,1,0,0,0,0,0,0,0,0,0,0,0,0,7995,1,23666,1,412950,1,28876,1,17032,1,36,1,9559,1,4515,1,17068,1,9559,1,0,1,1240,1,1,1,0,1
351,17160800,4516,9559,28.990189,,0,11,9,108,43248,1173,2646,17117552,16,182,311,1,25199,1,90,1,461063,1,3141526,1,119031,1,13355454,1,14879,1,488076,1,9508,4,535808,4,66278,4,4135221,4,8059063,8,12165327,108,26311,24,3867,1,51370,1,5090,1,0,0,0,0,0,0,0,0,0,0,0,0,7344,1,23906,1,404283,1,25229,1,17037,1,36,1,9559,1,4516,1,17073,1,9559,1,0,1,1240,1,1,1,0,1
352,17194900,4517,9559,28.990189,,0,11,9,108,49163,1212,3196,17145737,16,182,150,1,29427,1,30,1,475822,1,3117620,1,120443,1,13387826,1,14418,1,501431,1,21011,4,532121,4,76919,4,4118018,4,8067249,8,12156120,108,25950,24,4529,1,57742,1,7595,1,0,0,0,0,0,0,0,0,0,0,0,0,12524,1,30930,1,405546,1,26571,1,17035,1,36,1,9559,1,4517,1,17071,1,9559,1,0,1,1240,1,1,1,0,1
353,17886100,4518,9559,28.990189,,0,11,9,108,50326,2114,2896,17835774,16,182,210,1,25549,1,210,1,468708,1,3429514,1,157305,1,13740410,1,13867,1,847241,1,8446,4,543503,4,66870,4,4135642,4,8052520,8,12158665,108,26601,24,5942,1,72390,1,5741,1,0,0,0,0,0,0,0,0,0,0,0,0,8066,1,27113,1,405946,1,27223,1,17035,1,36,1,9559,1,4518,1,17071,1,9559,1,0,1,1240,1,1,1,0,1
354,17330200,4518,9559,28.990189,,0,11,9,108,41456,1333,2866,17288744,16,182,80,1,26221,1,80,1,468207,1,3227573,1,118059,1,13435198,1,13326,1,527502,1,9148,4,554294,4,67320,4,4144509,4,8074894,8,12190036,108,26501,24,3747,1,49496,1,2956,1,0,0,0,0,0,0,0,0,0,0,0,0,7965,1,25590,1,406568,1,27493,1,17036,1,36,1,9559,1,4518,1,17072,1,9559,1,0,1,1240,1,1,1,0,1
355,17283600,4519,9559,28.990189,,0,11,9,108,40976,1293,2706,17242624,16,182,281,1,24898,1,180,1,464710,1,3160964,1,126565,1,13451871,1,13155,1,520378,1,8817,4,561137,4,65236,4,4143958,4,8096265,8,12208050,108,29467,24,3607,1,46590,1,4589,1,0,0,0,0,0,0,0,0,0,0,0,0,7555,1,24147,1,401999,1,30780,1,17036,1,36,1,9559,1,4519,1,17072,1,9559,1,0,1,1240,1,1,1,0,1
356,17123300,4518,9559,28.990189,,0,11,9,108,40215,1282,2706,17083085,16,182,120,1,25279,1,20,1,462135,1,3120646,1,117898,1,13343811,1,13176,1,458899,1,9939,4,536279,4,66459,4,4142305,4,8069944,8,12182901,108,26642,24,3687,1,51600,1,3417,1,0,0,0,0,0,0,0,0,0,0,0,0,7825,1,24097,1,403291,1,26702,1,17035,1,36,1,9559,1,4518,1,17071,1,9559,1,0,1,1240,1,1,1,0,1
357,17249800,4519,9559,28.990189,,0,11,9,108,44267,1202,2716,17205533,16,182,110,1,24638,1,40,1,471093,1,3138290,1,117508,1,13433916,1,19939,1,486903,1,9188,4,540677,4,65687,4,4144339,4,8099411,8,12214002,108,27032,24,4459,1,74344,1,7705,1,0,0,0,0,0,0,0,0,0,0,0,0,7815,1,23896,1,406638,1,32343,1,17038,1,36,1,9559,1,4519,1,17074,1,9559,1,0,1,1240,1,1,1,0,1
358,17234500,4520,9559,28.990189,,0,11,9,108,43375,1373,3237,17191125,16,182,451,1,27784,1,110,1,474880,1,3122029,1,117698,1,13434597,1,13576,1,495740,1,22534,4,534696,4,67821,4,4151523,4,8094301,8,12210656,108,31932,24,3547,1,57241,1,5821,1,0,0,0,0,0,0,0,0,0,0,0,0,12093,1,30529,1,407029,1,24988,1,17033,1,44,1,9559,1,4520,1,17077,1,9559,1,0,1,1240,1,1,1,0,1
359,17405800,4521,9559,28.990189,,0,11,9,108,45327,1313,2666,17360473,16,182,90,1,25209,1,150,1,460462,1,3291607,1,124702,1,13444827,1,13426,1,560055,1,9208,4,545537,4,65918,4,4130492,4,8060285,8,12156520,108,31591,24,3377,1,61359,1,7284,1,0,0,0,0,0,0,0,0,0,0,0,0,7655,1,24077,1,401989,1,26361,1,17035,1,44,1,9559,1,4521,1,17079,1,9559,1,0,1,1240,1,1,1,0,1
360,17259400,4521,9559,28.990189,,0,11,9,108,41123,1293,2606,17218277,16,182,561,1,25429,1,321,1,470512,1,3195300,1,118760,1,13392596,1,14799,1,504688,1,8917,4,535628,4,67561,4,4140612,4,8072449,8,12178212,108,32242,24,3567,1,53955,1,3928,1,0,0,0,0,0,0,0,0,0,0,0,0,9248,1,27523,1,405516,1,27523,1,17035,1,44,1,9559,1,4521,1,17079,1,9559,1,0,1,1240,1,1,1,0,1
361,17279700,4521,9559,28.990189,,0,11,9,108,48628,1393,2696,17231072,16,182,110,1,25259,1,10,1,461955,1,3150323,1,118449,1,13461159,1,13807,1,507383,1,10270,4,539976,4,67491,4,4131694,4,8053282,8,12150108,108,32172,24,7925,1,135162,1,6583,1,0,0,0,0,0,0,0,0,0,0,0,0,7374,1,23475,1,399935,1,30940,1,17038,1,44,1,9559,1,4521,1,17082,1,9559,1,0,1,1240,1,1,1,0,1
362,17747500,4521,9559,28.990189,,0,11,9,108,47975,1683,3507,17699525,16,182,812,1,28335,1,130,1,568231,1,3362244,1,118219,1,13608168,1,13386,1,508675,1,9639,4,558201,4,71248,4,4194912,4,8204144,8,12363217,108,32333,24,3847,1,52502,1,3316,1,0,0,0,0,0,0,0,0,0,0,0,0,9789,1,27273,1,478457,1,52041,1,17033,1,44,1,9559,1,4521,1,17077,1,9559,1,0,1,1240,1,1,1,0,1
363,17233100,4521,9559,28.990189,,0,11,9,108,40583,1313,2766,17192517,16,182,70,1,25069,1,20,1,463849,1,3165583,1,120002,1,13404930,1,12995,1,509567,1,8006,4,535487,4,74655,4,4139500,4,8071036,8,12175889,108,31881,24,4008,1,56550,1,4809,1,0,0,0,0,0,0,0,0,0,0,0,0,7635,1,23896,1,400827,1,31261,1,17035,1,44,1,9559,1,4521,1,17079,1,9559,1,0,1,1240,1,1,1,0,1
364,17148200,4521,9559,28.990189,,0,11,9,108,41789,1232,2826,17106411,16,182,90,1,24678,1,30,1,463157,1,3110296,1,117738,1,13377096,1,13326,1,462626,1,9348,4,533504,4,66629,4,4158967,4,8085945,8,12210124,108,31962,24,3577,1,51400,1,3867,1,0,0,0,0,0,0,0,0,0,0,0,0,8056,1,24918,1,404123,1,25840,1,17033,1,44,1,9559,1,4521,1,17077,1,9559,1,0,1,1240,1,1,1,0,1
365,17273200,4521,9559,28.990189,,0,11,9,108,44823,1503,2866,17228377,16,182,130,1,24728,1,80,1,457005,1,3176594,1,132146,1,13424337,1,13356,1,521130,1,9508,4,540627,4,65757,4,4142345,4,8083861,8,12191658,108,31681,24,4829,1,49867,1,4910,1,0,0,0,0,0,0,0,0,0,0,0,0,7995,1,23335,1,398913,1,26471,1,17034,1,44,1,9559,1,4521,1,17078,1,9559,1,0,1,1240,1,1,1,0,1
366,17262900,4521,9559,28.990189,,0,11,9,108,42469,1092,2706,17220431,16,182,180,1,26602,1,150,1,520669,1,3160483,1,122377,1,13376785,1,13186,1,486282,1,9228,4,549545,4,66769,4,4142014,4,8062940,8,12170818,108,31431,24,3627,1,51470,1,3817,1,0,0,0,0,0,0,0,0,0,0,0,0,9338,1,30579,1,445082,1,35459,1,17033,1,44,1,9559,1,4521,1,17077,1,9559,1,0,1,1240,1,1,1,0,1
367,17261400,4521,9559,28.990189,,0,11,9,108,45377,1232,2665,17216023,16,182,170,1,24497,1,80,1,464390,1,3139372,1,117458,1,13454786,1,15270,1,508585,1,10390,4,534566,4,66379,4,4125512,4,8085875,8,12176920,108,31802,24,4298,1,110444,1,7505,1,0,0,0,0,0,0,0,0,0,0,0,0,7685,1,23485,1,400496,1,32533,1,17035,1,44,1,9559,1,4521,1,17079,1,9559,1,0,1,1240,1,1,1,0,1
368,17147000,4521,9559,28.990187,,0,11,9,108,41040,1122,2716,17105960,16,182,311,1,25319,1,40,1,458669,1,3109274,1,123920,1,13374992,1,13436,1,460682,1,15270,4,531199,4,67581,4,4149158,4,8096906,8,12210996,108,32353,24,3717,1,45598,1,3757,1,0,0,0,0,0,0,0,0,0,0,0,0,7595,1,23455,1,402440,1,24878,1,17033,1,44,1,9559,1,4521,1,17077,1,9559,1,0,1,1240,1,1,1,0,1
369,17207400,4520,9559,28.990185,,0,11,9,108,44089,1793,2665,17163311,16,182,110,1,24768,1,100,1,456635,1,3135955,1,130343,1,13402104,1,13296,1,521240,1,12594,4,531710,4,68583,4,4128017,4,8072729,8,12171650,108,26431,24,3306,1,57030,1,5100,1,0,0,0,0,0,0,0,0,0,0,0,0,6943,1,22614,1,401889,1,24858,1,17043,1,36,1,9559,1,4520,1,17079,1,9559,1,0,1,1240,1,1,1,0,1
370,17228400,4520,9559,28.990189,,0,11,9,108,55711,1844,2856,17172689,16,182,150,1,24277,1,10,1,464530,1,3094565,1,117407,1,13457912,1,13837,1,461975,1,41881,4,550256,4,77701,4,4140892,4,8117596,8,12229272,108,26361,24,3497,1,56199,1,6072,1,0,0,0,0,0,0,0,0,0,0,0,0,6663,1,24267,1,403381,1,29617,1,17043,1,36,1,9559,1,4520,1,17079,1,9559,1,0,1,1240,1,1,1,0,1
371,18099800,4520,9559,28.990189,,0,11,9,108,58022,3547,3807,18041778,16,182,220,1,25419,1,140,1,461925,1,3381381,1,220778,1,13937366,1,14548,1,639529,1,29167,4,642865,4,78632,4,4113008,4,8356023,8,12439194,108,26030,24,3777,1,63924,1,6893,1,0,0,0,0,0,0,0,0,0,0,0,0,7354,1,25800,1,401267,1,27213,1,17039,1,36,1,9559,1,4520,1,17075,1,9559,1,0,1,1240,1,1,1,0,1
372,17509400,4520,9559,28.990189,,0,11,9,108,43794,2034,2575,17465606,16,182,100,1,26351,1,170,1,472505,1,3409816,1,122117,1,13419718,1,14829,1,568662,1,8847,4,578681,4,67130,4,4110143,4,8020528,8,12101564,108,26531,24,4389,1,56429,1,2876,1,0,0,0,0,0,0,0,0,0,0,0,0,7555,1,27183,1,404914,1,31812,1,17037,1,36,1,9559,1,4520,1,17073,1,9559,1,0,1,1240,1,1,1,0,1
373,17293100,4520,9559,28.990189,,0,11,9,108,42400,1343,2746,17250700,16,182,711,1,25139,1,100,1,467385,1,3257952,1,127206,1,13358760,1,13446,1,556608,1,9128,4,561167,4,65687,4,4102057,4,8000159,8,12073048,108,26421,24,3477,1,54395,1,4739,1,0,0,0,0,0,0,0,0,0,0,0,0,7424,1,24517,1,402209,1,32273,1,17034,1,36,1,9559,1,4520,1,17070,1,9559,1,0,1,1240,1,1,1,0,1
374,17120100,4520,9559,28.990189,,0,11,9,108,39840,1202,2606,17080260,16,182,120,1,25620,1,40,1,466634,1,3158259,1,119642,1,13296490,1,13456,1,487865,1,8697,4,532251,4,66369,4,4122947,4,8022652,8,12116703,108,26291,24,3336,1,47562,1,3607,1,0,0,0,0,0,0,0,0,0,0,0,0,7845,1,25489,1,405405,1,27664,1,17032,1,36,1,9559,1,4520,1,17068,1,9559,1,0,1,1240,1,1,1,0,1
375,17230500,4520,9559,28.990189,,0,11,9,108,42411,1232,2765,17188089,16,182,110,1,24558,1,80,1,458107,1,3156475,1,118289,1,13414348,1,16121,1,491011,1,9058,4,534085,4,66018,4,4131213,4,8073140,8,12174847,108,26742,24,3757,1,95735,1,9098,1,0,0,0,0,0,0,0,0,0,0,0,0,7505,1,24437,1,400646,1,25169,1,17032,1,36,1,9559,1,4520,1,17068,1,9559,1,0,1,1240,1,1,1,0,1
376,17112600,4520,9559,28.990189,,0,11,9,108,59262,1824,2786,17053338,16,182,1092,1,27433,1,20,1,460693,1,3121297,1,117888,1,13304214,1,20700,1,468478,1,11232,4,540998,4,67701,4,4126164,4,8026981,8,12123527,108,26832,24,3447,1,52422,1,4970,1,0,0,0,0,0,0,0,0,0,0,0,0,7124,1,24157,1,403792,1,25289,1,17035,1,36,1,9559,1,4520,1,17071,1,9559,1,0,1,1240,1,1,1,0,1
377,17923700,4520,9559,28.990189,,0,11,9,108,42624,1182,2936,17881076,16,182,301,1,32012,1,130,1,596836,1,3607113,1,187133,1,13443334,1,14218,1,574703,1,8897,4,542160,4,68092,4,4120352,4,8066467,8,12157282,108,26602,24,5090,1,52031,1,4358,1,0,0,0,0,0,0,0,0,0,0,0,0,9649,1,30589,1,521971,1,33966,1,17035,1,36,1,9559,1,4520,1,17071,1,9559,1,0,1,1240,1,1,1,0,1
378,17208400,4520,9559,28.990189,,0,11,9,108,38617,1182,3338,17169783,16,182,90,1,26301,1,80,1,496893,1,3155062,1,118630,1,13359632,1,13095,1,480140,1,9488,4,552150,4,68272,4,4127657,4,8063291,8,12160548,108,27062,24,3567,1,50518,1,3367,1,0,0,0,0,0,0,0,0,0,0,0,0,8336,1,25810,1,425354,1,37192,1,17035,1,36,1,9559,1,4520,1,17071,1,9559,1,0,1,1240,1,1,1,0,1
379,17205300,4520,9559,28.990189,,0,11,9,108,42971,1333,2856,17162329,16,182,100,1,25008,1,20,1,456995,1,3149391,1,135342,1,13382186,1,13286,1,517112,1,10370,4,576387,4,69484,4,4099362,4,8044445,8,12114229,108,26722,24,4008,1,54756,1,4930,1,0,0,0,0,0,0,0,0,0,0,0,0,7184,1,22744,1,402259,1,24598,1,17037,1,36,1,9559,1,4520,1,17073,1,9559,1,0,1,1240,1,1,1,0,1
380,17155500,4521,9559,28.990189,,0,11,9,108,39220,1172,2635,17116280,16,182,70,1,24548,1,20,1,463618,1,3168869,1,120133,1,13325876,1,13145,1,550196,1,9719,4,532271,4,66118,4,4114291,4,7997594,8,12082868,108,26381,24,3316,1,48023,1,3176,1,0,0,0,0,0,0,0,0,0,0,0,0,7745,1,24818,1,403151,1,27734,1,17038,1,36,1,9559,1,4521,1,17074,1,9559,1,0,1,1240,1,1,1,0,1
381,17048500,4521,9559,28.990189,,0,11,9,108,42243,1723,2876,17006257,16,182,60,1,25129,1,90,1,464450,1,3128080,1,120213,1,13254839,1,13396,1,492895,1,9929,4,530017,4,65948,4,4105403,4,7991181,8,12067428,108,26281,24,3236,1,50187,1,4318,1,0,0,0,0,0,0,0,0,0,0,0,0,8226,1,23255,1,402139,1,30519,1,17039,1,36,1,9559,1,4521,1,17075,1,9559,1,0,1,1240,1,1,1,0,1
382,17038900,4521,9559,28.990189,,0,11,9,108,42493,1262,2776,16996407,16,182,90,1,24888,1,10,1,467626,1,3105346,1,117808,1,13267042,1,13596,1,469149,1,12955,4,527923,4,67882,4,4111605,4,8017202,8,12099720,108,26311,24,3357,1,51139,1,4569,1,0,0,0,0,0,0,0,0,0,0,0,0,8106,1,23205,1,403091,1,33024,1,17038,1,36,1,9559,1,4521,1,17074,1,9559,1,0,1,1240,1,1,1,0,1
383,17315400,4521,9559,28.990189,,0,11,9,108,41505,1162,2696,17273895,16,182,100,1,25239,1,90,1,461975,1,3168538,1,120023,1,13484353,1,13576,1,619089,1,10791,4,533814,4,67260,4,4114190,4,8054334,8,12139587,108,26241,24,3888,1,74454,1,5370,1,0,0,0,0,0,0,0,0,0,0,0,0,7765,1,22534,1,400556,1,30830,1,17039,1,36,1,9559,1,4521,1,17075,1,9559,1,0,1,1240,1,1,1,0,1
384,17109600,4521,9559,28.990189,,0,11,9,108,40492,1212,2716,17069108,16,182,120,1,25760,1,190,1,462666,1,3148590,1,118730,1,13300006,1,13045,1,491242,1,12334,4,529055,4,68182,4,4113740,4,8028514,8,12113087,108,26451,24,3737,1,48594,1,3397,1,0,0,0,0,0,0,0,0,0,0,0,0,7825,1,24978,1,403632,1,25930,1,17035,1,36,1,9559,1,4521,1,17071,1,9559,1,0,1,1240,1,1,1,0,1
385,17208300,4521,9559,28.990189,,0,11,9,108,46202,1262,2796,17162098,16,182,120,1,25409,1,110,1,457807,1,3147227,1,121295,1,13396924,1,13206,1,615693,1,9989,4,529696,4,66759,4,4093190,4,8011471,8,12075604,108,26261,24,3357,1,60457,1,5050,1,0,0,0,0,0,0,0,0,0,0,0,0,7134,1,23536,1,402109,1,24818,1,17034,1,36,1,9559,1,4521,1,17070,1,9559,1,0,1,1240,1,1,1,0,1
386,17206400,4520,9559,28.990189,,0,11,9,108,42818,1353,2606,17163582,16,182,120,1,25139,1,0,1,464480,1,3161715,1,120844,1,13377537,1,13747,1,587719,1,12324,4,545266,4,69725,4,4102618,4,7996372,8,12070353,108,26030,24,3617,1,54546,1,3998,1,0,0,0,0,0,0,0,0,0,0,0,0,7975,1,22474,1,401077,1,32273,1,17032,1,36,1,9559,1,4520,1,17068,1,9559,1,0,1,1240,1,1,1,0,1
387,17280500,4520,9559,28.990189,,0,11,9,108,44448,1503,2776,17236052,16,182,160,1,25049,1,40,1,466273,1,3227473,1,122778,1,13380713,1,13566,1,555977,1,11562,4,534495,4,66258,4,4105163,4,8021220,8,12097276,108,26331,24,6533,1,72751,1,5250,1,0,0,0,0,0,0,0,0,0,0,0,0,7394,1,24117,1,401828,1,32743,1,17041,1,36,1,9559,1,4520,1,17077,1,9559,1,0,1,1240,1,1,1,0,1
388,17230500,4520,9559,28.990189,,0,11,9,108,46369,2054,2686,17184131,16,182,110,1,24888,1,110,1,465432,1,3192485,1,116185,1,13370984,1,13937,1,499658,1,12504,4,528714,4,67371,4,4123679,4,8072389,8,12166570,108,26812,24,4579,1,56079,1,3958,1,0,0,0,0,0,0,0,0,0,0,0,0,7064,1,25008,1,401708,1,31341,1,17036,1,36,1,9559,1,4520,1,17072,1,9559,1,0,1,1240,1,1,1,0,1
389,17266700,4520,9559,28.990189,,0,11,9,108,48723,1513,3056,17217977,16,182,70,1,24638,1,30,1,459250,1,3207764,1,119401,1,13393187,1,13636,1,577880,1,10230,4,532462,4,66739,4,4108089,4,8038353,8,12116754,108,26632,24,3276,1,51059,1,3587,1,0,0,0,0,0,0,0,0,0,0,0,0,7084,1,24447,1,401067,1,26231,1,17035,1,36,1,9559,1,4520,1,17071,1,9559,1,0,1,1240,1,1,1,0,1
390,17498400,4521,9559,28.990189,,0,11,9,108,72816,1643,2977,17425584,16,182,180,1,29968,1,160,1,599491,1,3138029,1,114462,1,13529466,1,13827,1,518164,1,17975,4,589692,4,67861,4,4091817,4,8182798,8,12245106,108,26531,24,3898,1,50999,1,4619,1,0,0,0,0,0,0,0,0,0,0,0,0,12985,1,29778,1,520408,1,35739,1,17036,1,36,1,9559,1,4521,1,17072,1,9559,1,0,1,1240,1,1,1,0,1
391,17448800,4521,9559,28.990189,,0,11,9,108,43981,1303,2716,17404819,16,182,671,1,24517,1,591,1,461775,1,3240879,1,121916,1,13541123,1,13346,1,683644,1,11432,4,530868,4,68352,4,4117186,4,8049685,8,12137584,108,26571,24,3136,1,70637,1,4879,1,0,0,0,0,0,0,0,0,0,0,0,0,7625,1,23876,1,403281,1,26642,1,17038,1,36,1,9559,1,4521,1,17074,1,9559,1,0,1,1240,1,1,1,0,1
392,17198100,4521,9559,28.990189,,0,11,9,108,40490,1022,3047,17157610,16,182,110,1,24648,1,20,1,465682,1,3211011,1,119231,1,13323271,1,13636,1,497003,1,10811,4,527893,4,66539,4,4113269,4,8052781,8,12136471,108,26531,24,3657,1,47131,1,3166,1,0,0,0,0,0,0,0,0,0,0,0,0,7234,1,24788,1,401738,1,31551,1,17037,1,36,1,9559,1,4521,1,17073,1,9559,1,0,1,1240,1,1,1,0,1
393,17306100,4521,9559,28.990189,,0,11,9,108,53817,1433,2926,17252283,16,182,110,1,24708,1,30,1,457416,1,3131467,1,149239,1,13475747,1,13566,1,568642,1,11693,4,530698,4,67070,4,4123398,4,8099040,8,12192931,108,26581,24,4459,1,64645,1,4669,1,0,0,0,0,0,0,0,0,0,0,0,0,7535,1,21882,1,403231,1,24568,1,17037,1,36,1,9559,1,4521,1,17073,1,9559,1,0,1,1240,1,1,1,0,1
394,17159000,4521,9559,28.990189,,0,11,9,108,48371,1373,2806,17110629,16,182,70,1,24618,1,30,1,471093,1,3162226,1,118139,1,13320456,1,13997,1,484939,1,11542,4,535257,4,70897,4,4112557,4,8044745,8,12128627,108,25870,24,3968,1,51370,1,3807,1,0,0,0,0,0,0,0,0,0,0,0,0,7384,1,30108,1,401097,1,31902,1,17037,1,36,1,9559,1,4521,1,17073,1,9559,1,0,1,1240,1,1,1,0,1
395,18024900,4520,9559,28.990189,,0,11,9,108,62130,1753,4058,17962770,16,182,70,1,25219,1,40,1,465983,1,3201552,1,167334,1,14088173,1,14398,1,652083,1,11472,4,586586,4,71789,4,4389784,4,8297775,8,12656740,108,26762,24,4088,1,68352,1,4489,1,0,0,0,0,0,0,0,0,0,0,0,0,7464,1,24247,1,401989,1,32072,1,17037,1,36,1,9559,1,4520,1,17073,1,9559,1,0,1,1240,1,1,1,0,1
396,17262400,4520,9559,28.990189,,0,11,9,108,42379,1533,3016,17220021,16,182,972,1,31421,1,170,1,503355,1,3194338,1,115674,1,13360744,1,13346,1,472776,1,10621,4,528013,4,66880,4,4130923,4,8090704,8,12191629,108,26982,24,3326,1,52301,1,3667,1,0,0,0,0,0,0,0,0,0,0,0,0,10410,1,28445,1,427348,1,36461,1,17037,1,36,1,9559,1,4520,1,17073,1,9559,1,0,1,1240,1,1,1,0,1
397,17400600,4520,9559,28.990189,,0,11,9,108,44426,1152,2655,17356174,16,182,832,1,24407,1,120,1,461815,1,3210941,1,128759,1,13515323,1,13977,1,620502,1,13286,4,533634,4,66268,4,4126665,4,8071206,8,12168304,108,26912,24,3547,1,72981,1,6082,1,0,0,0,0,0,0,0,0,0,0,0,0,7304,1,23225,1,405756,1,25199,1,17035,1,36,1,9559,1,4520,1,17071,1,9559,1,0,1,1240,1,1,1,0,1
398,17167000,4520,9559,28.990187,,0,11,9,108,43246,1343,2876,17123754,16,182,90,1,25359,1,20,1,473858,1,3163008,1,116816,1,13331638,1,12965,1,478337,1,12975,4,527522,4,66559,4,4116385,4,8070465,8,12156981,108,26992,24,3727,1,50598,1,3727,1,0,0,0,0,0,0,0,0,0,0,0,0,7164,1,24277,1,407519,1,34527,1,17035,1,36,1,9559,1,4520,1,17071,1,9559,1,0,1,1240,1,1,1,0,1
399,17259200,4519,9559,28.990181,,0,11,9,108,42836,2044,2645,17216364,16,182,100,1,24538,1,30,1,467015,1,3121738,1,117708,1,13471809,1,13426,1,575555,1,12564,4,534746,4,66589,4,4131915,4,8090384,8,12192741,108,26912,24,3336,1,50628,1,4048,1,0,0,0,0,0,0,0,0,0,0,0,0,6923,1,23005,1,405255,1,31621,1,17033,1,36,1,9559,1,4519,1,17069,1,9559,1,0,1,1240,1,1,1,0,1
400,17137000,4520,9559,28.990177,,0,11,9,108,46150,1393,3106,17090850,16,182,100,1,24217,1,80,1,461504,1,3098863,1,114412,1,13378068,1,13606,1,475682,1,14518,4,532111,4,71999,4,4122056,4,8097347,8,12189074,108,27223,24,4038,1,54335,1,4589,1,0,0,0,0,0,0,0,0,0,0,0,0,6733,1,24417,1,405175,1,24968,1,17036,1,36,1,9559,1,4520,1,17072,1,9559,1,0,1,1240,1,1,1,0,1
401,17408600,4520,9559,28.990183,,0,11,9,108,72695,1563,2676,17335905,16,182,150,1,24668,1,40,1,458378,1,3206382,1,121726,1,13507248,1,17314,1,551929,1,10330,4,531249,4,66860,4,4144429,4,8119640,8,12234481,108,26912,24,3397,1,72631,1,5220,1,0,0,0,0,0,0,0,0,0,0,0,0,7615,1,23265,1,402099,1,24938,1,17037,1,36,1,9559,1,4520,1,17073,1,9559,1,0,1,1240,1,1,1,0,1
402,18071400,4520,9559,28.990183,,0,11,9,108,60352,1613,2966,18011048,16,182,261,1,28916,1,301,1,636814,1,3662631,1,120223,1,13547696,1,14208,1,571758,1,16602,4,552110,4,69224,4,4143898,4,8128758,8,12243168,108,26521,24,4088,1,55327,1,4318,1,0,0,0,0,0,0,0,0,0,0,0,0,13566,1,30269,1,540547,1,51560,1,17035,1,36,1,9559,1,4520,1,17071,1,9559,1,0,1,1240,1,1,1,0,1
403,17288700,4520,9559,28.990175,,0,11,9,108,44362,1633,2616,17244338,16,182,230,1,24568,1,90,1,464229,1,3253172,1,117277,1,13371495,1,13276,1,528684,1,10711,4,534255,4,66679,4,4117046,4,8031840,8,12120080,108,26191,24,3807,1,71909,1,4930,1,0,0,0,0,0,0,0,0,0,0,0,0,7424,1,24427,1,406808,1,25109,1,17037,1,36,1,9559,1,4520,1,17073,1,9559,1,0,1,1240,1,1,1,0,1
404,17199100,4520,9559,28.990175,,0,11,9,108,39897,1072,2696,17159203,16,182,120,1,24818,1,40,1,463027,1,3176053,1,117468,1,13364421,1,13256,1,500910,1,10500,4,529476,4,66980,4,4130262,4,8065896,8,12166680,108,26782,24,3717,1,51780,1,3827,1,0,0,0,0,0,0,0,0,0,0,0,0,6753,1,24197,1,405816,1,26030,1,17040,1,36,1,9559,1,4520,1,17076,1,9559,1,0,1,1240,1,1,1,0,1
405,17374800,4520,9559,28.990175,,0,11,9,108,45888,1363,2996,17328912,16,182,301,1,24357,1,80,1,465692,1,3191293,1,122938,1,13511075,1,13176,1,623879,1,12975,4,532452,4,66749,4,4132346,4,8074282,8,12177040,108,26592,24,3697,1,57752,1,5581,1,0,0,0,0,0,0,0,0,0,0,0,0,7034,1,24207,1,402901,1,31351,1,17041,1,36,1,9559,1,4520,1,17077,1,9559,1,0,1,1240,1,1,1,0,1
406,17312200,4520,9559,28.99018,,0,11,9,108,45369,1433,3126,17266831,16,182,160,1,25439,1,10,1,469770,1,3166635,1,117828,1,13472721,1,14268,1,481623,1,12785,4,542461,4,68152,4,4158827,4,8146182,8,12275401,108,26481,24,3807,1,51550,1,5901,1,0,0,0,0,0,0,0,0,0,0,0,0,7174,1,23946,1,403081,1,35258,1,17034,1,36,1,9559,1,4520,1,17070,1,9559,1,0,1,1240,1,1,1,0,1
407,17570400,4519,9559,28.99018,,0,11,9,108,52272,1723,2755,17518128,16,182,120,1,25149,1,70,1,457777,1,3256719,1,118710,1,13640897,1,18686,1,614671,1,10520,4,551709,4,66339,4,4146673,4,8096135,8,12214002,108,26050,24,6483,1,137897,1,8747,1,0,0,0,0,0,0,0,0,0,0,0,0,6493,1,24848,1,401067,1,25169,1,17032,1,36,1,9559,1,4519,1,17068,1,9559,1,0,1,1240,1,1,1,0,1
408,17853900,4519,9559,28.99018,,0,11,9,108,57979,1733,4259,17795921,16,182,140,1,25349,1,140,1,510078,1,3440936,1,114682,1,13690338,1,14258,1,502283,1,10120,4,621664,4,67230,4,4121274,4,8301227,8,12391821,108,26421,24,4829,1,55698,1,4278,1,0,0,0,0,0,0,0,0,0,0,0,0,9017,1,28535,1,434722,1,37202,1,17033,1,36,1,9559,1,4519,1,17069,1,9559,1,0,1,1240,1,1,1,0,1
409,17523500,4518,9559,28.99018,,0,11,9,108,63585,2805,2846,17459915,16,182,411,1,25239,1,100,1,469880,1,3277299,1,123660,1,13544520,1,18806,1,567269,1,8266,4,538072,4,65156,4,4128749,4,8096405,8,12196277,108,26030,24,7745,1,112097,1,17955,1,0,0,0,0,0,0,0,0,0,0,0,0,7454,1,24988,1,406067,1,30770,1,17035,1,36,1,9559,1,4518,1,17071,1,9559,1,0,1,1240,1,1,1,0,1
410,18515800,4519,9559,28.99018,,0,11,9,108,57240,2435,2846,18458560,16,182,521,1,30499,1,311,1,570074,1,3609813,1,182974,1,14045120,1,19247,1,939791,1,30750,4,678424,4,82450,4,4149709,4,8089271,8,12209453,108,26682,24,4439,1,60086,1,7765,1,0,0,0,0,0,0,0,0,0,0,0,0,11452,1,34186,1,483176,1,40468,1,17035,1,36,1,9559,1,4519,1,17071,1,9559,1,0,1,1240,1,1,1,0,1
411,17586200,4519,9559,28.99018,,0,11,9,108,53213,1783,2776,17532987,16,182,130,1,31080,1,571,1,493135,1,3415617,1,126726,1,13452432,1,13296,1,597187,1,11192,4,538644,4,67280,4,4122707,4,8050917,8,12144748,108,26101,24,4308,1,54115,1,4298,1,0,0,0,0,0,0,0,0,0,0,0,0,7845,1,24307,1,432348,1,28205,1,17032,1,36,1,9559,1,4519,1,17068,1,9559,1,0,1,1240,1,1,1,0,1
412,17425000,4519,9559,28.99018,,0,11,9,108,82462,1373,2616,17342538,16,182,271,1,25439,1,30,1,467746,1,3225138,1,123309,1,13479935,1,20670,1,600594,1,12374,4,537972,4,66910,4,4122406,4,8053302,8,12147032,108,26060,24,3457,1,77380,1,4168,1,0,0,0,0,0,0,0,0,0,0,0,0,7985,1,26672,1,407099,1,25690,1,17038,1,36,1,9559,1,4519,1,17074,1,9559,1,0,1,1240,1,1,1,0,1
413,17376500,4519,9559,28.99018,,0,11,9,108,53900,1343,2656,17322600,16,182,261,1,45047,1,531,1,466815,1,3218976,1,117107,1,13460688,1,13176,1,527772,1,11132,4,539215,4,67320,4,4148757,4,8103900,8,12223911,108,26091,24,3737,1,53383,1,4128,1,0,0,0,0,0,0,0,0,0,0,0,0,8276,1,27293,1,405235,1,25630,1,17039,1,36,1,9559,1,4519,1,17075,1,9559,1,0,1,1240,1,1,1,0,1
414,17364600,4519,9559,28.99018,,0,11,9,108,46399,2014,2645,17318201,16,182,110,1,25279,1,20,1,468578,1,3180752,1,128349,1,13501917,1,13196,1,562219,1,10721,4,532762,4,65868,4,4143357,4,8081797,8,12196338,108,26171,24,4609,1,87459,1,11112,1,0,0,0,0,0,0,0,0,0,0,0,0,7444,1,23656,1,406107,1,31060,1,17036,1,36,1,9559,1,4519,1,17072,1,9559,1,0,1,1240,1,1,1,0,1
415,17201000,4519,9559,28.99018,,0,11,9,108,44893,1272,2596,17156107,16,182,150,1,25890,1,10,1,459731,1,3127970,1,117598,1,13411562,1,13196,1,481463,1,15550,4,537151,4,69595,4,4145281,4,8106805,8,12223530,108,25960,24,3697,1,47211,1,3537,1,0,0,0,0,0,0,0,0,0,0,0,0,7655,1,25049,1,401307,1,25449,1,17039,1,36,1,9559,1,4519,1,17075,1,9559,1,0,1,1240,1,1,1,0,1
416,17269400,4519,9559,28.99018,,0,11,9,108,69709,1433,2695,17199691,16,182,331,1,24387,1,40,1,456154,1,3133761,1,131575,1,13433856,1,19588,1,538413,1,11192,4,533003,4,76899,4,4130833,4,8070415,8,12172652,108,25900,24,4409,1,62150,1,5110,1,0,0,0,0,0,0,0,0,0,0,0,0,7144,1,23365,1,399444,1,25920,1,17037,1,36,1,9559,1,4519,1,17073,1,9559,1,0,1,1240,1,1,1,0,1
417,17283100,4519,9559,28.990177,,0,11,9,108,48160,1303,2716,17234940,16,182,110,1,26521,1,321,1,471443,1,3227182,1,118389,1,13377396,1,13576,1,530608,1,14678,4,537531,4,67892,4,4121795,4,8043653,8,12136462,108,26271,24,3978,1,51370,1,4589,1,0,0,0,0,0,0,0,0,0,0,0,0,7645,1,30920,1,400877,1,31752,1,17035,1,36,1,9559,1,4519,1,17071,1,9559,1,0,1,1240,1,1,1,0,1
418,17619400,4519,9559,28.990175,,0,11,9,108,64966,2114,3236,17554434,16,182,130,1,25610,1,170,1,466514,1,3228214,1,126425,1,13693664,1,13707,1,622316,1,16262,4,619129,4,71599,4,4115433,4,8168490,8,12254456,108,26231,24,3667,1,70056,1,4599,1,0,0,0,0,0,0,0,0,0,0,0,0,7364,1,23916,1,403462,1,31471,1,17035,1,36,1,9559,1,4519,1,17071,1,9559,1,0,1,1240,1,1,1,0,1
419,17317500,4519,9559,28.990168,,0,11,9,108,62682,1333,2606,17254818,16,182,140,1,25489,1,90,1,468758,1,3176604,1,117678,1,13452141,1,13917,1,515178,1,15740,4,539816,4,68793,4,4135842,4,8111755,8,12218871,108,26121,24,3908,1,55127,1,4649,1,0,0,0,0,0,0,0,0,0,0,0,0,11522,1,29156,1,401698,1,25900,1,17035,1,36,1,9559,1,4519,1,17071,1,9559,1,0,1,1240,1,1,1,0,1
420,17370200,4519,9559,28.990166,,0,11,9,108,42340,1172,2505,17327860,16,182,190,1,24958,1,80,1,465241,1,3240027,1,122237,1,13461780,1,13346,1,533303,1,9408,4,530267,4,65327,4,4148537,4,8108038,8,12227408,108,26662,24,3527,1,58804,1,3397,1,0,0,0,0,0,0,0,0,0,0,0,0,7254,1,24167,1,402019,1,31441,1,17037,1,36,1,9559,1,4519,1,17073,1,9559,1,0,1,1240,1,1,1,0,1
421,17141400,4520,9559,28.990166,,0,11,9,108,43436,1543,2575,17097964,16,182,110,1,25239,1,20,1,465672,1,3144442,1,116927,1,13332369,1,13186,1,478727,1,12785,4,539044,4,66689,4,4122597,4,8058923,8,12152704,108,26241,24,3667,1,45328,1,3066,1,0,0,0,0,0,0,0,0,0,0,0,0,6793,1,29657,1,403722,1,25269,1,17036,1,36,1,9559,1,4520,1,17072,1,9559,1,0,1,1240,1,1,1,0,1
422,17293100,4519,9559,28.990166,,0,11,9,108,67519,1473,2806,17225581,16,182,80,1,24237,1,60,1,462356,1,3146927,1,160531,1,13410681,1,20710,1,539165,1,10510,4,564814,4,70707,4,4148287,4,8007804,8,12127765,108,25519,24,3928,1,60407,1,3587,1,0,0,0,0,0,0,0,0,0,0,0,0,6563,1,21822,1,403592,1,30028,1,17040,1,36,1,9559,1,4519,1,17076,1,9559,1,0,1,1240,1,1,1,0,1
423,17437300,4519,9559,28.990166,,0,11,9,108,43513,2084,3137,17393787,16,182,301,1,31190,1,140,1,579392,1,3401630,1,114301,1,13253055,1,13777,1,479499,1,12544,4,535938,4,66369,4,4094132,4,8002944,8,12067969,108,25970,24,3867,1,51740,1,3938,1,0,0,0,0,0,0,0,0,0,0,0,0,9248,1,30479,1,507012,1,31521,1,17038,1,36,1,9559,1,4519,1,17074,1,9559,1,0,1,1240,1,1,1,0,1
424,17209600,4519,9559,28.990166,,0,11,9,108,43654,1573,2907,17165946,16,182,301,1,24327,1,40,1,462686,1,3185000,1,135452,1,13344623,1,13516,1,508555,1,11733,4,530518,4,67771,4,4113038,4,8041279,8,12125740,108,25670,24,5541,1,60157,1,4459,1,0,0,0,0,0,0,0,0,0,0,0,0,6923,1,23616,1,406207,1,24988,1,17033,1,36,1,9559,1,4519,1,17069,1,9559,1,0,1,1240,1,1,1,0,1
425,17255500,4518,9559,28.990166,,0,11,9,108,63203,1503,3126,17192297,16,182,50,1,24808,1,170,1,601435,1,3153419,1,114512,1,13283765,1,14137,1,479840,1,12244,4,529776,4,65637,4,4096937,4,8042220,8,12110442,108,25590,24,4338,1,48153,1,3116,1,0,0,0,0,0,0,0,0,0,0,0,0,13606,1,30319,1,523254,1,33345,1,17035,1,36,1,9559,1,4518,1,17071,1,9559,1,0,1,1240,1,1,1,0,1
426,17368300,4520,9559,28.990166,,0,11,9,108,46713,1814,2706,17321587,16,182,140,1,35308,1,110,1,576136,1,3349359,1,119962,1,13227646,1,12925,1,485230,1,9388,4,529105,4,65517,4,4086727,4,7988747,8,12047309,108,25459,24,4258,1,52953,1,3908,1,0,0,0,0,0,0,0,0,0,0,0,0,8987,1,28876,1,504668,1,33224,1,17037,1,36,1,9559,1,4520,1,17073,1,9559,1,0,1,1240,1,1,1,0,1
427,17083900,4519,9559,28.990158,,0,11,9,108,46824,1443,3037,17037076,16,182,200,1,25099,1,621,1,464310,1,3092902,1,113410,1,13327099,1,13436,1,492153,1,10410,4,535357,4,67561,4,4118058,4,8042341,8,12131421,108,25940,24,3847,1,50738,1,5190,1,0,0,0,0,0,0,0,0,0,0,0,0,6863,1,23626,1,403031,1,30499,1,17037,1,36,1,9559,1,4519,1,17073,1,9559,1,0,1,1240,1,1,1,0,1
428,17535100,4519,9559,28.990158,,0,11,9,108,79102,1783,2956,17455998,16,182,200,1,24528,1,10,1,458017,1,3165092,1,164639,1,13623202,1,20309,1,598009,1,12554,4,572970,4,68643,4,4266215,4,8043533,8,12280801,108,25990,24,3928,1,50267,1,5300,1,0,0,0,0,0,0,0,0,0,0,0,0,7064,1,23175,1,402289,1,25229,1,17033,1,36,1,9559,1,4519,1,17069,1,9559,1,0,1,1240,1,1,1,0,1
429,17750200,4519,9559,28.990156,,0,11,9,108,54272,1433,3046,17695928,16,182,661,1,32784,1,160,1,479028,1,3291847,1,122347,1,13755213,1,13887,1,556488,1,13236,4,567650,4,68924,4,4213282,4,8270458,8,12454063,108,26632,24,4008,1,55808,1,3928,1,0,0,0,0,0,0,0,0,0,0,0,0,7745,1,25810,1,412008,1,32483,1,17037,1,36,1,9559,1,4519,1,17073,1,9559,1,0,1,1240,1,1,1,0,1
430,17250400,4518,9559,28.990152,,0,11,9,108,45058,1343,2676,17205342,16,182,190,1,24978,1,70,1,464710,1,3217113,1,120193,1,13363079,1,15009,1,519577,1,11713,4,530738,4,66719,4,4115132,4,8037972,8,12124789,108,25640,24,3357,1,71659,1,4869,1,0,0,0,0,0,0,0,0,0,0,0,0,7274,1,23465,1,402660,1,30940,1,17037,1,36,1,9559,1,4518,1,17073,1,9559,1,0,1,1240,1,1,1,0,1
431,17142500,4518,9559,28.990156,,0,11,9,108,43534,1232,2998,17098966,16,182,291,1,24708,1,100,1,474449,1,3140835,1,115093,1,13329894,1,13596,1,498205,1,11392,4,531700,4,67160,4,4121364,4,8040527,8,12133264,108,25629,24,3256,1,51390,1,3667,1,0,0,0,0,0,0,0,0,0,0,0,0,6893,1,33575,1,406177,1,27613,1,17039,1,36,1,9559,1,4518,1,17075,1,9559,1,0,1,1240,1,1,1,0,1
432,17421500,4518,9559,28.990158,,0,11,9,108,73391,1964,2826,17348109,16,182,150,1,25409,1,0,1,463338,1,3155694,1,152966,1,13533980,1,16572,1,611905,1,13897,4,601806,4,67280,4,4112437,4,8033744,8,12117695,108,25660,24,3647,1,82139,1,5160,1,0,0,0,0,0,0,0,0,0,0,0,0,7875,1,23806,1,404734,1,26712,1,17043,1,36,1,9559,1,4518,1,17079,1,9559,1,0,1,1240,1,1,1,0,1
433,18121700,4518,9559,28.990156,,0,11,9,108,67674,1573,3757,18054026,16,182,441,1,42823,1,120,1,647524,1,3465854,1,137176,1,13746812,1,13276,1,483447,1,13075,4,551599,4,66519,4,4180810,4,8392248,8,12543611,108,25690,24,4368,1,49225,1,3948,1,0,0,0,0,0,0,0,0,0,0,0,0,9809,1,32313,1,563331,1,40809,1,17044,1,36,1,9559,1,4518,1,17080,1,9559,1,0,1,1240,1,1,1,0,1
434,17343100,4518,9559,28.990156,,0,11,9,108,51521,1703,2866,17291579,16,182,521,1,35709,1,150,1,583250,1,3226250,1,115384,1,13316939,1,13376,1,498887,1,10811,4,531750,4,68012,4,4103179,4,8043433,8,12118137,108,25610,24,3857,1,50388,1,4920,1,0,0,0,0,0,0,0,0,0,0,0,0,8957,1,29758,1,510719,1,33295,1,17043,1,36,1,9559,1,4518,1,17079,1,9559,1,0,1,1240,1,1,1,0,1
435,17179800,4519,9559,28.990156,,0,11,9,108,43932,1232,2936,17135868,16,182,230,1,25870,1,80,1,463758,1,3156565,1,120293,1,13355674,1,13396,1,477174,1,10981,4,529275,4,66719,4,4127005,4,8087318,8,12185627,108,25760,24,3837,1,48454,1,3677,1,0,0,0,0,0,0,0,0,0,0,0,0,7024,1,23656,1,407860,1,24778,1,17046,1,36,1,9559,1,4519,1,17082,1,9559,1,0,1,1240,1,1,1,0,1
436,17107800,4519,9559,28.990156,,0,11,9,108,43922,1062,2736,17063878,16,182,250,1,23996,1,50,1,465602,1,3140264,1,116486,1,13304034,1,13196,1,481833,1,12073,4,533193,4,67050,4,4118699,4,8027913,8,12117926,108,25950,24,4178,1,54035,1,3998,1,0,0,0,0,0,0,0,0,0,0,0,0,6713,1,23345,1,403121,1,32212,1,17044,1,36,1,9559,1,4519,1,17080,1,9559,1,0,1,1240,1,1,1,0,1
437,17169800,4519,9559,28.990156,,0,11,9,108,63560,1222,3667,17106240,16,182,451,1,24748,1,90,1,463829,1,3126818,1,117387,1,13358199,1,14719,1,469259,1,18997,4,530488,4,74504,4,4127877,4,8068261,8,12166741,108,25730,24,4118,1,56810,1,6663,1,0,0,0,0,0,0,0,0,0,0,0,0,7785,1,22153,1,407009,1,26531,1,17045,1,36,1,9559,1,4519,1,17081,1,9559,1,0,1,1240,1,1,1,0,1
438,17552100,4519,9559,28.990156,,0,11,9,108,46757,1763,2656,17505343,16,182,230,1,24948,1,170,1,470161,1,3437369,1,130162,1,13428666,1,13636,1,579603,1,10420,4,533253,4,66789,4,4118258,4,8044505,8,12134307,108,25800,24,4058,1,65246,1,4769,1,0,0,0,0,0,0,0,0,0,0,0,0,7454,1,25489,1,403432,1,33375,1,17044,1,36,1,9559,1,4519,1,17080,1,9559,1,0,1,1240,1,1,1,0,1
439,17281100,4520,9559,28.990156,,0,11,9,108,46331,1443,2786,17234769,16,182,110,1,26461,1,30,1,463217,1,3215089,1,117117,1,13398687,1,14057,1,508545,1,21291,4,529446,4,71499,4,4125953,4,8073791,8,12170738,108,26220,24,3958,1,56309,1,6453,1,0,0,0,0,0,0,0,0,0,0,0,0,7114,1,24998,1,405526,1,25289,1,17047,1,36,1,9559,1,4520,1,17083,1,9559,1,0,1,1240,1,1,1,0,1
440,17856500,4521,9559,28.990154,,0,11,9,108,64852,2244,2976,17791648,16,182,351,1,25740,1,90,1,467646,1,3371251,1,137737,1,13772452,1,16382,1,887910,1,18305,4,541339,4,75336,4,4107658,4,8051819,8,12129759,108,26742,24,4419,1,72801,1,10621,1,0,0,0,0,0,0,0,0,0,0,0,0,7505,1,25119,1,402370,1,32232,1,17049,1,36,1,9559,1,4521,1,17085,1,9559,1,0,1,1240,1,1,1,0,1
441,17570600,4521,9559,28.990154,,0,11,9,108,49847,1773,2465,17520753,16,182,531,1,32222,1,170,1,493626,1,3432119,1,121045,1,13427253,1,13787,1,573621,1,26822,4,533804,4,72370,4,4121715,4,8024366,8,12118086,108,25529,24,4539,1,60958,1,7284,1,0,0,0,0,0,0,0,0,0,0,0,0,13095,1,38294,1,405405,1,35699,1,17052,1,36,1,9559,1,4521,1,17088,1,9559,1,0,1,1240,1,1,1,0,1
442,17887700,4522,9559,28.990156,,0,11,9,108,46005,1363,2825,17841695,16,182,110,1,25509,1,281,1,466534,1,3387793,1,139711,1,13807329,1,14428,1,939500,1,9669,4,548342,4,67671,4,4122487,4,8050276,8,12144418,108,25519,24,3918,1,59555,1,4549,1,0,0,0,0,0,0,0,0,0,0,0,0,6913,1,25329,1,400686,1,33305,1,17054,1,36,1,9559,1,4522,1,17090,1,9559,1,0,1,1240,1,1,1,0,1
443,17282900,4523,9559,28.990156,,0,11,9,108,51838,1383,2796,17231062,16,182,70,1,26071,1,20,1,470151,1,3256339,1,118790,1,13344833,1,14789,1,527462,1,12164,4,531460,4,71048,4,4117888,4,8015058,8,12104620,108,25529,24,4559,1,60016,1,3797,1,0,0,0,0,0,0,0,0,0,0,0,0,6643,1,26702,1,404754,1,31752,1,17056,1,36,1,9559,1,4523,1,17092,1,9559,1,0,1,1240,1,1,1,0,1
444,17540700,4524,9559,28.990156,,0,11,9,108,43212,1262,2786,17497488,16,182,180,1,25499,1,271,1,468688,1,3447880,1,126425,1,13414859,1,13687,1,598179,1,10510,4,534616,4,70577,4,4109391,4,8024717,8,12105793,108,25529,24,3797,1,57141,1,4669,1,0,0,0,0,0,0,0,0,0,0,0,0,7154,1,26000,1,402941,1,32172,1,17049,1,36,1,9559,1,4524,1,17085,1,9559,1,0,1,1240,1,1,1,0,1
445,17636700,4523,9559,28.990156,,0,11,9,108,55540,1503,2786,17581160,16,182,982,1,35138,1,130,1,761475,1,3315964,1,114692,1,13339894,1,12885,1,551118,1,9378,4,552360,4,66479,4,4097939,4,8006070,8,12075864,108,25359,24,3727,1,48304,1,3016,1,0,0,0,0,0,0,0,0,0,0,0,0,9118,1,27834,1,664588,1,58824,1,17046,1,36,1,9559,1,4523,1,17082,1,9559,1,0,1,1240,1,1,1,0,1
446,17471700,4522,9559,28.990156,,0,11,9,108,56887,1172,2665,17414813,16,182,60,1,26521,1,110,1,468177,1,3511568,1,115143,1,13279416,1,13817,1,504998,1,9879,4,540357,4,68322,4,4091947,4,8000980,8,12064723,108,25539,24,3837,1,53654,1,4268,1,0,0,0,0,0,0,0,0,0,0,0,0,7535,1,24788,1,410305,1,25329,1,17048,1,36,1,9559,1,4522,1,17084,1,9559,1,0,1,1240,1,1,1,0,1
447,17196800,4523,9559,28.990156,,0,11,9,108,51564,2114,2736,17145236,16,182,431,1,24808,1,190,1,467766,1,3167196,1,117047,1,13351436,1,16362,1,489879,1,9719,4,545978,4,68543,4,4123318,4,8056909,8,12151842,108,25650,24,3617,1,48043,1,3316,1,0,0,0,0,0,0,0,0,0,0,0,0,7915,1,23706,1,404904,1,30850,1,17048,1,36,1,9559,1,4523,1,17084,1,9559,1,0,1,1240,1,1,1,0,1
448,17200400,4523,9559,28.990156,,0,11,9,108,49724,1573,2606,17150676,16,182,120,1,31541,1,120,1,459079,1,3167607,1,118029,1,13360564,1,13616,1,524566,1,11452,4,534205,4,69675,4,4115433,4,8044745,8,12131892,108,25680,24,3787,1,51299,1,3827,1,0,0,0,0,0,0,0,0,0,0,0,0,7104,1,24197,1,401728,1,25339,1,17052,1,36,1,9559,1,4523,1,17088,1,9559,1,0,1,1240,1,1,1,0,1
449,17209800,4522,9559,28.990156,,0,11,9,108,54495,1212,2645,17155305,16,182,351,1,25519,1,100,1,462746,1,3173218,1,119632,1,13356806,1,16933,1,514637,1,9238,4,528073,4,68352,4,4123398,4,8058181,8,12153455,108,25479,24,3767,1,46600,1,3346,1,0,0,0,0,0,0,0,0,0,0,0,0,7484,1,24858,1,402700,1,27433,1,17048,1,36,1,9559,1,4522,1,17084,1,9559,1,0,1,1240,1,1,1,0,1
450,17183400,4522,9559,28.990156,,0,11,9,108,43264,1793,2936,17140136,16,182,110,1,31511,1,200,1,464951,1,3148019,1,116636,1,13365704,1,13005,1,478868,1,9388,4,528704,4,67090,4,4130572,4,8093900,8,12195676,108,25860,24,4479,1,47201,1,3707,1,0,0,0,0,0,0,0,0,0,0,0,0,7454,1,23726,1,402600,1,30980,1,17047,1,36,1,9559,1,4522,1,17083,1,9559,1,0,1,1240,1,1,1,0,1
451,17170200,4523,9559,28.990152,,0,11,9,108,39853,1282,2646,17130347,16,182,140,1,24818,1,120,1,459170,1,3129202,1,116726,1,13387346,1,12825,1,464460,1,9679,4,529726,4,66809,4,4147986,4,8111545,8,12230815,108,26070,24,3206,1,49636,1,3016,1,0,0,0,0,0,0,0,0,0,0,0,0,6723,1,24708,1,402800,1,24728,1,17051,1,36,1,9559,1,4523,1,17087,1,9559,1,0,1,1240,1,1,1,0,1
452,17103800,4523,9559,28.99015,,0,11,9,108,42767,1212,2676,17061033,16,182,100,1,24497,1,90,1,456294,1,3112580,1,115003,1,13339242,1,13226,1,477154,1,8266,4,530989,4,65186,4,4128268,4,8070906,8,12170247,108,26251,24,3697,1,48674,1,4889,1,0,0,0,0,0,0,0,0,0,0,0,0,6463,1,22774,1,401899,1,24928,1,17048,1,36,1,9559,1,4523,1,17084,1,9559,1,0,1,1240,1,1,1,0,1
453,17163300,4522,9559,28.990156,,0,11,9,108,40337,1443,3197,17122963,16,182,180,1,25449,1,130,1,460452,1,3132308,1,116416,1,13374841,1,13186,1,496261,1,9889,4,531209,4,78141,4,4144539,4,8059744,8,12174765,108,26321,24,3968,1,46370,1,3276,1,0,0,0,0,0,0,0,0,0,0,0,0,7254,1,23886,1,404313,1,24718,1,17047,1,36,1,9559,1,4522,1,17083,1,9559,1,0,1,1240,1,1,1,0,1
454,17131300,4522,9559,28.990156,,0,11,9,108,41472,1363,2786,17089828,16,182,110,1,24037,1,180,1,455833,1,3149411,1,117277,1,13329223,1,13757,1,488476,1,10981,4,534455,4,65587,4,4123789,4,8039715,8,12134007,108,26712,24,3707,1,54916,1,6232,1,0,0,0,0,0,0,0,0,0,0,0,0,7474,1,23005,1,400306,1,24878,1,17047,1,36,1,9559,1,4522,1,17083,1,9559,1,0,1,1240,1,1,1,0,1
455,17165100,4521,9559,28.990156,,0,11,9,108,40013,1132,2706,17125087,16,182,120,1,25289,1,180,1,469129,1,3163038,1,119712,1,13334493,1,13125,1,532912,1,11192,4,530618,4,66278,4,4108189,4,8026650,8,12105782,108,26351,24,3216,1,50828,1,3477,1,0,0,0,0,0,0,0,0,0,0,0,0,7735,1,24688,1,405235,1,31110,1,17048,1,36,1,9559,1,4521,1,17084,1,9559,1,0,1,1240,1,1,1,0,1
456,17179700,4522,9559,28.990152,,0,11,9,108,43482,1463,3087,17136218,16,182,190,1,24477,1,30,1,457827,1,3145844,1,117708,1,13376374,1,13767,1,516731,1,11081,4,529987,4,66248,4,4128077,4,8061317,8,12159656,108,26652,24,3647,1,53744,1,4078,1,0,0,0,0,0,0,0,0,0,0,0,0,7725,1,23185,1,402029,1,24658,1,17047,1,36,1,9559,1,4522,1,17083,1,9559,1,0,1,1240,1,1,1,0,1
457,17155900,4522,9559,28.990152,,0,11,9,108,52936,1242,2686,17102964,16,182,180,1,25008,1,20,1,460242,1,3103533,1,117207,1,13380502,1,16272,1,474840,1,11332,4,529766,4,67521,4,4146062,4,8098109,8,12214764,108,26722,24,3527,1,44416,1,3687,1,0,0,0,0,0,0,0,0,0,0,0,0,7304,1,24277,1,402941,1,25429,1,17047,1,36,1,9559,1,4522,1,17083,1,9559,1,0,1,1240,1,1,1,0,1
458,17324400,4521,9559,28.990152,,0,11,9,108,48100,1773,2886,17276300,16,182,110,1,31150,1,70,1,462406,1,3144121,1,118349,1,13505675,1,14418,1,486452,1,10550,4,530858,4,66649,4,4164568,4,8161081,8,12295951,108,26812,24,4639,1,73643,1,5461,1,0,0,0,0,0,0,0,0,0,0,0,0,6853,1,21702,1,403021,1,30549,1,17046,1,36,1,9559,1,4521,1,17082,1,9559,1,0,1,1240,1,1,1,0,1
459,17608400,4523,9559,28.990152,,0,11,9,108,72447,1643,2936,17535953,16,182,160,1,26121,1,30,1,464620,1,3334550,1,126235,1,13567605,1,16632,1,562109,1,11212,4,535698,4,67170,4,4164698,4,8151632,8,12286843,108,26551,24,3577,1,64806,1,5060,1,0,0,0,0,0,0,0,0,0,0,0,0,7394,1,25039,1,404584,1,27092,1,17055,1,36,1,9559,1,4523,1,17091,1,9559,1,0,1,1240,1,1,1,0,1
460,18176600,4522,9559,28.990152,,0,11,9,108,80637,2725,3097,18095963,16,182,200,1,31220,1,220,1,602928,1,3539607,1,156643,1,13751115,1,14027,1,584142,1,9999,4,529145,4,75286,4,4167820,4,8315590,8,12452749,108,27563,24,4068,1,57622,1,4719,1,0,0,0,0,0,0,0,0,0,0,0,0,14167,1,31130,1,520569,1,35940,1,17054,1,36,1,9559,1,4522,1,17090,1,9559,1,0,1,1240,1,1,1,0,1
461,17391200,4521,9559,28.990152,,0,11,9,108,39404,1854,2726,17351796,16,182,381,1,26181,1,120,1,469570,1,3224517,1,115524,1,13501867,1,13636,1,557340,1,9178,4,528424,4,67110,4,4174628,4,8102597,8,12248469,108,26030,24,3567,1,54195,1,2976,1,0,0,0,0,0,0,0,0,0,0,0,0,8316,1,26111,1,408541,1,26231,1,17055,1,36,1,9559,1,4521,1,17091,1,9559,1,0,1,1240,1,1,1,0,1
462,17328600,4522,9559,28.990152,,0,11,9,108,43693,1433,2726,17284907,16,182,391,1,25519,1,40,1,463608,1,3175202,1,117808,1,13488562,1,13777,1,553362,1,9859,4,530157,4,66459,4,4141854,4,8106705,8,12219492,108,26341,24,4148,1,66699,1,7885,1,0,0,0,0,0,0,0,0,0,0,0,0,7515,1,24427,1,405476,1,25800,1,17060,1,36,1,9559,1,4522,1,17096,1,9559,1,0,1,1240,1,1,1,0,1
463,17504500,4522,9559,28.990152,,0,11,9,108,41919,1393,2625,17462581,16,182,20,1,25900,1,70,1,466774,1,3284824,1,123730,1,13547696,1,13566,1,554875,1,10731,4,553633,4,70366,4,4174117,4,8118398,8,12263037,108,26852,24,3397,1,57131,1,3657,1,0,0,0,0,0,0,0,0,0,0,0,0,7525,1,26742,1,405726,1,26341,1,17058,1,36,1,9559,1,4522,1,17094,1,9559,1,0,1,1240,1,1,1,0,1
464,17447500,4521,9559,28.990152,,0,11,9,108,46659,1212,2686,17400841,16,182,80,1,24658,1,160,1,461113,1,3219998,1,119371,1,13561834,1,13626,1,544445,1,10390,4,531199,4,81287,4,4166802,4,8165249,8,12303045,108,26321,24,3978,1,53684,1,3587,1,0,0,0,0,0,0,0,0,0,0,0,0,6663,1,24548,1,404013,1,25560,1,17063,1,36,1,9559,1,4521,1,17099,1,9559,1,0,1,1240,1,1,1,0,1
465,17412800,4523,9559,28.990152,,0,11,9,108,68088,1593,2616,17344712,16,182,120,1,25369,1,80,1,462546,1,3177476,1,115404,1,13543137,1,20580,1,493847,1,12134,4,531239,4,68934,4,4193815,4,8176290,8,12340256,108,27233,24,3908,1,55638,1,5741,1,0,0,0,0,0,0,0,0,0,0,0,0,6893,1,24958,1,404594,1,25740,1,17062,1,36,1,9559,1,4523,1,17098,1,9559,1,0,1,1240,1,1,1,0,1
466,17656200,4523,9559,28.990147,,0,11,9,108,48098,2184,2706,17608102,16,182,220,1,27613,1,110,1,461965,1,3362604,1,125904,1,13616009,1,13676,1,563722,1,10400,4,531890,4,68573,4,4199576,4,8177683,8,12347360,108,27193,24,3597,1,53724,1,4659,1,0,0,0,0,0,0,0,0,0,0,0,0,6723,1,25259,1,402169,1,26592,1,17065,1,36,1,9559,1,4523,1,17101,1,9559,1,0,1,1240,1,1,1,0,1
467,17553700,4523,9559,28.990145,,0,11,9,108,56532,1793,2666,17497168,16,182,80,1,25850,1,50,1,468628,1,3227222,1,117277,1,13643281,1,14779,1,601585,1,15149,4,567319,4,75236,4,4180198,4,8134950,8,12285671,108,26812,24,3827,1,57030,1,6192,1,0,0,0,0,0,0,0,0,0,0,0,0,7444,1,25219,1,404263,1,31421,1,17057,1,36,1,9559,1,4523,1,17093,1,9559,1,0,1,1240,1,1,1,0,1
468,17692800,4523,9559,28.990145,,0,11,9,108,47696,1563,2636,17645104,16,182,60,1,24928,1,210,1,476173,1,3442469,1,130122,1,13557485,1,13656,1,582779,1,21522,4,547501,4,71048,4,4155270,4,8116955,8,12242496,108,27092,24,4218,1,52782,1,3847,1,0,0,0,0,0,0,0,0,0,0,0,0,7565,1,27163,1,404614,1,35699,1,17059,1,36,1,9559,1,4523,1,17095,1,9559,1,0,1,1240,1,1,1,0,1
469,17516100,4523,9559,28.990139,,0,11,9,108,53309,1954,2515,17462791,16,182,10,1,26401,1,30,1,468137,1,3228886,1,143638,1,13582023,1,13666,1,585444,1,10260,4,545326,4,66719,4,4160871,4,8145591,8,12277826,108,26121,24,3607,1,50778,1,11472,1,0,0,0,0,0,0,0,0,0,0,0,0,7565,1,27153,1,401237,1,31962,1,17057,1,36,1,9559,1,4523,1,17093,1,9559,1,0,1,1240,1,1,1,0,1
470,18049100,4522,9559,28.990139,,0,11,9,108,69618,1513,4649,17979482,16,182,331,1,48294,1,120,1,662944,1,3263282,1,121976,1,13868788,1,13747,1,438459,1,13526,4,558602,4,65918,4,4236397,4,8496901,8,12702819,108,25830,24,3807,1,49776,1,3888,1,0,0,0,0,0,0,0,0,0,0,0,0,13556,1,36260,1,571517,1,40689,1,17050,1,36,1,9559,1,4522,1,17086,1,9559,1,0,1,1240,1,1,1,0,1
471,17680100,4521,9559,28.990147,,0,11,9,108,46318,1914,2806,17633782,16,182,341,1,35439,1,160,1,582248,1,3349349,1,123149,1,13529942,1,13155,1,527863,1,9879,4,548312,4,66439,4,4163877,4,8147314,8,12282365,108,26020,24,3918,1,56209,1,4218,1,0,0,0,0,0,0,0,0,0,0,0,0,9548,1,29507,1,509988,1,32543,1,17051,1,36,1,9559,1,4521,1,17087,1,9559,1,0,1,1240,1,1,1,0,1
472,17322400,4521,9559,28.990149,,0,11,9,108,39127,1172,2846,17283273,16,182,291,1,25269,1,80,1,465051,1,3161755,1,120203,1,13497349,1,13276,1,474730,1,13075,4,530528,4,67320,4,4174878,4,8173384,8,12318545,108,26872,24,4228,1,53934,1,4098,1,0,0,0,0,0,0,0,0,0,0,0,0,7204,1,23115,1,408732,1,25600,1,17051,1,36,1,9559,1,4521,1,17087,1,9559,1,0,1,1240,1,1,1,0,1
473,17332500,4520,9559,28.990149,,0,11,9,108,42233,1513,2636,17290267,16,182,571,1,24698,1,130,1,461314,1,3162387,1,120544,1,13507208,1,13416,1,542641,1,10330,4,530808,4,67381,4,4169007,4,8127866,8,12267164,108,27072,24,4178,1,48504,1,4980,1,0,0,0,0,0,0,0,0,0,0,0,0,7444,1,23205,1,404363,1,25930,1,17047,1,36,1,9559,1,4520,1,17083,1,9559,1,0,1,1240,1,1,1,0,1
474,17210600,4520,9559,28.990149,,0,11,9,108,40226,2024,2656,17170374,16,182,140,1,24618,1,90,1,463989,1,3153980,1,118800,1,13395261,1,13496,1,476724,1,11783,4,528324,4,65978,4,4159408,4,8094101,8,12224432,108,26421,24,3226,1,50117,1,3577,1,0,0,0,0,0,0,0,0,0,0,0,0,7935,1,23385,1,405956,1,26421,1,17048,1,36,1,9559,1,4520,1,17084,1,9559,1,0,1,1240,1,1,1,0,1
475,17348600,4519,9559,28.990149,,0,11,9,108,43444,1743,2686,17305156,16,182,240,1,24568,1,40,1,466734,1,3162457,1,124341,1,13512999,1,13777,1,556378,1,10761,4,532001,4,65908,4,4160250,4,8130451,8,12261604,108,26411,24,3807,1,47232,1,4469,1,0,0,0,0,0,0,0,0,0,0,0,0,7474,1,23275,1,404163,1,31541,1,17042,1,36,1,9559,1,4519,1,17078,1,9559,1,0,1,1240,1,1,1,0,1
476,17245200,4519,9559,28.990149,,0,11,9,108,39266,1383,3397,17205934,16,182,311,1,24057,1,40,1,465662,1,3139422,1,119171,1,13443935,1,13336,1,459220,1,15330,4,528724,4,68242,4,4162083,4,8143927,8,12275601,108,27012,24,3938,1,55437,1,5651,1,0,0,0,0,0,0,0,0,0,0,0,0,8076,1,23105,1,403321,1,30669,1,17046,1,36,1,9559,1,4519,1,17082,1,9559,1,0,1,1240,1,1,1,0,1
477,17418100,4519,9559,28.990149,,0,11,9,108,48720,1623,2786,17369380,16,182,130,1,25549,1,40,1,461965,1,3203476,1,149079,1,13515614,1,13526,1,543924,1,10811,4,536559,4,66589,4,4169047,4,8124580,8,12264600,108,26241,24,3266,1,54385,1,4829,1,0,0,0,0,0,0,0,0,0,0,0,0,7334,1,24708,1,402009,1,27473,1,17047,1,36,1,9559,1,4519,1,17083,1,9559,1,0,1,1240,1,1,1,0,1
478,17239200,4519,9559,28.990145,,0,11,9,108,40861,1192,2676,17198339,16,182,20,1,24708,1,10,1,458238,1,3147698,1,116796,1,13437503,1,13366,1,482815,1,13867,4,531219,4,68242,4,4156362,4,8126945,8,12254491,108,26141,24,3928,1,49055,1,3878,1,0,0,0,0,0,0,0,0,0,0,0,0,7324,1,23355,1,402500,1,24858,1,17045,1,36,1,9559,1,4519,1,17081,1,9559,1,0,1,1240,1,1,1,0,1
479,17266200,4518,9559,28.99014,,0,11,9,108,42442,1413,2655,17223758,16,182,371,1,24407,1,40,1,461404,1,3193316,1,120544,1,13409869,1,13807,1,540497,1,9458,4,530628,4,65166,4,4127787,4,8075324,8,12174686,108,25770,24,3236,1,51780,1,4579,1,0,0,0,0,0,0,0,0,0,0,0,0,7394,1,23816,1,404454,1,25449,1,17046,1,36,1,9559,1,4518,1,17082,1,9559,1,0,1,1240,1,1,1,0,1
480,17110200,4517,9559,28.99014,,0,11,9,108,42244,1182,2707,17067956,16,182,140,1,24367,1,10,1,468137,1,3120195,1,117458,1,13324333,1,13316,1,453168,1,11643,4,528594,4,67080,4,4138908,4,8068191,8,12178212,108,26181,24,3306,1,48694,1,3567,1,0,0,0,0,0,0,0,0,0,0,0,0,7324,1,24407,1,405536,1,30559,1,17049,1,36,1,9559,1,4517,1,17085,1,9559,1,0,1,1240,1,1,1,0,1
481,17252900,4516,9559,28.99014,,0,11,9,108,59361,1162,2725,17193539,16,182,321,1,24417,1,110,1,459540,1,3135254,1,119311,1,13440499,1,14087,1,497764,1,10120,4,530017,4,66809,4,4152936,4,8099902,8,12223771,108,26341,24,3467,1,72621,1,5701,1,0,0,0,0,0,0,0,0,0,0,0,0,7094,1,23225,1,402530,1,26471,1,17048,1,36,1,9559,1,4516,1,17084,1,9559,1,0,1,1240,1,1,1,0,1
482,17226500,4516,9559,28.99014,,0,11,9,108,54122,1293,2825,17172378,16,182,80,1,24658,1,301,1,457607,1,3111528,1,115474,1,13442703,1,20029,1,476824,1,12003,4,533103,4,66288,4,4162654,4,8135411,8,12268037,108,27203,24,3256,1,48233,1,3637,1,0,0,0,0,0,0,0,0,0,0,0,0,6623,1,22794,1,402680,1,25199,1,17050,1,36,1,9559,1,4516,1,17086,1,9559,1,0,1,1240,1,1,1,0,1
483,17682900,4516,9559,28.99014,,0,11,9,108,41368,1262,2666,17641532,16,182,220,1,31210,1,110,1,605062,1,3395012,1,150993,1,13445388,1,13536,1,521971,1,11312,4,564544,4,66188,4,4137856,4,8082568,8,12190887,108,26872,24,3807,1,50558,1,5320,1,0,0,0,0,0,0,0,0,0,0,0,0,8336,1,29006,1,526750,1,40048,1,17050,1,36,1,9559,1,4516,1,17086,1,9559,1,0,1,1240,1,1,1,0,1
484,17143700,4515,9559,28.99014,,0,11,9,108,42098,1202,2666,17101602,16,182,70,1,25509,1,30,1,459460,1,3109955,1,117077,1,13376304,1,13196,1,465802,1,13386,4,533463,4,67050,4,4137095,4,8104832,8,12213150,108,26111,24,3757,1,45919,1,3797,1,0,0,0,0,0,0,0,0,0,0,0,0,7264,1,23756,1,403111,1,25008,1,17049,1,36,1,9559,1,4515,1,17085,1,9559,1,0,1,1240,1,1,1,0,1
485,17138100,4516,9559,28.99014,,0,11,9,108,62219,1112,3096,17075881,16,182,331,1,24297,1,50,1,462346,1,3140244,1,119291,1,13309615,1,19708,1,487384,1,10140,4,530648,4,66018,4,4112147,4,8029636,8,12112766,108,25920,24,3637,1,64675,1,4218,1,0,0,0,0,0,0,0,0,0,0,0,0,7244,1,24087,1,405526,1,25169,1,17048,1,36,1,9559,1,4516,1,17084,1,9559,1,0,1,1240,1,1,1,0,1
486,17173200,4514,9559,28.99014,,0,11,9,108,66699,1533,2676,17106501,16,182,351,1,37242,1,100,1,464059,1,3085948,1,115744,1,13389670,1,13386,1,451565,1,13426,4,540788,4,67581,4,4143848,4,8111455,8,12226286,108,26341,24,3737,1,51289,1,4449,1,0,0,0,0,0,0,0,0,0,0,0,0,7565,1,24207,1,404614,1,27303,1,17044,1,36,1,9559,1,4514,1,17080,1,9559,1,0,1,1240,1,1,1,0,1
487,17415100,4514,9559,28.990133,,0,11,9,108,89430,3537,4088,17325670,16,182,361,1,24838,1,80,1,457556,1,3139482,1,152025,1,13534045,1,17283,1,530848,1,10831,4,548953,4,66499,4,4140832,4,8134715,8,12244206,108,27253,24,7635,1,85075,1,5120,1,0,0,0,0,0,0,0,0,0,0,0,0,6453,1,23365,1,402259,1,25119,1,17041,1,36,1,9559,1,4514,1,17077,1,9559,1,0,1,1240,1,1,1,0,1
488,17383300,4514,9559,28.990128,,0,11,9,108,51367,1443,3087,17331933,16,182,391,1,36922,1,120,1,473137,1,3126297,1,117959,1,13563332,1,13777,1,468117,1,12394,4,575004,4,68553,4,4119831,4,8256851,8,12347756,108,25840,24,3908,1,52802,1,4429,1,0,0,0,0,0,0,0,0,0,0,0,0,6933,1,24598,1,415295,1,25810,1,17045,1,36,1,9559,1,4514,1,17081,1,9559,1,0,1,1240,1,1,1,0,1
489,17413200,4513,9559,28.990131,,0,11,9,108,71924,1433,2927,17341276,16,182,240,1,25479,1,20,1,460382,1,3198707,1,120654,1,13508540,1,27253,1,555005,1,9879,4,536439,4,65727,4,4148256,4,8107607,8,12227087,108,25850,24,3847,1,75106,1,5240,1,0,0,0,0,0,0,0,0,0,0,0,0,6933,1,23686,1,403311,1,26040,1,17041,1,36,1,9559,1,4513,1,17077,1,9559,1,0,1,1240,1,1,1,0,1
490,17260100,4513,9559,28.990131,,0,11,9,108,43586,1844,2806,17216514,16,182,140,1,26211,1,80,1,460232,1,3165893,1,116786,1,13433876,1,13296,1,483266,1,12174,4,529426,4,67140,4,4154679,4,8127255,8,12253238,108,25890,24,3747,1,50518,1,3827,1,0,0,0,0,0,0,0,0,0,0,0,0,6853,1,23876,1,402740,1,26481,1,17043,1,36,1,9559,1,4513,1,17079,1,9559,1,0,1,1240,1,1,1,0,1
491,17369600,4514,9559,28.990131,,0,11,9,108,79614,3016,2957,17289986,16,182,200,1,24848,1,90,1,458749,1,3199298,1,129491,1,13459796,1,17514,1,542210,1,10009,4,531730,4,67841,4,4147044,4,8089111,8,12207549,108,25650,24,3647,1,57141,1,8046,1,0,0,0,0,0,0,0,0,0,0,0,0,7314,1,23005,1,403492,1,24678,1,17043,1,36,1,9559,1,4514,1,17079,1,9559,1,0,1,1240,1,1,1,0,1
492,17179300,4514,9559,28.990131,,0,11,9,108,42240,1363,2745,17137060,16,182,180,1,44576,1,60,1,459500,1,3157467,1,116846,1,13345324,1,13105,1,471123,1,11432,4,529305,4,66118,4,4137225,4,8071146,8,12179956,108,25670,24,3286,1,50939,1,3387,1,0,0,0,0,0,0,0,0,0,0,0,0,7104,1,23335,1,403442,1,25379,1,17046,1,36,1,9559,1,4514,1,17082,1,9559,1,0,1,1240,1,1,1,0,1
493,17372600,4514,9559,28.990131,,0,11,9,108,51403,2345,3217,17321197,16,182,751,1,25249,1,90,1,461925,1,3140865,1,136134,1,13542306,1,13877,1,580404,1,17915,4,549795,4,69455,4,4142766,4,8083500,8,12197320,108,25730,24,8066,1,82941,1,5120,1,0,0,0,0,0,0,0,0,0,0,0,0,7144,1,22934,1,400666,1,30930,1,17043,1,36,1,9559,1,4514,1,17079,1,9559,1,0,1,1240,1,1,1,0,1
494,17519500,4513,9559,28.99013,,0,11,9,108,50497,1343,2696,17469003,16,182,130,1,26501,1,30,1,471173,1,3401329,1,121906,1,13434076,1,13857,1,547390,1,16121,4,531189,4,68873,4,4133388,4,8067048,8,12171840,108,25900,24,3647,1,59185,1,5891,1,0,0,0,0,0,0,0,0,0,0,0,0,6382,1,25920,1,403051,1,34377,1,17043,1,36,1,9559,1,4513,1,17079,1,9559,1,0,1,1240,1,1,1,0,1
495,17626400,4514,9559,28.990126,,0,11,9,108,60153,1803,2586,17566247,16,182,311,1,25379,1,130,1,467816,1,3303179,1,169448,1,13585464,1,14518,1,708969,1,14248,4,538323,4,68122,4,4118609,4,8059754,8,12150208,108,25570,24,4759,1,64705,1,6172,1,0,0,0,0,0,0,0,0,0,0,0,0,6933,1,26081,1,402500,1,31922,1,17051,1,36,1,9559,1,4514,1,17087,1,9559,1,0,1,1240,1,1,1,0,1
496,17490900,4514,9559,28.990126,,0,11,9,108,47036,1403,2695,17443864,16,182,180,1,28195,1,461,1,471283,1,3400047,1,118339,1,13411653,1,13707,1,532031,1,12945,4,529576,4,68903,4,4124531,4,8079873,8,12176239,108,25469,24,3857,1,55007,1,3527,1,0,0,0,0,0,0,0,0,0,0,0,0,7645,1,27864,1,402760,1,32002,1,17050,1,36,1,9559,1,4514,1,17086,1,9559,1,0,1,1240,1,1,1,0,1
497,17290500,4515,9559,28.990126,,0,11,9,108,44910,1102,2535,17245590,16,182,50,1,25710,1,30,1,466854,1,3223455,1,118830,1,13397155,1,13506,1,531109,1,9669,4,529175,4,66258,4,4133478,4,8070435,8,12175688,108,25690,24,4178,1,47913,1,3837,1,0,0,0,0,0,0,0,0,0,0,0,0,6643,1,25529,1,402891,1,31431,1,17049,1,36,1,9559,1,4515,1,17085,1,9559,1,0,1,1240,1,1,1,0,1
498,17147000,4514,9559,28.990126,,0,11,9,108,41862,1112,2716,17105138,16,182,140,1,24708,1,50,1,458639,1,3139011,1,119602,1,13349542,1,13446,1,459640,1,11903,4,528704,4,67581,4,4169938,4,8049895,8,12191388,108,25730,24,3737,1,53494,1,3537,1,0,0,0,0,0,0,0,0,0,0,0,0,6863,1,23636,1,402740,1,25109,1,17050,1,36,1,9559,1,4514,1,17086,1,9559,1,0,1,1240,1,1,1,0,1
499,17256300,4515,9559,28.990126,,0,11,9,108,41960,1152,2686,17214340,16,182,160,1,24407,1,100,1,457416,1,3184109,1,121004,1,13413616,1,13526,1,556177,1,9268,4,534626,4,66519,4,4128117,4,8060586,8,12158975,108,27042,24,3697,1,49045,1,4429,1,0,0,0,0,0,0,0,0,0,0,0,0,7194,1,24678,1,400235,1,25089,1,17047,1,36,1,9559,1,4515,1,17083,1,9559,1,0,1,1240,1,1,1,0,1
