step,wall_ns,manifolds,pairs,top_y,awake,void,colors,wide_colors,waves,g_ns,u_ns,r_ns,sys_sum_ns,disp_lane,worker_lane_max,sys_physics_integrate_ns,sys_physics_integrate_n,sys_physics_gather_ns,sys_physics_gather_n,sys_select_broadphase_ns,sys_select_broadphase_n,sys_physics_broadphase_ns,sys_physics_broadphase_n,sys_physics_narrowphase_ns,sys_physics_narrowphase_n,sys_physics_build_graph_ns,sys_physics_build_graph_n,sys_physics_solve_colored_ns,sys_physics_solve_colored_n,sys_physics_apply_ns,sys_physics_apply_n,phys_solve_build_ns,phys_solve_build_n,phys_gravity_ns,phys_gravity_n,phys_warm_apply_ns,phys_warm_apply_n,phys_integrate_ns,phys_integrate_n,phys_pass_biased_ns,phys_pass_biased_n,phys_pass_relax_ns,phys_pass_relax_n,phys_color_wide_ns,phys_color_wide_n,phys_color_narrow_ns,phys_color_narrow_n,phys_restitution_ns,phys_restitution_n,phys_store_ns,phys_store_n,phys_write_back_ns,phys_write_back_n,phys_sleep_begin_ns,phys_sleep_begin_n,phys_sleep_freeze_ns,phys_sleep_freeze_n,phys_sleep_end_ns,phys_sleep_end_n,phys_np_dispatch_ns,phys_np_dispatch_n,phys_np_compact_ns,phys_np_compact_n,phys_np_axis_commit_ns,phys_np_axis_commit_n,phys_bp_verify_ns,phys_bp_verify_n,phys_bp_build_ns,phys_bp_build_n,phys_bp_query_ns,phys_bp_query_n,phys_bp_assemble_ns,phys_bp_assemble_n,phys_slots_wide,phys_slots_wide_n,phys_slots_narrow,phys_slots_narrow_n,phys_np_pairs,phys_np_pairs_n,phys_np_manifolds,phys_np_manifolds_n,phys_np_points,phys_np_points_n,phys_bp_pairs,phys_bp_pairs_n,phys_np_chunks,phys_np_chunks_n,phys_bp_queried,phys_bp_queried_n,phys_bp_members,phys_bp_members_n,phys_bp_rebuilds,phys_bp_rebuilds_n,phys_np_reused,phys_np_reused_n,phys_np_sep_hits,phys_np_sep_hits_n,phys_np_full,phys_np_full_n
0,12744600,8555,9570,28.99835,1240,0,16,16,192,115557,33997,8157,12629043,16,249,1443,1,132270,1,210,1,592383,1,4609600,1,408312,1,6872131,1,12695,1,1394969,1,10410,4,624596,4,81690,4,1583879,4,3047894,8,4623616,192,0,0,8617,1,61330,1,3507,1,13166,1,1683,2,6393,1,0,0,0,0,0,0,40119,1,77662,1,405095,1,66821,1,34220,1,0,1,9570,1,8555,1,34220,1,9570,1,0,1,1241,1,0,1,0,1,0,1,0,1,9570,1
1,7271900,5881,9570,28.995977,1240,0,16,13,156,51976,1543,6072,7219924,16,249,371,1,38987,1,240,1,324317,1,2434590,1,160134,1,4249873,1,11412,1,533608,1,7314,4,403412,4,69076,4,1079018,4,2086837,8,3112500,156,47283,36,5581,1,48385,1,3507,1,4078,1,1343,2,6172,1,0,0,0,0,0,0,5310,1,25420,1,247817,1,44818,1,18320,1,220,1,9570,1,5881,1,18540,1,9570,1,0,1,1241,1,0,1,0,1,3584,1,1015,1,4971,1
2,8822700,6836,9570,28.994898,1240,0,16,14,168,51220,1784,6553,8771480,16,249,230,1,25049,1,80,1,302664,1,3267725,1,186837,1,4977832,1,11062,1,643213,1,8056,4,455264,4,66661,4,1240856,4,2490980,8,3664594,168,60689,24,4709,1,53014,1,2785,1,3948,1,1373,2,5190,1,0,0,0,0,0,0,20661,1,26171,1,225903,1,29277,1,22023,1,361,1,9570,1,6836,1,22384,1,9570,1,0,1,1240,1,1,1,1,1,1991,1,1364,1,6215,1
3,8731800,6824,9570,28.994986,1240,0,16,14,168,55857,1513,5932,8675943,16,249,230,1,25119,1,120,1,283046,1,3075007,1,193911,1,5087448,1,11062,1,816192,1,8346,4,474712,4,66751,4,1235526,4,2420161,8,3606941,168,42814,24,4399,1,46622,1,2715,1,4198,1,1453,2,4860,1,0,0,0,0,0,0,5741,1,25250,1,224962,1,26542,1,21641,1,278,1,9570,1,6824,1,21919,1,9570,1,0,1,1240,1,1,1,0,1,2987,1,1643,1,4940,1
4,6745200,6785,9570,28.995104,1240,0,16,14,168,52501,1443,4249,6692699,16,249,230,1,24779,1,150,1,280871,1,1230806,1,218339,1,4926502,1,11022,1,695065,1,7835,4,461777,4,66440,4,1223863,4,2409019,8,3598444,168,30189,24,4369,1,42083,1,2755,1,5581,1,1383,2,4890,1,0,0,0,0,0,0,5441,1,23977,1,223499,1,27614,1,20995,1,186,1,9570,1,6785,1,21181,1,9570,1,0,1,1240,1,1,1,0,1,6965,1,1922,1,683,1
5,6636400,6898,9570,28.994875,1240,0,16,14,168,52815,1443,4109,6583585,16,249,160,1,26502,1,220,1,278978,1,1075932,1,203730,1,4986590,1,11473,1,682199,1,8196,4,463981,4,65619,4,1237820,4,2454519,8,3648993,168,39237,24,4449,1,53705,1,3367,1,4108,1,1643,2,5541,1,0,0,0,0,0,0,4970,1,24137,1,220603,1,29007,1,21146,1,246,1,9570,1,6898,1,21392,1,9570,1,0,1,1240,1,1,1,0,1,7282,1,1916,1,372,1
6,6954600,6945,9570,28.994629,1240,0,16,14,168,52359,1753,4379,6902241,16,249,30,1,25821,1,70,1,274900,1,995434,1,210644,1,5384040,1,11302,1,839849,1,8998,4,549068,4,70188,4,1318869,4,2521831,8,3791173,168,45149,24,4769,1,52303,1,3006,1,5481,1,2064,2,5862,1,0,0,0,0,0,0,5531,1,23967,1,217327,1,27865,1,21376,1,293,1,9570,1,6945,1,21669,1,9570,1,0,1,1240,1,1,1,0,1,7417,1,1913,1,240,1
7,6957000,6928,9570,28.99459,1240,0,16,14,168,42846,1332,4299,6914154,16,249,180,1,40890,1,130,1,378473,1,1212300,1,214321,1,5056287,1,11573,1,763479,1,7936,4,463109,4,65599,4,1238101,4,2452775,8,3636488,168,50088,24,4789,1,45169,1,2745,1,3928,1,1503,2,5821,1,0,0,0,0,0,0,8276,1,32654,1,293596,1,43776,1,21387,1,296,1,9570,1,6928,1,21683,1,9570,1,0,1,1240,1,1,1,0,1,7472,1,1891,1,207,1
8,7139100,6912,9570,28.994543,1240,0,16,14,168,52237,1613,4570,7086863,16,249,271,1,25390,1,140,1,270932,1,976116,1,290921,1,5511751,1,11342,1,950225,1,8707,4,540000,4,70007,4,1408806,4,2451052,8,3803276,168,52012,24,4499,1,60298,1,3026,1,5711,1,2184,2,5621,1,0,0,0,0,0,0,4950,1,24378,1,213429,1,27855,1,21357,1,304,1,9570,1,6912,1,21661,1,9570,1,0,1,1240,1,1,1,0,1,7530,1,1870,1,170,1
9,6812700,6950,9570,28.99441,1240,0,16,15,180,40866,1924,4409,6771834,16,249,10,1,37173,1,401,1,345558,1,1105621,1,194311,1,5076797,1,11963,1,755613,1,7885,4,463139,4,66180,4,1252379,4,2466362,8,3696386,180,17945,12,4419,1,44798,1,2695,1,4479,1,1322,2,5601,1,0,0,0,0,0,0,7645,1,31051,1,264139,1,42523,1,21690,1,87,1,9570,1,6950,1,21777,1,9570,1,0,1,1240,1,1,1,0,1,7573,1,1854,1,143,1
10,7044400,6945,9570,28.9943,1240,0,16,14,168,54257,1674,4409,6990143,16,249,80,1,25901,1,30,1,272836,1,955486,1,293105,1,5427094,1,15611,1,830961,1,9078,4,569298,4,72643,4,1382815,4,2480079,8,3801082,168,57403,24,4519,1,59236,1,2925,1,6062,1,2295,2,5511,1,0,0,0,0,0,0,5200,1,24278,1,216385,1,26753,1,21492,1,361,1,9570,1,6945,1,21853,1,9570,1,0,1,1240,1,1,1,0,1,7593,1,1854,1,123,1
11,7205400,6939,9570,28.994253,1240,0,16,15,180,59411,2565,4569,7145989,16,249,60,1,41041,1,140,1,355929,1,1164256,1,275110,1,5297420,1,12034,1,948642,1,9168,4,473049,4,65178,4,1247870,4,2456072,8,3681868,180,17504,12,4739,1,70559,1,3908,1,8697,1,1443,2,5531,1,0,0,0,0,0,0,8176,1,32975,1,272265,1,42273,1,21794,1,96,1,9570,1,6939,1,21890,1,9570,1,0,1,1240,1,1,1,0,1,7610,1,1858,1,102,1
12,6820000,6958,9570,28.99419,1240,0,16,15,180,43476,1372,4399,6776524,16,249,210,1,36401,1,100,1,334116,1,1024371,1,232126,1,5138057,1,11142,1,812365,1,8256,4,473099,4,65418,4,1252789,4,2461943,8,3692419,180,17915,12,4589,1,43045,1,2735,1,5361,1,1393,2,5691,1,0,0,0,0,0,0,7044,1,31722,1,249340,1,44938,1,21854,1,91,1,9570,1,6958,1,21945,1,9570,1,0,1,1240,1,1,1,0,1,7628,1,1842,1,100,1
13,7183000,6960,9570,28.994114,1240,0,16,15,180,52952,1974,4430,7130048,16,249,230,1,25841,1,160,1,266443,1,988430,1,240001,1,5597499,1,11442,1,1017057,1,11162,4,708040,4,65418,4,1263551,4,2465440,8,3707147,180,17414,12,4890,1,42263,1,3116,1,5150,1,3797,2,5641,1,0,0,0,0,0,0,5361,1,24658,1,209732,1,26472,1,21885,1,97,1,9570,1,6960,1,21982,1,9570,1,0,1,1240,1,1,1,0,1,7647,1,1848,1,75,1
14,7023100,6969,9570,28.994057,1240,0,16,15,180,62806,1653,4349,6960294,16,249,70,1,46151,1,90,1,377892,1,1187682,1,267946,1,5064062,1,16402,1,735925,1,8657,4,471426,4,64787,4,1244443,4,2470821,8,3693150,180,17765,12,4369,1,45630,1,3276,1,5441,1,1864,2,5771,1,0,0,0,0,0,0,8236,1,34969,1,286763,1,47684,1,21932,1,120,1,9570,1,6969,1,22052,1,9570,1,0,1,1240,1,1,1,0,1,7637,1,1851,1,82,1
15,7171600,6964,9570,28.993994,1240,0,16,15,180,55440,1734,4429,7116160,16,249,691,1,50970,1,90,1,473299,1,1340762,1,229971,1,5008533,1,11843,1,658473,1,8006,4,451817,4,64527,4,1240255,4,2456723,8,3671437,180,21111,12,8336,1,101249,1,5581,1,4258,1,1353,2,6222,1,0,0,0,0,0,0,12675,1,38706,1,356931,1,64156,1,21946,1,122,1,9570,1,6964,1,22068,1,9570,1,0,1,1240,1,1,1,0,1,7659,1,1847,1,64,1
16,6681300,6972,9570,28.993938,1240,0,16,15,180,46154,1994,4649,6635146,16,249,431,1,35680,1,110,1,341230,1,998741,1,212567,1,5034885,1,11503,1,690415,1,7074,4,452909,4,65148,4,1250545,4,2490489,8,3715073,180,21312,12,4469,1,57473,1,3387,1,4188,1,1403,2,5391,1,0,0,0,0,0,0,6803,1,30269,1,261704,1,42073,1,22004,1,124,1,9570,1,6972,1,22128,1,9570,1,0,1,1240,1,1,1,0,1,7673,1,1837,1,60,1
17,6413100,6963,9570,28.993896,1240,0,16,15,180,36381,1353,4199,6376719,16,249,160,1,26352,1,120,1,277655,1,900698,1,195464,1,4965458,1,10811,1,634726,1,7585,4,472287,4,65278,4,1247429,4,2476031,8,3701556,180,17705,12,4449,1,42534,1,2715,1,4008,1,1483,2,5581,1,0,0,0,0,0,0,5260,1,25680,1,219932,1,26452,1,22030,1,111,1,9570,1,6963,1,22141,1,9570,1,0,1,1240,1,1,1,0,1,7693,1,1840,1,37,1
18,6758800,6974,9570,28.993855,1240,0,16,15,180,58576,1503,4429,6700224,16,249,120,1,25801,1,180,1,288867,1,1126482,1,299428,1,4947944,1,11402,1,645267,1,8246,4,456045,4,64657,4,1241888,4,2459849,8,3679884,180,17424,12,4349,1,50810,1,2926,1,5080,1,1433,2,5892,1,0,0,0,0,0,0,5581,1,31572,1,217838,1,32885,1,22081,1,102,1,9570,1,6974,1,22183,1,9570,1,0,1,1240,1,1,1,0,1,7687,1,1839,1,44,1
19,6800900,6978,9570,28.993809,1240,0,16,15,180,59115,1893,4148,6741785,16,249,140,1,37183,1,40,1,345258,1,1054270,1,247306,1,5046207,1,11382,1,735574,1,7545,4,454552,4,64927,4,1248471,4,2469278,8,3696257,180,17344,12,4900,1,44267,1,2826,1,4619,1,1403,2,5952,1,0,0,0,0,0,0,8086,1,31652,1,262425,1,42463,1,22130,1,104,1,9570,1,6978,1,22234,1,9570,1,0,1,1240,1,1,1,0,1,7689,1,1839,1,42,1
20,7037300,6970,9570,28.993767,1240,0,16,15,180,53139,1863,4278,6984161,16,249,50,1,25270,1,40,1,264960,1,892502,1,185174,1,5605084,1,11082,1,923583,1,9298,4,576362,4,73244,4,1377114,4,2565026,8,3920026,180,17835,12,4880,1,55810,1,3076,1,6954,1,2265,2,5611,1,0,0,0,0,0,0,5391,1,22675,1,209461,1,27123,1,22135,1,109,1,9570,1,6970,1,22244,1,9570,1,0,1,1240,1,1,1,0,1,7702,1,1839,1,29,1
21,6955700,6976,9570,28.993729,1240,0,16,15,180,73168,1924,4550,6882532,16,249,110,1,39137,1,70,1,418411,1,1096082,1,270641,1,5046698,1,11382,1,746425,1,8296,4,466746,4,64667,4,1238251,4,2443467,8,3659614,180,17554,12,4789,1,57012,1,3276,1,4829,1,1343,2,5671,1,0,0,0,0,0,0,22604,1,33917,1,313766,1,47323,1,22150,1,112,1,9570,1,6976,1,22262,1,9570,1,0,1,1240,1,1,1,0,1,7702,1,1835,1,33,1
22,7119900,6978,9570,28.99369,1240,0,16,15,180,80811,1513,4599,7039089,16,249,401,1,33355,1,351,1,408231,1,1163083,1,277595,1,5140071,1,16001,1,667691,1,8447,4,475684,4,64737,4,1266436,4,2550718,8,3795040,180,17514,12,4589,1,83915,1,4579,1,4369,1,1413,2,5982,1,0,0,0,0,0,0,11963,1,34919,1,313656,1,46341,1,22150,1,115,1,9570,1,6978,1,22265,1,9570,1,0,1,1240,1,1,1,0,1,7714,1,1831,1,25,1
23,6939100,6982,9570,28.993656,1240,0,16,15,180,54765,1954,4750,6884335,16,249,271,1,45269,1,110,1,369465,1,1112835,1,309678,1,5035075,1,11633,1,681528,1,7425,4,454071,4,65098,4,1248070,4,2464158,8,3689543,180,17935,12,5351,1,91269,1,3988,1,5200,1,1313,2,5651,1,0,0,0,0,0,0,8437,1,33596,1,284298,1,42764,1,22171,1,110,1,9570,1,6982,1,22281,1,9570,1,0,1,1240,1,1,1,0,1,7709,1,1829,1,32,1
24,6344900,6964,9570,28.993626,1240,0,16,15,180,37147,1383,4209,6307753,16,249,250,1,26362,1,130,1,284138,1,877523,1,185654,1,4922634,1,11062,1,628043,1,6974,4,451937,4,64787,4,1247429,4,2462605,8,3688271,180,17554,12,4409,1,41211,1,2755,1,4158,1,1333,2,5611,1,0,0,0,0,0,0,5962,1,30289,1,218860,1,28776,1,22152,1,106,1,9570,1,6964,1,22258,1,9570,1,0,1,1240,1,1,1,0,1,7727,1,1830,1,13,1
25,6612600,6960,9570,28.993595,1240,0,16,15,180,55527,1373,4278,6557073,16,249,10,1,31211,1,50,1,311441,1,908363,1,223859,1,5070635,1,11503,1,715404,1,7996,4,476896,4,65358,4,1253060,4,2488395,8,3719923,180,17254,12,4429,1,42534,1,2836,1,5421,1,1473,2,5461,1,0,0,0,0,0,0,6162,1,30470,1,236284,1,38235,1,22158,1,111,1,9570,1,6960,1,22269,1,9570,1,0,1,1240,1,1,1,0,1,7725,1,1831,1,14,1
26,6483000,6961,9570,28.993565,1240,0,16,15,180,46023,1112,4359,6436977,16,249,130,1,25590,1,40,1,276122,1,890067,1,190183,1,5043521,1,11322,1,653072,1,7906,4,496114,4,66981,4,1260525,4,2494387,8,3732758,180,17795,12,4399,1,44798,1,2705,1,4138,1,1643,2,5741,1,0,0,0,0,0,0,5942,1,23727,1,216044,1,29458,1,22178,1,110,1,9570,1,6961,1,22288,1,9570,1,0,1,1240,1,1,1,0,1,7728,1,1828,1,14,1
27,6521600,6959,9570,28.993538,1240,0,16,15,180,39424,1323,5090,6482176,16,249,220,1,25630,1,30,1,271573,1,906009,1,194412,1,5072809,1,11493,1,680316,1,8757,4,498418,4,67232,4,1256607,4,2492062,8,3725955,180,17625,12,4469,1,47203,1,2816,1,5501,1,1643,2,6463,1,0,0,0,0,0,0,6252,1,23897,1,214902,1,26231,1,22212,1,102,1,9570,1,6959,1,22314,1,9570,1,0,1,1240,1,1,1,0,1,7722,1,1829,1,19,1
28,7258400,6963,9570,28.993515,1240,0,16,14,168,51692,2104,4690,7206708,16,249,130,1,25991,1,30,1,272415,1,894516,1,297895,1,5704339,1,11392,1,956728,1,8847,4,578967,4,72582,4,1403776,4,2585195,8,3924755,168,59527,24,4389,1,73574,1,3286,1,6082,1,2675,2,6132,1,0,0,0,0,0,0,6022,1,24939,1,213259,1,27955,1,21960,1,361,1,9570,1,6963,1,22321,1,9570,1,0,1,1240,1,1,1,0,1,7729,1,1830,1,11,1
29,6539300,6965,9570,28.993492,1240,0,16,15,180,53948,1423,4860,6485352,16,249,210,1,29027,1,170,1,283156,1,892592,1,192298,1,5076376,1,11523,1,740564,1,7635,4,452378,4,66521,4,1242519,4,2486692,8,3707268,180,17084,12,4910,1,58335,1,3116,1,5250,1,1353,2,5681,1,0,0,0,0,0,0,6543,1,25179,1,224020,1,26993,1,22220,1,114,1,9570,1,6965,1,22334,1,9570,1,0,1,1240,1,1,1,0,1,7728,1,1832,1,10,1
30,6930600,6962,9570,28.99347,1240,0,16,15,180,47066,2084,4379,6883534,16,249,271,1,36101,1,60,1,350047,1,1108586,1,232597,1,5144800,1,11072,1,774280,1,8517,4,521694,4,66781,4,1244533,4,2458867,8,3681046,180,17975,12,4489,1,47874,1,2775,1,5581,1,1413,2,5912,1,0,0,0,0,0,0,9098,1,32474,1,267535,1,40379,1,22230,1,112,1,9570,1,6962,1,22342,1,9570,1,0,1,1240,1,1,1,0,1,7725,1,1833,1,12,1
31,7170900,6956,9570,28.993446,1240,0,16,15,180,49229,1683,4509,7121671,16,249,2174,1,26161,1,120,1,274339,1,1001326,1,297284,1,5508735,1,11533,1,879036,1,8597,4,543136,4,70709,4,1334360,4,2604964,8,3916368,180,18446,12,5240,1,46291,1,2836,1,4619,1,1834,2,5431,1,0,0,0,0,0,0,6022,1,23546,1,214842,1,29608,1,22248,1,115,1,9570,1,6956,1,22363,1,9570,1,0,1,1240,1,1,1,0,1,7722,1,1833,1,15,1
32,6747400,6963,9570,28.993423,1240,0,16,14,168,46415,1894,4670,6700985,16,249,40,1,26352,1,100,1,277124,1,933212,1,251353,1,5201401,1,11402,1,824879,1,8477,4,485934,4,66611,4,1257098,4,2487033,8,3683099,168,56361,24,4649,1,43936,1,2795,1,10801,1,1593,2,5701,1,0,0,0,0,0,0,6032,1,26783,1,215493,1,28436,1,22009,1,367,1,9570,1,6963,1,22376,1,9570,1,0,1,1240,1,1,1,0,1,7722,1,1835,1,13,1
33,6576400,6964,9570,28.993406,1240,0,16,15,180,40499,1353,4219,6535901,16,249,210,1,25781,1,20,1,272946,1,887112,1,226094,1,5112407,1,11332,1,754040,1,8006,4,475003,4,65729,4,1259332,4,2480640,8,3718600,180,17154,12,4799,1,48114,1,2925,1,5661,1,1523,2,5280,1,0,0,0,0,0,0,6513,1,24348,1,214541,1,27133,1,22274,1,106,1,9570,1,6964,1,22380,1,9570,1,0,1,1240,1,1,1,0,1,7729,1,1832,1,9,1
34,6448300,6965,9570,28.993391,1240,0,16,15,180,46131,1363,4269,6402169,16,249,240,1,25731,1,60,1,269419,1,896941,1,218649,1,4979636,1,11493,1,639836,1,7906,4,459933,4,65318,4,1256767,4,2485900,8,3721065,180,17334,12,4399,1,43836,1,2866,1,4208,1,1413,2,5892,1,0,0,0,0,0,0,6683,1,24097,1,211425,1,26883,1,22275,1,110,1,9570,1,6965,1,22385,1,9570,1,0,1,1240,1,1,1,0,1,7730,1,1832,1,8,1
35,6434800,6970,9570,28.993376,1240,0,16,15,180,43713,1232,4819,6391087,16,249,30,1,26372,1,50,1,275952,1,885318,1,197748,1,4994195,1,11422,1,651890,1,7645,4,455544,4,65128,4,1256367,4,2493906,8,3728259,180,17194,12,4429,1,44006,1,2745,1,3828,1,1423,2,6052,1,0,0,0,0,0,0,6743,1,24749,1,216966,1,27193,1,22290,1,104,1,9570,1,6970,1,22394,1,9570,1,0,1,1240,1,1,1,0,1,7728,1,1829,1,13,1
36,6421100,6963,9570,28.99336,1240,0,16,15,180,38249,1172,5772,6382851,16,249,60,1,25771,1,40,1,277124,1,880348,1,187318,1,5000196,1,11994,1,528447,1,7124,4,463540,4,65559,4,1273119,4,2535077,8,3784640,180,17785,12,5260,1,104786,1,4399,1,4459,1,1353,2,5902,1,0,0,0,0,0,0,7134,1,24107,1,216305,1,29398,1,22277,1,105,1,9570,1,6963,1,22382,1,9570,1,0,1,1240,1,1,1,0,1,7732,1,1832,1,6,1
37,7286700,6968,9570,28.993345,1240,0,16,15,180,54942,2875,4760,7231758,16,249,391,1,27414,1,10,1,283507,1,1135910,1,188380,1,5583732,1,12414,1,999022,1,11593,4,610679,4,68665,4,1319350,4,2476582,8,3774139,180,17033,12,4639,1,75348,1,3126,1,4168,1,2014,2,5671,1,0,0,0,0,0,0,7515,1,28536,1,214000,1,32885,1,22303,1,103,1,9570,1,6968,1,22406,1,9570,1,0,1,1240,1,1,1,0,1,7733,1,1832,1,5,1
38,6961900,6961,9570,28.99333,1240,0,16,15,180,46413,1563,4288,6915487,16,249,441,1,36852,1,170,1,342803,1,970966,1,194602,1,5357919,1,11733,1,998270,1,8767,4,486615,4,66681,4,1250856,4,2478836,8,3707769,180,17635,12,4579,1,47654,1,3156,1,4038,1,1393,2,5511,1,0,0,0,0,0,0,9439,1,33145,1,261403,1,38135,1,22286,1,107,1,9570,1,6961,1,22393,1,9570,1,0,1,1240,1,1,1,0,1,7735,1,1832,1,3,1
39,6474400,6967,9570,28.993315,1240,0,16,15,180,41170,1352,4309,6433230,16,249,20,1,25951,1,110,1,272705,1,876982,1,188099,1,5058100,1,11262,1,704112,1,7675,4,457428,4,67052,4,1266717,4,2483015,8,3728269,180,17154,12,4449,1,52373,1,2765,1,3868,1,1303,2,5992,1,0,0,0,0,0,0,6563,1,24198,1,214982,1,26793,1,22297,1,110,1,9570,1,6967,1,22407,1,9570,1,0,1,1240,1,1,1,0,1,7736,1,1830,1,4,1
40,6356900,6969,9570,28.9933,1240,0,16,15,180,39598,1253,4880,6317302,16,249,150,1,25961,1,150,1,275030,1,878485,1,187799,1,4938505,1,11222,1,562364,1,7455,4,478339,4,65498,4,1259603,4,2494457,8,3731836,180,17344,12,4960,1,50639,1,2775,1,4128,1,1513,2,5521,1,0,0,0,0,0,0,6944,1,24949,1,215713,1,27173,1,22315,1,103,1,9570,1,6969,1,22418,1,9570,1,0,1,1240,1,1,1,0,1,7735,1,1829,1,6,1
41,6398800,6968,9570,28.993292,1240,0,16,15,180,38493,1353,4319,6360307,16,249,100,1,25420,1,130,1,271683,1,879507,1,188891,1,4982632,1,11943,1,574297,1,8016,4,467909,4,65739,4,1262959,4,2506861,8,3748278,180,17224,12,7916,1,73625,1,2896,1,3888,1,1363,2,5811,1,0,0,0,0,0,0,6934,1,23777,1,214120,1,26562,1,22321,1,107,1,9570,1,6968,1,22428,1,9570,1,0,1,1240,1,1,1,0,1,7734,1,1831,1,5,1
42,6451100,6964,9570,28.993282,1240,0,16,15,180,41266,1252,4649,6409834,16,249,261,1,26201,1,30,1,274098,1,882372,1,189632,1,5025717,1,11523,1,628484,1,7525,4,484772,4,66641,4,1265935,4,2498695,8,3742457,180,17524,12,4439,1,54076,1,2775,1,4088,1,1373,2,5661,1,0,0,0,0,0,0,6733,1,25991,1,212848,1,28215,1,22310,1,113,1,9570,1,6964,1,22423,1,9570,1,0,1,1240,1,1,1,0,1,7736,1,1828,1,6,1
43,6399200,6969,9570,28.993275,1240,0,16,15,180,38683,1102,4409,6360517,16,249,160,1,25741,1,40,1,270120,1,880168,1,187228,1,4985608,1,11452,1,584347,1,8587,4,477838,4,66721,4,1266587,4,2507583,8,3752597,180,17164,12,4569,1,54627,1,2755,1,3938,1,1463,2,5491,1,0,0,0,0,0,0,7154,1,24288,1,211014,1,27354,1,22327,1,108,1,9570,1,6969,1,22435,1,9570,1,0,1,1240,1,1,1,0,1,7730,1,1828,1,12,1
44,6452200,6969,9570,28.993267,1240,0,16,15,180,37787,1222,4559,6414413,16,249,50,1,25590,1,100,1,270581,1,880358,1,188991,1,5036939,1,11803,1,634476,1,7535,4,469572,4,67022,4,1255795,4,2510919,8,3744962,180,17194,12,7194,1,67923,1,3306,1,4128,1,1353,2,6493,1,0,0,0,0,0,0,6914,1,25630,1,210233,1,27614,1,22318,1,114,1,9570,1,6969,1,22432,1,9570,1,0,1,1240,1,1,1,0,1,7738,1,1831,1,1,1
45,6376000,6970,9570,28.99326,1240,0,16,15,180,37687,1523,4309,6338313,16,249,70,1,25700,1,50,1,269529,1,877372,1,186266,1,4967703,1,11623,1,589658,1,8617,4,470514,4,66701,4,1261116,4,2483946,8,3723429,180,17324,12,5791,1,65459,1,2946,1,4048,1,1333,2,6052,1,0,0,0,0,0,0,6853,1,24338,1,209742,1,28255,1,22317,1,115,1,9570,1,6970,1,22432,1,9570,1,0,1,1240,1,1,1,0,1,7737,1,1828,1,5,1
46,6383400,6974,9570,28.993252,1240,0,16,15,180,37531,1303,5572,6345869,16,249,70,1,25821,1,20,1,270942,1,876100,1,187017,1,4974436,1,11463,1,582884,1,7224,4,454532,4,65328,4,1256306,4,2524827,8,3758277,180,17284,12,6062,1,60829,1,3467,1,4018,1,1353,2,6302,1,0,0,0,0,0,0,6994,1,24859,1,210613,1,27614,1,22330,1,111,1,9570,1,6974,1,22441,1,9570,1,0,1,1240,1,1,1,0,1,7739,1,1828,1,3,1
47,6435500,6976,9570,28.993244,1240,0,16,15,180,34844,1303,4700,6400656,16,249,80,1,26071,1,40,1,271182,1,878966,1,189522,1,5023532,1,11262,1,640437,1,7445,4,463710,4,65348,4,1262569,4,2504607,8,3745032,180,17444,12,4409,1,59266,1,2826,1,4689,1,1323,2,5601,1,0,0,0,0,0,0,7415,1,25470,1,209732,1,28235,1,22315,1,122,1,9570,1,6976,1,22437,1,9570,1,0,1,1240,1,1,1,0,1,7741,1,1826,1,3,1
48,6621100,6980,9570,28.993237,1240,0,16,15,180,40792,1733,4419,6580308,16,249,80,1,25670,1,110,1,267846,1,883895,1,189452,1,5200530,1,12725,1,691688,1,7405,4,469402,4,70528,4,1285634,4,2515999,8,3779740,180,17474,12,9068,1,134494,1,3096,1,4138,1,1353,2,5992,1,0,0,0,0,0,0,6683,1,24388,1,208930,1,27594,1,22334,1,114,1,9570,1,6980,1,22448,1,9570,1,0,1,1240,1,1,1,0,1,7742,1,1825,1,3,1
49,6677800,6978,9570,28.993229,1240,0,16,15,180,41562,1443,4941,6636238,16,249,160,1,26983,1,50,1,275781,1,902221,1,247546,1,5167856,1,15641,1,791624,1,7114,4,458019,4,65609,4,1276847,4,2477784,8,3732477,180,17214,12,5080,1,68965,1,2715,1,4699,1,1483,2,6473,1,0,0,0,0,0,0,7144,1,27344,1,212607,1,28296,1,22345,1,110,1,9570,1,6978,1,22455,1,9570,1,0,1,1240,1,1,1,0,1,7742,1,1825,1,3,1
50,6437800,6975,9570,28.993221,1240,0,16,15,180,37655,1563,5311,6400145,16,249,80,1,28496,1,50,1,270351,1,872523,1,214822,1,5002311,1,11513,1,639105,1,7134,4,454803,4,65208,4,1256918,4,2511661,8,3746124,180,17144,12,4459,1,46632,1,3807,1,4308,1,1373,2,5340,1,0,0,0,0,0,0,6793,1,25149,1,210503,1,27684,1,22332,1,110,1,9570,1,6975,1,22442,1,9570,1,0,1,1240,1,1,1,0,1,7742,1,1824,1,4,1
51,6357200,6976,9570,28.993214,1240,0,16,15,180,51681,1383,4790,6305519,16,249,60,1,25510,1,30,1,269239,1,872042,1,189432,1,4931291,1,17915,1,577654,1,7665,4,467578,4,65108,4,1252429,4,2494788,8,3725263,180,17164,12,4349,1,45730,1,2946,1,4048,1,1403,2,6212,1,0,0,0,0,0,0,7775,1,26662,1,208279,1,26302,1,22318,1,122,1,9570,1,6976,1,22440,1,9570,1,0,1,1240,1,1,1,0,1,7741,1,1825,1,4,1
52,7097300,6976,9570,28.993206,1240,0,16,15,180,58435,1763,5240,7038865,16,249,190,1,33065,1,90,1,362562,1,1148655,1,388783,1,5087294,1,18226,1,629646,1,7765,4,454362,4,64767,4,1246447,4,2543129,8,3766120,180,18216,12,13226,1,105176,1,5431,1,4519,1,1463,2,9599,1,0,0,0,0,0,0,9559,1,31983,1,282675,1,37834,1,22338,1,106,1,9570,1,6976,1,22444,1,9570,1,0,1,1240,1,1,1,0,1,7743,1,1825,1,2,1
53,6920200,6979,9570,28.993198,1240,0,16,15,180,44452,1533,4780,6875748,16,249,240,1,38135,1,70,1,372782,1,1164005,1,243959,1,5044764,1,11793,1,635067,1,7294,4,459161,4,65428,4,1257068,4,2528374,8,3763538,180,17124,12,4960,1,70308,1,4479,1,4078,1,1413,2,5601,1,0,0,0,0,0,0,10741,1,32985,1,285420,1,43305,1,22336,1,114,1,9570,1,6979,1,22450,1,9570,1,0,1,1240,1,1,1,0,1,7744,1,1825,1,1,1
54,6399300,6974,9570,28.99319,1240,0,16,15,180,39274,1523,4209,6360026,16,249,200,1,25861,1,30,1,279138,1,871771,1,188490,1,4983403,1,11132,1,599918,1,7384,4,457168,4,65068,4,1258180,4,2479287,8,3716165,180,17094,12,5190,1,95067,1,3206,1,4429,1,1363,2,5621,1,0,0,0,0,0,0,6433,1,24488,1,220172,1,27714,1,22330,1,108,1,9570,1,6974,1,22438,1,9570,1,0,1,1240,1,1,1,0,1,7744,1,1826,1,0,1
55,7621400,6975,9570,28.993183,1240,0,16,15,180,61879,1874,4619,7559521,16,249,190,1,48074,1,100,1,422409,1,1259994,1,329166,1,5487964,1,11623,1,809920,1,8056,4,456767,4,64777,4,1311996,4,2551770,8,3842053,180,17094,12,6663,1,256624,1,6623,1,5701,1,1373,2,5821,1,0,0,0,0,0,0,10982,1,40329,1,283056,1,86249,1,22327,1,116,1,9570,1,6975,1,22443,1,9570,1,0,1,1240,1,1,1,0,1,7743,1,1825,1,2,1
56,8263700,6973,9570,28.993176,1240,0,16,15,180,54874,2555,5762,8208826,16,249,471,1,37534,1,150,1,404805,1,1504213,1,206806,1,6043455,1,11392,1,859517,1,12905,4,758269,4,70168,4,1517790,4,2715662,8,4208512,180,19178,12,7565,1,78895,1,5310,1,5411,1,2134,2,7274,1,0,0,0,0,0,0,10020,1,32704,1,282044,1,79566,1,22333,1,109,1,9570,1,6973,1,22442,1,9570,1,0,1,1240,1,1,1,0,1,7744,1,1826,1,0,1
57,6714000,6973,9570,28.993168,1240,0,16,15,180,42513,1433,5060,6671487,16,249,301,1,34357,1,170,1,348745,1,987118,1,186005,1,5103199,1,11593,1,687690,1,7505,4,467889,4,66020,4,1294862,4,2488155,8,3760893,180,17063,12,7184,1,66340,1,3577,1,3998,1,1333,2,7214,1,0,0,0,0,0,0,10110,1,32404,1,272144,1,33055,1,22339,1,109,1,9570,1,6973,1,22448,1,9570,1,0,1,1240,1,1,1,0,1,7743,1,1826,1,1,1
58,6412700,6970,9570,28.993168,1240,0,16,15,180,36262,1423,4830,6376438,16,249,180,1,25871,1,80,1,277735,1,875128,1,188791,1,4997331,1,11322,1,650657,1,7324,4,453430,4,66190,4,1255254,4,2482985,8,3715564,180,17845,12,6773,1,58425,1,3296,1,3988,1,1433,2,6152,1,0,0,0,0,0,0,7334,1,24678,1,216535,1,29007,1,22332,1,115,1,9570,1,6970,1,22447,1,9570,1,0,1,1240,1,1,1,0,1,7743,1,1825,1,2,1
59,6485000,6974,9570,28.993168,1240,0,16,15,180,35949,1272,4379,6449051,16,249,150,1,25420,1,60,1,275210,1,891290,1,188690,1,5055786,1,12444,1,616681,1,8757,4,461606,4,66941,4,1261867,4,2530658,8,3770672,180,17474,12,5551,1,84977,1,6062,1,4078,1,1363,2,5972,1,0,0,0,0,0,0,7224,1,24498,1,214551,1,28636,1,22337,1,112,1,9570,1,6974,1,22449,1,9570,1,0,1,1240,1,1,1,0,1,7742,1,1826,1,2,1
60,6703600,6974,9570,28.993168,1240,0,16,15,180,39717,1583,4420,6663883,16,249,411,1,26201,1,70,1,286011,1,888905,1,190294,1,5260006,1,11984,1,799099,1,7906,4,476896,4,65428,4,1262639,4,2503906,8,3745011,180,17114,12,6463,1,119855,1,4529,1,4118,1,1383,2,6202,1,0,0,0,0,0,0,8136,1,26692,1,219591,1,31342,1,22343,1,106,1,9570,1,6974,1,22449,1,9570,1,0,1,1240,1,1,1,0,1,7742,1,1827,1,1,1
61,7004700,6973,9570,28.993168,1240,0,16,15,180,38865,1923,5050,6965835,16,249,200,1,27534,1,110,1,282194,1,891330,1,267956,1,5484066,1,12444,1,1002037,1,13276,4,469261,4,80909,4,1260705,4,2506932,8,3744842,180,17745,12,5140,1,128963,1,3537,1,4228,1,1493,2,5661,1,0,0,0,0,0,0,8517,1,25350,1,217246,1,30800,1,22337,1,110,1,9570,1,6973,1,22447,1,9570,1,0,1,1240,1,1,1,0,1,7743,1,1826,1,1,1
62,6711700,6973,9570,28.993168,1240,0,16,15,180,48769,1533,4980,6662931,16,249,50,1,26582,1,230,1,279990,1,882002,1,200454,1,5257241,1,16382,1,785803,1,7374,4,464332,4,65679,4,1264072,4,2495920,8,3736275,180,18737,12,5701,1,151217,1,4218,1,4028,1,1373,2,5992,1,0,0,0,0,0,0,8146,1,27604,1,213619,1,30299,1,22332,1,114,1,9570,1,6973,1,22446,1,9570,1,0,1,1240,1,1,1,0,1,7742,1,1826,1,2,1
63,6527600,6972,9570,28.993168,1240,0,16,15,180,38801,1473,4589,6488799,16,249,80,1,27314,1,50,1,279779,1,871160,1,186907,1,5110252,1,13256,1,705285,1,7635,4,455254,4,65769,4,1287788,4,2486021,8,3751796,180,17424,12,4619,1,80067,1,4388,1,4008,1,1453,2,6493,1,0,0,0,0,0,0,8837,1,26833,1,217026,1,26913,1,22333,1,114,1,9570,1,6972,1,22447,1,9570,1,0,1,1240,1,1,1,0,1,7744,1,1826,1,0,1
64,6531400,6975,9570,28.993168,1240,0,16,15,180,38974,1142,4840,6492426,16,249,110,1,37353,1,40,1,289328,1,877593,1,204021,1,5072579,1,11402,1,669745,1,7234,4,455965,4,65448,4,1257148,4,2522713,8,3757907,180,17114,12,4940,1,72011,1,4890,1,4028,1,1413,2,5902,1,0,0,0,0,0,0,10972,1,33606,1,215794,1,28546,1,22340,1,109,1,9570,1,6975,1,22449,1,9570,1,0,1,1240,1,1,1,0,1,7744,1,1826,1,0,1
65,6507700,6974,9570,28.993168,1240,0,16,15,180,37929,1222,4269,6469771,16,249,170,1,27484,1,230,1,281753,1,870258,1,200904,1,5076967,1,12004,1,669003,1,7665,4,476265,4,65208,4,1258030,4,2506040,8,3742577,180,17224,12,5250,1,73093,1,4318,1,4098,1,1473,2,5300,1,0,0,0,0,0,0,8587,1,31161,1,212708,1,29107,1,22332,1,113,1,9570,1,6974,1,22445,1,9570,1,0,1,1240,1,1,1,0,1,7743,1,1826,1,1,1
66,6400700,6976,9570,28.993168,1240,0,16,15,180,38550,1252,4439,6362150,16,249,110,1,25801,1,40,1,275130,1,875068,1,187959,1,4986920,1,11122,1,641259,1,7725,4,459131,4,65248,4,1256507,4,2487263,8,3722197,180,17134,12,4809,1,50088,1,2745,1,4098,1,1363,2,5431,1,0,0,0,0,0,0,8366,1,23125,1,210714,1,32744,1,22330,1,113,1,9570,1,6976,1,22443,1,9570,1,0,1,1240,1,1,1,0,1,7743,1,1826,1,1,1
67,6524500,6973,9570,28.993164,1240,0,16,15,180,52755,1192,4379,6471745,16,249,60,1,33015,1,180,1,284959,1,875439,1,230883,1,5035736,1,11473,1,689393,1,8176,4,463049,4,65378,4,1253972,4,2485570,8,3717959,180,17204,12,4529,1,49457,1,2966,1,5030,1,1483,2,5541,1,0,0,0,0,0,0,9378,1,35420,1,211495,1,28506,1,22328,1,114,1,9570,1,6973,1,22442,1,9570,1,0,1,1240,1,1,1,0,1,7743,1,1826,1,1,1
68,7052300,6973,9570,28.993164,1240,0,16,15,180,67537,1603,4669,6984763,16,249,10,1,25520,1,50,1,269860,1,1145639,1,354546,1,5173457,1,15681,1,814018,1,7996,4,455815,4,64948,4,1247349,4,2484097,8,3709703,180,17074,12,4799,1,75989,1,3918,1,5922,1,1523,2,5481,1,0,0,0,0,0,0,7835,1,22584,1,208630,1,30580,1,22339,1,104,1,9570,1,6973,1,22443,1,9570,1,0,1,1240,1,1,1,0,1,7743,1,1825,1,2,1
69,6908800,6971,9570,28.993164,1240,0,16,15,180,44193,1543,5010,6864607,16,249,291,1,39037,1,271,1,372291,1,1133856,1,208810,1,5099121,1,10931,1,763930,1,8587,4,462578,4,65328,4,1252930,4,2468576,8,3699353,180,17144,12,4529,1,54908,1,3457,1,5801,1,1533,2,5421,1,0,0,0,0,0,0,12434,1,35931,1,270872,1,52533,1,22327,1,111,1,9570,1,6971,1,22438,1,9570,1,0,1,1240,1,1,1,0,1,7744,1,1826,1,0,1
70,6485800,6971,9570,28.993164,1240,0,16,15,180,43142,1293,4199,6442658,16,249,50,1,25831,1,10,1,273637,1,868475,1,211335,1,5052269,1,11052,1,718110,1,7896,4,457127,4,65118,4,1258260,4,2475570,8,3712177,180,17454,12,5090,1,48124,1,3367,1,5451,1,1363,2,5501,1,0,0,0,0,0,0,11012,1,25400,1,206395,1,30640,1,22324,1,115,1,9570,1,6971,1,22439,1,9570,1,0,1,1240,1,1,1,0,1,7744,1,1826,1,0,1
71,6504800,6971,9570,28.993164,1240,0,16,15,180,39848,1673,4168,6464952,16,249,120,1,25640,1,100,1,266924,1,887412,1,233799,1,5039814,1,11142,1,688672,1,8136,4,486645,4,66641,4,1249162,4,2469238,8,3696236,180,17995,12,4599,1,49527,1,2876,1,5491,1,1553,2,5601,1,0,0,0,0,0,0,7435,1,23987,1,208299,1,27033,1,22326,1,116,1,9570,1,6971,1,22442,1,9570,1,0,1,1240,1,1,1,0,1,7743,1,1826,1,1,1
72,6471200,6971,9570,28.993164,1240,0,16,15,180,40275,1162,4188,6430925,16,249,671,1,25410,1,30,1,265682,1,873645,1,210884,1,5042880,1,11723,1,689043,1,8727,4,487267,4,66290,4,1252509,4,2472805,8,3703952,180,17174,12,4579,1,46491,1,2806,1,4509,1,1373,2,5320,1,0,0,0,0,0,0,7906,1,23767,1,207097,1,26662,1,22325,1,116,1,9570,1,6971,1,22441,1,9570,1,0,1,1240,1,1,1,0,1,7744,1,1826,1,0,1
73,7063300,6970,9570,28.993164,1240,0,16,15,180,83527,1884,4629,6979773,16,249,50,1,25350,1,60,1,266694,1,882102,1,231845,1,5562160,1,11513,1,936258,1,9699,4,527736,4,71110,4,1293890,4,2642187,8,3912380,180,19067,12,5050,1,50980,1,2956,1,13356,1,1573,2,5481,1,0,0,0,0,0,0,7585,1,25360,1,206706,1,26853,1,22325,1,115,1,9570,1,6970,1,22440,1,9570,1,0,1,1240,1,1,1,0,1,7744,1,1826,1,0,1
74,6894800,6972,9570,28.993164,1240,0,16,15,180,40774,1292,4219,6854026,16,249,40,1,41682,1,120,1,376399,1,1136501,1,241474,1,5047038,1,10771,1,684003,1,11573,4,494862,4,66210,4,1254192,4,2468196,8,3701006,180,17164,12,4549,1,47283,1,2765,1,5210,1,1363,2,5541,1,0,0,0,0,0,0,12014,1,33646,1,283687,1,46792,1,22330,1,114,1,9570,1,6972,1,22444,1,9570,1,0,1,1240,1,1,1,0,1,7742,1,1826,1,2,1
75,7515000,6971,9570,28.993164,1240,0,16,15,180,56713,2605,4649,7458287,16,249,70,1,25720,1,60,1,268166,1,934925,1,352492,1,5863897,1,12955,1,1037306,1,10220,4,602017,4,79165,4,1484595,4,2549195,8,4010423,180,18717,12,4789,1,76089,1,2916,1,6823,1,1924,2,6252,1,0,0,0,0,0,0,7515,1,27544,1,206135,1,26793,1,22327,1,117,1,9570,1,6971,1,22444,1,9570,1,0,1,1240,1,1,1,0,1,7744,1,1826,1,0,1
76,6669900,6975,9570,28.993164,1240,0,16,15,180,56597,1723,4298,6613303,16,249,70,1,26442,1,40,1,276403,1,906730,1,210143,1,5181522,1,11953,1,832324,1,8376,4,476886,4,65448,4,1250034,4,2471843,8,3700455,180,17124,12,5020,1,54297,1,2745,1,5451,1,1493,2,5882,1,0,0,0,0,0,0,7795,1,25771,1,211024,1,30570,1,22348,1,103,1,9570,1,6975,1,22451,1,9570,1,0,1,1240,1,1,1,0,1,7744,1,1826,1,0,1
77,6736900,6972,9570,28.993164,1240,0,16,15,180,38109,1252,4279,6698791,16,249,70,1,25540,1,40,1,266523,1,900979,1,228479,1,5265678,1,11483,1,871982,1,9168,4,501134,4,65990,4,1254433,4,2475620,8,3708079,180,17695,12,5501,1,65008,1,3006,1,5621,1,1433,2,5531,1,0,0,0,0,0,0,7324,1,24478,1,206856,1,27624,1,22320,1,124,1,9570,1,6972,1,22444,1,9570,1,0,1,1240,1,1,1,0,1,7744,1,1826,1,0,1
78,6503400,6971,9570,28.993164,1240,0,16,15,180,42556,1242,4349,6460844,16,249,10,1,25670,1,60,1,267726,1,897462,1,230222,1,5028462,1,11232,1,696197,1,7575,4,457789,4,65208,4,1255866,4,2477163,8,3710915,180,17765,12,5030,1,45750,1,2765,1,6393,1,1533,2,5952,1,0,0,0,0,0,0,6944,1,25630,1,207347,1,27594,1,22325,1,116,1,9570,1,6971,1,22441,1,9570,1,0,1,1240,1,1,1,0,1,7744,1,1825,1,1,1
79,6555400,6972,9570,28.993164,1240,0,16,15,180,40359,1883,4369,6515041,16,249,140,1,26141,1,90,1,266263,1,904025,1,282665,1,5023933,1,11783,1,694243,1,8126,4,459212,4,65228,4,1251497,4,2473686,8,3703009,180,17805,12,4479,1,50179,1,2785,1,5591,1,1413,2,5611,1,0,0,0,0,0,0,7104,1,24338,1,207036,1,27584,1,22320,1,123,1,9570,1,6972,1,22443,1,9570,1,0,1,1240,1,1,1,0,1,7743,1,1826,1,1,1
80,6630000,6971,9570,28.993164,1240,0,16,15,180,52467,1984,4519,6577533,16,249,60,1,25620,1,170,1,267525,1,871701,1,217667,1,5183266,1,11523,1,760253,1,8186,4,513047,4,69336,4,1261597,4,2501771,8,3740984,180,17865,12,4419,1,46111,1,2966,1,5811,1,1743,2,6042,1,0,0,0,0,0,0,7214,1,24398,1,207457,1,28135,1,22326,1,116,1,9570,1,6971,1,22442,1,9570,1,0,1,1240,1,1,1,0,1,7743,1,1827,1,0,1
81,6854000,6973,9570,28.993164,1240,0,16,15,180,42979,1313,4309,6811021,16,249,100,1,37373,1,180,1,348644,1,1096643,1,263187,1,5053912,1,10982,1,736075,1,7936,4,465003,4,64897,4,1246888,4,2458697,8,3684092,180,17184,12,4910,1,50389,1,2996,1,7314,1,1483,2,6012,1,0,0,0,0,0,0,11603,1,31191,1,262946,1,42604,1,22325,1,119,1,9570,1,6973,1,22444,1,9570,1,0,1,1240,1,1,1,0,1,7743,1,1825,1,2,1
82,6387100,6976,9570,28.993164,1240,0,16,15,180,38937,1313,4008,6348163,16,249,60,1,25169,1,250,1,264880,1,869126,1,188761,1,4988874,1,11042,1,662901,1,8356,4,456296,4,64807,4,1250755,4,2477855,8,3707298,180,17304,12,4940,1,47573,1,2806,1,3817,1,1383,2,6072,1,0,0,0,0,0,0,7795,1,23917,1,205002,1,27965,1,22328,1,121,1,9570,1,6976,1,22449,1,9570,1,0,1,1240,1,1,1,0,1,7744,1,1826,1,0,1
83,6334800,6974,9570,28.993164,1240,0,16,15,180,38379,1223,4579,6296421,16,249,80,1,25350,1,80,1,263978,1,870940,1,188580,1,4936201,1,11212,1,551733,1,8637,4,492397,4,66060,4,1260294,4,2488095,8,3726616,180,17194,12,4459,1,49277,1,2865,1,3908,1,1643,2,5611,1,0,0,0,0,0,0,7234,1,24087,1,205523,1,26913,1,22335,1,110,1,9570,1,6974,1,22445,1,9570,1,0,1,1240,1,1,1,0,1,7744,1,1826,1,0,1
84,6367800,6976,9570,28.993164,1240,0,16,15,180,38494,1513,4309,6329306,16,249,70,1,25149,1,180,1,266142,1,871140,1,188961,1,4966170,1,11493,1,573766,1,13386,4,463259,4,69336,4,1258841,4,2504136,8,3741455,180,17214,12,5551,1,61851,1,3487,1,3958,1,1363,2,5721,1,0,0,0,0,0,0,6944,1,25039,1,206756,1,27233,1,22340,1,107,1,9570,1,6976,1,22447,1,9570,1,0,1,1240,1,1,1,0,1,7743,1,1826,1,1,1
85,6452000,6977,9570,28.993164,1240,0,16,15,180,39962,1513,4329,6412038,16,249,50,1,26171,1,90,1,267455,1,877783,1,190734,1,5038572,1,11182,1,682700,1,7004,4,465233,4,66170,4,1249924,4,2485730,8,3714161,180,17164,12,4930,1,60729,1,3156,1,4308,1,1383,2,5791,1,0,0,0,0,0,0,7435,1,24638,1,206425,1,28636,1,22344,1,105,1,9570,1,6977,1,22449,1,9570,1,0,1,1240,1,1,1,0,1,7744,1,1826,1,0,1
86,6472900,6973,9570,28.993164,1240,0,16,15,180,40833,1353,4268,6432067,16,249,70,1,25640,1,40,1,264339,1,879156,1,188861,1,5061737,1,12224,1,638223,1,8907,4,482147,4,66240,4,1269122,4,2501160,8,3748790,180,17224,12,5100,1,74627,1,3757,1,3958,1,1353,2,5791,1,0,0,0,0,0,0,7154,1,24298,1,205624,1,27003,1,22338,1,103,1,9570,1,6973,1,22441,1,9570,1,0,1,1240,1,1,1,0,1,7743,1,1826,1,1,1
87,6438100,6974,9570,28.993164,1240,0,16,15,180,38877,1203,4269,6399223,16,249,60,1,25771,1,130,1,266423,1,875198,1,190133,1,5029925,1,11583,1,658493,1,8106,4,465684,4,65970,4,1252178,4,2500880,8,3731645,180,17144,12,6603,1,56571,1,3436,1,3978,1,1373,2,5451,1,0,0,0,0,0,0,7435,1,25199,1,205914,1,27574,1,22333,1,111,1,9570,1,6974,1,22444,1,9570,1,0,1,1240,1,1,1,0,1,7743,1,1827,1,0,1
88,6378600,6978,9570,28.993164,1240,0,16,15,180,36048,1373,4679,6342552,16,249,70,1,25260,1,50,1,263768,1,876511,1,192217,1,4973484,1,11192,1,615769,1,7665,4,472788,4,65949,4,1253190,4,2483866,8,3715154,180,17224,12,4990,1,53455,1,3216,1,4018,1,1443,2,5761,1,0,0,0,0,0,0,6863,1,23105,1,206085,1,27474,1,22334,1,116,1,9570,1,6978,1,22450,1,9570,1,0,1,1240,1,1,1,0,1,7743,1,1827,1,0,1
89,6450100,6974,9570,28.993164,1240,0,16,15,180,36078,1252,5090,6414022,16,249,60,1,25781,1,60,1,263888,1,877453,1,189833,1,5045004,1,11943,1,617091,1,7906,4,452929,4,65689,4,1246517,4,2559876,8,3783568,180,17735,12,6613,1,71370,1,3978,1,4098,1,1413,2,6272,1,0,0,0,0,0,0,7144,1,24338,1,204592,1,27474,1,22335,1,106,1,9570,1,6974,1,22441,1,9570,1,0,1,1240,1,1,1,0,1,7742,1,1827,1,1,1
90,6499900,6977,9570,28.993164,1240,0,16,15,180,37713,1884,6644,6462187,16,249,120,1,25410,1,140,1,281663,1,871661,1,190063,1,5081276,1,11853,1,632852,1,10190,4,483840,4,67503,4,1270524,4,2525969,8,3772686,180,17164,12,4779,1,65769,1,5912,1,4779,1,1363,2,5912,1,0,0,0,0,0,0,7705,1,25901,1,219301,1,28446,1,22335,1,110,1,9570,1,6977,1,22445,1,9570,1,0,1,1240,1,1,1,0,1,7743,1,1826,1,1,1
91,6440300,6979,9570,28.993164,1240,0,16,15,180,35005,1403,4360,6405295,16,249,130,1,25650,1,40,1,279188,1,874968,1,193269,1,5021017,1,11032,1,661338,1,7114,4,466877,4,65338,4,1260224,4,2479027,8,3717727,180,17164,12,5811,1,59216,1,3186,1,4328,1,1333,2,5821,1,0,0,0,0,0,0,7835,1,24648,1,218569,1,27855,1,22340,1,110,1,9570,1,6979,1,22450,1,9570,1,0,1,1240,1,1,1,0,1,7744,1,1826,1,0,1
92,6388000,6978,9570,28.993164,1240,0,16,15,180,34006,1172,4539,6353994,16,249,60,1,25330,1,100,1,271583,1,873034,1,189211,1,4983554,1,11122,1,615288,1,7565,4,452538,4,64877,4,1248070,4,2502753,8,3729121,180,17164,12,4880,1,70398,1,5140,1,3888,1,1313,2,5671,1,0,0,0,0,0,0,6914,1,24127,1,213349,1,26933,1,22330,1,114,1,9570,1,6978,1,22444,1,9570,1,0,1,1240,1,1,1,0,1,7744,1,1825,1,1,1
93,6397900,6977,9570,28.993164,1240,0,16,15,180,35159,1162,4480,6362741,16,249,70,1,25470,1,60,1,269369,1,871431,1,189432,1,4994836,1,12074,1,625027,1,7194,4,453931,4,65078,4,1249092,4,2485540,8,3712998,180,17154,12,4689,1,86881,1,5330,1,3958,1,1433,2,5521,1,0,0,0,0,0,0,7164,1,23386,1,210754,1,27895,1,22334,1,111,1,9570,1,6977,1,22445,1,9570,1,0,1,1240,1,1,1,0,1,7744,1,1826,1,0,1
94,6421700,6977,9570,28.993164,1240,0,16,15,180,43869,1322,4349,6377831,16,249,70,1,26783,1,60,1,281643,1,866241,1,189602,1,5002341,1,11092,1,678442,1,7715,4,457168,4,65649,4,1253531,4,2470149,8,3701757,180,17575,12,4840,1,48605,1,3256,1,4579,1,1483,2,5601,1,0,0,0,0,0,0,11583,1,31712,1,208950,1,29207,1,22330,1,108,1,9570,1,6977,1,22438,1,9570,1,0,1,1240,1,1,1,0,1,7744,1,1826,1,0,1
95,6813000,6978,9570,28.993164,1240,0,16,15,180,53359,1944,4469,6759641,16,249,30,1,25179,1,110,1,270501,1,879677,1,188731,1,5383950,1,11463,1,783037,1,8817,4,545250,4,70829,4,1331795,4,2568573,8,3877873,180,18025,12,4549,1,52784,1,3347,1,5521,1,2094,2,5411,1,0,0,0,0,0,0,6713,1,22614,1,212457,1,28506,1,22322,1,118,1,9570,1,6978,1,22440,1,9570,1,0,1,1240,1,1,1,0,1,7743,1,1826,1,1,1
96,6902100,6978,9570,28.993164,1240,0,16,15,180,66440,1232,4158,6835660,16,249,50,1,30219,1,60,1,285220,1,1152393,1,298346,1,5058451,1,10921,1,730604,1,8276,4,459572,4,64817,4,1254493,4,2472704,8,3705855,180,17184,12,4890,1,45950,1,3096,1,5872,1,1353,2,5591,1,0,0,0,0,0,0,6914,1,24057,1,225843,1,28025,1,22327,1,111,1,9570,1,6978,1,22438,1,9570,1,0,1,1240,1,1,1,0,1,7743,1,1825,1,2,1
97,6381800,6978,9570,28.993164,1240,0,16,15,180,43497,1573,4419,6338303,16,249,20,1,25680,1,120,1,271072,1,875950,1,187819,1,4966310,1,11332,1,639776,1,8627,4,457999,4,65138,4,1252158,4,2468526,8,3698971,180,17294,12,4609,1,53645,1,2936,1,4018,1,1353,2,5952,1,0,0,0,0,0,0,6443,1,23336,1,213870,1,27223,1,22321,1,116,1,9570,1,6978,1,22437,1,9570,1,0,1,1240,1,1,1,0,1,7744,1,1826,1,0,1
98,6453300,6978,9570,28.993164,1240,0,16,15,180,36683,1503,3968,6416617,16,249,60,1,26161,1,120,1,270371,1,888124,1,195624,1,5025055,1,11102,1,691317,1,8036,4,459632,4,66440,4,1251297,4,2478295,8,3708470,180,17154,12,4860,1,49938,1,2936,1,4018,1,1323,2,5461,1,0,0,0,0,0,0,7184,1,24117,1,211265,1,27584,1,22322,1,111,1,9570,1,6978,1,22433,1,9570,1,0,1,1240,1,1,1,0,1,7743,1,1826,1,1,1
99,6489900,6976,9570,28.993164,1240,0,16,15,180,68714,1183,4269,6421186,16,249,50,1,25410,1,90,1,266353,1,875118,1,219551,1,5023502,1,11112,1,693562,1,8136,4,457859,4,65178,4,1251938,4,2476181,8,3706266,180,17585,12,4439,1,50078,1,3016,1,4789,1,1573,2,5571,1,0,0,0,0,0,0,7445,1,23135,1,208499,1,26983,1,22311,1,118,1,9570,1,6976,1,22429,1,9570,1,0,1,1240,1,1,1,0,1,7744,1,1826,1,0,1
100,6416800,6978,9570,28.993164,1240,0,16,15,180,37526,1212,4429,6379274,16,249,130,1,25470,1,120,1,265361,1,870058,1,186787,1,5020206,1,11142,1,675606,1,8136,4,458961,4,65248,4,1259453,4,2484217,8,3721957,180,17284,12,4950,1,48185,1,2886,1,4359,1,1503,2,5491,1,0,0,0,0,0,0,6753,1,23917,1,207227,1,27264,1,22323,1,115,1,9570,1,6978,1,22438,1,9570,1,0,1,1240,1,1,1,0,1,7744,1,1826,1,0,1
101,6448800,6983,9570,28.993164,1240,0,16,15,180,38636,1313,4399,6410164,16,249,210,1,25761,1,40,1,266623,1,872192,1,187889,1,5045626,1,11823,1,564829,1,8897,4,517255,4,69827,4,1277979,4,2531450,8,3787666,180,17364,12,5050,1,54527,1,3457,1,3968,1,1353,2,5721,1,0,0,0,0,0,0,7104,1,23957,1,208349,1,27023,1,22327,1,114,1,9570,1,6983,1,22441,1,9570,1,0,1,1240,1,1,1,0,1,7744,1,1826,1,0,1
102,6430300,6978,9570,28.993164,1240,0,16,15,180,38582,1964,5752,6391718,16,249,190,1,25540,1,210,1,266413,1,874597,1,188149,1,5013643,1,22975,1,607693,1,7244,4,471185,4,75478,4,1264773,4,2492373,8,3733990,180,17404,12,4950,1,73464,1,3356,1,4008,1,1493,2,5661,1,0,0,0,0,0,0,6964,1,23887,1,207477,1,27925,1,22315,1,119,1,9570,1,6978,1,22434,1,9570,1,0,1,1240,1,1,1,0,1,7744,1,1826,1,0,1
103,6394000,6978,9570,28.993164,1240,0,16,15,180,36419,1403,4569,6357581,16,249,331,1,25720,1,100,1,267916,1,872353,1,189141,1,4990888,1,11132,1,621350,1,9218,4,471947,4,65869,4,1254152,4,2495319,8,3727477,180,17424,12,4619,1,52764,1,2946,1,3928,1,1353,2,6022,1,0,0,0,0,0,0,6713,1,23867,1,209892,1,27233,1,22314,1,119,1,9570,1,6978,1,22433,1,9570,1,0,1,1240,1,1,1,0,1,7744,1,1826,1,0,1
104,6369500,6978,9570,28.993164,1240,0,16,15,180,37539,1232,4580,6331961,16,249,130,1,25290,1,30,1,266563,1,876240,1,188109,1,4964546,1,11052,1,603435,1,7505,4,455003,4,66050,4,1261637,4,2497243,8,3737126,180,17174,12,4930,1,53004,1,3487,1,4138,1,1423,2,5461,1,0,0,0,0,0,0,6533,1,23386,1,209060,1,27444,1,22324,1,105,1,9570,1,6978,1,22429,1,9570,1,0,1,1240,1,1,1,0,1,7744,1,1826,1,0,1
105,6360100,6982,9570,28.993164,1240,0,16,15,180,36225,1473,4589,6323875,16,249,130,1,25510,1,40,1,266423,1,875639,1,190173,1,4954687,1,11272,1,578506,1,8577,4,454392,4,65869,4,1256316,4,2518494,8,3752587,180,17635,12,4479,1,51231,1,3246,1,4609,1,1393,2,6102,1,0,0,0,0,0,0,6613,1,23636,1,209702,1,26322,1,22323,1,115,1,9570,1,6982,1,22438,1,9570,1,0,1,1240,1,1,1,0,1,7744,1,1826,1,0,1
106,6343700,6977,9570,28.993164,1240,0,16,15,180,36027,1202,4369,6307673,16,249,60,1,25330,1,30,1,264529,1,873365,1,188320,1,4944667,1,11372,1,570360,1,7354,4,465985,4,65889,4,1260725,4,2490870,8,3730053,180,17174,12,4920,1,63074,1,3006,1,4068,1,1343,2,5872,1,0,0,0,0,0,0,6533,1,23596,1,206876,1,27354,1,22315,1,114,1,9570,1,6977,1,22429,1,9570,1,0,1,1240,1,1,1,0,1,7744,1,1826,1,0,1
107,6313600,6981,9570,28.993164,1240,0,16,15,180,35435,1343,4360,6278165,16,249,60,1,25620,1,60,1,263978,1,875920,1,190003,1,4911372,1,11152,1,571151,1,9348,4,452428,4,65178,4,1248882,4,2480800,8,3708139,180,17184,12,4860,1,62523,1,3637,1,3898,1,1333,2,5992,1,0,0,0,0,0,0,6603,1,23446,1,206856,1,26813,1,22323,1,115,1,9570,1,6981,1,22438,1,9570,1,0,1,1240,1,1,1,0,1,7744,1,1826,1,0,1
108,6650600,6978,9570,28.993164,1240,0,16,15,180,60142,2485,4900,6590458,16,249,70,1,25400,1,50,1,265842,1,1057306,1,188901,1,5040866,1,12024,1,692419,1,18797,4,453420,4,65288,4,1247299,4,2472133,8,3696948,180,17585,12,4559,1,70719,1,2996,1,4018,1,1393,2,5340,1,0,0,0,0,0,0,6683,1,23476,1,207698,1,27765,1,22321,1,114,1,9570,1,6978,1,22435,1,9570,1,0,1,1240,1,1,1,0,1,7743,1,1826,1,1,1
109,6689200,6980,9570,28.993164,1240,0,16,15,180,40978,1443,4870,6648222,16,249,220,1,39528,1,150,1,372251,1,1064650,1,191055,1,4969065,1,11302,1,598986,1,7354,4,463400,4,66400,4,1270364,4,2483215,8,3731565,180,17144,12,4920,1,58064,1,3998,1,4018,1,1353,2,5551,1,0,0,0,0,0,0,13456,1,33666,1,278156,1,46431,1,22332,1,114,1,9570,1,6980,1,22446,1,9570,1,0,1,1240,1,1,1,0,1,7744,1,1823,1,3,1
110,6361800,6980,9570,28.993164,1240,0,16,15,180,37975,1232,5071,6323825,16,249,391,1,25460,1,60,1,269399,1,873365,1,190394,1,4953495,1,11262,1,597152,1,6914,4,453230,4,67743,4,1256336,4,2496962,8,3730934,180,17294,12,4549,1,54467,1,3777,1,3948,1,1453,2,5731,1,0,0,0,0,0,0,8156,1,24458,1,208820,1,27765,1,22335,1,107,1,9570,1,6980,1,22442,1,9570,1,0,1,1240,1,1,1,0,1,7744,1,1826,1,0,1
111,6368200,6980,9570,28.993164,1240,0,16,15,180,47471,1303,4269,6320729,16,249,541,1,25220,1,20,1,272655,1,871691,1,187388,1,4945609,1,17605,1,592313,1,6974,4,452959,4,65068,4,1248090,4,2483115,8,3709372,180,17564,12,4779,1,76891,1,3377,1,3948,1,1343,2,5451,1,0,0,0,0,0,0,7755,1,24248,1,211155,1,29308,1,22334,1,113,1,9570,1,6980,1,22447,1,9570,1,0,1,1240,1,1,1,0,1,7744,1,1826,1,0,1
112,6732100,6979,9570,28.993164,1240,0,16,15,180,55908,1763,4268,6676192,16,249,351,1,44557,1,110,1,370026,1,963542,1,248448,1,5035000,1,14158,1,667140,1,7936,4,454893,4,64817,4,1247479,4,2471873,8,3698010,180,17074,12,4479,1,94671,1,4980,1,4359,1,1393,2,9218,1,0,0,0,0,0,0,10380,1,33345,1,287835,1,37995,1,22337,1,107,1,9570,1,6979,1,22444,1,9570,1,0,1,1240,1,1,1,0,1,7744,1,1826,1,0,1
113,6668900,6979,9570,28.993164,1240,0,16,15,180,36219,1262,4179,6632681,16,249,120,1,34608,1,70,1,352252,1,996847,1,245762,1,4992000,1,11022,1,685396,1,7705,4,455574,4,64727,4,1248671,4,2461793,8,3689282,180,17003,12,4499,1,47233,1,2916,1,4619,1,1523,2,6082,1,0,0,0,0,0,0,10471,1,33576,1,268397,1,39518,1,22336,1,106,1,9570,1,6979,1,22442,1,9570,1,0,1,1240,1,1,1,0,1,7744,1,1826,1,0,1
114,6360200,6979,9570,28.993164,1240,0,16,15,180,54481,1202,3908,6305719,16,249,240,1,24999,1,30,1,275521,1,864006,1,185845,1,4944277,1,10801,1,622191,1,7735,4,456807,4,64937,4,1247649,4,2477444,8,3704062,180,17124,12,4930,1,47543,1,2886,1,4078,1,1363,2,5511,1,0,0,0,0,0,0,7284,1,23707,1,213189,1,31141,1,22337,1,105,1,9570,1,6979,1,22442,1,9570,1,0,1,1240,1,1,1,0,1,7744,1,1826,1,0,1
115,6465600,6978,9570,28.993164,1240,0,16,15,180,38953,1443,4499,6426647,16,249,10,1,25500,1,50,1,269159,1,900167,1,201836,1,5018422,1,11503,1,688652,1,8126,4,459352,4,66691,4,1250545,4,2472474,8,3701356,180,17164,12,5160,1,51651,1,2936,1,4098,1,1393,2,5902,1,0,0,0,0,0,0,7144,1,23396,1,211555,1,26903,1,22327,1,112,1,9570,1,6978,1,22439,1,9570,1,0,1,1240,1,1,1,0,1,7744,1,1826,1,0,1
116,6436000,6980,9570,28.993164,1240,0,16,15,180,39793,1182,4138,6396207,16,249,80,1,25230,1,100,1,274499,1,877924,1,216675,1,4990016,1,11683,1,654936,1,7865,4,456486,4,65068,4,1250816,4,2475480,8,3704933,180,17224,12,4609,1,59878,1,2816,1,4058,1,1383,2,5441,1,0,0,0,0,0,0,7104,1,23817,1,215974,1,27414,1,22331,1,111,1,9570,1,6980,1,22442,1,9570,1,0,1,1240,1,1,1,0,1,7744,1,1826,1,0,1
117,7119200,6981,9570,28.993164,1240,0,16,15,180,50272,1904,4630,7068928,16,249,200,1,25811,1,60,1,274359,1,873234,1,209541,1,5674099,1,11623,1,1074469,1,10300,4,625588,4,86981,4,1279923,4,2518224,8,3776443,180,17074,12,4840,1,54898,1,2886,1,5421,1,2836,2,5831,1,0,0,0,0,0,0,7294,1,24719,1,213690,1,28456,1,22327,1,115,1,9570,1,6981,1,22442,1,9570,1,0,1,1240,1,1,1,0,1,7743,1,1826,1,1,1
118,6706500,6979,9570,28.993164,1240,0,16,15,180,46124,1373,4389,6660376,16,249,120,1,37373,1,130,1,357462,1,1093497,1,232246,1,4928586,1,10962,1,615408,1,7665,4,459642,4,64817,4,1245826,4,2464639,8,3688661,180,17414,12,4569,1,49818,1,2855,1,4569,1,1372,2,6032,1,0,0,0,0,0,0,11473,1,31682,1,270812,1,43215,1,22318,1,116,1,9570,1,6979,1,22434,1,9570,1,0,1,1240,1,1,1,0,1,7743,1,1827,1,0,1
119,6612500,6980,9570,28.993164,1240,0,16,15,180,55778,1634,4379,6556722,16,249,30,1,25620,1,110,1,267415,1,873595,1,302173,1,5076667,1,11112,1,732187,1,8176,4,484251,4,65809,4,1240115,4,2464258,8,3682990,180,17003,12,4469,1,60018,1,3306,1,5300,1,1563,2,5581,1,0,0,0,0,0,0,7314,1,23907,1,209070,1,26823,1,22321,1,113,1,9570,1,6980,1,22434,1,9570,1,0,1,1240,1,1,1,0,1,7742,1,1827,1,1,1
120,7034700,6983,9570,28.993164,1240,0,16,15,180,50198,1513,4689,6984502,16,249,240,1,35119,1,200,1,340198,1,1015934,1,234440,1,5346476,1,11893,1,851662,1,9589,4,538517,4,71540,4,1318609,4,2479558,8,3776013,180,17464,12,4559,1,55138,1,3206,1,4609,1,2114,2,5862,1,0,0,0,0,0,0,9839,1,30480,1,261594,1,37784,1,22334,1,112,1,9570,1,6983,1,22446,1,9570,1,0,1,1240,1,1,1,0,1,7743,1,1827,1,0,1
121,7177800,6980,9570,28.993164,1240,0,16,15,180,101471,1713,4629,7076329,16,249,140,1,39758,1,90,1,363243,1,1051050,1,385156,1,5225689,1,11202,1,790332,1,8006,4,503108,4,64687,4,1243151,4,2534846,8,3756304,180,17063,12,4900,1,59958,1,2705,1,5090,1,1643,2,5551,1,0,0,0,0,0,0,9869,1,32213,1,280661,1,39758,1,22328,1,112,1,9570,1,6980,1,22440,1,9570,1,0,1,1240,1,1,1,0,1,7743,1,1827,1,0,1
122,6576300,6981,9570,28.993164,1240,0,16,15,180,44126,1423,4389,6532174,16,249,321,1,35440,1,130,1,343905,1,954103,1,211405,1,4976039,1,10831,1,663653,1,8196,4,455254,4,66661,4,1248661,4,2461252,8,3688281,180,17244,12,4519,1,51601,1,2705,1,4579,1,1473,2,6062,1,0,0,0,0,0,0,9088,1,31362,1,265421,1,37674,1,22321,1,121,1,9570,1,6981,1,22442,1,9570,1,0,1,1240,1,1,1,0,1,7743,1,1827,1,0,1
123,6815000,6979,9570,28.993164,1240,0,16,15,180,61341,2234,4479,6753659,16,249,70,1,25971,1,140,1,272996,1,867383,1,195814,1,5379772,1,11513,1,1056945,1,9168,4,458310,4,65238,4,1248491,4,2470410,8,3697418,180,17003,12,4539,1,47433,1,2926,1,6823,1,1533,2,5721,1,0,0,0,0,0,0,6994,1,24538,1,214812,1,26462,1,22326,1,110,1,9570,1,6979,1,22436,1,9570,1,0,1,1240,1,1,1,0,1,7743,1,1827,1,0,1
124,6948000,6978,9570,28.993164,1240,0,16,15,180,62122,1653,4599,6885878,16,249,321,1,31191,1,371,1,345839,1,1043719,1,206946,1,5246320,1,11172,1,780252,1,8577,4,524490,4,69316,4,1293870,4,2506811,8,3778828,180,17254,12,4449,1,40069,1,2886,1,6202,1,1864,2,5882,1,0,0,0,0,0,0,9258,1,31352,1,266293,1,38105,1,22327,1,110,1,9570,1,6978,1,22437,1,9570,1,0,1,1240,1,1,1,0,1,7743,1,1827,1,0,1
125,6678300,6977,9570,28.993164,1240,0,16,15,180,41190,1593,4199,6637110,16,249,180,1,36652,1,100,1,357432,1,1092876,1,255261,1,4883137,1,11473,1,573165,1,7535,4,454983,4,65088,4,1251437,4,2464378,8,3694553,180,17063,12,4449,1,45299,1,3276,1,5170,1,1453,2,5310,1,0,0,0,0,0,0,9879,1,31682,1,271303,1,44147,1,22318,1,114,1,9570,1,6977,1,22432,1,9570,1,0,1,1240,1,1,1,0,1,7743,1,1827,1,0,1
126,6373100,6981,9570,28.993164,1240,0,16,15,180,37782,1623,4459,6335318,16,249,50,1,24979,1,130,1,271202,1,870088,1,188159,1,4969747,1,10962,1,644986,1,7785,4,456135,4,65198,4,1249353,4,2477714,8,3705435,180,17174,12,4970,1,47814,1,3296,1,3898,1,1362,2,5611,1,0,0,0,0,0,0,6843,1,23937,1,211996,1,28245,1,22328,1,107,1,9570,1,6981,1,22435,1,9570,1,0,1,1240,1,1,1,0,1,7743,1,1827,1,0,1
127,6332400,6978,9570,28.993164,1240,0,16,15,180,36330,1362,4369,6296070,16,249,60,1,25340,1,110,1,272044,1,872132,1,189382,1,4925550,1,11452,1,561943,1,8747,4,472728,4,68234,4,1268851,4,2475540,8,3722899,180,17124,12,4860,1,49467,1,3196,1,3828,1,1433,2,5361,1,0,0,0,0,0,0,6683,1,24298,1,212798,1,28065,1,22322,1,106,1,9570,1,6978,1,22428,1,9570,1,0,1,1240,1,1,1,0,1,7743,1,1827,1,0,1
128,6312000,6974,9570,28.993164,1240,0,16,15,180,36520,1092,4409,6275480,16,249,50,1,25440,1,20,1,268567,1,871882,1,189231,1,4909198,1,11092,1,553477,1,9439,4,452829,4,65699,4,1249353,4,2507633,8,3735203,180,17374,12,4900,1,51030,1,3026,1,3958,1,1373,2,5391,1,0,0,0,0,0,0,6623,1,23897,1,210804,1,26993,1,22307,1,114,1,9570,1,6974,1,22421,1,9570,1,0,1,1240,1,1,1,0,1,7743,1,1827,1,0,1
129,6332300,6978,9570,28.993164,1240,0,16,15,180,37542,1563,5431,6294758,16,249,10,1,25901,1,30,1,267916,1,868345,1,189753,1,4931852,1,10952,1,564458,1,8998,4,460785,4,71220,4,1265134,4,2477965,8,3718360,180,19308,12,4509,1,61140,1,3186,1,5421,1,1393,2,6082,1,0,0,0,0,0,0,6994,1,23676,1,210704,1,26362,1,22319,1,111,1,9570,1,6978,1,22430,1,9570,1,0,1,1240,1,1,1,0,1,7743,1,1827,1,0,1
130,6386400,6977,9570,28.993164,1240,0,16,15,180,36394,1333,4429,6350006,16,249,50,1,25450,1,70,1,269429,1,872884,1,191746,1,4978865,1,11513,1,623865,1,8817,4,453671,4,65879,4,1249543,4,2501561,8,3729482,180,17194,12,5020,1,55469,1,3156,1,3797,1,1343,2,5411,1,0,0,0,0,0,0,6723,1,24358,1,209131,1,28987,1,22323,1,109,1,9570,1,6977,1,22432,1,9570,1,0,1,1240,1,1,1,0,1,7743,1,1827,1,0,1
131,6366100,6976,9570,28.993164,1240,0,16,15,180,36213,1252,4419,6329887,16,249,220,1,25510,1,130,1,265662,1,873154,1,189332,1,4964466,1,11412,1,607853,1,7405,4,457699,4,66240,4,1262298,4,2490329,8,3730894,180,17314,12,4860,1,52393,1,3286,1,3878,1,1333,2,5641,1,0,0,0,0,0,0,6613,1,23917,1,208309,1,26562,1,22304,1,124,1,9570,1,6976,1,22428,1,9570,1,0,1,1240,1,1,1,0,1,7742,1,1827,1,1,1
132,6354000,6979,9570,28.993164,1240,0,16,15,180,39253,1262,4950,6314747,16,249,240,1,25250,1,80,1,268768,1,872483,1,189432,1,4947473,1,11022,1,595339,1,7264,4,453731,4,65659,4,1256316,4,2495038,8,3729251,180,17154,12,4870,1,54317,1,3016,1,3908,1,1333,2,5421,1,0,0,0,0,0,0,6663,1,23857,1,208680,1,29368,1,22314,1,121,1,9570,1,6979,1,22435,1,9570,1,0,1,1240,1,1,1,0,1,7743,1,1827,1,0,1
133,6371700,6978,9570,28.993164,1240,0,16,15,180,38116,1323,4459,6333584,16,249,70,1,25700,1,40,1,268026,1,872282,1,189452,1,4966711,1,11302,1,610869,1,7425,4,462548,4,66010,4,1253321,4,2492694,8,3722979,180,18576,12,4649,1,52934,1,3627,1,3838,1,1493,2,5982,1,0,0,0,0,0,0,6964,1,24428,1,209331,1,27093,1,22321,1,111,1,9570,1,6978,1,22432,1,9570,1,0,1,1240,1,1,1,0,1,7743,1,1827,1,0,1
134,6335700,6971,9570,28.993164,1240,0,16,15,180,37586,1663,4931,6298114,16,249,30,1,25500,1,160,1,268687,1,873044,1,192267,1,4927263,1,11162,1,585429,1,7194,4,451847,4,65008,4,1253331,4,2484608,8,3715604,180,17404,12,4419,1,57373,1,5090,1,3938,1,1894,2,5471,1,0,0,0,0,0,0,6733,1,24839,1,209491,1,27444,1,22308,1,114,1,9570,1,6971,1,22422,1,9570,1,0,1,1240,1,1,1,0,1,7743,1,1827,1,0,1
135,6412800,6976,9570,28.993164,1240,0,16,15,180,41512,1252,4519,6371288,16,249,40,1,26061,1,40,1,269449,1,882833,1,191105,1,4990638,1,11122,1,621660,1,7344,4,454112,4,65338,4,1248080,4,2482614,8,3709141,180,17033,12,4569,1,90578,1,4058,1,4048,1,1383,2,5601,1,0,0,0,0,0,0,7114,1,24869,1,208750,1,28426,1,22325,1,103,1,9570,1,6976,1,22428,1,9570,1,0,1,1240,1,1,1,0,1,7743,1,1826,1,1,1
136,6346100,6976,9570,28.993164,1240,0,16,15,180,33186,1363,4299,6312914,16,249,210,1,25270,1,50,1,269329,1,874477,1,188841,1,4943906,1,10831,1,630057,1,7324,4,452959,4,65238,4,1251277,4,2472454,8,3702208,180,17224,12,4519,1,45139,1,2775,1,3938,1,1403,2,5461,1,0,0,0,0,0,0,6873,1,23656,1,211255,1,27264,1,22321,1,106,1,9570,1,6976,1,22427,1,9570,1,0,1,1240,1,1,1,0,1,7744,1,1826,1,0,1
137,6707700,6972,9570,28.993164,1240,0,16,15,180,66742,1613,4289,6640958,16,249,210,1,63946,1,170,1,364095,1,959915,1,250211,1,4991359,1,11052,1,692670,1,8306,4,453540,4,64867,4,1242970,4,2458507,8,3680044,180,17144,12,4399,1,49527,1,2986,1,4479,1,1493,2,6002,1,0,0,0,0,0,0,11563,1,30881,1,282444,1,38526,1,22308,1,115,1,9570,1,6972,1,22423,1,9570,1,0,1,1240,1,1,1,0,1,7744,1,1826,1,0,1
138,7072200,6975,9570,28.993164,1240,0,16,15,180,50545,1834,4369,7021655,16,249,321,1,35069,1,110,1,347121,1,1014682,1,266904,1,5342478,1,14969,1,989733,1,9509,4,469351,4,65599,4,1247990,4,2475049,8,3701496,180,17174,12,4940,1,62803,1,3377,1,4639,1,1483,2,6172,1,0,0,0,0,0,0,9228,1,31041,1,266844,1,39628,1,22321,1,107,1,9570,1,6975,1,22428,1,9570,1,0,1,1240,1,1,1,0,1,7744,1,1826,1,0,1
139,7361000,6976,9570,28.993164,1240,0,16,15,180,105179,2565,4450,7255821,16,249,321,1,32253,1,40,1,290490,1,1095457,1,278096,1,5546369,1,12795,1,1043970,1,10871,4,551092,4,65619,4,1251818,4,2498836,8,3729020,180,17184,12,5371,1,96920,1,5921,1,4689,1,2856,2,5841,1,0,0,0,0,0,0,6974,1,29859,1,222417,1,30720,1,22321,1,107,1,9570,1,6976,1,22428,1,9570,1,0,1,1240,1,1,1,0,1,7744,1,1826,1,0,1
140,7447000,6973,9570,28.993164,1240,0,16,15,180,76109,2034,5060,7370891,16,249,1272,1,134384,1,361,1,414995,1,1211699,1,235422,1,5342528,1,30229,1,903303,1,9198,4,462197,4,65388,4,1256657,4,2466142,8,3700715,180,17023,12,7615,1,146097,1,11342,1,5070,1,1513,2,5972,1,0,0,0,0,0,0,14478,1,40680,1,308816,1,49988,1,22314,1,109,1,9570,1,6973,1,22423,1,9570,1,0,1,1240,1,1,1,0,1,7744,1,1826,1,0,1
141,6768000,6975,9570,28.993164,1240,0,16,15,180,52296,2465,4229,6715704,16,249,671,1,49157,1,381,1,293105,1,876090,1,206986,1,5276298,1,13016,1,869798,1,8076,4,454753,4,72302,4,1256827,4,2466763,8,3702308,180,17053,12,4930,1,115487,1,13517,1,4248,1,1403,2,5731,1,0,0,0,0,0,0,8166,1,30029,1,223318,1,31001,1,22325,1,102,1,9570,1,6975,1,22427,1,9570,1,0,1,1240,1,1,1,0,1,7744,1,1826,1,0,1
142,7425000,6973,9570,28.993164,1240,0,16,15,180,54861,2164,4419,7370139,16,249,311,1,51541,1,220,1,513047,1,1173274,1,298286,1,5321096,1,12364,1,857093,1,9188,4,461135,4,68254,4,1247659,4,2511881,8,3738058,180,17063,12,4629,1,141879,1,6062,1,4138,1,1373,2,5641,1,0,0,0,0,0,0,46171,1,41151,1,366670,1,58134,1,22318,1,106,1,9570,1,6973,1,22424,1,9570,1,0,1,1240,1,1,1,0,1,7744,1,1826,1,0,1
143,7376300,6974,9570,28.993164,1240,0,16,15,180,54265,1784,4359,7322035,16,249,822,1,86540,1,271,1,511354,1,1358247,1,192378,1,5160732,1,11693,1,796514,1,7665,4,474131,4,65108,4,1248100,4,2475871,8,3702228,180,17384,12,5681,1,70508,1,3767,1,4659,1,1453,2,5491,1,0,0,0,0,0,0,14589,1,38165,1,381769,1,76230,1,22320,1,107,1,9570,1,6974,1,22427,1,9570,1,0,1,1240,1,1,1,0,1,7744,1,1826,1,0,1
144,6954500,6973,9570,28.993164,1240,0,16,15,180,38202,1433,4349,6916298,16,249,180,1,44257,1,50,1,426377,1,1070963,1,269950,1,5093520,1,11002,1,726436,1,7595,4,462628,4,65869,4,1249954,4,2483736,8,3712198,180,17144,12,4779,1,75799,1,3006,1,4749,1,1373,2,6162,1,0,0,0,0,0,0,11452,1,34398,1,328896,1,51221,1,22308,1,113,1,9570,1,6973,1,22421,1,9570,1,0,1,1240,1,1,1,0,1,7744,1,1826,1,0,1
145,6448700,6969,9570,28.993164,1240,0,16,15,180,36932,1723,4540,6411768,16,249,40,1,25941,1,50,1,280671,1,876551,1,189682,1,5027320,1,11513,1,654866,1,7565,4,451927,4,66150,4,1272007,4,2482484,8,3732056,180,17895,12,6332,1,68515,1,4088,1,4048,1,1403,2,6212,1,0,0,0,0,0,0,6483,1,24458,1,218800,1,30710,1,22303,1,117,1,9570,1,6969,1,22420,1,9570,1,0,1,1240,1,1,1,0,1,7743,1,1826,1,1,1
146,6414300,6972,9570,28.993164,1240,0,16,15,180,35156,1553,5160,6379144,16,249,100,1,25560,1,90,1,277405,1,879226,1,190724,1,4995006,1,11032,1,640427,1,7976,4,452789,4,65348,4,1251888,4,2495179,8,3724762,180,17144,12,6393,1,58695,1,3547,1,3958,1,1403,2,5851,1,0,0,0,0,0,0,6974,1,25560,1,216756,1,27925,1,22314,1,110,1,9570,1,6972,1,22424,1,9570,1,0,1,1240,1,1,1,0,1,7744,1,1826,1,0,1
147,6417300,6969,9570,28.993164,1240,0,16,15,180,34830,1242,5511,6382470,16,249,170,1,25761,1,80,1,269509,1,871080,1,189362,1,5015386,1,11122,1,623173,1,7334,4,469642,4,65929,4,1272508,4,2484387,8,3734170,180,17214,12,4840,1,71060,1,3637,1,4769,1,1373,2,5491,1,0,0,0,0,0,0,6533,1,24157,1,211375,1,27153,1,22300,1,118,1,9570,1,6969,1,22418,1,9570,1,0,1,1240,1,1,1,0,1,7744,1,1826,1,0,1
148,6434100,6974,9570,28.993164,1240,0,16,15,180,35699,1763,6012,6398401,16,249,130,1,25460,1,60,1,269970,1,880078,1,189181,1,5022280,1,11242,1,634035,1,7164,4,460294,4,65068,4,1258601,4,2508364,8,3743228,180,17725,12,5230,1,65168,1,5020,1,4088,1,1403,2,6082,1,0,0,0,0,0,0,6453,1,24258,1,210854,1,28035,1,22310,1,118,1,9570,1,6974,1,22428,1,9570,1,0,1,1240,1,1,1,0,1,7744,1,1823,1,3,1
149,6431000,6973,9570,28.993164,1240,0,16,15,180,48831,1513,4339,6382169,16,249,70,1,25700,1,30,1,267716,1,877152,1,190344,1,5003523,1,17635,1,635848,1,7254,4,451797,4,65098,4,1247098,4,2486842,8,3712238,180,17364,12,5190,1,87762,1,4118,1,4098,1,1362,2,5541,1,0,0,0,0,0,0,6673,1,24167,1,209702,1,26833,1,22314,1,112,1,9570,1,6973,1,22426,1,9570,1,0,1,1240,1,1,1,0,1,7746,1,1824,1,0,1
150,6460300,6971,9570,28.993164,1240,0,16,15,180,58091,1533,4400,6402209,16,249,230,1,32824,1,70,1,337523,1,893244,1,187869,1,4933025,1,17424,1,602132,1,7144,4,453701,4,64948,4,1244213,4,2486151,8,3708660,180,17304,12,4489,1,54828,1,2855,1,4138,1,1373,2,5521,1,0,0,0,0,0,0,10711,1,31001,1,261123,1,34287,1,22310,1,112,1,9570,1,6971,1,22422,1,9570,1,0,1,1240,1,1,1,0,1,7746,1,1824,1,0,1
151,6937100,6974,9570,28.993164,1240,0,16,15,180,101049,1663,4759,6836051,16,249,301,1,45008,1,150,1,482597,1,941789,1,261684,1,5093349,1,11172,1,624556,1,8126,4,475594,4,64707,4,1314881,4,2484397,8,3777486,180,17033,12,36943,1,67933,1,3527,1,4138,1,1333,2,5551,1,0,0,0,0,0,0,12905,1,39187,1,390426,1,39127,1,22314,1,111,1,9570,1,6974,1,22425,1,9570,1,0,1,1240,1,1,1,0,1,7746,1,1824,1,0,1
152,6592500,6972,9570,28.993164,1240,0,16,15,180,36910,1543,4780,6555590,16,249,210,1,26171,1,140,1,350969,1,902011,1,188961,1,5076186,1,10941,1,675145,1,7635,4,455715,4,64727,4,1285203,4,2516240,8,3779339,180,17324,12,4399,1,51822,1,2735,1,4018,1,1453,2,5551,1,0,0,0,0,0,0,7174,1,24899,1,290530,1,27985,1,22310,1,115,1,9570,1,6972,1,22425,1,9570,1,0,1,1240,1,1,1,0,1,7746,1,1824,1,0,1
153,6799300,6970,9570,28.993164,1240,0,16,15,180,44860,1423,4319,6754440,16,249,301,1,35139,1,150,1,383643,1,1025273,1,275801,1,5022370,1,11763,1,700726,1,8186,4,457047,4,65058,4,1249794,4,2459108,8,3687518,180,17063,12,4809,1,60779,1,2916,1,5150,1,1373,2,6002,1,0,0,0,0,0,0,10861,1,30129,1,301792,1,40479,1,22308,1,114,1,9570,1,6970,1,22422,1,9570,1,0,1,1240,1,1,1,0,1,7746,1,1824,1,0,1
154,7546500,6975,9570,28.993164,1240,0,16,15,180,81479,2375,5081,7465021,16,249,210,1,25360,1,60,1,284138,1,906810,1,364205,1,5862585,1,21653,1,1178809,1,11432,4,585089,4,65859,4,1290604,4,2475059,8,3743438,180,17144,12,5591,1,210223,1,22153,1,5701,1,2335,2,7354,1,0,0,0,0,0,0,6533,1,23727,1,216856,1,36802,1,22322,1,110,1,9570,1,6975,1,22432,1,9570,1,0,1,1240,1,1,1,0,1,7746,1,1823,1,1,1
155,6748900,6974,9570,28.993164,1240,0,16,15,180,53626,1633,4459,6695274,16,249,521,1,61150,1,120,1,285060,1,870519,1,192768,1,5273142,1,11994,1,832294,1,8156,4,483519,4,64917,4,1249232,4,2481532,8,3709142,180,17164,12,6733,1,128302,1,4890,1,4148,1,1553,2,6232,1,0,0,0,0,0,0,7164,1,31732,1,215834,1,29859,1,22322,1,108,1,9570,1,6974,1,22430,1,9570,1,0,1,1240,1,1,1,0,1,7746,1,1824,1,0,1
156,6517300,6975,9570,28.993164,1240,0,16,15,180,43982,1443,4479,6473318,16,249,70,1,32905,1,50,1,276322,1,869056,1,225823,1,5057639,1,11452,1,721997,1,7525,4,455083,4,65318,4,1251667,4,2469618,8,3699422,180,17384,12,4559,1,60759,1,7415,1,5250,1,1463,2,5541,1,0,0,0,0,0,0,6643,1,27985,1,213028,1,28486,1,22320,1,111,1,9570,1,6975,1,22431,1,9570,1,0,1,1240,1,1,1,0,1,7746,1,1824,1,0,1
157,7297300,6977,9570,28.993164,1240,0,16,15,180,79270,2605,5121,7218030,16,249,250,1,73665,1,70,1,378132,1,1200837,1,300600,1,5250067,1,14408,1,686127,1,7725,4,449633,4,64326,4,1328909,4,2608591,8,3914544,180,17835,12,8747,1,75999,1,5451,1,5150,1,1353,2,5451,1,0,0,0,0,0,0,11282,1,42183,1,284829,1,39217,1,22323,1,112,1,9570,1,6977,1,22435,1,9570,1,0,1,1240,1,1,1,0,1,7746,1,1824,1,0,1
158,6830100,6974,9570,28.993164,1240,0,16,15,180,55881,1874,4539,6774219,16,249,150,1,38085,1,140,1,358704,1,1071123,1,296682,1,4981309,1,28025,1,624466,1,7024,4,450444,4,64948,4,1244704,4,2464929,8,3687469,180,17625,12,4920,1,98874,1,6763,1,5220,1,1393,2,5751,1,0,0,0,0,0,0,10511,1,32003,1,273116,1,42714,1,22318,1,113,1,9570,1,6974,1,22431,1,9570,1,0,1,1240,1,1,1,0,1,7746,1,1823,1,1,1
159,6839600,6978,9570,28.993164,1240,0,16,15,180,44014,1643,4900,6795586,16,249,351,1,40139,1,90,1,382491,1,958953,1,232426,1,5167360,1,13777,1,714813,1,7374,4,454242,4,65839,4,1265665,4,2534250,8,3777401,180,17615,12,9348,1,95067,1,5010,1,4328,1,1503,2,8276,1,0,0,0,0,0,0,11232,1,33305,1,293176,1,44056,1,22323,1,113,1,9570,1,6978,1,22436,1,9570,1,0,1,1240,1,1,1,0,1,7747,1,1823,1,0,1
160,6448000,6976,9570,28.993164,1240,0,16,15,180,58316,1513,4349,6389684,16,249,110,1,31332,1,140,1,295761,1,858836,1,202798,1,4988183,1,12525,1,663332,1,7204,4,452478,4,65008,4,1242469,4,2468857,8,3689654,180,17324,12,4399,1,68334,1,3577,1,4138,1,1353,2,5521,1,0,0,0,0,0,0,11623,1,32814,1,220573,1,30330,1,22323,1,111,1,9570,1,6976,1,22434,1,9570,1,0,1,1240,1,1,1,0,1,7747,1,1823,1,0,1
161,7308700,6976,9570,28.993164,1240,0,16,15,180,91441,1653,4990,7217259,16,249,261,1,35490,1,130,1,504070,1,1068408,1,274719,1,5286529,1,47654,1,748219,1,8236,4,454953,4,64587,4,1281897,4,2635915,8,3895758,180,17063,12,5050,1,71170,1,3647,1,4549,1,1383,2,5270,1,0,0,0,0,0,0,9809,1,33786,1,421157,1,38776,1,22320,1,114,1,9570,1,6976,1,22434,1,9570,1,0,1,1240,1,1,1,0,1,7747,1,1823,1,0,1
162,6871500,6975,9570,28.993164,1240,0,16,15,180,51260,1553,4399,6820240,16,249,281,1,36722,1,190,1,357221,1,1071203,1,297594,1,5041738,1,15290,1,705746,1,7104,4,453190,4,64867,4,1245736,4,2481993,8,3706196,180,17134,12,4930,1,59547,1,5351,1,5050,1,1343,2,5330,1,0,0,0,0,0,0,10741,1,31442,1,274649,1,39938,1,22323,1,110,1,9570,1,6975,1,22433,1,9570,1,0,1,1240,1,1,1,0,1,7747,1,1823,1,0,1
163,6337100,6975,9570,28.993164,1240,0,16,15,180,43945,1303,4359,6293155,16,249,220,1,25230,1,70,1,277355,1,874647,1,190063,1,4914829,1,10741,1,600439,1,7354,4,452007,4,66961,4,1243972,4,2463837,8,3686357,180,17094,12,4389,1,61150,1,2715,1,3948,1,1313,2,5441,1,0,0,0,0,0,0,6352,1,23767,1,217768,1,29217,1,22317,1,113,1,9570,1,6975,1,22430,1,9570,1,0,1,1240,1,1,1,0,1,7747,1,1823,1,0,1
164,6365700,6977,9570,28.993164,1240,0,16,15,180,47446,1182,4319,6318254,16,249,50,1,28095,1,70,1,273266,1,866762,1,188710,1,4949988,1,11312,1,626149,1,8617,4,454342,4,65028,4,1245285,4,2471753,8,3695475,180,17244,12,4649,1,58605,1,2775,1,4389,1,1343,2,5872,1,0,0,0,0,0,0,6242,1,24478,1,213339,1,28215,1,22318,1,116,1,9570,1,6977,1,22434,1,9570,1,0,1,1240,1,1,1,0,1,7747,1,1822,1,1,1
165,6376800,6977,9570,28.993164,1240,0,16,15,180,39218,1233,4409,6337582,16,249,301,1,25370,1,70,1,269419,1,878114,1,190714,1,4962412,1,11182,1,630107,1,8837,4,457147,4,65178,4,1253461,4,2480740,8,3712518,180,17274,12,4769,1,47173,1,2895,1,3948,1,1433,2,5491,1,0,0,0,0,0,0,6352,1,22995,1,213249,1,26482,1,22311,1,120,1,9570,1,6977,1,22431,1,9570,1,0,1,1240,1,1,1,0,1,7748,1,1822,1,0,1
166,6738800,6973,9570,28.993164,1240,0,16,15,180,57183,1583,4409,6681617,16,249,160,1,25089,1,60,1,268076,1,960947,1,320559,1,5095243,1,11483,1,707729,1,8507,4,511103,4,65078,4,1260274,4,2466562,8,3705144,180,17284,12,4489,1,53104,1,2886,1,6663,1,1804,2,5461,1,0,0,0,0,0,0,6613,1,23196,1,211365,1,26722,1,22320,1,107,1,9570,1,6973,1,22427,1,9570,1,0,1,1240,1,1,1,0,1,7748,1,1822,1,0,1
167,6587100,6976,9570,28.993164,1240,0,16,15,180,47572,1823,4410,6539528,16,249,281,1,35510,1,631,1,333765,1,980345,1,225062,1,4952763,1,11172,1,646670,1,8176,4,454683,4,65168,4,1248782,4,2460490,8,3687719,180,17144,12,4439,1,48305,1,3296,1,4178,1,1363,2,5391,1,0,0,0,0,0,0,8757,1,30770,1,256564,1,37133,1,22315,1,117,1,9570,1,6976,1,22432,1,9570,1,0,1,1240,1,1,1,0,1,7748,1,1822,1,0,1
168,6632000,6980,9570,28.993164,1240,0,16,15,180,50720,1773,4539,6581280,16,249,220,1,25179,1,40,1,269970,1,870319,1,200804,1,5203275,1,11473,1,792255,1,8256,4,516294,4,67142,4,1256747,4,2492113,8,3727287,180,17033,12,4379,1,48806,1,3226,1,4950,1,1854,2,5481,1,0,0,0,0,0,0,6723,1,23236,1,210443,1,29358,1,22329,1,107,1,9570,1,6980,1,22436,1,9570,1,0,1,1240,1,1,1,0,1,7748,1,1822,1,0,1
169,6855800,6977,9570,28.993164,1240,0,16,15,180,61111,1383,4339,6794689,16,249,230,1,37363,1,160,1,351530,1,1078207,1,257736,1,5058180,1,11282,1,733350,1,8096,4,459753,4,64927,4,1248762,4,2469278,8,3696607,180,17094,12,4970,1,52874,1,3036,1,4429,1,1393,2,5932,1,0,0,0,0,0,0,9449,1,31692,1,268166,1,41942,1,22325,1,110,1,9570,1,6977,1,22435,1,9570,1,0,1,1240,1,1,1,0,1,7748,1,1822,1,0,1
170,6396900,6980,9570,28.993164,1240,0,16,15,180,36163,1272,4439,6360737,16,249,100,1,25961,1,40,1,266213,1,868665,1,188460,1,5000297,1,11002,1,670907,1,7855,4,461646,4,65148,4,1246607,4,2477203,8,3702018,180,17354,12,4409,1,50118,1,2785,1,4068,1,1954,2,6322,1,0,0,0,0,0,0,6463,1,25009,1,207748,1,26823,1,22316,1,121,1,9570,1,6980,1,22437,1,9570,1,0,1,1240,1,1,1,0,1,7748,1,1822,1,0,1
171,6295900,6978,9570,28.993164,1240,0,16,15,180,37293,1423,4430,6258607,16,249,70,1,25520,1,30,1,266754,1,871591,1,188710,1,4894619,1,11312,1,544599,1,7395,4,453079,4,66110,4,1265925,4,2487944,8,3732216,180,17224,12,4439,1,49828,1,2705,1,4328,1,1362,2,5481,1,0,0,0,0,0,0,6623,1,23927,1,209301,1,26732,1,22321,1,111,1,9570,1,6978,1,22432,1,9570,1,0,1,1240,1,1,1,0,1,7748,1,1822,1,0,1
172,6314900,6978,9570,28.993164,1240,0,16,15,180,36975,1222,4168,6277925,16,249,100,1,25199,1,150,1,266373,1,872223,1,188690,1,4913807,1,11382,1,557995,1,8427,4,453731,4,65308,4,1250585,4,2495840,8,3725073,180,17184,12,4439,1,61671,1,3447,1,4138,1,1423,2,5581,1,0,0,0,0,0,0,6342,1,23947,1,208760,1,27173,1,22325,1,104,1,9570,1,6978,1,22429,1,9570,1,0,1,1240,1,1,1,0,1,7748,1,1822,1,0,1
173,6340200,6976,9570,28.993164,1240,0,16,15,180,38769,1363,4269,6301431,16,249,60,1,25771,1,70,1,267084,1,871671,1,190103,1,4935469,1,11202,1,569969,1,7956,4,453611,4,66931,4,1268671,4,2496962,8,3744190,180,17174,12,4699,1,50840,1,3387,1,4038,1,1403,2,5641,1,0,0,0,0,0,0,6904,1,24097,1,209221,1,26532,1,22320,1,109,1,9570,1,6976,1,22429,1,9570,1,0,1,1240,1,1,1,0,1,7748,1,1822,1,0,1
174,6400600,6979,9570,28.993164,1240,0,16,15,180,40764,1353,4230,6359836,16,249,180,1,25450,1,30,1,267064,1,872483,1,188600,1,4994355,1,11673,1,584698,1,9919,4,463841,4,67763,4,1252719,4,2503795,8,3735082,180,17204,12,5831,1,87101,1,5761,1,4058,1,1323,2,6192,1,0,0,0,0,0,0,6803,1,24117,1,208670,1,27284,1,22322,1,111,1,9570,1,6979,1,22433,1,9570,1,0,1,1240,1,1,1,0,1,7748,1,1822,1,0,1
175,6582000,6977,9570,28.993164,1240,0,16,15,180,40418,2134,5060,6541582,16,249,261,1,26121,1,40,1,271794,1,882292,1,196115,1,5153477,1,11483,1,738460,1,18506,4,459552,4,65589,4,1261246,4,2522963,8,3761965,180,17184,12,5290,1,64146,1,3016,1,4469,1,1473,2,6633,1,0,0,0,0,0,0,6823,1,25791,1,208379,1,30490,1,22326,1,103,1,9570,1,6977,1,22429,1,9570,1,0,1,1240,1,1,1,0,1,7748,1,1822,1,0,1
176,6376800,6976,9570,28.993164,1240,0,16,15,180,37435,1242,4620,6339365,16,249,40,1,25340,1,40,1,267535,1,872192,1,189913,1,4973053,1,11252,1,630728,1,7274,4,452288,4,65569,4,1263290,4,2475019,8,3716345,180,17344,12,6272,1,55980,1,3387,1,4148,1,1363,2,6493,1,0,0,0,0,0,0,6683,1,23787,1,209662,1,27153,1,22324,1,104,1,9570,1,6976,1,22428,1,9570,1,0,1,1240,1,1,1,0,1,7748,1,1822,1,0,1
177,6404500,6973,9570,28.993164,1240,0,16,15,180,37981,1323,4549,6366519,16,249,200,1,27013,1,110,1,268647,1,875799,1,189712,1,4993173,1,11863,1,619446,1,10100,4,465684,4,65889,4,1259032,4,2492303,8,3729692,180,17094,12,5130,1,57733,1,5110,1,4118,1,1523,2,5781,1,0,0,0,0,0,0,6513,1,24979,1,209391,1,27454,1,22315,1,107,1,9570,1,6973,1,22422,1,9570,1,0,1,1240,1,1,1,0,1,7748,1,1821,1,1,1
178,6405500,6976,9570,28.993164,1240,0,16,15,180,35104,1473,4730,6370396,16,249,50,1,25881,1,30,1,269198,1,881831,1,189743,1,4992511,1,11152,1,639536,1,7114,4,463961,4,66501,4,1259493,4,2479598,8,3717197,180,17164,12,5030,1,55589,1,2936,1,4349,1,1363,2,5571,1,0,0,0,0,0,0,6583,1,24428,1,210273,1,27694,1,22315,1,111,1,9570,1,6976,1,22426,1,9570,1,0,1,1240,1,1,1,0,1,7748,1,1822,1,0,1
179,6398000,6974,9570,28.993164,1240,0,16,15,180,34247,1553,4560,6363753,16,249,60,1,25791,1,90,1,267305,1,881891,1,189502,1,4987892,1,11222,1,618604,1,7084,4,452909,4,64887,4,1255725,4,2510519,8,3744240,180,17444,12,4990,1,56270,1,4439,1,4028,1,1353,2,5531,1,0,0,0,0,0,0,6833,1,23997,1,208980,1,27243,1,22312,1,107,1,9570,1,6974,1,22419,1,9570,1,0,1,1240,1,1,1,0,1,7747,1,1822,1,1,1
180,6378300,6975,9570,28.993164,1240,0,16,15,180,47682,2174,4108,6330618,16,249,50,1,26091,1,60,1,266874,1,876230,1,191676,1,4951972,1,17665,1,589898,1,7144,4,453100,4,65208,4,1254022,4,2486411,8,3719222,180,17104,12,7294,1,62653,1,11463,1,4389,1,1393,2,6823,1,0,0,0,0,0,0,6773,1,24338,1,208529,1,27013,1,22311,1,110,1,9570,1,6975,1,22421,1,9570,1,0,1,1240,1,1,1,0,1,7748,1,1822,1,0,1
181,6620800,6974,9570,28.993164,1240,0,16,15,180,47966,1463,4430,6572834,16,249,701,1,34377,1,40,1,369465,1,993200,1,251935,1,4912404,1,10711,1,610729,1,7765,4,453160,4,64837,4,1242660,4,2464689,8,3685955,180,16963,12,4870,1,47874,1,2856,1,4078,1,1443,2,5982,1,0,0,0,0,0,0,9569,1,33476,1,287685,1,37965,1,22311,1,107,1,9570,1,6974,1,22418,1,9570,1,0,1,1240,1,1,1,0,1,7748,1,1822,1,0,1
182,7003700,6978,9570,28.993164,1240,0,16,15,180,65789,2074,4579,6937911,16,249,281,1,36822,1,70,1,529269,1,969333,1,246053,1,5139079,1,17003,1,653433,1,8166,4,478880,4,64527,4,1248531,4,2541950,8,3767346,180,18556,12,4779,1,106870,1,15991,1,4459,1,1353,2,8066,1,0,0,0,0,0,0,9940,1,31702,1,374535,1,112571,1,22315,1,114,1,9570,1,6978,1,22429,1,9570,1,0,1,1240,1,1,1,0,1,7748,1,1822,1,0,1
183,6693200,6976,9570,28.993164,1240,0,16,15,180,38335,1272,4138,6654865,16,249,381,1,47944,1,200,1,347653,1,993901,1,270130,1,4983504,1,11152,1,683732,1,8376,4,453440,4,64687,4,1245756,4,2459048,8,3683511,180,17154,12,4649,1,47924,1,2775,1,4809,1,1393,2,5641,1,0,0,0,0,0,0,9609,1,31832,1,265752,1,39848,1,22306,1,115,1,9570,1,6976,1,22421,1,9570,1,0,1,1240,1,1,1,0,1,7748,1,1822,1,0,1
184,6416100,6976,9570,28.993164,1240,0,16,15,180,46776,1242,4449,6369324,16,249,100,1,35510,1,50,1,275942,1,864227,1,190434,1,4991960,1,11102,1,664394,1,7986,4,458941,4,65178,4,1247770,4,2478145,8,3704342,180,17124,12,4980,1,48756,1,2725,1,4118,1,1423,2,6302,1,0,0,0,0,0,0,6463,1,27845,1,213369,1,28075,1,22307,1,114,1,9570,1,6976,1,22421,1,9570,1,0,1,1240,1,1,1,0,1,7748,1,1822,1,0,1
185,6488400,6979,9570,28.993164,1240,0,16,15,180,38838,1293,4209,6449562,16,249,50,1,25550,1,160,1,270401,1,932250,1,197588,1,5012370,1,11192,1,675055,1,8256,4,457578,4,64897,4,1252038,4,2482704,8,3713400,180,17134,12,4549,1,51621,1,3016,1,4008,1,1483,2,5872,1,0,0,0,0,0,0,6102,1,23135,1,212688,1,28055,1,22308,1,115,1,9570,1,6979,1,22423,1,9570,1,0,1,1240,1,1,1,0,1,7748,1,1822,1,0,1
186,6454200,6978,9570,28.993164,1240,0,16,15,180,40348,1152,4399,6413852,16,249,50,1,25390,1,100,1,270331,1,877593,1,236995,1,4992531,1,10861,1,651369,1,7885,4,465283,4,65058,4,1255375,4,2479197,8,3712999,180,17174,12,4439,1,47714,1,2876,1,5310,1,1413,2,5461,1,0,0,0,0,0,0,6974,1,23937,1,211185,1,28005,1,22314,1,110,1,9570,1,6978,1,22424,1,9570,1,0,1,1240,1,1,1,0,1,7748,1,1822,1,0,1
187,6543600,6973,9570,28.993164,1240,0,16,15,180,41876,1243,4289,6501724,16,249,60,1,25650,1,140,1,269830,1,875178,1,228990,1,5090854,1,11022,1,743470,1,8567,4,460534,4,65138,4,1250755,4,2476352,8,3705714,180,17104,12,5120,1,65148,1,3236,1,4178,1,1613,2,5501,1,0,0,0,0,0,0,7755,1,23717,1,209020,1,29137,1,22314,1,107,1,9570,1,6973,1,22421,1,9570,1,0,1,1240,1,1,1,0,1,7748,1,1822,1,0,1
188,6378900,6980,9570,28.993162,1240,0,16,15,180,40346,1112,4328,6338554,16,249,70,1,25590,1,30,1,267696,1,872413,1,187668,1,4974035,1,11052,1,637672,1,7645,4,462819,4,65278,4,1252359,4,2479778,8,3710715,180,17094,12,4569,1,48595,1,2866,1,4559,1,1523,2,5260,1,0,0,0,0,0,0,6974,1,24067,1,209331,1,27083,1,22317,1,111,1,9570,1,6980,1,22428,1,9570,1,0,1,1240,1,1,1,0,1,7747,1,1822,1,1,1
189,6327200,6976,9570,28.993158,1240,0,16,15,180,37903,1252,4349,6289297,16,249,210,1,25340,1,100,1,266623,1,875829,1,188821,1,4921512,1,10861,1,548998,1,7334,4,454222,4,66280,4,1281346,4,2487554,8,3747417,180,17134,12,4429,1,55228,1,2826,1,5591,1,1403,2,5050,1,0,0,0,0,0,0,7374,1,23747,1,208379,1,26953,1,22312,1,113,1,9570,1,6976,1,22425,1,9570,1,0,1,1240,1,1,1,0,1,7748,1,1822,1,0,1
190,6333200,6973,9570,28.993158,1240,0,16,15,180,36849,1583,5611,6296351,16,249,60,1,25250,1,110,1,265692,1,871551,1,190995,1,4931071,1,11623,1,562043,1,9829,4,461195,4,65739,4,1254423,4,2499407,8,3730814,180,17404,12,4799,1,58335,1,3136,1,3958,1,1363,2,5260,1,0,0,0,0,0,0,7314,1,23676,1,207648,1,26853,1,22299,1,115,1,9570,1,6973,1,22414,1,9570,1,0,1,1240,1,1,1,0,1,7748,1,1821,1,1,1
191,6367300,6974,9570,28.993158,1240,0,16,15,180,37593,1293,4710,6329707,16,249,40,1,25169,1,40,1,265171,1,877212,1,189081,1,4961390,1,11603,1,571903,1,8667,4,453731,4,66671,4,1291886,4,2490369,8,3760311,180,17234,12,5020,1,57533,1,3587,1,3888,1,1343,2,5501,1,0,0,0,0,0,0,7825,1,23446,1,206876,1,26873,1,22303,1,114,1,9570,1,6974,1,22417,1,9570,1,0,1,1240,1,1,1,0,1,7748,1,1821,1,1,1
192,6468400,6977,9570,28.993158,1240,0,16,15,180,38717,1293,4830,6429683,16,249,50,1,25871,1,100,1,276062,1,880108,1,191927,1,5044383,1,11182,1,629305,1,9268,4,470524,4,65939,4,1258881,4,2509396,8,3746174,180,17274,12,5952,1,79246,1,3406,1,4038,1,1392,2,5741,1,0,0,0,0,0,0,7946,1,24789,1,215633,1,27424,1,22307,1,112,1,9570,1,6977,1,22419,1,9570,1,0,1,1240,1,1,1,0,1,7749,1,1821,1,0,1
193,6473400,6978,9570,28.993158,1240,0,16,15,180,36122,1272,4840,6437278,16,249,60,1,25921,1,40,1,272144,1,873495,1,191366,1,5063210,1,11042,1,671218,1,7435,4,455394,4,65849,4,1274472,4,2509837,8,3762225,180,17244,12,4479,1,58014,1,3397,1,4138,1,1463,2,6242,1,0,0,0,0,0,0,7996,1,24097,1,212778,1,27063,1,22306,1,115,1,9570,1,6978,1,22421,1,9570,1,0,1,1240,1,1,1,0,1,7749,1,1821,1,0,1
194,6411800,6975,9570,28.993158,1240,0,16,15,180,34891,1513,4850,6376909,16,249,130,1,25460,1,50,1,267546,1,872793,1,190334,1,5008954,1,11643,1,623745,1,7405,4,453601,4,66541,4,1269182,4,2491932,8,3739020,180,17244,12,4940,1,74957,1,3627,1,4178,1,1483,2,5851,1,0,0,0,0,0,0,7535,1,23165,1,209591,1,27013,1,22312,1,109,1,9570,1,6975,1,22421,1,9570,1,0,1,1240,1,1,1,0,1,7749,1,1821,1,0,1
195,6461700,6975,9570,28.993156,1240,0,16,15,180,33701,1413,5231,6427999,16,249,140,1,26071,1,150,1,269639,1,879877,1,188330,1,5052639,1,11152,1,657872,1,7565,4,454833,4,65699,4,1266777,4,2520979,8,3765271,180,17254,12,4890,1,57343,1,4028,1,4128,1,1433,2,5681,1,0,0,0,0,0,0,7244,1,24047,1,209842,1,28245,1,22311,1,116,1,9570,1,6975,1,22427,1,9570,1,0,1,1240,1,1,1,0,1,7748,1,1821,1,1,1
196,6465600,6977,9570,28.993155,1240,0,16,15,180,37771,1303,4339,6427829,16,249,80,1,25861,1,751,1,269379,1,881471,1,188931,1,5049924,1,11432,1,626520,1,7906,4,466977,4,66711,4,1287367,4,2508405,8,3774099,180,17334,12,4669,1,63976,1,4609,1,4218,1,1503,2,5761,1,0,0,0,0,0,0,7825,1,23847,1,209912,1,27514,1,22310,1,116,1,9570,1,6977,1,22426,1,9570,1,0,1,1240,1,1,1,0,1,7748,1,1821,1,1,1
197,6527200,6978,9570,28.993155,1240,0,16,15,180,36918,1693,5691,6490282,16,249,50,1,25911,1,150,1,269610,1,885979,1,191586,1,5105503,1,11493,1,683522,1,6984,4,454372,4,65278,4,1258611,4,2529095,8,3763949,180,18065,12,5280,1,82201,1,6823,1,4138,1,1413,2,6092,1,0,0,0,0,0,0,7805,1,24348,1,209682,1,27464,1,22306,1,121,1,9570,1,6978,1,22427,1,9570,1,0,1,1240,1,1,1,0,1,7747,1,1822,1,1,1
198,6538400,6979,9570,28.993155,1240,0,16,15,180,55322,1623,4850,6483078,16,249,250,1,25811,1,80,1,272135,1,882873,1,192578,1,5097978,1,11372,1,703401,1,7224,4,454182,4,65278,4,1254363,4,2501190,8,3733419,180,17284,12,4940,1,88584,1,5992,1,4028,1,1443,2,5731,1,0,0,0,0,0,0,7815,1,24518,1,210694,1,28907,1,22307,1,125,1,9570,1,6979,1,22432,1,9570,1,0,1,1240,1,1,1,0,1,7748,1,1822,1,0,1
199,6447900,6979,9570,28.99315,1240,0,16,15,180,47084,1173,4329,6400816,16,249,250,1,25390,1,150,1,267896,1,877783,1,192177,1,5019003,1,18166,1,650427,1,7234,4,455915,4,65408,4,1258320,4,2489808,8,3726615,180,17184,12,4489,1,72212,1,2846,1,3998,1,1342,2,5831,1,0,0,0,0,0,0,7635,1,24819,1,207557,1,27634,1,22310,1,115,1,9570,1,6979,1,22425,1,9570,1,0,1,1240,1,1,1,0,1,7747,1,1822,1,1,1
200,6651900,6974,9570,28.993149,1240,0,16,15,180,37374,1453,4409,6614526,16,249,210,1,33315,1,80,1,370648,1,971096,1,250873,1,4976059,1,12244,1,665416,1,7625,4,451076,4,64988,4,1249413,4,2471211,8,3699222,180,16993,12,4509,1,45840,1,2745,1,4629,1,1423,2,5731,1,0,0,0,0,0,0,14358,1,35550,1,282094,1,37864,1,22316,1,107,1,9570,1,6974,1,22423,1,9570,1,0,1,1240,1,1,1,0,1,7746,1,1822,1,2,1
201,6703900,6971,9570,28.993149,1240,0,16,15,180,37803,1072,4239,6666097,16,249,50,1,38415,1,120,1,346570,1,1009101,1,262365,1,4997742,1,11733,1,661469,1,7755,4,457268,4,65218,4,1257088,4,2478325,8,3713921,180,17254,12,4519,1,49197,1,2836,1,4699,1,1383,2,6914,1,0,0,0,0,0,0,10080,1,34317,1,260191,1,41662,1,22316,1,107,1,9570,1,6971,1,22423,1,9570,1,0,1,1240,1,1,1,0,1,7747,1,1823,1,0,1
202,6787300,6970,9570,28.993149,1240,0,16,15,180,50625,1533,4339,6736675,16,249,110,1,25690,1,40,1,277825,1,1096543,1,252967,1,5072078,1,11422,1,753630,1,8757,4,460735,4,66951,4,1247740,4,2461813,8,3688141,180,17074,12,4519,1,51150,1,3146,1,4669,1,1423,2,6012,1,0,0,0,0,0,0,6863,1,23927,1,212958,1,33826,1,22307,1,111,1,9570,1,6970,1,22418,1,9570,1,0,1,1240,1,1,1,0,1,7745,1,1822,1,3,1
203,6528000,6970,9570,28.993149,1240,0,16,15,180,55463,1293,4400,6472537,16,249,60,1,34899,1,160,1,329537,1,874266,1,194943,1,5027350,1,11322,1,668693,1,7916,4,484231,4,66360,4,1250525,4,2477985,8,3706977,180,17134,12,5090,1,50669,1,2896,1,4108,1,1623,2,5962,1,0,0,0,0,0,0,9699,1,30540,1,247987,1,41101,1,22310,1,110,1,9570,1,6970,1,22420,1,9570,1,0,1,1240,1,1,1,0,1,7746,1,1823,1,1,1
204,6529000,6969,9570,28.993149,1240,0,16,15,180,39029,1212,4289,6489971,16,249,70,1,34919,1,150,1,310900,1,991757,1,203149,1,4938275,1,10751,1,629265,1,7715,4,452498,4,64627,4,1248261,4,2458266,8,3685154,180,17084,12,4509,1,58254,1,2866,1,4028,1,1393,2,5381,1,0,0,0,0,0,0,9278,1,29788,1,233037,1,38526,1,22307,1,111,1,9570,1,6969,1,22418,1,9570,1,0,1,1240,1,1,1,0,1,7746,1,1823,1,1,1
205,6581300,6974,9570,28.993149,1240,0,16,15,180,70137,1413,4259,6511163,16,249,160,1,25320,1,60,1,263167,1,888063,1,286763,1,5035947,1,11683,1,697579,1,8877,4,459883,4,65248,4,1254152,4,2477794,8,3710524,180,17164,12,4719,1,49938,1,3447,1,5972,1,1413,2,5511,1,0,0,0,0,0,0,7114,1,25600,1,203479,1,26783,1,22309,1,115,1,9570,1,6974,1,22424,1,9570,1,0,1,1240,1,1,1,0,1,7746,1,1823,1,1,1
206,6518800,6973,9570,28.993149,1240,0,16,15,180,56874,1403,4249,6461926,16,249,491,1,25420,1,40,1,266844,1,877914,1,202668,1,5076937,1,11613,1,729562,1,8457,4,469321,4,65499,4,1252038,4,2479768,8,3709683,180,17875,12,5190,1,49938,1,3286,1,5371,1,1403,2,5701,1,0,0,0,0,0,0,7254,1,24077,1,207698,1,27524,1,22305,1,116,1,9570,1,6973,1,22421,1,9570,1,0,1,1240,1,1,1,0,1,7747,1,1823,1,0,1
207,6493600,6968,9570,28.993149,1240,0,16,15,180,38628,1533,4308,6454972,16,249,130,1,25620,1,80,1,264028,1,873946,1,187478,1,5092147,1,11543,1,716867,1,10901,4,469943,4,65068,4,1256948,4,2486441,8,3721937,180,17144,12,4569,1,65228,1,2906,1,4078,1,1383,2,6282,1,0,0,0,0,0,0,6753,1,23857,1,206736,1,26502,1,22303,1,110,1,9570,1,6968,1,22413,1,9570,1,0,1,1240,1,1,1,0,1,7746,1,1824,1,0,1
208,6393300,6967,9570,28.993149,1240,0,16,15,180,38574,1272,4689,6354726,16,249,70,1,25951,1,200,1,265151,1,877042,1,188370,1,4986900,1,11042,1,597593,1,9388,4,472207,4,65839,4,1273971,4,2480570,8,3732648,180,17204,12,4970,1,66210,1,3497,1,4118,1,1463,2,5801,1,0,0,0,0,0,0,7214,1,23807,1,206786,1,27083,1,22306,1,107,1,9570,1,6967,1,22413,1,9570,1,0,1,1240,1,1,1,0,1,7745,1,1824,1,1,1
209,6398900,6968,9570,28.993149,1240,0,16,15,180,38373,1453,4730,6360527,16,249,190,1,25430,1,40,1,265301,1,872824,1,190083,1,4994856,1,11803,1,612492,1,10120,4,453761,4,66470,4,1256797,4,2509797,8,3744731,180,17134,12,4779,1,64497,1,3617,1,3968,1,1353,2,5751,1,0,0,0,0,0,0,7715,1,22614,1,207648,1,27013,1,22311,1,104,1,9570,1,6968,1,22415,1,9570,1,0,1,1240,1,1,1,0,1,7746,1,1824,1,0,1
210,6554200,6967,9570,28.993149,1240,0,16,15,180,43238,1433,4910,6510962,16,249,70,1,26081,1,190,1,266433,1,878845,1,190504,1,5136233,1,12605,1,702349,1,10561,4,457789,4,69076,4,1258811,4,2517202,8,3753850,180,17254,12,5361,1,96650,1,5751,1,4018,1,1373,2,5862,1,0,0,0,0,0,0,7134,1,24117,1,207277,1,27574,1,22314,1,101,1,9570,1,6967,1,22415,1,9570,1,0,1,1240,1,1,1,0,1,7746,1,1824,1,0,1
211,6717100,6964,9570,28.993149,1240,0,16,15,180,40452,1603,4559,6676648,16,249,180,1,27304,1,110,1,273016,1,887232,1,196516,1,5280216,1,12074,1,877843,1,8918,4,464642,4,65519,4,1268290,4,2489357,8,3735864,180,17224,12,4699,1,84847,1,3146,1,4058,1,1333,2,5962,1,0,0,0,0,0,0,7435,1,26602,1,209792,1,28546,1,22308,1,101,1,9570,1,6964,1,22409,1,9570,1,0,1,1240,1,1,1,0,1,7746,1,1824,1,0,1
212,6554700,6967,9570,28.993149,1240,0,16,15,180,39419,1283,4810,6515281,16,249,180,1,26843,1,110,1,268106,1,875459,1,189472,1,5143628,1,11483,1,772006,1,16252,4,475293,4,65769,4,1255445,4,2474949,8,3707398,180,18186,12,4639,1,63455,1,2875,1,4148,1,1393,2,6122,1,0,0,0,0,0,0,7194,1,24588,1,207447,1,28586,1,22307,1,107,1,9570,1,6967,1,22414,1,9570,1,0,1,1240,1,1,1,0,1,7746,1,1824,1,0,1
213,6433100,6969,9570,28.993149,1240,0,16,15,180,39618,1583,4810,6393482,16,249,541,1,25640,1,50,1,265611,1,876290,1,190404,1,5023452,1,11493,1,665907,1,7124,4,452538,4,65118,4,1250806,4,2502112,8,3730333,180,17775,12,5521,1,58154,1,3347,1,3868,1,1443,2,5932,1,0,0,0,0,0,0,6914,1,24508,1,206906,1,27093,1,22313,1,103,1,9570,1,6969,1,22416,1,9570,1,0,1,1240,1,1,1,0,1,7746,1,1824,1,0,1
214,6413000,6970,9570,28.993149,1240,0,16,15,180,37413,1172,4249,6375587,16,249,190,1,25861,1,40,1,264630,1,874938,1,190985,1,5007801,1,11142,1,642602,1,8797,4,460955,4,65909,4,1251928,4,2490509,8,3721004,180,17184,12,5170,1,66210,1,3086,1,3878,1,1383,2,6202,1,0,0,0,0,0,0,6503,1,24879,1,206255,1,26753,1,22309,1,107,1,9570,1,6970,1,22416,1,9570,1,0,1,1240,1,1,1,0,1,7745,1,1824,1,1,1
215,6383100,6970,9570,28.993149,1240,0,16,15,180,34536,1453,4520,6348564,16,249,60,1,25781,1,40,1,264028,1,874347,1,187909,1,4985097,1,11302,1,614927,1,7164,4,452739,4,82803,4,1264012,4,2475831,8,3718158,180,17164,12,4589,1,66871,1,3316,1,4318,1,1323,2,5751,1,0,0,0,0,0,0,6843,1,25300,1,205033,1,26632,1,22315,1,101,1,9570,1,6970,1,22416,1,9570,1,0,1,1240,1,1,1,0,1,7746,1,1824,1,0,1
216,6368200,6972,9570,28.993149,1240,0,16,15,180,34987,1313,4199,6333213,16,249,90,1,25901,1,40,1,269359,1,875920,1,189993,1,4960058,1,11853,1,620538,1,8286,4,452408,4,65358,4,1244543,4,2482303,8,3705224,180,17424,12,4709,1,64797,1,4499,1,3908,1,1383,2,6012,1,0,0,0,0,0,0,7675,1,24378,1,209942,1,27133,1,22309,1,106,1,9570,1,6972,1,22415,1,9570,1,0,1,1240,1,1,1,0,1,7746,1,1823,1,1,1
217,6451700,6971,9570,28.993149,1240,0,16,15,180,35965,1723,4539,6415735,16,249,60,1,25680,1,200,1,265712,1,878625,1,189753,1,5043311,1,12394,1,630157,1,7084,4,476926,4,77542,4,1261026,4,2490840,8,3729792,180,17534,12,4900,1,75659,1,6362,1,4078,1,1403,2,5611,1,0,0,0,0,0,0,7435,1,25250,1,206375,1,26432,1,22307,1,107,1,9570,1,6971,1,22414,1,9570,1,0,1,1240,1,1,1,0,1,7745,1,1824,1,1,1
218,6568400,6972,9570,28.993149,1240,0,16,15,180,39322,1694,5141,6529078,16,249,110,1,25981,1,50,1,272164,1,888384,1,194682,1,5136073,1,11633,1,702730,1,7475,4,453009,4,66280,4,1265785,4,2508455,8,3752045,180,17053,12,5040,1,103704,1,9569,1,4048,1,1402,2,6884,1,0,0,0,0,0,0,7755,1,24809,1,210794,1,28556,1,22305,1,109,1,9570,1,6972,1,22414,1,9570,1,0,1,1240,1,1,1,0,1,7746,1,1824,1,0,1
219,6482400,6975,9570,28.993149,1240,0,16,15,180,39752,1383,4950,6442648,16,249,200,1,26843,1,200,1,270962,1,878114,1,190183,1,5064823,1,11322,1,702078,1,7535,4,460684,4,66160,4,1252038,4,2483015,8,3712969,180,17134,12,4589,1,71320,1,4469,1,3968,1,1343,2,6242,1,0,0,0,0,0,0,7595,1,26803,1,207628,1,28286,1,22310,1,111,1,9570,1,6975,1,22421,1,9570,1,0,1,1240,1,1,1,0,1,7745,1,1824,1,1,1
220,6380600,6975,9570,28.993149,1240,0,16,15,180,32928,2154,4760,6347672,16,249,120,1,25620,1,60,1,266303,1,870970,1,187328,1,4986199,1,11072,1,620027,1,6964,4,453100,4,65128,4,1249222,4,2491892,8,3718921,180,17434,12,13557,1,70148,1,2896,1,3998,1,1403,2,5711,1,0,0,0,0,0,0,7054,1,24298,1,207487,1,27173,1,22317,1,101,1,9570,1,6975,1,22418,1,9570,1,0,1,1240,1,1,1,0,1,7746,1,1824,1,0,1
221,6366400,6973,9570,28.993149,1240,0,16,15,180,38146,1223,4219,6328254,16,249,180,1,27955,1,140,1,271693,1,861131,1,198079,1,4957913,1,11162,1,612763,1,8046,4,457388,4,65028,4,1251878,4,2470520,8,3701086,180,17094,12,4870,1,71821,1,3106,1,4068,1,1473,2,5731,1,0,0,0,0,0,0,8196,1,27484,1,207327,1,28536,1,22311,1,105,1,9570,1,6973,1,22416,1,9570,1,0,1,1240,1,1,1,0,1,7746,1,1824,1,0,1
222,6332200,6969,9570,28.993149,1240,0,16,15,180,46420,1252,4309,6285780,16,249,50,1,25911,1,50,1,266062,1,868164,1,187829,1,4926632,1,11082,1,591832,1,8176,4,456997,4,65158,4,1252379,4,2486532,8,3717518,180,17084,12,4860,1,45419,1,2916,1,4028,1,1353,2,5731,1,0,0,0,0,0,0,6553,1,23125,1,205794,1,30360,1,22305,1,104,1,9570,1,6969,1,22409,1,9570,1,0,1,1240,1,1,1,0,1,7746,1,1824,1,0,1
223,6725900,6971,9570,28.993149,1240,0,16,15,180,52629,1974,4519,6673271,16,249,10,1,26111,1,80,1,272154,1,890869,1,266002,1,5205560,1,12485,1,716807,1,12895,4,549148,4,66350,4,1261667,4,2511320,8,3751084,180,17384,12,4850,1,64577,1,2966,1,5240,1,1844,2,5922,1,0,0,0,0,0,0,6663,1,23456,1,215022,1,26702,1,22307,1,104,1,9570,1,6971,1,22411,1,9570,1,0,1,1240,1,1,1,0,1,7746,1,1824,1,0,1
224,6864000,6973,9570,28.993149,1240,0,16,15,180,59602,2114,4629,6804398,16,249,291,1,25400,1,190,1,288597,1,907652,1,268116,1,5302039,1,12114,1,902923,1,9008,4,491375,4,66290,4,1259733,4,2491602,8,3729632,180,17074,12,4539,1,58625,1,3026,1,5781,1,1433,2,5591,1,0,0,0,0,0,0,7064,1,26582,1,226034,1,28255,1,22317,1,98,1,9570,1,6973,1,22415,1,9570,1,0,1,1240,1,1,1,0,1,7746,1,1823,1,1,1
225,6939700,6975,9570,28.993149,1240,0,16,15,180,49162,1683,4158,6890538,16,249,371,1,33636,1,180,1,358293,1,1149647,1,238358,1,5099071,1,10982,1,721857,1,8617,4,496304,4,65118,4,1254593,4,2477063,8,3710464,180,17033,12,4489,1,54236,1,3226,1,4609,1,1644,2,5631,1,0,0,0,0,0,0,10130,1,32664,1,275000,1,40029,1,22317,1,100,1,9570,1,6975,1,22417,1,9570,1,0,1,1240,1,1,1,0,1,7747,1,1823,1,0,1
226,6631100,6971,9570,28.993149,1240,0,16,15,180,44148,1713,4129,6586952,16,249,190,1,26482,1,60,1,277304,1,883895,1,238949,1,5148828,1,11242,1,748199,1,8527,4,500853,4,67553,4,1260976,4,2487684,8,3727387,180,17144,12,5140,1,53515,1,2826,1,4288,1,1373,2,6182,1,0,0,0,0,0,0,6813,1,24077,1,218840,1,27243,1,22306,1,106,1,9570,1,6971,1,22412,1,9570,1,0,1,1240,1,1,1,0,1,7746,1,1823,1,1,1
227,6578100,6972,9570,28.993149,1240,0,16,15,180,42610,1212,4359,6535490,16,249,230,1,25991,1,130,1,275611,1,877372,1,202748,1,5141885,1,11523,1,740915,1,8326,4,481575,4,65629,4,1263781,4,2490820,8,3733058,180,17184,12,4569,1,69156,1,3216,1,5441,1,1423,2,5821,1,0,0,0,0,0,0,6793,1,25410,1,215744,1,27344,1,22304,1,110,1,9570,1,6972,1,22414,1,9570,1,0,1,1240,1,1,1,0,1,7747,1,1823,1,0,1
228,6501000,6970,9570,28.993149,1240,0,16,15,180,51017,1543,4540,6449983,16,249,120,1,26071,1,391,1,278527,1,875248,1,188791,1,5069793,1,11042,1,710525,1,7715,4,460093,4,65278,4,1260314,4,2497894,8,3736525,180,17144,12,4479,1,47423,1,2755,1,4148,1,1383,2,6242,1,0,0,0,0,0,0,6613,1,24398,1,218709,1,28486,1,22301,1,110,1,9570,1,6970,1,22411,1,9570,1,0,1,1240,1,1,1,0,1,7747,1,1823,1,0,1
229,6368700,6973,9570,28.993149,1240,0,16,15,180,36048,1262,4359,6332652,16,249,170,1,25460,1,100,1,273156,1,871461,1,187278,1,4963805,1,11222,1,604156,1,8246,4,466646,4,65639,4,1261106,4,2488856,8,3728429,180,17174,12,4469,1,49257,1,2765,1,3928,1,1383,2,6092,1,0,0,0,0,0,0,6803,1,24137,1,214381,1,27654,1,22312,1,102,1,9570,1,6973,1,22414,1,9570,1,0,1,1240,1,1,1,0,1,7747,1,1823,1,0,1
230,6319100,6971,9570,28.993149,1240,0,16,15,180,36696,1323,4159,6282404,16,249,80,1,25791,1,30,1,269429,1,872112,1,185925,1,4917785,1,11252,1,540712,1,9078,4,454703,4,66150,4,1263410,4,2511531,8,3753618,180,17164,12,4930,1,51080,1,3567,1,4499,1,1383,2,5421,1,0,0,0,0,0,0,6403,1,23526,1,209982,1,29358,1,22309,1,102,1,9570,1,6971,1,22411,1,9570,1,0,1,1240,1,1,1,0,1,7746,1,1823,1,1,1
231,6377300,6970,9570,28.993149,1240,0,16,15,180,36682,1353,4089,6340618,16,249,120,1,25500,1,40,1,267144,1,874878,1,189011,1,4972773,1,11152,1,601331,1,8356,4,470694,4,65649,4,1259813,4,2496551,8,3735112,180,17164,12,4469,1,50690,1,2906,1,4018,1,1363,2,5581,1,0,0,0,0,0,0,7054,1,24348,1,208309,1,27133,1,22300,1,106,1,9570,1,6970,1,22406,1,9570,1,0,1,1240,1,1,1,0,1,7747,1,1823,1,0,1
232,6332100,6971,9570,28.993149,1240,0,16,15,180,36350,1193,4409,6295750,16,249,60,1,25370,1,50,1,264630,1,869096,1,187388,1,4938175,1,10982,1,579728,1,8336,4,453500,4,66481,4,1266176,4,2494988,8,3739601,180,17154,12,4559,1,48555,1,2866,1,4469,1,1392,2,5932,1,0,0,0,0,0,0,6583,1,23296,1,206896,1,27664,1,22300,1,107,1,9570,1,6971,1,22407,1,9570,1,0,1,1240,1,1,1,0,1,7747,1,1823,1,0,1
233,6371200,6972,9570,28.993149,1240,0,16,15,180,39349,2545,5912,6331851,16,249,70,1,25510,1,40,1,264489,1,872974,1,188771,1,4967923,1,12074,1,563386,1,9499,4,464031,4,70138,4,1276225,4,2486091,8,3739251,180,17154,12,5320,1,73234,1,6092,1,3868,1,1383,2,6112,1,0,0,0,0,0,0,6683,1,22945,1,206946,1,27694,1,22304,1,106,1,9570,1,6972,1,22410,1,9570,1,0,1,1240,1,1,1,0,1,7747,1,1823,1,0,1
234,6715600,6973,9570,28.993149,1240,0,16,15,180,41838,1743,5171,6673762,16,249,150,1,26422,1,240,1,270381,1,885198,1,195524,1,5283272,1,12575,1,894376,1,7976,4,453300,4,66420,4,1272528,4,2494147,8,3744410,180,17094,12,5641,1,71701,1,3858,1,4248,1,1403,2,5932,1,0,0,0,0,0,0,6643,1,25861,1,209211,1,28245,1,22303,1,106,1,9570,1,6973,1,22409,1,9570,1,0,1,1240,1,1,1,0,1,7747,1,1823,1,0,1
235,6526900,6971,9570,28.993149,1240,0,16,15,180,36839,1343,4350,6490061,16,249,210,1,26201,1,150,1,270140,1,879527,1,192117,1,5110453,1,11262,1,756635,1,7525,4,459893,4,65158,4,1262819,4,2474768,8,3716104,180,17134,12,5892,1,61080,1,3206,1,4048,1,1453,2,6633,1,0,0,0,0,0,0,7084,1,25470,1,209652,1,27664,1,22302,1,106,1,9570,1,6971,1,22408,1,9570,1,0,1,1240,1,1,1,0,1,7747,1,1823,1,0,1
236,6451900,6972,9570,28.993149,1240,0,16,15,180,35463,1273,4589,6416437,16,249,60,1,25821,1,120,1,266353,1,877753,1,187638,1,5047028,1,11663,1,671749,1,8637,4,454021,4,65148,4,1262939,4,2503725,8,3744922,180,17154,12,7164,1,55990,1,3837,1,3938,1,1363,2,7244,1,0,0,0,0,0,0,6493,1,25119,1,206896,1,27664,1,22307,1,103,1,9570,1,6972,1,22410,1,9570,1,0,1,1240,1,1,1,0,1,7747,1,1823,1,0,1
237,6385900,6970,9570,28.993149,1240,0,16,15,180,36034,1723,4420,6349866,16,249,70,1,25791,1,70,1,270010,1,874186,1,189993,1,4978394,1,11352,1,623213,1,7585,4,462668,4,65098,4,1259573,4,2487363,8,3725403,180,17114,12,5060,1,51491,1,3266,1,4048,1,1463,2,5841,1,0,0,0,0,0,0,6803,1,25811,1,208630,1,28536,1,22306,1,101,1,9570,1,6970,1,22407,1,9570,1,0,1,1240,1,1,1,0,1,7747,1,1823,1,0,1
238,6335800,6973,9570,28.993149,1240,0,16,15,180,38437,1242,4128,6297363,16,249,50,1,25710,1,60,1,266714,1,877683,1,187779,1,4928155,1,11212,1,579969,1,6934,4,455364,4,65068,4,1256857,4,2490690,8,3726205,180,17214,12,4399,1,52683,1,3587,1,4489,1,1433,2,5441,1,0,0,0,0,0,0,6783,1,23797,1,209131,1,26823,1,22304,1,107,1,9570,1,6973,1,22411,1,9570,1,0,1,1240,1,1,1,0,1,7746,1,1822,1,2,1
239,6443400,6972,9570,28.993149,1240,0,16,15,180,38395,1463,4580,6405005,16,249,0,1,25350,1,30,1,267706,1,890168,1,189302,1,5020957,1,11493,1,648794,1,7294,4,455785,4,65128,4,1252048,4,2489798,8,3720183,180,17084,12,4960,1,80197,1,4078,1,4038,1,1422,2,5952,1,0,0,0,0,0,0,6573,1,23747,1,210443,1,26732,1,22308,1,102,1,9570,1,6972,1,22410,1,9570,1,0,1,1240,1,1,1,0,1,7748,1,1822,1,0,1
240,6876100,6970,9570,28.993149,1240,0,16,15,180,75539,2725,4700,6800561,16,249,60,1,25891,1,150,1,370337,1,1050793,1,265601,1,5070084,1,17645,1,703291,1,7354,4,453390,4,64887,4,1252910,4,2490409,8,3721405,180,17214,12,9819,1,69577,1,4359,1,4689,1,1433,2,5240,1,0,0,0,0,0,0,12975,1,32113,1,284649,1,40059,1,22299,1,109,1,9570,1,6970,1,22408,1,9570,1,0,1,1240,1,1,1,0,1,7747,1,1822,1,1,1
241,6683300,6971,9570,28.993149,1240,0,16,15,180,68183,1553,4649,6615117,16,249,220,1,44968,1,130,1,367451,1,1002729,1,190845,1,4990257,1,18516,1,602563,1,7324,4,453711,4,65228,4,1253832,4,2481141,8,3713330,180,16993,12,4509,1,103343,1,4258,1,4078,1,1363,2,7354,1,0,0,0,0,0,0,11633,1,33376,1,281252,1,40870,1,22311,1,98,1,9570,1,6971,1,22409,1,9570,1,0,1,1240,1,1,1,0,1,7748,1,1822,1,0,1
242,6400300,6971,9570,28.993149,1240,0,16,15,180,40595,1373,4359,6359705,16,249,160,1,27294,1,421,1,290901,1,863916,1,188490,1,4977151,1,11372,1,644736,1,7936,4,456576,4,65128,4,1250846,4,2480119,8,3709472,180,17134,12,4980,1,51822,1,2816,1,3918,1,1362,2,5541,1,0,0,0,0,0,0,11072,1,30580,1,218900,1,30119,1,22303,1,108,1,9570,1,6971,1,22411,1,9570,1,0,1,1240,1,1,1,0,1,7748,1,1822,1,0,1
243,6447500,6973,9570,28.993149,1240,0,16,15,180,45892,1162,4449,6401608,16,249,130,1,25811,1,30,1,277886,1,880098,1,186907,1,5019394,1,11352,1,644575,1,7655,4,456907,4,65028,4,1252218,4,2509026,8,3739711,180,17084,12,4539,1,63555,1,3337,1,4349,1,1413,2,5631,1,0,0,0,0,0,0,7324,1,25009,1,215673,1,29708,1,22299,1,112,1,9570,1,6973,1,22411,1,9570,1,0,1,1240,1,1,1,0,1,7748,1,1822,1,0,1
244,6698500,6973,9570,28.993149,1240,0,16,15,180,56455,1352,4519,6642045,16,249,100,1,39067,1,70,1,364566,1,922135,1,216886,1,5088209,1,11012,1,706898,1,8567,4,500292,4,65218,4,1254122,4,2480430,8,3712919,180,17114,12,4519,1,52112,1,2946,1,4328,1,1644,2,5781,1,0,0,0,0,0,0,9158,1,31111,1,285661,1,38015,1,22303,1,106,1,9570,1,6973,1,22409,1,9570,1,0,1,1240,1,1,1,0,1,7748,1,1822,1,0,1
245,6420000,6972,9570,28.993149,1240,0,16,15,180,38291,1232,4339,6381709,16,249,30,1,25951,1,90,1,275230,1,895137,1,193510,1,4980648,1,11112,1,638504,1,8026,4,456516,4,65549,4,1251677,4,2479648,8,3709863,180,17124,12,4980,1,60559,1,2836,1,4008,1,1423,2,5691,1,0,0,0,0,0,0,7104,1,24739,1,214261,1,28937,1,22305,1,103,1,9570,1,6972,1,22408,1,9570,1,0,1,1240,1,1,1,0,1,7747,1,1822,1,1,1
246,6767800,6971,9570,28.993147,1240,0,16,15,180,51404,1633,4600,6716396,16,249,60,1,25791,1,50,1,270110,1,873184,1,306512,1,5229236,1,11452,1,736406,1,8427,4,523558,4,70178,4,1291055,4,2530478,8,3799579,180,17354,12,4910,1,46952,1,2906,1,5511,1,1914,2,5310,1,0,0,0,0,0,0,7114,1,23927,1,212016,1,26843,1,22295,1,103,1,9570,1,6971,1,22398,1,9570,1,0,1,1240,1,1,1,0,1,7748,1,1820,1,2,1
247,6756700,6971,9570,28.993147,1240,0,16,15,180,93369,1262,4259,6663331,16,249,60,1,36983,1,100,1,351069,1,1105380,1,223318,1,4935319,1,11102,1,588064,1,8256,4,458370,4,65148,4,1257769,4,2484067,8,3720464,180,17114,12,4829,1,53786,1,3086,1,4018,1,1363,2,5300,1,0,0,0,0,0,0,11282,1,32303,1,264760,1,42463,1,22291,1,106,1,9570,1,6971,1,22397,1,9570,1,0,1,1240,1,1,1,0,1,7748,1,1821,1,1,1
248,6442400,6970,9570,28.993147,1240,0,16,15,180,40922,1223,4469,6401478,16,249,40,1,25680,1,110,1,268838,1,871371,1,187338,1,5037049,1,11052,1,689403,1,8627,4,458159,4,65208,4,1252880,4,2480249,8,3711606,180,17053,12,4980,1,62242,1,2816,1,4018,1,1363,2,5882,1,0,0,0,0,0,0,7765,1,24588,1,209301,1,26993,1,22292,1,107,1,9570,1,6970,1,22399,1,9570,1,0,1,1240,1,1,1,0,1,7748,1,1822,1,0,1
249,1717400,6970,9570,28.993147,0,0,16,0,0,35218,1033,2715,1682182,16,249,60,1,25570,1,30,1,269740,1,872272,1,187488,1,322413,1,4609,1,45089,1,6012,4,50,4,64797,4,2394,4,4579,8,0,0,4258,192,40,1,116268,1,872,1,2565,1,73975,2,4739,1,0,0,0,0,0,0,7284,1,24939,1,210323,1,26983,1,0,1,0,1,9570,1,6970,1,22399,1,9570,1,0,1,1240,1,1,1,0,1,7748,1,1822,1,0,1
250,1915100,6970,9570,28.993147,0,0,16,0,0,71070,1152,2625,1844030,16,249,1142,1,36071,1,60,1,267265,1,1060702,1,189011,1,284949,1,4829,1,57904,1,7314,4,100,4,65158,4,2515,4,5090,8,0,0,4979,192,40,1,115477,1,872,1,2675,1,21322,2,5330,1,0,0,0,0,0,0,5651,1,23977,1,208780,1,28556,1,0,1,0,1,9570,1,6970,1,22399,1,9570,1,0,1,1240,1,1,1,0,1,7748,1,1822,1,0,1
251,1896400,6970,9570,28.993147,0,0,16,0,0,34535,902,2545,1861865,16,249,50,1,32203,1,220,1,307574,1,1043609,1,189452,1,284158,1,4599,1,55389,1,7074,4,30,4,64146,4,2334,4,4509,8,0,0,4298,192,10,1,127210,1,852,1,2395,1,14138,2,5170,1,0,0,0,0,0,0,7324,1,26632,1,226024,1,47233,1,0,1,0,1,9570,1,6970,1,22399,1,9570,1,0,1,1240,1,1,1,0,1,7748,1,1822,1,0,1
252,1626500,6970,9570,28.993147,0,0,16,0,0,32691,731,2645,1593809,16,249,40,1,24989,1,40,1,250702,1,865259,1,185294,1,262926,1,4559,1,53565,1,5491,4,40,4,64176,4,2365,4,4529,8,0,0,4248,192,20,1,110076,1,862,1,2385,1,13967,2,4719,1,0,0,0,0,0,0,5050,1,22785,1,196616,1,26031,1,0,1,0,1,9570,1,6970,1,22399,1,9570,1,0,1,1240,1,1,1,0,1,7748,1,1822,1,0,1
253,1726600,6970,9570,28.993147,0,0,16,0,0,35841,881,2645,1690759,16,249,10,1,24969,1,40,1,248818,1,865710,1,206215,1,340278,1,4719,1,64256,1,5511,4,30,4,64336,4,2295,4,4539,8,0,0,4188,192,311,1,151898,1,862,1,23356,1,17314,2,4689,1,0,0,0,0,0,0,4990,1,22043,1,195484,1,26111,1,0,1,0,1,9570,1,6970,1,22399,1,9570,1,0,1,1240,1,1,1,0,1,7748,1,1822,1,0,1
254,1647600,6970,9570,28.993147,0,0,16,0,0,34733,811,2505,1612867,16,249,60,1,25129,1,30,1,263798,1,862694,1,187468,1,269038,1,4649,1,53485,1,6383,4,21,4,64887,4,2345,4,4599,8,0,0,4438,192,10,1,112230,1,872,1,2605,1,15881,2,4910,1,0,0,0,0,0,0,5320,1,31923,1,198239,1,27825,1,0,1,0,1,9570,1,6970,1,22399,1,9570,1,0,1,1240,1,1,1,0,1,7748,1,1822,1,0,1
255,1650300,6970,9570,28.993147,0,0,16,0,0,32423,802,2655,1617877,16,249,0,1,24438,1,60,1,250823,1,876731,1,185404,1,275811,1,4609,1,52403,1,5511,4,40,4,64447,4,2314,4,4539,8,0,0,4198,192,20,1,122551,1,872,1,2345,1,15220,2,4749,1,0,0,0,0,0,0,5070,1,23165,1,195534,1,26893,1,0,1,0,1,9570,1,6970,1,22399,1,9570,1,0,1,1240,1,1,1,0,1,7748,1,1822,1,0,1
256,1629000,6970,9570,28.993147,0,0,16,0,0,32145,762,2545,1596855,16,249,60,1,24238,1,40,1,247766,1,871411,1,185564,1,263157,1,4619,1,52263,1,5521,4,40,4,64396,4,2324,4,4559,8,0,0,4338,192,20,1,110617,1,862,1,2565,1,14508,2,4719,1,0,0,0,0,0,0,5330,1,21823,1,193780,1,26562,1,0,1,0,1,9570,1,6970,1,22399,1,9570,1,0,1,1240,1,1,1,0,1,7748,1,1822,1,0,1
257,1681600,6970,9570,28.993147,0,0,16,0,0,38534,782,2495,1643066,16,249,80,1,24398,1,90,1,245843,1,871060,1,201285,1,295721,1,4589,1,54758,1,5581,4,40,4,64487,4,2695,4,4549,8,0,0,4749,192,20,1,132089,1,872,1,2335,1,22815,2,4699,1,0,0,0,0,0,0,5070,1,22174,1,192087,1,26322,1,0,1,0,1,9570,1,6970,1,22399,1,9570,1,0,1,1240,1,1,1,0,1,7748,1,1822,1,0,1
258,1650800,6970,9570,28.993147,0,0,16,0,0,38284,761,2666,1612516,16,249,60,1,28957,1,40,1,251283,1,861802,1,189753,1,276002,1,4619,1,57523,1,7505,4,21,4,64988,4,2334,4,4589,8,0,0,4258,192,20,1,114334,1,862,1,2645,1,15060,2,5361,1,0,0,0,0,0,0,5831,1,23386,1,194131,1,27765,1,0,1,0,1,9570,1,6970,1,22399,1,9570,1,0,1,1240,1,1,1,0,1,7748,1,1822,1,0,1
259,1644100,6970,9570,28.993147,0,0,16,0,0,34019,832,2605,1610081,16,249,150,1,24548,1,40,1,250081,1,868465,1,184893,1,277314,1,4589,1,52343,1,5541,4,40,4,64447,4,2365,4,4579,8,0,0,4338,192,20,1,123322,1,852,1,3036,1,15019,2,4920,1,0,0,0,0,0,0,5120,1,23536,1,194712,1,26522,1,0,1,0,1,9570,1,6970,1,22399,1,9570,1,0,1,1240,1,1,1,0,1,7748,1,1822,1,0,1
260,1625600,6970,9570,28.993147,0,0,16,0,0,32482,812,2645,1593118,16,249,60,1,24187,1,50,1,248778,1,866080,1,185564,1,263788,1,4609,1,51952,1,5501,4,30,4,64487,4,2334,4,4559,8,0,0,4248,192,20,1,111429,1,862,1,2355,1,14819,2,4629,1,0,0,0,0,0,0,5040,1,23356,1,192568,1,27644,1,0,1,0,1,9570,1,6970,1,22399,1,9570,1,0,1,1240,1,1,1,0,1,7748,1,1822,1,0,1
261,1682900,6970,9570,28.993147,0,0,16,0,0,43361,842,2495,1639539,16,249,70,1,24308,1,50,1,245662,1,868365,1,185164,1,311201,1,4719,1,76761,1,5521,4,40,4,64416,4,2304,4,4529,8,0,0,4338,192,20,1,132801,1,932,1,2345,1,16001,2,4689,1,0,0,0,0,0,0,5340,1,22384,1,191817,1,25901,1,0,1,0,1,9570,1,6970,1,22399,1,9570,1,0,1,1240,1,1,1,0,1,7748,1,1822,1,0,1
262,1657600,6970,9570,28.993147,0,0,16,0,0,36056,872,2595,1621544,16,249,70,1,26071,1,30,1,250763,1,871311,1,190264,1,278437,1,4599,1,59577,1,7835,4,40,4,64677,4,2315,4,4559,8,0,0,4278,192,20,1,113924,1,862,1,2765,1,15681,2,5310,1,0,0,0,0,0,0,5361,1,23666,1,193269,1,28245,1,0,1,0,1,9570,1,6970,1,22399,1,9570,1,0,1,1240,1,1,1,0,1,7748,1,1822,1,0,1
263,1643800,6970,9570,28.993147,0,0,16,0,0,33228,821,2625,1610572,16,249,10,1,24608,1,60,1,247426,1,870158,1,186476,1,277224,1,4609,1,52503,1,5581,4,30,4,64607,4,2315,4,5090,8,0,0,4779,192,20,1,123272,1,862,1,2485,1,14839,2,4799,1,0,0,0,0,0,0,5110,1,23035,1,192368,1,26732,1,0,1,0,1,9570,1,6970,1,22399,1,9570,1,0,1,1240,1,1,1,0,1,7748,1,1822,1,0,1
264,1634300,6970,9570,28.993147,0,0,16,0,0,32856,761,2566,1601444,16,249,80,1,24187,1,20,1,245001,1,874296,1,187278,1,265942,1,4639,1,53044,1,5982,4,21,4,64827,4,2315,4,4579,8,0,0,4328,192,20,1,112040,1,862,1,2335,1,14498,2,4659,1,0,0,0,0,0,0,5070,1,21833,1,191175,1,26682,1,0,1,0,1,9570,1,6970,1,22399,1,9570,1,0,1,1240,1,1,1,0,1,7748,1,1822,1,0,1
265,1701900,6970,9570,28.993147,0,0,16,0,0,41390,1493,2615,1660510,16,249,70,1,24418,1,90,1,246544,1,873445,1,185474,1,325840,1,4629,1,78274,1,5511,4,30,4,64547,4,2325,4,4569,8,0,0,4278,192,20,1,133312,1,852,1,2305,1,27804,2,4799,1,0,0,0,0,0,0,5461,1,22073,1,192889,1,25991,1,0,1,0,1,9570,1,6970,1,22399,1,9570,1,0,1,1240,1,1,1,0,1,7748,1,1822,1,0,1
266,1631000,6970,9570,28.993147,0,0,16,0,0,34937,772,2696,1596063,16,249,60,1,24198,1,30,1,251674,1,861201,1,185564,1,268718,1,4619,1,53495,1,6533,4,40,4,64787,4,2325,4,4649,8,0,0,4278,192,20,1,112421,1,862,1,2495,1,15340,2,4980,1,0,0,0,0,0,0,5411,1,24608,1,193780,1,27704,1,0,1,0,1,9570,1,6970,1,22399,1,9570,1,0,1,1240,1,1,1,0,1,7748,1,1822,1,0,1
267,1642100,6970,9570,28.993147,0,0,16,0,0,32851,791,2585,1609249,16,249,70,1,24508,1,40,1,247586,1,869196,1,186917,1,276312,1,4619,1,52764,1,5541,4,21,4,64376,4,2355,4,4579,8,0,0,4348,192,20,1,122591,1,862,1,2435,1,15190,2,4789,1,0,0,0,0,0,0,5050,1,22755,1,192257,1,27274,1,0,1,0,1,9570,1,6970,1,22399,1,9570,1,0,1,1240,1,1,1,0,1,7748,1,1822,1,0,1
268,1623200,6970,9570,28.993147,0,0,16,0,0,32146,861,2496,1591054,16,249,70,1,24087,1,20,1,244640,1,870689,1,184983,1,261954,1,4609,1,51170,1,5501,4,21,4,64406,4,2315,4,4539,8,0,0,4358,192,20,1,110347,1,862,1,2375,1,14899,2,4639,1,0,0,0,0,0,0,5070,1,22234,1,190684,1,26452,1,0,1,0,1,9570,1,6970,1,22399,1,9570,1,0,1,1240,1,1,1,0,1,7748,1,1822,1,0,1
269,1683500,6970,9570,28.993147,0,0,16,0,0,50484,1192,2585,1633016,16,249,60,1,24187,1,50,1,245542,1,869136,1,186977,1,300921,1,6142,1,51201,1,5591,4,30,4,64437,4,2335,4,4559,8,0,0,4308,192,20,1,133151,1,862,1,2325,1,30560,2,4659,1,0,0,0,0,0,0,5020,1,23125,1,191205,1,25971,1,0,1,0,1,9570,1,6970,1,22399,1,9570,1,0,1,1240,1,1,1,0,1,7748,1,1822,1,0,1
270,1817400,6970,9570,28.993147,0,0,16,0,0,58176,1212,2725,1759224,16,249,10,1,35430,1,50,1,348905,1,873254,1,208539,1,288206,1,4829,1,60849,1,7595,4,80,4,65889,4,2415,4,4659,8,0,0,4349,192,30,1,120276,1,882,1,2755,1,16041,2,5521,1,0,0,0,0,0,0,6753,1,30810,1,277845,1,33095,1,0,1,0,1,9570,1,6970,1,22399,1,9570,1,0,1,1240,1,1,1,0,1,7748,1,1822,1,0,1
271,1910200,6970,9570,28.993147,0,0,16,0,0,31752,802,2715,1878448,16,249,40,1,31271,1,100,1,290400,1,1068658,1,204612,1,278717,1,4649,1,51992,1,6463,4,70,4,66561,4,2354,4,5090,8,0,0,4729,192,20,1,123192,1,852,1,2234,1,14108,2,4980,1,0,0,0,0,0,0,6994,1,26101,1,220242,1,36792,1,0,1,0,1,9570,1,6970,1,22399,1,9570,1,0,1,1240,1,1,1,0,1,7748,1,1822,1,0,1
272,1624500,6970,9570,28.993147,0,0,16,0,0,32204,801,2576,1592296,16,249,70,1,24418,1,100,1,250743,1,866551,1,185294,1,260531,1,4589,1,50519,1,5531,4,21,4,64366,4,2305,4,4559,8,0,0,4288,192,20,1,110627,1,842,1,2264,1,13967,2,4709,1,0,0,0,0,0,0,5070,1,22334,1,194472,1,28666,1,0,1,0,1,9570,1,6970,1,22399,1,9570,1,0,1,1240,1,1,1,0,1,7748,1,1822,1,0,1
273,1850400,6970,9570,28.993147,0,0,16,0,0,55115,1333,3477,1795285,16,249,60,1,24929,1,50,1,247075,1,875880,1,196796,1,443561,1,6934,1,113082,1,10881,4,80,4,83263,4,3166,4,5761,8,0,0,5451,192,30,1,188520,1,1222,1,3507,1,23436,2,9278,1,0,0,0,0,0,0,5040,1,22023,1,192478,1,27364,1,0,1,0,1,9570,1,6970,1,22399,1,9570,1,0,1,1240,1,1,1,0,1,7748,1,1822,1,0,1
274,1798400,6970,9570,28.993147,0,0,16,0,0,31141,842,2846,1767259,16,249,60,1,26743,1,50,1,249590,1,880238,1,243338,1,361830,1,5411,1,78855,1,10631,4,40,4,75618,4,2345,4,4589,8,0,0,4088,192,10,1,158241,1,1002,1,3046,1,19158,2,7455,1,0,0,0,0,0,0,5691,1,22695,1,192628,1,28396,1,0,1,0,1,9570,1,6970,1,22399,1,9570,1,0,1,1240,1,1,1,0,1,7748,1,1822,1,0,1
275,1646600,6970,9570,28.993147,0,0,16,0,0,33934,811,2686,1612666,16,249,40,1,29418,1,100,1,250642,1,868174,1,185604,1,274068,1,4619,1,51361,1,5551,4,21,4,64437,4,2325,4,4539,8,0,0,4177,192,20,1,122070,1,862,1,2345,1,15019,2,4709,1,0,0,0,0,0,0,6563,1,24809,1,192979,1,26131,1,0,1,0,1,9570,1,6970,1,22399,1,9570,1,0,1,1240,1,1,1,0,1,7748,1,1822,1,0,1
276,1621600,6970,9570,28.993147,0,0,16,0,0,32410,751,2545,1589190,16,249,180,1,24107,1,40,1,246294,1,868756,1,184302,1,260922,1,4589,1,50619,1,5511,4,30,4,64406,4,2324,4,4539,8,0,0,4318,192,20,1,110808,1,862,1,2234,1,14138,2,4679,1,0,0,0,0,0,0,5381,1,22695,1,192077,1,25921,1,0,1,0,1,9570,1,6970,1,22399,1,9570,1,0,1,1240,1,1,1,0,1,7748,1,1822,1,0,1
277,2024700,6970,9570,28.993147,0,0,16,0,0,47057,1333,2967,1977643,16,249,80,1,24278,1,40,1,245241,1,924886,1,315038,1,461316,1,6763,1,102902,1,22073,4,80,4,86390,4,2565,4,4599,8,0,0,4197,192,30,1,204712,1,1242,1,4619,1,21612,2,9158,1,0,0,0,0,0,0,5070,1,22654,1,191486,1,25841,1,0,1,0,1,9570,1,6970,1,22399,1,9570,1,0,1,1240,1,1,1,0,1,7748,1,1822,1,0,1
278,1808000,6970,9570,28.993147,0,0,16,0,0,32264,862,2645,1775736,16,249,50,1,24608,1,90,1,247636,1,1019672,1,213980,1,265090,1,4609,1,51421,1,6052,4,50,4,64406,4,2365,4,4599,8,0,0,4318,192,20,1,113292,1,862,1,2274,1,14178,2,4709,1,0,0,0,0,0,0,5681,1,23997,1,189903,1,27644,1,0,1,0,1,9570,1,6970,1,22399,1,9570,1,0,1,1240,1,1,1,0,1,7748,1,1822,1,0,1
279,1637700,6970,9570,28.993147,0,0,16,0,0,31507,792,2715,1606193,16,249,60,1,24578,1,100,1,246083,1,871781,1,185394,1,273587,1,4609,1,51331,1,5461,4,40,4,64477,4,2325,4,4649,8,0,0,4258,192,20,1,122470,1,862,1,2295,1,14068,2,4799,1,0,0,0,0,0,0,5060,1,22795,1,191326,1,26702,1,0,1,0,1,9570,1,6970,1,22399,1,9570,1,0,1,1240,1,1,1,0,1,7748,1,1822,1,0,1
280,1625400,6970,9570,28.993147,0,0,16,0,0,32312,802,2495,1593088,16,249,50,1,24899,1,40,1,245983,1,869277,1,185013,1,263227,1,4599,1,50269,1,5461,4,40,4,64426,4,2295,4,4539,8,0,0,4338,192,20,1,113082,1,862,1,2244,1,14569,2,4619,1,0,0,0,0,0,0,5020,1,22254,1,190775,1,27734,1,0,1,0,1,9570,1,6970,1,22399,1,9570,1,0,1,1240,1,1,1,0,1,7748,1,1822,1,0,1
281,1669600,6970,9570,28.993147,0,0,16,0,0,35362,911,2826,1634238,16,249,70,1,24668,1,60,1,246103,1,878745,1,191416,1,288556,1,4619,1,58585,1,6863,4,30,4,64837,4,2495,4,4589,8,0,0,4258,192,20,1,122721,1,862,1,2625,1,19077,2,4940,1,0,0,0,0,0,0,5030,1,22003,1,192338,1,26532,1,0,1,0,1,9570,1,6970,1,22399,1,9570,1,0,1,1240,1,1,1,0,1,7748,1,1822,1,0,1
282,1632700,6970,9570,28.993147,0,0,16,0,0,31076,802,2546,1601624,16,249,70,1,25089,1,50,1,248788,1,869737,1,185955,1,267315,1,4619,1,52934,1,6302,4,40,4,64847,4,2355,4,4549,8,0,0,4358,192,20,1,110657,1,862,1,2495,1,16783,2,4669,1,0,0,0,0,0,0,5230,1,23196,1,193139,1,27053,1,0,1,0,1,9570,1,6970,1,22399,1,9570,1,0,1,1240,1,1,1,0,1,7748,1,1822,1,0,1
283,1636600,6970,9570,28.993147,0,0,16,0,0,33523,892,2576,1603077,16,249,70,1,24438,1,50,1,244520,1,868756,1,185224,1,275441,1,4579,1,51611,1,5621,4,40,4,64507,4,2315,4,4559,8,0,0,4297,192,10,1,122180,1,862,1,2315,1,15811,2,4719,1,0,0,0,0,0,0,5200,1,21783,1,191416,1,25921,1,0,1,0,1,9570,1,6970,1,22399,1,9570,1,0,1,1240,1,1,1,0,1,7748,1,1822,1,0,1
284,1623600,6970,9570,28.993147,0,0,16,0,0,32637,772,2596,1590963,16,249,60,1,24147,1,90,1,245442,1,866641,1,185063,1,264920,1,4599,1,52443,1,5511,4,30,4,64536,4,2324,4,4539,8,0,0,4267,192,20,1,111118,1,862,1,2315,1,15771,2,4679,1,0,0,0,0,0,0,5070,1,22875,1,191025,1,26322,1,0,1,0,1,9570,1,6970,1,22399,1,9570,1,0,1,1240,1,1,1,0,1,7748,1,1822,1,0,1
285,1674100,6970,9570,28.993147,0,0,16,0,0,34621,741,2485,1639479,16,249,60,1,24368,1,40,1,244350,1,888995,1,191867,1,285170,1,4629,1,55649,1,6503,4,21,4,64827,4,2335,4,4609,8,0,0,4459,192,20,1,123763,1,922,1,2505,1,18496,2,4779,1,0,0,0,0,0,0,5060,1,22354,1,190795,1,25981,1,0,1,0,1,9570,1,6970,1,22399,1,9570,1,0,1,1240,1,1,1,0,1,7748,1,1822,1,0,1
286,1635400,6970,9570,28.993147,0,0,16,0,0,30199,751,2556,1605201,16,249,10,1,24578,1,40,1,247817,1,870309,1,188300,1,269529,1,4619,1,54417,1,5962,4,30,4,64958,4,2334,4,4579,8,0,0,4358,192,20,1,111830,1,862,1,2284,1,16813,2,4689,1,0,0,0,0,0,0,5351,1,22725,1,192628,1,26873,1,0,1,0,1,9570,1,6970,1,22399,1,9570,1,0,1,1240,1,1,1,0,1,7748,1,1822,1,0,1
287,1639200,6970,9570,28.993147,0,0,16,0,0,32005,812,2576,1607195,16,249,70,1,24468,1,80,1,245833,1,868305,1,186326,1,277505,1,4609,1,53275,1,5601,4,30,4,64426,4,2314,4,5040,8,0,0,4778,192,20,1,122350,1,862,1,2234,1,15841,2,4699,1,0,0,0,0,0,0,5150,1,22504,1,191556,1,26412,1,0,1,0,1,9570,1,6970,1,22399,1,9570,1,0,1,1240,1,1,1,0,1,7748,1,1822,1,0,1
288,1626900,6970,9570,28.993147,0,0,16,0,0,31879,752,2586,1595021,16,249,60,1,24929,1,60,1,243979,1,871561,1,186817,1,263016,1,4599,1,51000,1,5922,4,40,4,64386,4,2304,4,4569,8,0,0,4288,192,20,1,110697,1,862,1,2695,1,15130,2,4639,1,0,0,0,0,0,0,5120,1,21592,1,191155,1,25921,1,0,1,0,1,9570,1,6970,1,22399,1,9570,1,0,1,1240,1,1,1,0,1,7748,1,1822,1,0,1
289,1745600,6970,9570,28.993147,0,0,16,0,0,37136,842,2545,1708464,16,249,60,1,24478,1,70,1,245462,1,942180,1,203199,1,288326,1,4689,1,56581,1,7054,4,60,4,64617,4,2415,4,4569,8,0,0,4439,192,10,1,123232,1,942,1,2625,1,20490,2,4890,1,0,0,0,0,0,0,5080,1,22554,1,191396,1,26221,1,0,1,0,1,9570,1,6970,1,22399,1,9570,1,0,1,1240,1,1,1,0,1,7748,1,1822,1,0,1
290,1645700,6970,9570,28.993147,0,0,16,0,0,30639,821,2545,1615061,16,249,60,1,26091,1,110,1,250331,1,875699,1,187558,1,270571,1,4639,1,53715,1,5972,4,30,4,64767,4,2325,4,4599,8,0,0,4378,192,20,1,111830,1,862,1,2385,1,18406,2,4840,1,0,0,0,0,0,0,5411,1,22865,1,194983,1,26843,1,0,1,0,1,9570,1,6970,1,22399,1,9570,1,0,1,1240,1,1,1,0,1,7748,1,1822,1,0,1
291,1645400,6970,9570,28.993147,0,0,16,0,0,32674,822,2586,1612726,16,249,50,1,25029,1,30,1,248889,1,869537,1,185795,1,278797,1,4599,1,53635,1,5651,4,40,4,64707,4,2294,4,4539,8,0,0,4247,192,20,1,122641,1,862,1,2535,1,16272,2,4779,1,0,0,0,0,0,0,5040,1,23266,1,194271,1,26151,1,0,1,0,1,9570,1,6970,1,22399,1,9570,1,0,1,1240,1,1,1,0,1,7748,1,1822,1,0,1
292,1625400,6970,9570,28.993147,0,0,16,0,0,31571,782,2756,1593829,16,249,80,1,24117,1,60,1,245923,1,868786,1,185624,1,264630,1,4609,1,52493,1,5581,4,40,4,64517,4,2395,4,4549,8,0,0,4188,192,20,1,110687,1,862,1,2345,1,15691,2,4669,1,0,0,0,0,0,0,5040,1,22384,1,192237,1,26041,1,0,1,0,1,9570,1,6970,1,22399,1,9570,1,0,1,1240,1,1,1,0,1,7748,1,1822,1,0,1
293,1661100,6970,9570,28.993147,0,0,16,0,0,34707,822,2596,1626393,16,249,90,1,24688,1,50,1,245592,1,879386,1,190254,1,281773,1,4559,1,55329,1,6383,4,30,4,64547,4,2304,4,4669,8,0,0,4378,192,20,1,121509,1,872,1,2996,1,17544,2,4749,1,0,0,0,0,0,0,5060,1,21602,1,192698,1,26061,1,0,1,0,1,9570,1,6970,1,22399,1,9570,1,0,1,1240,1,1,1,0,1,7748,1,1822,1,0,1
294,1632600,6970,9570,28.993147,0,0,16,0,0,32829,831,2576,1599771,16,249,60,1,24578,1,50,1,246424,1,868816,1,186616,1,268587,1,4639,1,53174,1,5761,4,30,4,64677,4,2325,4,4579,8,0,0,4327,192,20,1,111930,1,862,1,3036,1,16653,2,4709,1,0,0,0,0,0,0,5351,1,22053,1,191756,1,27043,1,0,1,0,1,9570,1,6970,1,22399,1,9570,1,0,1,1240,1,1,1,0,1,7748,1,1822,1,0,1
295,1639200,6970,9570,28.993147,0,0,16,0,0,31634,811,2626,1607566,16,249,60,1,24648,1,100,1,247476,1,867914,1,187428,1,275341,1,4599,1,51331,1,5691,4,30,4,64386,4,2315,4,4559,8,0,0,4247,192,20,1,122621,1,862,1,2355,1,15681,2,4679,1,0,0,0,0,0,0,5280,1,23737,1,192207,1,26081,1,0,1,0,1,9570,1,6970,1,22399,1,9570,1,0,1,1240,1,1,1,0,1,7748,1,1822,1,0,1
296,1625700,6970,9570,28.993147,0,0,16,0,0,31831,771,2666,1593869,16,249,60,1,24308,1,80,1,246183,1,868896,1,186266,1,263467,1,4609,1,51631,1,5541,4,30,4,64447,4,2375,4,4549,8,0,0,4258,192,20,1,110417,1,862,1,2365,1,15781,2,4679,1,0,0,0,0,0,0,5200,1,22564,1,191666,1,26572,1,0,1,0,1,9570,1,6970,1,22399,1,9570,1,0,1,1240,1,1,1,0,1,7748,1,1822,1,0,1
297,1954300,6970,9570,28.993147,0,0,16,0,0,48749,1443,11673,1905551,16,249,80,1,24308,1,60,1,244871,1,884366,1,316421,1,429263,1,6182,1,80598,1,11382,4,80,4,83805,4,3016,4,14028,8,0,0,5371,192,40,1,201776,1,1132,1,3296,1,20099,2,8567,1,0,0,0,0,0,0,5090,1,22174,1,190945,1,26452,1,0,1,0,1,9570,1,6970,1,22399,1,9570,1,0,1,1240,1,1,1,0,1,7748,1,1822,1,0,1
298,1661800,6970,9570,28.993147,0,0,16,0,0,32491,742,2724,1629309,16,249,60,1,25751,1,60,1,245773,1,870459,1,192939,1,289649,1,4619,1,61541,1,8126,4,40,4,65388,4,2344,4,4589,8,0,0,4208,192,30,1,119585,1,872,1,2345,1,18356,2,5691,1,0,0,0,0,0,0,5270,1,24318,1,188360,1,27564,1,0,1,0,1,9570,1,6970,1,22399,1,9570,1,0,1,1240,1,1,1,0,1,7748,1,1822,1,0,1
299,1638800,6970,9570,28.993147,0,0,16,0,0,32426,801,2666,1606374,16,249,70,1,25069,1,70,1,246263,1,869647,1,185905,1,274759,1,4589,1,51571,1,5681,4,30,4,64416,4,2325,4,4559,8,0,0,4218,192,20,1,121509,1,862,1,2244,1,16052,2,4689,1,0,0,0,0,0,0,5180,1,24258,1,190123,1,26472,1,0,1,0,1,9570,1,6970,1,22399,1,9570,1,0,1,1240,1,1,1,0,1,7748,1,1822,1,0,1
300,1624900,6970,9570,28.993147,0,0,16,0,0,32113,771,2765,1592787,16,249,70,1,24187,1,50,1,245522,1,869216,1,186757,1,262385,1,4599,1,50669,1,5541,4,21,4,64497,4,2344,4,5100,8,0,0,4679,192,20,1,110677,1,862,1,2264,1,14979,2,4639,1,0,0,0,0,0,0,5571,1,22324,1,190955,1,26472,1,0,1,0,1,9570,1,6970,1,22399,1,9570,1,0,1,1240,1,1,1,0,1,7748,1,1822,1,0,1
301,1664100,6970,9570,28.993147,0,0,16,0,0,35272,931,2685,1628828,16,249,60,1,24428,1,60,1,245051,1,881651,1,189482,1,283396,1,4699,1,55158,1,6523,4,11,4,64426,4,2325,4,4549,8,0,0,4188,192,20,1,123803,1,862,1,2555,1,17524,2,4709,1,0,0,0,0,0,0,5130,1,22204,1,191195,1,26312,1,0,1,0,1,9570,1,6970,1,22399,1,9570,1,0,1,1240,1,1,1,0,1,7748,1,1822,1,0,1
302,1630600,6970,9570,28.993147,0,0,16,0,0,32432,771,2706,1598168,16,249,60,1,24408,1,30,1,247396,1,869487,1,185444,1,266744,1,4599,1,52734,1,5811,4,30,4,64667,4,2305,4,4569,8,0,0,4168,192,20,1,111409,1,862,1,2365,1,16573,2,4629,1,0,0,0,0,0,0,5541,1,22634,1,191776,1,27173,1,0,1,0,1,9570,1,6970,1,22399,1,9570,1,0,1,1240,1,1,1,0,1,7748,1,1822,1,0,1
303,1639700,6970,9570,28.993147,0,0,16,0,0,31863,792,2656,1607837,16,249,60,1,24438,1,90,1,245041,1,869567,1,185444,1,278597,1,4599,1,55148,1,5531,4,40,4,64557,4,2325,4,4559,8,0,0,4228,192,20,1,122410,1,862,1,2295,1,15350,2,4709,1,0,0,0,0,0,0,5030,1,22314,1,190544,1,26943,1,0,1,0,1,9570,1,6970,1,22399,1,9570,1,0,1,1240,1,1,1,0,1,7748,1,1822,1,0,1
304,1623800,6970,9570,28.993147,0,0,16,0,0,31815,772,2716,1591985,16,249,60,1,24017,1,40,1,244320,1,867062,1,186777,1,265120,1,4589,1,52403,1,5531,4,40,4,64467,4,2335,4,4549,8,0,0,4168,192,20,1,111709,1,862,1,2495,1,15220,2,4719,1,0,0,0,0,0,0,5020,1,22314,1,190254,1,26522,1,0,1,0,1,9570,1,6970,1,22399,1,9570,1,0,1,1240,1,1,1,0,1,7748,1,1822,1,0,1
305,1675100,6970,9570,28.993147,0,0,16,0,0,36002,832,2555,1639098,16,249,60,1,24137,1,70,1,246043,1,888254,1,193139,1,282735,1,4659,1,55599,1,6362,4,40,4,64447,4,2324,4,4559,8,0,0,4328,192,20,1,122701,1,862,1,2715,1,17524,2,4749,1,0,0,0,0,0,0,5040,1,22103,1,191326,1,27364,1,0,1,0,1,9570,1,6970,1,22399,1,9570,1,0,1,1240,1,1,1,0,1,7748,1,1822,1,0,1
306,1626100,6970,9570,28.993147,0,0,16,0,0,32752,761,2556,1593348,16,249,80,1,24268,1,130,1,246484,1,865669,1,185514,1,266613,1,4589,1,53285,1,5681,4,30,4,64326,4,2315,4,4529,8,0,0,4288,192,20,1,110236,1,862,1,2725,1,17164,2,4679,1,0,0,0,0,0,0,5150,1,23466,1,190985,1,26642,1,0,1,0,1,9570,1,6970,1,22399,1,9570,1,0,1,1240,1,1,1,0,1,7748,1,1822,1,0,1
307,1637800,6970,9570,28.993147,0,0,16,0,0,32368,731,2515,1605432,16,249,40,1,24598,1,50,1,244700,1,869066,1,185614,1,276773,1,4589,1,51882,1,5581,4,40,4,64747,4,2315,4,4559,8,0,0,4358,192,20,1,122851,1,862,1,2715,1,15801,2,4669,1,0,0,0,0,0,0,5300,1,22584,1,190374,1,26221,1,0,1,0,1,9570,1,6970,1,22399,1,9570,1,0,1,1240,1,1,1,0,1,7748,1,1822,1,0,1
308,1625500,6970,9570,28.993147,0,0,16,0,0,32052,841,2926,1593448,16,249,50,1,24127,1,50,1,245071,1,869106,1,185053,1,265391,1,4599,1,50549,1,5531,4,11,4,64426,4,2315,4,4920,8,0,0,4308,192,20,1,111038,1,862,1,3036,1,17164,2,4679,1,0,0,0,0,0,0,5020,1,22063,1,191486,1,26312,1,0,1,0,1,9570,1,6970,1,22399,1,9570,1,0,1,1240,1,1,1,0,1,7748,1,1822,1,0,1
309,1922500,6970,9570,28.993147,0,0,16,0,0,48551,2144,3447,1873949,16,249,80,1,24258,1,40,1,245412,1,887883,1,287454,1,422850,1,5972,1,78755,1,40850,4,90,4,84055,4,3076,4,5701,8,0,0,5330,192,30,1,175495,1,1112,1,3427,1,20641,2,7475,1,0,0,0,0,0,0,5040,1,23035,1,191225,1,25901,1,0,1,0,1,9570,1,6970,1,22399,1,9570,1,0,1,1240,1,1,1,0,1,7748,1,1822,1,0,1
310,1646000,6970,9570,28.993147,0,0,16,0,0,33845,742,2746,1612155,16,249,110,1,25841,1,80,1,248197,1,870679,1,194702,1,267946,1,4599,1,52293,1,6683,4,40,4,64437,4,2304,4,4589,8,0,0,4148,192,20,1,111178,1,862,1,2625,1,17194,2,4980,1,0,0,0,0,0,0,5661,1,23025,1,189452,1,29899,1,0,1,0,1,9570,1,6970,1,22399,1,9570,1,0,1,1240,1,1,1,0,1,7748,1,1822,1,0,1
311,1638600,6970,9570,28.993147,0,0,16,0,0,32747,792,2545,1605853,16,249,70,1,24588,1,60,1,245863,1,870228,1,185264,1,275180,1,4599,1,51461,1,5601,4,40,4,64537,4,2315,4,4559,8,0,0,4328,192,20,1,122821,1,862,1,2515,1,14869,2,4789,1,0,0,0,0,0,0,5140,1,22815,1,190494,1,27183,1,0,1,0,1,9570,1,6970,1,22399,1,9570,1,0,1,1240,1,1,1,0,1,7748,1,1822,1,0,1
312,1626200,6970,9570,28.993147,0,0,16,0,0,31770,792,2635,1594430,16,249,50,1,24348,1,30,1,246965,1,870599,1,185304,1,262535,1,4599,1,51782,1,5581,4,40,4,64396,4,2555,4,4569,8,0,0,4489,192,20,1,109946,1,862,1,2495,1,14739,2,4759,1,0,0,0,0,0,0,5090,1,22454,1,190785,1,28426,1,0,1,0,1,9570,1,6970,1,22399,1,9570,1,0,1,1240,1,1,1,0,1,7748,1,1822,1,0,1
313,1663600,6970,9570,28.993147,0,0,16,0,0,36295,831,2645,1627305,16,249,90,1,24408,1,60,1,243187,1,881110,1,191646,1,282224,1,4579,1,54587,1,6793,4,21,4,64306,4,2314,4,4559,8,0,0,4228,192,20,1,122771,1,862,1,2755,1,17715,2,4689,1,0,0,0,0,0,0,5030,1,22494,1,189372,1,26111,1,0,1,0,1,9570,1,6970,1,22399,1,9570,1,0,1,1240,1,1,1,0,1,7748,1,1822,1,0,1
314,1704700,6970,9570,28.993147,0,0,16,0,0,39801,922,2636,1664899,16,249,80,1,24538,1,90,1,245682,1,897863,1,212768,1,279218,1,4659,1,62102,1,5711,4,30,4,64517,4,2385,4,4579,8,0,0,4328,192,20,1,110437,1,862,1,5721,1,17274,2,4659,1,0,0,0,0,0,0,5571,1,22795,1,189903,1,27213,1,0,1,0,1,9570,1,6970,1,22399,1,9570,1,0,1,1240,1,1,1,0,1,7748,1,1822,1,0,1
315,1652300,6970,9570,28.993147,0,0,16,0,0,31799,771,2645,1620501,16,249,150,1,24488,1,40,1,245973,1,872613,1,191756,1,280901,1,4579,1,55790,1,5641,4,30,4,64737,4,2325,4,4569,8,0,0,4248,192,20,1,121478,1,862,1,3046,1,16973,2,4659,1,0,0,0,0,0,0,5401,1,22895,1,191386,1,26051,1,0,1,0,1,9570,1,6970,1,22399,1,9570,1,0,1,1240,1,1,1,0,1,7748,1,1822,1,0,1
316,1628300,6970,9570,28.993147,0,0,16,0,0,31806,822,2795,1596494,16,249,60,1,24769,1,100,1,245432,1,870459,1,186546,1,264529,1,4599,1,51130,1,5551,4,40,4,64466,4,2324,4,5280,8,0,0,4809,192,20,1,110767,1,852,1,2585,1,16001,2,4689,1,0,0,0,0,0,0,5030,1,22043,1,191576,1,26562,1,0,1,0,1,9570,1,6970,1,22399,1,9570,1,0,1,1240,1,1,1,0,1,7748,1,1822,1,0,1
317,1681400,6970,9570,28.993147,0,0,16,0,0,42352,762,2596,1639048,16,249,50,1,24348,1,90,1,243929,1,883535,1,194963,1,287354,1,4779,1,57132,1,6413,4,40,4,64426,4,2355,4,4559,8,0,0,4318,192,20,1,122791,1,862,1,2735,1,20400,2,4860,1,0,0,0,0,0,0,5310,1,21733,1,190775,1,25891,1,0,1,0,1,9570,1,6970,1,22399,1,9570,1,0,1,1240,1,1,1,0,1,7748,1,1822,1,0,1
318,1630200,6970,9570,28.993147,0,0,16,0,0,33275,742,2605,1596925,16,249,50,1,24789,1,130,1,248107,1,865599,1,186346,1,267215,1,4689,1,52433,1,5962,4,40,4,64527,4,2305,4,4559,8,0,0,4258,192,20,1,110397,1,862,1,2665,1,18045,2,4659,1,0,0,0,0,0,0,5160,1,23336,1,190985,1,28436,1,0,1,0,1,9570,1,6970,1,22399,1,9570,1,0,1,1240,1,1,1,0,1,7748,1,1822,1,0,1
319,1640100,6970,9570,28.993147,0,0,16,0,0,32233,762,2605,1607867,16,249,50,1,25039,1,50,1,245051,1,871190,1,185234,1,276613,1,4639,1,52403,1,5811,4,40,4,64497,4,2314,4,4579,8,0,0,4288,192,20,1,122060,1,862,1,2545,1,16001,2,4719,1,0,0,0,0,0,0,5080,1,22454,1,191245,1,26041,1,0,1,0,1,9570,1,6970,1,22399,1,9570,1,0,1,1240,1,1,1,0,1,7748,1,1822,1,0,1
320,1625000,6970,9570,28.993147,0,0,16,0,0,31512,802,2666,1593488,16,249,60,1,24779,1,110,1,244921,1,867944,1,186316,1,264750,1,4609,1,53054,1,5551,4,40,4,64557,4,2455,4,4559,8,0,0,4348,192,20,1,110547,1,862,1,2495,1,15080,2,4729,1,0,0,0,0,0,0,5100,1,22354,1,191326,1,25951,1,0,1,0,1,9570,1,6970,1,22399,1,9570,1,0,1,1240,1,1,1,0,1,7748,1,1822,1,0,1
321,1720100,6970,9570,28.993147,0,0,16,0,0,47476,872,2645,1672624,16,249,60,1,24278,1,70,1,244801,1,886350,1,225994,1,286302,1,4769,1,56531,1,7054,4,40,4,64988,4,2325,4,4599,8,0,0,4278,192,20,1,123372,1,862,1,2836,1,17975,2,4829,1,0,0,0,0,0,0,5120,1,22705,1,190915,1,25861,1,0,1,0,1,9570,1,6970,1,22399,1,9570,1,0,1,1240,1,1,1,0,1,7748,1,1822,1,0,1
322,1640400,6970,9570,28.993147,0,0,16,0,0,33054,762,2605,1607346,16,249,50,1,25270,1,130,1,247716,1,872433,1,187869,1,269279,1,4599,1,53976,1,6523,4,40,4,64396,4,2334,4,4559,8,0,0,4288,192,20,1,111519,1,862,1,2645,1,16773,2,4870,1,0,0,0,0,0,0,5240,1,22484,1,192408,1,27344,1,0,1,0,1,9570,1,6970,1,22399,1,9570,1,0,1,1240,1,1,1,0,1,7748,1,1822,1,0,1
323,1639000,6970,9570,28.993147,0,0,16,0,0,31494,801,2615,1607506,16,249,60,1,24448,1,70,1,245833,1,869968,1,185374,1,277154,1,4599,1,51351,1,5621,4,21,4,64437,4,2325,4,4569,8,0,0,4278,192,20,1,123001,1,862,1,2585,1,16863,2,4699,1,0,0,0,0,0,0,5240,1,23065,1,191245,1,26101,1,0,1,0,1,9570,1,6970,1,22399,1,9570,1,0,1,1240,1,1,1,0,1,7748,1,1822,1,0,1
324,1623000,6970,9570,28.993147,0,0,16,0,0,31415,722,2626,1591585,16,249,70,1,24167,1,60,1,245963,1,865068,1,187057,1,264589,1,4609,1,52373,1,5461,4,40,4,64487,4,2344,4,5000,8,0,0,4718,192,20,1,110487,1,862,1,2525,1,15601,2,4669,1,0,0,0,0,0,0,5210,1,22524,1,192127,1,25911,1,0,1,0,1,9570,1,6970,1,22399,1,9570,1,0,1,1240,1,1,1,0,1,7748,1,1822,1,0,1
325,1971700,6970,9570,28.993147,0,0,16,0,0,61600,1423,3487,1910100,16,249,70,1,24789,1,70,1,245272,1,894055,1,345298,1,394444,1,6102,1,81740,1,11022,4,80,4,82312,4,3066,4,5741,8,0,0,5320,192,50,1,173671,1,1433,1,3507,1,23256,2,7144,1,0,0,0,0,0,0,5050,1,22514,1,191536,1,25991,1,0,1,0,1,9570,1,6970,1,22399,1,9570,1,0,1,1240,1,1,1,0,1,7748,1,1822,1,0,1
326,1858200,6970,9570,28.993147,0,0,16,0,0,33508,781,2625,1824692,16,249,60,1,26522,1,100,1,245843,1,1043949,1,230432,1,273156,1,4629,1,52814,1,5821,4,30,4,64316,4,2335,4,4539,8,0,0,4248,192,20,1,115316,1,852,1,2795,1,18787,2,4749,1,0,0,0,0,0,0,5320,1,24318,1,188560,1,27414,1,0,1,0,1,9570,1,6970,1,22399,1,9570,1,0,1,1240,1,1,1,0,1,7748,1,1822,1,0,1
327,1639200,6970,9570,28.993147,0,0,16,0,0,31434,751,2555,1607766,16,249,110,1,24889,1,60,1,245943,1,869427,1,185725,1,277024,1,4589,1,52343,1,5621,4,30,4,64557,4,2314,4,4559,8,0,0,4318,192,20,1,122000,1,862,1,2585,1,16713,2,4669,1,0,0,0,0,0,0,5070,1,23456,1,190484,1,26743,1,0,1,0,1,9570,1,6970,1,22399,1,9570,1,0,1,1240,1,1,1,0,1,7748,1,1822,1,0,1
328,1626100,6970,9570,28.993147,0,0,16,0,0,31149,742,2645,1594951,16,249,90,1,24368,1,60,1,246093,1,869387,1,186186,1,264169,1,4599,1,51231,1,5501,4,40,4,64497,4,2344,4,4579,8,0,0,4278,192,30,1,111288,1,862,1,2625,1,15741,2,4689,1,0,0,0,0,0,0,5571,1,22494,1,190915,1,26923,1,0,1,0,1,9570,1,6970,1,22399,1,9570,1,0,1,1240,1,1,1,0,1,7748,1,1822,1,0,1
329,1657600,6970,9570,28.993147,0,0,16,0,0,32730,832,2795,1624870,16,249,70,1,24288,1,60,1,243839,1,877523,1,189392,1,285090,1,4609,1,55258,1,6763,4,30,4,64817,4,2334,4,4599,8,0,0,4138,192,20,1,123382,1,892,1,2896,1,18536,2,4729,1,0,0,0,0,0,0,5030,1,23055,1,189682,1,25881,1,0,1,0,1,9570,1,6970,1,22399,1,9570,1,0,1,1240,1,1,1,0,1,7748,1,1822,1,0,1
330,1632200,6970,9570,28.993147,0,0,16,0,0,32760,823,2745,1599440,16,249,50,1,24578,1,70,1,246845,1,870339,1,185975,1,266994,1,4589,1,52854,1,5912,4,30,4,64437,4,2344,4,4569,8,0,0,4168,192,20,1,111238,1,852,1,2605,1,16542,2,4769,1,0,0,0,0,0,0,5240,1,22614,1,192348,1,26452,1,0,1,0,1,9570,1,6970,1,22399,1,9570,1,0,1,1240,1,1,1,0,1,7748,1,1822,1,0,1
331,1637300,6970,9570,28.993147,0,0,16,0,0,31998,762,2615,1605302,16,249,60,1,24298,1,50,1,244310,1,869848,1,185604,1,276523,1,4609,1,51972,1,5581,4,40,4,64567,4,2314,4,4579,8,0,0,4278,192,10,1,122741,1,862,1,2605,1,15861,2,4629,1,0,0,0,0,0,0,5040,1,22815,1,190203,1,26001,1,0,1,0,1,9570,1,6970,1,22399,1,9570,1,0,1,1240,1,1,1,0,1,7748,1,1822,1,0,1
332,1623000,6970,9570,28.993147,0,0,16,0,0,31906,781,2675,1591094,16,249,60,1,24278,1,130,1,244490,1,869107,1,185304,1,263117,1,4609,1,51080,1,5561,4,21,4,64396,4,2334,4,4569,8,0,0,4228,192,20,1,110898,1,862,1,2525,1,15360,2,4709,1,0,0,0,0,0,0,5040,1,22013,1,190644,1,26582,1,0,1,0,1,9570,1,6970,1,22399,1,9570,1,0,1,1240,1,1,1,0,1,7748,1,1822,1,0,1
333,1682500,6970,9570,28.993147,0,0,16,0,0,33482,842,2675,1649018,16,249,60,1,24288,1,70,1,243709,1,892342,1,197808,1,285961,1,4779,1,55208,1,7064,4,40,4,64817,4,2464,4,4569,8,0,0,4359,192,20,1,123132,1,872,1,3116,1,18947,2,4870,1,0,0,0,0,0,0,5090,1,22614,1,189973,1,25821,1,0,1,0,1,9570,1,6970,1,22399,1,9570,1,0,1,1240,1,1,1,0,1,7748,1,1822,1,0,1
334,1640600,6970,9570,28.993147,0,0,16,0,0,31671,751,2635,1608929,16,249,60,1,24628,1,50,1,251103,1,871942,1,187889,1,268587,1,4669,1,52834,1,6112,4,40,4,64687,4,2295,4,4549,8,0,0,4208,192,20,1,112150,1,862,1,2705,1,16893,2,4689,1,0,0,0,0,0,0,5250,1,24167,1,192298,1,29217,1,0,1,0,1,9570,1,6970,1,22399,1,9570,1,0,1,1240,1,1,1,0,1,7748,1,1822,1,0,1
335,1645400,6970,9570,28.993147,0,0,16,0,0,32814,732,2635,1612586,16,249,70,1,24688,1,50,1,244971,1,873695,1,185805,1,278637,1,4669,1,53255,1,5902,4,40,4,64386,4,2324,4,4559,8,0,0,4248,192,20,1,122831,1,862,1,2515,1,15921,2,5290,1,0,0,0,0,0,0,5060,1,23055,1,190404,1,26211,1,0,1,0,1,9570,1,6970,1,22399,1,9570,1,0,1,1240,1,1,1,0,1,7748,1,1822,1,0,1
336,1621800,6970,9570,28.993147,0,0,16,0,0,31638,841,2556,1590162,16,249,50,1,24338,1,110,1,242717,1,868044,1,185675,1,264569,1,4659,1,51521,1,5691,4,30,4,64577,4,2305,4,4539,8,0,0,4288,192,20,1,110988,1,852,1,2505,1,16041,2,4659,1,0,0,0,0,0,0,5090,1,21803,1,189753,1,25861,1,0,1,0,1,9570,1,6970,1,22399,1,9570,1,0,1,1240,1,1,1,0,1,7748,1,1822,1,0,1
337,1787100,6970,9570,28.993147,0,0,16,0,0,36934,1213,2706,1750166,16,249,60,1,24258,1,50,1,245201,1,907822,1,247937,1,319968,1,4870,1,69847,1,9970,4,281,4,64897,4,2525,4,4639,8,0,0,4458,192,20,1,131709,1,1333,1,3216,1,24789,2,5531,1,0,0,0,0,0,0,5080,1,22434,1,190113,1,27364,1,0,1,0,1,9570,1,6970,1,22399,1,9570,1,0,1,1240,1,1,1,0,1,7748,1,1822,1,0,1
338,1649800,6970,9570,28.993147,0,0,16,0,0,33367,731,2605,1616433,16,249,70,1,25079,1,60,1,251363,1,872663,1,187919,1,274619,1,4659,1,54687,1,6863,4,30,4,64887,4,2315,4,4569,8,0,0,4278,192,30,1,111629,1,862,1,2745,1,20320,2,4950,1,0,0,0,0,0,0,5391,1,24769,1,192518,1,28336,1,0,1,0,1,9570,1,6970,1,22399,1,9570,1,0,1,1240,1,1,1,0,1,7748,1,1822,1,0,1
339,1646000,6970,9570,28.993147,0,0,16,0,0,32162,782,2655,1613838,16,249,90,1,25250,1,70,1,245011,1,871862,1,186085,1,280771,1,4699,1,53375,1,5671,4,30,4,64426,4,2334,4,4559,8,0,0,4238,192,20,1,122250,1,862,1,2806,1,18767,2,4890,1,0,0,0,0,0,0,5140,1,22504,1,190474,1,26682,1,0,1,0,1,9570,1,6970,1,22399,1,9570,1,0,1,1240,1,1,1,0,1,7748,1,1822,1,0,1
340,1639100,6970,9570,28.993147,0,0,16,0,0,33728,772,2676,1605372,16,249,70,1,24618,1,60,1,247015,1,873896,1,186536,1,268587,1,4589,1,53174,1,5581,4,40,4,64567,4,2364,4,4579,8,0,0,4268,192,20,1,111048,1,852,1,2605,1,18236,2,4749,1,0,0,0,0,0,0,5561,1,22614,1,191656,1,27003,1,0,1,0,1,9570,1,6970,1,22399,1,9570,1,0,1,1240,1,1,1,0,1,7748,1,1822,1,0,1
341,1675700,6970,9570,28.993147,0,0,16,0,0,34268,922,2495,1641432,16,249,70,1,24408,1,60,1,245883,1,882493,1,197017,1,286883,1,4619,1,56842,1,6743,4,30,4,64857,4,2475,4,4579,8,0,0,4558,192,20,1,122931,1,872,1,2775,1,18827,2,5010,1,0,0,0,0,0,0,5060,1,23526,1,191135,1,25961,1,0,1,0,1,9570,1,6970,1,22399,1,9570,1,0,1,1240,1,1,1,0,1,7748,1,1822,1,0,1
342,1641300,6970,9570,28.993147,0,0,16,0,0,31690,781,2575,1609610,16,249,50,1,25179,1,50,1,248899,1,872192,1,188099,1,270531,1,4609,1,54447,1,6433,4,21,4,64897,4,2325,4,4579,8,0,0,4328,192,20,1,111589,1,862,1,2515,1,17364,2,4699,1,0,0,0,0,0,0,5761,1,23336,1,191967,1,27554,1,0,1,0,1,9570,1,6970,1,22399,1,9570,1,0,1,1240,1,1,1,0,1,7748,1,1822,1,0,1
343,1638900,6970,9570,28.993147,0,0,16,0,0,32206,762,2495,1606694,16,249,60,1,25590,1,90,1,243859,1,869307,1,185685,1,277515,1,4589,1,52774,1,5721,4,40,4,64386,4,2304,4,4549,8,0,0,4358,192,30,1,122941,1,862,1,2515,1,15961,2,4669,1,0,0,0,0,0,0,5451,1,22284,1,189943,1,25991,1,0,1,0,1,9570,1,6970,1,22399,1,9570,1,0,1,1240,1,1,1,0,1,7748,1,1822,1,0,1
344,1624800,6970,9570,28.993147,0,0,16,0,0,31652,782,2615,1593148,16,249,70,1,24979,1,90,1,245292,1,868094,1,185815,1,264209,1,4599,1,52413,1,5611,4,30,4,64637,4,2334,4,4559,8,0,0,4278,192,20,1,110036,1,862,1,2525,1,15721,2,4679,1,0,0,0,0,0,0,5150,1,22564,1,190865,1,26532,1,0,1,0,1,9570,1,6970,1,22399,1,9570,1,0,1,1240,1,1,1,0,1,7748,1,1822,1,0,1
345,1662800,6970,9570,28.993147,0,0,16,0,0,34133,812,2556,1628667,16,249,80,1,24528,1,40,1,243829,1,878715,1,190975,1,285891,1,4609,1,56030,1,6433,4,30,4,64366,4,2324,4,4699,8,0,0,4468,192,20,1,124334,1,862,1,2926,1,18015,2,5040,1,0,0,0,0,0,0,5140,1,21813,1,190584,1,26101,1,0,1,0,1,9570,1,6970,1,22399,1,9570,1,0,1,1240,1,1,1,0,1,7748,1,1822,1,0,1
346,1638700,6970,9570,28.993147,0,0,16,0,0,30843,772,2605,1607857,16,249,60,1,24729,1,70,1,248778,1,872122,1,187578,1,269890,1,4629,1,54026,1,6403,4,30,4,64837,4,2324,4,4599,8,0,0,4318,192,20,1,111589,1,862,1,2685,1,17063,2,4679,1,0,0,0,0,0,0,5491,1,23095,1,192638,1,27374,1,0,1,0,1,9570,1,6970,1,22399,1,9570,1,0,1,1240,1,1,1,0,1,7748,1,1822,1,0,1
347,1640400,6970,9570,28.993147,0,0,16,0,0,30580,792,2565,1609820,16,249,50,1,24859,1,60,1,247566,1,870409,1,186065,1,276212,1,4599,1,51221,1,5651,4,40,4,64326,4,2335,4,4559,8,0,0,4328,192,20,1,123372,1,852,1,2535,1,15761,2,4749,1,0,0,0,0,0,0,5170,1,22695,1,191085,1,28406,1,0,1,0,1,9570,1,6970,1,22399,1,9570,1,0,1,1240,1,1,1,0,1,7748,1,1822,1,0,1
348,1623200,6970,9570,28.993147,0,0,16,0,0,31365,731,2506,1591835,16,249,80,1,24268,1,90,1,246674,1,866942,1,184993,1,264169,1,4619,1,51581,1,5671,4,40,4,64477,4,2305,4,4539,8,0,0,4338,192,20,1,111459,1,852,1,2525,1,15280,2,4689,1,0,0,0,0,0,0,5100,1,23586,1,191456,1,26312,1,0,1,0,1,9570,1,6970,1,22399,1,9570,1,0,1,1240,1,1,1,0,1,7748,1,1822,1,0,1
349,1669700,6970,9570,28.993147,0,0,16,0,0,36534,872,2505,1633166,16,249,70,1,24208,1,90,1,244470,1,881992,1,193490,1,284228,1,4619,1,54297,1,6312,4,40,4,64577,4,3056,4,4569,8,0,0,5120,192,20,1,123192,1,862,1,2956,1,18787,2,4689,1,0,0,0,0,0,0,5401,1,22254,1,190805,1,25841,1,0,1,0,1,9570,1,6970,1,22399,1,9570,1,0,1,1240,1,1,1,0,1,7748,1,1822,1,0,1
350,1636500,6970,9570,28.993147,0,0,16,0,0,32491,772,2555,1604009,16,249,70,1,25059,1,40,1,247997,1,871972,1,185795,1,268447,1,4629,1,53545,1,5691,4,40,4,64817,4,2315,4,4579,8,0,0,4338,192,20,1,111088,1,862,1,2575,1,17404,2,4739,1,0,0,0,0,0,0,5361,1,22785,1,192338,1,27304,1,0,1,0,1,9570,1,6970,1,22399,1,9570,1,0,1,1240,1,1,1,0,1,7748,1,1822,1,0,1
351,1641900,6970,9570,28.993147,0,0,16,0,0,31729,782,2625,1610171,16,249,50,1,24518,1,70,1,247636,1,870579,1,185705,1,277034,1,4579,1,53064,1,5581,4,40,4,64396,4,2315,4,4549,8,0,0,4238,192,20,1,121859,1,862,1,2495,1,16422,2,4649,1,0,0,0,0,0,0,5140,1,23406,1,192608,1,26242,1,0,1,0,1,9570,1,6970,1,22399,1,9570,1,0,1,1240,1,1,1,0,1,7748,1,1822,1,0,1
352,1625200,6970,9570,28.993147,0,0,16,0,0,31842,802,2555,1593358,16,249,50,1,24298,1,50,1,246474,1,869818,1,184873,1,263197,1,4599,1,50910,1,5541,4,21,4,64366,4,2324,4,4539,8,0,0,4308,192,20,1,110737,1,862,1,2535,1,15801,2,4739,1,0,0,0,0,0,0,5340,1,22344,1,190955,1,27624,1,0,1,0,1,9570,1,6970,1,22399,1,9570,1,0,1,1240,1,1,1,0,1,7748,1,1822,1,0,1
353,1890900,6970,9570,28.993147,0,0,16,0,0,52290,1313,3387,1838610,16,249,60,1,24258,1,50,1,244761,1,882452,1,278657,1,401308,1,7064,1,78214,1,11002,4,70,4,83334,4,3106,4,6202,8,0,0,5922,192,50,1,180835,1,1313,1,3787,1,22815,2,9268,1,0,0,0,0,0,0,5080,1,22975,1,190243,1,26252,1,0,1,0,1,9570,1,6970,1,22399,1,9570,1,0,1,1240,1,1,1,0,1,7748,1,1822,1,0,1
354,1664200,6970,9570,28.993147,0,0,16,0,0,34120,822,2715,1630080,16,249,50,1,25690,1,50,1,243308,1,870709,1,195053,1,290601,1,4619,1,61731,1,8016,4,40,4,65408,4,2354,4,4569,8,0,0,4208,192,20,1,120046,1,872,1,2645,1,18316,2,5761,1,0,0,0,0,0,0,5330,1,22614,1,188510,1,26622,1,0,1,0,1,9570,1,6970,1,22399,1,9570,1,0,1,1240,1,1,1,0,1,7748,1,1822,1,0,1
355,1639300,6970,9570,28.993147,0,0,16,0,0,32005,792,2736,1607295,16,249,90,1,24528,1,20,1,247576,1,869677,1,185614,1,275190,1,4599,1,52383,1,5511,4,40,4,64487,4,2314,4,4549,8,0,0,4127,192,20,1,121989,1,862,1,2605,1,14849,2,4789,1,0,0,0,0,0,0,5070,1,23897,1,191265,1,27133,1,0,1,0,1,9570,1,6970,1,22399,1,9570,1,0,1,1240,1,1,1,0,1,7748,1,1822,1,0,1
356,1626100,6970,9570,28.993147,0,0,16,0,0,31259,772,2716,1594841,16,249,80,1,24258,1,90,1,245462,1,869257,1,185374,1,265702,1,4619,1,51471,1,5661,4,30,4,64366,4,2364,4,4539,8,0,0,4188,192,20,1,112962,1,862,1,2535,1,15440,2,4679,1,0,0,0,0,0,0,5030,1,23286,1,190514,1,26432,1,0,1,0,1,9570,1,6970,1,22399,1,9570,1,0,1,1240,1,1,1,0,1,7748,1,1822,1,0,1
357,1693600,6970,9570,28.993147,0,0,16,0,0,56476,882,2635,1637124,16,249,70,1,24488,1,70,1,243779,1,883655,1,195865,1,284398,1,4799,1,55048,1,6863,4,30,4,64597,4,3016,4,4609,8,0,0,4989,192,20,1,123172,1,862,1,2916,1,17675,2,4709,1,0,0,0,0,0,0,5240,1,22284,1,190173,1,25881,1,0,1,0,1,9570,1,6970,1,22399,1,9570,1,0,1,1240,1,1,1,0,1,7748,1,1822,1,0,1
358,1631000,6970,9570,28.993147,0,0,16,0,0,31720,742,2605,1599280,16,249,40,1,24468,1,50,1,247806,1,870950,1,185524,1,265341,1,5100,1,52573,1,5851,4,40,4,64527,4,2304,4,4569,8,0,0,4268,192,20,1,110006,1,942,1,2525,1,16632,2,4609,1,0,0,0,0,0,0,5240,1,23687,1,191526,1,27093,1,0,1,0,1,9570,1,6970,1,22399,1,9570,1,0,1,1240,1,1,1,0,1,7748,1,1822,1,0,1
359,1638000,6970,9570,28.993147,0,0,16,0,0,30594,792,2525,1607406,16,249,110,1,24709,1,80,1,247185,1,868295,1,185073,1,277284,1,4669,1,52964,1,5601,4,40,4,64557,4,2315,4,4539,8,0,0,4328,192,10,1,122320,1,862,1,2505,1,16102,2,4679,1,0,0,0,0,0,0,5391,1,22454,1,191185,1,27985,1,0,1,0,1,9570,1,6970,1,22399,1,9570,1,0,1,1240,1,1,1,0,1,7748,1,1822,1,0,1
360,1623400,6970,9570,28.993147,0,0,16,0,0,31906,762,2765,1591494,16,249,60,1,24899,1,80,1,244841,1,868595,1,185624,1,262806,1,4589,1,51521,1,5601,4,40,4,64296,4,2315,4,4569,8,0,0,4118,192,20,1,110236,1,862,1,2505,1,15470,2,4609,1,0,0,0,0,0,0,5090,1,22544,1,190744,1,26262,1,0,1,0,1,9570,1,6970,1,22399,1,9570,1,0,1,1240,1,1,1,0,1,7748,1,1822,1,0,1
361,1906700,6970,9570,28.993147,0,0,16,0,0,66091,1473,3487,1840609,16,249,60,1,24658,1,100,1,243097,1,891530,1,307874,1,366595,1,6693,1,83855,1,12505,4,80,4,83243,4,3026,4,5831,8,0,0,5371,192,50,1,139128,1,872,1,3968,1,27113,2,5451,1,0,0,0,0,0,0,5010,1,22214,1,189963,1,25731,1,0,1,0,1,9570,1,6970,1,22399,1,9570,1,0,1,1240,1,1,1,0,1,7748,1,1822,1,0,1
362,1822500,6970,9570,28.993147,0,0,16,0,0,36323,1012,2686,1786177,16,249,311,1,32033,1,190,1,336180,1,942230,1,190845,1,279669,1,4719,1,55830,1,7855,4,70,4,64897,4,2405,4,4589,8,0,0,4308,192,30,1,113763,1,862,1,3186,1,19999,2,5170,1,0,0,0,0,0,0,8236,1,30169,1,258528,1,38476,1,0,1,0,1,9570,1,6970,1,22399,1,9570,1,0,1,1240,1,1,1,0,1,7748,1,1822,1,0,1
363,1897400,6970,9570,28.993147,0,0,16,0,0,30214,782,2715,1867186,16,249,10,1,26402,1,80,1,308496,1,1008019,1,199642,1,319918,1,4619,1,65008,1,8396,4,40,4,66481,4,2335,4,4559,8,0,0,4178,192,10,1,143652,1,862,1,2816,1,18987,2,5992,1,0,0,0,0,0,0,8437,1,27243,1,235061,1,37454,1,0,1,0,1,9570,1,6970,1,22399,1,9570,1,0,1,1240,1,1,1,0,1,7748,1,1822,1,0,1
364,1632100,6970,9570,28.993147,0,0,16,0,0,32529,771,2645,1599571,16,249,50,1,24638,1,60,1,250452,1,867373,1,187849,1,264549,1,4599,1,51661,1,5511,4,30,4,64376,4,2325,4,4559,8,0,0,4238,192,20,1,110838,1,862,1,2535,1,16282,2,4779,1,0,0,0,0,0,0,5471,1,24107,1,192117,1,28566,1,0,1,0,1,9570,1,6970,1,22399,1,9570,1,0,1,1240,1,1,1,0,1,7748,1,1822,1,0,1
365,1970800,6970,9570,28.993147,0,0,16,0,0,48325,1333,2896,1922475,16,249,50,1,24368,1,40,1,251514,1,901790,1,294388,1,443090,1,7234,1,92341,1,13577,4,70,4,85698,4,2405,4,4589,8,0,0,4098,192,40,1,204481,1,1272,1,3868,1,23616,2,9799,1,0,0,0,0,0,0,5100,1,22725,1,195283,1,28165,1,0,1,0,1,9570,1,6970,1,22399,1,9570,1,0,1,1240,1,1,1,0,1,7748,1,1822,1,0,1
366,1699900,6970,9570,28.993147,0,0,16,0,0,32887,831,2575,1667013,16,249,150,1,26442,1,140,1,245973,1,866441,1,227917,1,295340,1,4609,1,72713,1,6924,4,21,4,65338,4,2315,4,4579,8,0,0,4318,192,20,1,112421,1,852,1,3096,1,21492,2,4739,1,0,0,0,0,0,0,5320,1,24849,1,188340,1,27113,1,0,1,0,1,9570,1,6970,1,22399,1,9570,1,0,1,1240,1,1,1,0,1,7748,1,1822,1,0,1
367,1646800,6970,9570,28.993147,0,0,16,0,0,33623,822,2685,1613177,16,249,50,1,24749,1,20,1,245682,1,870850,1,187959,1,279268,1,4599,1,53675,1,5621,4,30,4,64396,4,2334,4,4559,8,0,0,4208,192,20,1,122110,1,852,1,3016,1,17184,2,4649,1,0,0,0,0,0,0,5541,1,23216,1,190724,1,26021,1,0,1,0,1,9570,1,6970,1,22399,1,9570,1,0,1,1240,1,1,1,0,1,7748,1,1822,1,0,1
368,1647500,6970,9570,28.993147,0,0,16,0,0,44693,751,2635,1602807,16,249,60,1,24548,1,30,1,245672,1,868475,1,184743,1,274679,1,4599,1,53555,1,5521,4,30,4,64537,4,2334,4,4569,8,0,0,4268,192,20,1,118302,1,862,1,2655,1,16883,2,4659,1,0,0,0,0,0,0,5200,1,22444,1,191265,1,26552,1,0,1,0,1,9570,1,6970,1,22399,1,9570,1,0,1,1240,1,1,1,0,1,7748,1,1822,1,0,1
369,1946400,6970,9570,28.993147,0,0,16,0,0,51876,1473,2926,1894524,16,249,70,1,27223,1,160,1,375718,1,896886,1,229120,1,360217,1,5130,1,77953,1,10440,4,30,4,72142,4,2435,4,4579,8,0,0,4088,192,20,1,157619,1,1102,1,3276,1,22374,2,6773,1,0,0,0,0,0,0,22164,1,33195,1,281352,1,37744,1,0,1,0,1,9570,1,6970,1,22399,1,9570,1,0,1,1240,1,1,1,0,1,7748,1,1822,1,0,1
370,1646100,6970,9570,28.993147,0,0,16,0,0,33354,772,2635,1612746,16,249,40,1,26482,1,40,1,255772,1,867794,1,185434,1,272585,1,4599,1,54928,1,6092,4,40,4,64416,4,2655,4,4549,8,0,0,4569,192,20,1,111930,1,862,1,2615,1,19007,2,4699,1,0,0,0,0,0,0,5872,1,24769,1,194071,1,30790,1,0,1,0,1,9570,1,6970,1,22399,1,9570,1,0,1,1240,1,1,1,0,1,7748,1,1822,1,0,1
371,1644200,6970,9570,28.993147,0,0,16,0,0,32185,741,2606,1612015,16,249,80,1,24358,1,90,1,246223,1,869627,1,186727,1,280310,1,4599,1,53685,1,5741,4,40,4,64457,4,2305,4,4569,8,0,0,4268,192,20,1,122731,1,862,1,2695,1,17404,2,5060,1,0,0,0,0,0,0,5070,1,22965,1,191636,1,26392,1,0,1,0,1,9570,1,6970,1,22399,1,9570,1,0,1,1240,1,1,1,0,1,7748,1,1822,1,0,1
372,1716800,6970,9570,28.993147,0,0,16,0,0,58865,772,2605,1657935,16,249,90,1,24147,1,70,1,244720,1,866912,1,186336,1,330970,1,4689,1,93714,1,6072,4,30,4,64707,4,2354,4,4569,8,0,0,4318,192,10,1,127841,1,862,1,2806,1,22424,2,4809,1,0,0,0,0,0,0,5340,1,22424,1,190654,1,26101,1,0,1,0,1,9570,1,6970,1,22399,1,9570,1,0,1,1240,1,1,1,0,1,7748,1,1822,1,0,1
373,1706700,6970,9570,28.993147,0,0,16,0,0,38595,1062,2936,1668105,16,249,20,1,26743,1,30,1,261884,1,867293,1,193279,1,314217,1,4639,1,66881,1,8647,4,40,4,65789,4,2515,4,4609,8,0,0,4188,192,20,1,134644,1,862,1,2876,1,20310,2,5962,1,0,0,0,0,0,0,5421,1,33155,1,194001,1,29077,1,0,1,0,1,9570,1,6970,1,22399,1,9570,1,0,1,1240,1,1,1,0,1,7748,1,1822,1,0,1
374,1635300,6970,9570,28.993147,0,0,16,0,0,32954,762,2685,1602346,16,249,70,1,24308,1,50,1,249780,1,866812,1,186336,1,270391,1,4599,1,53986,1,5851,4,40,4,64587,4,2354,4,4779,8,0,0,4448,192,20,1,111449,1,862,1,2615,1,18336,2,4749,1,0,0,0,0,0,0,5521,1,23526,1,193139,1,27434,1,0,1,0,1,9570,1,6970,1,22399,1,9570,1,0,1,1240,1,1,1,0,1,7748,1,1822,1,0,1
375,1644200,6970,9570,28.993147,0,0,16,0,0,32546,812,2736,1611654,16,249,60,1,24107,1,110,1,245652,1,871601,1,186697,1,278817,1,4609,1,52703,1,5531,4,40,4,64386,4,2325,4,4900,8,0,0,4489,192,20,1,123042,1,862,1,2705,1,16803,2,4689,1,0,0,0,0,0,0,5340,1,22554,1,191416,1,26111,1,0,1,0,1,9570,1,6970,1,22399,1,9570,1,0,1,1240,1,1,1,0,1,7748,1,1822,1,0,1
376,1666800,6970,9570,28.993147,0,0,16,0,0,44986,751,2506,1621814,16,249,80,1,24208,1,60,1,247255,1,867754,1,196486,1,281392,1,4579,1,57673,1,5691,4,21,4,64437,4,2335,4,4559,8,0,0,4388,192,351,1,119945,1,862,1,2545,1,17494,2,4729,1,0,0,0,0,0,0,5020,1,23496,1,192107,1,26452,1,0,1,0,1,9570,1,6970,1,22399,1,9570,1,0,1,1240,1,1,1,0,1,7748,1,1822,1,0,1
377,1723000,6970,9570,28.993147,0,0,16,0,0,54735,1022,2645,1668265,16,249,60,1,25079,1,40,1,253668,1,869918,1,187588,1,324467,1,7445,1,67032,1,8777,4,30,4,65138,4,2495,4,5020,8,0,0,4870,192,20,1,137320,1,862,1,2836,1,28706,2,5210,1,0,0,0,0,0,0,5290,1,27243,1,193770,1,26793,1,0,1,0,1,9570,1,6970,1,22399,1,9570,1,0,1,1240,1,1,1,0,1,7748,1,1822,1,0,1
378,1780200,6970,9570,28.993147,0,0,16,0,0,32539,1523,2795,1747661,16,249,210,1,35289,1,80,1,337633,1,875910,1,210032,1,283847,1,4659,1,56451,1,8717,4,70,4,64757,4,2755,4,4559,8,0,0,4519,192,20,1,115727,1,872,1,2325,1,20651,2,5421,1,0,0,0,0,0,0,8206,1,27314,1,263247,1,38385,1,0,1,0,1,9570,1,6970,1,22399,1,9570,1,0,1,1240,1,1,1,0,1,7748,1,1822,1,0,1
379,1864600,6970,9570,28.993147,0,0,16,0,0,33064,751,2665,1831536,16,249,70,1,26121,1,50,1,253758,1,1045042,1,213599,1,288296,1,4599,1,55108,1,6663,4,30,4,64497,4,2344,4,4559,8,0,0,4238,192,20,1,125907,1,852,1,2555,1,19679,2,5330,1,0,0,0,0,0,0,8386,1,23306,1,193530,1,28316,1,0,1,0,1,9570,1,6970,1,22399,1,9570,1,0,1,1240,1,1,1,0,1,7748,1,1822,1,0,1
380,1698400,6970,9570,28.993147,0,0,16,0,0,49873,1052,3106,1648527,16,249,50,1,24578,1,70,1,249179,1,872082,1,196596,1,300821,1,5150,1,64667,1,6453,4,30,4,64447,4,2695,4,4539,8,0,0,4127,192,20,1,122771,1,862,1,2785,1,25730,2,4769,1,0,0,0,0,0,0,5220,1,22524,1,192939,1,28276,1,0,1,0,1,9570,1,6970,1,22399,1,9570,1,0,1,1240,1,1,1,0,1,7748,1,1822,1,0,1
381,1818800,6970,9570,28.993147,0,0,16,0,0,37844,762,2745,1780956,16,249,180,1,32714,1,120,1,256193,1,881871,1,244400,1,360858,1,4619,1,80829,1,11232,4,40,4,75398,4,2375,4,4589,8,0,0,4218,192,20,1,158561,1,852,1,3487,1,17865,2,4850,1,0,0,0,0,0,0,6182,1,25390,1,194131,1,30079,1,0,1,0,1,9570,1,6970,1,22399,1,9570,1,0,1,1240,1,1,1,0,1,7748,1,1822,1,0,1
382,1638200,6970,9570,28.993147,0,0,16,0,0,32498,841,2595,1605702,16,249,60,1,24819,1,30,1,247175,1,872262,1,185925,1,270792,1,4639,1,55299,1,5781,4,30,4,64366,4,2325,4,4799,8,0,0,4529,192,20,1,112771,1,862,1,2505,1,16472,2,4719,1,0,0,0,0,0,0,5461,1,22695,1,192167,1,26622,1,0,1,0,1,9570,1,6970,1,22399,1,9570,1,0,1,1240,1,1,1,0,1,7748,1,1822,1,0,1
383,1637400,6970,9570,28.993147,0,0,16,0,0,31567,781,2635,1605833,16,249,80,1,24408,1,70,1,245522,1,869236,1,185755,1,276002,1,4759,1,52303,1,5511,4,21,4,64607,4,2315,4,4559,8,0,0,4238,192,20,1,122050,1,862,1,2505,1,15861,2,4609,1,0,0,0,0,0,0,5070,1,22955,1,191396,1,25921,1,0,1,0,1,9570,1,6970,1,22399,1,9570,1,0,1,1240,1,1,1,0,1,7748,1,1822,1,0,1
384,1713900,6970,9570,28.993147,0,0,16,0,0,36457,741,2455,1677443,16,249,50,1,24268,1,60,1,246414,1,879096,1,229641,1,293306,1,4609,1,69406,1,7014,4,30,4,65008,4,2455,4,4589,8,0,0,4588,192,20,1,114244,1,872,1,2906,1,21212,2,4809,1,0,0,0,0,0,0,5340,1,21843,1,191947,1,27063,1,0,1,0,1,9570,1,6970,1,22399,1,9570,1,0,1,1240,1,1,1,0,1,7748,1,1822,1,0,1
385,1763900,6970,9570,28.993147,0,0,16,0,0,36579,811,2826,1727321,16,249,70,1,26572,1,50,1,260872,1,869778,1,227316,1,338024,1,4639,1,73244,1,9980,4,30,4,72232,4,2345,4,4579,8,0,0,4098,192,20,1,147119,1,862,1,3026,1,16743,2,7034,1,0,0,0,0,0,0,6733,1,30380,1,194993,1,28486,1,0,1,0,1,9570,1,6970,1,22399,1,9570,1,0,1,1240,1,1,1,0,1,7748,1,1822,1,0,1
386,1634900,6970,9570,28.993147,0,0,16,0,0,32915,812,2605,1601985,16,249,70,1,24308,1,70,1,247666,1,874016,1,185995,1,265261,1,4599,1,52673,1,5381,4,40,4,64537,4,2405,4,4549,8,0,0,4348,192,20,1,110988,1,862,1,2525,1,15670,2,4799,1,0,0,0,0,0,0,5120,1,22905,1,193169,1,26282,1,0,1,0,1,9570,1,6970,1,22399,1,9570,1,0,1,1240,1,1,1,0,1,7748,1,1822,1,0,1
387,1640700,6970,9570,28.993147,0,0,16,0,0,32172,721,2615,1608528,16,249,70,1,24328,1,60,1,245592,1,871361,1,186837,1,275671,1,4609,1,52443,1,5591,4,30,4,64557,4,2315,4,4579,8,0,0,4278,192,20,1,121809,1,862,1,2505,1,15541,2,4699,1,0,0,0,0,0,0,5050,1,22063,1,192257,1,26041,1,0,1,0,1,9570,1,6970,1,22399,1,9570,1,0,1,1240,1,1,1,0,1,7748,1,1822,1,0,1
388,1709100,6970,9570,28.993147,0,0,16,0,0,37047,1021,2685,1672053,16,249,70,1,24177,1,80,1,245352,1,884496,1,206305,1,306933,1,4639,1,73715,1,7735,4,21,4,64907,4,2595,4,4579,8,0,0,4489,192,20,1,120206,1,862,1,3036,1,23456,2,4779,1,0,0,0,0,0,0,5060,1,22604,1,191446,1,26061,1,0,1,0,1,9570,1,6970,1,22399,1,9570,1,0,1,1240,1,1,1,0,1,7748,1,1822,1,0,1
389,1723700,6970,9570,28.993147,0,0,16,0,0,31648,802,2836,1692052,16,249,60,1,24839,1,40,1,249490,1,872563,1,210654,1,329797,1,4609,1,68234,1,9098,4,40,4,69286,4,2345,4,4569,8,0,0,4078,192,20,1,148622,1,852,1,2836,1,16733,2,6362,1,0,0,0,0,0,0,5631,1,23216,1,193249,1,27123,1,0,1,0,1,9570,1,6970,1,22399,1,9570,1,0,1,1240,1,1,1,0,1,7748,1,1822,1,0,1
390,1626200,6970,9570,28.993147,0,0,16,0,0,32030,782,2656,1594170,16,249,70,1,24628,1,50,1,245302,1,868455,1,185204,1,265852,1,4609,1,53375,1,5561,4,40,4,64557,4,2334,4,4629,8,0,0,4308,192,20,1,111248,1,862,1,2525,1,15230,2,4689,1,0,0,0,0,0,0,5070,1,21853,1,191556,1,26632,1,0,1,0,1,9570,1,6970,1,22399,1,9570,1,0,1,1240,1,1,1,0,1,7748,1,1822,1,0,1
391,1641300,6970,9570,28.993147,0,0,16,0,0,32151,792,2665,1609149,16,249,70,1,24198,1,60,1,247215,1,871771,1,185705,1,275541,1,4589,1,51832,1,5431,4,40,4,64487,4,2324,4,4559,8,0,0,4218,192,20,1,122450,1,862,1,2505,1,15561,2,4679,1,0,0,0,0,0,0,5060,1,22304,1,192077,1,27554,1,0,1,0,1,9570,1,6970,1,22399,1,9570,1,0,1,1240,1,1,1,0,1,7748,1,1822,1,0,1
392,1851900,6970,9570,28.993147,0,0,16,0,0,47017,1193,2907,1804883,16,249,60,1,24308,1,70,1,247326,1,889496,1,273507,1,364466,1,5651,1,77773,1,11653,4,70,4,76350,4,2465,4,4579,8,0,0,4137,192,40,1,158762,1,1092,1,3517,1,19478,2,7495,1,0,0,0,0,0,0,5070,1,23386,1,192077,1,26592,1,0,1,0,1,9570,1,6970,1,22399,1,9570,1,0,1,1240,1,1,1,0,1,7748,1,1822,1,0,1
393,1845700,6970,9570,28.993147,0,0,16,0,0,33863,922,2696,1811837,16,249,80,1,25991,1,230,1,244991,1,947831,1,268277,1,319868,1,4569,1,86029,1,6112,4,40,4,64507,4,2325,4,4549,8,0,0,4178,192,20,1,126078,1,842,1,4268,1,19338,2,4840,1,0,0,0,0,0,0,5581,1,23216,1,189582,1,26442,1,0,1,0,1,9570,1,6970,1,22399,1,9570,1,0,1,1240,1,1,1,0,1,7748,1,1822,1,0,1
394,1624300,6970,9570,28.993147,0,0,16,0,0,32385,772,2625,1591915,16,249,60,1,24288,1,411,1,246354,1,864627,1,186266,1,265301,1,4609,1,52343,1,5761,4,30,4,64487,4,2835,4,4559,8,0,0,4769,192,20,1,110637,1,862,1,2665,1,15661,2,4669,1,0,0,0,0,0,0,5060,1,23145,1,190364,1,27564,1,0,1,0,1,9570,1,6970,1,22399,1,9570,1,0,1,1240,1,1,1,0,1,7748,1,1822,1,0,1
395,1640200,6970,9570,28.993147,0,0,16,0,0,32484,872,2535,1607716,16,249,60,1,24438,1,170,1,246053,1,869697,1,187208,1,275501,1,4589,1,51551,1,5621,4,40,4,64406,4,2324,4,4549,8,0,0,4338,192,20,1,123052,1,862,1,2655,1,14909,2,4639,1,0,0,0,0,0,0,5441,1,21983,1,192528,1,25911,1,0,1,0,1,9570,1,6970,1,22399,1,9570,1,0,1,1240,1,1,1,0,1,7748,1,1822,1,0,1
396,2267800,6970,9570,28.993147,0,0,16,0,0,47902,1032,3006,2219898,16,249,70,1,24739,1,70,1,245121,1,1255365,1,295300,1,394474,1,4759,1,94576,1,13166,4,70,4,88514,4,2535,4,4659,8,0,0,4188,192,30,1,159744,1,862,1,3717,1,20831,2,4739,1,0,0,0,0,0,0,5040,1,22334,1,191045,1,26512,1,0,1,0,1,9570,1,6970,1,22399,1,9570,1,0,1,1240,1,1,1,0,1,7748,1,1822,1,0,1
397,1817200,6970,9570,28.993147,0,0,16,0,0,33238,772,2665,1783962,16,249,70,1,31402,1,110,1,296733,1,952430,1,192187,1,306392,1,4639,1,61821,1,8026,4,30,4,65128,4,2334,4,4569,8,0,0,4238,192,20,1,135927,1,862,1,2816,1,18306,2,5781,1,0,0,0,0,0,0,6272,1,28456,1,229430,1,32343,1,0,1,0,1,9570,1,6970,1,22399,1,9570,1,0,1,1240,1,1,1,0,1,7748,1,1822,1,0,1
398,1627200,6970,9570,28.993147,0,0,16,0,0,32529,792,2726,1594671,16,249,80,1,24438,1,30,1,244540,1,867944,1,187117,1,265942,1,4579,1,52082,1,5651,4,30,4,64687,4,2304,4,5070,8,0,0,4648,192,20,1,110727,1,862,1,2705,1,16292,2,4719,1,0,0,0,0,0,0,5280,1,22454,1,190073,1,26542,1,0,1,0,1,9570,1,6970,1,22399,1,9570,1,0,1,1240,1,1,1,0,1,7748,1,1822,1,0,1
399,1716700,6970,9570,28.993147,0,0,16,0,0,52102,1513,2605,1664598,16,249,170,1,24889,1,20,1,244861,1,869377,1,191937,1,326731,1,6613,1,71260,1,5741,4,30,4,65348,4,2325,4,4569,8,0,0,4288,192,20,1,132470,1,1773,1,2775,1,33626,2,5280,1,0,0,0,0,0,0,5040,1,22294,1,191576,1,25781,1,0,1,0,1,9570,1,6970,1,22399,1,9570,1,0,1,1240,1,1,1,0,1,7748,1,1822,1,0,1
400,1625100,6970,9570,28.993147,0,0,16,0,0,33576,851,2545,1591524,16,249,40,1,24578,1,20,1,249289,1,858305,1,186145,1,268487,1,4659,1,53816,1,6703,4,30,4,64547,4,2305,4,4559,8,0,0,4318,192,20,1,110838,1,862,1,2735,1,16352,2,4870,1,0,0,0,0,0,0,5351,1,23075,1,192177,1,28436,1,0,1,0,1,9570,1,6970,1,22399,1,9570,1,0,1,1240,1,1,1,0,1,7748,1,1822,1,0,1
401,1639300,6970,9570,28.993147,0,0,16,0,0,32265,782,2896,1607035,16,249,80,1,25430,1,50,1,245482,1,868164,1,186867,1,276343,1,4619,1,51892,1,5521,4,40,4,64306,4,2315,4,4729,8,0,0,4148,192,20,1,122941,1,862,1,2795,1,15390,2,4749,1,0,0,0,0,0,0,5070,1,23045,1,190494,1,26732,1,0,1,0,1,9570,1,6970,1,22399,1,9570,1,0,1,1240,1,1,1,0,1,7748,1,1822,1,0,1
402,1621600,6970,9570,28.993147,0,0,16,0,0,31819,751,2625,1589781,16,249,70,1,24228,1,80,1,244720,1,867373,1,186707,1,261994,1,4609,1,50690,1,5511,4,40,4,64346,4,2325,4,4589,8,0,0,4288,192,20,1,110637,1,852,1,2655,1,14859,2,4719,1,0,0,0,0,0,0,5030,1,21683,1,191606,1,26191,1,0,1,0,1,9570,1,6970,1,22399,1,9570,1,0,1,1240,1,1,1,0,1,7748,1,1822,1,0,1
403,1698600,6970,9570,28.993147,0,0,16,0,0,57799,782,2705,1640801,16,249,90,1,24388,1,90,1,244199,1,869126,1,185825,1,312073,1,5010,1,74877,1,5571,4,30,4,64497,4,2364,4,4559,8,0,0,4218,192,20,1,135215,1,862,1,2705,1,15821,2,4769,1,0,0,0,0,0,0,5020,1,22364,1,190384,1,26252,1,0,1,0,1,9570,1,6970,1,22399,1,9570,1,0,1,1240,1,1,1,0,1,7748,1,1822,1,0,1
404,1675600,6970,9570,28.993147,0,0,16,0,0,66200,922,2696,1609400,16,249,70,1,28666,1,120,1,255241,1,862303,1,185224,1,273076,1,4699,1,55389,1,6904,4,40,4,64827,4,2325,4,4579,8,0,0,4208,192,20,1,112892,1,862,1,2685,1,16943,2,4689,1,0,0,0,0,0,0,9469,1,25951,1,192067,1,26903,1,0,1,0,1,9570,1,6970,1,22399,1,9570,1,0,1,1240,1,1,1,0,1,7748,1,1822,1,0,1
405,1645900,6970,9570,28.993147,0,0,16,0,0,33805,752,2625,1612095,16,249,60,1,24378,1,50,1,247125,1,871741,1,186546,1,277595,1,4599,1,53705,1,5641,4,40,4,64567,4,2374,4,4559,8,0,0,4308,192,20,1,122390,1,862,1,2645,1,15380,2,4659,1,0,0,0,0,0,0,5340,1,22484,1,192648,1,26492,1,0,1,0,1,9570,1,6970,1,22399,1,9570,1,0,1,1240,1,1,1,0,1,7748,1,1822,1,0,1
406,1629400,6970,9570,28.993147,0,0,16,0,0,31864,742,2565,1597536,16,249,60,1,24358,1,20,1,246805,1,870739,1,187278,1,263678,1,4599,1,52593,1,5630,4,30,4,64707,4,2304,4,4549,8,0,0,4288,192,20,1,110627,1,862,1,2635,1,14298,2,4679,1,0,0,0,0,0,0,5050,1,23175,1,191937,1,26412,1,0,1,0,1,9570,1,6970,1,22399,1,9570,1,0,1,1240,1,1,1,0,1,7748,1,1822,1,0,1
407,1711300,6970,9570,28.993147,0,0,16,0,0,41843,831,2555,1669457,16,249,50,1,24218,1,30,1,245672,1,871000,1,185514,1,338344,1,4629,1,71220,1,5731,4,30,4,67673,4,2325,4,4519,8,0,0,4288,192,20,1,144854,1,862,1,2806,1,32814,2,4659,1,0,0,0,0,0,0,5010,1,22324,1,192257,1,25921,1,0,1,0,1,9570,1,6970,1,22399,1,9570,1,0,1,1240,1,1,1,0,1,7748,1,1822,1,0,1
408,2062200,6970,9570,28.993147,0,0,16,0,0,40812,1272,2726,2021388,16,249,210,1,48395,1,210,1,380086,1,1033810,1,255411,1,298576,1,4689,1,56260,1,6593,4,60,4,87051,4,2505,4,4559,8,0,0,4338,192,50,1,112220,1,872,1,2595,1,19809,2,4729,1,0,0,0,0,0,0,7054,1,33045,1,300109,1,39357,1,0,1,0,1,9570,1,6970,1,22399,1,9570,1,0,1,1240,1,1,1,0,1,7748,1,1822,1,0,1
409,2013500,6970,9570,28.993147,0,0,16,0,0,34495,761,2715,1979005,16,249,60,1,38806,1,100,1,360498,1,1074760,1,202738,1,297464,1,4579,1,61982,1,7605,4,30,4,64887,4,2324,4,4589,8,0,0,4198,192,20,1,128502,1,862,1,2735,1,17795,2,5371,1,0,0,0,0,0,0,10220,1,31362,1,272285,1,46351,1,0,1,0,1,9570,1,6970,1,22399,1,9570,1,0,1,1240,1,1,1,0,1,7748,1,1822,1,0,1
410,1636400,6970,9570,28.993147,0,0,16,0,0,32822,761,2565,1603578,16,249,70,1,25420,1,50,1,247696,1,869747,1,187678,1,268327,1,4589,1,54707,1,5711,4,40,4,64617,4,2325,4,4559,8,0,0,4318,192,20,1,111749,1,862,1,2665,1,15581,2,4729,1,0,0,0,0,0,0,5040,1,22995,1,192748,1,26732,1,0,1,0,1,9570,1,6970,1,22399,1,9570,1,0,1,1240,1,1,1,0,1,7748,1,1822,1,0,1
411,1674400,6970,9570,28.993147,0,0,16,0,0,43017,802,2696,1631383,16,249,60,1,24258,1,60,1,245893,1,878585,1,191255,1,286603,1,4669,1,57272,1,6463,4,40,4,64447,4,2324,4,4689,8,0,0,4317,192,20,1,123583,1,862,1,2755,1,18366,2,4980,1,0,0,0,0,0,0,5421,1,22274,1,191987,1,25981,1,0,1,0,1,9570,1,6970,1,22399,1,9570,1,0,1,1240,1,1,1,0,1,7748,1,1822,1,0,1
412,1626100,6970,9570,28.993147,0,0,16,0,0,29946,761,2636,1596154,16,249,60,1,24568,1,50,1,246183,1,865138,1,186516,1,269008,1,4629,1,53255,1,5952,4,21,4,64416,4,2325,4,4569,8,0,0,4258,192,20,1,111389,1,862,1,2916,1,17755,2,4769,1,0,0,0,0,0,0,5511,1,22274,1,191426,1,26743,1,0,1,0,1,9570,1,6970,1,22399,1,9570,1,0,1,1240,1,1,1,0,1,7748,1,1822,1,0,1
413,1642900,6970,9570,28.993147,0,0,16,0,0,31236,731,2576,1611664,16,249,60,1,25390,1,50,1,245813,1,869828,1,186396,1,279529,1,4599,1,54196,1,5651,4,30,4,64386,4,2315,4,4569,8,0,0,4308,192,20,1,123122,1,862,1,2585,1,16362,2,4699,1,0,0,0,0,0,0,5060,1,23045,1,191245,1,26231,1,0,1,0,1,9570,1,6970,1,22399,1,9570,1,0,1,1240,1,1,1,0,1,7748,1,1822,1,0,1
414,1627200,6970,9570,28.993147,0,0,16,0,0,32299,781,2625,1594901,16,249,60,1,24548,1,30,1,247105,1,868445,1,185644,1,264439,1,4629,1,51611,1,5501,4,30,4,64477,4,2315,4,4569,8,0,0,4258,192,30,1,110747,1,862,1,2615,1,16202,2,4699,1,0,0,0,0,0,0,5050,1,23496,1,192488,1,25871,1,0,1,0,1,9570,1,6970,1,22399,1,9570,1,0,1,1240,1,1,1,0,1,7748,1,1822,1,0,1
415,1974500,6970,9570,28.993147,0,0,16,0,0,47898,1663,4569,1926602,16,249,50,1,24889,1,80,1,244761,1,887713,1,302003,1,460163,1,6944,1,105587,1,13346,4,90,4,83334,4,4248,4,5731,8,0,0,5411,192,40,1,201686,1,1433,1,5751,1,26793,2,10461,1,0,0,0,0,0,0,5020,1,22364,1,191255,1,25931,1,0,1,0,1,9570,1,6970,1,22399,1,9570,1,0,1,1240,1,1,1,0,1,7748,1,1822,1,0,1
416,2024600,6970,9570,28.993147,0,0,16,0,0,32730,802,2876,1991870,16,249,60,1,31362,1,40,1,245853,1,1015403,1,326481,1,368053,1,4619,1,105547,1,15110,4,40,4,95918,4,2395,4,4599,8,0,0,4118,192,20,1,113813,1,862,1,4629,1,19568,2,4749,1,0,0,0,0,0,0,5561,1,24288,1,188670,1,26953,1,0,1,0,1,9570,1,6970,1,22399,1,9570,1,0,1,1240,1,1,1,0,1,7748,1,1822,1,0,1
417,1641800,6970,9570,28.993147,0,0,16,0,0,34324,721,2625,1607476,16,249,50,1,24989,1,40,1,247175,1,869277,1,184632,1,276683,1,4629,1,51531,1,5671,4,40,4,64477,4,2315,4,4579,8,0,0,4268,192,20,1,122641,1,852,1,2765,1,16392,2,4679,1,0,0,0,0,0,0,5461,1,22654,1,190734,1,28165,1,0,1,0,1,9570,1,6970,1,22399,1,9570,1,0,1,1240,1,1,1,0,1,7748,1,1822,1,0,1
418,1623800,6970,9570,28.993147,0,0,16,0,0,32045,801,2546,1591755,16,249,70,1,24298,1,80,1,245422,1,868014,1,184893,1,264369,1,4609,1,51551,1,5591,4,30,4,64376,4,2335,4,4549,8,0,0,4338,192,20,1,111419,1,862,1,2605,1,15601,2,4629,1,0,0,0,0,0,0,5160,1,22594,1,191406,1,26041,1,0,1,0,1,9570,1,6970,1,22399,1,9570,1,0,1,1240,1,1,1,0,1,7748,1,1822,1,0,1
419,2233800,6970,9570,28.993147,0,0,16,0,0,59396,1102,2906,2174404,16,249,60,1,29548,1,150,1,276328,1,1123576,1,296622,1,441286,1,6833,1,92862,1,13797,4,70,4,85678,4,2455,4,5160,8,0,0,4709,192,30,1,203189,1,1293,1,3848,1,22043,2,9759,1,0,0,0,0,0,0,23346,1,32469,1,192318,1,27714,1,0,1,0,1,9570,1,6970,1,22399,1,9570,1,0,1,1240,1,1,1,0,1,7748,1,1822,1,0,1
420,1797700,6970,9570,28.993147,0,0,16,0,0,34288,811,2625,1763412,16,249,130,1,31151,1,120,1,298616,1,963792,1,187368,1,277595,1,4639,1,55188,1,7525,4,30,4,64517,4,2355,4,4559,8,0,0,4288,192,20,1,114445,1,862,1,3226,1,18607,2,5451,1,0,0,0,0,0,0,6232,1,28095,1,230162,1,33786,1,0,1,0,1,9570,1,6970,1,22399,1,9570,1,0,1,1240,1,1,1,0,1,7748,1,1822,1,0,1
421,1631200,6970,9570,28.993147,0,0,16,0,0,31209,782,2505,1599991,16,249,40,1,24278,1,20,1,242596,1,868084,1,185113,1,275290,1,4569,1,51391,1,5531,4,30,4,64106,4,2294,4,4509,8,0,0,4298,192,20,1,122420,1,852,1,2645,1,16011,2,4699,1,0,0,0,0,0,0,5030,1,22284,1,189121,1,25981,1,0,1,0,1,9570,1,6970,1,22399,1,9570,1,0,1,1240,1,1,1,0,1,7748,1,1822,1,0,1
422,1803200,6970,9570,28.993147,0,0,16,0,0,47553,1122,3296,1755647,16,249,80,1,24248,1,110,1,243017,1,875148,1,264720,1,342482,1,5841,1,73424,1,7815,4,40,4,80678,4,2946,4,5701,8,0,0,5351,192,10,1,140416,1,1062,1,3176,1,20049,2,6042,1,0,0,0,0,0,0,5000,1,22184,1,189231,1,26422,1,0,1,0,1,9570,1,6970,1,22399,1,9570,1,0,1,1240,1,1,1,0,1,7748,1,1822,1,0,1
423,2004900,6970,9570,28.993147,0,0,16,0,0,33920,842,2665,1970980,16,249,50,1,26833,1,40,1,243308,1,1230476,1,184803,1,280841,1,4629,1,54587,1,6332,4,40,4,64657,4,2475,4,4559,8,0,0,4369,192,20,1,122701,1,862,1,2675,1,16242,2,4850,1,0,0,0,0,0,0,6423,1,24087,1,185745,1,26903,1,0,1,0,1,9570,1,6970,1,22399,1,9570,1,0,1,1240,1,1,1,0,1,7748,1,1822,1,0,1
424,1623600,6970,9570,28.993147,0,0,16,0,0,32055,752,2776,1591545,16,249,70,1,24218,1,40,1,244039,1,867914,1,187388,1,263267,1,4609,1,52543,1,5561,4,40,4,64487,4,2324,4,4589,8,0,0,4138,192,20,1,110066,1,852,1,2605,1,14759,2,4669,1,0,0,0,0,0,0,5070,1,22895,1,189562,1,26282,1,0,1,0,1,9570,1,6970,1,22399,1,9570,1,0,1,1240,1,1,1,0,1,7748,1,1822,1,0,1
425,1633400,6970,9570,28.993147,0,0,16,0,0,31896,792,2586,1601504,16,249,60,1,24248,1,80,1,244380,1,868465,1,186506,1,273156,1,4609,1,50760,1,5461,4,40,4,64447,4,2315,4,4569,8,0,0,4298,192,20,1,121769,1,862,1,2595,1,14849,2,4679,1,0,0,0,0,0,0,5391,1,22324,1,190604,1,25891,1,0,1,0,1,9570,1,6970,1,22399,1,9570,1,0,1,1240,1,1,1,0,1,7748,1,1822,1,0,1
426,1666700,6970,9570,28.993147,0,0,16,0,0,36219,791,2655,1630481,16,249,50,1,24298,1,70,1,244460,1,881370,1,187969,1,287655,1,4609,1,65869,1,6453,4,30,4,64467,4,2315,4,4579,8,0,0,4238,192,20,1,111088,1,862,1,3046,1,23456,2,4679,1,0,0,0,0,0,0,5030,1,22133,1,191115,1,25991,1,0,1,0,1,9570,1,6970,1,22399,1,9570,1,0,1,1240,1,1,1,0,1,7748,1,1822,1,0,1
427,1641300,6970,9570,28.993147,0,0,16,0,0,33684,761,2506,1607616,16,249,180,1,24809,1,90,1,247736,1,865229,1,185805,1,279118,1,4649,1,51942,1,6072,4,30,4,64717,4,2334,4,4669,8,0,0,4498,192,20,1,123282,1,872,1,3146,1,16472,2,4799,1,0,0,0,0,0,0,5120,1,23396,1,192207,1,26813,1,0,1,0,1,9570,1,6970,1,22399,1,9570,1,0,1,1240,1,1,1,0,1,7748,1,1822,1,0,1
428,1625900,6970,9570,28.993147,0,0,16,0,0,31299,802,2455,1594601,16,249,50,1,24729,1,60,1,247746,1,868225,1,185264,1,263928,1,4599,1,51902,1,5581,4,40,4,64457,4,2305,4,4569,8,0,0,4418,192,20,1,111118,1,862,1,2505,1,15110,2,4659,1,0,0,0,0,0,0,5070,1,22464,1,192718,1,27304,1,0,1,0,1,9570,1,6970,1,22399,1,9570,1,0,1,1240,1,1,1,0,1,7748,1,1822,1,0,1
429,1634800,6970,9570,28.993147,0,0,16,0,0,32194,822,2585,1602606,16,249,60,1,24468,1,40,1,243528,1,869196,1,186787,1,273928,1,4599,1,51631,1,5491,4,40,4,64276,4,2324,4,4559,8,0,0,4298,192,20,1,121709,1,862,1,2505,1,15019,2,4669,1,0,0,0,0,0,0,5070,1,22194,1,190203,1,25851,1,0,1,0,1,9570,1,6970,1,22399,1,9570,1,0,1,1240,1,1,1,0,1,7748,1,1822,1,0,1
430,1688900,6970,9570,28.993147,0,0,16,0,0,49401,761,2686,1639499,16,249,60,1,24258,1,50,1,245352,1,876631,1,213158,1,275280,1,4709,1,57523,1,6833,4,40,4,64917,4,2345,4,4589,8,0,0,4248,192,20,1,111850,1,862,1,2806,1,17945,2,4789,1,0,0,0,0,0,0,5060,1,22695,1,191225,1,26191,1,0,1,0,1,9570,1,6970,1,22399,1,9570,1,0,1,1240,1,1,1,0,1,7748,1,1822,1,0,1
431,1673000,6970,9570,28.993147,0,0,16,0,0,33421,792,2725,1639579,16,249,50,1,25230,1,70,1,250913,1,872232,1,201415,1,285090,1,4579,1,60278,1,5902,4,40,4,64487,4,2424,4,4569,8,0,0,4268,192,20,1,121709,1,862,1,3106,1,16152,2,4749,1,0,0,0,0,0,0,5421,1,23436,1,192768,1,29037,1,0,1,0,1,9570,1,6970,1,22399,1,9570,1,0,1,1240,1,1,1,0,1,7748,1,1822,1,0,1
432,1628300,6970,9570,28.993147,0,0,16,0,0,32357,822,2606,1595943,16,249,50,1,24498,1,60,1,245632,1,871922,1,185284,1,263908,1,4589,1,51591,1,5691,4,50,4,64467,4,2335,4,4569,8,0,0,4298,192,20,1,110437,1,852,1,2585,1,15811,2,4679,1,0,0,0,0,0,0,5240,1,22314,1,191245,1,26642,1,0,1,0,1,9570,1,6970,1,22399,1,9570,1,0,1,1240,1,1,1,0,1,7748,1,1822,1,0,1
433,1641100,6970,9570,28.993147,0,0,16,0,0,33083,781,2546,1608017,16,249,40,1,24498,1,70,1,244680,1,870679,1,186757,1,276693,1,4599,1,52603,1,5611,4,30,4,64497,4,2315,4,4559,8,0,0,4328,192,20,1,122521,1,862,1,2525,1,15621,2,4749,1,0,0,0,0,0,0,5471,1,22755,1,190364,1,25851,1,0,1,0,1,9570,1,6970,1,22399,1,9570,1,0,1,1240,1,1,1,0,1,7748,1,1822,1,0,1
434,1659100,6970,9570,28.993147,0,0,16,0,0,36304,942,2625,1622796,16,249,60,1,24107,1,70,1,245201,1,880448,1,193320,1,274990,1,4599,1,56311,1,7284,4,40,4,64978,4,2444,4,4559,8,0,0,4378,192,20,1,112090,1,872,1,2876,1,17705,2,4870,1,0,0,0,0,0,0,5180,1,22164,1,191175,1,26462,1,0,1,0,1,9570,1,6970,1,22399,1,9570,1,0,1,1240,1,1,1,0,1,7748,1,1822,1,0,1
435,1664000,6970,9570,28.993147,0,0,16,0,0,33249,832,2806,1630751,16,249,70,1,24568,1,90,1,248618,1,883575,1,187899,1,281302,1,4629,1,52764,1,6653,4,40,4,64877,4,2444,4,4759,8,0,0,4398,192,20,1,122951,1,862,1,2685,1,17695,2,4719,1,0,0,0,0,0,0,5441,1,22644,1,193079,1,27233,1,0,1,0,1,9570,1,6970,1,22399,1,9570,1,0,1,1240,1,1,1,0,1,7748,1,1822,1,0,1
436,1633100,6970,9570,28.993147,0,0,16,0,0,31556,801,2636,1601544,16,249,80,1,24428,1,60,1,246734,1,872463,1,185895,1,267265,1,4619,1,52693,1,5681,4,30,4,64877,4,2345,4,4609,8,0,0,4318,192,20,1,111278,1,862,1,2575,1,16793,2,4699,1,0,0,0,0,0,0,5461,1,22815,1,191867,1,26342,1,0,1,0,1,9570,1,6970,1,22399,1,9570,1,0,1,1240,1,1,1,0,1,7748,1,1822,1,0,1
437,1636200,6970,9570,28.993147,0,0,16,0,0,32552,791,2615,1603648,16,249,70,1,24869,1,100,1,243919,1,869667,1,185484,1,274940,1,4599,1,51090,1,5501,4,30,4,64457,4,2325,4,4549,8,0,0,4258,192,20,1,123252,1,862,1,2525,1,14869,2,4669,1,0,0,0,0,0,0,5080,1,22324,1,190364,1,25941,1,0,1,0,1,9570,1,6970,1,22399,1,9570,1,0,1,1240,1,1,1,0,1,7748,1,1822,1,0,1
438,1847300,6970,9570,28.993147,0,0,16,0,0,47036,1203,2936,1800264,16,249,90,1,24057,1,50,1,243167,1,883915,1,301031,1,342753,1,5200,1,75869,1,10260,4,80,4,73073,4,2465,4,4629,8,0,0,4158,192,30,1,144474,1,982,1,3176,1,19498,2,7014,1,0,0,0,0,0,0,5070,1,21953,1,189853,1,26091,1,0,1,0,1,9570,1,6970,1,22399,1,9570,1,0,1,1240,1,1,1,0,1,7748,1,1822,1,0,1
439,1880900,6970,9570,28.993147,0,0,16,0,0,32231,772,2675,1848669,16,249,70,1,25720,1,130,1,243207,1,1039811,1,250832,1,284318,1,4579,1,53766,1,6463,4,40,4,64527,4,2325,4,4599,8,0,0,4248,192,20,1,125887,1,862,1,2615,1,17755,2,4689,1,0,0,0,0,0,0,5541,1,22344,1,188831,1,26231,1,0,1,0,1,9570,1,6970,1,22399,1,9570,1,0,1,1240,1,1,1,0,1,7748,1,1822,1,0,1
440,1625300,6970,9570,28.993147,0,0,16,0,0,32613,762,2615,1592687,16,249,130,1,24468,1,60,1,244029,1,868104,1,185023,1,266203,1,4669,1,53014,1,5721,4,40,4,64386,4,2324,4,4559,8,0,0,4267,192,20,1,110918,1,862,1,2525,1,16432,2,4639,1,0,0,0,0,0,0,5230,1,22254,1,190153,1,26161,1,0,1,0,1,9570,1,6970,1,22399,1,9570,1,0,1,1240,1,1,1,0,1,7748,1,1822,1,0,1
441,1637700,6970,9570,28.993147,0,0,16,0,0,31276,801,2716,1606424,16,249,60,1,24448,1,100,1,244189,1,870880,1,185715,1,276393,1,4639,1,51561,1,5491,4,21,4,64586,4,2345,4,4559,8,0,0,4188,192,20,1,122681,1,862,1,2956,1,15801,2,4709,1,0,0,0,0,0,0,5060,1,22244,1,190875,1,25861,1,0,1,0,1,9570,1,6970,1,22399,1,9570,1,0,1,1240,1,1,1,0,1,7748,1,1822,1,0,1
442,1645200,6970,9570,28.993147,0,0,16,0,0,33285,952,2555,1611915,16,249,60,1,24328,1,80,1,244169,1,874657,1,191466,1,272545,1,4609,1,55429,1,6713,4,30,4,64687,4,2334,4,4589,8,0,0,4368,192,20,1,111319,1,862,1,2816,1,18055,2,4739,1,0,0,0,0,0,0,5421,1,22444,1,189973,1,26091,1,0,1,0,1,9570,1,6970,1,22399,1,9570,1,0,1,1240,1,1,1,0,1,7748,1,1822,1,0,1
443,1648800,6970,9570,28.993147,0,0,16,0,0,32817,761,2676,1615983,16,249,60,1,24719,1,50,1,246113,1,876220,1,187588,1,276623,1,4609,1,52744,1,5631,4,40,4,64396,4,2325,4,4549,8,0,0,4198,192,20,1,122070,1,862,1,2585,1,15971,2,4669,1,0,0,0,0,0,0,5100,1,23446,1,191205,1,26161,1,0,1,0,1,9570,1,6970,1,22399,1,9570,1,0,1,1240,1,1,1,0,1,7748,1,1822,1,0,1
444,1647000,6970,9570,28.993147,0,0,16,0,0,33282,892,2645,1613718,16,249,80,1,24298,1,130,1,244740,1,885929,1,186266,1,267655,1,4619,1,53074,1,5781,4,40,4,64447,4,2455,4,4569,8,0,0,4378,192,20,1,111389,1,862,1,2635,1,16773,2,4719,1,0,0,0,0,0,0,5401,1,22534,1,190404,1,26211,1,0,1,0,1,9570,1,6970,1,22399,1,9570,1,0,1,1240,1,1,1,0,1,7748,1,1822,1,0,1
445,1640700,6970,9570,28.993147,0,0,16,0,0,31721,781,2645,1608979,16,249,60,1,24458,1,40,1,246404,1,872373,1,185133,1,275922,1,4589,1,52102,1,5641,4,30,4,64627,4,2345,4,4539,8,0,0,4238,192,20,1,121909,1,862,1,2515,1,15791,2,4759,1,0,0,0,0,0,0,5060,1,23125,1,191716,1,26322,1,0,1,0,1,9570,1,6970,1,22399,1,9570,1,0,1,1240,1,1,1,0,1,7748,1,1822,1,0,1
446,1659900,6970,9570,28.993147,0,0,16,0,0,34609,932,2906,1625291,16,249,60,1,24388,1,120,1,243989,1,879687,1,192929,1,279499,1,4619,1,57052,1,7575,4,30,4,65008,4,2434,4,4799,8,0,0,4328,192,20,1,113072,1,862,1,2866,1,19959,2,4890,1,0,0,0,0,0,0,5270,1,22534,1,189913,1,26061,1,0,1,0,1,9570,1,6970,1,22399,1,9570,1,0,1,1240,1,1,1,0,1,7748,1,1822,1,0,1
447,1650100,6970,9570,28.993147,0,0,16,0,0,30911,761,2695,1619189,16,249,90,1,24789,1,50,1,247175,1,872904,1,187468,1,282104,1,4609,1,52984,1,6483,4,30,4,64597,4,2354,4,4599,8,0,0,4258,192,20,1,124244,1,862,1,2675,1,17775,2,4719,1,0,0,0,0,0,0,5180,1,23646,1,191636,1,26432,1,0,1,0,1,9570,1,6970,1,22399,1,9570,1,0,1,1240,1,1,1,0,1,7748,1,1822,1,0,1
448,1629100,6970,9570,28.993147,0,0,16,0,0,34008,802,2595,1595092,16,249,50,1,24368,1,100,1,245282,1,868355,1,186015,1,266313,1,4609,1,52623,1,5761,4,30,4,64447,4,2314,4,4679,8,0,0,4398,192,20,1,111088,1,852,1,2615,1,16402,2,4679,1,0,0,0,0,0,0,5361,1,22675,1,190604,1,26452,1,0,1,0,1,9570,1,6970,1,22399,1,9570,1,0,1,1240,1,1,1,0,1,7748,1,1822,1,0,1
449,1638300,6970,9570,28.993147,0,0,16,0,0,32037,771,2535,1606263,16,249,60,1,24248,1,60,1,244831,1,867874,1,185234,1,279348,1,4609,1,53565,1,5501,4,30,4,64567,4,2315,4,4559,8,0,0,4339,192,20,1,123152,1,862,1,2986,1,16292,2,4729,1,0,0,0,0,0,0,5290,1,22324,1,191115,1,25941,1,0,1,0,1,9570,1,6970,1,22399,1,9570,1,0,1,1240,1,1,1,0,1,7748,1,1822,1,0,1
450,1659300,6970,9570,28.993147,0,0,16,0,0,33889,952,2645,1625411,16,249,70,1,24198,1,60,1,244620,1,881420,1,193891,1,276483,1,4669,1,57162,1,6723,4,40,4,64897,4,2334,4,4589,8,0,0,4277,192,20,1,112631,1,862,1,2806,1,18597,2,4870,1,0,0,0,0,0,0,5020,1,21973,1,191235,1,26191,1,0,1,0,1,9570,1,6970,1,22399,1,9570,1,0,1,1240,1,1,1,0,1,7748,1,1822,1,0,1
451,1651500,6970,9570,28.993147,0,0,16,0,0,31600,812,2716,1619900,16,249,60,1,25720,1,50,1,247336,1,873866,1,186476,1,281803,1,4589,1,54307,1,6643,4,30,4,64827,4,2334,4,4569,8,0,0,4187,192,30,1,123192,1,862,1,2645,1,16723,2,4829,1,0,0,0,0,0,0,5300,1,22604,1,192308,1,26853,1,0,1,0,1,9570,1,6970,1,22399,1,9570,1,0,1,1240,1,1,1,0,1,7748,1,1822,1,0,1
452,1630400,6970,9570,28.993147,0,0,16,0,0,32473,811,2495,1597927,16,249,60,1,24638,1,110,1,244370,1,868615,1,187759,1,267746,1,4629,1,52814,1,5721,4,30,4,64767,4,2395,4,4589,8,0,0,4489,192,20,1,111559,1,872,1,2605,1,16863,2,4699,1,0,0,0,0,0,0,5250,1,22234,1,190414,1,26282,1,0,1,0,1,9570,1,6970,1,22399,1,9570,1,0,1,1240,1,1,1,0,1,7748,1,1822,1,0,1
453,1640000,6970,9570,28.993147,0,0,16,0,0,31903,751,2625,1608097,16,249,60,1,24258,1,70,1,245141,1,870038,1,185264,1,278657,1,4609,1,55459,1,5651,4,21,4,64507,4,2334,4,4539,8,0,0,4248,192,20,1,122000,1,862,1,2635,1,15230,2,4649,1,0,0,0,0,0,0,5531,1,22985,1,190454,1,25991,1,0,1,0,1,9570,1,6970,1,22399,1,9570,1,0,1,1240,1,1,1,0,1,7748,1,1822,1,0,1
454,1663900,6970,9570,28.993147,0,0,16,0,0,34591,852,2495,1629309,16,249,60,1,24398,1,60,1,243458,1,885198,1,194933,1,276563,1,4639,1,58385,1,6182,4,40,4,64366,4,2314,4,4529,8,0,0,4348,192,20,1,112160,1,872,1,2775,1,18907,2,5160,1,0,0,0,0,0,0,5040,1,22965,1,189382,1,25891,1,0,1,0,1,9570,1,6970,1,22399,1,9570,1,0,1,1240,1,1,1,0,1,7748,1,1822,1,0,1
455,1651400,6970,9570,28.993147,0,0,16,0,0,29847,761,2635,1621553,16,249,50,1,24568,1,50,1,249520,1,875429,1,185815,1,281493,1,4629,1,53335,1,5831,4,30,4,64897,4,2335,4,4599,8,0,0,4298,192,20,1,124104,1,862,1,2615,1,17384,2,4719,1,0,0,0,0,0,0,5431,1,22895,1,192438,1,28446,1,0,1,0,1,9570,1,6970,1,22399,1,9570,1,0,1,1240,1,1,1,0,1,7748,1,1822,1,0,1
456,1625300,6970,9570,28.993147,0,0,16,0,0,32934,802,2685,1592366,16,249,60,1,24308,1,50,1,246444,1,867162,1,185414,1,264309,1,4619,1,51501,1,5701,4,30,4,64647,4,2335,4,4649,8,0,0,4298,192,20,1,110357,1,862,1,2525,1,16181,2,4699,1,0,0,0,0,0,0,5100,1,23867,1,191115,1,26201,1,0,1,0,1,9570,1,6970,1,22399,1,9570,1,0,1,1240,1,1,1,0,1,7748,1,1822,1,0,1
457,1635600,6970,9570,28.993147,0,0,16,0,0,32472,761,2635,1603128,16,249,60,1,24438,1,60,1,244821,1,868876,1,185073,1,275200,1,4599,1,52553,1,5491,4,11,4,64477,4,2355,4,4569,8,0,0,4288,192,20,1,121719,1,862,1,2515,1,15100,2,4769,1,0,0,0,0,0,0,5040,1,22274,1,190594,1,26692,1,0,1,0,1,9570,1,6970,1,22399,1,9570,1,0,1,1240,1,1,1,0,1,7748,1,1822,1,0,1
458,1877100,6970,9570,28.993147,0,0,16,0,0,47939,1593,3457,1829161,16,249,60,1,24498,1,60,1,244771,1,901430,1,265090,1,387571,1,5681,1,82091,1,12955,4,70,4,90127,4,3136,4,5441,8,0,0,5120,192,30,1,158521,1,1102,1,3497,1,21482,2,7525,1,0,0,0,0,0,0,5431,1,22394,1,190294,1,26472,1,0,1,0,1,9570,1,6970,1,22399,1,9570,1,0,1,1240,1,1,1,0,1,7748,1,1822,1,0,1
459,1764300,6970,9570,28.993147,0,0,16,0,0,30766,902,2806,1733534,16,249,40,1,25871,1,40,1,246534,1,872353,1,230292,1,353324,1,5080,1,71641,1,9909,4,40,4,72292,4,2365,4,4589,8,0,0,4148,192,20,1,158411,1,942,1,3807,1,19528,2,8877,1,0,0,0,0,0,0,5771,1,23987,1,188250,1,28326,1,0,1,0,1,9570,1,6970,1,22399,1,9570,1,0,1,1240,1,1,1,0,1,7748,1,1822,1,0,1
460,1626800,6970,9570,28.993147,0,0,16,0,0,32380,871,2796,1594420,16,249,70,1,24949,1,70,1,245983,1,868084,1,185294,1,265371,1,4599,1,52313,1,6032,4,30,4,64597,4,2385,4,4769,8,0,0,4358,192,20,1,110487,1,852,1,2715,1,15641,2,4659,1,0,0,0,0,0,0,5571,1,23947,1,189041,1,27213,1,0,1,0,1,9570,1,6970,1,22399,1,9570,1,0,1,1240,1,1,1,0,1,7748,1,1822,1,0,1
461,1637800,6970,9570,28.993147,0,0,16,0,0,31747,772,2516,1606053,16,249,50,1,24358,1,80,1,246524,1,870329,1,185043,1,275070,1,4599,1,52263,1,5481,4,30,4,64426,4,2295,4,4559,8,0,0,4338,192,20,1,122260,1,862,1,2555,1,14859,2,4689,1,0,0,0,0,0,0,5050,1,23236,1,190514,1,27524,1,0,1,0,1,9570,1,6970,1,22399,1,9570,1,0,1,1240,1,1,1,0,1,7748,1,1822,1,0,1
462,1653000,6970,9570,28.993147,0,0,16,0,0,35495,862,2595,1617505,16,249,70,1,24177,1,70,1,243378,1,878174,1,190664,1,276292,1,4679,1,56791,1,7124,4,30,4,64607,4,2314,4,4569,8,0,0,4288,192,20,1,111739,1,872,1,3357,1,18937,2,5070,1,0,0,0,0,0,0,5030,1,22324,1,189542,1,26302,1,0,1,0,1,9570,1,6970,1,22399,1,9570,1,0,1,1240,1,1,1,0,1,7748,1,1822,1,0,1
463,1651800,6970,9570,28.993147,0,0,16,0,0,32090,771,2516,1619710,16,249,80,1,24478,1,100,1,247646,1,873405,1,187448,1,281853,1,4699,1,53305,1,5902,4,21,4,64767,4,2335,4,4569,8,0,0,4388,192,20,1,124775,1,862,1,2836,1,16873,2,4819,1,0,0,0,0,0,0,5300,1,24238,1,191366,1,26542,1,0,1,0,1,9570,1,6970,1,22399,1,9570,1,0,1,1240,1,1,1,0,1,7748,1,1822,1,0,1
464,1631100,6970,9570,28.993147,0,0,16,0,0,34045,741,2696,1597055,16,249,70,1,24488,1,80,1,246404,1,868986,1,186857,1,265511,1,4659,1,51912,1,5571,4,30,4,64527,4,2325,4,5090,8,0,0,4719,192,20,1,109886,1,862,1,2936,1,16973,2,4639,1,0,0,0,0,0,0,5501,1,23135,1,191155,1,26392,1,0,1,0,1,9570,1,6970,1,22399,1,9570,1,0,1,1240,1,1,1,0,1,7748,1,1822,1,0,1
465,1634000,6970,9570,28.993147,0,0,16,0,0,32275,832,2605,1601725,16,249,110,1,24338,1,60,1,245001,1,864337,1,185304,1,277926,1,4649,1,52894,1,5591,4,30,4,64497,4,2324,4,4569,8,0,0,4288,192,20,1,123402,1,862,1,2505,1,15741,2,4659,1,0,0,0,0,0,0,5030,1,23165,1,190143,1,26462,1,0,1,0,1,9570,1,6970,1,22399,1,9570,1,0,1,1240,1,1,1,0,1,7748,1,1822,1,0,1
466,1653400,6970,9570,28.993147,0,0,16,0,0,36476,751,2916,1616924,16,249,70,1,24117,1,100,1,243688,1,879597,1,192438,1,272054,1,4860,1,56100,1,6292,4,30,4,64577,4,2475,4,4749,8,0,0,4308,192,20,1,110767,1,862,1,2806,1,17875,2,4749,1,0,0,0,0,0,0,5361,1,22444,1,189863,1,25861,1,0,1,0,1,9570,1,6970,1,22399,1,9570,1,0,1,1240,1,1,1,0,1,7748,1,1822,1,0,1
467,1653100,6970,9570,28.993147,0,0,16,0,0,32148,812,2605,1620952,16,249,100,1,24508,1,60,1,248147,1,874888,1,189091,1,279449,1,4709,1,53164,1,5811,4,40,4,64817,4,2335,4,4579,8,0,0,4308,192,20,1,122601,1,862,1,2675,1,16783,2,4950,1,0,0,0,0,0,0,5150,1,24067,1,190704,1,28055,1,0,1,0,1,9570,1,6970,1,22399,1,9570,1,0,1,1240,1,1,1,0,1,7748,1,1822,1,0,1
468,1629300,6970,9570,28.993147,0,0,16,0,0,32315,732,2605,1596985,16,249,150,1,24478,1,120,1,247005,1,868355,1,186737,1,265471,1,4669,1,52583,1,5691,4,40,4,64527,4,2424,4,4799,8,0,0,4619,192,20,1,110787,1,862,1,2525,1,15821,2,4659,1,0,0,0,0,0,0,5070,1,23566,1,191726,1,26432,1,0,1,0,1,9570,1,6970,1,22399,1,9570,1,0,1,1240,1,1,1,0,1,7748,1,1822,1,0,1
469,1633000,6970,9570,28.993147,0,0,16,0,0,31706,771,2555,1601294,16,249,90,1,24318,1,80,1,243258,1,868255,1,185494,1,274689,1,5110,1,50569,1,5631,4,21,4,64366,4,2325,4,4559,8,0,0,4328,192,20,1,122931,1,862,1,2515,1,15470,2,4649,1,0,0,0,0,0,0,5140,1,22264,1,189923,1,25761,1,0,1,0,1,9570,1,6970,1,22399,1,9570,1,0,1,1240,1,1,1,0,1,7748,1,1822,1,0,1
470,1848000,6970,9570,28.993147,0,0,16,0,0,50692,1463,3437,1797308,16,249,60,1,24087,1,60,1,243999,1,882342,1,251283,1,388372,1,7104,1,81390,1,11382,4,90,4,83153,4,3096,4,5711,8,0,0,5371,192,40,1,164363,1,1222,1,3327,1,23877,2,9258,1,0,0,0,0,0,0,5290,1,22254,1,190364,1,25931,1,0,1,0,1,9570,1,6970,1,22399,1,9570,1,0,1,1240,1,1,1,0,1,7748,1,1822,1,0,1
471,1666100,6970,9570,28.993147,0,0,16,0,0,32974,792,2735,1633126,16,249,50,1,26482,1,60,1,242476,1,870409,1,192318,1,296702,1,4629,1,58986,1,7715,4,40,4,65178,4,2355,4,4589,8,0,0,4208,192,20,1,129434,1,862,1,2755,1,18586,2,5391,1,0,0,0,0,0,0,5561,1,22995,1,186877,1,26773,1,0,1,0,1,9570,1,6970,1,22399,1,9570,1,0,1,1240,1,1,1,0,1,7748,1,1822,1,0,1
472,1633200,6970,9570,28.993147,0,0,16,0,0,35123,741,2525,1598077,16,249,60,1,24919,1,50,1,247696,1,868335,1,187218,1,265211,1,4589,1,51992,1,5651,4,40,4,64426,4,2345,4,5060,8,0,0,4880,192,20,1,110938,1,862,1,2595,1,15741,2,4799,1,0,0,0,0,0,0,5130,1,22875,1,191205,1,28326,1,0,1,0,1,9570,1,6970,1,22399,1,9570,1,0,1,1240,1,1,1,0,1,7748,1,1822,1,0,1
473,1636300,6970,9570,28.993147,0,0,16,0,0,32251,812,2625,1604049,16,249,50,1,24157,1,70,1,243819,1,869457,1,186356,1,275541,1,4599,1,52724,1,5641,4,30,4,64366,4,2305,4,4559,8,0,0,4238,192,20,1,121889,1,862,1,2625,1,15029,2,4679,1,0,0,0,0,0,0,5250,1,22895,1,189442,1,26031,1,0,1,0,1,9570,1,6970,1,22399,1,9570,1,0,1,1240,1,1,1,0,1,7748,1,1822,1,0,1
474,1917500,6970,9570,28.993147,0,0,16,0,0,47078,1232,3367,1870422,16,249,50,1,24288,1,40,1,243608,1,880579,1,285470,1,429463,1,6924,1,93874,1,12024,4,70,4,83454,4,3026,4,5721,8,0,0,5381,192,40,1,188801,1,1242,1,4168,1,26943,2,8867,1,0,0,0,0,0,0,5080,1,22194,1,189743,1,26382,1,0,1,0,1,9570,1,6970,1,22399,1,9570,1,0,1,1240,1,1,1,0,1,7748,1,1822,1,0,1
475,1873600,6970,9570,28.993147,0,0,16,0,0,69228,862,2785,1804372,16,249,802,1,28987,1,30,1,246123,1,946378,1,225633,1,351179,1,5240,1,71731,1,10380,4,40,4,71941,4,2374,4,4569,8,0,0,4158,192,20,1,159964,1,972,1,3457,1,18065,2,6803,1,0,0,0,0,0,0,5701,1,24739,1,188240,1,27193,1,0,1,0,1,9570,1,6970,1,22399,1,9570,1,0,1,1240,1,1,1,0,1,7748,1,1822,1,0,1
476,1878500,6970,9570,28.993147,0,0,16,0,0,34099,822,2736,1844401,16,249,170,1,41992,1,60,1,300199,1,962610,1,214471,1,320149,1,4749,1,68555,1,9048,4,40,4,69076,4,2334,4,4569,8,0,0,4168,192,10,1,135977,1,882,1,3477,1,18907,2,6453,1,0,0,0,0,0,0,7024,1,29889,1,225823,1,37223,1,0,1,0,1,9570,1,6970,1,22399,1,9570,1,0,1,1240,1,1,1,0,1,7748,1,1822,1,0,1
477,1651500,6970,9570,28.993147,0,0,16,0,0,44395,752,2655,1607105,16,249,50,1,24378,1,60,1,243157,1,869477,1,187087,1,278246,1,4649,1,51942,1,5531,4,40,4,64497,4,2324,4,4549,8,0,0,4218,192,20,1,124164,1,862,1,2896,1,16021,2,4649,1,0,0,0,0,0,0,5040,1,23727,1,187899,1,26252,1,0,1,0,1,9570,1,6970,1,22399,1,9570,1,0,1,1240,1,1,1,0,1,7748,1,1822,1,0,1
478,1709400,6970,9570,28.993147,0,0,16,0,0,60523,791,2606,1648877,16,249,50,1,25670,1,40,1,248909,1,869006,1,209922,1,290490,1,4789,1,62944,1,8627,4,181,4,65008,4,2345,4,4559,8,0,0,4298,192,20,1,113182,1,872,1,3176,1,22895,2,5892,1,0,0,0,0,0,0,5240,1,22995,1,189512,1,30770,1,0,1,0,1,9570,1,6970,1,22399,1,9570,1,0,1,1240,1,1,1,0,1,7748,1,1822,1,0,1
479,1659600,6970,9570,28.993147,0,0,16,0,0,33758,761,2645,1625842,16,249,10,1,25089,1,80,1,246023,1,873034,1,188781,1,288186,1,4639,1,58084,1,7445,4,30,4,64497,4,2315,4,4559,8,0,0,4228,192,20,1,122811,1,862,1,2745,1,19318,2,4739,1,0,0,0,0,0,0,5080,1,23867,1,190514,1,26352,1,0,1,0,1,9570,1,6970,1,22399,1,9570,1,0,1,1240,1,1,1,0,1,7748,1,1822,1,0,1
480,1632100,6970,9570,28.993147,0,0,16,0,0,34564,811,2685,1597536,16,249,50,1,24809,1,50,1,243919,1,869016,1,185885,1,269088,1,4719,1,53675,1,5581,4,30,4,64487,4,2325,4,4559,8,0,0,4198,192,20,1,111389,1,862,1,2926,1,17645,2,4779,1,0,0,0,0,0,0,5030,1,22855,1,189312,1,26492,1,0,1,0,1,9570,1,6970,1,22399,1,9570,1,0,1,1240,1,1,1,0,1,7748,1,1822,1,0,1
481,1656400,6970,9570,28.993147,0,0,16,0,0,37842,1423,2545,1618558,16,249,10,1,24268,1,100,1,243488,1,870559,1,186676,1,288035,1,5421,1,52613,1,5561,4,30,4,64617,4,2405,4,4739,8,0,0,4599,192,20,1,121529,1,952,1,2525,1,20981,2,10641,1,0,0,0,0,0,0,5471,1,22254,1,189482,1,26051,1,0,1,0,1,9570,1,6970,1,22399,1,9570,1,0,1,1240,1,1,1,0,1,7748,1,1822,1,0,1
482,1954800,6970,9570,28.993147,0,0,16,0,0,52145,1132,2827,1902655,16,249,90,1,28135,1,170,1,355478,1,1044270,1,189131,1,280551,1,4829,1,56210,1,6342,4,80,4,69266,4,2425,4,4609,8,0,0,4207,192,30,1,114535,1,882,1,2685,1,17494,2,4860,1,0,0,0,0,0,0,6573,1,32073,1,280140,1,36251,1,0,1,0,1,9570,1,6970,1,22399,1,9570,1,0,1,1240,1,1,1,0,1,7748,1,1822,1,0,1
483,1901700,6970,9570,28.993147,0,0,16,0,0,31799,751,2675,1869901,16,249,60,1,34197,1,50,1,322834,1,1027157,1,189031,1,291923,1,4649,1,57874,1,7425,4,30,4,67282,4,2324,4,4569,8,0,0,4218,192,20,1,128673,1,852,1,2515,1,14208,2,5401,1,0,0,0,0,0,0,7745,1,26863,1,252426,1,35420,1,0,1,0,1,9570,1,6970,1,22399,1,9570,1,0,1,1240,1,1,1,0,1,7748,1,1822,1,0,1
484,1620200,6970,9570,28.993147,0,0,16,0,0,32212,832,2605,1587988,16,249,60,1,24137,1,60,1,243879,1,867734,1,186506,1,261022,1,4589,1,50930,1,5461,4,30,4,64366,4,2334,4,4549,8,0,0,4278,192,20,1,110297,1,862,1,2515,1,14118,2,4709,1,0,0,0,0,0,0,5040,1,22534,1,189993,1,26141,1,0,1,0,1,9570,1,6970,1,22399,1,9570,1,0,1,1240,1,1,1,0,1,7748,1,1822,1,0,1
485,1710200,6970,9570,28.993147,0,0,16,0,0,48202,821,2686,1661998,16,249,70,1,24258,1,60,1,242316,1,880058,1,213645,1,296893,1,4699,1,55269,1,6282,4,30,4,64547,4,2445,4,4739,8,0,0,4498,192,20,1,136077,1,852,1,2505,1,18536,2,4769,1,0,0,0,0,0,0,5040,1,22103,1,188901,1,26081,1,0,1,0,1,9570,1,6970,1,22399,1,9570,1,0,1,1240,1,1,1,0,1,7748,1,1822,1,0,1
486,1650800,6970,9570,28.993147,0,0,16,0,0,31280,782,2695,1619520,16,249,70,1,24638,1,40,1,246294,1,868215,1,190975,1,284689,1,4599,1,60369,1,7906,4,30,4,65048,4,2344,4,4549,8,0,0,4198,192,20,1,118673,1,862,1,2946,1,15420,2,5741,1,0,0,0,0,0,0,5451,1,22644,1,191245,1,26722,1,0,1,0,1,9570,1,6970,1,22399,1,9570,1,0,1,1240,1,1,1,0,1,7748,1,1822,1,0,1
487,1639000,6970,9570,28.993147,0,0,16,0,0,31915,752,2715,1607085,16,249,60,1,24719,1,50,1,246444,1,870218,1,187007,1,273968,1,4619,1,52263,1,5511,4,40,4,64396,4,2314,4,4569,8,0,0,4168,192,20,1,121458,1,862,1,2605,1,14468,2,4709,1,0,0,0,0,0,0,5030,1,23256,1,191326,1,26642,1,0,1,0,1,9570,1,6970,1,22399,1,9570,1,0,1,1240,1,1,1,0,1,7748,1,1822,1,0,1
488,1622300,6970,9570,28.993147,0,0,16,0,0,34042,712,2755,1588258,16,249,60,1,24117,1,60,1,245041,1,867303,1,185604,1,261493,1,4579,1,51120,1,5561,4,40,4,64276,4,2314,4,4629,8,0,0,4188,192,20,1,110697,1,862,1,2565,1,14028,2,4669,1,0,0,0,0,0,0,5020,1,23175,1,190143,1,26482,1,0,1,0,1,9570,1,6970,1,22399,1,9570,1,0,1,1240,1,1,1,0,1,7748,1,1822,1,0,1
489,1809000,6970,9570,28.993147,0,0,16,0,0,57822,1483,3397,1751178,16,249,60,1,24548,1,20,1,243098,1,870759,1,189332,1,417329,1,6032,1,100898,1,10761,4,80,4,83704,4,3046,4,5721,8,0,0,5371,192,30,1,179422,1,1092,1,3176,1,20510,2,7405,1,0,0,0,0,0,0,5030,1,22023,1,189722,1,26081,1,0,1,0,1,9570,1,6970,1,22399,1,9570,1,0,1,1240,1,1,1,0,1,7748,1,1822,1,0,1
490,1803300,6970,9570,28.993147,0,0,16,0,0,32794,822,2866,1770506,16,249,50,1,25961,1,70,1,246925,1,884757,1,244720,1,362562,1,5461,1,77903,1,11162,4,30,4,75889,4,2374,4,4599,8,0,0,4108,192,30,1,159433,1,1012,1,3296,1,18566,2,7445,1,0,0,0,0,0,0,5391,1,23236,1,190905,1,27223,1,0,1,0,1,9570,1,6970,1,22399,1,9570,1,0,1,1240,1,1,1,0,1,7748,1,1822,1,0,1
491,1637900,6970,9570,28.993147,0,0,16,0,0,32628,781,2626,1605272,16,249,60,1,27484,1,70,1,245171,1,869958,1,184322,1,273617,1,4589,1,51581,1,5541,4,21,4,64336,4,2315,4,4549,8,0,0,4238,192,20,1,121629,1,862,1,2595,1,14589,2,4799,1,0,0,0,0,0,0,5050,1,23576,1,189853,1,26492,1,0,1,0,1,9570,1,6970,1,22399,1,9570,1,0,1,1240,1,1,1,0,1,7748,1,1822,1,0,1
492,1622800,6970,9570,28.993147,0,0,16,0,0,31856,772,2655,1590944,16,249,70,1,24698,1,50,1,244250,1,867553,1,186576,1,263157,1,4589,1,52082,1,5601,4,40,4,64587,4,2334,4,4549,8,0,0,4228,192,30,1,110527,1,862,1,2585,1,14528,2,4659,1,0,0,0,0,0,0,5050,1,22554,1,190404,1,26061,1,0,1,0,1,9570,1,6970,1,22399,1,9570,1,0,1,1240,1,1,1,0,1,7748,1,1822,1,0,1
493,1905300,6970,9570,28.993147,0,0,16,0,0,60067,1683,3577,1845233,16,249,60,1,24238,1,80,1,245001,1,896420,1,219631,1,453621,1,6182,1,104245,1,12354,4,70,4,87522,4,3116,4,5892,8,0,0,5431,192,20,1,197287,1,1082,1,3497,1,28817,2,8036,1,0,0,0,0,0,0,5260,1,21653,1,190464,1,27394,1,0,1,0,1,9570,1,6970,1,22399,1,9570,1,0,1,1240,1,1,1,0,1,7748,1,1822,1,0,1
494,1769800,6970,9570,28.993147,0,0,16,0,0,36572,881,2676,1733228,16,249,230,1,31422,1,160,1,280676,1,867142,1,225292,1,323455,1,4850,1,74126,1,10440,4,30,4,72092,4,2335,4,4559,8,0,0,4218,192,571,1,127701,1,862,1,3186,1,21833,2,4840,1,0,0,0,0,0,0,6843,1,33215,1,210048,1,29819,1,0,1,0,1,9570,1,6970,1,22399,1,9570,1,0,1,1240,1,1,1,0,1,7748,1,1822,1,0,1
495,1647600,6970,9570,28.993147,0,0,16,0,0,32509,801,2625,1615091,16,249,120,1,24919,1,60,1,250241,1,869587,1,186296,1,279168,1,4699,1,52904,1,5611,4,21,4,64537,4,2314,4,4569,8,0,0,4258,192,20,1,121649,1,862,1,2575,1,18657,2,4649,1,0,0,0,0,0,0,5351,1,23085,1,194342,1,27203,1,0,1,0,1,9570,1,6970,1,22399,1,9570,1,0,1,1240,1,1,1,0,1,7748,1,1822,1,0,1
496,1633500,6970,9570,28.993147,0,0,16,0,0,33429,731,2665,1600071,16,249,40,1,24218,1,90,1,247295,1,867864,1,186717,1,269138,1,4709,1,52323,1,5601,4,30,4,64587,4,2324,4,4559,8,0,0,4218,192,20,1,113132,1,862,1,2926,1,17354,2,4689,1,0,0,0,0,0,0,5290,1,22294,1,192839,1,26692,1,0,1,0,1,9570,1,6970,1,22399,1,9570,1,0,1,1240,1,1,1,0,1,7748,1,1822,1,0,1
497,1710900,6970,9570,28.993147,0,0,16,0,0,35270,742,2615,1675630,16,249,70,1,24318,1,70,1,246133,1,886601,1,194712,1,318806,1,4920,1,70819,1,8507,4,40,4,65138,4,2334,4,4669,8,0,0,4388,192,30,1,125406,1,862,1,3046,1,32504,2,4709,1,0,0,0,0,0,0,5000,1,22795,1,192087,1,25991,1,0,1,0,1,9570,1,6970,1,22399,1,9570,1,0,1,1240,1,1,1,0,1,7748,1,1822,1,0,1
498,1644100,6970,9570,28.993147,0,0,16,0,0,31795,752,2605,1612305,16,249,90,1,24749,1,70,1,250362,1,873435,1,187899,1,271012,1,4689,1,54497,1,7004,4,30,4,65008,4,2334,4,4589,8,0,0,4318,192,20,1,111058,1,862,1,2585,1,17174,2,5100,1,0,0,0,0,0,0,5170,1,24598,1,192668,1,27664,1,0,1,0,1,9570,1,6970,1,22399,1,9570,1,0,1,1240,1,1,1,0,1,7748,1,1822,1,0,1
499,1642000,6970,9570,28.993147,0,0,16,0,0,33252,721,2635,1608748,16,249,70,1,24228,1,50,1,246093,1,870148,1,187438,1,276052,1,4669,1,52593,1,5641,4,30,4,64527,4,2434,4,4549,8,0,0,4348,192,20,1,121579,1,862,1,2505,1,15881,2,4709,1,0,0,0,0,0,0,5040,1,23396,1,191396,1,26071,1,0,1,0,1,9570,1,6970,1,22399,1,9570,1,0,1,1240,1,1,1,0,1,7748,1,1822,1,0,1
500,1624300,6970,9570,28.993147,0,0,16,0,0,31723,811,2645,1592577,16,249,70,1,24588,1,40,1,245241,1,866722,1,186145,1,265161,1,4609,1,52563,1,5511,4,21,4,64376,4,2324,4,4569,8,0,0,4248,192,20,1,111118,1,862,1,2505,1,15801,2,4679,1,0,0,0,0,0,0,5451,1,22634,1,190855,1,26111,1,0,1,0,1,9570,1,6970,1,22399,1,9570,1,0,1,1240,1,1,1,0,1,7748,1,1822,1,0,1
501,1684500,6970,9570,28.993147,0,0,16,0,0,35282,792,2646,1649218,16,249,60,1,24318,1,50,1,245913,1,882863,1,202457,1,288827,1,4729,1,58375,1,6483,4,40,4,64877,4,2515,4,4579,8,0,0,4448,192,20,1,123623,1,952,1,2816,1,19067,2,4689,1,0,0,0,0,0,0,5371,1,22624,1,191426,1,26282,1,0,1,0,1,9570,1,6970,1,22399,1,9570,1,0,1,1240,1,1,1,0,1,7748,1,1822,1,0,1
502,1634700,6970,9570,28.993147,0,0,16,0,0,30270,802,2595,1604430,16,249,60,1,24698,1,60,1,248488,1,870749,1,186566,1,269168,1,4639,1,52623,1,6403,4,30,4,64907,4,2344,4,4569,8,0,0,4318,192,20,1,111459,1,862,1,2615,1,17724,2,4809,1,0,0,0,0,0,0,5481,1,22935,1,192969,1,26903,1,0,1,0,1,9570,1,6970,1,22399,1,9570,1,0,1,1240,1,1,1,0,1,7748,1,1822,1,0,1
503,1643000,6970,9570,28.993147,0,0,16,0,0,31927,801,2605,1611073,16,249,60,1,24909,1,60,1,244971,1,873144,1,186947,1,276343,1,4639,1,51281,1,5691,4,21,4,64406,4,2344,4,4559,8,0,0,4298,192,20,1,123001,1,862,1,2525,1,16162,2,4669,1,0,0,0,0,0,0,5030,1,22424,1,190885,1,26422,1,0,1,0,1,9570,1,6970,1,22399,1,9570,1,0,1,1240,1,1,1,0,1,7748,1,1822,1,0,1
504,1624300,6970,9570,28.993147,0,0,16,0,0,31122,761,2626,1593178,16,249,70,1,24208,1,60,1,244380,1,869958,1,184753,1,265131,1,4619,1,52633,1,5761,4,30,4,64437,4,2324,4,4539,8,0,0,4237,192,20,1,111299,1,862,1,2535,1,15290,2,4639,1,0,0,0,0,0,0,5080,1,22204,1,191025,1,25861,1,0,1,0,1,9570,1,6970,1,22399,1,9570,1,0,1,1240,1,1,1,0,1,7748,1,1822,1,0,1
505,1725500,6970,9570,28.993147,0,0,16,0,0,40582,721,2546,1684918,16,249,50,1,24288,1,90,1,244700,1,885258,1,236985,1,288877,1,4669,1,59928,1,6413,4,40,4,64597,4,2415,4,4629,8,0,0,4498,192,20,1,122881,1,872,1,2795,1,18456,2,5110,1,0,0,0,0,0,0,5070,1,22544,1,191025,1,25891,1,0,1,0,1,9570,1,6970,1,22399,1,9570,1,0,1,1240,1,1,1,0,1,7748,1,1822,1,0,1
506,1640400,6970,9570,28.993147,0,0,16,0,0,31641,792,2536,1608759,16,249,50,1,25199,1,150,1,248418,1,874096,1,187187,1,269028,1,4629,1,53034,1,6543,4,40,4,64687,4,2325,4,4569,8,0,0,4357,192,20,1,111439,1,862,1,2725,1,17164,2,4829,1,0,0,0,0,0,0,5671,1,23165,1,192338,1,26943,1,0,1,0,1,9570,1,6970,1,22399,1,9570,1,0,1,1240,1,1,1,0,1,7748,1,1822,1,0,1
507,1642900,6970,9570,28.993147,0,0,16,0,0,31507,762,2585,1611393,16,249,70,1,24769,1,50,1,246955,1,871872,1,187418,1,275671,1,4589,1,52263,1,5591,4,40,4,64416,4,2344,4,4549,8,0,0,4308,192,20,1,121929,1,862,1,2505,1,15731,2,4659,1,0,0,0,0,0,0,5431,1,23175,1,191125,1,27043,1,0,1,0,1,9570,1,6970,1,22399,1,9570,1,0,1,1240,1,1,1,0,1,7748,1,1822,1,0,1
508,1624200,6970,9570,28.993147,0,0,16,0,0,31794,792,2616,1592406,16,249,50,1,24358,1,60,1,245592,1,868455,1,184863,1,264429,1,4599,1,52012,1,5531,4,40,4,64527,4,2305,4,4569,8,0,0,4257,192,30,1,110236,1,862,1,2505,1,16282,2,4739,1,0,0,0,0,0,0,5060,1,23276,1,190855,1,26191,1,0,1,0,1,9570,1,6970,1,22399,1,9570,1,0,1,1240,1,1,1,0,1,7748,1,1822,1,0,1
509,1719700,6970,9570,28.993147,0,0,16,0,0,48209,712,2585,1671491,16,249,50,1,25089,1,70,1,245342,1,876701,1,217808,1,301752,1,4679,1,72232,1,7134,4,40,4,64507,4,2394,4,4639,8,0,0,4448,192,20,1,122320,1,1002,1,3587,1,18416,2,4749,1,0,0,0,0,0,0,5060,1,23366,1,190895,1,25821,1,0,1,0,1,9570,1,6970,1,22399,1,9570,1,0,1,1240,1,1,1,0,1,7748,1,1822,1,0,1
510,1633700,6970,9570,28.993147,0,0,16,0,0,30122,772,2635,1603578,16,249,40,1,24558,1,60,1,247176,1,871391,1,186486,1,269229,1,4639,1,53846,1,6022,4,40,4,64827,4,2345,4,4569,8,0,0,4278,192,20,1,111329,1,862,1,2795,1,17053,2,4749,1,0,0,0,0,0,0,5220,1,22705,1,192157,1,26883,1,0,1,0,1,9570,1,6970,1,22399,1,9570,1,0,1,1240,1,1,1,0,1,7748,1,1822,1,0,1
511,1643200,6970,9570,28.993147,0,0,16,0,0,32768,761,2575,1610432,16,249,60,1,25370,1,40,1,247977,1,870299,1,186145,1,275942,1,4599,1,51551,1,5661,4,30,4,64587,4,2335,4,4539,8,0,0,4298,192,20,1,121909,1,862,1,2555,1,16422,2,4709,1,0,0,0,0,0,0,5210,1,23005,1,192628,1,26943,1,0,1,0,1,9570,1,6970,1,22399,1,9570,1,0,1,1240,1,1,1,0,1,7748,1,1822,1,0,1
512,1626200,6970,9570,28.993147,0,0,16,0,0,31199,811,2575,1595001,16,249,70,1,24518,1,80,1,246053,1,868335,1,186727,1,264630,1,4589,1,51732,1,5511,4,30,4,64497,4,2325,4,4569,8,0,0,4318,192,30,1,110908,1,862,1,2695,1,16021,2,4639,1,0,0,0,0,0,0,5220,1,22534,1,191436,1,26672,1,0,1,0,1,9570,1,6970,1,22399,1,9570,1,0,1,1240,1,1,1,0,1,7748,1,1822,1,0,1
513,1751400,6970,9570,28.993147,0,0,16,0,0,38287,761,2715,1713113,16,249,80,1,24528,1,60,1,245633,1,893133,1,248658,1,293586,1,7435,1,63835,1,7044,4,30,4,64467,4,2404,4,4569,8,0,0,4258,192,30,1,121639,1,862,1,2735,1,20330,2,4880,1,0,0,0,0,0,0,5120,1,22725,1,191496,1,26111,1,0,1,0,1,9570,1,6970,1,22399,1,9570,1,0,1,1240,1,1,1,0,1,7748,1,1822,1,0,1
514,1636900,6970,9570,28.993147,0,0,16,0,0,30747,752,2745,1606153,16,249,70,1,24829,1,60,1,249670,1,870439,1,185805,1,270591,1,4689,1,54717,1,6433,4,40,4,64867,4,2374,4,4629,8,0,0,4258,192,20,1,111088,1,862,1,2575,1,17374,2,4860,1,0,0,0,0,0,0,5721,1,23406,1,192879,1,27454,1,0,1,0,1,9570,1,6970,1,22399,1,9570,1,0,1,1240,1,1,1,0,1,7748,1,1822,1,0,1
515,1642700,6970,9570,28.993147,0,0,16,0,0,30946,791,2676,1611754,16,249,70,1,24598,1,50,1,246243,1,872463,1,185975,1,277675,1,4679,1,52513,1,5581,4,30,4,64406,4,2315,4,4569,8,0,0,4208,192,20,1,122681,1,862,1,2525,1,16673,2,4709,1,0,0,0,0,0,0,5140,1,23456,1,191125,1,26342,1,0,1,0,1,9570,1,6970,1,22399,1,9570,1,0,1,1240,1,1,1,0,1,7748,1,1822,1,0,1
516,1622200,6970,9570,28.993147,0,0,16,0,0,31858,772,2645,1590342,16,249,70,1,24448,1,70,1,243989,1,867874,1,185915,1,263357,1,4619,1,51361,1,5551,4,40,4,64587,4,2334,4,4539,8,0,0,4228,192,20,1,110317,1,862,1,2525,1,15801,2,4649,1,0,0,0,0,0,0,5100,1,22334,1,190193,1,26171,1,0,1,0,1,9570,1,6970,1,22399,1,9570,1,0,1,1240,1,1,1,0,1,7748,1,1822,1,0,1
517,1682600,6970,9570,28.993147,0,0,16,0,0,37069,781,2575,1645531,16,249,70,1,24418,1,70,1,243488,1,890328,1,193881,1,288657,1,4619,1,54497,1,6172,4,21,4,64697,4,2295,4,4549,8,0,0,4268,192,30,1,128623,1,862,1,2605,1,18867,2,4659,1,0,0,0,0,0,0,5090,1,22925,1,189552,1,25751,1,0,1,0,1,9570,1,6970,1,22399,1,9570,1,0,1,1240,1,1,1,0,1,7748,1,1822,1,0,1
518,1631500,6970,9570,28.993147,0,0,16,0,0,30327,811,2806,1601173,16,249,60,1,25019,1,60,1,247015,1,871371,1,186015,1,266994,1,4639,1,52052,1,5972,4,21,4,64787,4,2435,4,4809,8,0,0,4438,192,20,1,111759,1,862,1,2535,1,16172,2,4759,1,0,0,0,0,0,0,5411,1,22945,1,191215,1,27193,1,0,1,0,1,9570,1,6970,1,22399,1,9570,1,0,1,1240,1,1,1,0,1,7748,1,1822,1,0,1
519,1639800,6970,9570,28.993147,0,0,16,0,0,31262,792,2685,1608538,16,249,60,1,24508,1,40,1,246364,1,871832,1,185063,1,276072,1,4599,1,51441,1,5591,4,21,4,64336,4,2324,4,4579,8,0,0,4218,192,20,1,122370,1,862,1,2836,1,16222,2,4679,1,0,0,0,0,0,0,5160,1,23226,1,191556,1,26252,1,0,1,0,1,9570,1,6970,1,22399,1,9570,1,0,1,1240,1,1,1,0,1,7748,1,1822,1,0,1
520,1625400,6970,9570,28.993147,0,0,16,0,0,32152,782,2586,1593248,16,249,70,1,24318,1,20,1,245352,1,869577,1,186707,1,262606,1,4599,1,51211,1,5671,4,40,4,64356,4,2315,4,4559,8,0,0,4288,192,20,1,110717,1,862,1,2655,1,14659,2,4759,1,0,0,0,0,0,0,5050,1,22043,1,191316,1,26702,1,0,1,0,1,9570,1,6970,1,22399,1,9570,1,0,1,1240,1,1,1,0,1,7748,1,1822,1,0,1
521,1710000,6970,9570,28.993147,0,0,16,0,0,42887,832,2675,1667113,16,249,60,1,24709,1,10,1,244340,1,874337,1,213369,1,305620,1,4669,1,78204,1,6683,4,40,4,64527,4,2415,4,4559,8,0,0,4298,192,20,1,122641,1,862,1,3096,1,17033,2,4709,1,0,0,0,0,0,0,5060,1,22103,1,191095,1,25911,1,0,1,0,1,9570,1,6970,1,22399,1,9570,1,0,1,1240,1,1,1,0,1,7748,1,1822,1,0,1
522,1631900,6970,9570,28.993147,0,0,16,0,0,34264,842,2816,1597636,16,249,60,1,24468,1,40,1,246925,1,869106,1,186656,1,265752,1,4629,1,51852,1,5681,4,40,4,64917,4,2315,4,4739,8,0,0,4238,192,30,1,111198,1,862,1,2695,1,15701,2,4880,1,0,0,0,0,0,0,5591,1,22664,1,190825,1,27644,1,0,1,0,1,9570,1,6970,1,22399,1,9570,1,0,1,1240,1,1,1,0,1,7748,1,1822,1,0,1
523,1644500,6970,9570,28.993147,0,0,16,0,0,31694,772,2685,1612806,16,249,60,1,24528,1,70,1,245923,1,873765,1,186867,1,276974,1,4619,1,52453,1,6172,4,30,4,64797,4,2354,4,4599,8,0,0,4268,192,30,1,122551,1,872,1,2575,1,15080,2,4689,1,0,0,0,0,0,0,5190,1,22845,1,190644,1,27063,1,0,1,0,1,9570,1,6970,1,22399,1,9570,1,0,1,1240,1,1,1,0,1,7748,1,1822,1,0,1
524,1625700,6970,9570,28.993147,0,0,16,0,0,31120,792,2606,1594580,16,249,70,1,24658,1,80,1,244590,1,870228,1,187468,1,262876,1,4609,1,50890,1,5521,4,40,4,64697,4,2335,4,4559,8,0,0,4288,192,30,1,111198,1,862,1,2856,1,14408,2,4689,1,0,0,0,0,0,0,5090,1,22023,1,191185,1,26101,1,0,1,0,1,9570,1,6970,1,22399,1,9570,1,0,1,1240,1,1,1,0,1,7748,1,1822,1,0,1
525,1831600,6970,9570,28.993147,0,0,16,0,0,56425,1453,3397,1775175,16,249,60,1,24378,1,40,1,243698,1,873495,1,198440,1,429142,1,5922,1,111108,1,11262,4,60,4,83203,4,3056,4,5721,8,0,0,5381,192,40,1,178520,1,1082,1,3567,1,22093,2,7976,1,0,0,0,0,0,0,5060,1,21903,1,190584,1,25931,1,0,1,0,1,9570,1,6970,1,22399,1,9570,1,0,1,1240,1,1,1,0,1,7748,1,1822,1,0,1
526,1638000,6970,9570,28.993147,0,0,16,0,0,34031,832,2706,1603969,16,249,140,1,26201,1,120,1,245592,1,870719,1,188250,1,268277,1,4669,1,51782,1,5631,4,40,4,64707,4,2345,4,4559,8,0,0,4198,192,30,1,112160,1,862,1,2625,1,17905,2,4799,1,0,0,0,0,0,0,5190,1,22214,1,190855,1,27143,1,0,1,0,1,9570,1,6970,1,22399,1,9570,1,0,1,1240,1,1,1,0,1,7748,1,1822,1,0,1
527,1642900,6970,9570,28.993147,0,0,16,0,0,32899,771,2565,1610001,16,249,40,1,24518,1,70,1,246724,1,871892,1,184793,1,277334,1,4629,1,51872,1,5531,4,30,4,64376,4,2305,4,4559,8,0,0,4298,192,30,1,124144,1,862,1,2505,1,15180,2,5170,1,0,0,0,0,0,0,5130,1,23165,1,192117,1,26161,1,0,1,0,1,9570,1,6970,1,22399,1,9570,1,0,1,1240,1,1,1,0,1,7748,1,1822,1,0,1
528,1626000,6970,9570,28.993147,0,0,16,0,0,32842,742,2555,1593158,16,249,70,1,24157,1,140,1,245492,1,870098,1,185474,1,263117,1,4609,1,51431,1,5441,4,40,4,64437,4,2324,4,4559,8,0,0,4328,192,20,1,111258,1,862,1,2525,1,14699,2,4779,1,0,0,0,0,0,0,5070,1,22113,1,190654,1,27434,1,0,1,0,1,9570,1,6970,1,22399,1,9570,1,0,1,1240,1,1,1,0,1,7748,1,1822,1,0,1
529,1732600,6970,9570,28.993147,0,0,16,0,0,46490,792,2726,1686110,16,249,170,1,24368,1,100,1,244510,1,875509,1,230072,1,306772,1,4609,1,71761,1,6122,4,40,4,64426,4,2345,4,4559,8,0,0,4178,192,20,1,129765,1,862,1,2565,1,18827,2,4689,1,0,0,0,0,0,0,5060,1,22284,1,190855,1,26061,1,0,1,0,1,9570,1,6970,1,22399,1,9570,1,0,1,1240,1,1,1,0,1,7748,1,1822,1,0,1
530,1635900,6970,9570,28.993147,0,0,16,0,0,35327,781,2786,1600573,16,249,60,1,25861,1,60,1,247386,1,865820,1,187037,1,269730,1,4619,1,54116,1,5761,4,30,4,64927,4,2365,4,5330,8,0,0,4909,192,20,1,112451,1,872,1,2515,1,15861,2,4699,1,0,0,0,0,0,0,5230,1,23496,1,191847,1,26662,1,0,1,0,1,9570,1,6970,1,22399,1,9570,1,0,1,1240,1,1,1,0,1,7748,1,1822,1,0,1
531,1643100,6970,9570,28.993147,0,0,16,0,0,32999,822,2566,1610101,16,249,80,1,24328,1,60,1,247215,1,872914,1,186857,1,274048,1,4599,1,50890,1,5531,4,40,4,64477,4,2305,4,4569,8,0,0,4308,192,20,1,121889,1,862,1,2535,1,15370,2,4739,1,0,0,0,0,0,0,5060,1,23125,1,192298,1,26492,1,0,1,0,1,9570,1,6970,1,22399,1,9570,1,0,1,1240,1,1,1,0,1,7748,1,1822,1,0,1
532,1623600,6970,9570,28.993147,0,0,16,0,0,31264,761,2615,1592336,16,249,70,1,24147,1,30,1,246284,1,869096,1,186035,1,262075,1,4599,1,51120,1,5461,4,40,4,64537,4,2315,4,4569,8,0,0,4268,192,20,1,110347,1,862,1,2525,1,14819,2,4699,1,0,0,0,0,0,0,5070,1,23636,1,191255,1,26111,1,0,1,0,1,9570,1,6970,1,22399,1,9570,1,0,1,1240,1,1,1,0,1,7748,1,1822,1,0,1
533,1698700,6970,9570,28.993147,0,0,16,0,0,47358,782,2736,1651342,16,249,90,1,24598,1,60,1,244049,1,873805,1,196025,1,308015,1,4699,1,78975,1,6162,4,40,4,64577,4,2665,4,4569,8,0,0,4499,192,30,1,124134,1,862,1,2735,1,17715,2,4769,1,0,0,0,0,0,0,5030,1,22003,1,190424,1,26422,1,0,1,0,1,9570,1,6970,1,22399,1,9570,1,0,1,1240,1,1,1,0,1,7748,1,1822,1,0,1
534,1630900,6970,9570,28.993147,0,0,16,0,0,32472,761,2535,1598428,16,249,30,1,24298,1,60,1,246745,1,870168,1,186206,1,266343,1,4579,1,52814,1,6152,4,40,4,64757,4,2345,4,4749,8,0,0,4559,192,20,1,110808,1,862,1,2535,1,15801,2,4699,1,0,0,0,0,0,0,5471,1,23186,1,191215,1,26662,1,0,1,0,1,9570,1,6970,1,22399,1,9570,1,0,1,1240,1,1,1,0,1,7748,1,1822,1,0,1
535,1639100,6970,9570,28.993147,0,0,16,0,0,32245,802,2596,1606855,16,249,90,1,24508,1,60,1,245151,1,870900,1,185695,1,275852,1,4599,1,51531,1,5471,4,40,4,64467,4,2324,4,4559,8,0,0,4287,192,20,1,123372,1,862,1,2635,1,15100,2,4669,1,0,0,0,0,0,0,5040,1,22344,1,191025,1,26502,1,0,1,0,1,9570,1,6970,1,22399,1,9570,1,0,1,1240,1,1,1,0,1,7748,1,1822,1,0,1
536,1622200,6970,9570,28.993147,0,0,16,0,0,31978,711,2595,1590222,16,249,60,1,24428,1,60,1,245532,1,868936,1,186065,1,260552,1,4589,1,50269,1,5551,4,30,4,64437,4,2305,4,4579,8,0,0,4288,192,20,1,110106,1,862,1,2495,1,14468,2,4719,1,0,0,0,0,0,0,5080,1,22153,1,191907,1,26231,1,0,1,0,1,9570,1,6970,1,22399,1,9570,1,0,1,1240,1,1,1,0,1,7748,1,1822,1,0,1
537,1813700,6970,9570,28.993147,0,0,16,0,0,54436,1353,3597,1759264,16,249,50,1,24338,1,70,1,246013,1,875078,1,185554,1,422179,1,5982,1,109876,1,10370,4,90,4,82903,4,3056,4,5781,8,0,0,5240,192,50,1,175985,1,1082,1,3226,1,20620,2,7785,1,0,0,0,0,0,0,5240,1,22414,1,192298,1,25871,1,0,1,0,1,9570,1,6970,1,22399,1,9570,1,0,1,1240,1,1,1,0,1,7748,1,1822,1,0,1
538,1749300,6970,9570,28.993147,0,0,16,0,0,34473,782,2616,1714827,16,249,80,1,26432,1,110,1,246554,1,873886,1,227376,1,335388,1,5000,1,73003,1,9829,4,40,4,72272,4,2335,4,4699,8,0,0,4418,192,20,1,143802,1,962,1,2926,1,17835,2,6884,1,0,0,0,0,0,0,5180,1,22454,1,191987,1,26803,1,0,1,0,1,9570,1,6970,1,22399,1,9570,1,0,1,1240,1,1,1,0,1,7748,1,1822,1,0,1
539,1636100,6970,9570,28.993147,0,0,16,0,0,32331,761,2596,1603769,16,249,60,1,24658,1,80,1,245732,1,869928,1,185143,1,273557,1,4609,1,51070,1,5601,4,40,4,64477,4,2335,4,4559,8,0,0,4298,192,20,1,122020,1,862,1,2595,1,14428,2,4789,1,0,0,0,0,0,0,5130,1,22264,1,191977,1,26141,1,0,1,0,1,9570,1,6970,1,22399,1,9570,1,0,1,1240,1,1,1,0,1,7748,1,1822,1,0,1
540,1624200,6970,9570,28.993147,0,0,16,0,0,32295,852,2685,1591905,16,249,60,1,24288,1,80,1,244189,1,869888,1,185935,1,262876,1,4589,1,51431,1,5441,4,40,4,64587,4,2314,4,4559,8,0,0,4188,192,20,1,110978,1,862,1,2795,1,14368,2,4629,1,0,0,0,0,0,0,5200,1,22043,1,190364,1,26362,1,0,1,0,1,9570,1,6970,1,22399,1,9570,1,0,1,1240,1,1,1,0,1,7748,1,1822,1,0,1
541,1909100,6970,9570,28.993147,0,0,16,0,0,50781,1383,3707,1858319,16,249,50,1,24478,1,60,1,244661,1,897803,1,266283,1,419043,1,5942,1,101108,1,11543,4,80,4,83384,4,3306,4,5721,8,0,0,5320,192,50,1,174202,1,1603,1,3236,1,26101,2,7324,1,0,0,0,0,0,0,5371,1,22033,1,190644,1,26432,1,0,1,0,1,9570,1,6970,1,22399,1,9570,1,0,1,1240,1,1,1,0,1,7748,1,1822,1,0,1
542,1761600,6970,9570,28.993147,0,0,16,0,0,34339,992,2746,1727261,16,249,30,1,26262,1,130,1,251564,1,891580,1,245582,1,307484,1,4629,1,80398,1,8206,4,40,4,67312,4,2385,4,4689,8,0,0,4328,192,10,1,112070,1,852,1,3747,1,19889,2,6894,1,0,0,0,0,0,0,5691,1,24127,1,192658,1,28736,1,0,1,0,1,9570,1,6970,1,22399,1,9570,1,0,1,1240,1,1,1,0,1,7748,1,1822,1,0,1
543,1647200,6970,9570,28.993147,0,0,16,0,0,34654,782,2535,1612546,16,249,80,1,24418,1,30,1,246624,1,869427,1,187328,1,280030,1,4609,1,54036,1,5631,4,40,4,64457,4,2334,4,4539,8,0,0,4338,192,20,1,124154,1,862,1,2585,1,15941,2,4649,1,0,0,0,0,0,0,5471,1,22995,1,191716,1,26262,1,0,1,0,1,9570,1,6970,1,22399,1,9570,1,0,1,1240,1,1,1,0,1,7748,1,1822,1,0,1
544,1631800,6970,9570,28.993147,0,0,16,0,0,32029,782,2485,1599771,16,249,60,1,24719,1,60,1,246865,1,869788,1,185404,1,268277,1,4599,1,53485,1,5591,4,30,4,64507,4,2344,4,4559,8,0,0,4418,192,20,1,112230,1,862,1,2635,1,16573,2,4659,1,0,0,0,0,0,0,5501,1,23035,1,191336,1,26783,1,0,1,0,1,9570,1,6970,1,22399,1,9570,1,0,1,1240,1,1,1,0,1,7748,1,1822,1,0,1
545,1727600,6970,9570,28.993147,0,0,16,0,0,46389,771,2897,1681211,16,249,60,1,24779,1,50,1,245773,1,870489,1,249380,1,285721,1,4960,1,57703,1,6793,4,30,4,64807,4,2485,4,4589,8,0,0,4177,192,20,1,123392,1,862,1,2735,1,16743,2,4789,1,0,0,0,0,0,0,5110,1,21893,1,192067,1,26502,1,0,1,0,1,9570,1,6970,1,22399,1,9570,1,0,1,1240,1,1,1,0,1,7748,1,1822,1,0,1
546,1645800,6970,9570,28.993147,0,0,16,0,0,33224,831,2765,1612576,16,249,40,1,24488,1,40,1,248127,1,870489,1,190514,1,274288,1,4589,1,58294,1,7565,4,21,4,64587,4,2325,4,5120,8,0,0,4679,192,20,1,111409,1,852,1,2745,1,15881,2,4639,1,0,0,0,0,0,0,5621,1,22524,1,192578,1,27193,1,0,1,0,1,9570,1,6970,1,22399,1,9570,1,0,1,1240,1,1,1,0,1,7748,1,1822,1,0,1
547,1638000,6970,9570,28.993147,0,0,16,0,0,32518,752,2705,1605482,16,249,60,1,24498,1,70,1,244099,1,870319,1,184673,1,277124,1,4639,1,52263,1,5521,4,40,4,64547,4,2324,4,4559,8,0,0,4178,192,20,1,123683,1,862,1,3066,1,14809,2,4679,1,0,0,0,0,0,0,5070,1,22604,1,190294,1,25951,1,0,1,0,1,9570,1,6970,1,22399,1,9570,1,0,1,1240,1,1,1,0,1,7748,1,1822,1,0,1
548,1626800,6970,9570,28.993147,0,0,16,0,0,31899,762,2675,1594901,16,249,60,1,24568,1,40,1,245302,1,871421,1,185985,1,262916,1,4609,1,52343,1,5431,4,40,4,64507,4,2324,4,4569,8,0,0,4218,192,20,1,110156,1,852,1,2545,1,14699,2,4669,1,0,0,0,0,0,0,5050,1,23206,1,190384,1,26462,1,0,1,0,1,9570,1,6970,1,22399,1,9570,1,0,1,1240,1,1,1,0,1,7748,1,1822,1,0,1
549,1698400,6970,9570,28.993147,0,0,16,0,0,51877,831,2736,1646523,16,249,100,1,24228,1,50,1,245653,1,879958,1,206966,1,284799,1,4769,1,55880,1,6593,4,21,4,64797,4,2385,4,4589,8,0,0,4238,192,20,1,124374,1,872,1,2655,1,16993,2,4789,1,0,0,0,0,0,0,5050,1,23596,1,191015,1,25801,1,0,1,0,1,9570,1,6970,1,22399,1,9570,1,0,1,1240,1,1,1,0,1,7748,1,1822,1,0,1
550,1636100,6970,9570,28.993147,0,0,16,0,0,32121,841,2565,1603979,16,249,40,1,24739,1,100,1,246845,1,871180,1,186416,1,270060,1,4599,1,53695,1,6292,4,30,4,64948,4,2335,4,4599,8,0,0,4368,192,20,1,112721,1,862,1,2665,1,16312,2,4739,1,0,0,0,0,0,0,5471,1,22364,1,192408,1,26382,1,0,1,0,1,9570,1,6970,1,22399,1,9570,1,0,1,1240,1,1,1,0,1,7748,1,1822,1,0,1
551,1638900,6970,9570,28.993147,0,0,16,0,0,34460,831,2666,1604440,16,249,80,1,24268,1,50,1,243578,1,870379,1,185093,1,276383,1,4609,1,51251,1,5551,4,30,4,64497,4,2896,4,4539,8,0,0,4768,192,20,1,122811,1,862,1,2515,1,15851,2,4729,1,0,0,0,0,0,0,5030,1,22364,1,189973,1,25971,1,0,1,0,1,9570,1,6970,1,22399,1,9570,1,0,1,1240,1,1,1,0,1,7748,1,1822,1,0,1
552,1628900,6970,9570,28.993147,0,0,16,0,0,32075,782,2625,1596825,16,249,60,1,24628,1,50,1,244570,1,873084,1,186426,1,263397,1,4609,1,51140,1,5641,4,40,4,64416,4,2314,4,4569,8,0,0,4258,192,20,1,110417,1,862,1,2505,1,16052,2,4639,1,0,0,0,0,0,0,5040,1,22534,1,190744,1,26071,1,0,1,0,1,9570,1,6970,1,22399,1,9570,1,0,1,1240,1,1,1,0,1,7748,1,1822,1,0,1
553,1881900,6970,9570,28.993147,0,0,16,0,0,49232,1313,3347,1832668,16,249,80,1,24318,1,80,1,244490,1,879236,1,283456,1,394925,1,6082,1,80197,1,10821,4,70,4,84175,4,3056,4,5731,8,0,0,5441,192,30,1,175164,1,1262,1,3537,1,22153,2,7415,1,0,0,0,0,0,0,5060,1,22604,1,190754,1,25911,1,0,1,0,1,9570,1,6970,1,22399,1,9570,1,0,1,1240,1,1,1,0,1,7748,1,1822,1,0,1
554,1785700,6970,9570,28.993147,0,0,16,0,0,34462,771,2725,1751238,16,249,50,1,26422,1,120,1,243348,1,917792,1,248748,1,310099,1,4659,1,80668,1,9429,4,21,4,70338,4,2344,4,4609,8,0,0,4228,192,10,1,114535,1,862,1,3226,1,18396,2,4890,1,0,0,0,0,0,0,5591,1,22494,1,187749,1,27364,1,0,1,0,1,9570,1,6970,1,22399,1,9570,1,0,1,1240,1,1,1,0,1,7748,1,1822,1,0,1
555,1646400,6970,9570,28.993147,0,0,16,0,0,33033,802,2766,1613367,16,249,50,1,24769,1,40,1,247085,1,872042,1,186095,1,278697,1,4589,1,52643,1,5831,4,30,4,64457,4,2315,4,4779,8,0,0,4328,192,20,1,122500,1,862,1,2675,1,16963,2,4819,1,0,0,0,0,0,0,5150,1,23516,1,191927,1,26252,1,0,1,0,1,9570,1,6970,1,22399,1,9570,1,0,1,1240,1,1,1,0,1,7748,1,1822,1,0,1
556,1626000,6970,9570,28.993147,0,0,16,0,0,32251,792,2605,1593749,16,249,70,1,24127,1,60,1,246324,1,867353,1,185895,1,265321,1,4599,1,51421,1,5461,4,40,4,64497,4,2305,4,4559,8,0,0,4258,192,20,1,111519,1,862,1,2675,1,16382,2,4789,1,0,0,0,0,0,0,5050,1,23566,1,191326,1,26161,1,0,1,0,1,9570,1,6970,1,22399,1,9570,1,0,1,1240,1,1,1,0,1,7748,1,1822,1,0,1
557,1668200,6970,9570,28.993147,0,0,16,0,0,33991,862,2685,1634209,16,249,60,1,24238,1,50,1,244160,1,881841,1,193400,1,285791,1,4669,1,55299,1,6182,4,40,4,65048,4,2324,4,4589,8,0,0,4228,192,20,1,123723,1,862,1,2856,1,19158,2,4829,1,0,0,0,0,0,0,5361,1,22454,1,190243,1,25911,1,0,1,0,1,9570,1,6970,1,22399,1,9570,1,0,1,1240,1,1,1,0,1,7748,1,1822,1,0,1
558,1633400,6970,9570,28.993147,0,0,16,0,0,31826,811,2535,1601574,16,249,50,1,24608,1,70,1,246985,1,871100,1,186566,1,267595,1,4599,1,52914,1,5711,4,21,4,64867,4,2325,4,4559,8,0,0,4348,192,20,1,111258,1,862,1,2625,1,16963,2,4659,1,0,0,0,0,0,0,5361,1,23135,1,191446,1,26813,1,0,1,0,1,9570,1,6970,1,22399,1,9570,1,0,1,1240,1,1,1,0,1,7748,1,1822,1,0,1
559,1639300,6970,9570,28.993147,0,0,16,0,0,33708,812,2555,1605592,16,249,50,1,24729,1,30,1,245382,1,868395,1,185314,1,277094,1,4599,1,52122,1,5571,4,30,4,64447,4,2314,4,5060,8,0,0,4819,192,20,1,122551,1,862,1,2575,1,16041,2,4689,1,0,0,0,0,0,0,5060,1,22614,1,191105,1,26412,1,0,1,0,1,9570,1,6970,1,22399,1,9570,1,0,1,1240,1,1,1,0,1,7748,1,1822,1,0,1
560,1625700,6970,9570,28.993147,0,0,16,0,0,33194,771,2645,1592506,16,249,60,1,24328,1,90,1,244941,1,869206,1,185194,1,264078,1,4609,1,51040,1,5471,4,21,4,64477,4,2325,4,4559,8,0,0,4238,192,20,1,111228,1,862,1,2595,1,16041,2,4669,1,0,0,0,0,0,0,5030,1,22314,1,191195,1,26201,1,0,1,0,1,9570,1,6970,1,22399,1,9570,1,0,1,1240,1,1,1,0,1,7748,1,1822,1,0,1
561,1704200,6970,9570,28.993147,0,0,16,0,0,35975,961,2496,1668225,16,249,60,1,24648,1,50,1,244630,1,900107,1,198580,1,295430,1,4719,1,59797,1,8537,4,21,4,64807,4,2335,4,4589,8,0,0,4428,192,20,1,125927,1,922,1,3006,1,19017,2,5491,1,0,0,0,0,0,0,5070,1,22404,1,190975,1,25951,1,0,1,0,1,9570,1,6970,1,22399,1,9570,1,0,1,1240,1,1,1,0,1,7748,1,1822,1,0,1
562,1641900,6970,9570,28.993147,0,0,16,0,0,32310,751,2596,1609590,16,249,90,1,24488,1,441,1,249079,1,872844,1,187508,1,270521,1,4619,1,54407,1,6683,4,30,4,64837,4,2335,4,4579,8,0,0,4318,192,20,1,111088,1,872,1,2655,1,17364,2,4900,1,0,0,0,0,0,0,5120,1,23927,1,192889,1,26943,1,0,1,0,1,9570,1,6970,1,22399,1,9570,1,0,1,1240,1,1,1,0,1,7748,1,1822,1,0,1
563,1639600,6970,9570,28.993147,0,0,16,0,0,31463,811,2596,1608137,16,249,70,1,24418,1,70,1,245762,1,870319,1,185224,1,277665,1,4609,1,52012,1,5681,4,30,4,64406,4,2335,4,4960,8,0,0,4698,192,20,1,122701,1,862,1,2505,1,16663,2,4679,1,0,0,0,0,0,0,5140,1,23556,1,190754,1,26071,1,0,1,0,1,9570,1,6970,1,22399,1,9570,1,0,1,1240,1,1,1,0,1,7748,1,1822,1,0,1
564,1624200,6970,9570,28.993147,0,0,16,0,0,31884,801,2706,1592316,16,249,60,1,24147,1,60,1,245732,1,868114,1,185214,1,264389,1,4599,1,51481,1,5681,4,21,4,64437,4,2315,4,4589,8,0,0,4198,192,20,1,110878,1,862,1,2906,1,15711,2,4689,1,0,0,0,0,0,0,5030,1,23316,1,191005,1,26111,1,0,1,0,1,9570,1,6970,1,22399,1,9570,1,0,1,1240,1,1,1,0,1,7748,1,1822,1,0,1
565,1692300,6970,9570,28.993147,0,0,16,0,0,51669,922,2735,1640631,16,249,70,1,24177,1,70,1,245803,1,884326,1,195534,1,285901,1,4749,1,55539,1,6563,4,30,4,64527,4,2334,4,4579,8,0,0,4178,192,20,1,123853,1,862,1,3026,1,18727,2,4920,1,0,0,0,0,0,0,5030,1,23196,1,191446,1,25941,1,0,1,0,1,9570,1,6970,1,22399,1,9570,1,0,1,1240,1,1,1,0,1,7748,1,1822,1,0,1
566,1636300,6970,9570,28.993147,0,0,16,0,0,30578,762,2785,1605722,16,249,40,1,25490,1,200,1,248117,1,871591,1,186616,1,268968,1,4699,1,53776,1,5982,4,30,4,64797,4,2334,4,4569,8,0,0,4118,192,20,1,111389,1,862,1,2635,1,17013,2,4799,1,0,0,0,0,0,0,5230,1,23276,1,192087,1,27304,1,0,1,0,1,9570,1,6970,1,22399,1,9570,1,0,1,1240,1,1,1,0,1,7748,1,1822,1,0,1
567,1638900,6970,9570,28.993147,0,0,16,0,0,31184,821,2575,1607716,16,249,60,1,24468,1,60,1,245863,1,869607,1,185314,1,277755,1,4589,1,52323,1,5561,4,21,4,64346,4,2345,4,4639,8,0,0,4409,192,20,1,123533,1,862,1,2645,1,15901,2,4739,1,0,0,0,0,0,0,5100,1,23666,1,190825,1,26061,1,0,1,0,1,9570,1,6970,1,22399,1,9570,1,0,1,1240,1,1,1,0,1,7748,1,1822,1,0,1
568,1627400,6970,9570,28.993147,0,0,16,0,0,32158,831,2595,1595242,16,249,60,1,24167,1,80,1,244610,1,870198,1,184943,1,266553,1,4629,1,52172,1,5511,4,30,4,64897,4,2315,4,4589,8,0,0,4308,192,20,1,111369,1,862,1,2866,1,16072,2,5020,1,0,0,0,0,0,0,5070,1,22715,1,190654,1,25981,1,0,1,0,1,9570,1,6970,1,22399,1,9570,1,0,1,1240,1,1,1,0,1,7748,1,1822,1,0,1
569,1694300,6970,9570,28.993147,0,0,16,0,0,39060,712,2555,1655240,16,249,70,1,24799,1,90,1,245272,1,888825,1,205173,1,286382,1,4629,1,56210,1,7174,4,40,4,64527,4,2314,4,4569,8,0,0,4328,192,20,1,123212,1,862,1,3016,1,19007,2,4719,1,0,0,0,0,0,0,5120,1,22143,1,191606,1,26242,1,0,1,0,1,9570,1,6970,1,22399,1,9570,1,0,1,1240,1,1,1,0,1,7748,1,1822,1,0,1
570,1636100,6970,9570,28.993147,0,0,16,0,0,29877,821,2625,1606223,16,249,60,1,24909,1,40,1,247556,1,872914,1,186937,1,269168,1,4639,1,53695,1,6373,4,30,4,64747,4,2325,4,4569,8,0,0,4268,192,20,1,111669,1,862,1,2705,1,16563,2,4789,1,0,0,0,0,0,0,5120,1,23025,1,191716,1,27484,1,0,1,0,1,9570,1,6970,1,22399,1,9570,1,0,1,1240,1,1,1,0,1,7748,1,1822,1,0,1
571,1635700,6970,9570,28.993147,0,0,16,0,0,31030,841,2826,1604670,16,249,60,1,24879,1,60,1,245712,1,868816,1,185043,1,275491,1,4609,1,51782,1,5611,4,21,4,64386,4,2314,4,5230,8,0,0,4719,192,20,1,121969,1,852,1,2535,1,15250,2,4679,1,0,0,0,0,0,0,5110,1,22865,1,191165,1,26362,1,0,1,0,1,9570,1,6970,1,22399,1,9570,1,0,1,1240,1,1,1,0,1,7748,1,1822,1,0,1
572,1624600,6970,9570,28.993147,0,0,16,0,0,31663,861,2635,1592937,16,249,50,1,24268,1,40,1,244991,1,868846,1,184582,1,265551,1,4609,1,51972,1,5521,4,30,4,64376,4,2305,4,4569,8,0,0,4238,192,20,1,111038,1,862,1,2926,1,16312,2,4759,1,0,0,0,0,0,0,5070,1,22564,1,190714,1,26432,1,0,1,0,1,9570,1,6970,1,22399,1,9570,1,0,1,1240,1,1,1,0,1,7748,1,1822,1,0,1
573,1872500,6970,9570,28.993147,0,0,16,0,0,47718,1242,3467,1824782,16,249,50,1,24428,1,70,1,243829,1,877693,1,266653,1,405887,1,6172,1,78264,1,10731,4,80,4,83103,4,3527,4,5741,8,0,0,5801,192,50,1,189001,1,1303,1,3407,1,21312,2,8126,1,0,0,0,0,0,0,5391,1,22093,1,190213,1,25931,1,0,1,0,1,9570,1,6970,1,22399,1,9570,1,0,1,1240,1,1,1,0,1,7748,1,1822,1,0,1
574,1680200,6970,9570,28.993147,0,0,16,0,0,31193,821,2706,1649007,16,249,90,1,26262,1,40,1,243147,1,869828,1,202187,1,302855,1,4599,1,65098,1,8447,4,21,4,66851,4,2365,4,4589,8,0,0,4248,192,20,1,126919,1,862,1,2665,1,18186,2,6012,1,0,0,0,0,0,0,5250,1,23306,1,187628,1,26732,1,0,1,0,1,9570,1,6970,1,22399,1,9570,1,0,1,1240,1,1,1,0,1,7748,1,1822,1,0,1
575,1639700,6970,9570,28.993147,0,0,16,0,0,31182,742,2566,1608518,16,249,60,1,24588,1,60,1,248147,1,870579,1,185384,1,275100,1,4599,1,51762,1,5571,4,40,4,64457,4,2314,4,4619,8,0,0,4367,192,20,1,122490,1,862,1,2565,1,14969,2,4689,1,0,0,0,0,0,0,5541,1,23596,1,191125,1,27654,1,0,1,0,1,9570,1,6970,1,22399,1,9570,1,0,1,1240,1,1,1,0,1,7748,1,1822,1,0,1
576,1627600,6970,9570,28.993147,0,0,16,0,0,32128,801,2515,1595472,16,249,60,1,24729,1,20,1,245171,1,870188,1,186957,1,263758,1,4589,1,51722,1,5711,4,30,4,64617,4,2305,4,4699,8,0,0,4489,192,20,1,111138,1,862,1,2595,1,14478,2,4779,1,0,0,0,0,0,0,5200,1,23025,1,190474,1,26312,1,0,1,0,1,9570,1,6970,1,22399,1,9570,1,0,1,1240,1,1,1,0,1,7748,1,1822,1,0,1
577,1843900,6970,9570,28.993147,0,0,16,0,0,39848,741,2756,1804052,16,249,50,1,24488,1,80,1,243668,1,937300,1,273717,1,320058,1,4689,1,73374,1,8056,4,50,4,64647,4,2635,4,4559,8,0,0,4438,192,20,1,126939,1,1092,1,6132,1,26973,2,4840,1,0,0,0,0,0,0,5220,1,21743,1,190554,1,25961,1,0,1,0,1,9570,1,6970,1,22399,1,9570,1,0,1,1240,1,1,1,0,1,7748,1,1822,1,0,1
578,1642800,6970,9570,28.993147,0,0,16,0,0,32168,842,2615,1610632,16,249,10,1,25129,1,210,1,248718,1,874777,1,186877,1,270281,1,4629,1,52673,1,6002,4,40,4,64717,4,2414,4,4569,8,0,0,4369,192,20,1,112050,1,862,1,3186,1,18146,2,4759,1,0,0,0,0,0,0,5531,1,23576,1,192338,1,27103,1,0,1,0,1,9570,1,6970,1,22399,1,9570,1,0,1,1240,1,1,1,0,1,7748,1,1822,1,0,1
579,1640200,6970,9570,28.993147,0,0,16,0,0,31883,731,2546,1608317,16,249,230,1,24498,1,50,1,246013,1,868746,1,185925,1,278266,1,4589,1,52593,1,5851,4,40,4,64447,4,2315,4,4689,8,0,0,4458,192,20,1,122661,1,862,1,2575,1,16753,2,4729,1,0,0,0,0,0,0,5130,1,22925,1,191456,1,26282,1,0,1,0,1,9570,1,6970,1,22399,1,9570,1,0,1,1240,1,1,1,0,1,7748,1,1822,1,0,1
580,1624400,6970,9570,28.993147,0,0,16,0,0,32625,762,2564,1591775,16,249,70,1,25590,1,70,1,243418,1,867213,1,185685,1,265131,1,4599,1,51391,1,5691,4,30,4,64447,4,2324,4,4559,8,0,0,4318,192,20,1,111268,1,862,1,2615,1,16352,2,4809,1,0,0,0,0,0,0,5090,1,21733,1,190464,1,25961,1,0,1,0,1,9570,1,6970,1,22399,1,9570,1,0,1,1240,1,1,1,0,1,7748,1,1822,1,0,1
581,1679400,6970,9570,28.993147,0,0,16,0,0,35563,772,2605,1643837,16,249,80,1,24258,1,80,1,243839,1,889075,1,195444,1,286402,1,4659,1,55980,1,7124,4,40,4,64807,4,2314,4,4589,8,0,0,4298,192,20,1,122771,1,862,1,2916,1,19478,2,4729,1,0,0,0,0,0,0,5351,1,22184,1,189692,1,26422,1,0,1,0,1,9570,1,6970,1,22399,1,9570,1,0,1,1240,1,1,1,0,1,7748,1,1822,1,0,1
582,1635900,6970,9570,28.993147,0,0,16,0,0,32763,782,2646,1603137,16,249,90,1,24608,1,40,1,248899,1,870429,1,186516,1,267936,1,4619,1,52062,1,5952,4,40,4,64937,4,2315,4,4569,8,0,0,4238,192,20,1,111419,1,862,1,2986,1,16983,2,5010,1,0,0,0,0,0,0,5270,1,23426,1,192758,1,27243,1,0,1,0,1,9570,1,6970,1,22399,1,9570,1,0,1,1240,1,1,1,0,1,7748,1,1822,1,0,1
583,1640000,6970,9570,28.993147,0,0,16,0,0,31823,771,2645,1608177,16,249,70,1,24538,1,90,1,246975,1,869617,1,186196,1,276082,1,4609,1,51691,1,5691,4,21,4,64447,4,2334,4,4589,8,0,0,4278,192,20,1,122030,1,852,1,2585,1,16232,2,4819,1,0,0,0,0,0,0,5691,1,22314,1,191736,1,26993,1,0,1,0,1,9570,1,6970,1,22399,1,9570,1,0,1,1240,1,1,1,0,1,7748,1,1822,1,0,1
584,1623400,6970,9570,28.993147,0,0,16,0,0,32256,751,2665,1591144,16,249,60,1,24218,1,70,1,243658,1,867303,1,185915,1,265331,1,4589,1,51481,1,5571,4,40,4,64477,4,2315,4,4579,8,0,0,4228,192,20,1,110557,1,852,1,2505,1,17374,2,4809,1,0,0,0,0,0,0,5140,1,21853,1,190294,1,26181,1,0,1,0,1,9570,1,6970,1,22399,1,9570,1,0,1,1240,1,1,1,0,1,7748,1,1822,1,0,1
585,1891400,6970,9570,28.993147,0,0,16,0,0,48372,1283,3387,1843028,16,249,60,1,24648,1,90,1,244570,1,897031,1,270661,1,398272,1,7695,1,82422,1,11252,4,90,4,83123,4,3056,4,5711,8,0,0,5381,192,40,1,174813,1,1313,1,3527,1,22023,2,9619,1,0,0,0,0,0,0,5421,1,23025,1,190073,1,25861,1,0,1,0,1,9570,1,6970,1,22399,1,9570,1,0,1,1240,1,1,1,0,1,7748,1,1822,1,0,1
586,1647900,6970,9570,28.993147,0,0,16,0,0,32308,721,2666,1615592,16,249,60,1,25891,1,140,1,242266,1,871240,1,191787,1,279599,1,4609,1,56761,1,7595,4,30,4,65088,4,2385,4,4579,8,0,0,4298,192,20,1,114675,1,862,1,2775,1,18697,2,5411,1,0,0,0,0,0,0,5180,1,22935,1,187167,1,26732,1,0,1,0,1,9570,1,6970,1,22399,1,9570,1,0,1,1240,1,1,1,0,1,7748,1,1822,1,0,1
587,1638400,6970,9570,28.993147,0,0,16,0,0,32177,781,2605,1606223,16,249,60,1,24658,1,70,1,245642,1,869808,1,186396,1,274970,1,4619,1,50990,1,5491,4,30,4,64366,4,2325,4,4559,8,0,0,4278,192,20,1,122030,1,852,1,3036,1,15801,2,4689,1,0,0,0,0,0,0,5130,1,22925,1,190594,1,26783,1,0,1,0,1,9570,1,6970,1,22399,1,9570,1,0,1,1240,1,1,1,0,1,7748,1,1822,1,0,1
588,1622500,6970,9570,28.993147,0,0,16,0,0,33510,832,2665,1588990,16,249,70,1,24278,1,90,1,244290,1,867313,1,185073,1,263277,1,4599,1,51601,1,5461,4,30,4,64647,4,2424,4,4559,8,0,0,4318,192,20,1,110557,1,862,1,2545,1,14989,2,4749,1,0,0,0,0,0,0,5050,1,22194,1,190754,1,26101,1,0,1,0,1,9570,1,6970,1,22399,1,9570,1,0,1,1240,1,1,1,0,1,7748,1,1822,1,0,1
589,1736900,6970,9570,28.993147,0,0,16,0,0,37874,952,2665,1699026,16,249,60,1,24248,1,30,1,246334,1,897883,1,227607,1,298276,1,4589,1,62072,1,7545,4,40,4,64677,4,2315,4,4559,8,0,0,4208,192,20,1,123543,1,862,1,3487,1,23436,2,4769,1,0,0,0,0,0,0,5220,1,22554,1,190464,1,27905,1,0,1,0,1,9570,1,6970,1,22399,1,9570,1,0,1,1240,1,1,1,0,1,7748,1,1822,1,0,1
590,1645900,6970,9570,28.993147,0,0,16,0,0,35769,751,2485,1610131,16,249,60,1,25169,1,100,1,249099,1,872763,1,188610,1,269699,1,4629,1,52794,1,5872,4,40,4,64978,4,2325,4,4589,8,0,0,4428,192,20,1,111589,1,872,1,2605,1,18516,2,4749,1,0,0,0,0,0,0,5531,1,23065,1,192618,1,27664,1,0,1,0,1,9570,1,6970,1,22399,1,9570,1,0,1,1240,1,1,1,0,1,7748,1,1822,1,0,1
591,1648000,6970,9570,28.993147,0,0,16,0,0,33240,782,2566,1614760,16,249,90,1,25039,1,20,1,247556,1,871541,1,186827,1,279088,1,4599,1,51772,1,5591,4,40,4,64447,4,2325,4,4559,8,0,0,4318,192,20,1,124294,1,852,1,2545,1,17234,2,4629,1,0,0,0,0,0,0,5340,1,22965,1,192287,1,26753,1,0,1,0,1,9570,1,6970,1,22399,1,9570,1,0,1,1240,1,1,1,0,1,7748,1,1822,1,0,1
592,1624400,6970,9570,28.993147,0,0,16,0,0,31984,782,2646,1592416,16,249,90,1,24698,1,110,1,245141,1,867493,1,185033,1,265251,1,4599,1,52673,1,5431,4,40,4,64457,4,2315,4,4970,8,0,0,4638,192,20,1,110507,1,862,1,2525,1,15991,2,4679,1,0,0,0,0,0,0,5070,1,22324,1,191476,1,26061,1,0,1,0,1,9570,1,6970,1,22399,1,9570,1,0,1,1240,1,1,1,0,1,7748,1,1822,1,0,1
593,1676100,6970,9570,28.993147,0,0,16,0,0,36110,1012,2564,1639990,16,249,60,1,24608,1,60,1,244971,1,885899,1,192197,1,287565,1,4629,1,56240,1,6803,4,40,4,64887,4,2414,4,4599,8,0,0,4449,192,20,1,124785,1,872,1,2916,1,18156,2,4819,1,0,0,0,0,0,0,5020,1,22324,1,191496,1,25961,1,0,1,0,1,9570,1,6970,1,22399,1,9570,1,0,1,1240,1,1,1,0,1,7748,1,1822,1,0,1
594,1633800,6970,9570,28.993147,0,0,16,0,0,33087,802,2575,1600713,16,249,60,1,24709,1,100,1,247466,1,871180,1,185765,1,266824,1,4609,1,51962,1,6453,4,30,4,64577,4,2324,4,4549,8,0,0,4298,192,20,1,111208,1,862,1,2615,1,16583,2,4840,1,0,0,0,0,0,0,5340,1,22745,1,192358,1,26803,1,0,1,0,1,9570,1,6970,1,22399,1,9570,1,0,1,1240,1,1,1,0,1,7748,1,1822,1,0,1
595,1635500,6970,9570,28.993147,0,0,16,0,0,31902,761,2556,1603598,16,249,60,1,24368,1,50,1,245241,1,868164,1,185003,1,276112,1,4599,1,51802,1,5701,4,30,4,64457,4,2345,4,4549,8,0,0,4338,192,20,1,122440,1,862,1,2505,1,15891,2,4749,1,0,0,0,0,0,0,5441,1,22534,1,190765,1,26302,1,0,1,0,1,9570,1,6970,1,22399,1,9570,1,0,1,1240,1,1,1,0,1,7748,1,1822,1,0,1
596,1626600,6970,9570,28.993147,0,0,16,0,0,32370,791,2716,1594230,16,249,50,1,24208,1,80,1,244641,1,869778,1,186977,1,263898,1,4599,1,51040,1,5461,4,21,4,64356,4,2315,4,4659,8,0,0,4258,192,20,1,110477,1,862,1,2495,1,16713,2,4689,1,0,0,0,0,0,0,5280,1,22805,1,189923,1,26452,1,0,1,0,1,9570,1,6970,1,22399,1,9570,1,0,1,1240,1,1,1,0,1,7748,1,1822,1,0,1
597,1673800,6970,9570,28.993147,0,0,16,0,0,36035,832,2535,1637765,16,249,60,1,24258,1,60,1,245893,1,875158,1,205033,1,282715,1,4589,1,54186,1,6112,4,40,4,64316,4,2485,4,4579,8,0,0,4529,192,20,1,123693,1,862,1,2826,1,18035,2,4729,1,0,0,0,0,0,0,5030,1,23556,1,191265,1,25841,1,0,1,0,1,9570,1,6970,1,22399,1,9570,1,0,1,1240,1,1,1,0,1,7748,1,1822,1,0,1
598,1633400,6970,9570,28.993147,0,0,16,0,0,34070,722,2675,1599330,16,249,80,1,24358,1,90,1,245993,1,872613,1,185083,1,266513,1,4599,1,52363,1,5841,4,40,4,64497,4,2334,4,4579,8,0,0,4238,192,20,1,111559,1,862,1,2615,1,16422,2,4659,1,0,0,0,0,0,0,5170,1,23125,1,190855,1,26602,1,0,1,0,1,9570,1,6970,1,22399,1,9570,1,0,1,1240,1,1,1,0,1,7748,1,1822,1,0,1
599,1640000,6970,9570,28.993147,0,0,16,0,0,32013,782,2685,1607987,16,249,60,1,24408,1,60,1,247095,1,870509,1,186837,1,274429,1,4589,1,51140,1,5561,4,40,4,64396,4,2314,4,4589,8,0,0,4218,192,20,1,122110,1,862,1,2605,1,15340,2,4669,1,0,0,0,0,0,0,5030,1,23155,1,191185,1,27474,1,0,1,0,1,9570,1,6970,1,22399,1,9570,1,0,1,1240,1,1,1,0,1,7748,1,1822,1,0,1
600,1622700,6970,9570,28.993147,0,0,16,0,0,31907,772,2615,1590793,16,249,50,1,24177,1,70,1,245512,1,868084,1,185394,1,262916,1,4589,1,50539,1,5561,4,40,4,64356,4,2344,4,4980,8,0,0,4709,192,20,1,110798,1,862,1,2896,1,15110,2,4639,1,0,0,0,0,0,0,5070,1,22965,1,190664,1,26592,1,0,1,0,1,9570,1,6970,1,22399,1,9570,1,0,1,1240,1,1,1,0,1,7748,1,1822,1,0,1
601,1701400,6970,9570,28.993147,0,0,16,0,0,37043,922,2615,1664357,16,249,70,1,24729,1,40,1,244139,1,884516,1,205073,1,300991,1,4799,1,68935,1,7535,4,40,4,64968,4,2324,4,4589,8,0,0,4298,192,20,1,122681,1,862,1,3006,1,20400,2,4709,1,0,0,0,0,0,0,5040,1,22224,1,190684,1,26031,1,0,1,0,1,9570,1,6970,1,22399,1,9570,1,0,1,1240,1,1,1,0,1,7748,1,1822,1,0,1
602,1651800,6970,9570,28.993147,0,0,16,0,0,32591,761,2515,1619209,16,249,80,1,25500,1,50,1,249049,1,873515,1,189522,1,276844,1,4649,1,57252,1,8036,4,30,4,65018,4,2335,4,4579,8,0,0,4398,192,20,1,113322,1,862,1,2655,1,16573,2,5401,1,0,0,0,0,0,0,5561,1,22925,1,192147,1,28185,1,0,1,0,1,9570,1,6970,1,22399,1,9570,1,0,1,1240,1,1,1,0,1,7748,1,1822,1,0,1
603,1640400,6970,9570,28.993147,0,0,16,0,0,32553,792,2566,1607847,16,249,60,1,24628,1,80,1,246344,1,871190,1,185274,1,275621,1,4649,1,51040,1,5621,4,40,4,64447,4,2325,4,4549,8,0,0,4308,192,20,1,122511,1,862,1,2645,1,16092,2,4679,1,0,0,0,0,0,0,5110,1,23606,1,190775,1,26642,1,0,1,0,1,9570,1,6970,1,22399,1,9570,1,0,1,1240,1,1,1,0,1,7748,1,1822,1,0,1
604,1625900,6970,9570,28.993147,0,0,16,0,0,33223,812,2605,1592677,16,249,60,1,24308,1,100,1,246584,1,868194,1,185644,1,263147,1,4639,1,50459,1,5521,4,40,4,64517,4,2335,4,4559,8,0,0,4288,192,20,1,111128,1,862,1,2515,1,15671,2,4709,1,0,0,0,0,0,0,5340,1,22965,1,191546,1,26522,1,0,1,0,1,9570,1,6970,1,22399,1,9570,1,0,1,1240,1,1,1,0,1,7748,1,1822,1,0,1
605,1762100,6970,9570,28.993147,0,0,16,0,0,38105,862,2716,1723995,16,249,60,1,24428,1,100,1,243769,1,897562,1,254229,1,299157,1,4689,1,64797,1,6813,4,40,4,65008,4,2435,4,4579,8,0,0,4298,192,20,1,123693,1,862,1,2956,1,19999,2,7094,1,0,0,0,0,0,0,5060,1,21693,1,190724,1,26111,1,0,1,0,1,9570,1,6970,1,22399,1,9570,1,0,1,1240,1,1,1,0,1,7748,1,1822,1,0,1
606,1642900,6970,9570,28.993147,0,0,16,0,0,34522,732,2675,1608378,16,249,60,1,24759,1,40,1,248368,1,873585,1,186236,1,270721,1,4609,1,52934,1,7274,4,30,4,64807,4,2314,4,4589,8,0,0,4228,192,20,1,111409,1,862,1,2705,1,17554,2,5491,1,0,0,0,0,0,0,5381,1,23175,1,192007,1,27624,1,0,1,0,1,9570,1,6970,1,22399,1,9570,1,0,1,1240,1,1,1,0,1,7748,1,1822,1,0,1
607,1642600,6970,9570,28.993147,0,0,16,0,0,32920,772,2585,1609680,16,249,60,1,24448,1,60,1,243969,1,872773,1,186055,1,277705,1,4609,1,52082,1,5611,4,40,4,64477,4,2314,4,4559,8,0,0,4288,192,20,1,122691,1,862,1,2525,1,16923,2,4829,1,0,0,0,0,0,0,5060,1,22494,1,190023,1,26191,1,0,1,0,1,9570,1,6970,1,22399,1,9570,1,0,1,1240,1,1,1,0,1,7748,1,1822,1,0,1
608,1628100,6970,9570,28.993147,0,0,16,0,0,32037,792,2615,1596063,16,249,70,1,24167,1,70,1,247065,1,870659,1,185073,1,264349,1,4609,1,51641,1,5581,4,40,4,64527,4,2305,4,4569,8,0,0,4258,192,20,1,110497,1,862,1,2515,1,15821,2,5180,1,0,0,0,0,0,0,5010,1,23416,1,190514,1,27925,1,0,1,0,1,9570,1,6970,1,22399,1,9570,1,0,1,1240,1,1,1,0,1,7748,1,1822,1,0,1
609,1871500,6970,9570,28.993147,0,0,16,0,0,59202,1323,3617,1812298,16,249,70,1,24458,1,60,1,245622,1,874316,1,275591,1,386208,1,5972,1,79917,1,10471,4,80,4,83564,4,3156,4,5781,8,0,0,5320,192,40,1,169332,1,1152,1,3387,1,20610,2,7395,1,0,0,0,0,0,0,5270,1,22364,1,191376,1,26402,1,0,1,0,1,9570,1,6970,1,22399,1,9570,1,0,1,1240,1,1,1,0,1,7748,1,1822,1,0,1
610,1764700,6970,9570,28.993147,0,0,16,0,0,33612,821,2716,1731088,16,249,50,1,24638,1,741,1,246494,1,887512,1,247887,1,319147,1,4619,1,77081,1,10671,4,21,4,75338,4,2325,4,4549,8,0,0,4158,192,20,1,123122,1,852,1,3166,1,16392,2,4789,1,0,0,0,0,0,0,5190,1,23456,1,187789,1,29768,1,0,1,0,1,9570,1,6970,1,22399,1,9570,1,0,1,1240,1,1,1,0,1,7748,1,1822,1,0,1
611,1633800,6970,9570,28.993147,0,0,16,0,0,32136,751,2606,1601664,16,249,30,1,24759,1,40,1,244520,1,869407,1,185745,1,272565,1,4599,1,50519,1,5501,4,30,4,64426,4,2305,4,4549,8,0,0,4247,192,20,1,122350,1,862,1,2515,1,14007,2,4729,1,0,0,0,0,0,0,5040,1,22494,1,190314,1,26482,1,0,1,0,1,9570,1,6970,1,22399,1,9570,1,0,1,1240,1,1,1,0,1,7748,1,1822,1,0,1
612,1618400,6970,9570,28.993147,0,0,16,0,0,31334,902,2505,1587066,16,249,160,1,24348,1,30,1,244680,1,867573,1,185364,1,260321,1,4589,1,49738,1,5471,4,40,4,64547,4,2745,4,4559,8,0,0,4799,192,20,1,110106,1,862,1,2505,1,14158,2,4669,1,0,0,0,0,0,0,5060,1,22594,1,190314,1,26492,1,0,1,0,1,9570,1,6970,1,22399,1,9570,1,0,1,1240,1,1,1,0,1,7748,1,1822,1,0,1
613,1779000,6970,9570,28.993147,0,0,16,0,0,51809,792,2815,1727191,16,249,80,1,24879,1,20,1,243809,1,909886,1,240532,1,303235,1,4749,1,65689,1,6813,4,40,4,64978,4,2965,4,4589,8,0,0,4739,192,20,1,125416,1,862,1,5681,1,20620,2,4769,1,0,0,0,0,0,0,5030,1,22254,1,190494,1,25831,1,0,1,0,1,9570,1,6970,1,22399,1,9570,1,0,1,1240,1,1,1,0,1,7748,1,1822,1,0,1
614,1640600,6970,9570,28.993147,0,0,16,0,0,32012,872,2645,1608588,16,249,40,1,24839,1,60,1,249470,1,871641,1,187578,1,270361,1,4599,1,53194,1,6733,4,30,4,64747,4,2324,4,4539,8,0,0,4218,192,20,1,110878,1,862,1,2665,1,18787,2,4709,1,0,0,0,0,0,0,5831,1,23356,1,192318,1,27704,1,0,1,0,1,9570,1,6970,1,22399,1,9570,1,0,1,1240,1,1,1,0,1,7748,1,1822,1,0,1
615,1640900,6970,9570,28.993147,0,0,16,0,0,32402,792,2526,1608498,16,249,70,1,24348,1,40,1,244901,1,870579,1,186316,1,277665,1,4579,1,52623,1,5711,4,40,4,64467,4,2314,4,4569,8,0,0,4358,192,20,1,122390,1,852,1,2615,1,16613,2,4659,1,0,0,0,0,0,0,5411,1,22414,1,190464,1,26432,1,0,1,0,1,9570,1,6970,1,22399,1,9570,1,0,1,1240,1,1,1,0,1,7748,1,1822,1,0,1
616,1624600,6970,9570,28.993147,0,0,16,0,0,31903,772,2595,1592697,16,249,60,1,24568,1,80,1,244089,1,868896,1,186747,1,263648,1,4609,1,51681,1,5591,4,40,4,64366,4,2334,4,4699,8,0,0,4438,192,20,1,110297,1,862,1,2565,1,15731,2,4689,1,0,0,0,0,0,0,5160,1,22083,1,190584,1,26061,1,0,1,0,1,9570,1,6970,1,22399,1,9570,1,0,1,1240,1,1,1,0,1,7748,1,1822,1,0,1
617,1692200,6970,9570,28.993147,0,0,16,0,0,48613,853,2575,1643587,16,249,70,1,24578,1,50,1,244420,1,888554,1,195043,1,286152,1,4719,1,55429,1,7204,4,40,4,64867,4,2354,4,4569,8,0,0,4348,192,20,1,124504,1,872,1,2806,1,17815,2,4819,1,0,0,0,0,0,0,5080,1,22424,1,190664,1,26051,1,0,1,0,1,9570,1,6970,1,22399,1,9570,1,0,1,1240,1,1,1,0,1,7748,1,1822,1,0,1
618,1632600,6970,9570,28.993147,0,0,16,0,0,31557,762,2725,1601043,16,249,40,1,24809,1,50,1,246183,1,869868,1,187278,1,268197,1,4619,1,51431,1,5882,4,40,4,64998,4,2324,4,4579,8,0,0,4178,192,20,1,111920,1,862,1,2996,1,17484,2,4900,1,0,0,0,0,0,0,5731,1,21693,1,191416,1,27173,1,0,1,0,1,9570,1,6970,1,22399,1,9570,1,0,1,1240,1,1,1,0,1,7748,1,1822,1,0,1
619,1635300,6970,9570,28.993147,0,0,16,0,0,31862,751,2525,1603438,16,249,50,1,24228,1,30,1,245302,1,869136,1,184131,1,275942,1,4619,1,52162,1,5531,4,30,4,64477,4,2324,4,4569,8,0,0,4368,192,20,1,121839,1,862,1,2525,1,16222,2,4629,1,0,0,0,0,0,0,5571,1,22985,1,189983,1,26552,1,0,1,0,1,9570,1,6970,1,22399,1,9570,1,0,1,1240,1,1,1,0,1,7748,1,1822,1,0,1
620,1628400,6970,9570,28.993147,0,0,16,0,0,31074,812,2555,1597326,16,249,60,1,24238,1,90,1,244991,1,873475,1,185073,1,264790,1,4609,1,51341,1,5511,4,40,4,64326,4,2345,4,4559,8,0,0,4349,192,20,1,110667,1,862,1,2515,1,17184,2,4609,1,0,0,0,0,0,0,5090,1,23266,1,190304,1,26151,1,0,1,0,1,9570,1,6970,1,22399,1,9570,1,0,1,1240,1,1,1,0,1,7748,1,1822,1,0,1
621,1997100,6970,9570,28.993147,0,0,16,0,0,59296,1262,2956,1937804,16,249,60,1,24198,1,80,1,243498,1,886891,1,272555,1,502887,1,7635,1,110357,1,16011,4,70,4,97652,4,2685,4,4649,8,0,0,4379,192,30,1,224761,1,1553,1,5541,1,28125,2,10190,1,0,0,0,0,0,0,5100,1,22113,1,190133,1,25941,1,0,1,0,1,9570,1,6970,1,22399,1,9570,1,0,1,1240,1,1,1,0,1,7748,1,1822,1,0,1
622,1760900,6970,9570,28.993147,0,0,16,0,0,34771,812,2685,1726129,16,249,150,1,25781,1,50,1,251724,1,894175,1,245221,1,304378,1,4649,1,75358,1,8066,4,40,4,69897,4,2314,4,4609,8,0,0,4238,192,20,1,111900,1,842,1,3407,1,20340,2,6773,1,0,0,0,0,0,0,5401,1,24097,1,192017,1,29979,1,0,1,0,1,9570,1,6970,1,22399,1,9570,1,0,1,1240,1,1,1,0,1,7748,1,1822,1,0,1
623,1639000,6970,9570,28.993147,0,0,16,0,0,32596,801,2616,1606404,16,249,30,1,24268,1,40,1,244961,1,870258,1,185504,1,276743,1,4599,1,52603,1,5771,4,21,4,64426,4,2295,4,4529,8,0,0,4207,192,20,1,122180,1,862,1,2665,1,15951,2,4619,1,0,0,0,0,0,0,5491,1,22675,1,190484,1,26121,1,0,1,0,1,9570,1,6970,1,22399,1,9570,1,0,1,1240,1,1,1,0,1,7748,1,1822,1,0,1
624,1627900,6970,9570,28.993147,0,0,16,0,0,32187,781,2696,1595713,16,249,60,1,24879,1,30,1,245933,1,867503,1,186777,1,265952,1,4579,1,52653,1,6002,4,30,4,64457,4,2325,4,4559,8,0,0,4188,192,20,1,111689,1,862,1,2595,1,15290,2,4689,1,0,0,0,0,0,0,5140,1,23095,1,190775,1,26722,1,0,1,0,1,9570,1,6970,1,22399,1,9570,1,0,1,1240,1,1,1,0,1,7748,1,1822,1,0,1
625,1677600,6970,9570,28.993147,0,0,16,0,0,34875,761,2745,1642725,16,249,90,1,24338,1,20,1,247987,1,884286,1,194572,1,286803,1,4629,1,56501,1,6863,4,30,4,64837,4,2394,4,4599,8,0,0,4248,192,20,1,123583,1,872,1,2866,1,18727,2,4749,1,0,0,0,0,0,0,5401,1,22985,1,193460,1,25971,1,0,1,0,1,9570,1,6970,1,22399,1,9570,1,0,1,1240,1,1,1,0,1,7748,1,1822,1,0,1
626,1638500,6970,9570,28.993147,0,0,16,0,0,32326,712,2594,1606174,16,249,80,1,24538,1,60,1,247306,1,870349,1,187538,1,271663,1,4639,1,54557,1,6252,4,40,4,64807,4,2344,4,4609,8,0,0,4359,192,20,1,112421,1,862,1,2655,1,17514,2,4870,1,0,0,0,0,0,0,5270,1,23927,1,190855,1,27103,1,0,1,0,1,9570,1,6970,1,22399,1,9570,1,0,1,1240,1,1,1,0,1,7748,1,1822,1,0,1
627,1642500,6970,9570,28.993147,0,0,16,0,0,33361,782,2676,1609139,16,249,70,1,24799,1,90,1,246223,1,872142,1,185644,1,275601,1,4569,1,51942,1,5561,4,40,4,64326,4,2324,4,4539,8,0,0,4187,192,20,1,122090,1,862,1,2585,1,15891,2,4639,1,0,0,0,0,0,0,5270,1,23095,1,190995,1,26652,1,0,1,0,1,9570,1,6970,1,22399,1,9570,1,0,1,1240,1,1,1,0,1,7748,1,1822,1,0,1
628,1625100,6970,9570,28.993147,0,0,16,0,0,31171,711,2706,1593929,16,249,90,1,24177,1,110,1,245251,1,871771,1,185284,1,262636,1,4609,1,51070,1,5601,4,40,4,64366,4,2305,4,4569,8,0,0,4168,192,20,1,110236,1,862,1,2605,1,15591,2,4659,1,0,0,0,0,0,0,5441,1,23206,1,190434,1,25951,1,0,1,0,1,9570,1,6970,1,22399,1,9570,1,0,1,1240,1,1,1,0,1,7748,1,1822,1,0,1
629,1660500,6970,9570,28.993147,0,0,16,0,0,36872,701,2545,1623628,16,249,60,1,24568,1,70,1,243909,1,874667,1,190654,1,285020,1,4679,1,56691,1,6954,4,30,4,64817,4,2345,4,4659,8,0,0,4458,192,20,1,123082,1,912,1,2866,1,17173,2,4769,1,0,0,0,0,0,0,5100,1,22594,1,190013,1,25991,1,0,1,0,1,9570,1,6970,1,22399,1,9570,1,0,1,1240,1,1,1,0,1,7748,1,1822,1,0,1
630,1635400,6970,9570,28.993147,0,0,16,0,0,30800,832,2645,1604600,16,249,70,1,24498,1,30,1,247025,1,872072,1,187658,1,268607,1,4639,1,53104,1,5731,4,40,4,64737,4,2324,4,4589,8,0,0,4268,192,30,1,112270,1,862,1,2755,1,16623,2,4709,1,0,0,0,0,0,0,5150,1,23687,1,191546,1,26422,1,0,1,0,1,9570,1,6970,1,22399,1,9570,1,0,1,1240,1,1,1,0,1,7748,1,1822,1,0,1
631,1641000,6970,9570,28.993147,0,0,16,0,0,32091,752,2606,1608909,16,249,60,1,24678,1,120,1,246033,1,872062,1,185494,1,275872,1,4589,1,51581,1,5371,4,40,4,64597,4,2314,4,4559,8,0,0,4267,192,20,1,122390,1,862,1,2595,1,16092,2,4699,1,0,0,0,0,0,0,5571,1,22534,1,189612,1,28115,1,0,1,0,1,9570,1,6970,1,22399,1,9570,1,0,1,1240,1,1,1,0,1,7748,1,1822,1,0,1
632,1620200,6970,9570,28.993147,0,0,16,0,0,31441,782,2505,1588759,16,249,70,1,24087,1,70,1,243869,1,868245,1,185374,1,262445,1,4599,1,50579,1,5581,4,40,4,64467,4,2335,4,4559,8,0,0,4388,192,20,1,110337,1,862,1,2585,1,15641,2,4659,1,0,0,0,0,0,0,5270,1,22023,1,190304,1,26071,1,0,1,0,1,9570,1,6970,1,22399,1,9570,1,0,1,1240,1,1,1,0,1,7748,1,1822,1,0,1
633,1678100,6970,9570,28.993147,0,0,16,0,0,35565,791,2886,1642535,16,249,50,1,24298,1,70,1,245773,1,887021,1,193931,1,286763,1,4629,1,56531,1,6964,4,21,4,64837,4,2685,4,4699,8,0,0,4499,192,20,1,122901,1,862,1,2916,1,18737,2,4799,1,0,0,0,0,0,0,5371,1,22294,1,191937,1,25991,1,0,1,0,1,9570,1,6970,1,22399,1,9570,1,0,1,1240,1,1,1,0,1,7748,1,1822,1,0,1
634,1635400,6970,9570,28.993147,0,0,16,0,0,29948,792,2735,1605452,16,249,50,1,24498,1,60,1,249400,1,870459,1,188320,1,268036,1,4629,1,53455,1,5711,4,30,4,64817,4,2414,4,4579,8,0,0,4258,192,20,1,111349,1,872,1,2595,1,16633,2,4769,1,0,0,0,0,0,0,5721,1,23306,1,191686,1,28506,1,0,1,0,1,9570,1,6970,1,22399,1,9570,1,0,1,1240,1,1,1,0,1,7748,1,1822,1,0,1
635,1637100,6970,9570,28.993147,0,0,16,0,0,31768,841,2475,1605332,16,249,60,1,25220,1,60,1,243979,1,869607,1,184392,1,277435,1,4579,1,52393,1,5581,4,30,4,64437,4,2315,4,4529,8,0,0,4368,192,20,1,123132,1,862,1,2535,1,16062,2,4699,1,0,0,0,0,0,0,5170,1,21963,1,190674,1,26001,1,0,1,0,1,9570,1,6970,1,22399,1,9570,1,0,1,1240,1,1,1,0,1,7748,1,1822,1,0,1
636,1625600,6970,9570,28.993147,0,0,16,0,0,32032,732,2525,1593568,16,249,70,1,24328,1,140,1,245051,1,868054,1,186396,1,264920,1,4609,1,51942,1,5531,4,40,4,64497,4,2324,4,4569,8,0,0,4369,192,20,1,111299,1,862,1,2495,1,15991,2,4619,1,0,0,0,0,0,0,5010,1,22775,1,190083,1,26983,1,0,1,0,1,9570,1,6970,1,22399,1,9570,1,0,1,1240,1,1,1,0,1,7748,1,1822,1,0,1
637,1690400,6970,9570,28.993147,0,0,16,0,0,47284,742,2565,1643116,16,249,70,1,24238,1,60,1,244029,1,872884,1,211455,1,285731,1,4649,1,57182,1,6483,4,50,4,64537,4,2305,4,4699,8,0,0,4439,192,20,1,122160,1,862,1,2936,1,18726,2,5030,1,0,0,0,0,0,0,5310,1,22434,1,190173,1,25941,1,0,1,0,1,9570,1,6970,1,22399,1,9570,1,0,1,1240,1,1,1,0,1,7748,1,1822,1,0,1
638,1634900,6970,9570,28.993147,0,0,16,0,0,31823,751,2696,1603077,16,249,30,1,24989,1,120,1,247496,1,873194,1,185354,1,267265,1,4629,1,52122,1,5811,4,30,4,64727,4,2334,4,4579,8,0,0,4218,192,20,1,111699,1,862,1,2635,1,16953,2,4739,1,0,0,0,0,0,0,5260,1,22745,1,191646,1,27694,1,0,1,0,1,9570,1,6970,1,22399,1,9570,1,0,1,1240,1,1,1,0,1,7748,1,1822,1,0,1
639,1642300,6970,9570,28.993147,0,0,16,0,0,31508,761,2516,1610792,16,249,70,1,25099,1,60,1,246053,1,871250,1,187077,1,276583,1,4599,1,51321,1,5621,4,30,4,64487,4,2325,4,4549,8,0,0,4358,192,20,1,122731,1,862,1,2625,1,16563,2,4689,1,0,0,0,0,0,0,5100,1,22845,1,191716,1,26201,1,0,1,0,1,9570,1,6970,1,22399,1,9570,1,0,1,1240,1,1,1,0,1,7748,1,1822,1,0,1
640,1624500,6970,9570,28.993147,0,0,16,0,0,31703,792,2625,1592797,16,249,80,1,24368,1,110,1,245221,1,869076,1,185805,1,263537,1,4599,1,51331,1,5621,4,40,4,64577,4,2314,4,4559,8,0,0,4248,192,20,1,110557,1,862,1,2655,1,15571,2,4639,1,0,0,0,0,0,0,5030,1,23276,1,190274,1,26452,1,0,1,0,1,9570,1,6970,1,22399,1,9570,1,0,1,1240,1,1,1,0,1,7748,1,1822,1,0,1
641,1863700,6970,9570,28.993147,0,0,16,0,0,49188,1293,3447,1814512,16,249,60,1,24308,1,70,1,243789,1,878274,1,260471,1,399063,1,8477,1,80057,1,11402,4,80,4,83163,4,3597,4,5721,8,0,0,5872,192,50,1,176026,1,1202,1,3387,1,21372,2,11713,1,0,0,0,0,0,0,5371,1,22304,1,189963,1,25951,1,0,1,0,1,9570,1,6970,1,22399,1,9570,1,0,1,1240,1,1,1,0,1,7748,1,1822,1,0,1
642,2131900,6970,9570,28.993147,0,0,16,0,0,34482,862,2826,2097418,16,249,60,1,26111,1,60,1,248247,1,997909,1,369856,1,450555,1,4619,1,116960,1,16943,4,40,4,108904,4,2435,4,4719,8,0,0,4328,192,20,1,167829,1,842,1,4840,1,21532,2,4629,1,0,0,0,0,0,0,5751,1,25620,1,188320,1,28346,1,0,1,0,1,9570,1,6970,1,22399,1,9570,1,0,1,1240,1,1,1,0,1,7748,1,1822,1,0,1
643,1639800,6970,9570,28.993147,0,0,16,0,0,32955,811,2475,1606845,16,249,90,1,24288,1,40,1,243819,1,869908,1,187528,1,276573,1,4599,1,51752,1,5471,4,30,4,64577,4,2315,4,4559,8,0,0,4398,192,20,1,122901,1,852,1,2635,1,15991,2,4659,1,0,0,0,0,0,0,5080,1,22083,1,189722,1,26692,1,0,1,0,1,9570,1,6970,1,22399,1,9570,1,0,1,1240,1,1,1,0,1,7748,1,1822,1,0,1
644,1623700,6970,9570,28.993147,0,0,16,0,0,32305,772,2635,1591395,16,249,60,1,24187,1,80,1,246023,1,867303,1,186646,1,262505,1,4589,1,51201,1,5501,4,40,4,64477,4,2314,4,4559,8,0,0,4238,192,30,1,110697,1,862,1,2625,1,14729,2,4699,1,0,0,0,0,0,0,5190,1,22274,1,190905,1,27474,1,0,1,0,1,9570,1,6970,1,22399,1,9570,1,0,1,1240,1,1,1,0,1,7748,1,1822,1,0,1
645,2129600,6970,9570,28.993147,0,0,16,0,0,47122,1032,2855,2082478,16,249,50,1,24137,1,90,1,243939,1,1114849,1,288096,1,405125,1,6192,1,86981,1,12034,4,70,4,80097,4,2434,4,5050,8,0,0,4629,192,40,1,183570,1,1162,1,3447,1,20410,2,8797,1,0,0,0,0,0,0,5240,1,22264,1,190264,1,26001,1,0,1,0,1,9570,1,6970,1,22399,1,9570,1,0,1,1240,1,1,1,0,1,7748,1,1822,1,0,1
646,1817500,6970,9570,28.993147,0,0,16,0,0,32967,742,2555,1784533,16,249,30,1,26402,1,60,1,289438,1,1006456,1,187468,1,270110,1,4569,1,52293,1,6132,4,40,4,64617,4,2304,4,4549,8,0,0,4298,192,30,1,113322,1,852,1,2715,1,17575,2,4940,1,0,0,0,0,0,0,5010,1,23065,1,228448,1,32614,1,0,1,0,1,9570,1,6970,1,22399,1,9570,1,0,1,1240,1,1,1,0,1,7748,1,1822,1,0,1
647,1633100,6970,9570,28.993147,0,0,16,0,0,31355,771,2647,1601745,16,249,70,1,24438,1,60,1,242636,1,868164,1,186536,1,275240,1,4599,1,51782,1,5661,4,21,4,64436,4,2335,4,4549,8,0,0,4237,192,20,1,122871,1,862,1,2615,1,14609,2,4709,1,0,0,0,0,0,0,5040,1,22244,1,187839,1,27304,1,0,1,0,1,9570,1,6970,1,22399,1,9570,1,0,1,1240,1,1,1,0,1,7748,1,1822,1,0,1
648,1701100,6970,9570,28.993147,0,0,16,0,0,43125,752,2555,1657975,16,249,70,1,24358,1,90,1,243238,1,868485,1,215573,1,301542,1,4619,1,64096,1,6062,4,40,4,64447,4,2344,4,4549,8,0,0,4339,192,20,1,132721,1,862,1,2495,1,18506,2,4649,1,0,0,0,0,0,0,5030,1,23045,1,188430,1,26542,1,0,1,0,1,9570,1,6970,1,22399,1,9570,1,0,1,1240,1,1,1,0,1,7748,1,1822,1,0,1
649,1657700,6970,9570,28.993147,0,0,16,0,0,33892,853,2724,1623808,16,249,70,1,25149,1,40,1,245652,1,868084,1,188520,1,291643,1,4649,1,58184,1,7555,4,40,4,65018,4,2564,4,4589,8,0,0,4429,192,20,1,128182,1,862,1,2565,1,15761,2,5451,1,0,0,0,0,0,0,5260,1,23957,1,189452,1,26702,1,0,1,0,1,9570,1,6970,1,22399,1,9570,1,0,1,1240,1,1,1,0,1,7748,1,1822,1,0,1
650,1629200,6970,9570,28.993147,0,0,16,0,0,30241,792,2525,1598959,16,249,60,1,24408,1,80,1,246805,1,872803,1,185153,1,265060,1,4589,1,53094,1,5541,4,40,4,64426,4,2295,4,4549,8,0,0,4318,192,30,1,110357,1,862,1,2535,1,15871,2,4669,1,0,0,0,0,0,0,5200,1,23266,1,190444,1,27694,1,0,1,0,1,9570,1,6970,1,22399,1,9570,1,0,1,1240,1,1,1,0,1,7748,1,1822,1,0,1
651,1638500,6970,9570,28.993147,0,0,16,0,0,31235,771,2625,1607265,16,249,60,1,24378,1,60,1,242817,1,873545,1,185394,1,276403,1,4609,1,52182,1,5441,4,21,4,64386,4,2305,4,4559,8,0,0,4238,192,20,1,123933,1,862,1,2795,1,14418,2,4709,1,0,0,0,0,0,0,5210,1,22214,1,189262,1,25941,1,0,1,0,1,9570,1,6970,1,22399,1,9570,1,0,1,1240,1,1,1,0,1,7748,1,1822,1,0,1
652,1787600,6970,9570,28.993147,0,0,16,0,0,50149,1363,3547,1737451,16,249,60,1,24578,1,120,1,242997,1,868846,1,209912,1,385006,1,5932,1,86480,1,10962,4,80,4,83213,4,3016,4,5761,8,0,0,5230,192,40,1,159383,1,1072,1,2956,1,23035,2,7645,1,0,0,0,0,0,0,5030,1,22143,1,189572,1,26051,1,0,1,0,1,9570,1,6970,1,22399,1,9570,1,0,1,1240,1,1,1,0,1,7748,1,1822,1,0,1
653,1867500,6970,9570,28.993147,0,0,16,0,0,37147,822,3256,1830353,16,249,50,1,26462,1,60,1,244169,1,921148,1,267054,1,366790,1,4619,1,83704,1,11823,4,40,4,80047,4,2394,4,4950,8,0,0,4088,192,30,1,156407,1,852,1,3727,1,17184,2,4809,1,0,0,0,0,0,0,5240,1,22514,1,189722,1,26522,1,0,1,0,1,9570,1,6970,1,22399,1,9570,1,0,1,1240,1,1,1,0,1,7748,1,1822,1,0,1
654,1623600,6970,9570,28.993147,0,0,16,0,0,30412,792,2685,1593188,16,249,70,1,24598,1,120,1,245843,1,868776,1,185765,1,263427,1,4589,1,51291,1,5451,4,40,4,64587,4,2315,4,4569,8,0,0,4198,192,20,1,110737,1,862,1,2595,1,15460,2,4709,1,0,0,0,0,0,0,5411,1,22384,1,191606,1,26231,1,0,1,0,1,9570,1,6970,1,22399,1,9570,1,0,1,1240,1,1,1,0,1,7748,1,1822,1,0,1
655,1635800,6970,9570,28.993147,0,0,16,0,0,30849,751,2776,1604951,16,249,70,1,25370,1,70,1,244340,1,870619,1,185705,1,274168,1,4609,1,50189,1,5471,4,30,4,64386,4,2324,4,4559,8,0,0,4107,192,20,1,122961,1,862,1,2515,1,15430,2,4669,1,0,0,0,0,0,0,5280,1,22514,1,190314,1,25991,1,0,1,0,1,9570,1,6970,1,22399,1,9570,1,0,1,1240,1,1,1,0,1,7748,1,1822,1,0,1
656,2063300,6970,9570,28.993147,0,0,16,0,0,51991,1723,3547,2011309,16,249,60,1,24137,1,70,1,243889,1,888785,1,375998,1,472227,1,6142,1,97061,1,12535,4,90,4,138362,4,3056,4,5992,8,0,0,5501,192,40,1,166858,1,1112,1,6573,1,30730,2,8096,1,0,0,0,0,0,0,5050,1,22584,1,190043,1,26021,1,0,1,0,1,9570,1,6970,1,22399,1,9570,1,0,1,1240,1,1,1,0,1,7748,1,1822,1,0,1
657,1686000,6970,9570,28.993147,0,0,16,0,0,37083,812,2795,1648917,16,249,60,1,29137,1,10,1,252315,1,862363,1,198369,1,302023,1,4639,1,59868,1,7926,4,40,4,65028,4,2375,4,4589,8,0,0,4168,192,20,1,133502,1,862,1,3096,1,18356,2,5551,1,0,0,0,0,0,0,5942,1,24749,1,188720,1,32584,1,0,1,0,1,9570,1,6970,1,22399,1,9570,1,0,1,1240,1,1,1,0,1,7748,1,1822,1,0,1
658,1630800,6970,9570,28.993147,0,0,16,0,0,32422,812,2506,1598378,16,249,40,1,24097,1,30,1,248107,1,867623,1,187378,1,266483,1,4619,1,52914,1,5591,4,40,4,64687,4,2305,4,4539,8,0,0,4338,192,20,1,111068,1,862,1,2365,1,16402,2,4880,1,0,0,0,0,0,0,5481,1,23877,1,190805,1,27765,1,0,1,0,1,9570,1,6970,1,22399,1,9570,1,0,1,1240,1,1,1,0,1,7748,1,1822,1,0,1
659,1635500,6970,9570,28.993147,0,0,16,0,0,32152,821,2555,1603348,16,249,60,1,24448,1,90,1,243859,1,869056,1,185264,1,275972,1,4599,1,52032,1,5621,4,21,4,64416,4,2315,4,4569,8,0,0,4328,192,20,1,122400,1,862,1,2465,1,15741,2,4689,1,0,0,0,0,0,0,5040,1,22164,1,190544,1,25931,1,0,1,0,1,9570,1,6970,1,22399,1,9570,1,0,1,1240,1,1,1,0,1,7748,1,1822,1,0,1
660,1680300,6970,9570,28.993147,0,0,16,0,0,38376,822,2625,1641924,16,249,60,1,24598,1,50,1,243959,1,868655,1,214100,1,285831,1,4669,1,66360,1,6793,4,40,4,64998,4,2815,4,4579,8,0,0,4769,192,20,1,111309,1,862,1,2705,1,19829,2,4699,1,0,0,0,0,0,0,5020,1,22825,1,189943,1,26001,1,0,1,0,1,9570,1,6970,1,22399,1,9570,1,0,1,1240,1,1,1,0,1,7748,1,1822,1,0,1
661,1685200,6970,9570,28.993147,0,0,16,0,0,33998,821,2546,1651202,16,249,60,1,24698,1,100,1,251674,1,874457,1,213750,1,281813,1,4649,1,55940,1,5851,4,11,4,64627,4,2315,4,4569,8,0,0,4338,192,20,1,122551,1,862,1,2685,1,16843,2,4719,1,0,0,0,0,0,0,5611,1,23426,1,191756,1,30680,1,0,1,0,1,9570,1,6970,1,22399,1,9570,1,0,1,1240,1,1,1,0,1,7748,1,1822,1,0,1
662,1626200,6970,9570,28.993147,0,0,16,0,0,31820,922,2655,1594380,16,249,50,1,24418,1,100,1,245712,1,868746,1,186797,1,263958,1,4599,1,51631,1,5591,4,30,4,64537,4,2395,4,4569,8,0,0,4308,192,20,1,110657,1,862,1,2405,1,15631,2,4709,1,0,0,0,0,0,0,5230,1,22554,1,191616,1,26121,1,0,1,0,1,9570,1,6970,1,22399,1,9570,1,0,1,1240,1,1,1,0,1,7748,1,1822,1,0,1
663,1634700,6970,9570,28.993147,0,0,16,0,0,32214,752,2635,1602486,16,249,50,1,24709,1,80,1,243408,1,868645,1,185975,1,275030,1,4589,1,51902,1,5521,4,40,4,64637,4,2334,4,4569,8,0,0,4268,192,20,1,122390,1,862,1,2405,1,14929,2,4669,1,0,0,0,0,0,0,5411,1,21893,1,190073,1,25821,1,0,1,0,1,9570,1,6970,1,22399,1,9570,1,0,1,1240,1,1,1,0,1,7748,1,1822,1,0,1
664,1999000,6970,9570,28.993147,0,0,16,0,0,50565,2284,3667,1948435,16,249,60,1,24228,1,80,1,243799,1,890208,1,326912,1,456596,1,6553,1,109575,1,17154,4,70,4,90468,4,3787,4,5731,8,0,0,5851,192,30,1,180254,1,1192,1,7104,1,30340,2,8607,1,0,0,0,0,0,0,5070,1,21773,1,190775,1,26001,1,0,1,0,1,9570,1,6970,1,22399,1,9570,1,0,1,1240,1,1,1,0,1,7748,1,1822,1,0,1
665,2027200,6970,9570,28.993147,0,0,16,0,0,33887,711,2796,1993313,16,249,50,1,25871,1,110,1,360388,1,1130499,1,187939,1,283857,1,4599,1,55198,1,5691,4,40,4,64887,4,2355,4,4579,8,0,0,4138,192,20,1,123292,1,852,1,2455,1,19097,2,4679,1,0,0,0,0,0,0,5230,1,24759,1,277324,1,52844,1,0,1,0,1,9570,1,6970,1,22399,1,9570,1,0,1,1240,1,1,1,0,1,7748,1,1822,1,0,1
666,1626300,6970,9570,28.993147,0,0,16,0,0,31790,761,2595,1594510,16,249,50,1,24278,1,70,1,244831,1,869257,1,186737,1,264680,1,4609,1,51712,1,5641,4,30,4,64396,4,2305,4,5250,8,0,0,4959,192,20,1,110818,1,862,1,2415,1,15831,2,4639,1,0,0,0,0,0,0,5381,1,23105,1,190093,1,26071,1,0,1,0,1,9570,1,6970,1,22399,1,9570,1,0,1,1240,1,1,1,0,1,7748,1,1822,1,0,1
667,1646400,6970,9570,28.993147,0,0,16,0,0,40086,732,2615,1606314,16,249,60,1,24428,1,70,1,245402,1,868866,1,185184,1,277695,1,4609,1,52303,1,5611,4,40,4,64437,4,2304,4,4569,8,0,0,4258,192,20,1,123292,1,862,1,2485,1,16402,2,4639,1,0,0,0,0,0,0,5300,1,22644,1,190564,1,26682,1,0,1,0,1,9570,1,6970,1,22399,1,9570,1,0,1,1240,1,1,1,0,1,7748,1,1822,1,0,1
668,1731900,6970,9570,28.993147,0,0,16,0,0,40540,913,2785,1691360,16,249,70,1,24859,1,70,1,255021,1,887633,1,202107,1,316101,1,5501,1,59727,1,9729,4,40,4,66200,4,2755,4,4589,8,0,0,4559,192,20,1,135977,1,912,1,2936,1,25560,2,6743,1,0,0,0,0,0,0,5050,1,26492,1,191336,1,31933,1,0,1,0,1,9570,1,6970,1,22399,1,9570,1,0,1,1240,1,1,1,0,1,7748,1,1822,1,0,1
669,1658400,6970,9570,28.993147,0,0,16,0,0,34362,782,2506,1624038,16,249,70,1,25169,1,60,1,253508,1,868786,1,185895,1,285811,1,4739,1,54888,1,6994,4,40,4,64406,4,2305,4,4549,8,0,0,4348,192,20,1,122941,1,862,1,2715,1,20530,2,4779,1,0,0,0,0,0,0,5872,1,24468,1,192458,1,30530,1,0,1,0,1,9570,1,6970,1,22399,1,9570,1,0,1,1240,1,1,1,0,1,7748,1,1822,1,0,1
670,1632600,6970,9570,28.993147,0,0,16,0,0,31507,782,2625,1601093,16,249,90,1,24919,1,60,1,245151,1,867904,1,186135,1,272184,1,4649,1,55198,1,5641,4,40,4,64437,4,2445,4,4559,8,0,0,4379,192,20,1,111830,1,852,1,2385,1,19227,2,4769,1,0,0,0,0,0,0,5401,1,22835,1,190243,1,26452,1,0,1,0,1,9570,1,6970,1,22399,1,9570,1,0,1,1240,1,1,1,0,1,7748,1,1822,1,0,1
671,1674600,6970,9570,28.993147,0,0,16,0,0,58738,902,2465,1615862,16,249,70,1,24258,1,30,1,244500,1,868926,1,186687,1,286533,1,4860,1,52964,1,5571,4,40,4,64577,4,2305,4,4549,8,0,0,4389,192,30,1,128723,1,862,1,2264,1,18847,2,4900,1,0,0,0,0,0,0,5431,1,22524,1,189943,1,26412,1,0,1,0,1,9570,1,6970,1,22399,1,9570,1,0,1,1240,1,1,1,0,1,7748,1,1822,1,0,1
672,2035400,6970,9570,28.993147,0,0,16,0,0,65883,1784,3036,1969517,16,249,391,1,34197,1,150,1,366129,1,900758,1,274639,1,387521,1,5731,1,103042,1,10400,4,371,4,72512,4,2755,4,4639,8,0,0,4359,192,30,1,147790,1,952,1,7926,1,28115,2,7204,1,0,0,0,0,0,0,7835,1,32053,1,281202,1,43545,1,0,1,0,1,9570,1,6970,1,22399,1,9570,1,0,1,1240,1,1,1,0,1,7748,1,1822,1,0,1
673,2034000,6970,9570,28.993147,0,0,16,0,0,54043,1593,2735,1979957,16,249,150,1,57363,1,200,1,465775,1,955115,1,191817,1,304688,1,4850,1,62743,1,7865,4,41,4,64697,4,2595,4,4589,8,0,0,4449,192,30,1,131759,1,862,1,2695,1,19739,2,5481,1,0,0,0,0,0,0,12605,1,40469,1,371780,1,40259,1,0,1,0,1,9570,1,6970,1,22399,1,9570,1,0,1,1240,1,1,1,0,1,7748,1,1822,1,0,1
674,1945400,6970,9570,28.993147,0,0,16,0,0,39178,982,2826,1906222,16,249,240,1,29298,1,60,1,334497,1,1021566,1,203930,1,311912,1,4719,1,68494,1,8497,4,80,4,66591,4,2405,4,8126,8,0,0,7705,192,30,1,126458,1,862,1,2695,1,20430,2,6262,1,0,0,0,0,0,0,6723,1,25540,1,261574,1,40249,1,0,1,0,1,9570,1,6970,1,22399,1,9570,1,0,1,1240,1,1,1,0,1,7748,1,1822,1,0,1
675,1763600,6970,9570,28.993147,0,0,16,0,0,36890,832,2746,1726710,16,249,70,1,24929,1,130,1,279589,1,872583,1,201586,1,343184,1,4639,1,90718,1,7725,4,40,4,64497,4,2515,4,4549,8,0,0,4318,192,10,1,137109,1,862,1,4599,1,22214,2,7515,1,0,0,0,0,0,0,5150,1,23737,1,217637,1,32875,1,0,1,0,1,9570,1,6970,1,22399,1,9570,1,0,1,1240,1,1,1,0,1,7748,1,1822,1,0,1
676,1713400,6970,9570,28.993147,0,0,16,0,0,33341,801,2725,1680059,16,249,311,1,26502,1,80,1,269559,1,865209,1,214281,1,299498,1,4619,1,81390,1,6212,4,21,4,64667,4,2425,4,4549,8,0,0,4248,192,0,1,112982,1,872,1,3156,1,17745,2,4679,1,0,0,0,0,0,0,6172,1,25761,1,210754,1,26652,1,0,1,0,1,9570,1,6970,1,22399,1,9570,1,0,1,1240,1,1,1,0,1,7748,1,1822,1,0,1
677,1666100,6970,9570,28.993147,0,0,16,0,0,34727,792,2816,1631373,16,249,140,1,24318,1,110,1,258487,1,875679,1,187388,1,280611,1,4639,1,54758,1,5771,4,40,4,64426,4,2415,4,4569,8,0,0,4168,192,20,1,123032,1,862,1,2705,1,16542,2,4679,1,0,0,0,0,0,0,5551,1,22925,1,203239,1,26582,1,0,1,0,1,9570,1,6970,1,22399,1,9570,1,0,1,1240,1,1,1,0,1,7748,1,1822,1,0,1
678,1637500,6970,9570,28.993147,0,0,16,0,0,31718,792,2866,1605782,16,249,60,1,24488,1,20,1,254259,1,868886,1,186666,1,266804,1,4599,1,53936,1,5511,4,30,4,64567,4,2865,4,4559,8,0,0,4559,192,20,1,111489,1,872,1,2635,1,14899,2,4629,1,0,0,0,0,0,0,5110,1,22985,1,198490,1,27484,1,0,1,0,1,9570,1,6970,1,22399,1,9570,1,0,1,1240,1,1,1,0,1,7748,1,1822,1,0,1
679,1897300,6970,9570,28.993147,0,0,16,0,0,47619,1052,2665,1849681,16,249,70,1,24508,1,110,1,250852,1,902201,1,231104,1,435475,1,5361,1,118162,1,12595,4,30,4,65599,4,2585,4,4599,8,0,0,4519,192,20,1,169693,1,912,1,10110,1,44728,2,5391,1,0,0,0,0,0,0,5210,1,23326,1,195834,1,26312,1,0,1,0,1,9570,1,6970,1,22399,1,9570,1,0,1,1240,1,1,1,0,1,7748,1,1822,1,0,1
680,1715200,6970,9570,28.993147,0,0,16,0,0,37727,1022,2676,1677473,16,249,40,1,33436,1,70,1,264970,1,893113,1,208600,1,272425,1,4819,1,54046,1,6082,4,30,4,64927,4,2375,4,4579,8,0,0,4278,192,20,1,112461,1,872,1,2755,1,18496,2,4759,1,0,0,0,0,0,0,5351,1,24759,1,199742,1,34698,1,0,1,0,1,9570,1,6970,1,22399,1,9570,1,0,1,1240,1,1,1,0,1,7748,1,1822,1,0,1
681,1656200,6970,9570,28.993147,0,0,16,0,0,33765,761,2626,1622435,16,249,60,1,24719,1,30,1,251203,1,871200,1,188741,1,281703,1,4779,1,53986,1,5711,4,30,4,64467,4,2325,4,4559,8,0,0,4258,192,20,1,124354,1,862,1,2765,1,17144,2,4719,1,0,0,0,0,0,0,5541,1,22574,1,196466,1,26382,1,0,1,0,1,9570,1,6970,1,22399,1,9570,1,0,1,1240,1,1,1,0,1,7748,1,1822,1,0,1
682,1634700,6970,9570,28.993147,0,0,16,0,0,33426,822,2736,1601274,16,249,60,1,24278,1,90,1,249249,1,869727,1,186165,1,267044,1,4659,1,52443,1,5932,4,40,4,64547,4,2305,4,5270,8,0,0,4839,192,20,1,111389,1,862,1,2635,1,16092,2,4689,1,0,0,0,0,0,0,5340,1,22885,1,194782,1,26021,1,0,1,0,1,9570,1,6970,1,22399,1,9570,1,0,1,1240,1,1,1,0,1,7748,1,1822,1,0,1
683,1707700,6970,9570,28.993147,0,0,16,0,0,46599,902,2855,1661101,16,249,70,1,30350,1,90,1,249420,1,869357,1,191366,1,315740,1,4709,1,76200,1,7605,4,40,4,65057,4,2424,4,4609,8,0,0,4178,192,20,1,124695,1,922,1,4379,1,24117,2,4769,1,0,0,0,0,0,0,5050,1,22885,1,194812,1,26502,1,0,1,0,1,9570,1,6970,1,22399,1,9570,1,0,1,1240,1,1,1,0,1,7748,1,1822,1,0,1
684,1639400,6970,9570,28.993147,0,0,16,0,0,30652,791,2625,1608748,16,249,50,1,24618,1,70,1,250602,1,872112,1,187769,1,268898,1,4629,1,52804,1,5841,4,30,4,64747,4,2355,4,4579,8,0,0,4308,192,20,1,112010,1,862,1,2775,1,17354,2,4729,1,0,0,0,0,0,0,5110,1,23727,1,194582,1,26903,1,0,1,0,1,9570,1,6970,1,22399,1,9570,1,0,1,1240,1,1,1,0,1,7748,1,1822,1,0,1
685,1643300,6970,9570,28.993147,0,0,16,0,0,31355,761,2686,1611945,16,249,10,1,24588,1,40,1,248758,1,870759,1,185514,1,277675,1,4599,1,52112,1,5601,4,40,4,64426,4,2315,4,4559,8,0,0,4188,192,20,1,123052,1,862,1,2635,1,16593,2,4699,1,0,0,0,0,0,0,5050,1,22454,1,194993,1,26051,1,0,1,0,1,9570,1,6970,1,22399,1,9570,1,0,1,1240,1,1,1,0,1,7748,1,1822,1,0,1
686,1623600,6970,9570,28.993147,0,0,16,0,0,31434,782,2605,1592166,16,249,70,1,24067,1,60,1,247265,1,867804,1,185113,1,263177,1,4609,1,50449,1,5511,4,40,4,64517,4,2846,4,4559,8,0,0,4799,192,20,1,110186,1,862,1,2645,1,16102,2,4659,1,0,0,0,0,0,0,5030,1,22785,1,193229,1,26051,1,0,1,0,1,9570,1,6970,1,22399,1,9570,1,0,1,1240,1,1,1,0,1,7748,1,1822,1,0,1
687,1667600,6970,9570,28.993147,0,0,16,0,0,39904,782,2666,1627696,16,249,50,1,24137,1,70,1,245883,1,868635,1,192498,1,291683,1,4739,1,60168,1,7304,4,40,4,64927,4,2325,4,4589,8,0,0,4248,192,20,1,123402,1,872,1,3106,1,19318,2,4829,1,0,0,0,0,0,0,5391,1,22534,1,191957,1,25821,1,0,1,0,1,9570,1,6970,1,22399,1,9570,1,0,1,1240,1,1,1,0,1,7748,1,1822,1,0,1
688,1638400,6970,9570,28.993147,0,0,16,0,0,32978,801,2595,1605422,16,249,40,1,24488,1,40,1,248618,1,871872,1,186616,1,269058,1,4689,1,52653,1,6924,4,30,4,64437,4,2315,4,4829,8,0,0,4549,192,20,1,111489,1,862,1,2816,1,16973,2,4910,1,0,0,0,0,0,0,5070,1,22524,1,193861,1,26973,1,0,1,0,1,9570,1,6970,1,22399,1,9570,1,0,1,1240,1,1,1,0,1,7748,1,1822,1,0,1
689,1639400,6970,9570,28.993147,0,0,16,0,0,32715,841,2586,1606685,16,249,80,1,24308,1,90,1,246805,1,868746,1,186005,1,275992,1,4659,1,50770,1,5631,4,30,4,64537,4,2284,4,4549,8,0,0,4248,192,20,1,123372,1,862,1,2655,1,15751,2,4689,1,0,0,0,0,0,0,5060,1,22444,1,192277,1,26803,1,0,1,0,1,9570,1,6970,1,22399,1,9570,1,0,1,1240,1,1,1,0,1,7748,1,1822,1,0,1
690,1623700,6970,9570,28.993147,0,0,16,0,0,31675,752,2695,1592025,16,249,60,1,24198,1,90,1,246203,1,867573,1,185975,1,263267,1,4659,1,50730,1,5541,4,40,4,64567,4,2344,4,5040,8,0,0,4689,192,20,1,111138,1,862,1,2665,1,14959,2,4609,1,0,0,0,0,0,0,5010,1,22184,1,192488,1,26292,1,0,1,0,1,9570,1,6970,1,22399,1,9570,1,0,1,1240,1,1,1,0,1,7748,1,1822,1,0,1
691,1678200,6970,9570,28.993147,0,0,16,0,0,37609,792,2796,1640591,16,249,70,1,24117,1,50,1,247085,1,865639,1,190504,1,308345,1,4779,1,66100,1,10741,4,40,4,64737,4,2334,4,4589,8,0,0,4127,192,20,1,124795,1,862,1,3076,1,25290,2,4970,1,0,0,0,0,0,0,5060,1,21773,1,191987,1,28085,1,0,1,0,1,9570,1,6970,1,22399,1,9570,1,0,1,1240,1,1,1,0,1,7748,1,1822,1,0,1
692,1661500,6970,9570,28.993147,0,0,16,0,0,33674,782,2716,1627826,16,249,60,1,24839,1,50,1,248949,1,869657,1,192638,1,286933,1,4699,1,59817,1,8006,4,40,4,65519,4,2315,4,4579,8,0,0,4177,192,20,1,118893,1,862,1,3206,1,17134,2,5761,1,0,0,0,0,0,0,5401,1,23276,1,193219,1,26873,1,0,1,0,1,9570,1,6970,1,22399,1,9570,1,0,1,1240,1,1,1,0,1,7748,1,1822,1,0,1
693,1638400,6970,9570,28.993147,0,0,16,0,0,32207,751,2675,1606193,16,249,60,1,24478,1,40,1,245372,1,869267,1,185654,1,276613,1,4709,1,51471,1,5872,4,30,4,64517,4,2315,4,4559,8,0,0,4198,192,20,1,123252,1,852,1,2655,1,15661,2,4659,1,0,0,0,0,0,0,5050,1,22755,1,191446,1,25931,1,0,1,0,1,9570,1,6970,1,22399,1,9570,1,0,1,1240,1,1,1,0,1,7748,1,1822,1,0,1
694,1625500,6970,9570,28.993147,0,0,16,0,0,32022,761,2585,1593478,16,249,60,1,24218,1,90,1,246444,1,868796,1,184733,1,264539,1,4599,1,51581,1,5641,4,30,4,64477,4,2315,4,4569,8,0,0,4298,192,20,1,110808,1,862,1,2986,1,15841,2,4649,1,0,0,0,0,0,0,5090,1,22184,1,192939,1,26051,1,0,1,0,1,9570,1,6970,1,22399,1,9570,1,0,1,1240,1,1,1,0,1,7748,1,1822,1,0,1
695,1662000,6970,9570,28.993147,0,0,16,0,0,41929,902,2556,1620071,16,249,60,1,24278,1,60,1,246123,1,867774,1,189091,1,287935,1,4749,1,56611,1,7144,4,40,4,64847,4,2335,4,4569,8,0,0,4348,192,20,1,124645,1,872,1,2976,1,17975,2,5000,1,0,0,0,0,0,0,5060,1,22945,1,192037,1,25911,1,0,1,0,1,9570,1,6970,1,22399,1,9570,1,0,1,1240,1,1,1,0,1,7748,1,1822,1,0,1
696,1651900,6970,9570,28.993147,0,0,16,0,0,30878,742,2655,1621022,16,249,60,1,24879,1,40,1,250111,1,874286,1,190254,1,276713,1,4679,1,56932,1,8046,4,40,4,64877,4,2334,4,4579,8,0,0,4258,192,20,1,114044,1,872,1,2685,1,16161,2,5381,1,0,0,0,0,0,0,5461,1,23025,1,193129,1,28296,1,0,1,0,1,9570,1,6970,1,22399,1,9570,1,0,1,1240,1,1,1,0,1,7748,1,1822,1,0,1
697,1650400,6970,9570,28.993147,0,0,16,0,0,30329,791,2786,1620071,16,249,70,1,24408,1,60,1,247406,1,876551,1,187949,1,279008,1,4619,1,52403,1,5872,4,30,4,64837,4,2365,4,4589,8,0,0,4168,192,20,1,123913,1,862,1,2585,1,16102,2,4639,1,0,0,0,0,0,0,5551,1,23075,1,192087,1,26442,1,0,1,0,1,9570,1,6970,1,22399,1,9570,1,0,1,1240,1,1,1,0,1,7748,1,1822,1,0,1
698,1623500,6970,9570,28.993147,0,0,16,0,0,31314,782,2485,1592186,16,249,60,1,24448,1,50,1,246534,1,866381,1,185554,1,264559,1,4599,1,52293,1,5711,4,40,4,64396,4,2315,4,4539,8,0,0,4368,192,20,1,110697,1,862,1,2615,1,15601,2,4689,1,0,0,0,0,0,0,5090,1,22394,1,192799,1,26061,1,0,1,0,1,9570,1,6970,1,22399,1,9570,1,0,1,1240,1,1,1,0,1,7748,1,1822,1,0,1
699,1680200,6970,9570,28.993147,0,0,16,0,0,33718,861,2646,1646482,16,249,60,1,24879,1,80,1,245261,1,879837,1,193881,1,297594,1,4890,1,61391,1,7685,4,30,4,64437,4,2615,4,4549,8,0,0,4518,192,20,1,124615,1,872,1,2926,1,22224,2,5371,1,0,0,0,0,0,0,5040,1,22254,1,191877,1,25911,1,0,1,0,1,9570,1,6970,1,22399,1,9570,1,0,1,1240,1,1,1,0,1,7748,1,1822,1,0,1
700,1669100,6970,9570,28.993147,0,0,16,0,0,49751,722,2595,1619349,16,249,50,1,31332,1,50,1,250171,1,871250,1,187969,1,273627,1,4900,1,55178,1,7314,4,40,4,64747,4,2354,4,4579,8,0,0,4338,192,20,1,112902,1,862,1,2665,1,16953,2,5290,1,0,0,0,0,0,0,5230,1,23867,1,193470,1,27374,1,0,1,0,1,9570,1,6970,1,22399,1,9570,1,0,1,1240,1,1,1,0,1,7748,1,1822,1,0,1
701,1642400,6970,9570,28.993147,0,0,16,0,0,30936,742,2585,1611464,16,249,90,1,24518,1,50,1,248378,1,870008,1,185564,1,277805,1,5050,1,52062,1,5631,4,40,4,64717,4,2334,4,4559,8,0,0,4308,192,20,1,123312,1,862,1,2585,1,16212,2,4729,1,0,0,0,0,0,0,5010,1,22915,1,191696,1,28536,1,0,1,0,1,9570,1,6970,1,22399,1,9570,1,0,1,1240,1,1,1,0,1,7748,1,1822,1,0,1
702,1630100,6970,9570,28.993147,0,0,16,0,0,32113,772,2625,1597987,16,249,80,1,24288,1,130,1,245432,1,867403,1,188440,1,267505,1,4709,1,51952,1,5561,4,40,4,64437,4,2314,4,4569,8,0,0,4258,192,20,1,113583,1,862,1,2615,1,16052,2,4729,1,0,0,0,0,0,0,5030,1,22805,1,191456,1,25951,1,0,1,0,1,9570,1,6970,1,22399,1,9570,1,0,1,1240,1,1,1,0,1,7748,1,1822,1,0,1
703,1702000,6970,9570,28.993147,0,0,16,0,0,47832,851,2586,1654168,16,249,60,1,24408,1,60,1,245933,1,870840,1,190404,1,315950,1,6513,1,58836,1,6533,4,30,4,64517,4,2305,4,4870,8,0,0,4588,192,20,1,144914,1,862,1,3246,1,23236,2,5731,1,0,0,0,0,0,0,5030,1,21963,1,192919,1,25821,1,0,1,0,1,9570,1,6970,1,22399,1,9570,1,0,1,1240,1,1,1,0,1,7748,1,1822,1,0,1
704,2186900,6970,9570,28.993147,0,0,16,0,0,67138,1643,2655,2119762,16,249,261,1,60068,1,60,1,385757,1,1081583,1,297344,1,289939,1,4749,1,58425,1,7575,4,241,4,63956,4,3016,4,4599,8,0,0,4959,192,30,1,114926,1,872,1,4499,1,25330,2,4829,1,0,0,0,0,0,0,9539,1,30340,1,299328,1,46050,1,0,1,0,1,9570,1,6970,1,22399,1,9570,1,0,1,1240,1,1,1,0,1,7748,1,1822,1,0,1
705,2083400,6970,9570,28.993147,0,0,16,0,0,41291,1002,2676,2042109,16,249,431,1,35910,1,90,1,340298,1,1170588,1,200564,1,289599,1,4629,1,55248,1,6873,4,50,4,64577,4,2305,4,4639,8,0,0,4268,192,10,1,124484,1,872,1,2665,1,21903,2,4970,1,0,0,0,0,0,0,7855,1,31021,1,258477,1,42664,1,0,1,0,1,9570,1,6970,1,22399,1,9570,1,0,1,1240,1,1,1,0,1,7748,1,1822,1,0,1
706,1679000,6970,9570,28.993147,0,0,16,0,0,39872,1022,2625,1639128,16,249,130,1,24618,1,80,1,253077,1,869096,1,185705,1,301802,1,4619,1,70358,1,7715,4,30,4,64416,4,2675,4,4619,8,0,0,4669,192,20,1,114675,1,852,1,2936,1,27394,2,5090,1,0,0,0,0,0,0,5260,1,23045,1,198520,1,26081,1,0,1,0,1,9570,1,6970,1,22399,1,9570,1,0,1,1240,1,1,1,0,1,7748,1,1822,1,0,1
707,1699400,6970,9570,28.993147,0,0,16,0,0,39441,992,2525,1659959,16,249,120,1,24909,1,50,1,253688,1,870990,1,191526,1,314047,1,4629,1,76430,1,6853,4,30,4,64737,4,2475,4,4619,8,0,0,4569,192,20,1,129785,1,872,1,2806,1,18867,2,5561,1,0,0,0,0,0,0,5511,1,23145,1,195855,1,29017,1,0,1,0,1,9570,1,6970,1,22399,1,9570,1,0,1,1240,1,1,1,0,1,7748,1,1822,1,0,1
708,1632200,6970,9570,28.993147,0,0,16,0,0,32259,842,2605,1599941,16,249,70,1,24839,1,60,1,250552,1,866301,1,185695,1,267796,1,4629,1,52874,1,5601,4,30,4,64356,4,2344,4,4539,8,0,0,4278,192,20,1,112260,1,872,1,2675,1,16753,2,4629,1,0,0,0,0,0,0,5371,1,23316,1,195243,1,26442,1,0,1,0,1,9570,1,6970,1,22399,1,9570,1,0,1,1240,1,1,1,0,1,7748,1,1822,1,0,1
709,1640100,6970,9570,28.993147,0,0,16,0,0,31141,782,2625,1608959,16,249,170,1,24488,1,40,1,246544,1,868846,1,185264,1,278968,1,4639,1,54126,1,5531,4,40,4,64457,4,2314,4,4549,8,0,0,4238,192,20,1,123442,1,872,1,2535,1,15681,2,4619,1,0,0,0,0,0,0,5320,1,23125,1,191997,1,25921,1,0,1,0,1,9570,1,6970,1,22399,1,9570,1,0,1,1240,1,1,1,0,1,7748,1,1822,1,0,1
710,1659700,6970,9570,28.993147,0,0,16,0,0,38828,751,2706,1620872,16,249,80,1,24258,1,50,1,245201,1,869908,1,187558,1,289218,1,4599,1,67763,1,6393,4,40,4,64467,4,2585,4,4559,8,0,0,4438,192,20,1,112230,1,962,1,2896,1,21883,2,4669,1,0,0,0,0,0,0,5381,1,21843,1,191646,1,26141,1,0,1,0,1,9570,1,6970,1,22399,1,9570,1,0,1,1240,1,1,1,0,1,7748,1,1822,1,0,1
711,1650400,6970,9570,28.993147,0,0,16,0,0,33395,851,2735,1617005,16,249,50,1,24358,1,70,1,249560,1,865820,1,186105,1,286422,1,4619,1,55439,1,7204,4,30,4,64797,4,2415,4,4769,8,0,0,4449,192,10,1,126108,1,872,1,2515,1,16232,2,5180,1,0,0,0,0,0,0,5551,1,22204,1,195163,1,26392,1,0,1,0,1,9570,1,6970,1,22399,1,9570,1,0,1,1240,1,1,1,0,1,7748,1,1822,1,0,1
712,1643600,6970,9570,28.993147,0,0,16,0,0,33459,772,2656,1610141,16,249,60,1,24448,1,100,1,249450,1,880779,1,185685,1,265020,1,4599,1,51802,1,5701,4,40,4,64416,4,2355,4,4569,8,0,0,4268,192,20,1,111459,1,872,1,2535,1,15851,2,4629,1,0,0,0,0,0,0,5090,1,22384,1,195604,1,26171,1,0,1,0,1,9570,1,6970,1,22399,1,9570,1,0,1,1240,1,1,1,0,1,7748,1,1822,1,0,1
713,1653000,6970,9570,28.993147,0,0,16,0,0,35244,1002,2686,1617756,16,249,60,1,24368,1,60,1,248137,1,870759,1,185715,1,284058,1,4599,1,56621,1,5511,4,40,4,64437,4,2315,4,4529,8,0,0,4157,192,20,1,123412,1,862,1,5040,1,15651,2,4619,1,0,0,0,0,0,0,5040,1,23636,1,193400,1,25881,1,0,1,0,1,9570,1,6970,1,22399,1,9570,1,0,1,1240,1,1,1,0,1,7748,1,1822,1,0,1
714,1685800,6970,9570,28.993147,0,0,16,0,0,53986,812,2656,1631814,16,249,60,1,24087,1,50,1,246875,1,874697,1,196065,1,285260,1,4719,1,66020,1,6563,4,40,4,64476,4,2395,4,4559,8,0,0,4298,192,20,1,111860,1,872,1,2545,1,20380,2,4719,1,0,0,0,0,0,0,5070,1,23576,1,192087,1,25931,1,0,1,0,1,9570,1,6970,1,22399,1,9570,1,0,1,1240,1,1,1,0,1,7748,1,1822,1,0,1
715,1736400,6970,9570,28.993147,0,0,16,0,0,35671,792,2605,1700729,16,249,40,1,26282,1,50,1,259900,1,862303,1,215543,1,331851,1,4759,1,69256,1,9138,4,40,4,69266,4,2785,4,4569,8,0,0,4749,192,20,1,149734,1,882,1,2836,1,16182,2,6352,1,0,0,0,0,0,0,6723,1,31141,1,194983,1,26743,1,0,1,0,1,9570,1,6970,1,22399,1,9570,1,0,1,1240,1,1,1,0,1,7748,1,1822,1,0,1
716,1631700,6970,9570,28.993147,0,0,16,0,0,32601,701,2535,1599099,16,249,90,1,24388,1,30,1,247496,1,873194,1,184823,1,264479,1,4599,1,52713,1,5521,4,40,4,64507,4,2325,4,4729,8,0,0,4519,192,20,1,111288,1,862,1,2525,1,14549,2,4699,1,0,0,0,0,0,0,5310,1,23326,1,191887,1,26743,1,0,1,0,1,9570,1,6970,1,22399,1,9570,1,0,1,1240,1,1,1,0,1,7748,1,1822,1,0,1
717,1639800,6970,9570,28.993147,0,0,16,0,0,30691,762,2525,1609109,16,249,60,1,24418,1,40,1,246494,1,870269,1,187608,1,275621,1,4599,1,51311,1,5441,4,40,4,64467,4,2334,4,4569,8,0,0,4378,192,20,1,123963,1,862,1,2826,1,14338,2,4689,1,0,0,0,0,0,0,5481,1,22184,1,192678,1,25981,1,0,1,0,1,9570,1,6970,1,22399,1,9570,1,0,1,1240,1,1,1,0,1,7748,1,1822,1,0,1
718,1868400,6970,9570,28.993147,0,0,16,0,0,55130,1633,3607,1813270,16,249,100,1,24218,1,40,1,245682,1,874136,1,187488,1,413101,1,68504,1,109295,1,10871,4,80,4,83273,4,2996,4,5731,8,0,0,5120,192,40,1,161958,1,1092,1,3647,1,24979,2,7505,1,0,0,0,0,0,0,5140,1,22103,1,192217,1,26001,1,0,1,0,1,9570,1,6970,1,22399,1,9570,1,0,1,1240,1,1,1,0,1,7748,1,1822,1,0,1
719,2088900,6970,9570,28.993147,0,0,16,0,0,36631,771,2475,2052269,16,249,100,1,25390,1,100,1,249169,1,1135990,1,359636,1,277274,1,4609,1,51661,1,6162,4,30,4,64467,4,2325,4,4689,8,0,0,4539,192,20,1,123342,1,862,1,2585,1,15641,2,4719,1,0,0,0,0,0,0,5441,1,23386,1,193430,1,26682,1,0,1,0,1,9570,1,6970,1,22399,1,9570,1,0,1,1240,1,1,1,0,1,7748,1,1822,1,0,1
720,1626400,6970,9570,28.993147,0,0,16,0,0,32410,741,2786,1593990,16,249,60,1,24177,1,30,1,246614,1,867904,1,185424,1,265201,1,4579,1,52473,1,5591,4,30,4,64517,4,2335,4,4549,8,0,0,4097,192,30,1,110808,1,862,1,2685,1,15921,2,4659,1,0,0,0,0,0,0,5280,1,22935,1,192117,1,26081,1,0,1,0,1,9570,1,6970,1,22399,1,9570,1,0,1,1240,1,1,1,0,1,7748,1,1822,1,0,1
721,1678500,6970,9570,28.993147,0,0,16,0,0,31887,822,2725,1646613,16,249,60,1,24769,1,90,1,244400,1,870599,1,187638,1,314437,1,4619,1,51782,1,5461,4,40,4,64406,4,2324,4,4709,8,0,0,4308,192,20,1,161667,1,852,1,2625,1,15090,2,4639,1,0,0,0,0,0,0,5030,1,22344,1,190704,1,26141,1,0,1,0,1,9570,1,6970,1,22399,1,9570,1,0,1,1240,1,1,1,0,1,7748,1,1822,1,0,1
722,1676200,6970,9570,28.993147,0,0,16,0,0,34928,821,2756,1641272,16,249,60,1,24238,1,90,1,246494,1,873535,1,206475,1,285771,1,4609,1,65188,1,7264,4,30,4,64697,4,2375,4,4589,8,0,0,4208,192,20,1,113202,1,862,1,2856,1,18807,2,5060,1,0,0,0,0,0,0,5020,1,22895,1,192478,1,25901,1,0,1,0,1,9570,1,6970,1,22399,1,9570,1,0,1,1240,1,1,1,0,1,7748,1,1822,1,0,1
723,1648600,6970,9570,28.993147,0,0,16,0,0,31986,782,2536,1616614,16,249,60,1,25179,1,50,1,249560,1,870960,1,185915,1,280290,1,4599,1,53204,1,6062,4,40,4,64457,4,2395,4,4549,8,0,0,4408,192,20,1,123522,1,862,1,2765,1,16272,2,5361,1,0,0,0,0,0,0,5290,1,22695,1,194161,1,27043,1,0,1,0,1,9570,1,6970,1,22399,1,9570,1,0,1,1240,1,1,1,0,1,7748,1,1822,1,0,1
724,1629400,6970,9570,28.993147,0,0,16,0,0,34278,802,2585,1595122,16,249,70,1,24508,1,40,1,246394,1,868705,1,185434,1,265371,1,4599,1,51401,1,5651,4,40,4,64346,4,2314,4,4549,8,0,0,4278,192,20,1,111599,1,862,1,2655,1,16172,2,4960,1,0,0,0,0,0,0,5100,1,22995,1,192047,1,26071,1,0,1,0,1,9570,1,6970,1,22399,1,9570,1,0,1,1240,1,1,1,0,1,7748,1,1822,1,0,1
725,1638700,6970,9570,28.993147,0,0,16,0,0,31415,741,2676,1607285,16,249,60,1,24157,1,60,1,246394,1,869437,1,186276,1,276282,1,4619,1,51321,1,5571,4,40,4,64416,4,2315,4,4549,8,0,0,4188,192,20,1,123903,1,862,1,2665,1,15050,2,4829,1,0,0,0,0,0,0,5040,1,23446,1,191165,1,26562,1,0,1,0,1,9570,1,6970,1,22399,1,9570,1,0,1,1240,1,1,1,0,1,7748,1,1822,1,0,1
726,1705400,6970,9570,28.993147,0,0,16,0,0,35421,842,2716,1669979,16,249,50,1,24308,1,90,1,244570,1,874026,1,197738,1,324016,1,5180,1,83664,1,8857,4,40,4,65058,4,2355,4,4589,8,0,0,4228,192,20,1,118994,1,862,1,4930,1,28847,2,4960,1,0,0,0,0,0,0,5040,1,22354,1,191075,1,25871,1,0,1,0,1,9570,1,6970,1,22399,1,9570,1,0,1,1240,1,1,1,0,1,7748,1,1822,1,0,1
727,1683600,6970,9570,28.993147,0,0,16,0,0,32138,761,2816,1651462,16,249,80,1,24879,1,50,1,247636,1,873425,1,203940,1,296843,1,4609,1,63675,1,8517,4,30,4,66330,4,2345,4,5010,8,0,0,4539,192,20,1,124825,1,862,1,2976,1,16653,2,4840,1,0,0,0,0,0,0,5551,1,23025,1,192318,1,26432,1,0,1,0,1,9570,1,6970,1,22399,1,9570,1,0,1,1240,1,1,1,0,1,7748,1,1822,1,0,1
728,1625500,6970,9570,28.993147,0,0,16,0,0,31841,821,2655,1593659,16,249,50,1,24348,1,50,1,245492,1,868475,1,185023,1,265631,1,4589,1,51762,1,5451,4,21,4,64437,4,2305,4,4559,8,0,0,4208,192,20,1,111429,1,862,1,2535,1,16552,2,4880,1,0,0,0,0,0,0,5110,1,23306,1,190133,1,26732,1,0,1,0,1,9570,1,6970,1,22399,1,9570,1,0,1,1240,1,1,1,0,1,7748,1,1822,1,0,1
729,1638800,6970,9570,28.993147,0,0,16,0,0,32456,812,2695,1606344,16,249,70,1,24929,1,60,1,245272,1,869497,1,185344,1,276573,1,4599,1,51782,1,5501,4,30,4,64406,4,2324,4,4549,8,0,0,4178,192,30,1,123512,1,862,1,2545,1,15571,2,4649,1,0,0,0,0,0,0,5110,1,23035,1,191135,1,25801,1,0,1,0,1,9570,1,6970,1,22399,1,9570,1,0,1,1240,1,1,1,0,1,7748,1,1822,1,0,1
730,1795600,6970,9570,28.993147,0,0,16,0,0,36346,1042,2696,1759254,16,249,60,1,24198,1,40,1,244931,1,884086,1,233078,1,368143,1,4719,1,110737,1,9759,4,30,4,64827,4,2485,4,4579,8,0,0,4368,192,10,1,123883,1,862,1,9068,1,35880,2,4980,1,0,0,0,0,0,0,5431,1,22785,1,190554,1,25961,1,0,1,0,1,9570,1,6970,1,22399,1,9570,1,0,1,1240,1,1,1,0,1,7748,1,1822,1,0,1
731,1725200,6970,9570,28.993147,0,0,16,0,0,32938,831,2736,1692262,16,249,140,1,25199,1,551,1,250261,1,874647,1,231044,1,305830,1,4589,1,72422,1,7715,4,30,4,66611,4,2415,4,4549,8,0,0,4227,192,20,1,123172,1,862,1,3176,1,19087,2,4940,1,0,0,0,0,0,0,5330,1,24007,1,193440,1,27274,1,0,1,0,1,9570,1,6970,1,22399,1,9570,1,0,1,1240,1,1,1,0,1,7748,1,1822,1,0,1
732,1635000,6970,9570,28.993147,0,0,16,0,0,34357,782,2596,1600643,16,249,30,1,24398,1,80,1,247436,1,869417,1,185765,1,268918,1,4599,1,53224,1,6222,4,40,4,64306,4,2365,4,4549,8,0,0,4318,192,20,1,111108,1,862,1,2635,1,17855,2,4950,1,0,0,0,0,0,0,5170,1,23717,1,191967,1,26332,1,0,1,0,1,9570,1,6970,1,22399,1,9570,1,0,1,1240,1,1,1,0,1,7748,1,1822,1,0,1
733,1639500,6970,9570,28.993147,0,0,16,0,0,31934,802,2635,1607566,16,249,70,1,24488,1,120,1,245131,1,869617,1,185234,1,278306,1,4599,1,52142,1,5581,4,40,4,64487,4,2314,4,4559,8,0,0,4238,192,20,1,123713,1,862,1,2555,1,16563,2,4669,1,0,0,0,0,0,0,5330,1,23105,1,190504,1,25981,1,0,1,0,1,9570,1,6970,1,22399,1,9570,1,0,1,1240,1,1,1,0,1,7748,1,1822,1,0,1
734,1718900,6970,9570,28.993147,0,0,16,0,0,36858,772,2825,1682042,16,249,60,1,24348,1,70,1,245081,1,884416,1,191045,1,332403,1,4619,1,81039,1,11252,4,30,4,64777,4,2685,4,4609,8,0,0,4469,192,20,1,123292,1,912,1,3787,1,34347,2,4880,1,0,0,0,0,0,0,5441,1,22845,1,190564,1,26031,1,0,1,0,1,9570,1,6970,1,22399,1,9570,1,0,1,1240,1,1,1,0,1,7748,1,1822,1,0,1
735,1699900,6970,9570,28.993147,0,0,16,0,0,32226,821,2736,1667674,16,249,160,1,24979,1,30,1,249229,1,872443,1,211646,1,304558,1,4629,1,69146,1,8597,4,30,4,67663,4,2355,4,4579,8,0,0,4198,192,20,1,124985,1,862,1,2946,1,17735,2,4819,1,0,0,0,0,0,0,5641,1,23135,1,191676,1,28496,1,0,1,0,1,9570,1,6970,1,22399,1,9570,1,0,1,1240,1,1,1,0,1,7748,1,1822,1,0,1
736,1640800,6970,9570,28.993147,0,0,16,0,0,33444,741,2826,1607356,16,249,70,1,24648,1,70,1,247676,1,874016,1,187338,1,268918,1,4619,1,53004,1,5771,4,30,4,64757,4,2575,4,4789,8,0,0,4539,192,20,1,112030,1,872,1,2765,1,16743,2,4819,1,0,0,0,0,0,0,5681,1,22885,1,192007,1,26943,1,0,1,0,1,9570,1,6970,1,22399,1,9570,1,0,1,1240,1,1,1,0,1,7748,1,1822,1,0,1
737,1652000,6970,9570,28.993147,0,0,16,0,0,31418,822,2615,1620582,16,249,70,1,24819,1,70,1,247897,1,872924,1,185143,1,285040,1,4619,1,52513,1,5491,4,40,4,68194,4,2295,4,4559,8,0,0,4238,192,50,1,126639,1,842,1,2615,1,16272,2,4709,1,0,0,0,0,0,0,5531,1,22965,1,192979,1,26211,1,0,1,0,1,9570,1,6970,1,22399,1,9570,1,0,1,1240,1,1,1,0,1,7748,1,1822,1,0,1
738,1808600,6970,9570,28.993147,0,0,16,0,0,38645,1253,2745,1769955,16,249,50,1,24598,1,90,1,246664,1,912862,1,212136,1,368654,1,4900,1,96519,1,10721,4,40,4,64757,4,2354,4,4599,8,0,0,4208,192,20,1,139845,1,1513,1,6122,1,35740,2,5170,1,0,0,0,0,0,0,5361,1,22454,1,191686,1,26983,1,0,1,0,1,9570,1,6970,1,22399,1,9570,1,0,1,1240,1,1,1,0,1,7748,1,1822,1,0,1
739,1722100,6970,9570,28.993147,0,0,16,0,0,32192,782,2606,1689908,16,249,50,1,25280,1,110,1,251093,1,875128,1,229290,1,304337,1,4619,1,72482,1,6393,4,40,4,64437,4,2325,4,4529,8,0,0,4247,192,20,1,123052,1,862,1,3116,1,21482,2,4819,1,0,0,0,0,0,0,5431,1,23887,1,193951,1,27534,1,0,1,0,1,9570,1,6970,1,22399,1,9570,1,0,1,1240,1,1,1,0,1,7748,1,1822,1,0,1
740,1647300,6970,9570,28.993147,0,0,16,0,0,34013,801,2656,1613287,16,249,60,1,24318,1,40,1,250832,1,873725,1,187228,1,272495,1,4589,1,54908,1,5992,4,21,4,64527,4,2325,4,4809,8,0,0,4478,192,20,1,111419,1,862,1,2755,1,18797,2,5260,1,0,0,0,0,0,0,5170,1,24478,1,192488,1,28496,1,0,1,0,1,9570,1,6970,1,22399,1,9570,1,0,1,1240,1,1,1,0,1,7748,1,1822,1,0,1
741,1643800,6970,9570,28.993147,0,0,16,0,0,32156,752,2585,1611644,16,249,70,1,24258,1,70,1,246133,1,870820,1,185404,1,280280,1,4609,1,52423,1,5741,4,40,4,64346,4,2334,4,4539,8,0,0,4288,192,20,1,124364,1,862,1,2665,1,17474,2,4719,1,0,0,0,0,0,0,5661,1,22284,1,190985,1,26983,1,0,1,0,1,9570,1,6970,1,22399,1,9570,1,0,1,1240,1,1,1,0,1,7748,1,1822,1,0,1
742,2258300,6970,9570,28.993147,0,0,16,0,0,66517,1052,2796,2191783,16,249,70,1,24438,1,100,1,253387,1,1210637,1,295540,1,402881,1,4729,1,95477,1,12515,4,70,4,83464,4,2505,4,4619,8,0,0,4328,192,40,1,169763,1,862,1,5882,1,20841,2,5791,1,0,0,0,0,0,0,5431,1,22685,1,191817,1,33285,1,0,1,0,1,9570,1,6970,1,22399,1,9570,1,0,1,1240,1,1,1,0,1,7748,1,1822,1,0,1
743,2138300,6970,9570,28.993147,0,0,16,0,0,36424,881,2726,2101876,16,249,120,1,62964,1,100,1,517977,1,1021596,1,192137,1,302314,1,4669,1,73013,1,5992,4,30,4,64487,4,2355,4,4589,8,0,0,4218,192,20,1,124545,1,862,1,2715,1,17965,2,4860,1,0,0,0,0,0,0,13927,1,43455,1,384645,1,75669,1,0,1,0,1,9570,1,6970,1,22399,1,9570,1,0,1,1240,1,1,1,0,1,7748,1,1822,1,0,1
744,1629000,6970,9570,28.993147,0,0,16,0,0,32215,821,2745,1596785,16,249,50,1,24488,1,20,1,246103,1,869096,1,185334,1,267044,1,4649,1,51842,1,5641,4,30,4,64677,4,2846,4,4549,8,0,0,4649,192,20,1,112010,1,852,1,2695,1,16262,2,4799,1,0,0,0,0,0,0,5100,1,23687,1,190233,1,26883,1,0,1,0,1,9570,1,6970,1,22399,1,9570,1,0,1,1240,1,1,1,0,1,7748,1,1822,1,0,1
745,1684900,6970,9570,28.993147,0,0,16,0,0,39189,752,2656,1645711,16,249,40,1,24268,1,70,1,244500,1,877713,1,203299,1,291222,1,4599,1,60679,1,7104,4,40,4,64527,4,2314,4,4579,8,0,0,4238,192,20,1,123402,1,862,1,3487,1,18787,2,4669,1,0,0,0,0,0,0,5050,1,22634,1,190584,1,26061,1,0,1,0,1,9570,1,6970,1,22399,1,9570,1,0,1,1240,1,1,1,0,1,7748,1,1822,1,0,1
746,1697900,6970,9570,28.993147,0,0,16,0,0,33923,872,2705,1663977,16,249,160,1,24779,1,70,1,250051,1,857323,1,212347,1,314517,1,4729,1,67392,1,9048,4,40,4,69066,4,2345,4,4549,8,0,0,4188,192,20,1,134474,1,872,1,2816,1,16663,2,6362,1,0,0,0,0,0,0,5110,1,26362,1,191175,1,27173,1,0,1,0,1,9570,1,6970,1,22399,1,9570,1,0,1,1240,1,1,1,0,1,7748,1,1822,1,0,1
747,1640400,6970,9570,28.993147,0,0,16,0,0,32032,782,2705,1608368,16,249,50,1,24979,1,40,1,249380,1,866922,1,186165,1,276212,1,4619,1,51661,1,5741,4,30,4,64597,4,2444,4,4559,8,0,0,4298,192,20,1,122531,1,862,1,2635,1,15691,2,4659,1,0,0,0,0,0,0,5511,1,23196,1,190955,1,29538,1,0,1,0,1,9570,1,6970,1,22399,1,9570,1,0,1,1240,1,1,1,0,1,7748,1,1822,1,0,1
748,1628900,6970,9570,28.993147,0,0,16,0,0,32837,782,2685,1596063,16,249,10,1,24218,1,80,1,244761,1,873846,1,185314,1,263187,1,4649,1,51130,1,5511,4,40,4,64447,4,2325,4,4809,8,0,0,4449,192,20,1,111008,1,862,1,2635,1,14909,2,4709,1,0,0,0,0,0,0,5030,1,22865,1,190414,1,26221,1,0,1,0,1,9570,1,6970,1,22399,1,9570,1,0,1,1240,1,1,1,0,1,7748,1,1822,1,0,1
749,1944500,6970,9570,28.993147,0,0,16,0,0,59099,1272,3507,1885401,16,249,50,1,25700,1,10,1,245121,1,894276,1,278547,1,434723,1,6974,1,84105,1,10551,4,70,4,83855,4,3106,4,5731,8,0,0,5330,192,30,1,206686,1,1272,1,5932,1,22825,2,9288,1,0,0,0,0,0,0,5040,1,23346,1,190554,1,25971,1,0,1,0,1,9570,1,6970,1,22399,1,9570,1,0,1,1240,1,1,1,0,1,7748,1,1822,1,0,1
750,2071800,6970,9570,28.993147,0,0,16,0,0,40482,962,2926,2031318,16,249,60,1,26402,1,70,1,250883,1,973992,1,329647,1,445645,1,4619,1,100718,1,14809,4,40,4,98223,4,2385,4,4649,8,0,0,4107,192,10,1,196496,1,852,1,4098,1,17735,2,4669,1,0,0,0,0,0,0,5811,1,26622,1,190604,1,27644,1,0,1,0,1,9570,1,6970,1,22399,1,9570,1,0,1,1240,1,1,1,0,1,7748,1,1822,1,0,1
751,1639700,6970,9570,28.993147,0,0,16,0,0,34168,802,2545,1605532,16,249,40,1,24558,1,40,1,246684,1,869106,1,186687,1,273818,1,4599,1,51581,1,5521,4,40,4,64356,4,2325,4,4589,8,0,0,4368,192,20,1,122430,1,862,1,2315,1,14288,2,4689,1,0,0,0,0,0,0,5200,1,22254,1,192768,1,26221,1,0,1,0,1,9570,1,6970,1,22399,1,9570,1,0,1,1240,1,1,1,0,1,7748,1,1822,1,0,1
752,1624000,6970,9570,28.993147,0,0,16,0,0,31854,792,2665,1592146,16,249,80,1,24238,1,40,1,247015,1,868866,1,185244,1,262054,1,4609,1,50569,1,5421,4,40,4,64487,4,2775,4,4569,8,0,0,4679,192,20,1,110627,1,862,1,2395,1,14809,2,4689,1,0,0,0,0,0,0,5300,1,21893,1,192057,1,27534,1,0,1,0,1,9570,1,6970,1,22399,1,9570,1,0,1,1240,1,1,1,0,1,7748,1,1822,1,0,1
753,1673100,6970,9570,28.993147,0,0,16,0,0,36717,771,2596,1636383,16,249,70,1,24278,1,90,1,246464,1,874066,1,192528,1,294218,1,4669,1,60839,1,7014,4,30,4,64477,4,2355,4,4559,8,0,0,4318,192,20,1,128402,1,862,1,2575,1,17484,2,4829,1,0,0,0,0,0,0,5090,1,22815,1,192358,1,26021,1,0,1,0,1,9570,1,6970,1,22399,1,9570,1,0,1,1240,1,1,1,0,1,7748,1,1822,1,0,1
754,1631700,6970,9570,28.993147,0,0,16,0,0,31959,792,2605,1599741,16,249,60,1,24618,1,110,1,246143,1,868665,1,188660,1,266854,1,4629,1,52904,1,6643,4,30,4,64827,4,2324,4,4579,8,0,0,4298,192,20,1,111088,1,862,1,2405,1,15620,2,4759,1,0,0,0,0,0,0,5190,1,23486,1,191025,1,26242,1,0,1,0,1,9570,1,6970,1,22399,1,9570,1,0,1,1240,1,1,1,0,1,7748,1,1822,1,0,1
755,1636900,6970,9570,28.993147,0,0,16,0,0,33031,782,2695,1603869,16,249,70,1,24719,1,50,1,244781,1,869146,1,185464,1,275050,1,4589,1,52583,1,5711,4,40,4,64477,4,2304,4,4569,8,0,0,4178,192,20,1,121959,1,862,1,2365,1,14699,2,4679,1,0,0,0,0,0,0,5150,1,22685,1,191015,1,25741,1,0,1,0,1,9570,1,6970,1,22399,1,9570,1,0,1,1240,1,1,1,0,1,7748,1,1822,1,0,1
756,1622300,6970,9570,28.993147,0,0,16,0,0,31888,821,2656,1590412,16,249,70,1,24428,1,50,1,246674,1,866862,1,185063,1,262626,1,4639,1,50770,1,5621,4,30,4,64437,4,2325,4,4699,8,0,0,4367,192,20,1,110727,1,862,1,2365,1,15250,2,4699,1,0,0,0,0,0,0,5080,1,22725,1,190885,1,27754,1,0,1,0,1,9570,1,6970,1,22399,1,9570,1,0,1,1240,1,1,1,0,1,7748,1,1822,1,0,1
757,1691400,6970,9570,28.993147,0,0,16,0,0,36411,782,2525,1654989,16,249,60,1,24749,1,80,1,248598,1,880038,1,193149,1,303686,1,4629,1,60589,1,7865,4,30,4,64737,4,2465,4,4559,8,0,0,4498,192,20,1,128973,1,862,1,3036,1,24829,2,4940,1,0,0,0,0,0,0,5050,1,22244,1,190574,1,30510,1,0,1,0,1,9570,1,6970,1,22399,1,9570,1,0,1,1240,1,1,1,0,1,7748,1,1822,1,0,1
758,1646700,6970,9570,28.993147,0,0,16,0,0,30046,772,2695,1616654,16,249,50,1,24979,1,70,1,248237,1,871331,1,190294,1,277014,1,4679,1,56611,1,7635,4,40,4,65168,4,2354,4,4609,8,0,0,4268,192,20,1,114174,1,862,1,2315,1,17033,2,5421,1,0,0,0,0,0,0,5180,1,23075,1,192568,1,27113,1,0,1,0,1,9570,1,6970,1,22399,1,9570,1,0,1,1240,1,1,1,0,1,7748,1,1822,1,0,1
759,1640400,6970,9570,28.993147,0,0,16,0,0,31181,792,2595,1609219,16,249,70,1,24779,1,60,1,245061,1,870379,1,186957,1,277274,1,4639,1,51702,1,5942,4,40,4,65018,4,2324,4,4609,8,0,0,4339,192,20,1,122661,1,862,1,2675,1,15380,2,5250,1,0,0,0,0,0,0,5070,1,22424,1,191546,1,25821,1,0,1,0,1,9570,1,6970,1,22399,1,9570,1,0,1,1240,1,1,1,0,1,7748,1,1822,1,0,1
760,1628500,6970,9570,28.993147,0,0,16,0,0,32246,762,2615,1596254,16,249,60,1,24598,1,60,1,244710,1,873655,1,185434,1,263147,1,4589,1,51150,1,5912,4,40,4,64527,4,2424,4,4559,8,0,0,4368,192,20,1,110246,1,862,1,2725,1,15260,2,4659,1,0,0,0,0,0,0,5080,1,21863,1,191506,1,26071,1,0,1,0,1,9570,1,6970,1,22399,1,9570,1,0,1,1240,1,1,1,0,1,7748,1,1822,1,0,1
761,1724600,6970,9570,28.993147,0,0,16,0,0,50654,792,2646,1673946,16,249,70,1,24298,1,90,1,246845,1,876511,1,204912,1,316451,1,4769,1,66801,1,9579,4,30,4,64767,4,2344,4,4529,8,0,0,4227,192,20,1,130186,1,872,1,3166,1,27003,2,6362,1,0,0,0,0,0,0,5551,1,22995,1,191185,1,26101,1,0,1,0,1,9570,1,6970,1,22399,1,9570,1,0,1,1240,1,1,1,0,1,7748,1,1822,1,0,1
762,1697300,6970,9570,28.993147,0,0,16,0,0,31800,732,2685,1665500,16,249,70,1,25590,1,200,1,249239,1,872683,1,206004,1,306963,1,4749,1,67312,1,8587,4,40,4,66831,4,2334,4,4579,8,0,0,4228,192,20,1,127941,1,862,1,2575,1,19178,2,5972,1,0,0,0,0,0,0,5401,1,23967,1,192668,1,26923,1,0,1,0,1,9570,1,6970,1,22399,1,9570,1,0,1,1240,1,1,1,0,1,7748,1,1822,1,0,1
763,1645100,6970,9570,28.993147,0,0,16,0,0,34668,762,2565,1610432,16,249,60,1,24638,1,40,1,246394,1,870619,1,186366,1,277645,1,4669,1,51591,1,6182,4,40,4,64587,4,2304,4,4569,8,0,0,4308,192,20,1,122531,1,862,1,2455,1,16673,2,5070,1,0,0,0,0,0,0,5090,1,23226,1,191746,1,26111,1,0,1,0,1,9570,1,6970,1,22399,1,9570,1,0,1,1240,1,1,1,0,1,7748,1,1822,1,0,1
764,1627100,6970,9570,28.993147,0,0,16,0,0,31858,802,2576,1595242,16,249,50,1,24528,1,50,1,246364,1,867724,1,186015,1,265812,1,4699,1,52052,1,5531,4,40,4,64687,4,2304,4,5090,8,0,0,4819,192,20,1,110928,1,862,1,2315,1,16332,2,4850,1,0,0,0,0,0,0,5070,1,22554,1,192187,1,26332,1,0,1,0,1,9570,1,6970,1,22399,1,9570,1,0,1,1240,1,1,1,0,1,7748,1,1822,1,0,1
765,1700000,6970,9570,28.993147,0,0,16,0,0,54119,711,2545,1645881,16,249,60,1,24117,1,40,1,248638,1,877763,1,192929,1,297554,1,4779,1,62272,1,7224,4,30,4,64537,4,2335,4,4579,8,0,0,4369,192,20,1,127160,1,862,1,3186,1,19498,2,5140,1,0,0,0,0,0,0,5060,1,21913,1,192167,1,29267,1,0,1,0,1,9570,1,6970,1,22399,1,9570,1,0,1,1240,1,1,1,0,1,7748,1,1822,1,0,1
766,1646900,6970,9570,28.993147,0,0,16,0,0,30356,772,2715,1616544,16,249,20,1,24909,1,60,1,248328,1,870078,1,190724,1,277735,1,4689,1,57062,1,7585,4,40,4,65098,4,2354,4,4579,8,0,0,4218,192,20,1,114675,1,862,1,2505,1,16663,2,5521,1,0,0,0,0,0,0,5340,1,23246,1,193209,1,26322,1,0,1,0,1,9570,1,6970,1,22399,1,9570,1,0,1,1240,1,1,1,0,1,7748,1,1822,1,0,1
767,1642200,6970,9570,28.993147,0,0,16,0,0,31538,801,2575,1610662,16,249,70,1,24548,1,40,1,247786,1,871220,1,186326,1,275962,1,4709,1,51461,1,5811,4,30,4,64396,4,2295,4,4559,8,0,0,4278,192,20,1,122811,1,862,1,2735,1,15520,2,4659,1,0,0,0,0,0,0,5330,1,23206,1,192538,1,26492,1,0,1,0,1,9570,1,6970,1,22399,1,9570,1,0,1,1240,1,1,1,0,1,7748,1,1822,1,0,1
768,1622700,6970,9570,28.993147,0,0,16,0,0,32117,781,2655,1590583,16,249,70,1,24218,1,40,1,245251,1,867573,1,185524,1,263247,1,4659,1,51441,1,5581,4,21,4,64416,4,2334,4,4559,8,0,0,4238,192,20,1,111118,1,862,1,2284,1,15130,2,4699,1,0,0,0,0,0,0,5050,1,21863,1,192127,1,26041,1,0,1,0,1,9570,1,6970,1,22399,1,9570,1,0,1,1240,1,1,1,0,1,7748,1,1822,1,0,1
769,1683900,6970,9570,28.993147,0,0,16,0,0,37588,761,2735,1646312,16,249,60,1,24127,1,100,1,248428,1,871711,1,193640,1,303476,1,4769,1,57373,1,6773,4,21,4,64797,4,2354,4,4579,8,0,0,4198,192,20,1,137680,1,862,1,3046,1,18877,2,6332,1,0,0,0,0,0,0,5020,1,22053,1,191296,1,29889,1,0,1,0,1,9570,1,6970,1,22399,1,9570,1,0,1,1240,1,1,1,0,1,7748,1,1822,1,0,1
770,1639300,6970,9570,28.993147,0,0,16,0,0,30291,752,2615,1609009,16,249,70,1,24899,1,60,1,252706,1,871852,1,186636,1,268166,1,4619,1,52734,1,6132,4,40,4,64897,4,2324,4,4559,8,0,0,4268,192,20,1,111268,1,872,1,2335,1,17544,2,4689,1,0,0,0,0,0,0,5691,1,23757,1,192688,1,30370,1,0,1,0,1,9570,1,6970,1,22399,1,9570,1,0,1,1240,1,1,1,0,1,7748,1,1822,1,0,1
771,1637900,6970,9570,28.993147,0,0,16,0,0,33079,821,2585,1604821,16,249,80,1,24719,1,60,1,245131,1,868545,1,185153,1,276513,1,4619,1,52072,1,5621,4,21,4,64447,4,2335,4,4579,8,0,0,4328,192,20,1,122871,1,862,1,2435,1,15811,2,4619,1,0,0,0,0,0,0,5060,1,22675,1,190554,1,26692,1,0,1,0,1,9570,1,6970,1,22399,1,9570,1,0,1,1240,1,1,1,0,1,7748,1,1822,1,0,1
772,1621900,6970,9570,28.993147,0,0,16,0,0,31818,781,2626,1590082,16,249,70,1,24448,1,110,1,243859,1,867403,1,185284,1,264319,1,4589,1,51671,1,5581,4,21,4,64457,4,2345,4,4549,8,0,0,4268,192,20,1,111419,1,862,1,2244,1,15681,2,4689,1,0,0,0,0,0,0,5060,1,21933,1,190664,1,25991,1,0,1,0,1,9570,1,6970,1,22399,1,9570,1,0,1,1240,1,1,1,0,1,7748,1,1822,1,0,1
773,1867000,6970,9570,28.993147,0,0,16,0,0,85081,811,2976,1781919,16,249,60,1,24358,1,70,1,245192,1,934705,1,240202,1,331811,1,5521,1,69607,1,6833,4,40,4,64857,4,2806,4,4599,8,0,0,4428,192,10,1,147109,1,1092,1,5932,1,20711,2,7405,1,0,0,0,0,0,0,5030,1,22184,1,191095,1,26282,1,0,1,0,1,9570,1,6970,1,22399,1,9570,1,0,1,1240,1,1,1,0,1,7748,1,1822,1,0,1
774,1684200,6970,9570,28.993147,0,0,16,0,0,30393,771,2675,1653807,16,249,40,1,29127,1,40,1,270922,1,886701,1,190945,1,271293,1,4739,1,55800,1,6102,4,21,4,64747,4,2345,4,4589,8,0,0,4258,192,20,1,111429,1,852,1,2385,1,17464,2,4769,1,0,0,0,0,0,0,6393,1,24889,1,204542,1,34738,1,0,1,0,1,9570,1,6970,1,22399,1,9570,1,0,1,1240,1,1,1,0,1,7748,1,1822,1,0,1
775,1644700,6970,9570,28.993147,0,0,16,0,0,31964,751,2576,1612736,16,249,70,1,25029,1,30,1,248217,1,871631,1,185675,1,277395,1,4689,1,52493,1,5681,4,21,4,64356,4,2325,4,4549,8,0,0,4298,192,20,1,122260,1,862,1,2345,1,17063,2,4669,1,0,0,0,0,0,0,5040,1,22664,1,192979,1,27314,1,0,1,0,1,9570,1,6970,1,22399,1,9570,1,0,1,1240,1,1,1,0,1,7748,1,1822,1,0,1
776,1629700,6970,9570,28.993147,0,0,16,0,0,31563,821,2585,1598137,16,249,70,1,24518,1,90,1,247306,1,870780,1,186757,1,263948,1,4669,1,51241,1,5641,4,30,4,64437,4,2305,4,4569,8,0,0,4288,192,20,1,110928,1,862,1,2355,1,16112,2,4629,1,0,0,0,0,0,0,5050,1,22153,1,192338,1,27584,1,0,1,0,1,9570,1,6970,1,22399,1,9570,1,0,1,1240,1,1,1,0,1,7748,1,1822,1,0,1
777,1770300,6970,9570,28.993147,0,0,16,0,0,60929,1353,2605,1709371,16,249,70,1,24338,1,150,1,293862,1,876300,1,193750,1,315870,1,5030,1,57292,1,6583,4,30,4,64988,4,2334,4,4729,8,0,0,4459,192,20,1,148772,1,1012,1,2665,1,19278,2,6813,1,0,0,0,0,0,0,12184,1,34648,1,217312,1,28306,1,0,1,0,1,9570,1,6970,1,22399,1,9570,1,0,1,1240,1,1,1,0,1,7748,1,1822,1,0,1
778,1645000,6970,9570,28.993147,0,0,16,0,0,30100,751,2616,1614900,16,249,60,1,26943,1,40,1,257315,1,870439,1,186236,1,269259,1,4609,1,53325,1,6032,4,21,4,64988,4,2345,4,4559,8,0,0,4288,192,20,1,111449,1,872,1,2445,1,17655,2,4799,1,0,0,0,0,0,0,5731,1,24177,1,195434,1,31762,1,0,1,0,1,9570,1,6970,1,22399,1,9570,1,0,1,1240,1,1,1,0,1,7748,1,1822,1,0,1
779,1655700,6970,9570,28.993147,0,0,16,0,0,32894,751,2596,1622806,16,249,60,1,24548,1,50,1,245712,1,868425,1,202908,1,276483,1,4619,1,51601,1,5641,4,30,4,64457,4,2305,4,4529,8,0,0,4238,192,20,1,122531,1,862,1,2365,1,16603,2,4789,1,0,0,0,0,0,0,5050,1,22224,1,192438,1,25831,1,0,1,0,1,9570,1,6970,1,22399,1,9570,1,0,1,1240,1,1,1,0,1,7748,1,1822,1,0,1
780,1623000,6970,9570,28.993147,0,0,16,0,0,31335,781,2666,1591665,16,249,70,1,24668,1,90,1,244971,1,867283,1,185925,1,264058,1,4599,1,50980,1,5551,4,30,4,64587,4,2335,4,4579,8,0,0,4248,192,20,1,111509,1,862,1,2385,1,15771,2,4669,1,0,0,0,0,0,0,5100,1,22143,1,190995,1,26502,1,0,1,0,1,9570,1,6970,1,22399,1,9570,1,0,1,1240,1,1,1,0,1,7748,1,1822,1,0,1
781,2346100,6970,9570,28.993147,0,0,16,0,0,66535,1112,3096,2279565,16,249,200,1,33766,1,80,1,352342,1,1080752,1,320509,1,484471,1,7445,1,101279,1,14649,4,80,4,95738,4,2856,4,4719,8,0,0,4479,192,20,1,225042,1,1423,1,4669,1,22815,2,10070,1,0,0,0,0,0,0,6443,1,29979,1,280290,1,35229,1,0,1,0,1,9570,1,6970,1,22399,1,9570,1,0,1,1240,1,1,1,0,1,7748,1,1822,1,0,1
782,1983400,6970,9570,28.993147,0,0,16,0,0,34173,802,2754,1949227,16,249,80,1,54437,1,80,1,389835,1,1003179,1,201295,1,295640,1,4679,1,61771,1,8437,4,40,4,66841,4,2364,4,4589,8,0,0,4198,192,30,1,124464,1,862,1,2345,1,17094,2,6002,1,0,0,0,0,0,0,12114,1,37814,1,299268,1,40339,1,0,1,0,1,9570,1,6970,1,22399,1,9570,1,0,1,1240,1,1,1,0,1,7748,1,1822,1,0,1
783,1638700,6970,9570,28.993147,0,0,16,0,0,33558,781,2505,1605142,16,249,40,1,24368,1,140,1,251584,1,865229,1,185705,1,273477,1,4599,1,51621,1,5521,4,30,4,64567,4,2305,4,4549,8,0,0,4348,192,20,1,122090,1,852,1,2234,1,14168,2,4739,1,0,0,0,0,0,0,5030,1,23155,1,197317,1,25901,1,0,1,0,1,9570,1,6970,1,22399,1,9570,1,0,1,1240,1,1,1,0,1,7748,1,1822,1,0,1
784,1671700,6970,9570,28.993147,0,0,16,0,0,39736,792,2675,1631964,16,249,190,1,24398,1,70,1,250382,1,870589,1,197778,1,283957,1,4599,1,55579,1,6693,4,40,4,64567,4,2465,4,4589,8,0,0,4379,192,20,1,119164,1,862,1,2475,1,21993,2,4719,1,0,0,0,0,0,0,5010,1,22053,1,195604,1,27494,1,0,1,0,1,9570,1,6970,1,22399,1,9570,1,0,1,1240,1,1,1,0,1,7748,1,1822,1,0,1
785,1816700,6970,9570,28.993147,0,0,16,0,0,52216,842,2806,1764484,16,249,90,1,24749,1,40,1,251053,1,889947,1,242706,1,351220,1,4679,1,77703,1,11172,4,30,4,75759,4,2334,4,4649,8,0,0,4178,192,10,1,152950,1,852,1,3046,1,16973,2,4900,1,0,0,0,0,0,0,5661,1,23426,1,195524,1,26292,1,0,1,0,1,9570,1,6970,1,22399,1,9570,1,0,1,1240,1,1,1,0,1,7748,1,1822,1,0,1
786,1631900,6970,9570,28.993147,0,0,16,0,0,32781,771,2605,1599119,16,249,40,1,24468,1,60,1,249039,1,870629,1,185664,1,264620,1,4599,1,51702,1,5671,4,30,4,64406,4,2325,4,4619,8,0,0,4339,192,20,1,110337,1,862,1,2375,1,16793,2,4709,1,0,0,0,0,0,0,5240,1,22745,1,194071,1,26773,1,0,1,0,1,9570,1,6970,1,22399,1,9570,1,0,1,1240,1,1,1,0,1,7748,1,1822,1,0,1
787,1642000,6970,9570,28.993147,0,0,16,0,0,32821,712,2566,1609179,16,249,90,1,24228,1,60,1,247276,1,871401,1,186466,1,275040,1,4619,1,51651,1,5580,4,30,4,64497,4,2305,4,4529,8,0,0,4268,192,20,1,122220,1,862,1,2244,1,15661,2,4729,1,0,0,0,0,0,0,5040,1,23085,1,192738,1,26221,1,0,1,0,1,9570,1,6970,1,22399,1,9570,1,0,1,1240,1,1,1,0,1,7748,1,1822,1,0,1
788,1668100,6970,9570,28.993147,0,0,16,0,0,35315,822,2585,1632785,16,249,10,1,24137,1,90,1,247616,1,870870,1,194432,1,291011,1,4619,1,56521,1,6322,4,30,4,64737,4,2364,4,4579,8,0,0,4358,192,20,1,121639,1,872,1,2465,1,25340,2,5300,1,0,0,0,0,0,0,5050,1,22955,1,192869,1,26512,1,0,1,0,1,9570,1,6970,1,22399,1,9570,1,0,1,1240,1,1,1,0,1,7748,1,1822,1,0,1
789,1728500,6970,9570,28.993147,0,0,16,0,0,34274,802,2826,1694226,16,249,50,1,25690,1,30,1,252045,1,866130,1,216275,1,329337,1,4669,1,67883,1,9198,4,40,4,69276,4,2385,4,4689,8,0,0,4248,192,20,1,147870,1,862,1,2585,1,16943,2,6783,1,0,0,0,0,0,0,5351,1,25099,1,194382,1,27053,1,0,1,0,1,9570,1,6970,1,22399,1,9570,1,0,1,1240,1,1,1,0,1,7748,1,1822,1,0,1
790,1626200,6970,9570,28.993147,0,0,16,0,0,32842,761,2656,1593358,16,249,20,1,24498,1,50,1,247075,1,867683,1,186135,1,263307,1,4589,1,52142,1,5641,4,30,4,64447,4,2334,4,4539,8,0,0,4217,192,20,1,110517,1,862,1,2234,1,14879,2,4900,1,0,0,0,0,0,0,5160,1,23015,1,192027,1,26672,1,0,1,0,1,9570,1,6970,1,22399,1,9570,1,0,1,1240,1,1,1,0,1,7748,1,1822,1,0,1
791,1635300,6970,9570,28.993147,0,0,16,0,0,31572,742,2515,1603728,16,249,60,1,24729,1,50,1,244290,1,870158,1,185664,1,274168,1,4609,1,50930,1,5471,4,40,4,64437,4,2334,4,4549,8,0,0,4368,192,20,1,122791,1,862,1,2244,1,14989,2,4759,1,0,0,0,0,0,0,5130,1,21843,1,191316,1,25841,1,0,1,0,1,9570,1,6970,1,22399,1,9570,1,0,1,1240,1,1,1,0,1,7748,1,1822,1,0,1
792,1723400,6970,9570,28.993147,0,0,16,0,0,39143,912,2736,1684257,16,249,70,1,24258,1,80,1,245813,1,875609,1,220292,1,313145,1,4990,1,62934,1,7565,4,40,4,64787,4,2395,4,4579,8,0,0,4238,192,20,1,130105,1,962,1,6904,1,26793,2,5150,1,0,0,0,0,0,0,5120,1,22354,1,191947,1,26211,1,0,1,0,1,9570,1,6970,1,22399,1,9570,1,0,1,1240,1,1,1,0,1,7748,1,1822,1,0,1
793,2192200,6970,9570,28.993147,0,0,16,0,0,64473,1893,3256,2127727,16,249,50,1,28807,1,60,1,263608,1,929214,1,481535,1,418151,1,6302,1,90568,1,12805,4,70,4,80328,4,2876,4,4729,8,0,0,4349,192,30,1,185564,1,1162,1,3807,1,25951,2,8366,1,0,0,0,0,0,0,7194,1,28917,1,198770,1,28145,1,0,1,0,1,9570,1,6970,1,22399,1,9570,1,0,1,1240,1,1,1,0,1,7748,1,1822,1,0,1
794,1888300,6970,9570,28.993147,0,0,16,0,0,33799,831,2575,1854501,16,249,50,1,26282,1,20,1,247456,1,1086523,1,206195,1,283376,1,4599,1,56130,1,6463,4,30,4,64477,4,2305,4,4569,8,0,0,4298,192,10,1,116539,1,862,1,2465,1,23877,2,4819,1,0,0,0,0,0,0,5631,1,24428,1,190173,1,27053,1,0,1,0,1,9570,1,6970,1,22399,1,9570,1,0,1,1240,1,1,1,0,1,7748,1,1822,1,0,1
795,1696500,6970,9570,28.993147,0,0,16,0,0,49947,1152,2555,1646553,16,249,80,1,25791,1,40,1,247947,1,875198,1,186075,1,305490,1,5932,1,53705,1,6012,4,30,4,64667,4,2324,4,4569,8,0,0,4339,192,20,1,137159,1,852,1,2415,1,27825,2,4759,1,0,0,0,0,0,0,5280,1,23987,1,192277,1,26221,1,0,1,0,1,9570,1,6970,1,22399,1,9570,1,0,1,1240,1,1,1,0,1,7748,1,1822,1,0,1
796,2061200,6970,9570,28.993147,0,0,16,0,0,37487,1052,2786,2023713,16,249,190,1,32083,1,90,1,357542,1,1055933,1,252927,1,320309,1,4639,1,78304,1,9308,4,70,4,66080,4,2375,4,4569,8,0,0,4157,192,40,1,124244,1,862,1,6102,1,21352,2,5952,1,0,0,0,0,0,0,7294,1,33235,1,282855,1,33716,1,0,1,0,1,9570,1,6970,1,22399,1,9570,1,0,1,1240,1,1,1,0,1,7748,1,1822,1,0,1
797,2039700,6970,9570,28.993147,0,0,16,0,0,34183,811,2666,2005517,16,249,20,1,42654,1,110,1,384685,1,1071474,1,209211,1,292695,1,4669,1,58375,1,7384,4,21,4,64697,4,2425,4,4980,8,0,0,4739,192,30,1,125276,1,852,1,2415,1,20170,2,5260,1,0,0,0,0,0,0,10711,1,32955,1,291853,1,48896,1,0,1,0,1,9570,1,6970,1,22399,1,9570,1,0,1,1240,1,1,1,0,1,7748,1,1822,1,0,1
798,1634700,6970,9570,28.993147,0,0,16,0,0,32344,812,2696,1602356,16,249,80,1,24238,1,70,1,248548,1,869096,1,186145,1,269579,1,4599,1,53425,1,5831,4,40,4,64497,4,2315,4,4549,8,0,0,4168,192,20,1,112310,1,862,1,2415,1,17855,2,4649,1,0,0,0,0,0,0,5030,1,23206,1,193650,1,26422,1,0,1,0,1,9570,1,6970,1,22399,1,9570,1,0,1,1240,1,1,1,0,1,7748,1,1822,1,0,1
799,1720700,6970,9570,28.993147,0,0,16,0,0,35141,801,2605,1685559,16,249,70,1,24458,1,40,1,246133,1,885148,1,211605,1,313155,1,4950,1,75969,1,7294,4,30,4,64827,4,2315,4,4559,8,0,0,4268,192,20,1,125456,1,862,1,3046,1,23035,2,4940,1,0,0,0,0,0,0,5040,1,22865,1,192057,1,25961,1,0,1,0,1,9570,1,6970,1,22399,1,9570,1,0,1,1240,1,1,1,0,1,7748,1,1822,1,0,1
