arm,step,manifolds_live,points
full_step/1,1,4495,17980
full_step/1,2,4151,15891
full_step/1,3,4176,15859
full_step/1,4,4153,15826
full_step/1,5,4146,15833
full_step/1,6,4137,15853
full_step/1,7,4130,15849
full_step/1,8,4121,15879
full_step/1,9,4116,15884
full_step/1,10,4121,15880
full_step/1,11,4123,15889
full_step/1,12,4125,15916
full_step/1,13,4124,15918
full_step/1,14,4118,15917
full_step/1,15,4114,15901
full_step/1,16,4110,15884
full_step/1,17,4110,15882
full_step/1,18,4105,15886
full_step/1,19,4105,15883
full_step/1,20,4106,15880
full_step/1,21,4882,18993
full_step/1,22,4617,17242
full_step/1,23,4523,16852
full_step/1,24,4423,16377
full_step/1,25,4393,16082
full_step/1,26,4401,15960
full_step/1,27,4403,15877
full_step/1,28,4387,15790
full_step/1,29,5047,17370
full_step/1,30,4896,15816
full_step/1,31,4788,15466
full_step/1,32,4722,15224
full_step/1,33,4666,15017
full_step/1,34,4630,14890
full_step/1,35,5188,16230
full_step/1,36,5064,15048
full_step/1,37,4983,14722
full_step/1,38,4910,14459
full_step/1,39,4835,14367
full_step/1,40,5290,15452
full_step/1,41,5215,14610
full_step/1,42,5189,14566
full_step/1,43,5123,14392
full_step/1,44,5104,14349
full_step/1,45,5500,15327
full_step/1,46,5355,14514
full_step/1,47,5262,14151
full_step/1,48,5129,13769
full_step/1,49,5366,14426
full_step/1,50,5355,13905
full_step/1,51,5322,13753
full_step/1,52,5261,13514
full_step/1,53,5499,14119
full_step/1,54,5356,13386
full_step/1,55,5269,13153
full_step/1,56,5198,12973
full_step/1,57,5345,13382
full_step/1,58,5235,12964
full_step/1,59,5206,12817
full_step/1,60,5281,12960
full_step/1,61,5176,12503
full_step/1,62,5187,12474
full_step/1,63,5208,12571
full_step/1,64,5101,12278
full_step/1,65,5067,12237
full_step/1,66,5113,12426
full_step/1,67,5071,12241
full_step/1,68,5064,12217
full_step/1,69,5122,12449
full_step/1,70,5107,12303
full_step/1,71,5067,12265
full_step/1,72,5117,12401
full_step/1,73,5081,12300
full_step/1,74,5055,12210
full_step/1,75,5072,12246
full_step/1,76,5094,12360
full_step/1,77,5086,12401
full_step/1,78,5105,12382
full_step/1,79,5089,12347
full_step/1,80,5086,12277
full_step/1,81,5081,12296
full_step/1,82,5086,12399
full_step/1,83,5083,12415
full_step/1,84,5096,12445
full_step/1,85,5095,12455
full_step/1,86,5099,12486
full_step/1,87,5105,12502
full_step/1,88,5111,12488
full_step/1,89,5103,12489
full_step/1,90,5089,12439
full_step/1,91,5092,12466
full_step/1,92,5082,12467
full_step/1,93,5081,12449
full_step/1,94,5093,12451
full_step/1,95,5076,12393
full_step/1,96,5077,12363
full_step/1,97,5082,12363
full_step/1,98,5097,12350
full_step/1,99,5079,12316
full_step/1,100,5078,12293
full_step/1,101,5075,12317
full_step/1,102,5066,12335
full_step/1,103,5078,12407
full_step/1,104,5076,12349
full_step/1,105,5061,12419
full_step/1,106,5072,12438
full_step/1,107,5065,12417
full_step/1,108,5067,12446
full_step/1,109,5061,12487
full_step/1,110,5056,12498
full_step/1,111,5063,12573
full_step/1,112,5062,12563
full_step/1,113,5065,12596
full_step/1,114,5066,12697
full_step/1,115,5044,12659
full_step/1,116,5054,12704
full_step/1,117,5052,12666
full_step/1,118,5051,12658
full_step/1,119,5046,12644
full_step/1,120,5040,12652
full_step/1,121,5040,12634
full_step/1,122,5036,12594
full_step/1,123,5034,12631
full_step/1,124,5031,12653
full_step/1,125,5034,12679
full_step/1,126,5036,12725
full_step/1,127,5041,12741
full_step/1,128,5035,12693
full_step/1,129,5024,12652
full_step/1,130,5012,12639
full_step/1,131,5028,12720
full_step/1,132,5023,12734
full_step/1,133,5020,12765
full_step/1,134,5012,12846
full_step/1,135,5008,12843
full_step/1,136,5008,12873
full_step/1,137,5020,12951
full_step/1,138,5004,12964
full_step/1,139,5000,12901
full_step/1,140,5011,12923
full_step/1,141,5005,12965
full_step/1,142,5001,12985
full_step/1,143,5003,12960
full_step/1,144,4995,12979
full_step/1,145,4994,13004
full_step/1,146,5003,13045
full_step/1,147,4999,13035
full_step/1,148,5000,13037
full_step/1,149,5001,13091
full_step/1,150,4993,13069
full_step/1,151,4991,13047
full_step/1,152,4994,13040
full_step/1,153,4976,13033
full_step/1,154,4983,13083
full_step/1,155,4976,13042
full_step/1,156,4973,13040
full_step/1,157,4969,13040
full_step/1,158,4977,13078
full_step/1,159,4967,13062
full_step/1,160,4970,13059
full_step/1,161,4966,13082
full_step/1,162,4966,13116
full_step/1,163,4959,13082
full_step/1,164,4965,13115
full_step/1,165,4963,13140
full_step/1,166,4961,13137
full_step/1,167,4957,13230
full_step/1,168,4952,13253
full_step/1,169,4959,13285
full_step/1,170,4954,13253
full_step/1,171,4963,13309
full_step/1,172,4967,13356
full_step/1,173,4951,13272
full_step/1,174,4958,13301
full_step/1,175,4942,13269
full_step/1,176,4950,13238
full_step/1,177,4956,13202
full_step/1,178,4954,13237
full_step/1,179,4952,13247
full_step/1,180,4949,13189
full_step/1,181,4948,13227
full_step/1,182,4944,13239
full_step/1,183,4946,13230
full_step/1,184,4940,13230
full_step/1,185,4942,13236
full_step/1,186,4950,13270
full_step/1,187,4947,13273
full_step/1,188,4939,13247
full_step/1,189,4939,13219
full_step/1,190,4935,13164
full_step/1,191,4940,13220
full_step/1,192,4928,13239
full_step/1,193,4930,13260
full_step/1,194,4934,13307
full_step/1,195,4943,13309
full_step/1,196,4936,13349
full_step/1,197,4934,13346
full_step/1,198,4928,13344
full_step/1,199,4930,13289
full_step/1,200,4928,13284
full_step/1,201,4933,13255
full_step/1,202,4924,13270
full_step/1,203,4928,13263
full_step/1,204,4929,13241
full_step/1,205,4920,13258
full_step/1,206,4918,13291
full_step/1,207,4918,13256
full_step/1,208,4908,13215
full_step/1,209,4920,13179
full_step/1,210,4923,13187
full_step/1,211,4908,13247
full_step/1,212,4913,13293
full_step/1,213,4919,13317
full_step/1,214,4914,13353
full_step/1,215,4910,13292
full_step/1,216,4908,13278
full_step/1,217,4899,13312
full_step/1,218,4901,13394
full_step/1,219,4895,13416
full_step/1,220,4891,13417
full_step/1,221,4882,13375
full_step/1,222,4896,13345
full_step/1,223,4883,13368
full_step/1,224,4886,13417
full_step/1,225,4883,13433
full_step/1,226,4881,13481
full_step/1,227,4881,13480
full_step/1,228,4876,13487
full_step/1,229,4875,13465
full_step/1,230,4875,13451
full_step/1,231,4877,13505
full_step/1,232,4875,13498
full_step/1,233,4881,13501
full_step/1,234,4876,13510
full_step/1,235,4882,13531
full_step/1,236,4872,13491
full_step/1,237,4872,13494
full_step/1,238,4870,13461
full_step/1,239,4880,13461
full_step/1,240,4874,13409
full_step/1,241,4882,13447
full_step/1,242,4875,13419
full_step/1,243,4877,13421
full_step/1,244,4870,13417
full_step/1,245,4872,13482
full_step/1,246,4865,13399
full_step/1,247,4878,13409
full_step/1,248,4876,13428
full_step/1,249,4869,13479
full_step/1,250,4862,13457
full_step/1,251,4868,13489
full_step/1,252,4876,13504
full_step/1,253,4867,13406
full_step/1,254,4875,13399
full_step/1,255,4882,13476
full_step/1,256,4880,13441
full_step/1,257,4882,13466
full_step/1,258,4874,13481
full_step/1,259,4876,13511
full_step/1,260,4868,13472
full_step/1,261,4870,13477
full_step/1,262,4874,13472
full_step/1,263,4870,13460
full_step/1,264,4861,13452
full_step/1,265,4862,13479
full_step/1,266,4853,13495
full_step/1,267,4858,13499
full_step/1,268,4864,13526
full_step/1,269,4860,13480
full_step/1,270,4863,13477
full_step/1,271,4855,13497
full_step/1,272,4842,13464
full_step/1,273,4846,13419
full_step/1,274,4852,13420
full_step/1,275,4851,13416
full_step/1,276,4844,13354
full_step/1,277,4857,13408
full_step/1,278,4859,13408
full_step/1,279,4863,13410
full_step/1,280,4856,13411
full_step/1,281,4852,13425
full_step/1,282,4840,13377
full_step/1,283,4845,13348
full_step/1,284,4844,13426
full_step/1,285,4855,13375
full_step/1,286,4850,13376
full_step/1,287,4849,13421
full_step/1,288,4842,13385
full_step/1,289,4845,13405
full_step/1,290,4843,13456
full_step/1,291,4851,13456
full_step/1,292,4852,13465
full_step/1,293,4853,13416
full_step/1,294,4847,13360
full_step/1,295,4844,13381
full_step/1,296,4844,13418
full_step/1,297,4837,13458
full_step/1,298,4837,13485
full_step/1,299,4837,13429
full_step/1,300,4835,13461
full_step/1,301,4839,13480
full_step/1,302,4837,13403
full_step/1,303,4831,13398
full_step/1,304,4827,13407
full_step/1,305,4824,13374
full_step/1,306,4834,13387
full_step/1,307,4841,13346
full_step/1,308,4839,13328
full_step/1,309,4850,13309
full_step/1,310,4840,13366
full_step/1,311,4846,13329
full_step/1,312,4840,13308
full_step/1,313,4846,13264
full_step/1,314,4845,13274
full_step/1,315,4826,13297
full_step/1,316,4835,13302
full_step/1,317,4824,13274
full_step/1,318,4839,13295
full_step/1,319,4839,13320
full_step/1,320,4835,13325
full_step/1,321,4828,13367
full_step/1,322,4830,13398
full_step/1,323,4837,13429
full_step/1,324,4831,13430
full_step/1,325,4835,13422
full_step/1,326,4834,13409
full_step/1,327,4838,13397
full_step/1,328,4832,13366
full_step/1,329,4839,13415
full_step/1,330,4844,13407
full_step/1,331,4841,13445
full_step/1,332,4842,13475
full_step/1,333,4845,13509
full_step/1,334,4847,13498
full_step/1,335,4839,13476
full_step/1,336,4839,13465
full_step/1,337,4833,13441
full_step/1,338,4838,13447
full_step/1,339,4833,13423
full_step/1,340,4839,13447
full_step/1,341,4844,13421
full_step/1,342,4842,13477
full_step/1,343,4838,13445
full_step/1,344,4841,13421
full_step/1,345,4836,13371
full_step/1,346,4843,13373
full_step/1,347,4854,13365
full_step/1,348,4851,13399
full_step/1,349,4848,13360
full_step/1,350,4852,13351
full_step/1,351,4855,13252
full_step/1,352,4861,13325
full_step/1,353,4849,13378
full_step/1,354,4849,13380
full_step/1,355,4847,13352
full_step/1,356,4847,13366
full_step/1,357,4847,13385
full_step/1,358,4844,13327
full_step/1,359,4844,13323
full_step/1,360,4843,13266
full_step/1,361,4840,13236
full_step/1,362,4838,13252
full_step/1,363,4832,13214
full_step/1,364,4824,13241
full_step/1,365,4828,13234
full_step/1,366,4825,13213
full_step/1,367,4826,13228
full_step/1,368,4824,13270
full_step/1,369,4824,13215
full_step/1,370,4825,13255
full_step/1,371,4829,13313
full_step/1,372,4815,13277
full_step/1,373,4825,13280
full_step/1,374,4831,13280
full_step/1,375,4832,13301
full_step/1,376,4838,13252
full_step/1,377,4844,13227
full_step/1,378,4843,13270
full_step/1,379,4838,13255
full_step/1,380,4841,13237
full_step/1,381,4849,13266
full_step/1,382,4841,13268
full_step/1,383,4839,13313
full_step/1,384,4841,13288
full_step/1,385,4841,13335
full_step/1,386,4845,13400
full_step/1,387,4850,13438
full_step/1,388,4845,13409
full_step/1,389,4851,13359
full_step/1,390,4854,13377
full_step/1,391,4842,13450
full_step/1,392,4841,13402
full_step/1,393,4852,13440
full_step/1,394,4849,13452
full_step/1,395,4843,13390
full_step/1,396,4833,13406
full_step/1,397,4843,13370
full_step/1,398,4835,13370
full_step/1,399,4833,13333
full_step/1,400,4839,13321
full_step/1,401,4839,13307
full_step/1,402,4833,13269
full_step/1,403,4836,13334
full_step/1,404,4829,13358
full_step/1,405,4822,13307
full_step/1,406,4827,13312
full_step/1,407,4830,13340
full_step/1,408,4830,13373
full_step/1,409,4839,13415
full_step/1,410,4839,13418
full_step/1,411,4846,13433
full_step/1,412,4837,13401
full_step/1,413,4838,13393
full_step/1,414,4832,13404
full_step/1,415,4835,13372
full_step/1,416,4842,13456
full_step/1,417,4848,13470
full_step/1,418,4842,13434
full_step/1,419,4841,13424
full_step/1,420,4841,13502
full_step/1,421,4838,13455
full_step/1,422,4839,13412
full_step/1,423,4841,13405
full_step/1,424,4839,13449
full_step/1,425,4833,13393
full_step/1,426,4843,13408
full_step/1,427,4835,13411
full_step/1,428,4831,13441
full_step/1,429,4832,13441
full_step/1,430,4831,13378
full_step/1,431,4839,13416
full_step/1,432,4834,13405
full_step/1,433,4838,13402
full_step/1,434,4834,13443
full_step/1,435,4835,13500
full_step/1,436,4840,13510
full_step/1,437,4836,13560
full_step/1,438,4848,13581
full_step/1,439,4847,13562
full_step/1,440,4846,13483
full_step/1,441,4840,13499
full_step/1,442,4840,13513
full_step/1,443,4850,13513
full_step/1,444,4838,13496
full_step/1,445,4834,13503
full_step/1,446,4839,13524
full_step/1,447,4839,13546
full_step/1,448,4835,13547
full_step/1,449,4839,13533
full_step/1,450,4837,13544
full_step/1,451,4844,13544
full_step/1,452,4847,13538
full_step/1,453,4839,13541
full_step/1,454,4841,13556
full_step/1,455,4847,13542
full_step/1,456,4852,13560
full_step/1,457,4849,13555
full_step/1,458,4852,13536
full_step/1,459,4853,13529
full_step/1,460,4863,13515
full_step/1,461,4852,13531
full_step/1,462,4851,13556
full_step/1,463,4850,13539
full_step/1,464,4850,13506
full_step/1,465,4852,13548
full_step/1,466,4853,13593
full_step/1,467,4847,13606
full_step/1,468,4855,13624
full_step/1,469,4858,13686
full_step/1,470,4854,13634
full_step/1,471,4840,13558
full_step/1,472,4847,13610
full_step/1,473,4846,13606
full_step/1,474,4849,13589
full_step/1,475,4856,13553
full_step/1,476,4860,13563
full_step/1,477,4861,13571
full_step/1,478,4866,13561
full_step/1,479,4859,13590
full_step/1,480,4859,13612
full_step/1,481,4865,13635
full_step/1,482,4864,13570
full_step/1,483,4858,13595
full_step/1,484,4856,13575
full_step/1,485,4859,13547
full_step/1,486,4864,13592
full_step/1,487,4865,13631
full_step/1,488,4862,13589
full_step/1,489,4865,13603
full_step/1,490,4858,13622
full_step/1,491,4853,13620
full_step/1,492,4855,13640
full_step/1,493,4855,13686
full_step/1,494,4853,13696
full_step/1,495,4852,13678
full_step/1,496,4851,13683
full_step/1,497,4859,13710
full_step/1,498,4864,13658
full_step/1,499,4863,13633
full_step/1,500,4859,13602
full_step/1,501,4856,13559
full_step/1,502,4862,13571
full_step/1,503,4854,13573
full_step/1,504,4862,13587
full_step/1,505,4853,13602
full_step/1,506,4858,13598
full_step/1,507,4853,13562
full_step/1,508,4854,13586
full_step/1,509,4855,13658
full_step/1,510,4862,13652
full_step/1,511,4867,13629
full_step/1,512,4864,13616
full_step/1,513,4861,13573
full_step/1,514,4862,13583
full_step/1,515,4856,13613
full_step/1,516,4869,13611
full_step/1,517,4875,13612
full_step/1,518,4863,13606
full_step/1,519,4865,13621
full_step/1,520,4868,13627
full_step/1,521,4874,13680
full_step/1,522,4861,13632
full_step/1,523,4857,13672
full_step/1,524,4857,13713
full_step/1,525,4868,13706
full_step/1,526,4870,13686
full_step/1,527,4864,13689
full_step/1,528,4859,13654
full_step/1,529,4872,13646
full_step/1,530,4867,13687
full_step/1,531,4865,13690
full_step/1,532,4867,13665
full_step/1,533,4864,13740
full_step/1,534,4874,13724
full_step/1,535,4872,13708
full_step/1,536,4870,13677
full_step/1,537,4861,13605
full_step/1,538,4863,13641
full_step/1,539,4860,13618
full_step/1,540,4861,13607
full_step/1,541,4862,13597
full_step/1,542,4867,13624
full_step/1,543,4859,13640
full_step/1,544,4860,13610
full_step/1,545,4856,13606
full_step/1,546,4856,13674
full_step/1,547,4863,13687
full_step/1,548,4875,13730
full_step/1,549,4863,13669
full_step/1,550,4869,13719
full_step/1,551,4863,13732
full_step/1,552,4864,13738
full_step/1,553,4864,13737
full_step/1,554,4858,13672
full_step/1,555,4858,13659
full_step/1,556,4852,13644
full_step/1,557,4859,13633
full_step/1,558,4858,13676
full_step/1,559,4862,13695
full_step/1,560,4858,13620
full_step/1,561,4857,13598
full_step/1,562,4860,13637
full_step/1,563,4868,13645
full_step/1,564,4867,13631
full_step/1,565,4866,13648
full_step/1,566,4870,13656
full_step/1,567,4862,13636
full_step/1,568,4862,13648
full_step/1,569,4865,13647
full_step/1,570,4857,13601
full_step/1,571,4858,13639
full_step/1,572,4860,13660
full_step/1,573,4866,13637
full_step/1,574,4870,13640
full_step/1,575,4862,13673
full_step/1,576,4863,13632
full_step/1,577,4858,13608
full_step/1,578,4861,13611
full_step/1,579,4860,13590
full_step/1,580,4861,13588
full_step/1,581,4855,13582
full_step/1,582,4866,13574
full_step/1,583,4868,13589
full_step/1,584,4865,13574
full_step/1,585,4855,13594
full_step/1,586,4857,13584
full_step/1,587,4859,13517
full_step/1,588,4862,13521
full_step/1,589,4860,13510
full_step/1,590,4871,13538
full_step/1,591,4857,13565
full_step/1,592,4857,13609
full_step/1,593,4859,13570
full_step/1,594,4855,13542
full_step/1,595,4861,13527
full_step/1,596,4860,13529
full_step/1,597,4856,13521
full_step/1,598,4856,13499
full_step/1,599,4863,13561
full_step/1,600,4872,13496
full_step/1,601,4872,13521
full_step/1,602,4872,13555
full_step/1,603,4879,13504
full_step/1,604,4868,13491
full_step/1,605,4874,13525
full_step/1,606,4872,13565
full_step/1,607,4868,13587
full_step/1,608,4864,13662
full_step/1,609,4861,13700
full_step/1,610,4868,13732
full_step/1,611,4874,13729
full_step/1,612,4870,13750
full_step/1,613,4872,13726
full_step/1,614,4869,13738
full_step/1,615,4873,13742
full_step/1,616,4874,13715
full_step/1,617,4873,13683
full_step/1,618,4866,13627
full_step/1,619,4864,13570
full_step/1,620,4862,13562
full_step/1,621,4863,13567
full_step/1,622,4864,13587
full_step/1,623,4867,13619
full_step/1,624,4866,13664
full_step/1,625,4874,13708
full_step/1,626,4882,13675
full_step/1,627,4873,13640
full_step/1,628,4876,13674
full_step/1,629,4866,13670
full_step/1,630,4866,13634
full_step/1,631,4873,13657
full_step/1,632,4874,13666
full_step/1,633,4872,13682
full_step/1,634,4865,13662
full_step/1,635,4871,13628
full_step/1,636,4879,13634
full_step/1,637,4880,13633
full_step/1,638,4872,13628
full_step/1,639,4874,13594
full_step/1,640,4872,13600
full_step/1,641,4868,13596
full_step/1,642,4873,13600
full_step/1,643,4862,13561
full_step/1,644,4865,13558
full_step/1,645,4866,13585
full_step/1,646,4865,13534
full_step/1,647,4860,13523
full_step/1,648,4860,13507
full_step/1,649,4857,13477
full_step/1,650,4852,13510
full_step/1,651,4844,13523
full_step/1,652,4849,13487
full_step/1,653,4846,13523
full_step/1,654,4854,13534
full_step/1,655,4852,13505
full_step/1,656,4852,13511
full_step/1,657,4845,13524
full_step/1,658,4851,13499
full_step/1,659,4853,13495
full_step/1,660,4850,13544
full_step/1,661,4853,13588
full_step/1,662,4858,13585
full_step/1,663,4851,13601
full_step/1,664,4857,13611
full_step/1,665,4855,13589
full_step/1,666,4848,13575
full_step/1,667,4849,13565
full_step/1,668,4850,13590
full_step/1,669,4849,13593
full_step/1,670,4846,13570
full_step/1,671,4848,13625
full_step/1,672,4844,13638
full_step/1,673,4837,13564
full_step/1,674,4836,13491
full_step/1,675,4839,13567
full_step/1,676,4834,13538
full_step/1,677,4835,13461
full_step/1,678,4832,13462
full_step/1,679,4833,13455
full_step/1,680,4828,13450
full_step/1,681,4828,13437
full_step/1,682,4832,13384
full_step/1,683,4839,13409
full_step/1,684,4830,13420
full_step/1,685,4823,13455
full_step/1,686,4819,13427
full_step/1,687,4819,13397
full_step/1,688,4818,13428
full_step/1,689,4829,13441
full_step/1,690,4824,13413
full_step/1,691,4828,13400
full_step/1,692,4822,13460
full_step/1,693,4823,13448
full_step/1,694,4821,13424
full_step/1,695,4822,13431
full_step/1,696,4823,13475
full_step/1,697,4817,13509
full_step/1,698,4814,13532
full_step/1,699,4817,13524
full_step/1,700,4814,13503
full_step/1,701,4806,13526
full_step/1,702,4801,13467
full_step/1,703,4814,13478
full_step/1,704,4804,13508
full_step/1,705,4807,13497
full_step/1,706,4816,13478
full_step/1,707,4814,13450
full_step/1,708,4818,13471
full_step/1,709,4828,13444
full_step/1,710,4821,13445
full_step/1,711,4825,13463
full_step/1,712,4820,13481
full_step/1,713,4812,13519
full_step/1,714,4822,13519
full_step/1,715,4821,13560
full_step/1,716,4811,13540
full_step/1,717,4824,13502
full_step/1,718,4819,13484
full_step/1,719,4820,13572
full_step/1,720,4818,13584
full_step/1,721,4818,13518
full_step/1,722,4818,13520
full_step/1,723,4812,13518
full_step/1,724,4803,13506
full_step/1,725,4803,13519
full_step/1,726,4796,13524
full_step/1,727,4810,13511
full_step/1,728,4806,13525
full_step/1,729,4810,13511
full_step/1,730,4804,13438
full_step/1,731,4807,13472
full_step/1,732,4803,13528
full_step/1,733,4801,13495
full_step/1,734,4810,13474
full_step/1,735,4807,13454
full_step/1,736,4815,13488
full_step/1,737,4806,13532
full_step/1,738,4806,13520
full_step/1,739,4808,13467
full_step/1,740,4813,13516
full_step/1,741,4803,13528
full_step/1,742,4804,13496
full_step/1,743,4805,13505
full_step/1,744,4803,13551
full_step/1,745,4805,13518
full_step/1,746,4801,13524
full_step/1,747,4800,13491
full_step/1,748,4803,13552
full_step/1,749,4807,13551
full_step/1,750,4805,13556
full_step/1,751,4804,13520
full_step/1,752,4798,13508
full_step/1,753,4804,13543
full_step/1,754,4794,13497
full_step/1,755,4801,13510
full_step/1,756,4804,13540
full_step/1,757,4808,13520
full_step/1,758,4809,13529
full_step/1,759,4810,13539
full_step/1,760,4798,13507
full_step/1,761,4791,13467
full_step/1,762,4793,13458
full_step/1,763,4793,13452
full_step/1,764,4798,13452
full_step/1,765,4798,13412
full_step/1,766,4803,13464
full_step/1,767,4799,13458
full_step/1,768,4805,13455
full_step/1,769,4803,13441
full_step/1,770,4807,13423
full_step/1,771,4806,13400
full_step/1,772,4800,13418
full_step/1,773,4806,13407
full_step/1,774,4799,13408
full_step/1,775,4805,13484
full_step/1,776,4803,13436
full_step/1,777,4796,13371
full_step/1,778,4800,13369
full_step/1,779,4793,13414
full_step/1,780,4793,13341
full_step/1,781,4793,13360
full_step/1,782,4788,13352
full_step/1,783,4785,13370
full_step/1,784,4795,13397
full_step/1,785,4795,13382
full_step/1,786,4784,13370
full_step/1,787,4791,13396
full_step/1,788,4780,13394
full_step/1,789,4791,13309
full_step/1,790,4782,13281
full_step/1,791,4781,13312
full_step/1,792,4769,13290
full_step/1,793,4774,13284
full_step/1,794,4775,13306
full_step/1,795,4772,13338
full_step/1,796,4777,13338
full_step/1,797,4783,13344
full_step/1,798,4783,13357
full_step/1,799,4782,13385
full_step/1,800,4788,13369
full_step/1,801,4789,13358
full_step/1,802,4794,13387
full_step/1,803,4783,13374
full_step/1,804,4786,13353
full_step/1,805,4781,13347
full_step/1,806,4780,13369
full_step/1,807,4783,13381
full_step/1,808,4788,13347
full_step/1,809,4782,13367
full_step/1,810,4790,13378
full_step/1,811,4785,13359
full_step/1,812,4789,13376
full_step/1,813,4787,13299
full_step/1,814,4792,13323
full_step/1,815,4788,13340
full_step/1,816,4792,13296
full_step/1,817,4800,13307
full_step/1,818,4799,13381
full_step/1,819,4796,13397
full_step/1,820,4793,13370
full_step/1,821,4787,13363
full_step/1,822,4786,13386
full_step/1,823,4791,13375
full_step/1,824,4789,13421
full_step/1,825,4786,13456
full_step/1,826,4783,13394
full_step/1,827,4789,13431
full_step/1,828,4792,13452
full_step/1,829,4792,13497
full_step/1,830,4797,13447
full_step/1,831,4790,13387
full_step/1,832,4796,13465
full_step/1,833,4792,13470
full_step/1,834,4789,13464
full_step/1,835,4788,13478
full_step/1,836,4795,13399
full_step/1,837,4801,13413
full_step/1,838,4789,13373
full_step/1,839,4798,13333
full_step/1,840,4794,13370
full_step/1,841,4793,13333
full_step/1,842,4788,13355
full_step/1,843,4792,13394
full_step/1,844,4788,13399
full_step/1,845,4788,13423
full_step/1,846,4795,13447
full_step/1,847,4799,13388
full_step/1,848,4794,13402
full_step/1,849,4802,13414
full_step/1,850,4799,13462
full_step/1,851,4797,13448
full_step/1,852,4793,13446
full_step/1,853,4792,13427
full_step/1,854,4792,13422
full_step/1,855,4791,13382
full_step/1,856,4787,13373
full_step/1,857,4789,13395
full_step/1,858,4787,13450
full_step/1,859,4789,13465
full_step/1,860,4790,13456
full_step/1,861,4793,13440
full_step/1,862,4800,13429
full_step/1,863,4800,13426
full_step/1,864,4801,13419
full_step/1,865,4790,13362
full_step/1,866,4794,13445
full_step/1,867,4791,13459
full_step/1,868,4788,13424
full_step/1,869,4787,13433
full_step/1,870,4786,13461
full_step/1,871,4787,13547
full_step/1,872,4784,13486
full_step/1,873,4788,13429
full_step/1,874,4787,13389
full_step/1,875,4793,13400
full_step/1,876,4789,13424
full_step/1,877,4800,13414
full_step/1,878,4802,13467
full_step/1,879,4808,13463
full_step/1,880,4802,13369
full_step/1,881,4797,13349
full_step/1,882,4802,13340
full_step/1,883,4798,13405
full_step/1,884,4797,13427
full_step/1,885,4799,13381
full_step/1,886,4795,13352
full_step/1,887,4797,13354
full_step/1,888,4796,13403
full_step/1,889,4788,13421
full_step/1,890,4795,13463
full_step/1,891,4791,13467
full_step/1,892,4796,13512
full_step/1,893,4800,13549
full_step/1,894,4797,13571
full_step/1,895,4799,13631
full_step/1,896,4800,13652
full_step/1,897,4801,13661
full_step/1,898,4798,13665
full_step/1,899,4799,13661
full_step/1,900,4807,13677
full_step/1,901,4804,13657
full_step/1,902,4811,13662
full_step/1,903,4802,13611
full_step/1,904,4802,13615
full_step/1,905,4794,13540
full_step/1,906,4786,13564
full_step/1,907,4790,13576
full_step/1,908,4785,13538
full_step/1,909,4793,13494
full_step/1,910,4795,13479
full_step/1,911,4803,13552
full_step/1,912,4805,13537
full_step/1,913,4801,13519
full_step/1,914,4805,13609
full_step/1,915,4798,13623
full_step/1,916,4797,13625
full_step/1,917,4799,13661
full_step/1,918,4801,13633
full_step/1,919,4809,13599
full_step/1,920,4797,13613
full_step/1,921,4799,13624
full_step/1,922,4797,13623
full_step/1,923,4800,13629
full_step/1,924,4805,13684
full_step/1,925,4804,13640
full_step/1,926,4807,13651
full_step/1,927,4799,13613
full_step/1,928,4805,13621
full_step/1,929,4803,13614
full_step/1,930,4804,13653
full_step/1,931,4799,13642
full_step/1,932,4802,13624
full_step/1,933,4805,13596
full_step/1,934,4800,13553
full_step/1,935,4803,13564
full_step/1,936,4796,13576
full_step/1,937,4793,13615
full_step/1,938,4784,13637
full_step/1,939,4792,13651
full_step/1,940,4792,13610
full_step/1,941,4793,13641
full_step/1,942,4788,13666
full_step/1,943,4793,13677
full_step/1,944,4794,13682
full_step/1,945,4792,13658
full_step/1,946,4794,13598
full_step/1,947,4791,13590
full_step/1,948,4790,13648
full_step/1,949,4791,13613
full_step/1,950,4790,13615
full_step/1,951,4797,13567
full_step/1,952,4800,13565
full_step/1,953,4803,13523
full_step/1,954,4800,13567
full_step/1,955,4804,13594
full_step/1,956,4800,13607
full_step/1,957,4807,13670
full_step/1,958,4813,13589
full_step/1,959,4819,13586
full_step/1,960,4817,13592
full_step/1,961,4817,13591
full_step/1,962,4813,13617
full_step/1,963,4805,13626
full_step/1,964,4796,13677
full_step/1,965,4807,13675
full_step/1,966,4810,13601
full_step/1,967,4810,13611
full_step/1,968,4805,13657
full_step/1,969,4805,13627
full_step/1,970,4804,13636
full_step/1,971,4799,13619
full_step/1,972,4806,13655
full_step/1,973,4801,13632
full_step/1,974,4801,13679
full_step/1,975,4808,13738
full_step/1,976,4807,13673
full_step/1,977,4801,13651
full_step/1,978,4813,13692
full_step/1,979,4807,13677
full_step/1,980,4803,13656
full_step/1,981,4808,13604
full_step/1,982,4810,13572
full_step/1,983,4813,13616
full_step/1,984,4803,13585
full_step/1,985,4800,13576
full_step/1,986,4810,13605
full_step/1,987,4811,13669
full_step/1,988,4804,13685
full_step/1,989,4807,13665
full_step/1,990,4806,13717
full_step/1,991,4805,13685
full_step/1,992,4813,13603
full_step/1,993,4812,13659
full_step/1,994,4812,13591
full_step/1,995,4806,13617
full_step/1,996,4810,13619
full_step/1,997,4817,13646
full_step/1,998,4815,13671
full_step/1,999,4810,13698
full_step/1,1000,4808,13645
full_step/1,1001,4799,13622
full_step/1,1002,4795,13598
full_step/1,1003,4805,13575
full_step/1,1004,4795,13590
full_step/1,1005,4804,13625
full_step/1,1006,4802,13568
full_step/1,1007,4802,13660
full_step/1,1008,4803,13649
full_step/1,1009,4798,13641
full_step/1,1010,4796,13592
full_step/1,1011,4802,13616
full_step/1,1012,4801,13587
full_step/1,1013,4800,13548
full_step/1,1014,4800,13561
full_step/1,1015,4797,13574
full_step/1,1016,4803,13588
full_step/1,1017,4807,13645
full_step/1,1018,4802,13563
full_step/1,1019,4798,13633
full_step/1,1020,4791,13597
full_step/1,1021,4795,13595
full_step/1,1022,4795,13592
full_step/1,1023,4798,13557
full_step/1,1024,4804,13625
full_step/1,1025,4802,13586
full_step/1,1026,4803,13589
full_step/1,1027,4793,13615
full_step/1,1028,4798,13610
full_step/1,1029,4791,13605
full_step/1,1030,4797,13616
full_step/1,1031,4802,13640
full_step/1,1032,4799,13611
full_step/1,1033,4789,13590
full_step/1,1034,4789,13632
full_step/1,1035,4793,13619
full_step/1,1036,4791,13632
full_step/1,1037,4793,13623
full_step/1,1038,4788,13666
full_step/1,1039,4788,13734
full_step/1,1040,4794,13713
full_step/1,1041,4790,13722
full_step/1,1042,4794,13692
full_step/1,1043,4800,13719
full_step/1,1044,4798,13710
full_step/1,1045,4798,13766
full_step/1,1046,4801,13798
full_step/1,1047,4807,13770
full_step/1,1048,4810,13789
full_step/1,1049,4806,13803
full_step/1,1050,4810,13792
full_step/1,1051,4815,13804
full_step/1,1052,4813,13753
full_step/1,1053,4809,13734
full_step/1,1054,4810,13731
full_step/1,1055,4806,13742
full_step/1,1056,4806,13820
full_step/1,1057,4804,13837
full_step/1,1058,4797,13875
full_step/1,1059,4809,13845
full_step/1,1060,4805,13844
full_step/1,1061,4809,13858
full_step/1,1062,4802,13884
full_step/1,1063,4801,13869
full_step/1,1064,4816,13820
full_step/1,1065,4813,13805
full_step/1,1066,4810,13747
full_step/1,1067,4814,13757
full_step/1,1068,4814,13759
full_step/1,1069,4810,13774
full_step/1,1070,4810,13776
full_step/1,1071,4803,13695
full_step/1,1072,4801,13643
full_step/1,1073,4802,13587
full_step/1,1074,4805,13667
full_step/1,1075,4802,13652
full_step/1,1076,4802,13597
full_step/1,1077,4797,13597
full_step/1,1078,4796,13619
full_step/1,1079,4804,13661
full_step/1,1080,4807,13650
full_step/1,1081,4814,13674
full_step/1,1082,4817,13649
full_step/1,1083,4818,13660
full_step/1,1084,4815,13717
full_step/1,1085,4827,13720
full_step/1,1086,4818,13732
full_step/1,1087,4820,13731
full_step/1,1088,4822,13760
full_step/1,1089,4811,13719
full_step/1,1090,4822,13754
full_step/1,1091,4818,13676
full_step/1,1092,4819,13672
full_step/1,1093,4819,13639
full_step/1,1094,4807,13633
full_step/1,1095,4807,13545
full_step/1,1096,4802,13514
full_step/1,1097,4807,13568
full_step/1,1098,4806,13574
full_step/1,1099,4802,13519
full_step/1,1100,4806,13524
full_step/1,1101,4803,13516
full_step/1,1102,4803,13522
full_step/1,1103,4804,13566
full_step/1,1104,4812,13587
full_step/1,1105,4807,13598
full_step/1,1106,4814,13588
full_step/1,1107,4809,13534
full_step/1,1108,4804,13456
full_step/1,1109,4812,13482
full_step/1,1110,4804,13487
full_step/1,1111,4798,13558
full_step/1,1112,4804,13572
full_step/1,1113,4802,13578
full_step/1,1114,4806,13611
full_step/1,1115,4801,13628
full_step/1,1116,4795,13583
full_step/1,1117,4812,13592
full_step/1,1118,4806,13641
full_step/1,1119,4809,13596
full_step/1,1120,4798,13597
full_step/1,1121,4792,13648
full_step/1,1122,4796,13591
full_step/1,1123,4790,13547
full_step/1,1124,4790,13548
full_step/1,1125,4790,13521
full_step/1,1126,4785,13520
full_step/1,1127,4787,13509
full_step/1,1128,4796,13506
full_step/1,1129,4794,13522
full_step/1,1130,4795,13560
full_step/1,1131,4790,13524
full_step/1,1132,4789,13571
full_step/1,1133,4785,13585
full_step/1,1134,4785,13535
full_step/1,1135,4792,13555
full_step/1,1136,4790,13598
full_step/1,1137,4797,13602
full_step/1,1138,4795,13602
full_step/1,1139,4790,13587
full_step/1,1140,4790,13573
full_step/1,1141,4795,13581
full_step/1,1142,4800,13552
full_step/1,1143,4793,13537
full_step/1,1144,4789,13524
full_step/1,1145,4793,13474
full_step/1,1146,4800,13542
full_step/1,1147,4800,13476
full_step/1,1148,4800,13563
full_step/1,1149,4794,13579
full_step/1,1150,4794,13542
full_step/1,1151,4798,13521
full_step/1,1152,4792,13537
full_step/1,1153,4792,13544
full_step/1,1154,4798,13596
full_step/1,1155,4798,13596
full_step/1,1156,4803,13646
full_step/1,1157,4803,13623
full_step/1,1158,4794,13552
full_step/1,1159,4803,13671
full_step/1,1160,4794,13608
full_step/1,1161,4796,13588
full_step/1,1162,4795,13541
full_step/1,1163,4791,13559
full_step/1,1164,4786,13523
full_step/1,1165,4794,13576
full_step/1,1166,4795,13645
full_step/1,1167,4798,13623
full_step/1,1168,4787,13627
full_step/1,1169,4788,13630
full_step/1,1170,4791,13621
full_step/1,1171,4793,13647
full_step/1,1172,4791,13666
full_step/1,1173,4797,13686
full_step/1,1174,4800,13682
full_step/1,1175,4791,13652
full_step/1,1176,4789,13714
full_step/1,1177,4796,13752
full_step/1,1178,4799,13745
full_step/1,1179,4807,13756
full_step/1,1180,4807,13760
full_step/1,1181,4797,13714
full_step/1,1182,4806,13735
full_step/1,1183,4803,13734
full_step/1,1184,4799,13681
full_step/1,1185,4808,13650
full_step/1,1186,4811,13666
full_step/1,1187,4811,13683
full_step/1,1188,4805,13663
full_step/1,1189,4804,13649
full_step/1,1190,4795,13600
full_step/1,1191,4787,13565
full_step/1,1192,4798,13585
full_step/1,1193,4791,13600
full_step/1,1194,4797,13612
full_step/1,1195,4803,13631
full_step/1,1196,4799,13607
full_step/1,1197,4797,13562
full_step/1,1198,4804,13541
full_step/1,1199,4791,13556
full_step/1,1200,4797,13560
full_step/1,1201,4804,13625
full_step/1,1202,4802,13701
full_step/1,1203,4802,13701
full_step/1,1204,4799,13690
full_step/1,1205,4803,13690
full_step/1,1206,4805,13717
full_step/1,1207,4812,13715
full_step/1,1208,4803,13701
full_step/1,1209,4796,13690
full_step/1,1210,4806,13697
full_step/1,1211,4800,13675
full_step/1,1212,4791,13653
full_step/1,1213,4793,13633
full_step/1,1214,4793,13632
full_step/1,1215,4797,13661
full_step/1,1216,4797,13650
full_step/1,1217,4802,13608
full_step/1,1218,4801,13648
full_step/1,1219,4805,13665
full_step/1,1220,4800,13636
full_step/1,1221,4798,13608
full_step/1,1222,4798,13601
full_step/1,1223,4803,13620
full_step/1,1224,4796,13583
full_step/1,1225,4800,13558
full_step/1,1226,4803,13609
full_step/1,1227,4798,13621
full_step/1,1228,4807,13624
full_step/1,1229,4807,13621
full_step/1,1230,4810,13655
full_step/1,1231,4806,13615
full_step/1,1232,4803,13632
full_step/1,1233,4809,13667
full_step/1,1234,4817,13675
full_step/1,1235,4811,13675
full_step/1,1236,4813,13637
full_step/1,1237,4810,13610
full_step/1,1238,4814,13623
full_step/1,1239,4811,13637
full_step/1,1240,4813,13660
full_step/1,1241,4815,13636
full_step/1,1242,4811,13621
full_step/1,1243,4817,13612
full_step/1,1244,4816,13603
full_step/1,1245,4811,13628
full_step/1,1246,4800,13604
full_step/1,1247,4802,13642
full_step/1,1248,4798,13633
full_step/1,1249,4809,13654
full_step/1,1250,4809,13665
full_step/1,1251,4814,13643
full_step/1,1252,4811,13641
full_step/1,1253,4808,13616
full_step/1,1254,4807,13625
full_step/1,1255,4804,13657
full_step/1,1256,4804,13644
full_step/1,1257,4796,13637
full_step/1,1258,4793,13653
full_step/1,1259,4798,13648
full_step/1,1260,4798,13577
full_step/1,1261,4803,13648
full_step/1,1262,4798,13628
full_step/1,1263,4795,13614
full_step/1,1264,4805,13672
full_step/1,1265,4809,13684
full_step/1,1266,4805,13671
full_step/1,1267,4800,13642
full_step/1,1268,4806,13685
full_step/1,1269,4800,13731
full_step/1,1270,4803,13707
full_step/1,1271,4807,13678
full_step/1,1272,4807,13642
full_step/1,1273,4809,13615
full_step/1,1274,4815,13653
full_step/1,1275,4813,13676
full_step/1,1276,4806,13689
full_step/1,1277,4808,13671
full_step/1,1278,4809,13660
full_step/1,1279,4809,13646
full_step/1,1280,4805,13644
full_step/1,1281,4808,13621
full_step/1,1282,4804,13608
full_step/1,1283,4800,13619
full_step/1,1284,4800,13647
full_step/1,1285,4801,13648
full_step/1,1286,4800,13649
full_step/1,1287,4806,13721
full_step/1,1288,4805,13677
full_step/1,1289,4803,13716
full_step/1,1290,4810,13708
full_step/1,1291,4802,13678
full_step/1,1292,4800,13717
full_step/1,1293,4807,13721
full_step/1,1294,4798,13706
full_step/1,1295,4808,13717
full_step/1,1296,4808,13725
full_step/1,1297,4802,13720
full_step/1,1298,4800,13712
full_step/1,1299,4810,13719
full_step/1,1300,4810,13711
full_step/1,1301,4805,13662
full_step/1,1302,4795,13643
full_step/1,1303,4802,13685
full_step/1,1304,4807,13701
full_step/1,1305,4798,13677
full_step/1,1306,4802,13703
full_step/1,1307,4806,13706
full_step/1,1308,4800,13661
full_step/1,1309,4815,13664
full_step/1,1310,4813,13674
full_step/1,1311,4817,13655
full_step/1,1312,4803,13591
full_step/1,1313,4805,13613
full_step/1,1314,4807,13627
full_step/1,1315,4804,13632
full_step/1,1316,4811,13631
full_step/1,1317,4802,13624
full_step/1,1318,4801,13674
full_step/1,1319,4801,13655
full_step/1,1320,4796,13658
full_step/1,1321,4794,13736
full_step/1,1322,4780,13772
full_step/1,1323,4784,13768
full_step/1,1324,4785,13797
full_step/1,1325,4786,13762
full_step/1,1326,4793,13739
full_step/1,1327,4791,13642
full_step/1,1328,4794,13626
full_step/1,1329,4793,13645
full_step/1,1330,4792,13663
full_step/1,1331,4799,13683
full_step/1,1332,4794,13622
full_step/1,1333,4796,13665
full_step/1,1334,4798,13603
full_step/1,1335,4800,13606
full_step/1,1336,4801,13580
full_step/1,1337,4802,13595
full_step/1,1338,4806,13632
full_step/1,1339,4805,13637
full_step/1,1340,4801,13645
full_step/1,1341,4811,13705
full_step/1,1342,4812,13698
full_step/1,1343,4813,13700
full_step/1,1344,4800,13656
full_step/1,1345,4807,13667
full_step/1,1346,4807,13655
full_step/1,1347,4808,13607
full_step/1,1348,4806,13567
full_step/1,1349,4803,13613
full_step/1,1350,4797,13580
full_step/1,1351,4801,13589
full_step/1,1352,4801,13547
full_step/1,1353,4811,13546
full_step/1,1354,4801,13568
full_step/1,1355,4795,13603
full_step/1,1356,4800,13575
full_step/1,1357,4796,13556
full_step/1,1358,4795,13570
full_step/1,1359,4794,13538
full_step/1,1360,4793,13594
full_step/1,1361,4799,13582
full_step/1,1362,4798,13558
full_step/1,1363,4795,13576
full_step/1,1364,4796,13559
full_step/1,1365,4799,13524
full_step/1,1366,4802,13551
full_step/1,1367,4802,13556
full_step/1,1368,4804,13553
full_step/1,1369,4803,13560
full_step/1,1370,4798,13587
full_step/1,1371,4803,13594
full_step/1,1372,4808,13608
full_step/1,1373,4805,13609
full_step/1,1374,4807,13670
full_step/1,1375,4806,13663
full_step/1,1376,4801,13711
full_step/1,1377,4796,13746
full_step/1,1378,4793,13764
full_step/1,1379,4795,13743
full_step/1,1380,4803,13769
full_step/1,1381,4804,13762
full_step/1,1382,4808,13787
full_step/1,1383,4807,13773
full_step/1,1384,4807,13755
full_step/1,1385,4802,13712
full_step/1,1386,4803,13757
full_step/1,1387,4803,13743
full_step/1,1388,4799,13749
full_step/1,1389,4797,13754
full_step/1,1390,4795,13774
full_step/1,1391,4797,13866
full_step/1,1392,4798,13797
full_step/1,1393,4792,13755
full_step/1,1394,4792,13744
full_step/1,1395,4791,13722
full_step/1,1396,4796,13746
full_step/1,1397,4792,13719
full_step/1,1398,4794,13679
full_step/1,1399,4796,13683
full_step/1,1400,4799,13628
full_step/1,1401,4796,13618
full_step/1,1402,4802,13592
full_step/1,1403,4795,13579
full_step/1,1404,4805,13601
full_step/1,1405,4798,13599
full_step/1,1406,4807,13556
full_step/1,1407,4798,13590
full_step/1,1408,4807,13593
full_step/1,1409,4802,13598
full_step/1,1410,4804,13638
full_step/1,1411,4808,13639
full_step/1,1412,4805,13610
full_step/1,1413,4804,13600
full_step/1,1414,4802,13606
full_step/1,1415,4799,13618
full_step/1,1416,4795,13620
full_step/1,1417,4798,13643
full_step/1,1418,4798,13641
full_step/1,1419,4796,13644
full_step/1,1420,4799,13629
full_step/1,1421,4799,13555
full_step/1,1422,4795,13546
full_step/1,1423,4798,13542
full_step/1,1424,4800,13583
full_step/1,1425,4804,13588
full_step/1,1426,4806,13595
full_step/1,1427,4805,13631
full_step/1,1428,4803,13613
full_step/1,1429,4807,13604
full_step/1,1430,4803,13638
full_step/1,1431,4794,13659
full_step/1,1432,4796,13665
full_step/1,1433,4797,13601
full_step/1,1434,4794,13578
full_step/1,1435,4793,13552
full_step/1,1436,4788,13584
full_step/1,1437,4792,13581
full_step/1,1438,4789,13584
full_step/1,1439,4791,13655
full_step/1,1440,4786,13583
full_step/1,1441,4782,13558
full_step/1,1442,4795,13589
full_step/1,1443,4793,13583
full_step/1,1444,4797,13606
full_step/1,1445,4795,13611
full_step/1,1446,4798,13640
full_step/1,1447,4788,13648
full_step/1,1448,4788,13608
full_step/1,1449,4783,13640
full_step/1,1450,4785,13640
full_step/1,1451,4789,13642
full_step/1,1452,4784,13629
full_step/1,1453,4781,13611
full_step/1,1454,4781,13615
full_step/1,1455,4785,13633
full_step/1,1456,4794,13561
full_step/1,1457,4794,13617
full_step/1,1458,4795,13627
full_step/1,1459,4796,13677
full_step/1,1460,4793,13707
full_step/1,1461,4788,13686
full_step/1,1462,4786,13611
full_step/1,1463,4787,13589
full_step/1,1464,4798,13638
full_step/1,1465,4787,13573
full_step/1,1466,4793,13604
full_step/1,1467,4796,13587
full_step/1,1468,4798,13595
full_step/1,1469,4800,13573
full_step/1,1470,4800,13601
full_step/1,1471,4804,13597
full_step/1,1472,4800,13641
full_step/1,1473,4804,13640
full_step/1,1474,4797,13618
full_step/1,1475,4799,13583
full_step/1,1476,4797,13590
full_step/1,1477,4796,13622
full_step/1,1478,4804,13634
full_step/1,1479,4805,13674
full_step/1,1480,4804,13696
full_step/1,1481,4801,13682
full_step/1,1482,4801,13628
full_step/1,1483,4795,13652
full_step/1,1484,4794,13618
full_step/1,1485,4794,13590
full_step/1,1486,4793,13533
full_step/1,1487,4792,13539
full_step/1,1488,4800,13537
full_step/1,1489,4799,13571
full_step/1,1490,4803,13596
full_step/1,1491,4804,13580
full_step/1,1492,4806,13605
full_step/1,1493,4806,13619
full_step/1,1494,4803,13607
full_step/1,1495,4804,13598
full_step/1,1496,4803,13540
full_step/1,1497,4801,13562
full_step/1,1498,4800,13612
full_step/1,1499,4807,13566
full_step/1,1500,4806,13566
full_step/1,1501,4807,13581
full_step/1,1502,4806,13566
full_step/1,1503,4809,13587
full_step/1,1504,4805,13557
full_step/1,1505,4813,13565
full_step/1,1506,4803,13560
full_step/1,1507,4804,13557
full_step/1,1508,4800,13541
full_step/1,1509,4801,13537
full_step/1,1510,4794,13525
full_step/1,1511,4797,13528
full_step/1,1512,4803,13477
full_step/1,1513,4798,13543
full_step/1,1514,4798,13527
full_step/1,1515,4796,13510
full_step/1,1516,4793,13510
full_step/1,1517,4797,13536
full_step/1,1518,4798,13492
full_step/1,1519,4794,13461
full_step/1,1520,4793,13467
full_step/1,1521,4802,13499
full_step/1,1522,4799,13492
full_step/1,1523,4798,13444
full_step/1,1524,4815,13463
full_step/1,1525,4812,13519
full_step/1,1526,4805,13498
full_step/1,1527,4799,13421
full_step/1,1528,4806,13414
full_step/1,1529,4797,13448
full_step/1,1530,4801,13467
full_step/1,1531,4795,13483
full_step/1,1532,4799,13544
full_step/1,1533,4797,13580
full_step/1,1534,4799,13574
full_step/1,1535,4801,13550
full_step/1,1536,4795,13550
full_step/1,1537,4799,13530
full_step/1,1538,4800,13515
full_step/1,1539,4800,13537
full_step/1,1540,4808,13581
full_step/1,1541,4801,13582
full_step/1,1542,4805,13567
full_step/1,1543,4803,13523
full_step/1,1544,4795,13515
full_step/1,1545,4800,13560
full_step/1,1546,4796,13571
full_step/1,1547,4802,13584
full_step/1,1548,4798,13600
full_step/1,1549,4796,13563
full_step/1,1550,4806,13508
full_step/1,1551,4800,13518
full_step/1,1552,4801,13511
full_step/1,1553,4801,13493
full_step/1,1554,4792,13549
full_step/1,1555,4794,13566
full_step/1,1556,4808,13548
full_step/1,1557,4804,13591
full_step/1,1558,4799,13576
full_step/1,1559,4806,13609
full_step/1,1560,4805,13596
full_step/1,1561,4807,13617
full_step/1,1562,4808,13609
full_step/1,1563,4809,13655
full_step/1,1564,4806,13661
full_step/1,1565,4807,13642
full_step/1,1566,4808,13586
full_step/1,1567,4807,13584
full_step/1,1568,4805,13576
full_step/1,1569,4804,13559
full_step/1,1570,4814,13630
full_step/1,1571,4811,13652
full_step/1,1572,4812,13678
full_step/1,1573,4806,13710
full_step/1,1574,4803,13717
full_step/1,1575,4807,13723
full_step/1,1576,4807,13692
full_step/1,1577,4806,13728
full_step/1,1578,4805,13754
full_step/1,1579,4797,13742
full_step/1,1580,4803,13754
full_step/1,1581,4797,13784
full_step/1,1582,4795,13779
full_step/1,1583,4797,13737
full_step/1,1584,4796,13702
full_step/1,1585,4802,13745
full_step/1,1586,4796,13747
full_step/1,1587,4796,13680
full_step/1,1588,4795,13705
full_step/1,1589,4797,13635
full_step/1,1590,4798,13644
full_step/1,1591,4797,13666
full_step/1,1592,4795,13685
full_step/1,1593,4803,13662
full_step/1,1594,4809,13662
full_step/1,1595,4800,13674
full_step/1,1596,4802,13698
full_step/1,1597,4805,13692
full_step/1,1598,4802,13726
full_step/1,1599,4793,13691
full_step/1,1600,4800,13702
full_step/1,1601,4807,13745
full_step/1,1602,4805,13714
full_step/1,1603,4803,13693
full_step/1,1604,4798,13705
full_step/1,1605,4804,13698
full_step/1,1606,4798,13736
full_step/1,1607,4796,13698
full_step/1,1608,4802,13735
full_step/1,1609,4802,13735
full_step/1,1610,4806,13782
full_step/1,1611,4799,13759
full_step/1,1612,4807,13760
full_step/1,1613,4799,13760
full_step/1,1614,4804,13817
full_step/1,1615,4808,13829
full_step/1,1616,4806,13831
full_step/1,1617,4797,13811
full_step/1,1618,4802,13797
full_step/1,1619,4798,13789
full_step/1,1620,4803,13778
full_step/1,1621,4797,13726
full_step/1,1622,4794,13731
full_step/1,1623,4795,13772
full_step/1,1624,4798,13768
full_step/1,1625,4794,13775
full_step/1,1626,4791,13727
full_step/1,1627,4795,13701
full_step/1,1628,4795,13730
full_step/1,1629,4795,13754
full_step/1,1630,4789,13706
full_step/1,1631,4793,13691
full_step/1,1632,4798,13717
full_step/1,1633,4803,13684
full_step/1,1634,4794,13657
full_step/1,1635,4799,13640
full_step/1,1636,4793,13601
full_step/1,1637,4789,13643
full_step/1,1638,4798,13610
full_step/1,1639,4790,13608
full_step/1,1640,4780,13570
full_step/1,1641,4784,13593
full_step/1,1642,4782,13600
full_step/1,1643,4774,13559
full_step/1,1644,4783,13605
full_step/1,1645,4775,13565
full_step/1,1646,4787,13595
full_step/1,1647,4784,13625
full_step/1,1648,4783,13639
full_step/1,1649,4785,13603
full_step/1,1650,4782,13611
full_step/1,1651,4785,13610
full_step/1,1652,4774,13648
full_step/1,1653,4777,13634
full_step/1,1654,4779,13617
full_step/1,1655,4780,13644
full_step/1,1656,4770,13562
full_step/1,1657,4772,13536
full_step/1,1658,4777,13538
full_step/1,1659,4783,13513
full_step/1,1660,4785,13557
full_step/1,1661,4787,13579
full_step/1,1662,4785,13570
full_step/1,1663,4788,13568
full_step/1,1664,4786,13548
full_step/1,1665,4779,13523
full_step/1,1666,4784,13528
full_step/1,1667,4784,13527
full_step/1,1668,4782,13579
full_step/1,1669,4783,13587
full_step/1,1670,4775,13537
full_step/1,1671,4771,13599
full_step/1,1672,4779,13608
full_step/1,1673,4772,13561
full_step/1,1674,4769,13548
full_step/1,1675,4782,13597
full_step/1,1676,4774,13565
full_step/1,1677,4775,13588
full_step/1,1678,4768,13577
full_step/1,1679,4781,13589
full_step/1,1680,4773,13623
full_step/1,1681,4769,13599
full_step/1,1682,4770,13545
full_step/1,1683,4773,13524
full_step/1,1684,4772,13558
full_step/1,1685,4774,13543
full_step/1,1686,4763,13528
full_step/1,1687,4762,13506
full_step/1,1688,4762,13569
full_step/1,1689,4770,13640
full_step/1,1690,4769,13632
full_step/1,1691,4776,13649
full_step/1,1692,4770,13594
full_step/1,1693,4780,13637
full_step/1,1694,4771,13585
full_step/1,1695,4769,13611
full_step/1,1696,4771,13623
full_step/1,1697,4770,13607
full_step/1,1698,4768,13597
full_step/1,1699,4767,13622
full_step/1,1700,4768,13632
full_step/1,1701,4776,13657
full_step/1,1702,4788,13654
full_step/1,1703,4781,13625
full_step/1,1704,4783,13681
full_step/1,1705,4786,13667
full_step/1,1706,4784,13662
full_step/1,1707,4782,13699
full_step/1,1708,4780,13678
full_step/1,1709,4781,13651
full_step/1,1710,4775,13618
full_step/1,1711,4776,13626
full_step/1,1712,4785,13701
full_step/1,1713,4788,13702
full_step/1,1714,4786,13701
full_step/1,1715,4786,13725
full_step/1,1716,4787,13708
full_step/1,1717,4780,13688
full_step/1,1718,4781,13741
full_step/1,1719,4775,13710
full_step/1,1720,4785,13652
full_step/1,1721,4781,13642
full_step/1,1722,4780,13633
full_step/1,1723,4777,13617
full_step/1,1724,4775,13582
full_step/1,1725,4789,13647
full_step/1,1726,4778,13684
full_step/1,1727,4779,13707
full_step/1,1728,4785,13708
full_step/1,1729,4777,13666
full_step/1,1730,4786,13668
full_step/1,1731,4786,13689
full_step/1,1732,4785,13688
full_step/1,1733,4786,13662
full_step/1,1734,4782,13654
full_step/1,1735,4788,13649
full_step/1,1736,4791,13636
full_step/1,1737,4783,13590
full_step/1,1738,4783,13586
full_step/1,1739,4782,13598
full_step/1,1740,4774,13654
full_step/1,1741,4773,13641
full_step/1,1742,4784,13624
full_step/1,1743,4781,13641
full_step/1,1744,4788,13637
full_step/1,1745,4784,13661
full_step/1,1746,4783,13681
full_step/1,1747,4782,13682
full_step/1,1748,4777,13633
full_step/1,1749,4782,13632
full_step/1,1750,4784,13632
full_step/1,1751,4787,13653
full_step/1,1752,4791,13622
full_step/1,1753,4792,13618
full_step/1,1754,4786,13660
full_step/1,1755,4786,13593
full_step/1,1756,4783,13558
full_step/1,1757,4781,13528
full_step/1,1758,4783,13527
full_step/1,1759,4784,13490
full_step/1,1760,4782,13504
full_step/1,1761,4782,13525
full_step/1,1762,4772,13574
full_step/1,1763,4781,13567
full_step/1,1764,4777,13558
full_step/1,1765,4779,13513
full_step/1,1766,4784,13540
full_step/1,1767,4782,13545
full_step/1,1768,4781,13536
full_step/1,1769,4783,13533
full_step/1,1770,4777,13468
full_step/1,1771,4779,13488
full_step/1,1772,4769,13482
full_step/1,1773,4765,13447
full_step/1,1774,4765,13444
full_step/1,1775,4771,13447
full_step/1,1776,4768,13454
full_step/1,1777,4770,13436
full_step/1,1778,4771,13391
full_step/1,1779,4764,13425
full_step/1,1780,4774,13429
full_step/1,1781,4771,13370
full_step/1,1782,4773,13387
full_step/1,1783,4771,13404
full_step/1,1784,4771,13440
full_step/1,1785,4769,13459
full_step/1,1786,4767,13395
full_step/1,1787,4770,13341
full_step/1,1788,4766,13368
full_step/1,1789,4770,13400
full_step/1,1790,4767,13324
full_step/1,1791,4770,13358
full_step/1,1792,4768,13390
full_step/1,1793,4771,13331
full_step/1,1794,4772,13340
full_step/1,1795,4776,13340
full_step/1,1796,4783,13302
full_step/1,1797,4785,13368
full_step/1,1798,4777,13350
full_step/1,1799,4785,13395
full_step/1,1800,4786,13396
full_step/1,1801,4786,13403
full_step/1,1802,4782,13392
full_step/1,1803,4774,13344
full_step/1,1804,4778,13329
full_step/1,1805,4782,13342
full_step/1,1806,4781,13329
full_step/1,1807,4783,13387
full_step/1,1808,4785,13398
full_step/1,1809,4783,13436
full_step/1,1810,4770,13427
full_step/1,1811,4777,13448
full_step/1,1812,4778,13426
full_step/1,1813,4771,13385
full_step/1,1814,4767,13408
full_step/1,1815,4773,13416
full_step/1,1816,4775,13398
full_step/1,1817,4783,13452
full_step/1,1818,4787,13414
full_step/1,1819,4784,13455
full_step/1,1820,4782,13519
full_step/1,1821,4783,13493
full_step/1,1822,4787,13514
full_step/1,1823,4784,13547
full_step/1,1824,4782,13497
full_step/1,1825,4775,13465
full_step/1,1826,4772,13442
full_step/1,1827,4759,13391
full_step/1,1828,4760,13412
full_step/1,1829,4757,13386
full_step/1,1830,4758,13361
full_step/1,1831,4763,13355
full_step/1,1832,4752,13304
full_step/1,1833,4763,13285
full_step/1,1834,4768,13353
full_step/1,1835,4770,13323
full_step/1,1836,4753,13378
full_step/1,1837,4753,13330
full_step/1,1838,4759,13378
full_step/1,1839,4754,13361
full_step/1,1840,4764,13358
full_step/1,1841,4763,13335
full_step/1,1842,4769,13402
full_step/1,1843,4775,13464
full_step/1,1844,4761,13468
full_step/1,1845,4764,13468
full_step/1,1846,4766,13474
full_step/1,1847,4774,13466
full_step/1,1848,4780,13475
full_step/1,1849,4779,13449
full_step/1,1850,4783,13444
full_step/1,1851,4783,13477
full_step/1,1852,4780,13444
full_step/1,1853,4784,13467
full_step/1,1854,4786,13496
full_step/1,1855,4788,13479
full_step/1,1856,4784,13503
full_step/1,1857,4783,13497
full_step/1,1858,4783,13524
full_step/1,1859,4784,13487
full_step/1,1860,4797,13504
full_step/1,1861,4792,13537
full_step/1,1862,4786,13432
full_step/1,1863,4784,13438
full_step/1,1864,4788,13473
full_step/1,1865,4784,13444
full_step/1,1866,4787,13463
full_step/1,1867,4798,13462
full_step/1,1868,4796,13426
full_step/1,1869,4793,13451
full_step/1,1870,4794,13393
full_step/1,1871,4792,13394
full_step/1,1872,4788,13415
full_step/1,1873,4783,13404
full_step/1,1874,4785,13389
full_step/1,1875,4771,13359
full_step/1,1876,4783,13394
full_step/1,1877,4785,13388
full_step/1,1878,4782,13413
full_step/1,1879,4782,13428
full_step/1,1880,4783,13413
full_step/1,1881,4785,13411
full_step/1,1882,4782,13356
full_step/1,1883,4791,13385
full_step/1,1884,4794,13364
full_step/1,1885,4800,13397
full_step/1,1886,4795,13391
full_step/1,1887,4795,13419
full_step/1,1888,4789,13399
full_step/1,1889,4785,13387
full_step/1,1890,4792,13339
full_step/1,1891,4781,13317
full_step/1,1892,4783,13294
full_step/1,1893,4779,13353
full_step/1,1894,4779,13386
full_step/1,1895,4778,13384
full_step/1,1896,4780,13336
full_step/1,1897,4784,13367
full_step/1,1898,4785,13369
full_step/1,1899,4784,13388
full_step/1,1900,4788,13364
full_step/1,1901,4787,13347
full_step/1,1902,4781,13328
full_step/1,1903,4786,13341
full_step/1,1904,4782,13323
full_step/1,1905,4779,13328
full_step/1,1906,4791,13336
full_step/1,1907,4785,13351
full_step/1,1908,4793,13414
full_step/1,1909,4787,13381
full_step/1,1910,4788,13337
full_step/1,1911,4801,13381
full_step/1,1912,4790,13352
full_step/1,1913,4787,13358
full_step/1,1914,4794,13346
full_step/1,1915,4791,13334
full_step/1,1916,4795,13340
full_step/1,1917,4791,13332
full_step/1,1918,4793,13400
full_step/1,1919,4792,13418
full_step/1,1920,4786,13434
full_step/1,1921,4788,13485
full_step/1,1922,4785,13460
full_step/1,1923,4784,13499
full_step/1,1924,4788,13470
full_step/1,1925,4789,13465
full_step/1,1926,4786,13427
full_step/1,1927,4792,13400
full_step/1,1928,4794,13390
full_step/1,1929,4790,13386
full_step/1,1930,4796,13340
full_step/1,1931,4789,13326
full_step/1,1932,4791,13360
full_step/1,1933,4789,13381
full_step/1,1934,4792,13374
full_step/1,1935,4781,13403
full_step/1,1936,4780,13426
full_step/1,1937,4787,13418
full_step/1,1938,4780,13426
full_step/1,1939,4787,13412
full_step/1,1940,4786,13428
full_step/1,1941,4789,13428
full_step/1,1942,4787,13437
full_step/1,1943,4795,13447
full_step/1,1944,4795,13437
full_step/1,1945,4792,13433
full_step/1,1946,4792,13441
full_step/1,1947,4792,13441
full_step/1,1948,4798,13432
full_step/1,1949,4794,13315
full_step/1,1950,4789,13354
full_step/1,1951,4789,13368
full_step/1,1952,4793,13343
full_step/1,1953,4791,13335
full_step/1,1954,4789,13321
full_step/1,1955,4791,13365
full_step/1,1956,4801,13353
full_step/1,1957,4791,13375
full_step/1,1958,4795,13343
full_step/1,1959,4800,13349
full_step/1,1960,4803,13371
full_step/1,1961,4804,13399
full_step/1,1962,4803,13380
full_step/1,1963,4802,13371
full_step/1,1964,4804,13417
full_step/1,1965,4805,13349
full_step/1,1966,4811,13365
full_step/1,1967,4812,13363
full_step/1,1968,4808,13340
full_step/1,1969,4806,13363
full_step/1,1970,4815,13379
full_step/1,1971,4812,13366
full_step/1,1972,4804,13355
full_step/1,1973,4803,13406
full_step/1,1974,4800,13370
full_step/1,1975,4806,13376
full_step/1,1976,4805,13373
full_step/1,1977,4808,13385
full_step/1,1978,4810,13432
full_step/1,1979,4805,13380
full_step/1,1980,4797,13373
full_step/1,1981,4798,13383
full_step/1,1982,4795,13377
full_step/1,1983,4800,13399
full_step/1,1984,4795,13426
full_step/1,1985,4801,13451
full_step/1,1986,4797,13506
full_step/1,1987,4790,13464
full_step/1,1988,4790,13472
full_step/1,1989,4793,13462
full_step/1,1990,4796,13493
full_step/1,1991,4798,13527
full_step/1,1992,4796,13449
full_step/1,1993,4794,13493
full_step/1,1994,4797,13465
full_step/1,1995,4803,13463
full_step/1,1996,4801,13452
full_step/1,1997,4798,13435
full_step/1,1998,4789,13407
full_step/1,1999,4796,13404
full_step/1,2000,4788,13442
full_step/1,2001,4779,13396
full_step/1,2002,4779,13425
full_step/1,2003,4781,13456
full_step/1,2004,4795,13448
full_step/1,2005,4797,13503
full_step/1,2006,4798,13540
full_step/1,2007,4801,13521
full_step/1,2008,4792,13552
full_step/1,2009,4792,13590
full_step/1,2010,4790,13601
full_step/1,2011,4796,13605
full_step/1,2012,4792,13624
full_step/1,2013,4798,13635
full_step/1,2014,4795,13615
full_step/1,2015,4788,13610
full_step/1,2016,4791,13609
full_step/1,2017,4794,13594
full_step/1,2018,4788,13603
full_step/1,2019,4793,13599
full_step/1,2020,4791,13588
full_step/1,2021,4793,13581
full_step/1,2022,4798,13555
full_step/1,2023,4803,13599
full_step/1,2024,4796,13627
full_step/1,2025,4788,13630
full_step/1,2026,4790,13592
full_step/1,2027,4801,13566
full_step/1,2028,4794,13603
full_step/1,2029,4798,13644
full_step/1,2030,4793,13619
full_step/1,2031,4796,13656
full_step/1,2032,4796,13629
full_step/1,2033,4802,13623
full_step/1,2034,4804,13633
full_step/1,2035,4808,13600
full_step/1,2036,4801,13612
full_step/1,2037,4801,13634
full_step/1,2038,4801,13619
full_step/1,2039,4797,13612
full_step/1,2040,4809,13638
full_step/1,2041,4813,13671
full_step/1,2042,4806,13625
full_step/1,2043,4802,13635
full_step/1,2044,4806,13616
full_step/1,2045,4804,13618
full_step/1,2046,4809,13681
full_step/1,2047,4807,13648
full_step/1,2048,4816,13675
full_step/1,2049,4809,13653
full_step/1,2050,4809,13591
full_step/1,2051,4812,13556
full_step/1,2052,4820,13501
full_step/1,2053,4805,13518
full_step/1,2054,4805,13543
full_step/1,2055,4802,13529
full_step/1,2056,4801,13485
full_step/1,2057,4806,13545
full_step/1,2058,4809,13518
full_step/1,2059,4807,13474
full_step/1,2060,4801,13517
full_step/1,2061,4802,13536
full_step/1,2062,4809,13501
full_step/1,2063,4803,13539
full_step/1,2064,4800,13579
full_step/1,2065,4797,13578
full_step/1,2066,4798,13562
full_step/1,2067,4798,13525
full_step/1,2068,4797,13514
full_step/1,2069,4802,13508
full_step/1,2070,4802,13541
full_step/1,2071,4803,13523
full_step/1,2072,4798,13500
full_step/1,2073,4810,13548
full_step/1,2074,4800,13591
full_step/1,2075,4787,13608
full_step/1,2076,4794,13582
full_step/1,2077,4792,13513
full_step/1,2078,4798,13579
full_step/1,2079,4797,13582
full_step/1,2080,4803,13567
full_step/1,2081,4795,13471
full_step/1,2082,4803,13481
full_step/1,2083,4805,13544
full_step/1,2084,4803,13497
full_step/1,2085,4805,13556
full_step/1,2086,4801,13645
full_step/1,2087,4800,13621
full_step/1,2088,4805,13647
full_step/1,2089,4811,13642
full_step/1,2090,4809,13596
full_step/1,2091,4812,13619
full_step/1,2092,4803,13648
full_step/1,2093,4810,13637
full_step/1,2094,4807,13618
full_step/1,2095,4798,13621
full_step/1,2096,4808,13646
full_step/1,2097,4799,13623
full_step/1,2098,4799,13546
full_step/1,2099,4803,13522
full_step/1,2100,4802,13483
full_step/1,2101,4802,13437
full_step/1,2102,4800,13428
full_step/1,2103,4809,13420
full_step/1,2104,4800,13434
full_step/1,2105,4799,13441
full_step/1,2106,4795,13365
full_step/1,2107,4798,13438
full_step/1,2108,4800,13480
full_step/1,2109,4802,13448
full_step/1,2110,4805,13422
full_step/1,2111,4801,13419
full_step/1,2112,4805,13409
full_step/1,2113,4798,13406
full_step/1,2114,4795,13414
full_step/1,2115,4781,13395
full_step/1,2116,4785,13348
full_step/1,2117,4784,13395
full_step/1,2118,4783,13397
full_step/1,2119,4783,13386
full_step/1,2120,4783,13366
full_step/1,2121,4781,13325
full_step/1,2122,4781,13363
full_step/1,2123,4783,13371
full_step/1,2124,4789,13416
full_step/1,2125,4790,13418
full_step/1,2126,4784,13432
full_step/1,2127,4784,13396
full_step/1,2128,4784,13413
full_step/1,2129,4780,13450
full_step/1,2130,4778,13485
full_step/1,2131,4780,13426
full_step/1,2132,4777,13403
full_step/1,2133,4777,13393
full_step/1,2134,4785,13388
full_step/1,2135,4785,13428
full_step/1,2136,4781,13402
full_step/1,2137,4784,13406
full_step/1,2138,4783,13418
full_step/1,2139,4782,13428
full_step/1,2140,4781,13411
full_step/1,2141,4787,13442
full_step/1,2142,4789,13461
full_step/1,2143,4785,13441
full_step/1,2144,4786,13509
full_step/1,2145,4784,13539
full_step/1,2146,4786,13556
full_step/1,2147,4794,13594
full_step/1,2148,4793,13565
full_step/1,2149,4805,13524
full_step/1,2150,4793,13464
full_step/1,2151,4795,13445
full_step/1,2152,4795,13510
full_step/1,2153,4795,13511
full_step/1,2154,4797,13478
full_step/1,2155,4802,13485
full_step/1,2156,4799,13514
full_step/1,2157,4794,13544
full_step/1,2158,4794,13511
full_step/1,2159,4792,13492
full_step/1,2160,4798,13439
full_step/1,2161,4787,13447
full_step/1,2162,4787,13520
full_step/1,2163,4789,13531
full_step/1,2164,4776,13534
full_step/1,2165,4782,13567
full_step/1,2166,4773,13510
full_step/1,2167,4782,13563
full_step/1,2168,4791,13561
full_step/1,2169,4791,13539
full_step/1,2170,4792,13517
full_step/1,2171,4786,13491
full_step/1,2172,4779,13458
full_step/1,2173,4779,13460
full_step/1,2174,4780,13415
full_step/1,2175,4777,13411
full_step/1,2176,4784,13414
full_step/1,2177,4784,13412
full_step/1,2178,4785,13401
full_step/1,2179,4786,13368
full_step/1,2180,4785,13429
full_step/1,2181,4789,13376
full_step/1,2182,4785,13330
full_step/1,2183,4778,13368
full_step/1,2184,4776,13446
full_step/1,2185,4776,13439
full_step/1,2186,4778,13402
full_step/1,2187,4779,13392
full_step/1,2188,4776,13360
full_step/1,2189,4775,13361
full_step/1,2190,4786,13397
full_step/1,2191,4783,13364
full_step/1,2192,4784,13361
full_step/1,2193,4787,13348
full_step/1,2194,4782,13346
full_step/1,2195,4786,13338
full_step/1,2196,4781,13374
full_step/1,2197,4779,13383
full_step/1,2198,4775,13427
full_step/1,2199,4780,13453
full_step/1,2200,4779,13459
full_step/1,2201,4774,13433
full_step/1,2202,4777,13372
full_step/1,2203,4770,13357
full_step/1,2204,4778,13403
full_step/1,2205,4773,13389
full_step/1,2206,4770,13421
full_step/1,2207,4766,13409
full_step/1,2208,4768,13406
full_step/1,2209,4769,13357
full_step/1,2210,4775,13390
full_step/1,2211,4770,13418
full_step/1,2212,4781,13407
full_step/1,2213,4783,13412
full_step/1,2214,4778,13410
full_step/1,2215,4782,13356
full_step/1,2216,4780,13386
full_step/1,2217,4779,13400
full_step/1,2218,4777,13411
full_step/1,2219,4782,13431
full_step/1,2220,4788,13457
full_step/1,2221,4786,13462
full_step/1,2222,4786,13462
full_step/1,2223,4790,13455
full_step/1,2224,4794,13507
full_step/1,2225,4796,13501
full_step/1,2226,4796,13482
full_step/1,2227,4799,13527
full_step/1,2228,4802,13504
full_step/1,2229,4803,13528
full_step/1,2230,4795,13520
full_step/1,2231,4802,13523
full_step/1,2232,4807,13487
full_step/1,2233,4798,13433
full_step/1,2234,4801,13446
full_step/1,2235,4794,13452
full_step/1,2236,4800,13475
full_step/1,2237,4808,13450
full_step/1,2238,4812,13474
full_step/1,2239,4808,13446
full_step/1,2240,4810,13448
full_step/1,2241,4804,13404
full_step/1,2242,4808,13437
full_step/1,2243,4816,13464
full_step/1,2244,4812,13517
full_step/1,2245,4807,13496
full_step/1,2246,4811,13489
full_step/1,2247,4804,13445
full_step/1,2248,4805,13448
full_step/1,2249,4807,13446
full_step/1,2250,4815,13425
full_step/1,2251,4811,13464
full_step/1,2252,4809,13476
full_step/1,2253,4808,13461
full_step/1,2254,4802,13498
full_step/1,2255,4816,13516
full_step/1,2256,4810,13514
full_step/1,2257,4802,13450
full_step/1,2258,4811,13485
full_step/1,2259,4809,13465
full_step/1,2260,4803,13461
full_step/1,2261,4803,13500
full_step/1,2262,4801,13499
full_step/1,2263,4796,13489
full_step/1,2264,4807,13541
full_step/1,2265,4807,13549
full_step/1,2266,4808,13465
full_step/1,2267,4807,13484
full_step/1,2268,4806,13480
full_step/1,2269,4815,13500
full_step/1,2270,4812,13560
full_step/1,2271,4815,13571
full_step/1,2272,4805,13549
full_step/1,2273,4802,13517
full_step/1,2274,4805,13500
full_step/1,2275,4805,13493
full_step/1,2276,4793,13496
full_step/1,2277,4798,13492
full_step/1,2278,4799,13547
full_step/1,2279,4804,13588
full_step/1,2280,4797,13535
full_step/1,2281,4802,13553
full_step/1,2282,4802,13591
full_step/1,2283,4799,13563
full_step/1,2284,4799,13562
full_step/1,2285,4799,13493
full_step/1,2286,4793,13468
full_step/1,2287,4788,13475
full_step/1,2288,4789,13503
full_step/1,2289,4795,13509
full_step/1,2290,4790,13483
full_step/1,2291,4806,13503
full_step/1,2292,4804,13504
full_step/1,2293,4801,13459
full_step/1,2294,4797,13524
full_step/1,2295,4793,13489
full_step/1,2296,4801,13529
full_step/1,2297,4801,13528
full_step/1,2298,4797,13538
full_step/1,2299,4796,13547
full_step/1,2300,4792,13492
full_step/1,2301,4792,13504
full_step/1,2302,4790,13493
full_step/1,2303,4792,13502
full_step/1,2304,4783,13478
full_step/1,2305,4787,13448
full_step/1,2306,4790,13439
full_step/1,2307,4789,13484
full_step/1,2308,4786,13509
full_step/1,2309,4790,13409
full_step/1,2310,4789,13386
full_step/1,2311,4786,13370
full_step/1,2312,4796,13387
full_step/1,2313,4792,13423
full_step/1,2314,4797,13434
full_step/1,2315,4797,13449
full_step/1,2316,4804,13455
full_step/1,2317,4794,13478
full_step/1,2318,4791,13414
full_step/1,2319,4790,13433
full_step/1,2320,4788,13438
full_step/1,2321,4791,13475
full_step/1,2322,4791,13493
full_step/1,2323,4777,13513
full_step/1,2324,4781,13517
full_step/1,2325,4782,13503
full_step/1,2326,4779,13513
full_step/1,2327,4792,13601
full_step/1,2328,4792,13577
full_step/1,2329,4792,13517
full_step/1,2330,4793,13550
full_step/1,2331,4792,13535
full_step/1,2332,4788,13557
full_step/1,2333,4786,13531
full_step/1,2334,4783,13526
full_step/1,2335,4786,13557
full_step/1,2336,4786,13578
full_step/1,2337,4779,13511
full_step/1,2338,4783,13506
full_step/1,2339,4789,13512
full_step/1,2340,4785,13516
full_step/1,2341,4776,13519
full_step/1,2342,4784,13533
full_step/1,2343,4786,13579
full_step/1,2344,4794,13536
full_step/1,2345,4788,13524
full_step/1,2346,4796,13520
full_step/1,2347,4798,13451
full_step/1,2348,4791,13440
full_step/1,2349,4801,13568
full_step/1,2350,4799,13557
full_step/1,2351,4805,13584
full_step/1,2352,4804,13575
full_step/1,2353,4798,13524
full_step/1,2354,4800,13482
full_step/1,2355,4799,13456
full_step/1,2356,4791,13388
full_step/1,2357,4793,13422
full_step/1,2358,4786,13439
full_step/1,2359,4795,13460
full_step/1,2360,4790,13461
full_step/1,2361,4791,13457
full_step/1,2362,4792,13441
full_step/1,2363,4791,13452
full_step/1,2364,4793,13433
full_step/1,2365,4792,13418
full_step/1,2366,4787,13425
full_step/1,2367,4792,13411
full_step/1,2368,4784,13402
full_step/1,2369,4784,13410
full_step/1,2370,4790,13469
full_step/1,2371,4787,13440
full_step/1,2372,4784,13430
full_step/1,2373,4789,13425
full_step/1,2374,4786,13429
full_step/1,2375,4790,13477
full_step/1,2376,4790,13454
full_step/1,2377,4798,13486
full_step/1,2378,4788,13491
full_step/1,2379,4800,13489
full_step/1,2380,4807,13531
full_step/1,2381,4798,13511
full_step/1,2382,4807,13523
full_step/1,2383,4805,13498
full_step/1,2384,4801,13523
full_step/1,2385,4796,13542
full_step/1,2386,4799,13495
full_step/1,2387,4797,13548
full_step/1,2388,4803,13495
full_step/1,2389,4809,13554
full_step/1,2390,4807,13531
full_step/1,2391,4797,13465
full_step/1,2392,4804,13482
full_step/1,2393,4803,13447
full_step/1,2394,4810,13473
full_step/1,2395,4816,13461
full_step/1,2396,4811,13454
full_step/1,2397,4799,13406
full_step/1,2398,4795,13370
full_step/1,2399,4804,13372
full_step/1,2400,4796,13366
full_step/1,2401,4797,13353
full_step/1,2402,4792,13382
full_step/1,2403,4809,13348
full_step/1,2404,4812,13371
full_step/1,2405,4816,13411
full_step/1,2406,4807,13422
full_step/1,2407,4796,13383
full_step/1,2408,4800,13415
full_step/1,2409,4799,13351
full_step/1,2410,4806,13298
full_step/1,2411,4807,13328
full_step/1,2412,4803,13359
full_step/1,2413,4804,13373
full_step/1,2414,4807,13408
full_step/1,2415,4808,13368
full_step/1,2416,4801,13437
full_step/1,2417,4805,13391
full_step/1,2418,4805,13417
full_step/1,2419,4807,13407
full_step/1,2420,4817,13444
full_step/1,2421,4819,13451
full_step/1,2422,4825,13460
full_step/1,2423,4819,13434
full_step/1,2424,4815,13445
full_step/1,2425,4807,13466
full_step/1,2426,4807,13427
full_step/1,2427,4809,13419
full_step/1,2428,4803,13469
full_step/1,2429,4805,13447
full_step/1,2430,4813,13504
full_step/1,2431,4807,13467
full_step/1,2432,4802,13412
full_step/1,2433,4802,13446
full_step/1,2434,4804,13442
full_step/1,2435,4796,13429
full_step/1,2436,4796,13401
full_step/1,2437,4798,13365
full_step/1,2438,4797,13367
full_step/1,2439,4799,13265
full_step/1,2440,4798,13225
full_step/1,2441,4792,13213
full_step/1,2442,4794,13266
full_step/1,2443,4789,13253
full_step/1,2444,4788,13243
full_step/1,2445,4792,13131
full_step/1,2446,4792,13189
full_step/1,2447,4804,13181
full_step/1,2448,4792,13146
full_step/1,2449,4793,13139
full_step/1,2450,4803,13188
full_step/1,2451,4811,13290
full_step/1,2452,4800,13257
full_step/1,2453,4806,13228
full_step/1,2454,4805,13271
full_step/1,2455,4809,13230
full_step/1,2456,4803,13274
full_step/1,2457,4798,13325
full_step/1,2458,4799,13413
full_step/1,2459,4802,13438
full_step/1,2460,4796,13418
full_step/1,2461,4797,13412
full_step/1,2462,4808,13352
full_step/1,2463,4811,13430
full_step/1,2464,4807,13446
full_step/1,2465,4805,13455
full_step/1,2466,4816,13447
full_step/1,2467,4819,13505
full_step/1,2468,4814,13444
full_step/1,2469,4823,13445
full_step/1,2470,4815,13393
full_step/1,2471,4818,13401
full_step/1,2472,4815,13377
full_step/1,2473,4823,13350
full_step/1,2474,4819,13377
full_step/1,2475,4820,13333
full_step/1,2476,4812,13244
full_step/1,2477,4825,13331
full_step/1,2478,4817,13285
full_step/1,2479,4823,13233
full_step/1,2480,4816,13211
full_step/1,2481,4811,13225
full_step/1,2482,4805,13251
full_step/1,2483,4811,13235
full_step/1,2484,4802,13245
full_step/1,2485,4810,13229
full_step/1,2486,4805,13252
full_step/1,2487,4795,13244
full_step/1,2488,4803,13294
full_step/1,2489,4802,13311
full_step/1,2490,4804,13278
full_step/1,2491,4796,13263
full_step/1,2492,4809,13239
full_step/1,2493,4800,13277
full_step/1,2494,4806,13277
full_step/1,2495,4799,13247
full_step/1,2496,4808,13235
full_step/1,2497,4806,13248
full_step/1,2498,4798,13209
full_step/1,2499,4802,13265
full_step/1,2500,4808,13309
full_step/1,2501,4805,13253
full_step/1,2502,4812,13215
full_step/1,2503,4808,13241
full_step/1,2504,4803,13205
full_step/1,2505,4812,13283
full_step/1,2506,4801,13275
full_step/1,2507,4802,13250
full_step/1,2508,4812,13240
full_step/1,2509,4822,13302
full_step/1,2510,4808,13332
full_step/1,2511,4799,13292
full_step/1,2512,4805,13304
full_step/1,2513,4801,13309
full_step/1,2514,4819,13314
full_step/1,2515,4801,13347
full_step/1,2516,4810,13307
full_step/1,2517,4810,13313
full_step/1,2518,4813,13329
full_step/1,2519,4813,13375
full_step/1,2520,4812,13343
full_step/1,2521,4807,13435
full_step/1,2522,4803,13466
full_step/1,2523,4803,13430
full_step/1,2524,4810,13408
full_step/1,2525,4802,13419
full_step/1,2526,4805,13421
full_step/1,2527,4799,13407
full_step/1,2528,4805,13419
full_step/1,2529,4811,13439
full_step/1,2530,4808,13381
full_step/1,2531,4802,13453
full_step/1,2532,4798,13359
full_step/1,2533,4791,13320
full_step/1,2534,4793,13425
full_step/1,2535,4798,13397
full_step/1,2536,4799,13393
full_step/1,2537,4798,13388
full_step/1,2538,4796,13419
full_step/1,2539,4805,13447
full_step/1,2540,4809,13443
full_step/1,2541,4805,13398
full_step/1,2542,4806,13365
full_step/1,2543,4808,13376
full_step/1,2544,4805,13362
full_step/1,2545,4798,13326
full_step/1,2546,4800,13393
full_step/1,2547,4800,13342
full_step/1,2548,4800,13341
full_step/1,2549,4798,13329
full_step/1,2550,4797,13380
full_step/1,2551,4809,13428
full_step/1,2552,4787,13396
full_step/1,2553,4784,13411
full_step/1,2554,4788,13373
full_step/1,2555,4783,13357
full_step/1,2556,4794,13405
full_step/1,2557,4795,13382
full_step/1,2558,4796,13453
full_step/1,2559,4803,13456
full_step/1,2560,4800,13452
full_step/1,2561,4799,13524
full_step/1,2562,4796,13498
full_step/1,2563,4804,13464
full_step/1,2564,4802,13416
full_step/1,2565,4803,13439
full_step/1,2566,4795,13412
full_step/1,2567,4796,13416
full_step/1,2568,4791,13424
full_step/1,2569,4792,13391
full_step/1,2570,4789,13388
full_step/1,2571,4795,13415
full_step/1,2572,4792,13457
full_step/1,2573,4798,13413
full_step/1,2574,4805,13470
full_step/1,2575,4805,13502
full_step/1,2576,4798,13443
full_step/1,2577,4799,13477
full_step/1,2578,4794,13482
full_step/1,2579,4780,13475
full_step/1,2580,4790,13464
full_step/1,2581,4790,13505
full_step/1,2582,4797,13522
full_step/1,2583,4793,13519
full_step/1,2584,4796,13534
full_step/1,2585,4794,13505
full_step/1,2586,4796,13485
full_step/1,2587,4798,13460
full_step/1,2588,4793,13411
full_step/1,2589,4799,13463
full_step/1,2590,4791,13465
full_step/1,2591,4788,13475
full_step/1,2592,4797,13513
full_step/1,2593,4795,13496
full_step/1,2594,4797,13519
full_step/1,2595,4792,13507
full_step/1,2596,4788,13549
full_step/1,2597,4780,13495
full_step/1,2598,4786,13529
full_step/1,2599,4782,13452
full_step/1,2600,4783,13445
full_step/1,2601,4783,13462
full_step/1,2602,4784,13430
full_step/1,2603,4789,13398
full_step/1,2604,4795,13434
full_step/1,2605,4796,13425
full_step/1,2606,4792,13427
full_step/1,2607,4798,13396
full_step/1,2608,4798,13395
full_step/1,2609,4805,13475
full_step/1,2610,4799,13444
full_step/1,2611,4800,13481
full_step/1,2612,4800,13479
full_step/1,2613,4800,13490
full_step/1,2614,4804,13505
full_step/1,2615,4793,13544
full_step/1,2616,4798,13522
full_step/1,2617,4802,13501
full_step/1,2618,4805,13515
full_step/1,2619,4808,13563
full_step/1,2620,4811,13574
full_step/1,2621,4808,13506
full_step/1,2622,4806,13487
full_step/1,2623,4813,13476
full_step/1,2624,4799,13499
full_step/1,2625,4799,13489
full_step/1,2626,4798,13462
full_step/1,2627,4798,13389
full_step/1,2628,4796,13400
full_step/1,2629,4793,13404
full_step/1,2630,4797,13388
full_step/1,2631,4791,13353
full_step/1,2632,4788,13418
full_step/1,2633,4785,13342
full_step/1,2634,4782,13406
full_step/1,2635,4778,13404
full_step/1,2636,4786,13434
full_step/1,2637,4790,13383
full_step/1,2638,4791,13396
full_step/1,2639,4792,13317
full_step/1,2640,4796,13335
full_step/1,2641,4793,13354
full_step/1,2642,4794,13332
full_step/1,2643,4789,13318
full_step/1,2644,4789,13352
full_step/1,2645,4787,13347
full_step/1,2646,4786,13371
full_step/1,2647,4788,13372
full_step/1,2648,4787,13363
full_step/1,2649,4787,13369
full_step/1,2650,4792,13315
full_step/1,2651,4792,13332
full_step/1,2652,4795,13304
full_step/1,2653,4791,13316
full_step/1,2654,4795,13333
full_step/1,2655,4793,13347
full_step/1,2656,4794,13390
full_step/1,2657,4795,13408
full_step/1,2658,4790,13366
full_step/1,2659,4791,13393
full_step/1,2660,4796,13389
full_step/1,2661,4788,13323
full_step/1,2662,4790,13269
full_step/1,2663,4786,13235
full_step/1,2664,4778,13273
full_step/1,2665,4782,13271
full_step/1,2666,4781,13258
full_step/1,2667,4783,13314
full_step/1,2668,4785,13318
full_step/1,2669,4795,13298
full_step/1,2670,4792,13403
full_step/1,2671,4784,13366
full_step/1,2672,4786,13380
full_step/1,2673,4784,13386
full_step/1,2674,4779,13335
full_step/1,2675,4787,13395
full_step/1,2676,4782,13339
full_step/1,2677,4780,13340
full_step/1,2678,4784,13390
full_step/1,2679,4786,13404
full_step/1,2680,4793,13497
full_step/1,2681,4791,13452
full_step/1,2682,4794,13381
full_step/1,2683,4790,13413
full_step/1,2684,4793,13465
full_step/1,2685,4800,13477
full_step/1,2686,4801,13468
full_step/1,2687,4799,13433
full_step/1,2688,4789,13420
full_step/1,2689,4794,13434
full_step/1,2690,4794,13422
full_step/1,2691,4795,13429
full_step/1,2692,4802,13413
full_step/1,2693,4797,13448
full_step/1,2694,4806,13464
full_step/1,2695,4810,13458
full_step/1,2696,4808,13437
full_step/1,2697,4802,13357
full_step/1,2698,4807,13408
full_step/1,2699,4799,13421
full_step/1,2700,4799,13406
full_step/1,2701,4799,13414
full_step/1,2702,4810,13406
full_step/1,2703,4810,13456
full_step/1,2704,4807,13431
full_step/1,2705,4803,13399
full_step/1,2706,4806,13471
full_step/1,2707,4795,13450
full_step/1,2708,4804,13463
full_step/1,2709,4810,13497
full_step/1,2710,4800,13497
full_step/1,2711,4804,13548
full_step/1,2712,4799,13535
full_step/1,2713,4800,13517
full_step/1,2714,4806,13472
full_step/1,2715,4802,13498
full_step/1,2716,4793,13500
full_step/1,2717,4798,13503
full_step/1,2718,4792,13500
full_step/1,2719,4793,13474
full_step/1,2720,4794,13533
full_step/1,2721,4793,13499
full_step/1,2722,4792,13521
full_step/1,2723,4788,13560
full_step/1,2724,4782,13525
full_step/1,2725,4786,13473
full_step/1,2726,4790,13479
full_step/1,2727,4794,13456
full_step/1,2728,4791,13467
full_step/1,2729,4782,13457
full_step/1,2730,4788,13514
full_step/1,2731,4781,13547
full_step/1,2732,4778,13545
full_step/1,2733,4785,13528
full_step/1,2734,4785,13537
full_step/1,2735,4779,13499
full_step/1,2736,4783,13488
full_step/1,2737,4787,13525
full_step/1,2738,4785,13502
full_step/1,2739,4779,13503
full_step/1,2740,4781,13516
full_step/1,2741,4789,13474
full_step/1,2742,4785,13455
full_step/1,2743,4786,13439
full_step/1,2744,4784,13474
full_step/1,2745,4786,13522
full_step/1,2746,4784,13538
full_step/1,2747,4783,13536
full_step/1,2748,4790,13577
full_step/1,2749,4789,13609
full_step/1,2750,4785,13578
full_step/1,2751,4791,13628
full_step/1,2752,4801,13662
full_step/1,2753,4797,13657
full_step/1,2754,4785,13614
full_step/1,2755,4781,13525
full_step/1,2756,4785,13557
full_step/1,2757,4788,13558
full_step/1,2758,4797,13599
full_step/1,2759,4795,13560
full_step/1,2760,4800,13603
full_step/1,2761,4794,13581
full_step/1,2762,4797,13616
full_step/1,2763,4792,13612
full_step/1,2764,4788,13602
full_step/1,2765,4790,13622
full_step/1,2766,4787,13577
full_step/1,2767,4789,13490
full_step/1,2768,4781,13461
full_step/1,2769,4783,13491
full_step/1,2770,4785,13440
full_step/1,2771,4788,13470
full_step/1,2772,4785,13499
full_step/1,2773,4778,13480
full_step/1,2774,4781,13520
full_step/1,2775,4782,13533
full_step/1,2776,4782,13525
full_step/1,2777,4779,13514
full_step/1,2778,4778,13559
full_step/1,2779,4780,13588
full_step/1,2780,4779,13609
full_step/1,2781,4777,13662
full_step/1,2782,4785,13687
full_step/1,2783,4781,13698
full_step/1,2784,4779,13674
full_step/1,2785,4779,13671
full_step/1,2786,4780,13672
full_step/1,2787,4782,13670
full_step/1,2788,4788,13650
full_step/1,2789,4783,13615
full_step/1,2790,4785,13607
full_step/1,2791,4782,13658
full_step/1,2792,4787,13663
full_step/1,2793,4790,13657
full_step/1,2794,4790,13651
full_step/1,2795,4781,13641
full_step/1,2796,4780,13585
full_step/1,2797,4782,13534
full_step/1,2798,4778,13525
full_step/1,2799,4784,13514
full_step/1,2800,4778,13523
full_step/1,2801,4779,13502
full_step/1,2802,4771,13485
full_step/1,2803,4778,13503
full_step/1,2804,4779,13494
full_step/1,2805,4774,13521
full_step/1,2806,4773,13536
full_step/1,2807,4776,13551
full_step/1,2808,4776,13538
full_step/1,2809,4777,13508
full_step/1,2810,4774,13475
full_step/1,2811,4775,13476
full_step/1,2812,4784,13511
full_step/1,2813,4778,13487
full_step/1,2814,4779,13463
full_step/1,2815,4770,13469
full_step/1,2816,4770,13489
full_step/1,2817,4777,13472
full_step/1,2818,4775,13461
full_step/1,2819,4783,13486
full_step/1,2820,4786,13510
full_step/1,2821,4780,13500
full_step/1,2822,4784,13500
full_step/1,2823,4783,13540
full_step/1,2824,4773,13533
full_step/1,2825,4772,13538
full_step/1,2826,4776,13567
full_step/1,2827,4775,13552
full_step/1,2828,4775,13596
full_step/1,2829,4773,13607
full_step/1,2830,4759,13613
full_step/1,2831,4761,13612
full_step/1,2832,4768,13625
full_step/1,2833,4768,13612
full_step/1,2834,4769,13612
full_step/1,2835,4767,13600
full_step/1,2836,4770,13616
full_step/1,2837,4761,13579
full_step/1,2838,4765,13579
full_step/1,2839,4755,13550
full_step/1,2840,4754,13537
full_step/1,2841,4754,13587
full_step/1,2842,4761,13549
full_step/1,2843,4757,13535
full_step/1,2844,4754,13488
full_step/1,2845,4750,13463
full_step/1,2846,4754,13514
full_step/1,2847,4759,13569
full_step/1,2848,4755,13625
full_step/1,2849,4760,13605
full_step/1,2850,4764,13629
full_step/1,2851,4764,13625
full_step/1,2852,4764,13627
full_step/1,2853,4764,13590
full_step/1,2854,4761,13522
full_step/1,2855,4768,13539
full_step/1,2856,4769,13570
full_step/1,2857,4765,13575
full_step/1,2858,4771,13592
full_step/1,2859,4766,13591
full_step/1,2860,4766,13609
full_step/1,2861,4768,13564
full_step/1,2862,4773,13543
full_step/1,2863,4766,13558
full_step/1,2864,4764,13564
full_step/1,2865,4761,13518
full_step/1,2866,4763,13532
full_step/1,2867,4764,13490
full_step/1,2868,4768,13493
full_step/1,2869,4767,13534
full_step/1,2870,4772,13530
full_step/1,2871,4765,13531
full_step/1,2872,4761,13513
full_step/1,2873,4762,13467
full_step/1,2874,4759,13462
full_step/1,2875,4760,13440
full_step/1,2876,4767,13450
full_step/1,2877,4759,13394
full_step/1,2878,4760,13447
full_step/1,2879,4765,13428
full_step/1,2880,4765,13463
full_step/1,2881,4764,13487
full_step/1,2882,4770,13459
full_step/1,2883,4772,13456
full_step/1,2884,4770,13481
full_step/1,2885,4769,13454
full_step/1,2886,4769,13445
full_step/1,2887,4766,13467
full_step/1,2888,4771,13504
full_step/1,2889,4764,13505
full_step/1,2890,4762,13526
full_step/1,2891,4760,13520
full_step/1,2892,4751,13414
full_step/1,2893,4750,13459
full_step/1,2894,4753,13519
full_step/1,2895,4753,13534
full_step/1,2896,4756,13492
full_step/1,2897,4745,13445
full_step/1,2898,4755,13479
full_step/1,2899,4750,13451
full_step/1,2900,4755,13460
full_step/1,2901,4756,13489
full_step/1,2902,4755,13471
full_step/1,2903,4755,13447
full_step/1,2904,4755,13472
full_step/1,2905,4755,13484
full_step/1,2906,4751,13522
full_step/1,2907,4749,13514
full_step/1,2908,4755,13480
full_step/1,2909,4759,13496
full_step/1,2910,4750,13507
full_step/1,2911,4755,13569
full_step/1,2912,4758,13630
full_step/1,2913,4757,13649
full_step/1,2914,4760,13589
full_step/1,2915,4752,13540
full_step/1,2916,4756,13589
full_step/1,2917,4749,13574
full_step/1,2918,4747,13563
full_step/1,2919,4749,13558
full_step/1,2920,4756,13573
full_step/1,2921,4752,13514
full_step/1,2922,4750,13572
full_step/1,2923,4751,13549
full_step/1,2924,4752,13533
full_step/1,2925,4750,13480
full_step/1,2926,4763,13527
full_step/1,2927,4763,13547
full_step/1,2928,4758,13518
full_step/1,2929,4753,13555
full_step/1,2930,4750,13579
full_step/1,2931,4757,13567
full_step/1,2932,4755,13608
full_step/1,2933,4752,13581
full_step/1,2934,4747,13510
full_step/1,2935,4756,13509
full_step/1,2936,4755,13531
full_step/1,2937,4751,13552
full_step/1,2938,4756,13571
full_step/1,2939,4760,13534
full_step/1,2940,4767,13577
full_step/1,2941,4764,13583
full_step/1,2942,4761,13580
full_step/1,2943,4756,13600
full_step/1,2944,4751,13585
full_step/1,2945,4754,13544
full_step/1,2946,4758,13493
full_step/1,2947,4760,13484
full_step/1,2948,4756,13458
full_step/1,2949,4753,13461
full_step/1,2950,4754,13461
full_step/1,2951,4756,13424
full_step/1,2952,4754,13419
full_step/1,2953,4749,13389
full_step/1,2954,4756,13458
full_step/1,2955,4751,13493
full_step/1,2956,4750,13465
full_step/1,2957,4759,13461
full_step/1,2958,4757,13452
full_step/1,2959,4760,13464
full_step/1,2960,4759,13489
full_step/1,2961,4749,13448
full_step/1,2962,4754,13473
full_step/1,2963,4754,13469
full_step/1,2964,4754,13435
full_step/1,2965,4755,13432
full_step/1,2966,4754,13390
full_step/1,2967,4753,13436
full_step/1,2968,4755,13443
full_step/1,2969,4750,13422
full_step/1,2970,4751,13460
full_step/1,2971,4758,13504
full_step/1,2972,4755,13508
full_step/1,2973,4760,13510
full_step/1,2974,4753,13541
full_step/1,2975,4760,13581
full_step/1,2976,4755,13583
full_step/1,2977,4761,13545
full_step/1,2978,4766,13543
full_step/1,2979,4760,13535
full_step/1,2980,4760,13520
full_step/1,2981,4765,13513
full_step/1,2982,4765,13491
full_step/1,2983,4762,13548
full_step/1,2984,4769,13486
full_step/1,2985,4759,13447
full_step/1,2986,4767,13457
full_step/1,2987,4777,13463
full_step/1,2988,4773,13448
full_step/1,2989,4771,13417
full_step/1,2990,4766,13370
full_step/1,2991,4757,13387
full_step/1,2992,4761,13409
full_step/1,2993,4756,13417
full_step/1,2994,4761,13428
full_step/1,2995,4765,13488
full_step/1,2996,4768,13409
full_step/1,2997,4768,13414
full_step/1,2998,4767,13407
full_step/1,2999,4769,13404
full_step/1,3000,4761,13378
full_step/4,1,4495,17980
full_step/4,2,4151,15891
full_step/4,3,4176,15859
full_step/4,4,4153,15826
full_step/4,5,4146,15833
full_step/4,6,4137,15853
full_step/4,7,4130,15849
full_step/4,8,4121,15879
full_step/4,9,4116,15884
full_step/4,10,4121,15880
full_step/4,11,4123,15889
full_step/4,12,4125,15916
full_step/4,13,4124,15918
full_step/4,14,4118,15917
full_step/4,15,4114,15901
full_step/4,16,4110,15884
full_step/4,17,4110,15882
full_step/4,18,4105,15886
full_step/4,19,4105,15883
full_step/4,20,4106,15880
full_step/4,21,4882,18993
full_step/4,22,4617,17242
full_step/4,23,4523,16852
full_step/4,24,4423,16377
full_step/4,25,4393,16082
full_step/4,26,4401,15960
full_step/4,27,4403,15877
full_step/4,28,4387,15790
full_step/4,29,5047,17370
full_step/4,30,4896,15816
full_step/4,31,4788,15466
full_step/4,32,4722,15224
full_step/4,33,4666,15017
full_step/4,34,4630,14890
full_step/4,35,5188,16230
full_step/4,36,5064,15048
full_step/4,37,4983,14722
full_step/4,38,4910,14459
full_step/4,39,4835,14367
full_step/4,40,5290,15452
full_step/4,41,5215,14610
full_step/4,42,5189,14566
full_step/4,43,5123,14392
full_step/4,44,5104,14349
full_step/4,45,5500,15327
full_step/4,46,5355,14514
full_step/4,47,5262,14151
full_step/4,48,5129,13769
full_step/4,49,5366,14426
full_step/4,50,5355,13905
full_step/4,51,5322,13753
full_step/4,52,5261,13514
full_step/4,53,5499,14119
full_step/4,54,5356,13386
full_step/4,55,5269,13153
full_step/4,56,5198,12973
full_step/4,57,5345,13382
full_step/4,58,5235,12964
full_step/4,59,5206,12817
full_step/4,60,5281,12960
full_step/4,61,5176,12503
full_step/4,62,5187,12474
full_step/4,63,5208,12571
full_step/4,64,5101,12278
full_step/4,65,5067,12237
full_step/4,66,5113,12426
full_step/4,67,5071,12241
full_step/4,68,5064,12217
full_step/4,69,5122,12449
full_step/4,70,5107,12303
full_step/4,71,5067,12265
full_step/4,72,5117,12401
full_step/4,73,5081,12300
full_step/4,74,5055,12210
full_step/4,75,5072,12246
full_step/4,76,5094,12360
full_step/4,77,5086,12401
full_step/4,78,5105,12382
full_step/4,79,5089,12347
full_step/4,80,5086,12277
full_step/4,81,5081,12296
full_step/4,82,5086,12399
full_step/4,83,5083,12415
full_step/4,84,5096,12445
full_step/4,85,5095,12455
full_step/4,86,5099,12486
full_step/4,87,5105,12502
full_step/4,88,5111,12488
full_step/4,89,5103,12489
full_step/4,90,5089,12439
full_step/4,91,5092,12466
full_step/4,92,5082,12467
full_step/4,93,5081,12449
full_step/4,94,5093,12451
full_step/4,95,5076,12393
full_step/4,96,5077,12363
full_step/4,97,5082,12363
full_step/4,98,5097,12350
full_step/4,99,5079,12316
full_step/4,100,5078,12293
full_step/4,101,5075,12317
full_step/4,102,5066,12335
full_step/4,103,5078,12407
full_step/4,104,5076,12349
full_step/4,105,5061,12419
full_step/4,106,5072,12438
full_step/4,107,5065,12417
full_step/4,108,5067,12446
full_step/4,109,5061,12487
full_step/4,110,5056,12498
full_step/4,111,5063,12573
full_step/4,112,5062,12563
full_step/4,113,5065,12596
full_step/4,114,5066,12697
full_step/4,115,5044,12659
full_step/4,116,5054,12704
full_step/4,117,5052,12666
full_step/4,118,5051,12658
full_step/4,119,5046,12644
full_step/4,120,5040,12652
full_step/4,121,5040,12634
full_step/4,122,5036,12594
full_step/4,123,5034,12631
full_step/4,124,5031,12653
full_step/4,125,5034,12679
full_step/4,126,5036,12725
full_step/4,127,5041,12741
full_step/4,128,5035,12693
full_step/4,129,5024,12652
full_step/4,130,5012,12639
full_step/4,131,5028,12720
full_step/4,132,5023,12734
full_step/4,133,5020,12765
full_step/4,134,5012,12846
full_step/4,135,5008,12843
full_step/4,136,5008,12873
full_step/4,137,5020,12951
full_step/4,138,5004,12964
full_step/4,139,5000,12901
full_step/4,140,5011,12923
full_step/4,141,5005,12965
full_step/4,142,5001,12985
full_step/4,143,5003,12960
full_step/4,144,4995,12979
full_step/4,145,4994,13004
full_step/4,146,5003,13045
full_step/4,147,4999,13035
full_step/4,148,5000,13037
full_step/4,149,5001,13091
full_step/4,150,4993,13069
full_step/4,151,4991,13047
full_step/4,152,4994,13040
full_step/4,153,4976,13033
full_step/4,154,4983,13083
full_step/4,155,4976,13042
full_step/4,156,4973,13040
full_step/4,157,4969,13040
full_step/4,158,4977,13078
full_step/4,159,4967,13062
full_step/4,160,4970,13059
full_step/4,161,4966,13082
full_step/4,162,4966,13116
full_step/4,163,4959,13082
full_step/4,164,4965,13115
full_step/4,165,4963,13140
full_step/4,166,4961,13137
full_step/4,167,4957,13230
full_step/4,168,4952,13253
full_step/4,169,4959,13285
full_step/4,170,4954,13253
full_step/4,171,4963,13309
full_step/4,172,4967,13356
full_step/4,173,4951,13272
full_step/4,174,4958,13301
full_step/4,175,4942,13269
full_step/4,176,4950,13238
full_step/4,177,4956,13202
full_step/4,178,4954,13237
full_step/4,179,4952,13247
full_step/4,180,4949,13189
full_step/4,181,4948,13227
full_step/4,182,4944,13239
full_step/4,183,4946,13230
full_step/4,184,4940,13230
full_step/4,185,4942,13236
full_step/4,186,4950,13270
full_step/4,187,4947,13273
full_step/4,188,4939,13247
full_step/4,189,4939,13219
full_step/4,190,4935,13164
full_step/4,191,4940,13220
full_step/4,192,4928,13239
full_step/4,193,4930,13260
full_step/4,194,4934,13307
full_step/4,195,4943,13309
full_step/4,196,4936,13349
full_step/4,197,4934,13346
full_step/4,198,4928,13344
full_step/4,199,4930,13289
full_step/4,200,4928,13284
full_step/4,201,4933,13255
full_step/4,202,4924,13270
full_step/4,203,4928,13263
full_step/4,204,4929,13241
full_step/4,205,4920,13258
full_step/4,206,4918,13291
full_step/4,207,4918,13256
full_step/4,208,4908,13215
full_step/4,209,4920,13179
full_step/4,210,4923,13187
full_step/4,211,4908,13247
full_step/4,212,4913,13293
full_step/4,213,4919,13317
full_step/4,214,4914,13353
full_step/4,215,4910,13292
full_step/4,216,4908,13278
full_step/4,217,4899,13312
full_step/4,218,4901,13394
full_step/4,219,4895,13416
full_step/4,220,4891,13417
full_step/4,221,4882,13375
full_step/4,222,4896,13345
full_step/4,223,4883,13368
full_step/4,224,4886,13417
full_step/4,225,4883,13433
full_step/4,226,4881,13481
full_step/4,227,4881,13480
full_step/4,228,4876,13487
full_step/4,229,4875,13465
full_step/4,230,4875,13451
full_step/4,231,4877,13505
full_step/4,232,4875,13498
full_step/4,233,4881,13501
full_step/4,234,4876,13510
full_step/4,235,4882,13531
full_step/4,236,4872,13491
full_step/4,237,4872,13494
full_step/4,238,4870,13461
full_step/4,239,4880,13461
full_step/4,240,4874,13409
full_step/4,241,4882,13447
full_step/4,242,4875,13419
full_step/4,243,4877,13421
full_step/4,244,4870,13417
full_step/4,245,4872,13482
full_step/4,246,4865,13399
full_step/4,247,4878,13409
full_step/4,248,4876,13428
full_step/4,249,4869,13479
full_step/4,250,4862,13457
full_step/4,251,4868,13489
full_step/4,252,4876,13504
full_step/4,253,4867,13406
full_step/4,254,4875,13399
full_step/4,255,4882,13476
full_step/4,256,4880,13441
full_step/4,257,4882,13466
full_step/4,258,4874,13481
full_step/4,259,4876,13511
full_step/4,260,4868,13472
full_step/4,261,4870,13477
full_step/4,262,4874,13472
full_step/4,263,4870,13460
full_step/4,264,4861,13452
full_step/4,265,4862,13479
full_step/4,266,4853,13495
full_step/4,267,4858,13499
full_step/4,268,4864,13526
full_step/4,269,4860,13480
full_step/4,270,4863,13477
full_step/4,271,4855,13497
full_step/4,272,4842,13464
full_step/4,273,4846,13419
full_step/4,274,4852,13420
full_step/4,275,4851,13416
full_step/4,276,4844,13354
full_step/4,277,4857,13408
full_step/4,278,4859,13408
full_step/4,279,4863,13410
full_step/4,280,4856,13411
full_step/4,281,4852,13425
full_step/4,282,4840,13377
full_step/4,283,4845,13348
full_step/4,284,4844,13426
full_step/4,285,4855,13375
full_step/4,286,4850,13376
full_step/4,287,4849,13421
full_step/4,288,4842,13385
full_step/4,289,4845,13405
full_step/4,290,4843,13456
full_step/4,291,4851,13456
full_step/4,292,4852,13465
full_step/4,293,4853,13416
full_step/4,294,4847,13360
full_step/4,295,4844,13381
full_step/4,296,4844,13418
full_step/4,297,4837,13458
full_step/4,298,4837,13485
full_step/4,299,4837,13429
full_step/4,300,4835,13461
full_step/4,301,4839,13480
full_step/4,302,4837,13403
full_step/4,303,4831,13398
full_step/4,304,4827,13407
full_step/4,305,4824,13374
full_step/4,306,4834,13387
full_step/4,307,4841,13346
full_step/4,308,4839,13328
full_step/4,309,4850,13309
full_step/4,310,4840,13366
full_step/4,311,4846,13329
full_step/4,312,4840,13308
full_step/4,313,4846,13264
full_step/4,314,4845,13274
full_step/4,315,4826,13297
full_step/4,316,4835,13302
full_step/4,317,4824,13274
full_step/4,318,4839,13295
full_step/4,319,4839,13320
full_step/4,320,4835,13325
full_step/4,321,4828,13367
full_step/4,322,4830,13398
full_step/4,323,4837,13429
full_step/4,324,4831,13430
full_step/4,325,4835,13422
full_step/4,326,4834,13409
full_step/4,327,4838,13397
full_step/4,328,4832,13366
full_step/4,329,4839,13415
full_step/4,330,4844,13407
full_step/4,331,4841,13445
full_step/4,332,4842,13475
full_step/4,333,4845,13509
full_step/4,334,4847,13498
full_step/4,335,4839,13476
full_step/4,336,4839,13465
full_step/4,337,4833,13441
full_step/4,338,4838,13447
full_step/4,339,4833,13423
full_step/4,340,4839,13447
full_step/4,341,4844,13421
full_step/4,342,4842,13477
full_step/4,343,4838,13445
full_step/4,344,4841,13421
full_step/4,345,4836,13371
full_step/4,346,4843,13373
full_step/4,347,4854,13365
full_step/4,348,4851,13399
full_step/4,349,4848,13360
full_step/4,350,4852,13351
full_step/4,351,4855,13252
full_step/4,352,4861,13325
full_step/4,353,4849,13378
full_step/4,354,4849,13380
full_step/4,355,4847,13352
full_step/4,356,4847,13366
full_step/4,357,4847,13385
full_step/4,358,4844,13327
full_step/4,359,4844,13323
full_step/4,360,4843,13266
full_step/4,361,4840,13236
full_step/4,362,4838,13252
full_step/4,363,4832,13214
full_step/4,364,4824,13241
full_step/4,365,4828,13234
full_step/4,366,4825,13213
full_step/4,367,4826,13228
full_step/4,368,4824,13270
full_step/4,369,4824,13215
full_step/4,370,4825,13255
full_step/4,371,4829,13313
full_step/4,372,4815,13277
full_step/4,373,4825,13280
full_step/4,374,4831,13280
full_step/4,375,4832,13301
full_step/4,376,4838,13252
full_step/4,377,4844,13227
full_step/4,378,4843,13270
full_step/4,379,4838,13255
full_step/4,380,4841,13237
full_step/4,381,4849,13266
full_step/4,382,4841,13268
full_step/4,383,4839,13313
full_step/4,384,4841,13288
full_step/4,385,4841,13335
full_step/4,386,4845,13400
full_step/4,387,4850,13438
full_step/4,388,4845,13409
full_step/4,389,4851,13359
full_step/4,390,4854,13377
full_step/4,391,4842,13450
full_step/4,392,4841,13402
full_step/4,393,4852,13440
full_step/4,394,4849,13452
full_step/4,395,4843,13390
full_step/4,396,4833,13406
full_step/4,397,4843,13370
full_step/4,398,4835,13370
full_step/4,399,4833,13333
full_step/4,400,4839,13321
full_step/4,401,4839,13307
full_step/4,402,4833,13269
full_step/4,403,4836,13334
full_step/4,404,4829,13358
full_step/4,405,4822,13307
full_step/4,406,4827,13312
full_step/4,407,4830,13340
full_step/4,408,4830,13373
full_step/4,409,4839,13415
full_step/4,410,4839,13418
full_step/4,411,4846,13433
full_step/4,412,4837,13401
full_step/4,413,4838,13393
full_step/4,414,4832,13404
full_step/4,415,4835,13372
full_step/4,416,4842,13456
full_step/4,417,4848,13470
full_step/4,418,4842,13434
full_step/4,419,4841,13424
full_step/4,420,4841,13502
full_step/4,421,4838,13455
full_step/4,422,4839,13412
full_step/4,423,4841,13405
full_step/4,424,4839,13449
full_step/4,425,4833,13393
full_step/4,426,4843,13408
full_step/4,427,4835,13411
full_step/4,428,4831,13441
full_step/4,429,4832,13441
full_step/4,430,4831,13378
full_step/4,431,4839,13416
full_step/4,432,4834,13405
full_step/4,433,4838,13402
full_step/4,434,4834,13443
full_step/4,435,4835,13500
full_step/4,436,4840,13510
full_step/4,437,4836,13560
full_step/4,438,4848,13581
full_step/4,439,4847,13562
full_step/4,440,4846,13483
full_step/4,441,4840,13499
full_step/4,442,4840,13513
full_step/4,443,4850,13513
full_step/4,444,4838,13496
full_step/4,445,4834,13503
full_step/4,446,4839,13524
full_step/4,447,4839,13546
full_step/4,448,4835,13547
full_step/4,449,4839,13533
full_step/4,450,4837,13544
full_step/4,451,4844,13544
full_step/4,452,4847,13538
full_step/4,453,4839,13541
full_step/4,454,4841,13556
full_step/4,455,4847,13542
full_step/4,456,4852,13560
full_step/4,457,4849,13555
full_step/4,458,4852,13536
full_step/4,459,4853,13529
full_step/4,460,4863,13515
full_step/4,461,4852,13531
full_step/4,462,4851,13556
full_step/4,463,4850,13539
full_step/4,464,4850,13506
full_step/4,465,4852,13548
full_step/4,466,4853,13593
full_step/4,467,4847,13606
full_step/4,468,4855,13624
full_step/4,469,4858,13686
full_step/4,470,4854,13634
full_step/4,471,4840,13558
full_step/4,472,4847,13610
full_step/4,473,4846,13606
full_step/4,474,4849,13589
full_step/4,475,4856,13553
full_step/4,476,4860,13563
full_step/4,477,4861,13571
full_step/4,478,4866,13561
full_step/4,479,4859,13590
full_step/4,480,4859,13612
full_step/4,481,4865,13635
full_step/4,482,4864,13570
full_step/4,483,4858,13595
full_step/4,484,4856,13575
full_step/4,485,4859,13547
full_step/4,486,4864,13592
full_step/4,487,4865,13631
full_step/4,488,4862,13589
full_step/4,489,4865,13603
full_step/4,490,4858,13622
full_step/4,491,4853,13620
full_step/4,492,4855,13640
full_step/4,493,4855,13686
full_step/4,494,4853,13696
full_step/4,495,4852,13678
full_step/4,496,4851,13683
full_step/4,497,4859,13710
full_step/4,498,4864,13658
full_step/4,499,4863,13633
full_step/4,500,4859,13602
full_step/4,501,4856,13559
full_step/4,502,4862,13571
full_step/4,503,4854,13573
full_step/4,504,4862,13587
full_step/4,505,4853,13602
full_step/4,506,4858,13598
full_step/4,507,4853,13562
full_step/4,508,4854,13586
full_step/4,509,4855,13658
full_step/4,510,4862,13652
full_step/4,511,4867,13629
full_step/4,512,4864,13616
full_step/4,513,4861,13573
full_step/4,514,4862,13583
full_step/4,515,4856,13613
full_step/4,516,4869,13611
full_step/4,517,4875,13612
full_step/4,518,4863,13606
full_step/4,519,4865,13621
full_step/4,520,4868,13627
full_step/4,521,4874,13680
full_step/4,522,4861,13632
full_step/4,523,4857,13672
full_step/4,524,4857,13713
full_step/4,525,4868,13706
full_step/4,526,4870,13686
full_step/4,527,4864,13689
full_step/4,528,4859,13654
full_step/4,529,4872,13646
full_step/4,530,4867,13687
full_step/4,531,4865,13690
full_step/4,532,4867,13665
full_step/4,533,4864,13740
full_step/4,534,4874,13724
full_step/4,535,4872,13708
full_step/4,536,4870,13677
full_step/4,537,4861,13605
full_step/4,538,4863,13641
full_step/4,539,4860,13618
full_step/4,540,4861,13607
full_step/4,541,4862,13597
full_step/4,542,4867,13624
full_step/4,543,4859,13640
full_step/4,544,4860,13610
full_step/4,545,4856,13606
full_step/4,546,4856,13674
full_step/4,547,4863,13687
full_step/4,548,4875,13730
full_step/4,549,4863,13669
full_step/4,550,4869,13719
full_step/4,551,4863,13732
full_step/4,552,4864,13738
full_step/4,553,4864,13737
full_step/4,554,4858,13672
full_step/4,555,4858,13659
full_step/4,556,4852,13644
full_step/4,557,4859,13633
full_step/4,558,4858,13676
full_step/4,559,4862,13695
full_step/4,560,4858,13620
full_step/4,561,4857,13598
full_step/4,562,4860,13637
full_step/4,563,4868,13645
full_step/4,564,4867,13631
full_step/4,565,4866,13648
full_step/4,566,4870,13656
full_step/4,567,4862,13636
full_step/4,568,4862,13648
full_step/4,569,4865,13647
full_step/4,570,4857,13601
full_step/4,571,4858,13639
full_step/4,572,4860,13660
full_step/4,573,4866,13637
full_step/4,574,4870,13640
full_step/4,575,4862,13673
full_step/4,576,4863,13632
full_step/4,577,4858,13608
full_step/4,578,4861,13611
full_step/4,579,4860,13590
full_step/4,580,4861,13588
full_step/4,581,4855,13582
full_step/4,582,4866,13574
full_step/4,583,4868,13589
full_step/4,584,4865,13574
full_step/4,585,4855,13594
full_step/4,586,4857,13584
full_step/4,587,4859,13517
full_step/4,588,4862,13521
full_step/4,589,4860,13510
full_step/4,590,4871,13538
full_step/4,591,4857,13565
full_step/4,592,4857,13609
full_step/4,593,4859,13570
full_step/4,594,4855,13542
full_step/4,595,4861,13527
full_step/4,596,4860,13529
full_step/4,597,4856,13521
full_step/4,598,4856,13499
full_step/4,599,4863,13561
full_step/4,600,4872,13496
full_step/4,601,4872,13521
full_step/4,602,4872,13555
full_step/4,603,4879,13504
full_step/4,604,4868,13491
full_step/4,605,4874,13525
full_step/4,606,4872,13565
full_step/4,607,4868,13587
full_step/4,608,4864,13662
full_step/4,609,4861,13700
full_step/4,610,4868,13732
full_step/4,611,4874,13729
full_step/4,612,4870,13750
full_step/4,613,4872,13726
full_step/4,614,4869,13738
full_step/4,615,4873,13742
full_step/4,616,4874,13715
full_step/4,617,4873,13683
full_step/4,618,4866,13627
full_step/4,619,4864,13570
full_step/4,620,4862,13562
full_step/4,621,4863,13567
full_step/4,622,4864,13587
full_step/4,623,4867,13619
full_step/4,624,4866,13664
full_step/4,625,4874,13708
full_step/4,626,4882,13675
full_step/4,627,4873,13640
full_step/4,628,4876,13674
full_step/4,629,4866,13670
full_step/4,630,4866,13634
full_step/4,631,4873,13657
full_step/4,632,4874,13666
full_step/4,633,4872,13682
full_step/4,634,4865,13662
full_step/4,635,4871,13628
full_step/4,636,4879,13634
full_step/4,637,4880,13633
full_step/4,638,4872,13628
full_step/4,639,4874,13594
full_step/4,640,4872,13600
full_step/4,641,4868,13596
full_step/4,642,4873,13600
full_step/4,643,4862,13561
full_step/4,644,4865,13558
full_step/4,645,4866,13585
full_step/4,646,4865,13534
full_step/4,647,4860,13523
full_step/4,648,4860,13507
full_step/4,649,4857,13477
full_step/4,650,4852,13510
full_step/4,651,4844,13523
full_step/4,652,4849,13487
full_step/4,653,4846,13523
full_step/4,654,4854,13534
full_step/4,655,4852,13505
full_step/4,656,4852,13511
full_step/4,657,4845,13524
full_step/4,658,4851,13499
full_step/4,659,4853,13495
full_step/4,660,4850,13544
full_step/4,661,4853,13588
full_step/4,662,4858,13585
full_step/4,663,4851,13601
full_step/4,664,4857,13611
full_step/4,665,4855,13589
full_step/4,666,4848,13575
full_step/4,667,4849,13565
full_step/4,668,4850,13590
full_step/4,669,4849,13593
full_step/4,670,4846,13570
full_step/4,671,4848,13625
full_step/4,672,4844,13638
full_step/4,673,4837,13564
full_step/4,674,4836,13491
full_step/4,675,4839,13567
full_step/4,676,4834,13538
full_step/4,677,4835,13461
full_step/4,678,4832,13462
full_step/4,679,4833,13455
full_step/4,680,4828,13450
full_step/4,681,4828,13437
full_step/4,682,4832,13384
full_step/4,683,4839,13409
full_step/4,684,4830,13420
full_step/4,685,4823,13455
full_step/4,686,4819,13427
full_step/4,687,4819,13397
full_step/4,688,4818,13428
full_step/4,689,4829,13441
full_step/4,690,4824,13413
full_step/4,691,4828,13400
full_step/4,692,4822,13460
full_step/4,693,4823,13448
full_step/4,694,4821,13424
full_step/4,695,4822,13431
full_step/4,696,4823,13475
full_step/4,697,4817,13509
full_step/4,698,4814,13532
full_step/4,699,4817,13524
full_step/4,700,4814,13503
full_step/4,701,4806,13526
full_step/4,702,4801,13467
full_step/4,703,4814,13478
full_step/4,704,4804,13508
full_step/4,705,4807,13497
full_step/4,706,4816,13478
full_step/4,707,4814,13450
full_step/4,708,4818,13471
full_step/4,709,4828,13444
full_step/4,710,4821,13445
full_step/4,711,4825,13463
full_step/4,712,4820,13481
full_step/4,713,4812,13519
full_step/4,714,4822,13519
full_step/4,715,4821,13560
full_step/4,716,4811,13540
full_step/4,717,4824,13502
full_step/4,718,4819,13484
full_step/4,719,4820,13572
full_step/4,720,4818,13584
full_step/4,721,4818,13518
full_step/4,722,4818,13520
full_step/4,723,4812,13518
full_step/4,724,4803,13506
full_step/4,725,4803,13519
full_step/4,726,4796,13524
full_step/4,727,4810,13511
full_step/4,728,4806,13525
full_step/4,729,4810,13511
full_step/4,730,4804,13438
full_step/4,731,4807,13472
full_step/4,732,4803,13528
full_step/4,733,4801,13495
full_step/4,734,4810,13474
full_step/4,735,4807,13454
full_step/4,736,4815,13488
full_step/4,737,4806,13532
full_step/4,738,4806,13520
full_step/4,739,4808,13467
full_step/4,740,4813,13516
full_step/4,741,4803,13528
full_step/4,742,4804,13496
full_step/4,743,4805,13505
full_step/4,744,4803,13551
full_step/4,745,4805,13518
full_step/4,746,4801,13524
full_step/4,747,4800,13491
full_step/4,748,4803,13552
full_step/4,749,4807,13551
full_step/4,750,4805,13556
full_step/4,751,4804,13520
full_step/4,752,4798,13508
full_step/4,753,4804,13543
full_step/4,754,4794,13497
full_step/4,755,4801,13510
full_step/4,756,4804,13540
full_step/4,757,4808,13520
full_step/4,758,4809,13529
full_step/4,759,4810,13539
full_step/4,760,4798,13507
full_step/4,761,4791,13467
full_step/4,762,4793,13458
full_step/4,763,4793,13452
full_step/4,764,4798,13452
full_step/4,765,4798,13412
full_step/4,766,4803,13464
full_step/4,767,4799,13458
full_step/4,768,4805,13455
full_step/4,769,4803,13441
full_step/4,770,4807,13423
full_step/4,771,4806,13400
full_step/4,772,4800,13418
full_step/4,773,4806,13407
full_step/4,774,4799,13408
full_step/4,775,4805,13484
full_step/4,776,4803,13436
full_step/4,777,4796,13371
full_step/4,778,4800,13369
full_step/4,779,4793,13414
full_step/4,780,4793,13341
full_step/4,781,4793,13360
full_step/4,782,4788,13352
full_step/4,783,4785,13370
full_step/4,784,4795,13397
full_step/4,785,4795,13382
full_step/4,786,4784,13370
full_step/4,787,4791,13396
full_step/4,788,4780,13394
full_step/4,789,4791,13309
full_step/4,790,4782,13281
full_step/4,791,4781,13312
full_step/4,792,4769,13290
full_step/4,793,4774,13284
full_step/4,794,4775,13306
full_step/4,795,4772,13338
full_step/4,796,4777,13338
full_step/4,797,4783,13344
full_step/4,798,4783,13357
full_step/4,799,4782,13385
full_step/4,800,4788,13369
full_step/4,801,4789,13358
full_step/4,802,4794,13387
full_step/4,803,4783,13374
full_step/4,804,4786,13353
full_step/4,805,4781,13347
full_step/4,806,4780,13369
full_step/4,807,4783,13381
full_step/4,808,4788,13347
full_step/4,809,4782,13367
full_step/4,810,4790,13378
full_step/4,811,4785,13359
full_step/4,812,4789,13376
full_step/4,813,4787,13299
full_step/4,814,4792,13323
full_step/4,815,4788,13340
full_step/4,816,4792,13296
full_step/4,817,4800,13307
full_step/4,818,4799,13381
full_step/4,819,4796,13397
full_step/4,820,4793,13370
full_step/4,821,4787,13363
full_step/4,822,4786,13386
full_step/4,823,4791,13375
full_step/4,824,4789,13421
full_step/4,825,4786,13456
full_step/4,826,4783,13394
full_step/4,827,4789,13431
full_step/4,828,4792,13452
full_step/4,829,4792,13497
full_step/4,830,4797,13447
full_step/4,831,4790,13387
full_step/4,832,4796,13465
full_step/4,833,4792,13470
full_step/4,834,4789,13464
full_step/4,835,4788,13478
full_step/4,836,4795,13399
full_step/4,837,4801,13413
full_step/4,838,4789,13373
full_step/4,839,4798,13333
full_step/4,840,4794,13370
full_step/4,841,4793,13333
full_step/4,842,4788,13355
full_step/4,843,4792,13394
full_step/4,844,4788,13399
full_step/4,845,4788,13423
full_step/4,846,4795,13447
full_step/4,847,4799,13388
full_step/4,848,4794,13402
full_step/4,849,4802,13414
full_step/4,850,4799,13462
full_step/4,851,4797,13448
full_step/4,852,4793,13446
full_step/4,853,4792,13427
full_step/4,854,4792,13422
full_step/4,855,4791,13382
full_step/4,856,4787,13373
full_step/4,857,4789,13395
full_step/4,858,4787,13450
full_step/4,859,4789,13465
full_step/4,860,4790,13456
full_step/4,861,4793,13440
full_step/4,862,4800,13429
full_step/4,863,4800,13426
full_step/4,864,4801,13419
full_step/4,865,4790,13362
full_step/4,866,4794,13445
full_step/4,867,4791,13459
full_step/4,868,4788,13424
full_step/4,869,4787,13433
full_step/4,870,4786,13461
full_step/4,871,4787,13547
full_step/4,872,4784,13486
full_step/4,873,4788,13429
full_step/4,874,4787,13389
full_step/4,875,4793,13400
full_step/4,876,4789,13424
full_step/4,877,4800,13414
full_step/4,878,4802,13467
full_step/4,879,4808,13463
full_step/4,880,4802,13369
full_step/4,881,4797,13349
full_step/4,882,4802,13340
full_step/4,883,4798,13405
full_step/4,884,4797,13427
full_step/4,885,4799,13381
full_step/4,886,4795,13352
full_step/4,887,4797,13354
full_step/4,888,4796,13403
full_step/4,889,4788,13421
full_step/4,890,4795,13463
full_step/4,891,4791,13467
full_step/4,892,4796,13512
full_step/4,893,4800,13549
full_step/4,894,4797,13571
full_step/4,895,4799,13631
full_step/4,896,4800,13652
full_step/4,897,4801,13661
full_step/4,898,4798,13665
full_step/4,899,4799,13661
full_step/4,900,4807,13677
full_step/4,901,4804,13657
full_step/4,902,4811,13662
full_step/4,903,4802,13611
full_step/4,904,4802,13615
full_step/4,905,4794,13540
full_step/4,906,4786,13564
full_step/4,907,4790,13576
full_step/4,908,4785,13538
full_step/4,909,4793,13494
full_step/4,910,4795,13479
full_step/4,911,4803,13552
full_step/4,912,4805,13537
full_step/4,913,4801,13519
full_step/4,914,4805,13609
full_step/4,915,4798,13623
full_step/4,916,4797,13625
full_step/4,917,4799,13661
full_step/4,918,4801,13633
full_step/4,919,4809,13599
full_step/4,920,4797,13613
full_step/4,921,4799,13624
full_step/4,922,4797,13623
full_step/4,923,4800,13629
full_step/4,924,4805,13684
full_step/4,925,4804,13640
full_step/4,926,4807,13651
full_step/4,927,4799,13613
full_step/4,928,4805,13621
full_step/4,929,4803,13614
full_step/4,930,4804,13653
full_step/4,931,4799,13642
full_step/4,932,4802,13624
full_step/4,933,4805,13596
full_step/4,934,4800,13553
full_step/4,935,4803,13564
full_step/4,936,4796,13576
full_step/4,937,4793,13615
full_step/4,938,4784,13637
full_step/4,939,4792,13651
full_step/4,940,4792,13610
full_step/4,941,4793,13641
full_step/4,942,4788,13666
full_step/4,943,4793,13677
full_step/4,944,4794,13682
full_step/4,945,4792,13658
full_step/4,946,4794,13598
full_step/4,947,4791,13590
full_step/4,948,4790,13648
full_step/4,949,4791,13613
full_step/4,950,4790,13615
full_step/4,951,4797,13567
full_step/4,952,4800,13565
full_step/4,953,4803,13523
full_step/4,954,4800,13567
full_step/4,955,4804,13594
full_step/4,956,4800,13607
full_step/4,957,4807,13670
full_step/4,958,4813,13589
full_step/4,959,4819,13586
full_step/4,960,4817,13592
full_step/4,961,4817,13591
full_step/4,962,4813,13617
full_step/4,963,4805,13626
full_step/4,964,4796,13677
full_step/4,965,4807,13675
full_step/4,966,4810,13601
full_step/4,967,4810,13611
full_step/4,968,4805,13657
full_step/4,969,4805,13627
full_step/4,970,4804,13636
full_step/4,971,4799,13619
full_step/4,972,4806,13655
full_step/4,973,4801,13632
full_step/4,974,4801,13679
full_step/4,975,4808,13738
full_step/4,976,4807,13673
full_step/4,977,4801,13651
full_step/4,978,4813,13692
full_step/4,979,4807,13677
full_step/4,980,4803,13656
full_step/4,981,4808,13604
full_step/4,982,4810,13572
full_step/4,983,4813,13616
full_step/4,984,4803,13585
full_step/4,985,4800,13576
full_step/4,986,4810,13605
full_step/4,987,4811,13669
full_step/4,988,4804,13685
full_step/4,989,4807,13665
full_step/4,990,4806,13717
full_step/4,991,4805,13685
full_step/4,992,4813,13603
full_step/4,993,4812,13659
full_step/4,994,4812,13591
full_step/4,995,4806,13617
full_step/4,996,4810,13619
full_step/4,997,4817,13646
full_step/4,998,4815,13671
full_step/4,999,4810,13698
full_step/4,1000,4808,13645
full_step/4,1001,4799,13622
full_step/4,1002,4795,13598
full_step/4,1003,4805,13575
full_step/4,1004,4795,13590
full_step/4,1005,4804,13625
full_step/4,1006,4802,13568
full_step/4,1007,4802,13660
full_step/4,1008,4803,13649
full_step/4,1009,4798,13641
full_step/4,1010,4796,13592
full_step/4,1011,4802,13616
full_step/4,1012,4801,13587
full_step/4,1013,4800,13548
full_step/4,1014,4800,13561
full_step/4,1015,4797,13574
full_step/4,1016,4803,13588
full_step/4,1017,4807,13645
full_step/4,1018,4802,13563
full_step/4,1019,4798,13633
full_step/4,1020,4791,13597
full_step/4,1021,4795,13595
full_step/4,1022,4795,13592
full_step/4,1023,4798,13557
full_step/4,1024,4804,13625
full_step/4,1025,4802,13586
full_step/4,1026,4803,13589
full_step/4,1027,4793,13615
full_step/4,1028,4798,13610
full_step/4,1029,4791,13605
full_step/4,1030,4797,13616
full_step/4,1031,4802,13640
full_step/4,1032,4799,13611
full_step/4,1033,4789,13590
full_step/4,1034,4789,13632
full_step/4,1035,4793,13619
full_step/4,1036,4791,13632
full_step/4,1037,4793,13623
full_step/4,1038,4788,13666
full_step/4,1039,4788,13734
full_step/4,1040,4794,13713
full_step/4,1041,4790,13722
full_step/4,1042,4794,13692
full_step/4,1043,4800,13719
full_step/4,1044,4798,13710
full_step/4,1045,4798,13766
full_step/4,1046,4801,13798
full_step/4,1047,4807,13770
full_step/4,1048,4810,13789
full_step/4,1049,4806,13803
full_step/4,1050,4810,13792
full_step/4,1051,4815,13804
full_step/4,1052,4813,13753
full_step/4,1053,4809,13734
full_step/4,1054,4810,13731
full_step/4,1055,4806,13742
full_step/4,1056,4806,13820
full_step/4,1057,4804,13837
full_step/4,1058,4797,13875
full_step/4,1059,4809,13845
full_step/4,1060,4805,13844
full_step/4,1061,4809,13858
full_step/4,1062,4802,13884
full_step/4,1063,4801,13869
full_step/4,1064,4816,13820
full_step/4,1065,4813,13805
full_step/4,1066,4810,13747
full_step/4,1067,4814,13757
full_step/4,1068,4814,13759
full_step/4,1069,4810,13774
full_step/4,1070,4810,13776
full_step/4,1071,4803,13695
full_step/4,1072,4801,13643
full_step/4,1073,4802,13587
full_step/4,1074,4805,13667
full_step/4,1075,4802,13652
full_step/4,1076,4802,13597
full_step/4,1077,4797,13597
full_step/4,1078,4796,13619
full_step/4,1079,4804,13661
full_step/4,1080,4807,13650
full_step/4,1081,4814,13674
full_step/4,1082,4817,13649
full_step/4,1083,4818,13660
full_step/4,1084,4815,13717
full_step/4,1085,4827,13720
full_step/4,1086,4818,13732
full_step/4,1087,4820,13731
full_step/4,1088,4822,13760
full_step/4,1089,4811,13719
full_step/4,1090,4822,13754
full_step/4,1091,4818,13676
full_step/4,1092,4819,13672
full_step/4,1093,4819,13639
full_step/4,1094,4807,13633
full_step/4,1095,4807,13545
full_step/4,1096,4802,13514
full_step/4,1097,4807,13568
full_step/4,1098,4806,13574
full_step/4,1099,4802,13519
full_step/4,1100,4806,13524
full_step/4,1101,4803,13516
full_step/4,1102,4803,13522
full_step/4,1103,4804,13566
full_step/4,1104,4812,13587
full_step/4,1105,4807,13598
full_step/4,1106,4814,13588
full_step/4,1107,4809,13534
full_step/4,1108,4804,13456
full_step/4,1109,4812,13482
full_step/4,1110,4804,13487
full_step/4,1111,4798,13558
full_step/4,1112,4804,13572
full_step/4,1113,4802,13578
full_step/4,1114,4806,13611
full_step/4,1115,4801,13628
full_step/4,1116,4795,13583
full_step/4,1117,4812,13592
full_step/4,1118,4806,13641
full_step/4,1119,4809,13596
full_step/4,1120,4798,13597
full_step/4,1121,4792,13648
full_step/4,1122,4796,13591
full_step/4,1123,4790,13547
full_step/4,1124,4790,13548
full_step/4,1125,4790,13521
full_step/4,1126,4785,13520
full_step/4,1127,4787,13509
full_step/4,1128,4796,13506
full_step/4,1129,4794,13522
full_step/4,1130,4795,13560
full_step/4,1131,4790,13524
full_step/4,1132,4789,13571
full_step/4,1133,4785,13585
full_step/4,1134,4785,13535
full_step/4,1135,4792,13555
full_step/4,1136,4790,13598
full_step/4,1137,4797,13602
full_step/4,1138,4795,13602
full_step/4,1139,4790,13587
full_step/4,1140,4790,13573
full_step/4,1141,4795,13581
full_step/4,1142,4800,13552
full_step/4,1143,4793,13537
full_step/4,1144,4789,13524
full_step/4,1145,4793,13474
full_step/4,1146,4800,13542
full_step/4,1147,4800,13476
full_step/4,1148,4800,13563
full_step/4,1149,4794,13579
full_step/4,1150,4794,13542
full_step/4,1151,4798,13521
full_step/4,1152,4792,13537
full_step/4,1153,4792,13544
full_step/4,1154,4798,13596
full_step/4,1155,4798,13596
full_step/4,1156,4803,13646
full_step/4,1157,4803,13623
full_step/4,1158,4794,13552
full_step/4,1159,4803,13671
full_step/4,1160,4794,13608
full_step/4,1161,4796,13588
full_step/4,1162,4795,13541
full_step/4,1163,4791,13559
full_step/4,1164,4786,13523
full_step/4,1165,4794,13576
full_step/4,1166,4795,13645
full_step/4,1167,4798,13623
full_step/4,1168,4787,13627
full_step/4,1169,4788,13630
full_step/4,1170,4791,13621
full_step/4,1171,4793,13647
full_step/4,1172,4791,13666
full_step/4,1173,4797,13686
full_step/4,1174,4800,13682
full_step/4,1175,4791,13652
full_step/4,1176,4789,13714
full_step/4,1177,4796,13752
full_step/4,1178,4799,13745
full_step/4,1179,4807,13756
full_step/4,1180,4807,13760
full_step/4,1181,4797,13714
full_step/4,1182,4806,13735
full_step/4,1183,4803,13734
full_step/4,1184,4799,13681
full_step/4,1185,4808,13650
full_step/4,1186,4811,13666
full_step/4,1187,4811,13683
full_step/4,1188,4805,13663
full_step/4,1189,4804,13649
full_step/4,1190,4795,13600
full_step/4,1191,4787,13565
full_step/4,1192,4798,13585
full_step/4,1193,4791,13600
full_step/4,1194,4797,13612
full_step/4,1195,4803,13631
full_step/4,1196,4799,13607
full_step/4,1197,4797,13562
full_step/4,1198,4804,13541
full_step/4,1199,4791,13556
full_step/4,1200,4797,13560
full_step/4,1201,4804,13625
full_step/4,1202,4802,13701
full_step/4,1203,4802,13701
full_step/4,1204,4799,13690
full_step/4,1205,4803,13690
full_step/4,1206,4805,13717
full_step/4,1207,4812,13715
full_step/4,1208,4803,13701
full_step/4,1209,4796,13690
full_step/4,1210,4806,13697
full_step/4,1211,4800,13675
full_step/4,1212,4791,13653
full_step/4,1213,4793,13633
full_step/4,1214,4793,13632
full_step/4,1215,4797,13661
full_step/4,1216,4797,13650
full_step/4,1217,4802,13608
full_step/4,1218,4801,13648
full_step/4,1219,4805,13665
full_step/4,1220,4800,13636
full_step/4,1221,4798,13608
full_step/4,1222,4798,13601
full_step/4,1223,4803,13620
full_step/4,1224,4796,13583
full_step/4,1225,4800,13558
full_step/4,1226,4803,13609
full_step/4,1227,4798,13621
full_step/4,1228,4807,13624
full_step/4,1229,4807,13621
full_step/4,1230,4810,13655
full_step/4,1231,4806,13615
full_step/4,1232,4803,13632
full_step/4,1233,4809,13667
full_step/4,1234,4817,13675
full_step/4,1235,4811,13675
full_step/4,1236,4813,13637
full_step/4,1237,4810,13610
full_step/4,1238,4814,13623
full_step/4,1239,4811,13637
full_step/4,1240,4813,13660
full_step/4,1241,4815,13636
full_step/4,1242,4811,13621
full_step/4,1243,4817,13612
full_step/4,1244,4816,13603
full_step/4,1245,4811,13628
full_step/4,1246,4800,13604
full_step/4,1247,4802,13642
full_step/4,1248,4798,13633
full_step/4,1249,4809,13654
full_step/4,1250,4809,13665
full_step/4,1251,4814,13643
full_step/4,1252,4811,13641
full_step/4,1253,4808,13616
full_step/4,1254,4807,13625
full_step/4,1255,4804,13657
full_step/4,1256,4804,13644
full_step/4,1257,4796,13637
full_step/4,1258,4793,13653
full_step/4,1259,4798,13648
full_step/4,1260,4798,13577
full_step/4,1261,4803,13648
full_step/4,1262,4798,13628
full_step/4,1263,4795,13614
full_step/4,1264,4805,13672
full_step/4,1265,4809,13684
full_step/4,1266,4805,13671
full_step/4,1267,4800,13642
full_step/4,1268,4806,13685
full_step/4,1269,4800,13731
full_step/4,1270,4803,13707
full_step/4,1271,4807,13678
full_step/4,1272,4807,13642
full_step/4,1273,4809,13615
full_step/4,1274,4815,13653
full_step/4,1275,4813,13676
full_step/4,1276,4806,13689
full_step/4,1277,4808,13671
full_step/4,1278,4809,13660
full_step/4,1279,4809,13646
full_step/4,1280,4805,13644
full_step/4,1281,4808,13621
full_step/4,1282,4804,13608
full_step/4,1283,4800,13619
full_step/4,1284,4800,13647
full_step/4,1285,4801,13648
full_step/4,1286,4800,13649
full_step/4,1287,4806,13721
full_step/4,1288,4805,13677
full_step/4,1289,4803,13716
full_step/4,1290,4810,13708
full_step/4,1291,4802,13678
full_step/4,1292,4800,13717
full_step/4,1293,4807,13721
full_step/4,1294,4798,13706
full_step/4,1295,4808,13717
full_step/4,1296,4808,13725
full_step/4,1297,4802,13720
full_step/4,1298,4800,13712
full_step/4,1299,4810,13719
full_step/4,1300,4810,13711
full_step/4,1301,4805,13662
full_step/4,1302,4795,13643
full_step/4,1303,4802,13685
full_step/4,1304,4807,13701
full_step/4,1305,4798,13677
full_step/4,1306,4802,13703
full_step/4,1307,4806,13706
full_step/4,1308,4800,13661
full_step/4,1309,4815,13664
full_step/4,1310,4813,13674
full_step/4,1311,4817,13655
full_step/4,1312,4803,13591
full_step/4,1313,4805,13613
full_step/4,1314,4807,13627
full_step/4,1315,4804,13632
full_step/4,1316,4811,13631
full_step/4,1317,4802,13624
full_step/4,1318,4801,13674
full_step/4,1319,4801,13655
full_step/4,1320,4796,13658
full_step/4,1321,4794,13736
full_step/4,1322,4780,13772
full_step/4,1323,4784,13768
full_step/4,1324,4785,13797
full_step/4,1325,4786,13762
full_step/4,1326,4793,13739
full_step/4,1327,4791,13642
full_step/4,1328,4794,13626
full_step/4,1329,4793,13645
full_step/4,1330,4792,13663
full_step/4,1331,4799,13683
full_step/4,1332,4794,13622
full_step/4,1333,4796,13665
full_step/4,1334,4798,13603
full_step/4,1335,4800,13606
full_step/4,1336,4801,13580
full_step/4,1337,4802,13595
full_step/4,1338,4806,13632
full_step/4,1339,4805,13637
full_step/4,1340,4801,13645
full_step/4,1341,4811,13705
full_step/4,1342,4812,13698
full_step/4,1343,4813,13700
full_step/4,1344,4800,13656
full_step/4,1345,4807,13667
full_step/4,1346,4807,13655
full_step/4,1347,4808,13607
full_step/4,1348,4806,13567
full_step/4,1349,4803,13613
full_step/4,1350,4797,13580
full_step/4,1351,4801,13589
full_step/4,1352,4801,13547
full_step/4,1353,4811,13546
full_step/4,1354,4801,13568
full_step/4,1355,4795,13603
full_step/4,1356,4800,13575
full_step/4,1357,4796,13556
full_step/4,1358,4795,13570
full_step/4,1359,4794,13538
full_step/4,1360,4793,13594
full_step/4,1361,4799,13582
full_step/4,1362,4798,13558
full_step/4,1363,4795,13576
full_step/4,1364,4796,13559
full_step/4,1365,4799,13524
full_step/4,1366,4802,13551
full_step/4,1367,4802,13556
full_step/4,1368,4804,13553
full_step/4,1369,4803,13560
full_step/4,1370,4798,13587
full_step/4,1371,4803,13594
full_step/4,1372,4808,13608
full_step/4,1373,4805,13609
full_step/4,1374,4807,13670
full_step/4,1375,4806,13663
full_step/4,1376,4801,13711
full_step/4,1377,4796,13746
full_step/4,1378,4793,13764
full_step/4,1379,4795,13743
full_step/4,1380,4803,13769
full_step/4,1381,4804,13762
full_step/4,1382,4808,13787
full_step/4,1383,4807,13773
full_step/4,1384,4807,13755
full_step/4,1385,4802,13712
full_step/4,1386,4803,13757
full_step/4,1387,4803,13743
full_step/4,1388,4799,13749
full_step/4,1389,4797,13754
full_step/4,1390,4795,13774
full_step/4,1391,4797,13866
full_step/4,1392,4798,13797
full_step/4,1393,4792,13755
full_step/4,1394,4792,13744
full_step/4,1395,4791,13722
full_step/4,1396,4796,13746
full_step/4,1397,4792,13719
full_step/4,1398,4794,13679
full_step/4,1399,4796,13683
full_step/4,1400,4799,13628
full_step/4,1401,4796,13618
full_step/4,1402,4802,13592
full_step/4,1403,4795,13579
full_step/4,1404,4805,13601
full_step/4,1405,4798,13599
full_step/4,1406,4807,13556
full_step/4,1407,4798,13590
full_step/4,1408,4807,13593
full_step/4,1409,4802,13598
full_step/4,1410,4804,13638
full_step/4,1411,4808,13639
full_step/4,1412,4805,13610
full_step/4,1413,4804,13600
full_step/4,1414,4802,13606
full_step/4,1415,4799,13618
full_step/4,1416,4795,13620
full_step/4,1417,4798,13643
full_step/4,1418,4798,13641
full_step/4,1419,4796,13644
full_step/4,1420,4799,13629
full_step/4,1421,4799,13555
full_step/4,1422,4795,13546
full_step/4,1423,4798,13542
full_step/4,1424,4800,13583
full_step/4,1425,4804,13588
full_step/4,1426,4806,13595
full_step/4,1427,4805,13631
full_step/4,1428,4803,13613
full_step/4,1429,4807,13604
full_step/4,1430,4803,13638
full_step/4,1431,4794,13659
full_step/4,1432,4796,13665
full_step/4,1433,4797,13601
full_step/4,1434,4794,13578
full_step/4,1435,4793,13552
full_step/4,1436,4788,13584
full_step/4,1437,4792,13581
full_step/4,1438,4789,13584
full_step/4,1439,4791,13655
full_step/4,1440,4786,13583
full_step/4,1441,4782,13558
full_step/4,1442,4795,13589
full_step/4,1443,4793,13583
full_step/4,1444,4797,13606
full_step/4,1445,4795,13611
full_step/4,1446,4798,13640
full_step/4,1447,4788,13648
full_step/4,1448,4788,13608
full_step/4,1449,4783,13640
full_step/4,1450,4785,13640
full_step/4,1451,4789,13642
full_step/4,1452,4784,13629
full_step/4,1453,4781,13611
full_step/4,1454,4781,13615
full_step/4,1455,4785,13633
full_step/4,1456,4794,13561
full_step/4,1457,4794,13617
full_step/4,1458,4795,13627
full_step/4,1459,4796,13677
full_step/4,1460,4793,13707
full_step/4,1461,4788,13686
full_step/4,1462,4786,13611
full_step/4,1463,4787,13589
full_step/4,1464,4798,13638
full_step/4,1465,4787,13573
full_step/4,1466,4793,13604
full_step/4,1467,4796,13587
full_step/4,1468,4798,13595
full_step/4,1469,4800,13573
full_step/4,1470,4800,13601
full_step/4,1471,4804,13597
full_step/4,1472,4800,13641
full_step/4,1473,4804,13640
full_step/4,1474,4797,13618
full_step/4,1475,4799,13583
full_step/4,1476,4797,13590
full_step/4,1477,4796,13622
full_step/4,1478,4804,13634
full_step/4,1479,4805,13674
full_step/4,1480,4804,13696
full_step/4,1481,4801,13682
full_step/4,1482,4801,13628
full_step/4,1483,4795,13652
full_step/4,1484,4794,13618
full_step/4,1485,4794,13590
full_step/4,1486,4793,13533
full_step/4,1487,4792,13539
full_step/4,1488,4800,13537
full_step/4,1489,4799,13571
full_step/4,1490,4803,13596
full_step/4,1491,4804,13580
full_step/4,1492,4806,13605
full_step/4,1493,4806,13619
full_step/4,1494,4803,13607
full_step/4,1495,4804,13598
full_step/4,1496,4803,13540
full_step/4,1497,4801,13562
full_step/4,1498,4800,13612
full_step/4,1499,4807,13566
full_step/4,1500,4806,13566
full_step/4,1501,4807,13581
full_step/4,1502,4806,13566
full_step/4,1503,4809,13587
full_step/4,1504,4805,13557
full_step/4,1505,4813,13565
full_step/4,1506,4803,13560
full_step/4,1507,4804,13557
full_step/4,1508,4800,13541
full_step/4,1509,4801,13537
full_step/4,1510,4794,13525
full_step/4,1511,4797,13528
full_step/4,1512,4803,13477
full_step/4,1513,4798,13543
full_step/4,1514,4798,13527
full_step/4,1515,4796,13510
full_step/4,1516,4793,13510
full_step/4,1517,4797,13536
full_step/4,1518,4798,13492
full_step/4,1519,4794,13461
full_step/4,1520,4793,13467
full_step/4,1521,4802,13499
full_step/4,1522,4799,13492
full_step/4,1523,4798,13444
full_step/4,1524,4815,13463
full_step/4,1525,4812,13519
full_step/4,1526,4805,13498
full_step/4,1527,4799,13421
full_step/4,1528,4806,13414
full_step/4,1529,4797,13448
full_step/4,1530,4801,13467
full_step/4,1531,4795,13483
full_step/4,1532,4799,13544
full_step/4,1533,4797,13580
full_step/4,1534,4799,13574
full_step/4,1535,4801,13550
full_step/4,1536,4795,13550
full_step/4,1537,4799,13530
full_step/4,1538,4800,13515
full_step/4,1539,4800,13537
full_step/4,1540,4808,13581
full_step/4,1541,4801,13582
full_step/4,1542,4805,13567
full_step/4,1543,4803,13523
full_step/4,1544,4795,13515
full_step/4,1545,4800,13560
full_step/4,1546,4796,13571
full_step/4,1547,4802,13584
full_step/4,1548,4798,13600
full_step/4,1549,4796,13563
full_step/4,1550,4806,13508
full_step/4,1551,4800,13518
full_step/4,1552,4801,13511
full_step/4,1553,4801,13493
full_step/4,1554,4792,13549
full_step/4,1555,4794,13566
full_step/4,1556,4808,13548
full_step/4,1557,4804,13591
full_step/4,1558,4799,13576
full_step/4,1559,4806,13609
full_step/4,1560,4805,13596
full_step/4,1561,4807,13617
full_step/4,1562,4808,13609
full_step/4,1563,4809,13655
full_step/4,1564,4806,13661
full_step/4,1565,4807,13642
full_step/4,1566,4808,13586
full_step/4,1567,4807,13584
full_step/4,1568,4805,13576
full_step/4,1569,4804,13559
full_step/4,1570,4814,13630
full_step/4,1571,4811,13652
full_step/4,1572,4812,13678
full_step/4,1573,4806,13710
full_step/4,1574,4803,13717
full_step/4,1575,4807,13723
full_step/4,1576,4807,13692
full_step/4,1577,4806,13728
full_step/4,1578,4805,13754
full_step/4,1579,4797,13742
full_step/4,1580,4803,13754
full_step/4,1581,4797,13784
full_step/4,1582,4795,13779
full_step/4,1583,4797,13737
full_step/4,1584,4796,13702
full_step/4,1585,4802,13745
full_step/4,1586,4796,13747
full_step/4,1587,4796,13680
full_step/4,1588,4795,13705
full_step/4,1589,4797,13635
full_step/4,1590,4798,13644
full_step/4,1591,4797,13666
full_step/4,1592,4795,13685
full_step/4,1593,4803,13662
full_step/4,1594,4809,13662
full_step/4,1595,4800,13674
full_step/4,1596,4802,13698
full_step/4,1597,4805,13692
full_step/4,1598,4802,13726
full_step/4,1599,4793,13691
full_step/4,1600,4800,13702
full_step/4,1601,4807,13745
full_step/4,1602,4805,13714
full_step/4,1603,4803,13693
full_step/4,1604,4798,13705
full_step/4,1605,4804,13698
full_step/4,1606,4798,13736
full_step/4,1607,4796,13698
full_step/4,1608,4802,13735
full_step/4,1609,4802,13735
full_step/4,1610,4806,13782
full_step/4,1611,4799,13759
full_step/4,1612,4807,13760
full_step/4,1613,4799,13760
full_step/4,1614,4804,13817
full_step/4,1615,4808,13829
full_step/4,1616,4806,13831
full_step/4,1617,4797,13811
full_step/4,1618,4802,13797
full_step/4,1619,4798,13789
full_step/4,1620,4803,13778
full_step/4,1621,4797,13726
full_step/4,1622,4794,13731
full_step/4,1623,4795,13772
full_step/4,1624,4798,13768
full_step/4,1625,4794,13775
full_step/4,1626,4791,13727
full_step/4,1627,4795,13701
full_step/4,1628,4795,13730
full_step/4,1629,4795,13754
full_step/4,1630,4789,13706
full_step/4,1631,4793,13691
full_step/4,1632,4798,13717
full_step/4,1633,4803,13684
full_step/4,1634,4794,13657
full_step/4,1635,4799,13640
full_step/4,1636,4793,13601
full_step/4,1637,4789,13643
full_step/4,1638,4798,13610
full_step/4,1639,4790,13608
full_step/4,1640,4780,13570
full_step/4,1641,4784,13593
full_step/4,1642,4782,13600
full_step/4,1643,4774,13559
full_step/4,1644,4783,13605
full_step/4,1645,4775,13565
full_step/4,1646,4787,13595
full_step/4,1647,4784,13625
full_step/4,1648,4783,13639
full_step/4,1649,4785,13603
full_step/4,1650,4782,13611
full_step/4,1651,4785,13610
full_step/4,1652,4774,13648
full_step/4,1653,4777,13634
full_step/4,1654,4779,13617
full_step/4,1655,4780,13644
full_step/4,1656,4770,13562
full_step/4,1657,4772,13536
full_step/4,1658,4777,13538
full_step/4,1659,4783,13513
full_step/4,1660,4785,13557
full_step/4,1661,4787,13579
full_step/4,1662,4785,13570
full_step/4,1663,4788,13568
full_step/4,1664,4786,13548
full_step/4,1665,4779,13523
full_step/4,1666,4784,13528
full_step/4,1667,4784,13527
full_step/4,1668,4782,13579
full_step/4,1669,4783,13587
full_step/4,1670,4775,13537
full_step/4,1671,4771,13599
full_step/4,1672,4779,13608
full_step/4,1673,4772,13561
full_step/4,1674,4769,13548
full_step/4,1675,4782,13597
full_step/4,1676,4774,13565
full_step/4,1677,4775,13588
full_step/4,1678,4768,13577
full_step/4,1679,4781,13589
full_step/4,1680,4773,13623
full_step/4,1681,4769,13599
full_step/4,1682,4770,13545
full_step/4,1683,4773,13524
full_step/4,1684,4772,13558
full_step/4,1685,4774,13543
full_step/4,1686,4763,13528
full_step/4,1687,4762,13506
full_step/4,1688,4762,13569
full_step/4,1689,4770,13640
full_step/4,1690,4769,13632
full_step/4,1691,4776,13649
full_step/4,1692,4770,13594
full_step/4,1693,4780,13637
full_step/4,1694,4771,13585
full_step/4,1695,4769,13611
full_step/4,1696,4771,13623
full_step/4,1697,4770,13607
full_step/4,1698,4768,13597
full_step/4,1699,4767,13622
full_step/4,1700,4768,13632
full_step/4,1701,4776,13657
full_step/4,1702,4788,13654
full_step/4,1703,4781,13625
full_step/4,1704,4783,13681
full_step/4,1705,4786,13667
full_step/4,1706,4784,13662
full_step/4,1707,4782,13699
full_step/4,1708,4780,13678
full_step/4,1709,4781,13651
full_step/4,1710,4775,13618
full_step/4,1711,4776,13626
full_step/4,1712,4785,13701
full_step/4,1713,4788,13702
full_step/4,1714,4786,13701
full_step/4,1715,4786,13725
full_step/4,1716,4787,13708
full_step/4,1717,4780,13688
full_step/4,1718,4781,13741
full_step/4,1719,4775,13710
full_step/4,1720,4785,13652
full_step/4,1721,4781,13642
full_step/4,1722,4780,13633
full_step/4,1723,4777,13617
full_step/4,1724,4775,13582
full_step/4,1725,4789,13647
full_step/4,1726,4778,13684
full_step/4,1727,4779,13707
full_step/4,1728,4785,13708
full_step/4,1729,4777,13666
full_step/4,1730,4786,13668
full_step/4,1731,4786,13689
full_step/4,1732,4785,13688
full_step/4,1733,4786,13662
full_step/4,1734,4782,13654
full_step/4,1735,4788,13649
full_step/4,1736,4791,13636
full_step/4,1737,4783,13590
full_step/4,1738,4783,13586
full_step/4,1739,4782,13598
full_step/4,1740,4774,13654
full_step/4,1741,4773,13641
full_step/4,1742,4784,13624
full_step/4,1743,4781,13641
full_step/4,1744,4788,13637
full_step/4,1745,4784,13661
full_step/4,1746,4783,13681
full_step/4,1747,4782,13682
full_step/4,1748,4777,13633
full_step/4,1749,4782,13632
full_step/4,1750,4784,13632
full_step/4,1751,4787,13653
full_step/4,1752,4791,13622
full_step/4,1753,4792,13618
full_step/4,1754,4786,13660
full_step/4,1755,4786,13593
full_step/4,1756,4783,13558
full_step/4,1757,4781,13528
full_step/4,1758,4783,13527
full_step/4,1759,4784,13490
full_step/4,1760,4782,13504
full_step/4,1761,4782,13525
full_step/4,1762,4772,13574
full_step/4,1763,4781,13567
full_step/4,1764,4777,13558
full_step/4,1765,4779,13513
full_step/4,1766,4784,13540
full_step/4,1767,4782,13545
full_step/4,1768,4781,13536
full_step/4,1769,4783,13533
full_step/4,1770,4777,13468
full_step/4,1771,4779,13488
full_step/4,1772,4769,13482
full_step/4,1773,4765,13447
full_step/4,1774,4765,13444
full_step/4,1775,4771,13447
full_step/4,1776,4768,13454
full_step/4,1777,4770,13436
full_step/4,1778,4771,13391
full_step/4,1779,4764,13425
full_step/4,1780,4774,13429
full_step/4,1781,4771,13370
full_step/4,1782,4773,13387
full_step/4,1783,4771,13404
full_step/4,1784,4771,13440
full_step/4,1785,4769,13459
full_step/4,1786,4767,13395
full_step/4,1787,4770,13341
full_step/4,1788,4766,13368
full_step/4,1789,4770,13400
full_step/4,1790,4767,13324
full_step/4,1791,4770,13358
full_step/4,1792,4768,13390
full_step/4,1793,4771,13331
full_step/4,1794,4772,13340
full_step/4,1795,4776,13340
full_step/4,1796,4783,13302
full_step/4,1797,4785,13368
full_step/4,1798,4777,13350
full_step/4,1799,4785,13395
full_step/4,1800,4786,13396
full_step/4,1801,4786,13403
full_step/4,1802,4782,13392
full_step/4,1803,4774,13344
full_step/4,1804,4778,13329
full_step/4,1805,4782,13342
full_step/4,1806,4781,13329
full_step/4,1807,4783,13387
full_step/4,1808,4785,13398
full_step/4,1809,4783,13436
full_step/4,1810,4770,13427
full_step/4,1811,4777,13448
full_step/4,1812,4778,13426
full_step/4,1813,4771,13385
full_step/4,1814,4767,13408
full_step/4,1815,4773,13416
full_step/4,1816,4775,13398
full_step/4,1817,4783,13452
full_step/4,1818,4787,13414
full_step/4,1819,4784,13455
full_step/4,1820,4782,13519
full_step/4,1821,4783,13493
full_step/4,1822,4787,13514
full_step/4,1823,4784,13547
full_step/4,1824,4782,13497
full_step/4,1825,4775,13465
full_step/4,1826,4772,13442
full_step/4,1827,4759,13391
full_step/4,1828,4760,13412
full_step/4,1829,4757,13386
full_step/4,1830,4758,13361
full_step/4,1831,4763,13355
full_step/4,1832,4752,13304
full_step/4,1833,4763,13285
full_step/4,1834,4768,13353
full_step/4,1835,4770,13323
full_step/4,1836,4753,13378
full_step/4,1837,4753,13330
full_step/4,1838,4759,13378
full_step/4,1839,4754,13361
full_step/4,1840,4764,13358
full_step/4,1841,4763,13335
full_step/4,1842,4769,13402
full_step/4,1843,4775,13464
full_step/4,1844,4761,13468
full_step/4,1845,4764,13468
full_step/4,1846,4766,13474
full_step/4,1847,4774,13466
full_step/4,1848,4780,13475
full_step/4,1849,4779,13449
full_step/4,1850,4783,13444
full_step/4,1851,4783,13477
full_step/4,1852,4780,13444
full_step/4,1853,4784,13467
full_step/4,1854,4786,13496
full_step/4,1855,4788,13479
full_step/4,1856,4784,13503
full_step/4,1857,4783,13497
full_step/4,1858,4783,13524
full_step/4,1859,4784,13487
full_step/4,1860,4797,13504
full_step/4,1861,4792,13537
full_step/4,1862,4786,13432
full_step/4,1863,4784,13438
full_step/4,1864,4788,13473
full_step/4,1865,4784,13444
full_step/4,1866,4787,13463
full_step/4,1867,4798,13462
full_step/4,1868,4796,13426
full_step/4,1869,4793,13451
full_step/4,1870,4794,13393
full_step/4,1871,4792,13394
full_step/4,1872,4788,13415
full_step/4,1873,4783,13404
full_step/4,1874,4785,13389
full_step/4,1875,4771,13359
full_step/4,1876,4783,13394
full_step/4,1877,4785,13388
full_step/4,1878,4782,13413
full_step/4,1879,4782,13428
full_step/4,1880,4783,13413
full_step/4,1881,4785,13411
full_step/4,1882,4782,13356
full_step/4,1883,4791,13385
full_step/4,1884,4794,13364
full_step/4,1885,4800,13397
full_step/4,1886,4795,13391
full_step/4,1887,4795,13419
full_step/4,1888,4789,13399
full_step/4,1889,4785,13387
full_step/4,1890,4792,13339
full_step/4,1891,4781,13317
full_step/4,1892,4783,13294
full_step/4,1893,4779,13353
full_step/4,1894,4779,13386
full_step/4,1895,4778,13384
full_step/4,1896,4780,13336
full_step/4,1897,4784,13367
full_step/4,1898,4785,13369
full_step/4,1899,4784,13388
full_step/4,1900,4788,13364
full_step/4,1901,4787,13347
full_step/4,1902,4781,13328
full_step/4,1903,4786,13341
full_step/4,1904,4782,13323
full_step/4,1905,4779,13328
full_step/4,1906,4791,13336
full_step/4,1907,4785,13351
full_step/4,1908,4793,13414
full_step/4,1909,4787,13381
full_step/4,1910,4788,13337
full_step/4,1911,4801,13381
full_step/4,1912,4790,13352
full_step/4,1913,4787,13358
full_step/4,1914,4794,13346
full_step/4,1915,4791,13334
full_step/4,1916,4795,13340
full_step/4,1917,4791,13332
full_step/4,1918,4793,13400
full_step/4,1919,4792,13418
full_step/4,1920,4786,13434
full_step/4,1921,4788,13485
full_step/4,1922,4785,13460
full_step/4,1923,4784,13499
full_step/4,1924,4788,13470
full_step/4,1925,4789,13465
full_step/4,1926,4786,13427
full_step/4,1927,4792,13400
full_step/4,1928,4794,13390
full_step/4,1929,4790,13386
full_step/4,1930,4796,13340
full_step/4,1931,4789,13326
full_step/4,1932,4791,13360
full_step/4,1933,4789,13381
full_step/4,1934,4792,13374
full_step/4,1935,4781,13403
full_step/4,1936,4780,13426
full_step/4,1937,4787,13418
full_step/4,1938,4780,13426
full_step/4,1939,4787,13412
full_step/4,1940,4786,13428
full_step/4,1941,4789,13428
full_step/4,1942,4787,13437
full_step/4,1943,4795,13447
full_step/4,1944,4795,13437
full_step/4,1945,4792,13433
full_step/4,1946,4792,13441
full_step/4,1947,4792,13441
full_step/4,1948,4798,13432
full_step/4,1949,4794,13315
full_step/4,1950,4789,13354
full_step/4,1951,4789,13368
full_step/4,1952,4793,13343
full_step/4,1953,4791,13335
full_step/4,1954,4789,13321
full_step/4,1955,4791,13365
full_step/4,1956,4801,13353
full_step/4,1957,4791,13375
full_step/4,1958,4795,13343
full_step/4,1959,4800,13349
full_step/4,1960,4803,13371
full_step/4,1961,4804,13399
full_step/4,1962,4803,13380
full_step/4,1963,4802,13371
full_step/4,1964,4804,13417
full_step/4,1965,4805,13349
full_step/4,1966,4811,13365
full_step/4,1967,4812,13363
full_step/4,1968,4808,13340
full_step/4,1969,4806,13363
full_step/4,1970,4815,13379
full_step/4,1971,4812,13366
full_step/4,1972,4804,13355
full_step/4,1973,4803,13406
full_step/4,1974,4800,13370
full_step/4,1975,4806,13376
full_step/4,1976,4805,13373
full_step/4,1977,4808,13385
full_step/4,1978,4810,13432
full_step/4,1979,4805,13380
full_step/4,1980,4797,13373
full_step/4,1981,4798,13383
full_step/4,1982,4795,13377
full_step/4,1983,4800,13399
full_step/4,1984,4795,13426
full_step/4,1985,4801,13451
full_step/4,1986,4797,13506
full_step/4,1987,4790,13464
full_step/4,1988,4790,13472
full_step/4,1989,4793,13462
full_step/4,1990,4796,13493
full_step/4,1991,4798,13527
full_step/4,1992,4796,13449
full_step/4,1993,4794,13493
full_step/4,1994,4797,13465
full_step/4,1995,4803,13463
full_step/4,1996,4801,13452
full_step/4,1997,4798,13435
full_step/4,1998,4789,13407
full_step/4,1999,4796,13404
full_step/4,2000,4788,13442
full_step/4,2001,4779,13396
full_step/4,2002,4779,13425
full_step/4,2003,4781,13456
full_step/4,2004,4795,13448
full_step/4,2005,4797,13503
full_step/4,2006,4798,13540
full_step/4,2007,4801,13521
full_step/4,2008,4792,13552
full_step/4,2009,4792,13590
full_step/4,2010,4790,13601
full_step/4,2011,4796,13605
full_step/4,2012,4792,13624
full_step/4,2013,4798,13635
full_step/4,2014,4795,13615
full_step/4,2015,4788,13610
full_step/4,2016,4791,13609
full_step/4,2017,4794,13594
full_step/4,2018,4788,13603
full_step/4,2019,4793,13599
full_step/4,2020,4791,13588
full_step/4,2021,4793,13581
full_step/4,2022,4798,13555
full_step/4,2023,4803,13599
full_step/4,2024,4796,13627
full_step/4,2025,4788,13630
full_step/4,2026,4790,13592
full_step/4,2027,4801,13566
full_step/4,2028,4794,13603
full_step/4,2029,4798,13644
full_step/4,2030,4793,13619
full_step/4,2031,4796,13656
full_step/4,2032,4796,13629
full_step/4,2033,4802,13623
full_step/4,2034,4804,13633
full_step/4,2035,4808,13600
full_step/4,2036,4801,13612
full_step/4,2037,4801,13634
full_step/4,2038,4801,13619
full_step/4,2039,4797,13612
full_step/4,2040,4809,13638
full_step/4,2041,4813,13671
full_step/4,2042,4806,13625
full_step/4,2043,4802,13635
full_step/4,2044,4806,13616
full_step/4,2045,4804,13618
full_step/4,2046,4809,13681
full_step/4,2047,4807,13648
full_step/4,2048,4816,13675
full_step/4,2049,4809,13653
full_step/4,2050,4809,13591
full_step/4,2051,4812,13556
full_step/4,2052,4820,13501
full_step/4,2053,4805,13518
full_step/4,2054,4805,13543
full_step/4,2055,4802,13529
full_step/4,2056,4801,13485
full_step/4,2057,4806,13545
full_step/4,2058,4809,13518
full_step/4,2059,4807,13474
full_step/4,2060,4801,13517
full_step/4,2061,4802,13536
full_step/4,2062,4809,13501
full_step/4,2063,4803,13539
full_step/4,2064,4800,13579
full_step/4,2065,4797,13578
full_step/4,2066,4798,13562
full_step/4,2067,4798,13525
full_step/4,2068,4797,13514
full_step/4,2069,4802,13508
full_step/4,2070,4802,13541
full_step/4,2071,4803,13523
full_step/4,2072,4798,13500
full_step/4,2073,4810,13548
full_step/4,2074,4800,13591
full_step/4,2075,4787,13608
full_step/4,2076,4794,13582
full_step/4,2077,4792,13513
full_step/4,2078,4798,13579
full_step/4,2079,4797,13582
full_step/4,2080,4803,13567
full_step/4,2081,4795,13471
full_step/4,2082,4803,13481
full_step/4,2083,4805,13544
full_step/4,2084,4803,13497
full_step/4,2085,4805,13556
full_step/4,2086,4801,13645
full_step/4,2087,4800,13621
full_step/4,2088,4805,13647
full_step/4,2089,4811,13642
full_step/4,2090,4809,13596
full_step/4,2091,4812,13619
full_step/4,2092,4803,13648
full_step/4,2093,4810,13637
full_step/4,2094,4807,13618
full_step/4,2095,4798,13621
full_step/4,2096,4808,13646
full_step/4,2097,4799,13623
full_step/4,2098,4799,13546
full_step/4,2099,4803,13522
full_step/4,2100,4802,13483
full_step/4,2101,4802,13437
full_step/4,2102,4800,13428
full_step/4,2103,4809,13420
full_step/4,2104,4800,13434
full_step/4,2105,4799,13441
full_step/4,2106,4795,13365
full_step/4,2107,4798,13438
full_step/4,2108,4800,13480
full_step/4,2109,4802,13448
full_step/4,2110,4805,13422
full_step/4,2111,4801,13419
full_step/4,2112,4805,13409
full_step/4,2113,4798,13406
full_step/4,2114,4795,13414
full_step/4,2115,4781,13395
full_step/4,2116,4785,13348
full_step/4,2117,4784,13395
full_step/4,2118,4783,13397
full_step/4,2119,4783,13386
full_step/4,2120,4783,13366
full_step/4,2121,4781,13325
full_step/4,2122,4781,13363
full_step/4,2123,4783,13371
full_step/4,2124,4789,13416
full_step/4,2125,4790,13418
full_step/4,2126,4784,13432
full_step/4,2127,4784,13396
full_step/4,2128,4784,13413
full_step/4,2129,4780,13450
full_step/4,2130,4778,13485
full_step/4,2131,4780,13426
full_step/4,2132,4777,13403
full_step/4,2133,4777,13393
full_step/4,2134,4785,13388
full_step/4,2135,4785,13428
full_step/4,2136,4781,13402
full_step/4,2137,4784,13406
full_step/4,2138,4783,13418
full_step/4,2139,4782,13428
full_step/4,2140,4781,13411
full_step/4,2141,4787,13442
full_step/4,2142,4789,13461
full_step/4,2143,4785,13441
full_step/4,2144,4786,13509
full_step/4,2145,4784,13539
full_step/4,2146,4786,13556
full_step/4,2147,4794,13594
full_step/4,2148,4793,13565
full_step/4,2149,4805,13524
full_step/4,2150,4793,13464
full_step/4,2151,4795,13445
full_step/4,2152,4795,13510
full_step/4,2153,4795,13511
full_step/4,2154,4797,13478
full_step/4,2155,4802,13485
full_step/4,2156,4799,13514
full_step/4,2157,4794,13544
full_step/4,2158,4794,13511
full_step/4,2159,4792,13492
full_step/4,2160,4798,13439
full_step/4,2161,4787,13447
full_step/4,2162,4787,13520
full_step/4,2163,4789,13531
full_step/4,2164,4776,13534
full_step/4,2165,4782,13567
full_step/4,2166,4773,13510
full_step/4,2167,4782,13563
full_step/4,2168,4791,13561
full_step/4,2169,4791,13539
full_step/4,2170,4792,13517
full_step/4,2171,4786,13491
full_step/4,2172,4779,13458
full_step/4,2173,4779,13460
full_step/4,2174,4780,13415
full_step/4,2175,4777,13411
full_step/4,2176,4784,13414
full_step/4,2177,4784,13412
full_step/4,2178,4785,13401
full_step/4,2179,4786,13368
full_step/4,2180,4785,13429
full_step/4,2181,4789,13376
full_step/4,2182,4785,13330
full_step/4,2183,4778,13368
full_step/4,2184,4776,13446
full_step/4,2185,4776,13439
full_step/4,2186,4778,13402
full_step/4,2187,4779,13392
full_step/4,2188,4776,13360
full_step/4,2189,4775,13361
full_step/4,2190,4786,13397
full_step/4,2191,4783,13364
full_step/4,2192,4784,13361
full_step/4,2193,4787,13348
full_step/4,2194,4782,13346
full_step/4,2195,4786,13338
full_step/4,2196,4781,13374
full_step/4,2197,4779,13383
full_step/4,2198,4775,13427
full_step/4,2199,4780,13453
full_step/4,2200,4779,13459
full_step/4,2201,4774,13433
full_step/4,2202,4777,13372
full_step/4,2203,4770,13357
full_step/4,2204,4778,13403
full_step/4,2205,4773,13389
full_step/4,2206,4770,13421
full_step/4,2207,4766,13409
full_step/4,2208,4768,13406
full_step/4,2209,4769,13357
full_step/4,2210,4775,13390
full_step/4,2211,4770,13418
full_step/4,2212,4781,13407
full_step/4,2213,4783,13412
full_step/4,2214,4778,13410
full_step/4,2215,4782,13356
full_step/4,2216,4780,13386
full_step/4,2217,4779,13400
full_step/4,2218,4777,13411
full_step/4,2219,4782,13431
full_step/4,2220,4788,13457
full_step/4,2221,4786,13462
full_step/4,2222,4786,13462
full_step/4,2223,4790,13455
full_step/4,2224,4794,13507
full_step/4,2225,4796,13501
full_step/4,2226,4796,13482
full_step/4,2227,4799,13527
full_step/4,2228,4802,13504
full_step/4,2229,4803,13528
full_step/4,2230,4795,13520
full_step/4,2231,4802,13523
full_step/4,2232,4807,13487
full_step/4,2233,4798,13433
full_step/4,2234,4801,13446
full_step/4,2235,4794,13452
full_step/4,2236,4800,13475
full_step/4,2237,4808,13450
full_step/4,2238,4812,13474
full_step/4,2239,4808,13446
full_step/4,2240,4810,13448
full_step/4,2241,4804,13404
full_step/4,2242,4808,13437
full_step/4,2243,4816,13464
full_step/4,2244,4812,13517
full_step/4,2245,4807,13496
full_step/4,2246,4811,13489
full_step/4,2247,4804,13445
full_step/4,2248,4805,13448
full_step/4,2249,4807,13446
full_step/4,2250,4815,13425
full_step/4,2251,4811,13464
full_step/4,2252,4809,13476
full_step/4,2253,4808,13461
full_step/4,2254,4802,13498
full_step/4,2255,4816,13516
full_step/4,2256,4810,13514
full_step/4,2257,4802,13450
full_step/4,2258,4811,13485
full_step/4,2259,4809,13465
full_step/4,2260,4803,13461
full_step/4,2261,4803,13500
full_step/4,2262,4801,13499
full_step/4,2263,4796,13489
full_step/4,2264,4807,13541
full_step/4,2265,4807,13549
full_step/4,2266,4808,13465
full_step/4,2267,4807,13484
full_step/4,2268,4806,13480
full_step/4,2269,4815,13500
full_step/4,2270,4812,13560
full_step/4,2271,4815,13571
full_step/4,2272,4805,13549
full_step/4,2273,4802,13517
full_step/4,2274,4805,13500
full_step/4,2275,4805,13493
full_step/4,2276,4793,13496
full_step/4,2277,4798,13492
full_step/4,2278,4799,13547
full_step/4,2279,4804,13588
full_step/4,2280,4797,13535
full_step/4,2281,4802,13553
full_step/4,2282,4802,13591
full_step/4,2283,4799,13563
full_step/4,2284,4799,13562
full_step/4,2285,4799,13493
full_step/4,2286,4793,13468
full_step/4,2287,4788,13475
full_step/4,2288,4789,13503
full_step/4,2289,4795,13509
full_step/4,2290,4790,13483
full_step/4,2291,4806,13503
full_step/4,2292,4804,13504
full_step/4,2293,4801,13459
full_step/4,2294,4797,13524
full_step/4,2295,4793,13489
full_step/4,2296,4801,13529
full_step/4,2297,4801,13528
full_step/4,2298,4797,13538
full_step/4,2299,4796,13547
full_step/4,2300,4792,13492
full_step/4,2301,4792,13504
full_step/4,2302,4790,13493
full_step/4,2303,4792,13502
full_step/4,2304,4783,13478
full_step/4,2305,4787,13448
full_step/4,2306,4790,13439
full_step/4,2307,4789,13484
full_step/4,2308,4786,13509
full_step/4,2309,4790,13409
full_step/4,2310,4789,13386
full_step/4,2311,4786,13370
full_step/4,2312,4796,13387
full_step/4,2313,4792,13423
full_step/4,2314,4797,13434
full_step/4,2315,4797,13449
full_step/4,2316,4804,13455
full_step/4,2317,4794,13478
full_step/4,2318,4791,13414
full_step/4,2319,4790,13433
full_step/4,2320,4788,13438
full_step/4,2321,4791,13475
full_step/4,2322,4791,13493
full_step/4,2323,4777,13513
full_step/4,2324,4781,13517
full_step/4,2325,4782,13503
full_step/4,2326,4779,13513
full_step/4,2327,4792,13601
full_step/4,2328,4792,13577
full_step/4,2329,4792,13517
full_step/4,2330,4793,13550
full_step/4,2331,4792,13535
full_step/4,2332,4788,13557
full_step/4,2333,4786,13531
full_step/4,2334,4783,13526
full_step/4,2335,4786,13557
full_step/4,2336,4786,13578
full_step/4,2337,4779,13511
full_step/4,2338,4783,13506
full_step/4,2339,4789,13512
full_step/4,2340,4785,13516
full_step/4,2341,4776,13519
full_step/4,2342,4784,13533
full_step/4,2343,4786,13579
full_step/4,2344,4794,13536
full_step/4,2345,4788,13524
full_step/4,2346,4796,13520
full_step/4,2347,4798,13451
full_step/4,2348,4791,13440
full_step/4,2349,4801,13568
full_step/4,2350,4799,13557
full_step/4,2351,4805,13584
full_step/4,2352,4804,13575
full_step/4,2353,4798,13524
full_step/4,2354,4800,13482
full_step/4,2355,4799,13456
full_step/4,2356,4791,13388
full_step/4,2357,4793,13422
full_step/4,2358,4786,13439
full_step/4,2359,4795,13460
full_step/4,2360,4790,13461
full_step/4,2361,4791,13457
full_step/4,2362,4792,13441
full_step/4,2363,4791,13452
full_step/4,2364,4793,13433
full_step/4,2365,4792,13418
full_step/4,2366,4787,13425
full_step/4,2367,4792,13411
full_step/4,2368,4784,13402
full_step/4,2369,4784,13410
full_step/4,2370,4790,13469
full_step/4,2371,4787,13440
full_step/4,2372,4784,13430
full_step/4,2373,4789,13425
full_step/4,2374,4786,13429
full_step/4,2375,4790,13477
full_step/4,2376,4790,13454
full_step/4,2377,4798,13486
full_step/4,2378,4788,13491
full_step/4,2379,4800,13489
full_step/4,2380,4807,13531
full_step/4,2381,4798,13511
full_step/4,2382,4807,13523
full_step/4,2383,4805,13498
full_step/4,2384,4801,13523
full_step/4,2385,4796,13542
full_step/4,2386,4799,13495
full_step/4,2387,4797,13548
full_step/4,2388,4803,13495
full_step/4,2389,4809,13554
full_step/4,2390,4807,13531
full_step/4,2391,4797,13465
full_step/4,2392,4804,13482
full_step/4,2393,4803,13447
full_step/4,2394,4810,13473
full_step/4,2395,4816,13461
full_step/4,2396,4811,13454
full_step/4,2397,4799,13406
full_step/4,2398,4795,13370
full_step/4,2399,4804,13372
full_step/4,2400,4796,13366
full_step/4,2401,4797,13353
full_step/4,2402,4792,13382
full_step/4,2403,4809,13348
full_step/4,2404,4812,13371
full_step/4,2405,4816,13411
full_step/4,2406,4807,13422
full_step/4,2407,4796,13383
full_step/4,2408,4800,13415
full_step/4,2409,4799,13351
full_step/4,2410,4806,13298
full_step/4,2411,4807,13328
full_step/4,2412,4803,13359
full_step/4,2413,4804,13373
full_step/4,2414,4807,13408
full_step/4,2415,4808,13368
full_step/4,2416,4801,13437
full_step/4,2417,4805,13391
full_step/4,2418,4805,13417
full_step/4,2419,4807,13407
full_step/4,2420,4817,13444
full_step/4,2421,4819,13451
full_step/4,2422,4825,13460
full_step/4,2423,4819,13434
full_step/4,2424,4815,13445
full_step/4,2425,4807,13466
full_step/4,2426,4807,13427
full_step/4,2427,4809,13419
full_step/4,2428,4803,13469
full_step/4,2429,4805,13447
full_step/4,2430,4813,13504
full_step/4,2431,4807,13467
full_step/4,2432,4802,13412
full_step/4,2433,4802,13446
full_step/4,2434,4804,13442
full_step/4,2435,4796,13429
full_step/4,2436,4796,13401
full_step/4,2437,4798,13365
full_step/4,2438,4797,13367
full_step/4,2439,4799,13265
full_step/4,2440,4798,13225
full_step/4,2441,4792,13213
full_step/4,2442,4794,13266
full_step/4,2443,4789,13253
full_step/4,2444,4788,13243
full_step/4,2445,4792,13131
full_step/4,2446,4792,13189
full_step/4,2447,4804,13181
full_step/4,2448,4792,13146
full_step/4,2449,4793,13139
full_step/4,2450,4803,13188
full_step/4,2451,4811,13290
full_step/4,2452,4800,13257
full_step/4,2453,4806,13228
full_step/4,2454,4805,13271
full_step/4,2455,4809,13230
full_step/4,2456,4803,13274
full_step/4,2457,4798,13325
full_step/4,2458,4799,13413
full_step/4,2459,4802,13438
full_step/4,2460,4796,13418
full_step/4,2461,4797,13412
full_step/4,2462,4808,13352
full_step/4,2463,4811,13430
full_step/4,2464,4807,13446
full_step/4,2465,4805,13455
full_step/4,2466,4816,13447
full_step/4,2467,4819,13505
full_step/4,2468,4814,13444
full_step/4,2469,4823,13445
full_step/4,2470,4815,13393
full_step/4,2471,4818,13401
full_step/4,2472,4815,13377
full_step/4,2473,4823,13350
full_step/4,2474,4819,13377
full_step/4,2475,4820,13333
full_step/4,2476,4812,13244
full_step/4,2477,4825,13331
full_step/4,2478,4817,13285
full_step/4,2479,4823,13233
full_step/4,2480,4816,13211
full_step/4,2481,4811,13225
full_step/4,2482,4805,13251
full_step/4,2483,4811,13235
full_step/4,2484,4802,13245
full_step/4,2485,4810,13229
full_step/4,2486,4805,13252
full_step/4,2487,4795,13244
full_step/4,2488,4803,13294
full_step/4,2489,4802,13311
full_step/4,2490,4804,13278
full_step/4,2491,4796,13263
full_step/4,2492,4809,13239
full_step/4,2493,4800,13277
full_step/4,2494,4806,13277
full_step/4,2495,4799,13247
full_step/4,2496,4808,13235
full_step/4,2497,4806,13248
full_step/4,2498,4798,13209
full_step/4,2499,4802,13265
full_step/4,2500,4808,13309
full_step/4,2501,4805,13253
full_step/4,2502,4812,13215
full_step/4,2503,4808,13241
full_step/4,2504,4803,13205
full_step/4,2505,4812,13283
full_step/4,2506,4801,13275
full_step/4,2507,4802,13250
full_step/4,2508,4812,13240
full_step/4,2509,4822,13302
full_step/4,2510,4808,13332
full_step/4,2511,4799,13292
full_step/4,2512,4805,13304
full_step/4,2513,4801,13309
full_step/4,2514,4819,13314
full_step/4,2515,4801,13347
full_step/4,2516,4810,13307
full_step/4,2517,4810,13313
full_step/4,2518,4813,13329
full_step/4,2519,4813,13375
full_step/4,2520,4812,13343
full_step/4,2521,4807,13435
full_step/4,2522,4803,13466
full_step/4,2523,4803,13430
full_step/4,2524,4810,13408
full_step/4,2525,4802,13419
full_step/4,2526,4805,13421
full_step/4,2527,4799,13407
full_step/4,2528,4805,13419
full_step/4,2529,4811,13439
full_step/4,2530,4808,13381
full_step/4,2531,4802,13453
full_step/4,2532,4798,13359
full_step/4,2533,4791,13320
full_step/4,2534,4793,13425
full_step/4,2535,4798,13397
full_step/4,2536,4799,13393
full_step/4,2537,4798,13388
full_step/4,2538,4796,13419
full_step/4,2539,4805,13447
full_step/4,2540,4809,13443
full_step/4,2541,4805,13398
full_step/4,2542,4806,13365
full_step/4,2543,4808,13376
full_step/4,2544,4805,13362
full_step/4,2545,4798,13326
full_step/4,2546,4800,13393
full_step/4,2547,4800,13342
full_step/4,2548,4800,13341
full_step/4,2549,4798,13329
full_step/4,2550,4797,13380
full_step/4,2551,4809,13428
full_step/4,2552,4787,13396
full_step/4,2553,4784,13411
full_step/4,2554,4788,13373
full_step/4,2555,4783,13357
full_step/4,2556,4794,13405
full_step/4,2557,4795,13382
full_step/4,2558,4796,13453
full_step/4,2559,4803,13456
full_step/4,2560,4800,13452
full_step/4,2561,4799,13524
full_step/4,2562,4796,13498
full_step/4,2563,4804,13464
full_step/4,2564,4802,13416
full_step/4,2565,4803,13439
full_step/4,2566,4795,13412
full_step/4,2567,4796,13416
full_step/4,2568,4791,13424
full_step/4,2569,4792,13391
full_step/4,2570,4789,13388
full_step/4,2571,4795,13415
full_step/4,2572,4792,13457
full_step/4,2573,4798,13413
full_step/4,2574,4805,13470
full_step/4,2575,4805,13502
full_step/4,2576,4798,13443
full_step/4,2577,4799,13477
full_step/4,2578,4794,13482
full_step/4,2579,4780,13475
full_step/4,2580,4790,13464
full_step/4,2581,4790,13505
full_step/4,2582,4797,13522
full_step/4,2583,4793,13519
full_step/4,2584,4796,13534
full_step/4,2585,4794,13505
full_step/4,2586,4796,13485
full_step/4,2587,4798,13460
full_step/4,2588,4793,13411
full_step/4,2589,4799,13463
full_step/4,2590,4791,13465
full_step/4,2591,4788,13475
full_step/4,2592,4797,13513
full_step/4,2593,4795,13496
full_step/4,2594,4797,13519
full_step/4,2595,4792,13507
full_step/4,2596,4788,13549
full_step/4,2597,4780,13495
full_step/4,2598,4786,13529
full_step/4,2599,4782,13452
full_step/4,2600,4783,13445
full_step/4,2601,4783,13462
full_step/4,2602,4784,13430
full_step/4,2603,4789,13398
full_step/4,2604,4795,13434
full_step/4,2605,4796,13425
full_step/4,2606,4792,13427
full_step/4,2607,4798,13396
full_step/4,2608,4798,13395
full_step/4,2609,4805,13475
full_step/4,2610,4799,13444
full_step/4,2611,4800,13481
full_step/4,2612,4800,13479
full_step/4,2613,4800,13490
full_step/4,2614,4804,13505
full_step/4,2615,4793,13544
full_step/4,2616,4798,13522
full_step/4,2617,4802,13501
full_step/4,2618,4805,13515
full_step/4,2619,4808,13563
full_step/4,2620,4811,13574
full_step/4,2621,4808,13506
full_step/4,2622,4806,13487
full_step/4,2623,4813,13476
full_step/4,2624,4799,13499
full_step/4,2625,4799,13489
full_step/4,2626,4798,13462
full_step/4,2627,4798,13389
full_step/4,2628,4796,13400
full_step/4,2629,4793,13404
full_step/4,2630,4797,13388
full_step/4,2631,4791,13353
full_step/4,2632,4788,13418
full_step/4,2633,4785,13342
full_step/4,2634,4782,13406
full_step/4,2635,4778,13404
full_step/4,2636,4786,13434
full_step/4,2637,4790,13383
full_step/4,2638,4791,13396
full_step/4,2639,4792,13317
full_step/4,2640,4796,13335
full_step/4,2641,4793,13354
full_step/4,2642,4794,13332
full_step/4,2643,4789,13318
full_step/4,2644,4789,13352
full_step/4,2645,4787,13347
full_step/4,2646,4786,13371
full_step/4,2647,4788,13372
full_step/4,2648,4787,13363
full_step/4,2649,4787,13369
full_step/4,2650,4792,13315
full_step/4,2651,4792,13332
full_step/4,2652,4795,13304
full_step/4,2653,4791,13316
full_step/4,2654,4795,13333
full_step/4,2655,4793,13347
full_step/4,2656,4794,13390
full_step/4,2657,4795,13408
full_step/4,2658,4790,13366
full_step/4,2659,4791,13393
full_step/4,2660,4796,13389
full_step/4,2661,4788,13323
full_step/4,2662,4790,13269
full_step/4,2663,4786,13235
full_step/4,2664,4778,13273
full_step/4,2665,4782,13271
full_step/4,2666,4781,13258
full_step/4,2667,4783,13314
full_step/4,2668,4785,13318
full_step/4,2669,4795,13298
full_step/4,2670,4792,13403
full_step/4,2671,4784,13366
full_step/4,2672,4786,13380
full_step/4,2673,4784,13386
full_step/4,2674,4779,13335
full_step/4,2675,4787,13395
full_step/4,2676,4782,13339
full_step/4,2677,4780,13340
full_step/4,2678,4784,13390
full_step/4,2679,4786,13404
full_step/4,2680,4793,13497
full_step/4,2681,4791,13452
full_step/4,2682,4794,13381
full_step/4,2683,4790,13413
full_step/4,2684,4793,13465
full_step/4,2685,4800,13477
full_step/4,2686,4801,13468
full_step/4,2687,4799,13433
full_step/4,2688,4789,13420
full_step/4,2689,4794,13434
full_step/4,2690,4794,13422
full_step/4,2691,4795,13429
full_step/4,2692,4802,13413
full_step/4,2693,4797,13448
full_step/4,2694,4806,13464
full_step/4,2695,4810,13458
full_step/4,2696,4808,13437
full_step/4,2697,4802,13357
full_step/4,2698,4807,13408
full_step/4,2699,4799,13421
full_step/4,2700,4799,13406
full_step/4,2701,4799,13414
full_step/4,2702,4810,13406
full_step/4,2703,4810,13456
full_step/4,2704,4807,13431
full_step/4,2705,4803,13399
full_step/4,2706,4806,13471
full_step/4,2707,4795,13450
full_step/4,2708,4804,13463
full_step/4,2709,4810,13497
full_step/4,2710,4800,13497
full_step/4,2711,4804,13548
full_step/4,2712,4799,13535
full_step/4,2713,4800,13517
full_step/4,2714,4806,13472
full_step/4,2715,4802,13498
full_step/4,2716,4793,13500
full_step/4,2717,4798,13503
full_step/4,2718,4792,13500
full_step/4,2719,4793,13474
full_step/4,2720,4794,13533
full_step/4,2721,4793,13499
full_step/4,2722,4792,13521
full_step/4,2723,4788,13560
full_step/4,2724,4782,13525
full_step/4,2725,4786,13473
full_step/4,2726,4790,13479
full_step/4,2727,4794,13456
full_step/4,2728,4791,13467
full_step/4,2729,4782,13457
full_step/4,2730,4788,13514
full_step/4,2731,4781,13547
full_step/4,2732,4778,13545
full_step/4,2733,4785,13528
full_step/4,2734,4785,13537
full_step/4,2735,4779,13499
full_step/4,2736,4783,13488
full_step/4,2737,4787,13525
full_step/4,2738,4785,13502
full_step/4,2739,4779,13503
full_step/4,2740,4781,13516
full_step/4,2741,4789,13474
full_step/4,2742,4785,13455
full_step/4,2743,4786,13439
full_step/4,2744,4784,13474
full_step/4,2745,4786,13522
full_step/4,2746,4784,13538
full_step/4,2747,4783,13536
full_step/4,2748,4790,13577
full_step/4,2749,4789,13609
full_step/4,2750,4785,13578
full_step/4,2751,4791,13628
full_step/4,2752,4801,13662
full_step/4,2753,4797,13657
full_step/4,2754,4785,13614
full_step/4,2755,4781,13525
full_step/4,2756,4785,13557
full_step/4,2757,4788,13558
full_step/4,2758,4797,13599
full_step/4,2759,4795,13560
full_step/4,2760,4800,13603
full_step/4,2761,4794,13581
full_step/4,2762,4797,13616
full_step/4,2763,4792,13612
full_step/4,2764,4788,13602
full_step/4,2765,4790,13622
full_step/4,2766,4787,13577
full_step/4,2767,4789,13490
full_step/4,2768,4781,13461
full_step/4,2769,4783,13491
full_step/4,2770,4785,13440
full_step/4,2771,4788,13470
full_step/4,2772,4785,13499
full_step/4,2773,4778,13480
full_step/4,2774,4781,13520
full_step/4,2775,4782,13533
full_step/4,2776,4782,13525
full_step/4,2777,4779,13514
full_step/4,2778,4778,13559
full_step/4,2779,4780,13588
full_step/4,2780,4779,13609
full_step/4,2781,4777,13662
full_step/4,2782,4785,13687
full_step/4,2783,4781,13698
full_step/4,2784,4779,13674
full_step/4,2785,4779,13671
full_step/4,2786,4780,13672
full_step/4,2787,4782,13670
full_step/4,2788,4788,13650
full_step/4,2789,4783,13615
full_step/4,2790,4785,13607
full_step/4,2791,4782,13658
full_step/4,2792,4787,13663
full_step/4,2793,4790,13657
full_step/4,2794,4790,13651
full_step/4,2795,4781,13641
full_step/4,2796,4780,13585
full_step/4,2797,4782,13534
full_step/4,2798,4778,13525
full_step/4,2799,4784,13514
full_step/4,2800,4778,13523
full_step/4,2801,4779,13502
full_step/4,2802,4771,13485
full_step/4,2803,4778,13503
full_step/4,2804,4779,13494
full_step/4,2805,4774,13521
full_step/4,2806,4773,13536
full_step/4,2807,4776,13551
full_step/4,2808,4776,13538
full_step/4,2809,4777,13508
full_step/4,2810,4774,13475
full_step/4,2811,4775,13476
full_step/4,2812,4784,13511
full_step/4,2813,4778,13487
full_step/4,2814,4779,13463
full_step/4,2815,4770,13469
full_step/4,2816,4770,13489
full_step/4,2817,4777,13472
full_step/4,2818,4775,13461
full_step/4,2819,4783,13486
full_step/4,2820,4786,13510
full_step/4,2821,4780,13500
full_step/4,2822,4784,13500
full_step/4,2823,4783,13540
full_step/4,2824,4773,13533
full_step/4,2825,4772,13538
full_step/4,2826,4776,13567
full_step/4,2827,4775,13552
full_step/4,2828,4775,13596
full_step/4,2829,4773,13607
full_step/4,2830,4759,13613
full_step/4,2831,4761,13612
full_step/4,2832,4768,13625
full_step/4,2833,4768,13612
full_step/4,2834,4769,13612
full_step/4,2835,4767,13600
full_step/4,2836,4770,13616
full_step/4,2837,4761,13579
full_step/4,2838,4765,13579
full_step/4,2839,4755,13550
full_step/4,2840,4754,13537
full_step/4,2841,4754,13587
full_step/4,2842,4761,13549
full_step/4,2843,4757,13535
full_step/4,2844,4754,13488
full_step/4,2845,4750,13463
full_step/4,2846,4754,13514
full_step/4,2847,4759,13569
full_step/4,2848,4755,13625
full_step/4,2849,4760,13605
full_step/4,2850,4764,13629
full_step/4,2851,4764,13625
full_step/4,2852,4764,13627
full_step/4,2853,4764,13590
full_step/4,2854,4761,13522
full_step/4,2855,4768,13539
full_step/4,2856,4769,13570
full_step/4,2857,4765,13575
full_step/4,2858,4771,13592
full_step/4,2859,4766,13591
full_step/4,2860,4766,13609
full_step/4,2861,4768,13564
full_step/4,2862,4773,13543
full_step/4,2863,4766,13558
full_step/4,2864,4764,13564
full_step/4,2865,4761,13518
full_step/4,2866,4763,13532
full_step/4,2867,4764,13490
full_step/4,2868,4768,13493
full_step/4,2869,4767,13534
full_step/4,2870,4772,13530
full_step/4,2871,4765,13531
full_step/4,2872,4761,13513
full_step/4,2873,4762,13467
full_step/4,2874,4759,13462
full_step/4,2875,4760,13440
full_step/4,2876,4767,13450
full_step/4,2877,4759,13394
full_step/4,2878,4760,13447
full_step/4,2879,4765,13428
full_step/4,2880,4765,13463
full_step/4,2881,4764,13487
full_step/4,2882,4770,13459
full_step/4,2883,4772,13456
full_step/4,2884,4770,13481
full_step/4,2885,4769,13454
full_step/4,2886,4769,13445
full_step/4,2887,4766,13467
full_step/4,2888,4771,13504
full_step/4,2889,4764,13505
full_step/4,2890,4762,13526
full_step/4,2891,4760,13520
full_step/4,2892,4751,13414
full_step/4,2893,4750,13459
full_step/4,2894,4753,13519
full_step/4,2895,4753,13534
full_step/4,2896,4756,13492
full_step/4,2897,4745,13445
full_step/4,2898,4755,13479
full_step/4,2899,4750,13451
full_step/4,2900,4755,13460
full_step/4,2901,4756,13489
full_step/4,2902,4755,13471
full_step/4,2903,4755,13447
full_step/4,2904,4755,13472
full_step/4,2905,4755,13484
full_step/4,2906,4751,13522
full_step/4,2907,4749,13514
full_step/4,2908,4755,13480
full_step/4,2909,4759,13496
full_step/4,2910,4750,13507
full_step/4,2911,4755,13569
full_step/4,2912,4758,13630
full_step/4,2913,4757,13649
full_step/4,2914,4760,13589
full_step/4,2915,4752,13540
full_step/4,2916,4756,13589
full_step/4,2917,4749,13574
full_step/4,2918,4747,13563
full_step/4,2919,4749,13558
full_step/4,2920,4756,13573
full_step/4,2921,4752,13514
full_step/4,2922,4750,13572
full_step/4,2923,4751,13549
full_step/4,2924,4752,13533
full_step/4,2925,4750,13480
full_step/4,2926,4763,13527
full_step/4,2927,4763,13547
full_step/4,2928,4758,13518
full_step/4,2929,4753,13555
full_step/4,2930,4750,13579
full_step/4,2931,4757,13567
full_step/4,2932,4755,13608
full_step/4,2933,4752,13581
full_step/4,2934,4747,13510
full_step/4,2935,4756,13509
full_step/4,2936,4755,13531
full_step/4,2937,4751,13552
full_step/4,2938,4756,13571
full_step/4,2939,4760,13534
full_step/4,2940,4767,13577
full_step/4,2941,4764,13583
full_step/4,2942,4761,13580
full_step/4,2943,4756,13600
full_step/4,2944,4751,13585
full_step/4,2945,4754,13544
full_step/4,2946,4758,13493
full_step/4,2947,4760,13484
full_step/4,2948,4756,13458
full_step/4,2949,4753,13461
full_step/4,2950,4754,13461
full_step/4,2951,4756,13424
full_step/4,2952,4754,13419
full_step/4,2953,4749,13389
full_step/4,2954,4756,13458
full_step/4,2955,4751,13493
full_step/4,2956,4750,13465
full_step/4,2957,4759,13461
full_step/4,2958,4757,13452
full_step/4,2959,4760,13464
full_step/4,2960,4759,13489
full_step/4,2961,4749,13448
full_step/4,2962,4754,13473
full_step/4,2963,4754,13469
full_step/4,2964,4754,13435
full_step/4,2965,4755,13432
full_step/4,2966,4754,13390
full_step/4,2967,4753,13436
full_step/4,2968,4755,13443
full_step/4,2969,4750,13422
full_step/4,2970,4751,13460
full_step/4,2971,4758,13504
full_step/4,2972,4755,13508
full_step/4,2973,4760,13510
full_step/4,2974,4753,13541
full_step/4,2975,4760,13581
full_step/4,2976,4755,13583
full_step/4,2977,4761,13545
full_step/4,2978,4766,13543
full_step/4,2979,4760,13535
full_step/4,2980,4760,13520
full_step/4,2981,4765,13513
full_step/4,2982,4765,13491
full_step/4,2983,4762,13548
full_step/4,2984,4769,13486
full_step/4,2985,4759,13447
full_step/4,2986,4767,13457
full_step/4,2987,4777,13463
full_step/4,2988,4773,13448
full_step/4,2989,4771,13417
full_step/4,2990,4766,13370
full_step/4,2991,4757,13387
full_step/4,2992,4761,13409
full_step/4,2993,4756,13417
full_step/4,2994,4761,13428
full_step/4,2995,4765,13488
full_step/4,2996,4768,13409
full_step/4,2997,4768,13414
full_step/4,2998,4767,13407
full_step/4,2999,4769,13404
full_step/4,3000,4761,13378
