step,wall_ns,manifolds,pairs,top_y,awake,void,colors,wide_colors,waves,g_ns,u_ns,r_ns,sys_sum_ns,disp_lane,worker_lane_max,sys_physics_integrate_ns,sys_physics_integrate_n,sys_physics_gather_ns,sys_physics_gather_n,sys_select_broadphase_ns,sys_select_broadphase_n,sys_physics_broadphase_colored_ns,sys_physics_broadphase_colored_n,sys_physics_narrowphase_colored_ns,sys_physics_narrowphase_colored_n,sys_physics_build_graph_ns,sys_physics_build_graph_n,sys_physics_solve_colored_ns,sys_physics_solve_colored_n,sys_physics_apply_ns,sys_physics_apply_n,phys_solve_build_ns,phys_solve_build_n,phys_gravity_ns,phys_gravity_n,phys_warm_apply_ns,phys_warm_apply_n,phys_integrate_ns,phys_integrate_n,phys_pass_biased_ns,phys_pass_biased_n,phys_pass_relax_ns,phys_pass_relax_n,phys_color_wide_ns,phys_color_wide_n,phys_color_narrow_ns,phys_color_narrow_n,phys_restitution_ns,phys_restitution_n,phys_store_ns,phys_store_n,phys_write_back_ns,phys_write_back_n,phys_sleep_begin_ns,phys_sleep_begin_n,phys_sleep_freeze_ns,phys_sleep_freeze_n,phys_sleep_end_ns,phys_sleep_end_n,phys_sleep_classify_ns,phys_sleep_classify_n,phys_np_dispatch_ns,phys_np_dispatch_n,phys_np_compact_ns,phys_np_compact_n,phys_np_axis_commit_ns,phys_np_axis_commit_n,phys_bp_verify_ns,phys_bp_verify_n,phys_bp_build_ns,phys_bp_build_n,phys_bp_query_ns,phys_bp_query_n,phys_bp_assemble_ns,phys_bp_assemble_n,phys_sb_bodies_ns,phys_sb_bodies_n,phys_sb_pa_ns,phys_sb_pa_n,phys_sb_pb_ns,phys_sb_pb_n,phys_sb_pc_ns,phys_sb_pc_n,phys_slots_wide,phys_slots_wide_n,phys_slots_narrow,phys_slots_narrow_n,phys_np_pairs,phys_np_pairs_n,phys_np_manifolds,phys_np_manifolds_n,phys_np_points,phys_np_points_n,phys_bp_pairs,phys_bp_pairs_n,phys_np_chunks,phys_np_chunks_n,phys_bp_queried,phys_bp_queried_n,phys_bp_members,phys_bp_members_n,phys_bp_rebuilds,phys_bp_rebuilds_n,phys_np_reused,phys_np_reused_n,phys_np_sep_hits,phys_np_sep_hits_n,phys_np_full,phys_np_full_n,phys_sleep_held,phys_sleep_held_n,phys_wave_ramp,phys_wave_ramp_n,phys_wave_tail,phys_wave_tail_n,phys_wave_inflight,phys_wave_inflight_n,phys_wave_lanes,phys_wave_lanes_n,phys_wave_overflow,phys_wave_overflow_n,phys_color_scopes,phys_color_scopes_n,phys_color_tasks,phys_color_tasks_n,phys_route_worker,phys_route_worker_n,phys_route_external,phys_route_external_n,phys_hist_colors_lt32,phys_hist_colors_lt32_n,phys_hist_colors_lt64,phys_hist_colors_lt64_n,phys_hist_colors_lt128,phys_hist_colors_lt128_n,phys_hist_colors_lt256,phys_hist_colors_lt256_n,phys_hist_colors_ge256,phys_hist_colors_ge256_n,phys_hist_slots_lt32,phys_hist_slots_lt32_n,phys_hist_slots_lt64,phys_hist_slots_lt64_n,phys_hist_slots_lt128,phys_hist_slots_lt128_n,phys_hist_slots_lt256,phys_hist_slots_lt256_n,phys_hist_slots_ge256,phys_hist_slots_ge256_n,phys_s6_graph_hit,phys_s6_graph_hit_n,phys_s6_pb_hit,phys_s6_pb_hit_n,phys_np_wave_ramp,phys_np_wave_ramp_n,phys_np_wave_tail,phys_np_wave_tail_n,phys_np_wave_inflight,phys_np_wave_inflight_n,phys_np_wave_lanes,phys_np_wave_lanes_n,phys_np_wave_overflow,phys_np_wave_overflow_n,phys_wave_join,phys_wave_join_n,phys_wave_helped,phys_wave_helped_n,phys_wave_first_ramp,phys_wave_first_ramp_n,phys_wave_first_tail,phys_wave_first_tail_n,phys_wave_pass_ramp,phys_wave_pass_ramp_n,phys_np_wave_join,phys_np_wave_join_n,phys_np_route_worker,phys_np_route_worker_n,phys_setup_chunks,phys_setup_chunks_n,phys_setup_stamped,phys_setup_stamped_n
0,18109300,4495,9570,35.998295,,0,9,9,108,104969,22253,7214,18004331,16,192,962,1,232742,1,351,1,470513,1,3111510,1,148649,1,14028373,1,11232,1,592841,1,14959,4,544537,4,70126,4,4297693,4,8437980,8,12728459,108,0,0,3868,1,41370,1,2745,1,0,0,0,0,0,0,0,0,0,0,0,0,0,0,44106,1,109242,1,238864,1,52662,1,32974,1,105024,1,242701,1,209376,1,17980,1,0,1,9570,1,4495,1,17980,1,9570,1,0,1,1241,1,0,1,0,1,0,1,0,1,9570,1,0,0,0,1,0,1,0,1,0,1,0,1,0,1,0,1,0,1,0,1,0,1,0,1,0,1,0,1,9,1,0,1,0,1,0,1,0,1,17980,1,0,1,0,1,0,0,0,0,0,0,0,0,0,0,0,1,0,1,0,1,0,1,0,1,0,0,0,0,0,1,0,0
1,14116000,4300,9570,35.993866,,0,9,8,96,58551,10260,7164,14057449,16,192,421,1,49286,1,60,1,373896,1,1013658,1,106336,1,12502611,1,11182,1,441206,1,8777,4,528546,4,68022,4,3850435,4,7545137,8,11365513,96,22894,12,3487,1,43985,1,2755,1,0,0,0,0,0,0,0,0,0,0,0,0,0,0,7485,1,70036,1,237631,1,57582,1,3216,1,72581,1,29076,1,335632,1,16277,1,27,1,9570,1,4300,1,16304,1,9570,1,0,1,1241,1,0,1,0,1,4495,1,5075,1,0,1,0,0,0,1,0,1,0,1,0,1,0,1,0,1,0,1,0,1,0,1,1,1,0,1,0,1,0,1,8,1,27,1,0,1,0,1,0,1,16277,1,0,1,0,1,0,0,0,0,0,0,0,0,0,0,0,1,0,1,0,1,0,1,0,1,0,0,0,0,0,1,0,0
2,13682100,4339,9570,35.986713,,0,9,8,96,56098,10050,6793,13626002,16,192,832,1,26982,1,571,1,294752,1,672165,1,99453,1,12520195,1,11051,1,404104,1,8346,4,543215,4,72290,4,3863841,4,7570386,8,11398227,96,29207,12,3617,1,41691,1,2655,1,0,0,0,0,0,0,0,0,0,0,0,0,0,0,36631,1,54446,1,172926,1,29307,1,2635,1,5972,1,29337,1,365790,1,16269,1,36,1,9570,1,4339,1,16305,1,9570,1,0,1,1240,1,1,1,1,1,4495,1,5075,1,0,1,0,0,0,1,0,1,0,1,0,1,0,1,0,1,0,1,0,1,0,1,0,1,1,1,0,1,0,1,8,1,0,1,36,1,0,1,0,1,16269,1,0,1,0,1,0,0,0,0,0,0,0,0,0,0,0,1,0,1,0,1,0,1,0,1,0,0,0,0,0,1,0,0
3,13655200,4335,9570,35.976837,,0,9,8,96,55449,12194,1984,13599751,16,192,261,1,26301,1,140,1,262720,1,672365,1,98992,1,12527740,1,11232,1,362113,1,8386,4,560218,4,75356,4,3877217,4,7586437,8,11437283,96,24387,12,3617,1,39577,1,2625,1,0,0,0,0,0,0,0,0,0,0,0,0,0,0,5992,1,54516,1,172545,1,27934,1,3156,1,15530,1,29016,1,314020,1,16306,1,30,1,9570,1,4335,1,16336,1,9570,1,0,1,1240,1,1,1,0,1,4495,1,5075,1,0,1,0,0,0,1,0,1,0,1,0,1,0,1,0,1,0,1,0,1,0,1,1,1,0,1,0,1,0,1,8,1,30,1,0,1,0,1,0,1,16306,1,0,1,0,1,0,0,0,0,0,0,0,0,0,0,0,1,0,1,0,1,0,1,0,1,0,0,0,0,0,1,0,0
4,13567600,4329,9570,35.964233,,0,9,8,96,55810,16031,2165,13511790,16,192,381,1,26582,1,110,1,262399,1,670191,1,98451,1,12442504,1,11172,1,352254,1,8817,4,501944,4,66720,4,3865544,4,7579634,8,11418256,96,24758,12,3597,1,45218,1,2745,1,0,0,0,0,0,0,0,0,0,0,0,0,0,0,6152,1,55468,1,171283,1,27964,1,2655,1,5551,1,28756,1,314851,1,16296,1,31,1,9570,1,4329,1,16327,1,9570,1,0,1,1240,1,1,1,0,1,4495,1,5075,1,0,1,0,0,0,1,0,1,0,1,0,1,0,1,0,1,0,1,0,1,0,1,1,1,0,1,0,1,0,1,8,1,31,1,0,1,0,1,0,1,16296,1,0,1,0,1,0,0,0,0,0,0,0,0,0,0,0,1,0,1,0,1,0,1,0,1,0,0,0,0,0,1,0,0
5,13659200,4324,9570,35.948902,,0,9,8,96,56834,10771,2827,13602366,16,192,351,1,26461,1,180,1,262790,1,671173,1,98481,1,12532088,1,10841,1,370118,1,9859,4,535439,4,79334,4,3886675,4,7588792,8,11449696,96,22945,12,3797,1,44607,1,2695,1,0,0,0,0,0,0,0,0,0,0,0,0,0,0,6422,1,55077,1,171944,1,28004,1,2745,1,5451,1,28876,1,332606,1,16313,1,28,1,9570,1,4324,1,16341,1,9570,1,0,1,1240,1,1,1,0,1,4495,1,5075,1,0,1,0,0,0,1,0,1,0,1,0,1,0,1,0,1,0,1,0,1,0,1,1,1,0,1,0,1,0,1,8,1,28,1,0,1,0,1,0,1,16313,1,0,1,0,1,0,0,0,0,0,0,0,0,0,0,0,1,0,1,0,1,0,1,0,1,0,0,0,0,0,1,0,0
6,13596300,4326,9570,35.93085,,0,9,8,96,39533,9729,2275,13556767,16,192,140,1,27734,1,120,1,252681,1,671484,1,97078,1,12496128,1,11402,1,355881,1,9068,4,537253,4,68082,4,3872277,4,7594643,8,11439427,96,25219,12,3948,1,42643,1,2605,1,0,0,0,0,0,0,0,0,0,0,0,0,0,0,6082,1,54025,1,163447,1,28335,1,2695,1,5561,1,28716,1,318679,1,16318,1,31,1,9570,1,4326,1,16349,1,9570,1,0,1,1240,1,1,1,0,1,4495,1,5075,1,0,1,0,0,0,1,0,1,0,1,0,1,0,1,0,1,0,1,0,1,0,1,1,1,0,1,0,1,0,1,8,1,31,1,0,1,0,1,0,1,16318,1,0,1,0,1,0,0,0,0,0,0,0,0,0,0,0,1,0,1,0,1,0,1,0,1,0,0,0,0,0,1,0,0
7,13599200,4319,9570,35.910072,,0,9,8,96,43254,9399,2115,13555946,16,192,60,1,27924,1,100,1,251017,1,669249,1,97730,1,12498874,1,10991,1,354257,1,15230,4,500321,4,75567,4,3878389,4,7615805,8,11469966,96,22113,12,3607,1,43174,1,3126,1,0,0,0,0,0,0,0,0,0,0,0,0,0,0,5631,1,53584,1,162606,1,28305,1,2625,1,5581,1,28826,1,317066,1,16316,1,27,1,9570,1,4319,1,16343,1,9570,1,0,1,1240,1,1,1,0,1,4495,1,5075,1,0,1,0,0,0,1,0,1,0,1,0,1,0,1,0,1,0,1,0,1,0,1,1,1,0,1,0,1,0,1,8,1,27,1,0,1,0,1,0,1,16316,1,0,1,0,1,0,0,0,0,0,0,0,0,0,0,0,1,0,1,0,1,0,1,0,1,0,0,0,0,0,1,0,0
8,13557000,4316,9570,35.88657,,0,9,8,96,42435,9649,2455,13514565,16,192,30,1,28105,1,90,1,246959,1,669670,1,99543,1,12459106,1,11061,1,359548,1,9769,4,499049,4,75597,4,3860344,4,7599012,8,11435218,96,21682,12,3517,1,40038,1,2585,1,0,0,0,0,0,0,0,0,0,0,0,0,0,0,5891,1,55277,1,157035,1,28235,1,2635,1,5531,1,29096,1,321654,1,16293,1,27,1,9570,1,4316,1,16320,1,9570,1,0,1,1240,1,1,1,0,1,4495,1,5075,1,0,1,0,0,0,1,0,1,0,1,0,1,0,1,0,1,0,1,0,1,0,1,1,1,0,1,0,1,0,1,8,1,27,1,0,1,0,1,0,1,16293,1,0,1,0,1,0,0,0,0,0,0,0,0,0,0,0,1,0,1,0,1,0,1,0,1,0,0,0,0,0,1,0,0
9,13550500,4312,9570,35.86034,,0,9,8,96,42127,9218,1934,13508373,16,192,150,1,27884,1,100,1,244174,1,672235,1,98161,1,12454688,1,10981,1,351693,1,9388,4,500772,4,67291,4,3865494,4,7592730,8,11441741,96,14548,12,4539,1,50228,1,3336,1,0,0,0,0,0,0,0,0,0,0,0,0,0,0,5821,1,54195,1,154530,1,28986,1,2946,1,5541,1,28996,1,313990,1,16297,1,18,1,9570,1,4312,1,16315,1,9570,1,0,1,1240,1,1,1,0,1,4495,1,5075,1,0,1,0,0,0,1,0,1,0,1,0,1,0,1,0,1,0,1,0,1,0,1,1,1,0,1,0,1,0,1,8,1,18,1,0,1,0,1,0,1,16297,1,0,1,0,1,0,0,0,0,0,0,0,0,0,0,0,1,0,1,0,1,0,1,0,1,0,0,0,0,0,1,0,0
10,13564300,4307,9570,35.831387,,0,9,8,96,42871,9388,1964,13521429,16,192,240,1,27964,1,10,1,241729,1,668558,1,99032,1,12472893,1,11001,1,359578,1,10510,4,510391,4,66609,4,3875143,4,7587519,8,11449366,96,11332,12,4980,1,45819,1,2956,1,0,0,0,0,0,0,0,0,0,0,0,0,0,0,5781,1,53554,1,153708,1,27804,1,2755,1,5531,1,28696,1,322366,1,16300,1,14,1,9570,1,4307,1,16314,1,9570,1,0,1,1240,1,1,1,0,1,4495,1,5075,1,0,1,0,0,0,1,0,1,0,1,0,1,0,1,0,1,0,1,0,1,0,1,1,1,0,1,0,1,0,1,8,1,14,1,0,1,0,1,0,1,16300,1,0,1,0,1,0,0,0,0,0,0,0,0,0,0,0,1,0,1,0,1,0,1,0,1,0,0,0,0,0,1,0,0
11,13550100,4307,9570,35.79971,,0,9,8,96,43210,9689,2616,13506890,16,192,180,1,27483,1,20,1,245697,1,670331,1,98682,1,12453576,1,10921,1,351883,1,10110,4,502756,4,66289,4,3858851,4,7602108,8,11450007,96,8336,12,4378,1,44136,1,3377,1,0,0,0,0,0,0,0,0,0,0,0,0,0,0,5270,1,57772,1,153408,1,28606,1,2675,1,5521,1,29016,1,314511,1,16310,1,10,1,9570,1,4307,1,16320,1,9570,1,0,1,1240,1,1,1,0,1,4495,1,5075,1,0,1,0,0,0,1,0,1,0,1,0,1,0,1,0,1,0,1,0,1,0,1,1,1,0,1,0,1,0,1,8,1,10,1,0,1,0,1,0,1,16310,1,0,1,0,1,0,0,0,0,0,0,0,0,0,0,0,1,0,1,0,1,0,1,0,1,0,0,0,0,0,1,0,0
12,13556700,4306,9570,35.765305,,0,9,8,96,41443,10039,2665,13515257,16,192,100,1,28275,1,40,1,250156,1,674610,1,97740,1,12452133,1,12204,1,353196,1,10009,4,503838,4,73072,4,3863049,4,7581197,8,11429858,96,11723,12,5020,1,48715,1,3998,1,0,0,0,0,0,0,0,0,0,0,0,0,0,0,5671,1,56470,1,156263,1,31060,1,3326,1,5481,1,28916,1,315162,1,16316,1,14,1,9570,1,4306,1,16330,1,9570,1,0,1,1240,1,1,1,0,1,4495,1,5075,1,0,1,0,0,0,1,0,1,0,1,0,1,0,1,0,1,0,1,0,1,0,1,1,1,0,1,0,1,0,1,8,1,14,1,0,1,0,1,0,1,16316,1,0,1,0,1,0,0,0,0,0,0,0,0,0,0,0,1,0,1,0,1,0,1,0,1,0,0,0,0,0,1,0,0
13,13575400,4306,9570,35.728176,,0,9,8,96,42479,9749,1974,13532921,16,192,10,1,28525,1,100,1,249895,1,673037,1,97339,1,12473003,1,11011,1,381010,1,7996,4,500642,4,65607,4,3864813,4,7587359,8,11440449,96,9749,12,4529,1,47402,1,3898,1,0,0,0,0,0,0,0,0,0,0,0,0,0,0,5330,1,56159,1,158067,1,29507,1,2505,1,6042,1,28826,1,343447,1,16323,1,12,1,9570,1,4306,1,16335,1,9570,1,0,1,1240,1,1,1,0,1,4495,1,5075,1,0,1,0,0,0,1,0,1,0,1,0,1,0,1,0,1,0,1,0,1,0,1,1,1,0,1,0,1,0,1,8,1,12,1,0,1,0,1,0,1,16323,1,0,1,0,1,0,0,0,0,0,0,0,0,0,0,0,1,0,1,0,1,0,1,0,1,0,0,0,0,0,1,0,0
14,13627900,4307,9570,35.688324,,0,9,8,96,43038,9108,1855,13584862,16,192,10,1,28155,1,110,1,248342,1,672035,1,98902,1,12525966,1,11342,1,394095,1,9619,4,503748,4,66469,4,3870343,4,7620313,8,11475737,96,13065,12,4869,1,44066,1,3336,1,0,0,0,0,0,0,0,0,0,0,0,0,0,0,5992,1,58443,1,154179,1,28716,1,2715,1,6232,1,29407,1,355019,1,16324,1,16,1,9570,1,4307,1,16340,1,9570,1,0,1,1240,1,1,1,0,1,4495,1,5075,1,0,1,0,0,0,1,0,1,0,1,0,1,0,1,0,1,0,1,0,1,0,1,1,1,0,1,0,1,0,1,8,1,16,1,0,1,0,1,0,1,16324,1,0,1,0,1,0,0,0,0,0,0,0,0,0,0,0,1,0,1,0,1,0,1,0,1,0,0,0,0,0,1,0,0
15,13566900,4306,9570,35.64575,,0,9,8,96,46123,9238,2996,13520777,16,192,40,1,27383,1,80,1,251709,1,667686,1,99543,1,12463465,1,10871,1,381761,1,8326,4,500983,4,65948,4,3876846,4,7566158,8,11425400,96,14608,12,4899,1,45318,1,3988,1,0,0,0,0,0,0,0,0,0,0,0,0,0,0,5901,1,58393,1,152306,1,34357,1,2625,1,5501,1,28936,1,344469,1,16319,1,18,1,9570,1,4306,1,16337,1,9570,1,0,1,1240,1,1,1,0,1,4495,1,5075,1,0,1,0,0,0,1,0,1,0,1,0,1,0,1,0,1,0,1,0,1,0,1,1,1,0,1,0,1,0,1,8,1,18,1,0,1,0,1,0,1,16319,1,0,1,0,1,0,0,0,0,0,0,0,0,0,0,0,1,0,1,0,1,0,1,0,1,0,0,0,0,0,1,0,0
16,13589800,4303,9570,35.600445,,0,9,8,96,41870,10641,2516,13547930,16,192,20,1,27574,1,30,1,255847,1,671954,1,98331,1,12483263,1,10911,1,359177,1,16672,4,532975,4,66950,4,3866616,4,7581227,8,11430679,96,14648,12,3537,1,42553,1,2916,1,0,0,0,0,0,0,0,0,0,0,0,0,0,0,5551,1,59465,1,154189,1,35860,1,2625,1,5561,1,28956,1,321875,1,16322,1,18,1,9570,1,4303,1,16340,1,9570,1,0,1,1240,1,1,1,0,1,4495,1,5075,1,0,1,0,0,0,1,0,1,0,1,0,1,0,1,0,1,0,1,0,1,0,1,1,1,0,1,0,1,0,1,8,1,18,1,0,1,0,1,0,1,16322,1,0,1,0,1,0,0,0,0,0,0,0,0,0,0,0,1,0,1,0,1,0,1,0,1,0,0,0,0,0,1,0,0
17,13570500,4298,9570,35.552414,,0,9,8,96,40515,9418,2024,13529985,16,192,261,1,28085,1,180,1,250546,1,675541,1,104102,1,12460359,1,10911,1,358997,1,8106,4,514278,4,65898,4,3870413,4,7585566,8,11440889,96,13065,12,3938,1,40298,1,3447,1,0,0,0,0,0,0,0,0,0,0,0,0,0,0,5661,1,57592,1,155873,1,30549,1,2895,1,5571,1,29096,1,321294,1,16320,1,16,1,9570,1,4298,1,16336,1,9570,1,0,1,1240,1,1,1,0,1,4495,1,5075,1,0,1,0,0,0,1,0,1,0,1,0,1,0,1,0,1,0,1,0,1,0,1,1,1,0,1,0,1,0,1,8,1,16,1,0,1,0,1,0,1,16320,1,0,1,0,1,0,0,0,0,0,0,0,0,0,0,0,1,0,1,0,1,0,1,0,1,0,0,0,0,0,1,0,0
18,13595900,4298,9570,35.501663,,0,9,8,96,39513,11202,2165,13556387,16,192,30,1,27684,1,200,1,244655,1,670542,1,114152,1,12487261,1,11863,1,358225,1,8416,4,522003,4,65918,4,3867608,4,7598952,8,11451290,96,13105,12,5320,1,45959,1,3657,1,0,0,0,0,0,0,0,0,0,0,0,0,0,0,5701,1,53814,1,153779,1,30750,1,3587,1,5911,1,28555,1,319741,1,16318,1,16,1,9570,1,4298,1,16334,1,9570,1,0,1,1240,1,1,1,0,1,4495,1,5075,1,0,1,0,0,0,1,0,1,0,1,0,1,0,1,0,1,0,1,0,1,0,1,1,1,0,1,0,1,0,1,8,1,16,1,0,1,0,1,0,1,16318,1,0,1,0,1,0,0,0,0,0,0,0,0,0,0,0,1,0,1,0,1,0,1,0,1,0,0,0,0,0,1,0,0
19,13589300,4297,9570,35.448185,,0,9,8,96,44185,9338,2024,13545115,16,192,40,1,28165,1,110,1,262870,1,673928,1,98381,1,12470458,1,11162,1,391089,1,7825,4,502956,4,66209,4,3868259,4,7568272,8,11424678,96,9829,12,5110,1,47402,1,3998,1,0,0,0,0,0,0,0,0,0,0,0,0,0,0,6483,1,62010,1,157876,1,35689,1,2825,1,5601,1,28886,1,353536,1,16322,1,12,1,9570,1,4297,1,16334,1,9570,1,0,1,1240,1,1,1,0,1,4495,1,5075,1,0,1,0,0,0,1,0,1,0,1,0,1,0,1,0,1,0,1,0,1,0,1,1,1,0,1,0,1,0,1,8,1,12,1,0,1,0,1,0,1,16322,1,0,1,0,1,0,0,0,0,0,0,0,0,0,0,0,1,0,1,0,1,0,1,0,1,0,0,0,0,0,1,0,0
20,17107100,5077,9570,35.391983,,0,14,12,144,47312,10781,3106,17059788,16,252,10,1,29026,1,90,1,270976,1,1107931,1,135854,1,15503937,1,11963,1,521803,1,13366,4,598582,4,71288,4,4796101,4,9424315,8,14032931,144,184378,24,4158,1,59936,1,3607,1,0,0,0,0,0,0,0,0,0,0,0,0,0,0,6242,1,61229,1,166453,1,36361,1,2836,1,32814,1,78242,1,407752,1,19225,1,232,1,9570,1,5077,1,19457,1,9570,1,0,1,1240,1,1,1,0,1,4495,1,4291,1,784,1,0,0,0,1,0,1,0,1,0,1,0,1,0,1,0,1,0,1,0,1,0,1,1,1,0,1,1,1,12,1,0,1,36,1,0,1,196,1,19225,1,0,1,0,1,0,0,0,0,0,0,0,0,0,0,0,1,0,1,0,1,0,1,0,1,0,0,0,0,0,1,0,0
21,15905300,4687,9570,35.333054,,0,13,10,120,51273,11422,3529,15854027,16,240,80,1,28075,1,190,1,260205,1,1786197,1,114011,1,13654307,1,10961,1,485442,1,9859,4,533466,4,66830,4,4209662,4,8270005,8,12249378,120,226760,36,11582,1,50869,1,5170,1,0,0,0,0,0,0,0,0,0,0,0,0,0,0,5901,1,55959,1,168197,1,29327,1,3036,1,14188,1,31341,1,436598,1,16937,1,281,1,9570,1,4687,1,17218,1,9570,1,0,1,1240,1,1,1,0,1,2756,1,4291,1,2523,1,0,0,0,1,0,1,0,1,0,1,0,1,0,1,0,1,0,1,0,1,1,1,1,1,0,1,1,1,10,1,8,1,49,1,0,1,224,1,16937,1,0,1,0,1,0,0,0,0,0,0,0,0,0,0,0,1,0,1,0,1,0,1,0,1,0,0,0,0,0,1,0,0
22,15413300,4536,9570,35.2714,,0,12,10,120,42090,9799,2375,15371210,16,228,170,1,27453,1,250,1,258642,1,1645554,1,132397,1,13295721,1,11021,1,424905,1,9238,4,577922,4,67802,4,4110470,4,8045749,8,12045623,120,108220,24,3947,1,42102,1,3787,1,0,0,0,0,0,0,0,0,0,0,0,0,0,0,5631,1,54887,1,167866,1,29387,1,3957,1,6683,1,30439,1,383645,1,16654,1,137,1,9570,1,4536,1,16791,1,9570,1,0,1,1240,1,1,1,0,1,2756,1,4748,1,2066,1,0,0,0,1,0,1,0,1,0,1,0,1,0,1,0,1,0,1,0,1,1,1,0,1,1,1,0,1,10,1,13,1,0,1,124,1,0,1,16654,1,0,1,0,1,0,0,0,0,0,0,0,0,0,0,0,1,0,1,0,1,0,1,0,1,0,0,0,0,0,1,0,0
23,15040800,4464,9570,35.207024,,0,12,10,120,41913,9569,2485,14998887,16,228,40,1,27744,1,190,1,266588,1,1553806,1,107549,1,13029133,1,13837,1,390769,1,10230,4,508507,4,66990,4,4038780,4,7950073,8,11928737,120,57632,24,4569,1,46500,1,3146,1,0,0,0,0,0,0,0,0,0,0,0,0,0,0,5561,1,59155,1,167395,1,33746,1,2665,1,5741,1,29617,1,352524,1,16487,1,73,1,9570,1,4464,1,16560,1,9570,1,0,1,1240,1,1,1,0,1,2756,1,4935,1,1879,1,0,0,0,1,0,1,0,1,0,1,0,1,0,1,0,1,0,1,0,1,1,1,0,1,1,1,0,1,10,1,4,1,0,1,69,1,0,1,16487,1,0,1,0,1,0,0,0,0,0,0,0,0,0,0,0,1,0,1,0,1,0,1,0,1,0,0,0,0,0,1,0,0
24,14803900,4397,9570,35.13992,,0,12,9,108,40590,9679,3277,14763310,16,228,100,1,27884,1,120,1,262690,1,1497206,1,121897,1,12842641,1,10771,1,367584,1,10871,4,505030,4,66820,4,3998893,4,7835701,8,11589929,108,241389,36,4268,1,41150,1,2645,1,0,0,0,0,0,0,0,0,0,0,0,0,0,0,5831,1,57462,1,170591,1,28175,1,2565,1,5651,1,29187,1,330031,1,16064,1,305,1,9570,1,4397,1,16369,1,9570,1,0,1,1240,1,1,1,0,1,2756,1,5015,1,1799,1,0,0,0,1,0,1,0,1,0,1,0,1,0,1,0,1,0,1,0,1,1,1,1,1,0,1,1,1,9,1,4,1,56,1,0,1,245,1,16064,1,0,1,0,1,0,0,0,0,0,0,0,0,0,0,0,1,0,1,0,1,0,1,0,1,0,0,0,0,0,1,0,0
25,14713700,4359,9570,35.07009,,0,11,9,108,42610,9749,2456,14671090,16,216,60,1,26952,1,200,1,256358,1,1459032,1,104583,1,12812653,1,11252,1,407160,1,8386,4,535900,4,66880,4,3967993,4,7771957,8,11572104,108,165391,24,4689,1,37212,1,2725,1,0,0,0,0,0,0,0,0,0,0,0,0,0,0,5180,1,54245,1,167505,1,28465,1,2625,1,5541,1,29086,1,369728,1,16056,1,209,1,9570,1,4359,1,16265,1,9570,1,0,1,1240,1,1,1,0,1,2757,1,5097,1,1716,1,0,0,0,1,0,1,0,1,0,1,0,1,0,1,0,1,0,1,0,1,0,1,1,1,0,1,1,1,9,1,0,1,32,1,0,1,177,1,16056,1,0,1,0,1,0,0,0,0,0,0,0,0,0,0,0,1,0,1,0,1,0,1,0,1,0,0,0,0,0,1,0,0
26,14615700,4312,9570,34.997536,,0,11,9,108,63130,9639,2335,14552570,16,216,291,1,26682,1,90,1,254224,1,1457830,1,122137,1,12679925,1,11392,1,377573,1,8657,4,506744,4,67311,4,3942914,4,7717512,8,11516236,108,141855,24,4528,1,42242,1,2805,1,0,0,0,0,0,0,0,0,0,0,0,0,0,0,5240,1,54145,1,166233,1,27854,1,2996,1,5461,1,28776,1,340040,1,15990,1,179,1,9570,1,4312,1,16169,1,9570,1,0,1,1240,1,1,1,0,1,2756,1,5145,1,1669,1,0,0,0,1,0,1,0,1,0,1,0,1,0,1,0,1,0,1,0,1,1,1,0,1,0,1,1,1,9,1,28,1,0,1,0,1,151,1,15990,1,0,1,0,1,0,0,0,0,0,0,0,0,0,0,0,1,0,1,0,1,0,1,0,1,0,0,0,0,0,1,0,0
27,14681700,4295,9570,34.92226,,0,11,9,108,80666,9669,2345,14601034,16,216,60,1,27734,1,110,1,254724,1,1462790,1,115765,1,12722327,1,17524,1,414264,1,9418,4,493358,4,67341,4,3928687,4,7716149,8,11517578,108,124912,24,7374,1,73032,1,3036,1,0,0,0,0,0,0,0,0,0,0,0,0,0,0,5581,1,54456,1,165822,1,28215,1,3306,1,5581,1,28676,1,376411,1,15966,1,157,1,9570,1,4295,1,16123,1,9570,1,0,1,1240,1,1,1,0,1,2756,1,5196,1,1618,1,0,0,0,1,0,1,0,1,0,1,0,1,0,1,0,1,0,1,0,1,1,1,0,1,0,1,1,1,9,1,8,1,0,1,0,1,149,1,15966,1,0,1,0,1,0,0,0,0,0,0,0,0,0,0,0,1,0,1,0,1,0,1,0,1,0,0,0,0,0,1,0,0
28,17476100,4934,9570,34.844257,,0,14,11,132,55953,10571,3136,17420147,16,252,261,1,33776,1,491,1,267058,1,1790015,1,154811,1,15162855,1,10881,1,488067,1,8887,4,604794,4,67521,4,4701126,4,9228054,8,13610121,132,315923,36,4639,1,46360,1,2836,1,0,0,0,0,0,0,0,0,0,0,0,0,0,0,6853,1,59035,1,171092,1,28846,1,4038,1,10470,1,42172,1,431207,1,18359,1,400,1,9570,1,4934,1,18759,1,9570,1,0,1,1240,1,1,1,0,1,2761,1,4556,1,2253,1,0,0,0,1,0,1,0,1,0,1,0,1,0,1,0,1,0,1,0,1,1,1,0,1,0,1,2,1,11,1,20,1,0,1,0,1,380,1,18359,1,0,1,0,1,0,0,0,0,0,0,0,0,0,0,0,1,0,1,0,1,0,1,0,1,0,0,0,0,0,1,0,0
29,16565700,4786,9570,34.763527,,0,15,11,132,45390,10280,3016,16520310,16,264,10,1,26832,1,210,1,260185,1,2056532,1,121947,1,14043302,1,11292,1,449312,1,9007,4,622989,4,67591,4,4333432,4,8489801,8,12628726,132,191491,48,4889,1,53313,1,2685,1,0,0,0,0,0,0,0,0,0,0,0,0,0,0,5681,1,55808,1,169830,1,28365,1,2665,1,22444,1,32092,1,391911,1,17137,1,243,1,9570,1,4786,1,17380,1,9570,1,0,1,1240,1,1,1,0,1,2156,1,4210,1,3204,1,0,0,0,1,0,1,0,1,0,1,0,1,0,1,0,1,0,1,0,1,2,1,0,1,1,1,1,1,11,1,8,1,0,1,64,1,171,1,17137,1,0,1,0,1,0,0,0,0,0,0,0,0,0,0,0,1,0,1,0,1,0,1,0,1,0,0,0,0,0,1,0,0
30,16075600,4665,9570,34.680073,,0,14,11,132,64268,10560,2566,16011332,16,252,90,1,33806,1,180,1,263121,1,1943302,1,118019,1,13636452,1,16362,1,424604,1,7515,4,529458,4,68022,4,4253066,4,8307207,8,12427004,132,130704,36,3206,1,30229,1,2585,1,0,0,0,0,0,0,0,0,0,0,0,0,0,0,5621,1,54085,1,173146,1,29006,1,2866,1,6022,1,31621,1,383845,1,16875,1,161,1,9570,1,4665,1,17036,1,9570,1,0,1,1240,1,1,1,0,1,2156,1,4524,1,2890,1,0,0,0,1,0,1,0,1,0,1,0,1,0,1,0,1,0,1,0,1,1,1,1,1,1,1,0,1,11,1,4,1,36,1,121,1,0,1,16875,1,0,1,0,1,0,0,0,0,0,0,0,0,0,0,0,1,0,1,0,1,0,1,0,1,0,0,0,0,0,1,0,0
31,15657600,4617,9570,34.593895,,0,14,11,132,60051,9068,2846,15597549,16,252,60,1,26331,1,120,1,253582,1,1853518,1,115324,1,13332913,1,15700,1,302738,1,7244,4,522424,4,64475,4,4195915,4,8202503,8,12241063,132,154510,36,3096,1,22884,1,2565,1,0,0,0,0,0,0,0,0,0,0,0,0,0,0,5070,1,51921,1,169218,1,27063,1,2896,1,5701,1,30529,1,263241,1,16641,1,196,1,9570,1,4617,1,16837,1,9570,1,0,1,1240,1,1,1,0,1,2156,1,4741,1,2673,1,0,0,0,1,0,1,0,1,0,1,0,1,0,1,0,1,0,1,0,1,1,1,1,1,0,1,1,1,11,1,4,1,36,1,0,1,156,1,16641,1,0,1,0,1,0,0,0,0,0,0,0,0,0,0,0,1,0,1,0,1,0,1,0,1,0,0,0,0,0,1,0,0
32,15503000,4578,9570,34.504993,,0,14,11,132,92955,14198,2695,15410045,16,252,10,1,25830,1,130,1,325712,1,1767441,1,143398,1,13131381,1,16141,1,279473,1,7364,4,521993,4,65517,4,4127302,4,8086889,8,12074670,132,136826,36,3026,1,22925,1,2695,1,0,0,0,0,0,0,0,0,0,0,0,0,0,0,6613,1,69996,1,215348,1,33064,1,3236,1,5581,1,30038,1,240507,1,16423,1,174,1,9570,1,4578,1,16597,1,9570,1,0,1,1240,1,1,1,0,1,2156,1,4836,1,2578,1,0,0,0,1,0,1,0,1,0,1,0,1,0,1,0,1,0,1,0,1,1,1,1,1,0,1,1,1,11,1,4,1,36,1,0,1,134,1,16423,1,0,1,0,1,0,0,0,0,0,0,0,0,0,0,0,1,0,1,0,1,0,1,0,1,0,0,0,0,0,1,0,0
33,15300100,4536,9570,34.413364,,0,14,10,120,93119,14859,2867,15206981,16,252,100,1,26261,1,90,1,318228,1,1741581,1,139310,1,12965239,1,16171,1,277869,1,7264,4,509940,4,64806,4,4077455,4,7984199,8,11738367,120,320421,48,3026,1,23265,1,2555,1,0,0,0,0,0,0,0,0,0,0,0,0,0,0,6533,1,67591,1,210609,1,32924,1,2505,1,5521,1,29768,1,239936,1,16013,1,407,1,9570,1,4536,1,16420,1,9570,1,0,1,1240,1,1,1,0,1,2156,1,4905,1,2509,1,0,0,0,1,0,1,0,1,0,1,0,1,0,1,0,1,0,1,0,1,1,1,1,1,1,1,1,1,10,1,4,1,33,1,116,1,254,1,16013,1,0,1,0,1,0,0,0,0,0,0,0,0,0,0,0,1,0,1,0,1,0,1,0,1,0,0,0,0,0,1,0,0
34,17533400,5039,9570,34.31901,,0,14,11,132,89527,15580,3146,17443873,16,252,20,1,25900,1,100,1,313479,1,1992157,1,166764,1,14929432,1,16021,1,313549,1,7555,4,576098,4,64886,4,4687219,4,9234336,8,13608468,132,309942,36,3316,1,24257,1,2635,1,0,0,0,0,0,0,0,0,0,0,0,0,0,0,6964,1,66589,1,206070,1,33345,1,2405,1,8627,1,38034,1,264333,1,18101,1,392,1,9570,1,5039,1,18493,1,9570,1,0,1,1240,1,1,1,0,1,2157,1,4383,1,3030,1,0,0,0,1,0,1,0,1,0,1,0,1,0,1,0,1,0,1,0,1,0,1,1,1,1,1,1,1,11,1,0,1,32,1,120,1,240,1,18101,1,0,1,0,1,0,0,0,0,0,0,0,0,0,0,0,1,0,1,0,1,0,1,0,1,0,0,0,0,0,1,0,0
35,16515700,4827,9570,34.221935,,0,14,11,132,83090,15430,2997,16432610,16,252,60,1,25970,1,100,1,328387,1,2183459,1,189859,1,13691920,1,12855,1,311174,1,8216,4,534638,4,65056,4,4296030,4,8427400,8,12563458,132,156975,36,3126,1,28235,1,2615,1,0,0,0,0,0,0,0,0,0,0,0,0,0,0,6312,1,65227,1,221550,1,34948,1,2495,1,10240,1,31782,1,266527,1,16826,1,199,1,9570,1,4827,1,17025,1,9570,1,0,1,1240,1,1,1,0,1,1650,1,4170,1,3750,1,0,0,0,1,0,1,0,1,0,1,0,1,0,1,0,1,0,1,0,1,1,1,1,1,0,1,1,1,11,1,16,1,40,1,0,1,143,1,16826,1,0,1,0,1,0,0,0,0,0,0,0,0,0,0,0,1,0,1,0,1,0,1,0,1,0,0,0,0,0,1,0,0
36,15772100,4630,9570,34.12213,,0,13,10,120,94836,14859,2806,15677264,16,240,281,1,41060,1,50,1,322125,1,2075679,1,129782,1,13097786,1,10500,1,297177,1,7324,4,509559,4,64756,4,4101632,4,8062882,8,11861146,120,300563,36,3387,1,33615,1,2595,1,0,0,0,0,0,0,0,0,0,0,0,0,0,0,6332,1,66038,1,216771,1,32613,1,3036,1,5781,1,30359,1,257871,1,15924,1,381,1,9570,1,4630,1,16305,1,9570,1,0,1,1240,1,1,1,0,1,1650,1,4422,1,3498,1,0,0,0,1,0,1,0,1,0,1,0,1,0,1,0,1,0,1,0,1,1,1,0,1,1,1,1,1,10,1,28,1,0,1,100,1,253,1,15924,1,0,1,0,1,0,0,0,0,0,0,0,0,0,0,0,1,0,1,0,1,0,1,0,1,0,0,0,0,0,1,0,0
37,15490100,4510,9570,34.019604,,0,13,10,120,71168,18025,3096,15418932,16,240,160,1,26441,1,60,1,260906,1,2087001,1,117719,1,12906996,1,19648,1,416889,1,7635,4,532163,4,64666,4,4061003,4,7762499,8,11610509,120,209897,36,3196,1,38184,1,2735,1,0,0,0,0,0,0,0,0,0,0,0,0,0,0,5661,1,51320,1,176062,1,27223,1,3046,1,7264,1,37102,1,369177,1,15468,1,267,1,9570,1,4510,1,15735,1,9570,1,0,1,1240,1,1,1,0,1,1651,1,4643,1,3276,1,0,0,0,1,0,1,0,1,0,1,0,1,0,1,0,1,0,1,0,1,1,1,1,1,0,1,1,1,10,1,8,1,48,1,0,1,211,1,15468,1,0,1,0,1,0,0,0,0,0,0,0,0,0,0,0,1,0,1,0,1,0,1,0,1,0,0,0,0,0,1,0,0
38,15174000,4408,9570,33.91435,,0,13,10,120,61783,9408,2956,15112217,16,240,150,1,37152,1,261,1,326364,1,2198227,1,113741,1,12420371,1,15951,1,333998,1,7234,4,489009,4,67571,4,3881184,4,7594423,8,11268876,120,203776,36,3036,1,31802,1,2705,1,0,0,0,0,0,0,0,0,0,0,0,0,0,0,10450,1,62712,1,217913,1,34347,1,2445,1,5681,1,28816,1,296826,1,15140,1,253,1,9570,1,4408,1,15393,1,9570,1,0,1,1240,1,1,1,0,1,1667,1,4873,1,3030,1,0,0,0,1,0,1,0,1,0,1,0,1,0,1,0,1,0,1,0,1,1,1,1,1,0,1,1,1,10,1,8,1,40,1,0,1,205,1,15140,1,0,1,0,1,0,0,0,0,0,0,0,0,0,0,0,1,0,1,0,1,0,1,0,1,0,0,0,0,0,1,0,0
39,17079000,4880,9570,33.806374,,0,14,11,132,91813,15610,3207,16987187,16,252,80,1,27493,1,110,1,330351,1,2252803,1,165461,1,14194806,1,16081,1,350480,1,7344,4,544527,4,64786,4,4439067,4,8732081,8,12917576,132,250365,36,3266,1,35048,1,2595,1,0,0,0,0,0,0,0,0,0,0,0,0,0,0,7204,1,69144,1,220398,1,33104,1,2885,1,9068,1,42182,1,296195,1,16972,1,316,1,9570,1,4880,1,17288,1,9570,1,0,1,1240,1,1,1,0,1,1677,1,4489,1,3404,1,0,0,0,1,0,1,0,1,0,1,0,1,0,1,0,1,0,1,0,1,1,1,0,1,1,1,1,1,11,1,12,1,0,1,100,1,204,1,16972,1,0,1,0,1,0,0,0,0,0,0,0,0,0,0,0,1,0,1,0,1,0,1,0,1,0,0,0,0,0,1,0,0
40,17886700,4979,9570,33.69567,,0,14,11,132,80473,16232,3698,17806227,16,252,301,1,26181,1,160,1,324570,1,2829433,1,136876,1,14476483,1,12224,1,426578,1,24297,4,614884,4,72431,4,4568789,4,8652136,8,13013472,132,203755,36,10791,1,84935,1,5411,1,0,0,0,0,0,0,0,0,0,0,0,0,0,0,6352,1,66810,1,217943,1,32944,1,3757,1,18245,1,41921,1,362444,1,16970,1,251,1,9570,1,4979,1,17221,1,9570,1,0,1,1240,1,1,1,0,1,1236,1,3941,1,4393,1,0,0,0,1,0,1,0,1,0,1,0,1,0,1,0,1,0,1,0,1,1,1,1,1,0,1,1,1,11,1,16,1,55,1,0,1,180,1,16970,1,0,1,0,1,0,0,0,0,0,0,0,0,0,0,0,1,0,1,0,1,0,1,0,1,0,0,0,0,0,1,0,0
41,16936800,4855,9570,33.58224,,0,14,11,132,72011,11593,2896,16864789,16,252,421,1,27153,1,170,1,275986,1,2682487,1,132036,1,13735745,1,10791,1,541521,1,7725,4,537954,4,70577,4,4227046,4,8299371,8,12267815,132,255706,36,4258,1,33144,1,2555,1,0,0,0,0,0,0,0,0,0,0,0,0,0,0,6823,1,58524,1,176893,1,32353,1,2976,1,6152,1,32403,1,499560,1,16229,1,324,1,9570,1,4855,1,16553,1,9570,1,0,1,1240,1,1,1,0,1,1241,1,4196,1,4133,1,0,0,0,1,0,1,0,1,0,1,0,1,0,1,0,1,0,1,0,1,0,1,1,1,1,1,1,1,11,1,0,1,36,1,79,1,209,1,16229,1,0,1,0,1,0,0,0,0,0,0,0,0,0,0,0,1,0,1,0,1,0,1,0,1,0,0,0,0,0,1,0,0
42,15743500,4689,9570,33.466087,,0,15,10,120,50416,9779,3066,15693084,16,264,210,1,26181,1,150,1,262530,1,2351635,1,125243,1,12917156,1,9979,1,321244,1,7505,4,509549,4,64986,4,4052988,4,7919804,8,11594307,120,375419,60,3206,1,25500,1,2595,1,0,0,0,0,0,0,0,0,0,0,0,0,0,0,5200,1,54065,1,175320,1,27263,1,2425,1,5861,1,30850,1,281817,1,15337,1,474,1,9570,1,4689,1,15811,1,9570,1,0,1,1240,1,1,1,0,1,1278,1,4489,1,3803,1,0,0,0,1,0,1,0,1,0,1,0,1,0,1,0,1,0,1,0,1,2,1,0,1,1,1,2,1,10,1,22,1,0,1,69,1,383,1,15337,1,0,1,0,1,0,0,0,0,0,0,0,0,0,0,0,1,0,1,0,1,0,1,0,1,0,0,0,0,0,1,0,0
43,15462300,4655,9570,33.34721,,0,14,10,120,65380,9679,3037,15396920,16,252,160,1,25079,1,50,1,259253,1,2297009,1,122999,1,12682310,1,10060,1,290013,1,7635,4,512996,4,65818,4,3983483,4,7782267,8,11374380,120,388334,48,3136,1,24688,1,2595,1,0,0,0,0,0,0,0,0,0,0,0,0,0,0,5090,1,52913,1,174208,1,26491,1,2485,1,5731,1,30389,1,251208,1,15071,1,491,1,9570,1,4655,1,15562,1,9570,1,0,1,1240,1,1,1,0,1,1283,1,4672,1,3615,1,0,0,0,1,0,1,0,1,0,1,0,1,0,1,0,1,0,1,0,1,1,1,0,1,1,1,2,1,10,1,20,1,0,1,77,1,394,1,15071,1,0,1,0,1,0,0,0,0,0,0,0,0,0,0,0,1,0,1,0,1,0,1,0,1,0,0,0,0,0,1,0,0
44,17225400,5072,9570,33.22561,,0,14,12,144,57963,9719,3247,17167437,16,252,100,1,26271,1,20,1,258241,1,2451800,1,136435,1,14278689,1,15881,1,317096,1,7495,4,551581,4,64605,4,4485257,4,8809462,8,13138305,144,153167,24,3467,1,27463,1,2545,1,0,0,0,0,0,0,0,0,0,0,0,0,0,0,4900,1,50989,1,175481,1,26602,1,2405,1,8476,1,35830,1,270255,1,17087,1,192,1,9570,1,5072,1,17279,1,9570,1,0,1,1240,1,1,1,0,1,1383,1,4323,1,3864,1,0,0,0,1,0,1,0,1,0,1,0,1,0,1,0,1,0,1,0,1,0,1,1,1,0,1,1,1,12,1,0,1,40,1,0,1,152,1,17087,1,0,1,0,1,0,0,0,0,0,0,0,0,0,0,0,1,0,1,0,1,0,1,0,1,0,0,0,0,0,1,0,0
45,17478700,5053,9570,33.10128,,0,14,12,144,94743,14468,2876,17383957,16,252,160,1,25770,1,90,1,334980,1,2653301,1,173547,1,14180218,1,15891,1,344068,1,8957,4,549366,4,65677,4,4446742,4,8712313,8,13025575,144,130604,24,3637,1,32413,1,2575,1,0,0,0,0,0,0,0,0,0,0,0,0,0,0,6803,1,70276,1,223925,1,33024,1,2434,1,13256,1,33555,1,294692,1,17008,1,164,1,9570,1,5053,1,17172,1,9570,1,0,1,1240,1,1,1,0,1,907,1,3904,1,4759,1,0,0,0,1,0,1,0,1,0,1,0,1,0,1,0,1,0,1,0,1,0,1,1,1,1,1,0,1,12,1,0,1,39,1,125,1,0,1,17008,1,0,1,0,1,0,0,0,0,0,0,0,0,0,0,0,1,0,1,0,1,0,1,0,1,0,0,0,0,0,1,0,0
46,16300200,4767,9570,32.974224,,0,14,11,132,99520,15320,2876,16200680,16,252,60,1,26421,1,80,1,327366,1,2515323,1,162586,1,13152713,1,16131,1,317917,1,7334,4,511733,4,64666,4,4125108,4,8078633,8,12024432,132,176433,36,3176,1,26241,1,2585,1,0,0,0,0,0,0,0,0,0,0,0,0,0,0,6432,1,63824,1,221290,1,35198,1,2515,1,5992,1,31191,1,278090,1,15752,1,224,1,9570,1,4767,1,15976,1,9570,1,0,1,1240,1,1,1,0,1,905,1,4118,1,4547,1,0,0,0,1,0,1,0,1,0,1,0,1,0,1,0,1,0,1,0,1,1,1,1,1,0,1,1,1,11,1,8,1,62,1,0,1,154,1,15752,1,0,1,0,1,0,0,0,0,0,0,0,0,0,0,0,1,0,1,0,1,0,1,0,1,0,0,0,0,0,1,0,0
47,15542300,4624,9570,32.844448,,0,14,11,132,95634,14999,3266,15446666,16,252,70,1,25930,1,100,1,329910,1,2403045,1,156774,1,12514644,1,16191,1,297017,1,7374,4,490853,4,64776,4,3933165,4,7673607,8,11485987,132,117518,36,3156,1,27163,1,2535,1,0,0,0,0,0,0,0,0,0,0,0,0,0,0,6282,1,66870,1,223464,1,32904,1,2454,1,5741,1,30269,1,258422,1,15050,1,148,1,9570,1,4624,1,15198,1,9570,1,0,1,1240,1,1,1,0,1,967,1,4489,1,4114,1,0,0,0,1,0,1,0,1,0,1,0,1,0,1,0,1,0,1,0,1,2,1,0,1,1,1,0,1,11,1,33,1,0,1,115,1,0,1,15050,1,0,1,0,1,0,0,0,0,0,0,0,0,0,0,0,1,0,1,0,1,0,1,0,1,0,0,0,0,0,1,0,0
48,16752800,4898,9570,32.711945,,0,15,11,132,90504,15170,2856,16662296,16,264,80,1,26021,1,150,1,326033,1,2500374,1,168888,1,13624639,1,16111,1,309090,1,7354,4,527514,4,64635,4,4279898,4,8389376,8,12414389,132,252029,48,3276,1,25760,1,2565,1,0,0,0,0,0,0,0,0,0,0,0,0,0,0,6372,1,66699,1,218975,1,33485,1,2575,1,6843,1,33485,1,266036,1,16050,1,317,1,9570,1,4898,1,16367,1,9570,1,0,1,1240,1,1,1,0,1,1098,1,4346,1,4126,1,0,0,0,1,0,1,0,1,0,1,0,1,0,1,0,1,0,1,0,1,2,1,0,1,1,1,1,1,11,1,24,1,0,1,108,1,185,1,16050,1,0,1,0,1,0,0,0,0,0,0,0,0,0,0,0,1,0,1,0,1,0,1,0,1,0,0,0,0,0,1,0,0
49,17430000,5015,9570,32.576717,,0,14,11,132,90109,15840,3558,17339891,16,252,80,1,25860,1,60,1,328237,1,2763745,1,170010,1,14035797,1,16101,1,328418,1,7775,4,542473,4,65427,4,4407286,4,8632528,8,12824445,132,211811,36,3777,1,29628,1,2645,1,0,0,0,0,0,0,0,0,0,0,0,0,0,0,6342,1,67130,1,221280,1,33074,1,2405,1,7294,1,33615,1,284983,1,16568,1,267,1,9570,1,5015,1,16835,1,9570,1,0,1,1240,1,1,1,0,1,687,1,3941,1,4942,1,0,0,0,1,0,1,0,1,0,1,0,1,0,1,0,1,0,1,0,1,1,1,1,1,0,1,1,1,11,1,6,1,60,1,0,1,201,1,16568,1,0,1,0,1,0,0,0,0,0,0,0,0,0,0,0,1,0,1,0,1,0,1,0,1,0,0,0,0,0,1,0,0
50,16692200,4836,9570,32.438763,,0,13,11,132,88568,15220,3358,16603632,16,240,110,1,26211,1,150,1,331143,1,2626599,1,164860,1,13438528,1,16031,1,318398,1,7294,4,521051,4,64806,4,4224220,4,8253823,8,12352048,132,122638,24,3106,1,28064,1,2545,1,0,0,0,0,0,0,0,0,0,0,0,0,0,0,6422,1,68042,1,223083,1,33104,1,2485,1,5952,1,31742,1,278080,1,16027,1,155,1,9570,1,4836,1,16182,1,9570,1,0,1,1240,1,1,1,0,1,662,1,4246,1,4662,1,0,0,0,1,0,1,0,1,0,1,0,1,0,1,0,1,0,1,0,1,1,1,0,1,0,1,1,1,11,1,22,1,0,1,0,1,133,1,16027,1,0,1,0,1,0,0,0,0,0,0,0,0,0,0,0,1,0,1,0,1,0,1,0,1,0,0,0,0,0,1,0,0
51,16335200,4704,9570,32.298084,,0,13,10,120,88310,17013,2967,16246890,16,240,60,1,26191,1,120,1,327866,1,2553968,1,129101,1,13193242,1,16342,1,368596,1,7775,4,552252,4,64565,4,4231054,4,7919454,8,11898367,120,249173,36,3216,1,26662,1,2655,1,0,0,0,0,0,0,0,0,0,0,0,0,0,0,6282,1,68363,1,219466,1,33355,1,2996,1,7164,1,39958,1,318218,1,15237,1,316,1,9570,1,4704,1,15553,1,9570,1,0,1,1240,1,1,1,0,1,728,1,4510,1,4332,1,0,0,0,1,0,1,0,1,0,1,0,1,0,1,0,1,0,1,0,1,1,1,1,1,0,1,1,1,10,1,12,1,60,1,0,1,244,1,15237,1,0,1,0,1,0,0,0,0,0,0,0,0,0,0,0,1,0,1,0,1,0,1,0,1,0,0,0,0,0,1,0,0
52,16992400,4886,9570,32.154682,,0,14,11,132,92663,15771,2926,16899737,16,252,230,1,26000,1,90,1,332556,1,2568456,1,167686,1,13788958,1,15761,1,306936,1,7384,4,529177,4,66259,4,4333412,4,8495452,8,12684574,132,141364,36,3296,1,28666,1,2605,1,0,0,0,0,0,0,0,0,0,0,0,0,0,0,6443,1,68633,1,222973,1,33725,1,2645,1,6473,1,32974,1,264704,1,16269,1,179,1,9570,1,4886,1,16448,1,9570,1,0,1,1240,1,1,1,0,1,978,1,4409,1,4183,1,0,0,0,1,0,1,0,1,0,1,0,1,0,1,0,1,0,1,0,1,1,1,1,1,0,1,1,1,11,1,4,1,47,1,0,1,128,1,16269,1,0,1,0,1,0,0,0,0,0,0,0,0,0,0,0,1,0,1,0,1,0,1,0,1,0,0,0,0,0,1,0,0
53,17191400,4850,9570,32.008553,,0,13,10,120,118367,10561,2836,17073033,16,240,70,1,32263,1,301,1,268942,1,2859882,1,131325,1,13766755,1,13496,1,314841,1,11272,4,528616,4,68583,4,4283716,4,8486795,8,12513672,120,254003,36,4278,1,55247,1,2846,1,0,0,0,0,0,0,0,0,0,0,0,0,0,0,5771,1,55508,1,180250,1,26632,1,2475,1,6262,1,31621,1,274262,1,16018,1,321,1,9570,1,4850,1,16339,1,9570,1,0,1,1240,1,1,1,0,1,476,1,4174,1,4920,1,0,0,0,1,0,1,0,1,0,1,0,1,0,1,0,1,0,1,0,1,1,1,0,1,1,1,1,1,10,1,6,1,0,1,78,1,237,1,16018,1,0,1,0,1,0,0,0,0,0,0,0,0,0,0,0,1,0,1,0,1,0,1,0,1,0,0,0,0,0,1,0,0
54,17737600,4701,9570,31.8597,,0,12,10,120,1060676,17213,2476,16676924,16,228,982,1,34317,1,130,1,335080,1,3049800,1,170060,1,13071676,1,14879,1,470804,1,7294,4,500151,4,62812,4,4021216,4,7946416,8,11775208,120,189949,24,3056,1,40198,1,2515,1,0,0,0,0,0,0,0,0,0,0,0,0,0,0,7264,1,66790,1,224706,1,34848,1,2545,1,20029,1,30900,1,416929,1,15414,1,245,1,9570,1,4701,1,15659,1,9570,1,0,1,1240,1,1,1,0,1,484,1,4416,1,4670,1,0,0,0,1,0,1,0,1,0,1,0,1,0,1,0,1,0,1,0,1,0,1,1,1,0,1,1,1,10,1,0,1,51,1,0,1,194,1,15414,1,0,1,0,1,0,0,0,0,0,0,0,0,0,0,0,1,0,1,0,1,0,1,0,1,0,0,0,0,0,1,0,0
55,16909900,4656,9570,31.70812,,0,12,10,120,164533,11222,2795,16745367,16,228,130,1,33204,1,150,1,270405,1,3030523,1,154249,1,13240022,1,16682,1,422370,1,8026,4,542683,4,65116,4,4193130,4,7959161,8,12009654,120,139841,24,3136,1,32323,1,2856,1,0,0,0,0,0,0,0,0,0,0,0,0,0,0,5411,1,56109,1,181262,1,26471,1,4078,1,6122,1,30720,1,381150,1,15219,1,176,1,9570,1,4656,1,15395,1,9570,1,0,1,1240,1,1,1,0,1,628,1,4573,1,4369,1,0,0,0,1,0,1,0,1,0,1,0,1,0,1,0,1,0,1,0,1,1,1,0,1,0,1,1,1,10,1,24,1,0,1,0,1,152,1,15219,1,0,1,0,1,0,0,0,0,0,0,0,0,0,0,0,1,0,1,0,1,0,1,0,1,0,0,0,0,0,1,0,0
56,17014000,4755,9570,31.553818,,0,12,10,120,110065,14208,2966,16903935,16,228,240,1,31521,1,130,1,267239,1,2664402,1,160792,1,13760132,1,19478,1,396840,1,8857,4,553625,4,68102,4,4271763,4,8324360,8,12445831,120,147326,24,9468,1,109082,1,3827,1,0,0,0,0,0,0,0,0,0,0,0,0,0,0,5250,1,53634,1,180330,1,27363,1,3116,1,8496,1,39386,1,345441,1,15858,1,186,1,9570,1,4755,1,16044,1,9570,1,0,1,1240,1,1,1,0,1,648,1,4398,1,4524,1,0,0,0,1,0,1,0,1,0,1,0,1,0,1,0,1,0,1,0,1,1,1,0,1,0,1,1,1,10,1,22,1,0,1,0,1,164,1,15858,1,0,1,0,1,0,0,0,0,0,0,0,0,0,0,0,1,0,1,0,1,0,1,0,1,0,0,0,0,0,1,0,0
57,17491700,4733,9570,31.39679,,0,14,10,120,74228,30489,3037,17417472,16,252,341,1,33214,1,210,1,281597,1,2941510,1,133158,1,14015488,1,11953,1,698005,1,9729,4,594745,4,65126,4,4303364,4,8243563,8,12393538,120,150352,48,3797,1,57852,1,8817,1,0,0,0,0,0,0,0,0,0,0,0,0,0,0,6893,1,57852,1,182695,1,32964,1,4920,1,9408,1,39757,1,643369,1,15838,1,191,1,9570,1,4733,1,16029,1,9570,1,0,1,1240,1,1,1,0,1,431,1,4530,1,4609,1,0,0,0,1,0,1,0,1,0,1,0,1,0,1,0,1,0,1,0,1,2,1,1,1,1,1,0,1,10,1,16,1,51,1,124,1,0,1,15838,1,0,1,0,1,0,0,0,0,0,0,0,0,0,0,0,1,0,1,0,1,0,1,0,1,0,0,0,0,0,1,0,0
58,17142500,4658,9570,31.237036,,0,13,10,120,69847,10581,2675,17072653,16,240,381,1,37072,1,230,1,351362,1,3103855,1,127978,1,13441023,1,10751,1,452348,1,10631,4,508217,4,66399,4,4155767,4,8187705,8,12234060,120,106737,36,4429,1,40288,1,4659,1,0,0,0,0,0,0,0,0,0,0,0,0,0,0,7434,1,70988,1,228975,1,42693,1,4549,1,6473,1,31120,1,409705,1,15576,1,134,1,9570,1,4658,1,15710,1,9570,1,0,1,1240,1,1,1,0,1,461,1,4594,1,4515,1,0,0,0,1,0,1,0,1,0,1,0,1,0,1,0,1,0,1,0,1,2,1,0,1,1,1,0,1,10,1,31,1,0,1,103,1,0,1,15576,1,0,1,0,1,0,0,0,0,0,0,0,0,0,0,0,1,0,1,0,1,0,1,0,1,0,0,0,0,0,1,0,0
59,16807400,4682,9570,31.074558,,0,14,10,120,60199,9559,2926,16747201,16,252,100,1,26852,1,140,1,271748,1,2703558,1,127938,1,13601033,1,15831,1,423382,1,7434,4,513968,4,65657,4,4227427,4,8310313,8,12412916,120,121897,48,3096,1,37623,1,2575,1,0,0,0,0,0,0,0,0,0,0,0,0,0,0,5481,1,55929,1,182083,1,27273,1,3006,1,6072,1,31772,1,381921,1,15769,1,151,1,9570,1,4682,1,15920,1,9570,1,0,1,1240,1,1,1,0,1,528,1,4536,1,4506,1,0,0,0,1,0,1,0,1,0,1,0,1,0,1,0,1,0,1,0,1,2,1,1,1,1,1,0,1,10,1,14,1,42,1,95,1,0,1,15769,1,0,1,0,1,0,0,0,0,0,0,0,0,0,0,0,1,0,1,0,1,0,1,0,1,0,0,0,0,0,1,0,0
60,16890200,4642,9570,30.909355,,0,13,10,120,82051,11102,2795,16808149,16,240,30,1,27113,1,90,1,346944,1,2739388,1,173076,1,13505398,1,16111,1,308088,1,7845,4,516923,4,64495,4,4245692,4,8316064,8,12460669,120,98291,36,3146,1,29437,1,2605,1,0,0,0,0,0,0,0,0,0,0,0,0,0,0,6603,1,69335,1,234625,1,35609,1,2635,1,5851,1,30469,1,268932,1,15871,1,121,1,9570,1,4642,1,15992,1,9570,1,0,1,1240,1,1,1,0,1,531,1,4677,1,4362,1,0,0,0,1,0,1,0,1,0,1,0,1,0,1,0,1,0,1,0,1,2,1,0,1,1,1,0,1,10,1,35,1,0,1,86,1,0,1,15871,1,0,1,0,1,0,0,0,0,0,0,0,0,0,0,0,1,0,1,0,1,0,1,0,1,0,0,0,0,0,1,0,0
61,16628100,4557,9570,30.741426,,0,12,9,108,83823,12725,2786,16544277,16,228,110,1,26592,1,110,1,337155,1,2547786,1,154279,1,13467203,1,11041,1,395879,1,8597,4,591288,4,66940,4,4217497,4,8129792,8,12114958,108,229545,36,4719,1,37032,1,2735,1,0,0,0,0,0,0,0,0,0,0,0,0,0,0,7114,1,68794,1,227281,1,33425,1,3116,1,7034,1,37342,1,348146,1,15392,1,289,1,9570,1,4557,1,15681,1,9570,1,0,1,1240,1,1,1,0,1,492,1,4791,1,4287,1,0,0,0,1,0,1,0,1,0,1,0,1,0,1,0,1,0,1,0,1,1,1,0,1,1,1,1,1,9,1,16,1,0,1,68,1,205,1,15392,1,0,1,0,1,0,0,0,0,0,0,0,0,0,0,0,1,0,1,0,1,0,1,0,1,0,0,0,0,0,1,0,0
62,17380100,4591,9570,30.570772,,0,12,9,108,161780,13556,2706,17218320,16,228,1062,1,29487,1,150,1,344749,1,2860217,1,175601,1,13791934,1,15119,1,470994,1,14298,4,589725,4,67321,4,4288365,4,8296105,8,12412977,108,168788,36,3787,1,44847,1,2936,1,0,0,0,0,0,0,0,0,0,0,0,0,0,0,6663,1,70387,1,229215,1,37112,1,7585,1,21802,1,38164,1,403123,1,15725,1,211,1,9570,1,4591,1,15936,1,9570,1,0,1,1240,1,1,1,0,1,546,1,4753,1,4271,1,0,0,0,1,0,1,0,1,0,1,0,1,0,1,0,1,0,1,0,1,1,1,1,1,0,1,1,1,9,1,11,1,48,1,0,1,152,1,15725,1,0,1,0,1,0,0,0,0,0,0,0,0,0,0,0,1,0,1,0,1,0,1,0,1,0,0,0,0,0,1,0,0
63,16925000,4578,9570,30.397394,,0,12,9,108,78647,10060,2505,16846353,16,228,1132,1,33826,1,170,1,339820,1,2636027,1,124672,1,13699304,1,11402,1,431257,1,8827,4,582701,4,65798,4,4231424,4,8312066,8,12393458,108,147526,36,4198,1,50197,1,2775,1,0,0,0,0,0,0,0,0,0,0,0,0,0,0,7054,1,69194,1,226299,1,35559,1,2635,1,6643,1,30409,1,391229,1,15738,1,184,1,9570,1,4578,1,15922,1,9570,1,0,1,1240,1,1,1,0,1,790,1,4814,1,3966,1,0,0,0,1,0,1,0,1,0,1,0,1,0,1,0,1,0,1,0,1,2,1,0,1,0,1,1,1,9,1,30,1,0,1,0,1,154,1,15738,1,0,1,0,1,0,0,0,0,0,0,0,0,0,0,0,1,0,1,0,1,0,1,0,1,0,0,0,0,0,1,0,0
64,16689000,4530,9570,30.22129,,0,11,9,108,67463,10100,2385,16621537,16,216,411,1,26371,1,90,1,271657,1,2638342,1,122307,1,13549413,1,12945,1,414184,1,7284,4,514519,4,65156,4,4221225,4,8277809,8,12406043,108,90606,24,3336,1,33114,1,2685,1,0,0,0,0,0,0,0,0,0,0,0,0,0,0,5741,1,55247,1,181512,1,28135,1,2595,1,5781,1,29988,1,375459,1,15790,1,114,1,9570,1,4530,1,15904,1,9570,1,0,1,1240,1,1,1,0,1,456,1,4871,1,4243,1,0,0,0,1,0,1,0,1,0,1,0,1,0,1,0,1,0,1,0,1,1,1,0,1,1,1,0,1,9,1,14,1,0,1,100,1,0,1,15790,1,0,1,0,1,0,0,0,0,0,0,0,0,0,0,0,1,0,1,0,1,0,1,0,1,0,0,0,0,0,1,0,0
65,16663700,4530,9570,30.042463,,0,12,9,108,55960,9007,2966,16607740,16,228,100,1,33024,1,80,1,265275,1,2605618,1,120774,1,13566827,1,16041,1,287969,1,7785,4,510531,4,65046,4,4265150,4,8390168,8,12571144,108,81208,36,2996,1,25620,1,2555,1,0,0,0,0,0,0,0,0,0,0,0,0,0,0,5521,1,53624,1,179068,1,26672,1,2464,1,6212,1,30629,1,248522,1,15935,1,102,1,9570,1,4530,1,16037,1,9570,1,0,1,1240,1,1,1,0,1,423,1,4887,1,4260,1,0,0,0,1,0,1,0,1,0,1,0,1,0,1,0,1,0,1,0,1,2,1,0,1,1,1,0,1,9,1,26,1,0,1,76,1,0,1,15935,1,0,1,0,1,0,0,0,0,0,0,0,0,0,0,0,1,0,1,0,1,0,1,0,1,0,0,0,0,0,1,0,0
66,16372300,4531,9570,29.860909,,0,13,9,108,74421,9108,2876,16297879,16,240,90,1,26141,1,100,1,330281,1,2287531,1,117979,1,13519635,1,16121,1,280294,1,7274,4,506934,4,64485,4,4257004,4,8365630,8,12503523,108,116235,48,2996,1,23345,1,2565,1,0,0,0,0,0,0,0,0,0,0,0,0,0,0,6643,1,64145,1,225428,1,33335,1,2414,1,5711,1,29778,1,242260,1,15882,1,146,1,9570,1,4531,1,16028,1,9570,1,0,1,1240,1,1,1,0,1,993,1,4914,1,3663,1,0,0,0,1,0,1,0,1,0,1,0,1,0,1,0,1,0,1,0,1,3,1,0,1,1,1,0,1,9,1,40,1,0,1,106,1,0,1,15882,1,0,1,0,1,0,0,0,0,0,0,0,0,0,0,0,1,0,1,0,1,0,1,0,1,0,0,0,0,0,1,0,0
67,16518900,4532,9570,29.67663,,0,11,9,108,90598,14949,2595,16428302,16,216,30,1,25650,1,90,1,332906,1,2340664,1,150983,1,13562048,1,15931,1,270565,1,7314,4,510481,4,64475,4,4274899,4,8391190,8,12597144,108,66349,24,2965,1,22614,1,2595,1,0,0,0,0,0,0,0,0,0,0,0,0,0,0,6523,1,68092,1,224636,1,33235,1,2505,1,5611,1,29798,1,232541,1,16039,1,83,1,9570,1,4532,1,16122,1,9570,1,0,1,1240,1,1,1,0,1,738,1,4945,1,3887,1,0,0,0,1,0,1,0,1,0,1,0,1,0,1,0,1,0,1,0,1,1,1,0,1,1,1,0,1,9,1,15,1,0,1,68,1,0,1,16039,1,0,1,0,1,0,0,0,0,0,0,0,0,0,0,0,1,0,1,0,1,0,1,0,1,0,0,0,0,0,1,0,0
68,16591400,4513,9570,29.489626,,0,12,9,108,88654,13156,2515,16502746,16,228,50,1,25580,1,90,1,326684,1,2371123,1,151214,1,13611604,1,16402,1,273210,1,7244,4,515300,4,80576,4,4287854,4,8406529,8,12624708,108,67160,36,2936,1,22243,1,2555,1,0,0,0,0,0,0,0,0,0,0,0,0,0,0,6402,1,67922,1,218424,1,33485,1,4268,1,5571,1,29617,1,233634,1,16045,1,83,1,9570,1,4513,1,16128,1,9570,1,0,1,1240,1,1,1,0,1,742,1,4946,1,3882,1,0,0,0,1,0,1,0,1,0,1,0,1,0,1,0,1,0,1,0,1,2,1,0,1,1,1,0,1,9,1,17,1,0,1,66,1,0,1,16045,1,0,1,0,1,0,0,0,0,0,0,0,0,0,0,0,1,0,1,0,1,0,1,0,1,0,0,0,0,0,1,0,0
69,16305800,4475,9570,29.299898,,0,12,9,108,90231,14739,2495,16215569,16,228,50,1,26622,1,120,1,330371,1,2187687,1,145122,1,13509255,1,16342,1,272880,1,7244,4,506403,4,64776,4,4267504,4,8346974,8,12566244,108,45738,36,2986,1,23195,1,2555,1,0,0,0,0,0,0,0,0,0,0,0,0,0,0,6302,1,67641,1,223233,1,32764,1,2655,1,5531,1,29307,1,235247,1,15993,1,57,1,9570,1,4475,1,16050,1,9570,1,0,1,1240,1,1,1,0,1,1132,1,4983,1,3455,1,0,0,0,1,0,1,0,1,0,1,0,1,0,1,0,1,0,1,0,1,2,1,1,1,0,1,0,1,9,1,14,1,43,1,0,1,0,1,15993,1,0,1,0,1,0,0,0,0,0,0,0,0,0,0,0,1,0,1,0,1,0,1,0,1,0,0,0,0,0,1,0,0
70,16320400,4477,9570,29.107445,,0,11,9,108,90153,14759,2276,16230247,16,216,50,1,26331,1,120,1,327856,1,2168981,1,147065,1,13543962,1,15881,1,265095,1,7224,4,507846,4,65026,4,4273235,4,8383585,8,12606762,108,47782,24,2935,1,21672,1,2585,1,0,0,0,0,0,0,0,0,0,0,0,0,0,0,6463,1,67481,1,220498,1,32954,1,2415,1,5581,1,29517,1,227472,1,16049,1,60,1,9570,1,4477,1,16109,1,9570,1,0,1,1240,1,1,1,0,1,1091,1,5012,1,3467,1,0,0,0,1,0,1,0,1,0,1,0,1,0,1,0,1,0,1,0,1,1,1,1,1,0,1,0,1,9,1,19,1,41,1,0,1,0,1,16049,1,0,1,0,1,0,0,0,0,0,0,0,0,0,0,0,1,0,1,0,1,0,1,0,1,0,0,0,0,0,1,0,0
71,16437700,4474,9569,28.912266,,0,12,9,108,86528,14288,4009,16351172,16,228,50,1,25810,1,120,1,336413,1,2231171,1,145512,1,13598799,1,13296,1,267860,1,18967,4,522194,4,65086,4,4272995,4,8384507,8,12616531,108,36961,36,4589,1,45689,1,2625,1,0,0,0,0,0,0,0,0,0,0,0,0,0,0,6463,1,70046,1,226500,1,32984,1,4348,1,5491,1,29367,1,228534,1,16078,1,45,1,9569,1,4474,1,16123,1,9569,1,0,1,1240,1,1,1,0,1,1032,1,5017,1,3520,1,0,0,0,1,0,1,0,1,0,1,0,1,0,1,0,1,0,1,0,1,3,1,0,1,0,1,0,1,9,1,45,1,0,1,0,1,0,1,16078,1,0,1,0,1,0,0,0,0,0,0,0,0,0,0,0,1,0,1,0,1,0,1,0,1,0,0,0,0,0,1,0,0
72,16242000,4455,9569,28.714361,,0,11,8,96,95786,14588,2566,16146214,16,216,50,1,40960,1,70,1,339369,1,2110096,1,145703,1,13493895,1,16071,1,272299,1,7214,4,507726,4,64676,4,4264408,4,8334570,8,12379261,96,217151,36,2996,1,22804,1,2615,1,0,0,0,0,0,0,0,0,0,0,0,0,0,0,7114,1,67261,1,231650,1,32754,1,2535,1,5531,1,29207,1,234866,1,15819,1,274,1,9569,1,4455,1,16093,1,9569,1,0,1,1240,1,1,1,0,1,1357,1,5028,1,3184,1,0,0,0,1,0,1,0,1,0,1,0,1,0,1,0,1,0,1,0,1,2,1,0,1,0,1,1,1,8,1,39,1,0,1,0,1,235,1,15819,1,0,1,0,1,0,0,0,0,0,0,0,0,0,0,0,1,0,1,0,1,0,1,0,1,0,0,0,0,0,1,0,0
73,16134800,4472,9569,28.745037,,0,10,9,108,90684,14288,2074,16044116,16,204,50,1,26562,1,70,1,336814,1,1998480,1,143278,1,13522992,1,15871,1,263992,1,7244,4,508487,4,64585,4,4266963,4,8368936,8,12611242,108,22584,12,2915,1,22995,1,2585,1,0,0,0,0,0,0,0,0,0,0,0,0,0,0,6453,1,70076,1,226530,1,33084,1,2936,1,5621,1,29417,1,225878,1,16090,1,28,1,9569,1,4472,1,16118,1,9569,1,0,1,1240,1,1,1,0,1,1529,1,5048,1,2992,1,0,0,0,1,0,1,0,1,0,1,0,1,0,1,0,1,0,1,0,1,1,1,0,1,0,1,0,1,9,1,28,1,0,1,0,1,0,1,16090,1,0,1,0,1,0,0,0,0,0,0,0,0,0,0,0,1,0,1,0,1,0,1,0,1,0,0,0,0,0,1,0,0
74,16154000,4465,9569,28.771923,,0,11,9,108,88873,13325,2095,16065127,16,216,60,1,26401,1,70,1,335211,1,2086981,1,143028,1,13457374,1,16001,1,265646,1,7274,4,509028,4,64495,4,4250752,4,8320002,8,12552457,108,16201,24,2956,1,21291,1,2605,1,0,0,0,0,0,0,0,0,0,0,0,0,0,0,6372,1,69655,1,225608,1,33064,1,2405,1,5601,1,29457,1,228043,1,16127,1,20,1,9569,1,4465,1,16147,1,9569,1,0,1,1240,1,1,1,0,1,1414,1,5039,1,3116,1,0,0,0,1,0,1,0,1,0,1,0,1,0,1,0,1,0,1,0,1,2,1,0,1,0,1,0,1,9,1,20,1,0,1,0,1,0,1,16127,1,0,1,0,1,0,0,0,0,0,0,0,0,0,0,0,1,0,1,0,1,0,1,0,1,0,0,0,0,0,1,0,0
75,15960400,4458,9569,28.794498,,0,10,8,96,93057,15590,2155,15867343,16,204,50,1,26602,1,160,1,323288,1,1909457,1,142647,1,13448557,1,16582,1,258562,1,7224,4,509178,4,64946,4,4252044,4,8294612,8,12340846,96,203655,24,3276,1,40378,1,2745,1,0,0,0,0,0,0,0,0,0,0,0,0,0,0,6312,1,68232,1,215027,1,33335,1,2455,1,5441,1,29237,1,221300,1,15880,1,260,1,9569,1,4458,1,16140,1,9569,1,0,1,1240,1,1,1,0,1,1818,1,5045,1,2706,1,0,0,0,1,0,1,0,1,0,1,0,1,0,1,0,1,0,1,0,1,1,1,0,1,0,1,1,1,8,1,17,1,0,1,0,1,243,1,15880,1,0,1,0,1,0,0,0,0,0,0,0,0,0,0,0,1,0,1,0,1,0,1,0,1,0,0,0,0,0,1,0,0
76,15996000,4464,9569,28.81284,,0,11,9,108,93218,13557,2275,15902782,16,216,50,1,27884,1,90,1,334109,1,1848048,1,146575,1,13529484,1,16542,1,365369,1,7274,4,510982,4,64736,4,4237686,4,8288681,8,12501017,108,23074,24,3286,1,35329,1,2585,1,0,0,0,0,0,0,0,0,0,0,0,0,0,0,7575,1,69795,1,221771,1,33926,1,4448,1,5771,1,30259,1,324730,1,16101,1,29,1,9569,1,4464,1,16130,1,9569,1,0,1,1240,1,1,1,0,1,2040,1,5040,1,2489,1,0,0,0,1,0,1,0,1,0,1,0,1,0,1,0,1,0,1,0,1,2,1,0,1,0,1,0,1,9,1,29,1,0,1,0,1,0,1,16101,1,0,1,0,1,0,0,0,0,0,0,0,0,0,0,0,1,0,1,0,1,0,1,0,1,0,0,0,0,0,1,0,0
77,15913700,4463,9569,28.827902,,0,11,8,96,93739,14458,2155,15819961,16,216,50,1,27273,1,110,1,336744,1,1883326,1,143709,1,13412317,1,16432,1,275815,1,7254,4,507395,4,64696,4,4235432,4,8280354,8,12302712,96,210919,36,2876,1,21502,1,2535,1,0,0,0,0,0,0,0,0,0,0,0,0,0,0,6653,1,71118,1,224095,1,34287,1,2575,1,5771,1,29688,1,237661,1,15876,1,269,1,9569,1,4463,1,16145,1,9569,1,0,1,1240,1,1,1,0,1,1976,1,5042,1,2551,1,0,0,0,1,0,1,0,1,0,1,0,1,0,1,0,1,0,1,0,1,2,1,0,1,0,1,1,1,8,1,25,1,0,1,0,1,244,1,15876,1,0,1,0,1,0,0,0,0,0,0,0,0,0,0,0,1,0,1,0,1,0,1,0,1,0,0,0,0,0,1,0,0
78,16026800,4462,9568,28.840885,,0,10,8,96,72659,12444,2144,15954141,16,204,60,1,26171,1,60,1,272138,1,1888195,1,144651,1,13612405,1,10460,1,314981,1,7655,4,539698,4,64595,4,4387137,4,8258181,8,12449227,96,193947,24,3056,1,22023,1,2635,1,0,0,0,0,0,0,0,0,0,0,0,0,0,0,5080,1,53955,1,185901,1,26762,1,2986,1,6833,1,36170,1,268732,1,15886,1,247,1,9568,1,4462,1,16133,1,9568,1,0,1,1240,1,1,1,0,1,2088,1,5045,1,2435,1,0,0,0,1,0,1,0,1,0,1,0,1,0,1,0,1,0,1,0,1,1,1,0,1,0,1,1,1,8,1,5,1,0,1,0,1,242,1,15886,1,0,1,0,1,0,0,0,0,0,0,0,0,0,0,0,1,0,1,0,1,0,1,0,1,0,0,0,0,0,1,0,0
79,15672000,4456,9567,28.852116,,0,10,8,96,47529,9328,2525,15624471,16,204,150,1,26071,1,50,1,270174,1,1771669,1,114542,1,13431735,1,10080,1,264173,1,7485,4,510681,4,65397,4,4242235,4,8301335,8,12360495,96,180550,24,3707,1,24808,1,2585,1,0,0,0,0,0,0,0,0,0,0,0,0,0,0,5050,1,53845,1,184248,1,26481,1,2355,1,5431,1,29217,1,226991,1,15903,1,229,1,9567,1,4456,1,16132,1,9567,1,0,1,1240,1,1,1,0,1,2176,1,5044,1,2347,1,0,0,0,1,0,1,0,1,0,1,0,1,0,1,0,1,0,1,0,1,1,1,0,1,0,1,1,1,8,1,5,1,0,1,0,1,224,1,15903,1,0,1,0,1,0,0,0,0,0,0,0,0,0,0,0,1,0,1,0,1,0,1,0,1,0,0,0,0,0,1,0,0
80,15693800,4458,9567,28.861916,,0,10,8,96,46705,9448,2175,15647095,16,204,140,1,25149,1,50,1,271146,1,1777461,1,115334,1,13447806,1,10009,1,272218,1,7384,4,510190,4,65156,4,4248197,4,8306305,8,12357168,96,195159,24,3437,1,22894,1,2575,1,0,0,0,0,0,0,0,0,0,0,0,0,0,0,5090,1,54135,1,184538,1,26852,1,2424,1,5461,1,29227,1,234926,1,15901,1,247,1,9567,1,4458,1,16148,1,9567,1,0,1,1240,1,1,1,0,1,2147,1,5041,1,2379,1,0,0,0,1,0,1,0,1,0,1,0,1,0,1,0,1,0,1,0,1,1,1,0,1,0,1,1,1,8,1,9,1,0,1,0,1,238,1,15901,1,0,1,0,1,0,0,0,0,0,0,0,0,0,0,0,1,0,1,0,1,0,1,0,1,0,0,0,0,0,1,0,0
81,15750100,4462,9566,28.87016,,0,10,8,96,60332,9388,2696,15689768,16,204,150,1,25459,1,70,1,269433,1,1794464,1,114873,1,13472814,1,12504,1,265305,1,7304,4,512735,4,65046,4,4254409,4,8330091,8,12374342,96,207463,24,3086,1,22814,1,2635,1,0,0,0,0,0,0,0,0,0,0,0,0,0,0,5020,1,52863,1,183737,1,27253,1,2395,1,5541,1,29237,1,227932,1,15936,1,262,1,9566,1,4462,1,16198,1,9566,1,0,1,1240,1,1,1,0,1,2160,1,5037,1,2369,1,0,0,0,1,0,1,0,1,0,1,0,1,0,1,0,1,0,1,0,1,1,1,0,1,0,1,1,1,8,1,17,1,0,1,0,1,245,1,15936,1,0,1,0,1,0,0,0,0,0,0,0,0,0,0,0,1,0,1,0,1,0,1,0,1,0,0,0,0,0,1,0,0
82,16508900,4462,9566,28.877672,,0,10,8,96,501796,11773,2274,16007104,16,204,180,1,36100,1,110,1,333507,1,1898395,1,139451,1,13588930,1,10430,1,318067,1,7755,4,533536,4,64986,4,4301721,4,8323528,8,12430441,96,192534,24,3036,1,21892,1,2635,1,0,0,0,0,0,0,0,0,0,0,0,0,0,0,6292,1,64135,1,229175,1,33214,1,2956,1,6823,1,36110,1,271938,1,15986,1,244,1,9566,1,4462,1,16230,1,9566,1,0,1,1240,1,1,1,0,1,2292,1,5037,1,2237,1,0,0,0,1,0,1,0,1,0,1,0,1,0,1,0,1,0,1,0,1,1,1,0,1,0,1,1,1,8,1,10,1,0,1,0,1,234,1,15986,1,0,1,0,1,0,0,0,0,0,0,0,0,0,0,0,1,0,1,0,1,0,1,0,1,0,0,0,0,0,1,0,0
83,15707300,4464,9566,28.884876,,0,10,8,96,47380,9559,2245,15659920,16,204,240,1,24989,1,40,1,271938,1,1695461,1,114202,1,13542580,1,10470,1,271607,1,7214,4,515711,4,76138,4,4278185,4,8355190,8,12417174,96,213955,24,2936,1,23446,1,2595,1,0,0,0,0,0,0,0,0,0,0,0,0,0,0,5060,1,53664,1,185540,1,27103,1,2405,1,5561,1,29197,1,234225,1,15984,1,257,1,9566,1,4464,1,16241,1,9566,1,0,1,1240,1,1,1,0,1,2369,1,5039,1,2158,1,0,0,0,1,0,1,0,1,0,1,0,1,0,1,0,1,0,1,0,1,1,1,0,1,0,1,1,1,8,1,11,1,0,1,0,1,246,1,15984,1,0,1,0,1,0,0,0,0,0,0,0,0,0,0,0,1,0,1,0,1,0,1,0,1,0,0,0,0,0,1,0,0
84,16325000,4460,9566,28.891674,,0,10,9,108,74348,27293,2655,16250652,16,204,150,1,25169,1,50,1,270595,1,1693307,1,114993,1,14134514,1,11873,1,423282,1,10300,4,565879,4,71589,4,4452944,4,8527709,8,12966606,108,11392,12,3326,1,47833,1,4358,1,0,0,0,0,0,0,0,0,0,0,0,0,0,0,5060,1,52983,1,185400,1,26582,1,3306,1,6873,1,36761,1,376080,1,16227,1,14,1,9566,1,4460,1,16241,1,9566,1,0,1,1240,1,1,1,0,1,2381,1,5040,1,2145,1,0,0,0,1,0,1,0,1,0,1,0,1,0,1,0,1,0,1,0,1,1,1,0,1,0,1,0,1,9,1,14,1,0,1,0,1,0,1,16227,1,0,1,0,1,0,0,0,0,0,0,0,0,0,0,0,1,0,1,0,1,0,1,0,1,0,0,0,0,0,1,0,0
85,16179000,4454,9564,28.89812,,0,10,8,96,60299,9949,2395,16118701,16,204,230,1,40198,1,180,1,357254,1,1960826,1,115735,1,13632414,1,11863,1,396299,1,8226,4,518406,4,66639,4,4246143,4,8328869,8,12375083,96,197533,24,5661,1,48244,1,3978,1,0,0,0,0,0,0,0,0,0,0,0,0,0,0,7515,1,76549,1,233363,1,38485,1,3677,1,5821,1,29948,1,356402,1,15993,1,251,1,9564,1,4454,1,16244,1,9564,1,0,1,1240,1,1,1,0,1,2509,1,5047,1,2008,1,0,0,0,1,0,1,0,1,0,1,0,1,0,1,0,1,0,1,0,1,1,1,0,1,0,1,1,1,8,1,7,1,0,1,0,1,244,1,15993,1,0,1,0,1,0,0,0,0,0,0,0,0,0,0,0,1,0,1,0,1,0,1,0,1,0,0,0,0,0,1,0,0
86,16308000,4452,9563,28.90361,,0,10,8,96,50360,10350,2345,16257640,16,204,401,1,50147,1,90,1,454833,1,1870481,1,116967,1,13753349,1,11372,1,380839,1,9428,4,608341,4,66399,4,4290208,4,8335652,8,12423006,96,200509,24,3186,1,46200,1,2745,1,0,0,0,0,0,0,0,0,0,0,0,0,0,0,10881,1,112989,1,290734,1,38244,1,2545,1,5641,1,29577,1,342765,1,15967,1,256,1,9563,1,4452,1,16223,1,9563,1,0,1,1240,1,1,1,0,1,2540,1,5048,1,1975,1,0,0,0,1,0,1,0,1,0,1,0,1,0,1,0,1,0,1,0,1,1,1,0,1,0,1,1,1,8,1,11,1,0,1,0,1,245,1,15967,1,0,1,0,1,0,0,0,0,0,0,0,0,0,0,0,1,0,1,0,1,0,1,0,1,0,0,0,0,0,1,0,0
87,15951000,4461,9563,28.9092,,0,10,9,108,48128,9989,2244,15902872,16,204,100,1,27754,1,200,1,272188,1,1765958,1,121656,1,13704013,1,11001,1,414825,1,11021,4,513397,4,68523,4,4273215,4,8357945,8,12619919,108,8997,12,3477,1,46691,1,4930,1,0,0,0,0,0,0,0,0,0,0,0,0,0,0,5771,1,54726,1,182865,1,28064,1,3346,1,5952,1,30639,1,374447,1,16229,1,11,1,9563,1,4461,1,16240,1,9563,1,0,1,1240,1,1,1,0,1,2602,1,5044,1,1917,1,0,0,0,1,0,1,0,1,0,1,0,1,0,1,0,1,0,1,0,1,1,1,0,1,0,1,0,1,9,1,11,1,0,1,0,1,0,1,16229,1,0,1,0,1,0,0,0,0,0,0,0,0,0,0,0,1,0,1,0,1,0,1,0,1,0,0,0,0,0,1,0,0
88,15821800,4461,9561,28.91393,,0,10,8,96,39432,9559,2275,15782368,16,204,281,1,27724,1,80,1,271968,1,1658860,1,131595,1,13680738,1,11122,1,372282,1,7825,4,519018,4,68523,4,4263957,4,8382412,8,12444167,96,199928,24,5871,1,47212,1,4078,1,0,0,0,0,0,0,0,0,0,0,0,0,0,0,5771,1,55207,1,181733,1,28606,1,2916,1,5821,1,30018,1,333397,1,15969,1,254,1,9561,1,4461,1,16223,1,9561,1,0,1,1240,1,1,1,0,1,2681,1,5038,1,1842,1,0,0,0,1,0,1,0,1,0,1,0,1,0,1,0,1,0,1,0,1,1,1,0,1,0,1,1,1,8,1,11,1,0,1,0,1,243,1,15969,1,0,1,0,1,0,0,0,0,0,0,0,0,0,0,0,1,0,1,0,1,0,1,0,1,0,0,0,0,0,1,0,0
89,15758000,4461,9561,28.918192,,0,10,8,96,43284,9528,2285,15714716,16,204,50,1,28415,1,110,1,276797,1,1624343,1,116236,1,13657192,1,11572,1,376170,1,10621,4,512435,4,69154,4,4267845,4,8362374,8,12448165,96,179769,24,3507,1,42923,1,2635,1,0,0,0,0,0,0,0,0,0,0,0,0,0,0,6483,1,60888,1,179368,1,28926,1,2645,1,5741,1,29668,1,337906,1,16008,1,228,1,9561,1,4461,1,16236,1,9561,1,0,1,1240,1,1,1,0,1,2764,1,5039,1,1758,1,0,0,0,1,0,1,0,1,0,1,0,1,0,1,0,1,0,1,0,1,1,1,0,1,0,1,1,1,8,1,9,1,0,1,0,1,219,1,16008,1,0,1,0,1,0,0,0,0,0,0,0,0,0,0,0,1,0,1,0,1,0,1,0,1,0,0,0,0,0,1,0,0
90,16094100,4460,9560,28.922281,,0,10,8,96,60640,18155,2726,16033460,16,204,50,1,28064,1,110,1,269593,1,1566080,1,161113,1,13996396,1,12053,1,479220,1,9859,4,579655,4,66740,4,4319145,4,8465709,8,12596988,96,185139,24,4038,1,49165,1,4709,1,0,0,0,0,0,0,0,0,0,0,0,0,0,0,5160,1,56339,1,179178,1,28275,1,4008,1,7525,1,37653,1,429634,1,15993,1,235,1,9560,1,4460,1,16228,1,9560,1,0,1,1240,1,1,1,0,1,2878,1,5039,1,1643,1,0,0,0,1,0,1,0,1,0,1,0,1,0,1,0,1,0,1,0,1,1,1,0,1,0,1,1,1,8,1,8,1,0,1,0,1,227,1,15993,1,0,1,0,1,0,0,0,0,0,0,0,0,0,0,0,1,0,1,0,1,0,1,0,1,0,0,0,0,0,1,0,0
91,15917100,4461,9557,28.926441,,0,10,8,96,45805,10831,2575,15871295,16,204,371,1,30599,1,210,1,292508,1,1567633,1,136214,1,13832097,1,11663,1,378675,1,8076,4,526652,4,67231,4,4469802,4,8318328,8,12603702,96,181853,24,4248,1,44747,1,3507,1,0,0,0,0,0,0,0,0,0,0,0,0,0,0,6072,1,58253,1,189498,1,37102,1,3056,1,5611,1,29387,1,339649,1,15989,1,231,1,9557,1,4461,1,16220,1,9557,1,0,1,1240,1,1,1,0,1,2930,1,5037,1,1590,1,0,0,0,1,0,1,0,1,0,1,0,1,0,1,0,1,0,1,0,1,1,1,0,1,0,1,1,1,8,1,8,1,0,1,0,1,223,1,15989,1,0,1,0,1,0,0,0,0,0,0,0,0,0,0,0,1,0,1,0,1,0,1,0,1,0,0,0,0,0,1,0,0
92,15617900,4462,9557,28.930197,,0,10,8,96,44127,9839,2235,15573773,16,204,250,1,27944,1,210,1,283430,1,1518418,1,114993,1,13617034,1,11492,1,375399,1,13426,4,511844,4,68052,4,4253968,4,8330692,8,12378159,96,204267,24,3747,1,47452,1,2615,1,0,0,0,0,0,0,0,0,0,0,0,0,0,0,5801,1,59526,1,184388,1,32433,1,2455,1,5621,1,29968,1,337024,1,15947,1,259,1,9557,1,4462,1,16206,1,9557,1,0,1,1240,1,1,1,0,1,3016,1,5038,1,1503,1,0,0,0,1,0,1,0,1,0,1,0,1,0,1,0,1,0,1,0,1,1,1,0,1,0,1,1,1,8,1,14,1,0,1,0,1,245,1,15947,1,0,1,0,1,0,0,0,0,0,0,0,0,0,0,0,1,0,1,0,1,0,1,0,1,0,0,0,0,0,1,0,0
93,15614800,4459,9555,28.933605,,0,11,8,96,39614,9639,2245,15575186,16,216,30,1,27273,1,130,1,268501,1,1480073,1,116677,1,13671640,1,10861,1,436477,1,8937,4,529117,4,66860,4,4248718,4,8326885,8,12366476,96,206881,36,3647,1,38425,1,2936,1,0,0,0,0,0,0,0,0,0,0,0,0,0,0,5511,1,55127,1,178867,1,28425,1,3066,1,6282,1,30309,1,396650,1,15940,1,262,1,9555,1,4459,1,16202,1,9555,1,0,1,1240,1,1,1,0,1,3066,1,5038,1,1451,1,0,0,0,1,0,1,0,1,0,1,0,1,0,1,0,1,0,1,0,1,2,1,0,1,0,1,1,1,8,1,17,1,0,1,0,1,245,1,15940,1,0,1,0,1,0,0,0,0,0,0,0,0,0,0,0,1,0,1,0,1,0,1,0,1,0,0,0,0,0,1,0,0
94,15532600,4455,9554,28.936785,,0,11,8,96,47780,10230,3046,15484820,16,216,140,1,26852,1,30,1,267569,1,1427050,1,120273,1,13631883,1,11021,1,382953,1,9669,4,508768,4,68483,4,4257114,4,8345671,8,12411744,96,187995,36,3397,1,40469,1,5130,1,0,0,0,0,0,0,0,0,0,0,0,0,0,0,5821,1,54536,1,177915,1,28726,1,2966,1,5841,1,29718,1,344278,1,15986,1,238,1,9554,1,4455,1,16224,1,9554,1,0,1,1240,1,1,1,0,1,3200,1,5040,1,1314,1,0,0,0,1,0,1,0,1,0,1,0,1,0,1,0,1,0,1,0,1,2,1,0,1,0,1,1,1,8,1,14,1,0,1,0,1,224,1,15986,1,0,1,0,1,0,0,0,0,0,0,0,0,0,0,0,1,0,1,0,1,0,1,0,1,0,0,0,0,0,1,0,0
95,15570000,4464,9554,28.939753,,0,11,8,96,41245,9559,2425,15528755,16,216,70,1,27774,1,210,1,265806,1,1383145,1,150141,1,13690767,1,10841,1,371331,1,8386,4,543205,4,67180,4,4278436,4,8364127,8,12430541,96,209597,36,4749,1,39867,1,3928,1,0,0,0,0,0,0,0,0,0,0,0,0,0,0,5691,1,55167,1,175451,1,28876,1,3597,1,6964,1,30299,1,330331,1,15994,1,266,1,9554,1,4464,1,16260,1,9554,1,0,1,1240,1,1,1,0,1,3227,1,5034,1,1293,1,0,0,0,1,0,1,0,1,0,1,0,1,0,1,0,1,0,1,0,1,2,1,0,1,0,1,1,1,8,1,11,1,0,1,0,1,255,1,15994,1,0,1,0,1,0,0,0,0,0,0,0,0,0,0,0,1,0,1,0,1,0,1,0,1,0,0,0,0,0,1,0,0
96,15459500,4454,9554,28.942532,,0,11,8,96,40528,10009,2375,15418972,16,216,150,1,27463,1,261,1,270906,1,1330333,1,118801,1,13659847,1,11212,1,361011,1,16322,4,512425,4,68343,4,4265761,4,8369908,8,12452583,96,180711,36,3807,1,49185,1,3076,1,0,0,0,0,0,0,0,0,0,0,0,0,0,0,5952,1,60087,1,175761,1,28325,1,2565,1,5831,1,30118,1,322276,1,16034,1,229,1,9554,1,4454,1,16263,1,9554,1,0,1,1240,1,1,1,0,1,3322,1,5033,1,1199,1,0,0,0,1,0,1,0,1,0,1,0,1,0,1,0,1,0,1,0,1,2,1,0,1,0,1,1,1,8,1,11,1,0,1,0,1,218,1,16034,1,0,1,0,1,0,0,0,0,0,0,0,0,0,0,0,1,0,1,0,1,0,1,0,1,0,0,0,0,0,1,0,0
97,15656200,4453,9554,28.9452,,0,11,8,96,41167,11001,2185,15615033,16,216,40,1,27914,1,110,1,273140,1,1336635,1,118580,1,13847612,1,11001,1,486484,1,9108,4,580858,4,67731,4,4273556,4,8370720,8,12460238,96,181853,36,4088,1,41260,1,2805,1,0,0,0,0,0,0,0,0,0,0,0,0,0,0,5761,1,56009,1,181092,1,29567,1,2906,1,5731,1,30329,1,447328,1,16047,1,230,1,9554,1,4453,1,16277,1,9554,1,0,1,1240,1,1,1,0,1,3359,1,5037,1,1158,1,0,0,0,1,0,1,0,1,0,1,0,1,0,1,0,1,0,1,0,1,2,1,0,1,0,1,1,1,8,1,11,1,0,1,0,1,219,1,16047,1,0,1,0,1,0,0,0,0,0,0,0,0,0,0,0,1,0,1,0,1,0,1,0,1,0,0,0,0,0,1,0,0
98,15845800,4449,9553,28.947609,,0,11,8,96,66398,10671,2315,15779402,16,216,0,1,28044,1,100,1,270124,1,1622089,1,147316,1,13699615,1,12114,1,422660,1,8316,4,547673,4,64956,4,4271171,4,8317937,8,12409520,96,177274,36,3898,1,47192,1,5140,1,0,0,0,0,0,0,0,0,0,0,0,0,0,0,5771,1,54686,1,179529,1,29437,1,3517,1,6623,1,29748,1,382162,1,16050,1,226,1,9553,1,4449,1,16276,1,9553,1,0,1,1240,1,1,1,0,1,3411,1,5039,1,1103,1,0,0,0,1,0,1,0,1,0,1,0,1,0,1,0,1,0,1,0,1,2,1,0,1,0,1,1,1,8,1,12,1,0,1,0,1,214,1,16050,1,0,1,0,1,0,0,0,0,0,0,0,0,0,0,0,1,0,1,0,1,0,1,0,1,0,0,0,0,0,1,0,0
99,15670200,4452,9552,28.949892,,0,11,8,96,47011,11112,2395,15623189,16,216,531,1,37222,1,210,1,339028,1,1383045,1,173547,1,13678594,1,11011,1,387663,1,8547,4,515521,4,68022,4,4264048,4,8378294,8,12451772,96,188175,36,3617,1,38926,1,2846,1,0,0,0,0,0,0,0,0,0,0,0,0,0,0,8236,1,78452,1,203064,1,47873,1,4960,1,7575,1,29638,1,344950,1,16055,1,240,1,9552,1,4452,1,16295,1,9552,1,0,1,1240,1,1,1,0,1,3488,1,5037,1,1027,1,0,0,0,1,0,1,0,1,0,1,0,1,0,1,0,1,0,1,0,1,2,1,0,1,0,1,1,1,8,1,12,1,0,1,0,1,228,1,16055,1,0,1,0,1,0,0,0,0,0,0,0,0,0,0,0,1,0,1,0,1,0,1,0,1,0,0,0,0,0,1,0,0
100,15427100,4462,9549,28.952118,,0,11,8,96,40380,10180,2446,15386720,16,216,170,1,27223,1,220,1,269022,1,1252101,1,116496,1,13710516,1,10971,1,363195,1,9689,4,550328,4,70878,4,4292333,4,8360410,8,12463094,96,187203,36,3357,1,47482,1,2665,1,0,0,0,0,0,0,0,0,0,0,0,0,0,0,5681,1,54616,1,179348,1,28155,1,2665,1,5771,1,30639,1,323969,1,16062,1,236,1,9549,1,4462,1,16298,1,9549,1,0,1,1240,1,1,1,0,1,3529,1,5030,1,990,1,0,0,0,1,0,1,0,1,0,1,0,1,0,1,0,1,0,1,0,1,2,1,0,1,0,1,1,1,8,1,12,1,0,1,0,1,224,1,16062,1,0,1,0,1,0,0,0,0,0,0,0,0,0,0,0,1,0,1,0,1,0,1,0,1,0,0,0,0,0,1,0,0
101,16121200,4454,9548,28.954184,,0,11,8,96,72260,21231,3066,16048940,16,216,220,1,28335,1,100,1,270706,1,1244426,1,146765,1,14346335,1,12053,1,558654,1,13476,4,623721,4,79875,4,4372658,4,8601422,8,12790044,96,180971,36,5250,1,63463,1,6583,1,0,0,0,0,0,0,0,0,0,0,0,0,0,0,5441,1,57472,1,178436,1,28756,1,4038,1,7695,1,37363,1,509018,1,16081,1,225,1,9548,1,4454,1,16306,1,9548,1,0,1,1240,1,1,1,0,1,3576,1,5032,1,940,1,0,0,0,1,0,1,0,1,0,1,0,1,0,1,0,1,0,1,0,1,2,1,0,1,0,1,1,1,8,1,12,1,0,1,0,1,213,1,16081,1,0,1,0,1,0,0,0,0,0,0,0,0,0,0,0,1,0,1,0,1,0,1,0,1,0,0,0,0,0,1,0,0
102,16159800,4455,9548,28.956179,,0,11,8,96,65712,11653,2605,16094088,16,216,331,1,50328,1,371,1,406800,1,1373025,1,140152,1,14112050,1,11031,1,443391,1,9669,4,574185,4,68252,4,4519824,4,8429789,8,12774744,96,172264,36,4669,1,47432,1,3186,1,0,0,0,0,0,0,0,0,0,0,0,0,0,0,11352,1,108120,1,239134,1,46460,1,3837,1,6222,1,30028,1,402682,1,16105,1,213,1,9548,1,4455,1,16318,1,9548,1,0,1,1240,1,1,1,0,1,3601,1,5030,1,917,1,0,0,0,1,0,1,0,1,0,1,0,1,0,1,0,1,0,1,0,1,2,1,0,1,0,1,1,1,8,1,12,1,0,1,0,1,201,1,16105,1,0,1,0,1,0,0,0,0,0,0,0,0,0,0,0,1,0,1,0,1,0,1,0,1,0,0,0,0,0,1,0,0
103,15367400,4460,9548,28.957949,,0,11,8,96,40076,10100,2235,15327324,16,216,331,1,28095,1,120,1,276697,1,1203977,1,118099,1,13689044,1,10961,1,372333,1,10591,4,512234,4,67842,4,4279257,4,8393364,8,12482332,96,188055,36,3156,1,37373,1,2795,1,0,0,0,0,0,0,0,0,0,0,0,0,0,0,5661,1,59906,1,182284,1,28004,1,2465,1,5911,1,29868,1,333678,1,16087,1,238,1,9548,1,4460,1,16325,1,9548,1,0,1,1240,1,1,1,0,1,3659,1,5033,1,856,1,0,0,0,1,0,1,0,1,0,1,0,1,0,1,0,1,0,1,0,1,2,1,0,1,0,1,1,1,8,1,11,1,0,1,0,1,227,1,16087,1,0,1,0,1,0,0,0,0,0,0,0,0,0,0,0,1,0,1,0,1,0,1,0,1,0,0,0,0,0,1,0,0
104,15373900,4463,9546,28.959707,,0,11,8,96,55082,9719,2365,15318818,16,216,291,1,27183,1,130,1,268591,1,1125735,1,117979,1,13765362,1,13546,1,374838,1,8777,4,571690,4,68222,4,4286932,4,8393364,8,12504424,96,173507,36,5601,1,43615,1,2605,1,0,0,0,0,0,0,0,0,0,0,0,0,0,0,5921,1,55367,1,178937,1,27914,1,2595,1,6132,1,29658,1,336042,1,16122,1,219,1,9546,1,4463,1,16341,1,9546,1,0,1,1240,1,1,1,0,1,3747,1,5030,1,769,1,0,0,0,1,0,1,0,1,0,1,0,1,0,1,0,1,0,1,0,1,2,1,0,1,0,1,1,1,8,1,12,1,0,1,0,1,207,1,16122,1,0,1,0,1,0,0,0,0,0,0,0,0,0,0,0,1,0,1,0,1,0,1,0,1,0,0,0,0,0,1,0,0
105,15479000,4462,9546,28.9613,,0,11,8,96,61971,9980,2495,15417029,16,216,70,1,32944,1,170,1,271848,1,1150854,1,136194,1,13811382,1,13566,1,402141,1,11142,4,514098,4,67661,4,4287263,4,8446988,8,12547418,96,184338,36,3927,1,61830,1,6352,1,0,0,0,0,0,0,0,0,0,0,0,0,0,0,5320,1,55638,1,180591,1,29227,1,3537,1,5901,1,29888,1,362193,1,16128,1,234,1,9546,1,4462,1,16362,1,9546,1,0,1,1240,1,1,1,0,1,3737,1,5028,1,781,1,0,0,0,1,0,1,0,1,0,1,0,1,0,1,0,1,0,1,0,1,2,1,0,1,0,1,1,1,8,1,12,1,0,1,0,1,222,1,16128,1,0,1,0,1,0,0,0,0,0,0,0,0,0,0,0,1,0,1,0,1,0,1,0,1,0,0,0,0,0,1,0,0
106,15752100,4463,9546,28.962826,,0,11,8,96,41842,10210,2436,15710258,16,216,240,1,28515,1,140,1,274523,1,1533076,1,118831,1,13743830,1,11102,1,398664,1,8096,4,517895,4,68493,4,4281471,4,8403483,8,12501288,96,181232,36,6543,1,46170,1,2805,1,0,0,0,0,0,0,0,0,0,0,0,0,0,0,5781,1,60006,1,179208,1,28816,1,3116,1,6793,1,30259,1,358055,1,16130,1,230,1,9546,1,4463,1,16360,1,9546,1,0,1,1240,1,1,1,0,1,3783,1,5032,1,731,1,0,0,0,1,0,1,0,1,0,1,0,1,0,1,0,1,0,1,0,1,2,1,0,1,0,1,1,1,8,1,11,1,0,1,0,1,219,1,16130,1,0,1,0,1,0,0,0,0,0,0,0,0,0,0,0,1,0,1,0,1,0,1,0,1,0,0,0,0,0,1,0,0
107,15299300,4465,9546,28.964285,,0,11,8,96,41921,9819,2415,15257379,16,216,80,1,27974,1,170,1,268171,1,1100276,1,119442,1,13730114,1,11152,1,373094,1,11362,4,513827,4,69274,4,4291311,4,8410677,8,12523902,96,175671,36,3316,1,44546,1,2886,1,0,0,0,0,0,0,0,0,0,0,0,0,0,0,5942,1,55327,1,177394,1,28986,1,2685,1,5901,1,30008,1,334379,1,16152,1,223,1,9546,1,4465,1,16375,1,9546,1,0,1,1240,1,1,1,0,1,3818,1,5032,1,696,1,0,0,0,1,0,1,0,1,0,1,0,1,0,1,0,1,0,1,0,1,2,1,0,1,0,1,1,1,8,1,12,1,0,1,0,1,211,1,16152,1,0,1,0,1,0,0,0,0,0,0,0,0,0,0,0,1,0,1,0,1,0,1,0,1,0,0,0,0,0,1,0,0
108,15340100,4465,9546,28.965742,,0,10,8,96,40940,12244,2625,15299160,16,204,130,1,27564,1,120,1,267349,1,1066981,1,116767,1,13809057,1,11192,1,374547,1,10891,4,595326,4,67541,4,4295469,4,8404555,8,12521207,96,176192,24,4910,1,40849,1,2725,1,0,0,0,0,0,0,0,0,0,0,0,0,0,0,5541,1,57512,1,174739,1,28966,1,2575,1,5741,1,30249,1,335822,1,16172,1,223,1,9546,1,4465,1,16395,1,9546,1,0,1,1240,1,1,1,0,1,3869,1,5030,1,647,1,0,0,0,1,0,1,0,1,0,1,0,1,0,1,0,1,0,1,0,1,1,1,0,1,0,1,1,1,8,1,8,1,0,1,0,1,215,1,16172,1,0,1,0,1,0,0,0,0,0,0,0,0,0,0,0,1,0,1,0,1,0,1,0,1,0,0,0,0,0,1,0,0
109,15420800,4465,9546,28.967031,,0,11,8,96,51374,10070,2425,15369426,16,216,70,1,28054,1,100,1,271467,1,1112089,1,117879,1,13828705,1,11061,1,426788,1,9358,4,516453,4,66960,4,4302623,4,8442880,8,12568418,96,174659,36,3637,1,44046,1,5891,1,0,0,0,0,0,0,0,0,0,0,0,0,0,0,5441,1,56309,1,178126,1,29698,1,3016,1,5761,1,30118,1,387542,1,16175,1,221,1,9546,1,4465,1,16396,1,9546,1,0,1,1240,1,1,1,0,1,3888,1,5028,1,630,1,0,0,0,1,0,1,0,1,0,1,0,1,0,1,0,1,0,1,0,1,2,1,0,1,0,1,1,1,8,1,12,1,0,1,0,1,209,1,16175,1,0,1,0,1,0,0,0,0,0,0,0,0,0,0,0,1,0,1,0,1,0,1,0,1,0,0,0,0,0,1,0,0
110,15340400,4466,9546,28.968155,,0,11,8,96,41621,9529,2256,15298779,16,216,100,1,28155,1,10,1,268151,1,1065629,1,133319,1,13792575,1,10841,1,383785,1,8276,4,543205,4,66639,4,4314466,4,8422090,8,12552667,96,181632,36,3807,1,37433,1,3346,1,0,0,0,0,0,0,0,0,0,0,0,0,0,0,5541,1,55888,1,177364,1,28826,1,3316,1,6432,1,29678,1,344178,1,16180,1,229,1,9546,1,4466,1,16409,1,9546,1,0,1,1240,1,1,1,0,1,3864,1,5029,1,653,1,0,0,0,1,0,1,0,1,0,1,0,1,0,1,0,1,0,1,0,1,2,1,0,1,0,1,1,1,8,1,16,1,0,1,0,1,213,1,16180,1,0,1,0,1,0,0,0,0,0,0,0,0,0,0,0,1,0,1,0,1,0,1,0,1,0,0,0,0,0,1,0,0
111,15230400,4468,9546,28.969242,,0,10,8,96,44440,10520,2375,15185960,16,204,140,1,27022,1,110,1,270776,1,1020060,1,118921,1,13737378,1,11552,1,356302,1,11382,4,515140,4,67080,4,4299296,4,8421579,8,12539863,96,178637,24,4378,1,48775,1,2926,1,0,0,0,0,0,0,0,0,0,0,0,0,0,0,5801,1,56830,1,174960,1,32734,1,2956,1,5942,1,30589,1,316615,1,16186,1,226,1,9546,1,4468,1,16412,1,9546,1,0,1,1240,1,1,1,0,1,3936,1,5032,1,578,1,0,0,0,1,0,1,0,1,0,1,0,1,0,1,0,1,0,1,0,1,1,1,0,1,0,1,1,1,8,1,8,1,0,1,0,1,218,1,16186,1,0,1,0,1,0,0,0,0,0,0,0,0,0,0,0,1,0,1,0,1,0,1,0,1,0,0,0,0,0,1,0,0
112,15310500,4464,9546,28.970312,,0,10,8,96,41018,9869,2315,15269482,16,204,100,1,28305,1,20,1,267149,1,1040299,1,119542,1,13803116,1,10951,1,393434,1,8166,4,551551,4,65988,4,4315097,4,8406098,8,12531336,96,187544,24,3477,1,46801,1,2635,1,0,0,0,0,0,0,0,0,0,0,0,0,0,0,5461,1,56650,1,175721,1,28736,1,2655,1,5771,1,30008,1,354779,1,16182,1,236,1,9546,1,4464,1,16418,1,9546,1,0,1,1240,1,1,1,0,1,3947,1,5033,1,566,1,0,0,0,1,0,1,0,1,0,1,0,1,0,1,0,1,0,1,0,1,1,1,0,1,0,1,1,1,8,1,15,1,0,1,0,1,221,1,16182,1,0,1,0,1,0,0,0,0,0,0,0,0,0,0,0,1,0,1,0,1,0,1,0,1,0,0,0,0,0,1,0,0
113,15444500,4466,9546,28.971327,,0,10,8,96,94692,17073,2455,15349808,16,204,0,1,28135,1,100,1,265535,1,1025571,1,173507,1,13843023,1,13937,1,423061,1,8116,4,516443,4,67681,4,4312281,4,8442880,8,12572476,96,180230,24,3797,1,46741,1,4950,1,0,0,0,0,0,0,0,0,0,0,0,0,0,0,6002,1,55758,1,173988,1,29287,1,15039,1,5501,1,29848,1,371942,1,16199,1,229,1,9546,1,4466,1,16428,1,9546,1,0,1,1240,1,1,1,0,1,4003,1,5032,1,511,1,0,0,0,1,0,1,0,1,0,1,0,1,0,1,0,1,0,1,0,1,1,1,0,1,0,1,1,1,8,1,15,1,0,1,0,1,214,1,16199,1,0,1,0,1,0,0,0,0,0,0,0,0,0,0,0,1,0,1,0,1,0,1,0,1,0,0,0,0,0,1,0,0
114,15851900,4467,9546,28.972305,,0,11,8,96,49358,10540,2876,15802542,16,216,341,1,34317,1,160,1,360059,1,1073284,1,161854,1,14160895,1,11633,1,393895,1,8867,4,573513,4,69846,4,4393424,4,8650793,8,12861763,96,179579,36,6162,1,49546,1,4308,1,0,0,0,0,0,0,0,0,0,0,0,0,0,0,7735,1,70737,1,240998,1,38715,1,3847,1,7164,1,29878,1,352675,1,16214,1,225,1,9546,1,4467,1,16439,1,9546,1,0,1,1240,1,1,1,0,1,4036,1,5033,1,477,1,0,0,0,1,0,1,0,1,0,1,0,1,0,1,0,1,0,1,0,1,2,1,0,1,0,1,1,1,8,1,16,1,0,1,0,1,209,1,16214,1,0,1,0,1,0,0,0,0,0,0,0,0,0,0,0,1,0,1,0,1,0,1,0,1,0,0,0,0,0,1,0,0
115,15265000,4467,9546,28.97322,,0,10,8,96,41607,10019,2154,15223393,16,204,321,1,29267,1,130,1,292327,1,985473,1,118560,1,13786333,1,10981,1,379607,1,11051,4,515130,4,66549,4,4302673,4,8447599,8,12572236,96,175881,24,4419,1,45869,1,3417,1,0,0,0,0,0,0,0,0,0,0,0,0,0,0,7424,1,63333,1,183105,1,36711,1,2725,1,5921,1,29617,1,340982,1,16213,1,223,1,9546,1,4467,1,16436,1,9546,1,0,1,1240,1,1,1,0,1,4034,1,5033,1,479,1,0,0,0,1,0,1,0,1,0,1,0,1,0,1,0,1,0,1,0,1,1,1,0,1,0,1,1,1,8,1,12,1,0,1,0,1,211,1,16213,1,0,1,0,1,0,0,0,0,0,0,0,0,0,0,0,1,0,1,0,1,0,1,0,1,0,0,0,0,0,1,0,0
116,15192600,4465,9546,28.974094,,0,10,8,96,39634,9569,2946,15152966,16,204,10,1,28135,1,100,1,268802,1,946978,1,118270,1,13779560,1,11112,1,370429,1,9779,4,514459,4,74334,4,4313123,4,8443371,8,12582876,96,170671,24,3948,1,37914,1,2635,1,0,0,0,0,0,0,0,0,0,0,0,0,0,0,5741,1,55728,1,178106,1,28215,1,2475,1,6282,1,29698,1,331774,1,16222,1,217,1,9546,1,4465,1,16439,1,9546,1,0,1,1240,1,1,1,0,1,4077,1,5031,1,438,1,0,0,0,1,0,1,0,1,0,1,0,1,0,1,0,1,0,1,0,1,1,1,0,1,0,1,1,1,8,1,12,1,0,1,0,1,205,1,16222,1,0,1,0,1,0,0,0,0,0,0,0,0,0,0,0,1,0,1,0,1,0,1,0,1,0,0,0,0,0,1,0,0
117,15319500,4465,9546,28.974928,,0,10,8,96,67447,10120,2274,15252053,16,204,341,1,27303,1,60,1,265736,1,918062,1,138834,1,13884283,1,17434,1,388925,1,8537,4,544096,4,69535,4,4328924,4,8483238,8,12625449,96,184438,24,3667,1,43825,1,3417,1,0,0,0,0,0,0,0,0,0,0,0,0,0,0,5891,1,54877,1,175040,1,29177,1,2866,1,5701,1,30179,1,349689,1,16227,1,234,1,9546,1,4465,1,16461,1,9546,1,0,1,1240,1,1,1,0,1,4129,1,5034,1,383,1,0,0,0,1,0,1,0,1,0,1,0,1,0,1,0,1,0,1,0,1,1,1,0,1,0,1,1,1,8,1,15,1,0,1,0,1,219,1,16227,1,0,1,0,1,0,0,0,0,0,0,0,0,0,0,0,1,0,1,0,1,0,1,0,1,0,0,0,0,0,1,0,0
118,15407300,4466,9546,28.975708,,0,10,8,96,54286,11372,2766,15353014,16,204,411,1,38294,1,90,1,350050,1,1018397,1,132467,1,13802154,1,11152,1,423372,1,9028,4,514599,4,65798,4,4301711,4,8419044,8,12534222,96,183767,24,3898,1,47592,1,5741,1,0,0,0,0,0,0,0,0,0,0,0,0,0,0,7775,1,70477,1,233674,1,36811,1,3487,1,6172,1,29918,1,383394,1,16226,1,236,1,9546,1,4466,1,16462,1,9546,1,0,1,1240,1,1,1,0,1,4106,1,5035,1,405,1,0,0,0,1,0,1,0,1,0,1,0,1,0,1,0,1,0,1,0,1,1,1,0,1,0,1,1,1,8,1,12,1,0,1,0,1,224,1,16226,1,0,1,0,1,0,0,0,0,0,0,0,0,0,0,0,1,0,1,0,1,0,1,0,1,0,0,0,0,0,1,0,0
119,15624800,4467,9546,28.97645,,0,11,8,96,46859,10290,2385,15577941,16,216,521,1,37763,1,220,1,413944,1,1171063,1,119602,1,13823926,1,10901,1,379607,1,16662,4,520300,4,65898,4,4304747,4,8477888,8,12588587,96,191662,36,3206,1,42603,1,2725,1,0,0,0,0,0,0,0,0,0,0,0,0,0,0,9208,1,82640,1,260967,1,59646,1,4649,1,6322,1,29878,1,338297,1,16229,1,243,1,9546,1,4467,1,16472,1,9546,1,0,1,1240,1,1,1,0,1,4159,1,5036,1,351,1,0,0,0,1,0,1,0,1,0,1,0,1,0,1,0,1,0,1,0,1,2,1,0,1,0,1,1,1,8,1,19,1,0,1,0,1,224,1,16229,1,0,1,0,1,0,0,0,0,0,0,0,0,0,0,0,1,0,1,0,1,0,1,0,1,0,0,0,0,0,1,0,0
120,15149100,4463,9546,28.977146,,0,10,8,96,40400,9358,2055,15108700,16,204,120,1,28195,1,50,1,271958,1,893244,1,117157,1,13786804,1,11172,1,361652,1,10971,4,517795,4,69545,4,4314586,4,8458510,8,12593587,96,177454,24,3617,1,38124,1,2645,1,0,0,0,0,0,0,0,0,0,0,0,0,0,0,6062,1,56500,1,180400,1,28485,1,2896,1,6743,1,30078,1,321735,1,16244,1,226,1,9546,1,4463,1,16470,1,9546,1,0,1,1240,1,1,1,0,1,4175,1,5037,1,334,1,0,0,0,1,0,1,0,1,0,1,0,1,0,1,0,1,0,1,0,1,1,1,0,1,0,1,1,1,8,1,12,1,0,1,0,1,214,1,16244,1,0,1,0,1,0,0,0,0,0,0,0,0,0,0,0,1,0,1,0,1,0,1,0,1,0,0,0,0,0,1,0,0
121,15201800,4463,9546,28.977818,,0,10,8,96,41039,9589,2195,15160761,16,204,50,1,27143,1,90,1,267529,1,878325,1,119061,1,13857351,1,11212,1,361852,1,8667,4,580126,4,66519,4,4317081,4,8460524,8,12590952,96,184458,24,3807,1,46400,1,2785,1,0,0,0,0,0,0,0,0,0,0,0,0,0,0,5972,1,55618,1,176903,1,28475,1,2675,1,5761,1,30459,1,322857,1,16247,1,236,1,9546,1,4463,1,16483,1,9546,1,0,1,1240,1,1,1,0,1,4189,1,5040,1,317,1,0,0,0,1,0,1,0,1,0,1,0,1,0,1,0,1,0,1,0,1,1,1,0,1,0,1,1,1,8,1,12,1,0,1,0,1,224,1,16247,1,0,1,0,1,0,0,0,0,0,0,0,0,0,0,0,1,0,1,0,1,0,1,0,1,0,0,0,0,0,1,0,0
122,15315100,4462,9546,28.978441,,0,10,8,96,42522,10300,2676,15272578,16,204,10,1,28445,1,120,1,264564,1,993869,1,123380,1,13851119,1,11071,1,424804,1,8757,4,517064,4,67561,4,4321970,4,8450294,8,12580441,96,189147,24,3527,1,42603,1,4238,1,0,0,0,0,0,0,0,0,0,0,0,0,0,0,5771,1,55658,1,173156,1,28826,1,3176,1,5571,1,30229,1,385659,1,16238,1,241,1,9546,1,4462,1,16479,1,9546,1,0,1,1240,1,1,1,0,1,4197,1,5043,1,306,1,0,0,0,1,0,1,0,1,0,1,0,1,0,1,0,1,0,1,0,1,1,1,0,1,0,1,1,1,8,1,12,1,0,1,0,1,229,1,16238,1,0,1,0,1,0,0,0,0,0,0,0,0,0,0,0,1,0,1,0,1,0,1,0,1,0,0,0,0,0,1,0,0
123,15268000,4463,9546,28.979033,,0,11,8,96,43836,11492,2976,15224164,16,216,80,1,27393,1,30,1,277378,1,877864,1,125804,1,13904472,1,11142,1,405477,1,21712,4,530790,4,67110,4,4347810,4,8463580,8,12625870,96,182544,36,4378,1,48394,1,3727,1,0,0,0,0,0,0,0,0,0,0,0,0,0,0,6052,1,54366,1,177635,1,38294,1,3367,1,5921,1,30078,1,365890,1,16249,1,233,1,9546,1,4463,1,16482,1,9546,1,0,1,1240,1,1,1,0,1,4235,1,5044,1,267,1,0,0,0,1,0,1,0,1,0,1,0,1,0,1,0,1,0,1,0,1,2,1,0,1,0,1,1,1,8,1,20,1,0,1,0,1,213,1,16249,1,0,1,0,1,0,0,0,0,0,0,0,0,0,0,0,1,0,1,0,1,0,1,0,1,0,0,0,0,0,1,0,0
124,15166900,4462,9546,28.979574,,0,11,8,96,39163,10560,2145,15127737,16,216,200,1,27624,1,30,1,270726,1,847345,1,131966,1,13838705,1,11142,1,393374,1,19959,4,524588,4,66549,4,4318844,4,8458541,8,12596803,96,178436,36,3467,1,40268,1,2555,1,0,0,0,0,0,0,0,0,0,0,0,0,0,0,6142,1,57862,1,172795,1,33084,1,3216,1,6192,1,29938,1,353747,1,16255,1,228,1,9546,1,4462,1,16483,1,9546,1,0,1,1240,1,1,1,0,1,4251,1,5044,1,251,1,0,0,0,1,0,1,0,1,0,1,0,1,0,1,0,1,0,1,0,1,2,1,0,1,0,1,1,1,8,1,20,1,0,1,0,1,208,1,16255,1,0,1,0,1,0,0,0,0,0,0,0,0,0,0,0,1,0,1,0,1,0,1,0,1,0,0,0,0,0,1,0,0
125,15109400,4463,9546,28.98009,,0,11,8,96,43313,10090,2375,15066087,16,216,80,1,27413,1,100,1,259644,1,832236,1,118540,1,13816401,1,11673,1,366140,1,12685,4,519498,4,68563,4,4315287,4,8469341,8,12594649,96,187604,36,3447,1,47953,1,3397,1,0,0,0,0,0,0,0,0,0,0,0,0,0,0,5501,1,54746,1,170641,1,28054,1,3046,1,5631,1,30028,1,327195,1,16247,1,240,1,9546,1,4463,1,16487,1,9546,1,0,1,1240,1,1,1,0,1,4274,1,5044,1,228,1,0,0,0,1,0,1,0,1,0,1,0,1,0,1,0,1,0,1,0,1,2,1,0,1,0,1,1,1,8,1,20,1,0,1,0,1,220,1,16247,1,0,1,0,1,0,0,0,0,0,0,0,0,0,0,0,1,0,1,0,1,0,1,0,1,0,0,0,0,0,1,0,0
126,15175900,4466,9546,28.980558,,0,11,8,96,41059,9558,2355,15134841,16,216,140,1,28455,1,30,1,263862,1,859819,1,116586,1,13854335,1,11613,1,401109,1,8767,4,553054,4,67491,4,4317071,4,8449413,8,12570913,96,193215,36,4539,1,40769,1,2565,1,0,0,0,0,0,0,0,0,0,0,0,0,0,0,6352,1,56109,1,171804,1,28946,1,2635,1,5871,1,30139,1,362153,1,16264,1,246,1,9546,1,4466,1,16510,1,9546,1,0,1,1240,1,1,1,0,1,4250,1,5043,1,253,1,0,0,0,1,0,1,0,1,0,1,0,1,0,1,0,1,0,1,0,1,2,1,0,1,0,1,1,1,8,1,20,1,0,1,0,1,226,1,16264,1,0,1,0,1,0,0,0,0,0,0,0,0,0,0,0,1,0,1,0,1,0,1,0,1,0,0,0,0,0,1,0,0
127,15146200,4466,9546,28.98101,,0,11,8,96,47049,9919,2646,15099151,16,216,230,1,28075,1,30,1,263291,1,835221,1,118009,1,13843133,1,11162,1,399115,1,9599,4,522895,4,68814,4,4327381,4,8449723,8,12577886,96,196572,36,3346,1,47362,1,4980,1,0,0,0,0,0,0,0,0,0,0,0,0,0,0,6012,1,56099,1,170912,1,29347,1,3016,1,5801,1,29878,1,360119,1,16262,1,252,1,9546,1,4466,1,16514,1,9546,1,0,1,1240,1,1,1,0,1,4294,1,5042,1,210,1,0,0,0,1,0,1,0,1,0,1,0,1,0,1,0,1,0,1,0,1,2,1,0,1,0,1,1,1,8,1,20,1,0,1,0,1,232,1,16262,1,0,1,0,1,0,0,0,0,0,0,0,0,0,0,0,1,0,1,0,1,0,1,0,1,0,0,0,0,0,1,0,0
128,15116700,4468,9546,28.981445,,0,11,8,96,40072,9518,2355,15076628,16,216,110,1,27824,1,110,1,265085,1,813489,1,119732,1,13839216,1,11061,1,381000,1,9098,4,552493,4,65647,4,4326860,4,8448671,8,12579841,96,193335,36,3647,1,39016,1,3266,1,0,0,0,0,0,0,0,0,0,0,0,0,0,0,6002,1,56680,1,172375,1,29357,1,3096,1,5731,1,30028,1,341924,1,16271,1,247,1,9546,1,4468,1,16518,1,9546,1,0,1,1240,1,1,1,0,1,4315,1,5042,1,189,1,0,0,0,1,0,1,0,1,0,1,0,1,0,1,0,1,0,1,0,1,2,1,0,1,0,1,1,1,8,1,20,1,0,1,0,1,227,1,16271,1,0,1,0,1,0,0,0,0,0,0,0,0,0,0,0,1,0,1,0,1,0,1,0,1,0,0,0,0,0,1,0,0
129,15090400,4465,9546,28.981846,,0,11,8,96,38871,9318,2185,15051529,16,216,50,1,27083,1,30,1,266928,1,792268,1,140873,1,13812995,1,11302,1,363535,1,8797,4,534077,4,67742,4,4316570,4,8458921,8,12584019,96,189287,36,4920,1,45959,1,3156,1,0,0,0,0,0,0,0,0,0,0,0,0,0,0,5711,1,55979,1,171723,1,33024,1,3296,1,6382,1,29998,1,323528,1,16277,1,243,1,9546,1,4465,1,16520,1,9546,1,0,1,1240,1,1,1,0,1,4342,1,5041,1,163,1,0,0,0,1,0,1,0,1,0,1,0,1,0,1,0,1,0,1,0,1,2,1,0,1,0,1,1,1,8,1,24,1,0,1,0,1,219,1,16277,1,0,1,0,1,0,0,0,0,0,0,0,0,0,0,0,1,0,1,0,1,0,1,0,1,0,0,0,0,0,1,0,0
130,15122500,4468,9546,28.982235,,0,11,8,96,40372,10050,3757,15082128,16,216,60,1,28585,1,100,1,265556,1,821034,1,117478,1,13837643,1,11673,1,353075,1,13246,4,520330,4,67291,4,4322872,4,8500101,8,12638605,96,180611,36,3256,1,43044,1,4378,1,0,0,0,0,0,0,0,0,0,0,0,0,0,0,6322,1,60207,1,169810,1,28415,1,2595,1,5701,1,29708,1,314911,1,16294,1,233,1,9546,1,4468,1,16527,1,9546,1,0,1,1240,1,1,1,0,1,4301,1,5041,1,204,1,0,0,0,1,0,1,0,1,0,1,0,1,0,1,0,1,0,1,0,1,2,1,0,1,0,1,1,1,8,1,24,1,0,1,0,1,209,1,16294,1,0,1,0,1,0,0,0,0,0,0,0,0,0,0,0,1,0,1,0,1,0,1,0,1,0,0,0,0,0,1,0,0
131,15136000,4466,9546,28.982603,,0,10,8,96,42900,9508,2084,15093100,16,204,50,1,27724,1,200,1,262720,1,784493,1,117889,1,13889143,1,10881,1,371040,1,9428,4,566440,4,66699,4,4354022,4,8461967,8,12635829,96,178076,24,3707,1,43364,1,2966,1,0,0,0,0,0,0,0,0,0,0,0,0,0,0,5731,1,56189,1,171443,1,28766,1,3226,1,5831,1,29738,1,331934,1,16315,1,230,1,9546,1,4466,1,16545,1,9546,1,0,1,1240,1,1,1,0,1,4355,1,5041,1,150,1,0,0,0,1,0,1,0,1,0,1,0,1,0,1,0,1,0,1,0,1,1,1,0,1,0,1,1,1,8,1,16,1,0,1,0,1,214,1,16315,1,0,1,0,1,0,0,0,0,0,0,0,0,0,0,0,1,0,1,0,1,0,1,0,1,0,0,0,0,0,1,0,0
132,15146700,4467,9546,28.982958,,0,10,8,96,43901,10190,2185,15102799,16,204,10,1,27704,1,200,1,261918,1,797127,1,120324,1,13884403,1,11112,1,373204,1,11021,4,523486,4,67391,4,4330597,4,8510110,8,12663783,96,174739,24,3697,1,49436,1,5270,1,0,0,0,0,0,0,0,0,0,0,0,0,0,0,6202,1,55728,1,171142,1,28255,1,2825,1,5811,1,30409,1,334008,1,16329,1,224,1,9546,1,4467,1,16553,1,9546,1,0,1,1240,1,1,1,0,1,4360,1,5042,1,144,1,0,0,0,1,0,1,0,1,0,1,0,1,0,1,0,1,0,1,0,1,1,1,0,1,0,1,1,1,8,1,16,1,0,1,0,1,208,1,16329,1,0,1,0,1,0,0,0,0,0,0,0,0,0,0,0,1,0,1,0,1,0,1,0,1,0,0,0,0,0,1,0,0
133,15187000,4465,9546,28.983284,,0,10,8,96,42200,9719,2314,15144800,16,204,40,1,28606,1,451,1,263141,1,793691,1,121396,1,13925914,1,11562,1,413563,1,9729,4,560809,4,68753,4,4340606,4,8471455,8,12633816,96,175932,24,3367,1,42753,1,5160,1,0,0,0,0,0,0,0,0,0,0,0,0,0,0,6202,1,54195,1,172916,1,29026,1,2876,1,5721,1,29918,1,374357,1,16326,1,227,1,9546,1,4465,1,16553,1,9546,1,0,1,1240,1,1,1,0,1,4361,1,5042,1,143,1,0,0,0,1,0,1,0,1,0,1,0,1,0,1,0,1,0,1,0,1,1,1,0,1,0,1,1,1,8,1,16,1,0,1,0,1,211,1,16326,1,0,1,0,1,0,0,0,0,0,0,0,0,0,0,0,1,0,1,0,1,0,1,0,1,0,0,0,0,0,1,0,0
134,15214600,4464,9546,28.983583,,0,10,8,96,42457,9819,2195,15172143,16,204,200,1,28876,1,481,1,270385,1,791246,1,150332,1,13919692,1,10931,1,364738,1,11262,4,542884,4,70266,4,4329755,4,8534117,8,12685887,96,175791,24,5120,1,46661,1,5070,1,0,0,0,0,0,0,0,0,0,0,0,0,0,0,5711,1,56059,1,172375,1,35719,1,3797,1,6703,1,30529,1,323558,1,16330,1,223,1,9546,1,4464,1,16553,1,9546,1,0,1,1240,1,1,1,0,1,4358,1,5042,1,146,1,0,0,0,1,0,1,0,1,0,1,0,1,0,1,0,1,0,1,0,1,1,1,0,1,0,1,1,1,8,1,16,1,0,1,0,1,207,1,16330,1,0,1,0,1,0,0,0,0,0,0,0,0,0,0,0,1,0,1,0,1,0,1,0,1,0,0,0,0,0,1,0,0
135,15141700,4468,9546,28.98386,,0,10,8,96,43651,9398,2095,15098049,16,204,170,1,27904,1,120,1,262720,1,783812,1,125684,1,13886668,1,10971,1,394927,1,13156,4,520581,4,68683,4,4330807,4,8498107,8,12644535,96,182284,24,4238,1,42653,1,4118,1,0,0,0,0,0,0,0,0,0,0,0,0,0,0,6663,1,56389,1,170120,1,28796,1,2705,1,6162,1,29778,1,356121,1,16320,1,233,1,9546,1,4468,1,16553,1,9546,1,0,1,1240,1,1,1,0,1,4365,1,5040,1,141,1,0,0,0,1,0,1,0,1,0,1,0,1,0,1,0,1,0,1,0,1,1,1,0,1,0,1,1,1,8,1,16,1,0,1,0,1,217,1,16320,1,0,1,0,1,0,0,0,0,0,0,0,0,0,0,0,1,0,1,0,1,0,1,0,1,0,0,0,0,0,1,0,0
136,15155500,4468,9546,28.984129,,0,11,8,96,41921,10380,2265,15113579,16,216,110,1,27453,1,30,1,260175,1,796236,1,121726,1,13896968,1,10881,1,364668,1,9078,4,558905,4,67130,4,4360325,4,8475664,8,12655557,96,178166,36,3256,1,44416,1,3146,1,0,0,0,0,0,0,0,0,0,0,0,0,0,0,6102,1,54786,1,169359,1,29357,1,2685,1,6443,1,30349,1,325031,1,16322,1,228,1,9546,1,4468,1,16550,1,9546,1,0,1,1240,1,1,1,0,1,4365,1,5039,1,142,1,0,0,0,1,0,1,0,1,0,1,0,1,0,1,0,1,0,1,0,1,2,1,0,1,0,1,1,1,8,1,20,1,0,1,0,1,208,1,16322,1,0,1,0,1,0,0,0,0,0,0,0,0,0,0,0,1,0,1,0,1,0,1,0,1,0,0,0,0,0,1,0,0
137,15530300,4466,9546,28.984394,,0,10,8,96,63831,11743,3647,15466469,16,204,30,1,27523,1,110,1,261077,1,816976,1,172505,1,14176676,1,11572,1,446878,1,13015,4,581379,4,67782,4,4347740,4,8647382,8,12808940,96,182534,24,3898,1,51380,1,5481,1,0,0,0,0,0,0,0,0,0,0,0,0,0,0,6072,1,55087,1,170070,1,28736,1,5140,1,6813,1,39457,1,394756,1,16331,1,221,1,9546,1,4466,1,16552,1,9546,1,0,1,1240,1,1,1,0,1,4410,1,5037,1,99,1,0,0,0,1,0,1,0,1,0,1,0,1,0,1,0,1,0,1,0,1,1,1,0,1,0,1,1,1,8,1,12,1,0,1,0,1,209,1,16331,1,0,1,0,1,0,0,0,0,0,0,0,0,0,0,0,1,0,1,0,1,0,1,0,1,0,0,0,0,0,1,0,0
138,15247000,4469,9546,28.984627,,0,10,8,96,55429,10400,2205,15191571,16,204,220,1,29487,1,240,1,272369,1,804582,1,179418,1,13892689,1,12564,1,416308,1,9799,4,582491,4,65928,4,4312452,4,8442679,8,12575591,96,177334,24,5310,1,43154,1,4168,1,0,0,0,0,0,0,0,0,0,0,0,0,0,0,7114,1,57131,1,176082,1,30840,1,4138,1,7715,1,30329,1,373645,1,16323,1,228,1,9546,1,4469,1,16551,1,9546,1,0,1,1240,1,1,1,0,1,4390,1,5036,1,120,1,0,0,0,1,0,1,0,1,0,1,0,1,0,1,0,1,0,1,0,1,1,1,0,1,0,1,1,1,8,1,12,1,0,1,0,1,216,1,16323,1,0,1,0,1,0,0,0,0,0,0,0,0,0,0,0,1,0,1,0,1,0,1,0,1,0,0,0,0,0,1,0,0
139,15051200,4467,9545,28.984867,,0,10,8,96,41853,9448,2125,15009347,16,204,60,1,28235,1,60,1,282769,1,760346,1,118861,1,13807775,1,11242,1,370890,1,12033,4,526462,4,68212,4,4319706,4,8452929,8,12594599,96,175911,24,3707,1,40398,1,3988,1,0,0,0,0,0,0,0,0,0,0,0,0,0,0,7134,1,62842,1,174970,1,37142,1,2635,1,5861,1,29878,1,332305,1,16329,1,224,1,9545,1,4467,1,16553,1,9545,1,0,1,1240,1,1,1,0,1,4404,1,5036,1,105,1,0,0,0,1,0,1,0,1,0,1,0,1,0,1,0,1,0,1,0,1,1,1,0,1,0,1,1,1,8,1,12,1,0,1,0,1,212,1,16329,1,0,1,0,1,0,0,0,0,0,0,0,0,0,0,0,1,0,1,0,1,0,1,0,1,0,0,0,0,0,1,0,0
140,15053300,4466,9545,28.985088,,0,10,8,96,40426,9739,2385,15012874,16,204,250,1,27724,1,120,1,274613,1,742972,1,118530,1,13837182,1,11482,1,365279,1,12725,4,520721,4,73713,4,4325136,4,8472117,8,12619457,96,175411,24,3767,1,48845,1,5140,1,0,0,0,0,0,0,0,0,0,0,0,0,0,0,5811,1,55738,1,183416,1,28936,1,2685,1,5751,1,29607,1,327055,1,16316,1,226,1,9545,1,4466,1,16542,1,9545,1,0,1,1240,1,1,1,0,1,4422,1,5037,1,86,1,0,0,0,1,0,1,0,1,0,1,0,1,0,1,0,1,0,1,0,1,1,1,0,1,0,1,1,1,8,1,15,1,0,1,0,1,211,1,16316,1,0,1,0,1,0,0,0,0,0,0,0,0,0,0,0,1,0,1,0,1,0,1,0,1,0,0,0,0,0,1,0,0
141,15101700,4466,9545,28.985296,,0,10,8,96,42847,10330,2015,15058853,16,204,220,1,28085,1,100,1,265806,1,757110,1,118891,1,13877650,1,10991,1,379707,1,10100,4,607429,4,68413,4,4318483,4,8437269,8,12578397,96,175340,24,3607,1,39076,1,3236,1,0,0,0,0,0,0,0,0,0,0,0,0,0,0,5851,1,54576,1,176052,1,28165,1,2625,1,5441,1,29898,1,341483,1,16320,1,226,1,9545,1,4466,1,16546,1,9545,1,0,1,1240,1,1,1,0,1,4420,1,5037,1,88,1,0,0,0,1,0,1,0,1,0,1,0,1,0,1,0,1,0,1,0,1,1,1,0,1,0,1,1,1,8,1,15,1,0,1,0,1,211,1,16320,1,1,1,0,1,0,0,0,0,0,0,0,0,0,0,0,1,0,1,0,1,0,1,0,1,0,0,0,0,0,1,0,0
142,15107500,4466,9545,28.985493,,0,10,8,96,52604,10741,2515,15054896,16,204,301,1,27163,1,110,1,268551,1,806175,1,121516,1,13819808,1,11272,1,390288,1,9939,4,526382,4,67852,4,4318573,4,8442038,8,12584299,96,173797,24,3557,1,45518,1,4920,1,0,0,0,0,0,0,0,0,0,0,0,0,0,0,6192,1,53103,1,179869,1,28596,1,3397,1,5681,1,30489,1,350430,1,16329,1,223,1,9545,1,4466,1,16552,1,9545,1,0,1,1240,1,1,1,0,1,4417,1,5037,1,91,1,0,0,0,1,0,1,0,1,0,1,0,1,0,1,0,1,0,1,0,1,1,1,0,1,0,1,1,1,8,1,16,1,0,1,0,1,207,1,16329,1,0,1,0,1,0,0,0,0,0,0,0,0,0,0,0,1,0,1,0,1,0,1,0,1,0,0,0,0,0,1,0,0
143,15394200,4468,9545,28.98568,,0,10,8,96,49557,10630,4138,15344643,16,204,401,1,27944,1,210,1,292969,1,764123,1,164600,1,14083114,1,11282,1,402050,1,9619,4,608050,4,71669,4,4408633,4,8514008,8,12740297,96,178206,24,5130,1,48905,1,4419,1,0,0,0,0,0,0,0,0,0,0,0,0,0,0,6863,1,60327,1,190750,1,33866,1,3817,1,7074,1,29948,1,360790,1,16324,1,226,1,9545,1,4468,1,16550,1,9545,1,0,1,1240,1,1,1,0,1,4422,1,5038,1,85,1,0,0,0,1,0,1,0,1,0,1,0,1,0,1,0,1,0,1,0,1,1,1,0,1,0,1,1,1,8,1,15,1,0,1,0,1,211,1,16324,1,0,1,0,1,0,0,0,0,0,0,0,0,0,0,0,1,0,1,0,1,0,1,0,1,0,0,0,0,0,1,0,0
144,15103400,4471,9545,28.985857,,0,10,8,96,41992,9989,2154,15061408,16,204,261,1,28325,1,190,1,285154,1,742141,1,141334,1,13852561,1,11442,1,394315,1,11943,4,532394,4,68373,4,4313343,4,8467908,8,12594769,96,184328,24,5651,1,44286,1,4358,1,0,0,0,0,0,0,0,0,0,0,0,0,0,0,6863,1,60307,1,182274,1,34687,1,3437,1,6443,1,30008,1,353837,1,16320,1,236,1,9545,1,4471,1,16556,1,9545,1,0,1,1240,1,1,1,0,1,4439,1,5037,1,69,1,0,0,0,1,0,1,0,1,0,1,0,1,0,1,0,1,0,1,0,1,1,1,0,1,0,1,1,1,8,1,15,1,0,1,0,1,221,1,16320,1,0,1,0,1,0,0,0,0,0,0,0,0,0,0,0,1,0,1,0,1,0,1,0,1,0,0,0,0,0,1,0,0
145,15100300,4470,9545,28.986025,,0,10,8,96,43902,9669,2755,15056398,16,204,311,1,27303,1,110,1,270004,1,735177,1,123720,1,13888942,1,10831,1,407762,1,12865,4,529167,4,71849,4,4322912,4,8476505,8,12606753,96,189909,24,5300,1,48695,1,4218,1,0,0,0,0,0,0,0,0,0,0,0,0,0,0,6493,1,54446,1,179388,1,28886,1,2555,1,5901,1,29998,1,369086,1,16316,1,243,1,9545,1,4470,1,16559,1,9545,1,0,1,1240,1,1,1,0,1,4440,1,5038,1,67,1,0,0,0,1,0,1,0,1,0,1,0,1,0,1,0,1,0,1,0,1,1,1,0,1,0,1,1,1,8,1,16,1,0,1,0,1,227,1,16316,1,0,1,0,1,0,0,0,0,0,0,0,0,0,0,0,1,0,1,0,1,0,1,0,1,0,0,0,0,0,1,0,0
146,15070400,4468,9545,28.986183,,0,10,8,96,57235,9348,2205,15013165,16,204,70,1,27774,1,291,1,269774,1,731620,1,118450,1,13851550,1,13636,1,360550,1,9839,4,591178,4,68713,4,4324796,4,8439593,8,12577947,96,184238,24,3507,1,40499,1,3527,1,0,0,0,0,0,0,0,0,0,0,0,0,0,0,6342,1,54957,1,178727,1,29197,1,3016,1,6172,1,30279,1,320953,1,16315,1,237,1,9545,1,4468,1,16552,1,9545,1,0,1,1240,1,1,1,0,1,4440,1,5039,1,66,1,0,0,0,1,0,1,0,1,0,1,0,1,0,1,0,1,0,1,0,1,1,1,0,1,0,1,1,1,8,1,15,1,0,1,0,1,222,1,16315,1,0,1,0,1,0,0,0,0,0,0,0,0,0,0,0,1,0,1,0,1,0,1,0,1,0,0,0,0,0,1,0,0
147,15134700,4467,9545,28.98633,,0,10,8,96,68543,10019,3037,15066157,16,204,120,1,32112,1,150,1,271417,1,769323,1,137697,1,13843754,1,11582,1,397031,1,10130,4,522164,4,69866,4,4311109,4,8459452,8,12593496,96,174028,24,3296,1,54746,1,5942,1,0,0,0,0,0,0,0,0,0,0,0,0,0,0,6212,1,54947,1,181542,1,28105,1,3056,1,5761,1,30118,1,357895,1,16336,1,224,1,9545,1,4467,1,16560,1,9545,1,0,1,1240,1,1,1,0,1,4457,1,5039,1,49,1,0,0,0,1,0,1,0,1,0,1,0,1,0,1,0,1,0,1,0,1,1,1,0,1,0,1,1,1,8,1,16,1,0,1,0,1,208,1,16336,1,0,1,0,1,0,0,0,0,0,0,0,0,0,0,0,1,0,1,0,1,0,1,0,1,0,0,0,0,0,1,0,0
148,15566200,4465,9545,28.98647,,0,10,8,96,48581,9970,3006,15517619,16,204,521,1,34928,1,190,1,369036,1,766558,1,153217,1,14182206,1,10961,1,405146,1,9128,4,582290,4,69956,4,4406058,4,8646004,8,12873065,96,175992,24,3597,1,46079,1,3978,1,0,0,0,0,0,0,0,0,0,0,0,0,0,0,8226,1,70627,1,242811,1,45919,1,3677,1,6703,1,29778,1,364107,1,16341,1,222,1,9545,1,4465,1,16563,1,9545,1,0,1,1240,1,1,1,0,1,4449,1,5039,1,57,1,0,0,0,1,0,1,0,1,0,1,0,1,0,1,0,1,0,1,0,1,1,1,0,1,0,1,1,1,8,1,15,1,0,1,0,1,207,1,16341,1,0,1,0,1,0,0,0,0,0,0,0,0,0,0,0,1,0,1,0,1,0,1,0,1,0,0,0,0,0,1,0,0
149,15032900,4466,9545,28.986603,,0,10,8,96,51217,9719,2455,14981683,16,204,250,1,27664,1,170,1,284713,1,731680,1,120955,1,13802845,1,13406,1,369678,1,10611,4,532233,4,67471,4,4315708,4,8446898,8,12587516,96,172635,24,5130,1,41100,1,4298,1,0,0,0,0,0,0,0,0,0,0,0,0,0,0,6873,1,59225,1,183727,1,33856,1,2705,1,5731,1,29858,1,330993,1,16345,1,221,1,9545,1,4466,1,16566,1,9545,1,0,1,1240,1,1,1,0,1,4445,1,5039,1,61,1,0,0,0,1,0,1,0,1,0,1,0,1,0,1,0,1,0,1,0,1,1,1,0,1,0,1,1,1,8,1,16,1,0,1,0,1,205,1,16345,1,0,1,0,1,0,0,0,0,0,0,0,0,0,0,0,1,0,1,0,1,0,1,0,1,0,0,0,0,0,1,0,0
150,15001400,4467,9545,28.986732,,0,10,8,96,45667,9488,2235,14955733,16,204,50,1,32794,1,60,1,269443,1,726330,1,118650,1,13797414,1,10991,1,386691,1,10260,4,517374,4,66419,4,4322201,4,8434624,8,12587856,96,166734,24,3597,1,42973,1,3787,1,0,0,0,0,0,0,0,0,0,0,0,0,0,0,5921,1,55578,1,178406,1,28686,1,2625,1,6192,1,29648,1,348046,1,16347,1,217,1,9545,1,4467,1,16564,1,9545,1,0,1,1240,1,1,1,0,1,4448,1,5039,1,58,1,0,0,0,1,0,1,0,1,0,1,0,1,0,1,0,1,0,1,0,1,1,1,0,1,0,1,1,1,8,1,15,1,0,1,0,1,202,1,16347,1,0,1,0,1,0,0,0,0,0,0,0,0,0,0,0,1,0,1,0,1,0,1,0,1,0,0,0,0,0,1,0,0
151,15002000,4467,9545,28.986855,,0,10,8,96,43401,11954,3016,14958599,16,204,110,1,26562,1,40,1,264253,1,724086,1,119893,1,13812905,1,10751,1,365169,1,10941,4,574074,4,68753,4,4316209,4,8420026,8,12556395,96,176823,24,3587,1,39146,1,3046,1,0,0,0,0,0,0,0,0,0,0,0,0,0,0,6082,1,54826,1,174779,1,27824,1,2585,1,5761,1,29668,1,326915,1,16333,1,229,1,9545,1,4467,1,16562,1,9545,1,0,1,1240,1,1,1,0,1,4444,1,5039,1,62,1,0,0,0,1,0,1,0,1,0,1,0,1,0,1,0,1,0,1,0,1,1,1,0,1,0,1,1,1,8,1,15,1,0,1,0,1,214,1,16333,1,0,1,0,1,0,0,0,0,0,0,0,0,0,0,0,1,0,1,0,1,0,1,0,1,0,0,0,0,0,1,0,0
152,15109400,4465,9545,28.986967,,0,10,8,96,61258,12845,2505,15048142,16,204,110,1,27584,1,40,1,264203,1,749976,1,173727,1,13820670,1,11833,1,447749,1,10160,4,540078,4,69284,4,4284547,4,8374567,8,12483664,96,172946,24,4078,1,71849,1,5511,1,0,0,0,0,0,0,0,0,0,0,0,0,0,0,5671,1,55909,1,172725,1,29207,1,3797,1,7114,1,37453,1,398824,1,16330,1,229,1,9545,1,4465,1,16559,1,9545,1,0,1,1240,1,1,1,0,1,4455,1,5041,1,49,1,0,0,0,1,0,1,0,1,0,1,0,1,0,1,0,1,0,1,0,1,1,1,0,1,0,1,1,1,8,1,12,1,0,1,0,1,217,1,16330,1,0,1,0,1,0,0,0,0,0,0,0,0,0,0,0,1,0,1,0,1,0,1,0,1,0,0,0,0,0,1,0,0
153,15446400,4464,9545,28.987074,,0,10,8,96,48118,12043,3077,15398282,16,204,451,1,33174,1,391,1,336082,1,896861,1,182013,1,13938398,1,10911,1,469852,1,10791,4,639932,4,70256,4,4310247,4,8373636,8,12507690,96,173116,24,4058,1,43024,1,4559,1,0,0,0,0,0,0,0,0,0,0,0,0,0,0,8056,1,71619,1,217152,1,37783,1,4669,1,8326,1,30219,1,426207,1,16337,1,226,1,9545,1,4464,1,16563,1,9545,1,0,1,1240,1,1,1,0,1,4459,1,5042,1,44,1,0,0,0,1,0,1,0,1,0,1,0,1,0,1,0,1,0,1,0,1,1,1,0,1,0,1,1,1,8,1,16,1,0,1,0,1,210,1,16337,1,0,1,0,1,0,0,0,0,0,0,0,0,0,0,0,1,0,1,0,1,0,1,0,1,0,0,0,0,0,1,0,0
154,14995500,4465,9545,28.987171,,0,10,8,96,44266,10290,2796,14951234,16,204,250,1,28285,1,150,1,283070,1,720990,1,122568,1,13784379,1,11542,1,384577,1,9889,4,528947,4,66750,4,4301230,4,8424354,8,12550523,96,172264,24,6142,1,47562,1,4639,1,0,0,0,0,0,0,0,0,0,0,0,0,0,0,7485,1,62852,1,176232,1,35870,1,2755,1,5681,1,30139,1,345701,1,16344,1,223,1,9545,1,4465,1,16567,1,9545,1,0,1,1240,1,1,1,0,1,4461,1,5042,1,42,1,0,0,0,1,0,1,0,1,0,1,0,1,0,1,0,1,0,1,0,1,1,1,0,1,0,1,1,1,8,1,15,1,0,1,0,1,208,1,16344,1,0,1,0,1,0,0,0,0,0,0,0,0,0,0,0,1,0,1,0,1,0,1,0,1,0,0,0,0,0,1,0,0
155,14964000,4466,9545,28.987276,,0,10,8,96,41722,9278,2315,14922278,16,204,10,1,28445,1,30,1,267820,1,724697,1,119793,1,13770342,1,11142,1,364969,1,14047,4,517364,4,68814,4,4306189,4,8436678,8,12567135,96,173417,24,3316,1,45488,1,4198,1,0,0,0,0,0,0,0,0,0,0,0,0,0,0,6102,1,55959,1,175240,1,29577,1,2615,1,5841,1,30449,1,325752,1,16343,1,224,1,9545,1,4466,1,16567,1,9545,1,0,1,1240,1,1,1,0,1,4451,1,5042,1,52,1,0,0,0,1,0,1,0,1,0,1,0,1,0,1,0,1,0,1,0,1,1,1,0,1,0,1,1,1,8,1,16,1,0,1,0,1,208,1,16343,1,0,1,0,1,0,0,0,0,0,0,0,0,0,0,0,1,0,1,0,1,0,1,0,1,0,0,0,0,0,1,0,0
156,14947900,4466,9545,28.98737,,0,10,8,96,40851,9508,2916,14907049,16,204,281,1,28285,1,120,1,262730,1,731600,1,119622,1,13753149,1,11262,1,370459,1,9378,4,530440,4,67691,4,4317111,4,8404716,8,12552438,96,166473,24,3647,1,37353,1,2846,1,0,0,0,0,0,0,0,0,0,0,0,0,0,0,6382,1,54927,1,172034,1,28746,1,3246,1,5661,1,29617,1,331644,1,16348,1,216,1,9545,1,4466,1,16564,1,9545,1,0,1,1240,1,1,1,0,1,4455,1,5040,1,50,1,0,0,0,1,0,1,0,1,0,1,0,1,0,1,0,1,0,1,0,1,1,1,0,1,0,1,1,1,8,1,15,1,0,1,0,1,201,1,16348,1,0,1,0,1,0,0,0,0,0,0,0,0,0,0,0,1,0,1,0,1,0,1,0,1,0,0,0,0,0,1,0,0
157,15057500,4464,9545,28.987461,,0,10,8,96,76618,9729,2154,14980882,16,204,10,1,27604,1,10,1,261488,1,730248,1,137096,1,13812985,1,11442,1,412220,1,9188,4,546761,4,66750,4,4295519,4,8404886,8,12525726,96,172525,24,3687,1,59926,1,4318,1,0,0,0,0,0,0,0,0,0,0,0,0,0,0,6483,1,55067,1,170892,1,28335,1,2896,1,5871,1,29958,1,373245,1,16345,1,219,1,9545,1,4464,1,16564,1,9545,1,0,1,1240,1,1,1,0,1,4460,1,5041,1,44,1,0,0,0,1,0,1,0,1,0,1,0,1,0,1,0,1,0,1,0,1,1,1,0,1,0,1,1,1,8,1,15,1,0,1,0,1,204,1,16345,1,0,1,0,1,0,0,0,0,0,0,0,0,0,0,0,1,0,1,0,1,0,1,0,1,0,0,0,0,0,1,0,0
158,14944400,4468,9545,28.987545,,0,10,8,96,41740,10631,2825,14902660,16,204,341,1,28515,1,100,1,260806,1,718194,1,124732,1,13758769,1,11202,1,372954,1,11623,4,524939,4,68784,4,4291912,4,8428662,8,12535906,96,181843,24,3557,1,39837,1,5871,1,0,0,0,0,0,0,0,0,0,0,0,0,0,0,6693,1,53584,1,170842,1,28886,1,2946,1,5871,1,30459,1,333548,1,16331,1,233,1,9545,1,4468,1,16564,1,9545,1,0,1,1240,1,1,1,0,1,4467,1,5041,1,37,1,0,0,0,1,0,1,0,1,0,1,0,1,0,1,0,1,0,1,0,1,1,1,0,1,0,1,1,1,8,1,20,1,0,1,0,1,213,1,16331,1,0,1,0,1,0,0,0,0,0,0,0,0,0,0,0,1,0,1,0,1,0,1,0,1,0,0,0,0,0,1,0,0
159,15024700,4466,9545,28.987621,,0,10,8,96,39911,9478,2976,14984789,16,204,20,1,27313,1,30,1,262279,1,718064,1,164339,1,13801663,1,11082,1,402091,1,9569,4,565919,4,67982,4,4291761,4,8393063,8,12497380,96,184468,24,5350,1,51660,1,4789,1,0,0,0,0,0,0,0,0,0,0,0,0,0,0,6743,1,55398,1,170461,1,28596,1,4098,1,7234,1,29698,1,360830,1,16324,1,235,1,9545,1,4466,1,16559,1,9545,1,0,1,1240,1,1,1,0,1,4468,1,5041,1,36,1,0,0,0,1,0,1,0,1,0,1,0,1,0,1,0,1,0,1,0,1,1,1,0,1,0,1,1,1,8,1,20,1,0,1,0,1,215,1,16324,1,0,1,0,1,0,0,0,0,0,0,0,0,0,0,0,1,0,1,0,1,0,1,0,1,0,0,0,0,0,1,0,0
160,14947200,4466,9545,28.98769,,0,10,8,96,40803,9809,2215,14906397,16,204,150,1,28926,1,110,1,274142,1,710860,1,120895,1,13760483,1,10831,1,420737,1,12865,4,518647,4,68343,4,4287694,4,8383725,8,12492631,96,176573,24,3827,1,49897,1,4940,1,0,0,0,0,0,0,0,0,0,0,0,0,0,0,6994,1,61269,1,169349,1,35870,1,2965,1,5701,1,30189,1,381601,1,16337,1,227,1,9545,1,4466,1,16564,1,9545,1,0,1,1240,1,1,1,0,1,4466,1,5041,1,38,1,0,0,0,1,0,1,0,1,0,1,0,1,0,1,0,1,0,1,0,1,1,1,0,1,0,1,1,1,8,1,19,1,0,1,0,1,208,1,16337,1,0,1,0,1,0,0,0,0,0,0,0,0,0,0,0,1,0,1,0,1,0,1,0,1,0,0,0,0,0,1,0,0
161,14981500,4467,9545,28.98776,,0,10,8,96,43551,9729,2094,14937949,16,204,50,1,27654,1,100,1,258352,1,703987,1,119993,1,13816902,1,10911,1,420136,1,13506,4,519779,4,69725,4,4309025,4,8417451,8,12540114,96,184268,24,3677,1,48895,1,4980,1,0,0,0,0,0,0,0,0,0,0,0,0,0,0,6292,1,53694,1,169058,1,28495,1,2765,1,5751,1,29648,1,381791,1,16327,1,236,1,9545,1,4467,1,16563,1,9545,1,0,1,1240,1,1,1,0,1,4471,1,5040,1,34,1,0,0,0,1,0,1,0,1,0,1,0,1,0,1,0,1,0,1,0,1,1,1,0,1,0,1,1,1,8,1,20,1,0,1,0,1,216,1,16327,1,0,1,0,1,0,0,0,0,0,0,0,0,0,0,0,1,0,1,0,1,0,1,0,1,0,0,0,0,0,1,0,0
162,15075800,4469,9545,28.987827,,0,10,8,96,56463,9809,2345,15019337,16,204,160,1,28034,1,40,1,257520,1,715289,1,125183,1,13879243,1,13867,1,429834,1,9098,4,609132,4,68242,4,4295068,4,8402662,8,12508542,96,186843,24,3557,1,48123,1,3717,1,0,0,0,0,0,0,0,0,0,0,0,0,0,0,7214,1,54075,1,166433,1,29217,1,2675,1,5841,1,30439,1,390729,1,16321,1,241,1,9545,1,4469,1,16562,1,9545,1,0,1,1240,1,1,1,0,1,4470,1,5039,1,36,1,0,0,0,1,0,1,0,1,0,1,0,1,0,1,0,1,0,1,0,1,1,1,0,1,0,1,1,1,8,1,20,1,0,1,0,1,221,1,16321,1,0,1,0,1,0,0,0,0,0,0,0,0,0,0,0,1,0,1,0,1,0,1,0,1,0,0,0,0,0,1,0,0
163,15079700,4469,9545,28.987888,,0,10,8,96,64441,9679,2626,15015259,16,204,190,1,32052,1,150,1,258802,1,736740,1,139110,1,13837402,1,10811,1,463089,1,8947,4,523987,4,67271,4,4291611,4,8402181,8,12507590,96,183576,24,3106,1,62111,1,5421,1,0,0,0,0,0,0,0,0,0,0,0,0,0,0,6703,1,53714,1,169750,1,28075,1,3206,1,6012,1,29988,1,423672,1,16315,1,236,1,9545,1,4469,1,16551,1,9545,1,0,1,1240,1,1,1,0,1,4480,1,5040,1,25,1,0,0,0,1,0,1,0,1,0,1,0,1,0,1,0,1,0,1,0,1,1,1,0,1,0,1,1,1,8,1,20,1,0,1,0,1,216,1,16315,1,0,1,0,1,0,0,0,0,0,0,0,0,0,0,0,1,0,1,0,1,0,1,0,1,0,0,0,0,0,1,0,0
164,14967100,4466,9545,28.98795,,0,10,8,96,42077,10170,2175,14925023,16,204,501,1,27503,1,50,1,260997,1,703726,1,123620,1,13797064,1,11562,1,436347,1,10029,4,521292,4,67130,4,4284307,4,8408313,8,12517850,96,172595,24,3677,1,50228,1,5571,1,0,0,0,0,0,0,0,0,0,0,0,0,0,0,6853,1,55277,1,169148,1,29267,1,3106,1,6002,1,29908,1,397151,1,16323,1,221,1,9545,1,4466,1,16544,1,9545,1,0,1,1240,1,1,1,0,1,4482,1,5040,1,23,1,0,0,0,1,0,1,0,1,0,1,0,1,0,1,0,1,0,1,0,1,1,1,0,1,0,1,1,1,8,1,19,1,0,1,0,1,202,1,16323,1,0,1,0,1,0,0,0,0,0,0,0,0,0,0,0,1,0,1,0,1,0,1,0,1,0,0,0,0,0,1,0,0
165,14968100,4468,9545,28.988005,,0,10,8,96,42295,9399,2024,14925805,16,204,10,1,28285,1,40,1,277649,1,705910,1,143899,1,13759120,1,10891,1,425085,1,8777,4,529298,4,68343,4,4278937,4,8380519,8,12464537,96,192894,24,5150,1,48945,1,4669,1,0,0,0,0,0,0,0,0,0,0,0,0,0,0,7284,1,62762,1,169609,1,36912,1,3226,1,5811,1,30239,1,385438,1,16296,1,248,1,9545,1,4468,1,16544,1,9545,1,0,1,1240,1,1,1,0,1,4482,1,5040,1,23,1,0,0,0,1,0,1,0,1,0,1,0,1,0,1,0,1,0,1,0,1,1,1,0,1,0,1,1,1,8,1,20,1,0,1,0,1,228,1,16296,1,0,1,0,1,0,0,0,0,0,0,0,0,0,0,0,1,0,1,0,1,0,1,0,1,0,0,0,0,0,1,0,0
166,15042400,4469,9545,28.988058,,0,10,8,96,64825,9819,2025,14977575,16,204,60,1,29026,1,150,1,262049,1,704077,1,119422,1,13848313,1,14478,1,436998,1,19107,4,528235,4,86618,4,4284107,4,8401650,8,12491749,96,191983,24,4298,1,67932,1,9549,1,0,0,0,0,0,0,0,0,0,0,0,0,0,0,7244,1,56379,1,169719,1,28125,1,2635,1,5701,1,29708,1,398664,1,16303,1,248,1,9545,1,4469,1,16551,1,9545,1,0,1,1240,1,1,1,0,1,4480,1,5040,1,25,1,0,0,0,1,0,1,0,1,0,1,0,1,0,1,0,1,0,1,0,1,1,1,0,1,0,1,1,1,8,1,20,1,0,1,0,1,228,1,16303,1,0,1,0,1,0,0,0,0,0,0,0,0,0,0,0,1,0,1,0,1,0,1,0,1,0,0,0,0,0,1,0,0
167,15337500,4468,9545,28.98811,,0,10,8,96,45113,8777,2245,15292387,16,204,110,1,34667,1,311,1,291215,1,765205,1,193756,1,13995910,1,11212,1,547844,1,13045,4,610164,4,74515,4,4289106,4,8389306,8,12484646,96,191522,24,3286,1,54416,1,5451,1,0,0,0,0,0,0,0,0,0,0,0,0,0,0,9699,1,68232,1,172445,1,37563,1,4328,1,6793,1,30549,1,506032,1,16302,1,243,1,9545,1,4468,1,16545,1,9545,1,0,1,1240,1,1,1,0,1,4479,1,5041,1,25,1,0,0,0,1,0,1,0,1,0,1,0,1,0,1,0,1,0,1,0,1,1,1,0,1,0,1,1,1,8,1,20,1,0,1,0,1,223,1,16302,1,0,1,0,1,0,0,0,0,0,0,0,0,0,0,0,1,0,1,0,1,0,1,0,1,0,0,0,0,0,1,0,0
168,15099400,4469,9545,28.988153,,0,10,8,96,53241,10631,2385,15046159,16,204,10,1,28405,1,90,1,261458,1,735548,1,142166,1,13860777,1,17704,1,536702,1,9458,4,527704,4,67531,4,4268877,4,8377974,8,12455560,96,188907,24,3116,1,53824,1,4960,1,0,0,0,0,0,0,0,0,0,0,0,0,0,0,6332,1,54816,1,169178,1,29688,1,3096,1,5691,1,30569,1,496995,1,16303,1,242,1,9545,1,4469,1,16545,1,9545,1,0,1,1240,1,1,1,0,1,4479,1,5041,1,25,1,0,0,0,1,0,1,0,1,0,1,0,1,0,1,0,1,0,1,0,1,1,1,0,1,0,1,1,1,8,1,20,1,0,1,0,1,222,1,16303,1,0,1,0,1,0,0,0,0,0,0,0,0,0,0,0,1,0,1,0,1,0,1,0,1,0,0,0,0,0,1,0,0
169,15021900,4468,9545,28.988195,,0,10,8,96,74744,9930,2395,14947156,16,204,331,1,33766,1,180,1,265636,1,710790,1,124091,1,13801502,1,10861,1,477286,1,10831,4,520040,4,66599,4,4282073,4,8373896,8,12468615,96,184959,24,3627,1,50909,1,6312,1,0,0,0,0,0,0,0,0,0,0,0,0,0,0,12103,1,54205,1,169790,1,28535,1,3176,1,5851,1,30299,1,437640,1,16318,1,239,1,9545,1,4468,1,16557,1,9545,1,0,1,1240,1,1,1,0,1,4478,1,5041,1,26,1,0,0,0,1,0,1,0,1,0,1,0,1,0,1,0,1,0,1,0,1,1,1,0,1,0,1,1,1,8,1,19,1,0,1,0,1,220,1,16318,1,0,1,0,1,0,0,0,0,0,0,0,0,0,0,0,1,0,1,0,1,0,1,0,1,0,0,0,0,0,1,0,0
170,14987500,4471,9545,28.98824,,0,10,8,96,41065,9639,2536,14946435,16,204,110,1,27834,1,110,1,263732,1,704137,1,125955,1,13813125,1,11432,1,424083,1,9408,4,539688,4,67301,4,4305919,4,8397512,8,12506878,96,194017,24,5260,1,50087,1,4228,1,0,0,0,0,0,0,0,0,0,0,0,0,0,0,6603,1,56009,1,170251,1,30179,1,3266,1,6503,1,30098,1,384086,1,16309,1,251,1,9545,1,4471,1,16560,1,9545,1,0,1,1240,1,1,1,0,1,4490,1,5041,1,14,1,0,0,0,1,0,1,0,1,0,1,0,1,0,1,0,1,0,1,0,1,1,1,0,1,0,1,1,1,8,1,20,1,0,1,0,1,231,1,16309,1,0,1,0,1,0,0,0,0,0,0,0,0,0,0,0,1,0,1,0,1,0,1,0,1,0,0,0,0,0,1,0,0
171,14973900,4470,9545,28.988277,,0,11,8,96,42204,9478,3066,14931696,16,216,80,1,28315,1,80,1,263852,1,698426,1,119752,1,13810099,1,11092,1,435255,1,12625,4,518707,4,69214,4,4286601,4,8421939,8,12512269,96,193205,36,3296,1,48113,1,4869,1,0,0,0,0,0,0,0,0,0,0,0,0,0,0,7885,1,57742,1,169439,1,28145,1,3036,1,5841,1,30429,1,395728,1,16314,1,248,1,9545,1,4470,1,16562,1,9545,1,0,1,1240,1,1,1,0,1,4485,1,5040,1,20,1,0,0,0,1,0,1,0,1,0,1,0,1,0,1,0,1,0,1,0,1,2,1,0,1,0,1,1,1,8,1,27,1,0,1,0,1,221,1,16314,1,0,1,0,1,0,0,0,0,0,0,0,0,0,0,0,1,0,1,0,1,0,1,0,1,0,0,0,0,0,1,0,0
172,14996000,4471,9545,28.988316,,0,11,8,96,43313,9478,2326,14952687,16,216,10,1,27674,1,70,1,262560,1,695350,1,120935,1,13835288,1,10801,1,445415,1,10911,4,554827,4,70707,4,4293745,4,8396901,8,12493632,96,194688,36,3587,1,45468,1,4248,1,0,0,0,0,0,0,0,0,0,0,0,0,0,0,7224,1,55498,1,169439,1,29377,1,2825,1,5751,1,29798,1,406890,1,16313,1,250,1,9545,1,4471,1,16563,1,9545,1,0,1,1240,1,1,1,0,1,4493,1,5039,1,13,1,0,0,0,1,0,1,0,1,0,1,0,1,0,1,0,1,0,1,0,1,2,1,0,1,0,1,1,1,8,1,28,1,0,1,0,1,222,1,16313,1,0,1,0,1,0,0,0,0,0,0,0,0,0,0,0,1,0,1,0,1,0,1,0,1,0,0,0,0,0,1,0,0
173,14968200,4469,9545,28.98835,,0,11,8,96,42074,10511,2355,14926126,16,216,100,1,27083,1,100,1,256929,1,701121,1,118901,1,13810540,1,11352,1,427960,1,13446,4,576259,4,68263,4,4287153,4,8373535,8,12468014,96,190319,36,5330,1,44637,1,3447,1,0,0,0,0,0,0,0,0,0,0,0,0,0,0,7244,1,52442,1,168848,1,27914,1,2735,1,5671,1,30048,1,389346,1,16321,1,245,1,9545,1,4469,1,16566,1,9545,1,0,1,1240,1,1,1,0,1,4483,1,5040,1,22,1,0,0,0,1,0,1,0,1,0,1,0,1,0,1,0,1,0,1,0,1,2,1,0,1,0,1,1,1,8,1,27,1,0,1,0,1,218,1,16321,1,0,1,0,1,0,0,0,0,0,0,0,0,0,0,0,1,0,1,0,1,0,1,0,1,0,0,0,0,0,1,0,0
174,15022800,4470,9545,28.988382,,0,11,8,96,56406,10210,2996,14966394,16,216,10,1,27343,1,170,1,260305,1,723595,1,125383,1,13817974,1,11613,1,492506,1,10150,4,523386,4,69665,4,4271562,4,8374507,8,12449548,96,193525,36,4007,1,55478,1,6503,1,0,0,0,0,0,0,0,0,0,0,0,0,0,0,7625,1,53965,1,168116,1,29658,1,3667,1,5932,1,30209,1,452559,1,16314,1,249,1,9545,1,4470,1,16563,1,9545,1,0,1,1240,1,1,1,0,1,4488,1,5040,1,17,1,0,0,0,1,0,1,0,1,0,1,0,1,0,1,0,1,0,1,0,1,2,1,0,1,0,1,1,1,8,1,27,1,0,1,0,1,222,1,16314,1,0,1,0,1,0,0,0,0,0,0,0,0,0,0,0,1,0,1,0,1,0,1,0,1,0,0,0,0,0,1,0,0
175,15167700,4470,9545,28.988405,,0,11,8,96,47613,11532,2876,15120087,16,216,561,1,33766,1,60,1,355791,1,765797,1,152676,1,13799724,1,11713,1,419554,1,7935,4,533766,4,94213,4,4315833,4,8357194,8,12475313,96,194838,36,3727,1,51740,1,4228,1,0,0,0,0,0,0,0,0,0,0,0,0,0,0,9198,1,70938,1,237471,1,36481,1,3627,1,6763,1,29988,1,378655,1,16317,1,246,1,9545,1,4470,1,16563,1,9545,1,0,1,1240,1,1,1,0,1,4493,1,5040,1,12,1,0,0,0,1,0,1,0,1,0,1,0,1,0,1,0,1,0,1,0,1,2,1,0,1,0,1,1,1,8,1,28,1,0,1,0,1,218,1,16317,1,0,1,0,1,0,0,0,0,0,0,0,0,0,0,0,1,0,1,0,1,0,1,0,1,0,0,0,0,0,1,0,0
176,14884600,4470,9545,28.988434,,0,11,8,96,40604,10751,2286,14843996,16,216,311,1,28275,1,461,1,269894,1,697644,1,140813,1,13695787,1,10811,1,431688,1,9007,4,531752,4,67912,4,4261613,4,8326845,8,12395110,96,191061,36,4569,1,47101,1,4549,1,0,0,0,0,0,0,0,0,0,0,0,0,0,0,7525,1,55337,1,177725,1,28105,1,3346,1,6172,1,30239,1,391580,1,16313,1,246,1,9545,1,4470,1,16559,1,9545,1,0,1,1240,1,1,1,0,1,4489,1,5040,1,16,1,0,0,0,1,0,1,0,1,0,1,0,1,0,1,0,1,0,1,0,1,2,1,0,1,0,1,1,1,8,1,28,1,0,1,0,1,218,1,16313,1,1,1,0,1,0,0,0,0,0,0,0,0,0,0,0,1,0,1,0,1,0,1,0,1,0,0,0,0,0,1,0,0
177,14838400,4471,9545,28.988464,,0,11,8,96,43249,9298,2325,14795151,16,216,100,1,27574,1,120,1,274904,1,696171,1,119642,1,13665208,1,11432,1,407090,1,15650,4,521522,4,69254,4,4257585,4,8327496,8,12393078,96,189678,36,3627,1,48735,1,4950,1,0,0,0,0,0,0,0,0,0,0,0,0,0,0,6783,1,58363,1,175932,1,32643,1,3056,1,6012,1,30479,1,367353,1,16317,1,246,1,9545,1,4471,1,16563,1,9545,1,0,1,1240,1,1,1,0,1,4490,1,5039,1,16,1,0,0,0,1,0,1,0,1,0,1,0,1,0,1,0,1,0,1,0,1,2,1,0,1,0,1,1,1,8,1,28,1,0,1,0,1,218,1,16317,1,0,1,0,1,0,0,0,0,0,0,0,0,0,0,0,1,0,1,0,1,0,1,0,1,0,0,0,0,0,1,0,0
178,14961900,4468,9545,28.988497,,0,11,8,96,46185,10430,2395,14915715,16,216,261,1,26882,1,10,1,264463,1,701632,1,119893,1,13791032,1,11542,1,428261,1,12374,4,595676,4,68002,4,4269799,4,8346834,8,12425662,96,188576,36,3857,1,50929,1,4869,1,0,0,0,0,0,0,0,0,0,0,0,0,0,0,7304,1,54285,1,173928,1,28485,1,2765,1,5831,1,29688,1,389737,1,16323,1,238,1,9545,1,4468,1,16561,1,9545,1,0,1,1240,1,1,1,0,1,4489,1,5040,1,16,1,0,0,0,1,0,1,0,1,0,1,0,1,0,1,0,1,0,1,0,1,2,1,0,1,0,1,1,1,8,1,27,1,0,1,0,1,211,1,16323,1,0,1,0,1,0,0,0,0,0,0,0,0,0,0,0,1,0,1,0,1,0,1,0,1,0,0,0,0,0,1,0,0
179,14977100,4470,9545,28.988514,,0,11,8,96,43340,9829,2235,14933760,16,216,311,1,27974,1,190,1,264824,1,693055,1,122848,1,13813566,1,10991,1,566981,1,10561,4,534087,4,67782,4,4245642,4,8326053,8,12384371,96,185089,36,3657,1,45609,1,3367,1,0,0,0,0,0,0,0,0,0,0,0,0,0,0,6663,1,56490,1,171733,1,29066,1,2705,1,5901,1,30639,1,527354,1,16322,1,241,1,9545,1,4470,1,16563,1,9545,1,0,1,1240,1,1,1,0,1,4494,1,5040,1,11,1,0,0,0,1,0,1,0,1,0,1,0,1,0,1,0,1,0,1,0,1,2,1,0,1,0,1,1,1,8,1,28,1,0,1,0,1,213,1,16322,1,0,1,0,1,0,0,0,0,0,0,0,0,0,0,0,1,0,1,0,1,0,1,0,1,0,0,0,0,0,1,0,0
180,14931800,4469,9545,28.988539,,0,11,8,96,48447,10230,2376,14883353,16,216,50,1,38785,1,100,1,288380,1,694418,1,119161,1,13731316,1,11142,1,459722,1,11362,4,524458,4,70707,4,4245742,4,8352114,8,12404450,96,191031,36,3276,1,48604,1,5100,1,0,0,0,0,0,0,0,0,0,0,0,0,0,0,10821,1,76398,1,171453,1,29107,1,3366,1,6072,1,29898,1,420246,1,16314,1,246,1,9545,1,4469,1,16560,1,9545,1,0,1,1240,1,1,1,0,1,4484,1,5040,1,21,1,0,0,0,1,0,1,0,1,0,1,0,1,0,1,0,1,0,1,0,1,2,1,0,1,0,1,1,1,8,1,27,1,0,1,0,1,219,1,16314,1,0,1,0,1,0,0,0,0,0,0,0,0,0,0,0,1,0,1,0,1,0,1,0,1,0,0,0,0,0,1,0,0
181,14874200,4470,9545,28.988562,,0,11,8,96,47778,10029,2135,14826422,16,216,140,1,30980,1,160,1,259554,1,689839,1,120464,1,13714103,1,11182,1,421548,1,11041,4,539367,4,86037,4,4248377,4,8331243,8,12388329,96,189157,36,3757,1,55418,1,7284,1,0,0,0,0,0,0,0,0,0,0,0,0,0,0,7084,1,53965,1,169389,1,28646,1,2876,1,5861,1,30038,1,382543,1,16310,1,246,1,9545,1,4470,1,16556,1,9545,1,0,1,1240,1,1,1,0,1,4496,1,5040,1,9,1,0,0,0,1,0,1,0,1,0,1,0,1,0,1,0,1,0,1,0,1,2,1,0,1,0,1,1,1,8,1,28,1,0,1,0,1,218,1,16310,1,0,1,0,1,0,0,0,0,0,0,0,0,0,0,0,1,0,1,0,1,0,1,0,1,0,0,0,0,0,1,0,0
182,14887700,4469,9545,28.988585,,0,11,8,96,40548,9669,2255,14847152,16,216,261,1,28345,1,200,1,261959,1,696071,1,154760,1,13694615,1,10941,1,457147,1,10851,4,553094,4,68212,4,4258647,4,8278681,8,12343482,96,191592,36,5040,1,47953,1,5320,1,0,0,0,0,0,0,0,0,0,0,0,0,0,0,7104,1,55107,1,168808,1,29908,1,3577,1,6653,1,29928,1,416809,1,16306,1,246,1,9545,1,4469,1,16552,1,9545,1,0,1,1240,1,1,1,0,1,4501,1,5040,1,4,1,0,0,0,1,0,1,0,1,0,1,0,1,0,1,0,1,0,1,0,1,2,1,0,1,0,1,1,1,8,1,27,1,0,1,0,1,219,1,16306,1,0,1,0,1,0,0,0,0,0,0,0,0,0,0,0,1,0,1,0,1,0,1,0,1,0,0,0,0,0,1,0,0
183,14717800,4469,9545,28.988605,,0,11,8,96,41790,9378,2124,14676010,16,216,200,1,27624,1,120,1,266898,1,689088,1,118781,1,13562559,1,10741,1,416478,1,13125,4,519458,4,66679,4,4225042,4,8255696,8,12289116,96,189498,36,4799,1,47152,1,4749,1,0,0,0,0,0,0,0,0,0,0,0,0,0,0,6843,1,58433,1,169349,1,31611,1,3206,1,5821,1,30680,1,376611,1,16303,1,249,1,9545,1,4469,1,16552,1,9545,1,0,1,1240,1,1,1,0,1,4493,1,5040,1,12,1,0,0,0,1,0,1,0,1,0,1,0,1,0,1,0,1,0,1,0,1,2,1,0,1,0,1,1,1,8,1,24,1,0,1,0,1,225,1,16303,1,0,1,0,1,0,0,0,0,0,0,0,0,0,0,0,1,0,1,0,1,0,1,0,1,0,0,0,0,0,1,0,0
184,14670600,4468,9545,28.98862,,0,11,8,96,42884,9879,2416,14627716,16,216,30,1,26782,1,110,1,257790,1,689088,1,120524,1,13522290,1,11102,1,404214,1,10871,4,520571,4,68733,4,4202418,4,8247611,8,12259308,96,188306,36,3196,1,49706,1,5090,1,0,0,0,0,0,0,0,0,0,0,0,0,0,0,7344,1,53093,1,168407,1,28495,1,3276,1,5711,1,29998,1,365039,1,16302,1,248,1,9545,1,4468,1,16550,1,9545,1,0,1,1240,1,1,1,0,1,4492,1,5040,1,13,1,0,0,0,1,0,1,0,1,0,1,0,1,0,1,0,1,0,1,0,1,2,1,0,1,0,1,1,1,8,1,23,1,0,1,0,1,225,1,16302,1,0,1,0,1,0,0,0,0,0,0,0,0,0,0,0,1,0,1,0,1,0,1,0,1,0,0,0,0,0,1,0,0
185,14721600,4468,9545,28.988636,,0,11,8,96,38917,12093,2556,14682683,16,216,30,1,27343,1,60,1,258021,1,689448,1,121796,1,13574973,1,11011,1,415006,1,10120,4,601237,4,67160,4,4199572,4,8215739,8,12224200,96,188556,36,3567,1,47232,1,3246,1,0,0,0,0,0,0,0,0,0,0,0,0,0,0,7264,1,53574,1,168156,1,28445,1,2665,1,5340,1,29958,1,376781,1,16303,1,248,1,9545,1,4468,1,16551,1,9545,1,0,1,1240,1,1,1,0,1,4495,1,5040,1,10,1,0,0,0,1,0,1,0,1,0,1,0,1,0,1,0,1,0,1,0,1,2,1,0,1,0,1,1,1,8,1,23,1,0,1,0,1,225,1,16303,1,1,1,0,1,0,0,0,0,0,0,0,0,0,0,0,1,0,1,0,1,0,1,0,1,0,0,0,0,0,1,0,0
186,14858600,4468,9545,28.988659,,0,11,8,96,55634,10972,2245,14802966,16,216,110,1,27313,1,40,1,257580,1,718294,1,141415,1,13641141,1,17073,1,485442,1,9018,4,522194,4,67070,4,4202628,4,8246479,8,12258086,96,188776,36,3306,1,90345,1,3687,1,0,0,0,0,0,0,0,0,0,0,0,0,0,0,7174,1,54075,1,167515,1,28225,1,3527,1,5461,1,30549,1,445645,1,16302,1,248,1,9545,1,4468,1,16550,1,9545,1,0,1,1240,1,1,1,0,1,4496,1,5041,1,8,1,0,0,0,1,0,1,0,1,0,1,0,1,0,1,0,1,0,1,0,1,2,1,0,1,0,1,1,1,8,1,23,1,0,1,0,1,225,1,16302,1,1,1,0,1,0,0,0,0,0,0,0,0,0,0,0,1,0,1,0,1,0,1,0,1,0,0,0,0,0,1,0,0
187,15602900,4468,9545,28.988678,,0,11,8,96,71490,13486,4008,15531410,16,216,210,1,58328,1,120,1,267710,1,867153,1,164449,1,14162197,1,11242,1,405457,1,14308,4,701191,4,70827,4,4270620,4,8616351,8,12685571,96,197393,36,3607,1,59215,1,7134,1,0,0,0,0,0,0,0,0,0,0,0,0,0,0,7294,1,59566,1,172074,1,28024,1,3998,1,6422,1,29928,1,364708,1,16300,1,248,1,9545,1,4468,1,16548,1,9545,1,0,1,1240,1,1,1,0,1,4493,1,5041,1,11,1,0,0,0,1,0,1,0,1,0,1,0,1,0,1,0,1,0,1,0,1,2,1,0,1,0,1,1,1,8,1,23,1,0,1,0,1,225,1,16300,1,1,1,0,1,0,0,0,0,0,0,0,0,0,0,0,1,0,1,0,1,0,1,0,1,0,0,0,0,0,1,0,0
188,14904800,4467,9545,28.988693,,0,11,8,96,49562,10160,2495,14855238,16,216,240,1,28405,1,120,1,269944,1,690480,1,138058,1,13716367,1,11623,1,462077,1,10540,4,575998,4,68363,4,4256313,4,8268271,8,12334515,96,187574,36,4859,1,54967,1,4819,1,0,0,0,0,0,0,0,0,0,0,0,0,0,0,8226,1,54265,1,176843,1,29086,1,3236,1,6042,1,29918,1,422430,1,16309,1,243,1,9545,1,4467,1,16552,1,9545,1,0,1,1240,1,1,1,0,1,4494,1,5041,1,10,1,0,0,0,1,0,1,0,1,0,1,0,1,0,1,0,1,0,1,0,1,2,1,0,1,0,1,1,1,8,1,23,1,0,1,0,1,220,1,16309,1,0,1,0,1,0,0,0,0,0,0,0,0,0,0,0,1,0,1,0,1,0,1,0,1,0,0,0,0,0,1,0,0
189,14820100,4468,9545,28.988708,,0,11,8,96,40409,10020,2225,14779691,16,216,140,1,28265,1,721,1,278791,1,690621,1,122478,1,13647163,1,11512,1,444733,1,11192,4,518827,4,66609,4,4228328,4,8308840,8,12343362,96,191582,36,3216,1,51330,1,4068,1,0,0,0,0,0,0,0,0,0,0,0,0,0,0,8266,1,60628,1,174829,1,34387,1,2665,1,5711,1,29878,1,406219,1,16300,1,248,1,9545,1,4468,1,16548,1,9545,1,0,1,1240,1,1,1,0,1,4497,1,5041,1,7,1,0,0,0,1,0,1,0,1,0,1,0,1,0,1,0,1,0,1,0,1,2,1,0,1,0,1,1,1,8,1,23,1,0,1,0,1,225,1,16300,1,0,1,0,1,0,0,0,0,0,0,0,0,0,0,0,1,0,1,0,1,0,1,0,1,0,0,0,0,0,1,0,0
190,14865500,4469,9545,28.988724,,0,11,8,96,42515,9949,2866,14822985,16,216,50,1,27253,1,20,1,264133,1,689278,1,119903,1,13710947,1,11402,1,474160,1,10190,4,523847,4,67922,4,4239450,4,8332345,8,12377768,96,191161,36,3276,1,45599,1,4208,1,0,0,0,0,0,0,0,0,0,0,0,0,0,0,7785,1,53414,1,172315,1,29828,1,15350,1,8436,1,30199,1,419605,1,16299,1,250,1,9545,1,4469,1,16549,1,9545,1,0,1,1240,1,1,1,0,1,4498,1,5041,1,6,1,0,0,0,1,0,1,0,1,0,1,0,1,0,1,0,1,0,1,0,1,2,1,0,1,0,1,1,1,8,1,27,1,0,1,0,1,223,1,16299,1,0,1,0,1,0,0,0,0,0,0,0,0,0,0,0,1,0,1,0,1,0,1,0,1,0,0,0,0,0,1,0,0
191,14776900,4467,9545,28.988739,,0,11,8,96,43048,9869,2886,14733852,16,216,100,1,27604,1,140,1,261357,1,691532,1,121245,1,13620782,1,11092,1,421027,1,9639,4,560268,4,68323,4,4242877,4,8252140,8,12307221,96,184909,36,3106,1,49847,1,3687,1,0,0,0,0,0,0,0,0,0,0,0,0,0,0,8126,1,53213,1,170942,1,28475,1,3016,1,5861,1,30048,1,381921,1,16302,1,243,1,9545,1,4467,1,16545,1,9545,1,0,1,1240,1,1,1,0,1,4500,1,5041,1,4,1,0,0,0,1,0,1,0,1,0,1,0,1,0,1,0,1,0,1,0,1,2,1,0,1,0,1,1,1,8,1,23,1,0,1,0,1,220,1,16302,1,0,1,0,1,0,0,0,0,0,0,0,0,0,0,0,1,0,1,0,1,0,1,0,1,0,0,0,0,0,1,0,0
192,15155000,4469,9545,28.988747,,0,11,8,96,63789,19959,2986,15091211,16,216,10,1,27784,1,471,1,259233,1,750236,1,146565,1,13895520,1,11392,1,488629,1,10661,4,615335,4,71809,4,4258006,4,8373159,8,12433542,96,194638,36,3517,1,50318,1,4128,1,0,0,0,0,0,0,0,0,0,0,0,0,0,0,7845,1,52432,1,169349,1,28826,1,4910,1,6994,1,39406,1,436938,1,16295,1,249,1,9545,1,4469,1,16544,1,9545,1,0,1,1240,1,1,1,0,1,4495,1,5041,1,9,1,0,0,0,1,0,1,0,1,0,1,0,1,0,1,0,1,0,1,0,1,2,1,0,1,0,1,1,1,8,1,24,1,0,1,0,1,225,1,16295,1,0,1,0,1,0,0,0,0,0,0,0,0,0,0,0,1,0,1,0,1,0,1,0,1,0,0,0,0,0,1,0,0
193,14807400,4468,9545,28.988762,,0,11,8,96,59310,9689,2526,14748090,16,216,170,1,31661,1,250,1,267078,1,705359,1,124562,1,13608057,1,10951,1,447970,1,10420,4,539327,4,68954,4,4208460,4,8266447,8,12281781,96,190600,36,3437,1,47302,1,6052,1,0,0,0,0,0,0,0,0,0,0,0,0,0,0,8416,1,53073,1,175911,1,28585,1,3256,1,5791,1,29778,1,408834,1,16292,1,248,1,9545,1,4468,1,16540,1,9545,1,0,1,1240,1,1,1,0,1,4496,1,5041,1,8,1,0,0,0,1,0,1,0,1,0,1,0,1,0,1,0,1,0,1,0,1,2,1,0,1,0,1,1,1,8,1,23,1,0,1,0,1,225,1,16292,1,0,1,0,1,0,0,0,0,0,0,0,0,0,0,0,1,0,1,0,1,0,1,0,1,0,0,0,0,0,1,0,0
194,14867100,4469,9545,28.988777,,0,11,8,96,39736,9959,2385,14827364,16,216,50,1,27473,1,200,1,266257,1,692464,1,161383,1,13668584,1,10951,1,453921,1,10390,4,585607,4,69645,4,4214852,4,8264153,8,12279658,96,196962,36,5070,1,50418,1,4569,1,0,0,0,0,0,0,0,0,0,0,0,0,0,0,8426,1,53734,1,174789,1,28285,1,3857,1,7004,1,29688,1,413102,1,16285,1,259,1,9545,1,4469,1,16544,1,9545,1,0,1,1240,1,1,1,0,1,4497,1,5041,1,7,1,0,0,0,1,0,1,0,1,0,1,0,1,0,1,0,1,0,1,0,1,2,1,0,1,0,1,1,1,8,1,28,1,0,1,0,1,231,1,16285,1,0,1,0,1,0,0,0,0,0,0,0,0,0,0,0,1,0,1,0,1,0,1,0,1,0,0,0,0,0,1,0,0
195,14761600,4470,9545,28.988789,,0,11,8,96,41685,9518,2365,14719915,16,216,10,1,29056,1,150,1,278581,1,688657,1,122949,1,13589521,1,10991,1,426418,1,9819,4,520991,4,67321,4,4212598,4,8282178,8,12302933,96,189478,36,4809,1,51209,1,4659,1,0,0,0,0,0,0,0,0,0,0,0,0,0,0,8687,1,60948,1,172044,1,36270,1,2785,1,6643,1,30409,1,386470,1,16294,1,251,1,9545,1,4470,1,16545,1,9545,1,0,1,1240,1,1,1,0,1,4500,1,5041,1,4,1,0,0,0,1,0,1,0,1,0,1,0,1,0,1,0,1,0,1,0,1,2,1,0,1,0,1,1,1,8,1,28,1,0,1,0,1,223,1,16294,1,0,1,0,1,0,0,0,0,0,0,0,0,0,0,0,1,0,1,0,1,0,1,0,1,0,0,0,0,0,1,0,0
196,14738900,4469,9545,28.988796,,0,11,8,96,43843,9539,2254,14695057,16,216,100,1,28535,1,90,1,261197,1,691102,1,121726,1,13581265,1,11041,1,428802,1,11512,4,521492,4,68443,4,4226875,4,8260045,8,12293946,96,190720,36,3236,1,46570,1,4749,1,0,0,0,0,0,0,0,0,0,0,0,0,0,0,8446,1,53444,1,169870,1,28866,1,3246,1,5731,1,30479,1,389225,1,16292,1,251,1,9545,1,4469,1,16543,1,9545,1,0,1,1240,1,1,1,0,1,4502,1,5041,1,2,1,0,0,0,1,0,1,0,1,0,1,0,1,0,1,0,1,0,1,0,1,2,1,0,1,0,1,1,1,8,1,27,1,0,1,0,1,224,1,16292,1,0,1,0,1,0,0,0,0,0,0,0,0,0,0,0,1,0,1,0,1,0,1,0,1,0,0,0,0,0,1,0,0
197,14796700,4470,9545,28.988804,,0,11,8,96,43881,9639,2145,14752819,16,216,80,1,27183,1,100,1,268942,1,686443,1,119622,1,13639608,1,10841,1,407932,1,9809,4,556230,4,67681,4,4254299,4,8280345,8,12341598,96,190901,36,3697,1,46711,1,3266,1,0,0,0,0,0,0,0,0,0,0,0,0,0,0,8096,1,54125,1,177705,1,28455,1,3006,1,5771,1,29858,1,368616,1,16294,1,249,1,9545,1,4470,1,16543,1,9545,1,0,1,1240,1,1,1,0,1,4500,1,5041,1,4,1,0,0,0,1,0,1,0,1,0,1,0,1,0,1,0,1,0,1,0,1,2,1,0,1,0,1,1,1,8,1,27,1,0,1,0,1,222,1,16294,1,0,1,0,1,0,0,0,0,0,0,0,0,0,0,0,1,0,1,0,1,0,1,0,1,0,0,0,0,0,1,0,0
198,14942800,4471,9545,28.988811,,0,11,8,96,48206,10199,2236,14894594,16,216,140,1,27804,1,110,1,264483,1,803750,1,119672,1,13667232,1,11402,1,494760,1,9088,4,521583,4,67561,4,4225363,4,8282609,8,12314936,96,190800,36,4138,1,46610,1,5320,1,0,0,0,0,0,0,0,0,0,0,0,0,0,0,7915,1,52452,1,175521,1,28115,1,2795,1,13536,1,33756,1,444473,1,16296,1,250,1,9545,1,4471,1,16546,1,9545,1,0,1,1240,1,1,1,0,1,4501,1,5041,1,3,1,0,0,0,1,0,1,0,1,0,1,0,1,0,1,0,1,0,1,0,1,2,1,0,1,0,1,1,1,8,1,28,1,0,1,0,1,222,1,16296,1,0,1,0,1,0,0,0,0,0,0,0,0,0,0,0,1,0,1,0,1,0,1,0,1,0,0,0,0,0,1,0,0
199,15013000,4470,9545,28.98882,,0,11,8,96,77456,10190,2315,14935544,16,216,110,1,34637,1,311,1,262680,1,858056,1,164740,1,13603789,1,11222,1,441888,1,10540,4,570157,4,69485,4,4199572,4,8252530,8,12259800,96,189989,36,3647,1,40128,1,5651,1,0,0,0,0,0,0,0,0,0,0,0,0,0,0,7895,1,53163,1,172565,1,28255,1,4378,1,7244,1,30149,1,399806,1,16301,1,249,1,9545,1,4470,1,16550,1,9545,1,0,1,1240,1,1,1,0,1,4499,1,5041,1,5,1,0,0,0,1,0,1,0,1,0,1,0,1,0,1,0,1,0,1,0,1,2,1,0,1,0,1,1,1,8,1,27,1,0,1,0,1,222,1,16301,1,0,1,0,1,0,0,0,0,0,0,0,0,0,0,0,1,0,1,0,1,0,1,0,1,0,0,0,0,0,1,0,0
200,14648400,4470,9545,28.988827,,0,11,8,96,44219,10009,2375,14604181,16,216,491,1,29036,1,110,1,280575,1,678948,1,150713,1,13453357,1,10951,1,390258,1,8857,4,589865,4,65597,4,4161599,4,8173657,8,12145979,96,186903,36,3898,1,44707,1,4910,1,0,0,0,0,0,0,0,0,0,0,0,0,0,0,9038,1,54746,1,186743,1,28636,1,3577,1,7314,1,29878,1,348977,1,16298,1,250,1,9545,1,4470,1,16548,1,9545,1,0,1,1240,1,1,1,0,1,4500,1,5041,1,4,1,0,0,0,1,0,1,0,1,0,1,0,1,0,1,0,1,0,1,0,1,2,1,0,1,0,1,1,1,8,1,23,1,0,1,0,1,227,1,16298,1,0,1,0,1,0,0,0,0,0,0,0,0,0,0,0,1,0,1,0,1,0,1,0,1,0,0,0,0,0,1,0,0
201,14856300,4471,9545,28.988834,,0,11,8,96,47562,10370,2325,14808738,16,216,571,1,36431,1,180,1,402291,1,999320,1,119201,1,13239702,1,11041,1,391290,1,8096,4,518837,4,67742,4,4135248,4,8043836,8,11991378,96,185380,36,5571,1,53283,1,5431,1,0,0,0,0,0,0,0,0,0,0,0,0,0,0,11061,1,80817,1,248222,1,60347,1,2595,1,5771,1,29638,1,352735,1,16296,1,253,1,9545,1,4471,1,16549,1,9545,1,0,1,1240,1,1,1,0,1,4499,1,5041,1,5,1,0,0,0,1,0,1,0,1,0,1,0,1,0,1,0,1,0,1,0,1,2,1,0,1,0,1,1,1,8,1,27,1,0,1,0,1,226,1,16296,1,0,1,0,1,0,0,0,0,0,0,0,0,0,0,0,1,0,1,0,1,0,1,0,1,0,0,0,0,0,1,0,0
202,14506700,4472,9545,28.988842,,0,11,8,96,44675,9949,2336,14462025,16,216,120,1,29096,1,200,1,285655,1,685781,1,121225,1,13328855,1,11092,1,441617,1,12625,4,531402,4,67271,4,4115028,4,8088773,8,12014272,96,187193,36,4038,1,52752,1,5400,1,0,0,0,0,0,0,0,0,0,0,0,0,0,0,8557,1,61229,1,178176,1,36892,1,2615,1,5661,1,30579,1,402561,1,16296,1,254,1,9545,1,4472,1,16550,1,9545,1,0,1,1240,1,1,1,0,1,4499,1,5041,1,5,1,0,0,0,1,0,1,0,1,0,1,0,1,0,1,0,1,0,1,0,1,2,1,0,1,0,1,1,1,8,1,28,1,0,1,0,1,226,1,16296,1,0,1,0,1,0,0,0,0,0,0,0,0,0,0,0,1,0,1,0,1,0,1,0,1,0,0,0,0,0,1,0,0
203,14582500,4472,9545,28.98885,,0,11,8,96,43847,13366,2365,14538653,16,216,110,1,27584,1,90,1,267559,1,689529,1,123650,1,13419080,1,11051,1,431428,1,13987,4,519649,4,68132,4,4156819,4,8158498,8,12123114,96,189839,36,3196,1,49797,1,4208,1,0,0,0,0,0,0,0,0,0,0,0,0,0,0,8296,1,53774,1,175350,1,28836,1,2836,1,5731,1,29888,1,392762,1,16296,1,254,1,9545,1,4472,1,16550,1,9545,1,0,1,1240,1,1,1,0,1,4502,1,5041,1,2,1,0,0,0,1,0,1,0,1,0,1,0,1,0,1,0,1,0,1,0,1,2,1,0,1,0,1,1,1,8,1,28,1,0,1,0,1,226,1,16296,1,1,1,0,1,0,0,0,0,0,0,0,0,0,0,0,1,0,1,0,1,0,1,0,1,0,0,0,0,0,1,0,0
204,14583300,4472,9545,28.988857,,0,11,8,96,47532,14789,2445,14535768,16,216,10,1,27103,1,30,1,261187,1,682745,1,120003,1,13433017,1,11673,1,425927,1,8276,4,559406,4,66339,4,4160817,4,8144521,8,12112313,96,190580,36,3517,1,46400,1,3026,1,0,0,0,0,0,0,0,0,0,0,0,0,0,0,8126,1,53724,1,170381,1,28255,1,2735,1,6052,1,30058,1,386811,1,16295,1,254,1,9545,1,4472,1,16549,1,9545,1,0,1,1240,1,1,1,0,1,4502,1,5041,1,2,1,0,0,0,1,0,1,0,1,0,1,0,1,0,1,0,1,0,1,0,1,2,1,0,1,0,1,1,1,8,1,28,1,0,1,0,1,226,1,16295,1,1,1,0,1,0,0,0,0,0,0,0,0,0,0,0,1,0,1,0,1,0,1,0,1,0,0,0,0,0,1,0,0
205,14687100,4470,9545,28.988865,,0,11,8,96,57169,10080,2465,14629931,16,216,80,1,27543,1,120,1,260726,1,682595,1,118921,1,13526138,1,13807,1,531612,1,13396,4,593372,4,67441,4,4145568,4,8110895,8,12074109,96,179889,36,3166,1,47302,1,3306,1,0,0,0,0,0,0,0,0,0,0,0,0,0,0,8396,1,52863,1,169790,1,28365,1,2515,1,6212,1,29778,1,492927,1,16307,1,241,1,9545,1,4470,1,16548,1,9545,1,0,1,1240,1,1,1,0,1,4502,1,5041,1,2,1,0,0,0,1,0,1,0,1,0,1,0,1,0,1,0,1,0,1,0,1,2,1,0,1,0,1,1,1,8,1,27,1,0,1,0,1,214,1,16307,1,0,1,0,1,0,0,0,0,0,0,0,0,0,0,0,1,0,1,0,1,0,1,0,1,0,0,0,0,0,1,0,0
206,15003800,4470,9545,28.98887,,0,11,8,96,62009,16793,3647,14941791,16,216,180,1,32884,1,190,1,260436,1,740037,1,173417,1,13723235,1,11412,1,459462,1,11863,4,616547,4,70697,4,4153022,4,8316129,8,12284092,96,181412,36,3447,1,69916,1,5360,1,0,0,0,0,0,0,0,0,0,0,0,0,0,0,8176,1,53444,1,169369,1,28345,1,3807,1,6923,1,39507,1,408814,1,16306,1,241,1,9545,1,4470,1,16547,1,9545,1,0,1,1240,1,1,1,0,1,4502,1,5041,1,2,1,0,0,0,1,0,1,0,1,0,1,0,1,0,1,0,1,0,1,0,1,2,1,0,1,0,1,1,1,8,1,27,1,0,1,0,1,214,1,16306,1,1,1,0,1,0,0,0,0,0,0,0,0,0,0,0,1,0,1,0,1,0,1,0,1,0,0,0,0,0,1,0,0
207,14417300,4469,9545,28.98887,,0,11,8,96,42585,10430,2585,14374715,16,216,301,1,27964,1,240,1,263071,1,692204,1,123430,1,13256314,1,11192,1,437058,1,11232,4,523947,4,69345,4,4101352,4,8038385,8,11960548,96,176603,36,3266,1,54856,1,6443,1,0,0,0,0,0,0,0,0,0,0,0,0,0,0,8076,1,53895,1,171763,1,28165,1,2966,1,5751,1,29778,1,398113,1,16309,1,237,1,9545,1,4469,1,16546,1,9545,1,0,1,1240,1,1,1,0,1,4503,1,5041,1,1,1,0,0,0,1,0,1,0,1,0,1,0,1,0,1,0,1,0,1,0,1,2,1,0,1,0,1,1,1,8,1,27,1,0,1,0,1,210,1,16309,1,0,1,0,1,0,0,0,0,0,0,0,0,0,0,0,1,0,1,0,1,0,1,0,1,0,0,0,0,0,1,0,0
208,14555900,4466,9545,28.988878,,0,11,8,96,40562,10530,2315,14515338,16,216,190,1,27363,1,180,1,264283,1,676323,1,120263,1,13415453,1,11282,1,431528,1,8206,4,553094,4,66539,4,4141209,4,8144861,8,12104888,96,178867,36,3397,1,51460,1,4629,1,0,0,0,0,0,0,0,0,0,0,0,0,0,0,8737,1,53434,1,173677,1,27974,1,3447,1,6443,1,30349,1,391139,1,16309,1,233,1,9545,1,4466,1,16542,1,9545,1,0,1,1240,1,1,1,0,1,4503,1,5041,1,1,1,0,0,0,1,0,1,0,1,0,1,0,1,0,1,0,1,0,1,0,1,2,1,0,1,0,1,1,1,8,1,24,1,0,1,0,1,209,1,16309,1,0,1,0,1,0,0,0,0,0,0,0,0,0,0,0,1,0,1,0,1,0,1,0,1,0,0,0,0,0,1,0,0
209,14543000,4467,9545,28.988882,,0,11,8,96,39445,10050,2325,14503555,16,216,90,1,27073,1,40,1,262159,1,684128,1,141645,1,13376948,1,11472,1,427320,1,11693,4,565899,4,70096,4,4132272,4,8099664,8,12055362,96,174248,36,3467,1,51590,1,4900,1,0,0,0,0,0,0,0,0,0,0,0,0,0,0,7785,1,53484,1,171393,1,28415,1,3547,1,6392,1,29878,1,387282,1,16311,1,233,1,9545,1,4467,1,16544,1,9545,1,0,1,1240,1,1,1,0,1,4502,1,5041,1,2,1,0,0,0,1,0,1,0,1,0,1,0,1,0,1,0,1,0,1,0,1,2,1,0,1,0,1,1,1,8,1,24,1,0,1,0,1,209,1,16311,1,0,1,0,1,0,0,0,0,0,0,0,0,0,0,0,1,0,1,0,1,0,1,0,1,0,0,0,0,0,1,0,0
210,14491000,4467,9545,28.988888,,0,11,8,96,41850,9950,2255,14449150,16,216,10,1,28064,1,30,1,268892,1,686553,1,123820,1,13330077,1,11703,1,439212,1,9438,4,536812,4,68493,4,4115028,4,8089544,8,12025945,96,176372,36,4859,1,50939,1,5801,1,0,0,0,0,0,0,0,0,0,0,0,0,0,0,7845,1,57291,1,170281,1,32814,1,2715,1,6422,1,29848,1,400057,1,16301,1,238,1,9545,1,4467,1,16539,1,9545,1,0,1,1240,1,1,1,0,1,4503,1,5041,1,1,1,0,0,0,1,0,1,0,1,0,1,0,1,0,1,0,1,0,1,0,1,2,1,0,1,0,1,1,1,8,1,23,1,0,1,0,1,215,1,16301,1,0,1,0,1,0,0,0,0,0,0,0,0,0,0,0,1,0,1,0,1,0,1,0,1,0,0,0,0,0,1,0,0
211,14493100,4466,9545,28.988894,,0,11,8,96,42417,9999,2556,14450683,16,216,40,1,27784,1,120,1,267399,1,682415,1,123750,1,13338413,1,10761,1,466566,1,15159,4,520200,4,68072,4,4116902,4,8083943,8,12026116,96,172174,36,4118,1,48905,1,4549,1,0,0,0,0,0,0,0,0,0,0,0,0,0,0,8166,1,57442,1,168978,1,32223,1,2735,1,5701,1,29948,1,427991,1,16305,1,233,1,9545,1,4466,1,16538,1,9545,1,0,1,1240,1,1,1,0,1,4503,1,5041,1,1,1,0,0,0,1,0,1,0,1,0,1,0,1,0,1,0,1,0,1,0,1,2,1,0,1,0,1,1,1,8,1,24,1,0,1,0,1,209,1,16305,1,0,1,0,1,0,0,0,0,0,0,0,0,0,0,0,1,0,1,0,1,0,1,0,1,0,0,0,0,0,1,0,0
212,14482000,4466,9545,28.988894,,0,11,8,96,45886,13286,2366,14436114,16,216,10,1,27744,1,10,1,256398,1,681413,1,119843,1,13339185,1,11512,1,418372,1,11412,4,556721,4,68633,4,4117964,4,8097580,8,12039792,96,173387,36,3296,1,47302,1,4619,1,0,0,0,0,0,0,0,0,0,0,0,0,0,0,7815,1,53895,1,165521,1,28646,1,2725,1,5250,1,29938,1,380258,1,16305,1,233,1,9545,1,4466,1,16538,1,9545,1,0,1,1240,1,1,1,0,1,4504,1,5041,1,0,1,0,0,0,1,0,1,0,1,0,1,0,1,0,1,0,1,0,1,0,1,2,1,0,1,0,1,1,1,8,1,24,1,0,1,0,1,209,1,16305,1,1,1,0,1,0,0,0,0,0,0,0,0,0,0,0,1,0,1,0,1,0,1,0,1,0,0,0,0,0,1,0,0
213,14499400,4467,9545,28.988894,,0,11,8,96,40521,10340,3278,14458879,16,216,230,1,27083,1,180,1,256237,1,690761,1,121546,1,13351990,1,10851,1,412541,1,9228,4,590116,4,66499,4,4131991,4,8080657,8,12035413,96,173957,36,3296,1,44416,1,2906,1,0,0,0,0,0,0,0,0,0,0,0,0,0,0,7935,1,54496,1,165161,1,27944,1,2825,1,5851,1,29998,1,373726,1,16303,1,233,1,9545,1,4467,1,16536,1,9545,1,0,1,1240,1,1,1,0,1,4501,1,5041,1,3,1,0,0,0,1,0,1,0,1,0,1,0,1,0,1,0,1,0,1,0,1,2,1,0,1,0,1,1,1,8,1,24,1,0,1,0,1,209,1,16303,1,0,1,0,1,0,0,0,0,0,0,0,0,0,0,0,1,0,1,0,1,0,1,0,1,0,0,0,0,0,1,0,0
214,15253400,4467,9545,28.988894,,0,11,8,96,64344,16221,3056,15189056,16,216,30,1,27113,1,30,1,255125,1,681263,1,118510,1,14095012,1,11973,1,491244,1,10641,4,627829,4,66549,4,4443676,4,8355931,8,12624548,96,172004,36,4008,1,74114,1,4799,1,0,0,0,0,0,0,0,0,0,0,0,0,0,0,8426,1,51781,1,165191,1,29247,1,4228,1,7044,1,37713,1,441728,1,16306,1,233,1,9545,1,4467,1,16539,1,9545,1,0,1,1240,1,1,1,0,1,4501,1,5041,1,3,1,0,0,0,1,0,1,0,1,0,1,0,1,0,1,0,1,0,1,0,1,2,1,0,1,0,1,1,1,8,1,24,1,0,1,0,1,209,1,16306,1,1,1,0,1,0,0,0,0,0,0,0,0,0,0,0,1,0,1,0,1,0,1,0,1,0,0,0,0,0,1,0,0
215,14801500,4468,9545,28.9889,,0,11,8,96,50524,10039,2245,14750976,16,216,371,1,35018,1,170,1,336704,1,851052,1,150442,1,13366137,1,11082,1,447378,1,12043,4,555168,4,68763,4,4091753,4,8117057,8,12029933,96,176633,36,3577,1,53163,1,7194,1,0,0,0,0,0,0,0,0,0,0,0,0,0,0,10500,1,69134,1,215739,1,39737,1,3797,1,6853,1,29788,1,406589,1,16302,1,240,1,9545,1,4468,1,16542,1,9545,1,0,1,1240,1,1,1,0,1,4502,1,5041,1,2,1,0,0,0,1,0,1,0,1,0,1,0,1,0,1,0,1,0,1,0,1,2,1,0,1,0,1,1,1,8,1,24,1,0,1,0,1,216,1,16302,1,0,1,0,1,0,0,0,0,0,0,0,0,0,0,0,1,0,1,0,1,0,1,0,1,0,0,0,0,0,1,0,0
216,14478000,4467,9545,28.9889,,0,11,8,96,40503,10190,2675,14437497,16,216,50,1,27543,1,210,1,263992,1,685912,1,121245,1,13327282,1,11262,1,436006,1,8847,4,524137,4,66790,4,4122783,4,8093021,8,12039652,96,173477,36,3607,1,55568,1,6332,1,0,0,0,0,0,0,0,0,0,0,0,0,0,0,8146,1,52271,1,174298,1,28746,1,2916,1,5761,1,30459,1,396570,1,16310,1,233,1,9545,1,4467,1,16543,1,9545,1,0,1,1240,1,1,1,0,1,4503,1,5041,1,1,1,0,0,0,1,0,1,0,1,0,1,0,1,0,1,0,1,0,1,0,1,2,1,0,1,0,1,1,1,8,1,24,1,0,1,0,1,209,1,16310,1,0,1,0,1,0,0,0,0,0,0,0,0,0,0,0,1,0,1,0,1,0,1,0,1,0,0,0,0,0,1,0,0
217,14620400,4468,9545,28.9889,,0,11,8,96,42160,10230,2325,14578240,16,216,10,1,28946,1,491,1,269373,1,693616,1,140292,1,13434470,1,11041,1,500642,1,18646,4,550619,4,67922,4,4121120,4,8105826,8,12045694,96,178927,36,6242,1,48564,1,4659,1,0,0,0,0,0,0,0,0,0,0,0,0,0,0,8897,1,58203,1,172605,1,28646,1,3266,1,6342,1,29868,1,460815,1,16306,1,240,1,9545,1,4468,1,16546,1,9545,1,0,1,1240,1,1,1,0,1,4502,1,5041,1,2,1,0,0,0,1,0,1,0,1,0,1,0,1,0,1,0,1,0,1,0,1,2,1,0,1,0,1,1,1,8,1,24,1,0,1,0,1,216,1,16306,1,0,1,0,1,0,0,0,0,0,0,0,0,0,0,0,1,0,1,0,1,0,1,0,1,0,0,0,0,0,1,0,0
218,14505000,4467,9545,28.9889,,0,11,8,96,42845,9799,2576,14462155,16,216,80,1,28575,1,40,1,270335,1,677435,1,118650,1,13356218,1,10821,1,422350,1,11833,4,518947,4,68413,4,4146129,4,8122197,8,12090400,96,175350,36,3226,1,48083,1,5240,1,0,0,0,0,0,0,0,0,0,0,0,0,0,0,8507,1,62732,1,169840,1,28726,1,2725,1,5681,1,29908,1,383915,1,16313,1,233,1,9545,1,4467,1,16546,1,9545,1,0,1,1240,1,1,1,0,1,4504,1,5041,1,0,1,0,0,0,1,0,1,0,1,0,1,0,1,0,1,0,1,0,1,0,1,2,1,0,1,0,1,1,1,8,1,24,1,0,1,0,1,209,1,16313,1,0,1,0,1,0,0,0,0,0,0,0,0,0,0,0,1,0,1,0,1,0,1,0,1,0,0,0,0,0,1,0,0
219,14513900,4468,9545,28.9889,,0,11,8,96,42177,9869,2205,14471723,16,216,301,1,27844,1,571,1,257630,1,685050,1,122177,1,13367269,1,10881,1,432490,1,12083,4,518166,4,68934,4,4134436,4,8133489,8,12085550,96,180169,36,3206,1,49406,1,5190,1,0,0,0,0,0,0,0,0,0,0,0,0,0,0,7635,1,52712,1,168397,1,28215,1,2795,1,5741,1,30389,1,393314,1,16309,1,240,1,9545,1,4468,1,16549,1,9545,1,0,1,1240,1,1,1,0,1,4501,1,5041,1,3,1,0,0,0,1,0,1,0,1,0,1,0,1,0,1,0,1,0,1,0,1,2,1,0,1,0,1,1,1,8,1,24,1,0,1,0,1,216,1,16309,1,0,1,0,1,0,0,0,0,0,0,0,0,0,0,0,1,0,1,0,1,0,1,0,1,0,0,0,0,0,1,0,0
220,14499700,4468,9545,28.9889,,0,11,8,96,42475,15089,2245,14457225,16,216,10,1,27934,1,30,1,257901,1,678427,1,120674,1,13360807,1,11442,1,419504,1,11883,4,524648,4,69775,4,4132953,4,8131005,8,12081894,96,179819,36,3186,1,48143,1,4619,1,0,0,0,0,0,0,0,0,0,0,0,0,0,0,7775,1,54015,1,166744,1,28395,1,2896,1,5751,1,30108,1,380499,1,16308,1,240,1,9545,1,4468,1,16548,1,9545,1,0,1,1240,1,1,1,0,1,4503,1,5041,1,1,1,0,0,0,1,0,1,0,1,0,1,0,1,0,1,0,1,0,1,0,1,2,1,0,1,0,1,1,1,8,1,24,1,0,1,0,1,216,1,16308,1,1,1,0,1,0,0,0,0,0,0,0,0,0,0,0,1,0,1,0,1,0,1,0,1,0,0,0,0,0,1,0,0
221,14564600,4468,9545,28.9889,,0,11,8,96,44964,15169,2346,14519636,16,216,200,1,28085,1,100,1,259063,1,681132,1,122969,1,13417016,1,11071,1,415106,1,18807,4,571259,4,68954,4,4143434,4,8126436,8,12085140,96,182384,36,3156,1,50017,1,4679,1,0,0,0,0,0,0,0,0,0,0,0,0,0,0,7825,1,53724,1,166533,1,29748,1,3306,1,5531,1,29758,1,376361,1,16308,1,240,1,9545,1,4468,1,16548,1,9545,1,0,1,1240,1,1,1,0,1,4503,1,5041,1,1,1,0,0,0,1,0,1,0,1,0,1,0,1,0,1,0,1,0,1,0,1,2,1,0,1,0,1,1,1,8,1,24,1,0,1,0,1,216,1,16308,1,1,1,1,1,0,0,0,0,0,0,0,0,0,0,0,1,0,1,0,1,0,1,0,1,0,0,0,0,0,1,0,0
222,14586500,4467,9545,28.9889,,0,11,8,96,64539,24027,2716,14521961,16,216,10,1,28105,1,30,1,255606,1,683226,1,154580,1,13383882,1,16522,1,457568,1,7424,4,529338,4,69174,4,4119898,4,8126866,8,12067616,96,176433,36,3497,1,43424,1,2665,1,0,0,0,0,0,0,0,0,0,0,0,0,0,0,7444,1,53093,1,165231,1,29157,1,2836,1,5932,1,31201,1,417400,1,16315,1,233,1,9545,1,4467,1,16548,1,9545,1,0,1,1240,1,1,1,0,1,4504,1,5041,1,0,1,0,0,0,1,0,1,0,1,0,1,0,1,0,1,0,1,0,1,0,1,2,1,0,1,0,1,1,1,8,1,24,1,0,1,0,1,209,1,16315,1,0,1,0,1,0,0,0,0,0,0,0,0,0,0,0,1,0,1,0,1,0,1,0,1,0,0,0,0,0,1,0,0
223,14444400,4468,9545,28.9889,,0,11,8,96,63899,8827,2195,14380501,16,216,160,1,28545,1,110,1,331659,1,667305,1,114953,1,13221737,1,16031,1,347725,1,7244,4,517465,4,64645,4,4124537,4,8115805,8,12057727,96,180420,36,2916,1,29918,1,2655,1,0,0,0,0,0,0,0,0,0,0,0,0,0,0,9749,1,72010,1,213459,1,35329,1,2866,1,5681,1,29738,1,309310,1,16310,1,240,1,9545,1,4468,1,16550,1,9545,1,0,1,1240,1,1,1,0,1,4503,1,5041,1,1,1,0,0,0,1,0,1,0,1,0,1,0,1,0,1,0,1,0,1,0,1,2,1,0,1,0,1,1,1,8,1,24,1,0,1,0,1,216,1,16310,1,0,1,0,1,0,0,0,0,0,0,0,0,0,0,0,1,0,1,0,1,0,1,0,1,0,0,0,0,0,1,0,0
224,14341400,4467,9545,28.9889,,0,11,8,96,55918,8827,2244,14285482,16,216,10,1,27644,1,40,1,261538,1,692344,1,114112,1,13173443,1,16352,1,321865,1,7254,4,515982,4,64595,4,4108656,4,8112388,8,12042808,96,175992,36,2886,1,28395,1,2595,1,0,0,0,0,0,0,0,0,0,0,0,0,0,0,7404,1,50207,1,176162,1,27533,1,2575,1,5821,1,29788,1,283550,1,16317,1,233,1,9545,1,4467,1,16550,1,9545,1,0,1,1240,1,1,1,0,1,4501,1,5041,1,3,1,0,0,0,1,0,1,0,1,0,1,0,1,0,1,0,1,0,1,0,1,2,1,0,1,0,1,1,1,8,1,24,1,0,1,0,1,209,1,16317,1,0,1,0,1,0,0,0,0,0,0,0,0,0,0,0,1,0,1,0,1,0,1,0,1,0,0,0,0,0,1,0,0
225,14404700,4467,9545,28.9889,,0,11,8,96,83218,12404,3126,14321482,16,216,90,1,27233,1,140,1,327215,1,664199,1,125243,1,13161249,1,16111,1,271387,1,7495,4,521983,4,65537,4,4135819,4,8111426,8,12067716,96,176402,36,3146,1,29397,1,2655,1,0,0,0,0,0,0,0,0,0,0,0,0,0,0,11482,1,64245,1,216881,1,33966,1,2585,1,5411,1,29577,1,233593,1,16317,1,233,1,9545,1,4467,1,16550,1,9545,1,0,1,1240,1,1,1,0,1,4503,1,5041,1,1,1,0,0,0,1,0,1,0,1,0,1,0,1,0,1,0,1,0,1,0,1,2,1,0,1,0,1,1,1,8,1,24,1,0,1,0,1,209,1,16317,1,1,1,0,1,0,0,0,0,0,0,0,0,0,0,0,1,0,1,0,1,0,1,0,1,0,0,0,0,0,1,0,0
226,14643100,4468,9545,28.9889,,0,11,8,96,84698,11633,2305,14558402,16,216,140,1,25990,1,80,1,330011,1,836354,1,142507,1,13203021,1,20299,1,326734,1,7164,4,519308,4,67301,4,4105610,4,8113250,8,12036686,96,179869,36,3427,1,42042,1,6553,1,0,0,0,0,0,0,0,0,0,0,0,0,0,0,12955,1,62952,1,219396,1,34206,1,3387,1,6943,1,36651,1,279513,1,16310,1,240,1,9545,1,4468,1,16550,1,9545,1,0,1,1240,1,1,1,0,1,4503,1,5041,1,1,1,0,0,0,1,0,1,0,1,0,1,0,1,0,1,0,1,0,1,0,1,2,1,0,1,0,1,1,1,8,1,24,1,0,1,0,1,216,1,16310,1,0,1,0,1,0,0,0,0,0,0,0,0,0,0,0,1,0,1,0,1,0,1,0,1,0,0,0,0,0,1,0,0
227,14608200,4467,9545,28.9889,,0,11,8,96,57964,9909,2675,14550236,16,216,180,1,38755,1,220,1,301966,1,675361,1,161383,1,13361829,1,10540,1,422640,1,10490,4,573573,4,68062,4,4107143,4,8115424,8,12045002,96,174890,36,3186,1,47182,1,4218,1,0,0,0,0,0,0,0,0,0,0,0,0,0,0,10160,1,75747,1,178767,1,36110,1,3717,1,7144,1,29638,1,381471,1,16317,1,233,1,9545,1,4467,1,16550,1,9545,1,0,1,1240,1,1,1,0,1,4502,1,5041,1,2,1,0,0,0,1,0,1,0,1,0,1,0,1,0,1,0,1,0,1,0,1,2,1,0,1,0,1,1,1,8,1,24,1,0,1,0,1,209,1,16317,1,0,1,0,1,0,0,0,0,0,0,0,0,0,0,0,1,0,1,0,1,0,1,0,1,0,0,0,0,0,1,0,0
228,14471300,4467,9545,28.9889,,0,11,8,96,63110,12754,2365,14408190,16,216,200,1,26772,1,140,1,264904,1,668909,1,118921,1,13311641,1,16702,1,383535,1,9518,4,520551,4,65377,4,4119347,4,8149491,8,12090811,96,175661,36,3617,1,43625,1,3827,1,0,0,0,0,0,0,0,0,0,0,0,0,0,0,7585,1,52201,1,176783,1,27664,1,2765,1,5370,1,29577,1,345601,1,16317,1,233,1,9545,1,4467,1,16550,1,9545,1,0,1,1240,1,1,1,0,1,4504,1,5041,1,0,1,0,0,0,1,0,1,0,1,0,1,0,1,0,1,0,1,0,1,0,1,2,1,0,1,0,1,1,1,8,1,24,1,0,1,0,1,209,1,16317,1,1,1,0,1,0,0,0,0,0,0,0,0,0,0,0,1,0,1,0,1,0,1,0,1,0,0,0,0,0,1,0,0
229,14404700,4468,9545,28.9889,,0,11,8,96,54733,8898,2616,14349967,16,216,170,1,27774,1,120,1,262279,1,679068,1,116747,1,13251144,1,12665,1,369858,1,7204,4,516222,4,64445,4,4106432,4,8134221,8,12059210,96,178827,36,3056,1,38234,1,2575,1,0,0,0,0,0,0,0,0,0,0,0,0,0,0,6984,1,51430,1,175411,1,27964,1,2525,1,5731,1,29708,1,331704,1,16311,1,240,1,9545,1,4468,1,16551,1,9545,1,0,1,1240,1,1,1,0,1,4502,1,5041,1,2,1,0,0,0,1,0,1,0,1,0,1,0,1,0,1,0,1,0,1,0,1,2,1,0,1,0,1,1,1,8,1,24,1,0,1,0,1,216,1,16311,1,0,1,0,1,0,0,0,0,0,0,0,0,0,0,0,1,0,1,0,1,0,1,0,1,0,0,0,0,0,1,0,0
230,14291100,4467,9545,28.9889,,0,11,8,96,38292,8848,2726,14252808,16,216,100,1,32012,1,160,1,258091,1,666003,1,114492,1,13171830,1,10120,1,309901,1,11332,4,515771,4,64686,4,4118074,4,8110364,8,12051635,96,174078,36,2985,1,27333,1,2535,1,0,0,0,0,0,0,0,0,0,0,0,0,0,0,7024,1,51019,1,172294,1,27553,1,2505,1,5601,1,30078,1,271587,1,16319,1,233,1,9545,1,4467,1,16552,1,9545,1,0,1,1240,1,1,1,0,1,4504,1,5041,1,0,1,0,0,0,1,0,1,0,1,0,1,0,1,0,1,0,1,0,1,0,1,2,1,0,1,0,1,1,1,8,1,24,1,0,1,0,1,209,1,16319,1,0,1,0,1,0,0,0,0,0,0,0,0,0,0,0,1,0,1,0,1,0,1,0,1,0,0,0,0,0,1,0,0
231,14279500,4467,9545,28.9889,,0,11,8,96,53724,11232,2495,14225776,16,216,50,1,26822,1,40,1,253532,1,666684,1,114633,1,13148084,1,15931,1,286527,1,7134,4,515761,4,64405,4,4104869,4,8124492,8,12050783,96,176082,36,2956,1,28075,1,2635,1,0,0,0,0,0,0,0,0,0,0,0,0,0,0,6873,1,50598,1,168848,1,26942,1,2585,1,5250,1,29748,1,248843,1,16319,1,233,1,9545,1,4467,1,16552,1,9545,1,0,1,1240,1,1,1,0,1,4504,1,5041,1,0,1,0,0,0,1,0,1,0,1,0,1,0,1,0,1,0,1,0,1,0,1,2,1,0,1,0,1,1,1,8,1,24,1,0,1,0,1,209,1,16319,1,1,1,0,1,0,0,0,0,0,0,0,0,0,0,0,1,0,1,0,1,0,1,0,1,0,0,0,0,0,1,0,0
232,14447600,4467,9545,28.9889,,0,11,8,96,83295,13356,2435,14364305,16,216,70,1,28365,1,170,1,348707,1,678818,1,115304,1,13176850,1,16021,1,295093,1,7384,4,534528,4,64555,4,4112564,4,8119823,8,12055824,96,174127,36,3016,1,23876,1,2655,1,0,0,0,0,0,0,0,0,0,0,0,0,0,0,8797,1,69996,1,234906,1,34257,1,2785,1,5531,1,29778,1,256799,1,16318,1,233,1,9545,1,4467,1,16551,1,9545,1,0,1,1240,1,1,1,0,1,4504,1,5041,1,0,1,0,0,0,1,0,1,0,1,0,1,0,1,0,1,0,1,0,1,0,1,2,1,0,1,0,1,1,1,8,1,24,1,0,1,0,1,209,1,16318,1,1,1,0,1,0,0,0,0,0,0,0,0,0,0,0,1,0,1,0,1,0,1,0,1,0,0,0,0,0,1,0,0
233,14377300,4468,9545,28.9889,,0,11,8,96,83903,9378,2627,14293397,16,216,130,1,26191,1,110,1,326935,1,669981,1,116015,1,13138004,1,16031,1,326153,1,13757,4,517925,4,64716,4,4090501,4,8087390,8,11995406,96,179858,36,3026,1,22494,1,2665,1,0,0,0,0,0,0,0,0,0,0,0,0,0,0,10981,1,64726,1,216731,1,33866,1,2585,1,5531,1,29367,1,288500,1,16312,1,240,1,9545,1,4468,1,16552,1,9545,1,0,1,1240,1,1,1,0,1,4504,1,5041,1,0,1,0,0,0,1,0,1,0,1,0,1,0,1,0,1,0,1,0,1,0,1,2,1,0,1,0,1,1,1,8,1,24,1,0,1,0,1,216,1,16312,1,0,1,0,1,0,0,0,0,0,0,0,0,0,0,0,1,0,1,0,1,0,1,0,1,0,0,0,0,0,1,0,0
234,14442200,4467,9545,28.9889,,0,11,8,96,79408,10661,2314,14362792,16,216,120,1,27153,1,120,1,339539,1,658248,1,120183,1,13205686,1,11743,1,265195,1,10410,4,517545,4,71359,4,4111912,4,8133870,8,12068699,96,174769,36,5881,1,72180,1,6673,1,0,0,0,0,0,0,0,0,0,0,0,0,0,0,10831,1,66178,1,227201,1,34778,1,2465,1,5441,1,29437,1,227732,1,16318,1,233,1,9545,1,4467,1,16551,1,9545,1,0,1,1240,1,1,1,0,1,4504,1,5041,1,0,1,0,0,0,1,0,1,0,1,0,1,0,1,0,1,0,1,0,1,0,1,2,1,0,1,0,1,1,1,8,1,24,1,0,1,0,1,209,1,16318,1,0,1,0,1,0,0,0,0,0,0,0,0,0,0,0,1,0,1,0,1,0,1,0,1,0,0,0,0,0,1,0,0
235,14606400,4467,9545,28.9889,,0,11,8,96,42167,13737,2666,14564233,16,216,361,1,29417,1,120,1,285204,1,695600,1,157967,1,13384473,1,11092,1,484380,1,8937,4,518817,4,67050,4,4104718,4,8128810,8,12056014,96,174849,36,3667,1,50879,1,3477,1,0,0,0,0,0,0,0,0,0,0,0,0,0,0,8376,1,61339,1,177434,1,37042,1,3266,1,5611,1,30149,1,445104,1,16319,1,233,1,9545,1,4467,1,16552,1,9545,1,0,1,1240,1,1,1,0,1,4502,1,5041,1,2,1,0,0,0,1,0,1,0,1,0,1,0,1,0,1,0,1,0,1,0,1,2,1,0,1,0,1,1,1,8,1,24,1,0,1,0,1,209,1,16319,1,1,1,0,1,0,0,0,0,0,0,0,0,0,0,0,1,0,1,0,1,0,1,0,1,0,0,0,0,0,1,0,0
236,14461700,4467,9545,28.9889,,0,11,8,96,66535,13266,2455,14395165,16,216,40,1,27333,1,240,1,260466,1,676884,1,117538,1,13296923,1,15741,1,408012,1,7264,4,517274,4,64796,4,4111862,4,8130263,8,12064721,96,174950,36,3928,1,37613,1,2645,1,0,0,0,0,0,0,0,0,0,0,0,0,0,0,7084,1,53153,1,172665,1,27133,1,2785,1,5370,1,29788,1,369958,1,16321,1,233,1,9545,1,4467,1,16554,1,9545,1,0,1,1240,1,1,1,0,1,4503,1,5041,1,1,1,0,0,0,1,0,1,0,1,0,1,0,1,0,1,0,1,0,1,0,1,2,1,0,1,0,1,1,1,8,1,24,1,0,1,0,1,209,1,16321,1,1,1,0,1,0,0,0,0,0,0,0,0,0,0,0,1,0,1,0,1,0,1,0,1,0,0,0,0,0,1,0,0
237,14342400,4467,9545,28.9889,,0,11,8,96,65184,13366,2136,14277216,16,216,150,1,32463,1,170,1,259945,1,671273,1,113741,1,13182861,1,16612,1,334479,1,7224,4,516913,4,64595,4,4104498,4,8100245,8,12027839,96,174768,36,3457,1,35539,1,2545,1,0,0,0,0,0,0,0,0,0,0,0,0,0,0,7354,1,52302,1,172745,1,27143,1,2665,1,5421,1,29668,1,296586,1,16321,1,233,1,9545,1,4467,1,16554,1,9545,1,0,1,1240,1,1,1,0,1,4502,1,5041,1,2,1,0,0,0,1,0,1,0,1,0,1,0,1,0,1,0,1,0,1,0,1,2,1,0,1,0,1,1,1,8,1,24,1,0,1,0,1,209,1,16321,1,1,1,1,1,0,0,0,0,0,0,0,0,0,0,0,1,0,1,0,1,0,1,0,1,0,0,0,0,0,1,0,0
238,14513900,4467,9545,28.9889,,0,11,8,96,81964,16312,2556,14431936,16,216,60,1,27714,1,130,1,337645,1,665091,1,199557,1,13185787,1,15951,1,332566,1,7284,4,517615,4,64696,4,4115399,4,8098531,8,12037237,96,174138,36,3417,1,27303,1,2665,1,0,0,0,0,0,0,0,0,0,0,0,0,0,0,12935,1,64846,1,225889,1,33144,1,3276,1,6813,1,37132,1,284923,1,16321,1,233,1,9545,1,4467,1,16554,1,9545,1,0,1,1240,1,1,1,0,1,4504,1,5041,1,0,1,0,0,0,1,0,1,0,1,0,1,0,1,0,1,0,1,0,1,0,1,2,1,0,1,0,1,1,1,8,1,24,1,0,1,0,1,209,1,16321,1,1,1,1,1,0,0,0,0,0,0,0,0,0,0,0,1,0,1,0,1,0,1,0,1,0,0,0,0,0,1,0,0
239,14507100,4467,9545,28.9889,,0,11,8,96,92107,20670,4609,14414993,16,216,90,1,26802,1,100,1,329209,1,668548,1,120043,1,13254250,1,15951,1,267239,1,7424,4,518777,4,78502,4,4183241,4,8147727,8,12145438,96,180921,36,3497,1,24538,1,2635,1,0,0,0,0,0,0,0,0,0,0,0,0,0,0,11092,1,65708,1,218164,1,33715,1,2755,1,5521,1,29417,1,229405,1,16321,1,233,1,9545,1,4467,1,16554,1,9545,1,0,1,1240,1,1,1,0,1,4504,1,5041,1,0,1,0,0,0,1,0,1,0,1,0,1,0,1,0,1,0,1,0,1,0,1,2,1,0,1,0,1,1,1,8,1,24,1,0,1,0,1,209,1,16321,1,1,1,1,1,0,0,0,0,0,0,0,0,0,0,0,1,0,1,0,1,0,1,0,1,0,0,0,0,0,1,0,0
240,14427400,4467,9545,28.9889,,0,11,8,96,61131,13015,2226,14366269,16,216,110,1,26431,1,100,1,328949,1,827927,1,119302,1,13053130,1,10320,1,271337,1,7194,4,518597,4,64896,4,4081042,4,8069395,8,11973373,96,174839,36,3056,1,21993,1,2605,1,0,0,0,0,0,0,0,0,0,0,0,0,0,0,10510,1,64205,1,220067,1,33655,1,3026,1,5441,1,29337,1,233353,1,16322,1,233,1,9545,1,4467,1,16555,1,9545,1,0,1,1240,1,1,1,0,1,4502,1,5041,1,2,1,0,0,0,1,0,1,0,1,0,1,0,1,0,1,0,1,0,1,0,1,2,1,0,1,0,1,1,1,8,1,24,1,0,1,0,1,209,1,16322,1,1,1,0,1,0,0,0,0,0,0,0,0,0,0,0,1,0,1,0,1,0,1,0,1,0,0,0,0,0,1,0,0
241,14209200,4468,9545,28.9889,,0,11,8,96,46937,9268,2575,14162263,16,216,140,1,26882,1,40,1,273401,1,652907,1,114612,1,13084320,1,9959,1,257630,1,7234,4,522154,4,65106,4,4106943,4,8087740,8,12013982,96,178126,36,3457,1,22233,1,2555,1,0,0,0,0,0,0,0,0,0,0,0,0,0,0,6583,1,52893,1,186312,1,27002,1,2445,1,5551,1,29227,1,220197,1,16315,1,240,1,9545,1,4468,1,16555,1,9545,1,0,1,1240,1,1,1,0,1,4504,1,5041,1,0,1,0,0,0,1,0,1,0,1,0,1,0,1,0,1,0,1,0,1,0,1,2,1,0,1,0,1,1,1,8,1,24,1,0,1,0,1,216,1,16315,1,0,1,0,1,0,0,0,0,0,0,0,0,0,0,0,1,0,1,0,1,0,1,0,1,0,0,0,0,0,1,0,0
242,15041400,4467,9545,28.9889,,0,11,8,96,821836,16111,2586,14219564,16,216,190,1,36481,1,90,1,336553,1,805664,1,149029,1,12875685,1,15871,1,277779,1,7334,4,510581,4,63203,4,4025404,4,7948561,8,11801520,96,169860,36,2966,1,21201,1,2545,1,0,0,0,0,0,0,0,0,0,0,0,0,0,0,11432,1,64054,1,226339,1,33625,1,3457,1,16652,1,36571,1,220879,1,16323,1,233,1,9545,1,4467,1,16556,1,9545,1,0,1,1240,1,1,1,0,1,4504,1,5040,1,1,1,0,0,0,1,0,1,0,1,0,1,0,1,0,1,0,1,0,1,0,1,2,1,0,1,0,1,1,1,8,1,24,1,0,1,0,1,209,1,16323,1,0,1,0,1,0,0,0,0,0,0,0,0,0,0,0,1,0,1,0,1,0,1,0,1,0,0,0,0,0,1,0,0
243,14508100,4467,9545,28.9889,,0,11,8,96,130860,14167,2275,14377240,16,216,80,1,33385,1,90,1,264734,1,826384,1,140483,1,13097215,1,14869,1,280404,1,7545,4,521182,4,65026,4,4093567,4,8086187,8,12003963,96,173517,36,3477,1,23045,1,2615,1,0,0,0,0,0,0,0,0,0,0,0,0,0,0,10571,1,50718,1,176663,1,26281,1,3056,1,6422,1,36541,1,234155,1,16322,1,233,1,9545,1,4467,1,16555,1,9545,1,0,1,1240,1,1,1,0,1,4504,1,5041,1,0,1,0,0,0,1,0,1,0,1,0,1,0,1,0,1,0,1,0,1,0,1,2,1,0,1,0,1,1,1,8,1,24,1,0,1,0,1,209,1,16322,1,1,1,0,1,0,0,0,0,0,0,0,0,0,0,0,1,0,1,0,1,0,1,0,1,0,0,0,0,0,1,0,0
244,14722200,4467,9545,28.988903,,0,11,8,96,113791,15210,2616,14608409,16,216,381,1,31030,1,80,1,341483,1,814080,1,148408,1,13262726,1,10220,1,264624,1,7605,4,522404,4,65207,4,4290749,4,8067872,8,12182750,96,173256,36,2996,1,23476,1,2585,1,0,0,0,0,0,0,0,0,0,0,0,0,0,0,8326,1,65287,1,233864,1,33315,1,6673,1,5471,1,29497,1,222772,1,16322,1,233,1,9545,1,4467,1,16555,1,9545,1,0,1,1240,1,1,1,0,1,4503,1,5041,1,1,1,0,0,0,1,0,1,0,1,0,1,0,1,0,1,0,1,0,1,0,1,2,1,0,1,0,1,1,1,8,1,24,1,0,1,0,1,209,1,16322,1,1,1,1,1,0,0,0,0,0,0,0,0,0,0,0,1,0,1,0,1,0,1,0,1,0,0,0,0,0,1,0,0
245,14426800,4468,9545,28.988903,,0,11,8,96,134745,10440,2926,14292055,16,216,661,1,36451,1,140,1,330241,1,790214,1,119803,1,13001890,1,12655,1,264614,1,7354,4,519929,4,65046,4,4070652,4,8032573,8,11922004,96,178296,36,3126,1,25540,1,2615,1,0,0,0,0,0,0,0,0,0,0,0,0,0,0,11623,1,63303,1,219656,1,34888,1,2435,1,5451,1,29317,1,227241,1,16317,1,240,1,9545,1,4468,1,16557,1,9545,1,0,1,1240,1,1,1,0,1,4504,1,5041,1,0,1,0,0,0,1,0,1,0,1,0,1,0,1,0,1,0,1,0,1,0,1,2,1,0,1,0,1,1,1,8,1,24,1,0,1,0,1,216,1,16317,1,0,1,0,1,0,0,0,0,0,0,0,0,0,0,0,1,0,1,0,1,0,1,0,1,0,0,0,0,0,1,0,0
246,14266800,4467,9545,28.988903,,0,11,8,96,49400,9488,2685,14217400,16,216,190,1,31571,1,80,1,340351,1,693045,1,115895,1,13026067,1,10200,1,267008,1,8226,4,519148,4,64816,4,4064490,4,8060277,8,11947804,96,174278,36,2976,1,27032,1,2605,1,0,0,0,0,0,0,0,0,0,0,0,0,0,0,9028,1,65547,1,231229,1,33866,1,2395,1,5531,1,29337,1,229536,1,16323,1,233,1,9545,1,4467,1,16556,1,9545,1,0,1,1240,1,1,1,0,1,4504,1,5041,1,0,1,0,0,0,1,0,1,0,1,0,1,0,1,0,1,0,1,0,1,0,1,2,1,0,1,0,1,1,1,8,1,24,1,0,1,0,1,209,1,16323,1,0,1,0,1,0,0,0,0,0,0,0,0,0,0,0,1,0,1,0,1,0,1,0,1,0,0,0,0,0,1,0,0
247,14170700,4467,9545,28.988903,,0,11,8,96,50940,11833,3057,14119760,16,216,150,1,25409,1,50,1,272770,1,654491,1,114562,1,13041136,1,11192,1,271196,1,10921,4,521733,4,78041,4,4073848,4,8030640,8,11927775,96,173657,36,3216,1,37152,1,2555,1,0,0,0,0,0,0,0,0,0,0,0,0,0,0,6823,1,52201,1,186161,1,26872,1,2495,1,5320,1,29257,1,233924,1,16321,1,233,1,9545,1,4467,1,16554,1,9545,1,0,1,1240,1,1,1,0,1,4504,1,5041,1,0,1,0,0,0,1,0,1,0,1,0,1,0,1,0,1,0,1,0,1,0,1,2,1,0,1,0,1,1,1,8,1,24,1,0,1,0,1,209,1,16321,1,1,1,0,1,0,0,0,0,0,0,0,0,0,0,0,1,0,1,0,1,0,1,0,1,0,0,0,0,0,1,0,0
248,14225300,4468,9545,28.988903,,0,11,8,96,47778,9599,2325,14177522,16,216,180,1,25600,1,80,1,275525,1,661264,1,116596,1,13088248,1,10029,1,321715,1,7384,4,528516,4,64545,4,4081613,4,8047462,8,11948796,96,177955,36,3006,1,21822,1,2585,1,0,0,0,0,0,0,0,0,0,0,0,0,0,0,7134,1,53494,1,186532,1,27523,1,2525,1,6122,1,29437,1,283370,1,16316,1,240,1,9545,1,4468,1,16556,1,9545,1,0,1,1240,1,1,1,0,1,4504,1,5041,1,0,1,0,0,0,1,0,1,0,1,0,1,0,1,0,1,0,1,0,1,0,1,2,1,0,1,0,1,1,1,8,1,24,1,0,1,0,1,216,1,16316,1,0,1,0,1,0,0,0,0,0,0,0,0,0,0,0,1,0,1,0,1,0,1,0,1,0,0,0,0,0,1,0,0
249,14180000,4467,9545,28.988903,,0,11,8,96,54108,8817,2275,14125892,16,216,90,1,26511,1,60,1,265105,1,654180,1,114122,1,13049432,1,16392,1,271096,1,7194,4,518777,4,64585,4,4082876,4,8067271,8,11974164,96,173707,36,2936,1,23335,1,2545,1,0,0,0,0,0,0,0,0,0,0,0,0,0,0,6192,1,51760,1,180240,1,26622,1,2385,1,5441,1,29237,1,233904,1,16322,1,233,1,9545,1,4467,1,16555,1,9545,1,0,1,1240,1,1,1,0,1,4504,1,5041,1,0,1,0,0,0,1,0,1,0,1,0,1,0,1,0,1,0,1,0,1,0,1,2,1,0,1,0,1,1,1,8,1,24,1,0,1,0,1,209,1,16322,1,0,1,0,1,0,0,0,0,0,0,0,0,0,0,0,1,0,1,0,1,0,1,0,1,0,0,0,0,0,1,0,0
250,14325000,4467,9545,28.988903,,0,11,8,96,92150,16813,2586,14232850,16,216,70,1,26972,1,100,1,334079,1,648980,1,118280,1,13088208,1,16161,1,259915,1,8527,4,526582,4,64806,4,4098186,4,8083472,8,12004754,96,174318,36,3336,1,23997,1,2575,1,0,0,0,0,0,0,0,0,0,0,0,0,0,0,10550,1,66028,1,223404,1,33435,1,2535,1,5190,1,29407,1,222642,1,16324,1,233,1,9545,1,4467,1,16557,1,9545,1,0,1,1240,1,1,1,0,1,4503,1,5041,1,1,1,0,0,0,1,0,1,0,1,0,1,0,1,0,1,0,1,0,1,0,1,2,1,0,1,0,1,1,1,8,1,24,1,0,1,0,1,209,1,16324,1,1,1,0,1,0,0,0,0,0,0,0,0,0,0,0,1,0,1,0,1,0,1,0,1,0,0,0,0,0,1,0,0
251,14552900,4467,9545,28.988903,,0,11,8,96,105779,14418,2485,14447121,16,216,60,1,27323,1,100,1,263001,1,816756,1,118620,1,13205330,1,15931,1,275775,1,7264,4,519118,4,64545,4,4080201,4,8211616,8,12112198,96,177134,36,3256,1,26552,1,2585,1,0,0,0,0,0,0,0,0,0,0,0,0,0,0,7234,1,51931,1,176653,1,26842,1,4789,1,5190,1,29477,1,236108,1,16322,1,233,1,9545,1,4467,1,16555,1,9545,1,0,1,1240,1,1,1,0,1,4501,1,5041,1,3,1,0,0,0,1,0,1,0,1,0,1,0,1,0,1,0,1,0,1,0,1,2,1,0,1,0,1,1,1,8,1,24,1,0,1,0,1,209,1,16322,1,1,1,0,1,0,0,0,0,0,0,0,0,0,0,0,1,0,1,0,1,0,1,0,1,0,0,0,0,0,1,0,0
252,14351600,4467,9545,28.988903,,0,11,8,96,96287,14879,3677,14255313,16,216,50,1,27073,1,110,1,330542,1,655272,1,119231,1,13111072,1,11963,1,272439,1,10290,4,524188,4,69605,4,4083688,4,8066499,8,11972842,96,173667,36,4809,1,58443,1,6232,1,0,0,0,0,0,0,0,0,0,0,0,0,0,0,8787,1,63864,1,223584,1,33615,1,4308,1,5230,1,30149,1,232632,1,16324,1,233,1,9545,1,4467,1,16557,1,9545,1,0,1,1240,1,1,1,0,1,4504,1,5041,1,0,1,0,0,0,1,0,1,0,1,0,1,0,1,0,1,0,1,0,1,0,1,2,1,0,1,0,1,1,1,8,1,24,1,0,1,0,1,209,1,16324,1,1,1,0,1,0,0,0,0,0,0,0,0,0,0,0,1,0,1,0,1,0,1,0,1,0,0,0,0,0,1,0,0
253,14521000,4468,9545,28.988903,,0,11,8,96,61751,9970,2355,14459249,16,216,271,1,27644,1,180,1,275976,1,683537,1,153508,1,13301031,1,17103,1,409344,1,8456,4,568153,4,65187,4,4092114,4,8103812,8,12013321,96,180250,36,3817,1,37543,1,2635,1,0,0,0,0,0,0,0,0,0,0,0,0,0,0,7344,1,56951,1,175110,1,35519,1,4128,1,7354,1,30088,1,367433,1,16316,1,240,1,9545,1,4468,1,16556,1,9545,1,0,1,1240,1,1,1,0,1,4503,1,5041,1,1,1,0,0,0,1,0,1,0,1,0,1,0,1,0,1,0,1,0,1,0,1,2,1,0,1,0,1,1,1,8,1,24,1,0,1,0,1,216,1,16316,1,0,1,0,1,0,0,0,0,0,0,0,0,0,0,0,1,0,1,0,1,0,1,0,1,0,0,0,0,0,1,0,0
254,14459500,4467,9545,28.988903,,0,11,8,96,83573,9459,2285,14375927,16,216,40,1,27944,1,140,1,339379,1,663017,1,114983,1,13213270,1,17153,1,375138,1,8166,4,520009,4,67321,4,4104288,4,8089965,8,12017238,96,174729,36,3156,1,33124,1,2645,1,0,0,0,0,0,0,0,0,0,0,0,0,0,0,8466,1,67060,1,225919,1,36631,1,2625,1,6232,1,29597,1,336543,1,16322,1,233,1,9545,1,4467,1,16555,1,9545,1,0,1,1240,1,1,1,0,1,4504,1,5041,1,0,1,0,0,0,1,0,1,0,1,0,1,0,1,0,1,0,1,0,1,0,1,2,1,0,1,0,1,1,1,8,1,24,1,0,1,0,1,209,1,16322,1,0,1,0,1,0,0,0,0,0,0,0,0,0,0,0,1,0,1,0,1,0,1,0,1,0,0,0,0,0,1,0,0
255,14587800,4467,9545,28.988903,,0,11,8,96,69817,13466,2215,14517983,16,216,110,1,28044,1,120,1,336323,1,745477,1,123650,1,13270461,1,13797,1,394977,1,7735,4,523837,4,65397,4,4116171,4,8107108,8,12045914,96,175149,36,3056,1,36030,1,2685,1,0,0,0,0,0,0,0,0,0,0,0,0,0,0,11192,1,68914,1,218224,1,36972,1,3156,1,5681,1,29628,1,356252,1,16321,1,233,1,9545,1,4467,1,16554,1,9545,1,0,1,1240,1,1,1,0,1,4504,1,5041,1,0,1,0,0,0,1,0,1,0,1,0,1,0,1,0,1,0,1,0,1,0,1,2,1,0,1,0,1,1,1,8,1,24,1,0,1,0,1,209,1,16321,1,1,1,0,1,0,0,0,0,0,0,0,0,0,0,0,1,0,1,0,1,0,1,0,1,0,0,0,0,0,1,0,0
256,15008800,4467,9545,28.988903,,0,11,8,96,49064,12314,4339,14959736,16,216,271,1,33214,1,90,1,328949,1,833388,1,157155,1,13595287,1,11382,1,306565,1,11292,4,534748,4,67471,4,4099498,4,8500236,8,12416759,96,178637,36,3296,1,54416,1,5451,1,0,0,0,0,0,0,0,0,0,0,0,0,0,0,8507,1,67551,1,213364,1,38645,1,3276,1,5821,1,29768,1,267299,1,16322,1,233,1,9545,1,4467,1,16555,1,9545,1,0,1,1240,1,1,1,0,1,4504,1,5041,1,0,1,0,0,0,1,0,1,0,1,0,1,0,1,0,1,0,1,0,1,0,1,2,1,0,1,0,1,1,1,8,1,24,1,0,1,0,1,209,1,16322,1,1,1,0,1,0,0,0,0,0,0,0,0,0,0,0,1,0,1,0,1,0,1,0,1,0,0,0,0,0,1,0,0
257,14443900,4468,9545,28.988903,,0,11,8,96,47463,9829,2345,14396437,16,216,200,1,32493,1,190,1,277108,1,678197,1,119362,1,13278046,1,10841,1,383825,1,8216,4,556210,4,65046,4,4113716,4,8104122,8,12035725,96,179769,36,2976,1,31571,1,2535,1,0,0,0,0,0,0,0,0,0,0,0,0,0,0,9298,1,56410,1,181021,1,28646,1,2715,1,5871,1,29798,1,344869,1,16316,1,240,1,9545,1,4468,1,16556,1,9545,1,0,1,1240,1,1,1,0,1,4504,1,5041,1,0,1,0,0,0,1,0,1,0,1,0,1,0,1,0,1,0,1,0,1,0,1,2,1,0,1,0,1,1,1,8,1,24,1,0,1,0,1,216,1,16316,1,0,1,0,1,0,0,0,0,0,0,0,0,0,0,0,1,0,1,0,1,0,1,0,1,0,0,0,0,0,1,0,0
258,14269800,4467,9545,28.988903,,0,11,8,96,54835,9218,2235,14214965,16,216,40,1,27293,1,100,1,261478,1,666303,1,115604,1,13128185,1,15961,1,276086,1,7314,4,523336,4,64786,4,4116050,4,8103321,8,12041906,96,175230,36,2945,1,22584,1,2545,1,0,0,0,0,0,0,0,0,0,0,0,0,0,0,6633,1,51861,1,175671,1,26662,1,2415,1,6182,1,29648,1,237742,1,16321,1,233,1,9545,1,4467,1,16554,1,9545,1,0,1,1240,1,1,1,0,1,4503,1,5041,1,1,1,0,0,0,1,0,1,0,1,0,1,0,1,0,1,0,1,0,1,0,1,2,1,0,1,0,1,1,1,8,1,24,1,0,1,0,1,209,1,16321,1,0,1,0,1,0,0,0,0,0,0,0,0,0,0,0,1,0,1,0,1,0,1,0,1,0,0,0,0,0,1,0,0
259,14151800,4467,9545,28.988903,,0,11,8,96,41679,13016,2465,14110121,16,216,90,1,27503,1,60,1,256458,1,655903,1,114282,1,13045585,1,10240,1,257920,1,7244,4,518376,4,64425,4,4085731,4,8067601,8,11975808,96,175060,36,3457,1,25269,1,2545,1,0,0,0,0,0,0,0,0,0,0,0,0,0,0,6933,1,50268,1,172004,1,27012,1,2525,1,5491,1,29407,1,220368,1,16320,1,233,1,9545,1,4467,1,16553,1,9545,1,0,1,1240,1,1,1,0,1,4503,1,5041,1,1,1,0,0,0,1,0,1,0,1,0,1,0,1,0,1,0,1,0,1,0,1,2,1,0,1,0,1,1,1,8,1,24,1,0,1,0,1,209,1,16320,1,1,1,0,1,0,0,0,0,0,0,0,0,0,0,0,1,0,1,0,1,0,1,0,1,0,0,0,0,0,1,0,0
260,14296200,4468,9545,28.988903,,0,11,8,96,42400,10039,2606,14253800,16,216,140,1,26241,1,40,1,251568,1,655272,1,116216,1,13193362,1,10961,1,279863,1,19307,4,572531,4,66569,4,4111001,4,8076719,8,12003482,96,181632,36,4048,1,49616,1,3667,1,0,0,0,0,0,0,0,0,0,0,0,0,0,0,7064,1,49857,1,167736,1,26642,1,2384,1,5631,1,29277,1,242451,1,16316,1,240,1,9545,1,4468,1,16556,1,9545,1,0,1,1240,1,1,1,0,1,4504,1,5041,1,0,1,0,0,0,1,0,1,0,1,0,1,0,1,0,1,0,1,0,1,0,1,2,1,0,1,0,1,1,1,8,1,24,1,0,1,0,1,216,1,16316,1,0,1,0,1,0,0,0,0,0,0,0,0,0,0,0,1,0,1,0,1,0,1,0,1,0,0,0,0,0,1,0,0
261,14409400,4467,9545,28.988903,,0,11,8,96,40887,9749,2775,14368513,16,216,200,1,28004,1,261,1,277769,1,674319,1,115524,1,13261885,1,10550,1,397612,1,9458,4,526572,4,67371,4,4101131,4,8104844,8,12028521,96,174679,36,3667,1,38735,1,2745,1,0,0,0,0,0,0,0,0,0,0,0,0,0,0,7715,1,59836,1,174188,1,34196,1,2625,1,5631,1,30088,1,358817,1,16322,1,233,1,9545,1,4467,1,16555,1,9545,1,0,1,1240,1,1,1,0,1,4504,1,5041,1,0,1,0,0,0,1,0,1,0,1,0,1,0,1,0,1,0,1,0,1,0,1,2,1,0,1,0,1,1,1,8,1,24,1,0,1,0,1,209,1,16322,1,0,1,0,1,0,0,0,0,0,0,0,0,0,0,0,1,0,1,0,1,0,1,0,1,0,0,0,0,0,1,0,0
262,14382900,4467,9545,28.988903,,0,11,8,96,58973,12975,2506,14323927,16,216,40,1,26852,1,30,1,260345,1,674219,1,116306,1,13229762,1,16372,1,357775,1,7404,4,516984,4,64686,4,4107063,4,8130824,8,12060341,96,175039,36,2946,1,26461,1,2645,1,0,0,0,0,0,0,0,0,0,0,0,0,0,0,7014,1,53414,1,171603,1,27794,1,3076,1,5491,1,29888,1,318588,1,16323,1,233,1,9545,1,4467,1,16556,1,9545,1,0,1,1240,1,1,1,0,1,4504,1,5041,1,0,1,0,0,0,1,0,1,0,1,0,1,0,1,0,1,0,1,0,1,0,1,2,1,0,1,0,1,1,1,8,1,24,1,0,1,0,1,209,1,16323,1,1,1,0,1,0,0,0,0,0,0,0,0,0,0,0,1,0,1,0,1,0,1,0,1,0,0,0,0,0,1,0,0
263,14248400,4468,9545,28.988903,,0,11,8,96,60227,9348,2335,14188173,16,216,80,1,28295,1,50,1,255286,1,670662,1,114122,1,13103297,1,16382,1,262890,1,7374,4,517034,4,64405,4,4103366,4,8100245,8,12021777,96,179498,36,3306,1,27804,1,7525,1,0,0,0,0,0,0,0,0,0,0,0,0,0,0,6713,1,50688,1,170411,1,27173,1,2485,1,5471,1,29547,1,225267,1,16317,1,240,1,9545,1,4468,1,16557,1,9545,1,0,1,1240,1,1,1,0,1,4503,1,5041,1,1,1,0,0,0,1,0,1,0,1,0,1,0,1,0,1,0,1,0,1,0,1,2,1,0,1,0,1,1,1,8,1,24,1,0,1,0,1,216,1,16317,1,0,1,0,1,0,0,0,0,0,0,0,0,0,0,0,1,0,1,0,1,0,1,0,1,0,0,0,0,0,1,0,0
264,14348000,4467,9545,28.988903,,0,11,8,96,89390,9589,2655,14258610,16,216,110,1,27163,1,140,1,344569,1,657697,1,120273,1,13092636,1,16021,1,273020,1,7485,4,515851,4,64866,4,4097695,4,8097269,8,12015365,96,176943,36,2856,1,21412,1,2595,1,0,0,0,0,0,0,0,0,0,0,0,0,0,0,11031,1,67681,1,231189,1,33886,1,2485,1,5631,1,29628,1,235126,1,16325,1,233,1,9545,1,4467,1,16558,1,9545,1,0,1,1240,1,1,1,0,1,4503,1,5041,1,1,1,0,0,0,1,0,1,0,1,0,1,0,1,0,1,0,1,0,1,0,1,2,1,0,1,0,1,1,1,8,1,24,1,0,1,0,1,209,1,16325,1,0,1,0,1,0,0,0,0,0,0,0,0,0,0,0,1,0,1,0,1,0,1,0,1,0,0,0,0,0,1,0,0
265,14373100,4467,9545,28.988903,,0,11,8,96,90343,12424,2274,14282757,16,216,70,1,27343,1,120,1,330602,1,653188,1,126926,1,13128426,1,16081,1,303539,1,7354,4,515370,4,64545,4,4099117,4,8100926,8,12022609,96,175160,36,3306,1,19267,1,2575,1,0,0,0,0,0,0,0,0,0,0,0,0,0,0,9368,1,65898,1,220809,1,34096,1,6102,1,5190,1,29367,1,262760,1,16326,1,233,1,9545,1,4467,1,16559,1,9545,1,0,1,1240,1,1,1,0,1,4504,1,5041,1,0,1,0,0,0,1,0,1,0,1,0,1,0,1,0,1,0,1,0,1,0,1,2,1,0,1,0,1,1,1,8,1,24,1,0,1,0,1,209,1,16326,1,1,1,0,1,0,0,0,0,0,0,0,0,0,0,0,1,0,1,0,1,0,1,0,1,0,0,0,0,0,1,0,0
266,14353600,4468,9545,28.988903,,0,11,8,96,91323,11252,2375,14262277,16,216,70,1,26962,1,80,1,321795,1,673177,1,117799,1,13106243,1,16151,1,272739,1,7194,4,516543,4,64776,4,4100470,4,8108411,8,12025064,96,181442,36,2956,1,19328,1,2575,1,0,0,0,0,0,0,0,0,0,0,0,0,0,0,9188,1,66860,1,211491,1,33675,1,6212,1,5531,1,29507,1,231359,1,16320,1,240,1,9545,1,4468,1,16560,1,9545,1,0,1,1240,1,1,1,0,1,4504,1,5041,1,0,1,0,0,0,1,0,1,0,1,0,1,0,1,0,1,0,1,0,1,0,1,2,1,0,1,0,1,1,1,8,1,24,1,0,1,0,1,216,1,16320,1,0,1,0,1,0,0,0,0,0,0,0,0,0,0,0,1,0,1,0,1,0,1,0,1,0,0,0,0,0,1,0,0
267,14450900,4467,9545,28.988903,,0,11,8,96,92897,14699,2525,14358003,16,216,60,1,27223,1,90,1,326484,1,650613,1,140352,1,13196899,1,16282,1,269142,1,8587,4,527264,4,64896,4,4114567,4,8167345,8,12100310,96,179078,36,3086,1,24688,1,2625,1,0,0,0,0,0,0,0,0,0,0,0,0,0,0,9208,1,65617,1,211320,1,39667,1,2825,1,5411,1,29387,1,231429,1,16326,1,233,1,9545,1,4467,1,16559,1,9545,1,0,1,1240,1,1,1,0,1,4504,1,5041,1,0,1,0,0,0,1,0,1,0,1,0,1,0,1,0,1,0,1,0,1,0,1,2,1,0,1,0,1,1,1,8,1,24,1,0,1,0,1,209,1,16326,1,0,1,0,1,0,0,0,0,0,0,0,0,0,0,0,1,0,1,0,1,0,1,0,1,0,0,0,0,0,1,0,0
268,14371300,4467,9545,28.988903,,0,11,8,96,88283,14608,2305,14283017,16,216,50,1,27153,1,80,1,317376,1,653589,1,117288,1,13151521,1,15961,1,271848,1,7204,4,517154,4,77791,4,4113616,4,8121937,8,12057416,96,175831,36,2915,1,21812,1,2635,1,0,0,0,0,0,0,0,0,0,0,0,0,0,0,9228,1,65858,1,207603,1,34206,1,2625,1,5631,1,29768,1,233654,1,16326,1,233,1,9545,1,4467,1,16559,1,9545,1,0,1,1240,1,1,1,0,1,4504,1,5041,1,0,1,0,0,0,1,0,1,0,1,0,1,0,1,0,1,0,1,0,1,0,1,2,1,0,1,0,1,1,1,8,1,24,1,0,1,0,1,209,1,16326,1,1,1,1,1,0,0,0,0,0,0,0,0,0,0,0,1,0,1,0,1,0,1,0,1,0,0,0,0,0,1,0,0
269,14372300,4468,9545,28.988903,,0,11,8,96,89243,9438,2445,14283057,16,216,90,1,26932,1,120,1,309831,1,651194,1,140002,1,13139036,1,15851,1,266427,1,7304,4,516493,4,64485,4,4111762,4,8137116,8,12065211,96,181222,36,2936,1,20490,1,2585,1,0,0,0,0,0,0,0,0,0,0,0,0,0,0,8316,1,64956,1,203044,1,32934,1,5130,1,7845,1,29337,1,223784,1,16320,1,240,1,9545,1,4468,1,16560,1,9545,1,0,1,1240,1,1,1,0,1,4504,1,5041,1,0,1,0,0,0,1,0,1,0,1,0,1,0,1,0,1,0,1,0,1,0,1,2,1,0,1,0,1,1,1,8,1,24,1,0,1,0,1,216,1,16320,1,0,1,0,1,0,0,0,0,0,0,0,0,0,0,0,1,0,1,0,1,0,1,0,1,0,0,0,0,0,1,0,0
270,14510600,4467,9545,28.988903,,0,11,8,96,99715,9949,3488,14410885,16,216,50,1,27243,1,160,1,263792,1,774113,1,121766,1,13207660,1,16101,1,262329,1,7444,4,525620,4,69926,4,4151269,4,8141054,8,12113114,96,175721,36,3527,1,32954,1,3587,1,0,0,0,0,0,0,0,0,0,0,0,0,0,0,6402,1,52221,1,177495,1,27123,1,8296,1,5561,1,29537,1,218745,1,16326,1,233,1,9545,1,4467,1,16559,1,9545,1,0,1,1240,1,1,1,0,1,4504,1,5041,1,0,1,0,0,0,1,0,1,0,1,0,1,0,1,0,1,0,1,0,1,0,1,2,1,0,1,0,1,1,1,8,1,24,1,0,1,0,1,209,1,16326,1,0,1,0,1,0,0,0,0,0,0,0,0,0,0,0,1,0,1,0,1,0,1,0,1,0,0,0,0,0,1,0,0
271,14484100,4467,9545,28.988903,,0,11,8,96,79948,19928,2525,14404152,16,216,130,1,26081,1,100,1,324560,1,669840,1,161173,1,13206517,1,15751,1,332987,1,12174,4,518166,4,64545,4,4114998,4,8113450,8,12050373,96,175551,36,3076,1,24608,1,2585,1,0,0,0,0,0,0,0,0,0,0,0,0,0,0,11502,1,64615,1,214577,1,32924,1,10290,1,6813,1,36621,1,278962,1,16326,1,233,1,9545,1,4467,1,16559,1,9545,1,0,1,1240,1,1,1,0,1,4503,1,5041,1,1,1,0,0,0,1,0,1,0,1,0,1,0,1,0,1,0,1,0,1,0,1,2,1,0,1,0,1,1,1,8,1,24,1,0,1,0,1,209,1,16326,1,1,1,1,1,0,0,0,0,0,0,0,0,0,0,0,1,0,1,0,1,0,1,0,1,0,0,0,0,0,1,0,0
272,14363300,4467,9545,28.988903,,0,11,8,96,87908,19298,2445,14275392,16,216,70,1,26772,1,50,1,328768,1,653248,1,118290,1,13132554,1,15640,1,259113,1,7144,4,515721,4,64786,4,4115399,4,8124612,8,12061825,96,175741,36,2945,1,20951,1,2585,1,0,0,0,0,0,0,0,0,0,0,0,0,0,0,9418,1,66900,1,218755,1,33094,1,2585,1,5531,1,29247,1,221600,1,16326,1,233,1,9545,1,4467,1,16559,1,9545,1,0,1,1240,1,1,1,0,1,4504,1,5041,1,0,1,0,0,0,1,0,1,0,1,0,1,0,1,0,1,0,1,0,1,0,1,2,1,0,1,0,1,1,1,8,1,24,1,0,1,0,1,209,1,16326,1,1,1,1,1,0,0,0,0,0,0,0,0,0,0,0,1,0,1,0,1,0,1,0,1,0,0,0,0,0,1,0,0
273,14366300,4467,9545,28.988903,,0,11,8,96,87651,18857,2235,14278649,16,216,50,1,27253,1,110,1,317667,1,663658,1,152506,1,13101664,1,15741,1,258361,1,7134,4,515861,4,64776,4,4104218,4,8107439,8,12034221,96,175200,36,2896,1,19538,1,2585,1,0,0,0,0,0,0,0,0,0,0,0,0,0,0,9078,1,65958,1,208445,1,33746,1,2605,1,5411,1,29357,1,220849,1,16326,1,233,1,9545,1,4467,1,16559,1,9545,1,0,1,1240,1,1,1,0,1,4503,1,5041,1,1,1,0,0,0,1,0,1,0,1,0,1,0,1,0,1,0,1,0,1,0,1,2,1,0,1,0,1,1,1,8,1,24,1,0,1,0,1,209,1,16326,1,1,1,1,1,0,0,0,0,0,0,0,0,0,0,0,1,0,1,0,1,0,1,0,1,0,0,0,0,0,1,0,0
274,14371600,4468,9545,28.988905,,0,11,8,96,73073,10550,2635,14298527,16,216,70,1,27012,1,100,1,380168,1,773802,1,118159,1,12989155,1,10060,1,281847,1,7184,4,519088,4,64716,4,4058649,4,8019588,8,11898588,96,177014,36,3046,1,21892,1,2595,1,0,0,0,0,0,0,0,0,0,0,0,0,0,0,11693,1,62742,1,271277,1,33245,1,2545,1,5581,1,29557,1,243944,1,16320,1,240,1,9545,1,4468,1,16560,1,9545,1,0,1,1240,1,1,1,0,1,4502,1,5041,1,2,1,0,0,0,1,0,1,0,1,0,1,0,1,0,1,0,1,0,1,0,1,2,1,0,1,0,1,1,1,8,1,24,1,0,1,0,1,216,1,16320,1,0,1,0,1,0,0,0,0,0,0,0,0,0,0,0,1,0,1,0,1,0,1,0,1,0,0,0,0,0,1,0,0
275,14139700,4467,9545,28.988905,,0,11,8,96,46091,9258,2275,14093609,16,216,160,1,25600,1,70,1,272429,1,663107,1,115835,1,13006379,1,10029,1,269383,1,7234,4,519128,4,64656,4,4085281,4,8021903,8,11931602,96,173306,36,3056,1,23886,1,2595,1,0,0,0,0,0,0,0,0,0,0,0,0,0,0,7194,1,52913,1,185109,1,26662,1,2415,1,5551,1,29267,1,231920,1,16327,1,233,1,9545,1,4467,1,16560,1,9545,1,0,1,1240,1,1,1,0,1,4501,1,5042,1,2,1,0,0,0,1,0,1,0,1,0,1,0,1,0,1,0,1,0,1,0,1,2,1,0,1,0,1,1,1,8,1,24,1,0,1,0,1,209,1,16327,1,0,1,0,1,0,0,0,0,0,0,0,0,0,0,0,1,0,1,0,1,0,1,0,1,0,0,0,0,0,1,0,0
276,14132300,4468,9545,28.988905,,0,11,8,96,46496,9368,2515,14085804,16,216,160,1,25319,1,40,1,273952,1,657797,1,113811,1,13004756,1,9969,1,271627,1,7314,4,517835,4,64776,4,4068739,4,8037082,8,11924469,96,178837,36,2976,1,22454,1,2585,1,0,0,0,0,0,0,0,0,0,0,0,0,0,0,7454,1,52963,1,185550,1,27423,1,2425,1,5390,1,29207,1,234395,1,16320,1,240,1,9545,1,4468,1,16560,1,9545,1,0,1,1240,1,1,1,0,1,4502,1,5042,1,1,1,0,0,0,1,0,1,0,1,0,1,0,1,0,1,0,1,0,1,0,1,2,1,0,1,0,1,1,1,8,1,24,1,0,1,0,1,216,1,16320,1,0,1,0,1,0,0,0,0,0,0,0,0,0,0,0,1,0,1,0,1,0,1,0,1,0,0,0,0,0,1,0,0
277,14164600,4467,9545,28.988905,,0,11,8,96,51783,9238,2846,14112817,16,216,150,1,25479,1,50,1,272309,1,654240,1,114623,1,13035786,1,10180,1,271477,1,7835,4,518697,4,64585,4,4105790,4,8027213,8,11955950,96,174208,36,2946,1,25379,1,2625,1,0,0,0,0,0,0,0,0,0,0,0,0,0,0,6943,1,52552,1,185630,1,26612,1,2415,1,5501,1,29227,1,234145,1,16327,1,233,1,9545,1,4467,1,16560,1,9545,1,0,1,1240,1,1,1,0,1,4503,1,5042,1,0,1,0,0,0,1,0,1,0,1,0,1,0,1,0,1,0,1,0,1,0,1,2,1,0,1,0,1,1,1,8,1,24,1,0,1,0,1,209,1,16327,1,0,1,0,1,0,0,0,0,0,0,0,0,0,0,0,1,0,1,0,1,0,1,0,1,0,0,0,0,0,1,0,0
278,14348700,4467,9545,28.988905,,0,11,8,96,130619,28275,2626,14218081,16,216,180,1,30329,1,90,1,320382,1,760997,1,139451,1,12956502,1,10150,1,268952,1,7324,4,514048,4,63644,4,4043520,4,8000491,8,11868800,96,172585,36,2956,1,24688,1,2605,1,0,0,0,0,0,0,0,0,0,0,0,0,0,0,8266,1,62271,1,215999,1,33265,1,4759,1,5260,1,29838,1,228854,1,16326,1,233,1,9545,1,4467,1,16559,1,9545,1,0,1,1240,1,1,1,0,1,4502,1,5042,1,1,1,0,0,0,1,0,1,0,1,0,1,0,1,0,1,0,1,0,1,0,1,2,1,0,1,0,1,1,1,8,1,24,1,0,1,0,1,209,1,16326,1,1,1,0,1,0,0,0,0,0,0,0,0,0,0,0,1,0,1,0,1,0,1,0,1,0,0,0,0,0,1,0,0
279,14520500,4467,9545,28.988905,,0,11,8,96,52454,14358,2255,14468046,16,216,170,1,35479,1,50,1,340561,1,824481,1,143158,1,13114158,1,9989,1,305934,1,7214,4,523496,4,66469,4,4084870,4,8084715,8,11992370,96,174959,36,3026,1,21432,1,2645,1,0,0,0,0,0,0,0,0,0,0,0,0,0,0,8186,1,66138,1,231900,1,33645,1,4869,1,6984,1,36922,1,256959,1,16327,1,233,1,9545,1,4467,1,16560,1,9545,1,0,1,1240,1,1,1,0,1,4503,1,5042,1,0,1,0,0,0,1,0,1,0,1,0,1,0,1,0,1,0,1,0,1,0,1,2,1,0,1,0,1,1,1,8,1,24,1,0,1,0,1,209,1,16327,1,1,1,0,1,0,0,0,0,0,0,0,0,0,0,0,1,0,1,0,1,0,1,0,1,0,0,0,0,0,1,0,0
280,14321400,4468,9545,28.988905,,0,11,8,96,71718,9458,2415,14249682,16,216,150,1,25560,1,90,1,287198,1,647327,1,114172,1,13165017,1,10170,1,269333,1,7785,4,520831,4,65247,4,4102123,4,8161123,8,12080882,96,179949,36,3026,1,23526,1,2565,1,0,0,0,0,0,0,0,0,0,0,0,0,0,0,15169,1,55438,1,188556,1,27103,1,2365,1,5561,1,29227,1,231970,1,16324,1,240,1,9545,1,4468,1,16564,1,9545,1,0,1,1240,1,1,1,0,1,4502,1,5042,1,1,1,0,0,0,1,0,1,0,1,0,1,0,1,0,1,0,1,0,1,0,1,2,1,0,1,0,1,1,1,8,1,24,1,0,1,0,1,216,1,16324,1,0,1,0,1,0,0,0,0,0,0,0,0,0,0,0,1,0,1,0,1,0,1,0,1,0,0,0,0,0,1,0,0
281,14266800,4467,9545,28.988905,,0,11,8,96,46024,9488,2275,14220776,16,216,150,1,25079,1,50,1,273281,1,656434,1,115224,1,13140319,1,10240,1,289923,1,7274,4,525901,4,65177,4,4108806,4,8106096,8,12035754,96,176873,36,3036,1,22013,1,2605,1,0,0,0,0,0,0,0,0,0,0,0,0,0,0,6683,1,53013,1,185751,1,27273,1,2515,1,5531,1,29387,1,252310,1,16330,1,233,1,9545,1,4467,1,16563,1,9545,1,0,1,1240,1,1,1,0,1,4503,1,5042,1,0,1,0,0,0,1,0,1,0,1,0,1,0,1,0,1,0,1,0,1,0,1,2,1,0,1,0,1,1,1,8,1,24,1,0,1,0,1,209,1,16330,1,0,1,0,1,0,0,0,0,0,0,0,0,0,0,0,1,0,1,0,1,0,1,0,1,0,0,0,0,0,1,0,0
282,14817600,4467,9545,28.988905,,0,11,8,96,588427,30629,2566,14229173,16,216,150,1,25249,1,60,1,271617,1,655432,1,132357,1,13129348,1,14959,1,310523,1,7444,4,541962,4,63082,4,4156779,4,7988007,8,11968915,96,173306,36,2956,1,24367,1,3597,1,0,0,0,0,0,0,0,0,0,0,0,0,0,0,6342,1,52141,1,185951,1,26602,1,3256,1,6683,1,36561,1,263792,1,16330,1,233,1,9545,1,4467,1,16563,1,9545,1,0,1,1240,1,1,1,0,1,4503,1,5042,1,0,1,0,0,0,1,0,1,0,1,0,1,0,1,0,1,0,1,0,1,0,1,2,1,0,1,0,1,1,1,8,1,24,1,0,1,0,1,209,1,16330,1,1,1,1,1,0,0,0,0,0,0,0,0,0,0,0,1,0,1,0,1,0,1,0,1,0,0,0,0,0,1,0,0
283,14762100,4467,9545,28.988905,,0,11,8,96,151056,17514,3177,14611044,16,216,391,1,38845,1,110,1,341042,1,651986,1,147306,1,13414691,1,16672,1,324099,1,7875,4,565838,4,65627,4,4250772,4,8106076,8,12178090,96,175581,36,5360,1,64615,1,6913,1,0,0,0,0,0,0,0,0,0,0,0,0,0,0,8086,1,66088,1,232191,1,33976,1,3036,1,6723,1,36511,1,277609,1,16330,1,233,1,9545,1,4467,1,16563,1,9545,1,0,1,1240,1,1,1,0,1,4503,1,5042,1,0,1,0,0,0,1,0,1,0,1,0,1,0,1,0,1,0,1,0,1,0,1,2,1,0,1,0,1,1,1,8,1,24,1,0,1,0,1,209,1,16330,1,1,1,1,1,0,0,0,0,0,0,0,0,0,0,0,1,0,1,0,1,0,1,0,1,0,0,0,0,0,1,0,0
284,14999700,4468,9545,28.988905,,0,11,8,96,81740,13005,3096,14917960,16,216,311,1,40739,1,160,1,384136,1,893164,1,212493,1,13375335,1,11623,1,444643,1,12695,4,528255,4,68273,4,4118746,4,8132698,8,12068197,96,180150,36,3657,1,50338,1,3026,1,0,0,0,0,0,0,0,0,0,0,0,0,0,0,10380,1,83662,1,239695,1,48975,1,5691,1,16933,1,29648,1,392011,1,16324,1,240,1,9545,1,4468,1,16564,1,9545,1,0,1,1240,1,1,1,0,1,4503,1,5042,1,0,1,0,0,0,1,0,1,0,1,0,1,0,1,0,1,0,1,0,1,0,1,2,1,0,1,0,1,1,1,8,1,24,1,0,1,0,1,216,1,16324,1,0,1,0,1,0,0,0,0,0,0,0,0,0,0,0,1,0,1,0,1,0,1,0,1,0,0,0,0,0,1,0,0
285,14551600,4467,9545,28.988905,,0,11,8,96,57944,11462,2305,14493656,16,216,321,1,26842,1,120,1,282248,1,674429,1,117949,1,13380776,1,10971,1,423963,1,11001,4,521573,4,67571,4,4127242,4,8171784,8,12120599,96,176122,36,4218,1,39286,1,2675,1,0,0,0,0,0,0,0,0,0,0,0,0,0,0,7454,1,56850,1,187754,1,28495,1,3116,1,5771,1,29958,1,384797,1,16330,1,233,1,9545,1,4467,1,16563,1,9545,1,0,1,1240,1,1,1,0,1,4503,1,5042,1,0,1,0,0,0,1,0,1,0,1,0,1,0,1,0,1,0,1,0,1,0,1,2,1,0,1,0,1,1,1,8,1,24,1,0,1,0,1,209,1,16330,1,0,1,0,1,0,0,0,0,0,0,0,0,0,0,0,1,0,1,0,1,0,1,0,1,0,0,0,0,0,1,0,0
286,14503300,4467,9545,28.988905,,0,11,8,96,57206,14067,2526,14446094,16,216,240,1,26411,1,110,1,281126,1,676133,1,118901,1,13332452,1,10721,1,356662,1,8216,4,525650,4,68303,4,4159936,4,8152847,8,12133334,96,176923,36,3647,1,40459,1,2665,1,0,0,0,0,0,0,0,0,0,0,0,0,0,0,7394,1,56951,1,187614,1,28265,1,2836,1,5541,1,29658,1,318258,1,16331,1,233,1,9545,1,4467,1,16564,1,9545,1,0,1,1240,1,1,1,0,1,4502,1,5042,1,1,1,0,0,0,1,0,1,0,1,0,1,0,1,0,1,0,1,0,1,0,1,2,1,0,1,0,1,1,1,8,1,24,1,0,1,0,1,209,1,16331,1,1,1,0,1,0,0,0,0,0,0,0,0,0,0,0,1,0,1,0,1,0,1,0,1,0,0,0,0,0,1,0,0
287,14566900,4468,9545,28.988905,,0,11,8,96,58796,10941,2446,14508104,16,216,361,1,26572,1,160,1,278761,1,674209,1,117789,1,13399171,1,11082,1,381481,1,8887,4,580777,4,68092,4,4135077,4,8162065,8,12114447,96,180250,36,3357,1,45889,1,2605,1,0,0,0,0,0,0,0,0,0,0,0,0,0,0,7344,1,55969,1,186712,1,27674,1,2685,1,6182,1,30339,1,341914,1,16325,1,240,1,9545,1,4468,1,16565,1,9545,1,0,1,1240,1,1,1,0,1,4501,1,5042,1,2,1,0,0,0,1,0,1,0,1,0,1,0,1,0,1,0,1,0,1,0,1,2,1,0,1,0,1,1,1,8,1,24,1,0,1,0,1,216,1,16325,1,0,1,0,1,0,0,0,0,0,0,0,0,0,0,0,1,0,1,0,1,0,1,0,1,0,0,0,0,0,1,0,0
288,15021000,4467,9545,28.988905,,0,11,8,96,75762,12795,2726,14945238,16,216,391,1,26942,1,130,1,283711,1,715048,1,165361,1,13742543,1,11112,1,486514,1,10520,4,599394,4,67150,4,4162521,4,8340356,8,12320903,96,179248,36,3888,1,56069,1,3336,1,0,0,0,0,0,0,0,0,0,0,0,0,0,0,7645,1,57231,1,188556,1,28465,1,4208,1,7134,1,37463,1,437299,1,16330,1,233,1,9545,1,4467,1,16563,1,9545,1,0,1,1240,1,1,1,0,1,4503,1,5042,1,0,1,0,0,0,1,0,1,0,1,0,1,0,1,0,1,0,1,0,1,0,1,2,1,0,1,0,1,1,1,8,1,24,1,0,1,0,1,209,1,16330,1,0,1,0,1,0,0,0,0,0,0,0,0,0,0,0,1,0,1,0,1,0,1,0,1,0,0,0,0,0,1,0,0
289,14523500,4467,9545,28.988905,,0,11,8,96,41887,13196,3026,14481613,16,216,240,1,28165,1,130,1,279753,1,678417,1,120564,1,13363061,1,11282,1,377713,1,10060,4,524659,4,67752,4,4134115,4,8168838,8,12123906,96,176022,36,3898,1,56149,1,6683,1,0,0,0,0,0,0,0,0,0,0,0,0,0,0,7725,1,55037,1,187765,1,28105,1,2936,1,5431,1,29848,1,339178,1,16332,1,233,1,9545,1,4467,1,16565,1,9545,1,0,1,1240,1,1,1,0,1,4503,1,5042,1,0,1,0,0,0,1,0,1,0,1,0,1,0,1,0,1,0,1,0,1,0,1,2,1,0,1,0,1,1,1,8,1,24,1,0,1,0,1,209,1,16332,1,1,1,0,1,0,0,0,0,0,0,0,0,0,0,0,1,0,1,0,1,0,1,0,1,0,0,0,0,0,1,0,0
290,14671900,4468,9545,28.988905,,0,11,8,96,59544,10019,2576,14612356,16,216,110,1,28105,1,140,1,274142,1,680581,1,163036,1,13455170,1,11071,1,432109,1,9358,4,605846,4,65507,4,4127022,4,8158548,8,12102423,96,180571,36,3727,1,39777,1,3256,1,0,0,0,0,0,0,0,0,0,0,0,0,0,0,6923,1,55668,1,181502,1,29006,1,3847,1,7284,1,29628,1,391129,1,16326,1,240,1,9545,1,4468,1,16566,1,9545,1,0,1,1240,1,1,1,0,1,4503,1,5042,1,0,1,0,0,0,1,0,1,0,1,0,1,0,1,0,1,0,1,0,1,0,1,2,1,0,1,0,1,1,1,8,1,24,1,0,1,0,1,216,1,16326,1,0,1,0,1,0,0,0,0,0,0,0,0,0,0,0,1,0,1,0,1,0,1,0,1,0,0,0,0,0,1,0,0
291,14585700,4467,9545,28.988905,,0,11,8,96,41486,10380,2385,14544214,16,216,80,1,27543,1,150,1,271958,1,676914,1,140783,1,13415884,1,10901,1,399325,1,8306,4,564185,4,66880,4,4139215,4,8172735,8,12130949,96,178616,36,4849,1,46110,1,3898,1,0,0,0,0,0,0,0,0,0,0,0,0,0,0,6964,1,54846,1,175370,1,34036,1,3266,1,6432,1,30479,1,358937,1,16333,1,233,1,9545,1,4467,1,16566,1,9545,1,0,1,1240,1,1,1,0,1,4503,1,5042,1,0,1,0,0,0,1,0,1,0,1,0,1,0,1,0,1,0,1,0,1,0,1,2,1,0,1,0,1,1,1,8,1,24,1,0,1,0,1,209,1,16333,1,0,1,0,1,0,0,0,0,0,0,0,0,0,0,0,1,0,1,0,1,0,1,0,1,0,0,0,0,0,1,0,0
292,14484200,4467,9545,28.988905,,0,11,8,96,38317,14198,2655,14445883,16,216,60,1,28515,1,70,1,273902,1,673998,1,118280,1,13340107,1,10951,1,369056,1,8346,4,526121,4,67040,4,4135989,4,8169329,8,12125398,96,177264,36,4088,1,43144,1,2795,1,0,0,0,0,0,0,0,0,0,0,0,0,0,0,7144,1,59495,1,173166,1,33455,1,2745,1,5531,1,29477,1,331013,1,16333,1,233,1,9545,1,4467,1,16566,1,9545,1,0,1,1240,1,1,1,0,1,4503,1,5042,1,0,1,0,0,0,1,0,1,0,1,0,1,0,1,0,1,0,1,0,1,0,1,2,1,0,1,0,1,1,1,8,1,24,1,0,1,0,1,209,1,16333,1,1,1,1,1,0,0,0,0,0,0,0,0,0,0,0,1,0,1,0,1,0,1,0,1,0,0,0,0,0,1,0,0
293,14486300,4467,9545,28.988905,,0,11,8,96,41900,14348,2315,14444400,16,216,40,1,27574,1,40,1,260696,1,672275,1,116807,1,13356258,1,10711,1,356161,1,10410,4,526662,4,67271,4,4140638,4,8192744,8,12153844,96,177224,36,3797,1,41571,1,2655,1,0,0,0,0,0,0,0,0,0,0,0,0,0,0,6513,1,56941,1,168838,1,27874,1,2815,1,5431,1,30499,1,317196,1,16333,1,233,1,9545,1,4467,1,16566,1,9545,1,0,1,1240,1,1,1,0,1,4502,1,5042,1,1,1,0,0,0,1,0,1,0,1,0,1,0,1,0,1,0,1,0,1,0,1,2,1,0,1,0,1,1,1,8,1,24,1,0,1,0,1,209,1,16333,1,1,1,1,1,0,0,0,0,0,0,0,0,0,0,0,1,0,1,0,1,0,1,0,1,0,0,0,0,0,1,0,0
294,14508500,4468,9545,28.988905,,0,11,8,96,42528,9769,2626,14465972,16,216,301,1,27053,1,190,1,256057,1,673197,1,117678,1,13380565,1,10931,1,378605,1,9999,4,523616,4,67611,4,4168222,4,8172645,8,12156920,96,181322,36,3727,1,43795,1,2575,1,0,0,0,0,0,0,0,0,0,0,0,0,0,0,6613,1,53223,1,166984,1,28646,1,2645,1,5831,1,29888,1,339960,1,16328,1,240,1,9545,1,4468,1,16568,1,9545,1,0,1,1240,1,1,1,0,1,4503,1,5042,1,0,1,0,0,0,1,0,1,0,1,0,1,0,1,0,1,0,1,0,1,0,1,2,1,0,1,0,1,1,1,8,1,24,1,0,1,0,1,216,1,16328,1,0,1,0,1,0,0,0,0,0,0,0,0,0,0,0,1,0,1,0,1,0,1,0,1,0,0,0,0,0,1,0,0
295,14569200,4467,9545,28.988905,,0,11,8,96,44514,10210,2485,14524686,16,216,50,1,28235,1,90,1,258281,1,676183,1,117739,1,13433308,1,10801,1,377042,1,8867,4,588983,4,66219,4,4162150,4,8176683,8,12159244,96,177104,36,3086,1,37493,1,2575,1,0,0,0,0,0,0,0,0,0,0,0,0,0,0,6683,1,53173,1,169008,1,28806,1,2625,1,5731,1,29858,1,338677,1,16333,1,233,1,9545,1,4467,1,16566,1,9545,1,0,1,1240,1,1,1,0,1,4502,1,5042,1,1,1,0,0,0,1,0,1,0,1,0,1,0,1,0,1,0,1,0,1,0,1,2,1,0,1,0,1,1,1,8,1,24,1,0,1,0,1,209,1,16333,1,0,1,0,1,0,0,0,0,0,0,0,0,0,0,0,1,0,1,0,1,0,1,0,1,0,0,0,0,0,1,0,0
296,14604500,4467,9545,28.988905,,0,11,8,96,46489,15049,2305,14558011,16,216,20,1,26962,1,100,1,256358,1,678487,1,118099,1,13466963,1,11021,1,425436,1,8827,4,573674,4,67200,4,4144165,4,8184739,8,12148493,96,178106,36,3647,1,41561,1,2665,1,0,0,0,0,0,0,0,0,0,0,0,0,0,0,6372,1,53624,1,167124,1,28706,1,3016,1,21151,1,32273,1,368115,1,16335,1,233,1,9545,1,4467,1,16568,1,9545,1,0,1,1240,1,1,1,0,1,4503,1,5042,1,0,1,0,0,0,1,0,1,0,1,0,1,0,1,0,1,0,1,0,1,0,1,2,1,0,1,0,1,1,1,8,1,24,1,0,1,0,1,209,1,16335,1,1,1,0,1,0,0,0,0,0,0,0,0,0,0,0,1,0,1,0,1,0,1,0,1,0,0,0,0,0,1,0,0
297,14620800,4468,9545,28.988905,,0,11,8,96,74522,10771,3026,14546278,16,216,20,1,29197,1,130,1,257961,1,723765,1,119682,1,13404161,1,11362,1,407330,1,11031,4,522013,4,67451,4,4144345,4,8185180,8,12143263,96,183236,36,3627,1,47402,1,5010,1,0,0,0,0,0,0,0,0,0,0,0,0,0,0,6753,1,53494,1,167766,1,29257,1,3447,1,5871,1,29978,1,367734,1,16329,1,240,1,9545,1,4468,1,16569,1,9545,1,0,1,1240,1,1,1,0,1,4503,1,5042,1,0,1,0,0,0,1,0,1,0,1,0,1,0,1,0,1,0,1,0,1,0,1,2,1,0,1,0,1,1,1,8,1,24,1,0,1,0,1,216,1,16329,1,0,1,0,1,0,0,0,0,0,0,0,0,0,0,0,1,0,1,0,1,0,1,0,1,0,0,0,0,0,1,0,0
298,15062300,4467,9545,28.988905,,0,11,8,96,52978,11132,3107,15009322,16,216,291,1,32483,1,110,1,364558,1,818940,1,177364,1,13604074,1,11502,1,460093,1,9318,4,551270,4,72711,4,4183897,4,8256238,8,12256006,96,181021,36,4248,1,50458,1,4709,1,0,0,0,0,0,0,0,0,0,0,0,0,0,0,8657,1,72040,1,242250,1,39637,1,4288,1,7675,1,30058,1,417751,1,16334,1,233,1,9545,1,4467,1,16567,1,9545,1,0,1,1240,1,1,1,0,1,4502,1,5042,1,1,1,0,0,0,1,0,1,0,1,0,1,0,1,0,1,0,1,0,1,0,1,2,1,0,1,0,1,1,1,8,1,24,1,0,1,0,1,209,1,16334,1,0,1,0,1,0,0,0,0,0,0,0,0,0,0,0,1,0,1,0,1,0,1,0,1,0,0,0,0,0,1,0,0
299,15089400,4467,9545,28.988905,,0,11,8,96,60109,16953,3006,15029291,16,216,751,1,35759,1,130,1,330421,1,788631,1,192293,1,13670453,1,10851,1,446777,1,11232,4,664941,4,69435,4,4203610,4,8201686,8,12222572,96,179719,36,4088,1,48043,1,3687,1,0,0,0,0,0,0,0,0,0,0,0,0,0,0,9338,1,74434,1,203826,1,41681,1,5070,1,8236,1,29868,1,402942,1,16333,1,233,1,9545,1,4467,1,16566,1,9545,1,0,1,1240,1,1,1,0,1,4503,1,5042,1,0,1,0,0,0,1,0,1,0,1,0,1,0,1,0,1,0,1,0,1,0,1,2,1,0,1,0,1,1,1,8,1,24,1,0,1,0,1,209,1,16333,1,1,1,0,1,0,0,0,0,0,0,0,0,0,0,0,1,0,1,0,1,0,1,0,1,0,0,0,0,0,1,0,0
300,14542500,4467,9545,28.988905,,0,11,8,96,40848,14188,2445,14501652,16,216,100,1,28415,1,130,1,275314,1,682585,1,119262,1,13384042,1,11803,1,376311,1,11232,4,519929,4,65918,4,4143995,4,8201581,8,12166338,96,176793,36,3306,1,44867,1,2715,1,0,0,0,0,0,0,0,0,0,0,0,0,0,0,7264,1,56450,1,179819,1,30670,1,2655,1,5591,1,29828,1,337916,1,16333,1,233,1,9545,1,4467,1,16566,1,9545,1,0,1,1240,1,1,1,0,1,4503,1,5042,1,0,1,0,0,0,1,0,1,0,1,0,1,0,1,0,1,0,1,0,1,0,1,2,1,0,1,0,1,1,1,8,1,24,1,0,1,0,1,209,1,16333,1,1,1,1,1,0,0,0,0,0,0,0,0,0,0,0,1,0,1,0,1,0,1,0,1,0,0,0,0,0,1,0,0
301,14506700,4468,9545,28.988905,,0,11,8,96,40758,9969,2696,14465942,16,216,130,1,28095,1,130,1,265986,1,674459,1,119592,1,13366788,1,10761,1,362904,1,10561,4,518998,4,68894,4,4146920,4,8199517,8,12162530,96,181212,36,3737,1,41961,1,3326,1,0,0,0,0,0,0,0,0,0,0,0,0,0,0,6553,1,55307,1,175170,1,28485,1,2765,1,5871,1,29758,1,324179,1,16327,1,240,1,9545,1,4468,1,16567,1,9545,1,0,1,1240,1,1,1,0,1,4503,1,5042,1,0,1,0,0,0,1,0,1,0,1,0,1,0,1,0,1,0,1,0,1,0,1,2,1,0,1,0,1,1,1,8,1,24,1,0,1,0,1,216,1,16327,1,0,1,0,1,0,0,0,0,0,0,0,0,0,0,0,1,0,1,0,1,0,1,0,1,0,0,0,0,0,1,0,0
302,14588000,4467,9545,28.988905,,0,11,8,96,48615,10310,2656,14539385,16,216,60,1,27203,1,30,1,263792,1,676694,1,116556,1,13443808,1,11242,1,355901,1,12254,4,587821,4,67180,4,4161128,4,8187294,8,12168492,96,177274,36,5821,1,50999,1,5100,1,0,0,0,0,0,0,0,0,0,0,0,0,0,0,7074,1,54957,1,172936,1,28275,1,2715,1,6432,1,30018,1,316575,1,16333,1,233,1,9545,1,4467,1,16566,1,9545,1,0,1,1240,1,1,1,0,1,4503,1,5042,1,0,1,0,0,0,1,0,1,0,1,0,1,0,1,0,1,0,1,0,1,0,1,2,1,0,1,0,1,1,1,8,1,24,1,0,1,0,1,209,1,16333,1,0,1,0,1,0,0,0,0,0,0,0,0,0,0,0,1,0,1,0,1,0,1,0,1,0,0,0,0,0,1,0,0
303,14690000,4467,9545,28.988905,,0,11,8,96,38447,14097,2156,14651553,16,216,230,1,30870,1,271,1,292157,1,692314,1,118530,1,13506129,1,11051,1,472607,1,8416,4,558725,4,67170,4,4145087,4,8192354,8,12158322,96,176963,36,4679,1,40338,1,2655,1,0,0,0,0,0,0,0,0,0,0,0,0,0,0,8276,1,67040,1,175841,1,40248,1,2916,1,5591,1,30790,1,433111,1,16333,1,233,1,9545,1,4467,1,16566,1,9545,1,0,1,1240,1,1,1,0,1,4503,1,5042,1,0,1,0,0,0,1,0,1,0,1,0,1,0,1,0,1,0,1,0,1,0,1,2,1,0,1,0,1,1,1,8,1,24,1,0,1,0,1,209,1,16333,1,1,1,1,1,0,0,0,0,0,0,0,0,0,0,0,1,0,1,0,1,0,1,0,1,0,0,0,0,0,1,0,0
304,14680700,4467,9545,28.988905,,0,11,8,96,75342,15129,2645,14605358,16,216,90,1,27153,1,90,1,259374,1,747987,1,117939,1,13435041,1,17684,1,409495,1,8577,4,518446,4,66910,4,4158072,4,8197744,8,12174374,96,178797,36,3387,1,53213,1,4068,1,0,0,0,0,0,0,0,0,0,0,0,0,0,0,6713,1,56009,1,166734,1,29026,1,3998,1,5531,1,30599,1,368706,1,16333,1,233,1,9545,1,4467,1,16566,1,9545,1,0,1,1240,1,1,1,0,1,4503,1,5042,1,0,1,0,0,0,1,0,1,0,1,0,1,0,1,0,1,0,1,0,1,0,1,2,1,0,1,0,1,1,1,8,1,24,1,0,1,0,1,209,1,16333,1,1,1,1,1,0,0,0,0,0,0,0,0,0,0,0,1,0,1,0,1,0,1,0,1,0,0,0,0,0,1,0,0
305,15002700,4467,9545,28.988905,,0,11,8,96,43796,15380,2625,14958904,16,216,391,1,48985,1,160,1,360129,1,825613,1,142376,1,13570258,1,10991,1,389356,1,11242,4,545339,4,66890,4,4170646,4,8315297,8,12306906,96,176412,36,4008,1,47402,1,4699,1,0,0,0,0,0,0,0,0,0,0,0,0,0,0,8927,1,70878,1,240647,1,37994,1,3888,1,6292,1,30700,1,348086,1,16334,1,233,1,9545,1,4467,1,16567,1,9545,1,0,1,1240,1,1,1,0,1,4503,1,5042,1,0,1,0,0,0,1,0,1,0,1,0,1,0,1,0,1,0,1,0,1,0,1,2,1,0,1,0,1,1,1,8,1,24,1,0,1,0,1,209,1,16334,1,1,1,0,1,0,0,0,0,0,0,0,0,0,0,0,1,0,1,0,1,0,1,0,1,0,0,0,0,0,1,0,0
306,14602000,4467,9545,28.988905,,0,11,8,96,39921,14759,2346,14562079,16,216,301,1,28075,1,130,1,270916,1,681864,1,132257,1,13437355,1,11182,1,389817,1,8507,4,549527,4,65327,4,4172670,4,8190650,8,12183862,96,177113,36,4348,1,38635,1,3116,1,0,0,0,0,0,0,0,0,0,0,0,0,0,0,7084,1,54977,1,178757,1,28736,1,3246,1,5942,1,29768,1,350500,1,16334,1,233,1,9545,1,4467,1,16567,1,9545,1,0,1,1240,1,1,1,0,1,4503,1,5042,1,0,1,0,0,0,1,0,1,0,1,0,1,0,1,0,1,0,1,0,1,0,1,2,1,0,1,0,1,1,1,8,1,24,1,0,1,0,1,209,1,16334,1,1,1,1,1,0,0,0,0,0,0,0,0,0,0,0,1,0,1,0,1,0,1,0,1,0,0,0,0,0,1,0,0
307,14575500,4467,9545,28.988905,,0,11,8,96,42207,14869,2285,14533293,16,216,110,1,26902,1,150,1,268571,1,680651,1,132998,1,13412878,1,11031,1,364237,1,8066,4,533546,4,68964,4,4158493,4,8201722,8,12179513,96,178416,36,5701,1,51801,1,5481,1,0,0,0,0,0,0,0,0,0,0,0,0,0,0,6943,1,55287,1,176162,1,29477,1,3517,1,5942,1,29928,1,324450,1,16334,1,233,1,9545,1,4467,1,16567,1,9545,1,0,1,1240,1,1,1,0,1,4502,1,5042,1,1,1,0,0,0,1,0,1,0,1,0,1,0,1,0,1,0,1,0,1,0,1,2,1,0,1,0,1,1,1,8,1,24,1,0,1,0,1,209,1,16334,1,1,1,1,1,0,0,0,0,0,0,0,0,0,0,0,1,0,1,0,1,0,1,0,1,0,0,0,0,0,1,0,0
308,14567800,4468,9545,28.988905,,0,11,8,96,41130,9458,2415,14526670,16,216,130,1,28786,1,130,1,263602,1,679980,1,119111,1,13423859,1,11071,1,413322,1,9068,4,519719,4,65928,4,4153313,4,8204457,8,12172390,96,182965,36,3707,1,42252,1,2635,1,0,0,0,0,0,0,0,0,0,0,0,0,0,0,7154,1,54055,1,172635,1,28896,1,2635,1,6302,1,29778,1,374297,1,16328,1,240,1,9545,1,4468,1,16568,1,9545,1,0,1,1240,1,1,1,0,1,4502,1,5042,1,1,1,0,0,0,1,0,1,0,1,0,1,0,1,0,1,0,1,0,1,0,1,2,1,0,1,0,1,1,1,8,1,24,1,0,1,0,1,216,1,16328,1,0,1,0,1,0,0,0,0,0,0,0,0,0,0,0,1,0,1,0,1,0,1,0,1,0,0,0,0,0,1,0,0
309,14516500,4467,9545,28.988905,,0,11,8,96,40007,9869,2556,14476493,16,216,180,1,27533,1,100,1,258372,1,668217,1,116246,1,13394983,1,10861,1,374507,1,12093,4,521132,4,68934,4,4149726,4,8207683,8,12177139,96,177715,36,3807,1,44386,1,2846,1,0,0,0,0,0,0,0,0,0,0,0,0,0,0,6903,1,54105,1,168928,1,27944,1,2565,1,5701,1,30279,1,335371,1,16332,1,233,1,9545,1,4467,1,16565,1,9545,1,0,1,1240,1,1,1,0,1,4503,1,5042,1,0,1,0,0,0,1,0,1,0,1,0,1,0,1,0,1,0,1,0,1,0,1,2,1,0,1,0,1,1,1,8,1,24,1,0,1,0,1,209,1,16332,1,0,1,0,1,0,0,0,0,0,0,0,0,0,0,0,1,0,1,0,1,0,1,0,1,0,0,0,0,0,1,0,0
310,14570700,4467,9545,28.988905,,0,11,8,96,40873,14228,2295,14529827,16,216,210,1,28125,1,0,1,258021,1,672455,1,119963,1,13440251,1,10801,1,368175,1,8947,4,557572,4,66589,4,4172801,4,8201401,8,12194723,96,177184,36,3697,1,44306,1,2535,1,0,0,0,0,0,0,0,0,0,0,0,0,0,0,6793,1,53554,1,167716,1,29137,1,2785,1,5521,1,29788,1,329800,1,16332,1,233,1,9545,1,4467,1,16565,1,9545,1,0,1,1240,1,1,1,0,1,4503,1,5042,1,0,1,0,0,0,1,0,1,0,1,0,1,0,1,0,1,0,1,0,1,0,1,2,1,0,1,0,1,1,1,8,1,24,1,0,1,0,1,209,1,16332,1,1,1,1,1,0,0,0,0,0,0,0,0,0,0,0,1,0,1,0,1,0,1,0,1,0,0,0,0,0,1,0,0
311,14604300,4467,9545,28.988905,,0,11,8,96,40658,14408,2566,14563642,16,216,90,1,28024,1,30,1,255807,1,675271,1,119732,1,13473425,1,11262,1,377543,1,9038,4,587190,4,67411,4,4166959,4,8204106,8,12191126,96,177374,36,3677,1,40278,1,2815,1,0,0,0,0,0,0,0,0,0,0,0,0,0,0,6523,1,53063,1,166533,1,29177,1,3276,1,5551,1,30048,1,338397,1,16333,1,233,1,9545,1,4467,1,16566,1,9545,1,0,1,1240,1,1,1,0,1,4502,1,5042,1,1,1,0,0,0,1,0,1,0,1,0,1,0,1,0,1,0,1,0,1,0,1,2,1,0,1,0,1,1,1,8,1,24,1,0,1,0,1,209,1,16333,1,1,1,0,1,0,0,0,0,0,0,0,0,0,0,0,1,0,1,0,1,0,1,0,1,0,0,0,0,0,1,0,0
312,15130400,4468,9545,28.988905,,0,11,8,96,62154,12524,4029,15068246,16,216,190,1,27473,1,190,1,254083,1,697304,1,166744,1,13911130,1,11132,1,511112,1,10350,4,624783,4,67601,4,4223749,4,8383660,8,12422460,96,180921,36,4068,1,68653,1,4629,1,0,0,0,0,0,0,0,0,0,0,0,0,0,0,6974,1,52652,1,165111,1,28626,1,4138,1,7424,1,39867,1,459221,1,16326,1,240,1,9545,1,4468,1,16566,1,9545,1,0,1,1240,1,1,1,0,1,4501,1,5042,1,2,1,0,0,0,1,0,1,0,1,0,1,0,1,0,1,0,1,0,1,0,1,2,1,0,1,0,1,1,1,8,1,24,1,0,1,0,1,216,1,16326,1,0,1,0,1,0,0,0,0,0,0,0,0,0,0,0,1,0,1,0,1,0,1,0,1,0,0,0,0,0,1,0,0
313,14612200,4467,9545,28.988905,,0,11,8,96,38980,9689,2305,14573220,16,216,581,1,30098,1,220,1,266207,1,680902,1,122748,1,13461502,1,10961,1,420937,1,10039,4,519028,4,67411,4,4166999,4,8220749,8,12206466,96,178977,36,3677,1,38545,1,4429,1,0,0,0,0,0,0,0,0,0,0,0,0,0,0,7725,1,53444,1,174328,1,29577,1,3006,1,5661,1,30088,1,381871,1,16332,1,233,1,9545,1,4467,1,16565,1,9545,1,0,1,1240,1,1,1,0,1,4503,1,5042,1,0,1,0,0,0,1,0,1,0,1,0,1,0,1,0,1,0,1,0,1,0,1,2,1,0,1,0,1,1,1,8,1,24,1,0,1,0,1,209,1,16332,1,0,1,0,1,0,0,0,0,0,0,0,0,0,0,0,1,0,1,0,1,0,1,0,1,0,0,0,0,0,1,0,0
314,14544200,4467,9545,28.988905,,0,11,8,96,42548,13847,2796,14501652,16,216,250,1,26922,1,110,1,262019,1,682585,1,122227,1,13396095,1,11442,1,369557,1,7955,4,519769,4,66339,4,4164474,4,8197844,8,12180115,96,179408,36,5390,1,47212,1,3707,1,0,0,0,0,0,0,0,0,0,0,0,0,0,0,7024,1,53283,1,172244,1,28626,1,3186,1,5651,1,30118,1,330411,1,16332,1,233,1,9545,1,4467,1,16565,1,9545,1,0,1,1240,1,1,1,0,1,4502,1,5042,1,1,1,0,0,0,1,0,1,0,1,0,1,0,1,0,1,0,1,0,1,0,1,2,1,0,1,0,1,1,1,8,1,24,1,0,1,0,1,209,1,16332,1,1,1,1,1,0,0,0,0,0,0,0,0,0,0,0,1,0,1,0,1,0,1,0,1,0,0,0,0,0,1,0,0
315,14451100,4467,9545,28.988905,,0,11,8,96,40796,10611,2756,14410304,16,216,180,1,28696,1,120,1,280214,1,679499,1,117448,1,13292775,1,11372,1,364548,1,8456,4,549577,4,66469,4,4113455,4,8126486,8,12067546,96,169639,36,5611,1,43935,1,3627,1,0,0,0,0,0,0,0,0,0,0,0,0,0,0,8296,1,61630,1,172315,1,36160,1,2575,1,5581,1,29758,1,326434,1,16339,1,227,1,9545,1,4467,1,16566,1,9545,1,0,1,1240,1,1,1,0,1,4501,1,5042,1,2,1,0,0,0,1,0,1,0,1,0,1,0,1,0,1,0,1,0,1,0,1,2,1,0,1,0,1,1,1,8,1,24,1,0,1,0,1,203,1,16339,1,0,1,0,1,0,0,0,0,0,0,0,0,0,0,0,1,0,1,0,1,0,1,0,1,0,0,0,0,0,1,0,0
316,14402300,4467,9545,28.988905,,0,11,8,96,43265,13987,2345,14359035,16,216,210,1,28395,1,40,1,269824,1,683196,1,116436,1,13249601,1,11332,1,363385,1,9388,4,518937,4,65908,4,4106502,4,8120454,8,12055673,96,168938,36,3667,1,44767,1,2605,1,0,0,0,0,0,0,0,0,0,0,0,0,0,0,8697,1,61750,1,169529,1,28866,1,3567,1,5581,1,30289,1,323718,1,16340,1,227,1,9545,1,4467,1,16567,1,9545,1,0,1,1240,1,1,1,0,1,4503,1,5042,1,0,1,0,0,0,1,0,1,0,1,0,1,0,1,0,1,0,1,0,1,0,1,2,1,0,1,0,1,1,1,8,1,24,1,0,1,0,1,203,1,16340,1,1,1,0,1,0,0,0,0,0,0,0,0,0,0,0,1,0,1,0,1,0,1,0,1,0,0,0,0,0,1,0,0
317,14409900,4467,9545,28.988905,,0,11,8,96,40285,12544,2275,14369615,16,216,10,1,28095,1,110,1,260095,1,675762,1,119342,1,13274840,1,11362,1,368145,1,10500,4,520581,4,71890,4,4120449,4,8124873,8,12072496,96,170551,36,4148,1,39066,1,2645,1,0,0,0,0,0,0,0,0,0,0,0,0,0,0,7545,1,53885,1,169249,1,28766,1,2735,1,5451,1,29938,1,329860,1,16338,1,227,1,9545,1,4467,1,16565,1,9545,1,0,1,1240,1,1,1,0,1,4503,1,5042,1,0,1,0,0,0,1,0,1,0,1,0,1,0,1,0,1,0,1,0,1,0,1,2,1,0,1,0,1,1,1,8,1,24,1,0,1,0,1,203,1,16338,1,1,1,0,1,0,0,0,0,0,0,0,0,0,0,0,1,0,1,0,1,0,1,0,1,0,0,0,0,0,1,0,0
318,14423200,4467,9545,28.988905,,0,11,8,96,41802,11372,2355,14381398,16,216,150,1,27463,1,110,1,254664,1,676483,1,116606,1,13294428,1,11492,1,355690,1,11041,4,518697,4,68273,4,4131961,4,8145342,8,12104398,96,170551,36,3507,1,45679,1,2866,1,0,0,0,0,0,0,0,0,0,0,0,0,0,0,7164,1,53083,1,165792,1,28075,1,2755,1,5220,1,30459,1,317015,1,16339,1,227,1,9545,1,4467,1,16566,1,9545,1,0,1,1240,1,1,1,0,1,4502,1,5042,1,1,1,0,0,0,1,0,1,0,1,0,1,0,1,0,1,0,1,0,1,0,1,2,1,0,1,0,1,1,1,8,1,24,1,0,1,0,1,203,1,16339,1,1,1,0,1,0,0,0,0,0,0,0,0,0,0,0,1,0,1,0,1,0,1,0,1,0,0,0,0,0,1,0,0
319,14500400,4467,9545,28.988905,,0,11,8,96,43585,14078,2917,14456815,16,216,10,1,27774,1,100,1,259323,1,679369,1,116727,1,13361989,1,11522,1,375829,1,8877,4,551130,4,66349,4,4155317,4,8139701,8,12120999,96,171102,36,3557,1,44546,1,2605,1,0,0,0,0,0,0,0,0,0,0,0,0,0,0,7114,1,54776,1,166613,1,30098,1,2635,1,5571,1,30189,1,337225,1,16339,1,227,1,9545,1,4467,1,16566,1,9545,1,0,1,1240,1,1,1,0,1,4502,1,5042,1,1,1,0,0,0,1,0,1,0,1,0,1,0,1,0,1,0,1,0,1,0,1,2,1,0,1,0,1,1,1,8,1,24,1,0,1,0,1,203,1,16339,1,1,1,1,1,0,0,0,0,0,0,0,0,0,0,0,1,0,1,0,1,0,1,0,1,0,0,0,0,0,1,0,0
320,14338700,4468,9545,28.988905,,0,11,8,96,41375,11472,2315,14297325,16,216,50,1,28666,1,210,1,257169,1,675281,1,118079,1,13206618,1,11252,1,448070,1,11833,4,536512,4,66840,4,4096282,4,7985011,8,11905942,96,173036,36,3236,1,44737,1,2625,1,0,0,0,0,0,0,0,0,0,0,0,0,0,0,7635,1,53083,1,167625,1,28255,1,2735,1,5761,1,30319,1,409104,1,16336,1,231,1,9545,1,4468,1,16567,1,9545,1,0,1,1240,1,1,1,0,1,4501,1,5042,1,2,1,0,0,0,1,0,1,0,1,0,1,0,1,0,1,0,1,0,1,0,1,2,1,0,1,0,1,1,1,8,1,24,1,0,1,0,1,207,1,16336,1,0,1,0,1,0,0,0,0,0,0,0,0,0,0,0,1,0,1,0,1,0,1,0,1,0,0,0,0,0,1,0,0
321,14334800,4468,9545,28.98891,,0,11,8,96,80589,17424,2836,14254211,16,216,10,1,27764,1,190,1,257901,1,695360,1,153638,1,13101864,1,17484,1,468029,1,8927,4,567331,4,68212,4,4021958,4,7897271,8,11746623,96,169769,36,3397,1,45949,1,3367,1,0,0,0,0,0,0,0,0,0,0,0,0,0,0,7725,1,54366,1,166784,1,28395,1,4439,1,7084,1,37403,1,418442,1,16337,1,231,1,9545,1,4468,1,16568,1,9545,1,0,1,1240,1,1,1,0,1,4503,1,5042,1,0,1,0,0,0,1,0,1,0,1,0,1,0,1,0,1,0,1,0,1,0,1,2,1,0,1,0,1,1,1,8,1,24,1,0,1,0,1,207,1,16337,1,1,1,0,1,0,0,0,0,0,0,0,0,0,0,0,1,0,1,0,1,0,1,0,1,0,0,0,0,0,1,0,0
322,14523800,4468,9545,28.988914,,0,11,8,96,85602,14057,2846,14438198,16,216,852,1,43735,1,150,1,345881,1,693426,1,130834,1,13210966,1,12354,1,450154,1,11092,4,541161,4,71769,4,4053940,4,7996133,8,11877237,96,169990,36,3767,1,65257,1,3637,1,0,0,0,0,0,0,0,0,0,0,0,0,0,0,15931,1,76238,1,214196,1,37924,1,3427,1,6252,1,29968,1,409495,1,16335,1,231,1,9545,1,4468,1,16566,1,9545,1,0,1,1240,1,1,1,0,1,4499,1,5042,1,4,1,0,0,0,1,0,1,0,1,0,1,0,1,0,1,0,1,0,1,0,1,2,1,0,1,0,1,1,1,8,1,24,1,0,1,0,1,207,1,16335,1,1,1,0,1,0,0,0,0,0,0,0,0,0,0,0,1,0,1,0,1,0,1,0,1,0,0,0,0,0,1,0,0
323,15241600,4468,9545,28.988914,,0,11,8,96,192917,14729,3167,15048683,16,216,731,1,37393,1,291,1,459322,1,735197,1,165882,1,13638766,1,11102,1,444944,1,9198,4,565337,4,64976,4,4169384,4,8310974,8,12305498,96,171693,36,3627,1,49757,1,5841,1,0,0,0,0,0,0,0,0,0,0,0,0,0,0,19207,1,72230,1,315663,1,49967,1,4058,1,6753,1,30289,1,403333,1,16334,1,231,1,9545,1,4468,1,16565,1,9545,1,0,1,1240,1,1,1,0,1,4503,1,5042,1,0,1,0,0,0,1,0,1,0,1,0,1,0,1,0,1,0,1,0,1,0,1,2,1,0,1,0,1,1,1,8,1,24,1,0,1,0,1,207,1,16334,1,1,1,0,1,0,0,0,0,0,0,0,0,0,0,0,1,0,1,0,1,0,1,0,1,0,0,0,0,0,1,0,0
324,14568900,4467,9545,28.988914,,0,11,8,96,44244,10701,2515,14524656,16,216,441,1,31351,1,130,1,327596,1,897482,1,148338,1,13108788,1,10530,1,383073,1,9719,4,524558,4,66599,4,4070602,4,7987576,8,11887587,96,168076,36,4849,1,46711,1,4399,1,0,0,0,0,0,0,0,0,0,0,0,0,0,0,9919,1,65297,1,199618,1,51650,1,2996,1,5751,1,29808,1,344148,1,16337,1,227,1,9545,1,4467,1,16564,1,9545,1,0,1,1240,1,1,1,0,1,4502,1,5042,1,1,1,0,0,0,1,0,1,0,1,0,1,0,1,0,1,0,1,0,1,0,1,2,1,0,1,0,1,1,1,8,1,24,1,0,1,0,1,203,1,16337,1,0,1,0,1,0,0,0,0,0,0,0,0,0,0,0,1,0,1,0,1,0,1,0,1,0,0,0,0,0,1,0,0
325,14452600,4467,9545,28.988914,,0,11,8,96,54660,13497,3598,14397940,16,216,261,1,26562,1,190,1,293400,1,682274,1,116666,1,13267546,1,11041,1,389426,1,21081,4,527684,4,67581,4,4083567,4,8110966,8,12018220,96,172715,36,5501,1,44486,1,3757,1,0,0,0,0,0,0,0,0,0,0,0,0,0,0,8356,1,61329,1,188716,1,33936,1,2846,1,5461,1,30048,1,350130,1,16338,1,227,1,9545,1,4467,1,16565,1,9545,1,0,1,1240,1,1,1,0,1,4503,1,5042,1,0,1,0,0,0,1,0,1,0,1,0,1,0,1,0,1,0,1,0,1,0,1,2,1,0,1,0,1,1,1,8,1,24,1,0,1,0,1,203,1,16338,1,1,1,0,1,0,0,0,0,0,0,0,0,0,0,0,1,0,1,0,1,0,1,0,1,0,0,0,0,0,1,0,0
326,14479800,4467,9545,28.988914,,0,11,8,96,54517,13095,2415,14425283,16,216,381,1,28044,1,190,1,291446,1,681573,1,119382,1,13293256,1,11011,1,383504,1,10621,4,525751,4,66860,4,4112483,4,8136986,8,12076864,96,170190,36,3236,1,38114,1,2605,1,0,0,0,0,0,0,0,0,0,0,0,0,0,0,9579,1,63533,1,187925,1,29137,1,2876,1,5390,1,30169,1,344709,1,16340,1,227,1,9545,1,4467,1,16567,1,9545,1,0,1,1240,1,1,1,0,1,4501,1,5042,1,2,1,0,0,0,1,0,1,0,1,0,1,0,1,0,1,0,1,0,1,0,1,2,1,0,1,0,1,1,1,8,1,24,1,0,1,0,1,203,1,16340,1,1,1,0,1,0,0,0,0,0,0,0,0,0,0,0,1,0,1,0,1,0,1,0,1,0,0,0,0,0,1,0,0
327,14475800,4467,9545,28.988914,,0,11,8,96,57881,14919,2836,14417919,16,216,261,1,26992,1,220,1,282088,1,673858,1,118791,1,13304407,1,11302,1,359007,1,10991,4,524779,4,68423,4,4138915,4,8133910,8,12100550,96,169439,36,4288,1,46470,1,2705,1,0,0,0,0,0,0,0,0,0,0,0,0,0,0,8446,1,56069,1,188326,1,28195,1,3437,1,5531,1,30359,1,319320,1,16341,1,227,1,9545,1,4467,1,16568,1,9545,1,0,1,1240,1,1,1,0,1,4503,1,5042,1,0,1,0,0,0,1,0,1,0,1,0,1,0,1,0,1,0,1,0,1,0,1,2,1,0,1,0,1,1,1,8,1,24,1,0,1,0,1,203,1,16341,1,1,1,0,1,0,0,0,0,0,0,0,0,0,0,0,1,0,1,0,1,0,1,0,1,0,0,0,0,0,1,0,0
328,14493700,4467,9545,28.988914,,0,11,8,96,58067,15260,2345,14435633,16,216,451,1,27313,1,190,1,280134,1,679699,1,116446,1,13320018,1,11382,1,377833,1,8176,4,560919,4,66750,4,4139646,4,8106146,8,12074019,96,169429,36,3176,1,39457,1,2655,1,0,0,0,0,0,0,0,0,0,0,0,0,0,0,7735,1,55508,1,187183,1,28235,1,2805,1,5791,1,29988,1,338878,1,16341,1,227,1,9545,1,4467,1,16568,1,9545,1,0,1,1240,1,1,1,0,1,4503,1,5042,1,0,1,0,0,0,1,0,1,0,1,0,1,0,1,0,1,0,1,0,1,0,1,2,1,0,1,0,1,1,1,8,1,24,1,0,1,0,1,203,1,16341,1,1,1,1,1,0,0,0,0,0,0,0,0,0,0,0,1,0,1,0,1,0,1,0,1,0,0,0,0,0,1,0,0
329,14684200,4467,9545,28.988914,,0,11,8,96,57085,27333,2495,14627115,16,216,190,1,27353,1,110,1,272930,1,673978,1,118400,1,13523092,1,11061,1,541601,1,8957,4,575848,4,69635,4,4194142,4,8054406,8,12077786,96,168267,36,4559,1,43855,1,2755,1,0,0,0,0,0,0,0,0,0,0,0,0,0,0,7404,1,54386,1,182344,1,28165,1,7835,1,12735,1,37122,1,483388,1,16341,1,227,1,9545,1,4467,1,16568,1,9545,1,0,1,1240,1,1,1,0,1,4503,1,5042,1,0,1,0,0,0,1,0,1,0,1,0,1,0,1,0,1,0,1,0,1,0,1,2,1,0,1,0,1,1,1,8,1,24,1,0,1,0,1,203,1,16341,1,1,1,1,1,0,0,0,0,0,0,0,0,0,0,0,1,0,1,0,1,0,1,0,1,0,0,0,0,0,1,0,0
330,14563700,4467,9545,28.988914,,0,11,8,96,90444,14148,2565,14473256,16,216,421,1,37743,1,110,1,366161,1,691122,1,122327,1,13238680,1,16692,1,403864,1,8827,4,516513,4,66679,4,4097164,4,8083192,8,12009474,96,168317,36,3367,1,41531,1,3397,1,0,0,0,0,0,0,0,0,0,0,0,0,0,0,8957,1,69816,1,248262,1,37813,1,3196,1,5501,1,29848,1,365129,1,16341,1,227,1,9545,1,4467,1,16568,1,9545,1,0,1,1240,1,1,1,0,1,4503,1,5042,1,0,1,0,0,0,1,0,1,0,1,0,1,0,1,0,1,0,1,0,1,0,1,2,1,0,1,0,1,1,1,8,1,24,1,0,1,0,1,203,1,16341,1,1,1,1,1,0,0,0,0,0,0,0,0,0,0,0,1,0,1,0,1,0,1,0,1,0,0,0,0,0,1,0,0
331,14738300,4467,9545,28.988914,,0,11,8,96,45207,16051,3086,14693093,16,216,331,1,34427,1,281,1,334028,1,800133,1,159139,1,13353433,1,11322,1,394806,1,11482,4,569926,4,68122,4,4105119,4,8123460,8,12052006,96,173487,36,3557,1,55648,1,5260,1,0,0,0,0,0,0,0,0,0,0,0,0,0,0,9859,1,71038,1,213304,1,38845,1,4018,1,7024,1,29798,1,353606,1,16341,1,227,1,9545,1,4467,1,16568,1,9545,1,0,1,1240,1,1,1,0,1,4502,1,5042,1,1,1,0,0,0,1,0,1,0,1,0,1,0,1,0,1,0,1,0,1,0,1,2,1,0,1,0,1,1,1,8,1,24,1,0,1,0,1,203,1,16341,1,1,1,1,1,0,0,0,0,0,0,0,0,0,0,0,1,0,1,0,1,0,1,0,1,0,0,0,0,0,1,0,0
332,14474800,4467,9545,28.988914,,0,11,8,96,41331,14979,2255,14433469,16,216,100,1,27413,1,130,1,266748,1,683246,1,120063,1,13324386,1,11382,1,378094,1,8456,4,548956,4,68593,4,4129036,4,8119262,8,12075933,96,170110,36,3447,1,49656,1,3908,1,0,0,0,0,0,0,0,0,0,0,0,0,0,0,7074,1,54335,1,175871,1,28856,1,3988,1,6202,1,30128,1,337585,1,16341,1,227,1,9545,1,4467,1,16568,1,9545,1,0,1,1240,1,1,1,0,1,4503,1,5042,1,0,1,0,0,0,1,0,1,0,1,0,1,0,1,0,1,0,1,0,1,0,1,2,1,0,1,0,1,1,1,8,1,24,1,0,1,0,1,203,1,16341,1,1,1,1,1,0,0,0,0,0,0,0,0,0,0,0,1,0,1,0,1,0,1,0,1,0,0,0,0,0,1,0,0
333,14547500,4467,9545,28.988914,,0,11,8,96,39376,14628,3216,14508124,16,216,220,1,28085,1,30,1,264363,1,678156,1,150432,1,13375896,1,10941,1,397712,1,8547,4,569926,4,65647,4,4147712,4,8119151,8,12092535,96,171112,36,3847,1,45128,1,3597,1,0,0,0,0,0,0,0,0,0,0,0,0,0,0,7144,1,54586,1,172936,1,28916,1,3667,1,6573,1,29908,1,357414,1,16341,1,227,1,9545,1,4467,1,16568,1,9545,1,0,1,1240,1,1,1,0,1,4503,1,5042,1,0,1,0,0,0,1,0,1,0,1,0,1,0,1,0,1,0,1,0,1,0,1,2,1,0,1,0,1,1,1,8,1,24,1,0,1,0,1,203,1,16341,1,1,1,1,1,0,0,0,0,0,0,0,0,0,0,0,1,0,1,0,1,0,1,0,1,0,0,0,0,0,1,0,0
334,14458500,4467,9545,28.988914,,0,11,8,96,42495,13216,2455,14416005,16,216,10,1,28075,1,40,1,269764,1,676924,1,127487,1,13300941,1,12765,1,354839,1,9168,4,530640,4,67471,4,4127984,4,8145032,8,12098907,96,171653,36,5050,1,44276,1,3266,1,0,0,0,0,0,0,0,0,0,0,0,0,0,0,7645,1,57842,1,171373,1,32453,1,2815,1,5491,1,29638,1,316715,1,16340,1,227,1,9545,1,4467,1,16567,1,9545,1,0,1,1240,1,1,1,0,1,4503,1,5042,1,0,1,0,0,0,1,0,1,0,1,0,1,0,1,0,1,0,1,0,1,0,1,2,1,0,1,0,1,1,1,8,1,24,1,0,1,0,1,203,1,16340,1,1,1,0,1,0,0,0,0,0,0,0,0,0,0,0,1,0,1,0,1,0,1,0,1,0,0,0,0,0,1,0,0
335,14436100,4467,9545,28.988914,,0,11,8,96,41396,13757,3407,14394704,16,216,170,1,27774,1,100,1,264964,1,678116,1,117107,1,13295801,1,10671,1,368215,1,16392,4,518497,4,66008,4,4128705,4,8138399,8,12091593,96,172104,36,3567,1,38865,1,3397,1,0,0,0,0,0,0,0,0,0,0,0,0,0,0,7244,1,56710,1,168116,1,32233,1,2625,1,5571,1,30098,1,329760,1,16340,1,227,1,9545,1,4467,1,16567,1,9545,1,0,1,1240,1,1,1,0,1,4502,1,5042,1,1,1,0,0,0,1,0,1,0,1,0,1,0,1,0,1,0,1,0,1,0,1,2,1,0,1,0,1,1,1,8,1,24,1,0,1,0,1,203,1,16340,1,1,1,1,1,0,0,0,0,0,0,0,0,0,0,0,1,0,1,0,1,0,1,0,1,0,0,0,0,0,1,0,0
336,14455700,4467,9545,28.988914,,0,11,8,96,42240,15680,2275,14413460,16,216,50,1,27103,1,110,1,256909,1,678708,1,116596,1,13322683,1,11302,1,360440,1,11783,4,521302,4,69274,4,4132122,4,8162686,8,12121080,96,171453,36,4809,1,41871,1,2715,1,0,0,0,0,0,0,0,0,0,0,0,0,0,0,6813,1,53704,1,165341,1,29918,1,3316,1,5551,1,30078,1,321264,1,16340,1,227,1,9545,1,4467,1,16567,1,9545,1,0,1,1240,1,1,1,0,1,4502,1,5042,1,1,1,0,0,0,1,0,1,0,1,0,1,0,1,0,1,0,1,0,1,0,1,2,1,0,1,0,1,1,1,8,1,24,1,0,1,0,1,203,1,16340,1,1,1,1,1,0,0,0,0,0,0,0,0,0,0,0,1,0,1,0,1,0,1,0,1,0,0,0,0,0,1,0,0
337,14473900,4467,9545,28.988914,,0,11,8,96,42184,14859,2365,14431716,16,216,10,1,28485,1,441,1,255817,1,676624,1,120714,1,13338654,1,10971,1,372964,1,8667,4,559717,4,67020,4,4135678,4,8131175,8,12092615,96,171874,36,3577,1,42322,1,2675,1,0,0,0,0,0,0,0,0,0,0,0,0,0,0,6943,1,53504,1,165852,1,28906,1,2715,1,5441,1,29968,1,334620,1,16340,1,227,1,9545,1,4467,1,16567,1,9545,1,0,1,1240,1,1,1,0,1,4503,1,5042,1,0,1,0,0,0,1,0,1,0,1,0,1,0,1,0,1,0,1,0,1,0,1,2,1,0,1,0,1,1,1,8,1,24,1,0,1,0,1,203,1,16340,1,1,1,1,1,0,0,0,0,0,0,0,0,0,0,0,1,0,1,0,1,0,1,0,1,0,0,0,0,0,1,0,0
338,14528200,4467,9545,28.988914,,0,11,8,96,48291,14729,2345,14479909,16,216,10,1,27724,1,110,1,255676,1,677425,1,118079,1,13385044,1,15841,1,388434,1,8937,4,599434,4,67291,4,4124387,4,8133239,8,12084129,96,171152,36,3266,1,42693,1,2635,1,0,0,0,0,0,0,0,0,0,0,0,0,0,0,7244,1,52993,1,166293,1,28275,1,2795,1,5611,1,30219,1,349619,1,16340,1,227,1,9545,1,4467,1,16567,1,9545,1,0,1,1240,1,1,1,0,1,4503,1,5042,1,0,1,0,0,0,1,0,1,0,1,0,1,0,1,0,1,0,1,0,1,0,1,2,1,0,1,0,1,1,1,8,1,24,1,0,1,0,1,203,1,16340,1,1,1,1,1,0,0,0,0,0,0,0,0,0,0,0,1,0,1,0,1,0,1,0,1,0,0,0,0,0,1,0,0
339,14891300,4467,9545,28.988914,,0,11,8,96,60966,22203,2726,14830334,16,216,140,1,27564,1,130,1,254384,1,679289,1,159239,1,13698237,1,11352,1,443802,1,11061,4,574315,4,66058,4,4234450,4,8279968,8,12340841,96,170851,36,3717,1,58814,1,3847,1,0,0,0,0,0,0,0,0,0,0,0,0,0,0,6753,1,53153,1,165611,1,28405,1,15009,1,7134,1,37383,1,383915,1,16340,1,227,1,9545,1,4467,1,16567,1,9545,1,0,1,1240,1,1,1,0,1,4503,1,5042,1,0,1,0,0,0,1,0,1,0,1,0,1,0,1,0,1,0,1,0,1,0,1,2,1,0,1,0,1,1,1,8,1,24,1,0,1,0,1,203,1,16340,1,1,1,1,1,0,0,0,0,0,0,0,0,0,0,0,1,0,1,0,1,0,1,0,1,0,0,0,0,0,1,0,0
340,14515200,4468,9545,28.988914,,0,11,8,96,44649,10931,2264,14470551,16,216,321,1,29607,1,291,1,267008,1,692444,1,119722,1,13350206,1,10951,1,440966,1,10060,4,520460,4,65858,4,4121030,4,8121045,8,12066354,96,173457,36,3236,1,51911,1,4709,1,0,0,0,0,0,0,0,0,0,0,0,0,0,0,7444,1,54616,1,173858,1,29738,1,2856,1,5771,1,29728,1,402291,1,16337,1,231,1,9545,1,4468,1,16568,1,9545,1,0,1,1240,1,1,1,0,1,4502,1,5042,1,1,1,0,0,0,1,0,1,0,1,0,1,0,1,0,1,0,1,0,1,0,1,2,1,0,1,0,1,1,1,8,1,24,1,0,1,0,1,207,1,16337,1,0,1,0,1,0,0,0,0,0,0,0,0,0,0,0,1,0,1,0,1,0,1,0,1,0,0,0,0,0,1,0,0
341,14636000,4468,9545,28.988914,,0,11,8,96,47319,15680,3617,14588681,16,216,70,1,27473,1,130,1,260245,1,675201,1,126295,1,13487533,1,11733,1,375349,1,8637,4,534498,4,65597,4,4140448,4,8274182,8,12236494,96,174518,36,4248,1,58564,1,10330,1,0,0,0,0,0,0,0,0,0,0,0,0,0,0,6853,1,53173,1,170761,1,28676,1,3617,1,5911,1,30309,1,335251,1,16339,1,231,1,9545,1,4468,1,16570,1,9545,1,0,1,1240,1,1,1,0,1,4503,1,5042,1,0,1,0,0,0,1,0,1,0,1,0,1,0,1,0,1,0,1,0,1,0,1,2,1,0,1,0,1,1,1,8,1,24,1,0,1,0,1,207,1,16339,1,1,1,0,1,0,0,0,0,0,0,0,0,0,0,0,1,0,1,0,1,0,1,0,1,0,0,0,0,0,1,0,0
342,14840400,4468,9545,28.988914,,0,11,8,96,53986,16582,2245,14786414,16,216,261,1,29447,1,351,1,274894,1,721851,1,178156,1,13570193,1,11262,1,448611,1,10601,4,657286,4,70667,4,4149365,4,8155081,8,12127062,96,175140,36,3497,1,54005,1,4499,1,0,0,0,0,0,0,0,0,0,0,0,0,0,0,7996,1,56680,1,178917,1,29778,1,4098,1,7585,1,30038,1,406369,1,16339,1,231,1,9545,1,4468,1,16570,1,9545,1,0,1,1240,1,1,1,0,1,4503,1,5042,1,0,1,0,0,0,1,0,1,0,1,0,1,0,1,0,1,0,1,0,1,0,1,2,1,0,1,0,1,1,1,8,1,24,1,0,1,0,1,207,1,16339,1,1,1,1,1,0,0,0,0,0,0,0,0,0,0,0,1,0,1,0,1,0,1,0,1,0,0,0,0,0,1,0,0
343,14541000,4468,9545,28.988914,,0,11,8,96,43466,14578,2285,14497534,16,216,210,1,29086,1,120,1,277739,1,688907,1,120213,1,13370315,1,10941,1,395327,1,9829,4,519438,4,67170,4,4137732,4,8179469,8,12140507,96,174409,36,4218,1,39897,1,2655,1,0,0,0,0,0,0,0,0,0,0,0,0,0,0,7084,1,60467,1,176382,1,32784,1,2605,1,5481,1,29838,1,356843,1,16339,1,231,1,9545,1,4468,1,16570,1,9545,1,0,1,1240,1,1,1,0,1,4502,1,5042,1,1,1,0,0,0,1,0,1,0,1,0,1,0,1,0,1,0,1,0,1,0,1,2,1,0,1,0,1,1,1,8,1,24,1,0,1,0,1,207,1,16339,1,1,1,1,1,0,0,0,0,0,0,0,0,0,0,0,1,0,1,0,1,0,1,0,1,0,0,0,0,0,1,0,0
344,14471200,4468,9545,28.988914,,0,11,8,96,41528,14578,2576,14429672,16,216,110,1,27523,1,90,1,262059,1,685781,1,119843,1,13323264,1,11001,1,355440,1,10611,4,519038,4,68082,4,4147912,4,8159590,8,12129926,96,175000,36,3216,1,42072,1,2725,1,0,0,0,0,0,0,0,0,0,0,0,0,0,0,7054,1,53784,1,172555,1,28235,1,2805,1,5471,1,30008,1,316975,1,16339,1,231,1,9545,1,4468,1,16570,1,9545,1,0,1,1240,1,1,1,0,1,4502,1,5042,1,1,1,0,0,0,1,0,1,0,1,0,1,0,1,0,1,0,1,0,1,0,1,2,1,0,1,0,1,1,1,8,1,24,1,0,1,0,1,207,1,16339,1,1,1,1,1,0,0,0,0,0,0,0,0,0,0,0,1,0,1,0,1,0,1,0,1,0,0,0,0,0,1,0,0
345,14470500,4468,9545,28.988914,,0,11,8,96,47471,13997,2606,14423029,16,216,60,1,27614,1,110,1,261197,1,671183,1,118610,1,13331670,1,12584,1,353847,1,9228,4,552613,4,68283,4,4138253,4,8152456,8,12113305,96,174799,36,3477,1,36661,1,2856,1,0,0,0,0,0,0,0,0,0,0,0,0,0,0,6412,1,53113,1,171673,1,28826,1,3377,1,5501,1,29768,1,315032,1,16339,1,231,1,9545,1,4468,1,16570,1,9545,1,0,1,1240,1,1,1,0,1,4503,1,5042,1,0,1,0,0,0,1,0,1,0,1,0,1,0,1,0,1,0,1,0,1,0,1,2,1,0,1,0,1,1,1,8,1,24,1,0,1,0,1,207,1,16339,1,1,1,1,1,0,0,0,0,0,0,0,0,0,0,0,1,0,1,0,1,0,1,0,1,0,0,0,0,0,1,0,0
346,14559800,4468,9545,28.988914,,0,11,8,96,44912,15440,3397,14514888,16,216,0,1,27393,1,130,1,259083,1,672916,1,117208,1,13426504,1,11653,1,368014,1,8527,4,593081,4,73873,4,4155206,4,8159590,8,12136711,96,174689,36,3857,1,46310,1,2605,1,0,0,0,0,0,0,0,0,0,0,0,0,0,0,6422,1,53664,1,168828,1,29167,1,3066,1,5380,1,29678,1,329650,1,16339,1,231,1,9545,1,4468,1,16570,1,9545,1,0,1,1240,1,1,1,0,1,4503,1,5042,1,0,1,0,0,0,1,0,1,0,1,0,1,0,1,0,1,0,1,0,1,0,1,2,1,0,1,0,1,1,1,8,1,24,1,0,1,0,1,207,1,16339,1,1,1,1,1,0,0,0,0,0,0,0,0,0,0,0,1,0,1,0,1,0,1,0,1,0,0,0,0,0,1,0,0
347,14563600,4468,9545,28.988914,,0,11,8,96,67780,14979,2966,14495820,16,216,301,1,31271,1,120,1,259043,1,694689,1,129421,1,13367169,1,13807,1,422460,1,7825,4,524498,4,65928,4,4139295,4,8142036,8,12104588,96,173777,36,3276,1,44256,1,2615,1,0,0,0,0,0,0,0,0,0,0,0,0,0,0,6953,1,54095,1,167816,1,29387,1,2856,1,5671,1,29868,1,383895,1,16339,1,231,1,9545,1,4468,1,16570,1,9545,1,0,1,1240,1,1,1,0,1,4503,1,5042,1,0,1,0,0,0,1,0,1,0,1,0,1,0,1,0,1,0,1,0,1,0,1,2,1,0,1,0,1,1,1,8,1,24,1,0,1,0,1,207,1,16339,1,1,1,1,1,0,0,0,0,0,0,0,0,0,0,0,1,0,1,0,1,0,1,0,1,0,0,0,0,0,1,0,0
348,14503200,4468,9545,28.988914,,0,11,8,96,45424,13336,2916,14457776,16,216,20,1,29317,1,90,1,258502,1,686833,1,120273,1,13351699,1,11041,1,413914,1,8767,4,518126,4,66188,4,4140127,4,8145863,8,12107714,96,175360,36,3336,1,38475,1,3567,1,0,0,0,0,0,0,0,0,0,0,0,0,0,0,6903,1,53564,1,166994,1,30499,1,3076,1,5571,1,30048,1,375058,1,16340,1,231,1,9545,1,4468,1,16571,1,9545,1,0,1,1240,1,1,1,0,1,4502,1,5042,1,1,1,0,0,0,1,0,1,0,1,0,1,0,1,0,1,0,1,0,1,0,1,2,1,0,1,0,1,1,1,8,1,24,1,0,1,0,1,207,1,16340,1,1,1,0,1,0,0,0,0,0,0,0,0,0,0,0,1,0,1,0,1,0,1,0,1,0,0,0,0,0,1,0,0
349,14477700,4468,9545,28.988914,,0,11,8,96,41485,14558,3026,14436215,16,216,10,1,28034,1,90,1,255746,1,679950,1,116145,1,13345006,1,11232,1,350571,1,10200,4,550829,4,68974,4,4135769,4,8159770,8,12118315,96,174198,36,3166,1,46530,1,4639,1,0,0,0,0,0,0,0,0,0,0,0,0,0,0,6883,1,52893,1,166734,1,28636,1,3106,1,5581,1,29938,1,311765,1,16340,1,231,1,9545,1,4468,1,16571,1,9545,1,0,1,1240,1,1,1,0,1,4503,1,5042,1,0,1,0,0,0,1,0,1,0,1,0,1,0,1,0,1,0,1,0,1,0,1,2,1,0,1,0,1,1,1,8,1,24,1,0,1,0,1,207,1,16340,1,1,1,1,1,0,0,0,0,0,0,0,0,0,0,0,1,0,1,0,1,0,1,0,1,0,0,0,0,0,1,0,0
350,14547500,4468,9545,28.988914,,0,11,8,96,38273,14338,2505,14509227,16,216,0,1,28044,1,30,1,256197,1,677726,1,150803,1,13385515,1,10911,1,369898,1,9048,4,590917,4,65818,4,4131410,4,8157997,8,12112474,96,174428,36,3206,1,38415,1,4469,1,0,0,0,0,0,0,0,0,0,0,0,0,0,0,6513,1,53183,1,167545,1,28355,1,3737,1,6553,1,29858,1,329590,1,16340,1,231,1,9545,1,4468,1,16571,1,9545,1,0,1,1240,1,1,1,0,1,4502,1,5042,1,1,1,0,0,0,1,0,1,0,1,0,1,0,1,0,1,0,1,0,1,0,1,2,1,0,1,0,1,1,1,8,1,24,1,0,1,0,1,207,1,16340,1,1,1,1,1,0,0,0,0,0,0,0,0,0,0,0,1,0,1,0,1,0,1,0,1,0,0,0,0,0,1,0,0
351,14565600,4468,9545,28.988914,,0,11,8,96,40814,14709,2856,14524786,16,216,10,1,27423,1,50,1,264133,1,676884,1,150332,1,13394973,1,10981,1,373986,1,10009,4,570748,4,67391,4,4141259,4,8157406,8,12121801,96,174008,36,5561,1,49927,1,3978,1,0,0,0,0,0,0,0,0,0,0,0,0,0,0,6543,1,53484,1,167345,1,36110,1,3657,1,6553,1,29918,1,333588,1,16340,1,231,1,9545,1,4468,1,16571,1,9545,1,0,1,1240,1,1,1,0,1,4502,1,5042,1,1,1,0,0,0,1,0,1,0,1,0,1,0,1,0,1,0,1,0,1,0,1,2,1,0,1,0,1,1,1,8,1,24,1,0,1,0,1,207,1,16340,1,1,1,1,1,0,0,0,0,0,0,0,0,0,0,0,1,0,1,0,1,0,1,0,1,0,0,0,0,0,1,0,0
352,14500900,4468,9545,28.988914,,0,11,8,96,40919,14067,2225,14459981,16,216,10,1,28345,1,90,1,273090,1,680601,1,122007,1,13344465,1,11372,1,382162,1,9368,4,518737,4,66619,4,4133895,4,8168567,8,12125759,96,174479,36,5641,1,41841,1,3567,1,0,0,0,0,0,0,0,0,0,0,0,0,0,0,7565,1,62030,1,165241,1,37413,1,2886,1,5591,1,30239,1,343226,1,16340,1,231,1,9545,1,4468,1,16571,1,9545,1,0,1,1240,1,1,1,0,1,4502,1,5042,1,1,1,0,0,0,1,0,1,0,1,0,1,0,1,0,1,0,1,0,1,0,1,2,1,0,1,0,1,1,1,8,1,24,1,0,1,0,1,207,1,16340,1,1,1,1,1,0,0,0,0,0,0,0,0,0,0,0,1,0,1,0,1,0,1,0,1,0,0,0,0,0,1,0,0
353,14487200,4468,9545,28.988914,,0,11,8,96,40405,15189,3257,14446795,16,216,10,1,27243,1,130,1,254083,1,686192,1,119492,1,13348473,1,11172,1,361883,1,13176,4,517765,4,68393,4,4137552,4,8180280,8,12140829,96,173747,36,3747,1,47422,1,3066,1,0,0,0,0,0,0,0,0,0,0,0,0,0,0,6733,1,53804,1,164008,1,28926,1,2775,1,5611,1,29908,1,323448,1,16340,1,231,1,9545,1,4468,1,16571,1,9545,1,0,1,1240,1,1,1,0,1,4503,1,5042,1,0,1,0,0,0,1,0,1,0,1,0,1,0,1,0,1,0,1,0,1,0,1,2,1,0,1,0,1,1,1,8,1,24,1,0,1,0,1,207,1,16340,1,1,1,1,1,0,0,0,0,0,0,0,0,0,0,0,1,0,1,0,1,0,1,0,1,0,0,0,0,0,1,0,0
354,14495300,4467,9545,28.988914,,0,11,8,96,43575,10671,2255,14451725,16,216,10,1,28656,1,20,1,256508,1,674910,1,117177,1,13363402,1,11041,1,372363,1,9528,4,521432,4,67050,4,4156469,4,8176513,8,12159635,96,171092,36,4038,1,42272,1,3066,1,0,0,0,0,0,0,0,0,0,0,0,0,0,0,6763,1,54526,1,165742,1,28616,1,2755,1,5781,1,30038,1,333608,1,16343,1,227,1,9545,1,4467,1,16570,1,9545,1,0,1,1240,1,1,1,0,1,4503,1,5042,1,0,1,0,0,0,1,0,1,0,1,0,1,0,1,0,1,0,1,0,1,0,1,2,1,0,1,0,1,1,1,8,1,24,1,0,1,0,1,203,1,16343,1,0,1,0,1,0,0,0,0,0,0,0,0,0,0,0,1,0,1,0,1,0,1,0,1,0,0,0,0,0,1,0,0
355,14489900,4467,9545,28.988914,,0,11,8,96,43456,14879,2375,14446444,16,216,10,1,27513,1,30,1,254614,1,674710,1,119091,1,13359564,1,10911,1,341974,1,9889,4,533736,4,68653,4,4154034,4,8184719,8,12164915,96,171463,36,4288,1,43855,1,3537,1,0,0,0,0,0,0,0,0,0,0,0,0,0,0,6633,1,53634,1,165331,1,28465,1,2975,1,5501,1,30369,1,302888,1,16343,1,227,1,9545,1,4467,1,16570,1,9545,1,0,1,1240,1,1,1,0,1,4503,1,5042,1,0,1,0,0,0,1,0,1,0,1,0,1,0,1,0,1,0,1,0,1,0,1,2,1,0,1,0,1,1,1,8,1,24,1,0,1,0,1,203,1,16343,1,1,1,1,1,0,0,0,0,0,0,0,0,0,0,0,1,0,1,0,1,0,1,0,1,0,0,0,0,0,1,0,0
356,14602300,4467,9545,28.988914,,0,11,8,96,44119,11693,2325,14558181,16,216,10,1,27754,1,40,1,255336,1,687585,1,144861,1,13431334,1,11262,1,455364,1,9368,4,529819,4,68533,4,4137582,4,8172124,8,12130458,96,176923,36,4138,1,38896,1,3817,1,0,0,0,0,0,0,0,0,0,0,0,0,0,0,6643,1,53033,1,166684,1,28395,1,3216,1,4970,1,29988,1,417010,1,16344,1,227,1,9545,1,4467,1,16571,1,9545,1,0,1,1240,1,1,1,0,1,4501,1,5042,1,2,1,0,0,0,1,0,1,0,1,0,1,0,1,0,1,0,1,0,1,0,1,2,1,0,1,0,1,1,1,8,1,24,1,0,1,0,1,203,1,16344,1,1,1,0,1,0,0,0,0,0,0,0,0,0,0,0,1,0,1,0,1,0,1,0,1,0,0,0,0,0,1,0,0
357,14561000,4467,9545,28.988914,,0,11,8,96,60831,14538,2986,14500169,16,216,20,1,27473,1,90,1,262610,1,699308,1,120865,1,13378652,1,11152,1,380449,1,10120,4,522174,4,68413,4,4148133,4,8182795,8,12153483,96,174459,36,3787,1,43314,1,4930,1,0,0,0,0,0,0,0,0,0,0,0,0,0,0,6222,1,54265,1,167235,1,32974,1,3076,1,5711,1,29968,1,341523,1,16344,1,227,1,9545,1,4467,1,16571,1,9545,1,0,1,1240,1,1,1,0,1,4503,1,5042,1,0,1,0,0,0,1,0,1,0,1,0,1,0,1,0,1,0,1,0,1,0,1,2,1,0,1,0,1,1,1,8,1,24,1,0,1,0,1,203,1,16344,1,1,1,1,1,0,0,0,0,0,0,0,0,0,0,0,1,0,1,0,1,0,1,0,1,0,0,0,0,0,1,0,0
358,14556000,4467,9545,28.988914,,0,11,8,96,49419,14077,2295,14506581,16,216,10,1,27303,1,250,1,259714,1,681633,1,121195,1,13405013,1,11462,1,375318,1,13536,4,519709,4,69345,4,4151068,4,8202674,8,12179503,96,171944,36,3397,1,49997,1,5891,1,0,0,0,0,0,0,0,0,0,0,0,0,0,0,6643,1,57612,1,165181,1,29397,1,3326,1,5441,1,30008,1,336323,1,16344,1,227,1,9545,1,4467,1,16571,1,9545,1,0,1,1240,1,1,1,0,1,4503,1,5042,1,0,1,0,0,0,1,0,1,0,1,0,1,0,1,0,1,0,1,0,1,0,1,2,1,0,1,0,1,1,1,8,1,24,1,0,1,0,1,203,1,16344,1,1,1,1,1,0,0,0,0,0,0,0,0,0,0,0,1,0,1,0,1,0,1,0,1,0,0,0,0,0,1,0,0
359,14554200,4467,9545,28.988914,,0,11,8,96,40315,14157,2375,14513885,16,216,80,1,37793,1,10,1,256478,1,681323,1,122057,1,13404772,1,11372,1,375549,1,8877,4,534437,4,75707,4,4152080,4,8185490,8,12162851,96,172345,36,3487,1,49797,1,5190,1,0,0,0,0,0,0,0,0,0,0,0,0,0,0,6593,1,53624,1,166704,1,28535,1,2936,1,5541,1,29988,1,336874,1,16344,1,227,1,9545,1,4467,1,16571,1,9545,1,0,1,1240,1,1,1,0,1,4503,1,5042,1,0,1,0,0,0,1,0,1,0,1,0,1,0,1,0,1,0,1,0,1,0,1,2,1,0,1,0,1,1,1,8,1,24,1,0,1,0,1,203,1,16344,1,1,1,1,1,0,0,0,0,0,0,0,0,0,0,0,1,0,1,0,1,0,1,0,1,0,0,0,0,0,1,0,0
360,14642300,4467,9545,28.988914,,0,11,8,96,40324,14648,3538,14601976,16,216,10,1,27654,1,20,1,255446,1,680210,1,152516,1,13474548,1,11572,1,384446,1,9859,4,581018,4,82400,4,4159394,4,8191272,8,12174724,96,172404,36,3437,1,43494,1,4579,1,0,0,0,0,0,0,0,0,0,0,0,0,0,0,6733,1,53494,1,166413,1,28185,1,3547,1,6613,1,29768,1,344278,1,16344,1,227,1,9545,1,4467,1,16571,1,9545,1,0,1,1240,1,1,1,0,1,4503,1,5042,1,0,1,0,0,0,1,0,1,0,1,0,1,0,1,0,1,0,1,0,1,0,1,2,1,0,1,0,1,1,1,8,1,24,1,0,1,0,1,203,1,16344,1,1,1,1,1,0,0,0,0,0,0,0,0,0,0,0,1,0,1,0,1,0,1,0,1,0,0,0,0,0,1,0,0
361,14552400,4467,9545,28.988914,,0,11,8,96,41581,13767,2416,14510819,16,216,140,1,28555,1,60,1,265626,1,681653,1,120354,1,13403850,1,10581,1,371130,1,11262,4,533395,4,67772,4,4159655,4,8197984,8,12182970,96,172254,36,4358,1,40418,1,4108,1,0,0,0,0,0,0,0,0,0,0,0,0,0,0,7224,1,58063,1,165111,1,34637,1,2926,1,5591,1,29798,1,332626,1,16344,1,227,1,9545,1,4467,1,16571,1,9545,1,0,1,1240,1,1,1,0,1,4503,1,5042,1,0,1,0,0,0,1,0,1,0,1,0,1,0,1,0,1,0,1,0,1,0,1,2,1,0,1,0,1,1,1,8,1,24,1,0,1,0,1,203,1,16344,1,1,1,1,1,0,0,0,0,0,0,0,0,0,0,0,1,0,1,0,1,0,1,0,1,0,0,0,0,0,1,0,0
362,14540700,4467,9545,28.988914,,0,11,8,96,42605,14578,3037,14498095,16,216,240,1,27273,1,30,1,259564,1,682475,1,121526,1,13396286,1,10701,1,368926,1,14268,4,519018,4,70256,4,4157090,4,8201441,8,12183070,96,172425,36,3156,1,42763,1,4789,1,0,0,0,0,0,0,0,0,0,0,0,0,0,0,6813,1,55888,1,163738,1,32323,1,2966,1,5571,1,29848,1,330301,1,16344,1,227,1,9545,1,4467,1,16571,1,9545,1,0,1,1240,1,1,1,0,1,4503,1,5042,1,0,1,0,0,0,1,0,1,0,1,0,1,0,1,0,1,0,1,0,1,0,1,2,1,0,1,0,1,1,1,8,1,24,1,0,1,0,1,203,1,16344,1,1,1,1,1,0,0,0,0,0,0,0,0,0,0,0,1,0,1,0,1,0,1,0,1,0,0,0,0,0,1,0,0
363,14538100,4467,9545,28.988914,,0,11,8,96,41268,10691,3057,14496832,16,216,20,1,27293,1,80,1,251649,1,680010,1,120173,1,13406686,1,10921,1,368495,1,11542,4,555037,4,68774,4,4156799,4,8180811,8,12161819,96,172735,36,4418,1,45378,1,4739,1,0,0,0,0,0,0,0,0,0,0,0,0,0,0,6543,1,52532,1,163347,1,28465,1,2825,1,5360,1,30509,1,329570,1,16343,1,227,1,9545,1,4467,1,16570,1,9545,1,0,1,1240,1,1,1,0,1,4503,1,5042,1,0,1,0,0,0,1,0,1,0,1,0,1,0,1,0,1,0,1,0,1,0,1,2,1,0,1,0,1,1,1,8,1,24,1,0,1,0,1,203,1,16343,1,1,1,0,1,0,0,0,0,0,0,0,0,0,0,0,1,0,1,0,1,0,1,0,1,0,0,0,0,0,1,0,0
364,14602900,4467,9545,28.988914,,0,11,8,96,41643,13817,3297,14561257,16,216,10,1,28465,1,30,1,254424,1,682305,1,121295,1,13463596,1,11132,1,367914,1,10240,4,587951,4,67070,4,4168693,4,8201902,8,12193471,96,173827,36,3667,1,39266,1,3076,1,0,0,0,0,0,0,0,0,0,0,0,0,0,0,6262,1,53524,1,165131,1,28796,1,2986,1,5491,1,30128,1,329149,1,16343,1,227,1,9545,1,4467,1,16570,1,9545,1,0,1,1240,1,1,1,0,1,4503,1,5042,1,0,1,0,0,0,1,0,1,0,1,0,1,0,1,0,1,0,1,0,1,0,1,2,1,0,1,0,1,1,1,8,1,24,1,0,1,0,1,203,1,16343,1,1,1,1,1,0,0,0,0,0,0,0,0,0,0,0,1,0,1,0,1,0,1,0,1,0,0,0,0,0,1,0,0
365,14759900,4467,9545,28.988914,,0,11,8,96,81911,16082,2565,14677989,16,216,10,1,28255,1,40,1,250877,1,687705,1,183080,1,13513684,1,14338,1,454031,1,11522,4,527945,4,70908,4,4157892,4,8219897,8,12202398,96,172826,36,4809,1,46400,1,4198,1,0,0,0,0,0,0,0,0,0,0,0,0,0,0,6693,1,53003,1,162215,1,28385,1,3306,1,6002,1,31070,1,413423,1,16343,1,227,1,9545,1,4467,1,16570,1,9545,1,0,1,1240,1,1,1,0,1,4503,1,5042,1,0,1,0,0,0,1,0,1,0,1,0,1,0,1,0,1,0,1,0,1,0,1,2,1,0,1,0,1,1,1,8,1,24,1,0,1,0,1,203,1,16343,1,1,1,1,1,0,0,0,0,0,0,0,0,0,0,0,1,0,1,0,1,0,1,0,1,0,0,0,0,0,1,0,0
366,15244400,4467,9545,28.988914,,0,11,8,96,60970,17444,3267,15183430,16,216,140,1,30820,1,210,1,262439,1,867574,1,155171,1,13855953,1,11122,1,444272,1,13095,4,568433,4,68202,4,4171738,4,8509995,8,12502736,96,175731,36,3537,1,52672,1,6563,1,0,0,0,0,0,0,0,0,0,0,0,0,0,0,6292,1,58203,1,165642,1,31321,1,3968,1,6793,1,37383,1,395638,1,16343,1,227,1,9545,1,4467,1,16570,1,9545,1,0,1,1240,1,1,1,0,1,4503,1,5042,1,0,1,0,0,0,1,0,1,0,1,0,1,0,1,0,1,0,1,0,1,0,1,2,1,0,1,0,1,1,1,8,1,24,1,0,1,0,1,203,1,16343,1,1,1,1,1,0,0,0,0,0,0,0,0,0,0,0,1,0,1,0,1,0,1,0,1,0,0,0,0,0,1,0,0
367,14597300,4468,9545,28.988914,,0,11,8,96,40411,9689,2906,14556889,16,216,281,1,28215,1,120,1,261788,1,683507,1,123259,1,13448788,1,10931,1,392101,1,9268,4,524097,4,66128,4,4193060,4,8198846,8,12212898,96,176102,36,4158,1,46340,1,5100,1,0,0,0,0,0,0,0,0,0,0,0,0,0,0,7154,1,53424,1,171894,1,28145,1,2645,1,5932,1,29848,1,353126,1,16340,1,231,1,9545,1,4468,1,16571,1,9545,1,0,1,1240,1,1,1,0,1,4503,1,5042,1,0,1,0,0,0,1,0,1,0,1,0,1,0,1,0,1,0,1,0,1,0,1,2,1,0,1,0,1,1,1,8,1,24,1,0,1,0,1,207,1,16340,1,0,1,0,1,0,0,0,0,0,0,0,0,0,0,0,1,0,1,0,1,0,1,0,1,0,0,0,0,0,1,0,0
368,14609800,4469,9545,28.988914,,0,11,8,96,38523,9328,3317,14571277,16,216,281,1,27473,1,50,1,262349,1,687124,1,132788,1,13450561,1,10651,1,414845,1,13987,4,541922,4,67321,4,4164504,4,8187214,8,12168171,96,180230,36,4799,1,41751,1,4889,1,0,0,0,0,0,0,0,0,0,0,0,0,0,0,7034,1,54616,1,171954,1,28105,1,3547,1,6202,1,30409,1,374537,1,16337,1,235,1,9545,1,4469,1,16572,1,9545,1,0,1,1240,1,1,1,0,1,4503,1,5042,1,0,1,0,0,0,1,0,1,0,1,0,1,0,1,0,1,0,1,0,1,0,1,2,1,0,1,0,1,1,1,8,1,24,1,0,1,0,1,211,1,16337,1,0,1,0,1,0,0,0,0,0,0,0,0,0,0,0,1,0,1,0,1,0,1,0,1,0,0,0,0,0,1,0,0
369,14911400,4469,9545,28.988914,,0,11,8,96,56307,17534,3197,14855093,16,216,180,1,27032,1,110,1,266728,1,688507,1,161974,1,13699710,1,10851,1,419003,1,13887,4,570948,4,69204,4,4154755,4,8401124,8,12370849,96,181833,36,3827,1,45037,1,4389,1,0,0,0,0,0,0,0,0,0,0,0,0,0,0,6853,1,56490,1,170661,1,32223,1,3908,1,7244,1,37222,1,370149,1,16337,1,235,1,9545,1,4469,1,16572,1,9545,1,0,1,1240,1,1,1,0,1,4502,1,5042,1,1,1,0,0,0,1,0,1,0,1,0,1,0,1,0,1,0,1,0,1,0,1,2,1,0,1,0,1,1,1,8,1,24,1,0,1,0,1,211,1,16337,1,1,1,1,1,0,0,0,0,0,0,0,0,0,0,0,1,0,1,0,1,0,1,0,1,0,0,0,0,0,1,0,0
370,14671800,4469,9545,28.988914,,0,11,8,96,48653,14558,2305,14623147,16,216,10,1,28596,1,70,1,257259,1,681222,1,121255,1,13523162,1,11572,1,369868,1,14739,4,585356,4,70797,4,4169745,4,8229365,8,12218589,96,178216,36,5150,1,55698,1,7885,1,0,0,0,0,0,0,0,0,0,0,0,0,0,0,6322,1,54295,1,166854,1,28565,1,2775,1,5911,1,29798,1,331083,1,16337,1,235,1,9545,1,4469,1,16572,1,9545,1,0,1,1240,1,1,1,0,1,4503,1,5042,1,0,1,0,0,0,1,0,1,0,1,0,1,0,1,0,1,0,1,0,1,0,1,2,1,0,1,0,1,1,1,8,1,24,1,0,1,0,1,211,1,16337,1,1,1,1,1,0,0,0,0,0,0,0,0,0,0,0,1,0,1,0,1,0,1,0,1,0,0,0,0,0,1,0,0
371,14881900,4469,9545,28.988914,,0,11,8,96,44376,14638,2916,14837524,16,216,180,1,34397,1,150,1,276487,1,854359,1,122989,1,13538031,1,10931,1,454142,1,9408,4,563955,4,66439,4,4184423,4,8190350,8,12193100,96,178757,36,3256,1,48093,1,3326,1,0,0,0,0,0,0,0,0,0,0,0,0,0,0,7855,1,61860,1,169018,1,36862,1,2856,1,5451,1,29728,1,415477,1,16338,1,235,1,9545,1,4469,1,16573,1,9545,1,0,1,1240,1,1,1,0,1,4502,1,5042,1,1,1,0,0,0,1,0,1,0,1,0,1,0,1,0,1,0,1,0,1,0,1,2,1,0,1,0,1,1,1,8,1,24,1,0,1,0,1,211,1,16338,1,1,1,0,1,0,0,0,0,0,0,0,0,0,0,0,1,0,1,0,1,0,1,0,1,0,0,0,0,0,1,0,0
372,15138400,4469,9545,28.988914,,0,11,8,96,61276,16883,2766,15077124,16,216,180,1,27904,1,110,1,257670,1,709036,1,172174,1,13898746,1,11302,1,475182,1,12244,4,592300,4,71168,4,4260190,4,8410893,8,12486424,96,181893,36,3487,1,51310,1,5090,1,0,0,0,0,0,0,0,0,0,0,0,0,0,0,6503,1,54686,1,167816,1,28125,1,3918,1,6943,1,37793,1,425656,1,16337,1,235,1,9545,1,4469,1,16572,1,9545,1,0,1,1240,1,1,1,0,1,4503,1,5042,1,0,1,0,0,0,1,0,1,0,1,0,1,0,1,0,1,0,1,0,1,0,1,2,1,0,1,0,1,1,1,8,1,24,1,0,1,0,1,211,1,16337,1,1,1,0,1,0,0,0,0,0,0,0,0,0,0,0,1,0,1,0,1,0,1,0,1,0,0,0,0,0,1,0,0
373,14611300,4469,9545,28.988914,,0,11,8,96,40154,13466,2255,14571146,16,216,511,1,28325,1,210,1,264053,1,688497,1,123630,1,13454789,1,11132,1,399315,1,11192,4,519539,4,69395,4,4152241,4,8230097,8,12201546,96,178537,36,3797,1,49747,1,6002,1,0,0,0,0,0,0,0,0,0,0,0,0,0,0,7725,1,53784,1,172615,1,28616,1,2896,1,5380,1,29898,1,360720,1,16336,1,235,1,9545,1,4469,1,16571,1,9545,1,0,1,1240,1,1,1,0,1,4503,1,5042,1,0,1,0,0,0,1,0,1,0,1,0,1,0,1,0,1,0,1,0,1,0,1,2,1,0,1,0,1,1,1,8,1,24,1,0,1,0,1,211,1,16336,1,1,1,0,1,0,0,0,0,0,0,0,0,0,0,0,1,0,1,0,1,0,1,0,1,0,0,0,0,0,1,0,0
374,14598400,4469,9545,28.988914,,0,11,8,96,38195,14618,2676,14560205,16,216,230,1,27834,1,80,1,263171,1,687545,1,123730,1,13446052,1,11562,1,390668,1,8787,4,533155,4,69916,4,4177119,4,8201401,8,12196637,96,179207,36,4118,1,42142,1,4128,1,0,0,0,0,0,0,0,0,0,0,0,0,0,0,6673,1,53674,1,173417,1,28555,1,3246,1,5711,1,29918,1,351552,1,16335,1,235,1,9545,1,4469,1,16570,1,9545,1,0,1,1240,1,1,1,0,1,4503,1,5042,1,0,1,0,0,0,1,0,1,0,1,0,1,0,1,0,1,0,1,0,1,0,1,2,1,0,1,0,1,1,1,8,1,24,1,0,1,0,1,211,1,16335,1,1,1,0,1,0,0,0,0,0,0,0,0,0,0,0,1,0,1,0,1,0,1,0,1,0,0,0,0,0,1,0,0
375,14589200,4469,9545,28.988914,,0,11,8,96,39605,13927,2275,14549595,16,216,240,1,27203,1,110,1,264774,1,683276,1,134631,1,13428248,1,11112,1,382683,1,8657,4,525460,4,67160,4,4175355,4,8200930,8,12195284,96,178727,36,4609,1,45328,1,4138,1,0,0,0,0,0,0,0,0,0,0,0,0,0,0,6743,1,56089,1,170772,1,30589,1,3427,1,5942,1,30008,1,343046,1,16335,1,235,1,9545,1,4469,1,16570,1,9545,1,0,1,1240,1,1,1,0,1,4503,1,5042,1,0,1,0,0,0,1,0,1,0,1,0,1,0,1,0,1,0,1,0,1,0,1,2,1,0,1,0,1,1,1,8,1,24,1,0,1,0,1,211,1,16335,1,1,1,1,1,0,0,0,0,0,0,0,0,0,0,0,1,0,1,0,1,0,1,0,1,0,0,0,0,0,1,0,0
376,14578400,4469,9545,28.988914,,0,11,8,96,43865,14108,2365,14534535,16,216,10,1,27744,1,90,1,256668,1,677114,1,119742,1,13441994,1,11172,1,384546,1,12815,4,522675,4,70046,4,4156339,4,8227291,8,12202568,96,178697,36,3336,1,45949,1,4889,1,0,0,0,0,0,0,0,0,0,0,0,0,0,0,6553,1,53935,1,167545,1,28024,1,2886,1,5501,1,30229,1,345721,1,16335,1,235,1,9545,1,4469,1,16570,1,9545,1,0,1,1240,1,1,1,0,1,4503,1,5042,1,0,1,0,0,0,1,0,1,0,1,0,1,0,1,0,1,0,1,0,1,0,1,2,1,0,1,0,1,1,1,8,1,24,1,0,1,0,1,211,1,16335,1,1,1,1,1,0,0,0,0,0,0,0,0,0,0,0,1,0,1,0,1,0,1,0,1,0,0,0,0,0,1,0,0
377,14607700,4469,9545,28.988914,,0,11,8,96,49499,14628,2485,14558201,16,216,10,1,28195,1,130,1,257310,1,684419,1,123349,1,13453557,1,11232,1,392031,1,14258,4,518497,4,70777,4,4160416,4,8228434,8,12207258,96,179108,36,3707,1,46069,1,4739,1,0,0,0,0,0,0,0,0,0,0,0,0,0,0,6553,1,54255,1,167074,1,28826,1,2895,1,5561,1,29968,1,353426,1,16334,1,235,1,9545,1,4469,1,16569,1,9545,1,0,1,1240,1,1,1,0,1,4503,1,5042,1,0,1,0,0,0,1,0,1,0,1,0,1,0,1,0,1,0,1,0,1,0,1,2,1,0,1,0,1,1,1,8,1,24,1,0,1,0,1,211,1,16334,1,1,1,0,1,0,0,0,0,0,0,0,0,0,0,0,1,0,1,0,1,0,1,0,1,0,0,0,0,0,1,0,0
378,14664900,4469,9545,28.988914,,0,11,8,96,39408,15761,3046,14625492,16,216,110,1,28535,1,130,1,255416,1,686723,1,122057,1,13520727,1,11793,1,380028,1,9288,4,571820,4,81909,4,4199913,4,8208194,8,12225994,96,179068,36,3807,1,46500,1,3507,1,0,0,0,0,0,0,0,0,0,0,0,0,0,0,6643,1,52762,1,167585,1,27804,1,3346,1,5631,1,29828,1,340952,1,16334,1,235,1,9545,1,4469,1,16569,1,9545,1,0,1,1240,1,1,1,0,1,4503,1,5042,1,0,1,0,0,0,1,0,1,0,1,0,1,0,1,0,1,0,1,0,1,0,1,2,1,0,1,0,1,1,1,8,1,24,1,0,1,0,1,211,1,16334,1,1,1,1,1,0,0,0,0,0,0,0,0,0,0,0,1,0,1,0,1,0,1,0,1,0,0,0,0,0,1,0,0
379,14698000,4469,9545,28.988914,,0,11,8,96,42780,14097,2566,14655220,16,216,90,1,28505,1,20,1,258131,1,682305,1,123319,1,13551647,1,11202,1,470323,1,10200,4,562893,4,68042,4,4171678,4,8202824,8,12193240,96,178697,36,4198,1,43214,1,4178,1,0,0,0,0,0,0,0,0,0,0,0,0,0,0,6503,1,54526,1,167575,1,28836,1,2906,1,5481,1,30800,1,430937,1,16334,1,235,1,9545,1,4469,1,16569,1,9545,1,0,1,1240,1,1,1,0,1,4503,1,5042,1,0,1,0,0,0,1,0,1,0,1,0,1,0,1,0,1,0,1,0,1,0,1,2,1,0,1,0,1,1,1,8,1,24,1,0,1,0,1,211,1,16334,1,1,1,1,1,0,0,0,0,0,0,0,0,0,0,0,1,0,1,0,1,0,1,0,1,0,0,0,0,0,1,0,0
380,14698000,4469,9545,28.988914,,0,11,8,96,59142,15110,2465,14638858,16,216,140,1,28054,1,10,1,257410,1,713756,1,123870,1,13498143,1,17474,1,414775,1,10901,4,531582,4,66679,4,4161579,4,8230528,8,12210032,96,179609,36,3868,1,57772,1,5350,1,0,0,0,0,0,0,0,0,0,0,0,0,0,0,6533,1,54315,1,166112,1,29768,1,3176,1,6272,1,31150,1,373685,1,16334,1,235,1,9545,1,4469,1,16569,1,9545,1,0,1,1240,1,1,1,0,1,4503,1,5042,1,0,1,0,0,0,1,0,1,0,1,0,1,0,1,0,1,0,1,0,1,0,1,2,1,0,1,0,1,1,1,8,1,24,1,0,1,0,1,211,1,16334,1,1,1,1,1,0,0,0,0,0,0,0,0,0,0,0,1,0,1,0,1,0,1,0,1,0,0,0,0,0,1,0,0
381,14873600,4469,9545,28.988914,,0,11,8,96,48075,12114,2695,14825525,16,216,731,1,46450,1,150,1,323348,1,686423,1,144581,1,13612290,1,11552,1,423863,1,10931,4,522805,4,67511,4,4151219,4,8361727,8,12332185,96,178066,36,4078,1,51350,1,6693,1,0,0,0,0,0,0,0,0,0,0,0,0,0,0,8587,1,74074,1,204427,1,34687,1,3427,1,7454,1,30329,1,382232,1,16333,1,235,1,9545,1,4469,1,16568,1,9545,1,0,1,1240,1,1,1,0,1,4503,1,5042,1,0,1,0,0,0,1,0,1,0,1,0,1,0,1,0,1,0,1,0,1,0,1,2,1,0,1,0,1,1,1,8,1,24,1,0,1,0,1,211,1,16333,1,1,1,0,1,0,0,0,0,0,0,0,0,0,0,0,1,0,1,0,1,0,1,0,1,0,0,0,0,0,1,0,0
382,14686100,4469,9545,28.988914,,0,11,8,96,39487,14989,2294,14646613,16,216,341,1,27954,1,130,1,272299,1,684148,1,124892,1,13526108,1,10741,1,447509,1,9438,4,526662,4,69054,4,4180065,4,8217693,8,12216135,96,179328,36,4849,1,51310,1,4539,1,0,0,0,0,0,0,0,0,0,0,0,0,0,0,7284,1,54867,1,179308,1,29888,1,3056,1,5571,1,30068,1,408533,1,16333,1,235,1,9545,1,4469,1,16568,1,9545,1,0,1,1240,1,1,1,0,1,4503,1,5042,1,0,1,0,0,0,1,0,1,0,1,0,1,0,1,0,1,0,1,0,1,0,1,2,1,0,1,0,1,1,1,8,1,24,1,0,1,0,1,211,1,16333,1,1,1,1,1,0,0,0,0,0,0,0,0,0,0,0,1,0,1,0,1,0,1,0,1,0,0,0,0,0,1,0,0
383,14694300,4469,9545,28.988914,,0,11,8,96,40192,14007,2355,14654108,16,216,50,1,27624,1,250,1,277208,1,682164,1,142366,1,13513573,1,10871,1,447007,1,8837,4,531241,4,66890,4,4169534,4,8216571,8,12204302,96,179448,36,3567,1,51089,1,4829,1,0,0,0,0,0,0,0,0,0,0,0,0,0,0,7304,1,58995,1,176643,1,33515,1,3427,1,6222,1,29638,1,407491,1,16333,1,235,1,9545,1,4469,1,16568,1,9545,1,0,1,1240,1,1,1,0,1,4503,1,5042,1,0,1,0,0,0,1,0,1,0,1,0,1,0,1,0,1,0,1,0,1,0,1,2,1,0,1,0,1,1,1,8,1,24,1,0,1,0,1,211,1,16333,1,1,1,1,1,0,0,0,0,0,0,0,0,0,0,0,1,0,1,0,1,0,1,0,1,0,0,0,0,0,1,0,0
384,14635900,4469,9545,28.988914,,0,11,8,96,43132,13677,2185,14592768,16,216,20,1,27664,1,90,1,261668,1,677124,1,122287,1,13492112,1,11803,1,429103,1,12955,4,520150,4,68463,4,4167620,4,8223434,8,12209562,96,179308,36,3567,1,48624,1,4519,1,0,0,0,0,0,0,0,0,0,0,0,0,0,0,6142,1,54646,1,171723,1,28145,1,3086,1,5521,1,29938,1,390298,1,16333,1,235,1,9545,1,4469,1,16568,1,9545,1,0,1,1240,1,1,1,0,1,4503,1,5042,1,0,1,0,0,0,1,0,1,0,1,0,1,0,1,0,1,0,1,0,1,0,1,2,1,0,1,0,1,1,1,8,1,24,1,0,1,0,1,211,1,16333,1,1,1,1,1,0,0,0,0,0,0,0,0,0,0,0,1,0,1,0,1,0,1,0,1,0,0,0,0,0,1,0,0
385,14696000,4469,9545,28.988914,,0,11,8,96,57152,14729,3317,14638848,16,216,180,1,27694,1,100,1,258462,1,679098,1,121336,1,13539303,1,12675,1,424854,1,14548,4,535309,4,79354,4,4175335,4,8223624,8,12216245,96,179398,36,3517,1,59836,1,8196,1,0,0,0,0,0,0,0,0,0,0,0,0,0,0,6913,1,52642,1,169078,1,29237,1,2886,1,5400,1,30259,1,386059,1,16333,1,235,1,9545,1,4469,1,16568,1,9545,1,0,1,1240,1,1,1,0,1,4503,1,5042,1,0,1,0,0,0,1,0,1,0,1,0,1,0,1,0,1,0,1,0,1,0,1,2,1,0,1,0,1,1,1,8,1,24,1,0,1,0,1,211,1,16333,1,1,1,1,1,0,0,0,0,0,0,0,0,0,0,0,1,0,1,0,1,0,1,0,1,0,0,0,0,0,1,0,0
386,14798700,4469,9545,28.988914,,0,11,8,96,44478,14588,2245,14754222,16,216,331,1,28676,1,311,1,259624,1,697203,1,137036,1,13619920,1,11122,1,522785,1,9088,4,570197,4,69174,4,4173782,4,8202073,8,12193010,96,180601,36,3727,1,51540,1,2966,1,0,0,0,0,0,0,0,0,0,0,0,0,0,0,7404,1,53243,1,168357,1,29487,1,3406,1,5120,1,30058,1,483939,1,16333,1,235,1,9545,1,4469,1,16568,1,9545,1,0,1,1240,1,1,1,0,1,4503,1,5042,1,0,1,0,0,0,1,0,1,0,1,0,1,0,1,0,1,0,1,0,1,0,1,2,1,0,1,0,1,1,1,8,1,24,1,0,1,0,1,211,1,16333,1,1,1,1,1,0,0,0,0,0,0,0,0,0,0,0,1,0,1,0,1,0,1,0,1,0,0,0,0,0,1,0,0
387,15072000,4469,9545,28.988914,,0,11,8,96,88784,14578,2505,14983216,16,216,150,1,27824,1,90,1,266537,1,793044,1,182294,1,13699499,1,13777,1,437279,1,9218,4,565187,4,66900,4,4163432,4,8382047,8,12362714,96,180260,36,3447,1,52813,1,4599,1,0,0,0,0,0,0,0,0,0,0,0,0,0,0,6853,1,54135,1,167154,1,37112,1,3577,1,6292,1,30139,1,396640,1,16334,1,235,1,9545,1,4469,1,16569,1,9545,1,0,1,1240,1,1,1,0,1,4500,1,5042,1,3,1,0,0,0,1,0,1,0,1,0,1,0,1,0,1,0,1,0,1,0,1,2,1,0,1,0,1,1,1,8,1,24,1,0,1,0,1,211,1,16334,1,1,1,0,1,0,0,0,0,0,0,0,0,0,0,0,1,0,1,0,1,0,1,0,1,0,0,0,0,0,1,0,0
388,15628600,4469,9545,28.988914,,0,11,8,96,84795,15480,3447,15543805,16,216,341,1,33445,1,170,1,387122,1,841123,1,231059,1,14039274,1,11272,1,415707,1,9629,4,589154,4,65688,4,4325988,4,8559927,8,12704022,96,178446,36,3727,1,49496,1,4479,1,0,0,0,0,0,0,0,0,0,0,0,0,0,0,24548,1,71529,1,249705,1,39857,1,3757,1,6974,1,29607,1,374928,1,16334,1,235,1,9545,1,4469,1,16569,1,9545,1,0,1,1240,1,1,1,0,1,4503,1,5042,1,0,1,0,0,0,1,0,1,0,1,0,1,0,1,0,1,0,1,0,1,0,1,2,1,0,1,0,1,1,1,8,1,24,1,0,1,0,1,211,1,16334,1,1,1,1,1,0,0,0,0,0,0,0,0,0,0,0,1,0,1,0,1,0,1,0,1,0,0,0,0,0,1,0,0
389,15086900,4469,9545,28.988914,,0,11,8,96,44950,15821,2294,15041950,16,216,361,1,34016,1,100,1,322907,1,999230,1,204848,1,13469488,1,11001,1,428342,1,9619,4,516763,4,68283,4,4159465,4,8213845,8,12191056,96,179959,36,3717,1,49706,1,3928,1,0,0,0,0,0,0,0,0,0,0,0,0,0,0,9058,1,73473,1,197994,1,40909,1,3697,1,5771,1,30058,1,388314,1,16334,1,235,1,9545,1,4469,1,16569,1,9545,1,0,1,1240,1,1,1,0,1,4502,1,5042,1,1,1,0,0,0,1,0,1,0,1,0,1,0,1,0,1,0,1,0,1,0,1,2,1,0,1,0,1,1,1,8,1,24,1,0,1,0,1,211,1,16334,1,1,1,1,1,0,0,0,0,0,0,0,0,0,0,0,1,0,1,0,1,0,1,0,1,0,0,0,0,0,1,0,0
390,14711100,4469,9545,28.988914,,0,11,8,96,50650,15710,2445,14660450,16,216,40,1,27734,1,150,1,265886,1,682826,1,119572,1,13553130,1,11112,1,416178,1,18255,4,531652,4,74535,4,4171147,4,8259033,8,12248156,96,179579,36,3888,1,55398,1,7334,1,0,0,0,0,0,0,0,0,0,0,0,0,0,0,6743,1,53123,1,177214,1,28255,1,2805,1,5561,1,29658,1,377904,1,16334,1,235,1,9545,1,4469,1,16569,1,9545,1,0,1,1240,1,1,1,0,1,4503,1,5042,1,0,1,0,0,0,1,0,1,0,1,0,1,0,1,0,1,0,1,0,1,0,1,2,1,0,1,0,1,1,1,8,1,24,1,0,1,0,1,211,1,16334,1,1,1,1,1,0,0,0,0,0,0,0,0,0,0,0,1,0,1,0,1,0,1,0,1,0,0,0,0,0,1,0,0
391,14750000,4469,9545,28.988914,,0,11,8,96,43180,14588,2396,14706820,16,216,30,1,28064,1,130,1,264664,1,689478,1,128890,1,13584381,1,11182,1,471936,1,10450,4,560378,4,67902,4,4173642,4,8226440,8,12218779,96,178907,36,3777,1,51290,1,3978,1,0,0,0,0,0,0,0,0,0,0,0,0,0,0,6863,1,53594,1,174589,1,28936,1,2996,1,5090,1,32453,1,431247,1,16334,1,235,1,9545,1,4469,1,16569,1,9545,1,0,1,1240,1,1,1,0,1,4503,1,5042,1,0,1,0,0,0,1,0,1,0,1,0,1,0,1,0,1,0,1,0,1,0,1,2,1,0,1,0,1,1,1,8,1,24,1,0,1,0,1,211,1,16334,1,1,1,1,1,0,0,0,0,0,0,0,0,0,0,0,1,0,1,0,1,0,1,0,1,0,0,0,0,0,1,0,0
392,14797900,4469,9545,28.988914,,0,11,8,96,41464,13636,4149,14756436,16,216,271,1,27493,1,40,1,259724,1,685130,1,124912,1,13647824,1,11041,1,526101,1,10601,4,561560,4,73352,4,4174394,4,8229235,8,12220543,96,178937,36,3707,1,50308,1,4930,1,0,0,0,0,0,0,0,0,0,0,0,0,0,0,6563,1,53263,1,170561,1,28515,1,2645,1,5511,1,29958,1,487767,1,16336,1,235,1,9545,1,4469,1,16571,1,9545,1,0,1,1240,1,1,1,0,1,4502,1,5042,1,1,1,0,0,0,1,0,1,0,1,0,1,0,1,0,1,0,1,0,1,0,1,2,1,0,1,0,1,1,1,8,1,24,1,0,1,0,1,211,1,16336,1,1,1,0,1,0,0,0,0,0,0,0,0,0,0,0,1,0,1,0,1,0,1,0,1,0,0,0,0,0,1,0,0
393,14741600,4469,9545,28.988914,,0,11,8,96,54108,15140,2105,14687492,16,216,10,1,27654,1,110,1,257149,1,695520,1,124171,1,13571706,1,11172,1,480502,1,11041,4,521963,4,68653,4,4165947,4,8227281,8,12211816,96,179307,36,3817,1,71809,1,5551,1,0,0,0,0,0,0,0,0,0,0,0,0,0,0,6653,1,52953,1,168006,1,28756,1,3136,1,5601,1,29798,1,441728,1,16336,1,235,1,9545,1,4469,1,16571,1,9545,1,0,1,1240,1,1,1,0,1,4503,1,5042,1,0,1,0,0,0,1,0,1,0,1,0,1,0,1,0,1,0,1,0,1,0,1,2,1,0,1,0,1,1,1,8,1,24,1,0,1,0,1,211,1,16336,1,1,1,1,1,0,0,0,0,0,0,0,0,0,0,0,1,0,1,0,1,0,1,0,1,0,0,0,0,0,1,0,0
394,14708600,4469,9545,28.988914,,0,11,8,96,41157,14138,2375,14667443,16,216,190,1,29437,1,30,1,257289,1,693346,1,122518,1,13553030,1,11603,1,458400,1,11302,4,518376,4,67271,4,4189002,4,8238824,8,12246493,96,178957,36,3807,1,45799,1,6112,1,0,0,0,0,0,0,0,0,0,0,0,0,0,0,6693,1,53975,1,166523,1,29417,1,2906,1,5541,1,30058,1,419705,1,16336,1,235,1,9545,1,4469,1,16571,1,9545,1,0,1,1240,1,1,1,0,1,4503,1,5042,1,0,1,0,0,0,1,0,1,0,1,0,1,0,1,0,1,0,1,0,1,0,1,2,1,0,1,0,1,1,1,8,1,24,1,0,1,0,1,211,1,16336,1,1,1,1,1,0,0,0,0,0,0,0,0,0,0,0,1,0,1,0,1,0,1,0,1,0,0,0,0,0,1,0,0
395,14653000,4469,9545,28.988914,,0,11,8,96,42277,12274,3267,14610723,16,216,100,1,27854,1,40,1,254434,1,676704,1,123630,1,13517010,1,10951,1,425336,1,8857,4,542834,4,66579,4,4184283,4,8217172,8,12218549,96,179639,36,5240,1,49937,1,4499,1,0,0,0,0,0,0,0,0,0,0,0,0,0,0,6172,1,53123,1,166583,1,27814,1,3446,1,5390,1,29788,1,386560,1,16337,1,235,1,9545,1,4469,1,16572,1,9545,1,0,1,1240,1,1,1,0,1,4503,1,5042,1,0,1,0,0,0,1,0,1,0,1,0,1,0,1,0,1,0,1,0,1,0,1,2,1,0,1,0,1,1,1,8,1,24,1,0,1,0,1,211,1,16337,1,1,1,0,1,0,0,0,0,0,0,0,0,0,0,0,1,0,1,0,1,0,1,0,1,0,0,0,0,0,1,0,0
396,14675000,4469,9545,28.988914,,0,11,8,96,43637,14389,2726,14631363,16,216,10,1,29006,1,100,1,269824,1,676523,1,120875,1,13523994,1,11031,1,423783,1,18536,4,543806,4,68082,4,4170526,4,8229646,8,12218108,96,179338,36,3897,1,46801,1,4529,1,0,0,0,0,0,0,0,0,0,0,0,0,0,0,7234,1,60457,1,165591,1,35960,1,2835,1,5451,1,29948,1,385388,1,16337,1,235,1,9545,1,4469,1,16572,1,9545,1,0,1,1240,1,1,1,0,1,4503,1,5042,1,0,1,0,0,0,1,0,1,0,1,0,1,0,1,0,1,0,1,0,1,0,1,2,1,0,1,0,1,1,1,8,1,24,1,0,1,0,1,211,1,16337,1,1,1,1,1,0,0,0,0,0,0,0,0,0,0,0,1,0,1,0,1,0,1,0,1,0,0,0,0,0,1,0,0
397,14673500,4469,9545,28.988914,,0,11,8,96,39311,14999,2656,14634189,16,216,170,1,27984,1,60,1,255306,1,681974,1,125013,1,13532861,1,10821,1,429995,1,12775,4,523196,4,68884,4,4182850,4,8242591,8,12243427,96,179358,36,3607,1,48965,1,5000,1,0,0,0,0,0,0,0,0,0,0,0,0,0,0,6964,1,53584,1,165191,1,28936,1,2785,1,5591,1,30279,1,391109,1,16337,1,235,1,9545,1,4469,1,16572,1,9545,1,0,1,1240,1,1,1,0,1,4502,1,5042,1,1,1,0,0,0,1,0,1,0,1,0,1,0,1,0,1,0,1,0,1,0,1,2,1,0,1,0,1,1,1,8,1,24,1,0,1,0,1,211,1,16337,1,1,1,1,1,0,0,0,0,0,0,0,0,0,0,0,1,0,1,0,1,0,1,0,1,0,0,0,0,0,1,0,0
398,14670500,4469,9545,28.988914,,0,11,8,96,40850,12474,2395,14629650,16,216,60,1,27103,1,170,1,252280,1,678227,1,123390,1,13537450,1,10971,1,419204,1,10741,4,536411,4,71198,4,4180205,4,8250246,8,12246363,96,181693,36,3737,1,48634,1,4599,1,0,0,0,0,0,0,0,0,0,0,0,0,0,0,6583,1,52893,1,163828,1,28245,1,2755,1,5350,1,29768,1,380869,1,16336,1,235,1,9545,1,4469,1,16571,1,9545,1,0,1,1240,1,1,1,0,1,4503,1,5042,1,0,1,0,0,0,1,0,1,0,1,0,1,0,1,0,1,0,1,0,1,0,1,2,1,0,1,0,1,1,1,8,1,24,1,0,1,0,1,211,1,16336,1,1,1,0,1,0,0,0,0,0,0,0,0,0,0,0,1,0,1,0,1,0,1,0,1,0,0,0,0,0,1,0,0
399,14674000,4469,9545,28.988914,,0,11,8,96,42045,13757,2786,14631955,16,216,70,1,28245,1,180,1,253853,1,691001,1,121646,1,13526168,1,10791,1,408333,1,9198,4,566901,4,67170,4,4171979,4,8235968,8,12225072,96,180089,36,3597,1,45809,1,3457,1,0,0,0,0,0,0,0,0,0,0,0,0,0,0,6513,1,53063,1,164950,1,28185,1,2745,1,5591,1,29838,1,369928,1,16336,1,235,1,9545,1,4469,1,16571,1,9545,1,0,1,1240,1,1,1,0,1,4503,1,5042,1,0,1,0,0,0,1,0,1,0,1,0,1,0,1,0,1,0,1,0,1,0,1,2,1,0,1,0,1,1,1,8,1,24,1,0,1,0,1,211,1,16336,1,1,1,1,1,0,0,0,0,0,0,0,0,0,0,0,1,0,1,0,1,0,1,0,1,0,0,0,0,0,1,0,0
400,14960500,4469,9545,28.988914,,0,11,8,96,107396,18546,2896,14853104,16,216,100,1,34858,1,120,1,252771,1,686653,1,183827,1,13681229,1,13546,1,460895,1,19097,4,573984,4,66760,4,4275891,4,8211441,8,12305438,96,178997,36,3697,1,47703,1,3216,1,0,0,0,0,0,0,0,0,0,0,0,0,0,0,6422,1,53003,1,163517,1,28756,1,3978,1,7024,1,37383,1,411940,1,16336,1,235,1,9545,1,4469,1,16571,1,9545,1,0,1,1240,1,1,1,0,1,4503,1,5042,1,0,1,0,0,0,1,0,1,0,1,0,1,0,1,0,1,0,1,0,1,0,1,2,1,0,1,0,1,1,1,8,1,24,1,0,1,0,1,211,1,16336,1,1,1,1,1,0,0,0,0,0,0,0,0,0,0,0,1,0,1,0,1,0,1,0,1,0,0,0,0,0,1,0,0
401,15069600,4469,9545,28.988914,,0,11,8,96,71495,15420,2475,14998105,16,216,461,1,41701,1,210,1,334008,1,849078,1,176232,1,13585413,1,11001,1,465824,1,11092,4,554005,4,67190,4,4177169,4,8235948,8,12229180,96,181462,36,3797,1,49236,1,5731,1,0,0,0,0,0,0,0,0,0,0,0,0,0,0,8787,1,70978,1,211420,1,41370,1,4088,1,6523,1,29838,1,424935,1,16336,1,235,1,9545,1,4469,1,16571,1,9545,1,0,1,1240,1,1,1,0,1,4502,1,5042,1,1,1,0,0,0,1,0,1,0,1,0,1,0,1,0,1,0,1,0,1,0,1,2,1,0,1,0,1,1,1,8,1,24,1,0,1,0,1,211,1,16336,1,1,1,1,1,0,0,0,0,0,0,0,0,0,0,0,1,0,1,0,1,0,1,0,1,0,0,0,0,0,1,0,0
402,14648400,4469,9545,28.988914,,0,11,8,96,38558,13576,2316,14609842,16,216,30,1,26802,1,210,1,265495,1,679970,1,126936,1,13499276,1,11122,1,420927,1,8707,4,526262,4,65738,4,4185325,4,8220238,8,12222957,96,180290,36,5861,1,48123,1,4519,1,0,0,0,0,0,0,0,0,0,0,0,0,0,0,6653,1,52873,1,174970,1,30329,1,3336,1,5661,1,30589,1,381150,1,16336,1,235,1,9545,1,4469,1,16571,1,9545,1,0,1,1240,1,1,1,0,1,4502,1,5042,1,1,1,0,0,0,1,0,1,0,1,0,1,0,1,0,1,0,1,0,1,0,1,2,1,0,1,0,1,1,1,8,1,24,1,0,1,0,1,211,1,16336,1,1,1,1,1,0,0,0,0,0,0,0,0,0,0,0,1,0,1,0,1,0,1,0,1,0,0,0,0,0,1,0,0
403,14771900,4469,9545,28.988914,,0,11,8,96,45342,12655,2716,14726558,16,216,50,1,27894,1,110,1,277368,1,765666,1,120494,1,13523563,1,11412,1,407441,1,11803,4,524258,4,72010,4,4186437,4,8246929,8,12250261,96,180390,36,3367,1,52782,1,5881,1,0,0,0,0,0,0,0,0,0,0,0,0,0,0,7475,1,60768,1,172615,1,35779,1,2825,1,5250,1,29878,1,369217,1,16337,1,235,1,9545,1,4469,1,16572,1,9545,1,0,1,1240,1,1,1,0,1,4503,1,5042,1,0,1,0,0,0,1,0,1,0,1,0,1,0,1,0,1,0,1,0,1,0,1,2,1,0,1,0,1,1,1,8,1,24,1,0,1,0,1,211,1,16337,1,1,1,0,1,0,0,0,0,0,0,0,0,0,0,0,1,0,1,0,1,0,1,0,1,0,0,0,0,0,1,0,0
404,14739000,4469,9545,28.988914,,0,11,8,96,42340,14218,2385,14696660,16,216,80,1,28405,1,150,1,260155,1,683357,1,124862,1,13588529,1,11122,1,475543,1,13025,4,520450,4,68563,4,4181147,4,8252731,8,12251363,96,180130,36,3266,1,54235,1,5350,1,0,0,0,0,0,0,0,0,0,0,0,0,0,0,6803,1,54235,1,169188,1,29056,1,2876,1,5551,1,29988,1,436908,1,16337,1,235,1,9545,1,4469,1,16572,1,9545,1,0,1,1240,1,1,1,0,1,4503,1,5042,1,0,1,0,0,0,1,0,1,0,1,0,1,0,1,0,1,0,1,0,1,0,1,2,1,0,1,0,1,1,1,8,1,24,1,0,1,0,1,211,1,16337,1,1,1,1,1,0,0,0,0,0,0,0,0,0,0,0,1,0,1,0,1,0,1,0,1,0,0,0,0,0,1,0,0
405,14731900,4469,9545,28.988914,,0,11,8,96,41702,13827,2285,14690198,16,216,150,1,27774,1,110,1,257350,1,679579,1,121847,1,13592346,1,11041,1,445846,1,9018,4,554917,4,69174,4,4190815,4,8256538,8,12264798,96,180270,36,3186,1,44917,1,4108,1,0,0,0,0,0,0,0,0,0,0,0,0,0,0,6753,1,53995,1,167295,1,28235,1,2825,1,5761,1,29848,1,407231,1,16337,1,235,1,9545,1,4469,1,16572,1,9545,1,0,1,1240,1,1,1,0,1,4503,1,5042,1,0,1,0,0,0,1,0,1,0,1,0,1,0,1,0,1,0,1,0,1,0,1,2,1,0,1,0,1,1,1,8,1,24,1,0,1,0,1,211,1,16337,1,1,1,1,1,0,0,0,0,0,0,0,0,0,0,0,1,0,1,0,1,0,1,0,1,0,0,0,0,0,1,0,0
406,14715200,4469,9545,28.988914,,0,11,8,96,42867,14107,2385,14672333,16,216,100,1,27283,1,110,1,255536,1,679730,1,121346,1,13576876,1,11352,1,426979,1,11693,4,582571,4,68473,4,4185986,4,8232972,8,12236063,96,180510,36,4409,1,46520,1,3166,1,0,0,0,0,0,0,0,0,0,0,0,0,0,0,6593,1,54476,1,166042,1,27874,1,2825,1,5611,1,29788,1,388584,1,16337,1,235,1,9545,1,4469,1,16572,1,9545,1,0,1,1240,1,1,1,0,1,4503,1,5042,1,0,1,0,0,0,1,0,1,0,1,0,1,0,1,0,1,0,1,0,1,0,1,2,1,0,1,0,1,1,1,8,1,24,1,0,1,0,1,211,1,16337,1,1,1,1,1,0,0,0,0,0,0,0,0,0,0,0,1,0,1,0,1,0,1,0,1,0,0,0,0,0,1,0,0
407,14722900,4469,9545,28.988914,,0,11,8,96,58583,26041,2376,14664317,16,216,10,1,27443,1,100,1,256338,1,712062,1,138298,1,13518703,1,11362,1,414505,1,10280,4,546501,4,66840,4,4179023,4,8220188,8,12217016,96,179819,36,3487,1,48634,1,3206,1,0,0,0,0,0,0,0,0,0,0,0,0,0,0,6863,1,52792,1,167235,1,28646,1,4469,1,11512,1,37152,1,360961,1,16337,1,235,1,9545,1,4469,1,16572,1,9545,1,0,1,1240,1,1,1,0,1,4503,1,5042,1,0,1,0,0,0,1,0,1,0,1,0,1,0,1,0,1,0,1,0,1,0,1,2,1,0,1,0,1,1,1,8,1,24,1,0,1,0,1,211,1,16337,1,1,1,1,1,0,0,0,0,0,0,0,0,0,0,0,1,0,1,0,1,0,1,0,1,0,0,0,0,0,1,0,0
408,14824100,4469,9545,28.988914,,0,11,8,96,48306,14548,2315,14775794,16,216,1032,1,32343,1,180,1,338297,1,714196,1,146104,1,13532500,1,11142,1,437790,1,9969,4,523647,4,67030,4,4178752,4,8239535,8,12235983,96,179989,36,3517,1,51089,1,6623,1,0,0,0,0,0,0,0,0,0,0,0,0,0,0,8507,1,68703,1,221831,1,37843,1,3787,1,6062,1,30469,1,397161,1,16337,1,235,1,9545,1,4469,1,16572,1,9545,1,0,1,1240,1,1,1,0,1,4502,1,5042,1,1,1,0,0,0,1,0,1,0,1,0,1,0,1,0,1,0,1,0,1,0,1,2,1,0,1,0,1,1,1,8,1,24,1,0,1,0,1,211,1,16337,1,1,1,1,1,0,0,0,0,0,0,0,0,0,0,0,1,0,1,0,1,0,1,0,1,0,0,0,0,0,1,0,0
409,14741900,4469,9545,28.988914,,0,11,8,96,42324,14638,2625,14699576,16,216,220,1,26802,1,230,1,266117,1,692915,1,164940,1,13537279,1,11071,1,429754,1,9699,4,539016,4,66740,4,4188271,4,8230478,8,12236264,96,179859,36,5511,1,48584,1,4589,1,0,0,0,0,0,0,0,0,0,0,0,0,0,0,6653,1,53293,1,177084,1,28415,1,3888,1,7014,1,29978,1,388614,1,16337,1,235,1,9545,1,4469,1,16572,1,9545,1,0,1,1240,1,1,1,0,1,4503,1,5042,1,0,1,0,0,0,1,0,1,0,1,0,1,0,1,0,1,0,1,0,1,0,1,2,1,0,1,0,1,1,1,8,1,24,1,0,1,0,1,211,1,16337,1,1,1,1,1,0,0,0,0,0,0,0,0,0,0,0,1,0,1,0,1,0,1,0,1,0,0,0,0,0,1,0,0
410,14753700,4469,9545,28.988914,,0,11,8,96,42121,14238,3156,14711579,16,216,240,1,28265,1,581,1,279553,1,683347,1,120233,1,13588228,1,11132,1,422861,1,20089,4,528055,4,69705,4,4225282,4,8243543,8,12283876,96,181793,36,5350,1,54205,1,4900,1,0,0,0,0,0,0,0,0,0,0,0,0,0,0,7294,1,61570,1,173797,1,36190,1,3377,1,5481,1,30169,1,383254,1,16337,1,235,1,9545,1,4469,1,16572,1,9545,1,0,1,1240,1,1,1,0,1,4503,1,5042,1,0,1,0,0,0,1,0,1,0,1,0,1,0,1,0,1,0,1,0,1,0,1,2,1,0,1,0,1,1,1,8,1,24,1,0,1,0,1,211,1,16337,1,1,1,1,1,0,0,0,0,0,0,0,0,0,0,0,1,0,1,0,1,0,1,0,1,0,0,0,0,0,1,0,0
411,14758100,4469,9545,28.988914,,0,11,8,96,43756,14739,2266,14714344,16,216,10,1,27944,1,100,1,258321,1,677165,1,123159,1,13616243,1,11402,1,455985,1,23335,4,530209,4,74044,4,4181347,4,8271788,8,12269868,96,181001,36,3407,1,55588,1,5801,1,0,0,0,0,0,0,0,0,0,0,0,0,0,0,6873,1,54165,1,167956,1,28435,1,2735,1,5671,1,29748,1,417651,1,16337,1,235,1,9545,1,4469,1,16572,1,9545,1,0,1,1240,1,1,1,0,1,4503,1,5042,1,0,1,0,0,0,1,0,1,0,1,0,1,0,1,0,1,0,1,0,1,0,1,2,1,0,1,0,1,1,1,8,1,24,1,0,1,0,1,211,1,16337,1,1,1,1,1,0,0,0,0,0,0,0,0,0,0,0,1,0,1,0,1,0,1,0,1,0,0,0,0,0,1,0,0
412,14782400,4469,9545,28.988914,,0,11,8,96,41694,14658,2666,14740706,16,216,190,1,28185,1,20,1,258051,1,685381,1,128750,1,13628787,1,11342,1,470093,1,12013,4,531903,4,70567,4,4225403,4,8243573,8,12286190,96,180120,36,3707,1,52803,1,4068,1,0,0,0,0,0,0,0,0,0,0,0,0,0,0,6984,1,53293,1,168016,1,29006,1,2866,1,5511,1,30128,1,431387,1,16337,1,235,1,9545,1,4469,1,16572,1,9545,1,0,1,1240,1,1,1,0,1,4503,1,5042,1,0,1,0,0,0,1,0,1,0,1,0,1,0,1,0,1,0,1,0,1,0,1,2,1,0,1,0,1,1,1,8,1,24,1,0,1,0,1,211,1,16337,1,1,1,1,1,0,0,0,0,0,0,0,0,0,0,0,1,0,1,0,1,0,1,0,1,0,0,0,0,0,1,0,0
413,14789200,4469,9545,28.988914,,0,11,8,96,41771,14328,2665,14747429,16,216,70,1,27042,1,30,1,254584,1,687424,1,120694,1,13646301,1,11282,1,469041,1,11442,4,592109,4,69124,4,4188962,4,8245116,8,12251203,96,180210,36,3236,1,49646,1,3296,1,0,0,0,0,0,0,0,0,0,0,0,0,0,0,6773,1,53865,1,165882,1,27604,1,2836,1,5651,1,29878,1,430466,1,16337,1,235,1,9545,1,4469,1,16572,1,9545,1,0,1,1240,1,1,1,0,1,4502,1,5042,1,1,1,0,0,0,1,0,1,0,1,0,1,0,1,0,1,0,1,0,1,0,1,2,1,0,1,0,1,1,1,8,1,24,1,0,1,0,1,211,1,16337,1,1,1,1,1,0,0,0,0,0,0,0,0,0,0,0,1,0,1,0,1,0,1,0,1,0,0,0,0,0,1,0,0
414,15125500,4469,9545,28.988914,,0,11,8,96,57023,20179,3037,15068477,16,216,110,1,27644,1,40,1,254704,1,713555,1,159991,1,13901121,1,11312,1,464582,1,10540,4,571509,4,79745,4,4278305,4,8411624,8,12506683,96,180210,36,4188,1,54796,1,5651,1,0,0,0,0,0,0,0,0,0,0,0,0,0,0,6683,1,52492,1,166223,1,28696,1,4419,1,7204,1,37353,1,415246,1,16337,1,235,1,9545,1,4469,1,16572,1,9545,1,0,1,1240,1,1,1,0,1,4503,1,5042,1,0,1,0,0,0,1,0,1,0,1,0,1,0,1,0,1,0,1,0,1,0,1,2,1,0,1,0,1,1,1,8,1,24,1,0,1,0,1,211,1,16337,1,1,1,1,1,0,0,0,0,0,0,0,0,0,0,0,1,0,1,0,1,0,1,0,1,0,0,0,0,0,1,0,0
415,14770800,4469,9545,28.988914,,0,11,8,96,58790,14448,2516,14712010,16,216,271,1,28936,1,130,1,264744,1,690901,1,122618,1,13593268,1,11142,1,459322,1,9829,4,521963,4,67471,4,4189523,4,8269944,8,12277263,96,179689,36,3787,1,51480,1,5501,1,0,0,0,0,0,0,0,0,0,0,0,0,0,0,7635,1,54406,1,172405,1,28465,1,3567,1,5621,1,30349,1,419254,1,16337,1,235,1,9545,1,4469,1,16572,1,9545,1,0,1,1240,1,1,1,0,1,4503,1,5042,1,0,1,0,0,0,1,0,1,0,1,0,1,0,1,0,1,0,1,0,1,0,1,2,1,0,1,0,1,1,1,8,1,24,1,0,1,0,1,211,1,16337,1,1,1,1,1,0,0,0,0,0,0,0,0,0,0,0,1,0,1,0,1,0,1,0,1,0,0,0,0,0,1,0,0
416,14721000,4469,9545,28.988914,,0,11,8,96,36684,14097,2565,14684316,16,216,230,1,27774,1,60,1,263071,1,681222,1,128459,1,13572818,1,10681,1,429183,1,8557,4,533416,4,67601,4,4211255,4,8252510,8,12281101,96,180100,36,5841,1,45649,1,4709,1,0,0,0,0,0,0,0,0,0,0,0,0,0,0,6853,1,52642,1,173146,1,29738,1,3216,1,5651,1,29718,1,390448,1,16337,1,235,1,9545,1,4469,1,16572,1,9545,1,0,1,1240,1,1,1,0,1,4502,1,5042,1,1,1,0,0,0,1,0,1,0,1,0,1,0,1,0,1,0,1,0,1,0,1,2,1,0,1,0,1,1,1,8,1,24,1,0,1,0,1,211,1,16337,1,1,1,1,1,0,0,0,0,0,0,0,0,0,0,0,1,0,1,0,1,0,1,0,1,0,0,0,0,0,1,0,0
417,14729000,4469,9545,28.988914,,0,11,8,96,44313,14087,2365,14684687,16,216,100,1,28455,1,80,1,274834,1,680701,1,121756,1,13567919,1,10841,1,410487,1,18306,4,536952,4,67611,4,4199813,4,8260927,8,12277143,96,181232,36,3647,1,50869,1,5220,1,0,0,0,0,0,0,0,0,0,0,0,0,0,0,7615,1,61509,1,168928,1,36250,1,3166,1,5531,1,29778,1,371812,1,16337,1,235,1,9545,1,4469,1,16572,1,9545,1,0,1,1240,1,1,1,0,1,4503,1,5042,1,0,1,0,0,0,1,0,1,0,1,0,1,0,1,0,1,0,1,0,1,0,1,2,1,0,1,0,1,1,1,8,1,24,1,0,1,0,1,211,1,16337,1,1,1,1,1,0,0,0,0,0,0,0,0,0,0,0,1,0,1,0,1,0,1,0,1,0,0,0,0,0,1,0,0
418,14711200,4469,9545,28.988914,,0,11,8,96,43135,13607,2325,14668065,16,216,190,1,27553,1,190,1,257891,1,682926,1,122127,1,13566466,1,10721,1,429133,1,14498,4,520160,4,69024,4,4203270,4,8261337,8,12282383,96,179899,36,3426,1,47612,1,4399,1,0,0,0,0,0,0,0,0,0,0,0,0,0,0,6473,1,53554,1,168677,1,28515,1,3186,1,5511,1,30159,1,390087,1,16337,1,235,1,9545,1,4469,1,16572,1,9545,1,0,1,1240,1,1,1,0,1,4502,1,5042,1,1,1,0,0,0,1,0,1,0,1,0,1,0,1,0,1,0,1,0,1,0,1,2,1,0,1,0,1,1,1,8,1,24,1,0,1,0,1,211,1,16337,1,1,1,1,1,0,0,0,0,0,0,0,0,0,0,0,1,0,1,0,1,0,1,0,1,0,0,0,0,0,1,0,0
419,14694000,4469,9545,28.988914,,0,11,8,96,42588,14689,2946,14651412,16,216,10,1,27463,1,30,1,254885,1,676684,1,121416,1,13560184,1,10741,1,405126,1,9258,4,557843,4,74605,4,4200114,4,8245797,8,12263045,96,179919,36,3276,1,45408,1,4068,1,0,0,0,0,0,0,0,0,0,0,0,0,0,0,6593,1,52792,1,167014,1,27914,1,3236,1,5591,1,29918,1,366201,1,16337,1,235,1,9545,1,4469,1,16572,1,9545,1,0,1,1240,1,1,1,0,1,4503,1,5042,1,0,1,0,0,0,1,0,1,0,1,0,1,0,1,0,1,0,1,0,1,0,1,2,1,0,1,0,1,1,1,8,1,24,1,0,1,0,1,211,1,16337,1,1,1,1,1,0,0,0,0,0,0,0,0,0,0,0,1,0,1,0,1,0,1,0,1,0,0,0,0,0,1,0,0
420,14782000,4469,9545,28.988914,,0,11,8,96,42597,14458,2455,14739403,16,216,100,1,27393,1,50,1,254624,1,690180,1,121075,1,13634689,1,11292,1,444573,1,11021,4,585296,4,67411,4,4199593,4,8254915,8,12272143,96,179909,36,3326,1,49917,1,4178,1,0,0,0,0,0,0,0,0,0,0,0,0,0,0,6613,1,52041,1,165922,1,29367,1,3116,1,5561,1,29978,1,405738,1,16337,1,235,1,9545,1,4469,1,16572,1,9545,1,0,1,1240,1,1,1,0,1,4502,1,5042,1,1,1,0,0,0,1,0,1,0,1,0,1,0,1,0,1,0,1,0,1,0,1,2,1,0,1,0,1,1,1,8,1,24,1,0,1,0,1,211,1,16337,1,1,1,1,1,0,0,0,0,0,0,0,0,0,0,0,1,0,1,0,1,0,1,0,1,0,0,0,0,0,1,0,0
421,14838000,4468,9545,28.988914,,0,11,8,96,66585,10090,2325,14771415,16,216,20,1,28014,1,100,1,252681,1,709167,1,161854,1,13602496,1,17083,1,473790,1,9178,4,525871,4,66028,4,4195334,4,8262560,8,12276802,96,178767,36,3276,1,51580,1,4789,1,0,0,0,0,0,0,0,0,0,0,0,0,0,0,6623,1,52682,1,164409,1,27994,1,3447,1,5791,1,30329,1,433672,1,16339,1,232,1,9545,1,4468,1,16571,1,9545,1,0,1,1240,1,1,1,0,1,4503,1,5042,1,0,1,0,0,0,1,0,1,0,1,0,1,0,1,0,1,0,1,0,1,0,1,2,1,0,1,0,1,1,1,8,1,24,1,0,1,0,1,208,1,16339,1,0,1,0,1,0,0,0,0,0,0,0,0,0,0,0,1,0,1,0,1,0,1,0,1,0,0,0,0,0,1,0,0
422,15013400,4468,9545,28.988914,,0,11,8,96,57171,14588,2605,14956229,16,216,741,1,39777,1,261,1,351933,1,685050,1,142867,1,13724187,1,11412,1,400237,1,11552,4,539076,4,66880,4,4186687,4,8448936,8,12455424,96,177595,36,4038,1,47322,1,4869,1,0,0,0,0,0,0,0,0,0,0,0,0,0,0,8907,1,70447,1,236549,1,34347,1,3346,1,6202,1,29908,1,360460,1,16340,1,232,1,9545,1,4468,1,16572,1,9545,1,0,1,1240,1,1,1,0,1,4503,1,5042,1,0,1,0,0,0,1,0,1,0,1,0,1,0,1,0,1,0,1,0,1,0,1,2,1,0,1,0,1,1,1,8,1,24,1,0,1,0,1,208,1,16340,1,1,1,0,1,0,0,0,0,0,0,0,0,0,0,0,1,0,1,0,1,0,1,0,1,0,0,0,0,0,1,0,0
423,14767900,4468,9545,28.988914,,0,11,8,96,45370,16091,3227,14722530,16,216,180,1,39386,1,120,1,278631,1,679609,1,150562,1,13562619,1,11422,1,426328,1,8607,4,523035,4,70176,4,4209091,4,8246950,8,12274267,96,178547,36,5240,1,52352,1,4749,1,0,0,0,0,0,0,0,0,0,0,0,0,0,0,7224,1,53925,1,179669,1,36621,1,3898,1,6563,1,29908,1,385238,1,16340,1,232,1,9545,1,4468,1,16572,1,9545,1,0,1,1240,1,1,1,0,1,4503,1,5042,1,0,1,0,0,0,1,0,1,0,1,0,1,0,1,0,1,0,1,0,1,0,1,2,1,0,1,0,1,1,1,8,1,24,1,0,1,0,1,208,1,16340,1,1,1,1,1,0,0,0,0,0,0,0,0,0,0,0,1,0,1,0,1,0,1,0,1,0,0,0,0,0,1,0,0
424,14749200,4468,9545,28.988914,,0,11,8,96,42290,14458,2335,14706910,16,216,170,1,28245,1,291,1,281547,1,679429,1,123880,1,13582086,1,11262,1,435004,1,16111,4,534047,4,68142,4,4198691,4,8255797,8,12274087,96,178065,36,3657,1,50628,1,5551,1,0,0,0,0,0,0,0,0,0,0,0,0,0,0,7404,1,60207,1,176382,1,36781,1,2886,1,5581,1,29617,1,396670,1,16340,1,232,1,9545,1,4468,1,16572,1,9545,1,0,1,1240,1,1,1,0,1,4503,1,5042,1,0,1,0,0,0,1,0,1,0,1,0,1,0,1,0,1,0,1,0,1,0,1,2,1,0,1,0,1,1,1,8,1,24,1,0,1,0,1,208,1,16340,1,1,1,1,1,0,0,0,0,0,0,0,0,0,0,0,1,0,1,0,1,0,1,0,1,0,0,0,0,0,1,0,0
425,14757400,4468,9545,28.988914,,0,11,8,96,44158,13446,2686,14713242,16,216,70,1,26872,1,210,1,260686,1,685040,1,121957,1,13606885,1,11522,1,434023,1,13606,4,520250,4,69785,4,4217527,4,8277328,8,12312992,96,179178,36,3607,1,52161,1,5150,1,0,0,0,0,0,0,0,0,0,0,0,0,0,0,6262,1,53744,1,171142,1,28315,1,3166,1,5421,1,30379,1,394867,1,16341,1,232,1,9545,1,4468,1,16573,1,9545,1,0,1,1240,1,1,1,0,1,4503,1,5042,1,0,1,0,0,0,1,0,1,0,1,0,1,0,1,0,1,0,1,0,1,0,1,2,1,0,1,0,1,1,1,8,1,24,1,0,1,0,1,208,1,16341,1,1,1,0,1,0,0,0,0,0,0,0,0,0,0,0,1,0,1,0,1,0,1,0,1,0,0,0,0,0,1,0,0
426,14723100,4468,9545,28.988918,,0,11,8,96,45347,14819,3287,14677753,16,216,230,1,28626,1,90,1,259394,1,683908,1,123880,1,13570364,1,11262,1,439804,1,9979,4,553645,4,68683,4,4186878,4,8237982,8,12244700,96,176873,36,3607,1,51760,1,3206,1,0,0,0,0,0,0,0,0,0,0,0,0,0,0,6933,1,53965,1,168768,1,29217,1,2926,1,5491,1,29678,1,401359,1,16341,1,232,1,9545,1,4468,1,16573,1,9545,1,0,1,1240,1,1,1,0,1,4502,1,5042,1,1,1,0,0,0,1,0,1,0,1,0,1,0,1,0,1,0,1,0,1,0,1,2,1,0,1,0,1,1,1,8,1,24,1,0,1,0,1,208,1,16341,1,1,1,1,1,0,0,0,0,0,0,0,0,0,0,0,1,0,1,0,1,0,1,0,1,0,0,0,0,0,1,0,0
427,14638900,4468,9545,28.988918,,0,11,8,96,59167,14278,4879,14579733,16,216,140,1,28736,1,100,1,261067,1,686793,1,123550,1,13462334,1,17013,1,483799,1,8587,4,535019,4,65136,4,4133564,4,8161263,8,12114517,96,175431,36,3296,1,54806,1,2585,1,0,0,0,0,0,0,0,0,0,0,0,0,0,0,8186,1,54706,1,167876,1,29567,1,2866,1,5581,1,29878,1,444803,1,16341,1,232,1,9545,1,4468,1,16573,1,9545,1,0,1,1240,1,1,1,0,1,4501,1,5042,1,2,1,0,0,0,1,0,1,0,1,0,1,0,1,0,1,0,1,0,1,0,1,2,1,0,1,0,1,1,1,8,1,24,1,0,1,0,1,208,1,16341,1,1,1,0,1,0,0,0,0,0,0,0,0,0,0,0,1,0,1,0,1,0,1,0,1,0,0,0,0,0,1,0,0
428,14349900,4468,9545,28.988918,,0,11,8,96,87613,11663,2405,14262287,16,216,50,1,28125,1,80,1,255887,1,686423,1,115364,1,13153935,1,22424,1,375178,1,7234,4,519368,4,64756,4,4089870,4,8045899,8,11960438,96,172926,36,2986,1,34166,1,2815,1,0,0,0,0,0,0,0,0,0,0,0,0,0,0,8116,1,52061,1,167245,1,27654,1,2605,1,5280,1,29397,1,337776,1,16343,1,232,1,9545,1,4468,1,16575,1,9545,1,0,1,1240,1,1,1,0,1,4502,1,5042,1,1,1,0,0,0,1,0,1,0,1,0,1,0,1,0,1,0,1,0,1,0,1,2,1,0,1,0,1,1,1,8,1,24,1,0,1,0,1,208,1,16343,1,1,1,0,1,0,0,0,0,0,0,0,0,0,0,0,1,0,1,0,1,0,1,0,1,0,0,0,0,0,1,0,0
429,14198200,4468,9545,28.988918,,0,11,8,96,78340,12054,3417,14119860,16,216,90,1,34938,1,130,1,253793,1,664069,1,113891,1,13036978,1,15971,1,308689,1,7214,4,517414,4,68022,4,4082866,4,8002385,8,11908738,96,173096,36,3016,1,32734,1,2585,1,0,0,0,0,0,0,0,0,0,0,0,0,0,0,8206,1,51730,1,166122,1,27433,1,2645,1,5260,1,29427,1,271227,1,16342,1,232,1,9545,1,4468,1,16574,1,9545,1,0,1,1240,1,1,1,0,1,4502,1,5042,1,1,1,0,0,0,1,0,1,0,1,0,1,0,1,0,1,0,1,0,1,0,1,2,1,0,1,0,1,1,1,8,1,24,1,0,1,0,1,208,1,16342,1,1,1,0,1,0,0,0,0,0,0,0,0,0,0,0,1,0,1,0,1,0,1,0,1,0,0,0,0,0,1,0,0
430,14353800,4468,9545,28.988918,,0,11,8,96,73929,13687,3216,14279871,16,216,50,1,28906,1,70,1,250867,1,669820,1,117438,1,13195726,1,16993,1,295714,1,7184,4,520210,4,66228,4,4089519,4,8043915,8,11956881,96,173336,36,7995,1,137076,1,14198,1,0,0,0,0,0,0,0,0,0,0,0,0,0,0,7515,1,50698,1,165341,1,27073,1,2745,1,5380,1,29858,1,257610,1,16342,1,232,1,9545,1,4468,1,16574,1,9545,1,0,1,1240,1,1,1,0,1,4503,1,5042,1,0,1,0,0,0,1,0,1,0,1,0,1,0,1,0,1,0,1,0,1,0,1,2,1,0,1,0,1,1,1,8,1,24,1,0,1,0,1,208,1,16342,1,1,1,1,1,0,0,0,0,0,0,0,0,0,0,0,1,0,1,0,1,0,1,0,1,0,0,0,0,0,1,0,0
431,14459700,4468,9545,28.988918,,0,11,8,96,42372,13677,2505,14417328,16,216,100,1,38885,1,361,1,265766,1,690971,1,120173,1,13290601,1,10470,1,403694,1,7905,4,546170,4,66389,4,4123054,4,8081128,8,12025535,96,176142,36,3066,1,42983,1,2535,1,0,0,0,0,0,0,0,0,0,0,0,0,0,0,9488,1,55337,1,171132,1,28495,1,2745,1,5551,1,29738,1,365459,1,16343,1,232,1,9545,1,4468,1,16575,1,9545,1,0,1,1240,1,1,1,0,1,4501,1,5042,1,2,1,0,0,0,1,0,1,0,1,0,1,0,1,0,1,0,1,0,1,0,1,2,1,0,1,0,1,1,1,8,1,24,1,0,1,0,1,208,1,16343,1,1,1,0,1,0,0,0,0,0,0,0,0,0,0,0,1,0,1,0,1,0,1,0,1,0,0,0,0,0,1,0,0
432,14323700,4468,9545,28.988918,,0,11,8,96,51724,10320,2405,14271976,16,216,190,1,26742,1,30,1,250997,1,673898,1,115845,1,13191168,1,13105,1,339098,1,7294,4,519238,4,65086,4,4121511,4,8084855,8,12028641,96,175320,36,3286,1,37843,1,2635,1,0,0,0,0,0,0,0,0,0,0,0,0,0,0,7444,1,50949,1,164740,1,27473,1,2645,1,5170,1,29668,1,301475,1,16345,1,232,1,9545,1,4468,1,16577,1,9545,1,0,1,1240,1,1,1,0,1,4502,1,5042,1,1,1,0,0,0,1,0,1,0,1,0,1,0,1,0,1,0,1,0,1,0,1,2,1,0,1,0,1,1,1,8,1,24,1,0,1,0,1,208,1,16345,1,1,1,0,1,0,0,0,0,0,0,0,0,0,0,0,1,0,1,0,1,0,1,0,1,0,0,0,0,0,1,0,0
433,14269900,4468,9545,28.988918,,0,11,8,96,39064,13166,2264,14230836,16,216,60,1,32523,1,100,1,254444,1,667486,1,116045,1,13150098,1,10080,1,338287,1,8016,4,519629,4,64896,4,4103396,4,8056891,8,11983273,96,174749,36,3316,1,39907,1,2595,1,0,0,0,0,0,0,0,0,0,0,0,0,0,0,8587,1,52522,1,165762,1,27143,1,2685,1,5441,1,30209,1,299822,1,16345,1,232,1,9545,1,4468,1,16577,1,9545,1,0,1,1240,1,1,1,0,1,4503,1,5042,1,0,1,0,0,0,1,0,1,0,1,0,1,0,1,0,1,0,1,0,1,0,1,2,1,0,1,0,1,1,1,8,1,24,1,0,1,0,1,208,1,16345,1,1,1,1,1,0,0,0,0,0,0,0,0,0,0,0,1,0,1,0,1,0,1,0,1,0,0,0,0,0,1,0,0
434,14226600,4469,9545,28.988918,,0,11,8,96,37044,9007,2735,14189556,16,216,70,1,27443,1,30,1,249935,1,667325,1,114793,1,13119869,1,10090,1,321064,1,7304,4,520771,4,84023,4,4099889,4,8045308,8,11966951,96,175511,36,2956,1,26982,1,2565,1,0,0,0,0,0,0,0,0,0,0,0,0,0,0,7555,1,51009,1,163998,1,27153,1,2465,1,6172,1,29808,1,282488,1,16344,1,233,1,9545,1,4469,1,16577,1,9545,1,0,1,1240,1,1,1,0,1,4503,1,5042,1,0,1,0,0,0,1,0,1,0,1,0,1,0,1,0,1,0,1,0,1,0,1,2,1,0,1,0,1,1,1,8,1,28,1,0,1,0,1,205,1,16344,1,0,1,0,1,0,0,0,0,0,0,0,0,0,0,0,1,0,1,0,1,0,1,0,1,0,0,0,0,0,1,0,0
435,14267700,4469,9545,28.988918,,0,11,8,96,55611,12985,2745,14212089,16,216,130,1,26441,1,20,1,249585,1,675281,1,115895,1,13128406,1,16332,1,289131,1,7344,4,520801,4,64545,4,4114077,4,8087700,8,12024212,96,174819,36,2926,1,26331,1,2565,1,0,0,0,0,0,0,0,0,0,0,0,0,0,0,7044,1,50248,1,165451,1,26552,1,2555,1,5721,1,29407,1,251328,1,16343,1,233,1,9545,1,4469,1,16576,1,9545,1,0,1,1240,1,1,1,0,1,4503,1,5042,1,0,1,0,0,0,1,0,1,0,1,0,1,0,1,0,1,0,1,0,1,0,1,2,1,0,1,0,1,1,1,8,1,28,1,0,1,0,1,205,1,16343,1,1,1,0,1,0,0,0,0,0,0,0,0,0,0,0,1,0,1,0,1,0,1,0,1,0,0,0,0,0,1,0,0
436,14266200,4469,9545,28.988918,,0,11,8,96,56094,13266,2284,14210106,16,216,110,1,26742,1,170,1,249164,1,664760,1,114242,1,13139006,1,15911,1,267148,1,7314,4,523857,4,64435,4,4116641,4,8115815,8,12052507,96,177665,36,2996,1,24548,1,2986,1,0,0,0,0,0,0,0,0,0,0,0,0,0,0,7104,1,50318,1,164670,1,26832,1,2475,1,5451,1,29537,1,229536,1,16343,1,233,1,9545,1,4469,1,16576,1,9545,1,0,1,1240,1,1,1,0,1,4502,1,5042,1,1,1,0,0,0,1,0,1,0,1,0,1,0,1,0,1,0,1,0,1,0,1,2,1,0,1,0,1,1,1,8,1,28,1,0,1,0,1,205,1,16343,1,1,1,1,1,0,0,0,0,0,0,0,0,0,0,0,1,0,1,0,1,0,1,0,1,0,0,0,0,0,1,0,0
437,14298300,4469,9545,28.988918,,0,11,8,96,56032,12976,2315,14242268,16,216,140,1,27664,1,110,1,248603,1,659901,1,116196,1,13176840,1,12815,1,269102,1,7294,4,517785,4,64525,4,4129056,4,8134131,8,12083226,96,177644,36,3697,1,33405,1,4869,1,0,0,0,0,0,0,0,0,0,0,0,0,0,0,6703,1,50338,1,164670,1,26582,1,2575,1,5320,1,29988,1,231119,1,16343,1,233,1,9545,1,4469,1,16576,1,9545,1,0,1,1240,1,1,1,0,1,4503,1,5042,1,0,1,0,0,0,1,0,1,0,1,0,1,0,1,0,1,0,1,0,1,0,1,2,1,0,1,0,1,1,1,8,1,28,1,0,1,0,1,205,1,16343,1,1,1,1,1,0,0,0,0,0,0,0,0,0,0,0,1,0,1,0,1,0,1,0,1,0,0,0,0,0,1,0,0
438,14647000,4469,9545,28.988918,,0,11,8,96,74130,14478,2886,14572870,16,216,120,1,27263,1,90,1,282659,1,665031,1,115444,1,13470490,1,11773,1,287258,1,20390,4,554537,4,79194,4,4319225,4,8136104,8,12275099,96,177344,36,3918,1,52482,1,2906,1,0,0,0,0,0,0,0,0,0,0,0,0,0,0,10150,1,55888,1,188406,1,27483,1,2595,1,5511,1,29668,1,249204,1,16343,1,233,1,9545,1,4469,1,16576,1,9545,1,0,1,1240,1,1,1,0,1,4503,1,5042,1,0,1,0,0,0,1,0,1,0,1,0,1,0,1,0,1,0,1,0,1,0,1,2,1,0,1,0,1,1,1,8,1,28,1,0,1,0,1,205,1,16343,1,1,1,1,1,0,0,0,0,0,0,0,0,0,0,0,1,0,1,0,1,0,1,0,1,0,0,0,0,0,1,0,0
439,15265900,4469,9545,28.988918,,0,11,8,96,117628,14258,2415,15148272,16,216,431,1,35198,1,220,1,343196,1,1008733,1,195099,1,13549042,1,16352,1,482978,1,8086,4,548876,4,65377,4,4223339,4,8153007,8,12197118,96,176813,36,5030,1,45538,1,2555,1,0,0,0,0,0,0,0,0,0,0,0,0,0,0,12083,1,71258,1,220187,1,38334,1,3166,1,5631,1,29778,1,443862,1,16344,1,233,1,9545,1,4469,1,16577,1,9545,1,0,1,1240,1,1,1,0,1,4502,1,5042,1,1,1,0,0,0,1,0,1,0,1,0,1,0,1,0,1,0,1,0,1,0,1,2,1,0,1,0,1,1,1,8,1,28,1,0,1,0,1,205,1,16344,1,1,1,0,1,0,0,0,0,0,0,0,0,0,0,0,1,0,1,0,1,0,1,0,1,0,0,0,0,0,1,0,0
440,14637200,4469,9545,28.988918,,0,11,8,96,96222,21913,3227,14540978,16,216,511,1,27674,1,70,1,267670,1,828368,1,120444,1,13280040,1,16201,1,346633,1,7525,4,523005,4,64575,4,4158974,4,8125864,8,12103887,96,177725,36,2936,1,26021,1,2595,1,0,0,0,0,0,0,0,0,0,0,0,0,0,0,6783,1,57702,1,175040,1,27784,1,3697,1,6743,1,36882,1,298960,1,16344,1,233,1,9545,1,4469,1,16577,1,9545,1,0,1,1240,1,1,1,0,1,4503,1,5042,1,0,1,0,0,0,1,0,1,0,1,0,1,0,1,0,1,0,1,0,1,0,1,2,1,0,1,0,1,1,1,8,1,28,1,0,1,0,1,205,1,16344,1,1,1,1,1,0,0,0,0,0,0,0,0,0,0,0,1,0,1,0,1,0,1,0,1,0,0,0,0,0,1,0,0
441,14480600,4469,9545,28.988918,,0,11,8,96,113740,19668,2676,14366860,16,216,190,1,27183,1,100,1,315723,1,666394,1,116717,1,13225524,1,15029,1,276998,1,7264,4,524819,4,64696,4,4163472,4,8131706,8,12114456,96,178046,36,2916,1,31381,1,2605,1,0,0,0,0,0,0,0,0,0,0,0,0,0,0,8116,1,62892,1,210178,1,34076,1,2795,1,5370,1,29517,1,239074,1,16344,1,233,1,9545,1,4469,1,16577,1,9545,1,0,1,1240,1,1,1,0,1,4503,1,5042,1,0,1,0,0,0,1,0,1,0,1,0,1,0,1,0,1,0,1,0,1,0,1,2,1,0,1,0,1,1,1,8,1,28,1,0,1,0,1,205,1,16344,1,1,1,1,1,0,0,0,0,0,0,0,0,0,0,0,1,0,1,0,1,0,1,0,1,0,0,0,0,0,1,0,0
442,14545500,4468,9545,28.988918,,0,11,8,96,129144,9508,2415,14416356,16,216,30,1,33375,1,140,1,276978,1,825252,1,115364,1,13149767,1,15450,1,272279,1,7234,4,520250,4,64806,4,4123084,4,8125634,8,12070392,96,175911,36,3046,1,21291,1,2635,1,0,0,0,0,0,0,0,0,0,0,0,0,0,0,10701,1,53163,1,185169,1,27373,1,2555,1,5601,1,29948,1,233874,1,16344,1,232,1,9545,1,4468,1,16576,1,9545,1,0,1,1240,1,1,1,0,1,4503,1,5042,1,0,1,0,0,0,1,0,1,0,1,0,1,0,1,0,1,0,1,0,1,0,1,2,1,0,1,0,1,1,1,8,1,24,1,0,1,0,1,208,1,16344,1,0,1,0,1,0,0,0,0,0,0,0,0,0,0,0,1,0,1,0,1,0,1,0,1,0,0,0,0,0,1,0,0
443,14907300,4468,9545,28.988918,,0,11,8,96,144902,14428,2415,14762398,16,216,441,1,33224,1,90,1,344759,1,809301,1,118069,1,13441774,1,14739,1,283681,1,14188,4,561460,4,65167,4,4292733,4,8177665,8,12291470,96,176513,36,3326,1,25870,1,3256,1,0,0,0,0,0,0,0,0,0,0,0,0,0,0,8186,1,68784,1,233213,1,33886,1,2545,1,5451,1,29277,1,246208,1,16344,1,232,1,9545,1,4468,1,16576,1,9545,1,0,1,1240,1,1,1,0,1,4503,1,5042,1,0,1,0,0,0,1,0,1,0,1,0,1,0,1,0,1,0,1,0,1,0,1,2,1,0,1,0,1,1,1,8,1,24,1,0,1,0,1,208,1,16344,1,1,1,1,1,0,0,0,0,0,0,0,0,0,0,0,1,0,1,0,1,0,1,0,1,0,0,0,0,0,1,0,0
444,14471400,4469,9545,28.988918,,0,11,8,96,91795,9458,3137,14379605,16,216,170,1,31521,1,100,1,343116,1,688717,1,113871,1,13183723,1,18386,1,277679,1,7314,4,521232,4,65036,4,4132532,4,8142898,8,12090260,96,182033,36,3136,1,21852,1,2585,1,0,0,0,0,0,0,0,0,0,0,0,0,0,0,7996,1,66669,1,233674,1,33976,1,2505,1,5541,1,29377,1,240036,1,16337,1,240,1,9545,1,4469,1,16577,1,9545,1,0,1,1240,1,1,1,0,1,4503,1,5042,1,0,1,0,0,0,1,0,1,0,1,0,1,0,1,0,1,0,1,0,1,0,1,2,1,0,1,0,1,1,1,8,1,24,1,0,1,0,1,216,1,16337,1,0,1,0,1,0,0,0,0,0,0,0,0,0,0,0,1,0,1,0,1,0,1,0,1,0,0,0,0,0,1,0,0
445,14446200,4469,9545,28.988918,,0,11,8,96,98457,13526,2355,14347743,16,216,150,1,38425,1,140,1,339439,1,650072,1,113881,1,13196187,1,9448,1,258662,1,7324,4,521282,4,65327,4,4147432,4,8146625,8,12109648,96,182053,36,2986,1,25730,1,7294,1,0,0,0,0,0,0,0,0,0,0,0,0,0,0,7885,1,64926,1,232652,1,33265,1,2605,1,5471,1,29227,1,221129,1,16337,1,240,1,9545,1,4469,1,16577,1,9545,1,0,1,1240,1,1,1,0,1,4503,1,5042,1,0,1,0,0,0,1,0,1,0,1,0,1,0,1,0,1,0,1,0,1,0,1,2,1,0,1,0,1,1,1,8,1,24,1,0,1,0,1,216,1,16337,1,1,1,1,1,0,0,0,0,0,0,0,0,0,0,0,1,0,1,0,1,0,1,0,1,0,0,0,0,0,1,0,0
446,15110000,4468,9545,28.988918,,0,11,8,96,491632,9589,2816,14618368,16,216,50,1,42032,1,130,1,354348,1,688036,1,130243,1,13388060,1,15470,1,263642,1,26782,4,523967,4,63974,4,4278446,4,8194438,8,12293164,96,176903,36,2966,1,21632,1,2625,1,0,0,0,0,0,0,0,0,0,0,0,0,0,0,19097,1,67291,1,233443,1,33445,1,3076,1,5691,1,29698,1,224977,1,16340,1,236,1,9545,1,4468,1,16576,1,9545,1,0,1,1240,1,1,1,0,1,4503,1,5042,1,0,1,0,0,0,1,0,1,0,1,0,1,0,1,0,1,0,1,0,1,0,1,2,1,0,1,0,1,1,1,8,1,24,1,0,1,0,1,212,1,16340,1,0,1,0,1,0,0,0,0,0,0,0,0,0,0,0,1,0,1,0,1,0,1,0,1,0,0,0,0,0,1,0,0
447,14747700,4469,9545,28.988918,,0,11,8,96,129723,9608,2205,14617977,16,216,20,1,39557,1,130,1,333668,1,899466,1,129541,1,13195245,1,20350,1,281717,1,7705,4,527334,4,64946,4,4137282,4,8138850,8,12092344,96,181582,36,3076,1,22153,1,2575,1,0,0,0,0,0,0,0,0,0,0,0,0,0,0,12073,1,65958,1,221881,1,33104,1,3056,1,5731,1,29307,1,243403,1,16337,1,240,1,9545,1,4469,1,16577,1,9545,1,0,1,1240,1,1,1,0,1,4503,1,5042,1,0,1,0,0,0,1,0,1,0,1,0,1,0,1,0,1,0,1,0,1,0,1,2,1,0,1,0,1,1,1,8,1,24,1,0,1,0,1,216,1,16337,1,0,1,0,1,0,0,0,0,0,0,0,0,0,0,0,1,0,1,0,1,0,1,0,1,0,0,0,0,0,1,0,0
448,14635000,4468,9545,28.988918,,0,11,8,96,115985,11222,2535,14519015,16,216,230,1,38545,1,90,1,315052,1,811756,1,145843,1,13193212,1,14288,1,297277,1,7194,4,542373,4,64385,4,4119477,4,8121646,8,12061254,96,177334,36,3106,1,23936,1,2595,1,0,0,0,0,0,0,0,0,0,0,0,0,0,0,7625,1,63022,1,210388,1,33545,1,2936,1,6943,1,40469,1,246679,1,16339,1,236,1,9545,1,4468,1,16575,1,9545,1,0,1,1240,1,1,1,0,1,4502,1,5042,1,1,1,0,0,0,1,0,1,0,1,0,1,0,1,0,1,0,1,0,1,0,1,2,1,0,1,0,1,1,1,8,1,24,1,0,1,0,1,212,1,16339,1,0,1,0,1,0,0,0,0,0,0,0,0,0,0,0,1,0,1,0,1,0,1,0,1,0,0,0,0,0,1,0,0
449,14289900,4469,9545,28.988918,,0,11,8,96,74284,9679,2736,14215616,16,216,261,1,30619,1,50,1,340892,1,753052,1,115344,1,12959257,1,16141,1,271477,1,7304,4,522645,4,65156,4,4067997,4,7986614,8,11873109,96,178767,36,3066,1,22634,1,2685,1,0,0,0,0,0,0,0,0,0,0,0,0,0,0,9498,1,64565,1,231810,1,33816,1,2455,1,5551,1,29267,1,234004,1,16335,1,240,1,9545,1,4469,1,16575,1,9545,1,0,1,1240,1,1,1,0,1,4503,1,5042,1,0,1,0,0,0,1,0,1,0,1,0,1,0,1,0,1,0,1,0,1,0,1,2,1,0,1,0,1,1,1,8,1,24,1,0,1,0,1,216,1,16335,1,0,1,0,1,0,0,0,0,0,0,0,0,0,0,0,1,0,1,0,1,0,1,0,1,0,0,0,0,0,1,0,0
450,14309200,4468,9545,28.988918,,0,11,8,96,115757,9348,2426,14193443,16,216,150,1,37533,1,120,1,341042,1,651184,1,113220,1,13032900,1,17294,1,259864,1,7715,4,540038,4,66930,4,4067987,4,8039928,8,11933866,96,171623,36,3226,1,35248,1,2615,1,0,0,0,0,0,0,0,0,0,0,0,0,0,0,9508,1,65607,1,231870,1,33365,1,2475,1,5581,1,29227,1,222402,1,16346,1,229,1,9545,1,4468,1,16575,1,9545,1,0,1,1240,1,1,1,0,1,4502,1,5042,1,1,1,0,0,0,1,0,1,0,1,0,1,0,1,0,1,0,1,0,1,0,1,2,1,0,1,0,1,1,1,8,1,28,1,0,1,0,1,201,1,16346,1,0,1,0,1,0,0,0,0,0,0,0,0,0,0,0,1,0,1,0,1,0,1,0,1,0,0,0,0,0,1,0,0
451,14245400,4468,9545,28.988918,,0,11,8,96,74901,13416,2516,14170499,16,216,160,1,31661,1,70,1,273471,1,653909,1,115785,1,13079591,1,15851,1,269984,1,7204,4,521552,4,77040,4,4090290,4,8072251,8,11989765,96,170260,36,3056,1,22213,1,2585,1,0,0,0,0,0,0,0,0,0,0,0,0,0,0,7835,1,52742,1,185129,1,27203,1,2495,1,5531,1,29267,1,232441,1,16345,1,229,1,9545,1,4468,1,16574,1,9545,1,0,1,1240,1,1,1,0,1,4502,1,5042,1,1,1,0,0,0,1,0,1,0,1,0,1,0,1,0,1,0,1,0,1,0,1,2,1,0,1,0,1,1,1,8,1,28,1,0,1,0,1,201,1,16345,1,1,1,0,1,0,0,0,0,0,0,0,0,0,0,0,1,0,1,0,1,0,1,0,1,0,0,0,0,0,1,0,0
452,14362300,4469,9545,28.988918,,0,11,8,96,86417,9809,2495,14275883,16,216,160,1,35539,1,90,1,315202,1,743884,1,112999,1,13052058,1,15951,1,263662,1,13115,4,524588,4,64465,4,4093356,4,8055167,8,11969426,96,176603,36,3026,1,22283,1,2585,1,0,0,0,0,0,0,0,0,0,0,0,0,0,0,9258,1,63062,1,209006,1,33235,1,2444,1,5431,1,29227,1,226379,1,16338,1,237,1,9545,1,4469,1,16575,1,9545,1,0,1,1240,1,1,1,0,1,4503,1,5042,1,0,1,0,0,0,1,0,1,0,1,0,1,0,1,0,1,0,1,0,1,0,1,2,1,0,1,0,1,1,1,8,1,28,1,0,1,0,1,209,1,16338,1,0,1,0,1,0,0,0,0,0,0,0,0,0,0,0,1,0,1,0,1,0,1,0,1,0,0,0,0,0,1,0,0
453,14180000,4470,9545,28.988918,,0,11,8,96,56873,8797,2626,14123127,16,216,140,1,25870,1,50,1,257660,1,653729,1,114422,1,13055524,1,15731,1,258682,1,7264,4,526843,4,64696,4,4096943,4,8062832,8,11976439,96,180711,36,3036,1,23816,1,2615,1,0,0,0,0,0,0,0,0,0,0,0,0,0,0,6653,1,50418,1,173617,1,26642,1,2435,1,5461,1,29237,1,221390,1,16335,1,241,1,9545,1,4470,1,16576,1,9545,1,0,1,1240,1,1,1,0,1,4502,1,5042,1,1,1,0,0,0,1,0,1,0,1,0,1,0,1,0,1,0,1,0,1,0,1,2,1,0,1,0,1,1,1,8,1,28,1,0,1,0,1,213,1,16335,1,0,1,0,1,0,0,0,0,0,0,0,0,0,0,0,1,0,1,0,1,0,1,0,1,0,0,0,0,0,1,0,0
454,14225600,4469,9545,28.988918,,0,11,8,96,52576,8627,2836,14173024,16,216,120,1,26121,1,40,1,254053,1,654941,1,114202,1,13110711,1,12835,1,259744,1,7795,4,517825,4,64535,4,4108566,4,8113751,8,12041676,96,177805,36,2946,1,24247,1,2675,1,0,0,0,0,0,0,0,0,0,0,0,0,0,0,6633,1,49155,1,171082,1,26882,1,2415,1,5411,1,29237,1,222522,1,16338,1,237,1,9545,1,4469,1,16575,1,9545,1,0,1,1240,1,1,1,0,1,4502,1,5042,1,1,1,0,0,0,1,0,1,0,1,0,1,0,1,0,1,0,1,0,1,0,1,2,1,0,1,0,1,1,1,8,1,28,1,0,1,0,1,209,1,16338,1,0,1,0,1,0,0,0,0,0,0,0,0,0,0,0,1,0,1,0,1,0,1,0,1,0,0,0,0,0,1,0,0
455,14421300,4469,9545,28.988918,,0,11,8,96,54681,13677,2876,14366619,16,216,230,1,35439,1,200,1,340962,1,764294,1,114592,1,13100351,1,10550,1,272208,1,9969,4,518567,4,64806,4,4106572,4,8073162,8,12000105,96,176753,36,3477,1,35278,1,2635,1,0,0,0,0,0,0,0,0,0,0,0,0,0,0,8306,1,65637,1,232942,1,33405,1,5220,1,6182,1,29257,1,231359,1,16338,1,237,1,9545,1,4469,1,16575,1,9545,1,0,1,1240,1,1,1,0,1,4503,1,5042,1,0,1,0,0,0,1,0,1,0,1,0,1,0,1,0,1,0,1,0,1,0,1,2,1,0,1,0,1,1,1,8,1,28,1,0,1,0,1,209,1,16338,1,1,1,1,1,0,0,0,0,0,0,0,0,0,0,0,1,0,1,0,1,0,1,0,1,0,0,0,0,0,1,0,0
456,14341900,4469,9545,28.988918,,0,11,8,96,56258,13536,2065,14285642,16,216,120,1,26862,1,180,1,268040,1,664700,1,115715,1,13198502,1,11522,1,312006,1,9098,4,523987,4,68673,4,4124888,4,8077801,8,12024251,96,176372,36,4900,1,58243,1,5370,1,0,0,0,0,0,0,0,0,0,0,0,0,0,0,6563,1,53454,1,180110,1,27073,1,2645,1,5501,1,29607,1,274102,1,16338,1,237,1,9545,1,4469,1,16575,1,9545,1,0,1,1240,1,1,1,0,1,4502,1,5042,1,1,1,0,0,0,1,0,1,0,1,0,1,0,1,0,1,0,1,0,1,0,1,2,1,0,1,0,1,1,1,8,1,28,1,0,1,0,1,209,1,16338,1,1,1,1,1,0,0,0,0,0,0,0,0,0,0,0,1,0,1,0,1,0,1,0,1,0,0,0,0,0,1,0,0
457,14552900,4469,9545,28.988918,,0,11,8,96,51559,14818,2366,14501341,16,216,200,1,28225,1,80,1,280575,1,678617,1,162706,1,13337892,1,13045,1,397912,1,8286,4,571600,4,65076,4,4124597,4,8115334,8,12060432,96,177134,36,3076,1,34617,1,2575,1,0,0,0,0,0,0,0,0,0,0,0,0,0,0,8096,1,60828,1,174358,1,36511,1,3757,1,7054,1,29998,1,356572,1,16338,1,237,1,9545,1,4469,1,16575,1,9545,1,0,1,1240,1,1,1,0,1,4503,1,5042,1,0,1,0,0,0,1,0,1,0,1,0,1,0,1,0,1,0,1,0,1,0,1,2,1,0,1,0,1,1,1,8,1,28,1,0,1,0,1,209,1,16338,1,1,1,1,1,0,0,0,0,0,0,0,0,0,0,0,1,0,1,0,1,0,1,0,1,0,0,0,0,0,1,0,0
458,14398300,4469,9545,28.988918,,0,11,8,96,56399,13406,2195,14341901,16,216,130,1,32814,1,30,1,256338,1,738674,1,115554,1,13182260,1,16101,1,315422,1,7274,4,526292,4,64545,4,4122583,4,8106898,8,12049390,96,177895,36,2955,1,20299,1,2585,1,0,0,0,0,0,0,0,0,0,0,0,0,0,0,6432,1,51119,1,171092,1,27443,1,2615,1,5481,1,29477,1,277759,1,16338,1,237,1,9545,1,4469,1,16575,1,9545,1,0,1,1240,1,1,1,0,1,4502,1,5042,1,1,1,0,0,0,1,0,1,0,1,0,1,0,1,0,1,0,1,0,1,0,1,2,1,0,1,0,1,1,1,8,1,28,1,0,1,0,1,209,1,16338,1,1,1,1,1,0,0,0,0,0,0,0,0,0,0,0,1,0,1,0,1,0,1,0,1,0,0,0,0,0,1,0,0
459,14396100,4469,9545,28.988918,,0,11,8,96,75911,11282,2176,14320189,16,216,130,1,26992,1,60,1,350551,1,664430,1,116727,1,13145228,1,16071,1,261998,1,7875,4,518286,4,65357,4,4128404,4,8122668,8,12070711,96,178186,36,4348,1,22434,1,2575,1,0,0,0,0,0,0,0,0,0,0,0,0,0,0,10861,1,69715,1,233303,1,35960,1,2825,1,5370,1,29387,1,224255,1,16339,1,237,1,9545,1,4469,1,16576,1,9545,1,0,1,1240,1,1,1,0,1,4502,1,5042,1,1,1,0,0,0,1,0,1,0,1,0,1,0,1,0,1,0,1,0,1,0,1,2,1,0,1,0,1,1,1,8,1,28,1,0,1,0,1,209,1,16339,1,1,1,0,1,0,0,0,0,0,0,0,0,0,0,0,1,0,1,0,1,0,1,0,1,0,0,0,0,0,1,0,0
460,14411200,4469,9545,28.988918,,0,11,8,96,85871,13957,3337,14325329,16,216,50,1,26902,1,120,1,324259,1,650122,1,147416,1,13163714,1,12745,1,265565,1,9819,4,517875,4,64866,4,4118826,4,8146234,8,12084198,96,177525,36,2956,1,21011,1,2605,1,0,0,0,0,0,0,0,0,0,0,0,0,0,0,8066,1,66589,1,214256,1,34808,1,2565,1,5511,1,29317,1,228043,1,16339,1,237,1,9545,1,4469,1,16576,1,9545,1,0,1,1240,1,1,1,0,1,4502,1,5042,1,1,1,0,0,0,1,0,1,0,1,0,1,0,1,0,1,0,1,0,1,0,1,2,1,0,1,0,1,1,1,8,1,28,1,0,1,0,1,209,1,16339,1,1,1,1,1,0,0,0,0,0,0,0,0,0,0,0,1,0,1,0,1,0,1,0,1,0,0,0,0,0,1,0,0
461,14146500,4469,9545,28.988918,,0,11,8,96,39124,12184,2176,14107376,16,216,50,1,31461,1,40,1,254113,1,663829,1,114452,1,13033381,1,10050,1,266347,1,7334,4,517304,4,65106,4,4087816,4,8047973,8,11957391,96,176222,36,3336,1,23345,1,2635,1,0,0,0,0,0,0,0,0,0,0,0,0,0,0,7164,1,49877,1,169589,1,27173,1,2475,1,5280,1,29237,1,229205,1,16339,1,237,1,9545,1,4469,1,16576,1,9545,1,0,1,1240,1,1,1,0,1,4502,1,5042,1,1,1,0,0,0,1,0,1,0,1,0,1,0,1,0,1,0,1,0,1,0,1,2,1,0,1,0,1,1,1,8,1,28,1,0,1,0,1,209,1,16339,1,1,1,0,1,0,0,0,0,0,0,0,0,0,0,0,1,0,1,0,1,0,1,0,1,0,0,0,0,0,1,0,0
462,14116700,4469,9545,28.988922,,0,11,8,96,38330,12585,2355,14078370,16,216,40,1,25870,1,30,1,251649,1,655853,1,115174,1,13019254,1,10500,1,263822,1,7665,4,517915,4,64866,4,4075882,4,8042593,8,11941281,96,174839,36,4128,1,27263,1,2535,1,0,0,0,0,0,0,0,0,0,0,0,0,0,0,7194,1,49516,1,167485,1,27173,1,2585,1,5370,1,29297,1,226440,1,16340,1,237,1,9545,1,4469,1,16577,1,9545,1,0,1,1240,1,1,1,0,1,4501,1,5042,1,2,1,0,0,0,1,0,1,0,1,0,1,0,1,0,1,0,1,0,1,0,1,2,1,0,1,0,1,1,1,8,1,28,1,0,1,0,1,209,1,16340,1,1,1,0,1,0,0,0,0,0,0,0,0,0,0,0,1,0,1,0,1,0,1,0,1,0,0,0,0,0,1,0,0
463,14115700,4468,9545,28.988922,,0,11,8,96,36268,8927,2345,14079432,16,216,30,1,26552,1,140,1,251087,1,656454,1,114382,1,13020526,1,10260,1,296345,1,7224,4,517805,4,64515,4,4072736,4,8025229,8,11924308,96,171313,36,2966,1,22203,1,2575,1,0,0,0,0,0,0,0,0,0,0,0,0,0,0,7194,1,50037,1,166633,1,26852,1,2425,1,5621,1,29567,1,258612,1,16343,1,233,1,9545,1,4468,1,16576,1,9545,1,0,1,1240,1,1,1,0,1,4503,1,5042,1,0,1,0,0,0,1,0,1,0,1,0,1,0,1,0,1,0,1,0,1,0,1,2,1,0,1,0,1,1,1,8,1,28,1,0,1,0,1,205,1,16343,1,0,1,0,1,0,0,0,0,0,0,0,0,0,0,0,1,0,1,0,1,0,1,0,1,0,0,0,0,0,1,0,0
464,14116300,4469,9545,28.988922,,0,11,8,96,56306,8617,2556,14059994,16,216,60,1,26000,1,30,1,251458,1,652537,1,113811,1,12999846,1,16252,1,269483,1,7314,4,517064,4,64435,4,4083898,4,8022624,8,11929588,96,174378,36,2946,1,20901,1,2565,1,0,0,0,0,0,0,0,0,0,0,0,0,0,0,7134,1,50728,1,166273,1,27012,1,2405,1,5571,1,29327,1,232050,1,16341,1,237,1,9545,1,4469,1,16578,1,9545,1,0,1,1240,1,1,1,0,1,4503,1,5042,1,0,1,0,0,0,1,0,1,0,1,0,1,0,1,0,1,0,1,0,1,0,1,2,1,0,1,0,1,1,1,8,1,28,1,0,1,0,1,209,1,16341,1,0,1,0,1,0,0,0,0,0,0,0,0,0,0,0,1,0,1,0,1,0,1,0,1,0,0,0,0,0,1,0,0
465,14355500,4469,9545,28.988922,,0,11,8,96,66131,13316,2575,14289369,16,216,110,1,26752,1,90,1,326674,1,806826,1,123680,1,12989486,1,15751,1,254494,1,7194,4,515220,4,65066,4,4106301,4,7997345,8,11926512,96,174559,36,3266,1,24708,1,2575,1,0,0,0,0,0,0,0,0,0,0,0,0,0,0,8517,1,63243,1,220448,1,33796,1,3377,1,5611,1,28996,1,216340,1,16341,1,237,1,9545,1,4469,1,16578,1,9545,1,0,1,1240,1,1,1,0,1,4502,1,5042,1,1,1,0,0,0,1,0,1,0,1,0,1,0,1,0,1,0,1,0,1,0,1,2,1,0,1,0,1,1,1,8,1,28,1,0,1,0,1,209,1,16341,1,1,1,1,1,0,0,0,0,0,0,0,0,0,0,0,1,0,1,0,1,0,1,0,1,0,0,0,0,0,1,0,0
466,14523800,4469,9545,28.988922,,0,11,8,96,59782,16312,2415,14464018,16,216,130,1,25910,1,60,1,328297,1,807317,1,140362,1,13151821,1,10120,1,316805,1,7515,4,553274,4,65056,4,4085902,4,8079645,8,11988423,96,174709,36,3056,1,21482,1,2775,1,0,0,0,0,0,0,0,0,0,0,0,0,0,0,10520,1,63854,1,220037,1,33475,1,3607,1,6803,1,36581,1,269583,1,16341,1,237,1,9545,1,4469,1,16578,1,9545,1,0,1,1240,1,1,1,0,1,4503,1,5042,1,0,1,0,0,0,1,0,1,0,1,0,1,0,1,0,1,0,1,0,1,0,1,2,1,0,1,0,1,1,1,8,1,28,1,0,1,0,1,209,1,16341,1,1,1,1,1,0,0,0,0,0,0,0,0,0,0,0,1,0,1,0,1,0,1,0,1,0,0,0,0,0,1,0,0
467,14203800,4469,9545,28.988922,,0,11,8,96,43691,10270,2235,14160109,16,216,261,1,25850,1,50,1,271627,1,655492,1,114693,1,13082186,1,9949,1,260736,1,7234,4,520801,4,64996,4,4102294,4,8088572,8,12012509,96,176122,36,3016,1,21662,1,2605,1,0,0,0,0,0,0,0,0,0,0,0,0,0,0,6513,1,52382,1,185610,1,26552,1,2465,1,5140,1,29297,1,223634,1,16340,1,237,1,9545,1,4469,1,16577,1,9545,1,0,1,1240,1,1,1,0,1,4502,1,5042,1,1,1,0,0,0,1,0,1,0,1,0,1,0,1,0,1,0,1,0,1,0,1,2,1,0,1,0,1,1,1,8,1,28,1,0,1,0,1,209,1,16340,1,1,1,0,1,0,0,0,0,0,0,0,0,0,0,0,1,0,1,0,1,0,1,0,1,0,0,0,0,0,1,0,0
468,14254700,4469,9545,28.988922,,0,11,8,96,47971,13877,2626,14206729,16,216,150,1,25439,1,50,1,301946,1,650062,1,113029,1,13105642,1,10410,1,261898,1,7274,4,518076,4,64525,4,4114427,4,8098301,8,12032809,96,177294,36,2986,1,21692,1,2585,1,0,0,0,0,0,0,0,0,0,0,0,0,0,0,6453,1,53053,1,205128,1,36551,1,2635,1,5451,1,29267,1,224356,1,16340,1,237,1,9545,1,4469,1,16577,1,9545,1,0,1,1240,1,1,1,0,1,4503,1,5042,1,0,1,0,0,0,1,0,1,0,1,0,1,0,1,0,1,0,1,0,1,0,1,2,1,0,1,0,1,1,1,8,1,28,1,0,1,0,1,209,1,16340,1,1,1,1,1,0,0,0,0,0,0,0,0,0,0,0,1,0,1,0,1,0,1,0,1,0,0,0,0,0,1,0,0
469,14246700,4469,9545,28.988922,,0,11,8,96,76412,13496,2315,14170288,16,216,271,1,25670,1,60,1,270375,1,654130,1,113811,1,13089360,1,16612,1,257109,1,7184,4,517885,4,64846,4,4125920,4,8070748,8,12016978,96,177374,36,3026,1,26562,1,2585,1,0,0,0,0,0,0,0,0,0,0,0,0,0,0,6372,1,51650,1,185250,1,26521,1,2515,1,5431,1,29237,1,219757,1,16340,1,237,1,9545,1,4469,1,16577,1,9545,1,0,1,1240,1,1,1,0,1,4502,1,5042,1,1,1,0,0,0,1,0,1,0,1,0,1,0,1,0,1,0,1,0,1,0,1,2,1,0,1,0,1,1,1,8,1,28,1,0,1,0,1,209,1,16340,1,1,1,1,1,0,0,0,0,0,0,0,0,0,0,0,1,0,1,0,1,0,1,0,1,0,0,0,0,0,1,0,0
470,14601000,4467,9545,28.988922,,0,11,8,96,129497,21171,2616,14471503,16,216,651,1,33906,1,110,1,342465,1,816525,1,119221,1,13147633,1,10991,1,324730,1,11122,4,564857,4,66840,4,4143734,4,7956696,8,11922865,96,174950,36,3857,1,51851,1,2775,1,0,0,0,0,0,0,0,0,0,0,0,0,0,0,9248,1,66168,1,232431,1,33946,1,2976,1,11863,1,36531,1,273120,1,16337,1,237,1,9545,1,4467,1,16574,1,9545,1,0,1,1240,1,1,1,0,1,4501,1,5042,1,2,1,0,0,0,1,0,1,0,1,0,1,0,1,0,1,0,1,0,1,0,1,2,1,0,1,0,1,1,1,8,1,28,1,0,1,0,1,209,1,16337,1,0,1,0,1,0,0,0,0,0,0,0,0,0,0,0,1,0,1,0,1,0,1,0,1,0,0,0,0,0,1,0,0
471,14430700,4468,9545,28.988922,,0,11,8,96,54873,10380,2375,14375827,16,216,421,1,32844,1,100,1,353727,1,745557,1,131816,1,13100832,1,10530,1,387953,1,7775,4,566069,4,64926,4,4056154,4,7972236,8,11848842,96,177174,36,3076,1,29628,1,2635,1,0,0,0,0,0,0,0,0,0,0,0,0,0,0,9679,1,70477,1,234485,1,37623,1,3276,1,5992,1,29878,1,348266,1,16335,1,241,1,9545,1,4468,1,16576,1,9545,1,0,1,1240,1,1,1,0,1,4503,1,5042,1,0,1,0,0,0,1,0,1,0,1,0,1,0,1,0,1,0,1,0,1,0,1,2,1,0,1,0,1,1,1,8,1,28,1,0,1,0,1,213,1,16335,1,0,1,0,1,0,0,0,0,0,0,0,0,0,0,0,1,0,1,0,1,0,1,0,1,0,0,0,0,0,1,0,0
472,14177800,4467,9545,28.988922,,0,11,8,96,50235,9408,2285,14127565,16,216,210,1,25940,1,60,1,276316,1,664740,1,114943,1,13034894,1,10460,1,305273,1,7154,4,521031,4,65167,4,4075311,4,8024468,8,11922915,96,174579,36,3026,1,21412,1,2645,1,0,0,0,0,0,0,0,0,0,0,0,0,0,0,8376,1,54015,1,186502,1,26842,1,2505,1,5701,1,29397,1,267479,1,16344,1,233,1,9545,1,4467,1,16577,1,9545,1,0,1,1240,1,1,1,0,1,4502,1,5042,1,1,1,0,0,0,1,0,1,0,1,0,1,0,1,0,1,0,1,0,1,0,1,2,1,0,1,0,1,1,1,8,1,28,1,0,1,0,1,205,1,16344,1,0,1,0,1,0,0,0,0,0,0,0,0,0,0,0,1,0,1,0,1,0,1,0,1,0,0,0,0,0,1,0,0
473,14185500,4467,9545,28.988922,,0,11,8,96,49288,13927,2445,14136212,16,216,150,1,25409,1,50,1,274012,1,672696,1,114292,1,13039042,1,10561,1,255997,1,7585,4,530149,4,67681,4,4105740,4,8025480,8,11952794,96,175982,36,3527,1,26361,1,2595,1,0,0,0,0,0,0,0,0,0,0,0,0,0,0,7254,1,53865,1,185660,1,26652,1,2525,1,5471,1,29277,1,218534,1,16344,1,233,1,9545,1,4467,1,16577,1,9545,1,0,1,1240,1,1,1,0,1,4502,1,5042,1,1,1,0,0,0,1,0,1,0,1,0,1,0,1,0,1,0,1,0,1,0,1,2,1,0,1,0,1,1,1,8,1,28,1,0,1,0,1,205,1,16344,1,1,1,1,1,0,0,0,0,0,0,0,0,0,0,0,1,0,1,0,1,0,1,0,1,0,0,0,0,0,1,0,0
474,14230500,4467,9545,28.988922,,0,11,8,96,70562,13887,2346,14159938,16,216,822,1,25690,1,60,1,274172,1,661705,1,113891,1,13065093,1,18506,1,279753,1,7274,4,522855,4,66740,4,4096132,4,8050348,8,11970137,96,173997,36,3096,1,22424,1,2585,1,0,0,0,0,0,0,0,0,0,0,0,0,0,0,7024,1,52772,1,186091,1,27704,1,2595,1,5521,1,29387,1,242040,1,16344,1,233,1,9545,1,4467,1,16577,1,9545,1,0,1,1240,1,1,1,0,1,4503,1,5042,1,0,1,0,0,0,1,0,1,0,1,0,1,0,1,0,1,0,1,0,1,0,1,2,1,0,1,0,1,1,1,8,1,28,1,0,1,0,1,205,1,16344,1,1,1,1,1,0,0,0,0,0,0,0,0,0,0,0,1,0,1,0,1,0,1,0,1,0,0,0,0,0,1,0,0
475,14327800,4467,9545,28.988922,,0,11,8,96,110320,13837,2706,14217480,16,216,220,1,27083,1,80,1,347004,1,663568,1,113540,1,13053170,1,12815,1,255446,1,7495,4,519298,4,64565,4,4121090,4,8039667,8,11984234,96,173817,36,4719,1,24397,1,2655,1,0,0,0,0,0,0,0,0,0,0,0,0,0,0,18065,1,65708,1,229325,1,33224,1,2585,1,5451,1,29427,1,217793,1,16344,1,233,1,9545,1,4467,1,16577,1,9545,1,0,1,1240,1,1,1,0,1,4502,1,5042,1,1,1,0,0,0,1,0,1,0,1,0,1,0,1,0,1,0,1,0,1,0,1,2,1,0,1,0,1,1,1,8,1,28,1,0,1,0,1,205,1,16344,1,1,1,1,1,0,0,0,0,0,0,0,0,0,0,0,1,0,1,0,1,0,1,0,1,0,0,0,0,0,1,0,0
476,14477300,4467,9545,28.988922,,0,11,8,96,78939,13486,2926,14398361,16,216,150,1,32603,1,120,1,341924,1,785315,1,112949,1,13112455,1,12845,1,265596,1,7224,4,517895,4,65116,4,4121040,4,8092430,8,12037077,96,173467,36,3056,1,23967,1,2645,1,0,0,0,0,0,0,0,0,0,0,0,0,0,0,8326,1,67271,1,231810,1,33846,1,2876,1,5431,1,29287,1,227792,1,16344,1,233,1,9545,1,4467,1,16577,1,9545,1,0,1,1240,1,1,1,0,1,4503,1,5042,1,0,1,0,0,0,1,0,1,0,1,0,1,0,1,0,1,0,1,0,1,0,1,2,1,0,1,0,1,1,1,8,1,28,1,0,1,0,1,205,1,16344,1,1,1,1,1,0,0,0,0,0,0,0,0,0,0,0,1,0,1,0,1,0,1,0,1,0,0,0,0,0,1,0,0
477,14248600,4467,9545,28.988922,,0,11,8,96,39837,13336,2285,14208763,16,216,150,1,31541,1,50,1,265115,1,656104,1,115364,1,13130309,1,10130,1,269894,1,7324,4,516803,4,64445,4,4119307,4,8109483,8,12052957,96,173547,36,2946,1,24167,1,2605,1,0,0,0,0,0,0,0,0,0,0,0,0,0,0,6483,1,51570,1,179789,1,27012,1,2535,1,5380,1,29297,1,232491,1,16344,1,233,1,9545,1,4467,1,16577,1,9545,1,0,1,1240,1,1,1,0,1,4503,1,5042,1,0,1,0,0,0,1,0,1,0,1,0,1,0,1,0,1,0,1,0,1,0,1,2,1,0,1,0,1,1,1,8,1,28,1,0,1,0,1,205,1,16344,1,1,1,1,1,0,0,0,0,0,0,0,0,0,0,0,1,0,1,0,1,0,1,0,1,0,0,0,0,0,1,0,0
478,14258500,4467,9545,28.988922,,0,11,8,96,38435,12866,2285,14220065,16,216,40,1,26081,1,70,1,258281,1,653258,1,114522,1,13157773,1,10039,1,259043,1,7194,4,518026,4,64645,4,4127913,4,8140072,8,12091482,96,174218,36,3236,1,22253,1,2525,1,0,0,0,0,0,0,0,0,0,0,0,0,0,0,6222,1,50718,1,174619,1,26451,1,2535,1,5521,1,29327,1,221550,1,16344,1,233,1,9545,1,4467,1,16577,1,9545,1,0,1,1240,1,1,1,0,1,4501,1,5042,1,2,1,0,0,0,1,0,1,0,1,0,1,0,1,0,1,0,1,0,1,0,1,2,1,0,1,0,1,1,1,8,1,28,1,0,1,0,1,205,1,16344,1,1,1,1,1,0,0,0,0,0,0,0,0,0,0,0,1,0,1,0,1,0,1,0,1,0,0,0,0,0,1,0,0
479,14256500,4467,9545,28.988922,,0,11,8,96,38569,10490,2846,14217931,16,216,100,1,26141,1,60,1,252510,1,653689,1,113711,1,13161310,1,10410,1,260977,1,8496,4,518316,4,64836,4,4129096,4,8136164,8,12087395,96,175020,36,3537,1,26852,1,2545,1,0,0,0,0,0,0,0,0,0,0,0,0,0,0,6172,1,49476,1,170180,1,26391,1,2445,1,5130,1,29527,1,223744,1,16343,1,233,1,9545,1,4467,1,16576,1,9545,1,0,1,1240,1,1,1,0,1,4503,1,5042,1,0,1,0,0,0,1,0,1,0,1,0,1,0,1,0,1,0,1,0,1,0,1,2,1,0,1,0,1,1,1,8,1,28,1,0,1,0,1,205,1,16343,1,1,1,0,1,0,0,0,0,0,0,0,0,0,0,0,1,0,1,0,1,0,1,0,1,0,0,0,0,0,1,0,0
480,14406600,4468,9545,28.988922,,0,11,8,96,44890,10190,2596,14361710,16,216,160,1,26361,1,60,1,251528,1,660592,1,116656,1,13294608,1,11743,1,297828,1,18967,4,524047,4,79264,4,4142582,4,8158307,8,12125689,96,172605,36,5390,1,52271,1,5761,1,0,0,0,0,0,0,0,0,0,0,0,0,0,0,6242,1,50789,1,167215,1,26912,1,2445,1,5621,1,29638,1,260005,1,16348,1,229,1,9545,1,4468,1,16577,1,9545,1,0,1,1240,1,1,1,0,1,4503,1,5042,1,0,1,0,0,0,1,0,1,0,1,0,1,0,1,0,1,0,1,0,1,0,1,2,1,0,1,0,1,1,1,8,1,28,1,0,1,0,1,201,1,16348,1,0,1,0,1,0,0,0,0,0,0,0,0,0,0,0,1,0,1,0,1,0,1,0,1,0,0,0,0,0,1,0,0
481,14438400,4468,9545,28.988922,,0,11,8,96,34428,14448,2285,14403972,16,216,250,1,28125,1,110,1,269453,1,678457,1,119121,1,13297674,1,10781,1,388654,1,7535,4,518426,4,64565,4,4138123,4,8127337,8,12090891,96,172284,36,2906,1,33034,1,2645,1,0,0,0,0,0,0,0,0,0,0,0,0,0,0,7765,1,62241,1,169098,1,29567,1,2675,1,5861,1,30149,1,349779,1,16348,1,229,1,9545,1,4468,1,16577,1,9545,1,0,1,1240,1,1,1,0,1,4503,1,5042,1,0,1,0,0,0,1,0,1,0,1,0,1,0,1,0,1,0,1,0,1,0,1,2,1,0,1,0,1,1,1,8,1,28,1,0,1,0,1,201,1,16348,1,1,1,1,1,0,0,0,0,0,0,0,0,0,0,0,1,0,1,0,1,0,1,0,1,0,0,0,0,0,1,0,0
482,14305900,4468,9545,28.988922,,0,11,8,96,56238,13286,2386,14249662,16,216,100,1,27203,1,40,1,255015,1,675451,1,115685,1,13159997,1,16171,1,277469,1,7264,4,517505,4,64575,4,4125128,4,8127949,8,12078808,96,171883,36,2926,1,21371,1,2525,1,0,0,0,0,0,0,0,0,0,0,0,0,0,0,6883,1,51871,1,168387,1,27403,1,2605,1,5411,1,29918,1,239395,1,16348,1,229,1,9545,1,4468,1,16577,1,9545,1,0,1,1240,1,1,1,0,1,4502,1,5042,1,1,1,0,0,0,1,0,1,0,1,0,1,0,1,0,1,0,1,0,1,0,1,2,1,0,1,0,1,1,1,8,1,28,1,0,1,0,1,201,1,16348,1,1,1,1,1,0,0,0,0,0,0,0,0,0,0,0,1,0,1,0,1,0,1,0,1,0,0,0,0,0,1,0,0
483,14300200,4468,9545,28.988922,,0,11,8,96,55006,9779,2265,14245194,16,216,20,1,27103,1,20,1,249655,1,662165,1,114322,1,13175607,1,16302,1,259293,1,7154,4,523677,4,66199,4,4137231,4,8144701,8,12107003,96,172665,36,2976,1,22033,1,2565,1,0,0,0,0,0,0,0,0,0,0,0,0,0,0,6412,1,49406,1,167004,1,26592,1,2404,1,5240,1,29417,1,222061,1,16349,1,229,1,9545,1,4468,1,16578,1,9545,1,0,1,1240,1,1,1,0,1,4503,1,5042,1,0,1,0,0,0,1,0,1,0,1,0,1,0,1,0,1,0,1,0,1,0,1,2,1,0,1,0,1,1,1,8,1,28,1,0,1,0,1,201,1,16349,1,1,1,0,1,0,0,0,0,0,0,0,0,0,0,0,1,0,1,0,1,0,1,0,1,0,0,0,0,0,1,0,0
484,14532800,4469,9545,28.988922,,0,11,8,96,90794,12224,3156,14442006,16,216,90,1,27042,1,90,1,347565,1,651054,1,120294,1,13279810,1,16061,1,320271,1,15260,4,520631,4,70577,4,4164655,4,8137437,8,12116100,96,182835,36,3116,1,32954,1,2685,1,0,0,0,0,0,0,0,0,0,0,0,0,0,0,12895,1,66349,1,233593,1,33966,1,3346,1,6893,1,29778,1,279883,1,16342,1,237,1,9545,1,4469,1,16579,1,9545,1,0,1,1240,1,1,1,0,1,4503,1,5042,1,0,1,0,0,0,1,0,1,0,1,0,1,0,1,0,1,0,1,0,1,0,1,2,1,0,1,0,1,1,1,8,1,28,1,0,1,0,1,209,1,16342,1,0,1,0,1,0,0,0,0,0,0,0,0,0,0,0,1,0,1,0,1,0,1,0,1,0,0,0,0,0,1,0,0
485,14579100,4469,9545,28.988922,,0,11,8,96,74352,15019,3046,14504748,16,216,210,1,26321,1,50,1,322957,1,817186,1,129832,1,13192200,1,15991,1,299812,1,7214,4,517134,4,64605,4,4133985,4,8124342,8,12077265,96,178015,36,3006,1,24478,1,2605,1,0,0,0,0,0,0,0,0,0,0,0,0,0,0,8106,1,63914,1,217091,1,33265,1,12755,1,5691,1,31080,1,250055,1,16342,1,237,1,9545,1,4469,1,16579,1,9545,1,0,1,1240,1,1,1,0,1,4503,1,5042,1,0,1,0,0,0,1,0,1,0,1,0,1,0,1,0,1,0,1,0,1,0,1,2,1,0,1,0,1,1,1,8,1,28,1,0,1,0,1,209,1,16342,1,1,1,1,1,0,0,0,0,0,0,0,0,0,0,0,1,0,1,0,1,0,1,0,1,0,0,0,0,0,1,0,0
486,14384200,4469,9545,28.988922,,0,11,8,96,73589,13006,2185,14310611,16,216,160,1,27073,1,80,1,337786,1,657747,1,112458,1,13158865,1,16442,1,262609,1,7094,4,517034,4,64405,4,4129957,4,8137186,8,12085300,96,179658,36,2926,1,22063,1,2585,1,0,0,0,0,0,0,0,0,0,0,0,0,0,0,9328,1,68393,1,225949,1,33495,1,2565,1,5411,1,29337,1,225127,1,16342,1,237,1,9545,1,4469,1,16579,1,9545,1,0,1,1240,1,1,1,0,1,4502,1,5042,1,1,1,0,0,0,1,0,1,0,1,0,1,0,1,0,1,0,1,0,1,0,1,2,1,0,1,0,1,1,1,8,1,28,1,0,1,0,1,209,1,16342,1,1,1,1,1,0,0,0,0,0,0,0,0,0,0,0,1,0,1,0,1,0,1,0,1,0,0,0,0,0,1,0,0
487,14692700,4469,9545,28.988922,,0,11,8,96,103939,20831,2906,14588761,16,216,40,1,26622,1,60,1,268040,1,807478,1,118891,1,13350056,1,17574,1,256057,1,15710,4,521573,4,71238,4,4156008,4,8225227,8,12175245,96,203084,36,4910,1,70457,1,8046,1,0,0,0,0,0,0,0,0,0,0,0,0,0,0,10280,1,51841,1,178917,1,26672,1,2655,1,5481,1,29577,1,218174,1,16342,1,237,1,9545,1,4469,1,16579,1,9545,1,0,1,1240,1,1,1,0,1,4503,1,5042,1,0,1,0,0,0,1,0,1,0,1,0,1,0,1,0,1,0,1,0,1,0,1,2,1,0,1,0,1,1,1,8,1,28,1,0,1,0,1,209,1,16342,1,1,1,1,1,0,0,0,0,0,0,0,0,0,0,0,1,0,1,0,1,0,1,0,1,0,0,0,0,0,1,0,0
488,15548300,4469,9545,28.988922,,0,11,8,96,61416,16793,3458,15486884,16,216,711,1,44446,1,291,1,371682,1,873756,1,154921,1,14029685,1,11392,1,463489,1,10530,4,566600,4,77250,4,4313594,4,8518717,8,12649075,96,179778,36,6593,1,50879,1,5240,1,0,0,0,0,0,0,0,0,0,0,0,0,0,0,12033,1,78342,1,235467,1,42693,1,4168,1,6583,1,58003,1,394275,1,16342,1,237,1,9545,1,4469,1,16579,1,9545,1,0,1,1240,1,1,1,0,1,4503,1,5042,1,0,1,0,0,0,1,0,1,0,1,0,1,0,1,0,1,0,1,0,1,0,1,2,1,0,1,0,1,1,1,8,1,28,1,0,1,0,1,209,1,16342,1,1,1,1,1,0,0,0,0,0,0,0,0,0,0,0,1,0,1,0,1,0,1,0,1,0,0,0,0,0,1,0,0
489,14676700,4469,9545,28.988922,,0,11,8,96,49154,14368,2405,14627546,16,216,581,1,34818,1,170,1,343337,1,755056,1,125884,1,13356278,1,11422,1,397231,1,11312,4,539087,4,70487,4,4133304,4,8144581,8,12096533,96,178947,36,3587,1,39647,1,2675,1,0,0,0,0,0,0,0,0,0,0,0,0,0,0,8496,1,70367,1,226550,1,36741,1,3357,1,5741,1,29828,1,357835,1,16342,1,237,1,9545,1,4469,1,16579,1,9545,1,0,1,1240,1,1,1,0,1,4503,1,5042,1,0,1,0,0,0,1,0,1,0,1,0,1,0,1,0,1,0,1,0,1,0,1,2,1,0,1,0,1,1,1,8,1,28,1,0,1,0,1,209,1,16342,1,1,1,1,1,0,0,0,0,0,0,0,0,0,0,0,1,0,1,0,1,0,1,0,1,0,0,0,0,0,1,0,0
490,14503600,4469,9545,28.988922,,0,11,8,96,42056,13917,2275,14461544,16,216,150,1,27413,1,130,1,269243,1,674309,1,116025,1,13363101,1,11172,1,363606,1,13115,4,518156,4,73533,4,4150066,4,8175491,8,12144144,96,179138,36,3787,1,48594,1,2836,1,0,0,0,0,0,0,0,0,0,0,0,0,0,0,6893,1,54576,1,179288,1,27754,1,3356,1,5601,1,30008,1,324390,1,16342,1,237,1,9545,1,4469,1,16579,1,9545,1,0,1,1240,1,1,1,0,1,4502,1,5042,1,1,1,0,0,0,1,0,1,0,1,0,1,0,1,0,1,0,1,0,1,0,1,2,1,0,1,0,1,1,1,8,1,28,1,0,1,0,1,209,1,16342,1,1,1,1,1,0,0,0,0,0,0,0,0,0,0,0,1,0,1,0,1,0,1,0,1,0,0,0,0,0,1,0,0
491,14578600,4469,9545,28.988922,,0,11,8,96,41760,14178,2345,14536840,16,216,50,1,27353,1,30,1,266267,1,676684,1,128259,1,13427186,1,11011,1,371761,1,10791,4,584394,4,69855,4,4145487,4,8175992,8,12140197,96,178937,36,3196,1,47993,1,3537,1,0,0,0,0,0,0,0,0,0,0,0,0,0,0,6543,1,54786,1,175080,1,28616,1,2896,1,5491,1,29718,1,333487,1,16343,1,237,1,9545,1,4469,1,16580,1,9545,1,0,1,1240,1,1,1,0,1,4503,1,5042,1,0,1,0,0,0,1,0,1,0,1,0,1,0,1,0,1,0,1,0,1,0,1,2,1,0,1,0,1,1,1,8,1,28,1,0,1,0,1,209,1,16343,1,1,1,0,1,0,0,0,0,0,0,0,0,0,0,0,1,0,1,0,1,0,1,0,1,0,0,0,0,0,1,0,0
492,14596200,4469,9545,28.988922,,0,11,8,96,59240,14408,2235,14536960,16,216,50,1,27513,1,30,1,264433,1,688977,1,117538,1,13424490,1,13927,1,362945,1,8997,4,596107,4,77841,4,4151309,4,8167165,8,12137001,96,179238,36,3246,1,39857,1,2615,1,0,0,0,0,0,0,0,0,0,0,0,0,0,0,6603,1,56209,1,172114,1,28926,1,2665,1,5551,1,29918,1,324580,1,16343,1,237,1,9545,1,4469,1,16580,1,9545,1,0,1,1240,1,1,1,0,1,4503,1,5042,1,0,1,0,0,0,1,0,1,0,1,0,1,0,1,0,1,0,1,0,1,0,1,2,1,0,1,0,1,1,1,8,1,28,1,0,1,0,1,209,1,16343,1,1,1,1,1,0,0,0,0,0,0,0,0,0,0,0,1,0,1,0,1,0,1,0,1,0,0,0,0,0,1,0,0
493,14598300,4469,9545,28.988922,,0,11,8,96,43525,15410,2255,14554775,16,216,301,1,32553,1,20,1,260917,1,692444,1,135373,1,13422196,1,10971,1,426438,1,8276,4,536902,4,66038,4,4153383,4,8169339,8,12141700,96,178767,36,5491,1,38284,1,2635,1,0,0,0,0,0,0,0,0,0,0,0,0,0,0,6102,1,54085,1,171152,1,28876,1,3096,1,5691,1,30409,1,387041,1,16343,1,237,1,9545,1,4469,1,16580,1,9545,1,0,1,1240,1,1,1,0,1,4503,1,5042,1,0,1,0,0,0,1,0,1,0,1,0,1,0,1,0,1,0,1,0,1,0,1,2,1,0,1,0,1,1,1,8,1,28,1,0,1,0,1,209,1,16343,1,1,1,1,1,0,0,0,0,0,0,0,0,0,0,0,1,0,1,0,1,0,1,0,1,0,0,0,0,0,1,0,0
494,14667600,4469,9545,28.988922,,0,11,8,96,64772,11643,2345,14602828,16,216,70,1,27423,1,110,1,262169,1,734456,1,123309,1,13443688,1,11603,1,433532,1,11613,4,527865,4,66760,4,4142201,4,8173226,8,12134256,96,178827,36,3517,1,57892,1,15440,1,0,0,0,0,0,0,0,0,0,0,0,0,0,0,6573,1,52782,1,173707,1,28575,1,4198,1,5300,1,30519,1,393394,1,16341,1,237,1,9545,1,4469,1,16578,1,9545,1,0,1,1240,1,1,1,0,1,4503,1,5042,1,0,1,0,0,0,1,0,1,0,1,0,1,0,1,0,1,0,1,0,1,0,1,2,1,0,1,0,1,1,1,8,1,28,1,0,1,0,1,209,1,16341,1,1,1,0,1,0,0,0,0,0,0,0,0,0,0,0,1,0,1,0,1,0,1,0,1,0,0,0,0,0,1,0,0
495,14787500,4469,9545,28.988922,,0,11,8,96,42346,13777,2365,14745154,16,216,140,1,36892,1,281,1,260175,1,729656,1,194017,1,13513183,1,10811,1,432880,1,11552,4,600025,4,67721,4,4150347,4,8182615,8,12151158,96,179438,36,3216,1,45709,1,5340,1,0,0,0,0,0,0,0,0,0,0,0,0,0,0,7084,1,53794,1,169178,1,29327,1,4559,1,8106,1,30299,1,389767,1,16341,1,237,1,9545,1,4469,1,16578,1,9545,1,0,1,1240,1,1,1,0,1,4503,1,5042,1,0,1,0,0,0,1,0,1,0,1,0,1,0,1,0,1,0,1,0,1,0,1,2,1,0,1,0,1,1,1,8,1,28,1,0,1,0,1,209,1,16341,1,1,1,0,1,0,0,0,0,0,0,0,0,0,0,0,1,0,1,0,1,0,1,0,1,0,0,0,0,0,1,0,0
496,14611800,4469,9545,28.988922,,0,11,8,96,44000,12073,2305,14567800,16,216,20,1,33395,1,110,1,308158,1,739756,1,117578,1,13357701,1,11082,1,376731,1,7434,4,525751,4,68824,4,4155557,4,8144441,8,12120559,96,177134,36,6893,1,55047,1,4950,1,0,0,0,0,0,0,0,0,0,0,0,0,0,0,8697,1,71539,1,183947,1,43014,1,2685,1,5771,1,29968,1,338156,1,16340,1,237,1,9545,1,4469,1,16577,1,9545,1,0,1,1240,1,1,1,0,1,4502,1,5042,1,1,1,0,0,0,1,0,1,0,1,0,1,0,1,0,1,0,1,0,1,0,1,2,1,0,1,0,1,1,1,8,1,28,1,0,1,0,1,209,1,16340,1,1,1,0,1,0,0,0,0,0,0,0,0,0,0,0,1,0,1,0,1,0,1,0,1,0,0,0,0,0,1,0,0
497,14533700,4469,9545,28.988922,,0,11,8,96,42018,12304,2264,14491682,16,216,120,1,53073,1,220,1,287979,1,791426,1,118670,1,13229352,1,10841,1,389476,1,9488,4,530650,4,70988,4,4107233,4,8057311,8,11986499,96,175781,36,3346,1,44687,1,3868,1,0,0,0,0,0,0,0,0,0,0,0,0,0,0,11352,1,78232,1,168858,1,28856,1,2735,1,5300,1,30509,1,350751,1,16341,1,237,1,9545,1,4469,1,16578,1,9545,1,0,1,1240,1,1,1,0,1,4501,1,5042,1,2,1,0,0,0,1,0,1,0,1,0,1,0,1,0,1,0,1,0,1,0,1,2,1,0,1,0,1,1,1,8,1,28,1,0,1,0,1,209,1,16341,1,1,1,0,1,0,0,0,0,0,0,0,0,0,0,0,1,0,1,0,1,0,1,0,1,0,0,0,0,0,1,0,0
498,14338400,4469,9545,28.988922,,0,11,8,96,41546,11813,2766,14296854,16,216,50,1,28375,1,230,1,257179,1,682154,1,118560,1,13199414,1,10891,1,356141,1,11703,4,524819,4,67541,4,4088928,4,8092179,8,12001698,96,176643,36,3226,1,40489,1,2575,1,0,0,0,0,0,0,0,0,0,0,0,0,0,0,8006,1,54305,1,165551,1,28185,1,2685,1,5280,1,30098,1,317917,1,16343,1,237,1,9545,1,4469,1,16580,1,9545,1,0,1,1240,1,1,1,0,1,4502,1,5042,1,1,1,0,0,0,1,0,1,0,1,0,1,0,1,0,1,0,1,0,1,0,1,2,1,0,1,0,1,1,1,8,1,28,1,0,1,0,1,209,1,16343,1,1,1,0,1,0,0,0,0,0,0,0,0,0,0,0,1,0,1,0,1,0,1,0,1,0,0,0,0,0,1,0,0
499,14439500,4468,9545,28.988922,,0,11,8,96,41880,9619,2515,14397620,16,216,60,1,27874,1,60,1,258201,1,678948,1,119282,1,13301943,1,11252,1,364297,1,12234,4,518396,4,71198,4,4114046,4,8158738,8,12099839,96,170431,36,3637,1,47142,1,2635,1,0,0,0,0,0,0,0,0,0,0,0,0,0,0,8296,1,53925,1,167044,1,28365,1,3256,1,5761,1,30229,1,324881,1,16351,1,229,1,9545,1,4468,1,16580,1,9545,1,0,1,1240,1,1,1,0,1,4503,1,5042,1,0,1,0,0,0,1,0,1,0,1,0,1,0,1,0,1,0,1,0,1,0,1,2,1,0,1,0,1,1,1,8,1,28,1,0,1,0,1,201,1,16351,1,0,1,0,1,0,0,0,0,0,0,0,0,0,0,0,1,0,1,0,1,0,1,0,1,0,0,0,0,0,1,0,0
