step,wall_ns,manifolds,pairs,top_y,awake,void,colors,wide_colors,waves,g_ns,u_ns,r_ns,sys_sum_ns,disp_lane,worker_lane_max,sys_physics_integrate_ns,sys_physics_integrate_n,sys_physics_gather_ns,sys_physics_gather_n,sys_select_broadphase_ns,sys_select_broadphase_n,sys_physics_broadphase_ns,sys_physics_broadphase_n,sys_physics_narrowphase_ns,sys_physics_narrowphase_n,sys_physics_build_graph_ns,sys_physics_build_graph_n,sys_physics_solve_colored_ns,sys_physics_solve_colored_n,sys_physics_apply_ns,sys_physics_apply_n,phys_solve_build_ns,phys_solve_build_n,phys_gravity_ns,phys_gravity_n,phys_warm_apply_ns,phys_warm_apply_n,phys_integrate_ns,phys_integrate_n,phys_pass_biased_ns,phys_pass_biased_n,phys_pass_relax_ns,phys_pass_relax_n,phys_color_wide_ns,phys_color_wide_n,phys_color_narrow_ns,phys_color_narrow_n,phys_restitution_ns,phys_restitution_n,phys_store_ns,phys_store_n,phys_write_back_ns,phys_write_back_n,phys_sleep_begin_ns,phys_sleep_begin_n,phys_sleep_freeze_ns,phys_sleep_freeze_n,phys_sleep_end_ns,phys_sleep_end_n,phys_np_dispatch_ns,phys_np_dispatch_n,phys_np_compact_ns,phys_np_compact_n,phys_np_axis_commit_ns,phys_np_axis_commit_n,phys_bp_verify_ns,phys_bp_verify_n,phys_bp_build_ns,phys_bp_build_n,phys_bp_query_ns,phys_bp_query_n,phys_bp_assemble_ns,phys_bp_assemble_n,phys_slots_wide,phys_slots_wide_n,phys_slots_narrow,phys_slots_narrow_n,phys_np_pairs,phys_np_pairs_n,phys_np_manifolds,phys_np_manifolds_n,phys_np_points,phys_np_points_n,phys_bp_pairs,phys_bp_pairs_n,phys_np_chunks,phys_np_chunks_n,phys_bp_queried,phys_bp_queried_n,phys_bp_members,phys_bp_members_n,phys_bp_rebuilds,phys_bp_rebuilds_n
0,6037600,4495,9570,35.998295,,0,9,9,108,62661,6462,3467,5974939,16,161,912,1,157213,1,661,1,626957,1,1082233,1,170067,1,3922930,1,13967,1,658798,1,15099,4,543957,4,96906,4,892578,4,1671296,8,2560407,108,0,0,3497,1,30769,1,3567,1,0,0,0,0,0,0,750825,1,141402,1,25930,1,34797,1,76788,1,444776,1,67941,1,17980,1,0,1,9570,1,4495,1,17980,1,9570,1,48,1,1241,1,0,1,0,1
1,4061200,4196,9570,35.993866,,0,8,8,96,39490,1313,2265,4021710,16,149,230,1,42562,1,130,1,496235,1,407534,1,90675,1,2971398,1,12945,1,355324,1,13065,4,487819,4,84022,4,686341,4,1311644,8,1995720,96,0,0,5000,1,24126,1,2745,1,0,0,0,0,0,0,379921,1,20039,1,4619,1,5551,1,25930,1,436089,1,26541,1,15924,1,0,1,9570,1,4196,1,15924,1,9570,1,48,1,1241,1,0,1,0,1
2,3966500,4142,9570,35.986713,,0,8,8,96,32449,1353,3728,3934051,16,149,110,1,25409,1,40,1,532284,1,396974,1,87599,1,2878850,1,12785,1,279398,1,12434,4,481537,4,84513,4,683866,4,1303569,8,1983707,96,0,0,4078,1,25319,1,2785,1,0,0,0,0,0,0,373629,1,16071,1,4348,1,17985,1,22313,1,446529,1,45137,1,15744,1,0,1,9570,1,4142,1,15744,1,9570,1,48,1,1240,1,1,1,1,1
3,3851100,4111,9570,35.976837,,0,8,8,96,30277,2815,2145,3820823,16,149,100,1,24968,1,70,1,459645,1,379240,1,85815,1,2858231,1,12755,1,277424,1,12304,4,480885,4,83962,4,673015,4,1295553,8,1966424,96,0,0,4669,1,24788,1,2815,1,0,0,0,0,0,0,355925,1,16422,1,4028,1,4980,1,21642,1,407184,1,25649,1,15687,1,0,1,9570,1,4111,1,15687,1,9570,1,48,1,1240,1,1,1,0,1
4,4494100,4100,9570,35.964233,,0,8,8,96,41631,1643,2615,4452469,16,149,150,1,29898,1,80,1,475074,1,407078,1,109551,1,3416660,1,13977,1,361005,1,14368,4,605305,4,95744,4,773188,4,1502917,8,2273490,96,0,0,6322,1,51349,1,4819,1,0,0,0,0,0,0,381890,1,17734,1,4338,1,9979,1,22603,1,415700,1,26421,1,15670,1,0,1,9570,1,4100,1,15670,1,9570,1,48,1,1240,1,1,1,0,1
5,4546200,4087,9570,35.948902,,0,8,8,96,35429,5831,2706,4510771,16,149,160,1,31441,1,130,1,639811,1,446103,1,112446,1,3267313,1,13366,1,430769,1,13967,4,494702,4,90123,4,788217,4,1391142,8,2176654,96,0,0,4088,1,45377,1,3096,1,0,0,0,0,0,0,402079,1,35709,1,3867,1,6322,1,26812,1,560238,1,45808,1,15642,1,0,1,9570,1,4087,1,15642,1,9570,1,48,1,1240,1,1,1,0,1
6,3935900,4079,9570,35.93085,,0,8,8,96,39181,1423,2345,3896719,16,149,170,1,31731,1,80,1,588703,1,394860,1,90204,1,2777916,1,13055,1,336999,1,12143,4,480625,4,80184,4,626456,4,1200831,8,1824942,96,0,0,3266,1,33184,1,2805,1,0,0,0,0,0,0,369691,1,18476,1,3787,1,14598,1,26130,1,507216,1,40247,1,15666,1,0,1,9570,1,4079,1,15666,1,9570,1,48,1,1240,1,1,1,0,1
7,3717700,4073,9570,35.910072,,0,8,8,96,31326,1292,4469,3686374,16,149,120,1,30759,1,30,1,489602,1,361275,1,84613,1,2707150,1,12825,1,284317,1,11793,4,477499,4,78872,4,623360,4,1202204,8,1821094,96,0,0,2926,1,22123,1,2765,1,0,0,0,0,0,0,336918,1,17694,1,3807,1,5701,1,24537,1,427012,1,32122,1,15684,1,0,1,9570,1,4073,1,15684,1,9570,1,48,1,1240,1,1,1,0,1
8,3676400,4066,9570,35.88657,,0,8,8,96,30944,1172,1774,3645456,16,149,30,1,24978,1,50,1,457350,1,376996,1,83661,1,2689496,1,12895,1,272424,1,11753,4,478200,4,78641,4,624973,4,1194429,8,1817628,96,0,0,2906,1,22213,1,2785,1,0,0,0,0,0,0,353340,1,17043,1,3827,1,4899,1,21281,1,406402,1,24517,1,15684,1,0,1,9570,1,4066,1,15684,1,9570,1,48,1,1240,1,1,1,0,1
9,3715100,4061,9570,35.86034,,0,8,8,96,33363,1242,2084,3681737,16,149,40,1,24778,1,30,1,457040,1,344102,1,83571,1,2759231,1,12945,1,273426,1,11723,4,479232,4,79122,4,623550,4,1261329,8,1882795,96,0,0,3807,1,22774,1,3026,1,0,0,0,0,0,0,319264,1,18205,1,3767,1,5010,1,20469,1,405290,1,26010,1,15705,1,0,1,9570,1,4061,1,15705,1,9570,1,48,1,1240,1,1,1,0,1
10,3688300,4053,9570,35.831387,,0,8,8,96,41963,1222,1834,3646337,16,149,170,1,27353,1,80,1,484522,1,346657,1,86817,1,2687612,1,13125,1,271613,1,11863,4,480124,4,78902,4,620584,4,1195380,8,1814130,96,0,0,2936,1,22163,1,2825,1,0,0,0,0,0,0,322821,1,17323,1,3717,1,13586,1,22393,1,422293,1,25930,1,15690,1,0,1,9570,1,4053,1,15690,1,9570,1,48,1,1240,1,1,1,0,1
11,3655300,4054,9570,35.79971,,0,8,8,96,30845,1132,1824,3624455,16,149,40,1,30078,1,20,1,463221,1,343621,1,90284,1,2684536,1,12654,1,273166,1,11723,4,477148,4,78651,4,620163,4,1195070,8,1813410,96,0,0,2926,1,21682,1,2876,1,0,0,0,0,0,0,319355,1,17894,1,3607,1,4819,1,21792,1,408867,1,27563,1,15715,1,0,1,9570,1,4054,1,15715,1,9570,1,48,1,1240,1,1,1,0,1
12,3646500,4056,9570,35.765305,,0,8,8,96,30701,1122,1885,3615799,16,149,20,1,24718,1,20,1,454264,1,341537,1,84723,1,2697632,1,12885,1,270250,1,11943,4,479322,4,79283,4,623891,4,1203847,8,1825853,96,0,0,2946,1,22133,1,2896,1,0,0,0,0,0,0,317992,1,17043,1,3677,1,4709,1,21842,1,403166,1,24367,1,15716,1,0,1,9570,1,4056,1,15716,1,9570,1,48,1,1240,1,1,1,0,1
13,3724600,4055,9570,35.728176,,0,8,8,96,37825,1292,1874,3686775,16,149,160,1,30028,1,70,1,490324,1,347088,1,85535,1,2722950,1,10620,1,281682,1,12113,4,482949,4,79673,4,628780,4,1208265,8,1835172,96,0,0,2986,1,22383,1,2825,1,0,0,0,0,0,0,322130,1,18355,1,3717,1,12604,1,22894,1,427362,1,27132,1,15731,1,0,1,9570,1,4055,1,15731,1,9570,1,48,1,1240,1,1,1,0,1
14,3758600,4060,9570,35.688324,,0,8,8,96,32143,1182,2054,3726457,16,149,70,1,30208,1,70,1,469143,1,351567,1,85515,1,2776959,1,12925,1,273887,1,12193,4,520101,4,79243,4,635293,4,1227267,8,1860505,96,0,0,2876,1,22093,1,2825,1,0,0,0,0,0,0,329735,1,15330,1,3667,1,4829,1,21932,1,414397,1,27753,1,15731,1,0,1,9570,1,4060,1,15731,1,9570,1,48,1,1240,1,1,1,0,1
15,3712800,4057,9570,35.64575,,0,8,8,96,31465,1292,1944,3681335,16,149,180,1,24938,1,60,1,466157,1,382807,1,84062,1,2710226,1,12905,1,274819,1,11703,4,482519,4,79303,4,625734,4,1207103,8,1830893,96,0,0,2956,1,22042,1,2755,1,0,0,0,0,0,0,359041,1,17203,1,3697,1,4849,1,21471,1,414999,1,24587,1,15734,1,0,1,9570,1,4057,1,15734,1,9570,1,48,1,1240,1,1,1,0,1
16,3686000,4055,9570,35.600445,,0,8,8,96,30194,1132,2034,3655806,16,149,140,1,24948,1,30,1,466508,1,352118,1,83911,1,2715205,1,12945,1,274037,1,11843,4,482208,4,79633,4,628419,4,1210520,8,1836905,96,0,0,2906,1,21702,1,2805,1,0,0,0,0,0,0,327400,1,18255,1,3657,1,4859,1,21501,1,413987,1,25990,1,15727,1,0,1,9570,1,4055,1,15727,1,9570,1,48,1,1240,1,1,1,0,1
17,3697000,4051,9570,35.552414,,0,8,8,96,30845,1202,1875,3666155,16,149,60,1,25008,1,60,1,463141,1,349743,1,84753,1,2730485,1,12905,1,272294,1,11953,4,481517,4,82599,4,644480,4,1208426,8,1851031,96,0,0,3026,1,22103,1,2886,1,0,0,0,0,0,0,325046,1,18175,1,3627,1,4759,1,21501,1,412083,1,24617,1,15724,1,0,1,9570,1,4051,1,15724,1,9570,1,48,1,1240,1,1,1,0,1
18,3710000,4049,9570,35.501663,,0,8,8,96,30639,1182,2164,3679361,16,149,50,1,24888,1,40,1,459424,1,346677,1,83090,1,2752327,1,12865,1,272845,1,12474,4,484172,4,79393,4,628520,4,1244886,8,1871241,96,0,0,2886,1,23185,1,2785,1,0,0,0,0,0,0,321819,1,18566,1,3577,1,4739,1,21672,1,408226,1,24617,1,15728,1,0,1,9570,1,4049,1,15728,1,9570,1,48,1,1240,1,1,1,0,1
19,3669700,4050,9570,35.448185,,0,8,8,96,30426,1262,1944,3639274,16,149,180,1,24998,1,90,1,458703,1,347729,1,83641,1,2711087,1,12845,1,279478,1,11723,4,482238,4,79563,4,624472,4,1204438,8,1826965,96,0,0,2855,1,22213,1,2845,1,0,0,0,0,0,0,323212,1,18195,1,3557,1,4799,1,21301,1,407915,1,24457,1,15736,1,0,1,9570,1,4050,1,15736,1,9570,1,48,1,1240,1,1,1,0,1
20,4627400,4829,9570,35.391983,,0,14,12,144,30674,1242,4850,4596726,16,221,70,1,24998,1,90,1,458843,1,390191,1,118438,1,3591171,1,12925,1,348751,1,11903,4,580207,4,79423,4,841089,4,1696805,8,2413344,144,119700,24,3547,1,25349,1,2855,1,0,0,0,0,0,0,345856,1,31661,1,9138,1,4699,1,21391,1,407695,1,24928,1,18718,1,144,1,9570,1,4829,1,18862,1,9570,1,48,1,1240,1,1,1,0,1
21,4327900,4715,9570,35.333054,,0,13,11,132,33245,1222,5881,4294655,16,209,160,1,24748,1,30,1,460867,1,414748,1,108349,1,3272899,1,12855,1,339543,1,11622,4,542073,4,79162,4,770493,4,1494616,8,2175296,132,83932,24,3397,1,27964,1,2805,1,0,0,0,0,0,0,384971,1,19518,1,6873,1,4679,1,20409,1,410891,1,24688,1,17266,1,101,1,9570,1,4715,1,17367,1,9570,1,48,1,1240,1,1,1,0,1
22,4268000,4565,9570,35.2714,,0,13,10,120,30665,1333,5482,4237335,16,209,50,1,24838,1,50,1,463662,1,394078,1,104571,1,3237220,1,12865,1,324024,1,11703,4,524770,4,79092,4,760914,4,1503894,8,2077036,120,182291,36,3356,1,25359,1,2775,1,0,0,0,0,0,0,365313,1,19938,1,5701,1,4729,1,21441,1,412614,1,24627,1,16624,1,220,1,9570,1,4565,1,16844,1,9570,1,48,1,1240,1,1,1,0,1
23,4214800,4496,9570,35.207024,,0,13,10,120,30808,1212,5631,4183992,16,209,60,1,24878,1,10,1,470205,1,401242,1,100022,1,3174650,1,12925,1,316028,1,11532,4,516975,4,79202,4,751136,4,1467584,8,2050756,120,162332,36,3216,1,24998,1,2765,1,0,0,0,0,0,0,374150,1,19077,1,4940,1,4669,1,21221,1,419457,1,24708,1,16445,1,200,1,9570,1,4496,1,16645,1,9570,1,48,1,1240,1,1,1,0,1
24,4061600,4419,9570,35.13992,,0,12,10,120,29891,1132,5352,4031709,16,197,40,1,24928,1,90,1,467710,1,387846,1,97618,1,3040602,1,12875,1,304205,1,11723,4,506845,4,78752,4,709756,4,1396848,8,2029034,120,72218,24,3136,1,25409,1,2795,1,0,0,0,0,0,0,361546,1,18225,1,5050,1,4719,1,21471,1,416471,1,24868,1,16356,1,88,1,9570,1,4419,1,16444,1,9570,1,48,1,1240,1,1,1,0,1
25,4297800,4390,9570,35.07009,,0,12,9,108,39414,1393,7324,4258386,16,197,160,1,30028,1,80,1,486476,1,393157,1,105683,1,3229716,1,13085,1,310047,1,11783,4,513568,4,85634,4,748781,4,1526188,8,2026210,108,241435,36,4088,1,25209,1,3026,1,0,0,0,0,0,0,366365,1,18997,1,4569,1,12574,1,21582,1,425038,1,26982,1,16055,1,291,1,9570,1,4390,1,16346,1,9570,1,48,1,1240,1,1,1,0,1
26,4129900,4353,9570,34.997536,,0,12,9,108,30571,1282,5381,4099329,16,197,100,1,30158,1,40,1,472660,1,388558,1,97097,1,3097802,1,12915,1,297803,1,11312,4,503970,4,79493,4,735556,4,1438358,8,1979750,108,188783,36,3146,1,24046,1,2835,1,0,0,0,0,0,0,361476,1,19498,1,4599,1,4699,1,22393,1,417724,1,27623,1,16062,1,229,1,9570,1,4353,1,16291,1,9570,1,48,1,1240,1,1,1,0,1
27,4082100,4336,9570,34.92226,,0,12,9,108,30192,1213,5090,4051908,16,197,200,1,24848,1,60,1,465947,1,381314,1,95594,1,3071040,1,12905,1,296461,1,11352,4,501285,4,79382,4,730426,4,1421115,8,1979619,108,166831,36,3156,1,23826,1,2825,1,0,0,0,0,0,0,355344,1,18676,1,4348,1,4659,1,20950,1,415630,1,24547,1,16019,1,201,1,9570,1,4336,1,16220,1,9570,1,48,1,1240,1,1,1,0,1
28,4791700,4982,9570,34.844257,,0,14,11,132,30497,1202,6302,4761203,16,221,20,1,25128,1,50,1,466748,1,418646,1,123768,1,3713937,1,12905,1,359732,1,11823,4,585898,4,79012,4,895574,4,1745890,8,2316358,132,318804,36,3607,1,28415,1,2785,1,0,0,0,0,0,0,384660,1,21441,1,9007,1,4729,1,20089,1,416962,1,24768,1,18465,1,392,1,9570,1,4982,1,18857,1,9570,1,48,1,1240,1,1,1,0,1
29,4411100,4783,9570,34.763527,,0,14,11,132,30540,1242,5912,4380560,16,221,30,1,24838,1,50,1,464273,1,430929,1,112527,1,3334928,1,12985,1,342890,1,11863,4,545500,4,79503,4,796964,4,1525185,8,2200765,132,115472,36,3437,1,25599,1,2745,1,0,0,0,0,0,0,401382,1,20199,1,6022,1,4689,1,21311,1,413546,1,24547,1,17239,1,139,1,9570,1,4783,1,17378,1,9570,1,48,1,1240,1,1,1,0,1
30,4321000,4670,9570,34.680073,,0,13,11,132,30172,1252,5872,4290828,16,209,110,1,25108,1,30,1,469013,1,440608,1,112737,1,3230277,1,12945,1,331217,1,12103,4,533827,4,80154,4,752438,4,1485769,8,2124528,132,107807,24,3346,1,27383,1,2785,1,0,0,0,0,0,0,411452,1,20339,1,5501,1,4789,1,21040,1,417954,1,24998,1,16931,1,131,1,9570,1,4670,1,17062,1,9570,1,48,1,1240,1,1,1,0,1
31,4244400,4639,9570,34.593895,,0,13,11,132,31573,1172,5682,4212827,16,209,50,1,24968,1,70,1,468742,1,418856,1,109050,1,3178166,1,12925,1,325897,1,12103,4,527034,4,79293,4,743892,4,1456323,8,2106323,132,88210,24,3387,1,26230,1,2835,1,0,0,0,0,0,0,391002,1,19257,1,5410,1,4659,1,21211,1,416722,1,25920,1,16699,1,106,1,9570,1,4639,1,16805,1,9570,1,48,1,1240,1,1,1,0,1
32,4313400,4573,9570,34.504993,,0,13,11,132,37992,1272,7595,4275408,16,209,190,1,30138,1,70,1,481787,1,411021,1,118328,1,3223133,1,10741,1,349974,1,12985,4,530260,4,79543,4,744743,4,1469728,8,2096805,132,110072,24,3457,1,28325,1,2845,1,0,0,0,0,0,0,384860,1,18205,1,4619,1,9839,1,22934,1,421902,1,26772,1,16368,1,130,1,9570,1,4573,1,16498,1,9570,1,48,1,1240,1,1,1,0,1
33,4147100,4491,9570,34.413364,,0,13,11,132,30448,1182,5852,4116652,16,209,10,1,30268,1,30,1,471598,1,412384,1,113729,1,3075649,1,12985,1,323553,1,12444,4,509330,4,79483,4,714846,4,1403170,8,2017061,132,95103,24,3326,1,25469,1,2845,1,0,0,0,0,0,0,384680,1,19007,1,5541,1,4679,1,22523,1,417353,1,26862,1,16106,1,116,1,9570,1,4491,1,16222,1,9570,1,48,1,1240,1,1,1,0,1
34,4764600,5031,9570,34.31901,,0,14,11,132,30119,1152,6132,4734481,16,221,10,1,25168,1,90,1,466037,1,433284,1,126363,1,3670594,1,12935,1,352098,1,12033,4,576419,4,79032,4,879222,4,1736051,8,2291891,132,317251,36,3587,1,28184,1,2815,1,0,0,0,0,0,0,398928,1,21431,1,9368,1,4659,1,21501,1,413466,1,26230,1,17973,1,388,1,9570,1,5031,1,18361,1,9570,1,48,1,1240,1,1,1,0,1
35,4429600,4806,9570,34.221935,,0,14,11,132,32778,1623,8086,4396822,16,221,150,1,30388,1,50,1,481968,1,444195,1,123949,1,3303127,1,12995,1,375372,1,13155,4,539268,4,80144,4,766225,4,1492823,8,2152172,132,98790,36,3617,1,28044,1,2855,1,0,0,0,0,0,0,412804,1,20740,1,7144,1,4729,1,21351,1,429236,1,26271,1,16833,1,118,1,9570,1,4806,1,16951,1,9570,1,48,1,1240,1,1,1,0,1
36,4343900,4646,9570,34.12213,,0,14,11,132,30349,1222,5812,4313551,16,221,40,1,30188,1,40,1,476237,1,454615,1,118298,1,3221259,1,12875,1,335456,1,12324,4,515823,4,79633,4,771946,4,1472664,8,2134336,132,104461,36,3356,1,26030,1,2805,1,0,0,0,0,0,0,424146,1,20359,1,6923,1,4649,1,21872,1,422774,1,26772,1,16171,1,126,1,9570,1,4646,1,16297,1,9570,1,48,1,1240,1,1,1,0,1
37,4285000,4535,9570,34.019604,,0,13,10,120,29991,1232,5751,4255009,16,209,60,1,25018,1,20,1,468482,1,427232,1,111004,1,3210358,1,12835,1,321509,1,12103,4,498129,4,79483,4,765633,4,1499967,8,1992745,120,267104,36,3296,1,26170,1,2835,1,0,0,0,0,0,0,398026,1,19447,1,6593,1,4679,1,20519,1,418255,1,24828,1,15408,1,325,1,9570,1,4535,1,15733,1,9570,1,48,1,1240,1,1,1,0,1
38,4126000,4502,9570,33.91435,,0,13,11,132,30077,1292,5822,4095923,16,209,60,1,25028,1,40,1,468522,1,420640,1,112476,1,3056232,1,12925,1,317711,1,12244,4,492708,4,79533,4,718302,4,1403591,8,2030628,132,85444,24,3256,1,24838,1,2755,1,0,0,0,0,0,0,392195,1,18546,1,6723,1,4639,1,20219,1,418525,1,24968,1,15473,1,104,1,9570,1,4502,1,15577,1,9570,1,48,1,1240,1,1,1,0,1
39,4555400,4984,9570,33.806374,,0,14,12,144,30051,1162,6173,4525349,16,221,110,1,25078,1,50,1,465205,1,453463,1,128407,1,3440191,1,12845,1,352679,1,12244,4,554036,4,79403,4,809798,4,1597745,8,2295938,144,105433,24,3627,1,26772,1,2725,1,0,0,0,0,0,0,419958,1,20349,1,9639,1,4669,1,21201,1,414257,1,24878,1,17363,1,128,1,9570,1,4984,1,17491,1,9570,1,48,1,1240,1,1,1,0,1
40,4647600,5009,9570,33.69567,,0,15,11,132,29973,1202,6383,4617627,16,233,30,1,24918,1,40,1,465045,1,472339,1,127105,1,3515215,1,12935,1,370052,1,12434,4,555910,4,80214,4,826140,4,1632953,8,2241182,132,211527,48,3637,1,29857,1,2815,1,0,0,0,0,0,0,437261,1,20740,1,10861,1,4709,1,20399,1,414898,1,24848,1,17089,1,251,1,9570,1,5009,1,17340,1,9570,1,48,1,1240,1,1,1,0,1
41,4468000,4852,9570,33.58224,,0,14,11,132,30159,1292,6243,4437841,16,221,50,1,24928,1,50,1,464003,1,461248,1,123287,1,3351400,1,12875,1,355534,1,12214,4,532074,4,79713,4,790682,4,1545043,8,2171799,132,157683,36,3637,1,28465,1,2745,1,0,0,0,0,0,0,430438,1,19698,1,7745,1,4689,1,21211,1,412975,1,24938,1,16401,1,190,1,9570,1,4852,1,16591,1,9570,1,48,1,1240,1,1,1,0,1
42,4332100,4753,9570,33.466087,,0,14,11,132,29840,1242,6063,4302260,16,221,50,1,24968,1,70,1,467450,1,450206,1,120903,1,3225648,1,12965,1,339984,1,12424,4,512777,4,79764,4,759231,4,1486070,8,2108357,132,130881,36,3507,1,27814,1,2835,1,0,0,0,0,0,0,418786,1,20519,1,7625,1,4669,1,21241,1,416492,1,24868,1,15808,1,154,1,9570,1,4753,1,15962,1,9570,1,48,1,1240,1,1,1,0,1
43,4386000,4728,9570,33.34721,,0,14,11,132,31129,1172,5841,4354871,16,221,70,1,25088,1,40,1,471397,1,450126,1,122325,1,3272889,1,12935,1,332410,1,12163,4,506014,4,79653,4,760273,4,1547418,8,2147783,132,154066,36,3437,1,27313,1,3036,1,0,0,0,0,0,0,419708,1,19978,1,7204,1,4749,1,20279,1,421201,1,24958,1,15589,1,185,1,9570,1,4728,1,15774,1,9570,1,48,1,1240,1,1,1,0,1
44,4640600,4996,9570,33.22561,,0,14,11,132,31390,1192,5712,4609210,16,221,90,1,24968,1,20,1,469624,1,473341,1,129309,1,3498944,1,12915,1,354442,1,12153,4,543526,4,80064,4,835478,4,1637181,8,2237906,132,229041,36,3577,1,28585,1,2745,1,0,0,0,0,0,0,439035,1,20540,1,10240,1,4709,1,21061,1,417313,1,26351,1,16516,1,272,1,9570,1,4996,1,16788,1,9570,1,48,1,1240,1,1,1,0,1
45,4721900,5112,9570,33.10128,,0,14,12,144,30632,1152,5992,4691268,16,221,40,1,25068,1,40,1,475405,1,489482,1,136012,1,3550783,1,14438,1,388618,1,12183,4,559206,4,81246,4,819377,4,1651899,8,2356515,144,108769,24,3767,1,30539,1,2795,1,0,0,0,0,0,0,452671,1,22093,1,10821,1,4709,1,21101,1,424517,1,24878,1,17219,1,129,1,9570,1,5112,1,17348,1,9570,1,48,1,1240,1,1,1,0,1
46,4589300,4923,9570,32.974224,,0,14,11,132,30146,1172,6473,4559154,16,221,60,1,24938,1,20,1,467991,1,484472,1,128648,1,3440060,1,12965,1,356195,1,11943,4,527475,4,79663,4,819637,4,1608445,8,2164756,132,256854,36,3597,1,29146,1,2785,1,0,0,0,0,0,0,451820,1,20920,1,8216,1,4719,1,21281,1,416662,1,25148,1,15971,1,307,1,9570,1,4923,1,16278,1,9570,1,48,1,1240,1,1,1,0,1
47,4407700,4760,9570,32.844448,,0,14,11,132,32199,1262,6683,4375501,16,221,10,1,24948,1,50,1,477779,1,464724,1,127565,1,3267548,1,12875,1,341467,1,12113,4,505874,4,79814,4,777025,4,1515316,8,2091354,132,194304,36,3427,1,28385,1,2866,1,0,0,0,0,0,0,433715,1,19437,1,8226,1,4659,1,21391,1,425218,1,26331,1,15212,1,234,1,9570,1,4760,1,15446,1,9570,1,48,1,1240,1,1,1,0,1
48,4580900,5001,9570,32.711945,,0,14,12,144,30593,1222,6273,4550307,16,221,20,1,24918,1,40,1,472009,1,466688,1,135771,1,3437876,1,12985,1,355184,1,12414,4,534899,4,79683,4,818595,4,1599949,8,2266972,144,145300,24,3677,1,29427,1,2825,1,0,0,0,0,0,0,430649,1,21622,1,10801,1,4659,1,21662,1,418966,1,26551,1,16273,1,176,1,9570,1,5001,1,16449,1,9570,1,48,1,1240,1,1,1,0,1
49,4705600,5139,9570,32.576717,,0,14,12,144,29912,1132,6533,4675688,16,221,60,1,25108,1,100,1,470105,1,496435,1,138777,1,3532208,1,12895,1,388217,1,12654,4,552674,4,79373,4,832642,4,1629065,8,2319353,144,135821,24,3637,1,30088,1,2725,1,0,0,0,0,0,0,458302,1,21872,1,12684,1,4679,1,21632,1,418535,1,25088,1,16761,1,162,1,9570,1,5139,1,16923,1,9570,1,48,1,1240,1,1,1,0,1
50,4593000,4996,9570,32.438763,,0,14,12,144,30745,1232,6543,4562255,16,221,150,1,25018,1,60,1,467319,1,492969,1,132555,1,3431158,1,13025,1,363429,1,13516,4,548335,4,80485,4,795321,4,1587821,8,2311623,144,64975,24,4048,1,34076,1,2896,1,0,0,0,0,0,0,459895,1,20630,1,8967,1,4669,1,21772,1,415490,1,25209,1,16396,1,76,1,9570,1,4996,1,16472,1,9570,1,48,1,1240,1,1,1,0,1
51,4620400,4871,9570,32.298084,,0,13,11,132,30727,1182,6343,4589673,16,209,150,1,29918,1,50,1,473251,1,480284,1,157573,1,3435522,1,12925,1,408366,1,12203,4,523167,4,79473,4,798376,4,1576524,8,2194012,132,174546,24,3527,1,29888,1,2815,1,0,0,0,0,0,0,447100,1,21301,1,7795,1,4749,1,22674,1,414478,1,31140,1,15840,1,210,1,9570,1,4871,1,16050,1,9570,1,48,1,1240,1,1,1,0,1
52,4686800,5093,9570,32.154682,,0,14,11,132,30048,1163,5582,4656752,16,221,60,1,25038,1,40,1,461228,1,478832,1,139178,1,3539391,1,12985,1,365093,1,12163,4,552223,4,79893,4,835087,4,1657129,8,2249619,132,237016,36,3677,1,30158,1,2805,1,0,0,0,0,0,0,444045,1,21341,1,9939,1,4729,1,20960,1,409167,1,26190,1,16703,1,282,1,9570,1,5093,1,16985,1,9570,1,48,1,1240,1,1,1,0,1
53,4583500,4972,9570,32.008553,,0,13,11,132,33454,1193,5952,4550046,16,209,120,1,25209,1,40,1,468472,1,457460,1,132966,1,3452905,1,12875,1,362448,1,12113,4,542013,4,79533,4,816972,4,1602003,8,2238438,132,174586,24,3597,1,30208,1,2825,1,0,0,0,0,0,0,424537,1,19597,1,9889,1,4739,1,21261,1,417423,1,24858,1,16437,1,208,1,9570,1,4972,1,16645,1,9570,1,48,1,1240,1,1,1,0,1
54,4379700,4792,9570,31.8597,,0,13,11,132,31572,1212,5862,4348128,16,209,60,1,25148,1,40,1,466728,1,486777,1,127836,1,3228583,1,12955,1,344603,1,12093,4,517827,4,79974,4,753420,4,1484908,8,2147422,132,85044,24,3477,1,28264,1,2805,1,0,0,0,0,0,0,456288,1,18616,1,8476,1,4719,1,21521,1,415149,1,25158,1,15830,1,102,1,9570,1,4792,1,15932,1,9570,1,48,1,1240,1,1,1,0,1
55,4468700,4796,9570,31.70812,,0,13,10,120,32002,1313,5532,4436698,16,209,90,1,25098,1,20,1,465376,1,466468,1,127996,1,3338705,1,12945,1,340656,1,12063,4,512957,4,79513,4,796563,4,1559110,8,2095512,120,254630,36,3447,1,30278,1,2805,1,0,0,0,0,0,0,432933,1,20279,1,9709,1,4759,1,21421,1,414127,1,24888,1,15396,1,306,1,9570,1,4796,1,15702,1,9570,1,48,1,1240,1,1,1,0,1
56,4605200,4911,9570,31.553818,,0,13,10,120,31157,1252,5701,4574043,16,209,10,1,25068,1,50,1,465907,1,488039,1,131353,1,3450641,1,12975,1,357869,1,12244,4,530501,4,79683,4,823385,4,1610519,8,2159335,120,268867,36,3507,1,28835,1,2845,1,0,0,0,0,0,0,452230,1,20570,1,11783,1,4699,1,20319,1,415610,1,25098,1,15945,1,319,1,9570,1,4911,1,16264,1,9570,1,48,1,1240,1,1,1,0,1
57,4472100,4780,9570,31.39679,,0,14,10,120,30803,1253,5581,4441297,16,221,40,1,25559,1,80,1,466768,1,476687,1,126283,1,3332884,1,12995,1,342429,1,12163,4,524499,4,80134,4,800481,4,1535305,8,2160307,120,169897,48,3437,1,30318,1,2866,1,0,0,0,0,0,0,444095,1,20019,1,9037,1,4749,1,21211,1,415419,1,25158,1,15714,1,201,1,9570,1,4780,1,15915,1,9570,1,48,1,1240,1,1,1,0,1
58,4390400,4734,9570,31.237036,,0,13,10,120,29958,1222,5290,4360442,16,209,30,1,25078,1,40,1,466558,1,480976,1,126103,1,3248622,1,13035,1,338311,1,12244,4,514220,4,80064,4,770282,4,1496791,8,2143054,120,118728,36,3427,1,29236,1,2825,1,0,0,0,0,0,0,447601,1,21000,1,8987,1,4729,1,21592,1,414979,1,25048,1,15644,1,141,1,9570,1,4734,1,15785,1,9570,1,48,1,1240,1,1,1,0,1
59,4376400,4748,9570,31.074558,,0,13,10,120,29705,1192,5180,4346695,16,209,10,1,25419,1,50,1,468652,1,470676,1,126724,1,3242200,1,12965,1,342990,1,12344,4,519931,4,80134,4,761205,4,1490168,8,2161680,120,84513,36,3467,1,27974,1,2795,1,0,0,0,0,0,0,435729,1,19898,1,11703,1,4739,1,21511,1,417223,1,24938,1,15913,1,100,1,9570,1,4748,1,16013,1,9570,1,48,1,1240,1,1,1,0,1
60,4374200,4704,9570,30.909355,,0,12,10,120,34358,6583,5581,4339842,16,197,170,1,30579,1,90,1,485234,1,474443,1,123638,1,3212763,1,12925,1,335335,1,12183,4,517416,4,79683,4,750544,4,1476451,8,2151821,120,69594,24,3487,1,28214,1,2866,1,0,0,0,0,0,0,441910,1,20109,1,9017,1,4839,1,21702,1,430338,1,27984,1,15920,1,82,1,9570,1,4704,1,16002,1,9570,1,48,1,1240,1,1,1,0,1
61,4383300,4678,9570,30.741426,,0,12,10,120,32757,4048,5060,4350543,16,197,160,1,30208,1,80,1,480234,1,487087,1,129830,1,3209968,1,12975,1,339914,1,12765,4,513959,4,79824,4,748010,4,1477063,8,2148705,120,71307,24,3427,1,28074,1,2886,1,0,0,0,0,0,0,454785,1,19728,1,9128,1,4789,1,22784,1,426200,1,26120,1,15884,1,81,1,9570,1,4678,1,15965,1,9570,1,48,1,1240,1,1,1,0,1
62,4348200,4666,9570,30.570772,,0,12,10,120,31533,1253,5191,4316667,16,197,210,1,30078,1,50,1,480094,1,463672,1,127816,1,3201812,1,12935,1,331167,1,12444,4,512346,4,80154,4,755835,4,1474979,8,2162431,120,63192,24,3376,1,27483,1,2775,1,0,0,0,0,0,0,429967,1,20820,1,9619,1,4729,1,22503,1,424647,1,28004,1,15772,1,75,1,9570,1,4666,1,15847,1,9570,1,48,1,1240,1,1,1,0,1
63,4400200,4609,9570,30.397394,,0,11,9,108,30150,1272,4919,4370050,16,185,100,1,25128,1,30,1,475685,1,459003,1,121103,1,3276065,1,12935,1,323332,1,12203,4,514841,4,79854,4,784099,4,1527369,8,2092707,108,213842,24,3356,1,26962,1,2775,1,0,0,0,0,0,0,428334,1,19317,1,8126,1,4729,1,21982,1,421952,1,26842,1,15605,1,248,1,9570,1,4609,1,15853,1,9570,1,48,1,1240,1,1,1,0,1
64,4427300,4623,9570,30.22129,,0,12,9,108,30819,1272,4950,4396481,16,197,30,1,25138,1,40,1,469043,1,470305,1,122676,1,3296284,1,12965,1,323432,1,12224,4,518247,4,79904,4,799168,4,1528732,8,2116693,108,206257,36,3387,1,27042,1,2876,1,0,0,0,0,0,0,438724,1,20399,1,7885,1,4709,1,20990,1,416652,1,26491,1,15755,1,241,1,9570,1,4623,1,15996,1,9570,1,48,1,1240,1,1,1,0,1
65,4407900,4625,9570,30.042463,,0,12,9,108,32038,1272,4940,4375862,16,197,170,1,25098,1,20,1,466759,1,459655,1,122305,1,3288589,1,13266,1,325997,1,12153,4,518999,4,79723,4,793657,4,1521067,8,2126992,108,182792,36,3356,1,29557,1,2805,1,0,0,0,0,0,0,428154,1,19968,1,8306,1,4679,1,20850,1,416161,1,24898,1,15812,1,212,1,9570,1,4625,1,16024,1,9570,1,48,1,1240,1,1,1,0,1
66,4302800,4579,9570,29.860909,,0,12,9,108,31500,1202,4490,4271300,16,197,60,1,25369,1,30,1,464564,1,459865,1,119239,1,3189147,1,13025,1,329133,1,12173,4,514841,4,81437,4,753069,4,1464518,8,2080473,108,132625,36,3316,1,26741,1,2715,1,0,0,0,0,0,0,428064,1,20640,1,7935,1,4669,1,21962,1,412564,1,25168,1,15822,1,154,1,9570,1,4579,1,15976,1,9570,1,48,1,1240,1,1,1,0,1
67,4283500,4610,9570,29.67663,,0,12,9,108,31587,1212,4449,4251913,16,197,20,1,25249,1,80,1,462971,1,454545,1,121103,1,3174960,1,12985,1,325677,1,12604,4,518007,4,79934,4,740124,4,1464809,8,2076355,108,124129,36,3296,1,26481,1,2815,1,0,0,0,0,0,0,423565,1,20209,1,7625,1,4709,1,22243,1,410801,1,25048,1,15966,1,146,1,9570,1,4610,1,16112,1,9570,1,48,1,1240,1,1,1,0,1
68,4263700,4550,9570,29.489626,,0,11,9,108,31145,1242,4669,4232555,16,185,150,1,25178,1,30,1,468391,1,468421,1,119159,1,3138260,1,12965,1,315667,1,12524,4,515222,4,80645,4,770272,4,1407739,8,2101053,108,72289,24,3196,1,28936,1,2815,1,0,0,0,0,0,0,438354,1,19417,1,7424,1,4729,1,21331,1,417373,1,24808,1,15946,1,82,1,9570,1,4550,1,16028,1,9570,1,48,1,1240,1,1,1,0,1
69,4238000,4524,9570,29.299898,,0,11,9,108,30914,1152,4599,4207086,16,185,130,1,25209,1,30,1,471918,1,449826,1,120412,1,3126657,1,12905,1,321298,1,12534,4,514089,4,82028,4,721829,4,1440382,8,2105913,108,51699,24,3196,1,27313,1,2835,1,0,0,0,0,0,0,419127,1,20900,1,6643,1,4759,1,21311,1,420349,1,25339,1,15963,1,58,1,9570,1,4524,1,16021,1,9570,1,48,1,1240,1,1,1,0,1
70,4213400,4535,9570,29.107445,,0,11,9,108,31111,1132,4660,4182289,16,185,30,1,25088,1,40,1,467991,1,450287,1,117837,1,3108111,1,12905,1,315377,1,12815,4,516704,4,80034,4,731087,4,1418440,8,2084872,108,59995,24,3306,1,26421,1,2795,1,0,0,0,0,0,0,421090,1,19768,1,6342,1,4759,1,22213,1,416031,1,24828,1,16066,1,69,1,9570,1,4535,1,16135,1,9570,1,48,1,1240,1,1,1,0,1
71,4196200,4528,9570,28.912266,,0,11,9,108,30163,1162,4650,4166037,16,185,30,1,25289,1,110,1,463732,1,451850,1,117075,1,3094976,1,12975,1,313323,1,12214,4,518889,4,80234,4,721358,4,1415334,8,2090813,108,41229,24,3286,1,26371,1,2805,1,0,0,0,0,0,0,422563,1,19337,1,6843,1,4649,1,21040,1,412995,1,24788,1,16175,1,47,1,9570,1,4528,1,16222,1,9570,1,48,1,1240,1,1,1,0,1
72,4176800,4533,9570,28.714361,,0,11,9,108,29689,1242,4389,4147111,16,185,10,1,25178,1,30,1,474283,1,445748,1,118628,1,3070239,1,12995,1,311479,1,12524,4,519570,4,80204,4,720887,4,1392099,8,2081365,108,27232,24,3296,1,26120,1,2815,1,0,0,0,0,0,0,418165,1,17935,1,6452,1,4689,1,20349,1,424287,1,24808,1,16235,1,31,1,9570,1,4533,1,16266,1,9570,1,48,1,1240,1,1,1,0,1
73,4177000,4529,9570,28.745474,,0,10,9,108,31322,1232,4218,4145678,16,173,40,1,25098,1,50,1,471798,1,440097,1,117506,1,3078244,1,12845,1,312441,1,12384,4,522395,4,80485,4,718242,4,1399333,8,2093619,108,19738,12,3286,1,25639,1,2805,1,0,0,0,0,0,0,411903,1,19147,1,5951,1,4689,1,20860,1,421331,1,24728,1,16290,1,23,1,9570,1,4529,1,16313,1,9570,1,48,1,1240,1,1,1,0,1
74,4190500,4530,9570,28.77165,,0,11,9,108,29713,1172,4620,4160787,16,185,10,1,25048,1,110,1,466818,1,447201,1,116604,1,3092011,1,12985,1,312020,1,12594,4,523437,4,79814,4,722591,4,1408721,8,2089400,108,37292,24,3256,1,25619,1,2785,1,0,0,0,0,0,0,418806,1,19317,1,6022,1,4699,1,20239,1,416892,1,24808,1,16318,1,43,1,9570,1,4530,1,16361,1,9570,1,48,1,1240,1,1,1,0,1
75,4353800,4529,9570,28.79591,,0,10,9,108,30931,1282,4129,4322869,16,173,10,1,25088,1,90,1,465195,1,453543,1,118248,1,3247420,1,13276,1,311269,1,12594,4,521834,4,82639,4,795561,4,1476752,8,2241633,108,26551,12,4839,1,36390,1,4258,1,0,0,0,0,0,0,424828,1,19488,1,6082,1,4719,1,20409,1,415009,1,24888,1,16337,1,30,1,9570,1,4529,1,16367,1,9570,1,48,1,1240,1,1,1,0,1
76,4290200,4524,9570,28.816788,,0,10,9,108,31003,1543,4319,4259197,16,173,180,1,25429,1,30,1,467520,1,458532,1,118288,1,3176193,1,13025,1,355053,1,12765,4,523928,4,80154,4,735015,4,1428589,8,2138515,108,20770,12,3286,1,33114,1,2745,1,0,0,0,0,0,0,424737,1,24527,1,5681,1,5180,1,22884,1,414177,1,24978,1,16366,1,24,1,9570,1,4524,1,16390,1,9570,1,48,1,1240,1,1,1,0,1
77,4215600,4517,9570,28.83433,,0,10,9,108,30446,1182,4159,4185154,16,173,130,1,25439,1,40,1,466408,1,442121,1,116404,1,3121357,1,13256,1,324555,1,12133,4,524339,4,80635,4,727530,4,1417598,8,2121131,108,19838,12,3246,1,27313,1,2825,1,0,0,0,0,0,0,414277,1,19297,1,5481,1,4739,1,22563,1,412574,1,26261,1,16419,1,23,1,9570,1,4517,1,16442,1,9570,1,48,1,1240,1,1,1,0,1
78,4178900,4520,9570,28.848581,,0,10,9,108,32210,1202,4309,4146690,16,173,40,1,26070,1,50,1,464334,1,443924,1,117917,1,3081410,1,12945,1,314425,1,12374,4,523337,4,79914,4,724965,4,1392590,8,2100211,108,13035,12,3286,1,26511,1,2805,1,0,0,0,0,0,0,415610,1,19357,1,5811,1,5080,1,22173,1,412193,1,24688,1,16423,1,15,1,9570,1,4520,1,16438,1,9570,1,48,1,1240,1,1,1,0,1
79,4241700,4514,9568,28.862343,,0,10,9,108,29834,1282,4339,4211866,16,173,40,1,25249,1,40,1,462650,1,433665,1,117025,1,3159791,1,13406,1,309987,1,13035,4,524850,4,80264,4,727380,4,1470991,8,2163934,108,30098,12,3246,1,25950,1,2805,1,0,0,0,0,0,0,405981,1,19237,1,5390,1,4709,1,22082,1,410760,1,24888,1,16435,1,36,1,9568,1,4514,1,16471,1,9568,1,48,1,1240,1,1,1,0,1
80,4263100,4519,9568,28.873486,,0,10,9,108,29993,1132,4349,4233107,16,173,30,1,25178,1,60,1,460667,1,447641,1,116725,1,3169770,1,13035,1,310177,1,12745,4,524710,4,79964,4,744332,4,1464829,8,2163843,108,40969,12,3166,1,25880,1,2835,1,0,0,0,0,0,0,418475,1,20099,1,5881,1,4769,1,22012,1,408977,1,24728,1,16444,1,47,1,9568,1,4519,1,16491,1,9568,1,48,1,1240,1,1,1,0,1
81,4222600,4518,9568,28.88324,,0,10,9,108,29871,1202,4750,4192729,16,173,70,1,25058,1,40,1,462981,1,447281,1,115743,1,3128601,1,12955,1,307632,1,12454,4,526092,4,80104,4,739483,4,1429902,8,2141200,108,23435,12,3256,1,25669,1,2805,1,0,0,0,0,0,0,418405,1,19948,1,5831,1,4729,1,21702,1,411422,1,24918,1,16476,1,27,1,9568,1,4518,1,16503,1,9568,1,48,1,1240,1,1,1,0,1
82,4186300,4518,9568,28.892859,,0,10,9,108,30402,1183,4419,4155898,16,173,70,1,25108,1,40,1,463813,1,442882,1,117767,1,3093213,1,13005,1,309085,1,12735,4,525612,4,80505,4,721258,4,1410885,8,2100572,108,27152,12,3276,1,25880,1,2795,1,0,0,0,0,0,0,414658,1,19668,1,5481,1,4689,1,21972,1,410510,1,26481,1,16476,1,31,1,9568,1,4518,1,16507,1,9568,1,48,1,1240,1,1,1,0,1
83,4158400,4516,9568,28.90075,,0,10,9,108,31017,1172,4088,4127383,16,173,70,1,25369,1,50,1,463091,1,442492,1,116765,1,3066612,1,12935,1,309185,1,12264,4,524950,4,81697,4,714225,4,1391598,8,2077427,108,24307,12,3236,1,25389,1,2896,1,0,0,0,0,0,0,415560,1,19177,1,4669,1,4729,1,21802,1,411612,1,24768,1,16487,1,28,1,9568,1,4516,1,16515,1,9568,1,48,1,1240,1,1,1,0,1
84,4187800,4517,9567,28.907646,,0,10,9,108,30079,1152,4620,4157721,16,173,30,1,25209,1,50,1,461488,1,442582,1,117266,1,3098112,1,12985,1,310217,1,12624,4,528928,4,80395,4,730496,4,1402148,8,2106834,108,21191,12,3266,1,25990,1,2896,1,0,0,0,0,0,0,414908,1,19397,1,5220,1,4749,1,22223,1,409428,1,24878,1,16504,1,24,1,9567,1,4517,1,16528,1,9567,1,48,1,1240,1,1,1,0,1
85,4236400,4508,9565,28.914537,,0,10,9,108,30636,1143,4079,4205764,16,173,20,1,25249,1,30,1,463041,1,446800,1,115913,1,3141666,1,13045,1,308223,1,12574,4,527305,4,83300,4,754502,4,1422337,8,2144406,108,28355,12,3647,1,25820,1,2815,1,0,0,0,0,0,0,419808,1,18566,1,5260,1,4709,1,20890,1,412163,1,25098,1,16470,1,32,1,9565,1,4508,1,16502,1,9565,1,48,1,1240,1,1,1,0,1
86,4273100,4519,9565,28.920815,,0,10,9,108,33922,1173,4398,4239178,16,173,70,1,25269,1,20,1,462731,1,455436,1,116915,1,3165843,1,12895,1,304656,1,13095,4,524990,4,79873,4,754562,4,1451894,8,2179665,108,22393,12,3216,1,29497,1,2886,1,0,0,0,0,0,0,427282,1,19287,1,5420,1,4759,1,22163,1,410550,1,25088,1,16503,1,26,1,9565,1,4519,1,16529,1,9565,1,48,1,1240,1,1,1,0,1
87,4279800,4516,9565,28.92588,,0,10,9,108,32757,1262,4419,4247043,16,173,170,1,25259,1,30,1,465806,1,503238,1,131683,1,3107761,1,13095,1,313774,1,12234,4,526183,4,80505,4,731939,4,1408070,8,2113437,108,22153,12,3296,1,27603,1,2896,1,0,0,0,0,0,0,475375,1,19327,1,5070,1,4909,1,22103,1,413566,1,25018,1,16480,1,26,1,9565,1,4516,1,16506,1,9565,1,48,1,1240,1,1,1,0,1
88,4167100,4518,9565,28.930962,,0,10,9,108,31702,1162,4219,4135398,16,173,30,1,25209,1,120,1,461308,1,446099,1,117697,1,3071902,1,13035,1,309876,1,12434,4,525662,4,80625,4,723342,4,1386268,8,2081124,108,24267,12,3306,1,26431,1,2795,1,0,0,0,0,0,0,419197,1,18746,1,4970,1,4749,1,22223,1,409238,1,24878,1,16493,1,28,1,9565,1,4518,1,16521,1,9565,1,48,1,1240,1,1,1,0,1
89,4178600,4519,9565,28.935617,,0,10,9,108,30728,1222,4539,4147872,16,173,30,1,25800,1,40,1,472369,1,447982,1,117476,1,3071160,1,13015,1,306640,1,12624,4,526684,4,80455,4,720727,4,1392109,8,2087507,108,20790,12,3196,1,24758,1,2745,1,0,0,0,0,0,0,420589,1,19538,1,4829,1,4779,1,22343,1,418385,1,26671,1,16514,1,24,1,9565,1,4519,1,16538,1,9565,1,48,1,1240,1,1,1,0,1
90,4270300,4514,9565,28.939785,,0,11,9,108,30531,1192,4289,4239769,16,185,10,1,25269,1,30,1,471998,1,453022,1,116705,1,3159691,1,13045,1,305879,1,12234,4,526353,4,81166,4,780442,4,1420223,8,2169825,108,26551,24,3276,1,26120,1,2805,1,0,0,0,0,0,0,425008,1,19768,1,5070,1,4729,1,22243,1,420028,1,24838,1,16497,1,31,1,9565,1,4514,1,16528,1,9565,1,48,1,1240,1,1,1,0,1
91,4288400,4516,9565,28.943506,,0,10,9,108,30516,1222,4238,4257884,16,173,130,1,25229,1,100,1,471237,1,456218,1,115602,1,3176283,1,13085,1,307432,1,12674,4,526804,4,80355,4,762808,4,1454780,8,2189844,108,23505,12,3276,1,24146,1,2785,1,0,0,0,0,0,0,428465,1,19477,1,5130,1,4759,1,22193,1,419247,1,24858,1,16544,1,27,1,9565,1,4516,1,16571,1,9565,1,48,1,1240,1,1,1,0,1
92,4243700,4512,9565,28.946703,,0,10,9,108,31293,1222,4429,4212407,16,173,60,1,25309,1,80,1,471127,1,456839,1,114951,1,3130965,1,13075,1,306330,1,12384,4,526323,4,80204,4,738561,4,1434210,8,2139336,108,29006,12,3166,1,25730,1,2835,1,0,0,0,0,0,0,429226,1,19538,1,4980,1,4779,1,22283,1,418846,1,25048,1,16538,1,34,1,9565,1,4512,1,16572,1,9565,1,48,1,1240,1,1,1,0,1
93,4231300,4508,9565,28.949604,,0,10,9,108,30275,1242,4379,4201025,16,173,40,1,25760,1,30,1,475555,1,448603,1,115673,1,3122369,1,12995,1,307592,1,12424,4,527435,4,80515,4,734093,4,1427407,8,2128335,108,28785,12,3176,1,25669,1,2815,1,0,0,0,0,0,0,420770,1,19928,1,4659,1,4739,1,21632,1,422363,1,26651,1,16531,1,34,1,9565,1,4508,1,16565,1,9565,1,48,1,1240,1,1,1,0,1
94,4386900,4522,9565,28.952375,,0,10,9,108,32308,1292,4469,4354592,16,173,50,1,25379,1,30,1,473581,1,443704,1,116855,1,3281877,1,13115,1,306460,1,12915,4,540370,4,80004,4,775262,4,1531388,8,2268286,108,33895,12,3918,1,27343,1,2926,1,0,0,0,0,0,0,417023,1,18836,1,4839,1,4739,1,21491,1,422062,1,25078,1,16525,1,39,1,9565,1,4522,1,16564,1,9565,1,48,1,1240,1,1,1,0,1
95,4282100,4519,9565,28.954878,,0,10,9,108,32822,1443,4569,4249278,16,173,190,1,30298,1,70,1,483290,1,459063,1,123908,1,3139402,1,13055,1,319194,1,12234,4,528056,4,79954,4,738451,4,1426656,8,2132183,108,28355,12,3817,1,26802,1,2795,1,0,0,0,0,0,0,429356,1,21051,1,5310,1,5310,1,23114,1,427463,1,27042,1,16552,1,34,1,9565,1,4519,1,16586,1,9565,1,48,1,1240,1,1,1,0,1
96,4261600,4521,9565,28.957104,,0,10,9,108,32631,1162,4389,4228969,16,173,20,1,25108,1,30,1,474994,1,444966,1,116314,1,3154501,1,13035,1,307722,1,12614,4,527585,4,79974,4,739102,4,1454038,8,2155878,108,32873,12,3256,1,26160,1,2886,1,0,0,0,0,0,0,416962,1,19678,1,5110,1,4719,1,21521,1,423515,1,25028,1,16560,1,40,1,9565,1,4521,1,16600,1,9565,1,48,1,1240,1,1,1,0,1
97,4245300,4517,9565,28.9592,,0,10,9,108,31310,1233,4449,4213990,16,173,20,1,25188,1,30,1,469403,1,446038,1,116755,1,3143530,1,13025,1,305929,1,12474,4,528487,4,80034,4,744823,4,1438619,8,2140759,108,38234,12,3306,1,25830,1,2795,1,0,0,0,0,0,0,418746,1,19017,1,5080,1,4829,1,21932,1,417544,1,24938,1,16549,1,46,1,9565,1,4517,1,16595,1,9565,1,48,1,1240,1,1,1,0,1
98,4256900,4515,9565,28.960983,,0,10,9,108,30436,1242,4630,4226464,16,173,150,1,25359,1,90,1,466949,1,447712,1,117747,1,3155463,1,12995,1,305528,1,12314,4,527084,4,79794,4,746887,4,1451012,8,2160056,108,33214,12,3216,1,25619,1,2765,1,0,0,0,0,0,0,419868,1,19768,1,4879,1,4809,1,21862,1,415299,1,24818,1,16575,1,40,1,9565,1,4515,1,16615,1,9565,1,48,1,1240,1,1,1,0,1
99,4272400,4520,9565,28.96278,,0,10,9,108,31278,1142,5010,4241122,16,173,60,1,25068,1,40,1,463201,1,446740,1,125542,1,3167626,1,12845,1,305558,1,12404,4,527555,4,79774,4,755424,4,1454068,8,2177751,108,26731,12,3306,1,25599,1,2795,1,0,0,0,0,0,0,418796,1,19978,1,4889,1,4739,1,22744,1,410630,1,24868,1,16589,1,32,1,9565,1,4520,1,16621,1,9565,1,48,1,1240,1,1,1,0,1
100,4232200,4521,9564,28.964386,,0,10,9,108,31376,1262,4509,4200824,16,173,50,1,25048,1,100,1,460396,1,445087,1,117135,1,3140093,1,12915,1,307071,1,12805,4,528858,4,80174,4,744433,4,1433950,8,2139758,108,34116,12,3236,1,25489,1,2815,1,0,0,0,0,0,0,418325,1,18826,1,4819,1,4769,1,21692,1,409087,1,24657,1,16587,1,39,1,9564,1,4521,1,16626,1,9564,1,48,1,1240,1,1,1,0,1
101,4295100,4521,9564,28.965906,,0,10,9,108,32316,1282,4368,4262784,16,173,70,1,25319,1,40,1,464083,1,443323,1,116634,1,3200339,1,12975,1,306330,1,12554,4,529810,4,80325,4,741477,4,1491019,8,2200625,108,27503,12,5601,1,28114,1,3827,1,0,0,0,0,0,0,416371,1,19287,1,4529,1,4839,1,21471,1,412704,1,24888,1,16610,1,32,1,9564,1,4521,1,16642,1,9564,1,48,1,1240,1,1,1,0,1
102,4547500,4521,9563,28.967402,,0,10,9,108,31960,1262,4469,4515540,16,173,30,1,25168,1,20,1,462330,1,494502,1,116524,1,3403961,1,13005,1,320397,1,12153,4,530411,4,80044,4,822984,4,1601171,8,2380771,108,38915,12,4168,1,28565,1,2805,1,0,0,0,0,0,0,462931,1,23886,1,4328,1,4829,1,21722,1,410400,1,25188,1,16608,1,44,1,9563,1,4521,1,16652,1,9563,1,48,1,1240,1,1,1,0,1
103,4339200,4520,9563,28.968788,,0,10,9,108,32843,1323,8427,4306357,16,173,170,1,30930,1,90,1,517426,1,463302,1,115943,1,3165442,1,13055,1,314215,1,12745,4,532084,4,80164,4,749773,4,1442015,8,2145007,108,38354,12,3737,1,26531,1,2855,1,0,0,0,0,0,0,435107,1,19808,1,4960,1,5380,1,25128,1,453944,1,32603,1,16622,1,45,1,9563,1,4520,1,16667,1,9563,1,48,1,1240,1,1,1,0,1
104,4297400,4522,9563,28.969984,,0,10,9,108,33374,3867,4729,4264026,16,173,160,1,30378,1,50,1,485494,1,453803,1,123277,1,3157497,1,13366,1,329524,1,12945,4,530311,4,82859,4,739533,4,1426736,8,2117265,108,44275,12,3597,1,25349,1,2775,1,0,0,0,0,0,0,426581,1,19387,1,4479,1,4849,1,23595,1,423435,1,33254,1,16622,1,53,1,9563,1,4522,1,16675,1,9563,1,48,1,1240,1,1,1,0,1
105,4314400,4518,9563,28.971111,,0,10,9,108,31618,1313,4330,4282782,16,173,170,1,30378,1,40,1,465977,1,453934,1,120332,1,3198986,1,12965,1,306490,1,13145,4,534118,4,80986,4,776434,4,1453968,8,2183842,108,42231,12,3286,1,26471,1,2775,1,0,0,0,0,0,0,425970,1,19578,1,5220,1,4829,1,22072,1,412063,1,26832,1,16621,1,49,1,9563,1,4518,1,16670,1,9563,1,48,1,1240,1,1,1,0,1
106,4295500,4521,9563,28.97221,,0,10,9,108,32115,5090,5070,4263385,16,173,160,1,30489,1,80,1,479342,1,454745,1,115783,1,3169510,1,13276,1,312401,1,12815,4,529038,4,80194,4,745505,4,1450882,8,2154245,108,37071,12,3547,1,27222,1,2815,1,0,0,0,0,0,0,426200,1,20590,1,4589,1,4909,1,24066,1,423064,1,26992,1,16635,1,42,1,9563,1,4521,1,16677,1,9563,1,48,1,1240,1,1,1,0,1
107,4300700,4523,9563,28.97325,,0,10,9,108,30482,1272,4790,4270218,16,173,180,1,30348,1,60,1,467880,1,443964,1,119450,1,3195359,1,12975,1,320176,1,12704,4,530751,4,79623,4,754362,4,1464789,8,2181207,108,33154,12,3246,1,25629,1,2805,1,0,0,0,0,0,0,416021,1,19778,1,4909,1,4829,1,22644,1,413536,1,26731,1,16652,1,40,1,9563,1,4523,1,16692,1,9563,1,48,1,1240,1,1,1,0,1
108,4265500,4515,9562,28.974203,,0,10,9,108,30460,1222,4669,4235040,16,173,20,1,25068,1,20,1,464394,1,449044,1,117045,1,3166484,1,12965,1,305057,1,12374,4,529729,4,79403,4,751737,4,1455341,8,2167230,108,35178,12,3336,1,25479,1,2805,1,0,0,0,0,0,0,422984,1,18466,1,4459,1,4809,1,21812,1,412975,1,24607,1,16660,1,41,1,9562,1,4515,1,16701,1,9562,1,48,1,1240,1,1,1,0,1
109,4310000,4517,9562,28.975157,,0,10,9,108,32598,1272,4640,4277402,16,173,50,1,25078,1,30,1,464223,1,456158,1,116895,1,3201962,1,13005,1,306109,1,12664,4,531573,4,81767,4,750955,4,1484978,8,2190525,108,40768,12,3216,1,26601,1,2825,1,0,0,0,0,0,0,429857,1,17704,1,4759,1,4769,1,21692,1,412634,1,24888,1,16684,1,47,1,9562,1,4517,1,16731,1,9562,1,48,1,1240,1,1,1,0,1
110,4300600,4516,9562,28.976004,,0,10,9,108,35161,1232,7304,4265439,16,173,130,1,30649,1,50,1,476477,1,447992,1,116685,1,3180561,1,12895,1,314585,1,12775,4,529729,4,79703,4,748430,4,1461703,8,2172701,108,30128,12,3296,1,26230,1,2876,1,0,0,0,0,0,0,421070,1,19147,1,4499,1,4859,1,23776,1,419277,1,28274,1,16690,1,36,1,9562,1,4516,1,16726,1,9562,1,48,1,1240,1,1,1,0,1
111,4316800,4515,9562,28.976778,,0,10,9,108,30832,1192,4950,4285968,16,173,160,1,30328,1,80,1,468612,1,445998,1,118769,1,3209006,1,13015,1,315026,1,12334,4,529108,4,80004,4,764281,4,1475620,8,2208139,108,26812,12,3236,1,25409,1,2795,1,0,0,0,0,0,0,418415,1,19538,1,4769,1,4819,1,22583,1,414227,1,26741,1,16691,1,32,1,9562,1,4515,1,16723,1,9562,1,48,1,1240,1,1,1,0,1
112,4383900,4519,9562,28.977486,,0,10,9,108,30702,1192,3748,4353198,16,173,60,1,25219,1,20,1,462530,1,459655,1,117105,1,3275644,1,12965,1,305458,1,12905,4,532485,4,82799,4,781163,4,1524414,8,2265339,108,36490,12,5511,1,26912,1,2805,1,0,0,0,0,0,0,431911,1,19618,1,4879,1,4839,1,21602,1,411011,1,24908,1,16685,1,40,1,9562,1,4519,1,16725,1,9562,1,48,1,1240,1,1,1,0,1
113,4309400,4520,9562,28.978231,,0,10,9,108,30235,1272,4700,4279165,16,173,50,1,25018,1,20,1,461759,1,486035,1,116554,1,3176754,1,12975,1,311029,1,12805,4,532355,4,80134,4,748531,4,1457234,8,2168713,108,32352,12,3206,1,27353,1,2835,1,0,0,0,0,0,0,459655,1,18656,1,4539,1,4849,1,22052,1,409959,1,24718,1,16698,1,38,1,9562,1,4520,1,16736,1,9562,1,48,1,1240,1,1,1,0,1
114,4283500,4520,9562,28.97893,,0,10,9,108,30726,1032,4439,4252774,16,173,70,1,25269,1,30,1,467550,1,481046,1,116715,1,3149110,1,12985,1,308694,1,12825,4,530381,4,79764,4,741457,4,1445332,8,2148534,108,33815,12,3266,1,23646,1,2715,1,0,0,0,0,0,0,453332,1,19648,1,4889,1,4940,1,21812,1,414037,1,26591,1,16706,1,40,1,9562,1,4520,1,16746,1,9562,1,48,1,1240,1,1,1,0,1
115,4320600,4519,9561,28.979557,,0,10,9,108,30273,1202,4619,4290327,16,173,60,1,24988,1,90,1,463211,1,476627,1,115823,1,3196552,1,12975,1,304015,1,12995,4,533617,4,85024,4,760353,4,1467244,8,2191637,108,31340,12,3206,1,26100,1,2795,1,0,0,0,0,0,0,449495,1,19407,1,4539,1,4799,1,21712,1,410360,1,26180,1,16724,1,36,1,9561,1,4519,1,16760,1,9561,1,48,1,1240,1,1,1,0,1
116,4387500,4526,9561,28.980162,,0,10,9,108,30225,1032,4559,4357275,16,173,150,1,25239,1,40,1,461027,1,452781,1,117336,1,3287717,1,12985,1,307341,1,12554,4,531553,4,79884,4,809297,4,1514495,8,2285228,108,34005,12,3296,1,25449,1,2815,1,0,0,0,0,0,0,425449,1,19868,1,4298,1,4859,1,21682,1,409548,1,24718,1,16733,1,40,1,9561,1,4526,1,16773,1,9561,1,48,1,1240,1,1,1,0,1
117,4233800,4519,9561,28.980728,,0,10,9,108,29950,1152,4539,4203850,16,173,140,1,25108,1,40,1,464614,1,438283,1,117085,1,3145694,1,12885,1,305758,1,12785,4,533206,4,79964,4,743140,4,1438318,8,2143144,108,33775,12,3216,1,25359,1,2795,1,0,0,0,0,0,0,411762,1,19377,1,4038,1,4909,1,22183,1,412364,1,24948,1,16723,1,40,1,9561,1,4519,1,16763,1,9561,1,48,1,1240,1,1,1,0,1
118,4291800,4521,9561,28.981266,,0,10,9,108,31321,1122,4770,4260479,16,173,30,1,25108,1,70,1,462260,1,447411,1,116745,1,3195730,1,13125,1,306169,1,12724,4,533577,4,80365,4,756015,4,1474127,8,2191527,108,33845,12,3196,1,25639,1,2795,1,0,0,0,0,0,0,419858,1,19477,1,4919,1,4909,1,21642,1,410911,1,24597,1,16755,1,40,1,9561,1,4521,1,16795,1,9561,1,48,1,1240,1,1,1,0,1
119,4276800,4517,9561,28.981787,,0,10,9,108,35007,5711,4799,4241793,16,173,150,1,30439,1,80,1,485825,1,443453,1,116765,1,3154330,1,10751,1,308303,1,13055,4,530641,4,79954,4,741788,4,1442646,8,2149366,108,30268,12,3667,1,25800,1,2765,1,0,0,0,0,0,0,415600,1,20029,1,4649,1,5110,1,22463,1,426260,1,31651,1,16748,1,36,1,9561,1,4517,1,16784,1,9561,1,48,1,1240,1,1,1,0,1
120,4306300,4523,9561,28.982262,,0,10,9,108,31333,1132,4640,4274967,16,173,30,1,29958,1,40,1,476547,1,443213,1,119560,1,3192654,1,12965,1,316720,1,12484,4,532344,4,79934,4,758500,4,1460070,8,2180295,108,33635,12,3166,1,25509,1,2795,1,0,0,0,0,0,0,418345,1,16973,1,4739,1,4970,1,22223,1,422553,1,26611,1,16776,1,40,1,9561,1,4523,1,16816,1,9561,1,48,1,1240,1,1,1,0,1
121,4288100,4523,9561,28.98269,,0,10,9,108,30536,1102,5050,4257564,16,173,40,1,25038,1,30,1,464634,1,451238,1,117556,1,3186041,1,12985,1,307321,1,12574,4,532675,4,79874,4,759512,4,1461603,8,2183001,108,33064,12,3236,1,25319,1,2825,1,0,0,0,0,0,0,423405,1,20119,1,4529,1,4960,1,21692,1,412855,1,24928,1,16768,1,40,1,9561,1,4523,1,16808,1,9561,1,48,1,1240,1,1,1,0,1
122,4283600,4521,9561,28.983118,,0,10,9,108,30144,1122,4781,4253456,16,173,30,1,25118,1,30,1,461598,1,441670,1,116895,1,3195149,1,12965,1,307802,1,12654,4,534028,4,80004,4,757879,4,1470239,8,2192909,108,30429,12,3246,1,25369,1,2805,1,0,0,0,0,0,0,414588,1,19187,1,4729,1,4929,1,20540,1,409378,1,26531,1,16780,1,36,1,9561,1,4521,1,16816,1,9561,1,48,1,1240,1,1,1,0,1
123,4329200,4522,9561,28.98351,,0,10,9,108,29355,1122,4449,4299845,16,173,140,1,24978,1,80,1,459083,1,441359,1,116604,1,3244544,1,13055,1,306861,1,12815,4,537855,4,82709,4,804929,4,1466142,8,2232776,108,33845,12,3266,1,26020,1,2825,1,0,0,0,0,0,0,413887,1,19467,1,4859,1,4940,1,21622,1,407554,1,24778,1,16773,1,40,1,9561,1,4522,1,16813,1,9561,1,48,1,1240,1,1,1,0,1
124,4265600,4518,9561,28.98387,,0,10,9,108,29969,1212,4599,4235631,16,173,150,1,25379,1,30,1,460767,1,438324,1,115813,1,3182134,1,13035,1,308083,1,12574,4,533918,4,80375,4,749833,4,1465791,8,2190355,108,20670,12,3236,1,24317,1,2795,1,0,0,0,0,0,0,410971,1,19948,1,4298,1,4980,1,21672,1,409017,1,24898,1,16794,1,24,1,9561,1,4518,1,16818,1,9561,1,48,1,1240,1,1,1,0,1
125,4271200,4521,9561,28.984217,,0,10,9,108,30870,1192,4569,4240330,16,173,60,1,25018,1,100,1,462881,1,456168,1,115112,1,3168017,1,12975,1,305448,1,12444,4,534829,4,80295,4,748300,4,1454018,8,2177420,108,20329,12,3276,1,25379,1,2835,1,0,0,0,0,0,0,429266,1,19357,1,4338,1,4990,1,21381,1,411412,1,24928,1,16816,1,24,1,9561,1,4521,1,16840,1,9561,1,48,1,1240,1,1,1,0,1
126,4265200,4521,9561,28.984558,,0,10,9,108,30150,1122,4559,4235050,16,173,70,1,25128,1,50,1,459073,1,451749,1,117496,1,3168438,1,13045,1,307211,1,12394,4,536082,4,80665,4,746487,4,1452906,8,2174304,108,20530,12,3196,1,25539,1,2835,1,0,0,0,0,0,0,424216,1,19708,1,4609,1,5040,1,20620,1,408426,1,24788,1,16826,1,24,1,9561,1,4521,1,16850,1,9561,1,48,1,1240,1,1,1,0,1
127,4347300,4517,9561,28.98485,,0,10,9,108,29731,1193,4871,4317569,16,173,40,1,25399,1,50,1,461047,1,442882,1,116013,1,3259092,1,13045,1,305548,1,12755,4,534018,4,80134,4,808947,4,1484026,8,2267202,108,20900,12,3296,1,26351,1,2825,1,0,0,0,0,0,0,416552,1,19057,1,4228,1,4990,1,20860,1,410250,1,24748,1,16852,1,24,1,9561,1,4517,1,16876,1,9561,1,48,1,1240,1,1,1,0,1
128,4251400,4522,9561,28.98514,,0,10,9,108,30417,1282,4299,4220983,16,173,40,1,25038,1,90,1,462961,1,454925,1,117366,1,3147567,1,12995,1,307752,1,12564,4,532936,4,80264,4,745986,4,1434891,8,2152562,108,24016,12,3296,1,25820,1,2775,1,0,0,0,0,0,0,427423,1,20189,1,4148,1,5000,1,21491,1,411512,1,24778,1,16842,1,28,1,9561,1,4522,1,16870,1,9561,1,48,1,1240,1,1,1,0,1
129,4262000,4521,9561,28.98541,,0,10,9,108,30116,1152,4469,4231884,16,173,20,1,25158,1,50,1,459855,1,437532,1,115963,1,3180270,1,13035,1,306690,1,12664,4,536322,4,80194,4,750905,4,1460651,8,2183222,108,23866,12,3316,1,25579,1,2795,1,0,0,0,0,0,0,410310,1,19858,1,4278,1,5000,1,20860,1,408927,1,24868,1,16861,1,28,1,9561,1,4521,1,16889,1,9561,1,48,1,1240,1,1,1,0,1
130,4257900,4519,9560,28.98568,,0,10,9,108,30565,1202,4840,4227335,16,173,40,1,25309,1,110,1,461839,1,448243,1,116374,1,3162446,1,12975,1,309536,1,12735,4,533988,4,79794,4,746316,4,1447586,8,2165417,108,23646,12,3236,1,25239,1,2815,1,0,0,0,0,0,0,421090,1,19237,1,4709,1,5070,1,21712,1,409839,1,25058,1,16862,1,28,1,9560,1,4519,1,16890,1,9560,1,48,1,1240,1,1,1,0,1
131,4275500,4526,9559,28.98593,,0,10,9,108,31673,1182,4781,4243827,16,173,40,1,25158,1,110,1,466828,1,440337,1,115973,1,3182394,1,12985,1,302382,1,12394,4,537184,4,80034,4,756616,4,1461082,8,2185975,108,26942,12,3397,1,25359,1,2765,1,0,0,0,0,0,0,416091,1,17143,1,3887,1,5110,1,21251,1,415119,1,25158,1,16896,1,32,1,9559,1,4526,1,16928,1,9559,1,48,1,1240,1,1,1,0,1
132,4278200,4524,9559,28.986149,,0,10,9,108,30896,1313,4759,4247304,16,173,130,1,25219,1,40,1,463953,1,442201,1,116504,1,3186262,1,12995,1,306921,1,12364,4,537374,4,80154,4,763369,4,1453237,8,2184824,108,27022,12,3256,1,25489,1,2785,1,0,0,0,0,0,0,415850,1,19207,1,4018,1,5070,1,21211,1,412594,1,24888,1,16900,1,32,1,9559,1,4524,1,16932,1,9559,1,48,1,1240,1,1,1,0,1
133,4309700,4516,9559,28.98636,,0,10,9,108,31386,1162,4569,4278314,16,173,30,1,25249,1,60,1,462761,1,439155,1,115793,1,3222281,1,12985,1,305157,1,12544,4,536713,4,80876,4,763249,4,1490028,8,2224281,108,24427,12,4719,1,24998,1,2835,1,0,0,0,0,0,0,412163,1,19928,1,3958,1,5200,1,21561,1,411031,1,24708,1,16892,1,28,1,9559,1,4516,1,16920,1,9559,1,48,1,1240,1,1,1,0,1
134,4280400,4520,9559,28.98657,,0,10,9,108,31423,1202,4869,4248977,16,173,160,1,25419,1,80,1,461779,1,436500,1,115963,1,3196161,1,12915,1,306881,1,12634,4,535340,4,80585,4,765173,4,1460390,8,2196677,108,24016,12,3196,1,27914,1,2845,1,0,0,0,0,0,0,409839,1,19247,1,4258,1,5150,1,22012,1,409628,1,24798,1,16901,1,28,1,9559,1,4520,1,16929,1,9559,1,48,1,1240,1,1,1,0,1
135,4271100,4522,9559,28.986776,,0,10,9,108,31421,1453,4038,4239679,16,173,210,1,25138,1,20,1,465185,1,469253,1,116975,1,3149922,1,12975,1,319064,1,12554,4,534629,4,80044,4,738120,4,1429311,8,2140950,108,22443,12,3266,1,28675,1,2805,1,0,0,0,0,0,0,439937,1,21862,1,4088,1,5150,1,21892,1,411682,1,26261,1,16906,1,26,1,9559,1,4522,1,16932,1,9559,1,48,1,1240,1,1,1,0,1
136,4278900,4519,9559,28.986969,,0,10,9,108,30314,1252,4449,4248586,16,173,10,1,25158,1,40,1,460937,1,442552,1,117406,1,3189498,1,12985,1,311670,1,12514,4,538196,4,80535,4,752919,4,1460771,8,2183382,108,25860,12,3236,1,25569,1,2835,1,0,0,0,0,0,0,414818,1,20149,1,4419,1,5100,1,20690,1,409638,1,25339,1,16892,1,30,1,9559,1,4519,1,16922,1,9559,1,48,1,1240,1,1,1,0,1
137,4267000,4521,9559,28.987137,,0,10,9,108,30277,1232,4529,4236723,16,173,130,1,25319,1,40,1,467941,1,440989,1,117256,1,3172145,1,12905,1,309165,1,12564,4,536412,4,80375,4,752608,4,1448738,8,2167772,108,29046,12,3226,1,25058,1,2765,1,0,0,0,0,0,0,414598,1,19287,1,3988,1,5300,1,21572,1,415820,1,25068,1,16889,1,34,1,9559,1,4521,1,16923,1,9559,1,48,1,1240,1,1,1,0,1
138,4314400,4521,9559,28.9873,,0,10,9,108,31317,1252,4319,4283083,16,173,10,1,25028,1,20,1,460606,1,446630,1,116294,1,3221600,1,12895,1,305498,1,12765,4,537023,4,81968,4,776825,4,1473596,8,2216455,108,29647,12,3286,1,26521,1,2866,1,0,0,0,0,0,0,420259,1,19477,1,3827,1,5270,1,21541,1,408927,1,24698,1,16884,1,34,1,9559,1,4521,1,16918,1,9559,1,48,1,1240,1,1,1,0,1
139,4461300,4521,9559,28.987465,,0,10,9,108,31024,1313,4599,4430276,16,173,150,1,25138,1,30,1,465225,1,446149,1,116324,1,3363513,1,13746,1,308764,1,13406,4,542825,4,81056,4,820659,4,1555393,8,2339812,108,31641,12,3256,1,34025,1,2815,1,0,0,0,0,0,0,419778,1,19407,1,3817,1,5150,1,21932,1,413085,1,24848,1,16900,1,34,1,9559,1,4521,1,16934,1,9559,1,48,1,1240,1,1,1,0,1
140,4323500,4518,9559,28.987623,,0,10,9,108,31139,1222,4619,4292361,16,173,170,1,25429,1,30,1,466959,1,459274,1,116073,1,3211360,1,13065,1,332029,1,12494,4,535992,4,79713,4,755063,4,1457525,8,2179143,108,28825,12,3306,1,31170,1,2845,1,0,0,0,0,0,0,430168,1,21802,1,4068,1,5581,1,22483,1,413355,1,25339,1,16905,1,34,1,9559,1,4518,1,16939,1,9559,1,48,1,1240,1,1,1,0,1
141,4313300,4523,9559,28.987766,,0,10,9,108,32381,1292,4720,4280919,16,173,50,1,25259,1,40,1,471848,1,441740,1,115091,1,3213905,1,12985,1,314656,1,12644,4,538196,4,80104,4,750935,4,1485078,8,2196827,108,34466,12,3286,1,24848,1,2866,1,0,0,0,0,0,0,415670,1,18866,1,4098,1,5310,1,23585,1,416321,1,26471,1,16895,1,40,1,9559,1,4523,1,16935,1,9559,1,48,1,1240,1,1,1,0,1
142,4299500,4524,9559,28.987892,,0,10,9,108,31316,1222,4940,4268184,16,173,20,1,25138,1,30,1,463362,1,437772,1,114130,1,3214787,1,12945,1,307111,1,12454,4,537625,4,80435,4,764100,4,1480169,8,2206856,108,32472,12,3306,1,25559,1,2805,1,0,0,0,0,0,0,411402,1,19327,1,3978,1,5200,1,22513,1,410570,1,24908,1,16904,1,38,1,9559,1,4524,1,16942,1,9559,1,48,1,1240,1,1,1,0,1
143,4308600,4523,9559,28.98802,,0,10,9,108,29956,1232,4640,4278644,16,173,30,1,25419,1,50,1,466217,1,446389,1,115703,1,3211831,1,13005,1,309646,1,12594,4,535741,4,80214,4,764151,4,1476832,8,2204432,108,31911,12,3296,1,25349,1,2775,1,0,0,0,0,0,0,419447,1,19748,1,4088,1,5310,1,22293,1,413355,1,25078,1,16913,1,38,1,9559,1,4523,1,16951,1,9559,1,48,1,1240,1,1,1,0,1
144,4290600,4520,9559,28.988153,,0,10,9,108,30171,1252,4419,4260429,16,173,100,1,25108,1,70,1,461418,1,454314,1,115352,1,3191071,1,12995,1,307231,1,12785,4,537715,4,80395,4,757548,4,1463026,8,2184233,108,31921,12,3206,1,25108,1,2805,1,0,0,0,0,0,0,427683,1,19287,1,4178,1,5280,1,21291,1,409879,1,24768,1,16911,1,38,1,9559,1,4520,1,16949,1,9559,1,48,1,1240,1,1,1,0,1
145,4473500,4519,9559,28.98826,,0,10,9,108,31191,1353,4479,4442309,16,173,40,1,25209,1,40,1,462320,1,445212,1,121374,1,3375151,1,12965,1,330035,1,13486,4,598091,4,80826,4,758430,4,1550219,8,2275203,108,28966,12,5100,1,34046,1,3567,1,0,0,0,0,0,0,418009,1,19908,1,4068,1,5290,1,21612,1,410390,1,24828,1,16923,1,34,1,9559,1,4519,1,16957,1,9559,1,48,1,1240,1,1,1,0,1
146,4276300,4520,9559,28.988363,,0,10,9,108,30529,1303,4689,4245771,16,173,60,1,28044,1,20,1,483511,1,443624,1,115112,1,3162376,1,13025,1,308143,1,12424,4,535511,4,80325,4,748921,4,1444400,8,2162492,108,26140,12,3206,1,25349,1,2795,1,0,0,0,0,0,0,418776,1,17444,1,4098,1,6412,1,24557,1,427463,1,24918,1,16918,1,32,1,9559,1,4520,1,16950,1,9559,1,48,1,1240,1,1,1,0,1
147,4268200,4522,9559,28.988459,,0,10,9,108,29733,1162,4771,4238467,16,173,70,1,25259,1,100,1,461117,1,446249,1,114851,1,3177846,1,12975,1,306901,1,12584,4,537214,4,80355,4,754051,4,1453958,8,2177930,108,25309,12,3196,1,25629,1,2795,1,0,0,0,0,0,0,418816,1,19858,1,4429,1,5300,1,21381,1,409208,1,25008,1,16937,1,30,1,9559,1,4522,1,16967,1,9559,1,48,1,1240,1,1,1,0,1
148,4258900,4517,9559,28.988543,,0,10,9,108,30152,1142,4519,4228748,16,173,50,1,25289,1,30,1,464704,1,439947,1,114510,1,3171223,1,12995,1,309726,1,12424,4,538967,4,80565,4,753741,4,1443167,8,2170156,108,22233,12,3316,1,25369,1,2805,1,0,0,0,0,0,0,413937,1,19277,1,3657,1,5280,1,21421,1,412895,1,24918,1,16926,1,26,1,9559,1,4517,1,16952,1,9559,1,48,1,1240,1,1,1,0,1
149,4277300,4519,9559,28.988642,,0,10,9,108,31349,1192,4509,4245951,16,173,30,1,25389,1,50,1,465646,1,451870,1,114921,1,3174980,1,13065,1,305077,1,12624,4,538336,4,80515,4,749733,4,1454790,8,2176318,108,23696,12,3246,1,26631,1,2835,1,0,0,0,0,0,0,426481,1,18466,1,3647,1,5370,1,21682,1,413396,1,25018,1,16942,1,28,1,9559,1,4519,1,16970,1,9559,1,48,1,1240,1,1,1,0,1
150,4274600,4522,9559,28.98874,,0,10,9,108,29991,1172,5150,4244609,16,173,130,1,25219,1,80,1,465756,1,437001,1,114450,1,3189047,1,12925,1,307702,1,12604,4,535992,4,79854,4,754863,4,1465390,8,2195585,108,19518,12,3306,1,25389,1,2775,1,0,0,0,0,0,0,410340,1,19838,1,3757,1,5601,1,22974,1,412203,1,24768,1,16949,1,23,1,9559,1,4522,1,16972,1,9559,1,48,1,1240,1,1,1,0,1
151,4255100,4520,9559,28.98882,,0,10,9,108,29758,1172,4630,4225342,16,173,10,1,25118,1,30,1,463282,1,436771,1,115432,1,3171734,1,12965,1,307171,1,12865,4,538867,4,80926,4,748110,4,1451233,8,2175185,108,19528,12,3246,1,25309,1,2835,1,0,0,0,0,0,0,410841,1,19157,1,3677,1,5370,1,21682,1,409598,1,26411,1,16935,1,23,1,9559,1,4520,1,16958,1,9559,1,48,1,1240,1,1,1,0,1
152,4411000,4523,9559,28.988888,,0,10,9,108,30579,1323,4519,4380421,16,173,20,1,25820,1,60,1,467239,1,432252,1,114340,1,3327545,1,13145,1,304215,1,12644,4,538065,4,83561,4,818977,4,1533491,8,2323723,108,24227,12,4088,1,28274,1,2906,1,0,0,0,0,0,0,405581,1,19718,1,3787,1,5501,1,21952,1,414668,1,24938,1,16925,1,28,1,9559,1,4523,1,16953,1,9559,1,48,1,1240,1,1,1,0,1
153,4587100,4523,9559,28.988964,,0,10,9,108,31973,1272,3376,4555127,16,173,110,1,30499,1,60,1,464073,1,510623,1,115713,1,3420994,1,13055,1,313984,1,13316,4,541632,4,83070,4,817553,4,1609718,8,2396412,108,27483,12,5561,1,32022,1,2866,1,0,0,0,0,0,0,482178,1,20880,1,3918,1,5340,1,21882,1,411782,1,24878,1,16921,1,28,1,9559,1,4523,1,16949,1,9559,1,48,1,1240,1,1,1,0,1
154,4344600,4524,9559,28.989048,,0,10,9,108,31059,1222,4680,4313541,16,173,100,1,25279,1,90,1,468411,1,496235,1,115142,1,3195279,1,13005,1,324575,1,12534,4,537815,4,80755,4,749402,4,1453527,8,2174174,108,24076,12,3176,1,29487,1,2785,1,0,0,0,0,0,0,467640,1,21351,1,3827,1,5330,1,22694,1,414969,1,25138,1,16914,1,28,1,9559,1,4524,1,16942,1,9559,1,48,1,1240,1,1,1,0,1
155,4264400,4521,9559,28.989117,,0,10,9,108,30903,1172,4429,4233497,16,173,160,1,25369,1,30,1,463933,1,433294,1,115142,1,3182655,1,12915,1,313794,1,12554,4,548726,4,80795,4,748310,4,1444680,8,2165127,108,23435,12,3246,1,26561,1,2815,1,0,0,0,0,0,0,406783,1,19638,1,3797,1,5360,1,22323,1,410811,1,25188,1,16915,1,28,1,9559,1,4521,1,16943,1,9559,1,48,1,1240,1,1,1,0,1
156,4249500,4520,9559,28.989172,,0,10,9,108,31152,1192,4850,4218348,16,173,50,1,25088,1,20,1,463502,1,438384,1,115352,1,3162937,1,13015,1,307562,1,12414,4,536182,4,80505,4,753240,4,1439590,8,2165537,108,22443,12,3246,1,26180,1,2825,1,0,0,0,0,0,0,411803,1,19718,1,3757,1,5461,1,22223,1,410931,1,24708,1,16915,1,27,1,9559,1,4520,1,16942,1,9559,1,48,1,1240,1,1,1,0,1
157,4265100,4519,9559,28.989218,,0,10,9,108,31352,1182,5170,4233748,16,173,40,1,25369,1,60,1,470295,1,445427,1,116174,1,3163238,1,13145,1,307923,1,12604,4,537384,4,80665,4,747979,4,1444009,8,2163804,108,23014,12,3326,1,25369,1,2795,1,0,0,0,0,0,0,419036,1,19017,1,4278,1,5430,1,22253,1,415530,1,26812,1,16916,1,27,1,9559,1,4519,1,16943,1,9559,1,48,1,1240,1,1,1,0,1
158,4263500,4519,9559,28.98927,,0,10,9,108,30484,1213,4929,4233016,16,173,40,1,25198,1,40,1,465155,1,446279,1,115031,1,3168167,1,13105,1,308414,1,12594,4,537134,4,80224,4,752178,4,1444780,8,2169134,108,22894,12,3206,1,25619,1,2805,1,0,0,0,0,0,0,419527,1,19828,1,3847,1,5420,1,21672,1,413055,1,24778,1,16921,1,27,1,9559,1,4519,1,16948,1,9559,1,48,1,1240,1,1,1,0,1
159,4267900,4518,9559,28.98933,,0,10,9,108,30896,1212,5061,4237004,16,173,40,1,25249,1,50,1,462220,1,432442,1,114560,1,3189508,1,12935,1,306189,1,12724,4,536513,4,80274,4,757077,4,1464148,8,2196667,108,19498,12,3226,1,25349,1,2795,1,0,0,0,0,0,0,407154,1,18405,1,3797,1,5761,1,21541,1,409749,1,24928,1,16921,1,23,1,9559,1,4518,1,16944,1,9559,1,48,1,1240,1,1,1,0,1
160,4343700,4519,9559,28.989386,,0,10,9,108,31000,1212,4769,4312700,16,173,40,1,25379,1,50,1,463813,1,512677,1,123688,1,3173998,1,13055,1,302582,1,12113,4,536102,4,79974,4,753280,4,1456743,8,2185957,108,19297,12,3256,1,25870,1,2866,1,0,0,0,0,0,0,488079,1,17544,1,3837,1,5641,1,21151,1,411312,1,25008,1,16913,1,23,1,9559,1,4519,1,16936,1,9559,1,48,1,1240,1,1,1,0,1
161,4299200,4521,9559,28.989433,,0,10,9,108,29974,1162,4870,4269226,16,173,210,1,25279,1,40,1,461919,1,445107,1,117466,1,3206080,1,13125,1,306650,1,12775,4,538426,4,81046,4,774701,4,1459849,8,2210313,108,19367,12,3236,1,25399,1,2835,1,0,0,0,0,0,0,418726,1,19347,1,3787,1,5541,1,22052,1,409208,1,24808,1,16911,1,23,1,9559,1,4521,1,16934,1,9559,1,48,1,1240,1,1,1,0,1
162,4282100,4518,9559,28.989477,,0,10,9,108,30187,1152,4879,4251913,16,173,190,1,25289,1,50,1,465997,1,455527,1,115953,1,3175942,1,12965,1,304897,1,12504,4,536783,4,80325,4,750424,4,1458637,8,2184674,108,19508,12,3266,1,25168,1,2785,1,0,0,0,0,0,0,428685,1,19758,1,3867,1,5551,1,21922,1,413265,1,25068,1,16914,1,23,1,9559,1,4518,1,16937,1,9559,1,48,1,1240,1,1,1,0,1
163,4301000,4520,9559,28.989515,,0,10,9,108,31864,1232,4589,4269136,16,173,50,1,24918,1,20,1,461769,1,432873,1,115071,1,3221440,1,12995,1,305408,1,13095,4,540721,4,83060,4,772727,4,1473506,8,2221856,108,19788,12,3286,1,25559,1,2845,1,0,0,0,0,0,0,405881,1,20129,1,3747,1,5601,1,21071,1,410029,1,24848,1,16924,1,23,1,9559,1,4520,1,16947,1,9559,1,48,1,1240,1,1,1,0,1
164,4316600,4520,9559,28.989552,,0,10,9,108,41803,1333,5151,4274797,16,173,160,1,30869,1,60,1,479553,1,458713,1,116945,1,3175251,1,13245,1,313233,1,12594,4,538126,4,80475,4,750174,4,1446804,8,2172230,108,19598,12,3707,1,26000,1,2805,1,0,0,0,0,0,0,431280,1,19988,1,3918,1,5751,1,22914,1,424637,1,25850,1,16923,1,23,1,9559,1,4520,1,16946,1,9559,1,48,1,1240,1,1,1,0,1
165,4210700,4519,9559,28.989582,,0,10,9,108,30816,1192,4559,4179884,16,173,100,1,30288,1,60,1,467460,1,433865,1,117256,1,3117890,1,12965,1,316710,1,12504,4,538426,4,79934,4,729273,4,1407930,8,2112666,108,19978,12,3226,1,25890,1,2805,1,0,0,0,0,0,0,408095,1,18886,1,3727,1,5511,1,21361,1,414438,1,25950,1,16924,1,24,1,9559,1,4519,1,16948,1,9559,1,48,1,1240,1,1,1,0,1
166,4203100,4516,9559,28.989613,,0,10,9,108,30941,1242,4640,4172159,16,173,60,1,24968,1,20,1,463432,1,437612,1,114420,1,3118662,1,12985,1,307051,1,12724,4,537735,4,80224,4,737569,4,1410655,8,2124558,108,19027,12,3296,1,25369,1,2795,1,0,0,0,0,0,0,411612,1,19187,1,3727,1,5450,1,21451,1,411572,1,24728,1,16926,1,23,1,9559,1,4516,1,16949,1,9559,1,48,1,1240,1,1,1,0,1
167,4281600,4518,9559,28.989645,,0,10,9,108,30669,1222,4870,4250931,16,173,40,1,25269,1,20,1,461859,1,438694,1,114360,1,3197664,1,13025,1,305919,1,12424,4,537655,4,80495,4,746436,4,1481431,8,2203720,108,19277,12,3256,1,26020,1,2805,1,0,0,0,0,0,0,411652,1,19788,1,4088,1,5651,1,20259,1,410941,1,24848,1,16939,1,23,1,9559,1,4518,1,16962,1,9559,1,48,1,1240,1,1,1,0,1
168,4274800,4518,9559,28.989676,,0,10,9,108,30111,1202,5010,4244689,16,173,40,1,25118,1,40,1,464444,1,443073,1,115372,1,3183507,1,13095,1,309536,1,12484,4,538436,4,80906,4,753230,4,1454279,8,2182530,108,19968,12,3286,1,27303,1,2845,1,0,0,0,0,0,0,415299,1,20550,1,4028,1,5731,1,21521,1,412123,1,24888,1,16942,1,24,1,9559,1,4518,1,16966,1,9559,1,48,1,1240,1,1,1,0,1
169,4234300,4514,9559,28.9897,,0,10,9,108,29999,1152,4769,4204301,16,173,40,1,25269,1,40,1,465987,1,440628,1,114230,1,3145143,1,12965,1,308313,1,12614,4,536693,4,80194,4,744342,4,1430393,8,2150067,108,19898,12,3236,1,25329,1,2876,1,0,0,0,0,0,0,413836,1,19858,1,3857,1,5591,1,21682,1,413566,1,24948,1,16948,1,24,1,9559,1,4514,1,16972,1,9559,1,48,1,1240,1,1,1,0,1
170,4301000,4515,9559,28.989725,,0,10,9,108,32075,1373,8046,4268925,16,173,160,1,30298,1,50,1,484282,1,442742,1,115372,1,3182956,1,13065,1,308874,1,13766,4,548506,4,80836,4,754833,4,1442336,8,2168192,108,20930,12,3667,1,25970,1,2795,1,0,0,0,0,0,0,415910,1,19628,1,3988,1,5681,1,22804,1,421471,1,33965,1,16948,1,24,1,9559,1,4515,1,16972,1,9559,1,48,1,1240,1,1,1,0,1
171,4262300,4512,9559,28.989754,,0,10,9,108,29965,1183,4860,4232335,16,173,50,1,30318,1,50,1,465546,1,435188,1,114941,1,3173117,1,13125,1,310478,1,12454,4,537314,4,80094,4,749112,4,1450862,8,2174564,108,20550,12,3216,1,25659,1,2745,1,0,0,0,0,0,0,408436,1,19558,1,4098,1,5491,1,22393,1,410710,1,26792,1,16956,1,24,1,9559,1,4512,1,16980,1,9559,1,48,1,1240,1,1,1,0,1
172,4261400,4513,9559,28.98977,,0,10,9,108,29786,1222,4929,4231614,16,173,50,1,25108,1,100,1,465265,1,457180,1,114641,1,3156224,1,13045,1,307532,1,12674,4,536853,4,80134,4,745675,4,1440572,8,2160638,108,20680,12,3376,1,25339,1,2845,1,0,0,0,0,0,0,429767,1,20550,1,3637,1,5481,1,22413,1,412564,1,24637,1,16946,1,24,1,9559,1,4513,1,16970,1,9559,1,48,1,1240,1,1,1,0,1
173,4220500,4515,9559,28.989801,,0,10,9,108,30867,1122,4760,4189633,16,173,50,1,25489,1,30,1,465025,1,443443,1,115232,1,3127268,1,13095,1,306700,1,12143,4,538126,4,80314,4,737299,4,1419883,8,2132143,108,20279,12,3266,1,25599,1,2815,1,0,0,0,0,0,0,416802,1,19898,1,3557,1,5711,1,22093,1,412233,1,24788,1,16956,1,24,1,9559,1,4515,1,16980,1,9559,1,48,1,1240,1,1,1,0,1
174,4253600,4515,9559,28.989834,,0,10,9,108,32036,1252,4289,4221564,16,173,60,1,25259,1,30,1,466418,1,450026,1,115592,1,3151194,1,12985,1,306730,1,12995,4,538586,4,80435,4,737790,4,1443027,8,2156238,108,20289,12,3276,1,24156,1,2946,1,0,0,0,0,0,0,423315,1,19778,1,3717,1,5561,1,21221,1,413436,1,26050,1,16952,1,24,1,9559,1,4515,1,16976,1,9559,1,48,1,1240,1,1,1,0,1
175,4484900,4515,9559,28.989851,,0,10,9,108,31650,1353,3377,4453250,16,173,50,1,25138,1,30,1,465115,1,482198,1,114781,1,3352772,1,13165,1,303053,1,13797,4,538126,4,85234,4,808516,4,1566284,8,2345544,108,25880,12,5491,1,28084,1,2835,1,0,0,0,0,0,0,456358,1,18987,1,3657,1,5831,1,21742,1,412494,1,24848,1,16951,1,27,1,9559,1,4515,1,16978,1,9559,1,48,1,1240,1,1,1,0,1
176,4231800,4514,9559,28.989864,,0,10,9,108,31076,1242,4649,4200724,16,173,140,1,25219,1,40,1,466738,1,432823,1,114480,1,3148299,1,12985,1,307542,1,12755,4,538366,4,80425,4,747028,4,1429170,8,2148174,108,23375,12,3266,1,25709,1,2795,1,0,0,0,0,0,0,405571,1,20530,1,3647,1,5931,1,22163,1,412915,1,25539,1,16943,1,27,1,9559,1,4514,1,16970,1,9559,1,48,1,1240,1,1,1,0,1
177,4254600,4516,9559,28.989883,,0,10,9,108,30701,1182,4619,4223899,16,173,60,1,25259,1,10,1,465486,1,439856,1,113629,1,3166554,1,13045,1,307362,1,12704,4,537795,4,80174,4,752869,4,1442877,8,2168373,108,22754,12,3176,1,25619,1,2795,1,0,0,0,0,0,0,413075,1,19838,1,3707,1,5731,1,22183,1,412354,1,25048,1,16944,1,27,1,9559,1,4516,1,16971,1,9559,1,48,1,1240,1,1,1,0,1
178,4284000,4515,9559,28.989906,,0,10,9,108,30494,1122,4950,4253506,16,173,60,1,25359,1,20,1,464334,1,441259,1,113619,1,3195870,1,12985,1,304716,1,12875,4,538406,4,80505,4,751737,4,1474768,8,2199002,108,22553,12,3226,1,25689,1,2825,1,0,0,0,0,0,0,415590,1,18876,1,3697,1,5992,1,21191,1,412073,1,24878,1,16946,1,27,1,9559,1,4515,1,16973,1,9559,1,48,1,1240,1,1,1,0,1
179,4256600,4515,9559,28.989923,,0,10,9,108,30066,1132,5190,4226534,16,173,30,1,25229,1,80,1,463241,1,443914,1,115512,1,3165552,1,12975,1,307251,1,12815,4,538536,4,80355,4,749422,4,1444520,8,2166249,108,22503,12,3196,1,25519,1,2805,1,0,0,0,0,0,0,416822,1,20029,1,3827,1,5841,1,22173,1,410310,1,24758,1,16936,1,27,1,9559,1,4515,1,16963,1,9559,1,48,1,1240,1,1,1,0,1
180,4240600,4515,9559,28.98993,,0,10,9,108,29546,1212,5120,4211054,16,173,60,1,25249,1,80,1,463051,1,438093,1,114671,1,3156855,1,12995,1,306129,1,12674,4,538677,4,80184,4,745685,4,1440813,8,2158324,108,23054,12,3216,1,25419,1,2845,1,0,0,0,0,0,0,411973,1,19217,1,3867,1,5881,1,21712,1,410610,1,24657,1,16941,1,27,1,9559,1,4515,1,16968,1,9559,1,48,1,1240,1,1,1,0,1
181,4250100,4517,9559,28.98993,,0,10,9,108,31181,1182,5261,4218919,16,173,30,1,25158,1,30,1,462751,1,436831,1,114931,1,3166063,1,13125,1,306269,1,12704,4,538887,4,80515,4,747438,4,1447586,8,2163252,108,26511,12,3186,1,25499,1,2795,1,0,0,0,0,0,0,410700,1,19037,1,3968,1,5631,1,20409,1,411652,1,24898,1,16935,1,31,1,9559,1,4517,1,16966,1,9559,1,48,1,1240,1,1,1,0,1
182,4297700,4517,9559,28.98994,,0,10,9,108,30097,1192,4819,4267603,16,173,10,1,25319,1,20,1,464304,1,457541,1,115031,1,3192304,1,13075,1,307432,1,12604,4,538486,4,80415,4,757327,4,1463316,8,2188281,108,27543,12,3246,1,25419,1,2866,1,0,0,0,0,0,0,431340,1,19187,1,3877,1,5601,1,21702,1,411742,1,25058,1,16943,1,32,1,9559,1,4517,1,16975,1,9559,1,48,1,1240,1,1,1,0,1
183,4250000,4516,9559,28.989958,,0,10,9,108,30269,1162,5381,4219731,16,173,20,1,25269,1,90,1,462700,1,432753,1,114611,1,3171253,1,13035,1,307301,1,12354,4,537655,4,80565,4,751917,4,1448878,8,2167721,108,27693,12,3216,1,25449,1,2755,1,0,0,0,0,0,0,407494,1,18405,1,3777,1,5571,1,21722,1,410560,1,24677,1,16946,1,32,1,9559,1,4516,1,16978,1,9559,1,48,1,1240,1,1,1,0,1
184,4263300,4516,9559,28.98997,,0,10,9,108,29783,1172,5070,4233517,16,173,40,1,25229,1,90,1,463682,1,445447,1,114560,1,3171343,1,13125,1,305087,1,12484,4,537254,4,80335,4,750865,4,1452585,8,2167261,108,31120,12,3146,1,25609,1,2805,1,0,0,0,0,0,0,419127,1,19467,1,3697,1,5641,1,21642,1,411071,1,25158,1,16941,1,36,1,9559,1,4516,1,16977,1,9559,1,48,1,1240,1,1,1,0,1
185,4322200,4514,9559,28.989977,,0,10,9,108,33186,4599,4599,4289014,16,173,150,1,30278,1,90,1,480815,1,454455,1,115903,1,3196532,1,10791,1,309957,1,12674,4,535741,4,79894,4,764401,4,1456493,8,2188722,108,27573,12,3737,1,26261,1,2775,1,0,0,0,0,0,0,427312,1,20089,1,3797,1,5781,1,22664,1,424968,1,27082,1,16944,1,32,1,9559,1,4514,1,16976,1,9559,1,48,1,1240,1,1,1,0,1
186,4270300,4515,9559,28.98999,,0,10,9,108,29930,1132,4950,4240370,16,173,40,1,30178,1,100,1,466408,1,442602,1,117336,1,3170662,1,13045,1,320166,1,12584,4,536693,4,80505,4,743411,4,1444500,8,2155919,108,27042,12,3156,1,25639,1,2876,1,0,0,0,0,0,0,415680,1,19658,1,3998,1,5641,1,22353,1,411241,1,27012,1,16950,1,32,1,9559,1,4515,1,16982,1,9559,1,48,1,1240,1,1,1,0,1
187,4258300,4516,9559,28.990005,,0,10,9,108,30704,1162,5130,4227596,16,173,60,1,25078,1,20,1,461067,1,454124,1,115512,1,3158749,1,12985,1,305979,1,12624,4,537013,4,80435,4,745174,4,1445432,8,2161941,108,23535,12,3196,1,24928,1,2805,1,0,0,0,0,0,0,426952,1,20189,1,3777,1,5691,1,21732,1,408797,1,24657,1,16958,1,28,1,9559,1,4516,1,16986,1,9559,1,48,1,1240,1,1,1,0,1
188,4229800,4519,9559,28.990013,,0,10,9,108,32011,1102,5010,4197789,16,173,50,1,24998,1,50,1,460907,1,432482,1,116033,1,3150273,1,12995,1,306350,1,12434,4,539779,4,80545,4,742649,4,1437016,8,2151160,108,23495,12,3266,1,24317,1,2815,1,0,0,0,0,0,0,406803,1,19047,1,3587,1,5811,1,21662,1,408656,1,24547,1,16958,1,28,1,9559,1,4519,1,16986,1,9559,1,48,1,1240,1,1,1,0,1
189,4355400,4519,9559,28.990015,,0,10,9,108,37701,3336,5061,4317699,16,173,160,1,30549,1,80,1,495303,1,463432,1,116775,1,3198075,1,13326,1,308644,1,13075,4,538246,4,80655,4,744262,4,1477764,8,2190134,108,26832,12,3366,1,25930,1,2795,1,0,0,0,0,0,0,436660,1,19367,1,3928,1,13777,1,23155,1,430559,1,27433,1,16956,1,32,1,9559,1,4519,1,16988,1,9559,1,48,1,1240,1,1,1,0,1
190,4248000,4519,9559,28.990025,,0,10,9,108,29782,1092,5361,4218218,16,173,30,1,30108,1,50,1,464504,1,446880,1,118328,1,3145363,1,12955,1,314605,1,12755,4,536472,4,80224,4,741236,4,1427487,8,2139968,108,23395,12,3256,1,25439,1,2795,1,0,0,0,0,0,0,420199,1,19728,1,3797,1,5881,1,21251,1,411071,1,26110,1,16964,1,28,1,9559,1,4519,1,16992,1,9559,1,48,1,1240,1,1,1,0,1
191,4237400,4520,9559,28.99004,,0,10,9,108,29582,1262,4870,4207818,16,173,70,1,25209,1,70,1,464414,1,434005,1,114470,1,3156645,1,12935,1,307402,1,12344,4,538236,4,80164,4,743170,4,1442977,8,2154856,108,26421,12,3226,1,25058,1,2805,1,0,0,0,0,0,0,408085,1,19317,1,3517,1,5731,1,21431,1,412243,1,24838,1,16962,1,32,1,9559,1,4520,1,16994,1,9559,1,48,1,1240,1,1,1,0,1
192,4328300,4522,9559,28.990047,,0,10,9,108,36160,1313,7535,4292140,16,173,160,1,30729,1,80,1,478811,1,444225,1,116083,1,3209016,1,13035,1,307973,1,12614,4,540711,4,82879,4,771004,4,1460110,8,2196085,108,27493,12,3727,1,25860,1,2825,1,0,0,0,0,0,0,416902,1,20059,1,3898,1,5931,1,22814,1,421802,1,27904,1,16969,1,32,1,9559,1,4522,1,17001,1,9559,1,48,1,1240,1,1,1,0,1
193,4310500,4521,9559,28.990053,,0,10,9,108,30553,1343,4599,4279947,16,173,50,1,30529,1,110,1,465396,1,448423,1,119600,1,3202754,1,13085,1,320707,1,12945,4,537985,4,83601,4,759411,4,1450071,8,2175326,108,29557,12,3326,1,30529,1,2835,1,0,0,0,0,0,0,421862,1,19488,1,3867,1,5731,1,22052,1,410560,1,26832,1,16970,1,32,1,9559,1,4521,1,17002,1,9559,1,48,1,1240,1,1,1,0,1
194,4254800,4522,9559,28.990055,,0,10,9,108,31562,1152,4720,4223238,16,173,40,1,25279,1,50,1,465446,1,444706,1,117055,1,3157737,1,12925,1,319365,1,12554,4,537364,4,79824,4,742489,4,1431705,8,2140449,108,29026,12,3256,1,27272,1,2755,1,0,0,0,0,0,0,415590,1,22483,1,3497,1,5821,1,21892,1,412594,1,24908,1,16974,1,36,1,9559,1,4522,1,17010,1,9559,1,48,1,1240,1,1,1,0,1
195,4253400,4521,9559,28.99006,,0,10,9,108,30213,1152,5110,4223187,16,173,70,1,25319,1,30,1,465275,1,432372,1,116855,1,3170291,1,12975,1,310187,1,12444,4,539699,4,80465,4,748440,4,1445532,8,2159546,108,29316,12,3236,1,26351,1,2785,1,0,0,0,0,0,0,406102,1,19267,1,3847,1,6082,1,21982,1,412043,1,24958,1,16966,1,36,1,9559,1,4521,1,17002,1,9559,1,48,1,1240,1,1,1,0,1
196,4265100,4522,9559,28.99006,,0,10,9,108,31633,1142,4970,4233467,16,173,50,1,25299,1,40,1,465867,1,440728,1,117466,1,3171003,1,13015,1,310578,1,12404,4,540019,4,80425,4,742218,4,1451022,8,2158875,108,29397,12,3336,1,26952,1,2906,1,0,0,0,0,0,0,414227,1,19728,1,3637,1,5951,1,21772,1,412995,1,24938,1,16971,1,36,1,9559,1,4522,1,17007,1,9559,1,48,1,1240,1,1,1,0,1
197,4429000,4523,9559,28.990076,,0,10,9,108,30836,1313,3467,4398164,16,173,50,1,25349,1,40,1,470686,1,481176,1,116304,1,3291344,1,13215,1,310337,1,12664,4,540300,4,81988,4,788578,4,1518582,8,2267824,108,35869,12,5611,1,29016,1,2956,1,0,0,0,0,0,0,454966,1,19167,1,3837,1,6002,1,21812,1,417564,1,25038,1,16965,1,40,1,9559,1,4523,1,17005,1,9559,1,48,1,1240,1,1,1,0,1
198,4426400,4523,9559,28.990084,,0,10,9,108,30540,1333,3638,4395860,16,173,50,1,25289,1,100,1,466267,1,481276,1,117426,1,3292376,1,13075,1,317571,1,13135,4,544297,4,82689,4,782356,4,1513573,8,2256672,108,35619,12,5671,1,28876,1,2876,1,0,0,0,0,0,0,454104,1,20289,1,3717,1,5771,1,22243,1,413015,1,25048,1,16961,1,40,1,9559,1,4523,1,17001,1,9559,1,48,1,1240,1,1,1,0,1
199,4228800,4524,9559,28.990086,,0,10,9,108,29839,1182,4910,4198961,16,173,60,1,25209,1,40,1,466197,1,434626,1,117977,1,3141776,1,13075,1,312792,1,12504,4,541051,4,80775,4,739974,4,1420965,8,2126351,108,29677,12,3276,1,26441,1,2815,1,0,0,0,0,0,0,407845,1,19998,1,3637,1,6122,1,21942,1,411071,1,26882,1,16962,1,36,1,9559,1,4524,1,16998,1,9559,1,48,1,1240,1,1,1,0,1
200,4238200,4522,9559,28.990088,,0,10,9,108,29971,1192,4719,4208229,16,173,50,1,25459,1,40,1,462831,1,452701,1,116765,1,3137308,1,13075,1,309065,1,12684,4,538065,4,80305,4,730806,4,1433078,8,2129087,108,30078,12,3346,1,25960,1,2805,1,0,0,0,0,0,0,426300,1,19608,1,3657,1,5941,1,22593,1,409318,1,24788,1,16960,1,36,1,9559,1,4522,1,16996,1,9559,1,48,1,1240,1,1,1,0,1
201,4254100,4522,9559,28.990097,,0,10,9,108,30702,1232,4871,4223398,16,173,40,1,25399,1,50,1,463793,1,442041,1,117266,1,3161715,1,13095,1,307301,1,12865,4,539538,4,80425,4,745134,4,1443859,8,2154315,108,29807,12,3286,1,25249,1,2825,1,0,0,0,0,0,0,416021,1,19187,1,3657,1,5951,1,21892,1,410771,1,25018,1,16962,1,36,1,9559,1,4522,1,16998,1,9559,1,48,1,1240,1,1,1,0,1
202,4268000,4521,9559,28.99011,,0,10,9,108,32309,1363,8567,4235691,16,173,130,1,30859,1,90,1,480946,1,449425,1,116003,1,3147447,1,10791,1,309125,1,12785,4,537645,4,83019,4,737369,4,1433829,8,2136000,108,26631,12,3286,1,26180,1,2845,1,0,0,0,0,0,0,424577,1,17524,1,3537,1,6072,1,23225,1,424557,1,26751,1,16968,1,32,1,9559,1,4521,1,17000,1,9559,1,48,1,1240,1,1,1,0,1
203,4229600,4525,9559,28.990112,,0,10,9,108,31551,1122,4800,4198049,16,173,40,1,30559,1,20,1,470536,1,446018,1,119971,1,3117930,1,12975,1,320908,1,12895,4,537925,4,80264,4,723472,4,1409933,8,2102846,108,25760,12,3236,1,25389,1,2785,1,0,0,0,0,0,0,421201,1,17874,1,3667,1,6222,1,22253,1,415109,1,26741,1,16979,1,32,1,9559,1,4525,1,17011,1,9559,1,48,1,1240,1,1,1,0,1
204,4292800,4526,9559,28.990108,,0,10,9,108,31750,1222,4619,4261050,16,173,30,1,24988,1,20,1,462039,1,434065,1,118127,1,3208605,1,13175,1,321088,1,12815,4,538136,4,84432,4,780252,4,1435923,8,2181819,108,29737,12,3417,1,28505,1,2815,1,0,0,0,0,0,0,408817,1,18716,1,3487,1,6132,1,21812,1,409167,1,24768,1,16986,1,36,1,9559,1,4526,1,17022,1,9559,1,48,1,1240,1,1,1,0,1
205,4253200,4524,9559,28.990114,,0,10,9,108,30844,1252,4790,4222356,16,173,50,1,25339,1,50,1,465175,1,457671,1,117286,1,3143590,1,13195,1,316048,1,12644,4,539438,4,80274,4,735916,4,1425483,8,2126732,108,29877,12,3256,1,26451,1,2825,1,0,0,0,0,0,0,430078,1,20820,1,3577,1,6072,1,22674,1,409849,1,26371,1,16972,1,36,1,9559,1,4524,1,17008,1,9559,1,48,1,1240,1,1,1,0,1
206,4243500,4523,9559,28.99012,,0,10,9,108,30141,1172,4970,4213359,16,173,70,1,25289,1,40,1,463923,1,437622,1,118518,1,3154801,1,13095,1,306971,1,12624,4,539639,4,80084,4,743170,4,1440412,8,2148775,108,29837,12,3216,1,24738,1,2775,1,0,0,0,0,0,0,411201,1,19708,1,3597,1,5841,1,22163,1,408987,1,26731,1,16977,1,36,1,9559,1,4523,1,17013,1,9559,1,48,1,1240,1,1,1,0,1
207,4316800,4523,9559,28.990118,,0,10,9,108,33126,1282,5150,4283674,16,173,150,1,30729,1,90,1,478210,1,448463,1,121293,1,3191692,1,13045,1,319926,1,12684,4,539007,4,80274,4,736537,4,1469919,8,2171840,108,29467,12,3938,1,25178,1,2946,1,0,0,0,0,0,0,421922,1,19097,1,4048,1,6182,1,22644,1,422172,1,26892,1,16970,1,36,1,9559,1,4523,1,17006,1,9559,1,48,1,1240,1,1,1,0,1
208,4287800,4523,9559,28.990112,,0,10,9,108,37330,1393,7715,4250470,16,173,180,1,30539,1,80,1,484482,1,448293,1,117516,1,3156314,1,13065,1,320487,1,13225,4,546562,4,79924,4,733011,4,1420273,8,2115701,108,29867,12,3316,1,34687,1,3437,1,0,0,0,0,0,0,421361,1,19818,1,3757,1,6152,1,22944,1,427533,1,27443,1,16969,1,36,1,9559,1,4523,1,17005,1,9559,1,48,1,1240,1,1,1,0,1
209,4210800,4522,9559,28.990116,,0,10,9,108,30215,1202,4590,4180585,16,173,20,1,30318,1,40,1,465776,1,439786,1,116945,1,3114694,1,13005,1,306299,1,12614,4,538396,4,80154,4,731448,4,1412929,8,2109859,108,29928,12,3256,1,25549,1,2845,1,0,0,0,0,0,0,413496,1,19608,1,3547,1,6272,1,22163,1,410340,1,26822,1,16966,1,36,1,9559,1,4522,1,17002,1,9559,1,48,1,1240,1,1,1,0,1
210,4209600,4522,9559,28.990122,,0,10,9,108,30337,1222,4980,4179263,16,173,60,1,25118,1,50,1,460276,1,447902,1,117486,1,3115305,1,13065,1,307502,1,12434,4,539729,4,80214,4,734043,4,1408611,8,2107866,108,29807,12,3256,1,25539,1,2755,1,0,0,0,0,0,0,421541,1,19788,1,3397,1,6152,1,21782,1,407214,1,24948,1,16964,1,36,1,9559,1,4522,1,17000,1,9559,1,48,1,1240,1,1,1,0,1
211,4295400,4523,9559,28.990128,,0,10,9,108,30347,1212,4699,4265053,16,173,60,1,25158,1,50,1,463482,1,432683,1,118438,1,3212007,1,13175,1,307913,1,12765,4,549888,4,80445,4,798752,4,1424612,8,2189268,108,29397,12,4288,1,29156,1,2976,1,0,0,0,0,0,0,406823,1,19197,1,3587,1,6342,1,21572,1,410280,1,25108,1,16963,1,36,1,9559,1,4523,1,16999,1,9559,1,48,1,1240,1,1,1,0,1
212,4214400,4523,9559,28.990124,,0,10,9,108,32051,1262,4559,4182349,16,173,200,1,30649,1,30,1,467249,1,440618,1,116264,1,3114323,1,13015,1,311189,1,12694,4,536843,4,80365,4,727480,4,1411396,8,2101373,108,32943,12,3306,1,26972,1,2815,1,0,0,0,0,0,0,413997,1,19958,1,3577,1,6132,1,22694,1,413155,1,25048,1,16961,1,40,1,9559,1,4523,1,17001,1,9559,1,48,1,1240,1,1,1,0,1
213,4224700,4523,9559,28.99013,,0,10,9,108,30518,1162,4840,4194182,16,173,50,1,25339,1,30,1,465095,1,451208,1,116174,1,3123201,1,13085,1,305618,1,12584,4,538857,4,80405,4,730816,4,1422397,8,2114739,108,33635,12,3276,1,25279,1,2805,1,0,0,0,0,0,0,424868,1,19638,1,3627,1,6342,1,21371,1,412173,1,25048,1,16963,1,40,1,9559,1,4523,1,17003,1,9559,1,48,1,1240,1,1,1,0,1
214,4237300,4524,9559,28.990137,,0,10,9,108,30304,1162,4840,4206996,16,173,20,1,25279,1,30,1,464304,1,441850,1,117777,1,3144692,1,13045,1,309225,1,12514,4,539438,4,80475,4,738070,4,1432547,8,2133005,108,32773,12,3346,1,25058,1,2855,1,0,0,0,0,0,0,415259,1,19718,1,3687,1,6142,1,21101,1,411933,1,24938,1,16965,1,40,1,9559,1,4524,1,17005,1,9559,1,48,1,1240,1,1,1,0,1
215,4203600,4524,9559,28.990137,,0,10,9,108,30008,1222,4890,4173592,16,173,20,1,25178,1,40,1,463061,1,433494,1,115973,1,3122820,1,13005,1,307502,1,12514,4,537013,4,79944,4,738702,4,1414562,8,2115822,108,32553,12,3276,1,25309,1,2775,1,0,0,0,0,0,0,407334,1,19367,1,3697,1,5721,1,21832,1,410370,1,24948,1,16967,1,40,1,9559,1,4524,1,17007,1,9559,1,48,1,1240,1,1,1,0,1
216,4191600,4526,9559,28.990137,,0,10,9,108,30652,1153,5000,4160948,16,173,30,1,25178,1,30,1,464013,1,444916,1,117035,1,3096720,1,13025,1,308123,1,12955,4,536723,4,79843,4,725416,4,1401026,8,2089762,108,31681,12,3246,1,25409,1,2825,1,0,0,0,0,0,0,419237,1,18946,1,3617,1,5661,1,21752,1,411502,1,24928,1,16971,1,40,1,9559,1,4526,1,17011,1,9559,1,48,1,1240,1,1,1,0,1
217,4207300,4524,9559,28.990143,,0,10,9,108,30191,1152,4699,4177109,16,173,10,1,25178,1,50,1,462841,1,443734,1,118268,1,3114023,1,13005,1,308844,1,12694,4,539709,4,80595,4,732550,4,1407108,8,2102727,108,32232,12,3226,1,25339,1,2805,1,0,0,0,0,0,0,418055,1,19027,1,3607,1,5992,1,21461,1,410410,1,24758,1,16971,1,40,1,9559,1,4524,1,17011,1,9559,1,48,1,1240,1,1,1,0,1
218,4209600,4525,9559,28.990149,,0,10,9,108,29606,1192,4790,4179994,16,173,50,1,25379,1,30,1,463071,1,445026,1,118648,1,3114774,1,13015,1,308914,1,12624,4,540150,4,80385,4,732199,4,1408090,8,2103507,108,31992,12,3266,1,25158,1,2795,1,0,0,0,0,0,0,418696,1,19678,1,3577,1,6052,1,21441,1,410550,1,24858,1,16980,1,40,1,9559,1,4525,1,17020,1,9559,1,48,1,1240,1,1,1,0,1
219,4383800,4524,9559,28.990149,,0,10,9,108,31123,1122,4670,4352677,16,173,30,1,25269,1,40,1,466848,1,593302,1,117135,1,3137067,1,12985,1,306269,1,12624,4,539368,4,80274,4,738501,4,1426806,8,2128525,108,32112,12,3276,1,26030,1,2795,1,0,0,0,0,0,0,569015,1,17414,1,3697,1,6262,1,20610,1,413366,1,26451,1,16981,1,40,1,9559,1,4524,1,17021,1,9559,1,48,1,1240,1,1,1,0,1
220,4186000,4523,9559,28.990152,,0,10,9,108,31595,1102,4469,4154405,16,173,30,1,25128,1,40,1,461268,1,433745,1,117967,1,3103362,1,12865,1,307442,1,12634,4,538867,4,80665,4,726899,4,1404283,8,2094410,108,32302,12,3186,1,25459,1,2825,1,0,0,0,0,0,0,407745,1,19307,1,3527,1,6252,1,21602,1,408626,1,24547,1,16980,1,40,1,9559,1,4523,1,17020,1,9559,1,48,1,1240,1,1,1,0,1
221,4204400,4522,9559,28.99016,,0,10,9,108,30447,1112,4830,4173953,16,173,20,1,25349,1,110,1,461729,1,441480,1,116855,1,3115516,1,12895,1,306780,1,12254,4,539107,4,80455,4,729474,4,1415133,8,2107495,108,32282,12,3186,1,25239,1,2775,1,0,0,0,0,0,0,414818,1,19968,1,3507,1,6002,1,21311,1,409318,1,24928,1,16978,1,40,1,9559,1,4522,1,17018,1,9559,1,48,1,1240,1,1,1,0,1
222,4275800,4522,9559,28.990164,,0,10,9,108,30690,1192,4629,4245110,16,173,10,1,25178,1,50,1,462350,1,437191,1,118799,1,3188356,1,13175,1,306199,1,12354,4,539558,4,80615,4,768639,4,1447125,8,2177370,108,33765,12,3316,1,26551,1,2805,1,0,0,0,0,0,0,411282,1,19297,1,3517,1,6312,1,21331,1,409588,1,24938,1,16976,1,40,1,9559,1,4522,1,17016,1,9559,1,48,1,1240,1,1,1,0,1
223,4211000,4520,9559,28.990162,,0,10,9,108,29964,1132,4559,4181036,16,173,70,1,25138,1,40,1,466969,1,443413,1,118077,1,3114273,1,13055,1,309325,1,12985,4,539969,4,80866,4,730356,4,1408340,8,2104910,108,29226,12,3196,1,25319,1,2785,1,0,0,0,0,0,0,416141,1,20289,1,3797,1,6593,1,22774,1,412313,1,25058,1,16977,1,36,1,9559,1,4520,1,17013,1,9559,1,48,1,1240,1,1,1,0,1
224,4233400,4521,9559,28.99016,,0,10,9,108,30021,1162,4940,4203379,16,173,50,1,25249,1,100,1,463422,1,459905,1,118638,1,3122940,1,13075,1,308694,1,13686,4,539448,4,80345,4,729043,4,1419171,8,2113287,108,29988,12,3356,1,25178,1,2855,1,0,0,0,0,0,0,433454,1,19648,1,3647,1,5901,1,21942,1,410420,1,24998,1,16971,1,36,1,9559,1,4521,1,17007,1,9559,1,48,1,1240,1,1,1,0,1
225,4243900,4522,9559,28.990166,,0,11,9,108,30211,1252,4720,4213689,16,185,60,1,25178,1,100,1,465125,1,430008,1,118258,1,3161925,1,13035,1,308293,1,12404,4,540009,4,80194,4,736187,4,1439681,8,2137443,108,33705,24,5591,1,35518,1,2795,1,0,0,0,0,0,0,403497,1,19828,1,3617,1,5701,1,21221,1,412975,1,25068,1,16973,1,40,1,9559,1,4522,1,17013,1,9559,1,48,1,1240,1,1,1,0,1
226,4240900,4521,9559,28.990166,,0,11,9,108,30267,1252,5010,4210633,16,185,40,1,25339,1,50,1,465165,1,441510,1,118358,1,3146756,1,13416,1,307502,1,13005,4,544448,4,80365,4,734744,4,1433419,8,2130771,108,32382,24,3296,1,25890,1,2835,1,0,0,0,0,0,0,415840,1,18977,1,3617,1,5721,1,21632,1,411492,1,26080,1,16968,1,40,1,9559,1,4521,1,17008,1,9559,1,48,1,1240,1,1,1,0,1
227,4229300,4522,9559,28.990166,,0,11,9,108,30369,1202,4880,4198931,16,185,140,1,25279,1,30,1,466227,1,445918,1,117186,1,3131116,1,13035,1,309235,1,14298,4,540881,4,80264,4,735375,4,1417538,8,2115020,108,33014,24,3286,1,26180,1,2855,1,0,0,0,0,0,0,419107,1,20239,1,3507,1,5992,1,21702,1,413195,1,25118,1,16980,1,40,1,9559,1,4522,1,17020,1,9559,1,48,1,1240,1,1,1,0,1
228,4275500,4521,9559,28.990168,,0,11,9,108,33316,1292,4740,4242184,16,185,160,1,30499,1,70,1,495734,1,439977,1,120592,1,3142137,1,13015,1,325847,1,13296,4,545390,4,80495,4,728552,4,1413921,8,2104118,108,33614,24,4539,1,25920,1,2886,1,0,0,0,0,0,0,413596,1,19508,1,3597,1,6132,1,22333,1,440398,1,26501,1,16979,1,40,1,9559,1,4521,1,17019,1,9559,1,48,1,1240,1,1,1,0,1
229,4241200,4519,9559,28.990175,,0,11,9,108,29986,1112,5020,4211214,16,185,30,1,30368,1,50,1,471688,1,438283,1,117256,1,3140544,1,12995,1,306309,1,12324,4,536713,4,79874,4,743972,4,1428750,8,2134828,108,32873,24,3266,1,25389,1,2835,1,0,0,0,0,0,0,412283,1,19457,1,3437,1,6533,1,22463,1,414558,1,27924,1,16977,1,40,1,9559,1,4519,1,17017,1,9559,1,48,1,1240,1,1,1,0,1
230,4723800,4521,9559,28.990171,,0,11,9,108,32692,1413,3677,4691108,16,185,40,1,25108,1,20,1,465967,1,505924,1,124289,1,3556474,1,13286,1,309596,1,14308,4,543576,4,81968,4,885434,4,1674543,8,2516192,108,40107,24,3316,1,39065,1,3256,1,0,0,0,0,0,0,480154,1,18736,1,3757,1,6543,1,21421,1,412875,1,24948,1,16974,1,44,1,9559,1,4521,1,17018,1,9559,1,48,1,1240,1,1,1,0,1
231,4729000,4522,9559,28.990166,,0,11,9,108,32111,1222,4038,4696889,16,185,140,1,25950,1,90,1,472890,1,565318,1,120993,1,3497882,1,13626,1,361245,1,12504,4,539398,4,82459,4,846830,4,1609377,8,2412462,108,39706,24,3497,1,38494,1,2855,1,0,0,0,0,0,0,529098,1,28244,1,3647,1,6282,1,22463,1,418495,1,25419,1,16973,1,44,1,9559,1,4522,1,17017,1,9559,1,48,1,1240,1,1,1,0,1
232,4560400,4523,9559,28.990173,,0,11,9,108,31965,1393,3337,4528435,16,185,160,1,25479,1,100,1,501275,1,500293,1,117456,1,3370516,1,13155,1,341898,1,13526,4,547884,4,82819,4,792505,4,1550975,8,2300988,108,39155,24,4018,1,32623,1,2876,1,0,0,0,0,0,0,473611,1,19748,1,3627,1,6623,1,22573,1,446349,1,25519,1,16986,1,40,1,9559,1,4523,1,17026,1,9559,1,48,1,1240,1,1,1,0,1
233,4785900,4527,9559,28.990175,,0,11,9,108,32522,1423,5110,4753378,16,185,100,1,25699,1,40,1,469954,1,487087,1,118358,1,3638332,1,13807,1,325897,1,14688,4,650792,4,91967,4,831821,4,1678260,8,2465415,108,39556,24,3857,1,36771,1,2855,1,0,0,0,0,0,0,460216,1,19808,1,3877,1,6392,1,22744,1,415750,1,24868,1,16992,1,44,1,9559,1,4527,1,17036,1,9559,1,48,1,1240,1,1,1,0,1
234,4558300,4523,9559,28.990168,,0,11,9,108,33392,1443,7154,4524908,16,185,160,1,31581,1,70,1,480304,1,505673,1,117266,1,3376438,1,13416,1,337630,1,13746,4,541051,4,83691,4,800931,4,1556125,8,2306288,108,43614,24,5491,1,33414,1,2916,1,0,0,0,0,0,0,475996,1,22503,1,3667,1,6212,1,23716,1,423876,1,25970,1,16988,1,44,1,9559,1,4523,1,17032,1,9559,1,48,1,1240,1,1,1,0,1
235,4712400,4525,9559,28.99017,,0,11,9,108,35149,1613,3007,4677251,16,185,140,1,30869,1,80,1,488711,1,494391,1,130822,1,3518561,1,13676,1,317792,1,13977,4,541161,4,89783,4,853022,4,1649344,8,2455485,108,43874,24,4038,1,44706,1,3126,1,0,0,0,0,0,0,465295,1,19688,1,3597,1,6252,1,24357,1,427944,1,29807,1,16992,1,44,1,9559,1,4525,1,17036,1,9559,1,48,1,1240,1,1,1,0,1
236,4913400,4525,9559,28.990175,,0,11,9,108,40592,1603,3137,4872808,16,185,431,1,35448,1,30,1,630443,1,538226,1,123628,1,3531336,1,13266,1,428625,1,13366,4,543215,4,85104,4,844976,4,1555744,8,2353699,108,43884,24,6192,1,49565,1,2946,1,0,0,0,0,0,0,494462,1,34236,1,3637,1,9077,1,29276,1,550720,1,41009,1,16990,1,44,1,9559,1,4525,1,17034,1,9559,1,48,1,1240,1,1,1,0,1
237,4473200,4526,9559,28.990175,,0,11,9,108,34187,1252,4870,4439013,16,185,130,1,26701,1,60,1,475776,1,568735,1,117957,1,3236418,1,13235,1,400781,1,12795,4,542965,4,79824,4,736708,4,1420153,8,2111533,108,40458,24,3918,1,35138,1,2886,1,0,0,0,0,0,0,540911,1,20890,1,3757,1,6543,1,23325,1,419537,1,26180,1,16991,1,48,1,9559,1,4526,1,17039,1,9559,1,48,1,1240,1,1,1,0,1
238,4325300,4525,9559,28.990175,,0,11,9,108,32599,1202,4479,4292701,16,185,60,1,25930,1,20,1,470205,1,441910,1,117937,1,3223514,1,13125,1,344182,1,12714,4,557503,4,83020,4,754011,4,1427086,8,2139277,108,37342,24,3587,1,37352,1,2855,1,0,0,0,0,0,0,415229,1,19808,1,3717,1,7084,1,22674,1,413967,1,26311,1,16997,1,44,1,9559,1,4525,1,17041,1,9559,1,48,1,1240,1,1,1,0,1
239,4234000,4524,9559,28.990175,,0,11,9,108,31933,1202,5130,4202067,16,185,210,1,25479,1,90,1,466368,1,442141,1,116073,1,3138640,1,13065,1,330015,1,12724,4,540600,4,82128,4,736778,4,1401427,8,2095893,108,37182,24,3316,1,27633,1,2815,1,0,0,0,0,0,0,415880,1,19477,1,3667,1,6412,1,22333,1,412303,1,25168,1,16995,1,44,1,9559,1,4524,1,17039,1,9559,1,48,1,1240,1,1,1,0,1
240,4291900,4524,9559,28.990175,,0,11,9,108,31350,1283,4760,4260550,16,185,80,1,25499,1,30,1,466588,1,456478,1,115693,1,3182956,1,13225,1,314746,1,13887,4,554146,4,80565,4,740215,4,1441163,8,2139566,108,37051,24,3286,1,30859,1,2805,1,0,0,0,0,0,0,428344,1,21121,1,3797,1,6162,1,23155,1,411953,1,25148,1,17006,1,44,1,9559,1,4524,1,17050,1,9559,1,48,1,1240,1,1,1,0,1
241,4234600,4521,9559,28.990175,,0,11,9,108,31201,1172,4799,4203399,16,185,90,1,25599,1,10,1,466007,1,447120,1,115973,1,3135594,1,13005,1,314205,1,12684,4,539899,4,80515,4,734774,4,1419341,8,2112996,108,36320,24,3256,1,26942,1,2805,1,0,0,0,0,0,0,420018,1,19908,1,3898,1,6452,1,23074,1,410791,1,25399,1,16992,1,44,1,9559,1,4521,1,17036,1,9559,1,48,1,1240,1,1,1,0,1
242,4252700,4520,9559,28.990175,,0,11,9,108,30494,1212,4890,4222206,16,185,40,1,25439,1,40,1,466899,1,450016,1,118889,1,3147828,1,13055,1,312030,1,12594,4,540881,4,80254,4,741106,4,1428028,8,2128505,108,35739,24,3256,1,25649,1,2815,1,0,0,0,0,0,0,423876,1,19457,1,3587,1,5971,1,23114,1,411151,1,26481,1,17003,1,44,1,9559,1,4520,1,17047,1,9559,1,48,1,1240,1,1,1,0,1
243,4231500,4520,9559,28.990175,,0,11,9,108,30495,1172,4970,4201005,16,185,30,1,25599,1,70,1,462139,1,452521,1,118428,1,3129182,1,13035,1,308754,1,12805,4,540440,4,80465,4,735195,4,1418330,8,2112174,108,36380,24,3276,1,25880,1,2866,1,0,0,0,0,0,0,425479,1,19918,1,3847,1,5831,1,21952,1,409167,1,24978,1,17000,1,44,1,9559,1,4520,1,17044,1,9559,1,48,1,1240,1,1,1,0,1
244,4276900,4521,9559,28.990171,,0,11,9,108,32021,1182,4980,4244879,16,185,10,1,25128,1,30,1,465897,1,493690,1,116434,1,3130545,1,13145,1,305768,1,12644,4,540029,4,80395,4,737319,4,1421496,8,2117936,108,35899,24,3266,1,25629,1,2815,1,0,0,0,0,0,0,469734,1,17333,1,3507,1,6092,1,21762,1,412945,1,24868,1,17000,1,44,1,9559,1,4521,1,17044,1,9559,1,48,1,1240,1,1,1,0,1
245,4240800,4520,9559,28.990164,,0,11,9,108,29946,1102,5301,4210854,16,185,120,1,25740,1,50,1,464654,1,451719,1,118197,1,3137328,1,13045,1,308373,1,12384,4,540099,4,80204,4,738992,4,1424431,8,2122124,108,35999,24,3306,1,25639,1,2795,1,0,0,0,0,0,0,425128,1,19638,1,3767,1,5841,1,21271,1,410730,1,26571,1,16998,1,44,1,9559,1,4520,1,17042,1,9559,1,48,1,1240,1,1,1,0,1
246,4283800,4521,9559,28.990164,,0,11,9,108,30575,1152,4849,4253225,16,185,20,1,25249,1,40,1,465195,1,447321,1,117095,1,3185190,1,13115,1,307081,1,13095,4,541733,4,80826,4,753640,4,1455641,8,2167561,108,36871,24,3397,1,25740,1,2886,1,0,0,0,0,0,0,421671,1,18997,1,3477,1,6122,1,22002,1,410510,1,26401,1,16997,1,44,1,9559,1,4521,1,17041,1,9559,1,48,1,1240,1,1,1,0,1
247,4224500,4521,9559,28.990164,,0,11,9,108,30098,1113,4940,4194402,16,185,180,1,25289,1,40,1,464404,1,437823,1,117506,1,3136165,1,12995,1,308955,1,12484,4,540300,4,80404,4,732760,4,1428730,8,2120882,108,35669,24,3256,1,25279,1,2886,1,0,0,0,0,0,0,412233,1,18977,1,3557,1,6222,1,21972,1,411061,1,24938,1,16999,1,44,1,9559,1,4521,1,17043,1,9559,1,48,1,1240,1,1,1,0,1
248,4219400,4520,9559,28.990164,,0,11,9,108,30699,1183,5170,4188701,16,185,60,1,25329,1,20,1,462961,1,439646,1,117386,1,3130384,1,12915,1,307722,1,12324,4,539779,4,80174,4,737610,4,1420504,8,2117184,108,35759,24,3176,1,25098,1,2815,1,0,0,0,0,0,0,413315,1,19728,1,3457,1,6492,1,22022,1,409418,1,24878,1,17001,1,44,1,9559,1,4520,1,17045,1,9559,1,48,1,1240,1,1,1,0,1
249,4216000,4522,9559,28.990164,,0,11,9,108,30225,1153,4919,4185775,16,185,20,1,25168,1,100,1,462911,1,435398,1,117406,1,3131847,1,12925,1,308263,1,12504,4,541622,4,80144,4,735976,4,1421045,8,2116704,108,35398,24,3256,1,25078,1,2805,1,0,0,0,0,0,0,409899,1,18956,1,3407,1,6573,1,22173,1,408977,1,25038,1,17000,1,44,1,9559,1,4522,1,17044,1,9559,1,48,1,1240,1,1,1,0,1
250,4201600,4521,9559,28.990164,,0,11,9,108,31064,1242,4960,4170536,16,185,40,1,25138,1,30,1,463662,1,440898,1,117226,1,3110526,1,13015,1,304396,1,12614,4,537915,4,80285,4,728682,4,1414131,8,2102065,108,35789,24,3226,1,25239,1,2795,1,0,0,0,0,0,0,414798,1,19347,1,3587,1,6703,1,22183,1,409708,1,24898,1,16995,1,44,1,9559,1,4521,1,17039,1,9559,1,48,1,1240,1,1,1,0,1
251,4308200,4522,9559,28.990164,,0,11,9,108,39555,1333,7014,4268645,16,185,160,1,30759,1,70,1,477920,1,445598,1,116133,1,3184398,1,13606,1,308564,1,13276,4,541141,4,83360,4,752909,4,1448097,8,2163543,108,30449,24,3677,1,29166,1,2876,1,0,0,0,0,0,0,419668,1,19077,1,3627,1,6543,1,22964,1,421822,1,26210,1,17008,1,36,1,9559,1,4522,1,17044,1,9559,1,48,1,1240,1,1,1,0,1
252,4225600,4523,9559,28.990164,,0,11,9,108,30306,1252,4759,4195294,16,185,150,1,30669,1,50,1,469604,1,451950,1,120612,1,3109264,1,12995,1,321699,1,12614,4,538787,4,80214,4,724003,4,1398151,8,2088058,108,29336,24,3356,1,26341,1,2845,1,0,0,0,0,0,0,424787,1,20409,1,3417,1,6302,1,22203,1,414267,1,26651,1,17010,1,36,1,9559,1,4523,1,17046,1,9559,1,48,1,1240,1,1,1,0,1
253,4201700,4523,9559,28.99017,,0,11,9,108,30272,1162,5051,4171428,16,185,60,1,25249,1,30,1,464424,1,443303,1,118197,1,3107190,1,12975,1,308273,1,12785,4,539037,4,80695,4,727600,4,1406497,8,2099660,108,29387,24,3276,1,25038,1,2825,1,0,0,0,0,0,0,416692,1,19898,1,3477,1,6693,1,20780,1,411863,1,24898,1,17014,1,36,1,9559,1,4523,1,17050,1,9559,1,48,1,1240,1,1,1,0,1
254,4219300,4523,9559,28.99017,,0,11,9,108,34707,1252,4519,4184593,16,185,150,1,30238,1,80,1,484212,1,445567,1,116725,1,3096920,1,10701,1,309886,1,12724,4,540280,4,80355,4,723783,4,1397069,8,2087026,108,29306,24,3346,1,25429,1,2795,1,0,0,0,0,0,0,418696,1,19968,1,3617,1,6412,1,23094,1,419698,1,34667,1,17017,1,36,1,9559,1,4523,1,17053,1,9559,1,48,1,1240,1,1,1,0,1
255,4182400,4521,9559,28.99017,,0,11,9,108,30670,1162,4970,4151730,16,185,190,1,30278,1,50,1,465265,1,437181,1,117105,1,3088604,1,13055,1,311760,1,12905,4,539408,4,80054,4,717260,4,1392119,8,2075314,108,29096,24,3236,1,27874,1,2825,1,0,0,0,0,0,0,411011,1,19548,1,3557,1,6362,1,20780,1,411823,1,26110,1,17012,1,36,1,9559,1,4521,1,17048,1,9559,1,48,1,1240,1,1,1,0,1
256,4201700,4519,9559,28.99017,,0,11,9,108,30402,1182,5031,4171298,16,185,60,1,25339,1,40,1,467830,1,441369,1,117085,1,3106548,1,13025,1,308634,1,12765,4,540310,4,80014,4,735435,4,1396588,8,2096654,108,30338,24,3186,1,25649,1,2785,1,0,0,0,0,0,0,414818,1,19958,1,3507,1,6022,1,22533,1,412354,1,26721,1,17011,1,36,1,9559,1,4519,1,17047,1,9559,1,48,1,1240,1,1,1,0,1
257,4253700,4519,9559,28.990171,,0,11,9,108,31745,4358,4629,4221955,16,185,150,1,30459,1,70,1,481457,1,437662,1,122456,1,3136486,1,13215,1,319465,1,12865,4,538116,4,83481,4,725256,4,1420664,8,2110973,108,30318,24,3707,1,25780,1,2795,1,0,0,0,0,0,0,411592,1,19387,1,3437,1,6673,1,23385,1,424086,1,26992,1,17016,1,36,1,9559,1,4519,1,17052,1,9559,1,48,1,1240,1,1,1,0,1
258,4245300,4520,9559,28.990177,,0,11,9,108,29667,1232,5251,4215633,16,185,150,1,30248,1,50,1,468482,1,449746,1,118097,1,3135855,1,13005,1,307612,1,12524,4,537124,4,80114,4,722230,4,1444560,8,2129097,108,32442,24,3326,1,24177,1,2956,1,0,0,0,0,0,0,423405,1,19708,1,3507,1,6513,1,22834,1,411131,1,27814,1,17012,1,40,1,9559,1,4520,1,17052,1,9559,1,48,1,1240,1,1,1,0,1
259,4175300,4520,9559,28.990177,,0,11,9,108,31956,1223,5461,4143344,16,185,60,1,25058,1,40,1,461238,1,437612,1,116925,1,3089556,1,12855,1,302642,1,12694,4,538416,4,80475,4,725286,4,1397399,8,2085323,108,31901,24,3216,1,25409,1,2795,1,0,0,0,0,0,0,412293,1,18786,1,3567,1,6422,1,21191,1,408697,1,24768,1,17008,1,40,1,9559,1,4520,1,17048,1,9559,1,48,1,1240,1,1,1,0,1
260,4181800,4520,9559,28.990177,,0,11,9,108,31202,1132,4880,4150598,16,185,130,1,25078,1,20,1,460526,1,433424,1,119029,1,3099365,1,13025,1,308404,1,12644,4,540350,4,80365,4,725146,4,1399864,8,2087667,108,32462,24,3216,1,25389,1,2855,1,0,0,0,0,0,0,407594,1,19237,1,3487,1,6643,1,20770,1,408256,1,24647,1,17005,1,40,1,9559,1,4520,1,17045,1,9559,1,48,1,1240,1,1,1,0,1
261,4229300,4519,9559,28.99018,,0,11,9,108,32373,1272,6623,4196927,16,185,80,1,30308,1,60,1,479753,1,454234,1,118588,1,3103262,1,10640,1,321449,1,12424,4,537955,4,80084,4,722400,4,1396117,8,2078530,108,33364,24,3346,1,25399,1,2815,1,0,0,0,0,0,0,427924,1,19427,1,3617,1,6903,1,22724,1,419628,1,27232,1,17010,1,40,1,9559,1,4519,1,17050,1,9559,1,48,1,1240,1,1,1,0,1
262,4332900,4518,9559,28.990187,,0,11,9,108,33636,1403,4729,4299264,16,185,150,1,30399,1,80,1,479433,1,451419,1,118688,1,3206040,1,13055,1,309896,1,12875,4,572702,4,81888,4,764371,4,1429501,8,2156380,108,32763,24,3517,1,27062,1,2825,1,0,0,0,0,0,0,425248,1,19417,1,3497,1,6683,1,22954,1,422663,1,26802,1,17003,1,40,1,9559,1,4518,1,17043,1,9559,1,48,1,1240,1,1,1,0,1
263,4214500,4518,9559,28.990187,,0,11,9,108,30608,1222,5080,4183892,16,185,90,1,30238,1,40,1,467440,1,452731,1,117095,1,3103232,1,13025,1,310598,1,12434,4,536182,4,79733,4,722370,4,1407659,8,2092908,108,32042,24,3216,1,26982,1,2835,1,0,0,0,0,0,0,426531,1,19518,1,3427,1,6172,1,23024,1,410149,1,27864,1,17005,1,40,1,9559,1,4518,1,17045,1,9559,1,48,1,1240,1,1,1,0,1
264,4205300,4518,9559,28.990187,,0,11,9,108,30115,1162,4579,4175185,16,185,50,1,24908,1,40,1,465506,1,450938,1,118328,1,3102380,1,13035,1,308023,1,12504,4,538817,4,80124,4,730796,4,1399113,8,2093338,108,31992,24,3296,1,25709,1,2835,1,0,0,0,0,0,0,424647,1,19798,1,3326,1,6482,1,21682,1,410881,1,26271,1,17010,1,40,1,9559,1,4518,1,17050,1,9559,1,48,1,1240,1,1,1,0,1
265,4172400,4518,9559,28.990187,,0,11,9,108,29978,1182,4870,4142422,16,185,60,1,25329,1,90,1,463392,1,442592,1,117967,1,3080017,1,12975,1,305147,1,12484,4,535811,4,79703,4,724013,4,1390606,8,2077116,108,32633,24,3316,1,24978,1,2775,1,0,0,0,0,0,0,416341,1,19558,1,3517,1,6693,1,21061,1,410891,1,24577,1,17011,1,40,1,9559,1,4518,1,17051,1,9559,1,48,1,1240,1,1,1,0,1
266,4269200,4518,9559,28.990187,,0,11,9,108,30342,1323,7014,4238858,16,185,40,1,30479,1,70,1,475455,1,443844,1,118839,1,3156915,1,13215,1,311249,1,12775,4,536272,4,80114,4,738351,4,1443418,8,2141460,108,33294,24,3387,1,27182,1,2845,1,0,0,0,0,0,0,417934,1,19287,1,3477,1,6763,1,22734,1,419006,1,26762,1,17004,1,40,1,9559,1,4518,1,17044,1,9559,1,48,1,1240,1,1,1,0,1
267,4213800,4518,9559,28.990187,,0,11,9,108,30910,1272,4539,4182890,16,185,30,1,30178,1,40,1,469854,1,437973,1,118338,1,3113472,1,13005,1,308874,1,12594,4,539148,4,80024,4,734113,4,1406076,8,2102937,108,32713,24,3316,1,25269,1,2785,1,0,0,0,0,0,0,412163,1,19297,1,3356,1,6543,1,22874,1,412193,1,28084,1,17009,1,40,1,9559,1,4518,1,17049,1,9559,1,48,1,1240,1,1,1,0,1
268,4251800,4518,9559,28.990187,,0,11,9,108,33712,1733,4960,4218088,16,185,170,1,30609,1,90,1,488009,1,439796,1,117125,1,3129172,1,13115,1,316128,1,13827,4,542223,4,80485,4,733472,4,1409462,8,2104289,108,33685,24,3837,1,25158,1,2845,1,0,0,0,0,0,0,412935,1,19988,1,3537,1,6843,1,23125,1,430839,1,26822,1,17011,1,40,1,9559,1,4518,1,17051,1,9559,1,48,1,1240,1,1,1,0,1
269,4214700,4518,9559,28.990187,,0,11,9,108,29485,1192,4729,4185215,16,185,60,1,30188,1,40,1,466999,1,439596,1,120281,1,3114985,1,13065,1,317130,1,12614,4,536673,4,79954,4,726308,4,1410034,8,2098739,108,32873,24,3256,1,24998,1,2825,1,0,0,0,0,0,0,413546,1,19337,1,3487,1,6793,1,22523,1,410831,1,26651,1,17009,1,40,1,9559,1,4518,1,17049,1,9559,1,48,1,1240,1,1,1,0,1
270,4189400,4518,9559,28.990187,,0,11,9,108,30847,1122,4389,4158553,16,185,50,1,25259,1,60,1,466779,1,436510,1,116574,1,3100347,1,12975,1,302993,1,12795,4,536683,4,79974,4,727209,4,1408270,8,2098228,108,32863,24,3226,1,25299,1,2775,1,0,0,0,0,0,0,413045,1,17003,1,3397,1,6853,1,20810,1,414087,1,24838,1,17008,1,40,1,9559,1,4518,1,17048,1,9559,1,48,1,1240,1,1,1,0,1
271,4180600,4518,9559,28.990187,,0,11,9,108,30042,1052,5010,4150558,16,185,70,1,25138,1,40,1,460246,1,440117,1,117396,1,3094545,1,13005,1,303965,1,12724,4,537555,4,79824,4,728171,4,1400345,8,2090683,108,32823,24,3246,1,24868,1,2795,1,0,0,0,0,0,0,414007,1,19758,1,3296,1,6382,1,21572,1,407254,1,24858,1,17007,1,40,1,9559,1,4518,1,17047,1,9559,1,48,1,1240,1,1,1,0,1
272,4206900,4518,9559,28.990187,,0,11,9,108,30523,1162,4759,4176377,16,185,70,1,25018,1,40,1,459033,1,447341,1,117636,1,3114253,1,12985,1,306500,1,12354,4,539037,4,80315,4,727490,4,1416286,8,2106404,108,32613,24,3316,1,24988,1,2805,1,0,0,0,0,0,0,421351,1,19267,1,3527,1,6923,1,20359,1,406683,1,24858,1,17004,1,40,1,9559,1,4518,1,17044,1,9559,1,48,1,1240,1,1,1,0,1
273,4191800,4518,9559,28.990187,,0,11,9,108,30872,1132,4860,4160928,16,185,40,1,25088,1,50,1,462400,1,435809,1,118488,1,3106027,1,13025,1,307051,1,12534,4,538827,4,80495,4,728993,4,1405996,8,2097256,108,32873,24,3346,1,24818,1,2835,1,0,0,0,0,0,0,409448,1,19778,1,3417,1,6683,1,21111,1,409528,1,24878,1,17011,1,40,1,9559,1,4518,1,17051,1,9559,1,48,1,1240,1,1,1,0,1
274,4186500,4518,9559,28.990187,,0,11,9,108,30873,1112,4579,4155627,16,185,30,1,25359,1,30,1,460246,1,453212,1,118769,1,3084917,1,13065,1,306951,1,12604,4,537444,4,79904,4,725847,4,1390055,8,2078650,108,32673,24,3286,1,24868,1,2845,1,0,0,0,0,0,0,425759,1,20840,1,3437,1,7194,1,20219,1,407735,1,24928,1,17013,1,40,1,9559,1,4518,1,17053,1,9559,1,48,1,1240,1,1,1,0,1
275,4218300,4518,9559,28.990187,,0,11,9,108,35190,1292,4940,4183110,16,185,160,1,30719,1,50,1,476257,1,439335,1,120853,1,3102541,1,13195,1,312251,1,12674,4,539739,4,79653,4,718813,4,1405795,8,2087156,108,32513,24,3376,1,25689,1,3256,1,0,0,0,0,0,0,413426,1,18967,1,3647,1,7214,1,23064,1,418726,1,26942,1,17017,1,40,1,9559,1,4518,1,17057,1,9559,1,48,1,1240,1,1,1,0,1
276,4182500,4519,9559,28.990183,,0,11,9,108,29728,1092,4990,4152772,16,185,40,1,30298,1,40,1,465606,1,445938,1,117326,1,3080468,1,13055,1,306830,1,12534,4,537034,4,80455,4,721639,4,1389534,8,2073560,108,32623,24,3226,1,25289,1,2835,1,0,0,0,0,0,0,419367,1,19838,1,3597,1,6573,1,22513,1,408576,1,27743,1,17013,1,40,1,9559,1,4519,1,17053,1,9559,1,48,1,1240,1,1,1,0,1
277,4328600,4518,9559,28.990183,,0,11,9,108,31258,1343,5080,4297342,16,185,50,1,25319,1,10,1,463843,1,448263,1,118458,1,3228244,1,13155,1,308293,1,13306,4,585717,4,80785,4,720607,4,1485901,8,2168424,108,33004,24,3407,1,26050,1,2835,1,0,0,0,0,0,0,422643,1,18987,1,3527,1,6593,1,21822,1,410239,1,24978,1,17010,1,40,1,9559,1,4518,1,17050,1,9559,1,48,1,1240,1,1,1,0,1
278,4217900,4518,9559,28.990183,,0,11,9,108,30832,1132,4579,4187068,16,185,80,1,30068,1,40,1,465666,1,433685,1,122686,1,3121808,1,13035,1,328462,1,12875,4,539528,4,80064,4,722801,4,1405685,8,2091505,108,32402,24,3316,1,25128,1,2815,1,0,0,0,0,0,0,407454,1,19437,1,3617,1,6362,1,21061,1,411191,1,26892,1,17008,1,40,1,9559,1,4518,1,17048,1,9559,1,48,1,1240,1,1,1,0,1
279,4242300,4519,9559,28.990183,,0,11,9,108,30114,1192,4850,4212186,16,185,50,1,25239,1,20,1,461107,1,447411,1,116665,1,3148629,1,13065,1,305027,1,13837,4,543556,4,80024,4,730736,4,1439761,8,2132504,108,33144,24,3276,1,28415,1,2805,1,0,0,0,0,0,0,420589,1,20079,1,3547,1,6783,1,20299,1,408817,1,24978,1,17019,1,40,1,9559,1,4519,1,17059,1,9559,1,48,1,1240,1,1,1,0,1
280,4275700,4518,9559,28.990183,,0,11,9,108,30279,1313,6924,4245421,16,185,80,1,30599,1,40,1,479714,1,446489,1,117135,1,3158138,1,13225,1,322120,1,12805,4,556892,4,80485,4,731959,4,1418720,8,2111743,108,32012,24,3306,1,27623,1,2916,1,0,0,0,0,0,0,418686,1,21321,1,3467,1,6553,1,22934,1,419317,1,28004,1,17022,1,40,1,9559,1,4518,1,17062,1,9559,1,48,1,1240,1,1,1,0,1
281,4236800,4520,9559,28.990183,,0,11,9,108,30786,1252,4389,4206014,16,185,240,1,30188,1,110,1,465917,1,472269,1,114240,1,3109945,1,13105,1,307041,1,12564,4,538306,4,80154,4,733311,4,1405144,8,2101914,108,32152,24,3296,1,26070,1,2805,1,0,0,0,0,0,0,448072,1,17604,1,3417,1,6392,1,22934,1,409749,1,26621,1,17023,1,40,1,9559,1,4520,1,17063,1,9559,1,48,1,1240,1,1,1,0,1
282,4252200,4520,9559,28.990185,,0,11,9,108,30325,1202,7435,4221875,16,185,220,1,31831,1,60,1,473361,1,455978,1,120412,1,3126797,1,13215,1,322871,1,13256,4,539278,4,79984,4,730315,4,1408090,8,2098829,108,32142,24,3316,1,25689,1,2795,1,0,0,0,0,0,0,429136,1,19958,1,3617,1,6683,1,22874,1,416952,1,26661,1,17016,1,40,1,9559,1,4520,1,17056,1,9559,1,48,1,1240,1,1,1,0,1
283,4185000,4518,9559,28.990185,,0,11,9,108,31847,1162,5070,4153153,16,185,120,1,30348,1,60,1,470475,1,432793,1,118137,1,3088233,1,12985,1,311580,1,12464,4,537424,4,80184,4,718052,4,1395956,8,2076396,108,32543,24,3276,1,25329,1,2805,1,0,0,0,0,0,0,407524,1,18746,1,3457,1,6703,1,23545,1,413396,1,26641,1,17020,1,40,1,9559,1,4518,1,17060,1,9559,1,48,1,1240,1,1,1,0,1
284,4226900,4518,9559,28.990185,,0,11,9,108,30715,1152,4850,4196185,16,185,60,1,25239,1,40,1,463752,1,434576,1,116444,1,3143129,1,12945,1,306810,1,12755,4,540190,4,80455,4,768719,4,1401768,8,2133044,108,32593,24,3246,1,25259,1,2775,1,0,0,0,0,0,0,409047,1,18977,1,3397,1,6793,1,20149,1,410109,1,26541,1,17018,1,40,1,9559,1,4518,1,17058,1,9559,1,48,1,1240,1,1,1,0,1
285,4184900,4519,9559,28.990185,,0,11,9,108,30455,1132,5391,4154445,16,185,60,1,25118,1,30,1,462650,1,431360,1,115783,1,3106458,1,12985,1,305177,1,12745,4,538917,4,80124,4,729374,4,1407789,8,2099330,108,32442,24,3226,1,25168,1,2805,1,0,0,0,0,0,0,405170,1,19427,1,3597,1,6853,1,20840,1,410089,1,24677,1,17019,1,40,1,9559,1,4519,1,17059,1,9559,1,48,1,1240,1,1,1,0,1
286,4208800,4520,9559,28.990185,,0,11,9,108,30349,1192,4900,4178451,16,185,50,1,25489,1,30,1,463472,1,436981,1,116023,1,3123421,1,12985,1,308814,1,12524,4,538977,4,80695,4,729354,4,1420714,8,2113207,108,31962,24,3276,1,25058,1,2815,1,0,0,0,0,0,0,410270,1,20099,1,3487,1,6102,1,21421,1,410740,1,25068,1,17022,1,40,1,9559,1,4520,1,17062,1,9559,1,48,1,1240,1,1,1,0,1
287,4228700,4519,9559,28.990185,,0,11,9,108,29749,1232,5101,4198951,16,185,120,1,25148,1,40,1,464073,1,459344,1,117055,1,3120095,1,13075,1,308333,1,12714,4,538977,4,80264,4,729484,4,1417849,8,2110330,108,31901,24,3306,1,25068,1,2866,1,0,0,0,0,0,0,432683,1,19918,1,3547,1,6623,1,21441,1,410971,1,24868,1,17028,1,40,1,9559,1,4519,1,17068,1,9559,1,48,1,1240,1,1,1,0,1
288,4323800,4520,9559,28.990185,,0,11,9,108,30979,1152,4840,4292821,16,185,50,1,25168,1,50,1,463512,1,437322,1,115773,1,3237781,1,13165,1,308524,1,13716,4,570137,4,80795,4,736828,4,1492933,8,2191317,108,33605,24,3497,1,27313,1,2886,1,0,0,0,0,0,0,411562,1,19037,1,3627,1,6713,1,21291,1,410450,1,24868,1,17031,1,40,1,9559,1,4520,1,17071,1,9559,1,48,1,1240,1,1,1,0,1
289,4211700,4518,9559,28.990185,,0,11,9,108,32457,1192,4660,4179243,16,185,60,1,30248,1,30,1,466598,1,441059,1,117937,1,3110266,1,13045,1,313864,1,12644,4,540991,4,80515,4,729374,4,1399523,8,2091925,108,32312,24,3326,1,25990,1,2845,1,0,0,0,0,0,0,416211,1,18185,1,3447,1,6442,1,22533,1,410079,1,27323,1,17017,1,40,1,9559,1,4518,1,17057,1,9559,1,48,1,1240,1,1,1,0,1
290,4188000,4517,9559,28.99019,,0,11,9,108,30269,1142,5140,4157731,16,185,50,1,25108,1,30,1,464233,1,438053,1,116965,1,3100246,1,13045,1,307632,1,12805,4,540139,4,80515,4,718533,4,1408420,8,2089842,108,31972,24,3206,1,25038,1,2815,1,0,0,0,0,0,0,411782,1,19778,1,3447,1,6663,1,21942,1,410260,1,25219,1,17015,1,40,1,9559,1,4517,1,17055,1,9559,1,48,1,1240,1,1,1,0,1
291,4233500,4517,9559,28.99019,,0,11,9,108,33437,1343,5140,4200063,16,185,170,1,30739,1,80,1,481266,1,442421,1,120051,1,3112009,1,13326,1,319144,1,13556,4,541232,4,82619,4,720146,4,1401377,8,2083640,108,32743,24,3958,1,25860,1,2775,1,0,0,0,0,0,0,416151,1,19477,1,3577,1,7184,1,23215,1,424226,1,26351,1,17016,1,40,1,9559,1,4517,1,17056,1,9559,1,48,1,1240,1,1,1,0,1
292,4214600,4519,9559,28.99019,,0,11,9,108,30428,1162,4980,4184172,16,185,10,1,30499,1,50,1,466398,1,456809,1,119129,1,3097952,1,13326,1,308844,1,12464,4,536372,4,79784,4,729855,4,1397279,8,2090202,108,31951,24,3236,1,26140,1,2815,1,0,0,0,0,0,0,430569,1,19558,1,3527,1,6893,1,22583,1,409829,1,26892,1,17022,1,40,1,9559,1,4519,1,17062,1,9559,1,48,1,1240,1,1,1,0,1
293,4199200,4517,9559,28.990187,,0,11,9,108,30638,1122,5300,4168562,16,185,40,1,25018,1,90,1,460977,1,443964,1,116644,1,3108783,1,13045,1,312161,1,12484,4,538667,4,80545,4,729243,4,1401627,8,2093639,108,31931,24,3276,1,26852,1,2805,1,0,0,0,0,0,0,416271,1,20900,1,3677,1,6653,1,21732,1,407404,1,25008,1,17011,1,40,1,9559,1,4517,1,17051,1,9559,1,48,1,1240,1,1,1,0,1
294,4177600,4517,9559,28.990185,,0,11,9,108,31100,1313,4690,4146500,16,185,40,1,25309,1,50,1,463773,1,433564,1,115542,1,3095217,1,13005,1,307812,1,13065,4,538536,4,80615,4,726037,4,1396828,8,2086074,108,32102,24,3266,1,24928,1,2815,1,0,0,0,0,0,0,408977,1,18055,1,3477,1,6833,1,22213,1,409608,1,24908,1,17014,1,40,1,9559,1,4517,1,17054,1,9559,1,48,1,1240,1,1,1,0,1
295,4220300,4516,9559,28.990192,,0,11,9,108,31399,1272,4749,4188901,16,185,70,1,25219,1,20,1,461668,1,435478,1,116845,1,3136576,1,13025,1,307852,1,12885,4,538707,4,80355,4,733862,4,1430413,8,2126993,108,32533,24,3206,1,25229,1,2795,1,0,0,0,0,0,0,409979,1,18977,1,3376,1,5871,1,20930,1,409588,1,25058,1,17017,1,40,1,9559,1,4516,1,17057,1,9559,1,48,1,1240,1,1,1,0,1
296,4200000,4516,9559,28.990198,,0,11,9,108,31317,1142,4629,4168683,16,185,50,1,25229,1,60,1,465626,1,438314,1,115352,1,3111047,1,13005,1,306009,1,12674,4,538065,4,80034,4,724835,4,1416406,8,2104299,108,32312,24,3206,1,25880,1,2795,1,0,0,0,0,0,0,414488,1,17383,1,3376,1,6022,1,22463,1,410480,1,26471,1,17015,1,40,1,9559,1,4516,1,17055,1,9559,1,48,1,1240,1,1,1,0,1
297,4208100,4515,9559,28.990198,,0,11,9,108,31031,1192,4700,4177069,16,185,40,1,25158,1,30,1,463262,1,448052,1,116154,1,3111318,1,13055,1,307592,1,12574,4,537885,4,80044,4,728712,4,1412118,8,2103317,108,32813,24,3266,1,25128,1,2805,1,0,0,0,0,0,0,422223,1,19197,1,3447,1,6452,1,21602,1,408807,1,26180,1,17014,1,40,1,9559,1,4515,1,17054,1,9559,1,48,1,1240,1,1,1,0,1
298,4232400,4515,9559,28.990196,,0,11,9,108,31726,1262,4800,4200674,16,185,50,1,25359,1,100,1,465686,1,470395,1,116915,1,3109153,1,13015,1,308083,1,12604,4,538927,4,80595,4,729714,4,1406938,8,2099270,108,32583,24,3286,1,24938,1,2805,1,0,0,0,0,0,0,443974,1,19668,1,3507,1,7194,1,21211,1,412243,1,24868,1,17015,1,40,1,9559,1,4515,1,17055,1,9559,1,48,1,1240,1,1,1,0,1
299,4234500,4515,9559,28.990194,,0,11,9,108,31501,1252,4709,4202999,16,185,50,1,25219,1,30,1,464754,1,433554,1,116103,1,3150283,1,13005,1,306139,1,12885,4,539799,4,82739,4,767417,4,1408631,8,2137654,108,33685,24,3256,1,25319,1,2845,1,0,0,0,0,0,0,407695,1,19357,1,3457,1,7064,1,21281,1,411221,1,25028,1,17016,1,40,1,9559,1,4515,1,17056,1,9559,1,48,1,1240,1,1,1,0,1
300,4199300,4515,9559,28.990194,,0,11,9,108,30066,1192,4950,4169234,16,185,60,1,25188,1,50,1,464724,1,449375,1,117125,1,3099655,1,13055,1,307612,1,12574,4,538907,4,80525,4,723182,4,1404102,8,2088980,108,33354,24,3256,1,25489,1,2815,1,0,0,0,0,0,0,423415,1,19197,1,3587,1,6723,1,20930,1,411813,1,25078,1,17018,1,40,1,9559,1,4515,1,17058,1,9559,1,48,1,1240,1,1,1,0,1
301,4178000,4515,9559,28.990194,,0,11,9,108,29687,1112,4850,4148313,16,185,70,1,25429,1,50,1,464434,1,442221,1,115703,1,3087362,1,13045,1,304686,1,12384,4,536242,4,80595,4,723412,4,1396528,8,2082427,108,32663,24,3206,1,26361,1,2835,1,0,0,0,0,0,0,415940,1,19558,1,3537,1,7174,1,21231,1,409488,1,26341,1,17016,1,40,1,9559,1,4515,1,17056,1,9559,1,48,1,1240,1,1,1,0,1
302,4200900,4515,9559,28.990194,,0,11,9,108,30023,1182,5110,4170877,16,185,60,1,25259,1,30,1,462230,1,440277,1,116274,1,3113792,1,12955,1,308474,1,12714,4,538426,4,80665,4,731237,4,1410204,8,2103247,108,33084,24,3216,1,24828,1,2845,1,0,0,0,0,0,0,414618,1,19107,1,3487,1,6563,1,21191,1,409037,1,25219,1,17019,1,40,1,9559,1,4515,1,17059,1,9559,1,48,1,1240,1,1,1,0,1
303,4246300,4516,9559,28.990194,,0,11,9,108,30336,1152,5430,4215964,16,185,60,1,25068,1,40,1,458532,1,433995,1,115602,1,3169660,1,13005,1,305688,1,12574,4,537144,4,80044,4,733411,4,1467644,8,2162782,108,32843,24,3306,1,25860,1,2835,1,0,0,0,0,0,0,408115,1,19177,1,3577,1,6102,1,21421,1,406011,1,24798,1,17017,1,40,1,9559,1,4516,1,17057,1,9559,1,48,1,1240,1,1,1,0,1
304,4193100,4515,9559,28.990194,,0,11,9,108,29958,1252,5140,4163142,16,185,70,1,25148,1,50,1,463432,1,437843,1,116254,1,3107420,1,12925,1,307432,1,12614,4,535971,4,79804,4,727600,4,1411557,8,2101143,108,32873,24,3316,1,25088,1,2785,1,0,0,0,0,0,0,411342,1,19918,1,3517,1,6593,1,21692,1,409789,1,25088,1,17014,1,40,1,9559,1,4515,1,17054,1,9559,1,48,1,1240,1,1,1,0,1
305,4179900,4517,9559,28.990194,,0,11,9,108,29583,1142,5020,4150317,16,185,60,1,24938,1,40,1,459995,1,433224,1,114871,1,3104194,1,12995,1,305468,1,12624,4,538456,4,80054,4,732790,4,1402339,8,2097156,108,32953,24,3236,1,25269,1,2815,1,0,0,0,0,0,0,408606,1,18115,1,3437,1,6523,1,21191,1,407294,1,24808,1,17016,1,40,1,9559,1,4517,1,17056,1,9559,1,48,1,1240,1,1,1,0,1
306,4207900,4517,9559,28.990194,,0,11,9,108,31923,1282,6383,4175977,16,185,150,1,30539,1,90,1,478912,1,442692,1,119600,1,3090768,1,13225,1,306971,1,12975,4,541973,4,83411,4,720737,4,1391328,8,2072187,108,33494,24,3717,1,25569,1,2805,1,0,0,0,0,0,0,416361,1,19498,1,3577,1,6993,1,23195,1,422213,1,26180,1,17012,1,40,1,9559,1,4517,1,17052,1,9559,1,48,1,1240,1,1,1,0,1
307,4268500,4517,9559,28.990194,,0,11,9,108,32438,1313,5230,4236062,16,185,10,1,30469,1,60,1,465726,1,446589,1,116775,1,3163348,1,13085,1,309375,1,13266,4,540430,4,86697,4,760223,4,1417598,8,2138986,108,33605,24,3417,1,28174,1,2855,1,0,0,0,0,0,0,420559,1,19307,1,3587,1,7044,1,21211,1,409208,1,28034,1,17012,1,40,1,9559,1,4517,1,17052,1,9559,1,48,1,1240,1,1,1,0,1
308,4204600,4516,9559,28.990194,,0,11,9,108,31579,1252,5081,4173021,16,185,190,1,25128,1,40,1,467079,1,444465,1,117767,1,3105246,1,13105,1,311810,1,12674,4,540370,4,80214,4,722020,4,1404012,8,2088188,108,32763,24,3306,1,26782,1,2805,1,0,0,0,0,0,0,417564,1,20099,1,3547,1,7304,1,22002,1,411432,1,26090,1,17013,1,40,1,9559,1,4516,1,17053,1,9559,1,48,1,1240,1,1,1,0,1
309,4191200,4516,9559,28.990194,,0,11,9,108,30383,1192,4970,4160817,16,185,70,1,25299,1,60,1,467329,1,440247,1,115703,1,3099074,1,13035,1,307542,1,12504,4,538035,4,80134,4,723272,4,1404152,8,2089170,108,33284,24,3316,1,26110,1,2815,1,0,0,0,0,0,0,414397,1,19217,1,3497,1,6603,1,21040,1,413005,1,26481,1,17016,1,40,1,9559,1,4516,1,17056,1,9559,1,48,1,1240,1,1,1,0,1
310,4187400,4516,9559,28.990194,,0,11,9,108,30139,1222,5050,4157261,16,185,60,1,25229,1,40,1,463091,1,437251,1,115542,1,3102881,1,13165,1,305067,1,12654,4,539598,4,80214,4,726398,4,1406557,8,2094681,108,33224,24,3256,1,25098,1,2815,1,0,0,0,0,0,0,411141,1,19588,1,3376,1,6402,1,21812,1,409618,1,25078,1,17016,1,40,1,9559,1,4516,1,17056,1,9559,1,48,1,1240,1,1,1,0,1
311,4361100,4516,9559,28.990194,,0,11,9,108,30716,1162,5461,4330384,16,185,140,1,25098,1,90,1,465285,1,513418,1,114560,1,3197974,1,13817,1,341417,1,12965,4,539328,4,79924,4,739313,4,1446023,8,2146431,108,33444,24,3727,1,31270,1,2845,1,0,0,0,0,0,0,481236,1,24126,1,3467,1,6703,1,20740,1,412604,1,25048,1,17014,1,40,1,9559,1,4516,1,17054,1,9559,1,48,1,1240,1,1,1,0,1
312,4268100,4515,9559,28.990194,,0,11,9,108,30605,1132,5501,4237495,16,185,20,1,25479,1,20,1,465426,1,452741,1,114851,1,3165632,1,13326,1,327099,1,12785,4,539468,4,80144,4,744212,4,1425674,8,2131462,108,32923,24,3316,1,28946,1,2855,1,0,0,0,0,0,0,426681,1,19538,1,3336,1,6983,1,22583,1,410580,1,25038,1,17012,1,40,1,9559,1,4515,1,17052,1,9559,1,48,1,1240,1,1,1,0,1
313,4212000,4515,9559,28.990194,,0,11,9,108,31274,1813,6794,4180726,16,185,130,1,25750,1,40,1,462320,1,434005,1,114761,1,3130545,1,13175,1,309255,1,12454,4,538637,4,80184,4,736688,4,1419802,8,2116172,108,33525,24,3206,1,25740,1,2765,1,0,0,0,0,0,0,408406,1,19097,1,3437,1,6993,1,21361,1,408987,1,24778,1,17012,1,40,1,9559,1,4515,1,17052,1,9559,1,48,1,1240,1,1,1,0,1
314,4327700,4515,9559,28.990194,,0,11,9,108,33506,1303,5050,4294194,16,185,50,1,25249,1,90,1,461969,1,449094,1,115713,1,3228613,1,13416,1,308263,1,13466,4,540390,4,80735,4,769536,4,1482328,8,2213790,108,33024,24,3346,1,26441,1,2805,1,0,0,0,0,0,0,422663,1,19718,1,3527,1,7074,1,21091,1,408556,1,25108,1,17013,1,40,1,9559,1,4515,1,17053,1,9559,1,48,1,1240,1,1,1,0,1
315,4187100,4517,9559,28.990194,,0,11,9,108,31262,1222,4850,4155838,16,185,180,1,25529,1,30,1,467971,1,432472,1,116624,1,3100096,1,12935,1,312521,1,12664,4,540681,4,80064,4,722450,4,1398662,8,2083379,108,32883,24,3296,1,25730,1,2805,1,0,0,0,0,0,0,405711,1,20099,1,3477,1,7394,1,22022,1,411462,1,26862,1,17014,1,40,1,9559,1,4517,1,17054,1,9559,1,48,1,1240,1,1,1,0,1
316,4170800,4515,9559,28.990194,,0,11,9,108,30773,1172,4779,4140027,16,185,10,1,25319,1,40,1,466147,1,430549,1,114560,1,3090347,1,13055,1,306650,1,12564,4,540380,4,80435,4,723522,4,1394053,8,2079923,108,32873,24,3296,1,25479,1,2795,1,0,0,0,0,0,0,404839,1,19197,1,3376,1,7124,1,21732,1,412233,1,24848,1,17012,1,40,1,9559,1,4515,1,17052,1,9559,1,48,1,1240,1,1,1,0,1
317,4272900,4517,9559,28.990194,,0,11,9,108,37274,1353,9529,4235626,16,185,140,1,30659,1,80,1,482208,1,451994,1,119430,1,3140283,1,10831,1,326859,1,12945,4,562032,4,79794,4,721859,4,1403210,8,2079732,108,35809,24,3587,1,25840,1,2805,1,0,0,0,0,0,0,428098,1,16963,1,3507,1,7304,1,23646,1,424697,1,26230,1,17013,1,44,1,9559,1,4517,1,17057,1,9559,1,48,1,1240,1,1,1,0,1
318,4234100,4516,9559,28.990192,,0,11,9,108,33246,1463,4990,4200854,16,185,160,1,30338,1,80,1,479703,1,437061,1,120993,1,3119503,1,13015,1,307241,1,12815,4,538607,4,80315,4,723392,4,1423910,8,2106594,108,35719,24,3366,1,25559,1,2835,1,0,0,0,0,0,0,410119,1,19948,1,3717,1,6883,1,22944,1,422283,1,27242,1,17012,1,44,1,9559,1,4516,1,17056,1,9559,1,48,1,1240,1,1,1,0,1
319,4327700,4516,9559,28.99019,,0,11,9,108,31171,1262,4860,4296529,16,185,80,1,30479,1,40,1,469083,1,562583,1,116033,1,3104935,1,13296,1,321479,1,13055,4,537555,4,79663,4,733762,4,1382551,8,2075895,108,35558,24,3266,1,29557,1,2785,1,0,0,0,0,0,0,535791,1,19858,1,3467,1,6913,1,22654,1,411161,1,28114,1,17016,1,44,1,9559,1,4516,1,17060,1,9559,1,48,1,1240,1,1,1,0,1
320,4219900,4515,9559,28.990196,,0,11,9,108,30277,1242,5250,4189623,16,185,180,1,25289,1,50,1,464544,1,454354,1,114300,1,3117840,1,13065,1,316740,1,12274,4,538156,4,80084,4,728502,4,1408060,8,2095382,108,35929,24,3146,1,26762,1,2876,1,0,0,0,0,0,0,428435,1,19387,1,3417,1,7184,1,21872,1,410410,1,24888,1,17013,1,44,1,9559,1,4515,1,17057,1,9559,1,48,1,1240,1,1,1,0,1
321,4203800,4515,9559,28.990198,,0,11,9,108,30268,1182,4529,4173532,16,185,70,1,25429,1,60,1,464664,1,441440,1,115783,1,3113011,1,13075,1,311850,1,12404,4,539398,4,80054,4,728151,4,1408030,8,2095863,108,35789,24,3156,1,25980,1,2805,1,0,0,0,0,0,0,415149,1,19608,1,3527,1,7084,1,22002,1,408877,1,26491,1,17013,1,44,1,9559,1,4515,1,17057,1,9559,1,48,1,1240,1,1,1,0,1
322,4247400,4517,9559,28.990198,,0,11,9,108,31897,1262,4679,4215503,16,185,10,1,25319,1,30,1,459083,1,491185,1,114761,1,3112069,1,13045,1,303594,1,12614,4,539358,4,80034,4,737249,4,1406286,8,2103017,108,35839,24,3206,1,25639,1,2825,1,0,0,0,0,0,0,467019,1,17464,1,3457,1,6442,1,22062,1,405560,1,24838,1,17012,1,44,1,9559,1,4517,1,17056,1,9559,1,48,1,1240,1,1,1,0,1
323,4194300,4517,9559,28.990198,,0,11,9,108,30337,1102,5020,4163963,16,185,180,1,25419,1,110,1,466368,1,443083,1,115542,1,3100186,1,13075,1,308133,1,12875,4,540109,4,80425,4,722410,4,1403912,8,2085904,108,35398,24,3286,1,25098,1,2835,1,0,0,0,0,0,0,416712,1,19728,1,3447,1,6593,1,22523,1,412073,1,24988,1,17010,1,44,1,9559,1,4517,1,17054,1,9559,1,48,1,1240,1,1,1,0,1
324,4248800,4517,9559,28.990198,,0,11,9,108,30021,1172,4460,4218779,16,185,40,1,25319,1,40,1,464684,1,436670,1,115663,1,3163288,1,13075,1,306089,1,12474,4,542624,4,82298,4,769801,4,1416656,8,2145487,108,36510,24,3326,1,26000,1,2845,1,0,0,0,0,0,0,410290,1,19848,1,3437,1,7174,1,21742,1,410450,1,25138,1,17012,1,44,1,9559,1,4517,1,17056,1,9559,1,48,1,1240,1,1,1,0,1
325,4221000,4516,9559,28.990194,,0,11,9,108,30806,1212,5391,4190194,16,185,120,1,25158,1,20,1,463773,1,436530,1,115873,1,3135725,1,12995,1,310137,1,12654,4,540290,4,80886,4,743852,4,1414903,8,2117224,108,36140,24,3296,1,25629,1,2866,1,0,0,0,0,0,0,409688,1,20189,1,3527,1,6943,1,22062,1,409558,1,25038,1,17009,1,44,1,9559,1,4516,1,17053,1,9559,1,48,1,1240,1,1,1,0,1
326,4238200,4516,9559,28.990189,,0,11,9,108,30973,1202,5030,4207227,16,185,50,1,25128,1,20,1,463823,1,444606,1,116204,1,3144381,1,13015,1,308654,1,12594,4,540400,4,80926,4,747218,4,1421826,8,2127524,108,36490,24,3216,1,25549,1,2795,1,0,0,0,0,0,0,417974,1,20059,1,3376,1,7094,1,21561,1,409849,1,25158,1,17011,1,44,1,9559,1,4516,1,17055,1,9559,1,48,1,1240,1,1,1,0,1
327,4234200,4516,9559,28.990189,,0,11,9,108,31151,1292,4790,4203049,16,185,150,1,25078,1,40,1,462280,1,441560,1,115753,1,3145163,1,13025,1,307412,1,12795,4,541642,4,80285,4,732820,4,1435272,8,2126813,108,36490,24,5591,1,25229,1,2825,1,0,0,0,0,0,0,414949,1,19858,1,3627,1,6913,1,21652,1,408556,1,24988,1,17007,1,44,1,9559,1,4516,1,17051,1,9559,1,48,1,1240,1,1,1,0,1
328,4200800,4515,9559,28.990189,,0,11,9,108,30154,1122,4810,4170646,16,185,170,1,25249,1,30,1,464694,1,434586,1,116144,1,3116768,1,13005,1,305408,1,12334,4,540210,4,80876,4,731939,4,1413801,8,2107696,108,33234,24,3226,1,25058,1,2795,1,0,0,0,0,0,0,408135,1,19718,1,3627,1,6663,1,21441,1,409889,1,26471,1,17010,1,40,1,9559,1,4515,1,17050,1,9559,1,48,1,1240,1,1,1,0,1
329,4216100,4514,9559,28.990189,,0,11,9,108,31196,1222,5060,4184904,16,185,40,1,25239,1,100,1,463001,1,435698,1,115122,1,3132729,1,12975,1,308554,1,12724,4,540180,4,80395,4,732760,4,1425453,8,2120470,108,32683,24,3286,1,25359,1,2795,1,0,0,0,0,0,0,410420,1,18776,1,3447,1,6533,1,20329,1,411011,1,24948,1,17004,1,40,1,9559,1,4514,1,17044,1,9559,1,48,1,1240,1,1,1,0,1
330,4230000,4515,9559,28.990189,,0,11,9,108,32382,1272,5320,4197618,16,185,40,1,25389,1,50,1,463803,1,459124,1,114931,1,3121257,1,13025,1,304326,1,13135,4,540290,4,80104,4,732550,4,1418320,8,2113407,108,32142,24,3306,1,25178,1,2775,1,0,0,0,0,0,0,434987,1,17494,1,3487,1,6182,1,21171,1,411271,1,24998,1,17009,1,40,1,9559,1,4515,1,17049,1,9559,1,48,1,1240,1,1,1,0,1
331,4200600,4513,9559,28.990189,,0,11,9,108,30044,1122,5431,4170556,16,185,60,1,25168,1,50,1,462720,1,444075,1,116123,1,3109324,1,13035,1,307862,1,12654,4,541282,4,80745,4,726498,4,1408100,8,2097096,108,32072,24,3226,1,25008,1,2825,1,0,0,0,0,0,0,417433,1,19968,1,3537,1,6452,1,21361,1,409779,1,24908,1,17003,1,40,1,9559,1,4513,1,17043,1,9559,1,48,1,1240,1,1,1,0,1
332,4198200,4513,9559,28.990189,,0,11,9,108,29558,1212,5351,4168642,16,185,70,1,25319,1,50,1,465315,1,449425,1,115262,1,3100096,1,13105,1,305989,1,12414,4,539739,4,80725,4,725917,4,1402649,8,2091094,108,32122,24,3266,1,25349,1,2835,1,0,0,0,0,0,0,423295,1,19498,1,3437,1,6633,1,21862,1,411622,1,25018,1,17007,1,40,1,9559,1,4513,1,17047,1,9559,1,48,1,1240,1,1,1,0,1
333,4204500,4512,9559,28.990185,,0,11,9,108,29996,1072,5170,4174504,16,185,60,1,25209,1,50,1,463312,1,431831,1,115142,1,3125926,1,12975,1,307111,1,12614,4,539598,4,80555,4,743060,4,1410094,8,2116273,108,31711,24,3246,1,25740,1,2835,1,0,0,0,0,0,0,405631,1,19728,1,3437,1,6713,1,21772,1,409538,1,25088,1,17003,1,40,1,9559,1,4512,1,17043,1,9559,1,48,1,1240,1,1,1,0,1
334,4202100,4513,9559,28.990185,,0,11,9,108,29610,1242,5130,4172490,16,185,60,1,25719,1,20,1,462210,1,437161,1,114641,1,3119684,1,12995,1,306350,1,12514,4,549137,4,80755,4,725376,4,1412829,8,2101223,108,31851,24,3296,1,25379,1,2805,1,0,0,0,0,0,0,410861,1,19718,1,3427,1,6212,1,21541,1,409378,1,24878,1,17013,1,40,1,9559,1,4513,1,17053,1,9559,1,48,1,1240,1,1,1,0,1
335,4191600,4514,9559,28.990185,,0,11,9,108,30532,1192,5130,4161068,16,185,60,1,25239,1,30,1,463572,1,455907,1,115091,1,3088163,1,13005,1,304276,1,12664,4,537935,4,79814,4,723933,4,1396588,8,2086706,108,28685,24,3256,1,25659,1,2845,1,0,0,0,0,0,0,430799,1,18175,1,3717,1,6533,1,20399,1,411622,1,24828,1,17021,1,36,1,9559,1,4514,1,17057,1,9559,1,48,1,1240,1,1,1,0,1
336,4177800,4513,9559,28.990185,,0,11,9,108,29356,1272,5331,4148444,16,185,60,1,25369,1,80,1,464173,1,432482,1,115943,1,3097431,1,12905,1,305578,1,12915,4,540580,4,80635,4,723613,4,1401908,8,2091064,108,29126,24,3236,1,24918,1,2775,1,0,0,0,0,0,0,406653,1,19257,1,3417,1,6683,1,21451,1,410991,1,24888,1,17019,1,36,1,9559,1,4513,1,17055,1,9559,1,48,1,1240,1,1,1,0,1
337,4429200,4516,9559,28.990185,,0,11,9,108,32018,1242,4139,4397182,16,185,60,1,25219,1,30,1,465145,1,491346,1,115342,1,3286515,1,13526,1,315647,1,13135,4,539889,4,80485,4,781895,4,1520847,8,2263415,108,35188,24,3577,1,26902,1,2896,1,0,0,0,0,0,0,464003,1,20399,1,3457,1,6462,1,20690,1,412865,1,24918,1,17024,1,40,1,9559,1,4516,1,17064,1,9559,1,48,1,1240,1,1,1,0,1
338,4257200,4517,9559,28.990185,,0,11,9,108,33501,1162,4769,4223699,16,185,130,1,25329,1,20,1,467079,1,494251,1,115412,1,3108432,1,13045,1,313724,1,12634,4,540280,4,80425,4,728863,4,1398852,8,2090703,108,32242,24,3306,1,26351,1,2835,1,0,0,0,0,0,0,468572,1,19017,1,3467,1,6713,1,21922,1,413275,1,24998,1,17022,1,40,1,9559,1,4517,1,17062,1,9559,1,48,1,1240,1,1,1,0,1
339,4165900,4518,9559,28.990185,,0,11,9,108,30572,1022,4960,4135328,16,185,50,1,24968,1,90,1,464434,1,431120,1,116224,1,3085498,1,12945,1,306410,1,12564,4,541763,4,80836,4,719996,4,1391869,8,2074943,108,31962,24,3126,1,25128,1,2785,1,0,0,0,0,0,0,405300,1,19237,1,3477,1,6783,1,20820,1,411702,1,24958,1,17023,1,40,1,9559,1,4518,1,17063,1,9559,1,48,1,1240,1,1,1,0,1
340,4379600,4517,9559,28.990185,,0,11,9,108,31793,1282,4479,4347807,16,185,50,1,25178,1,40,1,463342,1,439446,1,115572,1,3290953,1,13225,1,306530,1,13145,4,553305,4,81667,4,789549,4,1504886,8,2256312,108,33645,24,5511,1,32082,1,2996,1,0,0,0,0,0,0,413406,1,19528,1,3457,1,6573,1,22123,1,409638,1,24838,1,17024,1,40,1,9559,1,4517,1,17064,1,9559,1,48,1,1240,1,1,1,0,1
341,4477600,4517,9559,28.990185,,0,11,9,108,32175,1282,4719,4445425,16,185,160,1,30669,1,90,1,469093,1,488901,1,123588,1,3319879,1,13045,1,353961,1,12254,4,538657,4,79924,4,774240,4,1515446,8,2251823,108,33144,24,5561,1,35709,1,2845,1,0,0,0,0,0,0,455016,1,26240,1,3306,1,6923,1,22583,1,411762,1,27393,1,17019,1,40,1,9559,1,4517,1,17059,1,9559,1,48,1,1240,1,1,1,0,1
342,4498300,4517,9559,28.990185,,0,11,9,108,33828,1242,5161,4464472,16,185,40,1,25519,1,30,1,466157,1,509511,1,114290,1,3335800,1,13125,1,326438,1,13927,4,541472,4,80375,4,790401,4,1543691,8,2295397,108,33535,24,3276,1,32122,1,2855,1,0,0,0,0,0,0,482649,1,20359,1,3417,1,7585,1,23235,1,410360,1,24798,1,17021,1,40,1,9559,1,4517,1,17061,1,9559,1,48,1,1240,1,1,1,0,1
343,4355100,4517,9559,28.990185,,0,11,9,108,32331,1222,4229,4322769,16,185,190,1,25489,1,40,1,470646,1,484242,1,116414,1,3212633,1,13115,1,328392,1,12724,4,539699,4,81296,4,749743,4,1458968,8,2170827,108,33655,24,3627,1,34076,1,2886,1,0,0,0,0,0,0,454885,1,22654,1,3366,1,7024,1,22824,1,415810,1,24758,1,17023,1,40,1,9559,1,4517,1,17063,1,9559,1,48,1,1240,1,1,1,0,1
344,4213500,4517,9559,28.990185,,0,11,9,108,31762,1062,5461,4181738,16,185,170,1,25549,1,30,1,465977,1,445057,1,115552,1,3116397,1,13005,1,321659,1,12544,4,541552,4,80815,4,724033,4,1401417,8,2087216,108,32773,24,3306,1,27152,1,2855,1,0,0,0,0,0,0,419467,1,19197,1,3306,1,7094,1,21582,1,412143,1,24948,1,17023,1,40,1,9559,1,4517,1,17063,1,9559,1,48,1,1240,1,1,1,0,1
345,4214600,4517,9559,28.990189,,0,11,9,108,31369,1152,5341,4183231,16,185,50,1,25399,1,20,1,465536,1,446339,1,115262,1,3117439,1,13185,1,312952,1,12845,4,539909,4,80795,4,728783,4,1407980,8,2099490,108,31931,24,3236,1,27002,1,2785,1,0,0,0,0,0,0,420018,1,19518,1,3537,1,7154,1,22263,1,410901,1,24978,1,17022,1,40,1,9559,1,4517,1,17062,1,9559,1,48,1,1240,1,1,1,0,1
346,4214100,4517,9559,28.990189,,0,11,9,108,35579,1132,4759,4178521,16,182,160,1,30809,1,90,1,465496,1,438724,1,114981,1,3115155,1,13105,1,306770,1,12654,4,539228,4,80605,4,733662,4,1408451,8,2105141,108,32212,24,3387,1,26401,1,2866,1,0,0,0,0,0,0,413165,1,19177,1,3296,1,6663,1,22433,1,409718,1,26441,1,17030,1,40,1,9559,1,4517,1,17070,1,9559,1,48,1,1240,1,1,1,0,1
347,4255300,4517,9559,28.990189,,0,11,9,108,30584,1182,4799,4224716,16,185,70,1,25389,1,40,1,464173,1,434977,1,115602,1,3171408,1,13055,1,307622,1,12534,4,540610,4,80134,4,725857,4,1466026,8,2153830,108,33254,24,5450,1,29086,1,2906,1,0,0,0,0,0,0,408626,1,19848,1,3326,1,7354,1,21141,1,410480,1,24998,1,17033,1,40,1,9559,1,4517,1,17073,1,9559,1,48,1,1240,1,1,1,0,1
348,4204700,4517,9559,28.990189,,0,11,9,108,35937,1212,4759,4168763,16,185,130,1,30799,1,80,1,470986,1,440919,1,115492,1,3097361,1,12995,1,305308,1,12654,4,537434,4,79914,4,726318,4,1403180,8,2092467,108,32272,24,3336,1,25178,1,2825,1,0,0,0,0,0,0,414718,1,19668,1,3366,1,7955,1,22143,1,415409,1,25108,1,17033,1,40,1,9559,1,4517,1,17073,1,9559,1,48,1,1240,1,1,1,0,1
349,4192400,4516,9559,28.990189,,0,11,9,108,30791,1152,5171,4161609,16,185,90,1,25178,1,50,1,466578,1,440969,1,114591,1,3101028,1,13125,1,305288,1,12594,4,540029,4,80595,4,730165,4,1400044,8,2095883,108,29156,24,3316,1,24998,1,2845,1,0,0,0,0,0,0,415139,1,19217,1,3447,1,7685,1,22523,1,411522,1,24657,1,17034,1,36,1,9559,1,4516,1,17070,1,9559,1,48,1,1240,1,1,1,0,1
350,4277000,4515,9559,28.990189,,0,11,9,108,32041,1393,8396,4244959,16,185,80,1,30499,1,60,1,484683,1,445728,1,116805,1,3153739,1,13366,1,307712,1,13105,4,541562,4,80585,4,728752,4,1448858,8,2139487,108,29727,24,3296,1,25229,1,3246,1,0,0,0,0,0,0,419317,1,19688,1,3447,1,7695,1,23175,1,426531,1,26942,1,17032,1,36,1,9559,1,4515,1,17068,1,9559,1,48,1,1240,1,1,1,0,1
351,4284600,4516,9559,28.990189,,0,11,9,108,31991,1172,5220,4252609,16,185,30,1,30879,1,30,1,467189,1,451429,1,118368,1,3171659,1,13025,1,317651,1,13346,4,541813,4,80705,4,722871,4,1462650,8,2151255,108,29046,24,3266,1,25339,1,2845,1,0,0,0,0,0,0,425008,1,19738,1,3457,1,7174,1,22133,1,410710,1,27012,1,17037,1,36,1,9559,1,4516,1,17073,1,9559,1,48,1,1240,1,1,1,0,1
352,4182900,4517,9559,28.990189,,0,11,9,108,31912,1242,4890,4150988,16,185,50,1,25790,1,40,1,467369,1,448353,1,116184,1,3080108,1,13095,1,307832,1,12354,4,537164,4,79984,4,718102,4,1391899,8,2076796,108,28314,24,3296,1,25419,1,2815,1,0,0,0,0,0,0,421321,1,20279,1,3507,1,7665,1,21541,1,412845,1,25128,1,17035,1,36,1,9559,1,4517,1,17071,1,9559,1,48,1,1240,1,1,1,0,1
353,4195700,4518,9559,28.990189,,0,11,9,108,31606,1202,5020,4164094,16,185,30,1,25419,1,30,1,464584,1,443243,1,115763,1,3102050,1,12975,1,306309,1,12494,4,542083,4,80385,4,726648,4,1402028,8,2094440,108,29216,24,3246,1,24848,1,2805,1,0,0,0,0,0,0,416822,1,19998,1,3366,1,6963,1,20239,1,412233,1,24928,1,17035,1,36,1,9559,1,4518,1,17071,1,9559,1,48,1,1240,1,1,1,0,1
354,4187400,4518,9559,28.990189,,0,11,9,108,31292,1202,4890,4156108,16,185,40,1,25319,1,40,1,467059,1,438774,1,115302,1,3096549,1,13025,1,307993,1,12765,4,540180,4,80345,4,726087,4,1397199,8,2089079,108,29316,24,3246,1,24738,1,2795,1,0,0,0,0,0,0,414227,1,18085,1,3326,1,7074,1,21541,1,411552,1,26621,1,17036,1,36,1,9559,1,4518,1,17072,1,9559,1,48,1,1240,1,1,1,0,1
355,4414500,4519,9559,28.990189,,0,11,9,108,30663,1393,3978,4383837,16,185,30,1,25098,1,30,1,464865,1,437322,1,116023,1,3327434,1,13035,1,314475,1,13045,4,542294,4,82920,4,807103,4,1530756,8,2301619,108,32262,24,5701,1,26852,1,2896,1,0,0,0,0,0,0,410700,1,19958,1,3477,1,7074,1,21181,1,411352,1,25078,1,17036,1,36,1,9559,1,4519,1,17072,1,9559,1,48,1,1240,1,1,1,0,1
356,4221900,4518,9559,28.990189,,0,11,9,108,31075,1172,5370,4190825,16,185,140,1,25379,1,20,1,468251,1,438494,1,116875,1,3128621,1,13045,1,310237,1,12534,4,540320,4,80555,4,723352,4,1428359,8,2116914,108,29427,24,3326,1,25830,1,2936,1,0,0,0,0,0,0,410921,1,21171,1,3346,1,7204,1,21241,1,413055,1,26561,1,17035,1,36,1,9559,1,4518,1,17071,1,9559,1,48,1,1240,1,1,1,0,1
357,4189000,4519,9559,28.990189,,0,11,9,108,30206,1032,5020,4158794,16,185,30,1,25239,1,70,1,465506,1,436931,1,117516,1,3100457,1,13045,1,307311,1,12584,4,540650,4,80555,4,721218,4,1405795,8,2092327,108,29667,24,3286,1,25229,1,2795,1,0,0,0,0,0,0,411502,1,18967,1,3407,1,6973,1,21121,1,412253,1,24948,1,17038,1,36,1,9559,1,4519,1,17074,1,9559,1,48,1,1240,1,1,1,0,1
358,4253600,4520,9559,28.990189,,0,11,9,108,31233,1172,5120,4222367,16,185,20,1,25359,1,40,1,464705,1,436360,1,117777,1,3164952,1,13155,1,309325,1,12574,4,541071,4,80194,4,730215,4,1453378,8,2143015,108,35458,24,6042,1,27854,1,3126,1,0,0,0,0,0,0,410019,1,19548,1,3657,1,7144,1,21511,1,410901,1,24958,1,17033,1,44,1,9559,1,4520,1,17077,1,9559,1,48,1,1240,1,1,1,0,1
359,4266100,4521,9559,28.990189,,0,11,9,108,32573,1202,4459,4233527,16,185,70,1,30759,1,40,1,466378,1,462280,1,116745,1,3143820,1,13436,1,322701,1,12975,4,544758,4,80465,4,724154,4,1421045,8,2105472,108,35268,24,3326,1,30348,1,2845,1,0,0,0,0,0,0,435408,1,19938,1,3467,1,7054,1,22634,1,411151,1,25229,1,17035,1,44,1,9559,1,4521,1,17079,1,9559,1,48,1,1240,1,1,1,0,1
360,4202100,4521,9559,28.990189,,0,11,9,108,30402,1062,4930,4171698,16,185,130,1,25249,1,40,1,463793,1,445888,1,116785,1,3106799,1,13015,1,315848,1,12554,4,540620,4,80655,4,722450,4,1400946,8,2083519,108,34947,24,3366,1,26471,1,2825,1,0,0,0,0,0,0,419908,1,19347,1,3467,1,7054,1,21211,1,410129,1,25168,1,17035,1,44,1,9559,1,4521,1,17079,1,9559,1,48,1,1240,1,1,1,0,1
361,4198500,4521,9559,28.990189,,0,11,9,108,31080,1142,4840,4167420,16,185,20,1,25239,1,30,1,462380,1,461518,1,115963,1,3089185,1,13085,1,306800,1,12775,4,540310,4,80144,4,722270,4,1393812,8,2076486,108,34757,24,3226,1,25890,1,2815,1,0,0,0,0,0,0,434857,1,20099,1,3306,1,6913,1,20880,1,407815,1,26581,1,17038,1,44,1,9559,1,4521,1,17082,1,9559,1,48,1,1240,1,1,1,0,1
362,4290000,4521,9559,28.990189,,0,11,9,108,33679,1162,4128,4256321,16,185,130,1,25399,1,50,1,465476,1,441700,1,115903,1,3194528,1,13135,1,307061,1,13075,4,541262,4,82529,4,758610,4,1458617,8,2175206,108,37893,24,3908,1,25399,1,2906,1,0,0,0,0,0,0,415730,1,19337,1,3507,1,7384,1,22543,1,410690,1,24688,1,17033,1,44,1,9559,1,4521,1,17077,1,9559,1,48,1,1240,1,1,1,0,1
363,4247000,4521,9559,28.990189,,0,11,9,108,31578,1253,4970,4215422,16,185,140,1,25269,1,90,1,466378,1,484613,1,117176,1,3108673,1,13085,1,316219,1,12765,4,540761,4,80865,4,726017,4,1396558,8,2083019,108,34587,24,3376,1,28024,1,2835,1,0,0,0,0,0,0,458883,1,19207,1,3346,1,7224,1,21912,1,410560,1,26471,1,17035,1,44,1,9559,1,4521,1,17079,1,9559,1,48,1,1240,1,1,1,0,1
364,4178200,4521,9559,28.990189,,0,11,9,108,30718,1202,5050,4147482,16,185,60,1,25279,1,40,1,464754,1,433304,1,118187,1,3092762,1,13095,1,308393,1,12474,4,539408,4,80295,4,719785,4,1399874,8,2080313,108,34296,24,3236,1,25299,1,2795,1,0,0,0,0,0,0,407254,1,19558,1,3376,1,7404,1,21501,1,410821,1,24828,1,17033,1,44,1,9559,1,4521,1,17077,1,9559,1,48,1,1240,1,1,1,0,1
365,4204000,4521,9559,28.990189,,0,11,9,108,31440,1202,4970,4172560,16,185,40,1,25379,1,90,1,462640,1,451599,1,118127,1,3101579,1,13105,1,308023,1,12574,4,538927,4,80274,4,723673,4,1405745,8,2090062,108,34386,24,3286,1,25078,1,2795,1,0,0,0,0,0,0,425349,1,19698,1,3346,1,7474,1,19968,1,410139,1,24888,1,17034,1,44,1,9559,1,4521,1,17078,1,9559,1,48,1,1240,1,1,1,0,1
366,4185000,4521,9559,28.990189,,0,11,9,108,31346,1182,5100,4153654,16,185,40,1,25259,1,110,1,465165,1,438955,1,115703,1,3095327,1,13095,1,304927,1,12454,4,549628,4,80014,4,721258,4,1394524,8,2076586,108,34096,24,3316,1,25158,1,2866,1,0,0,0,0,0,0,412885,1,19488,1,3487,1,7735,1,22072,1,410360,1,24828,1,17033,1,44,1,9559,1,4521,1,17077,1,9559,1,48,1,1240,1,1,1,0,1
367,4208000,4521,9559,28.990189,,0,11,9,108,30551,1142,5030,4177449,16,185,110,1,25118,1,10,1,464584,1,447862,1,126333,1,3100296,1,13135,1,310828,1,11933,4,540961,4,80385,4,724374,4,1398902,8,2083610,108,34637,24,3336,1,25549,1,2886,1,0,0,0,0,0,0,421181,1,19998,1,3447,1,7194,1,21592,1,410801,1,24808,1,17035,1,44,1,9559,1,4521,1,17079,1,9559,1,48,1,1240,1,1,1,0,1
368,4188100,4521,9559,28.990187,,0,11,9,108,30469,1112,4980,4157631,16,185,30,1,25369,1,90,1,464093,1,439406,1,118278,1,3097160,1,13205,1,308844,1,12454,4,537815,4,80014,4,720537,4,1405254,8,2085824,108,34987,24,3296,1,25048,1,2785,1,0,0,0,0,0,0,412784,1,19778,1,3667,1,6763,1,20730,1,411191,1,25229,1,17033,1,44,1,9559,1,4521,1,17077,1,9559,1,48,1,1240,1,1,1,0,1
369,4178000,4520,9559,28.990185,,0,11,9,108,29947,1132,5030,4148053,16,185,30,1,25138,1,40,1,462620,1,437943,1,118438,1,3090598,1,13245,1,308143,1,12594,4,542354,4,80575,4,717801,4,1397189,8,2080964,108,28996,24,3276,1,24748,1,2785,1,0,0,0,0,0,0,411402,1,20069,1,3397,1,6412,1,21361,1,409518,1,25138,1,17043,1,36,1,9559,1,4520,1,17079,1,9559,1,48,1,1240,1,1,1,0,1
370,4193300,4520,9559,28.990189,,0,11,9,108,36500,1142,4919,4156800,16,185,20,1,25329,1,30,1,461578,1,450868,1,116424,1,3089486,1,13065,1,309816,1,12504,4,538546,4,80295,4,718142,4,1396648,8,2080925,108,28946,24,3366,1,26180,1,2845,1,0,0,0,0,0,0,424747,1,19307,1,3447,1,6172,1,21391,1,408947,1,24878,1,17043,1,36,1,9559,1,4520,1,17079,1,9559,1,48,1,1240,1,1,1,0,1
371,4239000,4520,9559,28.990189,,0,11,9,108,31884,1363,9269,4207116,16,185,190,1,30368,1,80,1,485384,1,438414,1,115432,1,3126677,1,10570,1,311499,1,13286,4,538065,4,80515,4,717361,4,1428679,8,2107846,108,28926,24,3647,1,29407,1,2855,1,0,0,0,0,0,0,412824,1,18836,1,3507,1,6583,1,22974,1,422273,1,33274,1,17039,1,36,1,9559,1,4520,1,17075,1,9559,1,48,1,1240,1,1,1,0,1
372,4239500,4520,9559,28.990189,,0,11,9,108,32874,1292,4619,4206626,16,185,200,1,30449,1,90,1,486476,1,441680,1,116685,1,3117990,1,13055,1,329284,1,12765,4,550089,4,80074,4,719104,4,1391809,8,2077187,108,29106,24,3557,1,27222,1,2795,1,0,0,0,0,0,0,413766,1,21000,1,3667,1,6853,1,23235,1,430078,1,25940,1,17037,1,36,1,9559,1,4520,1,17073,1,9559,1,48,1,1240,1,1,1,0,1
373,4397100,4520,9559,28.990189,,0,11,9,108,32921,1343,4719,4364179,16,185,130,1,30368,1,50,1,465887,1,517075,1,118819,1,3218524,1,13326,1,324855,1,12785,4,538406,4,79924,4,774210,4,1448437,8,2188391,108,29537,24,3326,1,32432,1,2805,1,0,0,0,0,0,0,491776,1,18365,1,3507,1,6683,1,22874,1,410229,1,25870,1,17034,1,36,1,9559,1,4520,1,17070,1,9559,1,48,1,1240,1,1,1,0,1
374,4218300,4520,9559,28.990189,,0,11,9,108,31402,1252,4940,4186898,16,185,160,1,25730,1,20,1,466267,1,455136,1,116224,1,3110486,1,12875,1,319615,1,12735,4,538456,4,80194,4,721699,4,1400014,8,2087417,108,29356,24,3186,1,30529,1,2805,1,0,0,0,0,0,0,428364,1,19678,1,3376,1,7324,1,23114,1,410239,1,25359,1,17032,1,36,1,9559,1,4520,1,17068,1,9559,1,48,1,1240,1,1,1,0,1
375,4197300,4520,9559,28.990189,,0,11,9,108,30882,1172,4890,4166418,16,185,70,1,25980,1,20,1,466087,1,446810,1,116985,1,3097321,1,13145,1,315657,1,12424,4,540630,4,80525,4,719104,4,1394874,8,2079442,108,29647,24,3296,1,26230,1,3407,1,0,0,0,0,0,0,419547,1,20570,1,3547,1,6903,1,23786,1,410540,1,24698,1,17032,1,36,1,9559,1,4520,1,17068,1,9559,1,48,1,1240,1,1,1,0,1
376,4187500,4520,9559,28.990189,,0,11,9,108,30831,1253,5301,4156669,16,185,10,1,25409,1,20,1,465716,1,441971,1,116354,1,3094195,1,12995,1,309065,1,12454,4,542203,4,80555,4,718222,4,1397970,8,2081455,108,29437,24,3176,1,26501,1,2795,1,0,0,0,0,0,0,416261,1,19277,1,3336,1,6422,1,21572,1,412504,1,25008,1,17035,1,36,1,9559,1,4520,1,17071,1,9559,1,48,1,1240,1,1,1,0,1
377,4197300,4520,9559,28.990189,,0,11,9,108,32565,1182,4991,4164735,16,185,20,1,25309,1,40,1,463863,1,437161,1,116725,1,3108622,1,12995,1,307111,1,12845,4,539328,4,80715,4,741607,4,1394504,8,2101874,108,29246,24,3266,1,25188,1,2876,1,0,0,0,0,0,0,411011,1,19558,1,3427,1,7054,1,22213,1,409478,1,24968,1,17035,1,36,1,9559,1,4520,1,17071,1,9559,1,48,1,1240,1,1,1,0,1
378,4172000,4520,9559,28.990189,,0,11,9,108,30500,1162,5030,4141500,16,185,50,1,25529,1,30,1,465496,1,432051,1,116133,1,3089205,1,13005,1,307161,1,12574,4,542785,4,80395,4,716248,4,1397690,8,2079311,108,29597,24,3326,1,25038,1,2825,1,0,0,0,0,0,0,406983,1,18686,1,3356,1,6763,1,22874,1,410720,1,24938,1,17035,1,36,1,9559,1,4520,1,17071,1,9559,1,48,1,1240,1,1,1,0,1
379,4189200,4520,9559,28.990189,,0,11,9,108,30547,1203,5020,4158653,16,185,30,1,25449,1,30,1,463282,1,456879,1,117406,1,3082582,1,12995,1,307492,1,12504,4,540450,4,80394,4,719475,4,1390215,8,2075714,108,28956,24,3286,1,24788,1,2775,1,0,0,0,0,0,0,430669,1,19638,1,3487,1,6733,1,21551,1,409618,1,25198,1,17037,1,36,1,9559,1,4520,1,17073,1,9559,1,48,1,1240,1,1,1,0,1
380,4186600,4521,9559,28.990189,,0,11,9,108,30482,1222,4759,4156118,16,185,120,1,25289,1,20,1,461668,1,435729,1,116675,1,3103573,1,13045,1,309055,1,13316,4,548095,4,80635,4,720487,4,1399133,8,2084792,108,30068,24,3397,1,25399,1,2835,1,0,0,0,0,0,0,409859,1,19447,1,3417,1,6923,1,20149,1,409598,1,24748,1,17038,1,36,1,9559,1,4521,1,17074,1,9559,1,48,1,1240,1,1,1,0,1
381,4184400,4521,9559,28.990189,,0,11,9,108,31297,1122,4921,4153103,16,185,150,1,25399,1,40,1,466778,1,466117,1,116945,1,3064598,1,13075,1,305047,1,12614,4,540961,4,80295,4,715477,4,1377922,8,2059472,108,29006,24,3286,1,25068,1,2805,1,0,0,0,0,0,0,442291,1,17263,1,3336,1,7254,1,21201,1,413185,1,24908,1,17039,1,36,1,9559,1,4521,1,17075,1,9559,1,48,1,1240,1,1,1,0,1
382,4176300,4521,9559,28.990189,,0,11,9,108,30912,1162,5090,4145388,16,185,120,1,25499,1,100,1,466718,1,448323,1,116985,1,3074587,1,13055,1,306871,1,12554,4,540881,4,80365,4,715066,4,1386859,8,2067979,108,28856,24,3296,1,24708,1,2825,1,0,0,0,0,0,0,421952,1,19798,1,3356,1,7825,1,21792,1,412013,1,24928,1,17038,1,36,1,9559,1,4521,1,17074,1,9559,1,48,1,1240,1,1,1,0,1
383,4169500,4521,9559,28.990189,,0,11,9,108,30815,1283,5090,4138685,16,185,30,1,25639,1,20,1,465586,1,441840,1,116634,1,3075950,1,12985,1,305859,1,12444,4,540931,4,80234,4,719144,4,1385096,8,2070675,108,28475,24,3397,1,24778,1,2785,1,0,0,0,0,0,0,415520,1,19778,1,3447,1,7064,1,21892,1,411482,1,24968,1,17039,1,36,1,9559,1,4521,1,17075,1,9559,1,48,1,1240,1,1,1,0,1
384,4279000,4521,9559,28.990189,,0,11,9,108,31791,1323,5811,4247209,16,185,40,1,25730,1,10,1,466999,1,437111,1,116053,1,3188121,1,13145,1,305017,1,12414,4,539679,4,85234,4,744418,4,1462164,8,2170312,108,30459,24,5781,1,28966,1,3126,1,0,0,0,0,0,0,411452,1,19187,1,3376,1,7104,1,21662,1,411502,1,26551,1,17035,1,36,1,9559,1,4521,1,17071,1,9559,1,48,1,1240,1,1,1,0,1
385,4237300,4521,9559,28.990189,,0,11,9,108,33370,1232,5000,4203930,16,185,180,1,30529,1,70,1,465356,1,436861,1,125081,1,3132829,1,13025,1,341407,1,12995,4,551091,4,80595,4,720657,4,1387961,8,2074582,108,29036,24,3677,1,30358,1,2855,1,0,0,0,0,0,0,409929,1,20269,1,3487,1,7104,1,22082,1,410921,1,24968,1,17034,1,36,1,9559,1,4521,1,17070,1,9559,1,48,1,1240,1,1,1,0,1
386,4184000,4520,9559,28.990189,,0,11,9,108,31098,1102,4739,4152902,16,185,30,1,25399,1,80,1,469554,1,445467,1,116554,1,3082783,1,13035,1,310307,1,12624,4,538837,4,80104,4,711800,4,1395536,8,2074072,108,28525,24,3246,1,26411,1,2815,1,0,0,0,0,0,0,419117,1,19778,1,3507,1,7154,1,22243,1,413616,1,26361,1,17032,1,36,1,9559,1,4520,1,17068,1,9559,1,48,1,1240,1,1,1,0,1
387,4169600,4520,9559,28.990189,,0,11,9,108,30494,1203,5110,4139106,16,185,240,1,25299,1,10,1,465285,1,438614,1,116705,1,3080037,1,12915,1,308464,1,12394,4,538486,4,81436,4,714685,4,1392209,8,2072919,108,28866,24,3236,1,25108,1,2815,1,0,0,0,0,0,0,412774,1,19327,1,3427,1,6763,1,21952,1,409969,1,26461,1,17041,1,36,1,9559,1,4520,1,17077,1,9559,1,48,1,1240,1,1,1,0,1
388,4272600,4520,9559,28.990189,,0,11,9,108,30666,1222,4649,4241934,16,185,20,1,25048,1,90,1,462550,1,431110,1,116314,1,3193686,1,13115,1,305989,1,12995,4,540380,4,80816,4,745545,4,1474267,8,2185516,108,29647,24,3296,1,26190,1,2986,1,0,0,0,0,0,0,404839,1,19738,1,3437,1,6492,1,22082,1,409057,1,24728,1,17036,1,36,1,9559,1,4520,1,17072,1,9559,1,48,1,1240,1,1,1,0,1
389,4449000,4520,9559,28.990189,,0,11,9,108,32210,1323,3958,4416790,16,185,130,1,25319,1,90,1,461919,1,483380,1,117165,1,3310271,1,18516,1,315627,1,12875,4,540180,4,82579,4,785301,4,1519604,8,2268385,108,32563,24,5461,1,43614,1,3707,1,0,0,0,0,0,0,454495,1,21211,1,3457,1,6312,1,22082,1,408556,1,24778,1,17035,1,36,1,9559,1,4520,1,17071,1,9559,1,48,1,1240,1,1,1,0,1
390,4289100,4521,9559,28.990189,,0,11,9,108,32012,1373,5220,4257088,16,185,160,1,28335,1,70,1,492348,1,450226,1,119179,1,3153694,1,13075,1,329825,1,12835,4,563314,4,80295,4,715697,4,1414828,8,2096009,108,29296,24,3306,1,29397,1,2825,1,0,0,0,0,0,0,419938,1,23365,1,3547,1,7875,1,24567,1,432643,1,26942,1,17036,1,36,1,9559,1,4521,1,17072,1,9559,1,48,1,1240,1,1,1,0,1
391,4180100,4521,9559,28.990189,,0,11,9,108,30504,1152,5090,4149596,16,185,160,1,25259,1,10,1,467800,1,433745,1,116644,1,3093002,1,12975,1,310798,1,12374,4,539729,4,80094,4,723132,4,1394293,8,2083069,108,29266,24,3206,1,25449,1,2775,1,0,0,0,0,0,0,407965,1,19247,1,3457,1,7124,1,21932,1,413335,1,25098,1,17038,1,36,1,9559,1,4521,1,17074,1,9559,1,48,1,1240,1,1,1,0,1
392,4201100,4521,9559,28.990189,,0,11,9,108,30604,1262,5542,4170496,16,185,50,1,25369,1,40,1,468872,1,443083,1,128026,1,3092061,1,12995,1,305017,1,12484,4,540570,4,80415,4,721569,4,1398020,8,2084931,108,29116,24,3276,1,26631,1,2815,1,0,0,0,0,0,0,417253,1,19277,1,3417,1,7044,1,21892,1,414468,1,25299,1,17037,1,36,1,9559,1,4521,1,17073,1,9559,1,48,1,1240,1,1,1,0,1
393,4196500,4521,9559,28.990189,,0,11,9,108,31354,1132,5190,4165146,16,185,160,1,25259,1,50,1,465907,1,441600,1,117476,1,3101689,1,13005,1,308033,1,12514,4,541953,4,80585,4,724915,4,1401377,8,2091976,108,29126,24,3286,1,25078,1,2815,1,0,0,0,0,0,0,415720,1,19427,1,3376,1,7124,1,21541,1,412183,1,24868,1,17037,1,36,1,9559,1,4521,1,17073,1,9559,1,48,1,1240,1,1,1,0,1
394,4184300,4521,9559,28.990189,,0,11,9,108,30636,1212,4730,4153664,16,185,10,1,25339,1,50,1,465806,1,437572,1,117426,1,3094495,1,12965,1,307622,1,12464,4,542083,4,80254,4,720096,4,1399664,8,2086274,108,28755,24,3206,1,25058,1,2835,1,0,0,0,0,0,0,411362,1,19698,1,3417,1,6923,1,21521,1,410710,1,26451,1,17037,1,36,1,9559,1,4521,1,17073,1,9559,1,48,1,1240,1,1,1,0,1
395,4212500,4520,9559,28.990189,,0,11,9,108,29991,1192,5410,4182509,16,185,60,1,25229,1,40,1,462981,1,423705,1,115893,1,3141496,1,13105,1,305889,1,12314,4,540811,4,79934,4,720787,4,1448037,8,2133706,108,29707,24,5811,1,23816,1,2906,1,0,0,0,0,0,0,397826,1,19217,1,3587,1,6863,1,21521,1,409488,1,24938,1,17037,1,36,1,9559,1,4520,1,17073,1,9559,1,48,1,1240,1,1,1,0,1
396,4182600,4520,9559,28.990189,,0,11,9,108,29748,1202,5041,4152852,16,185,150,1,25229,1,50,1,467019,1,446640,1,117646,1,3083103,1,13015,1,302061,1,12534,4,539659,4,80435,4,721078,4,1395205,8,2081886,108,29356,24,3206,1,24868,1,2855,1,0,0,0,0,0,0,419557,1,20379,1,3507,1,6913,1,21972,1,413065,1,24908,1,17037,1,36,1,9559,1,4520,1,17073,1,9559,1,48,1,1240,1,1,1,0,1
397,4224100,4520,9559,28.990189,,0,11,9,108,30189,1292,5100,4193911,16,185,60,1,25098,1,40,1,465396,1,439526,1,117646,1,3133059,1,13085,1,307131,1,12785,4,540801,4,80485,4,723603,4,1435593,8,2124579,108,29517,24,3356,1,25239,1,2775,1,0,0,0,0,0,0,413446,1,19477,1,3507,1,6633,1,21842,1,411993,1,24718,1,17035,1,36,1,9559,1,4520,1,17071,1,9559,1,48,1,1240,1,1,1,0,1
398,4202500,4520,9559,28.990187,,0,11,9,108,30241,1222,4970,4172259,16,185,140,1,25158,1,40,1,463332,1,436961,1,117737,1,3115957,1,12935,1,306059,1,12374,4,540250,4,80234,4,728201,4,1414833,8,2108287,108,29777,24,3306,1,26651,1,2825,1,0,0,0,0,0,0,410911,1,19407,1,3567,1,6412,1,21481,1,410330,1,24938,1,17035,1,36,1,9559,1,4520,1,17071,1,9559,1,48,1,1240,1,1,1,0,1
399,4240700,4519,9559,28.990181,,0,11,9,108,30748,1242,4559,4209952,16,185,50,1,25138,1,30,1,464043,1,443544,1,117115,1,3147026,1,13005,1,308073,1,12494,4,542574,4,80455,4,753570,4,1416777,8,2136281,108,29507,24,3226,1,25790,1,2825,1,0,0,0,0,0,0,416451,1,20289,1,3687,1,6492,1,21241,1,411101,1,25018,1,17033,1,36,1,9559,1,4519,1,17069,1,9559,1,48,1,1240,1,1,1,0,1
400,4204600,4520,9559,28.990177,,0,11,9,108,31238,1212,4910,4173362,16,185,10,1,25299,1,50,1,465386,1,449946,1,117807,1,3101869,1,12995,1,312301,1,12664,4,540530,4,80765,4,726628,4,1396648,8,2088649,108,29717,24,3236,1,25068,1,2815,1,0,0,0,0,0,0,423024,1,19968,1,3677,1,6683,1,21652,1,412003,1,24868,1,17036,1,36,1,9559,1,4520,1,17072,1,9559,1,48,1,1240,1,1,1,0,1
401,4203800,4520,9559,28.990183,,0,11,9,108,31981,1092,4830,4171819,16,185,40,1,25219,1,60,1,463051,1,451649,1,117626,1,3101178,1,12995,1,308814,1,12554,4,540620,4,80274,4,725156,4,1401357,8,2092146,108,29537,24,3236,1,25249,1,2825,1,0,0,0,0,0,0,425649,1,19297,1,3537,1,6823,1,20429,1,410600,1,24988,1,17037,1,36,1,9559,1,4520,1,17073,1,9559,1,48,1,1240,1,1,1,0,1
402,4187700,4520,9559,28.990183,,0,11,9,108,31662,1102,5150,4156038,16,185,20,1,25168,1,30,1,462981,1,438564,1,116604,1,3099675,1,12995,1,306680,1,12614,4,541602,4,80765,4,724164,4,1401908,8,2091886,108,29036,24,3236,1,24818,1,2785,1,0,0,0,0,0,0,413907,1,17945,1,3577,1,6653,1,21702,1,409398,1,25038,1,17035,1,36,1,9559,1,4520,1,17071,1,9559,1,48,1,1240,1,1,1,0,1
403,4246100,4520,9559,28.990175,,0,11,9,108,31269,1152,5421,4214831,16,185,50,1,25259,1,10,1,464294,1,431781,1,118037,1,3162186,1,13215,1,308484,1,13245,4,539969,4,80675,4,727751,4,1458166,8,2150858,108,29637,24,3296,1,26481,1,2966,1,0,0,0,0,0,0,405911,1,19387,1,3387,1,6873,1,21792,1,410370,1,25078,1,17037,1,36,1,9559,1,4520,1,17073,1,9559,1,48,1,1240,1,1,1,0,1
404,4209500,4520,9559,28.990175,,0,11,9,108,30758,1232,5491,4178742,16,185,150,1,25289,1,10,1,470365,1,447030,1,116624,1,3106298,1,12975,1,312842,1,12524,4,539639,4,80395,4,724073,4,1403441,8,2092456,108,29567,24,3306,1,26020,1,2825,1,0,0,0,0,0,0,420098,1,19878,1,3737,1,6402,1,21932,1,416692,1,25058,1,17040,1,36,1,9559,1,4520,1,17076,1,9559,1,48,1,1240,1,1,1,0,1
405,4188800,4520,9559,28.990175,,0,11,9,108,30077,1152,5100,4158723,16,185,60,1,25329,1,50,1,467720,1,438544,1,114991,1,3098964,1,13065,1,307482,1,12554,4,539478,4,80535,4,721368,4,1405375,8,2092557,108,29086,24,3256,1,24968,1,2795,1,0,0,0,0,0,0,412664,1,19377,1,3407,1,6683,1,21602,1,413065,1,26190,1,17041,1,36,1,9559,1,4520,1,17077,1,9559,1,48,1,1240,1,1,1,0,1
406,4181700,4520,9559,28.99018,,0,11,9,108,29710,1162,5301,4151990,16,185,20,1,25379,1,60,1,463652,1,436230,1,115352,1,3098212,1,13085,1,305157,1,12354,4,538096,4,80365,4,725055,4,1405294,8,2096033,108,29016,24,3236,1,24637,1,2855,1,0,0,0,0,0,0,409588,1,19928,1,3607,1,6613,1,20550,1,410169,1,26130,1,17034,1,36,1,9559,1,4520,1,17070,1,9559,1,48,1,1240,1,1,1,0,1
407,4222000,4519,9559,28.99018,,0,11,9,108,30373,1262,4930,4191627,16,185,10,1,25259,1,40,1,466177,1,467249,1,115823,1,3104024,1,13045,1,302993,1,12394,4,538627,4,80295,4,724384,4,1412779,8,2103528,108,28705,24,3336,1,25108,1,2845,1,0,0,0,0,0,0,441610,1,18826,1,3647,1,6162,1,21592,1,413265,1,24988,1,17032,1,36,1,9559,1,4519,1,17068,1,9559,1,48,1,1240,1,1,1,0,1
408,4198600,4519,9559,28.99018,,0,11,9,108,30338,1162,5201,4168262,16,185,50,1,25058,1,20,1,465225,1,447581,1,114851,1,3102380,1,13095,1,307782,1,12364,4,539057,4,80295,4,725767,4,1404022,8,2096073,108,28515,24,3356,1,25760,1,2815,1,0,0,0,0,0,0,420680,1,20039,1,3647,1,6292,1,21702,1,412083,1,24888,1,17033,1,36,1,9559,1,4519,1,17069,1,9559,1,48,1,1240,1,1,1,0,1
409,4159200,4518,9559,28.99018,,0,11,9,108,32328,1272,5340,4126872,16,185,20,1,25118,1,40,1,466468,1,433404,1,115863,1,3072994,1,12965,1,306710,1,12474,4,536853,4,81547,4,720296,4,1382300,8,2068761,108,28495,24,3196,1,25539,1,2805,1,0,0,0,0,0,0,407675,1,19277,1,3447,1,6533,1,21331,1,413556,1,24868,1,17035,1,36,1,9559,1,4518,1,17071,1,9559,1,48,1,1240,1,1,1,0,1
410,4219900,4519,9559,28.99018,,0,11,9,108,31920,1213,5491,4187980,16,185,30,1,25198,1,40,1,465225,1,437622,1,116875,1,3129823,1,13165,1,307071,1,12504,4,539178,4,80835,4,751677,4,1405134,8,2122705,108,28615,24,3296,1,26000,1,2916,1,0,0,0,0,0,0,410841,1,20029,1,3617,1,6933,1,21161,1,412123,1,24828,1,17035,1,36,1,9559,1,4519,1,17071,1,9559,1,48,1,1240,1,1,1,0,1
411,4174100,4519,9559,28.99018,,0,11,9,108,30666,1232,5261,4143434,16,185,120,1,25299,1,20,1,469504,1,439376,1,114731,1,3081460,1,12925,1,305538,1,12494,4,537544,4,80134,4,721889,4,1390596,8,2078519,108,28705,24,3246,1,25980,1,2805,1,0,0,0,0,0,0,413335,1,19518,1,3397,1,7144,1,22062,1,414929,1,25158,1,17032,1,36,1,9559,1,4519,1,17068,1,9559,1,48,1,1240,1,1,1,0,1
412,4173000,4519,9559,28.99018,,0,11,9,108,30688,1192,5120,4142312,16,185,20,1,25259,1,10,1,466919,1,435719,1,115412,1,3085588,1,13386,1,306610,1,12815,4,540049,4,80555,4,721258,4,1392560,8,2080363,108,28335,24,3286,1,24437,1,2825,1,0,0,0,0,0,0,410209,1,19167,1,3286,1,7114,1,20530,1,414047,1,25028,1,17038,1,36,1,9559,1,4519,1,17074,1,9559,1,48,1,1240,1,1,1,0,1
413,4187700,4519,9559,28.99018,,0,11,9,108,30560,1153,5141,4157140,16,185,30,1,25209,1,40,1,463111,1,440688,1,116013,1,3099034,1,13015,1,307442,1,12534,4,541081,4,80485,4,721609,4,1404333,8,2092035,108,28765,24,3226,1,24387,1,2785,1,0,0,0,0,0,0,414067,1,20069,1,3487,1,7174,1,19948,1,410981,1,24798,1,17039,1,36,1,9559,1,4519,1,17075,1,9559,1,48,1,1240,1,1,1,0,1
414,4259800,4519,9559,28.99018,,0,11,9,108,30962,1212,4820,4228838,16,185,40,1,25098,1,40,1,465205,1,432943,1,116184,1,3176253,1,13075,1,305688,1,12574,4,539328,4,80295,4,741858,4,1459399,8,2166629,108,29807,24,5651,1,27373,1,2876,1,0,0,0,0,0,0,407424,1,19027,1,3437,1,6833,1,21261,1,411943,1,24958,1,17036,1,36,1,9559,1,4519,1,17072,1,9559,1,48,1,1240,1,1,1,0,1
415,4258500,4519,9559,28.99018,,0,11,9,108,30573,1232,5140,4227927,16,185,50,1,25198,1,30,1,465847,1,483571,1,116274,1,3123902,1,13055,1,308243,1,12624,4,541151,4,80044,4,735235,4,1411176,8,2112455,108,28815,24,3246,1,28124,1,2825,1,0,0,0,0,0,0,454244,1,22634,1,3417,1,7154,1,21612,1,411702,1,25198,1,17039,1,36,1,9559,1,4519,1,17075,1,9559,1,48,1,1240,1,1,1,0,1
416,4183400,4519,9559,28.99018,,0,11,9,108,30959,1202,4909,4152441,16,185,30,1,25219,1,40,1,464273,1,433033,1,117336,1,3099485,1,13025,1,308814,1,12524,4,542614,4,80435,4,725747,4,1396457,8,2088670,108,28625,24,3256,1,25579,1,2855,1,0,0,0,0,0,0,407073,1,19477,1,3497,1,6953,1,22333,1,408336,1,26471,1,17037,1,36,1,9559,1,4519,1,17073,1,9559,1,48,1,1240,1,1,1,0,1
417,4178500,4519,9559,28.990177,,0,11,9,108,31740,1203,5611,4146760,16,185,30,1,25249,1,40,1,462390,1,436099,1,114651,1,3095337,1,12965,1,308714,1,12614,4,539438,4,80334,4,720998,4,1401177,8,2087867,108,28695,24,3306,1,24768,1,2785,1,0,0,0,0,0,0,410089,1,19317,1,3477,1,6553,1,21682,1,409077,1,24868,1,17035,1,36,1,9559,1,4519,1,17071,1,9559,1,48,1,1240,1,1,1,0,1
418,4186900,4519,9559,28.990175,,0,11,9,108,31152,1252,5461,4155748,16,185,10,1,25289,1,30,1,465225,1,433725,1,114350,1,3104164,1,12955,1,316309,1,12414,4,540550,4,80144,4,723593,4,1399012,8,2088880,108,28264,24,3216,1,24868,1,2805,1,0,0,0,0,0,0,406883,1,20159,1,3587,1,6803,1,21481,1,411893,1,24878,1,17035,1,36,1,9559,1,4519,1,17071,1,9559,1,48,1,1240,1,1,1,0,1
419,4191200,4519,9559,28.990168,,0,11,9,108,30453,1212,5691,4160747,16,185,80,1,25178,1,30,1,465506,1,441920,1,116264,1,3098723,1,13045,1,305879,1,12504,4,540079,4,80184,4,726097,4,1401878,8,2093579,108,28705,24,3266,1,24828,1,2795,1,0,0,0,0,0,0,414919,1,20379,1,3547,1,6623,1,21461,1,412203,1,25008,1,17035,1,36,1,9559,1,4519,1,17071,1,9559,1,48,1,1240,1,1,1,0,1
420,4184100,4519,9559,28.990166,,0,11,9,108,30246,1122,5200,4153854,16,185,90,1,25249,1,60,1,462420,1,438133,1,116254,1,3098583,1,13065,1,306750,1,12424,4,540210,4,80625,4,724805,4,1401497,8,2091976,108,29126,24,3296,1,25038,1,2815,1,0,0,0,0,0,0,411622,1,19848,1,3547,1,6362,1,21141,1,409789,1,24958,1,17037,1,36,1,9559,1,4519,1,17073,1,9559,1,48,1,1240,1,1,1,0,1
421,4177100,4520,9559,28.990166,,0,11,9,108,30139,1152,5541,4146961,16,185,10,1,25209,1,40,1,461498,1,441029,1,114871,1,3091259,1,13045,1,304716,1,12474,4,539849,4,80605,4,720356,4,1401227,8,2086966,108,29076,24,3246,1,24838,1,2795,1,0,0,0,0,0,0,415019,1,19387,1,3577,1,5731,1,21521,1,408927,1,25098,1,17036,1,36,1,9559,1,4520,1,17072,1,9559,1,48,1,1240,1,1,1,0,1
422,4203500,4519,9559,28.990166,,0,11,9,108,29948,1142,5401,4173552,16,185,20,1,25359,1,40,1,472179,1,433374,1,116184,1,3113362,1,13035,1,305037,1,12534,4,539458,4,80144,4,720827,4,1423109,8,2110461,108,28074,24,3206,1,25068,1,2835,1,0,0,0,0,0,0,407925,1,18826,1,3487,1,6012,1,21221,1,419768,1,24988,1,17040,1,36,1,9559,1,4519,1,17076,1,9559,1,48,1,1240,1,1,1,0,1
423,4175500,4519,9559,28.990166,,0,11,9,108,30383,1212,5331,4145117,16,185,20,1,25319,1,20,1,461999,1,447281,1,116594,1,3080899,1,12985,1,306861,1,12254,4,539538,4,80565,4,718954,4,1389544,8,2074963,108,28204,24,3186,1,26010,1,2775,1,0,0,0,0,0,0,420119,1,20479,1,3567,1,6683,1,21211,1,408917,1,24998,1,17038,1,36,1,9559,1,4519,1,17074,1,9559,1,48,1,1240,1,1,1,0,1
424,4166900,4519,9559,28.990166,,0,11,9,108,29979,1182,5681,4136921,16,185,20,1,25078,1,30,1,460677,1,445457,1,115362,1,3077322,1,12975,1,306430,1,12915,4,538256,4,80645,4,717882,4,1388803,8,2072739,108,28264,24,3276,1,25078,1,2855,1,0,0,0,0,0,0,419237,1,19558,1,3517,1,6613,1,20479,1,408676,1,24708,1,17033,1,36,1,9559,1,4519,1,17069,1,9559,1,48,1,1240,1,1,1,0,1
425,4249300,4518,9559,28.990166,,0,11,9,108,32425,1232,4680,4216875,16,185,10,1,25138,1,30,1,462220,1,438153,1,115262,1,3162987,1,13075,1,305598,1,12414,4,537865,4,80054,4,736167,4,1452375,8,2154656,108,29206,24,6162,1,27974,1,3146,1,0,0,0,0,0,0,412634,1,18866,1,3517,1,6392,1,21321,1,409338,1,24988,1,17035,1,36,1,9559,1,4518,1,17071,1,9559,1,48,1,1240,1,1,1,0,1
426,4173700,4520,9559,28.990166,,0,11,9,108,31088,1122,5080,4142612,16,185,40,1,25679,1,10,1,463893,1,442251,1,116534,1,3081150,1,13055,1,311329,1,12494,4,540520,4,80425,4,717270,4,1385717,8,2069914,108,27994,24,3246,1,26200,1,2825,1,0,0,0,0,0,0,414458,1,21051,1,3497,1,6753,1,22143,1,410009,1,24828,1,17037,1,36,1,9559,1,4520,1,17073,1,9559,1,48,1,1240,1,1,1,0,1
427,4181300,4519,9559,28.990158,,0,11,9,108,29951,1232,5251,4151349,16,185,80,1,25209,1,50,1,467490,1,428875,1,115933,1,3100737,1,12975,1,306580,1,12434,4,542474,4,81266,4,729444,4,1395997,8,2091013,108,29176,24,3186,1,25319,1,2805,1,0,0,0,0,0,0,404198,1,18205,1,3437,1,6382,1,20780,1,413866,1,26261,1,17037,1,36,1,9559,1,4519,1,17073,1,9559,1,48,1,1240,1,1,1,0,1
428,4166800,4519,9559,28.990158,,0,11,9,108,30981,1182,5110,4135819,16,185,40,1,25178,1,10,1,465255,1,431701,1,117376,1,3083234,1,13025,1,306119,1,12414,4,540390,4,80134,4,720066,4,1391648,8,2077638,108,28966,24,3216,1,25249,1,2815,1,0,0,0,0,0,0,405500,1,19618,1,3417,1,6523,1,21722,1,412053,1,24778,1,17033,1,36,1,9559,1,4519,1,17069,1,9559,1,48,1,1240,1,1,1,0,1
429,4241000,4519,9559,28.990156,,0,11,9,108,31093,1373,5430,4209907,16,185,30,1,25379,1,20,1,460636,1,433695,1,115963,1,3161018,1,13165,1,305217,1,12785,4,563414,4,80986,4,725957,4,1438674,8,2130155,108,29046,24,3687,1,26070,1,2855,1,0,0,0,0,0,0,407775,1,19387,1,3447,1,6653,1,21441,1,407524,1,24848,1,17037,1,36,1,9559,1,4519,1,17073,1,9559,1,48,1,1240,1,1,1,0,1
430,4169300,4518,9559,28.990152,,0,11,9,108,30735,1162,5030,4138565,16,185,30,1,30769,1,70,1,468311,1,440598,1,116053,1,3069798,1,12935,1,304716,1,12664,4,537805,4,80285,4,718383,4,1383312,8,2068320,108,28345,24,3286,1,25379,1,2805,1,0,0,0,0,0,0,414147,1,19958,1,3457,1,6603,1,22964,1,410570,1,27974,1,17037,1,36,1,9559,1,4518,1,17073,1,9559,1,48,1,1240,1,1,1,0,1
431,4189200,4518,9559,28.990156,,0,11,9,108,30897,1243,4990,4158303,16,185,60,1,25329,1,100,1,465165,1,459414,1,117005,1,3078144,1,13085,1,305057,1,12674,4,540791,4,80384,4,718893,4,1387821,8,2073330,108,28395,24,3276,1,25188,1,2815,1,0,0,0,0,0,0,433314,1,19477,1,3447,1,6573,1,21361,1,410841,1,26230,1,17039,1,36,1,9559,1,4518,1,17075,1,9559,1,48,1,1240,1,1,1,0,1
432,4166800,4518,9559,28.990158,,0,11,9,108,30750,1142,4659,4136050,16,185,30,1,25108,1,20,1,464073,1,437692,1,115683,1,3080438,1,13005,1,304436,1,12624,4,538747,4,81667,4,716369,4,1393291,8,2076907,108,28094,24,3266,1,26090,1,2805,1,0,0,0,0,0,0,411963,1,19167,1,3427,1,6883,1,21030,1,411111,1,24868,1,17043,1,36,1,9559,1,4518,1,17079,1,9559,1,48,1,1240,1,1,1,0,1
433,4171400,4518,9559,28.990156,,0,11,9,108,32054,1282,5281,4139346,16,185,10,1,25198,1,30,1,465245,1,440127,1,116174,1,3079587,1,12975,1,306340,1,12644,4,538707,4,80104,4,730025,4,1379445,8,2075934,108,28254,24,3176,1,25078,1,2785,1,0,0,0,0,0,0,414347,1,19267,1,3427,1,6813,1,21551,1,410360,1,26341,1,17044,1,36,1,9559,1,4518,1,17080,1,9559,1,48,1,1240,1,1,1,0,1
434,4172800,4518,9559,28.990156,,0,11,9,108,30989,1132,4840,4141811,16,185,20,1,25158,1,50,1,466067,1,434366,1,116033,1,3087131,1,12985,1,307191,1,12324,4,540711,4,80705,4,721338,4,1392340,8,2080784,108,28054,24,3186,1,25359,1,2845,1,0,0,0,0,0,0,408476,1,19287,1,3477,1,6633,1,21692,1,411322,1,26271,1,17043,1,36,1,9559,1,4518,1,17079,1,9559,1,48,1,1240,1,1,1,0,1
435,4188200,4519,9559,28.990156,,0,11,9,108,30729,1153,4830,4157471,16,185,20,1,25229,1,20,1,464063,1,442201,1,116755,1,3096209,1,12975,1,304907,1,12634,4,542755,4,80445,4,723112,4,1400054,8,2089931,108,28405,24,3266,1,25098,1,2785,1,0,0,0,0,0,0,416522,1,19067,1,3537,1,6362,1,21071,1,409809,1,26631,1,17046,1,36,1,9559,1,4519,1,17082,1,9559,1,48,1,1240,1,1,1,0,1
436,4202900,4519,9559,28.990156,,0,11,9,108,30150,1192,5000,4172750,16,185,40,1,25239,1,100,1,463532,1,448724,1,117306,1,3104745,1,13065,1,306430,1,12484,4,540811,4,80164,4,733512,4,1399333,8,2099470,108,28375,24,3226,1,24768,1,2825,1,0,0,0,0,0,0,422293,1,19868,1,3467,1,6362,1,21732,1,410380,1,24848,1,17044,1,36,1,9559,1,4519,1,17080,1,9559,1,48,1,1240,1,1,1,0,1
437,4233500,4519,9559,28.990156,,0,11,9,108,30892,1153,4900,4202608,16,185,20,1,25128,1,70,1,465556,1,489352,1,116334,1,3093183,1,12965,1,304346,1,12494,4,539238,4,80264,4,724564,4,1399624,8,2091044,108,28244,24,3226,1,25469,1,2805,1,0,0,0,0,0,0,464614,1,17955,1,3547,1,6943,1,21271,1,412324,1,24848,1,17045,1,36,1,9559,1,4519,1,17081,1,9559,1,48,1,1240,1,1,1,0,1
438,4171300,4519,9559,28.990156,,0,11,9,108,30050,1172,5040,4141250,16,185,10,1,25108,1,40,1,460747,1,435959,1,116174,1,3090237,1,12975,1,304546,1,12354,4,539037,4,80014,4,731077,4,1391308,8,2089040,108,28304,24,3256,1,24647,1,2825,1,0,0,0,0,0,0,409749,1,19578,1,3577,1,6743,1,21411,1,407624,1,24798,1,17044,1,36,1,9559,1,4519,1,17080,1,9559,1,48,1,1240,1,1,1,0,1
439,4182800,4520,9559,28.990156,,0,11,9,108,29868,1192,5250,4152932,16,185,20,1,25269,1,120,1,462089,1,445107,1,118007,1,3089315,1,13005,1,307572,1,12674,4,540180,4,80625,4,720316,4,1395866,8,2082237,108,28695,24,3136,1,24958,1,2795,1,0,0,0,0,0,0,418145,1,19948,1,3787,1,6362,1,21401,1,409167,1,24968,1,17047,1,36,1,9559,1,4520,1,17083,1,9559,1,48,1,1240,1,1,1,0,1
440,4276400,4521,9559,28.990154,,0,11,9,108,36950,1333,4369,4239450,16,184,20,1,25108,1,40,1,460015,1,431641,1,116604,1,3192585,1,13436,1,305839,1,12454,4,541592,4,79713,4,753832,4,1438909,8,2158715,108,29657,24,5791,1,49716,1,3407,1,0,0,0,0,0,0,405390,1,19778,1,3397,1,6673,1,20630,1,407855,1,24667,1,17049,1,36,1,9559,1,4521,1,17085,1,9559,1,48,1,1240,1,1,1,0,1
441,4230200,4521,9559,28.990154,,0,11,9,108,30087,1242,4659,4200113,16,185,160,1,29427,1,40,1,466628,1,482018,1,116123,1,3092662,1,13055,1,310548,1,12254,4,538556,4,80385,4,717491,4,1398020,8,2081395,108,29457,24,3316,1,28024,1,2825,1,0,0,0,0,0,0,453633,1,21602,1,3417,1,6132,1,22794,1,412334,1,25158,1,17052,1,36,1,9559,1,4521,1,17088,1,9559,1,48,1,1240,1,1,1,0,1
442,4188400,4522,9559,28.990156,,0,11,9,108,30188,1192,5260,4158212,16,185,20,1,25148,1,20,1,466959,1,431150,1,117616,1,3104234,1,13065,1,310678,1,12905,4,540951,4,80836,4,730045,4,1396678,8,2093248,108,28214,24,3236,1,24938,1,2775,1,0,0,0,0,0,0,404919,1,19528,1,3567,1,6172,1,22062,1,413716,1,24808,1,17054,1,36,1,9559,1,4522,1,17090,1,9559,1,48,1,1240,1,1,1,0,1
443,4157300,4523,9559,28.990156,,0,11,9,108,30017,1132,4770,4127283,16,185,40,1,25158,1,50,1,466357,1,433915,1,116665,1,3072102,1,12995,1,306089,1,12364,4,540079,4,80435,4,715888,4,1383623,8,2066787,108,27954,24,3316,1,26381,1,2795,1,0,0,0,0,0,0,408236,1,19217,1,3397,1,6062,1,20890,1,414147,1,25048,1,17056,1,36,1,9559,1,4523,1,17092,1,9559,1,48,1,1240,1,1,1,0,1
444,4242200,4524,9559,28.990156,,0,11,9,108,32509,1433,4919,4209691,16,185,160,1,30298,1,80,1,488781,1,448072,1,115382,1,3113923,1,12995,1,321669,1,13506,4,538386,4,82749,4,715417,4,1408571,8,2090243,108,28825,24,3296,1,26030,1,2866,1,0,0,0,0,0,0,421241,1,19908,1,3647,1,6563,1,21732,1,427934,1,32192,1,17049,1,36,1,9559,1,4524,1,17085,1,9559,1,48,1,1240,1,1,1,0,1
445,4162600,4523,9559,28.990156,,0,11,9,108,30458,1212,4739,4132142,16,185,60,1,30399,1,30,1,468802,1,439626,1,116825,1,3063295,1,13105,1,305658,1,12564,4,536603,4,80204,4,713744,4,1381779,8,2062669,108,28114,24,3366,1,25319,1,2845,1,0,0,0,0,0,0,411973,1,21010,1,3397,1,6983,1,22253,1,412584,1,26802,1,17046,1,36,1,9559,1,4523,1,17082,1,9559,1,48,1,1240,1,1,1,0,1
446,4196000,4522,9559,28.990156,,0,11,9,108,30934,1142,4739,4165066,16,185,30,1,25269,1,90,1,467981,1,456889,1,117316,1,3084456,1,13035,1,305378,1,12484,4,538647,4,80435,4,717561,4,1397580,8,2082177,108,28224,24,3206,1,25209,1,2815,1,0,0,0,0,0,0,430589,1,19718,1,3437,1,6843,1,21742,1,414257,1,24918,1,17048,1,36,1,9559,1,4522,1,17084,1,9559,1,48,1,1240,1,1,1,0,1
447,4176100,4523,9559,28.990156,,0,11,9,108,30863,1202,5270,4145237,16,185,70,1,25198,1,30,1,468181,1,436490,1,117326,1,3084987,1,12955,1,307231,1,12564,4,537184,4,80144,4,724164,4,1390957,8,2081686,108,28164,24,3206,1,25529,1,2805,1,0,0,0,0,0,0,409949,1,19968,1,3447,1,6963,1,21762,1,412895,1,26391,1,17048,1,36,1,9559,1,4523,1,17084,1,9559,1,48,1,1240,1,1,1,0,1
448,4169400,4523,9559,28.990156,,0,11,9,108,31687,1182,4810,4137713,16,185,60,1,25178,1,30,1,463612,1,436169,1,117546,1,3082131,1,12985,1,307963,1,12694,4,538136,4,80134,4,719865,4,1390506,8,2077217,108,28345,24,3276,1,25579,1,2795,1,0,0,0,0,0,0,409498,1,20089,1,3517,1,6472,1,21241,1,410841,1,24888,1,17052,1,36,1,9559,1,4523,1,17088,1,9559,1,48,1,1240,1,1,1,0,1
449,4164200,4522,9559,28.990156,,0,11,9,108,31086,1282,5130,4133114,16,185,20,1,25359,1,30,1,463132,1,428945,1,116204,1,3086490,1,12935,1,306780,1,12795,4,537134,4,81327,4,723502,4,1391879,8,2082227,108,28024,24,3296,1,25709,1,2785,1,0,0,0,0,0,0,403126,1,19377,1,3366,1,6823,1,21752,1,409338,1,24958,1,17048,1,36,1,9559,1,4522,1,17084,1,9559,1,48,1,1240,1,1,1,0,1
450,4203500,4522,9559,28.990156,,0,11,9,108,30690,1192,5311,4172810,16,185,20,1,25229,1,30,1,463041,1,456068,1,116494,1,3098924,1,13005,1,306410,1,12634,4,538947,4,80295,4,724895,4,1403241,8,2094380,108,28445,24,3306,1,25198,1,2805,1,0,0,0,0,0,0,429396,1,19978,1,3547,1,6693,1,21892,1,409388,1,24908,1,17047,1,36,1,9559,1,4522,1,17083,1,9559,1,48,1,1240,1,1,1,0,1
451,4186500,4523,9559,28.990152,,0,11,9,108,30863,1182,5431,4155637,16,185,160,1,25219,1,20,1,462260,1,438945,1,116915,1,3099164,1,12955,1,306951,1,12724,4,540069,4,80315,4,725997,4,1400375,8,2092276,108,28665,24,3376,1,25399,1,2775,1,0,0,0,0,0,0,414097,1,18225,1,3567,1,6833,1,21491,1,409007,1,24718,1,17051,1,36,1,9559,1,4523,1,17087,1,9559,1,48,1,1240,1,1,1,0,1
452,4218100,4523,9559,28.99015,,0,11,9,108,32325,1202,4849,4185775,16,185,30,1,25289,1,20,1,464163,1,468071,1,117236,1,3097952,1,13015,1,303384,1,12514,4,538336,4,80315,4,725927,4,1404783,8,2096905,108,28956,24,3276,1,25339,1,2876,1,0,0,0,0,0,0,443964,1,17594,1,3387,1,5992,1,21341,1,411742,1,24938,1,17048,1,36,1,9559,1,4523,1,17084,1,9559,1,48,1,1240,1,1,1,0,1
453,4172100,4522,9559,28.990156,,0,11,9,108,30790,1193,5030,4141310,16,185,10,1,25259,1,30,1,465586,1,432342,1,117396,1,3087662,1,13025,1,305608,1,12414,4,540520,4,79823,4,717952,4,1398992,8,2083660,108,28254,24,3246,1,25118,1,2795,1,0,0,0,0,0,0,407204,1,18586,1,3427,1,6533,1,21421,1,412664,1,24798,1,17047,1,36,1,9559,1,4522,1,17083,1,9559,1,48,1,1240,1,1,1,0,1
454,4168300,4522,9559,28.990156,,0,11,9,108,30056,1162,4820,4138244,16,185,30,1,25138,1,100,1,462049,1,440959,1,116474,1,3080538,1,12955,1,304466,1,12624,4,536983,4,80094,4,722861,4,1391167,8,2080484,108,28725,24,3286,1,25038,1,2855,1,0,0,0,0,0,0,415139,1,19317,1,3447,1,6653,1,21471,1,408937,1,24778,1,17047,1,36,1,9559,1,4522,1,17083,1,9559,1,48,1,1240,1,1,1,0,1
455,4213600,4521,9559,28.990156,,0,11,9,108,30369,1253,4729,4183231,16,185,40,1,25249,1,100,1,463151,1,444966,1,117296,1,3119333,1,13095,1,306921,1,12624,4,539608,4,80805,4,751356,4,1395686,8,2113497,108,28815,24,3336,1,24868,1,2876,1,0,0,0,0,0,0,418796,1,19648,1,3457,1,7094,1,20900,1,408596,1,26381,1,17048,1,36,1,9559,1,4521,1,17084,1,9559,1,48,1,1240,1,1,1,0,1
456,4202000,4522,9559,28.990152,,0,11,9,108,32786,1313,5211,4169214,16,185,120,1,25329,1,30,1,466588,1,443123,1,117376,1,3103613,1,13035,1,308233,1,12494,4,539308,4,80445,4,724524,4,1405835,8,2096193,108,28956,24,3266,1,25379,1,2815,1,0,0,0,0,0,0,415850,1,20570,1,3537,1,7184,1,21822,1,412404,1,24958,1,17047,1,36,1,9559,1,4522,1,17083,1,9559,1,48,1,1240,1,1,1,0,1
457,4195000,4522,9559,28.990152,,0,11,9,108,30365,1242,4439,4164635,16,185,10,1,25008,1,30,1,465616,1,432242,1,116775,1,3111919,1,13035,1,309335,1,12775,4,541192,4,80775,4,725236,4,1410354,8,2102005,108,29146,24,3216,1,24978,1,2815,1,0,0,0,0,0,0,406081,1,19598,1,3457,1,6933,1,21061,1,410921,1,26521,1,17047,1,36,1,9559,1,4522,1,17083,1,9559,1,48,1,1240,1,1,1,0,1
458,4237100,4521,9559,28.990152,,0,11,9,108,32849,1343,5150,4204251,16,185,160,1,30679,1,60,1,483250,1,444796,1,120191,1,3111819,1,13296,1,318152,1,13276,4,538246,4,80846,4,725356,4,1402639,8,2093769,108,29076,24,3376,1,25800,1,2785,1,0,0,0,0,0,0,418626,1,19367,1,3487,1,6743,1,23175,1,426681,1,26281,1,17046,1,36,1,9559,1,4521,1,17082,1,9559,1,48,1,1240,1,1,1,0,1
459,4225100,4523,9559,28.990152,,0,11,9,108,30347,1222,4779,4194753,16,185,60,1,30388,1,50,1,468702,1,445968,1,116795,1,3119483,1,13306,1,305368,1,13085,4,539308,4,84002,4,737159,4,1406286,8,2109089,108,29577,24,3647,1,26601,1,2805,1,0,0,0,0,0,0,419387,1,19898,1,3527,1,6703,1,22283,1,411572,1,27914,1,17055,1,36,1,9559,1,4523,1,17091,1,9559,1,48,1,1240,1,1,1,0,1
460,4196000,4522,9559,28.990152,,0,11,9,108,30203,1192,4830,4165797,16,185,50,1,25148,1,50,1,465626,1,447141,1,117386,1,3097321,1,13075,1,310457,1,12604,4,539358,4,80345,4,721799,4,1400034,8,2088008,108,28996,24,3246,1,25489,1,2795,1,0,0,0,0,0,0,419277,1,20930,1,3547,1,7324,1,22473,1,410630,1,24998,1,17054,1,36,1,9559,1,4522,1,17090,1,9559,1,48,1,1240,1,1,1,0,1
461,4259900,4521,9559,28.990152,,0,11,9,108,33897,1483,5100,4226003,16,185,160,1,30378,1,50,1,479683,1,447291,1,117356,1,3137999,1,13085,1,316259,1,13195,4,541232,4,80996,4,738822,4,1414302,8,2116563,108,31461,24,3326,1,25579,1,2805,1,0,0,0,0,0,0,420459,1,19558,1,3607,1,7565,1,22884,1,422714,1,26200,1,17055,1,36,1,9559,1,4521,1,17091,1,9559,1,48,1,1240,1,1,1,0,1
462,4212000,4522,9559,28.990152,,0,11,9,108,32507,1343,5170,4179493,16,185,170,1,30459,1,90,1,481527,1,437803,1,123007,1,3093093,1,13346,1,316940,1,13155,4,537284,4,80846,4,721288,4,1390356,8,2077238,108,29236,24,3286,1,25770,1,2825,1,0,0,0,0,0,0,410891,1,19998,1,3557,1,7214,1,23245,1,422663,1,28084,1,17060,1,36,1,9559,1,4522,1,17096,1,9559,1,48,1,1240,1,1,1,0,1
463,4205600,4522,9559,28.990152,,0,11,9,108,31287,1122,4599,4174313,16,185,40,1,30268,1,40,1,465947,1,437051,1,119660,1,3108302,1,13005,1,321278,1,13075,4,538607,4,80375,4,722701,4,1396858,8,2085614,108,29346,24,3617,1,27854,1,2815,1,0,0,0,0,0,0,411201,1,19107,1,3567,1,6743,1,22684,1,409448,1,26882,1,17058,1,36,1,9559,1,4522,1,17094,1,9559,1,48,1,1240,1,1,1,0,1
464,4207500,4521,9559,28.990152,,0,11,9,108,31453,1142,4850,4176047,16,185,60,1,25058,1,40,1,462240,1,435819,1,116955,1,3122970,1,12905,1,310958,1,12544,4,539158,4,80375,4,732560,4,1413530,8,2112114,108,29126,24,3336,1,26581,1,2785,1,0,0,0,0,0,0,409518,1,19678,1,3477,1,6312,1,21722,1,409147,1,24848,1,17063,1,36,1,9559,1,4521,1,17099,1,9559,1,48,1,1240,1,1,1,0,1
465,4204200,4523,9559,28.990152,,0,11,9,108,30588,1182,4810,4173612,16,185,20,1,25178,1,30,1,463933,1,435558,1,117346,1,3118522,1,13025,1,307993,1,12654,4,541272,4,80715,4,727751,4,1415033,8,2108457,108,29517,24,3266,1,25850,1,2805,1,0,0,0,0,0,0,409007,1,19958,1,3437,1,6332,1,21722,1,409298,1,26421,1,17062,1,36,1,9559,1,4523,1,17098,1,9559,1,48,1,1240,1,1,1,0,1
466,4179100,4523,9559,28.990147,,0,11,9,108,29975,1192,4659,4149125,16,185,40,1,25158,1,40,1,461348,1,434095,1,116965,1,3098583,1,12895,1,305348,1,12374,4,537214,4,79974,4,728021,4,1403511,8,2097346,108,29527,24,3256,1,24908,1,2785,1,0,0,0,0,0,0,408296,1,19227,1,3517,1,6142,1,21572,1,408747,1,24728,1,17065,1,36,1,9559,1,4523,1,17101,1,9559,1,48,1,1240,1,1,1,0,1
467,4821900,4523,9559,28.990145,,0,11,9,108,34517,1182,3818,4787383,16,185,40,1,25138,1,20,1,472289,1,561861,1,116705,1,3597964,1,13366,1,328352,1,13125,4,541422,4,85605,4,877920,4,1708628,8,2550949,108,31781,24,4138,1,34627,1,2966,1,0,0,0,0,0,0,531753,1,23054,1,3387,1,6653,1,21712,1,418465,1,25178,1,17057,1,36,1,9559,1,4523,1,17093,1,9559,1,48,1,1240,1,1,1,0,1
468,4633200,4523,9559,28.990145,,0,11,9,108,31785,1333,3718,4601415,16,185,40,1,26210,1,30,1,470716,1,525221,1,119700,1,3445922,1,13576,1,338842,1,13276,4,542223,4,85124,4,839095,4,1582405,8,2385220,108,32563,24,4188,1,36580,1,2855,1,0,0,0,0,0,0,495273,1,22603,1,3697,1,7104,1,23776,1,414167,1,25389,1,17059,1,36,1,9559,1,4523,1,17095,1,9559,1,48,1,1240,1,1,1,0,1
469,4474000,4523,9559,28.990139,,0,11,9,108,32042,1282,4068,4441958,16,185,130,1,25609,1,20,1,467109,1,512787,1,117566,1,3305351,1,13386,1,331378,1,13135,4,540089,4,82689,4,784700,4,1514194,8,2262604,108,32222,24,5591,1,29407,1,2886,1,0,0,0,0,0,0,485514,1,20439,1,3707,1,6853,1,23044,1,412083,1,24998,1,17057,1,36,1,9559,1,4523,1,17093,1,9559,1,48,1,1240,1,1,1,0,1
470,4673300,4522,9559,28.990139,,0,11,9,108,32357,1383,4279,4640943,16,185,40,1,25569,1,30,1,470315,1,488049,1,117506,1,3525726,1,13706,1,317341,1,13165,4,661603,4,83250,4,801883,4,1607765,8,2373028,108,32342,24,4088,1,32382,1,2866,1,0,0,0,0,0,0,461749,1,19558,1,3537,1,6933,1,23485,1,413496,1,26210,1,17050,1,36,1,9559,1,4522,1,17086,1,9559,1,48,1,1240,1,1,1,0,1
471,4492700,4521,9559,28.990147,,0,11,9,108,32837,1363,3688,4459863,16,185,190,1,30779,1,40,1,473752,1,497718,1,121764,1,3322524,1,13095,1,342439,1,14358,4,543526,4,82940,4,780863,4,1520085,8,2264297,108,32963,24,5601,1,28495,1,2855,1,0,0,0,0,0,0,470225,1,20630,1,3617,1,6833,1,23746,1,414588,1,28284,1,17051,1,36,1,9559,1,4521,1,17087,1,9559,1,48,1,1240,1,1,1,0,1
472,4632400,4521,9559,28.990149,,0,11,9,108,35083,1373,3878,4597317,16,185,110,1,25379,1,30,1,469564,1,489111,1,115783,1,3483614,1,13726,1,310518,1,13827,4,556361,4,85354,4,821902,4,1636018,8,2420868,108,33174,24,4879,1,49936,1,3447,1,0,0,0,0,0,0,463061,1,19277,1,3507,1,6873,1,22273,1,415209,1,24968,1,17051,1,36,1,9559,1,4521,1,17087,1,9559,1,48,1,1240,1,1,1,0,1
473,5022300,4520,9559,28.990149,,0,11,9,108,33197,1493,4439,4989103,16,185,301,1,26571,1,20,1,469243,1,526503,1,122967,1,3829932,1,13566,1,422383,1,13807,4,608351,4,83932,4,896866,4,1745310,8,2606046,108,31691,24,4629,1,49145,1,4018,1,0,0,0,0,0,0,482509,1,34256,1,3427,1,7084,1,23946,1,411512,1,25279,1,17047,1,36,1,9559,1,4520,1,17083,1,9559,1,48,1,1240,1,1,1,0,1
474,4567400,4520,9559,28.990149,,0,11,9,108,33274,1262,4669,4534126,16,185,170,1,30769,1,70,1,544778,1,492598,1,173794,1,3278790,1,13155,1,442822,1,12494,4,538697,4,80264,4,732299,4,1427247,8,2125801,108,29076,24,3356,1,37502,1,2845,1,0,0,0,0,0,0,457390,1,26461,1,4899,1,7685,1,23295,1,470415,1,43063,1,17048,1,36,1,9559,1,4520,1,17084,1,9559,1,48,1,1240,1,1,1,0,1
475,4425100,4519,9559,28.990149,,0,11,9,108,34967,1333,4639,4390133,16,185,150,1,30950,1,70,1,494111,1,493183,1,138216,1,3220097,1,13356,1,393808,1,13546,4,586649,4,80886,4,718673,4,1385867,8,2070915,108,28986,24,3346,1,33134,1,2855,1,0,0,0,0,0,0,465059,1,20710,1,3827,1,7725,1,24918,1,433484,1,27633,1,17042,1,36,1,9559,1,4519,1,17078,1,9559,1,48,1,1240,1,1,1,0,1
476,4221500,4519,9559,28.990149,,0,11,9,108,30865,1292,4659,4190635,16,185,30,1,31801,1,50,1,470616,1,436360,1,122406,1,3116347,1,13025,1,337680,1,12534,4,538416,4,80445,4,725707,4,1386999,8,2078840,108,29206,24,3266,1,27192,1,2815,1,0,0,0,0,0,0,410370,1,19177,1,3547,1,6963,1,23044,1,412113,1,28314,1,17046,1,36,1,9559,1,4519,1,17082,1,9559,1,48,1,1240,1,1,1,0,1
477,4192900,4519,9559,28.990149,,0,11,9,108,30991,1323,4759,4161909,16,185,160,1,25339,1,40,1,462400,1,433434,1,116073,1,3110767,1,13696,1,314064,1,11642,4,544738,4,79513,4,732630,4,1391859,8,2090183,108,29547,24,3898,1,27914,1,3186,1,0,0,0,0,0,0,406993,1,19888,1,3417,1,6613,1,21692,1,408927,1,24998,1,17047,1,36,1,9559,1,4519,1,17083,1,9559,1,48,1,1240,1,1,1,0,1
478,4218700,4519,9559,28.990145,,0,11,9,108,30730,1252,4990,4187970,16,185,70,1,25559,1,90,1,466327,1,440708,1,122506,1,3119704,1,13005,1,315407,1,12885,4,541262,4,80625,4,719194,4,1416436,8,2101835,108,28805,24,3306,1,26501,1,2835,1,0,0,0,0,0,0,414428,1,19618,1,3527,1,6683,1,22193,1,411873,1,25379,1,17045,1,36,1,9559,1,4519,1,17081,1,9559,1,48,1,1240,1,1,1,0,1
479,4187800,4518,9559,28.99014,,0,11,9,108,30810,1072,5040,4156990,16,185,170,1,25389,1,30,1,468462,1,439836,1,125852,1,3084256,1,12995,1,311319,1,12384,4,541743,4,80795,4,719685,4,1385086,8,2071005,108,28725,24,3196,1,26150,1,2825,1,0,0,0,0,0,0,413826,1,19417,1,3527,1,6713,1,22994,1,411923,1,26601,1,17046,1,36,1,9559,1,4518,1,17082,1,9559,1,48,1,1240,1,1,1,0,1
480,4287900,4517,9559,28.99014,,0,11,9,108,35316,1303,5591,4252584,16,185,180,1,30799,1,80,1,489803,1,481086,1,120883,1,3116758,1,12995,1,321639,1,12865,4,539398,4,81918,4,725747,4,1397930,8,2089411,108,28675,24,3477,1,25910,1,6573,1,0,0,0,0,0,0,455717,1,18646,1,3517,1,6623,1,23415,1,425409,1,34005,1,17049,1,36,1,9559,1,4517,1,17085,1,9559,1,48,1,1240,1,1,1,0,1
481,4245300,4516,9559,28.99014,,0,11,9,108,34121,1182,5211,4211179,16,185,170,1,30609,1,60,1,484963,1,446504,1,117777,1,3118021,1,13075,1,327470,1,12795,4,550279,4,79854,4,718122,4,1397499,8,2081555,108,28856,24,3306,1,24667,1,2845,1,0,0,0,0,0,0,421797,1,17985,1,3467,1,6673,1,23215,1,427573,1,27152,1,17048,1,36,1,9559,1,4516,1,17084,1,9559,1,48,1,1240,1,1,1,0,1
482,4210700,4516,9559,28.99014,,0,11,9,108,31076,1222,5110,4179624,16,185,190,1,25349,1,30,1,471638,1,445948,1,115302,1,3108101,1,13065,1,307071,1,12514,4,540490,4,80475,4,723943,4,1411356,8,2100492,108,29697,24,3246,1,24968,1,2815,1,0,0,0,0,0,0,420349,1,18856,1,3477,1,6092,1,21932,1,418195,1,25219,1,17050,1,36,1,9559,1,4516,1,17086,1,9559,1,48,1,1240,1,1,1,0,1
483,4193500,4516,9559,28.99014,,0,11,9,108,30569,1153,4880,4162931,16,185,40,1,25740,1,20,1,468371,1,444866,1,115362,1,3095457,1,13075,1,307331,1,13606,4,540681,4,80354,4,719425,4,1401637,8,2086265,108,29918,24,3336,1,25108,1,2825,1,0,0,0,0,0,0,418686,1,19608,1,3407,1,6092,1,21261,1,416001,1,24828,1,17050,1,36,1,9559,1,4516,1,17086,1,9559,1,48,1,1240,1,1,1,0,1
484,4214700,4515,9559,28.99014,,0,11,9,108,30417,1212,4860,4184283,16,185,200,1,25369,1,30,1,466177,1,436700,1,116835,1,3125755,1,13215,1,307722,1,12484,4,542254,4,80775,4,733031,4,1413871,8,2112956,108,29086,24,3316,1,28174,1,2916,1,0,0,0,0,0,0,409678,1,20349,1,3557,1,7013,1,21672,1,412283,1,25038,1,17049,1,36,1,9559,1,4515,1,17085,1,9559,1,48,1,1240,1,1,1,0,1
485,4187400,4516,9559,28.99014,,0,11,9,108,30480,1162,4970,4156920,16,185,160,1,25449,1,40,1,467159,1,441860,1,116214,1,3093053,1,12985,1,312351,1,12334,4,541342,4,80445,4,721599,4,1390676,8,2078650,108,28655,24,3296,1,27042,1,2805,1,0,0,0,0,0,0,413436,1,21521,1,3487,1,6733,1,22123,1,413225,1,24878,1,17048,1,36,1,9559,1,4516,1,17084,1,9559,1,48,1,1240,1,1,1,0,1
486,4199100,4514,9559,28.99014,,0,11,9,108,30758,1132,4840,4168342,16,185,40,1,25289,1,40,1,466668,1,438965,1,115502,1,3108793,1,13045,1,309546,1,12374,4,540440,4,80725,4,726338,4,1408270,8,2100853,108,28916,24,3226,1,23966,1,2775,1,0,0,0,0,0,0,411993,1,20159,1,3707,1,7024,1,22022,1,410851,1,26621,1,17044,1,36,1,9559,1,4514,1,17080,1,9559,1,48,1,1240,1,1,1,0,1
487,4198100,4514,9559,28.990133,,0,11,9,108,30550,1212,4850,4167550,16,185,50,1,25349,1,90,1,464304,1,438293,1,114490,1,3111989,1,12985,1,307872,1,12594,4,540560,4,80575,4,728121,4,1410795,8,2104439,108,29627,24,3246,1,24237,1,2775,1,0,0,0,0,0,0,411963,1,19598,1,3547,1,6242,1,20650,1,410971,1,26281,1,17041,1,36,1,9559,1,4514,1,17077,1,9559,1,48,1,1240,1,1,1,0,1
488,4207000,4514,9559,28.990128,,0,11,9,108,33148,1112,4910,4173852,16,185,40,1,25168,1,40,1,462460,1,426310,1,115392,1,3131426,1,13015,1,306259,1,13105,4,539739,4,80956,4,730606,4,1427668,8,2124689,108,28675,24,3306,1,25890,1,2785,1,0,0,0,0,0,0,400300,1,19498,1,3437,1,5971,1,21531,1,409999,1,24778,1,17045,1,36,1,9559,1,4514,1,17081,1,9559,1,48,1,1240,1,1,1,0,1
489,4209600,4513,9559,28.990131,,0,11,9,108,30648,1232,5140,4178952,16,185,120,1,25309,1,20,1,465686,1,452862,1,117015,1,3104865,1,13075,1,309686,1,12514,4,540270,4,80585,4,724915,4,1404112,8,2095272,108,28615,24,3236,1,25499,1,2815,1,0,0,0,0,0,0,426120,1,20049,1,3497,1,6272,1,21381,1,413065,1,24778,1,17041,1,36,1,9559,1,4513,1,17077,1,9559,1,48,1,1240,1,1,1,0,1
490,4167900,4513,9559,28.990131,,0,11,9,108,29746,1182,5230,4138154,16,185,70,1,25188,1,60,1,463572,1,436049,1,116925,1,3083284,1,13005,1,305618,1,12444,4,537925,4,79974,4,721368,4,1393512,8,2079381,108,30268,24,3246,1,25239,1,2775,1,0,0,0,0,0,0,409919,1,19668,1,3407,1,6563,1,21932,1,409869,1,25008,1,17043,1,36,1,9559,1,4513,1,17079,1,9559,1,48,1,1240,1,1,1,0,1
491,4177600,4514,9559,28.990131,,0,11,9,108,29888,1062,5311,4147712,16,185,50,1,25279,1,50,1,462250,1,429226,1,116534,1,3101348,1,12975,1,303825,1,12544,4,537905,4,80074,4,724985,4,1409913,8,2101384,108,28204,24,3256,1,24938,1,2845,1,0,0,0,0,0,0,402835,1,19768,1,3537,1,6833,1,21221,1,408967,1,24978,1,17043,1,36,1,9559,1,4514,1,17079,1,9559,1,48,1,1240,1,1,1,0,1
492,4275000,4514,9559,28.990131,,0,11,9,108,30982,1353,5221,4244018,16,185,80,1,25349,1,40,1,462731,1,446149,1,139488,1,3156895,1,13286,1,305909,1,12404,4,538015,4,81767,4,759692,4,1425413,8,2151530,108,28355,24,3276,1,26210,1,2855,1,0,0,0,0,0,0,416682,1,20289,1,4629,1,6643,1,21642,1,409238,1,24998,1,17046,1,36,1,9559,1,4514,1,17082,1,9559,1,48,1,1240,1,1,1,0,1
493,4212200,4514,9559,28.990131,,0,11,9,108,31214,1072,4699,4180986,16,185,190,1,25168,1,20,1,460947,1,440718,1,116334,1,3124583,1,13025,1,309045,1,13125,4,548826,4,80615,4,717922,4,1421536,8,2105642,108,29116,24,3246,1,26411,1,2785,1,0,0,0,0,0,0,414347,1,19808,1,3527,1,6442,1,22854,1,406552,1,24918,1,17043,1,36,1,9559,1,4514,1,17079,1,9559,1,48,1,1240,1,1,1,0,1
494,4193900,4513,9559,28.99013,,0,11,9,108,31640,1112,5642,4162260,16,185,170,1,25359,1,80,1,465506,1,434426,1,115462,1,3108212,1,13045,1,309275,1,12604,4,537444,4,80144,4,728732,4,1407589,8,2102105,108,28575,24,3256,1,25239,1,2815,1,0,0,0,0,0,0,407224,1,20369,1,3737,1,6032,1,22113,1,412043,1,25058,1,17043,1,36,1,9559,1,4513,1,17079,1,9559,1,48,1,1240,1,1,1,0,1
495,4274100,4514,9559,28.990126,,0,11,9,108,31395,1232,5401,4242705,16,185,160,1,25369,1,30,1,465015,1,434717,1,115843,1,3188466,1,13105,1,305728,1,12494,4,539037,4,80375,4,726729,4,1486140,8,2179253,108,28214,24,4288,1,29276,1,3166,1,0,0,0,0,0,0,409007,1,19087,1,3467,1,6172,1,23215,1,410450,1,25018,1,17051,1,36,1,9559,1,4514,1,17087,1,9559,1,48,1,1240,1,1,1,0,1
496,4199100,4514,9559,28.990126,,0,11,9,108,36960,1272,5110,4162140,16,185,210,1,30629,1,70,1,469834,1,436670,1,116083,1,3095607,1,13035,1,307341,1,12694,4,539769,4,80385,4,720747,4,1401888,8,2089551,108,27974,24,3256,1,25399,1,2855,1,0,0,0,0,0,0,412404,1,17704,1,3457,1,6673,1,22373,1,415419,1,25108,1,17050,1,36,1,9559,1,4514,1,17086,1,9559,1,48,1,1240,1,1,1,0,1
497,4161500,4515,9559,28.990126,,0,11,9,108,30951,1242,5140,4130549,16,185,110,1,25329,1,40,1,469033,1,441920,1,115522,1,3065510,1,13085,1,303735,1,12614,4,538496,4,80184,4,715998,4,1381819,8,2064352,108,28325,24,3286,1,25309,1,2825,1,0,0,0,0,0,0,415119,1,19978,1,3747,1,6442,1,21762,1,415590,1,25078,1,17049,1,36,1,9559,1,4515,1,17085,1,9559,1,48,1,1240,1,1,1,0,1
498,4155200,4514,9559,28.990126,,0,11,9,108,31294,1202,5050,4123906,16,185,20,1,25158,1,40,1,464784,1,434777,1,114500,1,3071631,1,12995,1,306510,1,12694,4,539999,4,81827,4,709886,4,1387871,8,2064403,108,28304,24,3276,1,25539,1,2825,1,0,0,0,0,0,0,408666,1,19628,1,3407,1,6192,1,21592,1,411752,1,25038,1,17050,1,36,1,9559,1,4514,1,17086,1,9559,1,48,1,1240,1,1,1,0,1
499,4266300,4515,9559,28.990126,,0,11,9,108,30709,1252,5010,4235591,16,185,10,1,25349,1,110,1,465055,1,438484,1,115853,1,3177515,1,13215,1,308404,1,13376,4,570418,4,81567,4,716108,4,1451383,8,2133706,108,28775,24,3857,1,28054,1,3096,1,0,0,0,0,0,0,412033,1,19888,1,3447,1,6713,1,21952,1,411121,1,25108,1,17047,1,36,1,9559,1,4515,1,17083,1,9559,1,48,1,1240,1,1,1,0,1
