step,wall_ns,manifolds,pairs,top_y,awake,void,colors,wide_colors,waves,g_ns,u_ns,r_ns,sys_sum_ns,disp_lane,worker_lane_max,sys_physics_integrate_ns,sys_physics_integrate_n,sys_physics_gather_ns,sys_physics_gather_n,sys_select_broadphase_ns,sys_select_broadphase_n,sys_physics_broadphase_ns,sys_physics_broadphase_n,sys_physics_narrowphase_ns,sys_physics_narrowphase_n,sys_physics_build_graph_ns,sys_physics_build_graph_n,sys_physics_solve_colored_ns,sys_physics_solve_colored_n,sys_physics_apply_ns,sys_physics_apply_n,phys_solve_build_ns,phys_solve_build_n,phys_gravity_ns,phys_gravity_n,phys_warm_apply_ns,phys_warm_apply_n,phys_integrate_ns,phys_integrate_n,phys_pass_biased_ns,phys_pass_biased_n,phys_pass_relax_ns,phys_pass_relax_n,phys_color_wide_ns,phys_color_wide_n,phys_color_narrow_ns,phys_color_narrow_n,phys_restitution_ns,phys_restitution_n,phys_store_ns,phys_store_n,phys_write_back_ns,phys_write_back_n,phys_sleep_begin_ns,phys_sleep_begin_n,phys_sleep_freeze_ns,phys_sleep_freeze_n,phys_sleep_end_ns,phys_sleep_end_n,phys_np_dispatch_ns,phys_np_dispatch_n,phys_np_compact_ns,phys_np_compact_n,phys_np_axis_commit_ns,phys_np_axis_commit_n,phys_bp_verify_ns,phys_bp_verify_n,phys_bp_build_ns,phys_bp_build_n,phys_bp_query_ns,phys_bp_query_n,phys_bp_assemble_ns,phys_bp_assemble_n,phys_slots_wide,phys_slots_wide_n,phys_slots_narrow,phys_slots_narrow_n,phys_np_pairs,phys_np_pairs_n,phys_np_manifolds,phys_np_manifolds_n,phys_np_points,phys_np_points_n,phys_bp_pairs,phys_bp_pairs_n,phys_np_chunks,phys_np_chunks_n,phys_bp_queried,phys_bp_queried_n,phys_bp_members,phys_bp_members_n,phys_bp_rebuilds,phys_bp_rebuilds_n
0,18902300,4495,9570,35.998295,,0,9,9,108,78935,5721,3828,18823365,16,151,751,1,123995,1,70,1,2208374,1,2476223,1,132592,1,13870298,1,11062,1,546159,1,9609,4,541029,4,67714,4,4285338,4,8388486,8,12669996,108,0,0,4910,1,18717,1,2615,1,0,0,0,0,0,0,0,0,0,0,0,0,0,0,0,0,0,0,0,0,17980,1,0,1,9570,1,4495,1,17980,1,9570,1,0,1,0,0,0,0,0,0
1,17365900,4196,9570,35.993866,,0,8,8,96,140111,1433,4209,17225789,16,139,240,1,46021,1,190,1,2243784,1,2548716,1,122011,1,12254175,1,10651,1,397355,1,7785,4,510549,4,65089,4,3936919,4,7311187,8,11243898,96,0,0,2956,1,18336,1,2565,1,0,0,0,0,0,0,0,0,0,0,0,0,0,0,0,0,0,0,0,0,15924,1,0,1,9570,1,4196,1,15924,1,9570,1,0,1,0,0,0,0,0,0
2,16930400,4142,9570,35.986713,,0,8,8,96,128559,1403,5030,16801841,16,139,170,1,34318,1,170,1,2161601,1,2476985,1,117933,1,11999992,1,10671,1,322547,1,7595,4,504186,4,65159,4,3868334,4,7207442,8,11070746,96,0,0,2816,1,17986,1,2525,1,0,0,0,0,0,0,0,0,0,0,0,0,0,0,0,0,0,0,0,0,15744,1,0,1,9570,1,4142,1,15744,1,9570,1,0,1,0,0,0,0,0,0
3,16933000,4111,9570,35.976837,,0,8,8,96,131891,1453,5321,16801109,16,139,190,1,33636,1,200,1,2186851,1,2493888,1,115258,1,11960394,1,10691,1,316105,1,7745,4,500569,4,64778,4,3865639,4,7181260,8,11041578,96,0,0,2765,1,17555,1,2525,1,0,0,0,0,0,0,0,0,0,0,0,0,0,0,0,0,0,0,0,0,15687,1,0,1,9570,1,4111,1,15687,1,9570,1,0,1,0,0,0,0,0,0
4,16379300,4100,9570,35.964233,,0,8,8,96,55393,4058,2325,16323907,16,139,190,1,34608,1,90,1,2211861,1,2268423,1,84527,1,11713346,1,10861,1,253240,1,7334,4,475049,4,65349,4,3678619,4,7206230,8,10882524,96,0,0,2806,1,18126,1,2535,1,0,0,0,0,0,0,0,0,0,0,0,0,0,0,0,0,0,0,0,0,15670,1,0,1,9570,1,4100,1,15670,1,9570,1,0,1,0,0,0,0,0,0
5,16096000,4087,9570,35.948902,,0,8,8,96,46476,1353,2285,16049524,16,139,150,1,23817,1,80,1,1943791,1,2298382,1,85519,1,11687174,1,10611,1,253671,1,8988,4,474057,4,64978,4,3670934,4,7190198,8,10858847,96,0,0,2806,1,17645,1,2545,1,0,0,0,0,0,0,0,0,0,0,0,0,0,0,0,0,0,0,0,0,15642,1,0,1,9570,1,4087,1,15642,1,9570,1,0,1,0,0,0,0,0,0
6,16135700,4079,9570,35.93085,,0,8,8,96,44834,1293,2355,16090866,16,139,150,1,23667,1,80,1,1942769,1,2321608,1,85569,1,11706372,1,10651,1,253441,1,7304,4,473025,4,64738,4,3676675,4,7206550,8,10880870,96,0,0,2886,1,17915,1,2545,1,0,0,0,0,0,0,0,0,0,0,0,0,0,0,0,0,0,0,0,0,15666,1,0,1,9570,1,4079,1,15666,1,9570,1,0,1,0,0,0,0,0,0
7,16126000,4073,9570,35.910072,,0,8,8,96,74251,1212,2285,16051749,16,139,80,1,23547,1,110,1,1913221,1,2269855,1,105599,1,11722424,1,16913,1,259012,1,7425,4,472554,4,64548,4,3680884,4,7212973,8,10891571,96,0,0,2826,1,18436,1,2555,1,0,0,0,0,0,0,0,0,0,0,0,0,0,0,0,0,0,0,0,0,15684,1,0,1,9570,1,4073,1,15684,1,9570,1,0,1,0,0,0,0,0,0
8,16419200,4066,9570,35.88657,,0,8,8,96,95544,1262,2245,16323656,16,139,50,1,25641,1,90,1,2076143,1,2383761,1,105438,1,11715039,1,17495,1,258631,1,7174,4,472193,4,64728,4,3679922,4,7207472,8,10885149,96,0,0,2836,1,18326,1,2495,1,0,0,0,0,0,0,0,0,0,0,0,0,0,0,0,0,0,0,0,0,15684,1,0,1,9570,1,4066,1,15684,1,9570,1,0,1,0,0,0,0,0,0
9,16627200,4061,9570,35.86034,,0,8,8,96,85934,1252,2195,16541266,16,139,50,1,24999,1,50,1,2188124,1,2475382,1,104707,1,11730921,1,17034,1,258000,1,7314,4,473175,4,64648,4,3686605,4,7217271,8,10901681,96,0,0,2665,1,17485,1,2505,1,0,0,0,0,0,0,0,0,0,0,0,0,0,0,0,0,0,0,0,0,15705,1,0,1,9570,1,4061,1,15705,1,9570,1,0,1,0,0,0,0,0,0
10,16406300,4053,9570,35.831387,,0,8,8,96,87333,1212,2336,16318967,16,139,80,1,25110,1,50,1,2078277,1,2376225,1,104016,1,11718225,1,16984,1,258421,1,7375,4,472313,4,65069,4,3681936,4,7209135,8,10888735,96,0,0,2896,1,17344,1,2525,1,0,0,0,0,0,0,0,0,0,0,0,0,0,0,0,0,0,0,0,0,15690,1,0,1,9570,1,4053,1,15690,1,9570,1,0,1,0,0,0,0,0,0
11,16627700,4054,9570,35.79971,,0,8,8,96,86324,1163,2315,16541376,16,139,10,1,26312,1,60,1,2189066,1,2471333,1,103434,1,11734167,1,16994,1,263050,1,7294,4,472023,4,64577,4,3681545,4,7221861,8,10901091,96,0,0,2816,1,17294,1,2545,1,0,0,0,0,0,0,0,0,0,0,0,0,0,0,0,0,0,0,0,0,15715,1,0,1,9570,1,4054,1,15715,1,9570,1,0,1,0,0,0,0,0,0
12,16437400,4056,9570,35.765305,,0,8,8,96,84456,1593,2346,16352944,16,139,60,1,26603,1,60,1,2067576,1,2380183,1,103865,1,11760739,1,13857,1,256697,1,7345,4,471923,4,65239,4,3690973,4,7230698,8,10919326,96,0,0,3066,1,30590,1,2615,1,0,0,0,0,0,0,0,0,0,0,0,0,0,0,0,0,0,0,0,0,15716,1,0,1,9570,1,4056,1,15716,1,9570,1,0,1,0,0,0,0,0,0
13,16427300,4055,9570,35.728176,,0,8,8,96,74486,1172,2396,16352814,16,139,130,1,32164,1,110,1,1932008,1,2399401,1,90068,1,11879634,1,19298,1,382606,1,7385,4,474287,4,64578,4,3693448,4,7233263,8,10924316,96,0,0,2765,1,17635,1,2495,1,0,0,0,0,0,0,0,0,0,0,0,0,0,0,0,0,0,0,0,0,15731,1,0,1,9570,1,4055,1,15731,1,9570,1,0,1,0,0,0,0,0,0
14,16397700,4060,9570,35.688324,,0,8,8,96,85096,1423,2445,16312604,16,139,40,1,30861,1,50,1,1929833,1,2447366,1,107001,1,11780509,1,16943,1,257399,1,7695,4,474197,4,64718,4,3692005,4,7258924,8,10948484,96,0,0,2775,1,18827,1,2545,1,0,0,0,0,0,0,0,0,0,0,0,0,0,0,0,0,0,0,0,0,15731,1,0,1,9570,1,4060,1,15731,1,9570,1,0,1,0,0,0,0,0,0
15,16778500,4057,9570,35.64575,,0,8,8,96,88470,1222,2585,16690030,16,139,130,1,25721,1,100,1,2208795,1,2502786,1,112693,1,11822832,1,16974,1,258010,1,7625,4,472163,4,65109,4,3726113,4,7268974,8,10992501,96,0,0,2786,1,18306,1,2525,1,0,0,0,0,0,0,0,0,0,0,0,0,0,0,0,0,0,0,0,0,15734,1,0,1,9570,1,4057,1,15734,1,9570,1,0,1,0,0,0,0,0,0
16,16484900,4055,9570,35.600445,,0,8,8,96,86346,1293,2495,16398554,16,139,80,1,25550,1,60,1,2049640,1,2388881,1,107763,1,11811730,1,14849,1,264012,1,8126,4,475910,4,75950,4,3706695,4,7256629,8,10960829,96,0,0,2836,1,17735,1,2545,1,0,0,0,0,0,0,0,0,0,0,0,0,0,0,0,0,0,0,0,0,15727,1,0,1,9570,1,4055,1,15727,1,9570,1,0,1,0,0,0,0,0,0
17,16663000,4051,9570,35.552414,,0,8,8,96,130832,1202,2315,16532168,16,139,30,1,25761,1,60,1,2125039,1,2459069,1,105028,1,11803173,1,14008,1,266667,1,7846,4,492674,4,65429,4,3700382,4,7246640,8,10944707,96,0,0,2695,1,17074,1,2565,1,0,0,0,0,0,0,0,0,0,0,0,0,0,0,0,0,0,0,0,0,15724,1,0,1,9570,1,4051,1,15724,1,9570,1,0,1,0,0,0,0,0,0
18,16468000,4049,9570,35.501663,,0,8,8,96,125797,1182,2706,16342203,16,139,60,1,32645,1,291,1,1928811,1,2566141,1,83425,1,11712474,1,18356,1,254894,1,7395,4,474237,4,64638,4,3666305,4,7220979,8,10884578,96,0,0,2896,1,17404,1,2545,1,0,0,0,0,0,0,0,0,0,0,0,0,0,0,0,0,0,0,0,0,15728,1,0,1,9570,1,4049,1,15728,1,9570,1,0,1,0,0,0,0,0,0
19,16643700,4050,9570,35.448185,,0,8,8,96,156731,1172,2315,16486969,16,139,361,1,33496,1,140,1,2154197,1,2412698,1,103785,1,11768685,1,13607,1,265976,1,7395,4,473546,4,65920,4,3697456,4,7234405,8,10929546,96,0,0,2856,1,17424,1,2535,1,0,0,0,0,0,0,0,0,0,0,0,0,0,0,0,0,0,0,0,0,15736,1,0,1,9570,1,4050,1,15736,1,9570,1,0,1,0,0,0,0,0,0
20,19521500,4829,9570,35.391983,,0,14,12,144,94642,1273,3528,19426858,16,211,140,1,32214,1,190,1,1915866,1,2677892,1,115999,1,14673124,1,11433,1,323058,1,7314,4,568604,4,64758,4,4605841,4,9075383,8,13564092,144,113604,24,3437,1,20911,1,2545,1,0,0,0,0,0,0,0,0,0,0,0,0,0,0,0,0,0,0,0,0,18718,1,144,1,9570,1,4829,1,18862,1,9570,1,0,1,0,0,0,0,0,0
21,18854700,4715,9570,35.333054,,0,13,11,132,132044,1513,3487,18722656,16,199,190,1,33927,1,110,1,2114669,1,2791706,1,144325,1,13626987,1,10741,1,382887,1,7735,4,567040,4,65239,4,4280037,4,8294410,8,12491243,132,79718,24,3206,1,22334,1,2585,1,0,0,0,0,0,0,0,0,0,0,0,0,0,0,0,0,0,0,0,0,17266,1,101,1,9570,1,4715,1,17367,1,9570,1,0,1,0,0,0,0,0,0
22,18467100,4565,9570,35.2714,,0,13,10,120,141849,1463,3037,18325251,16,199,190,1,32945,1,190,1,2149197,1,2791927,1,135678,1,13204282,1,10841,1,367767,1,7555,4,552011,4,65239,4,4172826,4,8010459,8,12007567,120,172681,36,3136,1,21322,1,2505,1,0,0,0,0,0,0,0,0,0,0,0,0,0,0,0,0,0,0,0,0,16624,1,220,1,9570,1,4565,1,16844,1,9570,1,0,1,0,0,0,0,0,0
23,18399500,4496,9570,35.207024,,0,13,10,120,161211,1463,3237,18238289,16,199,190,1,33476,1,110,1,2064680,1,2855493,1,130859,1,13136428,1,17054,1,358929,1,7485,4,543965,4,65069,4,4220059,4,7912555,8,11972708,120,156669,36,3046,1,20961,1,2896,1,0,0,0,0,0,0,0,0,0,0,0,0,0,0,0,0,0,0,0,0,16445,1,200,1,9570,1,4496,1,16645,1,9570,1,0,1,0,0,0,0,0,0
24,17618000,4419,9570,35.13992,,0,12,10,120,33042,1333,3137,17584958,16,187,100,1,30370,1,80,1,2171361,1,2565790,1,98374,1,12708091,1,10791,1,286246,1,7645,4,499126,4,64287,4,3997118,4,7814161,8,11738424,120,69718,24,3136,1,31061,1,3978,1,0,0,0,0,0,0,0,0,0,0,0,0,0,0,0,0,0,0,0,0,16356,1,88,1,9570,1,4419,1,16444,1,9570,1,0,1,0,0,0,0,0,0
25,17401200,4390,9570,35.07009,,0,12,9,108,44964,1433,2946,17356236,16,187,150,1,30140,1,160,1,1936326,1,2585439,1,98124,1,12694986,1,10912,1,307448,1,7445,4,501120,4,65560,4,3983932,4,7792548,8,11543870,108,229664,36,3236,1,29699,1,2565,1,0,0,0,0,0,0,0,0,0,0,0,0,0,0,0,0,0,0,0,0,16055,1,291,1,9570,1,4390,1,16346,1,9570,1,0,1,0,0,0,0,0,0
26,17348000,4353,9570,34.997536,,0,12,9,108,46111,1352,2846,17301889,16,187,261,1,24017,1,160,1,1943210,1,2586110,1,98134,1,12639326,1,10671,1,287107,1,7294,4,500058,4,65269,4,3967760,4,7784743,8,11566536,108,183122,36,3016,1,20200,1,2525,1,0,0,0,0,0,0,0,0,0,0,0,0,0,0,0,0,0,0,0,0,16062,1,229,1,9570,1,4353,1,16291,1,9570,1,0,1,0,0,0,0,0,0
27,17562300,4336,9570,34.92226,,0,12,9,108,169211,1383,3007,17393089,16,187,160,1,26753,1,130,1,1944452,1,2714584,1,118654,1,12574678,1,13677,1,291466,1,7204,4,492774,4,64688,4,3942360,4,7749373,8,11529762,108,158964,36,2876,1,19959,1,2595,1,0,0,0,0,0,0,0,0,0,0,0,0,0,0,0,0,0,0,0,0,16019,1,201,1,9570,1,4336,1,16220,1,9570,1,0,1,0,0,0,0,0,0
28,20384200,4982,9570,34.844257,,0,14,11,132,166710,1453,3487,20217490,16,211,120,1,32594,1,70,1,1927950,1,2912906,1,160247,1,15167521,1,16082,1,409659,1,7815,4,611589,4,65199,4,4827149,4,9216422,8,13731974,132,308109,36,3397,1,22294,1,2545,1,0,0,0,0,0,0,0,0,0,0,0,0,0,0,0,0,0,0,0,0,18465,1,392,1,9570,1,4982,1,18857,1,9570,1,0,1,0,0,0,0,0,0
29,19169100,4783,9570,34.763527,,0,14,11,132,161661,1242,3256,19007439,16,211,180,1,32434,1,130,1,2112154,1,2938988,1,139426,1,13770671,1,13457,1,342417,1,7244,4,534636,4,64558,4,4324105,4,8464626,8,12676198,132,109276,36,3286,1,25991,1,2565,1,0,0,0,0,0,0,0,0,0,0,0,0,0,0,0,0,0,0,0,0,17239,1,139,1,9570,1,4783,1,17378,1,9570,1,0,1,0,0,0,0,0,0
30,18704600,4670,9570,34.680073,,0,13,11,132,138834,1413,3247,18565766,16,199,120,1,32715,1,321,1,1931767,1,2883498,1,146429,1,13556778,1,14138,1,377576,1,7575,4,559726,4,65059,4,4256411,4,8260874,8,12411455,132,102582,24,3156,1,22444,1,2545,1,0,0,0,0,0,0,0,0,0,0,0,0,0,0,0,0,0,0,0,0,16931,1,131,1,9570,1,4670,1,17062,1,9570,1,0,1,0,0,0,0,0,0
31,18758400,4639,9570,34.593895,,0,13,11,132,140230,1473,3277,18618170,16,199,351,1,36041,1,170,1,2137985,1,2888808,1,142011,1,13401933,1,10871,1,368628,1,7545,4,554626,4,65329,4,4210751,4,8165635,8,12289865,132,83244,24,3166,1,22244,1,2535,1,0,0,0,0,0,0,0,0,0,0,0,0,0,0,0,0,0,0,0,0,16699,1,106,1,9570,1,4639,1,16805,1,9570,1,0,1,0,0,0,0,0,0
32,18605500,4573,9570,34.504993,,0,13,11,132,131786,1493,3277,18473714,16,199,190,1,34338,1,130,1,2177112,1,2917525,1,140928,1,13192569,1,10922,1,360041,1,7715,4,545468,4,65389,4,4181653,4,8003044,8,12079158,132,102262,24,3126,1,22064,1,2575,1,0,0,0,0,0,0,0,0,0,0,0,0,0,0,0,0,0,0,0,0,16368,1,130,1,9570,1,4573,1,16498,1,9570,1,0,1,0,0,0,0,0,0
33,17815100,4491,9570,34.413364,,0,13,11,132,50707,1303,3257,17764393,16,199,190,1,34518,1,90,1,2087745,1,2684154,1,107042,1,12839782,1,10871,1,292388,1,7324,4,506180,4,65379,4,4062498,4,7877426,8,11845276,132,91390,24,3036,1,21753,1,2495,1,0,0,0,0,0,0,0,0,0,0,0,0,0,0,0,0,0,0,0,0,16106,1,116,1,9570,1,4491,1,16222,1,9570,1,0,1,0,0,0,0,0,0
34,19759700,5031,9570,34.31901,,0,14,11,132,44282,1313,3447,19715418,16,211,140,1,23887,1,80,1,1944092,1,2809131,1,127001,1,14800426,1,10661,1,324812,1,7314,4,571509,4,64828,4,4664006,4,9137025,8,13490828,132,306756,36,3337,1,23747,1,2535,1,0,0,0,0,0,0,0,0,0,0,0,0,0,0,0,0,0,0,0,0,17973,1,388,1,9570,1,5031,1,18361,1,9570,1,0,1,0,0,0,0,0,0
35,18684400,4806,9570,34.221935,,0,14,11,132,72172,1262,3317,18612228,16,211,160,1,23727,1,80,1,1944703,1,2894209,1,117823,1,13614583,1,16943,1,323349,1,7555,4,534516,4,65089,4,4279116,4,8373897,8,12556452,132,93244,36,3246,1,24017,1,2535,1,0,0,0,0,0,0,0,0,0,0,0,0,0,0,0,0,0,0,0,0,16833,1,118,1,9570,1,4806,1,16951,1,9570,1,0,1,0,0,0,0,0,0
36,18871700,4646,9570,34.12213,,0,14,11,132,147751,1523,4029,18723949,16,211,160,1,38115,1,110,1,2224486,1,3036650,1,151479,1,13261996,1,10952,1,382967,1,7665,4,541831,4,65239,4,4223716,4,8010299,8,12130850,132,99136,36,3156,1,23066,1,2535,1,0,0,0,0,0,0,0,0,0,0,0,0,0,0,0,0,0,0,0,0,16171,1,126,1,9570,1,4646,1,16297,1,9570,1,0,1,0,0,0,0,0,0
37,17953900,4535,9570,34.019604,,0,13,10,120,114599,1423,3137,17839301,16,199,190,1,34107,1,190,1,2055742,1,2979117,1,140067,1,12612382,1,17505,1,307748,1,7445,4,497092,4,65429,4,3954584,4,7750094,8,11445987,120,255555,36,3076,1,22965,1,2525,1,0,0,0,0,0,0,0,0,0,0,0,0,0,0,0,0,0,0,0,0,15408,1,325,1,9570,1,4535,1,15733,1,9570,1,0,1,0,0,0,0,0,0
38,17756100,4502,9570,33.91435,,0,13,11,132,88118,1232,3247,17667982,16,199,40,1,25671,1,160,1,2081764,1,2932404,1,138414,1,12472356,1,17174,1,300955,1,7435,4,489327,4,66411,4,3915417,4,7660517,8,11490736,132,81952,24,3076,1,25460,1,2525,1,0,0,0,0,0,0,0,0,0,0,0,0,0,0,0,0,0,0,0,0,15473,1,104,1,9570,1,4502,1,15577,1,9570,1,0,1,0,0,0,0,0,0
39,19761900,4984,9570,33.806374,,0,14,12,144,93685,1252,3418,19668215,16,211,40,1,25811,1,70,1,2129929,1,3054396,1,161178,1,14280929,1,15861,1,338439,1,7465,4,556049,4,64678,4,4487377,4,8793987,8,13176947,144,101000,24,3266,1,25851,1,2565,1,0,0,0,0,0,0,0,0,0,0,0,0,0,0,0,0,0,0,0,0,17363,1,128,1,9570,1,4984,1,17491,1,9570,1,0,1,0,0,0,0,0,0
40,19854900,5009,9570,33.69567,,0,15,11,132,100414,1092,3488,19754486,16,223,40,1,41442,1,50,1,2176681,1,3198551,1,183974,1,14137135,1,16613,1,359841,1,7324,4,548083,4,64798,4,4434412,4,8690583,8,12922574,132,198933,48,3317,1,25160,1,2525,1,0,0,0,0,0,0,0,0,0,0,0,0,0,0,0,0,0,0,0,0,17089,1,251,1,9570,1,5009,1,17340,1,9570,1,0,1,0,0,0,0,0,0
41,19182800,4852,9570,33.58224,,0,14,11,132,88209,1172,3286,19094591,16,211,80,1,25380,1,60,1,2215267,1,3195354,1,158263,1,13483213,1,16974,1,329661,1,7425,4,525068,4,64858,4,4231451,4,8292867,8,12370995,132,150036,36,3317,1,24849,1,2545,1,0,0,0,0,0,0,0,0,0,0,0,0,0,0,0,0,0,0,0,0,16401,1,190,1,9570,1,4852,1,16591,1,9570,1,0,1,0,0,0,0,0,0
42,18594700,4753,9570,33.466087,,0,14,11,132,86898,1433,3648,18507802,16,211,60,1,24869,1,60,1,2185228,1,3140636,1,150407,1,12989578,1,16964,1,318259,1,7435,4,508825,4,69888,4,4070113,4,7981862,8,11926477,132,121851,36,3206,1,26031,1,2525,1,0,0,0,0,0,0,0,0,0,0,0,0,0,0,0,0,0,0,0,0,15808,1,154,1,9570,1,4753,1,15962,1,9570,1,0,1,0,0,0,0,0,0
43,18534100,4728,9570,33.34721,,0,14,11,132,87038,1262,3297,18447062,16,211,60,1,25180,1,50,1,2049340,1,3249842,1,149856,1,12955350,1,17384,1,311085,1,7425,4,503575,4,65119,4,4061596,4,7970941,8,11883492,132,145747,36,3276,1,28576,1,2495,1,0,0,0,0,0,0,0,0,0,0,0,0,0,0,0,0,0,0,0,0,15589,1,185,1,9570,1,4728,1,15774,1,9570,1,0,1,0,0,0,0,0,0
44,19543600,4996,9570,33.22561,,0,14,11,132,85801,1132,3457,19457799,16,211,40,1,25791,1,180,1,2150419,1,3229211,1,163593,1,13871350,1,17214,1,337246,1,7294,4,537502,4,64718,4,4354304,4,8537681,8,12671489,132,217039,36,3276,1,25651,1,2545,1,0,0,0,0,0,0,0,0,0,0,0,0,0,0,0,0,0,0,0,0,16516,1,272,1,9570,1,4996,1,16788,1,9570,1,0,1,0,0,0,0,0,0
45,20226600,5112,9570,33.10128,,0,14,12,144,80581,1393,5170,20146019,16,211,10,1,24979,1,70,1,2062666,1,3366422,1,186759,1,14488209,1,16903,1,470179,1,7815,4,585788,4,64718,4,4539440,4,8784679,8,13217418,144,101531,24,3537,1,28106,1,2555,1,0,0,0,0,0,0,0,0,0,0,0,0,0,0,0,0,0,0,0,0,17219,1,129,1,9570,1,5112,1,17348,1,9570,1,0,1,0,0,0,0,0,0
46,19201200,4923,9570,32.974224,,0,14,11,132,87952,1242,3567,19113248,16,211,130,1,25961,1,110,1,2180920,1,3299450,1,162942,1,13426681,1,17054,1,339310,1,7465,4,522432,4,64908,4,4201562,4,8256555,8,12211610,132,242940,36,3377,1,27294,1,2535,1,0,0,0,0,0,0,0,0,0,0,0,0,0,0,0,0,0,0,0,0,15971,1,307,1,9570,1,4923,1,16278,1,9570,1,0,1,0,0,0,0,0,0
47,18432900,4760,9570,32.844448,,0,14,11,132,89613,1353,3698,18343287,16,211,80,1,24939,1,90,1,2158024,1,3227498,1,156529,1,12759223,1,16903,1,322748,1,7345,4,500639,4,64818,4,3987900,4,7842246,8,11639800,132,186649,36,3196,1,26452,1,2525,1,0,0,0,0,0,0,0,0,0,0,0,0,0,0,0,0,0,0,0,0,15212,1,234,1,9570,1,4760,1,15446,1,9570,1,0,1,0,0,0,0,0,0
48,19321000,5001,9570,32.711945,,0,14,12,144,90059,1283,3637,19230941,16,211,70,1,26352,1,60,1,2071133,1,3219933,1,165527,1,13730682,1,17184,1,334852,1,7455,4,535107,4,64758,4,4298835,4,8453404,8,12609877,144,138724,24,3327,1,29118,1,2545,1,0,0,0,0,0,0,0,0,0,0,0,0,0,0,0,0,0,0,0,0,16273,1,176,1,9570,1,5001,1,16449,1,9570,1,0,1,0,0,0,0,0,0
49,19987000,5139,9570,32.576717,,0,14,12,144,161074,1523,3618,19825926,16,211,140,1,31212,1,130,1,1917228,1,3449346,1,177821,1,14233706,1,16342,1,447023,1,7846,4,589244,4,65199,4,4464542,4,8624292,8,12957865,144,127351,24,3427,1,28055,1,2555,1,0,0,0,0,0,0,0,0,0,0,0,0,0,0,0,0,0,0,0,0,16761,1,162,1,9570,1,5139,1,16923,1,9570,1,0,1,0,0,0,0,0,0
50,19733000,4996,9570,32.438763,,0,14,12,144,125876,1423,3507,19607124,16,211,281,1,32083,1,120,1,2204085,1,3386903,1,160247,1,13803446,1,19959,1,423437,1,7886,4,566479,4,65099,4,4301039,4,8404698,8,12642201,144,60029,24,3377,1,27424,1,2585,1,0,0,0,0,0,0,0,0,0,0,0,0,0,0,0,0,0,0,0,0,16396,1,76,1,9570,1,4996,1,16472,1,9570,1,0,1,0,0,0,0,0,0
51,18715300,4871,9570,32.298084,,0,13,11,132,80778,1273,3297,18634522,16,199,160,1,38536,1,130,1,2076163,1,3066690,1,126660,1,13314670,1,11513,1,318830,1,7375,4,521841,4,65229,4,4184298,4,8181777,8,12196931,132,165848,24,3397,1,28126,1,2525,1,0,0,0,0,0,0,0,0,0,0,0,0,0,0,0,0,0,0,0,0,15840,1,210,1,9570,1,4871,1,16050,1,9570,1,0,1,0,0,0,0,0,0
52,20064000,5093,9570,32.154682,,0,14,11,132,160560,2094,3658,19903440,16,211,190,1,32164,1,160,1,2125380,1,3298728,1,179885,1,14245329,1,21603,1,345463,1,7795,4,548885,4,65018,4,4467879,4,8774960,8,13016200,132,222980,36,3347,1,27324,1,2565,1,0,0,0,0,0,0,0,0,0,0,0,0,0,0,0,0,0,0,0,0,16703,1,282,1,9570,1,5093,1,16985,1,9570,1,0,1,0,0,0,0,0,0
53,19472300,4972,9570,32.008553,,0,13,11,132,111432,1303,3246,19360868,16,199,150,1,38316,1,140,1,2129778,1,3094285,1,130097,1,13952991,1,15110,1,338469,1,7525,4,537572,4,64828,4,4380185,4,8589954,8,12801155,132,165738,24,3457,1,27124,1,2575,1,0,0,0,0,0,0,0,0,0,0,0,0,0,0,0,0,0,0,0,0,16437,1,208,1,9570,1,4972,1,16645,1,9570,1,0,1,0,0,0,0,0,0
54,19068300,4792,9570,31.8597,,0,13,11,132,164676,1313,3297,18903624,16,199,361,1,31152,1,120,1,2037907,1,3379809,1,156509,1,13284150,1,13617,1,345052,1,7425,4,511962,4,64477,4,4177124,4,8144554,8,12238303,132,80078,24,3156,1,26532,1,2555,1,0,0,0,0,0,0,0,0,0,0,0,0,0,0,0,0,0,0,0,0,15830,1,102,1,9570,1,4792,1,15932,1,9570,1,0,1,0,0,0,0,0,0
55,19000200,4796,9570,31.70812,,0,13,10,120,168789,1473,3086,18831411,16,199,120,1,32484,1,321,1,1936737,1,3352364,1,168563,1,13326073,1,14749,1,384911,1,7705,4,542542,4,65159,4,4212805,4,8079956,8,12048137,120,241537,36,3226,1,25771,1,2525,1,0,0,0,0,0,0,0,0,0,0,0,0,0,0,0,0,0,0,0,0,15396,1,306,1,9570,1,4796,1,15702,1,9570,1,0,1,0,0,0,0,0,0
56,19676700,4911,9570,31.553818,,0,13,10,120,161688,1222,3188,19515012,16,199,361,1,32294,1,120,1,2217342,1,3361052,1,158403,1,13731864,1,13577,1,348459,1,7244,4,525007,4,64688,4,4315137,4,8437974,8,12496032,120,253892,36,3276,1,26322,1,2535,1,0,0,0,0,0,0,0,0,0,0,0,0,0,0,0,0,0,0,0,0,15945,1,319,1,9570,1,4911,1,16264,1,9570,1,0,1,0,0,0,0,0,0
57,19057800,4780,9570,31.39679,,0,14,10,120,130459,1433,3227,18927341,16,211,70,1,33015,1,40,1,1916517,1,3256816,1,164415,1,13545646,1,10821,1,389570,1,7765,4,547592,4,64868,4,4334886,4,8168141,8,12341307,120,158493,48,3196,1,25651,1,2545,1,0,0,0,0,0,0,0,0,0,0,0,0,0,0,0,0,0,0,0,0,15714,1,201,1,9570,1,4780,1,15915,1,9570,1,0,1,0,0,0,0,0,0
58,19161200,4734,9570,31.237036,,0,13,10,120,152318,1493,3337,19008882,16,199,180,1,32965,1,160,1,2056574,1,3245593,1,161269,1,13498734,1,13406,1,383287,1,7745,4,540228,4,64788,4,4318734,4,8149343,8,12350525,120,114216,36,3266,1,27234,1,2615,1,0,0,0,0,0,0,0,0,0,0,0,0,0,0,0,0,0,0,0,0,15644,1,141,1,9570,1,4734,1,15785,1,9570,1,0,1,0,0,0,0,0,0
59,19343800,4748,9570,31.074558,,0,13,10,120,145223,1984,3127,19198577,16,199,120,1,34458,1,160,1,2075922,1,3369448,1,162301,1,13539504,1,16663,1,321776,1,7314,4,519827,4,65279,4,4248956,4,8343437,8,12509539,120,79727,36,3156,1,25140,1,2635,1,0,0,0,0,0,0,0,0,0,0,0,0,0,0,0,0,0,0,0,0,15913,1,100,1,9570,1,4748,1,16013,1,9570,1,0,1,0,0,0,0,0,0
60,18980000,4704,9570,30.909355,,0,12,10,120,77709,1383,3066,18902291,16,187,160,1,37344,1,130,1,2182332,1,3071089,1,120989,1,13478654,1,11593,1,309311,1,7645,4,514697,4,65079,4,4237423,4,8312896,8,12481764,120,65489,24,3126,1,24549,1,2545,1,0,0,0,0,0,0,0,0,0,0,0,0,0,0,0,0,0,0,0,0,15920,1,82,1,9570,1,4704,1,16002,1,9570,1,0,1,0,0,0,0,0,0
61,19291100,4678,9570,30.741426,,0,12,10,120,167912,1774,3087,19123188,16,187,180,1,31873,1,70,1,2180539,1,3280031,1,159144,1,13454156,1,17194,1,303420,1,7635,4,513134,4,65439,4,4230540,4,8301855,8,12464980,120,64327,24,3076,1,24709,1,2575,1,0,0,0,0,0,0,0,0,0,0,0,0,0,0,0,0,0,0,0,0,15884,1,81,1,9570,1,4678,1,15965,1,9570,1,0,1,0,0,0,0,0,0
62,18857000,4666,9570,30.570772,,0,12,10,120,79896,1353,3157,18777104,16,187,160,1,38035,1,130,1,2140430,1,3064556,1,120769,1,13400159,1,12865,1,307638,1,7525,4,511070,4,65169,4,4209598,4,8267116,8,12413910,120,59648,24,3086,1,24969,1,2635,1,0,0,0,0,0,0,0,0,0,0,0,0,0,0,0,0,0,0,0,0,15772,1,75,1,9570,1,4666,1,15847,1,9570,1,0,1,0,0,0,0,0,0
63,19216900,4609,9570,30.397394,,0,11,9,108,159402,2004,2887,19057498,16,175,190,1,32855,1,110,1,2174908,1,3263769,1,156189,1,13408455,1,21022,1,316856,1,7365,4,508685,4,65449,4,4216562,4,8262006,8,12278632,108,197049,24,3146,1,23807,1,2575,1,0,0,0,0,0,0,0,0,0,0,0,0,0,0,0,0,0,0,0,0,15605,1,248,1,9570,1,4609,1,15853,1,9570,1,0,1,0,0,0,0,0,0
64,19346500,4623,9570,30.22129,,0,12,9,108,120569,1423,2867,19225931,16,187,160,1,37234,1,130,1,2128135,1,3215474,1,153493,1,13680052,1,11252,1,364440,1,7575,4,544506,4,65018,4,4392740,4,8272557,8,12472616,108,189814,36,3126,1,25851,1,2816,1,0,0,0,0,0,0,0,0,0,0,0,0,0,0,0,0,0,0,0,0,15755,1,241,1,9570,1,4623,1,15996,1,9570,1,0,1,0,0,0,0,0,0
65,19321500,4625,9570,30.042463,,0,12,9,108,158443,2074,2946,19163057,16,187,180,1,32144,1,40,1,2049610,1,3367614,1,154535,1,13537440,1,21492,1,303079,1,7284,4,513014,4,65329,4,4261491,4,8355130,8,12444991,108,168683,36,3226,1,24248,1,2565,1,0,0,0,0,0,0,0,0,0,0,0,0,0,0,0,0,0,0,0,0,15812,1,212,1,9570,1,4625,1,16024,1,9570,1,0,1,0,0,0,0,0,0
66,19429400,4579,9570,29.860909,,0,12,9,108,122259,1813,2886,19307141,16,187,160,1,37825,1,130,1,2213674,1,3248960,1,153734,1,13640885,1,11773,1,362707,1,7655,4,553113,4,67824,4,4276731,4,8325652,8,12476434,108,123063,36,3808,1,38907,1,2675,1,0,0,0,0,0,0,0,0,0,0,0,0,0,0,0,0,0,0,0,0,15822,1,154,1,9570,1,4579,1,15976,1,9570,1,0,1,0,0,0,0,0,0
67,19445800,4610,9570,29.67663,,0,12,9,108,170492,1353,2946,19275308,16,187,271,1,34117,1,261,1,2120490,1,3305702,1,155798,1,13641596,1,17074,1,362296,1,7334,4,515779,4,65369,4,4278374,4,8381612,8,12541262,108,115778,36,3166,1,23747,1,2565,1,0,0,0,0,0,0,0,0,0,0,0,0,0,0,0,0,0,0,0,0,15966,1,146,1,9570,1,4610,1,16112,1,9570,1,0,1,0,0,0,0,0,0
68,19447700,4550,9570,29.489626,,0,11,9,108,119607,1493,2837,19328093,16,175,150,1,38055,1,130,1,2225488,1,3285933,1,153974,1,13613631,1,10731,1,360021,1,7655,4,541490,4,65079,4,4290027,4,8318878,8,12539758,108,66311,24,3226,1,23216,1,2545,1,0,0,0,0,0,0,0,0,0,0,0,0,0,0,0,0,0,0,0,0,15946,1,82,1,9570,1,4550,1,16028,1,9570,1,0,1,0,0,0,0,0,0
69,19415900,4524,9570,29.299898,,0,11,9,108,131303,1513,2786,19284597,16,175,190,1,32755,1,130,1,2145179,1,3177890,1,150437,1,13767294,1,10721,1,351745,1,7655,4,538895,4,65289,4,4451917,4,8321483,8,12723922,108,46692,24,3056,1,23206,1,2535,1,0,0,0,0,0,0,0,0,0,0,0,0,0,0,0,0,0,0,0,0,15963,1,58,1,9570,1,4524,1,16021,1,9570,1,0,1,0,0,0,0,0,0
70,19341700,4535,9570,29.107445,,0,11,9,108,159305,1413,2777,19182395,16,175,190,1,34679,1,170,1,2053267,1,3344579,1,151299,1,13577029,1,21182,1,285624,1,7375,4,514817,4,65499,4,4284286,4,8389488,8,12604977,108,66020,24,3066,1,22905,1,2555,1,0,0,0,0,0,0,0,0,0,0,0,0,0,0,0,0,0,0,0,0,16066,1,69,1,9570,1,4535,1,16135,1,9570,1,0,1,0,0,0,0,0,0
71,19077300,4528,9570,28.912266,,0,11,9,108,77807,1303,3397,18999493,16,175,160,1,37664,1,150,1,2180198,1,3008084,1,115228,1,13646776,1,11232,1,284612,1,7304,4,513084,4,64958,4,4321289,4,8425479,8,12705596,108,37775,24,3106,1,23076,1,2565,1,0,0,0,0,0,0,0,0,0,0,0,0,0,0,0,0,0,0,0,0,16175,1,47,1,9570,1,4528,1,16222,1,9570,1,0,1,0,0,0,0,0,0
72,19422800,4533,9570,28.714361,,0,11,9,108,156980,1964,2777,19265820,16,175,180,1,32354,1,210,1,2175629,1,3233479,1,152211,1,13651516,1,20240,1,285895,1,7234,4,514316,4,65039,4,4310087,4,8438996,8,12721447,108,24859,24,3076,1,22344,1,2565,1,0,0,0,0,0,0,0,0,0,0,0,0,0,0,0,0,0,0,0,0,16235,1,31,1,9570,1,4533,1,16266,1,9570,1,0,1,0,0,0,0,0,0
73,19478200,4529,9570,28.745474,,0,10,9,108,121280,1433,2826,19356920,16,163,160,1,37825,1,140,1,2097074,1,3165325,1,146840,1,13898614,1,10942,1,353088,1,7565,4,545979,4,65109,4,4461616,4,8435779,8,12876464,108,18106,12,3016,1,22494,1,2535,1,0,0,0,0,0,0,0,0,0,0,0,0,0,0,0,0,0,0,0,0,16290,1,23,1,9570,1,4529,1,16313,1,9570,1,0,1,0,0,0,0,0,0
74,19454900,4530,9570,28.77165,,0,11,9,108,158550,1864,3037,19296350,16,175,190,1,32133,1,140,1,2192032,1,3217067,1,147572,1,13690072,1,17144,1,297929,1,7134,4,517042,4,65349,4,4325066,4,8447803,8,12735285,108,34548,24,3036,1,22304,1,2545,1,0,0,0,0,0,0,0,0,0,0,0,0,0,0,0,0,0,0,0,0,16318,1,43,1,9570,1,4530,1,16361,1,9570,1,0,1,0,0,0,0,0,0
75,19158000,4529,9570,28.79591,,0,10,9,108,88097,1222,2616,19069903,16,163,100,1,26202,1,60,1,2111783,1,3165836,1,142141,1,13606837,1,16943,1,288821,1,7244,4,513525,4,64858,4,4299255,4,8403395,8,12676739,108,23296,12,3066,1,22955,1,2495,1,0,0,0,0,0,0,0,0,0,0,0,0,0,0,0,0,0,0,0,0,16337,1,30,1,9570,1,4529,1,16367,1,9570,1,0,1,0,0,0,0,0,0
76,19116300,4524,9570,28.816788,,0,10,9,108,71507,1483,2886,19044793,16,163,60,1,25561,1,50,1,2083297,1,3130045,1,139075,1,13655864,1,10841,1,287228,1,7435,4,513545,4,64878,4,4313403,4,8439537,8,12731057,108,18998,12,2936,1,22875,1,2545,1,0,0,0,0,0,0,0,0,0,0,0,0,0,0,0,0,0,0,0,0,16366,1,24,1,9570,1,4524,1,16390,1,9570,1,0,1,0,0,0,0,0,0
77,18977200,4517,9570,28.83433,,0,10,9,108,65109,1413,2715,18912091,16,163,50,1,30520,1,70,1,1924984,1,3056510,1,139926,1,13742886,1,17144,1,356344,1,7946,4,545378,4,66401,4,4329134,4,8406371,8,12714664,108,18126,12,3106,1,24278,1,2515,1,0,0,0,0,0,0,0,0,0,0,0,0,0,0,0,0,0,0,0,0,16419,1,23,1,9570,1,4517,1,16442,1,9570,1,0,1,0,0,0,0,0,0
78,19154100,4520,9570,28.848581,,0,10,9,108,88656,1232,2756,19065444,16,163,130,1,26152,1,60,1,2063768,1,3144173,1,146439,1,13667778,1,16943,1,292658,1,7234,4,517182,4,64848,4,4315107,4,8439366,8,12739804,108,11914,12,3016,1,24589,1,2545,1,0,0,0,0,0,0,0,0,0,0,0,0,0,0,0,0,0,0,0,0,16423,1,15,1,9570,1,4520,1,16438,1,9570,1,0,1,0,0,0,0,0,0
79,19324200,4514,9568,28.862343,,0,10,9,108,87829,1283,3116,19236371,16,163,50,1,25791,1,80,1,2038859,1,3295512,1,142291,1,13716985,1,16803,1,288430,1,7154,4,520238,4,64798,4,4327782,4,8478474,8,12774923,108,28216,12,3056,1,23226,1,2545,1,0,0,0,0,0,0,0,0,0,0,0,0,0,0,0,0,0,0,0,0,16435,1,36,1,9568,1,4514,1,16471,1,9568,1,0,1,0,0,0,0,0,0
80,19429600,4519,9568,28.873486,,0,10,9,108,89734,1162,2756,19339866,16,163,60,1,25991,1,110,1,2183905,1,3233419,1,141239,1,13738217,1,16923,1,286005,1,7395,4,518625,4,64998,4,4341569,4,8490527,8,12792157,108,37183,12,3006,1,22394,1,2535,1,0,0,0,0,0,0,0,0,0,0,0,0,0,0,0,0,0,0,0,0,16444,1,47,1,9568,1,4519,1,16491,1,9568,1,0,1,0,0,0,0,0,0
81,19385100,4518,9568,28.88324,,0,10,9,108,162065,1463,3087,19223035,16,163,100,1,30099,1,130,1,1931457,1,3172609,1,150317,1,13921249,1,17074,1,347928,1,7645,4,546530,4,67343,4,4519721,4,8403205,8,12898617,108,21222,12,3006,1,21883,1,2525,1,0,0,0,0,0,0,0,0,0,0,0,0,0,0,0,0,0,0,0,0,16476,1,27,1,9568,1,4518,1,16503,1,9568,1,0,1,0,0,0,0,0,0
82,19519800,4518,9568,28.892859,,0,10,9,108,161578,1192,2816,19358222,16,163,351,1,31953,1,140,1,2224355,1,3235203,1,142712,1,13709761,1,13747,1,296957,1,7184,4,520298,4,64678,4,4324205,4,8468314,8,12764974,108,24729,12,2976,1,21442,1,2515,1,0,0,0,0,0,0,0,0,0,0,0,0,0,0,0,0,0,0,0,0,16476,1,31,1,9568,1,4518,1,16507,1,9568,1,0,1,0,0,0,0,0,0
83,19348300,4516,9568,28.90075,,0,10,9,108,145274,1273,2836,19203026,16,163,180,1,37985,1,90,1,2128296,1,3149924,1,140417,1,13732015,1,14118,1,291246,1,7324,4,520048,4,65038,4,4342190,4,8476860,8,12793881,108,22334,12,2996,1,22464,1,2575,1,0,0,0,0,0,0,0,0,0,0,0,0,0,0,0,0,0,0,0,0,16487,1,28,1,9568,1,4516,1,16515,1,9568,1,0,1,0,0,0,0,0,0
84,19316500,4517,9567,28.907646,,0,10,9,108,129907,1333,2675,19186593,16,163,140,1,32043,1,220,1,1927679,1,3119845,1,153273,1,13942300,1,11092,1,349020,1,7735,4,546299,4,64758,4,4512046,4,8430759,8,12920892,108,19238,12,3096,1,24689,1,2565,1,0,0,0,0,0,0,0,0,0,0,0,0,0,0,0,0,0,0,0,0,16504,1,24,1,9567,1,4517,1,16528,1,9567,1,0,1,0,0,0,0,0,0
85,19481200,4508,9565,28.914537,,0,10,9,108,176103,1924,2715,19305097,16,163,180,1,32685,1,140,1,2182603,1,3226676,1,150888,1,13694701,1,17224,1,284312,1,7154,4,520208,4,65379,4,4326830,4,8461510,8,12760285,108,25340,12,3046,1,21743,1,2595,1,0,0,0,0,0,0,0,0,0,0,0,0,0,0,0,0,0,0,0,0,16470,1,32,1,9565,1,4508,1,16502,1,9565,1,0,1,0,0,0,0,0,0
86,19036500,4519,9565,28.920815,,0,10,9,108,80803,1283,2726,18955697,16,163,150,1,37885,1,130,1,2099829,1,2993455,1,112743,1,13698489,1,13016,1,277799,1,7294,4,518665,4,65139,4,4336018,4,8464526,8,12777297,108,20521,12,3126,1,21963,1,2675,1,0,0,0,0,0,0,0,0,0,0,0,0,0,0,0,0,0,0,0,0,16503,1,26,1,9565,1,4519,1,16529,1,9565,1,0,1,0,0,0,0,0,0
87,19333500,4516,9565,28.92588,,0,10,9,108,161546,1904,2746,19171954,16,163,180,1,32584,1,70,1,2161461,1,3111719,1,148373,1,13694982,1,22585,1,285474,1,7194,4,520178,4,65399,4,4324335,4,8463264,8,12764503,108,20350,12,3006,1,21623,1,2605,1,0,0,0,0,0,0,0,0,0,0,0,0,0,0,0,0,0,0,0,0,16480,1,26,1,9565,1,4516,1,16506,1,9565,1,0,1,0,0,0,0,0,0
88,19167000,4518,9565,28.930962,,0,10,9,108,77689,1252,2665,19089311,16,163,160,1,36933,1,140,1,2239515,1,2985009,1,112021,1,13703919,1,11613,1,281346,1,7224,4,519517,4,65219,4,4336158,4,8465538,8,12776567,108,22464,12,3076,1,22003,1,2585,1,0,0,0,0,0,0,0,0,0,0,0,0,0,0,0,0,0,0,0,0,16493,1,28,1,9565,1,4518,1,16521,1,9565,1,0,1,0,0,0,0,0,0
89,19476900,4519,9565,28.935617,,0,10,9,108,166372,2084,2906,19310528,16,163,190,1,32925,1,130,1,2179607,1,3217889,1,149485,1,13713328,1,16974,1,282538,1,7304,4,521020,4,65359,4,4334305,4,8473323,8,12785584,108,19138,12,3066,1,21743,1,2585,1,0,0,0,0,0,0,0,0,0,0,0,0,0,0,0,0,0,0,0,0,16514,1,24,1,9565,1,4519,1,16538,1,9565,1,0,1,0,0,0,0,0,0
90,19030600,4514,9565,28.939785,,0,11,9,108,78049,1322,2686,18952551,16,175,160,1,37795,1,160,1,2108557,1,2987203,1,111741,1,13695813,1,11122,1,279182,1,7625,4,518444,4,65209,4,4333313,4,8461480,8,12767669,108,24438,24,3046,1,23547,1,2645,1,0,0,0,0,0,0,0,0,0,0,0,0,0,0,0,0,0,0,0,0,16497,1,31,1,9565,1,4514,1,16528,1,9565,1,0,1,0,0,0,0,0,0
91,19339000,4516,9565,28.943506,,0,10,9,108,166575,1333,2605,19172425,16,163,190,1,32294,1,190,1,2108266,1,3139093,1,148113,1,13727105,1,17174,1,287809,1,7234,4,521551,4,65259,4,4340687,4,8475638,8,12792558,108,21162,12,3367,1,21633,1,2595,1,0,0,0,0,0,0,0,0,0,0,0,0,0,0,0,0,0,0,0,0,16544,1,27,1,9565,1,4516,1,16571,1,9565,1,0,1,0,0,0,0,0,0
92,19181000,4512,9565,28.946703,,0,10,9,108,79856,1363,2686,19101144,16,163,160,1,37835,1,130,1,2248764,1,2980690,1,110919,1,13711835,1,10811,1,279352,1,7244,4,520669,4,64988,4,4357050,4,8453635,8,12781225,108,26773,12,3136,1,21783,1,2615,1,0,0,0,0,0,0,0,0,0,0,0,0,0,0,0,0,0,0,0,0,16538,1,34,1,9565,1,4512,1,16572,1,9565,1,0,1,0,0,0,0,0,0
93,19169500,4508,9565,28.949604,,0,10,9,108,47174,1333,2676,19122326,16,163,190,1,34348,1,90,1,2207111,1,3007102,1,113474,1,13749439,1,10571,1,287719,1,7294,4,521310,4,66712,4,4341148,4,8496469,8,12808620,108,26322,12,2976,1,21913,1,2565,1,0,0,0,0,0,0,0,0,0,0,0,0,0,0,0,0,0,0,0,0,16531,1,34,1,9565,1,4508,1,16565,1,9565,1,0,1,0,0,0,0,0,0
94,18890300,4522,9565,28.952375,,0,10,9,108,47957,1202,2666,18842343,16,163,150,1,23697,1,70,1,1943621,1,3027432,1,114326,1,13722195,1,10851,1,280194,1,7264,4,521871,4,65139,4,4342130,4,8476881,8,12785684,108,30661,12,3056,1,21923,1,2535,1,0,0,0,0,0,0,0,0,0,0,0,0,0,0,0,0,0,0,0,0,16525,1,39,1,9565,1,4522,1,16564,1,9565,1,0,1,0,0,0,0,0,0
95,18911400,4519,9565,28.954878,,0,10,9,108,52735,1232,2676,18858665,16,163,160,1,23717,1,90,1,1943190,1,3037182,1,114366,1,13729259,1,10701,1,283079,1,7365,4,519136,4,64848,4,4346559,4,8478724,8,12796285,108,26322,12,3016,1,22755,1,2545,1,0,0,0,0,0,0,0,0,0,0,0,0,0,0,0,0,0,0,0,0,16552,1,34,1,9565,1,4519,1,16586,1,9565,1,0,1,0,0,0,0,0,0
96,19247800,4521,9565,28.957104,,0,10,9,108,106516,1443,2786,19141284,16,163,30,1,27745,1,150,1,1914012,1,3302536,1,142672,1,13737425,1,16713,1,289081,1,7294,4,517473,4,64868,4,4340777,4,8488684,8,12796526,108,30150,12,3036,1,22184,1,2585,1,0,0,0,0,0,0,0,0,0,0,0,0,0,0,0,0,0,0,0,0,16560,1,40,1,9565,1,4521,1,16600,1,9565,1,0,1,0,0,0,0,0,0
97,19390900,4517,9565,28.9592,,0,10,9,108,88478,1222,2766,19302422,16,163,120,1,25100,1,80,1,2174928,1,3196607,1,140979,1,13747626,1,16984,1,281085,1,7144,4,519206,4,65049,4,4350727,4,8495207,8,12806405,108,36763,12,3046,1,22364,1,2575,1,0,0,0,0,0,0,0,0,0,0,0,0,0,0,0,0,0,0,0,0,16549,1,46,1,9565,1,4517,1,16595,1,9565,1,0,1,0,0,0,0,0,0
98,19431000,4515,9565,28.960983,,0,10,9,108,90513,1443,2546,19340487,16,163,130,1,24759,1,70,1,2088066,1,3132740,1,138474,1,13942380,1,13867,1,338449,1,7605,4,550187,4,64738,4,4514892,4,8437743,8,12919428,108,30661,12,3106,1,21673,1,2545,1,0,0,0,0,0,0,0,0,0,0,0,0,0,0,0,0,0,0,0,0,16575,1,40,1,9565,1,4515,1,16615,1,9565,1,0,1,0,0,0,0,0,0
99,18944200,4520,9565,28.96278,,0,10,9,108,86236,1282,2576,18857964,16,163,591,1,40420,1,110,1,1943921,1,2996661,1,113053,1,13750451,1,12755,1,281967,1,7244,4,525258,4,64948,4,4359985,4,8482402,8,12814611,108,25200,12,3066,1,21713,1,2585,1,0,0,0,0,0,0,0,0,0,0,0,0,0,0,0,0,0,0,0,0,16589,1,32,1,9565,1,4520,1,16621,1,9565,1,0,1,0,0,0,0,0,0
100,19582600,4521,9564,28.964386,,0,10,9,108,159880,1934,2766,19422720,16,163,180,1,32584,1,60,1,2221259,1,3238129,1,151469,1,13758647,1,20390,1,285905,1,7154,4,520979,4,64958,4,4365807,4,8484275,8,12816646,108,30671,12,3156,1,21903,1,2575,1,0,0,0,0,0,0,0,0,0,0,0,0,0,0,0,0,0,0,0,0,16587,1,39,1,9564,1,4521,1,16626,1,9564,1,0,1,0,0,0,0,0,0
101,19138400,4521,9564,28.965906,,0,10,9,108,106973,1844,2605,19031427,16,163,160,1,37374,1,120,1,2113055,1,3001140,1,112432,1,13753217,1,13928,1,282929,1,7184,4,517783,4,64648,4,4351769,4,8497100,8,12821385,108,24879,12,3036,1,24308,1,2615,1,0,0,0,0,0,0,0,0,0,0,0,0,0,0,0,0,0,0,0,0,16610,1,32,1,9564,1,4521,1,16642,1,9564,1,0,1,0,0,0,0,0,0
102,19099200,4521,9563,28.967402,,0,10,9,108,43896,1303,2596,19055304,16,163,140,1,31001,1,80,1,2094449,1,3009878,1,114216,1,13794588,1,10952,1,284422,1,7284,4,533504,4,65259,4,4364715,4,8510767,8,12838539,108,34348,12,3096,1,21703,1,2535,1,0,0,0,0,0,0,0,0,0,0,0,0,0,0,0,0,0,0,0,0,16608,1,44,1,9563,1,4521,1,16652,1,9563,1,0,1,0,0,0,0,0,0
103,18987500,4520,9563,28.968788,,0,10,9,108,43727,1222,2585,18943773,16,163,160,1,23757,1,100,1,1943691,1,3028404,1,114186,1,13822794,1,10681,1,280715,1,7234,4,523705,4,65740,4,4379925,4,8536649,8,12878869,108,35119,12,3006,1,22084,1,2515,1,0,0,0,0,0,0,0,0,0,0,0,0,0,0,0,0,0,0,0,0,16622,1,45,1,9563,1,4520,1,16667,1,9563,1,0,1,0,0,0,0,0,0
104,18991200,4522,9563,28.969984,,0,10,9,108,48889,1313,2796,18942311,16,163,160,1,23827,1,80,1,1942989,1,3034967,1,115278,1,13814327,1,10681,1,283610,1,7234,4,523064,4,65109,4,4376618,4,8530096,8,12862797,108,41121,12,3096,1,21613,1,2575,1,0,0,0,0,0,0,0,0,0,0,0,0,0,0,0,0,0,0,0,0,16622,1,53,1,9563,1,4522,1,16675,1,9563,1,0,1,0,0,0,0,0,0
105,19308900,4518,9563,28.971111,,0,10,9,108,98921,1232,2816,19209979,16,163,100,1,27845,1,180,1,2099509,1,3124544,1,143283,1,13797384,1,17134,1,287979,1,7194,4,521811,4,65079,4,4377460,4,8507441,8,12843488,108,38596,12,3046,1,23587,1,2555,1,0,0,0,0,0,0,0,0,0,0,0,0,0,0,0,0,0,0,0,0,16621,1,49,1,9563,1,4518,1,16670,1,9563,1,0,1,0,0,0,0,0,0
106,19477200,4521,9563,28.97221,,0,10,9,108,79480,1122,2606,19397720,16,163,50,1,25460,1,100,1,2206169,1,3247998,1,142211,1,13764790,1,10942,1,298961,1,7234,4,519657,4,64788,4,4359945,4,8485498,8,12809572,108,33266,12,3046,1,22024,1,2515,1,0,0,0,0,0,0,0,0,0,0,0,0,0,0,0,0,0,0,0,0,16635,1,42,1,9563,1,4521,1,16677,1,9563,1,0,1,0,0,0,0,0,0
107,19349800,4523,9563,28.97325,,0,10,9,108,89952,1182,2786,19259848,16,163,20,1,31592,1,160,1,2124999,1,3154323,1,141249,1,13790500,1,17004,1,285865,1,7966,4,519917,4,64818,4,4363693,4,8520246,8,12850162,108,30991,12,2986,1,21322,1,2505,1,0,0,0,0,0,0,0,0,0,0,0,0,0,0,0,0,0,0,0,0,16652,1,40,1,9563,1,4523,1,16692,1,9563,1,0,1,0,0,0,0,0,0
108,19226700,4515,9562,28.974203,,0,10,9,108,86298,1242,2656,19140402,16,163,70,1,25150,1,50,1,2056253,1,3101549,1,140037,1,13799789,1,17505,1,285614,1,7164,4,533214,4,64798,4,4363973,4,8515336,8,12843909,108,32745,12,3046,1,22875,1,2525,1,0,0,0,0,0,0,0,0,0,0,0,0,0,0,0,0,0,0,0,0,16660,1,41,1,9562,1,4515,1,16701,1,9562,1,0,1,0,0,0,0,0,0
109,19545600,4517,9562,28.975157,,0,10,9,108,85937,1092,2655,19459663,16,163,10,1,25781,1,60,1,2240377,1,3215885,1,138524,1,13821892,1,17134,1,289622,1,7234,4,520539,4,64838,4,4372721,4,8539574,8,12872316,108,37324,12,2936,1,20781,1,2555,1,0,0,0,0,0,0,0,0,0,0,0,0,0,0,0,0,0,0,0,0,16684,1,47,1,9562,1,4517,1,16731,1,9562,1,0,1,0,0,0,0,0,0
110,19364200,4516,9562,28.976004,,0,10,9,108,87850,1232,2606,19276350,16,163,10,1,25631,1,30,1,2131532,1,3124173,1,140618,1,13837904,1,16453,1,319582,1,7114,4,521621,4,64798,4,4367841,4,8529515,8,12866603,108,28146,12,2996,1,20681,1,2525,1,0,0,0,0,0,0,0,0,0,0,0,0,0,0,0,0,0,0,0,0,16690,1,36,1,9562,1,4516,1,16726,1,9562,1,0,1,0,0,0,0,0,0
111,19401400,4515,9562,28.976778,,0,10,9,108,86964,1202,2736,19314436,16,163,40,1,24919,1,60,1,2056253,1,3267306,1,137923,1,13810750,1,17184,1,285274,1,7144,4,521290,4,64828,4,4370125,4,8534945,8,12877586,108,24749,12,2926,1,20460,1,2555,1,0,0,0,0,0,0,0,0,0,0,0,0,0,0,0,0,0,0,0,0,16691,1,32,1,9562,1,4515,1,16723,1,9562,1,0,1,0,0,0,0,0,0
112,19426100,4519,9562,28.977486,,0,10,9,108,85392,1213,2596,19340708,16,163,50,1,25571,1,30,1,2163305,1,3185004,1,138043,1,13811722,1,16984,1,283370,1,7224,4,522713,4,64698,4,4370176,4,8536128,8,12872525,108,31182,12,3186,1,20480,1,2535,1,0,0,0,0,0,0,0,0,0,0,0,0,0,0,0,0,0,0,0,0,16685,1,40,1,9562,1,4519,1,16725,1,9562,1,0,1,0,0,0,0,0,0
113,19300000,4520,9562,28.978231,,0,10,9,108,85441,1262,2796,19214559,16,163,30,1,25270,1,50,1,2087695,1,3114545,1,138303,1,13831441,1,17224,1,284943,1,7204,4,520879,4,64768,4,4370015,4,8556428,8,12893898,108,29749,12,2956,1,20460,1,2525,1,0,0,0,0,0,0,0,0,0,0,0,0,0,0,0,0,0,0,0,0,16698,1,38,1,9562,1,4520,1,16736,1,9562,1,0,1,0,0,0,0,0,0
114,19514600,4520,9562,28.97893,,0,10,9,108,86490,1052,2856,19428110,16,163,40,1,24979,1,60,1,2214837,1,3220674,1,139225,1,13811241,1,17054,1,282408,1,7274,4,520028,4,64848,4,4376749,4,8532821,8,12875091,108,31622,12,3006,1,20541,1,2515,1,0,0,0,0,0,0,0,0,0,0,0,0,0,0,0,0,0,0,0,0,16706,1,40,1,9562,1,4520,1,16746,1,9562,1,0,1,0,0,0,0,0,0
115,19355100,4519,9561,28.979557,,0,10,9,108,84842,1132,2516,19270258,16,163,30,1,25390,1,70,1,2131131,1,3126117,1,140708,1,13829758,1,17054,1,288290,1,7164,4,522683,4,64828,4,4372300,4,8547460,8,12888517,108,28727,12,2946,1,20450,1,2505,1,0,0,0,0,0,0,0,0,0,0,0,0,0,0,0,0,0,0,0,0,16724,1,36,1,9561,1,4519,1,16760,1,9561,1,0,1,0,0,0,0,0,0
116,19442100,4526,9561,28.980162,,0,10,9,108,87465,1172,2646,19354635,16,163,10,1,25871,1,60,1,2074850,1,3261435,1,139546,1,13835790,1,17074,1,285805,1,7164,4,523735,4,64838,4,4381628,4,8543582,8,12890942,108,31622,12,3046,1,22304,1,2515,1,0,0,0,0,0,0,0,0,0,0,0,0,0,0,0,0,0,0,0,0,16733,1,40,1,9561,1,4526,1,16773,1,9561,1,0,1,0,0,0,0,0,0
117,19461700,4519,9561,28.980728,,0,10,9,108,84841,1232,2727,19376859,16,163,40,1,25150,1,50,1,2168605,1,3190835,1,140448,1,13834537,1,17194,1,290694,1,7214,4,521531,4,64878,4,4377921,4,8544965,8,12888747,108,31412,12,2956,1,20661,1,2485,1,0,0,0,0,0,0,0,0,0,0,0,0,0,0,0,0,0,0,0,0,16723,1,40,1,9561,1,4519,1,16763,1,9561,1,0,1,0,0,0,0,0,0
118,19801200,4521,9561,28.981266,,0,10,9,108,85271,1653,3087,19715929,16,163,150,1,25150,1,60,1,2089609,1,3163321,1,156028,1,14263014,1,18597,1,455290,1,10060,4,563063,4,68676,4,4529260,4,8587489,8,13082420,108,31242,12,3617,1,41071,1,2836,1,0,0,0,0,0,0,0,0,0,0,0,0,0,0,0,0,0,0,0,0,16755,1,40,1,9561,1,4521,1,16795,1,9561,1,0,1,0,0,0,0,0,0
119,19589800,4517,9561,28.981787,,0,10,9,108,88365,1273,2665,19501435,16,163,210,1,26422,1,170,1,2117344,1,3257497,1,145808,1,13937190,1,16793,1,374330,1,7164,4,523024,4,65419,4,4389624,4,8538903,8,12896213,108,29649,12,2926,1,31973,1,2555,1,0,0,0,0,0,0,0,0,0,0,0,0,0,0,0,0,0,0,0,0,16748,1,36,1,9561,1,4517,1,16784,1,9561,1,0,1,0,0,0,0,0,0
120,19524200,4523,9561,28.982262,,0,10,9,108,125959,1353,2636,19398241,16,163,90,1,31923,1,331,1,1932328,1,3275192,1,149606,1,13997890,1,10882,1,369921,1,7645,4,554876,4,69327,4,4454322,4,8512751,8,12933206,108,31232,12,3056,1,22104,1,2535,1,0,0,0,0,0,0,0,0,0,0,0,0,0,0,0,0,0,0,0,0,16776,1,40,1,9561,1,4523,1,16816,1,9561,1,0,1,0,0,0,0,0,0
121,19484800,4523,9561,28.98269,,0,10,9,108,150024,1363,2705,19334776,16,163,190,1,33536,1,70,1,2097525,1,3147740,1,160768,1,13878113,1,16833,1,291246,1,7174,4,526701,4,65179,4,4402469,4,8554714,8,12923557,108,30921,12,3136,1,23627,1,2505,1,0,0,0,0,0,0,0,0,0,0,0,0,0,0,0,0,0,0,0,0,16768,1,40,1,9561,1,4523,1,16808,1,9561,1,0,1,0,0,0,0,0,0
122,19276600,4521,9561,28.983118,,0,10,9,108,77592,1232,2655,19199008,16,163,160,1,38566,1,140,1,2205759,1,2999006,1,113404,1,13829137,1,12835,1,287348,1,7224,4,527572,4,65199,4,4381498,4,8532080,8,12882616,108,28306,12,2986,1,21382,1,2615,1,0,0,0,0,0,0,0,0,0,0,0,0,0,0,0,0,0,0,0,0,16780,1,36,1,9561,1,4521,1,16816,1,9561,1,0,1,0,0,0,0,0,0
123,19547600,4522,9561,28.98351,,0,10,9,108,165110,2114,2696,19382490,16,163,180,1,32665,1,80,1,2157904,1,3193220,1,147972,1,13833275,1,17194,1,286506,1,9358,4,527683,4,65349,4,4383983,4,8531058,8,12881263,108,31081,12,3036,1,21593,1,2595,1,0,0,0,0,0,0,0,0,0,0,0,0,0,0,0,0,0,0,0,0,16773,1,40,1,9561,1,4522,1,16813,1,9561,1,0,1,0,0,0,0,0,0
124,19410100,4518,9561,28.98387,,0,10,9,108,117267,1323,2606,19292833,16,163,160,1,39268,1,130,1,2244154,1,3009036,1,113154,1,13871981,1,14950,1,319842,1,7264,4,527783,4,65069,4,4386348,4,8536999,8,12901313,108,19428,12,3026,1,21723,1,2605,1,0,0,0,0,0,0,0,0,0,0,0,0,0,0,0,0,0,0,0,0,16794,1,24,1,9561,1,4518,1,16818,1,9561,1,0,1,0,0,0,0,0,0
125,19564500,4521,9561,28.984217,,0,10,9,108,161259,1313,2756,19403241,16,163,261,1,31883,1,210,1,2173866,1,3169553,1,141700,1,13872332,1,13437,1,290995,1,7304,4,522613,4,64808,4,4388061,4,8570365,8,12937133,108,18537,12,2996,1,21292,1,2585,1,0,0,0,0,0,0,0,0,0,0,0,0,0,0,0,0,0,0,0,0,16816,1,24,1,9561,1,4521,1,16840,1,9561,1,0,1,0,0,0,0,0,0
126,19496000,4521,9561,28.984558,,0,10,9,108,164731,1373,2635,19331269,16,163,140,1,32334,1,271,1,1928621,1,3119284,1,150257,1,14083710,1,16653,1,350713,1,7685,4,559035,4,64668,4,4542877,4,8530426,8,13051600,108,19068,12,3026,1,21332,1,2575,1,0,0,0,0,0,0,0,0,0,0,0,0,0,0,0,0,0,0,0,0,16826,1,24,1,9561,1,4521,1,16850,1,9561,1,0,1,0,0,0,0,0,0
127,19580100,4517,9561,28.98485,,0,10,9,108,161158,1242,2906,19418942,16,163,381,1,32324,1,120,1,2177853,1,3147850,1,139476,1,13907161,1,13777,1,289542,1,7194,4,526581,4,65940,4,4400716,4,8588571,8,12967203,108,19178,12,3106,1,21733,1,2535,1,0,0,0,0,0,0,0,0,0,0,0,0,0,0,0,0,0,0,0,0,16852,1,24,1,9561,1,4517,1,16876,1,9561,1,0,1,0,0,0,0,0,0
128,19480400,4522,9561,28.98514,,0,10,9,108,127759,1463,2636,19352641,16,163,120,1,32284,1,30,1,1930395,1,3125977,1,150117,1,14102988,1,10731,1,341645,1,7655,4,556680,4,65249,4,4550863,4,8552520,8,13078222,108,22525,12,3066,1,21252,1,2595,1,0,0,0,0,0,0,0,0,0,0,0,0,0,0,0,0,0,0,0,0,16842,1,28,1,9561,1,4522,1,16870,1,9561,1,0,1,0,0,0,0,0,0
129,19682900,4521,9561,28.98541,,0,10,9,108,177507,1303,3076,19505393,16,163,180,1,34558,1,160,1,2169978,1,3160976,1,148293,1,13974564,1,16683,1,352026,1,7615,4,555097,4,64427,4,4406988,4,8560406,8,12942314,108,22003,12,3036,1,21102,1,2565,1,0,0,0,0,0,0,0,0,0,0,0,0,0,0,0,0,0,0,0,0,16861,1,28,1,9561,1,4521,1,16889,1,9561,1,0,1,0,0,0,0,0,0
130,19539300,4519,9560,28.98568,,0,10,9,108,131329,1413,2655,19407971,16,163,110,1,32394,1,30,1,1928100,1,3272156,1,149445,1,14014994,1,10741,1,340463,1,7685,4,557812,4,65419,4,4481465,4,8533963,8,12990940,108,21833,12,3046,1,21172,1,2555,1,0,0,0,0,0,0,0,0,0,0,0,0,0,0,0,0,0,0,0,0,16862,1,28,1,9560,1,4519,1,16890,1,9560,1,0,1,0,0,0,0,0,0
131,19710600,4526,9559,28.98593,,0,10,9,108,129698,1503,2606,19580902,16,163,190,1,33426,1,120,1,2105631,1,3162559,1,147131,1,14121174,1,10671,1,342597,1,7675,4,556850,4,64948,4,4576543,4,8542941,8,13091849,108,25029,12,3076,1,22504,1,2535,1,0,0,0,0,0,0,0,0,0,0,0,0,0,0,0,0,0,0,0,0,16896,1,32,1,9559,1,4526,1,16928,1,9559,1,0,1,0,0,0,0,0,0
132,19671600,4524,9559,28.986149,,0,10,9,108,154764,2485,3467,19516836,16,163,190,1,34448,1,120,1,2189376,1,3194913,1,147331,1,13933182,1,17274,1,280995,1,7314,4,529366,4,65249,4,4402630,4,8594944,8,12967955,108,26152,12,3186,1,44408,1,2605,1,0,0,0,0,0,0,0,0,0,0,0,0,0,0,0,0,0,0,0,0,16900,1,32,1,9559,1,4524,1,16932,1,9559,1,0,1,0,0,0,0,0,0
133,19362600,4516,9559,28.98636,,0,10,9,108,89095,1753,3577,19273505,16,163,160,1,37955,1,150,1,2240247,1,2981912,1,111580,1,13889195,1,12304,1,277939,1,21813,4,526641,4,65149,4,4398952,4,8570175,8,12943035,108,22514,12,3076,1,21092,1,2605,1,0,0,0,0,0,0,0,0,0,0,0,0,0,0,0,0,0,0,0,0,16892,1,28,1,9559,1,4516,1,16920,1,9559,1,0,1,0,0,0,0,0,0
134,19591300,4520,9559,28.98657,,0,10,9,108,157839,2014,2705,19433461,16,163,180,1,32805,1,80,1,2176841,1,3182068,1,145307,1,13874787,1,21392,1,279953,1,7685,4,527362,4,65269,4,4396457,4,8569283,8,12940811,108,22224,12,3116,1,21112,1,2535,1,0,0,0,0,0,0,0,0,0,0,0,0,0,0,0,0,0,0,0,0,16901,1,28,1,9559,1,4520,1,16929,1,9559,1,0,1,0,0,0,0,0,0
135,19935200,4522,9559,28.986776,,0,10,9,108,159012,1403,2726,19776188,16,163,160,1,38246,1,120,1,2254264,1,3240022,1,143714,1,14084712,1,14950,1,342797,1,7685,4,557902,4,65349,4,4482758,4,8600154,8,13059295,108,20891,12,3026,1,21082,1,2555,1,0,0,0,0,0,0,0,0,0,0,0,0,0,0,0,0,0,0,0,0,16906,1,26,1,9559,1,4522,1,16932,1,9559,1,0,1,0,0,0,0,0,0
136,19461500,4519,9559,28.986969,,0,10,9,108,156954,1363,2906,19304546,16,163,521,1,32133,1,130,1,2073758,1,3128833,1,139556,1,13915958,1,13657,1,302899,1,7244,4,525599,4,64648,4,4413591,4,8573652,8,12960610,108,23727,12,2956,1,21442,1,2565,1,0,0,0,0,0,0,0,0,0,0,0,0,0,0,0,0,0,0,0,0,16892,1,30,1,9559,1,4519,1,16922,1,9559,1,0,1,0,0,0,0,0,0
137,19525400,4521,9559,28.987137,,0,10,9,108,128030,1423,2645,19397370,16,163,140,1,32865,1,120,1,1942909,1,3262116,1,148894,1,13999634,1,10691,1,342667,1,7585,4,557652,4,65149,4,4453951,4,8544304,8,12968416,108,27194,12,3196,1,21182,1,2525,1,0,0,0,0,0,0,0,0,0,0,0,0,0,0,0,0,0,0,0,0,16889,1,34,1,9559,1,4521,1,16923,1,9559,1,0,1,0,0,0,0,0,0
138,19590200,4521,9559,28.9873,,0,10,9,108,132722,1493,3027,19457478,16,163,190,1,32915,1,110,1,2083687,1,3098072,1,146269,1,14085573,1,10661,1,348859,1,7645,4,557171,4,65059,4,4545883,4,8532801,8,13048453,108,27204,12,3046,1,21032,1,2585,1,0,0,0,0,0,0,0,0,0,0,0,0,0,0,0,0,0,0,0,0,16884,1,34,1,9559,1,4521,1,16918,1,9559,1,0,1,0,0,0,0,0,0
139,19837300,4521,9559,28.987465,,0,10,9,108,127693,1423,2625,19709607,16,163,170,1,33606,1,160,1,2166842,1,3199091,1,145367,1,14153688,1,10681,1,349340,1,7675,4,556840,4,64928,4,4601352,4,8545566,8,13117109,108,27184,12,3036,1,21001,1,2525,1,0,0,0,0,0,0,0,0,0,0,0,0,0,0,0,0,0,0,0,0,16900,1,34,1,9559,1,4521,1,16934,1,9559,1,0,1,0,0,0,0,0,0
140,19331000,4518,9559,28.987623,,0,10,9,108,49610,1333,2596,19281390,16,163,180,1,34729,1,90,1,2191130,1,3011310,1,113194,1,13920106,1,10651,1,281126,1,7224,4,529837,4,65179,4,4420645,4,8587379,8,12978305,108,27124,12,3046,1,21793,1,2545,1,0,0,0,0,0,0,0,0,0,0,0,0,0,0,0,0,0,0,0,0,16905,1,34,1,9559,1,4518,1,16939,1,9559,1,0,1,0,0,0,0,0,0
141,19080700,4523,9559,28.987766,,0,10,9,108,47330,1283,2636,19033370,16,163,150,1,23807,1,70,1,1943741,1,3054085,1,115007,1,13885849,1,10661,1,279202,1,7284,4,528695,4,65289,4,4403732,4,8572349,8,12941502,108,31943,12,3106,1,22204,1,2705,1,0,0,0,0,0,0,0,0,0,0,0,0,0,0,0,0,0,0,0,0,16895,1,40,1,9559,1,4523,1,16935,1,9559,1,0,1,0,0,0,0,0,0
142,19064000,4524,9559,28.987892,,0,10,9,108,68204,1383,2605,18995796,16,163,160,1,23857,1,160,1,1943851,1,3035859,1,114526,1,13855499,1,21883,1,289161,1,7385,4,528785,4,65239,4,4390385,4,8546107,8,12903738,108,30150,12,3106,1,21422,1,2525,1,0,0,0,0,0,0,0,0,0,0,0,0,0,0,0,0,0,0,0,0,16904,1,38,1,9559,1,4524,1,16942,1,9559,1,0,1,0,0,0,0,0,0
143,19745400,4523,9559,28.98802,,0,10,9,108,174317,1473,2936,19571083,16,163,160,1,37444,1,120,1,2113156,1,3128362,1,146930,1,14123909,1,21001,1,351444,1,7755,4,559906,4,65299,4,4586774,4,8524354,8,13078533,108,29659,12,3086,1,21232,1,2585,1,0,0,0,0,0,0,0,0,0,0,0,0,0,0,0,0,0,0,0,0,16913,1,38,1,9559,1,4523,1,16951,1,9559,1,0,1,0,0,0,0,0,0
144,19478900,4520,9559,28.988153,,0,10,9,108,91330,1413,3788,19387570,16,163,170,1,30540,1,100,1,2180238,1,3172639,1,144365,1,13842533,1,16984,1,278891,1,7304,4,523875,4,65189,4,4384764,4,8554664,8,12905942,108,29699,12,2996,1,20891,1,2545,1,0,0,0,0,0,0,0,0,0,0,0,0,0,0,0,0,0,0,0,0,16911,1,38,1,9559,1,4520,1,16949,1,9559,1,0,1,0,0,0,0,0,0
145,19491200,4519,9559,28.98826,,0,10,9,108,75664,1483,2566,19415536,16,163,70,1,25470,1,60,1,2055722,1,3135716,1,142662,1,14045144,1,10691,1,348098,1,7655,4,559766,4,65189,4,4535502,4,8500607,8,13006961,108,26583,12,3046,1,21232,1,2565,1,0,0,0,0,0,0,0,0,0,0,0,0,0,0,0,0,0,0,0,0,16923,1,34,1,9559,1,4519,1,16957,1,9559,1,0,1,0,0,0,0,0,0
146,19315600,4520,9559,28.988363,,0,10,9,108,84329,1934,3006,19231271,16,163,170,1,25350,1,90,1,1946496,1,3025308,1,126540,1,14090273,1,17044,1,363759,1,7625,4,560207,4,79427,4,4521665,4,8528693,8,13022773,108,24579,12,3056,1,21332,1,2575,1,0,0,0,0,0,0,0,0,0,0,0,0,0,0,0,0,0,0,0,0,16918,1,32,1,9559,1,4520,1,16950,1,9559,1,0,1,0,0,0,0,0,0
147,19177600,4522,9559,28.988459,,0,10,9,108,79492,1232,2896,19098108,16,163,150,1,37163,1,140,1,2116192,1,2982984,1,112382,1,13837303,1,11793,1,277929,1,7214,4,527332,4,65339,4,4394143,4,8537440,8,12905080,108,23607,12,3016,1,21072,1,2585,1,0,0,0,0,0,0,0,0,0,0,0,0,0,0,0,0,0,0,0,0,16937,1,30,1,9559,1,4522,1,16967,1,9559,1,0,1,0,0,0,0,0,0
148,19335300,4517,9559,28.988543,,0,10,9,108,166773,1914,2705,19168527,16,163,190,1,32224,1,120,1,2072886,1,3113983,1,150708,1,13781392,1,17024,1,276897,1,7254,4,529887,4,65349,4,4372921,4,8500197,8,12849872,108,20541,12,3447,1,20951,1,2575,1,0,0,0,0,0,0,0,0,0,0,0,0,0,0,0,0,0,0,0,0,16926,1,26,1,9559,1,4517,1,16952,1,9559,1,0,1,0,0,0,0,0,0
149,19790600,4519,9559,28.988642,,0,10,9,108,164348,1423,2645,19626252,16,163,160,1,37795,1,130,1,2223213,1,3187058,1,147982,1,14015365,1,14549,1,341064,1,7595,4,559496,4,65399,4,4473059,4,8540636,8,12989087,108,21963,12,3016,1,21132,1,2545,1,0,0,0,0,0,0,0,0,0,0,0,0,0,0,0,0,0,0,0,0,16942,1,28,1,9559,1,4519,1,16970,1,9559,1,0,1,0,0,0,0,0,0
150,19593300,4522,9559,28.98874,,0,10,9,108,158176,1323,2886,19435124,16,163,391,1,31823,1,140,1,2063437,1,3286194,1,138975,1,13897121,1,17044,1,291346,1,7324,4,528184,4,64577,4,4394073,4,8583090,8,12956101,108,18176,12,3056,1,21553,1,2595,1,0,0,0,0,0,0,0,0,0,0,0,0,0,0,0,0,0,0,0,0,16949,1,23,1,9559,1,4522,1,16972,1,9559,1,0,1,0,0,0,0,0,0
151,19360800,4520,9559,28.98882,,0,10,9,108,129158,1443,2616,19231642,16,163,120,1,32103,1,40,1,1929723,1,3193681,1,150217,1,13915026,1,10731,1,348749,1,7595,4,558624,4,65149,4,4407179,4,8499545,8,12886253,108,17855,12,3086,1,21112,1,2545,1,0,0,0,0,0,0,0,0,0,0,0,0,0,0,0,0,0,0,0,0,16935,1,23,1,9559,1,4520,1,16958,1,9559,1,0,1,0,0,0,0,0,0
152,19565400,4523,9559,28.988888,,0,10,9,108,128482,1553,3066,19436918,16,163,190,1,33366,1,120,1,2070662,1,3110015,1,148363,1,14063480,1,10721,1,342296,1,7825,4,558864,4,65008,4,4533809,4,8527370,8,13035979,108,22134,12,3036,1,21182,1,2535,1,0,0,0,0,0,0,0,0,0,0,0,0,0,0,0,0,0,0,0,0,16925,1,28,1,9559,1,4523,1,16953,1,9559,1,0,1,0,0,0,0,0,0
153,19758600,4523,9559,28.988964,,0,10,9,108,130895,1483,3066,19627705,16,163,180,1,34618,1,200,1,2161120,1,3174102,1,147191,1,14099541,1,10751,1,341835,1,7645,4,558884,4,65369,4,4588878,4,8508543,8,13072231,108,22124,12,3096,1,21282,1,2525,1,0,0,0,0,0,0,0,0,0,0,0,0,0,0,0,0,0,0,0,0,16921,1,28,1,9559,1,4523,1,16949,1,9559,1,0,1,0,0,0,0,0,0
154,19652100,4524,9559,28.989048,,0,10,9,108,159853,1954,2675,19492247,16,163,190,1,33757,1,140,1,2223784,1,3225754,1,145928,1,13839998,1,22695,1,289963,1,7224,4,529346,4,65289,4,4381338,4,8538091,8,12894450,108,22304,12,3046,1,21192,1,2555,1,0,0,0,0,0,0,0,0,0,0,0,0,0,0,0,0,0,0,0,0,16914,1,28,1,9559,1,4524,1,16942,1,9559,1,0,1,0,0,0,0,0,0
155,19628900,4521,9559,28.989117,,0,10,9,108,171031,1353,2926,19457869,16,163,160,1,36923,1,140,1,2095601,1,3105707,1,145618,1,14057959,1,15761,1,353649,1,7966,4,555868,4,64517,4,4524440,4,8523002,8,13022763,108,21753,12,3066,1,21533,1,2565,1,0,0,0,0,0,0,0,0,0,0,0,0,0,0,0,0,0,0,0,0,16915,1,28,1,9559,1,4521,1,16943,1,9559,1,0,1,0,0,0,0,0,0
156,19360400,4520,9559,28.989172,,0,10,9,108,129740,1433,3317,19230660,16,163,110,1,33156,1,130,1,1931727,1,3204723,1,148614,1,13901269,1,10932,1,341765,1,8306,4,557361,4,65018,4,4406868,4,8493273,8,12876243,108,20581,12,3076,1,21663,1,2505,1,0,0,0,0,0,0,0,0,0,0,0,0,0,0,0,0,0,0,0,0,16915,1,27,1,9559,1,4520,1,16942,1,9559,1,0,1,0,0,0,0,0,0
157,19548600,4519,9559,28.989218,,0,10,9,108,173995,1473,2675,19374605,16,163,190,1,33416,1,230,1,2086122,1,3116508,1,143804,1,13980055,1,14278,1,358508,1,7685,4,558464,4,65730,4,4514611,4,8446551,8,12937124,108,21362,12,3026,1,21422,1,2585,1,0,0,0,0,0,0,0,0,0,0,0,0,0,0,0,0,0,0,0,0,16916,1,27,1,9559,1,4519,1,16943,1,9559,1,0,1,0,0,0,0,0,0
158,19604000,4519,9559,28.98927,,0,10,9,108,142313,1433,2625,19461687,16,163,190,1,33687,1,130,1,2190168,1,3211757,1,139646,1,13869276,1,16833,1,346074,1,7685,4,559315,4,65249,4,4391478,4,8471109,8,12838850,108,21112,12,3106,1,21272,1,2555,1,0,0,0,0,0,0,0,0,0,0,0,0,0,0,0,0,0,0,0,0,16921,1,27,1,9559,1,4519,1,16948,1,9559,1,0,1,0,0,0,0,0,0
159,19074600,4518,9559,28.98933,,0,10,9,108,79415,1232,2726,18995185,16,163,150,1,38185,1,130,1,2073818,1,2957965,1,112322,1,13799779,1,12835,1,287278,1,7244,4,527723,4,65139,4,4381658,4,8502671,8,12863688,108,17915,12,3016,1,21202,1,2615,1,0,0,0,0,0,0,0,0,0,0,0,0,0,0,0,0,0,0,0,0,16921,1,23,1,9559,1,4518,1,16944,1,9559,1,0,1,0,0,0,0,0,0
160,19441400,4519,9559,28.989386,,0,10,9,108,157976,2044,2656,19283424,16,163,180,1,31973,1,130,1,2037155,1,3277136,1,149235,1,13766603,1,21012,1,289111,1,7244,4,528905,4,65459,4,4367991,4,8478925,8,12826094,108,18166,12,3036,1,21282,1,2605,1,0,0,0,0,0,0,0,0,0,0,0,0,0,0,0,0,0,0,0,0,16913,1,23,1,9559,1,4519,1,16936,1,9559,1,0,1,0,0,0,0,0,0
161,19515100,4521,9559,28.989433,,0,10,9,108,158651,1393,2626,19356449,16,163,160,1,37915,1,150,1,2176361,1,3173932,1,143654,1,13808696,1,15581,1,342296,1,7575,4,557963,4,64588,4,4377450,4,8430379,8,12786967,108,18236,12,3006,1,21462,1,2585,1,0,0,0,0,0,0,0,0,0,0,0,0,0,0,0,0,0,0,0,0,16911,1,23,1,9559,1,4521,1,16934,1,9559,1,0,1,0,0,0,0,0,0
162,19231800,4518,9559,28.989477,,0,10,9,108,162579,1323,2916,19069221,16,163,441,1,32123,1,130,1,2074179,1,3073263,1,139305,1,13735872,1,13907,1,288199,1,7435,4,525027,4,64788,4,4358863,4,8463975,8,12802137,108,17785,12,2966,1,20781,1,2515,1,0,0,0,0,0,0,0,0,0,0,0,0,0,0,0,0,0,0,0,0,16914,1,23,1,9559,1,4518,1,16937,1,9559,1,0,1,0,0,0,0,0,0
163,19480200,4520,9559,28.989515,,0,10,9,108,131957,1423,2956,19348243,16,163,120,1,31733,1,120,1,1930575,1,3274891,1,150728,1,13949364,1,10711,1,341755,1,7645,4,557592,4,68736,4,4480443,4,8464857,8,12924839,108,17505,12,3066,1,21302,1,2545,1,0,0,0,0,0,0,0,0,0,0,0,0,0,0,0,0,0,0,0,0,16924,1,23,1,9559,1,4520,1,16947,1,9559,1,0,1,0,0,0,0,0,0
164,19605500,4520,9559,28.989552,,0,10,9,108,170917,1443,2615,19434583,16,163,180,1,33526,1,140,1,2132013,1,3128151,1,144506,1,13980836,1,15230,1,341605,1,7665,4,561329,4,65259,4,4547035,4,8429597,8,12956252,108,17765,12,3096,1,21312,1,2495,1,0,0,0,0,0,0,0,0,0,0,0,0,0,0,0,0,0,0,0,0,16923,1,23,1,9559,1,4520,1,16946,1,9559,1,0,1,0,0,0,0,0,0
165,19481200,4519,9559,28.989582,,0,10,9,108,157105,1323,2866,19324095,16,163,391,1,32915,1,130,1,2213073,1,3214061,1,142321,1,13705031,1,16172,1,301526,1,7284,4,528665,4,64728,4,4337751,4,8437312,8,12753731,108,18466,12,2976,1,20921,1,2545,1,0,0,0,0,0,0,0,0,0,0,0,0,0,0,0,0,0,0,0,0,16924,1,24,1,9559,1,4519,1,16948,1,9559,1,0,1,0,0,0,0,0,0
166,19095000,4516,9559,28.989613,,0,10,9,108,128993,1393,2936,18966007,16,163,130,1,31903,1,10,1,1920074,1,3170455,1,149796,1,13682757,1,10882,1,339741,1,7485,4,561389,4,65359,4,4335026,4,8345411,8,12659094,108,18406,12,3086,1,21272,1,2595,1,0,0,0,0,0,0,0,0,0,0,0,0,0,0,0,0,0,0,0,0,16926,1,23,1,9559,1,4516,1,16949,1,9559,1,0,1,0,0,0,0,0,0
167,19402400,4518,9559,28.989645,,0,10,9,108,173603,1393,2906,19228797,16,163,180,1,34037,1,140,1,2100571,1,3149734,1,150077,1,13780611,1,13447,1,350984,1,7725,4,527442,4,64718,4,4353503,4,8446791,8,12779953,108,17434,12,3056,1,22434,1,2565,1,0,0,0,0,0,0,0,0,0,0,0,0,0,0,0,0,0,0,0,0,16939,1,23,1,9559,1,4518,1,16962,1,9559,1,0,1,0,0,0,0,0,0
168,19490900,4518,9559,28.989676,,0,10,9,108,152286,1233,2646,19338614,16,163,220,1,32524,1,130,1,2227762,1,3226315,1,140347,1,13697577,1,13737,1,294121,1,7124,4,531220,4,64828,4,4351950,4,8419197,8,12750014,108,18487,12,2986,1,22364,1,2555,1,0,0,0,0,0,0,0,0,0,0,0,0,0,0,0,0,0,0,0,0,16942,1,24,1,9559,1,4518,1,16966,1,9559,1,0,1,0,0,0,0,0,0
169,19201800,4514,9559,28.9897,,0,10,9,108,167348,1453,2636,19034452,16,163,80,1,32334,1,230,1,1928791,1,3179543,1,148824,1,13729891,1,14759,1,340944,1,8567,4,566199,4,65399,4,4355717,4,8357705,8,12692330,108,18456,12,3747,1,27635,1,2525,1,0,0,0,0,0,0,0,0,0,0,0,0,0,0,0,0,0,0,0,0,16948,1,24,1,9559,1,4514,1,16972,1,9559,1,0,1,0,0,0,0,0,0
170,19364000,4515,9559,28.989725,,0,10,9,108,94222,1443,2565,19269778,16,163,120,1,34127,1,240,1,2087445,1,3112160,1,142121,1,13882843,1,10721,1,361194,1,7605,4,558494,4,65139,4,4498299,4,8363306,8,12839000,108,20040,12,3006,1,21833,1,2525,1,0,0,0,0,0,0,0,0,0,0,0,0,0,0,0,0,0,0,0,0,16948,1,24,1,9559,1,4515,1,16972,1,9559,1,0,1,0,0,0,0,0,0
171,19460600,4512,9559,28.989754,,0,10,9,108,166114,2134,2736,19294486,16,163,190,1,34368,1,70,1,2202833,1,3213540,1,145377,1,13681194,1,16913,1,277999,1,7284,4,530168,4,65519,4,4341459,4,8429818,8,12749623,108,18917,12,3156,1,21062,1,2595,1,0,0,0,0,0,0,0,0,0,0,0,0,0,0,0,0,0,0,0,0,16956,1,24,1,9559,1,4512,1,16980,1,9559,1,0,1,0,0,0,0,0,0
172,19617800,4513,9559,28.98977,,0,10,9,108,159720,1493,2887,19458080,16,163,160,1,37975,1,140,1,2133466,1,3146648,1,142642,1,13981518,1,15531,1,361645,1,7665,4,559516,4,64918,4,4533208,4,8426050,8,12937604,108,18767,12,3036,1,21442,1,2545,1,0,0,0,0,0,0,0,0,0,0,0,0,0,0,0,0,0,0,0,0,16946,1,24,1,9559,1,4513,1,16970,1,9559,1,0,1,0,0,0,0,0,0
173,19546900,4515,9559,28.989801,,0,10,9,108,163738,1323,2896,19383162,16,163,180,1,31462,1,130,1,2215548,1,3194382,1,140097,1,13787735,1,13627,1,290694,1,7345,4,525538,4,64598,4,4364264,4,8507351,8,12849821,108,18897,12,3136,1,20931,1,2555,1,0,0,0,0,0,0,0,0,0,0,0,0,0,0,0,0,0,0,0,0,16956,1,24,1,9559,1,4515,1,16980,1,9559,1,0,1,0,0,0,0,0,0
174,19431000,4515,9559,28.989834,,0,10,9,108,130061,1453,2616,19300939,16,163,130,1,31803,1,331,1,1935194,1,3144003,1,150848,1,14027899,1,10731,1,347487,1,7635,4,559155,4,65269,4,4561183,4,8458705,8,12998334,108,18937,12,3096,1,21352,1,2565,1,0,0,0,0,0,0,0,0,0,0,0,0,0,0,0,0,0,0,0,0,16952,1,24,1,9559,1,4515,1,16976,1,9559,1,0,1,0,0,0,0,0,0
175,19438700,4515,9559,28.989851,,0,10,9,108,160746,2214,2625,19277954,16,163,190,1,33125,1,130,1,2220658,1,3206226,1,145998,1,13649381,1,22244,1,277128,1,7204,4,529717,4,65610,4,4330517,4,8410179,8,12716889,108,21182,12,2986,1,21262,1,2565,1,0,0,0,0,0,0,0,0,0,0,0,0,0,0,0,0,0,0,0,0,16951,1,27,1,9559,1,4515,1,16978,1,9559,1,0,1,0,0,0,0,0,0
176,19437800,4514,9559,28.989864,,0,10,9,108,119467,1483,2645,19318333,16,163,150,1,38135,1,130,1,2138005,1,3157519,1,140458,1,13833195,1,10741,1,341154,1,7625,4,559235,4,64888,4,4497848,4,8334229,8,12808530,108,20901,12,3006,1,21192,1,2535,1,0,0,0,0,0,0,0,0,0,0,0,0,0,0,0,0,0,0,0,0,16943,1,27,1,9559,1,4514,1,16970,1,9559,1,0,1,0,0,0,0,0,0
177,19420200,4516,9559,28.989883,,0,10,9,108,131435,1453,2956,19288765,16,163,180,1,32695,1,150,1,2053588,1,3257938,1,142973,1,13790340,1,10902,1,340954,1,7625,4,559596,4,65299,4,4431066,4,8357495,8,12764954,108,20651,12,3116,1,21212,1,2525,1,0,0,0,0,0,0,0,0,0,0,0,0,0,0,0,0,0,0,0,0,16944,1,27,1,9559,1,4516,1,16971,1,9559,1,0,1,0,0,0,0,0,0
178,19787900,4515,9559,28.989906,,0,10,9,108,168316,1523,3177,19619584,16,163,180,1,34258,1,130,1,2164507,1,3197939,1,140077,1,14068876,1,13617,1,341705,1,7645,4,558233,4,65369,4,4716275,4,8352044,8,13044862,108,20280,12,3036,1,20490,1,2555,1,0,0,0,0,0,0,0,0,0,0,0,0,0,0,0,0,0,0,0,0,16946,1,27,1,9559,1,4515,1,16973,1,9559,1,0,1,0,0,0,0,0,0
179,19298500,4515,9559,28.989923,,0,10,9,108,129822,1483,2766,19168678,16,163,160,1,31863,1,20,1,1936086,1,3245764,1,145157,1,13798877,1,10751,1,341385,1,7695,4,569375,4,65970,4,4428751,4,8348737,8,12754202,108,20521,12,3156,1,29759,1,2565,1,0,0,0,0,0,0,0,0,0,0,0,0,0,0,0,0,0,0,0,0,16936,1,27,1,9559,1,4515,1,16963,1,9559,1,0,1,0,0,0,0,0,0
180,19595400,4515,9559,28.98993,,0,10,9,108,144555,1443,2706,19450845,16,163,271,1,33476,1,160,1,2162684,1,3206336,1,148724,1,13888083,1,11112,1,369841,1,8136,4,574766,4,66231,4,4495143,4,8332195,8,12803590,108,21042,12,3617,1,34067,1,2645,1,0,0,0,0,0,0,0,0,0,0,0,0,0,0,0,0,0,0,0,0,16941,1,27,1,9559,1,4515,1,16968,1,9559,1,0,1,0,0,0,0,0,0
181,18923400,4517,9559,28.98993,,0,10,9,108,55647,1333,2696,18867753,16,163,170,1,34829,1,160,1,2056414,1,3027282,1,114396,1,13623591,1,10912,1,340633,1,7445,4,529236,4,65319,4,4305518,4,8346984,8,12625428,108,24378,12,2996,1,21563,1,2565,1,0,0,0,0,0,0,0,0,0,0,0,0,0,0,0,0,0,0,0,0,16935,1,31,1,9559,1,4517,1,16966,1,9559,1,0,1,0,0,0,0,0,0
182,18783200,4517,9559,28.98994,,0,10,9,108,44572,1854,2636,18738628,16,163,150,1,23867,1,80,1,1945464,1,3006822,1,114316,1,13637288,1,10641,1,281767,1,7314,4,542121,4,65109,4,4328724,4,8383386,8,12684144,108,25330,12,3056,1,21432,1,2525,1,0,0,0,0,0,0,0,0,0,0,0,0,0,0,0,0,0,0,0,0,16943,1,32,1,9559,1,4517,1,16975,1,9559,1,0,1,0,0,0,0,0,0
183,19178300,4516,9559,28.989958,,0,10,9,108,64741,1403,4119,19113559,16,163,160,1,23827,1,80,1,1943731,1,3018475,1,115218,1,13992119,1,19949,1,293851,1,7425,4,529607,4,70850,4,4491676,4,8568281,8,13029255,108,26583,12,3437,1,23015,1,2575,1,0,0,0,0,0,0,0,0,0,0,0,0,0,0,0,0,0,0,0,0,16946,1,32,1,9559,1,4516,1,16978,1,9559,1,0,1,0,0,0,0,0,0
184,19497700,4516,9559,28.98997,,0,10,9,108,145900,1513,2706,19351800,16,163,150,1,37173,1,361,1,2078547,1,3287246,1,148393,1,13789268,1,10661,1,344270,1,8016,4,570868,4,64908,4,4427389,4,8345461,8,12741517,108,28627,12,2986,1,21292,1,2565,1,0,0,0,0,0,0,0,0,0,0,0,0,0,0,0,0,0,0,0,0,16941,1,36,1,9559,1,4516,1,16977,1,9559,1,0,1,0,0,0,0,0,0
185,19284100,4514,9559,28.989977,,0,10,9,108,125913,1343,2636,19158187,16,163,180,1,33226,1,180,1,2181020,1,3193110,1,169775,1,13563502,1,17194,1,285795,1,7204,4,530428,4,65269,4,4302261,4,8344158,8,12619085,108,24699,12,3106,1,21332,1,2605,1,0,0,0,0,0,0,0,0,0,0,0,0,0,0,0,0,0,0,0,0,16944,1,32,1,9559,1,4514,1,16976,1,9559,1,0,1,0,0,0,0,0,0
186,19123200,4515,9559,28.98999,,0,10,9,108,100531,1292,2846,19022669,16,163,90,1,25220,1,60,1,2144137,1,3144624,1,143073,1,13550506,1,14960,1,299702,1,7234,4,531590,4,65289,4,4287652,4,8330461,8,12590849,108,24418,12,2976,1,21743,1,2565,1,0,0,0,0,0,0,0,0,0,0,0,0,0,0,0,0,0,0,0,0,16950,1,32,1,9559,1,4515,1,16982,1,9559,1,0,1,0,0,0,0,0,0
187,18922800,4516,9559,28.990005,,0,10,9,108,88894,1262,2576,18833906,16,163,60,1,25440,1,190,1,1941737,1,3140496,1,140498,1,13568492,1,16994,1,284422,1,7124,4,529276,4,65209,4,4303374,4,8351022,8,12630528,108,21292,12,3046,1,21232,1,2525,1,0,0,0,0,0,0,0,0,0,0,0,0,0,0,0,0,0,0,0,0,16958,1,28,1,9559,1,4516,1,16986,1,9559,1,0,1,0,0,0,0,0,0
188,19041100,4519,9559,28.990013,,0,10,9,108,90874,1182,2636,18950226,16,163,40,1,25631,1,100,1,2114839,1,3134203,1,140999,1,13516659,1,17755,1,286035,1,7234,4,530328,4,65299,4,4285548,4,8313528,8,12574757,108,21683,12,3086,1,21863,1,2555,1,0,0,0,0,0,0,0,0,0,0,0,0,0,0,0,0,0,0,0,0,16958,1,28,1,9559,1,4519,1,16986,1,9559,1,0,1,0,0,0,0,0,0
189,19017700,4519,9559,28.990015,,0,10,9,108,88175,1262,2586,18929525,16,163,90,1,25641,1,80,1,2109779,1,3126017,1,139666,1,13511649,1,16603,1,285324,1,7154,4,544386,4,64828,4,4277352,4,8305492,8,12555499,108,24759,12,3026,1,20340,1,2485,1,0,0,0,0,0,0,0,0,0,0,0,0,0,0,0,0,0,0,0,0,16956,1,32,1,9559,1,4519,1,16988,1,9559,1,0,1,0,0,0,0,0,0
190,19012300,4519,9559,28.990025,,0,10,9,108,87544,1192,4399,18924756,16,163,40,1,24989,1,50,1,2116943,1,3115436,1,139405,1,13510938,1,16954,1,290785,1,7184,4,526380,4,64788,4,4289326,4,8305812,8,12568826,108,21913,12,2926,1,20050,1,2495,1,0,0,0,0,0,0,0,0,0,0,0,0,0,0,0,0,0,0,0,0,16964,1,28,1,9559,1,4519,1,16992,1,9559,1,0,1,0,0,0,0,0,0
191,19054400,4520,9559,28.99004,,0,10,9,108,94074,1192,3307,18960326,16,163,40,1,25591,1,60,1,2119248,1,3119103,1,139426,1,13539033,1,17825,1,288821,1,7244,4,526480,4,64878,4,4282823,4,8341273,8,12596069,108,24719,12,2966,1,20701,1,2655,1,0,0,0,0,0,0,0,0,0,0,0,0,0,0,0,0,0,0,0,0,16962,1,32,1,9559,1,4520,1,16994,1,9559,1,0,1,0,0,0,0,0,0
192,19078900,4522,9559,28.990047,,0,10,9,108,103835,1252,2646,18975065,16,163,10,1,26282,1,90,1,2124218,1,3102501,1,137672,1,13567039,1,17254,1,286717,1,7605,4,534636,4,64908,4,4300157,4,8342234,8,12615358,108,24388,12,3146,1,23867,1,2515,1,0,0,0,0,0,0,0,0,0,0,0,0,0,0,0,0,0,0,0,0,16969,1,32,1,9559,1,4522,1,17001,1,9559,1,0,1,0,0,0,0,0,0
193,19019900,4521,9559,28.990053,,0,10,9,108,101577,1353,3186,18918323,16,163,40,1,25300,1,150,1,2081062,1,3105476,1,144966,1,13543873,1,17454,1,297358,1,7996,4,540418,4,65900,4,4287091,4,8304931,8,12564007,108,24829,12,3367,1,32895,1,2565,1,0,0,0,0,0,0,0,0,0,0,0,0,0,0,0,0,0,0,0,0,16970,1,32,1,9559,1,4521,1,17002,1,9559,1,0,1,0,0,0,0,0,0
194,19009000,4522,9559,28.990055,,0,10,9,108,92400,1163,2897,18916600,16,163,40,1,25881,1,150,1,2098968,1,3130265,1,142301,1,13501419,1,17575,1,333359,1,7094,4,528595,4,65599,4,4268174,4,8263789,8,12502063,108,27003,12,3036,1,28085,1,2525,1,0,0,0,0,0,0,0,0,0,0,0,0,0,0,0,0,0,0,0,0,16974,1,36,1,9559,1,4522,1,17010,1,9559,1,0,1,0,0,0,0,0,0
195,19024200,4521,9559,28.99006,,0,10,9,108,90306,1232,2597,18933894,16,163,30,1,25400,1,100,1,2095391,1,3125556,1,139265,1,13530777,1,17374,1,304412,1,7214,4,526621,4,64658,4,4281440,4,8318127,8,12569837,108,27134,12,2976,1,21583,1,2515,1,0,0,0,0,0,0,0,0,0,0,0,0,0,0,0,0,0,0,0,0,16966,1,36,1,9559,1,4521,1,17002,1,9559,1,0,1,0,0,0,0,0,0
196,18997900,4522,9559,28.99006,,0,10,9,108,90689,1072,2615,18907211,16,163,20,1,25410,1,100,1,2105931,1,3102290,1,142281,1,13513934,1,17244,1,303740,1,7224,4,527993,4,64798,4,4277512,4,8306003,8,12553395,108,27504,12,3086,1,19979,1,2525,1,0,0,0,0,0,0,0,0,0,0,0,0,0,0,0,0,0,0,0,0,16971,1,36,1,9559,1,4522,1,17007,1,9559,1,0,1,0,0,0,0,0,0
197,18886300,4523,9559,28.990076,,0,10,9,108,88305,1172,2836,18797995,16,163,60,1,25200,1,60,1,2106533,1,2970730,1,141299,1,13539404,1,14709,1,286446,1,7214,4,528294,4,64898,4,4292352,4,8333187,8,12593354,108,29348,12,2976,1,20320,1,2545,1,0,0,0,0,0,0,0,0,0,0,0,0,0,0,0,0,0,0,0,0,16965,1,40,1,9559,1,4523,1,17005,1,9559,1,0,1,0,0,0,0,0,0
198,18982000,4523,9559,28.990084,,0,10,9,108,87013,1172,2666,18894987,16,163,90,1,25791,1,100,1,2102004,1,3137840,1,139185,1,13473133,1,16843,1,284723,1,7264,4,527112,4,64878,4,4265258,4,8296033,8,12529087,108,29538,12,2916,1,21232,1,2545,1,0,0,0,0,0,0,0,0,0,0,0,0,0,0,0,0,0,0,0,0,16961,1,40,1,9559,1,4523,1,17001,1,9559,1,0,1,0,0,0,0,0,0
199,18975500,4524,9559,28.990086,,0,10,9,108,87126,1172,2636,18888374,16,163,10,1,24949,1,50,1,2135650,1,3104224,1,139085,1,13467151,1,17254,1,285153,1,7224,4,526901,4,64958,4,4273114,4,8282857,8,12526201,108,27134,12,2956,1,20270,1,2545,1,0,0,0,0,0,0,0,0,0,0,0,0,0,0,0,0,0,0,0,0,16962,1,36,1,9559,1,4524,1,16998,1,9559,1,0,1,0,0,0,0,0,0
200,18986200,4522,9559,28.990088,,0,10,9,108,87977,1192,2606,18898223,16,163,30,1,24879,1,70,1,2134838,1,3113953,1,137402,1,13469857,1,17194,1,284061,1,7204,4,526811,4,64838,4,4261170,4,8299019,8,12530209,108,27374,12,2936,1,20120,1,2505,1,0,0,0,0,0,0,0,0,0,0,0,0,0,0,0,0,0,0,0,0,16960,1,36,1,9559,1,4522,1,16996,1,9559,1,0,1,0,0,0,0,0,0
201,19032900,4522,9559,28.990097,,0,10,9,108,86311,1222,2565,18946589,16,163,60,1,25290,1,60,1,2149507,1,3115647,1,138454,1,13500367,1,17204,1,284823,1,7174,4,526571,4,64838,4,4277743,4,8312375,8,12560359,108,27194,12,2986,1,20120,1,2515,1,0,0,0,0,0,0,0,0,0,0,0,0,0,0,0,0,0,0,0,0,16962,1,36,1,9559,1,4522,1,16998,1,9559,1,0,1,0,0,0,0,0,0
202,19083800,4521,9559,28.99011,,0,10,9,108,87643,1182,2716,18996157,16,163,60,1,25110,1,70,1,2158185,1,3113442,1,137612,1,13544895,1,16783,1,284041,1,7224,4,526420,4,64868,4,4290438,4,8344810,8,12608774,108,23757,12,3056,1,20270,1,2585,1,0,0,0,0,0,0,0,0,0,0,0,0,0,0,0,0,0,0,0,0,16968,1,32,1,9559,1,4521,1,17000,1,9559,1,0,1,0,0,0,0,0,0
203,18936000,4525,9559,28.990112,,0,10,9,108,89359,1202,2575,18846641,16,163,30,1,25019,1,50,1,2112855,1,3126428,1,138904,1,13426190,1,17164,1,284602,1,7194,4,527753,4,64918,4,4247393,4,8267066,8,12488728,108,23156,12,3036,1,20511,1,2515,1,0,0,0,0,0,0,0,0,0,0,0,0,0,0,0,0,0,0,0,0,16979,1,32,1,9559,1,4525,1,17011,1,9559,1,0,1,0,0,0,0,0,0
204,18919500,4526,9559,28.990108,,0,10,9,108,87998,1182,2605,18831502,16,163,40,1,25400,1,10,1,2139057,1,3142861,1,139716,1,13367034,1,17384,1,299622,1,7194,4,527863,4,64968,4,4234237,4,8205725,8,12410624,108,26733,12,3046,1,20641,1,2555,1,0,0,0,0,0,0,0,0,0,0,0,0,0,0,0,0,0,0,0,0,16986,1,36,1,9559,1,4526,1,17022,1,9559,1,0,1,0,0,0,0,0,0
205,18962300,4524,9559,28.990114,,0,10,9,108,88405,1202,2937,18873895,16,163,40,1,25390,1,60,1,2159046,1,3136528,1,136981,1,13398646,1,17204,1,287208,1,7695,4,526821,4,64668,4,4241090,4,8244702,8,12455651,108,27204,12,2926,1,19789,1,2545,1,0,0,0,0,0,0,0,0,0,0,0,0,0,0,0,0,0,0,0,0,16972,1,36,1,9559,1,4524,1,17008,1,9559,1,0,1,0,0,0,0,0,0
206,19108300,4523,9559,28.99012,,0,10,9,108,87464,1092,2686,19020836,16,163,20,1,24879,1,60,1,2194707,1,3140115,1,137902,1,13506008,1,17144,1,282238,1,7184,4,526641,4,65039,4,4279577,4,8318658,8,12568305,108,27244,12,2946,1,20090,1,2545,1,0,0,0,0,0,0,0,0,0,0,0,0,0,0,0,0,0,0,0,0,16977,1,36,1,9559,1,4523,1,17013,1,9559,1,0,1,0,0,0,0,0,0
207,18978800,4523,9559,28.990118,,0,10,9,108,87761,1293,2635,18891039,16,163,20,1,25791,1,60,1,2149067,1,3127400,1,136480,1,13435178,1,17044,1,290063,1,7134,4,526029,4,64848,4,4248625,4,8270413,8,12489159,108,27244,12,3006,1,21232,1,2535,1,0,0,0,0,0,0,0,0,0,0,0,0,0,0,0,0,0,0,0,0,16970,1,36,1,9559,1,4523,1,17006,1,9559,1,0,1,0,0,0,0,0,0
208,18977000,4523,9559,28.990112,,0,10,9,108,87344,1242,2616,18889656,16,163,60,1,25841,1,60,1,2153766,1,3138913,1,135237,1,13418906,1,16873,1,285043,1,7415,4,527332,4,64918,4,4249988,4,8257377,8,12476934,108,27815,12,2976,1,20110,1,2505,1,0,0,0,0,0,0,0,0,0,0,0,0,0,0,0,0,0,0,0,0,16969,1,36,1,9559,1,4523,1,17005,1,9559,1,0,1,0,0,0,0,0,0
209,19001300,4522,9559,28.990116,,0,10,9,108,88868,1232,2646,18912432,16,163,20,1,25019,1,40,1,2160399,1,3136228,1,135398,1,13438104,1,17224,1,296746,1,7094,4,526591,4,64808,4,4248926,4,8265934,8,12484699,108,27514,12,3026,1,21222,1,2525,1,0,0,0,0,0,0,0,0,0,0,0,0,0,0,0,0,0,0,0,0,16966,1,36,1,9559,1,4522,1,17002,1,9559,1,0,1,0,0,0,0,0,0
210,18970300,4522,9559,28.990122,,0,10,9,108,89321,1172,2646,18880979,16,163,150,1,25230,1,60,1,2165990,1,3147640,1,138013,1,13386542,1,17354,1,283550,1,7234,4,526681,4,64608,4,4241752,4,8235884,8,12447907,108,27084,12,2986,1,20180,1,2495,1,0,0,0,0,0,0,0,0,0,0,0,0,0,0,0,0,0,0,0,0,16964,1,36,1,9559,1,4522,1,17000,1,9559,1,0,1,0,0,0,0,0,0
211,19053700,4523,9559,28.990128,,0,10,9,108,87332,1242,2636,18966368,16,163,10,1,25280,1,50,1,2182964,1,3152830,1,140397,1,13447853,1,16984,1,284262,1,7144,4,527953,4,64898,4,4254627,4,8281915,8,12507425,108,26482,12,2956,1,20310,1,2545,1,0,0,0,0,0,0,0,0,0,0,0,0,0,0,0,0,0,0,0,0,16963,1,36,1,9559,1,4523,1,16999,1,9559,1,0,1,0,0,0,0,0,0
212,18984000,4523,9559,28.990124,,0,10,9,108,90807,1122,2615,18893193,16,163,10,1,25961,1,70,1,2182433,1,3142490,1,138654,1,13386863,1,16713,1,285995,1,7194,4,527322,4,64738,4,4240139,4,8233219,8,12440703,108,30039,12,2976,1,21603,1,2555,1,0,0,0,0,0,0,0,0,0,0,0,0,0,0,0,0,0,0,0,0,16961,1,40,1,9559,1,4523,1,17001,1,9559,1,0,1,0,0,0,0,0,0
213,18977200,4523,9559,28.99013,,0,10,9,108,87574,1192,2716,18889626,16,163,60,1,25621,1,70,1,2158585,1,3150175,1,135688,1,13402233,1,17194,1,283771,1,7254,4,527542,4,64718,4,4242042,4,8250453,8,12459219,108,30560,12,2956,1,19789,1,2515,1,0,0,0,0,0,0,0,0,0,0,0,0,0,0,0,0,0,0,0,0,16963,1,40,1,9559,1,4523,1,17003,1,9559,1,0,1,0,0,0,0,0,0
214,19043300,4524,9559,28.990137,,0,10,9,108,86912,1192,2615,18956388,16,163,40,1,25250,1,60,1,2174958,1,3154493,1,135738,1,13448945,1,16903,1,298410,1,7294,4,526781,4,64788,4,4251621,4,8273629,8,12492555,108,30079,12,2916,1,19799,1,2515,1,0,0,0,0,0,0,0,0,0,0,0,0,0,0,0,0,0,0,0,0,16965,1,40,1,9559,1,4524,1,17005,1,9559,1,0,1,0,0,0,0,0,0
215,18949900,4524,9559,28.990137,,0,10,9,108,86045,1273,2667,18863855,16,163,20,1,25530,1,50,1,2173014,1,3137249,1,134396,1,13376152,1,17444,1,291827,1,7194,4,526681,4,64968,4,4232764,4,8226516,8,12426904,108,29709,12,3006,1,19408,1,2515,1,0,0,0,0,0,0,0,0,0,0,0,0,0,0,0,0,0,0,0,0,16967,1,40,1,9559,1,4524,1,17007,1,9559,1,0,1,0,0,0,0,0,0
216,18927400,4526,9559,28.990137,,0,10,9,108,110818,1062,2625,18816582,16,163,10,1,24889,1,50,1,2184447,1,3154073,1,148544,1,13287927,1,16643,1,293370,1,7294,4,526851,4,64898,4,4204608,4,8164263,8,12337158,108,29087,12,2976,1,20110,1,2495,1,0,0,0,0,0,0,0,0,0,0,0,0,0,0,0,0,0,0,0,0,16971,1,40,1,9559,1,4526,1,17011,1,9559,1,0,1,0,0,0,0,0,0
217,18976400,4524,9559,28.990143,,0,10,9,108,85842,1293,2645,18890558,16,163,50,1,25039,1,20,1,2200458,1,3168471,1,137041,1,13343216,1,16262,1,291296,1,7144,4,526801,4,64718,4,4215109,4,8209803,8,12392839,108,29428,12,3116,1,21362,1,2575,1,0,0,0,0,0,0,0,0,0,0,0,0,0,0,0,0,0,0,0,0,16971,1,40,1,9559,1,4524,1,17011,1,9559,1,0,1,0,0,0,0,0,0
218,19029200,4525,9559,28.990149,,0,10,9,108,86879,1172,2816,18942321,16,163,60,1,26011,1,60,1,2187052,1,3195795,1,132863,1,13383727,1,16753,1,292648,1,7294,4,529717,4,65129,4,4232704,4,8228099,8,12428749,108,29238,12,2956,1,21452,1,2555,1,0,0,0,0,0,0,0,0,0,0,0,0,0,0,0,0,0,0,0,0,16980,1,40,1,9559,1,4525,1,17020,1,9559,1,0,1,0,0,0,0,0,0
219,19007600,4524,9559,28.990149,,0,10,9,108,87473,1172,2585,18920127,16,163,70,1,25400,1,60,1,2180889,1,3195064,1,134987,1,13366893,1,16763,1,293690,1,7435,4,527933,4,65399,4,4224538,4,8220223,8,12412637,108,29538,12,2996,1,21001,1,2505,1,0,0,0,0,0,0,0,0,0,0,0,0,0,0,0,0,0,0,0,0,16981,1,40,1,9559,1,4524,1,17021,1,9559,1,0,1,0,0,0,0,0,0
220,18985900,4523,9559,28.990152,,0,10,9,108,92556,1172,2536,18893344,16,163,70,1,25090,1,60,1,2196140,1,3169774,1,136690,1,13348096,1,17424,1,285805,1,7324,4,526921,4,64848,4,4219087,4,8215424,8,12402327,108,29649,12,3016,1,21973,1,2525,1,0,0,0,0,0,0,0,0,0,0,0,0,0,0,0,0,0,0,0,0,16980,1,40,1,9559,1,4523,1,17020,1,9559,1,0,1,0,0,0,0,0,0
221,19093800,4522,9559,28.99016,,0,10,9,108,77423,1072,2555,19016377,16,163,10,1,25190,1,110,1,2211340,1,3179352,1,144506,1,13443936,1,11934,1,303510,1,7164,4,526951,4,65299,4,4240209,4,8261565,8,12469850,108,29368,12,4178,1,31262,1,2725,1,0,0,0,0,0,0,0,0,0,0,0,0,0,0,0,0,0,0,0,0,16978,1,40,1,9559,1,4522,1,17018,1,9559,1,0,1,0,0,0,0,0,0
222,18710600,4522,9559,28.990164,,0,10,9,108,55898,1162,2636,18654702,16,163,140,1,25070,1,50,1,1926487,1,3056640,1,116941,1,13512160,1,17214,1,328950,1,7224,4,528625,4,64768,4,4262753,4,8293198,8,12523305,108,30009,12,2996,1,19939,1,2545,1,0,0,0,0,0,0,0,0,0,0,0,0,0,0,0,0,0,0,0,0,16976,1,40,1,9559,1,4522,1,17016,1,9559,1,0,1,0,0,0,0,0,0
223,18912900,4520,9559,28.990162,,0,10,9,108,87310,1142,2605,18825590,16,163,20,1,25049,1,110,1,2052646,1,3246385,1,140678,1,13343717,1,16984,1,285755,1,7254,4,526991,4,64908,4,4219718,4,8212528,8,12402918,108,26723,12,2906,1,20000,1,2515,1,0,0,0,0,0,0,0,0,0,0,0,0,0,0,0,0,0,0,0,0,16977,1,36,1,9559,1,4520,1,17013,1,9559,1,0,1,0,0,0,0,0,0
224,18929500,4521,9559,28.99016,,0,10,9,108,86436,1232,2657,18843064,16,163,30,1,25601,1,70,1,2065672,1,3266795,1,140808,1,13326784,1,17304,1,297618,1,7194,4,526801,4,64848,4,4219869,4,8183741,8,12373960,108,26993,12,2966,1,20010,1,2505,1,0,0,0,0,0,0,0,0,0,0,0,0,0,0,0,0,0,0,0,0,16971,1,36,1,9559,1,4521,1,17007,1,9559,1,0,1,0,0,0,0,0,0
225,18829100,4522,9559,28.990166,,0,11,9,108,100993,1583,2997,18728107,16,175,20,1,25821,1,100,1,1915776,1,3168972,1,144115,1,13455919,1,17384,1,280494,1,14378,4,525709,4,64848,4,4262723,4,8279330,8,12508135,108,30921,24,3036,1,21252,1,2565,1,0,0,0,0,0,0,0,0,0,0,0,0,0,0,0,0,0,0,0,0,16973,1,40,1,9559,1,4522,1,17013,1,9559,1,0,1,0,0,0,0,0,0
226,18938100,4521,9559,28.990166,,0,11,9,108,88763,1232,2796,18849337,16,175,130,1,24819,1,80,1,2103517,1,3133592,1,140227,1,13429597,1,17374,1,321335,1,7194,4,526420,4,64908,4,4245559,4,8235764,8,12448468,108,30059,24,3066,1,21593,1,2525,1,0,0,0,0,0,0,0,0,0,0,0,0,0,0,0,0,0,0,0,0,16968,1,40,1,9559,1,4521,1,17008,1,9559,1,0,1,0,0,0,0,0,0
227,18733900,4522,9559,28.990166,,0,11,9,108,151110,1232,2997,18582790,16,175,70,1,30600,1,90,1,1938831,1,2999166,1,142532,1,13456320,1,15180,1,295995,1,7355,4,527572,4,65740,4,4255900,4,8275372,8,12497966,108,30310,24,3256,1,21232,1,2665,1,0,0,0,0,0,0,0,0,0,0,0,0,0,0,0,0,0,0,0,0,16980,1,40,1,9559,1,4522,1,17020,1,9559,1,0,1,0,0,0,0,0,0
228,19113300,4521,9559,28.990168,,0,11,9,108,166671,1242,2907,18946629,16,175,180,1,38316,1,140,1,2173435,1,3175144,1,142081,1,13403215,1,14118,1,297217,1,7294,4,527432,4,64688,4,4247193,4,8231255,8,12445221,108,30320,24,2996,1,21322,1,2575,1,0,0,0,0,0,0,0,0,0,0,0,0,0,0,0,0,0,0,0,0,16979,1,40,1,9559,1,4521,1,17019,1,9559,1,0,1,0,0,0,0,0,0
229,19008300,4519,9559,28.990175,,0,11,9,108,129615,1553,2586,18878685,16,175,60,1,31833,1,20,1,1928701,1,3227788,1,153473,1,13526048,1,10761,1,356264,1,7625,4,562742,4,65159,4,4295298,4,8210604,8,12473247,108,30069,24,3056,1,21242,1,2505,1,0,0,0,0,0,0,0,0,0,0,0,0,0,0,0,0,0,0,0,0,16977,1,40,1,9559,1,4519,1,17017,1,9559,1,0,1,0,0,0,0,0,0
230,19346900,4521,9559,28.990171,,0,11,9,108,132893,1433,3768,19214007,16,175,180,1,34027,1,180,1,2170289,1,3183861,1,152111,1,13662588,1,10771,1,346314,1,7655,4,559175,4,64668,4,4451927,4,8204903,8,12619987,108,33075,24,3176,1,20771,1,2565,1,0,0,0,0,0,0,0,0,0,0,0,0,0,0,0,0,0,0,0,0,16974,1,44,1,9559,1,4521,1,17018,1,9559,1,0,1,0,0,0,0,0,0
231,19140300,4522,9559,28.990166,,0,11,9,108,129845,1463,2836,19010455,16,175,180,1,33677,1,160,1,2090070,1,3182038,1,152541,1,13540967,1,10821,1,341294,1,7595,4,560087,4,71030,4,4372200,4,8160295,8,12496263,108,33396,24,3146,1,21312,1,2545,1,0,0,0,0,0,0,0,0,0,0,0,0,0,0,0,0,0,0,0,0,16973,1,44,1,9559,1,4522,1,17017,1,9559,1,0,1,0,0,0,0,0,0
232,19256100,4523,9559,28.990173,,0,11,9,108,127571,1453,2836,19128529,16,175,190,1,34638,1,180,1,2119298,1,3279370,1,145938,1,13538182,1,10731,1,361725,1,7625,4,561019,4,65249,4,4335427,4,8178571,8,12481073,108,30089,24,2976,1,21553,1,2585,1,0,0,0,0,0,0,0,0,0,0,0,0,0,0,0,0,0,0,0,0,16986,1,40,1,9559,1,4523,1,17026,1,9559,1,0,1,0,0,0,0,0,0
233,19249100,4527,9559,28.990175,,0,11,9,108,154168,1443,2756,19094932,16,175,271,1,34067,1,180,1,2211831,1,3214271,1,145998,1,13472111,1,16202,1,347537,1,7535,4,564325,4,65339,4,4276741,4,8180825,8,12422016,108,32795,24,3016,1,22815,1,2535,1,0,0,0,0,0,0,0,0,0,0,0,0,0,0,0,0,0,0,0,0,16992,1,44,1,9559,1,4527,1,17036,1,9559,1,0,1,0,0,0,0,0,0
234,18736300,4523,9559,28.990168,,0,11,9,108,42521,1283,3297,18693779,16,175,100,1,31142,1,70,1,2188505,1,3002954,1,115909,1,13344489,1,10611,1,279663,1,7244,4,528975,4,64588,4,4228155,4,8207989,8,12399641,108,33206,24,3106,1,20941,1,2545,1,0,0,0,0,0,0,0,0,0,0,0,0,0,0,0,0,0,0,0,0,16988,1,44,1,9559,1,4523,1,17032,1,9559,1,0,1,0,0,0,0,0,0
235,18555500,4525,9559,28.99017,,0,11,9,108,45163,1283,2827,18510337,16,175,160,1,23697,1,90,1,1943791,1,3012292,1,115248,1,13404387,1,10671,1,279372,1,7274,4,530999,4,65249,4,4251030,4,8242377,8,12457575,108,33005,24,3086,1,21182,1,2535,1,0,0,0,0,0,0,0,0,0,0,0,0,0,0,0,0,0,0,0,0,16992,1,44,1,9559,1,4525,1,17036,1,9559,1,0,1,0,0,0,0,0,0
236,18591600,4525,9559,28.990175,,0,11,9,108,40262,1072,2666,18551338,16,175,110,1,23737,1,40,1,1954612,1,3008926,1,122833,1,13430218,1,10861,1,278470,1,7395,4,528665,4,64507,4,4261000,4,8261565,8,12486603,108,33295,24,3086,1,21883,1,2575,1,0,0,0,0,0,0,0,0,0,0,0,0,0,0,0,0,0,0,0,0,16990,1,44,1,9559,1,4525,1,17034,1,9559,1,0,1,0,0,0,0,0,0
237,19157600,4526,9559,28.990175,,0,11,9,108,94992,1252,3237,19062608,16,175,130,1,26703,1,110,1,2197623,1,3206837,1,145187,1,13468444,1,17575,1,315924,1,7355,4,527693,4,64768,4,4259868,4,8265433,8,12485091,108,36973,24,2956,1,20681,1,2515,1,0,0,0,0,0,0,0,0,0,0,0,0,0,0,0,0,0,0,0,0,16991,1,48,1,9559,1,4526,1,17039,1,9559,1,0,1,0,0,0,0,0,0
238,19025000,4525,9559,28.990175,,0,11,9,108,88351,1112,2826,18936649,16,175,100,1,25310,1,250,1,2184657,1,3169974,1,138614,1,13400890,1,16853,1,285735,1,7174,4,527372,4,64908,4,4252122,4,8237327,8,12452907,108,33717,24,2966,1,19639,1,2535,1,0,0,0,0,0,0,0,0,0,0,0,0,0,0,0,0,0,0,0,0,16997,1,44,1,9559,1,4525,1,17041,1,9559,1,0,1,0,0,0,0,0,0
239,18999200,4524,9559,28.990175,,0,11,9,108,90787,1152,2866,18908413,16,175,30,1,25480,1,100,1,2177623,1,3165205,1,138113,1,13385039,1,16823,1,299362,1,7334,4,527542,4,64938,4,4233616,4,8225353,8,12422366,108,33737,24,3156,1,20050,1,2535,1,0,0,0,0,0,0,0,0,0,0,0,0,0,0,0,0,0,0,0,0,16995,1,44,1,9559,1,4524,1,17039,1,9559,1,0,1,0,0,0,0,0,0
240,19048100,4524,9559,28.990175,,0,11,9,108,86491,1192,2656,18961609,16,175,20,1,24979,1,110,1,2185929,1,3166627,1,141750,1,13425369,1,16823,1,285214,1,7164,4,534917,4,64848,4,4250589,4,8256715,8,12471123,108,33526,24,2966,1,19228,1,2535,1,0,0,0,0,0,0,0,0,0,0,0,0,0,0,0,0,0,0,0,0,17006,1,44,1,9559,1,4524,1,17050,1,9559,1,0,1,0,0,0,0,0,0
241,18981100,4521,9559,28.990175,,0,11,9,108,86474,1202,2666,18894626,16,175,10,1,24909,1,70,1,2193945,1,3149854,1,140417,1,13367985,1,17434,1,285915,1,7365,4,537853,4,64828,4,4225369,4,8218229,8,12408028,108,32905,24,2976,1,21713,1,2535,1,0,0,0,0,0,0,0,0,0,0,0,0,0,0,0,0,0,0,0,0,16992,1,44,1,9559,1,4521,1,17036,1,9559,1,0,1,0,0,0,0,0,0
242,18993200,4520,9559,28.990175,,0,11,9,108,88203,1202,2716,18904997,16,175,40,1,25581,1,50,1,2164868,1,3167299,1,136760,1,13393145,1,17254,1,284162,1,7184,4,527542,4,64988,4,4242894,4,8239542,8,12446645,108,33075,24,2966,1,20130,1,2535,1,0,0,0,0,0,0,0,0,0,0,0,0,0,0,0,0,0,0,0,0,17003,1,44,1,9559,1,4520,1,17047,1,9559,1,0,1,0,0,0,0,0,0
243,19049000,4520,9559,28.990175,,0,11,9,108,87381,1323,3838,18961619,16,175,30,1,25090,1,60,1,2208304,1,3161537,1,134486,1,13415169,1,16943,1,282979,1,7254,4,527542,4,64838,4,4259096,4,8246455,8,12467856,108,33857,24,3056,1,20130,1,2495,1,0,0,0,0,0,0,0,0,0,0,0,0,0,0,0,0,0,0,0,0,17000,1,44,1,9559,1,4520,1,17044,1,9559,1,0,1,0,0,0,0,0,0
244,19026200,4521,9559,28.990171,,0,11,9,108,87186,1192,2856,18939014,16,175,100,1,25090,1,60,1,2192903,1,3164643,1,136099,1,13403135,1,16984,1,298229,1,7254,4,527422,4,64808,4,4237774,4,8240914,8,12442556,108,33276,24,2966,1,20010,1,2565,1,0,0,0,0,0,0,0,0,0,0,0,0,0,0,0,0,0,0,0,0,17000,1,44,1,9559,1,4521,1,17044,1,9559,1,0,1,0,0,0,0,0,0
245,19018100,4520,9559,28.990164,,0,11,9,108,86421,1172,2675,18931679,16,175,60,1,25871,1,60,1,2182242,1,3151738,1,133865,1,13420720,1,17124,1,300213,1,7284,4,527142,4,64878,4,4247593,4,8246916,8,12458629,108,33206,24,3026,1,19969,1,2525,1,0,0,0,0,0,0,0,0,0,0,0,0,0,0,0,0,0,0,0,0,16998,1,44,1,9559,1,4520,1,17042,1,9559,1,0,1,0,0,0,0,0,0
246,19133600,4521,9559,28.990164,,0,11,9,108,89498,1142,2715,19044102,16,175,10,1,25801,1,50,1,2188444,1,3156367,1,132442,1,13523332,1,17655,1,299512,1,9409,4,536691,4,65059,4,4268685,4,8294380,8,12526783,108,33566,24,3487,1,42354,1,2615,1,0,0,0,0,0,0,0,0,0,0,0,0,0,0,0,0,0,0,0,0,16997,1,44,1,9559,1,4521,1,17041,1,9559,1,0,1,0,0,0,0,0,0
247,19835100,4521,9559,28.990164,,0,11,9,108,73000,2445,3117,19762100,16,175,70,1,26202,1,60,1,2159818,1,3389428,1,125117,1,14048480,1,12926,1,587892,1,12174,4,565347,4,68445,4,4430976,4,8315331,8,12710165,108,33025,24,3637,1,58385,1,3848,1,0,0,0,0,0,0,0,0,0,0,0,0,0,0,0,0,0,0,0,0,16999,1,44,1,9559,1,4521,1,17043,1,9559,1,0,1,0,0,0,0,0,0
248,19285900,4520,9559,28.990164,,0,11,9,108,58436,1463,2716,19227464,16,175,561,1,36362,1,200,1,2166190,1,3192458,1,116781,1,13697517,1,17394,1,461622,1,7635,4,533053,4,64868,4,4267012,4,8289651,8,12520991,108,32955,24,3697,1,65028,1,3487,1,0,0,0,0,0,0,0,0,0,0,0,0,0,0,0,0,0,0,0,0,17001,1,44,1,9559,1,4520,1,17045,1,9559,1,0,1,0,0,0,0,0,0
249,19428000,4522,9559,28.990164,,0,11,9,108,105098,2144,3057,19322902,16,175,150,1,37494,1,230,1,2043618,1,3331473,1,118053,1,13779138,1,12745,1,526971,1,9348,4,537813,4,66261,4,4279206,4,8297105,8,12540610,108,32645,24,6082,1,50991,1,3216,1,0,0,0,0,0,0,0,0,0,0,0,0,0,0,0,0,0,0,0,0,17000,1,44,1,9559,1,4522,1,17044,1,9559,1,0,1,0,0,0,0,0,0
250,19201500,4521,9559,28.990164,,0,11,9,108,50688,1733,2836,19150812,16,175,100,1,27514,1,411,1,1936707,1,3308989,1,119857,1,13744920,1,12314,1,486571,1,11362,4,530729,4,68265,4,4276320,4,8306594,8,12546932,108,33145,24,4228,1,55409,1,3707,1,0,0,0,0,0,0,0,0,0,0,0,0,0,0,0,0,0,0,0,0,16995,1,44,1,9559,1,4521,1,17039,1,9559,1,0,1,0,0,0,0,0,0
251,22138400,4522,9559,28.990164,,0,11,9,108,64031,2956,4239,22074369,16,175,351,1,25070,1,70,1,1935735,1,3368626,1,147081,1,16583499,1,13938,1,468466,1,8537,4,531140,4,66401,4,4303905,4,11143430,8,15414890,108,28206,24,4549,1,46001,1,8116,1,0,0,0,0,0,0,0,0,0,0,0,0,0,0,0,0,0,0,0,0,17008,1,36,1,9559,1,4522,1,17044,1,9559,1,0,1,0,0,0,0,0,0
252,20995300,4523,9559,28.990164,,0,11,9,108,69580,2775,3046,20925720,16,175,190,1,28697,1,130,1,2910431,1,3332265,1,149235,1,14492377,1,12394,1,1183128,1,11042,4,545368,4,68245,4,4291901,4,8317896,8,12579137,108,27615,24,4118,1,64588,1,3317,1,0,0,0,0,0,0,0,0,0,0,0,0,0,0,0,0,0,0,0,0,17010,1,36,1,9559,1,4523,1,17046,1,9559,1,0,1,0,0,0,0,0,0
253,19258300,4523,9559,28.99017,,0,11,9,108,61146,1212,2686,19197154,16,175,150,1,25120,1,40,1,1940054,1,3330411,1,121620,1,13761263,1,18497,1,500860,1,7505,4,530368,4,65379,4,4298294,4,8314570,8,12583044,108,27134,24,3086,1,37444,1,2545,1,0,0,0,0,0,0,0,0,0,0,0,0,0,0,0,0,0,0,0,0,17014,1,36,1,9559,1,4523,1,17050,1,9559,1,0,1,0,0,0,0,0,0
254,19187000,4523,9559,28.99017,,0,11,9,108,99282,1202,2787,19087718,16,175,170,1,27424,1,90,1,2146181,1,3186076,1,146900,1,13563041,1,17835,1,357106,1,8787,4,530659,4,65229,4,4276811,4,8298178,8,12545149,108,27053,24,2976,1,19599,1,2495,1,0,0,0,0,0,0,0,0,0,0,0,0,0,0,0,0,0,0,0,0,17017,1,36,1,9559,1,4523,1,17053,1,9559,1,0,1,0,0,0,0,0,0
255,18962700,4521,9559,28.99017,,0,11,9,108,88895,1162,3537,18873805,16,175,30,1,26001,1,60,1,2106523,1,3127630,1,142301,1,13455859,1,15400,1,288700,1,7294,4,531420,4,65139,4,4249667,4,8286444,8,12505661,108,26913,24,3066,1,20240,1,2725,1,0,0,0,0,0,0,0,0,0,0,0,0,0,0,0,0,0,0,0,0,17012,1,36,1,9559,1,4521,1,17048,1,9559,1,0,1,0,0,0,0,0,0
256,19023900,4519,9559,28.99017,,0,11,9,108,67562,2004,4579,18956338,16,175,60,1,25350,1,90,1,1958029,1,3141778,1,114647,1,13698108,1,18276,1,432194,1,9248,4,538875,4,64978,4,4280799,4,8321894,8,12570179,108,27935,24,3617,1,41843,1,2655,1,0,0,0,0,0,0,0,0,0,0,0,0,0,0,0,0,0,0,0,0,17011,1,36,1,9559,1,4519,1,17047,1,9559,1,0,1,0,0,0,0,0,0
257,19066400,4519,9559,28.990171,,0,11,9,108,90914,1333,2867,18975486,16,175,210,1,27835,1,160,1,2099889,1,3159243,1,145267,1,13525958,1,16923,1,375953,1,7274,4,532041,4,65299,4,4255178,4,8253229,8,12478065,108,27474,24,2996,1,30099,1,2555,1,0,0,0,0,0,0,0,0,0,0,0,0,0,0,0,0,0,0,0,0,17016,1,36,1,9559,1,4519,1,17052,1,9559,1,0,1,0,0,0,0,0,0
258,18980300,4520,9559,28.990177,,0,11,9,108,87778,1283,3107,18892522,16,175,20,1,26653,1,40,1,2085531,1,3122440,1,138524,1,13502722,1,16593,1,328970,1,7264,4,540368,4,64908,4,4240459,4,8286174,8,12493046,108,30480,24,3236,1,27404,1,2655,1,0,0,0,0,0,0,0,0,0,0,0,0,0,0,0,0,0,0,0,0,17012,1,40,1,9559,1,4520,1,17052,1,9559,1,0,1,0,0,0,0,0,0
259,18964400,4520,9559,28.990177,,0,11,9,108,113029,1393,3157,18851371,16,175,50,1,24879,1,120,1,2079760,1,3171116,1,115228,1,13445759,1,14459,1,310604,1,7395,4,528464,4,65099,4,4233115,4,8235634,8,12436374,108,29217,24,3407,1,56001,1,4649,1,0,0,0,0,0,0,0,0,0,0,0,0,0,0,0,0,0,0,0,0,17008,1,40,1,9559,1,4520,1,17048,1,9559,1,0,1,0,0,0,0,0,0
260,18766100,4520,9559,28.990177,,0,11,9,108,73082,1563,2776,18693018,16,175,431,1,36783,1,210,1,2124718,1,3046269,1,113795,1,13350631,1,20180,1,367516,1,7605,4,543103,4,65279,4,4193997,4,8140015,8,12301558,108,29679,24,3146,1,25871,1,2535,1,0,0,0,0,0,0,0,0,0,0,0,0,0,0,0,0,0,0,0,0,17005,1,40,1,9559,1,4520,1,17045,1,9559,1,0,1,0,0,0,0,0,0
261,19277500,4519,9559,28.99018,,0,11,9,108,192157,1523,2856,19085343,16,175,220,1,37935,1,351,1,2146101,1,3160315,1,151840,1,13573311,1,15270,1,365853,1,8126,4,580006,4,64778,4,4382169,4,8143993,8,12493086,108,30220,24,3156,1,21152,1,2555,1,0,0,0,0,0,0,0,0,0,0,0,0,0,0,0,0,0,0,0,0,17010,1,40,1,9559,1,4519,1,17050,1,9559,1,0,1,0,0,0,0,0,0
262,18947700,4518,9559,28.990187,,0,11,9,108,162991,1313,4630,18784709,16,175,421,1,32544,1,130,1,2099859,1,3088603,1,139696,1,13409998,1,13457,1,284422,1,7204,4,529096,4,64748,4,4249146,4,8247096,8,12461914,108,29699,24,3076,1,21352,1,2545,1,0,0,0,0,0,0,0,0,0,0,0,0,0,0,0,0,0,0,0,0,17003,1,40,1,9559,1,4518,1,17043,1,9559,1,0,1,0,0,0,0,0,0
263,19104800,4518,9559,28.990187,,0,11,9,108,171026,1563,2747,18933774,16,175,140,1,32564,1,240,1,1929292,1,3152249,1,148764,1,13621627,1,48897,1,340393,1,7615,4,561970,4,65339,4,4436457,4,8175134,8,12579356,108,29488,24,3106,1,27474,1,2575,1,0,0,0,0,0,0,0,0,0,0,0,0,0,0,0,0,0,0,0,0,17005,1,40,1,9559,1,4518,1,17045,1,9559,1,0,1,0,0,0,0,0,0
264,19226800,4518,9559,28.990187,,0,11,9,108,128471,1733,3457,19098329,16,175,240,1,32274,1,230,1,2095741,1,3142810,1,145117,1,13666355,1,15561,1,454007,1,8607,4,572902,4,65359,4,4351208,4,8163561,8,12465101,108,46211,24,3757,1,42474,1,2745,1,0,0,0,0,0,0,0,0,0,0,0,0,0,0,0,0,0,0,0,0,17010,1,40,1,9559,1,4518,1,17050,1,9559,1,0,1,0,0,0,0,0,0
265,18895000,4518,9559,28.990187,,0,11,9,108,80452,1413,2836,18814548,16,175,381,1,35490,1,200,1,2236509,1,3038494,1,114897,1,13375400,1,13176,1,335383,1,7314,4,529065,4,65099,4,4216792,4,8191386,8,12374993,108,30350,24,3066,1,23296,1,2585,1,0,0,0,0,0,0,0,0,0,0,0,0,0,0,0,0,0,0,0,0,17011,1,40,1,9559,1,4518,1,17051,1,9559,1,0,1,0,0,0,0,0,0
266,18872600,4518,9559,28.990187,,0,11,9,108,166757,2184,2775,18705843,16,175,190,1,33436,1,210,1,2056674,1,3117340,1,153573,1,13327195,1,17224,1,281737,1,7204,4,530598,4,65399,4,4216582,4,8196817,8,12380083,108,30540,24,3076,1,21062,1,2535,1,0,0,0,0,0,0,0,0,0,0,0,0,0,0,0,0,0,0,0,0,17004,1,40,1,9559,1,4518,1,17044,1,9559,1,0,1,0,0,0,0,0,0
267,19122000,4518,9559,28.990187,,0,11,9,108,123939,1393,2926,18998061,16,175,160,1,37815,1,140,1,2110190,1,3108523,1,143143,1,13587339,1,10751,1,340823,1,7645,4,562191,4,65259,4,4389233,4,8193621,8,12549849,108,30079,24,3126,1,21523,1,2525,1,0,0,0,0,0,0,0,0,0,0,0,0,0,0,0,0,0,0,0,0,17009,1,40,1,9559,1,4518,1,17049,1,9559,1,0,1,0,0,0,0,0,0
268,19117000,4518,9559,28.990187,,0,11,9,108,137316,1593,3096,18979684,16,175,190,1,32985,1,140,1,2064760,1,3170275,1,130889,1,13569664,1,10781,1,400411,1,8246,4,540658,4,65439,4,4262122,4,8253659,8,12481794,108,30891,24,3156,1,31733,1,2645,1,0,0,0,0,0,0,0,0,0,0,0,0,0,0,0,0,0,0,0,0,17011,1,40,1,9559,1,4518,1,17051,1,9559,1,0,1,0,0,0,0,0,0
269,18694500,4518,9559,28.990187,,0,11,9,108,72282,1303,2876,18622218,16,175,240,1,34989,1,170,1,2062085,1,2991271,1,114847,1,13407854,1,10761,1,309221,1,7304,4,530097,4,65159,4,4237654,4,8230253,8,12434050,108,30981,24,3016,1,21322,1,2525,1,0,0,0,0,0,0,0,0,0,0,0,0,0,0,0,0,0,0,0,0,17009,1,40,1,9559,1,4518,1,17049,1,9559,1,0,1,0,0,0,0,0,0
270,18886500,4518,9559,28.990187,,0,11,9,108,171729,1303,2886,18714771,16,175,160,1,27184,1,150,1,1943891,1,3169503,1,141910,1,13415449,1,16523,1,295955,1,7635,4,528464,4,64708,4,4238265,4,8252197,8,12457035,108,30540,24,3126,1,21222,1,2575,1,0,0,0,0,0,0,0,0,0,0,0,0,0,0,0,0,0,0,0,0,17008,1,40,1,9559,1,4518,1,17048,1,9559,1,0,1,0,0,0,0,0,0
271,18942400,4518,9559,28.990187,,0,11,9,108,133984,1743,3608,18808416,16,175,130,1,32063,1,20,1,1940434,1,3180344,1,152191,1,13492461,1,10771,1,340954,1,7735,4,559165,4,65089,4,4262723,4,8213169,8,12441895,108,30390,24,10661,1,28576,1,2645,1,0,0,0,0,0,0,0,0,0,0,0,0,0,0,0,0,0,0,0,0,17007,1,40,1,9559,1,4518,1,17047,1,9559,1,0,1,0,0,0,0,0,0
272,19318200,4518,9559,28.990187,,0,11,9,108,138120,1453,2916,19180080,16,175,762,1,32945,1,170,1,2183084,1,3138762,1,152451,1,13661185,1,10721,1,340573,1,8146,4,558233,4,65168,4,4420936,4,8238940,8,12626740,108,30220,24,3136,1,22064,1,2535,1,0,0,0,0,0,0,0,0,0,0,0,0,0,0,0,0,0,0,0,0,17004,1,40,1,9559,1,4518,1,17044,1,9559,1,0,1,0,0,0,0,0,0
273,19065000,4518,9559,28.990187,,0,11,9,108,149292,1493,2736,18915708,16,175,190,1,33486,1,110,1,2089228,1,3113122,1,151910,1,13516759,1,10902,1,347707,1,7735,4,562451,4,65189,4,4370677,4,8134704,8,12472375,108,30270,24,3056,1,21182,1,2565,1,0,0,0,0,0,0,0,0,0,0,0,0,0,0,0,0,0,0,0,0,17011,1,40,1,9559,1,4518,1,17051,1,9559,1,0,1,0,0,0,0,0,0
274,18899600,4518,9559,28.990187,,0,11,9,108,111013,1533,2846,18788587,16,175,170,1,34588,1,170,1,2090942,1,3150415,1,115148,1,13385570,1,11583,1,397295,1,7425,4,527753,4,64798,4,4200350,4,8158441,8,12325746,108,30200,24,3226,1,22154,1,2595,1,0,0,0,0,0,0,0,0,0,0,0,0,0,0,0,0,0,0,0,0,17013,1,40,1,9559,1,4518,1,17053,1,9559,1,0,1,0,0,0,0,0,0
275,18484700,4518,9559,28.990187,,0,11,9,108,72237,1373,2906,18412463,16,175,351,1,25060,1,90,1,1943801,1,3009236,1,115669,1,13301143,1,17114,1,278751,1,7345,4,531130,4,71261,4,4205490,4,8179112,8,12351406,108,30290,24,2996,1,21162,1,2525,1,0,0,0,0,0,0,0,0,0,0,0,0,0,0,0,0,0,0,0,0,17017,1,40,1,9559,1,4518,1,17057,1,9559,1,0,1,0,0,0,0,0,0
276,18918600,4519,9559,28.990183,,0,11,9,108,89704,1313,2796,18828896,16,175,90,1,25210,1,90,1,2210368,1,3195995,1,145007,1,13233740,1,18396,1,300564,1,7284,4,539727,4,65189,4,4170441,4,8120697,8,12256469,108,31873,24,3056,1,22905,1,2565,1,0,0,0,0,0,0,0,0,0,0,0,0,0,0,0,0,0,0,0,0,17013,1,40,1,9559,1,4519,1,17053,1,9559,1,0,1,0,0,0,0,0,0
277,19079900,4518,9559,28.990183,,0,11,9,108,75777,1683,4079,19004123,16,175,40,1,25150,1,100,1,2229486,1,3222247,1,140468,1,13375059,1,11573,1,299502,1,7134,4,539226,4,71080,4,4207284,4,8204382,8,12377237,108,30350,24,3186,1,38987,1,2595,1,0,0,0,0,0,0,0,0,0,0,0,0,0,0,0,0,0,0,0,0,17010,1,40,1,9559,1,4518,1,17050,1,9559,1,0,1,0,0,0,0,0,0
278,18495200,4518,9559,28.990183,,0,11,9,108,40172,1242,2837,18455028,16,175,150,1,24619,1,110,1,1919804,1,3014457,1,120258,1,13364539,1,11092,1,316926,1,13206,4,537312,4,64718,4,4200600,4,8194663,8,12362287,108,30140,24,3046,1,30290,1,2535,1,0,0,0,0,0,0,0,0,0,0,0,0,0,0,0,0,0,0,0,0,17008,1,40,1,9559,1,4518,1,17048,1,9559,1,0,1,0,0,0,0,0,0
279,18547800,4519,9559,28.990183,,0,11,9,108,52583,1413,3037,18495217,16,175,170,1,23717,1,110,1,1932689,1,3011841,1,113885,1,13396973,1,15831,1,342226,1,7435,4,531620,4,64718,4,4200510,4,8186196,8,12352748,108,30921,24,7856,1,52203,1,2796,1,0,0,0,0,0,0,0,0,0,0,0,0,0,0,0,0,0,0,0,0,17019,1,40,1,9559,1,4519,1,17059,1,9559,1,0,1,0,0,0,0,0,0
280,19023500,4518,9559,28.990183,,0,11,9,108,62042,1794,3136,18961458,16,175,301,1,27414,1,250,1,2136061,1,3142329,1,116651,1,13520316,1,18136,1,448596,1,7775,4,540147,4,65640,4,4230750,4,8172108,8,12370324,108,29398,24,3387,1,47233,1,2886,1,0,0,0,0,0,0,0,0,0,0,0,0,0,0,0,0,0,0,0,0,17022,1,40,1,9559,1,4518,1,17062,1,9559,1,0,1,0,0,0,0,0,0
281,19674700,4520,9559,28.990183,,0,11,9,108,102926,2074,3729,19571774,16,175,250,1,33536,1,591,1,2222321,1,3330942,1,154555,1,13811241,1,18336,1,383107,1,7926,4,571579,4,70028,4,4477327,4,8234471,8,12677870,108,30200,24,3908,1,56892,1,3928,1,0,0,0,0,0,0,0,0,0,0,0,0,0,0,0,0,0,0,0,0,17023,1,40,1,9559,1,4520,1,17063,1,9559,1,0,1,0,0,0,0,0,0
282,19358700,4520,9559,28.990185,,0,11,9,108,105024,2375,2986,19253676,16,175,391,1,26953,1,180,1,2080381,1,3369979,1,149556,1,13610214,1,16022,1,504477,1,10170,4,529697,4,65920,4,4208075,4,8222608,8,12396686,108,31011,24,4168,1,59688,1,3036,1,0,0,0,0,0,0,0,0,0,0,0,0,0,0,0,0,0,0,0,0,17016,1,40,1,9559,1,4520,1,17056,1,9559,1,0,1,0,0,0,0,0,0
283,19320900,4518,9559,28.990185,,0,11,9,108,103386,1904,2837,19217514,16,175,421,1,27394,1,311,1,1938000,1,3591307,1,167762,1,13473734,1,18587,1,466051,1,10731,4,557141,4,66752,4,4190881,4,8124675,8,12282590,108,30129,24,4138,1,48456,1,3006,1,0,0,0,0,0,0,0,0,0,0,0,0,0,0,0,0,0,0,0,0,17020,1,40,1,9559,1,4518,1,17060,1,9559,1,0,1,0,0,0,0,0,0
284,19749100,4518,9559,28.990185,,0,11,9,108,66591,2826,4228,19682509,16,175,451,1,35420,1,250,1,2145780,1,3368797,1,129295,1,13989679,1,12835,1,559435,1,9819,4,540428,4,66602,4,4211562,4,8527596,8,12704470,108,30460,24,3657,1,61582,1,6172,1,0,0,0,0,0,0,0,0,0,0,0,0,0,0,0,0,0,0,0,0,17018,1,40,1,9559,1,4518,1,17058,1,9559,1,0,1,0,0,0,0,0,0
285,19253800,4519,9559,28.990185,,0,11,9,108,63249,1784,2786,19190551,16,175,792,1,36883,1,160,1,2174637,1,3353817,1,117953,1,13489085,1,17224,1,434779,1,7345,4,531701,4,64918,4,4214789,4,8197689,8,12379682,108,30009,24,3176,1,30360,1,2545,1,0,0,0,0,0,0,0,0,0,0,0,0,0,0,0,0,0,0,0,0,17019,1,40,1,9559,1,4519,1,17059,1,9559,1,0,1,0,0,0,0,0,0
286,18946800,4520,9559,28.990185,,0,11,9,108,90179,1192,2776,18856621,16,175,90,1,26242,1,200,1,2158836,1,3153952,1,147061,1,13353226,1,17014,1,302748,1,7254,4,529106,4,64988,4,4214508,4,8206186,8,12388350,108,29568,24,3016,1,21683,1,2545,1,0,0,0,0,0,0,0,0,0,0,0,0,0,0,0,0,0,0,0,0,17022,1,40,1,9559,1,4520,1,17062,1,9559,1,0,1,0,0,0,0,0,0
287,18949900,4519,9559,28.990185,,0,11,9,108,89411,1092,2676,18860489,16,175,50,1,25039,1,50,1,2163265,1,3143572,1,139115,1,13372314,1,17084,1,298129,1,7705,4,528865,4,65279,4,4220941,4,8222788,8,12411505,108,29548,24,2966,1,22024,1,2525,1,0,0,0,0,0,0,0,0,0,0,0,0,0,0,0,0,0,0,0,0,17028,1,40,1,9559,1,4519,1,17068,1,9559,1,0,1,0,0,0,0,0,0
288,18917100,4520,9559,28.990185,,0,11,9,108,86570,1593,2876,18830530,16,175,90,1,25420,1,50,1,2184136,1,3154103,1,136279,1,13312516,1,17935,1,300003,1,7685,4,527432,4,64798,4,4209458,4,8176367,8,12353460,108,29488,24,3066,1,19579,1,2535,1,0,0,0,0,0,0,0,0,0,0,0,0,0,0,0,0,0,0,0,0,17031,1,40,1,9559,1,4520,1,17071,1,9559,1,0,1,0,0,0,0,0,0
289,18842900,4518,9559,28.990185,,0,11,9,108,89543,1232,2706,18753357,16,175,20,1,24999,1,50,1,2214316,1,3151387,1,138764,1,13207739,1,16082,1,285444,1,7214,4,526761,4,64908,4,4168687,4,8127590,8,12264153,108,29418,24,3036,1,20350,1,2515,1,0,0,0,0,0,0,0,0,0,0,0,0,0,0,0,0,0,0,0,0,17017,1,40,1,9559,1,4518,1,17057,1,9559,1,0,1,0,0,0,0,0,0
290,18931300,4517,9559,28.99019,,0,11,9,108,73326,1252,2796,18857974,16,175,581,1,25180,1,50,1,2230628,1,3180615,1,137943,1,13272076,1,10902,1,284913,1,7264,4,527733,4,65199,4,4191232,4,8161367,8,12320515,108,29288,24,3106,1,27444,1,2565,1,0,0,0,0,0,0,0,0,0,0,0,0,0,0,0,0,0,0,0,0,17015,1,40,1,9559,1,4517,1,17055,1,9559,1,0,1,0,0,0,0,0,0
291,18902900,4517,9559,28.99019,,0,11,9,108,86589,1403,3197,18816311,16,175,110,1,24258,1,60,1,1931938,1,3381782,1,148634,1,13312275,1,17254,1,308690,1,7264,4,526761,4,65399,4,4194739,4,8164112,8,12326267,108,29388,24,4148,1,37193,1,2565,1,0,0,0,0,0,0,0,0,0,0,0,0,0,0,0,0,0,0,0,0,17016,1,40,1,9559,1,4517,1,17056,1,9559,1,0,1,0,0,0,0,0,0
292,18583700,4519,9559,28.99019,,0,11,9,108,83684,1313,2697,18500016,16,175,240,1,25871,1,70,1,2047877,1,2990690,1,147732,1,13270503,1,17034,1,333078,1,7194,4,527783,4,64618,4,4179138,4,8130215,8,12277219,108,29438,24,3056,1,21523,1,2585,1,0,0,0,0,0,0,0,0,0,0,0,0,0,0,0,0,0,0,0,0,17022,1,40,1,9559,1,4519,1,17062,1,9559,1,0,1,0,0,0,0,0,0
293,18795000,4517,9559,28.990187,,0,11,9,108,88185,1283,2756,18706815,16,175,70,1,25480,1,100,1,2145730,1,3155946,1,143123,1,13219432,1,16933,1,291616,1,7174,4,527041,4,65039,4,4179168,4,8122731,8,12269684,108,29458,24,2966,1,19919,1,2495,1,0,0,0,0,0,0,0,0,0,0,0,0,0,0,0,0,0,0,0,0,17011,1,40,1,9559,1,4517,1,17051,1,9559,1,0,1,0,0,0,0,0,0
294,18828000,4517,9559,28.990185,,0,11,9,108,87779,1202,2996,18740221,16,175,50,1,25851,1,110,1,2182974,1,3174714,1,136931,1,13204262,1,15330,1,284001,1,7244,4,527412,4,64978,4,4173036,4,8121027,8,12261368,108,29699,24,3056,1,19759,1,2545,1,0,0,0,0,0,0,0,0,0,0,0,0,0,0,0,0,0,0,0,0,17014,1,40,1,9559,1,4517,1,17054,1,9559,1,0,1,0,0,0,0,0,0
295,18931400,4516,9559,28.990192,,0,11,9,108,87333,1202,2766,18844067,16,175,70,1,25631,1,90,1,2127093,1,3216967,1,137742,1,13319460,1,17014,1,290223,1,7385,4,526861,4,64778,4,4212254,4,8191196,8,12370605,108,30079,24,2996,1,20070,1,2495,1,0,0,0,0,0,0,0,0,0,0,0,0,0,0,0,0,0,0,0,0,17017,1,40,1,9559,1,4516,1,17057,1,9559,1,0,1,0,0,0,0,0,0
296,19121200,4516,9559,28.990198,,0,11,9,108,92629,1262,2786,19028571,16,175,40,1,25530,1,70,1,2224626,1,3205855,1,135578,1,13419177,1,17695,1,285123,1,8166,4,527953,4,74467,4,4237714,4,8243579,8,12448238,108,30270,24,3246,1,35099,1,2565,1,0,0,0,0,0,0,0,0,0,0,0,0,0,0,0,0,0,0,0,0,17015,1,40,1,9559,1,4516,1,17055,1,9559,1,0,1,0,0,0,0,0,0
297,19026900,4515,9559,28.990198,,0,11,9,108,92405,1252,2576,18934495,16,175,50,1,25731,1,160,1,2220989,1,3213981,1,135568,1,13320662,1,17354,1,346695,1,7294,4,526651,4,64878,4,4200781,4,8144083,8,12311858,108,30430,24,3026,1,23486,1,2515,1,0,0,0,0,0,0,0,0,0,0,0,0,0,0,0,0,0,0,0,0,17014,1,40,1,9559,1,4515,1,17054,1,9559,1,0,1,0,0,0,0,0,0
298,18929500,4515,9559,28.990196,,0,11,9,108,87939,1252,2695,18841561,16,175,20,1,25330,1,90,1,2213955,1,3192388,1,137402,1,13255142,1,17234,1,293019,1,7164,4,527152,4,64648,4,4197575,4,8139654,8,12304494,108,30039,24,2996,1,19188,1,2495,1,0,0,0,0,0,0,0,0,0,0,0,0,0,0,0,0,0,0,0,0,17015,1,40,1,9559,1,4515,1,17055,1,9559,1,0,1,0,0,0,0,0,0
299,18948200,4515,9559,28.990194,,0,11,9,108,90647,1252,2756,18857553,16,175,60,1,25731,1,60,1,2254806,1,3193621,1,136089,1,13229432,1,17755,1,284041,1,7184,4,526490,4,64898,4,4185270,4,8134634,8,12286508,108,30641,24,3076,1,20030,1,2555,1,0,0,0,0,0,0,0,0,0,0,0,0,0,0,0,0,0,0,0,0,17016,1,40,1,9559,1,4515,1,17056,1,9559,1,0,1,0,0,0,0,0,0
300,18969500,4515,9559,28.990194,,0,11,9,108,91166,1313,2736,18878334,16,175,50,1,30921,1,30,1,2243473,1,3238149,1,137692,1,13210925,1,17094,1,284151,1,7174,4,526931,4,64898,4,4176653,4,8124454,8,12267350,108,31021,24,3036,1,19779,1,2535,1,0,0,0,0,0,0,0,0,0,0,0,0,0,0,0,0,0,0,0,0,17018,1,40,1,9559,1,4515,1,17058,1,9559,1,0,1,0,0,0,0,0,0
301,18695500,4515,9559,28.990194,,0,11,9,108,117059,1513,3587,18578441,16,175,40,1,29378,1,90,1,1933781,1,3129915,1,144435,1,13322486,1,18316,1,283340,1,11002,4,532482,4,65950,4,4194027,4,8185465,8,12345575,108,30330,24,3567,1,42003,1,3136,1,0,0,0,0,0,0,0,0,0,0,0,0,0,0,0,0,0,0,0,0,17016,1,40,1,9559,1,4515,1,17056,1,9559,1,0,1,0,0,0,0,0,0
302,18716000,4515,9559,28.990194,,0,11,9,108,76939,1182,2716,18639061,16,175,230,1,26031,1,361,1,1928290,1,3067041,1,145087,1,13454536,1,17485,1,386464,1,7144,4,530398,4,66051,4,4222504,4,8194753,8,12384041,108,30500,24,3106,1,40360,1,2575,1,0,0,0,0,0,0,0,0,0,0,0,0,0,0,0,0,0,0,0,0,17019,1,40,1,9559,1,4515,1,17059,1,9559,1,0,1,0,0,0,0,0,0
303,19253700,4516,9559,28.990194,,0,11,9,108,89371,1262,3187,19164329,16,175,90,1,25661,1,110,1,2175629,1,3267336,1,129656,1,13549254,1,16593,1,361765,1,7455,4,540458,4,65289,4,4254828,4,8287436,8,12508536,108,30540,24,3106,1,25120,1,2535,1,0,0,0,0,0,0,0,0,0,0,0,0,0,0,0,0,0,0,0,0,17017,1,40,1,9559,1,4516,1,17057,1,9559,1,0,1,0,0,0,0,0,0
304,18980200,4515,9559,28.990194,,0,11,9,108,107978,1222,2816,18872222,16,175,30,1,25470,1,100,1,2130039,1,3131949,1,137963,1,13432974,1,13697,1,311005,1,7264,4,527082,4,64868,4,4229798,4,8258930,8,12455251,108,30661,24,3106,1,27104,1,2595,1,0,0,0,0,0,0,0,0,0,0,0,0,0,0,0,0,0,0,0,0,17014,1,40,1,9559,1,4515,1,17054,1,9559,1,0,1,0,0,0,0,0,0
305,19019100,4517,9559,28.990194,,0,11,9,108,129774,1503,2856,18889326,16,175,40,1,32594,1,471,1,1940254,1,3180034,1,150367,1,13574744,1,10821,1,353559,1,7805,4,567702,4,65018,4,4401568,4,8150906,8,12519038,108,30580,24,3196,1,20951,1,2535,1,0,0,0,0,0,0,0,0,0,0,0,0,0,0,0,0,0,0,0,0,17016,1,40,1,9559,1,4517,1,17056,1,9559,1,0,1,0,0,0,0,0,0
306,19071300,4517,9559,28.990194,,0,11,9,108,135583,1453,2856,18935717,16,175,190,1,34378,1,140,1,2124819,1,3115276,1,145207,1,13504966,1,10741,1,342847,1,7645,4,560107,4,64918,4,4377981,4,8123071,8,12467626,108,30570,24,3066,1,21332,1,2545,1,0,0,0,0,0,0,0,0,0,0,0,0,0,0,0,0,0,0,0,0,17012,1,40,1,9559,1,4517,1,17052,1,9559,1,0,1,0,0,0,0,0,0
307,19096500,4517,9559,28.990194,,0,11,9,108,136354,1513,2846,18960146,16,175,160,1,33336,1,100,1,2113777,1,3121638,1,142421,1,13537410,1,11302,1,340343,1,7595,4,561520,4,65179,4,4360126,4,8144474,8,12470853,108,30901,24,5581,1,46111,1,4970,1,0,0,0,0,0,0,0,0,0,0,0,0,0,0,0,0,0,0,0,0,17012,1,40,1,9559,1,4517,1,17052,1,9559,1,0,1,0,0,0,0,0,0
308,18896700,4516,9559,28.990194,,0,11,9,108,59307,2315,2986,18837393,16,175,160,1,30109,1,90,1,1950534,1,3220133,1,117773,1,13506760,1,11833,1,557472,1,9308,4,528284,4,66191,4,4186402,4,8110136,8,12262561,108,30991,24,3337,1,40660,1,2655,1,0,0,0,0,0,0,0,0,0,0,0,0,0,0,0,0,0,0,0,0,17013,1,40,1,9559,1,4516,1,17053,1,9559,1,0,1,0,0,0,0,0,0
309,18752200,4516,9559,28.990194,,0,11,9,108,51667,1373,2956,18700533,16,175,351,1,25370,1,140,1,1978640,1,3215985,1,115208,1,13353998,1,10841,1,379360,1,7154,4,527082,4,64728,4,4195831,4,8145375,8,12307039,108,31211,24,3206,1,27344,1,2545,1,0,0,0,0,0,0,0,0,0,0,0,0,0,0,0,0,0,0,0,0,17016,1,40,1,9559,1,4516,1,17056,1,9559,1,0,1,0,0,0,0,0,0
310,18416800,4516,9559,28.990194,,0,11,9,108,53594,1102,2595,18363206,16,175,80,1,24158,1,40,1,1919443,1,2999166,1,115248,1,13287727,1,17344,1,279252,1,7385,4,528595,4,64598,4,4191553,4,8188200,8,12346096,108,31061,24,3036,1,21502,1,2505,1,0,0,0,0,0,0,0,0,0,0,0,0,0,0,0,0,0,0,0,0,17016,1,40,1,9559,1,4516,1,17056,1,9559,1,0,1,0,0,0,0,0,0
311,18793700,4516,9559,28.990194,,0,11,9,108,97516,1182,2756,18696184,16,175,30,1,25090,1,110,1,2092224,1,3098964,1,140999,1,13321894,1,16873,1,285214,1,7304,4,526420,4,65439,4,4207985,4,8201276,8,12375323,108,31182,24,3006,1,21513,1,2555,1,0,0,0,0,0,0,0,0,0,0,0,0,0,0,0,0,0,0,0,0,17014,1,40,1,9559,1,4516,1,17054,1,9559,1,0,1,0,0,0,0,0,0
312,18909400,4515,9559,28.990194,,0,11,9,108,89892,1202,3307,18819508,16,175,90,1,25841,1,50,1,2149928,1,3116188,1,137351,1,13372955,1,17104,1,285344,1,7445,4,528865,4,65028,4,4227083,4,8226325,8,12419561,108,30540,24,2966,1,26122,1,2575,1,0,0,0,0,0,0,0,0,0,0,0,0,0,0,0,0,0,0,0,0,17012,1,40,1,9559,1,4515,1,17052,1,9559,1,0,1,0,0,0,0,0,0
313,18975200,4515,9559,28.990194,,0,11,9,108,86836,1132,2766,18888364,16,175,80,1,25591,1,200,1,2181962,1,3144343,1,137772,1,13381101,1,17314,1,304732,1,7204,4,525528,4,70650,4,4217404,4,8229321,8,12412778,108,31181,24,2946,1,19639,1,2545,1,0,0,0,0,0,0,0,0,0,0,0,0,0,0,0,0,0,0,0,0,17012,1,40,1,9559,1,4515,1,17052,1,9559,1,0,1,0,0,0,0,0,0
314,18823400,4515,9559,28.990194,,0,11,9,108,90994,1152,2707,18732406,16,175,10,1,25049,1,60,1,2184477,1,3133181,1,134105,1,13238359,1,17164,1,283420,1,7234,4,525508,4,64948,4,4191482,4,8138472,8,12297148,108,30099,24,3046,1,20330,1,2765,1,0,0,0,0,0,0,0,0,0,0,0,0,0,0,0,0,0,0,0,0,17013,1,40,1,9559,1,4515,1,17053,1,9559,1,0,1,0,0,0,0,0,0
315,18694500,4517,9559,28.990194,,0,11,9,108,89967,1212,2736,18604533,16,175,110,1,25410,1,120,1,1996696,1,3208520,1,138894,1,13217097,1,17685,1,283801,1,7134,4,525368,4,64818,4,4173146,4,8136338,8,12276318,108,30430,24,3016,1,19749,1,2515,1,0,0,0,0,0,0,0,0,0,0,0,0,0,0,0,0,0,0,0,0,17014,1,40,1,9559,1,4517,1,17054,1,9559,1,0,1,0,0,0,0,0,0
316,18773300,4515,9559,28.990194,,0,11,9,108,86364,1283,2776,18686936,16,175,10,1,25290,1,90,1,2067065,1,3265372,1,137412,1,13174643,1,17054,1,284101,1,7244,4,525358,4,64998,4,4167896,4,8098232,8,12233072,108,30280,24,3016,1,19969,1,2545,1,0,0,0,0,0,0,0,0,0,0,0,0,0,0,0,0,0,0,0,0,17012,1,40,1,9559,1,4515,1,17052,1,9559,1,0,1,0,0,0,0,0,0
317,18773000,4517,9559,28.990194,,0,11,9,108,84651,1493,4229,18688349,16,175,50,1,24939,1,50,1,2137794,1,3039266,1,145187,1,13323518,1,17545,1,333719,1,8316,4,528665,4,69337,4,4183968,4,8163411,8,12310055,108,33095,24,3667,1,28366,1,2575,1,0,0,0,0,0,0,0,0,0,0,0,0,0,0,0,0,0,0,0,0,17013,1,44,1,9559,1,4517,1,17057,1,9559,1,0,1,0,0,0,0,0,0
318,18853100,4516,9559,28.990192,,0,11,9,108,90274,1313,2966,18762826,16,175,210,1,25821,1,160,1,2145469,1,3161317,1,137802,1,13275182,1,16863,1,371504,1,7365,4,530849,4,64988,4,4158998,4,8111188,8,12233794,108,33426,24,2996,1,23436,1,2545,1,0,0,0,0,0,0,0,0,0,0,0,0,0,0,0,0,0,0,0,0,17012,1,44,1,9559,1,4516,1,17056,1,9559,1,0,1,0,0,0,0,0,0
319,18985500,4516,9559,28.99019,,0,11,9,108,116500,2675,4420,18869000,16,175,180,1,30951,1,210,1,1932649,1,3282767,1,114637,1,13493248,1,14358,1,332076,1,16903,4,536530,4,78846,4,4269782,4,8143502,8,12375358,108,33506,24,5150,1,93344,1,14439,1,0,0,0,0,0,0,0,0,0,0,0,0,0,0,0,0,0,0,0,0,17016,1,44,1,9559,1,4516,1,17060,1,9559,1,0,1,0,0,0,0,0,0
320,19432900,4515,9559,28.990196,,0,11,9,108,60870,3667,2857,19372030,16,175,1092,1,38506,1,311,1,2170970,1,3418214,1,123153,1,13607088,1,12695,1,593312,1,20300,4,538193,4,75649,4,4182485,4,8115867,8,12262080,108,33416,24,4409,1,65710,1,7495,1,0,0,0,0,0,0,0,0,0,0,0,0,0,0,0,0,0,0,0,0,17013,1,44,1,9559,1,4515,1,17057,1,9559,1,0,1,0,0,0,0,0,0
321,19245400,4515,9559,28.990198,,0,11,9,108,57765,2775,3177,19187635,16,175,401,1,25500,1,140,1,1960274,1,3394588,1,126119,1,13667898,1,12715,1,581469,1,19499,4,531150,4,78215,4,4221782,4,8169864,8,12354833,108,33636,24,4128,1,54558,1,4459,1,0,0,0,0,0,0,0,0,0,0,0,0,0,0,0,0,0,0,0,0,17013,1,44,1,9559,1,4515,1,17057,1,9559,1,0,1,0,0,0,0,0,0
322,19215300,4517,9559,28.990198,,0,11,9,108,59628,1343,3006,19155672,16,175,190,1,25290,1,150,1,1944382,1,3391361,1,126550,1,13654963,1,12785,1,571499,1,15270,4,535648,4,69698,4,4206402,4,8180615,8,12350355,108,33656,24,3968,1,65409,1,5110,1,0,0,0,0,0,0,0,0,0,0,0,0,0,0,0,0,0,0,0,0,17012,1,44,1,9559,1,4517,1,17056,1,9559,1,0,1,0,0,0,0,0,0
323,19094800,4517,9559,28.990198,,0,11,9,108,47412,2575,3808,19047388,16,175,210,1,25641,1,140,1,1943621,1,3319119,1,119356,1,13626526,1,12775,1,531620,1,25350,4,533845,4,82573,4,4202154,4,8173882,8,12338210,108,34017,24,4699,1,61842,1,7986,1,0,0,0,0,0,0,0,0,0,0,0,0,0,0,0,0,0,0,0,0,17010,1,44,1,9559,1,4517,1,17054,1,9559,1,0,1,0,0,0,0,0,0
324,19235700,4517,9559,28.990198,,0,11,9,108,50450,2134,2976,19185250,16,175,160,1,25721,1,180,1,2052816,1,3296704,1,119005,1,13678028,1,12635,1,573243,1,14519,4,533775,4,71601,4,4227353,4,8196286,8,12386225,108,34438,24,4329,1,50810,1,3978,1,0,0,0,0,0,0,0,0,0,0,0,0,0,0,0,0,0,0,0,0,17012,1,44,1,9559,1,4517,1,17056,1,9559,1,0,1,0,0,0,0,0,0
325,19186200,4516,9559,28.990194,,0,11,9,108,48724,1593,3176,19137476,16,175,180,1,25370,1,130,1,1946256,1,3361763,1,118935,1,13672136,1,12705,1,540248,1,8286,4,533274,4,66261,4,4220871,4,8235073,8,12418990,108,33777,24,4188,1,59317,1,3026,1,0,0,0,0,0,0,0,0,0,0,0,0,0,0,0,0,0,0,0,0,17009,1,44,1,9559,1,4516,1,17053,1,9559,1,0,1,0,0,0,0,0,0
326,19081400,4516,9559,28.990189,,0,11,9,108,57809,1453,3248,19023591,16,175,170,1,25430,1,110,1,1940945,1,3282797,1,121330,1,13639893,1,12916,1,551901,1,12034,4,532142,4,69507,4,4215600,4,8202088,8,12380924,108,33516,24,4008,1,47875,1,3286,1,0,0,0,0,0,0,0,0,0,0,0,0,0,0,0,0,0,0,0,0,17011,1,44,1,9559,1,4516,1,17055,1,9559,1,0,1,0,0,0,0,0,0
327,19442400,4516,9559,28.990189,,0,11,9,108,66723,2615,3638,19375677,16,175,1062,1,26863,1,210,1,1949332,1,3490427,1,128554,1,13764148,1,15080,1,620556,1,9679,4,539216,4,69527,4,4221862,4,8226175,8,12408519,108,35881,24,3607,1,64357,1,6553,1,0,0,0,0,0,0,0,0,0,0,0,0,0,0,0,0,0,0,0,0,17007,1,44,1,9559,1,4516,1,17051,1,9559,1,0,1,0,0,0,0,0,0
328,19371200,4515,9559,28.990189,,0,11,9,108,59710,2966,3056,19311490,16,175,461,1,32925,1,220,1,2191090,1,3279981,1,119135,1,13669070,1,18607,1,598683,1,8286,4,529476,4,65289,4,4197154,4,8188911,8,12352338,108,30671,24,4018,1,62594,1,11693,1,0,0,0,0,0,0,0,0,0,0,0,0,0,0,0,0,0,0,0,0,17010,1,40,1,9559,1,4515,1,17050,1,9559,1,0,1,0,0,0,0,0,0
329,19412800,4514,9559,28.990189,,0,11,9,108,43927,2355,3368,19368873,16,175,321,1,27855,1,271,1,1951436,1,3381652,1,135788,1,13859677,1,11873,1,699472,1,9579,4,541059,4,65509,4,4276300,4,8204863,8,12447195,108,30600,24,3868,1,53636,1,3036,1,0,0,0,0,0,0,0,0,0,0,0,0,0,0,0,0,0,0,0,0,17004,1,40,1,9559,1,4514,1,17044,1,9559,1,0,1,0,0,0,0,0,0
330,19120100,4515,9559,28.990189,,0,11,9,108,65748,1373,2716,19054352,16,175,381,1,36602,1,250,1,2219075,1,3221376,1,116540,1,13443184,1,16943,1,456121,1,7345,4,529947,4,65028,4,4198576,4,8156848,8,12323000,108,29709,24,3126,1,22224,1,2595,1,0,0,0,0,0,0,0,0,0,0,0,0,0,0,0,0,0,0,0,0,17009,1,40,1,9559,1,4515,1,17049,1,9559,1,0,1,0,0,0,0,0,0
331,18924700,4513,9559,28.990189,,0,11,9,108,90553,1202,2687,18834147,16,175,100,1,25581,1,110,1,2218804,1,3197558,1,144225,1,13228780,1,18988,1,299331,1,7304,4,528875,4,65179,4,4178357,4,8118061,8,12264353,108,29378,24,3016,1,24418,1,3036,1,0,0,0,0,0,0,0,0,0,0,0,0,0,0,0,0,0,0,0,0,17003,1,40,1,9559,1,4513,1,17043,1,9559,1,0,1,0,0,0,0,0,0
332,18995500,4513,9559,28.990189,,0,11,9,108,90814,1182,2696,18904686,16,175,70,1,25821,1,60,1,2226399,1,3275352,1,139967,1,13219722,1,17294,1,323309,1,7214,4,528825,4,65199,4,4167926,4,8090858,8,12226609,108,29478,24,3026,1,29588,1,2595,1,0,0,0,0,0,0,0,0,0,0,0,0,0,0,0,0,0,0,0,0,17007,1,40,1,9559,1,4513,1,17047,1,9559,1,0,1,0,0,0,0,0,0
333,19127000,4512,9559,28.990185,,0,11,9,108,76806,1252,3447,19050194,16,175,90,1,26232,1,351,1,2253543,1,3268068,1,137712,1,13353186,1,11012,1,331545,1,7214,4,529015,4,65289,4,4248796,4,8140315,8,12356466,108,29198,24,3397,1,23797,1,2565,1,0,0,0,0,0,0,0,0,0,0,0,0,0,0,0,0,0,0,0,0,17003,1,40,1,9559,1,4512,1,17043,1,9559,1,0,1,0,0,0,0,0,0
334,18456000,4513,9559,28.990185,,0,11,9,108,57454,1383,2997,18398546,16,175,140,1,24759,1,60,1,1936076,1,3017633,1,117953,1,13290262,1,11663,1,310814,1,7775,4,530829,4,66040,4,4179078,4,8144303,8,12290947,108,29438,24,3798,1,43085,1,3156,1,0,0,0,0,0,0,0,0,0,0,0,0,0,0,0,0,0,0,0,0,17013,1,40,1,9559,1,4513,1,17053,1,9559,1,0,1,0,0,0,0,0,0
335,18549500,4514,9559,28.990185,,0,11,9,108,79773,1393,2745,18469727,16,175,80,1,24799,1,80,1,1923210,1,3121648,1,148704,1,13233860,1,17344,1,335403,1,7224,4,530148,4,65079,4,4169419,4,8097521,8,12237872,108,26322,24,3116,1,22003,1,2555,1,0,0,0,0,0,0,0,0,0,0,0,0,0,0,0,0,0,0,0,0,17021,1,36,1,9559,1,4514,1,17057,1,9559,1,0,1,0,0,0,0,0,0
336,18840700,4513,9559,28.990185,,0,11,9,108,88966,1252,2766,18751734,16,175,30,1,25591,1,100,1,2209025,1,3202338,1,141269,1,13156488,1,16893,1,285885,1,7254,4,529356,4,65369,4,4155561,4,8086399,8,12212331,108,26863,24,3016,1,19849,1,2545,1,0,0,0,0,0,0,0,0,0,0,0,0,0,0,0,0,0,0,0,0,17019,1,36,1,9559,1,4513,1,17055,1,9559,1,0,1,0,0,0,0,0,0
337,18758900,4516,9559,28.990185,,0,11,9,108,88146,1293,2745,18670754,16,175,60,1,25280,1,60,1,2053468,1,3281043,1,142221,1,13151648,1,16974,1,284332,1,7214,4,528605,4,64888,4,4154038,4,8084405,8,12206370,108,29328,24,3016,1,21342,1,2515,1,0,0,0,0,0,0,0,0,0,0,0,0,0,0,0,0,0,0,0,0,17024,1,40,1,9559,1,4516,1,17064,1,9559,1,0,1,0,0,0,0,0,0
338,18939300,4517,9559,28.990185,,0,11,9,108,98350,1533,2986,18840950,16,175,30,1,25500,1,80,1,2124278,1,3104795,1,144415,1,13424928,1,16923,1,358669,1,8066,4,559375,4,66481,4,4314125,4,8089806,8,12371506,108,29438,24,3046,1,21242,1,2585,1,0,0,0,0,0,0,0,0,0,0,0,0,0,0,0,0,0,0,0,0,17022,1,40,1,9559,1,4517,1,17062,1,9559,1,0,1,0,0,0,0,0,0
339,18915800,4518,9559,28.990185,,0,11,9,108,102905,1493,2746,18812895,16,175,140,1,25621,1,110,1,2109298,1,3174423,1,138794,1,13345541,1,18967,1,341505,1,7555,4,560137,4,68095,4,4316730,4,8023174,8,12307920,108,29238,24,3086,1,21192,1,2575,1,0,0,0,0,0,0,0,0,0,0,0,0,0,0,0,0,0,0,0,0,17023,1,40,1,9559,1,4518,1,17063,1,9559,1,0,1,0,0,0,0,0,0
340,18762700,4517,9559,28.990185,,0,11,9,108,160351,1232,2846,18602349,16,175,301,1,33967,1,130,1,2133486,1,3102320,1,139957,1,13178441,1,13747,1,288791,1,7154,4,546209,4,64748,4,4159289,4,8083603,8,12210849,108,29198,24,3016,1,21853,1,2545,1,0,0,0,0,0,0,0,0,0,0,0,0,0,0,0,0,0,0,0,0,17024,1,40,1,9559,1,4517,1,17064,1,9559,1,0,1,0,0,0,0,0,0
341,18723900,4517,9559,28.990185,,0,11,9,108,130018,1423,2766,18593882,16,175,60,1,32123,1,451,1,1932078,1,3221796,1,151189,1,13245433,1,10751,1,340693,1,7695,4,561980,4,65309,4,4209548,4,8032132,8,12209856,108,29057,24,3086,1,21001,1,2565,1,0,0,0,0,0,0,0,0,0,0,0,0,0,0,0,0,0,0,0,0,17019,1,40,1,9559,1,4517,1,17059,1,9559,1,0,1,0,0,0,0,0,0
342,18975600,4517,9559,28.990185,,0,11,9,108,152786,2204,2816,18822814,16,175,190,1,33346,1,120,1,2232251,1,3250573,1,145938,1,13143642,1,16753,1,277919,1,7174,4,529136,4,65339,4,4159790,4,8075447,8,12202522,108,29899,24,3086,1,20991,1,2555,1,0,0,0,0,0,0,0,0,0,0,0,0,0,0,0,0,0,0,0,0,17021,1,40,1,9559,1,4517,1,17061,1,9559,1,0,1,0,0,0,0,0,0
343,19054700,4517,9559,28.990185,,0,11,9,108,121127,1463,2726,18933573,16,175,160,1,38286,1,120,1,2239325,1,3227067,1,144756,1,13272998,1,10861,1,341976,1,7755,4,571119,4,65119,4,4205250,4,8053835,8,12226900,108,29458,24,3016,1,20911,1,2555,1,0,0,0,0,0,0,0,0,0,0,0,0,0,0,0,0,0,0,0,0,17023,1,40,1,9559,1,4517,1,17063,1,9559,1,0,1,0,0,0,0,0,0
344,19028300,4517,9559,28.990185,,0,11,9,108,170176,1503,2786,18858124,16,175,180,1,32564,1,100,1,2232000,1,3208420,1,138464,1,13232007,1,14388,1,341004,1,7645,4,563954,4,65269,4,4197835,4,8026471,8,12191731,108,29789,24,3016,1,22705,1,2605,1,0,0,0,0,0,0,0,0,0,0,0,0,0,0,0,0,0,0,0,0,17023,1,40,1,9559,1,4517,1,17063,1,9559,1,0,1,0,0,0,0,0,0
345,19015300,4517,9559,28.990189,,0,11,9,108,161194,1323,3417,18854106,16,175,301,1,33186,1,130,1,2233143,1,3214051,1,142902,1,13216877,1,13517,1,313019,1,7114,4,527953,4,64768,4,4167826,4,8101459,8,12236650,108,29218,24,3076,1,27805,1,2535,1,0,0,0,0,0,0,0,0,0,0,0,0,0,0,0,0,0,0,0,0,17022,1,40,1,9559,1,4517,1,17062,1,9559,1,0,1,0,0,0,0,0,0
346,18897800,4517,9559,28.990189,,0,11,9,108,133401,1463,2696,18764399,16,175,130,1,32584,1,140,1,1925054,1,3289240,1,152131,1,13354379,1,10741,1,349691,1,7685,4,564435,4,64998,4,4263976,4,8075437,8,12307400,108,29318,24,3056,1,21072,1,2565,1,0,0,0,0,0,0,0,0,0,0,0,0,0,0,0,0,0,0,0,0,17030,1,40,1,9559,1,4517,1,17070,1,9559,1,0,1,0,0,0,0,0,0
347,18965200,4517,9559,28.990189,,0,11,9,108,132286,1453,3297,18832914,16,175,190,1,33326,1,110,1,2075271,1,3262988,1,155638,1,13294630,1,10761,1,339842,1,7545,4,561459,4,64808,4,4264036,4,8029116,8,12260146,108,29709,24,3046,1,20771,1,2555,1,0,0,0,0,0,0,0,0,0,0,0,0,0,0,0,0,0,0,0,0,17033,1,40,1,9559,1,4517,1,17073,1,9559,1,0,1,0,0,0,0,0,0
348,19079100,4517,9559,28.990189,,0,11,9,108,166629,1433,2926,18912471,16,175,180,1,33115,1,120,1,2064349,1,3291915,1,154165,1,13355030,1,13597,1,343880,1,7615,4,559225,4,66161,4,4269757,4,8080096,8,12317068,108,29859,24,3106,1,21202,1,2555,1,0,0,0,0,0,0,0,0,0,0,0,0,0,0,0,0,0,0,0,0,17033,1,40,1,9559,1,4517,1,17073,1,9559,1,0,1,0,0,0,0,0,0
349,18755100,4516,9559,28.990189,,0,11,9,108,128724,1493,2857,18626376,16,175,140,1,32695,1,321,1,1937138,1,3081840,1,152331,1,13411161,1,10751,1,359070,1,7565,4,561650,4,67914,4,4310838,4,8076199,8,12357588,108,26592,24,3066,1,20801,1,2565,1,0,0,0,0,0,0,0,0,0,0,0,0,0,0,0,0,0,0,0,0,17034,1,36,1,9559,1,4516,1,17070,1,9559,1,0,1,0,0,0,0,0,0
350,18943000,4515,9559,28.990189,,0,11,9,108,129995,1383,2906,18813005,16,175,180,1,33226,1,60,1,2095521,1,3129324,1,152020,1,13391933,1,10741,1,339852,1,7795,4,561850,4,68024,4,4322361,4,8063313,8,12356296,108,26472,24,3156,1,21663,1,2535,1,0,0,0,0,0,0,0,0,0,0,0,0,0,0,0,0,0,0,0,0,17032,1,36,1,9559,1,4515,1,17068,1,9559,1,0,1,0,0,0,0,0,0
351,18950000,4516,9559,28.990189,,0,11,9,108,132045,1483,2806,18817955,16,175,190,1,34518,1,130,1,2105861,1,3153381,1,156690,1,13356433,1,10751,1,344972,1,7565,4,561740,4,65239,4,4315247,4,8033975,8,12319884,108,26532,24,3086,1,20571,1,2555,1,0,0,0,0,0,0,0,0,0,0,0,0,0,0,0,0,0,0,0,0,17037,1,36,1,9559,1,4516,1,17073,1,9559,1,0,1,0,0,0,0,0,0
352,18877500,4517,9559,28.990189,,0,11,9,108,135415,1473,2726,18742085,16,175,180,1,34077,1,80,1,2131141,1,3122861,1,154395,1,13288448,1,10902,1,359160,1,7655,4,562101,4,65399,4,4292893,4,7972554,8,12236619,108,26102,24,3006,1,21633,1,2575,1,0,0,0,0,0,0,0,0,0,0,0,0,0,0,0,0,0,0,0,0,17035,1,36,1,9559,1,4517,1,17071,1,9559,1,0,1,0,0,0,0,0,0
353,19044800,4518,9559,28.990189,,0,11,9,108,131176,1533,2776,18913624,16,175,190,1,33396,1,90,1,2151461,1,3195344,1,158864,1,13363557,1,10721,1,351996,1,7545,4,562091,4,65399,4,4324205,4,8023855,8,12318521,108,26763,24,3116,1,21252,1,2565,1,0,0,0,0,0,0,0,0,0,0,0,0,0,0,0,0,0,0,0,0,17035,1,36,1,9559,1,4518,1,17071,1,9559,1,0,1,0,0,0,0,0,0
354,18439000,4518,9559,28.990189,,0,11,9,108,52909,1323,2716,18386091,16,175,190,1,33817,1,90,1,2174016,1,2985780,1,113434,1,13068093,1,10671,1,279352,1,7264,4,530168,4,64668,4,4126173,4,8028685,8,12125650,108,26492,24,3236,1,24418,1,2806,1,0,0,0,0,0,0,0,0,0,0,0,0,0,0,0,0,0,0,0,0,17036,1,36,1,9559,1,4518,1,17072,1,9559,1,0,1,0,0,0,0,0,0
355,18345300,4519,9559,28.990189,,0,11,9,108,45670,1343,2756,18299630,16,175,140,1,23987,1,80,1,1951737,1,3023374,1,115067,1,13174463,1,10781,1,290163,1,7274,4,543915,4,65369,4,4157185,4,8081489,8,12208794,108,27123,24,3066,1,22114,1,2545,1,0,0,0,0,0,0,0,0,0,0,0,0,0,0,0,0,0,0,0,0,17036,1,36,1,9559,1,4519,1,17072,1,9559,1,0,1,0,0,0,0,0,0
356,18334000,4518,9559,28.990189,,0,11,9,108,68617,1333,3547,18265383,16,175,160,1,24037,1,70,1,1946927,1,3011010,1,114065,1,13148321,1,20791,1,279963,1,7525,4,531420,4,65780,4,4160962,4,8070698,8,12201350,108,26763,24,3156,1,24889,1,2595,1,0,0,0,0,0,0,0,0,0,0,0,0,0,0,0,0,0,0,0,0,17035,1,36,1,9559,1,4518,1,17071,1,9559,1,0,1,0,0,0,0,0,0
357,19026100,4519,9559,28.990189,,0,11,9,108,147105,1553,2755,18878995,16,175,160,1,37855,1,160,1,2141201,1,3128552,1,154575,1,13405690,1,10801,1,349320,1,7645,4,562031,4,65289,4,4325417,4,8067602,8,12362959,108,27304,24,3056,1,21242,1,2535,1,0,0,0,0,0,0,0,0,0,0,0,0,0,0,0,0,0,0,0,0,17038,1,36,1,9559,1,4519,1,17074,1,9559,1,0,1,0,0,0,0,0,0
358,18700500,4520,9559,28.990189,,0,11,9,108,124924,1383,2726,18575576,16,175,180,1,33055,1,180,1,2119087,1,3144443,1,142472,1,13118773,1,17384,1,298490,1,7184,4,529426,4,65469,4,4135372,4,8054887,8,12155419,108,32113,24,3006,1,21022,1,2535,1,0,0,0,0,0,0,0,0,0,0,0,0,0,0,0,0,0,0,0,0,17033,1,44,1,9559,1,4520,1,17077,1,9559,1,0,1,0,0,0,0,0,0
359,18716100,4521,9559,28.990189,,0,11,9,108,89243,1152,2746,18626857,16,175,110,1,26072,1,50,1,2185128,1,3205945,1,137712,1,13054767,1,17074,1,284893,1,7174,4,527833,4,64868,4,4120232,4,8021751,8,12107584,108,31653,24,3026,1,21302,1,2535,1,0,0,0,0,0,0,0,0,0,0,0,0,0,0,0,0,0,0,0,0,17035,1,44,1,9559,1,4521,1,17079,1,9559,1,0,1,0,0,0,0,0,0
360,18446600,4521,9559,28.990189,,0,11,9,108,73023,1232,2886,18373577,16,175,110,1,25150,1,50,1,2052816,1,3072772,1,134656,1,13077061,1,10962,1,285424,1,9379,4,527472,4,64928,4,4122256,4,8040137,8,12127183,108,32324,24,2986,1,20711,1,2535,1,0,0,0,0,0,0,0,0,0,0,0,0,0,0,0,0,0,0,0,0,17035,1,44,1,9559,1,4521,1,17079,1,9559,1,0,1,0,0,0,0,0,0
361,18670700,4521,9559,28.990189,,0,11,9,108,112879,1252,2907,18557821,16,175,411,1,27755,1,90,1,2159036,1,3162529,1,133143,1,13057853,1,17004,1,283691,1,7184,4,536520,4,64988,4,4123258,4,8014958,8,12103015,108,32294,24,3226,1,20230,1,2545,1,0,0,0,0,0,0,0,0,0,0,0,0,0,0,0,0,0,0,0,0,17038,1,44,1,9559,1,4521,1,17082,1,9559,1,0,1,0,0,0,0,0,0
362,18780600,4521,9559,28.990189,,0,11,9,108,91851,1222,2796,18688749,16,175,40,1,25310,1,70,1,2221891,1,3196446,1,131139,1,13097100,1,16753,1,284322,1,7254,4,528274,4,64838,4,4135792,4,8049536,8,12150649,108,31883,24,2976,1,20370,1,2515,1,0,0,0,0,0,0,0,0,0,0,0,0,0,0,0,0,0,0,0,0,17033,1,44,1,9559,1,4521,1,17077,1,9559,1,0,1,0,0,0,0,0,0
363,18529900,4521,9559,28.990189,,0,11,9,108,87347,1333,2987,18442553,16,175,50,1,25340,1,60,1,2095771,1,3075938,1,133774,1,13094565,1,17054,1,283771,1,7284,4,527713,4,76551,4,4123749,4,8049636,8,12138305,108,32093,24,2936,1,19078,1,2515,1,0,0,0,0,0,0,0,0,0,0,0,0,0,0,0,0,0,0,0,0,17035,1,44,1,9559,1,4521,1,17079,1,9559,1,0,1,0,0,0,0,0,0
364,18709500,4521,9559,28.990189,,0,11,9,108,86120,1132,2907,18623380,16,175,10,1,25671,1,60,1,2221630,1,3127831,1,135969,1,13095357,1,16853,1,283430,1,7385,4,528304,4,65018,4,4132265,4,8052061,8,12149166,108,32254,24,2986,1,20240,1,2535,1,0,0,0,0,0,0,0,0,0,0,0,0,0,0,0,0,0,0,0,0,17033,1,44,1,9559,1,4521,1,17077,1,9559,1,0,1,0,0,0,0,0,0
365,18791500,4521,9559,28.990189,,0,11,9,108,87330,1273,2786,18704170,16,175,20,1,25881,1,80,1,2239255,1,3203049,1,136129,1,13081660,1,18096,1,287318,1,7124,4,527442,4,64978,4,4128177,4,8040458,8,12134087,108,31763,24,2976,1,19358,1,2555,1,0,0,0,0,0,0,0,0,0,0,0,0,0,0,0,0,0,0,0,0,17034,1,44,1,9559,1,4521,1,17078,1,9559,1,0,1,0,0,0,0,0,0
366,18501300,4521,9559,28.990189,,0,11,9,108,86863,1232,2806,18414437,16,175,40,1,25220,1,60,1,2096693,1,3078994,1,133945,1,13062472,1,17014,1,284532,1,7134,4,527603,4,64638,4,4117667,4,8034076,8,12117363,108,31572,24,2986,1,20080,1,2525,1,0,0,0,0,0,0,0,0,0,0,0,0,0,0,0,0,0,0,0,0,17033,1,44,1,9559,1,4521,1,17077,1,9559,1,0,1,0,0,0,0,0,0
367,18670500,4521,9559,28.990189,,0,11,9,108,86498,1072,2776,18584002,16,175,60,1,25661,1,60,1,2174637,1,3151026,1,131600,1,13084094,1,16863,1,282318,1,7605,4,527372,4,65028,4,4119420,4,8056620,8,12141412,108,31853,24,2976,1,19188,1,2495,1,0,0,0,0,0,0,0,0,0,0,0,0,0,0,0,0,0,0,0,0,17035,1,44,1,9559,1,4521,1,17079,1,9559,1,0,1,0,0,0,0,0,0
368,18691400,4521,9559,28.990187,,0,11,9,108,88450,1192,2716,18602950,16,175,20,1,25781,1,60,1,2055732,1,3240473,1,131119,1,13132891,1,16873,1,285133,1,7174,4,542702,4,65089,4,4133127,4,8073624,8,12171481,108,32554,24,3016,1,19278,1,2555,1,0,0,0,0,0,0,0,0,0,0,0,0,0,0,0,0,0,0,0,0,17033,1,44,1,9559,1,4521,1,17077,1,9559,1,0,1,0,0,0,0,0,0
369,18577100,4520,9559,28.990185,,0,11,9,108,87093,1122,2726,18490007,16,175,40,1,25440,1,70,1,2118616,1,3120667,1,132041,1,13076319,1,16813,1,298129,1,7104,4,527522,4,64948,4,4121644,4,8031019,8,12123586,108,26352,24,2946,1,19318,1,2565,1,0,0,0,0,0,0,0,0,0,0,0,0,0,0,0,0,0,0,0,0,17043,1,36,1,9559,1,4520,1,17079,1,9559,1,0,1,0,0,0,0,0,0
370,18755500,4520,9559,28.990189,,0,11,9,108,96930,1343,3858,18658570,16,175,40,1,25691,1,50,1,2187022,1,3170425,1,132261,1,13125606,1,17475,1,283390,1,7254,4,528274,4,78265,4,4148568,4,8053213,8,12171571,108,26352,24,3276,1,19509,1,2515,1,0,0,0,0,0,0,0,0,0,0,0,0,0,0,0,0,0,0,0,0,17043,1,36,1,9559,1,4520,1,17079,1,9559,1,0,1,0,0,0,0,0,0
371,18641900,4520,9559,28.990189,,0,11,9,108,89650,1212,2826,18552250,16,175,100,1,25841,1,50,1,2068988,1,3247808,1,137682,1,13054777,1,17004,1,285384,1,7234,4,527352,4,64828,4,4110042,4,8032893,8,12114498,108,25611,24,2896,1,20350,1,2585,1,0,0,0,0,0,0,0,0,0,0,0,0,0,0,0,0,0,0,0,0,17039,1,36,1,9559,1,4520,1,17075,1,9559,1,0,1,0,0,0,0,0,0
372,18634000,4520,9559,28.990189,,0,11,9,108,88814,1202,3136,18545186,16,175,30,1,25080,1,60,1,2141001,1,3114234,1,134295,1,13112901,1,17585,1,282959,1,7244,4,528504,4,64728,4,4105342,4,8096419,8,12171621,108,27003,24,3096,1,20611,1,2796,1,0,0,0,0,0,0,0,0,0,0,0,0,0,0,0,0,0,0,0,0,17037,1,36,1,9559,1,4520,1,17073,1,9559,1,0,1,0,0,0,0,0,0
373,18601700,4520,9559,28.990189,,0,11,9,108,86774,1433,3007,18514926,16,175,80,1,25831,1,60,1,2188094,1,3181156,1,133103,1,12969448,1,17154,1,284322,1,7094,4,528815,4,64668,4,4096254,4,7960029,8,12026805,108,26472,24,2956,1,21302,1,2575,1,0,0,0,0,0,0,0,0,0,0,0,0,0,0,0,0,0,0,0,0,17034,1,36,1,9559,1,4520,1,17070,1,9559,1,0,1,0,0,0,0,0,0
374,18465200,4520,9559,28.990189,,0,11,9,108,87004,1202,2705,18378196,16,175,10,1,25681,1,30,1,2088707,1,3089866,1,129786,1,13027052,1,17064,1,281847,1,7735,4,527172,4,65049,4,4101895,4,8017142,8,12090090,108,26242,24,2946,1,19519,1,2545,1,0,0,0,0,0,0,0,0,0,0,0,0,0,0,0,0,0,0,0,0,17032,1,36,1,9559,1,4520,1,17068,1,9559,1,0,1,0,0,0,0,0,0
375,18679000,4520,9559,28.990189,,0,11,9,108,86040,1252,2666,18592960,16,175,50,1,25881,1,60,1,2192623,1,3163671,1,130869,1,13062742,1,17064,1,284432,1,7194,4,538384,4,64688,4,4115092,4,8026971,8,12112705,108,26693,24,3026,1,19198,1,2505,1,0,0,0,0,0,0,0,0,0,0,0,0,0,0,0,0,0,0,0,0,17032,1,36,1,9559,1,4520,1,17068,1,9559,1,0,1,0,0,0,0,0,0
376,18653900,4520,9559,28.990189,,0,11,9,108,88494,1232,2926,18565406,16,175,30,1,24809,1,50,1,2067375,1,3250403,1,131790,1,13073604,1,17344,1,282358,1,7224,4,527182,4,64918,4,4157856,4,8002904,8,12131292,108,26542,24,2956,1,24398,1,2575,1,0,0,0,0,0,0,0,0,0,0,0,0,0,0,0,0,0,0,0,0,17035,1,36,1,9559,1,4520,1,17071,1,9559,1,0,1,0,0,0,0,0,0
377,18617200,4520,9559,28.990189,,0,11,9,108,89699,1162,2776,18527501,16,175,40,1,25851,1,100,1,2144047,1,3132730,1,137943,1,13069936,1,16853,1,300955,1,7184,4,527202,4,64908,4,4114019,4,8029446,8,12114127,108,26562,24,3016,1,19529,1,2515,1,0,0,0,0,0,0,0,0,0,0,0,0,0,0,0,0,0,0,0,0,17035,1,36,1,9559,1,4520,1,17071,1,9559,1,0,1,0,0,0,0,0,0
378,18720000,4520,9559,28.990189,,0,11,9,108,89426,1273,2776,18630574,16,175,50,1,26082,1,110,1,2219175,1,3158622,1,135307,1,13074285,1,16943,1,293410,1,7284,4,528234,4,64868,4,4112767,4,8040959,8,12124077,108,26873,24,3106,1,19859,1,2525,1,0,0,0,0,0,0,0,0,0,0,0,0,0,0,0,0,0,0,0,0,17035,1,36,1,9559,1,4520,1,17071,1,9559,1,0,1,0,0,0,0,0,0
379,18592600,4520,9559,28.990189,,0,11,9,108,72945,1172,2796,18519655,16,175,40,1,25260,1,40,1,2072275,1,3279971,1,134626,1,12994407,1,13036,1,283600,1,7274,4,529226,4,64848,4,4091545,4,7989818,8,12050712,108,27855,24,2986,1,21092,1,2846,1,0,0,0,0,0,0,0,0,0,0,0,0,0,0,0,0,0,0,0,0,17037,1,36,1,9559,1,4520,1,17073,1,9559,1,0,1,0,0,0,0,0,0
380,18767900,4521,9559,28.990189,,0,11,9,108,96445,1553,2947,18671455,16,175,160,1,44979,1,140,1,2155189,1,3053514,1,146740,1,13253519,1,17214,1,490569,1,8878,4,563113,4,64788,4,4089060,4,7993816,8,12053668,108,26261,24,3707,1,35360,1,2675,1,0,0,0,0,0,0,0,0,0,0,0,0,0,0,0,0,0,0,0,0,17038,1,36,1,9559,1,4521,1,17074,1,9559,1,0,1,0,0,0,0,0,0
381,18795100,4521,9559,28.990189,,0,11,9,108,90619,1252,3006,18704481,16,175,130,1,26072,1,100,1,2184637,1,3248499,1,138554,1,13089355,1,17134,1,335503,1,7184,4,527542,4,64928,4,4092727,4,8020479,8,12083928,108,26272,24,3507,1,33536,1,2695,1,0,0,0,0,0,0,0,0,0,0,0,0,0,0,0,0,0,0,0,0,17039,1,36,1,9559,1,4521,1,17075,1,9559,1,0,1,0,0,0,0,0,0
382,18570800,4521,9559,28.990189,,0,11,9,108,127576,1403,2787,18443224,16,175,120,1,31272,1,40,1,1931547,1,3311013,1,148644,1,13009928,1,10661,1,324030,1,7314,4,526571,4,65309,4,4093689,4,7965079,8,12029740,108,26242,24,3066,1,20951,1,2515,1,0,0,0,0,0,0,0,0,0,0,0,0,0,0,0,0,0,0,0,0,17038,1,36,1,9559,1,4521,1,17074,1,9559,1,0,1,0,0,0,0,0,0
383,18923200,4521,9559,28.990189,,0,11,9,108,131247,1513,3257,18791953,16,175,250,1,33977,1,90,1,2139588,1,3135135,1,144195,1,13327956,1,10761,1,340994,1,7575,4,560447,4,67804,4,4296560,4,8026100,8,12293331,108,26072,24,3136,1,21252,1,2575,1,0,0,0,0,0,0,0,0,0,0,0,0,0,0,0,0,0,0,0,0,17039,1,36,1,9559,1,4521,1,17075,1,9559,1,0,1,0,0,0,0,0,0
384,18948300,4521,9559,28.990189,,0,11,9,108,171457,1443,2846,18776843,16,175,170,1,33897,1,110,1,2131923,1,3166327,1,142251,1,13286434,1,15731,1,341615,1,7635,4,561389,4,65419,4,4301820,4,7980369,8,12252851,108,26492,24,3046,1,21162,1,2535,1,0,0,0,0,0,0,0,0,0,0,0,0,0,0,0,0,0,0,0,0,17035,1,36,1,9559,1,4521,1,17071,1,9559,1,0,1,0,0,0,0,0,0
385,18635000,4521,9559,28.990189,,0,11,9,108,162288,1172,3126,18472712,16,175,461,1,33346,1,110,1,2160239,1,3133622,1,140137,1,12990650,1,14148,1,290835,1,7204,4,526200,4,64718,4,4090643,4,7984568,8,12045742,108,26342,24,3076,1,19719,1,2515,1,0,0,0,0,0,0,0,0,0,0,0,0,0,0,0,0,0,0,0,0,17034,1,36,1,9559,1,4521,1,17070,1,9559,1,0,1,0,0,0,0,0,0
386,18669800,4520,9559,28.990189,,0,11,9,108,130486,1453,2656,18539314,16,175,120,1,33887,1,291,1,1931286,1,3270543,1,147632,1,13144875,1,10681,1,341044,1,7535,4,563864,4,65069,4,4179088,4,7960159,8,12110801,108,25791,24,3066,1,21062,1,2535,1,0,0,0,0,0,0,0,0,0,0,0,0,0,0,0,0,0,0,0,0,17032,1,36,1,9559,1,4520,1,17068,1,9559,1,0,1,0,0,0,0,0,0
387,18787600,4520,9559,28.990189,,0,11,9,108,138459,1403,2866,18649141,16,175,180,1,33376,1,120,1,2088477,1,3134774,1,146690,1,13234532,1,10992,1,340072,1,7595,4,562692,4,65179,4,4255459,4,7975720,8,12202162,108,26151,24,3006,1,20871,1,2535,1,0,0,0,0,0,0,0,0,0,0,0,0,0,0,0,0,0,0,0,0,17041,1,36,1,9559,1,4520,1,17077,1,9559,1,0,1,0,0,0,0,0,0
388,18923000,4520,9559,28.990189,,0,11,9,108,128161,1543,2746,18794839,16,175,190,1,33947,1,100,1,2141722,1,3132029,1,143193,1,13332686,1,10972,1,340743,1,7625,4,561259,4,65359,4,4314045,4,8015298,8,12299925,108,26673,24,3036,1,21182,1,2595,1,0,0,0,0,0,0,0,0,0,0,0,0,0,0,0,0,0,0,0,0,17036,1,36,1,9559,1,4520,1,17072,1,9559,1,0,1,0,0,0,0,0,0
389,18942300,4520,9559,28.990189,,0,11,9,108,132842,1453,2886,18809458,16,175,180,1,34208,1,120,1,2151491,1,3170184,1,142782,1,13299410,1,11082,1,340583,1,7565,4,560888,4,65339,4,4312712,4,7983977,8,12267190,108,26612,24,3216,1,21062,1,2615,1,0,0,0,0,0,0,0,0,0,0,0,0,0,0,0,0,0,0,0,0,17035,1,36,1,9559,1,4520,1,17071,1,9559,1,0,1,0,0,0,0,0,0
390,18405300,4521,9559,28.990189,,0,11,9,108,50951,1262,2876,18354349,16,175,180,1,34578,1,90,1,2193795,1,2993876,1,114687,1,13006441,1,10701,1,294732,1,7465,4,539847,4,65199,4,4100092,4,7969979,8,12040362,108,26833,24,3056,1,22224,1,2585,1,0,0,0,0,0,0,0,0,0,0,0,0,0,0,0,0,0,0,0,0,17036,1,36,1,9559,1,4521,1,17072,1,9559,1,0,1,0,0,0,0,0,0
391,18215100,4521,9559,28.990189,,0,11,9,108,47581,1343,2676,18167519,16,175,150,1,23837,1,80,1,1943540,1,3016601,1,114576,1,13058073,1,10661,1,281075,1,7314,4,531019,4,65359,4,4131935,4,8013214,8,12115811,108,26663,24,3086,1,21182,1,2545,1,0,0,0,0,0,0,0,0,0,0,0,0,0,0,0,0,0,0,0,0,17038,1,36,1,9559,1,4521,1,17074,1,9559,1,0,1,0,0,0,0,0,0
392,18200300,4521,9559,28.990189,,0,11,9,108,49564,1263,2766,18150736,16,175,170,1,23777,1,80,1,1943581,1,3011912,1,114426,1,13046159,1,10631,1,277619,1,7505,4,529496,4,65209,4,4115893,4,8022563,8,12109027,108,26663,24,3066,1,20981,1,2565,1,0,0,0,0,0,0,0,0,0,0,0,0,0,0,0,0,0,0,0,0,17037,1,36,1,9559,1,4521,1,17073,1,9559,1,0,1,0,0,0,0,0,0
393,18825700,4521,9559,28.990189,,0,11,9,108,145978,1373,2876,18679722,16,175,611,1,25400,1,130,1,2228804,1,3209121,1,144536,1,13054306,1,16813,1,284162,1,7194,4,529526,4,65419,4,4117366,4,8022713,8,12110510,108,26693,24,3056,1,20961,1,2535,1,0,0,0,0,0,0,0,0,0,0,0,0,0,0,0,0,0,0,0,0,17037,1,36,1,9559,1,4521,1,17073,1,9559,1,0,1,0,0,0,0,0,0
394,18664400,4521,9559,28.990189,,0,11,9,108,90547,1232,2796,18573853,16,175,120,1,26021,1,40,1,2072295,1,3284230,1,133824,1,13040368,1,16954,1,284282,1,7294,4,528725,4,65469,4,4106214,4,8020148,8,12097484,108,26082,24,3126,1,21352,1,2525,1,0,0,0,0,0,0,0,0,0,0,0,0,0,0,0,0,0,0,0,0,17037,1,36,1,9559,1,4521,1,17073,1,9559,1,0,1,0,0,0,0,0,0
395,18567900,4520,9559,28.990189,,0,11,9,108,86941,1232,2666,18480959,16,175,90,1,25080,1,60,1,2128426,1,3122220,1,133854,1,13054245,1,16984,1,293660,1,7284,4,525689,4,64928,4,4113589,4,8021651,8,12105901,108,26673,24,2926,1,20771,1,2515,1,0,0,0,0,0,0,0,0,0,0,0,0,0,0,0,0,0,0,0,0,17037,1,36,1,9559,1,4520,1,17073,1,9559,1,0,1,0,0,0,0,0,0
396,18753300,4520,9559,28.990189,,0,11,9,108,87716,1162,2846,18665584,16,175,30,1,24989,1,60,1,2202693,1,3190895,1,133183,1,13096739,1,16994,1,283901,1,7224,4,526400,4,64798,4,4124620,4,8064045,8,12158686,108,27134,24,2936,1,19138,1,2515,1,0,0,0,0,0,0,0,0,0,0,0,0,0,0,0,0,0,0,0,0,17037,1,36,1,9559,1,4520,1,17073,1,9559,1,0,1,0,0,0,0,0,0
397,18658700,4520,9559,28.990189,,0,11,9,108,86611,1152,2686,18572089,16,175,20,1,25360,1,70,1,2077165,1,3260052,1,129987,1,13062382,1,17054,1,282739,1,7224,4,525528,4,64988,4,4118238,4,8037673,8,12126191,108,27033,24,2946,1,19398,1,2495,1,0,0,0,0,0,0,0,0,0,0,0,0,0,0,0,0,0,0,0,0,17035,1,36,1,9559,1,4520,1,17071,1,9559,1,0,1,0,0,0,0,0,0
398,18594500,4520,9559,28.990187,,0,11,9,108,85105,1303,2775,18509395,16,175,30,1,25671,1,60,1,2160619,1,3127610,1,131790,1,13046681,1,16933,1,282468,1,7274,4,526190,4,64728,4,4109270,4,8030809,8,12110240,108,27063,24,2936,1,19198,1,2505,1,0,0,0,0,0,0,0,0,0,0,0,0,0,0,0,0,0,0,0,0,17035,1,36,1,9559,1,4520,1,17071,1,9559,1,0,1,0,0,0,0,0,0
399,18771500,4519,9559,28.990181,,0,11,9,108,94434,1182,2695,18677066,16,175,20,1,25250,1,10,1,2234736,1,3174132,1,135929,1,13090136,1,16853,1,296165,1,7304,4,525809,4,64638,4,4121214,4,8048203,8,12139949,108,26773,24,3086,1,20000,1,2535,1,0,0,0,0,0,0,0,0,0,0,0,0,0,0,0,0,0,0,0,0,17033,1,36,1,9559,1,4519,1,17069,1,9559,1,0,1,0,0,0,0,0,0
400,18792500,4520,9559,28.990177,,0,11,9,108,79663,1733,2886,18712837,16,175,20,1,25510,1,70,1,2085882,1,3129945,1,146379,1,13313969,1,11062,1,408958,1,7565,4,558995,4,67784,4,4243435,4,7998726,8,12211800,108,27474,24,2986,1,21242,1,2545,1,0,0,0,0,0,0,0,0,0,0,0,0,0,0,0,0,0,0,0,0,17036,1,36,1,9559,1,4520,1,17072,1,9559,1,0,1,0,0,0,0,0,0
401,18300900,4520,9559,28.990183,,0,11,9,108,47341,1252,3006,18253559,16,175,150,1,25761,1,80,1,1943841,1,3022402,1,114637,1,13136027,1,10661,1,276276,1,7284,4,530518,4,65309,4,4139029,4,8089705,8,12198855,108,26873,24,3226,1,20881,1,2545,1,0,0,0,0,0,0,0,0,0,0,0,0,0,0,0,0,0,0,0,0,17037,1,36,1,9559,1,4520,1,17073,1,9559,1,0,1,0,0,0,0,0,0
402,18263300,4520,9559,28.990183,,0,11,9,108,46393,1262,2675,18216907,16,175,170,1,23707,1,80,1,1943360,1,3001681,1,114226,1,13123021,1,10661,1,277709,1,7585,4,529997,4,65179,4,4136584,4,8078133,8,12185659,108,26382,24,3136,1,20881,1,2555,1,0,0,0,0,0,0,0,0,0,0,0,0,0,0,0,0,0,0,0,0,17035,1,36,1,9559,1,4520,1,17071,1,9559,1,0,1,0,0,0,0,0,0
403,18781500,4520,9559,28.990175,,0,11,9,108,154072,1303,2977,18627428,16,175,140,1,25440,1,130,1,2201029,1,3176607,1,140518,1,13067642,1,15921,1,289773,1,7525,4,541450,4,64818,4,4109450,4,8026210,8,12106542,108,26141,24,3096,1,21482,1,2535,1,0,0,0,0,0,0,0,0,0,0,0,0,0,0,0,0,0,0,0,0,17037,1,36,1,9559,1,4520,1,17073,1,9559,1,0,1,0,0,0,0,0,0
404,18642600,4520,9559,28.990175,,0,11,9,108,127404,1403,2775,18515196,16,175,140,1,32244,1,421,1,1930164,1,3087621,1,150477,1,13303378,1,10751,1,341495,1,7545,4,560488,4,65509,4,4278925,4,8021050,8,12270457,108,26743,24,3006,1,21412,1,2545,1,0,0,0,0,0,0,0,0,0,0,0,0,0,0,0,0,0,0,0,0,17040,1,36,1,9559,1,4520,1,17076,1,9559,1,0,1,0,0,0,0,0,0
405,18987200,4520,9559,28.990175,,0,11,9,108,145859,1533,2696,18841341,16,175,170,1,33286,1,130,1,2124879,1,3143121,1,146409,1,13382624,1,10721,1,343529,1,7555,4,561950,4,67994,4,4317171,4,8056570,8,12344693,108,26352,24,2996,1,20811,1,2515,1,0,0,0,0,0,0,0,0,0,0,0,0,0,0,0,0,0,0,0,0,17041,1,36,1,9559,1,4520,1,17077,1,9559,1,0,1,0,0,0,0,0,0
406,19035500,4520,9559,28.99018,,0,11,9,108,133179,1433,2997,18902321,16,175,190,1,33566,1,120,1,2138446,1,3109565,1,143183,1,13466290,1,10962,1,341525,1,7655,4,560798,4,66592,4,4354004,4,8097751,8,12422507,108,26252,24,3878,1,30079,1,2575,1,0,0,0,0,0,0,0,0,0,0,0,0,0,0,0,0,0,0,0,0,17034,1,36,1,9559,1,4520,1,17070,1,9559,1,0,1,0,0,0,0,0,0
407,18502700,4519,9559,28.99018,,0,11,9,108,68393,1403,2896,18434307,16,175,190,1,35520,1,90,1,2109839,1,3001701,1,113745,1,13156017,1,17204,1,322848,1,7224,4,527673,4,64568,4,4137345,4,8067682,8,12176140,108,25991,24,3176,1,21553,1,2545,1,0,0,0,0,0,0,0,0,0,0,0,0,0,0,0,0,0,0,0,0,17032,1,36,1,9559,1,4519,1,17068,1,9559,1,0,1,0,0,0,0,0,0
408,18667700,4519,9559,28.99018,,0,11,9,108,158786,1353,3057,18508914,16,175,160,1,33326,1,80,1,1944813,1,3270282,1,140508,1,13106118,1,13627,1,278791,1,7194,4,526871,4,65028,4,4131073,4,8068433,8,12170569,108,25881,24,3136,1,21663,1,2575,1,0,0,0,0,0,0,0,0,0,0,0,0,0,0,0,0,0,0,0,0,17033,1,36,1,9559,1,4519,1,17069,1,9559,1,0,1,0,0,0,0,0,0
409,18727100,4518,9559,28.99018,,0,11,9,108,116114,1473,2826,18610986,16,175,120,1,33145,1,110,1,1943931,1,3127410,1,144516,1,13351052,1,10701,1,355212,1,7645,4,560928,4,65028,4,4318554,4,8014797,8,12304403,108,26122,24,2976,1,21893,1,2545,1,0,0,0,0,0,0,0,0,0,0,0,0,0,0,0,0,0,0,0,0,17035,1,36,1,9559,1,4518,1,17071,1,9559,1,0,1,0,0,0,0,0,0
410,18843100,4519,9559,28.99018,,0,11,9,108,154311,1433,3056,18688789,16,175,190,1,33366,1,190,1,2158415,1,3149914,1,118184,1,13212789,1,15741,1,373829,1,7795,4,558283,4,64818,4,4136283,4,8042743,8,12149938,108,26031,24,3086,1,21893,1,2625,1,0,0,0,0,0,0,0,0,0,0,0,0,0,0,0,0,0,0,0,0,17035,1,36,1,9559,1,4519,1,17071,1,9559,1,0,1,0,0,0,0,0,0
411,18624900,4519,9559,28.99018,,0,11,9,108,129833,1513,2735,18495067,16,175,90,1,32675,1,40,1,1937909,1,3210023,1,150067,1,13153532,1,10731,1,345192,1,7585,4,562932,4,65089,4,4168798,4,7975720,8,12115631,108,26152,24,3046,1,21092,1,2565,1,0,0,0,0,0,0,0,0,0,0,0,0,0,0,0,0,0,0,0,0,17032,1,36,1,9559,1,4519,1,17068,1,9559,1,0,1,0,0,0,0,0,0
412,18876000,4519,9559,28.99018,,0,11,9,108,134456,1443,2736,18741544,16,175,180,1,33446,1,140,1,2044921,1,3285172,1,144395,1,13220213,1,13076,1,341916,1,7595,4,563153,4,65339,4,4207684,4,8006381,8,12185368,108,25961,24,3056,1,21112,1,2535,1,0,0,0,0,0,0,0,0,0,0,0,0,0,0,0,0,0,0,0,0,17038,1,36,1,9559,1,4519,1,17074,1,9559,1,0,1,0,0,0,0,0,0
413,18870300,4519,9559,28.99018,,0,11,9,108,133255,1403,2816,18737045,16,175,170,1,33657,1,140,1,2088597,1,3123252,1,142261,1,13338046,1,10922,1,342306,1,7625,4,562942,4,65339,4,4279556,4,8052181,8,12302750,108,26172,24,3016,1,21152,1,2525,1,0,0,0,0,0,0,0,0,0,0,0,0,0,0,0,0,0,0,0,0,17039,1,36,1,9559,1,4519,1,17075,1,9559,1,0,1,0,0,0,0,0,0
414,18454500,4519,9559,28.99018,,0,11,9,108,48409,1393,2726,18406091,16,175,190,1,34518,1,100,1,2122324,1,2992724,1,115278,1,13130246,1,10711,1,279122,1,7214,4,539015,4,65299,4,4141574,4,8069856,8,12182242,108,26462,24,3206,1,21032,1,2535,1,0,0,0,0,0,0,0,0,0,0,0,0,0,0,0,0,0,0,0,0,17036,1,36,1,9559,1,4519,1,17072,1,9559,1,0,1,0,0,0,0,0,0
415,18297600,4519,9559,28.99018,,0,11,9,108,45033,1313,2796,18252567,16,175,140,1,23767,1,80,1,1942979,1,3006301,1,115428,1,13153221,1,10651,1,279172,1,7264,4,528494,4,64848,4,4151143,4,8092611,8,12214917,108,26041,24,3146,1,22655,1,2575,1,0,0,0,0,0,0,0,0,0,0,0,0,0,0,0,0,0,0,0,0,17039,1,36,1,9559,1,4519,1,17075,1,9559,1,0,1,0,0,0,0,0,0
416,18274200,4519,9559,28.99018,,0,11,9,108,47634,1402,2766,18226566,16,175,160,1,23937,1,80,1,1961105,1,3021130,1,116450,1,13093032,1,10671,1,281065,1,7365,4,531951,4,65309,4,4128348,4,8051160,8,12150790,108,25951,24,3066,1,20811,1,2555,1,0,0,0,0,0,0,0,0,0,0,0,0,0,0,0,0,0,0,0,0,17037,1,36,1,9559,1,4519,1,17073,1,9559,1,0,1,0,0,0,0,0,0
417,18629200,4519,9559,28.990177,,0,11,9,108,149995,2044,2715,18479205,16,175,160,1,28316,1,140,1,2128566,1,3118853,1,141930,1,13044005,1,17234,1,278841,1,7264,4,531089,4,65529,4,4120592,4,8010579,8,12102284,108,26172,24,3096,1,22104,1,2866,1,0,0,0,0,0,0,0,0,0,0,0,0,0,0,0,0,0,0,0,0,17035,1,36,1,9559,1,4519,1,17071,1,9559,1,0,1,0,0,0,0,0,0
418,18705600,4519,9559,28.990175,,0,11,9,108,91368,1303,3387,18614232,16,175,130,1,25941,1,70,1,2180529,1,3192890,1,131109,1,13066349,1,17214,1,285875,1,7966,4,526530,4,64928,4,4106334,4,8047272,8,12124308,108,25911,24,3036,1,20571,1,2535,1,0,0,0,0,0,0,0,0,0,0,0,0,0,0,0,0,0,0,0,0,17035,1,36,1,9559,1,4519,1,17071,1,9559,1,0,1,0,0,0,0,0,0
419,18695900,4519,9559,28.990168,,0,11,9,108,86998,1283,2716,18608902,16,175,80,1,25410,1,100,1,2063027,1,3269100,1,131540,1,13106158,1,13487,1,284883,1,7214,4,528274,4,64728,4,4132716,4,8059416,8,12163154,108,26262,24,2976,1,22154,1,2515,1,0,0,0,0,0,0,0,0,0,0,0,0,0,0,0,0,0,0,0,0,17035,1,36,1,9559,1,4519,1,17071,1,9559,1,0,1,0,0,0,0,0,0
420,18641900,4519,9559,28.990166,,0,11,9,108,89370,1072,2625,18552530,16,175,60,1,39428,1,40,1,2123145,1,3113833,1,131740,1,13127260,1,17024,1,283480,1,7174,4,527262,4,64908,4,4138327,4,8079024,8,12188064,108,26663,24,3006,1,20521,1,2485,1,0,0,0,0,0,0,0,0,0,0,0,0,0,0,0,0,0,0,0,0,17037,1,36,1,9559,1,4519,1,17073,1,9559,1,0,1,0,0,0,0,0,0
421,18687900,4520,9559,28.990166,,0,11,9,108,85171,1232,3057,18602729,16,175,60,1,25661,1,70,1,2172743,1,3177499,1,134486,1,13075377,1,16833,1,283861,1,7174,4,528073,4,71000,4,4120933,4,8037172,8,12128746,108,26302,24,3006,1,20390,1,2535,1,0,0,0,0,0,0,0,0,0,0,0,0,0,0,0,0,0,0,0,0,17036,1,36,1,9559,1,4520,1,17072,1,9559,1,0,1,0,0,0,0,0,0
422,18579800,4519,9559,28.990166,,0,11,9,108,85956,1333,2746,18493844,16,175,60,1,25180,1,70,1,2073928,1,3250964,1,134676,1,12991842,1,17124,1,285143,1,7214,4,527202,4,66622,4,4093339,4,7985910,8,12050752,108,25751,24,2976,1,19559,1,2545,1,0,0,0,0,0,0,0,0,0,0,0,0,0,0,0,0,0,0,0,0,17040,1,36,1,9559,1,4519,1,17076,1,9559,1,0,1,0,0,0,0,0,0
423,18504000,4519,9559,28.990166,,0,11,9,108,87489,1162,2756,18416511,16,175,20,1,25320,1,30,1,2155860,1,3123121,1,132772,1,12962304,1,17084,1,282729,1,7154,4,528554,4,65018,4,4081666,4,7971001,8,12024040,108,25871,24,2966,1,19499,1,2555,1,0,0,0,0,0,0,0,0,0,0,0,0,0,0,0,0,0,0,0,0,17038,1,36,1,9559,1,4519,1,17074,1,9559,1,0,1,0,0,0,0,0,0
424,18600500,4519,9559,28.990166,,0,11,9,108,88209,1182,2746,18512291,16,175,30,1,25460,1,80,1,2053648,1,3246926,1,131730,1,13037062,1,17354,1,282679,1,7224,4,527753,4,64928,4,4102607,4,8025769,8,12099899,108,25731,24,3016,1,19378,1,2525,1,0,0,0,0,0,0,0,0,0,0,0,0,0,0,0,0,0,0,0,0,17033,1,36,1,9559,1,4519,1,17069,1,9559,1,0,1,0,0,0,0,0,0
425,18574700,4518,9559,28.990166,,0,11,9,108,87950,1172,2826,18486750,16,175,40,1,25470,1,110,1,2123195,1,3128632,1,131780,1,13060608,1,16913,1,297448,1,7485,4,533775,4,64898,4,4100964,4,8028895,8,12101232,108,25801,24,2986,1,20470,1,2515,1,0,0,0,0,0,0,0,0,0,0,0,0,0,0,0,0,0,0,0,0,17035,1,36,1,9559,1,4518,1,17071,1,9559,1,0,1,0,0,0,0,0,0
426,18629100,4520,9559,28.990166,,0,11,9,108,87611,1222,2686,18541489,16,175,10,1,25009,1,60,1,2217672,1,3194092,1,137141,1,12950250,1,17254,1,286105,1,7425,4,529045,4,64738,4,4079561,4,7956222,8,12007506,108,25591,24,3096,1,20320,1,2515,1,0,0,0,0,0,0,0,0,0,0,0,0,0,0,0,0,0,0,0,0,17037,1,36,1,9559,1,4520,1,17073,1,9559,1,0,1,0,0,0,0,0,0
427,18505500,4519,9559,28.990158,,0,11,9,108,88938,1162,2876,18416562,16,175,40,1,25009,1,50,1,2098156,1,3096799,1,134776,1,13044206,1,17525,1,296646,1,7224,4,527663,4,70319,4,4103839,4,8011641,8,12085652,108,26953,24,2956,1,20260,1,2495,1,0,0,0,0,0,0,0,0,0,0,0,0,0,0,0,0,0,0,0,0,17037,1,36,1,9559,1,4519,1,17073,1,9559,1,0,1,0,0,0,0,0,0
428,18669200,4519,9559,28.990158,,0,11,9,108,87292,1222,2796,18581908,16,175,10,1,25540,1,60,1,2208043,1,3165435,1,135969,1,13029477,1,17374,1,284101,1,7254,4,527492,4,64798,4,4116454,4,8002954,8,12090391,108,26222,24,2976,1,19689,1,2535,1,0,0,0,0,0,0,0,0,0,0,0,0,0,0,0,0,0,0,0,0,17033,1,36,1,9559,1,4519,1,17069,1,9559,1,0,1,0,0,0,0,0,0
429,18667300,4519,9559,28.990156,,0,11,9,108,87937,1182,2826,18579363,16,175,60,1,25150,1,50,1,2067546,1,3251034,1,136239,1,13081940,1,17344,1,282739,1,7134,4,527061,4,64808,4,4123749,4,8049616,8,12144387,108,26152,24,2966,1,20150,1,2535,1,0,0,0,0,0,0,0,0,0,0,0,0,0,0,0,0,0,0,0,0,17037,1,36,1,9559,1,4519,1,17073,1,9559,1,0,1,0,0,0,0,0,0
430,18559700,4518,9559,28.990152,,0,11,9,108,88240,1293,2806,18471460,16,175,10,1,25430,1,60,1,2136161,1,3114314,1,135518,1,13042572,1,17394,1,283029,1,7365,4,529967,4,64908,4,4108599,4,8019386,8,12099388,108,25791,24,2916,1,22585,1,2525,1,0,0,0,0,0,0,0,0,0,0,0,0,0,0,0,0,0,0,0,0,17037,1,36,1,9559,1,4518,1,17073,1,9559,1,0,1,0,0,0,0,0,0
431,18691200,4518,9559,28.990156,,0,11,9,108,92418,1182,2766,18598782,16,175,20,1,25470,1,70,1,2194607,1,3204652,1,133183,1,13023715,1,17064,1,283951,1,7515,4,528514,4,64978,4,4105773,4,8004507,8,12081793,108,25721,24,2916,1,21863,1,2515,1,0,0,0,0,0,0,0,0,0,0,0,0,0,0,0,0,0,0,0,0,17039,1,36,1,9559,1,4518,1,17075,1,9559,1,0,1,0,0,0,0,0,0
432,18615900,4518,9559,28.990158,,0,11,9,108,84171,1222,2746,18531729,16,175,70,1,25170,1,110,1,2091673,1,3082872,1,135307,1,13182990,1,13537,1,284452,1,7194,4,527793,4,65139,4,4228185,4,8043805,8,12242120,108,27123,24,2946,1,19739,1,2515,1,0,0,0,0,0,0,0,0,0,0,0,0,0,0,0,0,0,0,0,0,17043,1,36,1,9559,1,4518,1,17079,1,9559,1,0,1,0,0,0,0,0,0
433,18256400,4518,9559,28.990156,,0,11,9,108,80765,1293,3417,18175635,16,175,30,1,30610,1,70,1,1930014,1,2955620,1,134716,1,13107180,1,17394,1,283450,1,7825,4,532292,4,87443,4,4116795,4,8030899,8,12117644,108,26633,24,4188,1,40350,1,2645,1,0,0,0,0,0,0,0,0,0,0,0,0,0,0,0,0,0,0,0,0,17044,1,36,1,9559,1,4518,1,17080,1,9559,1,0,1,0,0,0,0,0,0
434,18727900,4518,9559,28.990156,,0,11,9,108,89280,1403,2666,18638620,16,175,170,1,26212,1,170,1,2134818,1,3222558,1,136640,1,13099365,1,18687,1,349701,1,7104,4,527653,4,64768,4,4112246,4,8010278,8,12094157,108,25701,24,2966,1,20761,1,2485,1,0,0,0,0,0,0,0,0,0,0,0,0,0,0,0,0,0,0,0,0,17043,1,36,1,9559,1,4518,1,17079,1,9559,1,0,1,0,0,0,0,0,0
435,18687000,4519,9559,28.990156,,0,11,9,108,88469,1273,2766,18598531,16,175,50,1,24979,1,70,1,2183314,1,3150415,1,149826,1,13072461,1,17414,1,283230,1,7264,4,527262,4,64898,4,4121725,4,8041270,8,12134338,108,25891,24,3026,1,19969,1,2545,1,0,0,0,0,0,0,0,0,0,0,0,0,0,0,0,0,0,0,0,0,17046,1,36,1,9559,1,4519,1,17082,1,9559,1,0,1,0,0,0,0,0,0
436,18759100,4519,9559,28.990156,,0,11,9,108,87064,1262,3357,18672036,16,175,70,1,25911,1,60,1,2238714,1,3194683,1,145067,1,13050719,1,16813,1,283320,1,7144,4,529065,4,64898,4,4102948,4,8037071,8,12110540,108,26122,24,2936,1,19529,1,2545,1,0,0,0,0,0,0,0,0,0,0,0,0,0,0,0,0,0,0,0,0,17044,1,36,1,9559,1,4519,1,17080,1,9559,1,0,1,0,0,0,0,0,0
437,18541100,4519,9559,28.990156,,0,11,9,108,87125,1202,2706,18453975,16,175,30,1,25581,1,60,1,2092104,1,3110386,1,144195,1,13064897,1,16723,1,283661,1,7174,4,528464,4,64708,4,4123658,4,8030048,8,12125089,108,25911,24,2936,1,20521,1,2525,1,0,0,0,0,0,0,0,0,0,0,0,0,0,0,0,0,0,0,0,0,17045,1,36,1,9559,1,4519,1,17081,1,9559,1,0,1,0,0,0,0,0,0
438,18644600,4519,9559,28.990156,,0,11,9,108,86549,1162,2896,18558051,16,175,110,1,25110,1,80,1,2175890,1,3169012,1,142702,1,13028104,1,17044,1,282178,1,9108,4,528635,4,65008,4,4110993,4,8006381,8,12088677,108,25801,24,2966,1,19138,1,2535,1,0,0,0,0,0,0,0,0,0,0,0,0,0,0,0,0,0,0,0,0,17044,1,36,1,9559,1,4519,1,17080,1,9559,1,0,1,0,0,0,0,0,0
439,18616200,4520,9559,28.990156,,0,11,9,108,86084,1273,2646,18530116,16,175,10,1,24989,1,50,1,2055281,1,3248649,1,143443,1,13040849,1,16843,1,283570,1,7244,4,528284,4,64848,4,4105112,4,8025028,8,12101232,108,26262,24,3026,1,19919,1,2545,1,0,0,0,0,0,0,0,0,0,0,0,0,0,0,0,0,0,0,0,0,17047,1,36,1,9559,1,4520,1,17083,1,9559,1,0,1,0,0,0,0,0,0
440,18563300,4521,9559,28.990154,,0,11,9,108,87642,1252,3097,18475658,16,175,20,1,25811,1,60,1,2157173,1,3113152,1,144636,1,13017773,1,17034,1,298730,1,7224,4,528765,4,68195,4,4102647,4,7985530,8,12058668,108,26412,24,3036,1,19869,1,2525,1,0,0,0,0,0,0,0,0,0,0,0,0,0,0,0,0,0,0,0,0,17049,1,36,1,9559,1,4521,1,17085,1,9559,1,0,1,0,0,0,0,0,0
441,18678300,4521,9559,28.990154,,0,11,9,108,86532,1242,2706,18591768,16,175,40,1,25831,1,110,1,2228995,1,3200083,1,142562,1,12977354,1,16793,1,284683,1,7254,4,529156,4,64978,4,4083659,4,7979728,8,12035272,108,25410,24,2956,1,21132,1,2565,1,0,0,0,0,0,0,0,0,0,0,0,0,0,0,0,0,0,0,0,0,17052,1,36,1,9559,1,4521,1,17088,1,9559,1,0,1,0,0,0,0,0,0
442,18529400,4522,9559,28.990156,,0,11,9,108,86817,1192,2806,18442583,16,175,50,1,25100,1,70,1,2096533,1,3088202,1,142371,1,13072942,1,17314,1,296516,1,7284,4,527382,4,64748,4,4111595,4,8038604,8,12121993,108,25400,24,3036,1,20070,1,2515,1,0,0,0,0,0,0,0,0,0,0,0,0,0,0,0,0,0,0,0,0,17054,1,36,1,9559,1,4522,1,17090,1,9559,1,0,1,0,0,0,0,0,0
443,18623900,4523,9559,28.990156,,0,11,9,108,86089,1232,2786,18537811,16,175,40,1,24959,1,30,1,2187793,1,3175024,1,143083,1,12989608,1,17274,1,283861,1,7214,4,529005,4,64878,4,4100863,4,7975470,8,12048208,108,25340,24,4389,1,20170,1,2525,1,0,0,0,0,0,0,0,0,0,0,0,0,0,0,0,0,0,0,0,0,17056,1,36,1,9559,1,4523,1,17092,1,9559,1,0,1,0,0,0,0,0,0
444,18623800,4524,9559,28.990156,,0,11,9,108,87342,1653,2667,18536458,16,175,40,1,25891,1,60,1,2080251,1,3258469,1,143584,1,13011120,1,17044,1,296556,1,7274,4,536751,4,64638,4,4095663,4,7980099,8,12047615,108,25480,24,3016,1,22905,1,2565,1,0,0,0,0,0,0,0,0,0,0,0,0,0,0,0,0,0,0,0,0,17049,1,36,1,9559,1,4524,1,17085,1,9559,1,0,1,0,0,0,0,0,0
445,18512200,4523,9559,28.990156,,0,11,9,108,87392,1162,2787,18424808,16,175,30,1,25080,1,70,1,2158395,1,3114234,1,145467,1,12964228,1,17304,1,299512,1,7214,4,528554,4,64748,4,4086896,4,7950550,8,12009350,108,25310,24,2996,1,20060,1,2535,1,0,0,0,0,0,0,0,0,0,0,0,0,0,0,0,0,0,0,0,0,17046,1,36,1,9559,1,4523,1,17082,1,9559,1,0,1,0,0,0,0,0,0
446,18559400,4522,9559,28.990156,,0,11,9,108,86297,1212,2887,18473103,16,175,20,1,25100,1,120,1,2056363,1,3246094,1,145377,1,12982504,1,17525,1,283029,1,7224,4,528234,4,64708,4,4100362,4,7970730,8,12042586,108,25620,24,3086,1,21362,1,2555,1,0,0,0,0,0,0,0,0,0,0,0,0,0,0,0,0,0,0,0,0,17048,1,36,1,9559,1,4522,1,17084,1,9559,1,0,1,0,0,0,0,0,0
447,18573400,4523,9559,28.990156,,0,11,9,108,87612,1212,2967,18485788,16,175,20,1,25540,1,50,1,2153044,1,3107811,1,144676,1,13037803,1,16843,1,283620,1,7154,4,528865,4,64908,4,4118077,4,8008615,8,12098156,108,25570,24,2966,1,19879,1,2505,1,0,0,0,0,0,0,0,0,0,0,0,0,0,0,0,0,0,0,0,0,17048,1,36,1,9559,1,4523,1,17084,1,9559,1,0,1,0,0,0,0,0,0
448,18749300,4523,9559,28.990156,,0,11,9,108,90169,1242,3027,18659131,16,175,70,1,25951,1,70,1,2211380,1,3198029,1,143353,1,13062883,1,17394,1,283821,1,7314,4,527442,4,64898,4,4107276,4,8045087,8,12123756,108,25581,24,2966,1,20300,1,2535,1,0,0,0,0,0,0,0,0,0,0,0,0,0,0,0,0,0,0,0,0,17052,1,36,1,9559,1,4523,1,17088,1,9559,1,0,1,0,0,0,0,0,0
449,18477400,4522,9559,28.990156,,0,11,9,108,88022,1252,2786,18389378,16,175,50,1,24919,1,60,1,2069900,1,3077992,1,138273,1,13061039,1,17144,1,317297,1,7174,4,526811,4,64808,4,4107947,4,8010810,8,12090491,108,25480,24,2916,1,19489,1,2535,1,0,0,0,0,0,0,0,0,0,0,0,0,0,0,0,0,0,0,0,0,17048,1,36,1,9559,1,4522,1,17084,1,9559,1,0,1,0,0,0,0,0,0
450,18697200,4522,9559,28.990156,,0,11,9,108,87817,1222,3007,18609383,16,175,40,1,25430,1,60,1,2176962,1,3154463,1,135668,1,13099836,1,16923,1,281867,1,7545,4,535027,4,64858,4,4125442,4,8059406,8,12155920,108,25921,24,2906,1,19018,1,2545,1,0,0,0,0,0,0,0,0,0,0,0,0,0,0,0,0,0,0,0,0,17047,1,36,1,9559,1,4522,1,17083,1,9559,1,0,1,0,0,0,0,0,0
451,18694400,4523,9559,28.990152,,0,11,9,108,86931,1252,2695,18607469,16,175,60,1,24899,1,70,1,2060632,1,3233149,1,137361,1,13133923,1,17374,1,283540,1,7174,4,527853,4,64558,4,4141925,4,8082511,8,12195719,108,26021,24,3036,1,19549,1,2525,1,0,0,0,0,0,0,0,0,0,0,0,0,0,0,0,0,0,0,0,0,17051,1,36,1,9559,1,4523,1,17087,1,9559,1,0,1,0,0,0,0,0,0
452,18544000,4523,9559,28.99015,,0,11,9,108,85025,1112,2936,18458975,16,175,10,1,25100,1,50,1,2114639,1,3101889,1,136480,1,13063644,1,17164,1,284162,1,7124,4,527152,4,64968,4,4116955,4,8037082,8,12124809,108,26292,24,2906,1,19669,1,2515,1,0,0,0,0,0,0,0,0,0,0,0,0,0,0,0,0,0,0,0,0,17048,1,36,1,9559,1,4523,1,17084,1,9559,1,0,1,0,0,0,0,0,0
453,18696900,4522,9559,28.990156,,0,11,9,108,85203,1212,2706,18611697,16,175,20,1,25741,1,20,1,2188184,1,3160916,1,134406,1,13085357,1,17054,1,298430,1,7164,4,527152,4,64868,4,4117947,4,8043244,8,12132704,108,25781,24,2956,1,19869,1,2515,1,0,0,0,0,0,0,0,0,0,0,0,0,0,0,0,0,0,0,0,0,17047,1,36,1,9559,1,4522,1,17083,1,9559,1,0,1,0,0,0,0,0,0
454,18636500,4522,9559,28.990156,,0,11,9,108,86715,1322,2806,18549785,16,175,40,1,25791,1,70,1,2051895,1,3252607,1,131600,1,13070678,1,17104,1,283380,1,7214,4,527743,4,64788,4,4112056,4,8049045,8,12131983,108,26312,24,2906,1,19689,1,2535,1,0,0,0,0,0,0,0,0,0,0,0,0,0,0,0,0,0,0,0,0,17047,1,36,1,9559,1,4522,1,17083,1,9559,1,0,1,0,0,0,0,0,0
455,18545000,4521,9559,28.990156,,0,11,9,108,95854,1222,2646,18449146,16,175,70,1,25060,1,60,1,2119518,1,3129795,1,131370,1,13026280,1,16994,1,298770,1,7244,4,535658,4,64768,4,4102487,4,7989006,8,12062495,108,26352,24,2976,1,21633,1,2515,1,0,0,0,0,0,0,0,0,0,0,0,0,0,0,0,0,0,0,0,0,17048,1,36,1,9559,1,4521,1,17084,1,9559,1,0,1,0,0,0,0,0,0
456,18749300,4522,9559,28.990152,,0,11,9,108,87935,1072,2685,18661365,16,175,80,1,25540,1,60,1,2244024,1,3184362,1,140367,1,13049957,1,16974,1,295033,1,7204,4,527422,4,64798,4,4112546,4,8016831,8,12100471,108,26222,24,2946,1,19559,1,2545,1,0,0,0,0,0,0,0,0,0,0,0,0,0,0,0,0,0,0,0,0,17047,1,36,1,9559,1,4522,1,17083,1,9559,1,0,1,0,0,0,0,0,0
457,18544900,4522,9559,28.990152,,0,11,9,108,85524,1162,2775,18459376,16,175,20,1,25049,1,50,1,2088707,1,3083303,1,135748,1,13109214,1,17284,1,283981,1,7214,4,527562,4,64818,4,4133608,4,8065538,8,12169768,108,26603,24,3016,1,19789,1,2525,1,0,0,0,0,0,0,0,0,0,0,0,0,0,0,0,0,0,0,0,0,17047,1,36,1,9559,1,4522,1,17083,1,9559,1,0,1,0,0,0,0,0,0
458,18622500,4521,9559,28.990152,,0,11,9,108,78186,1363,2896,18544314,16,175,30,1,25170,1,30,1,2172523,1,2996170,1,145848,1,13186797,1,17745,1,291266,1,7204,4,527733,4,64858,4,4149449,4,8115106,8,12234926,108,26733,24,3417,1,23767,1,2635,1,0,0,0,0,0,0,0,0,0,0,0,0,0,0,0,0,0,0,0,0,17046,1,36,1,9559,1,4521,1,17082,1,9559,1,0,1,0,0,0,0,0,0
459,18910500,4523,9559,28.990152,,0,11,9,108,85912,1563,2806,18824588,16,175,140,1,28466,1,110,1,2043738,1,3272937,1,141760,1,13326734,1,10701,1,340022,1,7735,4,567622,4,65359,4,4254347,4,8063303,8,12288161,108,26682,24,3056,1,21152,1,2575,1,0,0,0,0,0,0,0,0,0,0,0,0,0,0,0,0,0,0,0,0,17055,1,36,1,9559,1,4523,1,17091,1,9559,1,0,1,0,0,0,0,0,0
460,18855500,4522,9559,28.990152,,0,11,9,108,129046,1493,3377,18726454,16,175,180,1,35320,1,70,1,2059900,1,3100306,1,149746,1,13370190,1,10741,1,341956,1,7605,4,564425,4,65179,4,4304035,4,8058864,8,12333010,108,26512,24,2996,1,21112,1,2525,1,0,0,0,0,0,0,0,0,0,0,0,0,0,0,0,0,0,0,0,0,17054,1,36,1,9559,1,4522,1,17090,1,9559,1,0,1,0,0,0,0,0,0
461,18946900,4521,9559,28.990152,,0,11,9,108,141340,1413,2866,18805560,16,175,190,1,34458,1,130,1,2090811,1,3103503,1,148584,1,13416962,1,10922,1,359591,1,7585,4,561159,4,65099,4,4328453,4,8067141,8,12366827,108,25901,24,3066,1,20911,1,2545,1,0,0,0,0,0,0,0,0,0,0,0,0,0,0,0,0,0,0,0,0,17055,1,36,1,9559,1,4521,1,17091,1,9559,1,0,1,0,0,0,0,0,0
462,18481900,4522,9559,28.990152,,0,11,9,108,50309,1263,2686,18431591,16,175,180,1,34809,1,90,1,2124318,1,3009838,1,114987,1,13136698,1,10671,1,295654,1,7244,4,528665,4,64567,4,4144700,4,8068003,8,12183474,108,26542,24,2996,1,21052,1,2555,1,0,0,0,0,0,0,0,0,0,0,0,0,0,0,0,0,0,0,0,0,17060,1,36,1,9559,1,4522,1,17096,1,9559,1,0,1,0,0,0,0,0,0
463,18349700,4522,9559,28.990152,,0,11,9,108,44078,1293,2786,18305622,16,175,150,1,23777,1,80,1,1943550,1,3031320,1,115107,1,13181016,1,10621,1,280194,1,7314,4,529166,4,64788,4,4162966,4,8108693,8,12241930,108,26943,24,3036,1,21022,1,2545,1,0,0,0,0,0,0,0,0,0,0,0,0,0,0,0,0,0,0,0,0,17058,1,36,1,9559,1,4522,1,17094,1,9559,1,0,1,0,0,0,0,0,0
464,18436800,4521,9559,28.990152,,0,11,9,108,68233,1283,2806,18368567,16,175,160,1,23787,1,80,1,1946627,1,3001090,1,114176,1,13262737,1,19909,1,280765,1,7314,4,533474,4,65449,4,4186563,4,8161287,8,12318731,108,26312,24,3106,1,20951,1,2545,1,0,0,0,0,0,0,0,0,0,0,0,0,0,0,0,0,0,0,0,0,17063,1,36,1,9559,1,4521,1,17099,1,9559,1,0,1,0,0,0,0,0,0
465,19104800,4523,9559,28.990152,,0,11,9,108,145346,1543,2756,18959454,16,175,150,1,37474,1,110,1,2069790,1,3275142,1,146069,1,13419968,1,10751,1,344000,1,7856,4,564546,4,65219,4,4272182,4,8138211,8,12380424,108,27214,24,3056,1,20791,1,2565,1,0,0,0,0,0,0,0,0,0,0,0,0,0,0,0,0,0,0,0,0,17062,1,36,1,9559,1,4523,1,17098,1,9559,1,0,1,0,0,0,0,0,0
466,18920900,4523,9559,28.990147,,0,11,9,108,112695,1393,3057,18808205,16,175,200,1,30280,1,90,1,2054189,1,3286284,1,145157,1,13274851,1,17154,1,279713,1,8136,4,543905,4,64938,4,4168227,4,8182028,8,12320144,108,27053,24,3066,1,20901,1,2545,1,0,0,0,0,0,0,0,0,0,0,0,0,0,0,0,0,0,0,0,0,17065,1,36,1,9559,1,4523,1,17101,1,9559,1,0,1,0,0,0,0,0,0
467,18589000,4523,9559,28.990145,,0,11,9,108,87280,1242,2927,18501720,16,175,130,1,25440,1,70,1,2046364,1,3088653,1,138684,1,13185324,1,17054,1,277939,1,8577,4,528374,4,65099,4,4166383,4,8110176,8,12247019,108,26613,24,3056,1,21963,1,2515,1,0,0,0,0,0,0,0,0,0,0,0,0,0,0,0,0,0,0,0,0,17057,1,36,1,9559,1,4523,1,17093,1,9559,1,0,1,0,0,0,0,0,0
468,18738600,4523,9559,28.990145,,0,11,9,108,86082,1202,2856,18652518,16,175,70,1,24819,1,60,1,2148365,1,3153451,1,134766,1,13174643,1,16342,1,280544,1,7174,4,527442,4,64978,4,4162305,4,8103082,8,12235578,108,26953,24,3056,1,20120,1,4739,1,0,0,0,0,0,0,0,0,0,0,0,0,0,0,0,0,0,0,0,0,17059,1,36,1,9559,1,4523,1,17095,1,9559,1,0,1,0,0,0,0,0,0
469,18866800,4523,9559,28.990139,,0,11,9,108,118062,1473,2766,18748738,16,175,170,1,41843,1,100,1,1935905,1,3262477,1,151720,1,13345731,1,10791,1,350062,1,7685,4,574976,4,65359,4,4233996,4,8085578,8,12290816,108,25991,24,3096,1,20971,1,2535,1,0,0,0,0,0,0,0,0,0,0,0,0,0,0,0,0,0,0,0,0,17057,1,36,1,9559,1,4523,1,17093,1,9559,1,0,1,0,0,0,0,0,0
470,19064600,4522,9559,28.990139,,0,11,9,108,133281,1453,2786,18931319,16,175,190,1,34428,1,90,1,2219887,1,3202679,1,146530,1,13316834,1,10681,1,340703,1,7585,4,563924,4,65439,4,4232443,4,8078874,8,12282741,108,25791,24,3096,1,20761,1,2555,1,0,0,0,0,0,0,0,0,0,0,0,0,0,0,0,0,0,0,0,0,17050,1,36,1,9559,1,4522,1,17086,1,9559,1,0,1,0,0,0,0,0,0
471,19100400,4521,9559,28.990147,,0,11,9,108,132279,1453,2806,18968121,16,175,180,1,34999,1,130,1,2202111,1,3225524,1,146179,1,13348106,1,10892,1,357025,1,7615,4,563353,4,65389,4,4221001,4,8104465,8,12296959,108,25701,24,3036,1,22204,1,2565,1,0,0,0,0,0,0,0,0,0,0,0,0,0,0,0,0,0,0,0,0,17051,1,36,1,9559,1,4521,1,17087,1,9559,1,0,1,0,0,0,0,0,0
472,19062500,4521,9559,28.990149,,0,11,9,108,144167,1483,2856,18918333,16,175,180,1,34729,1,130,1,2198755,1,3177839,1,141740,1,13354198,1,10761,1,343188,1,7675,4,562071,4,65149,4,4230790,4,8117350,8,12318431,108,26853,24,3036,1,20921,1,2535,1,0,0,0,0,0,0,0,0,0,0,0,0,0,0,0,0,0,0,0,0,17051,1,36,1,9559,1,4521,1,17087,1,9559,1,0,1,0,0,0,0,0,0
473,18953400,4520,9559,28.990149,,0,11,9,108,132820,1373,2726,18820580,16,175,180,1,33767,1,90,1,2172673,1,3176697,1,141179,1,13285302,1,10691,1,360152,1,7625,4,562882,4,73535,4,4193657,4,8059245,8,12223043,108,27134,24,3066,1,21192,1,2575,1,0,0,0,0,0,0,0,0,0,0,0,0,0,0,0,0,0,0,0,0,17047,1,36,1,9559,1,4520,1,17083,1,9559,1,0,1,0,0,0,0,0,0
474,18575600,4520,9559,28.990149,,0,11,9,108,51306,1403,2626,18524294,16,175,190,1,34709,1,100,1,2223754,1,2998655,1,113715,1,13142129,1,11042,1,279542,1,7274,4,529406,4,64578,4,4145993,4,8087501,8,12204395,108,26472,24,3036,1,20821,1,2575,1,0,0,0,0,0,0,0,0,0,0,0,0,0,0,0,0,0,0,0,0,17048,1,36,1,9559,1,4520,1,17084,1,9559,1,0,1,0,0,0,0,0,0
475,18316400,4519,9559,28.990149,,0,11,9,108,49554,1353,2846,18266846,16,175,150,1,23687,1,80,1,1948540,1,2970921,1,113234,1,13199553,1,10681,1,293370,1,7294,4,529997,4,65359,4,4166142,4,8109515,8,12246519,108,26292,24,3086,1,20901,1,2535,1,0,0,0,0,0,0,0,0,0,0,0,0,0,0,0,0,0,0,0,0,17042,1,36,1,9559,1,4519,1,17078,1,9559,1,0,1,0,0,0,0,0,0
476,18396700,4519,9559,28.990149,,0,11,9,108,71850,1333,2776,18324850,16,175,160,1,23837,1,70,1,1946176,1,3008765,1,114586,1,13213711,1,17545,1,278220,1,7294,4,532763,4,65580,4,4180942,4,8120747,8,12271889,108,27023,24,3176,1,21112,1,2545,1,0,0,0,0,0,0,0,0,0,0,0,0,0,0,0,0,0,0,0,0,17046,1,36,1,9559,1,4519,1,17082,1,9559,1,0,1,0,0,0,0,0,0
477,19101700,4519,9559,28.990149,,0,11,9,108,146093,1423,2866,18955607,16,175,160,1,37865,1,130,1,2152413,1,3160405,1,143964,1,13449697,1,10972,1,342286,1,7665,4,561409,4,65079,4,4368362,4,8076980,8,12416265,108,26211,24,3066,1,20851,1,2575,1,0,0,0,0,0,0,0,0,0,0,0,0,0,0,0,0,0,0,0,0,17047,1,36,1,9559,1,4519,1,17083,1,9559,1,0,1,0,0,0,0,0,0
478,18771000,4519,9559,28.990145,,0,11,9,108,135165,1403,2836,18635835,16,175,180,1,31913,1,180,1,2139067,1,3150285,1,137943,1,13159433,1,16833,1,283661,1,7254,4,530428,4,65489,4,4148808,4,8095136,8,12215017,108,26091,24,3226,1,21462,1,2565,1,0,0,0,0,0,0,0,0,0,0,0,0,0,0,0,0,0,0,0,0,17045,1,36,1,9559,1,4519,1,17081,1,9559,1,0,1,0,0,0,0,0,0
479,18745100,4518,9559,28.99014,,0,11,9,108,91721,1152,2976,18653379,16,175,80,1,25701,1,60,1,2179687,1,3175004,1,139666,1,13115707,1,17475,1,295153,1,7264,4,527733,4,65069,4,4130482,4,8061630,8,12163365,108,25771,24,3066,1,21643,1,2515,1,0,0,0,0,0,0,0,0,0,0,0,0,0,0,0,0,0,0,0,0,17046,1,36,1,9559,1,4518,1,17082,1,9559,1,0,1,0,0,0,0,0,0
480,18828400,4517,9559,28.99014,,0,11,9,108,90243,1533,2886,18738157,16,175,20,1,24899,1,100,1,2049309,1,3251315,1,119005,1,13276815,1,16693,1,340232,1,7595,4,561790,4,65008,4,4245149,4,8028875,8,12245076,108,26061,24,3216,1,20851,1,2565,1,0,0,0,0,0,0,0,0,0,0,0,0,0,0,0,0,0,0,0,0,17049,1,36,1,9559,1,4517,1,17085,1,9559,1,0,1,0,0,0,0,0,0
481,18698400,4516,9559,28.99014,,0,11,9,108,77865,1493,2826,18620535,16,175,130,1,25651,1,100,1,2071563,1,2980169,1,140037,1,13392173,1,10711,1,349110,1,7585,4,562191,4,65199,4,4328974,4,8051310,8,12351316,108,26142,24,2996,1,20751,1,2565,1,0,0,0,0,0,0,0,0,0,0,0,0,0,0,0,0,0,0,0,0,17048,1,36,1,9559,1,4516,1,17084,1,9559,1,0,1,0,0,0,0,0,0
482,18314000,4516,9559,28.99014,,0,11,9,108,44279,1583,2956,18269721,16,175,160,1,24939,1,90,1,1944412,1,3003054,1,115057,1,13171347,1,10661,1,284172,1,7405,4,529747,4,65189,4,4150371,4,8106669,8,12226720,108,27364,24,2986,1,20721,1,2505,1,0,0,0,0,0,0,0,0,0,0,0,0,0,0,0,0,0,0,0,0,17050,1,36,1,9559,1,4516,1,17086,1,9559,1,0,1,0,0,0,0,0,0
483,18271200,4516,9559,28.99014,,0,11,9,108,45516,1312,2726,18225684,16,175,160,1,23667,1,90,1,1943410,1,2998876,1,114887,1,13133833,1,10761,1,283049,1,7274,4,529667,4,68766,4,4143528,4,8073493,8,12187472,108,26823,24,3076,1,21152,1,2515,1,0,0,0,0,0,0,0,0,0,0,0,0,0,0,0,0,0,0,0,0,17050,1,36,1,9559,1,4516,1,17086,1,9559,1,0,1,0,0,0,0,0,0
484,18881000,4515,9559,28.99014,,0,11,9,108,138915,1393,2686,18742085,16,175,170,1,29729,1,40,1,2230437,1,3223690,1,153323,1,13085918,1,18777,1,276717,1,7204,4,530077,4,65479,4,4134350,4,8043153,8,12148746,108,26072,24,3026,1,21933,1,2585,1,0,0,0,0,0,0,0,0,0,0,0,0,0,0,0,0,0,0,0,0,17049,1,36,1,9559,1,4515,1,17085,1,9559,1,0,1,0,0,0,0,0,0
485,18475200,4516,9559,28.99014,,0,11,9,108,78107,1273,3257,18397093,16,175,160,1,38306,1,150,1,2247591,1,2964588,1,113454,1,13021671,1,11172,1,280023,1,7304,4,532853,4,65259,4,4112196,4,7996231,8,12079269,108,25901,24,3016,1,20961,1,2555,1,0,0,0,0,0,0,0,0,0,0,0,0,0,0,0,0,0,0,0,0,17048,1,36,1,9559,1,4516,1,17084,1,9559,1,0,1,0,0,0,0,0,0
486,18468100,4514,9559,28.99014,,0,11,9,108,51198,1293,2816,18416902,16,175,180,1,33977,1,110,1,2169647,1,2994708,1,115097,1,13091058,1,12124,1,280214,1,7184,4,526871,4,64758,4,4131123,4,8053273,8,12155289,108,26292,24,3046,1,20721,1,2575,1,0,0,0,0,0,0,0,0,0,0,0,0,0,0,0,0,0,0,0,0,17044,1,36,1,9559,1,4514,1,17080,1,9559,1,0,1,0,0,0,0,0,0
487,18382800,4514,9559,28.990133,,0,11,9,108,37569,2014,2686,18345231,16,175,80,1,23486,1,50,1,1920936,1,2980079,1,116600,1,13292556,1,11443,1,415040,1,7395,4,528815,4,64908,4,4149490,4,8097451,8,12217412,108,26843,24,3066,1,21763,1,2615,1,0,0,0,0,0,0,0,0,0,0,0,0,0,0,0,0,0,0,0,0,17041,1,36,1,9559,1,4514,1,17077,1,9559,1,0,1,0,0,0,0,0,0
488,18205900,4514,9559,28.990128,,0,11,9,108,40294,1022,2565,18165606,16,175,120,1,24328,1,80,1,1926256,1,2998615,1,113805,1,13091760,1,10641,1,280394,1,7365,4,526571,4,64638,4,4127426,4,8057632,8,12156441,108,26051,24,3076,1,21112,1,2525,1,0,0,0,0,0,0,0,0,0,0,0,0,0,0,0,0,0,0,0,0,17045,1,36,1,9559,1,4514,1,17081,1,9559,1,0,1,0,0,0,0,0,0
489,18714700,4513,9559,28.990131,,0,11,9,108,99295,1262,2856,18615405,16,175,140,1,27625,1,170,1,2152313,1,3138873,1,141910,1,13137260,1,17114,1,297127,1,7194,4,525579,4,64748,4,4140602,4,8074485,8,12186200,108,26031,24,2926,1,20801,1,2535,1,0,0,0,0,0,0,0,0,0,0,0,0,0,0,0,0,0,0,0,0,17041,1,36,1,9559,1,4513,1,17077,1,9559,1,0,1,0,0,0,0,0,0
490,18813400,4513,9559,28.990131,,0,11,9,108,86906,1172,2816,18726494,16,175,120,1,25470,1,60,1,2206250,1,3202899,1,137612,1,13136418,1,17665,1,282939,1,7194,4,525849,4,64828,4,4144930,4,8084004,8,12200258,108,25861,24,2976,1,20010,1,2515,1,0,0,0,0,0,0,0,0,0,0,0,0,0,0,0,0,0,0,0,0,17043,1,36,1,9559,1,4513,1,17079,1,9559,1,0,1,0,0,0,0,0,0
491,18692700,4514,9559,28.990131,,0,11,9,108,85792,1182,2686,18606908,16,175,70,1,25591,1,50,1,2055321,1,3259781,1,136049,1,13112911,1,17134,1,282959,1,7174,4,526250,4,64938,4,4142856,4,8062422,8,12176851,108,25741,24,2946,1,19669,1,2515,1,0,0,0,0,0,0,0,0,0,0,0,0,0,0,0,0,0,0,0,0,17043,1,36,1,9559,1,4514,1,17079,1,9559,1,0,1,0,0,0,0,0,0
492,18602800,4514,9559,28.990131,,0,11,9,108,86952,1172,2666,18515848,16,175,30,1,25260,1,60,1,2138375,1,3125155,1,134957,1,13074966,1,17044,1,282578,1,7224,4,526701,4,64808,4,4131554,4,8036049,8,12139167,108,25771,24,3006,1,19348,1,2525,1,0,0,0,0,0,0,0,0,0,0,0,0,0,0,0,0,0,0,0,0,17046,1,36,1,9559,1,4514,1,17082,1,9559,1,0,1,0,0,0,0,0,0
493,18567200,4514,9559,28.990131,,0,11,9,108,88686,1323,2796,18478514,16,175,40,1,25350,1,70,1,2206600,1,2992954,1,132652,1,13103473,1,17374,1,283901,1,7274,4,528274,4,65108,4,4127346,4,8064355,8,12163124,108,25781,24,3016,1,20350,1,2525,1,0,0,0,0,0,0,0,0,0,0,0,0,0,0,0,0,0,0,0,0,17043,1,36,1,9559,1,4514,1,17079,1,9559,1,0,1,0,0,0,0,0,0
494,18543900,4513,9559,28.99013,,0,11,9,108,88482,1202,3558,18455418,16,175,80,1,25721,1,60,1,2099459,1,3100206,1,132412,1,13080227,1,17254,1,282859,1,7194,4,526500,4,64788,4,4133207,4,8038003,8,12141702,108,25951,24,2986,1,20931,1,2555,1,0,0,0,0,0,0,0,0,0,0,0,0,0,0,0,0,0,0,0,0,17043,1,36,1,9559,1,4513,1,17079,1,9559,1,0,1,0,0,0,0,0,0
495,18691300,4514,9559,28.990126,,0,11,9,108,88230,1202,2727,18603070,16,175,80,1,25410,1,100,1,2194727,1,3190224,1,134987,1,13040328,1,17214,1,284662,1,7274,4,528094,4,64728,4,4119260,4,8008826,8,12099728,108,25631,24,3076,1,20661,1,2545,1,0,0,0,0,0,0,0,0,0,0,0,0,0,0,0,0,0,0,0,0,17051,1,36,1,9559,1,4514,1,17087,1,9559,1,0,1,0,0,0,0,0,0
496,18602400,4514,9559,28.990126,,0,11,9,108,88396,1202,2866,18514004,16,175,60,1,24999,1,60,1,2061103,1,3236135,1,132241,1,13041981,1,17424,1,282739,1,7134,4,526901,4,64658,4,4121885,4,8012563,8,12106092,108,25490,24,3076,1,19318,1,2505,1,0,0,0,0,0,0,0,0,0,0,0,0,0,0,0,0,0,0,0,0,17050,1,36,1,9559,1,4514,1,17086,1,9559,1,0,1,0,0,0,0,0,0
497,18588500,4515,9559,28.990126,,0,11,9,108,87201,1182,2706,18501299,16,175,70,1,25450,1,60,1,2144738,1,3118422,1,135077,1,13060287,1,17194,1,285083,1,7144,4,527011,4,64718,4,4123939,4,8025839,8,12121422,108,25651,24,3026,1,19829,1,2515,1,0,0,0,0,0,0,0,0,0,0,0,0,0,0,0,0,0,0,0,0,17049,1,36,1,9559,1,4515,1,17085,1,9559,1,0,1,0,0,0,0,0,0
498,18707200,4514,9559,28.990126,,0,11,9,108,88509,1252,2646,18618691,16,175,10,1,24969,1,60,1,2217953,1,3182459,1,138554,1,13037342,1,17344,1,290484,1,7144,4,527893,4,64628,4,4115522,4,8005289,8,12092244,108,25921,24,3036,1,19589,1,2505,1,0,0,0,0,0,0,0,0,0,0,0,0,0,0,0,0,0,0,0,0,17050,1,36,1,9559,1,4514,1,17086,1,9559,1,0,1,0,0,0,0,0,0
499,18382500,4515,9559,28.990126,,0,11,9,108,88190,1393,2846,18294310,16,175,10,1,25741,1,60,1,2095010,1,2959759,1,137101,1,13059516,1,17114,1,286506,1,7254,4,527152,4,65139,4,4121665,4,8024857,8,12117895,108,25781,24,2936,1,20050,1,2565,1,0,0,0,0,0,0,0,0,0,0,0,0,0,0,0,0,0,0,0,0,17047,1,36,1,9559,1,4515,1,17083,1,9559,1,0,1,0,0,0,0,0,0
