step,wall_ns,manifolds,pairs,top_y,awake,void,colors,wide_colors,waves,g_ns,u_ns,r_ns,sys_sum_ns,disp_lane,worker_lane_max,sys_physics_integrate_ns,sys_physics_integrate_n,sys_physics_gather_ns,sys_physics_gather_n,sys_select_broadphase_ns,sys_select_broadphase_n,sys_physics_broadphase_colored_ns,sys_physics_broadphase_colored_n,sys_physics_narrowphase_colored_ns,sys_physics_narrowphase_colored_n,sys_physics_build_graph_ns,sys_physics_build_graph_n,sys_physics_solve_colored_ns,sys_physics_solve_colored_n,sys_physics_apply_ns,sys_physics_apply_n,phys_solve_build_ns,phys_solve_build_n,phys_gravity_ns,phys_gravity_n,phys_warm_apply_ns,phys_warm_apply_n,phys_integrate_ns,phys_integrate_n,phys_pass_biased_ns,phys_pass_biased_n,phys_pass_relax_ns,phys_pass_relax_n,phys_color_wide_ns,phys_color_wide_n,phys_color_narrow_ns,phys_color_narrow_n,phys_restitution_ns,phys_restitution_n,phys_store_ns,phys_store_n,phys_write_back_ns,phys_write_back_n,phys_sleep_begin_ns,phys_sleep_begin_n,phys_sleep_freeze_ns,phys_sleep_freeze_n,phys_sleep_end_ns,phys_sleep_end_n,phys_sleep_classify_ns,phys_sleep_classify_n,phys_np_dispatch_ns,phys_np_dispatch_n,phys_np_compact_ns,phys_np_compact_n,phys_np_axis_commit_ns,phys_np_axis_commit_n,phys_bp_verify_ns,phys_bp_verify_n,phys_bp_build_ns,phys_bp_build_n,phys_bp_query_ns,phys_bp_query_n,phys_bp_assemble_ns,phys_bp_assemble_n,phys_sb_bodies_ns,phys_sb_bodies_n,phys_sb_pa_ns,phys_sb_pa_n,phys_sb_pb_ns,phys_sb_pb_n,phys_sb_pc_ns,phys_sb_pc_n,phys_slots_wide,phys_slots_wide_n,phys_slots_narrow,phys_slots_narrow_n,phys_np_pairs,phys_np_pairs_n,phys_np_manifolds,phys_np_manifolds_n,phys_np_points,phys_np_points_n,phys_bp_pairs,phys_bp_pairs_n,phys_np_chunks,phys_np_chunks_n,phys_bp_queried,phys_bp_queried_n,phys_bp_members,phys_bp_members_n,phys_bp_rebuilds,phys_bp_rebuilds_n,phys_np_reused,phys_np_reused_n,phys_np_sep_hits,phys_np_sep_hits_n,phys_np_full,phys_np_full_n,phys_sleep_held,phys_sleep_held_n,phys_wave_ramp,phys_wave_ramp_n,phys_wave_tail,phys_wave_tail_n,phys_wave_inflight,phys_wave_inflight_n,phys_wave_lanes,phys_wave_lanes_n,phys_wave_overflow,phys_wave_overflow_n,phys_color_scopes,phys_color_scopes_n,phys_color_tasks,phys_color_tasks_n,phys_route_worker,phys_route_worker_n,phys_route_external,phys_route_external_n,phys_hist_colors_lt32,phys_hist_colors_lt32_n,phys_hist_colors_lt64,phys_hist_colors_lt64_n,phys_hist_colors_lt128,phys_hist_colors_lt128_n,phys_hist_colors_lt256,phys_hist_colors_lt256_n,phys_hist_colors_ge256,phys_hist_colors_ge256_n,phys_hist_slots_lt32,phys_hist_slots_lt32_n,phys_hist_slots_lt64,phys_hist_slots_lt64_n,phys_hist_slots_lt128,phys_hist_slots_lt128_n,phys_hist_slots_lt256,phys_hist_slots_lt256_n,phys_hist_slots_ge256,phys_hist_slots_ge256_n,phys_s6_graph_hit,phys_s6_graph_hit_n,phys_s6_pb_hit,phys_s6_pb_hit_n,phys_np_wave_ramp,phys_np_wave_ramp_n,phys_np_wave_tail,phys_np_wave_tail_n,phys_np_wave_inflight,phys_np_wave_inflight_n,phys_np_wave_lanes,phys_np_wave_lanes_n,phys_np_wave_overflow,phys_np_wave_overflow_n
0,8322100,4495,9570,35.998295,,0,9,9,108,80886,23476,50494,8241214,16,182,832,1,165855,1,601,1,2037737,1,1504090,1,161928,1,4356334,1,13837,1,625367,1,14528,4,550319,4,95327,4,997196,4,1984062,8,2930763,108,0,0,6954,1,55619,1,3487,1,0,0,0,0,0,0,0,0,1123985,1,129233,1,78354,1,0,0,0,0,0,0,0,0,32884,1,116609,1,272525,1,203128,1,17980,1,0,1,9570,1,4495,1,17980,1,9570,1,48,1,0,0,0,0,0,0,0,1,0,1,9570,1,0,0,285355,1,1115862,1,828,1,828,1,0,1,108,1,3252,1,108,1,0,1,0,1,0,1,0,1,0,1,9,1,0,1,0,1,0,1,0,1,17980,1,0,1,0,1,50968,1,62238,1,8,1,8,1,0,1
1,6594000,4300,9570,35.993866,,0,9,8,96,44243,9418,48340,6549757,16,187,230,1,48826,1,150,1,1874126,1,543566,1,131949,1,3937022,1,13887,1,665626,1,15761,4,513978,4,87181,4,865518,4,1708351,8,2497323,96,28205,12,7835,1,60388,1,2966,1,0,0,0,0,0,0,0,0,431146,1,75167,1,4409,1,0,0,0,0,0,0,0,0,6433,1,130376,1,31011,1,497636,1,16277,1,27,1,9570,1,4300,1,16304,1,9570,1,48,1,0,0,0,0,0,0,4495,1,5075,1,0,1,0,0,275933,1,1038345,1,768,1,768,1,0,1,96,1,2940,1,96,1,0,1,1,1,0,1,0,1,0,1,8,1,27,1,0,1,0,1,0,1,16277,1,0,1,0,1,29223,1,28941,1,8,1,8,1,0,1
2,6269700,4339,9570,35.986713,,0,9,8,96,43197,8707,47980,6226503,16,187,852,1,34918,1,180,1,1866671,1,398562,1,129634,1,3783150,1,12535,1,574567,1,14308,4,574086,4,84335,4,847733,4,1621701,8,2385934,96,35520,12,4990,1,49547,1,3176,1,0,0,0,0,0,0,0,0,297894,1,79586,1,4389,1,0,0,0,0,0,0,0,0,6032,1,28606,1,29879,1,509850,1,16269,1,36,1,9570,1,4339,1,16305,1,9570,1,48,1,0,0,0,0,0,0,4495,1,5075,1,0,1,0,0,305468,1,892254,1,768,1,768,1,0,1,96,1,2952,1,96,1,0,1,0,1,1,1,0,1,0,1,8,1,0,1,36,1,0,1,0,1,16269,1,0,1,0,1,7804,1,127710,1,8,1,8,1,0,1
3,6128100,4335,9570,35.976837,,0,9,8,96,39262,9459,46825,6088838,16,187,150,1,28626,1,100,1,1821683,1,432694,1,177248,1,3616022,1,12314,1,638603,1,15070,4,538977,4,84365,4,767265,4,1508419,8,2198939,96,29919,12,7495,1,43205,1,3166,1,0,0,0,0,0,0,0,0,323219,1,81560,1,6643,1,0,0,0,0,0,0,0,0,7685,1,47583,1,30289,1,552834,1,16306,1,30,1,9570,1,4335,1,16336,1,9570,1,48,1,0,0,0,0,0,0,4495,1,5075,1,0,1,0,0,273646,1,916806,1,768,1,768,1,0,1,96,1,2940,1,96,1,0,1,1,1,0,1,0,1,0,1,8,1,30,1,0,1,0,1,0,1,16306,1,0,1,0,1,6781,1,4125,1,8,1,8,1,0,1
4,5770700,4329,9570,35.964233,,0,9,8,96,36323,8146,42189,5734377,16,187,210,1,32143,1,130,1,1819639,1,291231,1,134394,1,3443895,1,12735,1,407980,1,32794,4,502896,4,80408,4,851400,4,1513018,8,2295226,96,27003,12,3296,1,40960,1,2996,1,0,0,0,0,0,0,0,0,222577,1,50409,1,4639,1,0,0,0,0,0,0,0,0,5661,1,22604,1,29358,1,350107,1,16296,1,31,1,9570,1,4329,1,16327,1,9570,1,48,1,0,0,0,0,0,0,4495,1,5075,1,0,1,0,0,276062,1,1197372,1,768,1,768,1,0,1,96,1,2964,1,96,1,0,1,1,1,0,1,0,1,0,1,8,1,31,1,0,1,0,1,0,1,16296,1,0,1,0,1,5131,1,56265,1,8,1,8,1,0,1
5,5877500,4324,9570,35.948902,,0,9,8,96,34971,9579,48240,5842529,16,187,240,1,28105,1,50,1,1827755,1,286592,1,132279,1,3555143,1,12364,1,522475,1,12995,4,507996,4,87922,4,800490,4,1558587,8,2281570,96,29267,12,6082,1,46000,1,3016,1,0,0,0,0,0,0,0,0,210874,1,55088,1,4549,1,0,0,0,0,0,0,0,0,3908,1,46772,1,28847,1,442809,1,16313,1,28,1,9570,1,4324,1,16341,1,9570,1,48,1,0,0,0,0,0,0,4495,1,5075,1,0,1,0,0,297510,1,938553,1,768,1,768,1,0,1,96,1,2952,1,96,1,0,1,1,1,0,1,0,1,0,1,8,1,28,1,0,1,0,1,0,1,16313,1,0,1,0,1,4060,1,35211,1,8,1,8,1,0,1
6,6112300,4326,9570,35.93085,,0,9,8,96,40636,11673,38831,6071664,16,187,150,1,29197,1,70,1,1845590,1,341971,1,144954,1,3696655,1,13076,1,455403,1,12655,4,526843,4,77963,4,856219,4,1685320,8,2475746,96,26963,12,3898,1,63034,1,3647,1,0,0,0,0,0,0,0,0,228919,1,88123,1,4860,1,0,0,0,0,0,0,0,0,5701,1,24498,1,29498,1,395566,1,16318,1,31,1,9570,1,4326,1,16349,1,9570,1,48,1,0,0,0,0,0,0,4495,1,5075,1,0,1,0,0,273071,1,1366777,1,768,1,768,1,0,1,96,1,2952,1,96,1,0,1,1,1,0,1,0,1,0,1,8,1,31,1,0,1,0,1,0,1,16318,1,0,1,0,1,16369,1,97185,1,8,1,8,1,0,1
7,6394300,4319,9570,35.910072,,0,9,8,96,49866,24358,41766,6344434,16,187,230,1,33696,1,551,1,1888624,1,372931,1,164322,1,3870922,1,13156,1,594817,1,15400,4,522174,4,82893,4,874656,4,1677771,8,2484208,96,26452,12,6974,1,67863,1,4018,1,0,0,0,0,0,0,0,0,278877,1,69877,1,4850,1,0,0,0,0,0,0,0,0,6884,1,28746,1,30370,1,528627,1,16316,1,27,1,9570,1,4319,1,16343,1,9570,1,48,1,0,0,0,0,0,0,4495,1,5075,1,0,1,0,0,262445,1,1025640,1,767,1,767,1,0,1,96,1,2964,1,96,1,0,1,1,1,0,1,0,1,0,1,8,1,27,1,0,1,0,1,0,1,16316,1,0,1,0,1,21319,1,189387,1,8,1,8,1,0,1
8,6480300,4316,9570,35.88657,,0,9,8,96,36742,9128,49775,6443558,16,187,351,1,30149,1,401,1,1827154,1,436947,1,152489,1,3983293,1,12775,1,553746,1,14649,4,546672,4,91710,4,893262,4,1809760,8,2625803,96,27444,12,4028,1,56601,1,3737,1,0,0,0,0,0,0,0,0,325839,1,88744,1,4709,1,0,0,0,0,0,0,0,0,4098,1,27153,1,29989,1,492075,1,16293,1,27,1,9570,1,4316,1,16320,1,9570,1,48,1,0,0,0,0,0,0,4495,1,5075,1,0,1,0,0,297675,1,1416030,1,768,1,768,1,0,1,96,1,2952,1,96,1,0,1,1,1,0,1,0,1,0,1,8,1,27,1,0,1,0,1,0,1,16293,1,0,1,0,1,16351,1,149325,1,8,1,8,1,0,1
9,6731500,4312,9570,35.86034,,0,9,8,96,44404,9358,44783,6687096,16,187,220,1,29087,1,180,1,1837704,1,629104,1,220432,1,3957021,1,13346,1,732817,1,15140,4,554107,4,86700,4,882130,4,1607703,8,2426714,96,18336,12,6493,1,59046,1,3527,1,0,0,0,0,0,0,0,0,372471,1,210613,1,6152,1,0,0,0,0,0,0,0,0,8877,1,54938,1,30470,1,638352,1,16297,1,18,1,9570,1,4312,1,16315,1,9570,1,48,1,0,0,0,0,0,0,4495,1,5075,1,0,1,0,0,281120,1,1143780,1,766,1,766,1,0,1,96,1,2952,1,96,1,0,1,1,1,0,1,0,1,0,1,8,1,18,1,0,1,0,1,0,1,16297,1,0,1,0,1,18529,1,237996,1,8,1,8,1,0,1
10,5670600,4307,9570,35.831387,,0,9,8,96,36379,7695,36728,5634221,16,187,391,1,29127,1,130,1,1827084,1,351840,1,139604,1,3273430,1,12615,1,453479,1,12515,4,504229,4,81500,4,724421,4,1433702,8,2108350,96,13046,12,7364,1,45259,1,3266,1,0,0,0,0,0,0,0,0,249930,1,78093,1,5731,1,0,0,0,0,0,0,0,0,5340,1,23316,1,29969,1,394704,1,16300,1,14,1,9570,1,4307,1,16314,1,9570,1,48,1,0,0,0,0,0,0,4495,1,5075,1,0,1,0,0,234218,1,988614,1,768,1,768,1,0,1,96,1,2952,1,96,1,0,1,1,1,0,1,0,1,0,1,8,1,14,1,0,1,0,1,0,1,16300,1,0,1,0,1,19948,1,93060,1,8,1,8,1,0,1
11,5561200,4307,9570,35.79971,,0,9,8,96,34470,7936,36597,5526730,16,187,100,1,28536,1,150,1,1836232,1,274068,1,143371,1,3231749,1,12525,1,448189,1,12414,4,503548,4,81520,4,725653,4,1395287,8,2074774,96,9569,12,7194,1,46992,1,3016,1,0,0,0,0,0,0,0,0,203800,1,49267,1,4659,1,0,0,0,0,0,0,0,0,4829,1,22374,1,29808,1,391027,1,16310,1,10,1,9570,1,4307,1,16320,1,9570,1,48,1,0,0,0,0,0,0,4495,1,5075,1,0,1,0,0,234133,1,777612,1,768,1,768,1,0,1,96,1,2964,1,96,1,0,1,1,1,0,1,0,1,0,1,8,1,10,1,0,1,0,1,0,1,16310,1,0,1,0,1,4372,1,81444,1,8,1,8,1,0,1
12,5593300,4306,9570,35.765305,,0,9,8,96,33485,7535,36209,5559815,16,187,150,1,28877,1,130,1,1831963,1,232736,1,124494,1,3328398,1,13066,1,463629,1,12344,4,503698,4,81740,4,755251,4,1445685,8,2151312,96,13416,12,7254,1,48255,1,3006,1,0,0,0,0,0,0,0,0,177839,1,38506,1,4629,1,0,0,0,0,0,0,0,0,3907,1,34077,1,29588,1,395886,1,16316,1,14,1,9570,1,4306,1,16330,1,9570,1,48,1,0,0,0,0,0,0,4495,1,5075,1,0,1,0,0,241073,1,834966,1,768,1,768,1,0,1,96,1,2952,1,96,1,0,1,1,1,0,1,0,1,0,1,8,1,14,1,0,1,0,1,0,1,16316,1,0,1,0,1,3052,1,70554,1,8,1,8,1,0,1
13,5740400,4306,9570,35.728176,,0,9,8,96,40160,9599,46286,5700240,16,187,160,1,29227,1,311,1,1832384,1,259489,1,129243,1,3436240,1,13186,1,393251,1,13096,4,516944,4,93303,4,801272,4,1538077,8,2279386,96,13677,12,8226,1,58605,1,3868,1,0,0,0,0,0,0,0,0,195423,1,46080,1,4359,1,0,0,0,0,0,0,0,0,4318,1,22825,1,29829,1,336059,1,16323,1,12,1,9570,1,4306,1,16335,1,9570,1,48,1,0,0,0,0,0,0,4495,1,5075,1,0,1,0,0,272380,1,881958,1,768,1,768,1,0,1,96,1,2952,1,96,1,0,1,1,1,0,1,0,1,0,1,8,1,12,1,0,1,0,1,0,1,16323,1,0,1,0,1,3811,1,27588,1,8,1,8,1,0,1
14,5482600,4307,9570,35.688324,,0,9,8,96,39504,8006,36659,5443096,16,187,441,1,31341,1,150,1,1835891,1,308665,1,142770,1,3110751,1,13086,1,494610,1,12064,4,504890,4,78644,4,672940,4,1297765,8,1919608,96,14438,12,3677,1,35279,1,2876,1,0,0,0,0,0,0,0,0,230282,1,56982,1,4709,1,0,0,0,0,0,0,0,0,4008,1,25841,1,29227,1,435294,1,16324,1,16,1,9570,1,4307,1,16340,1,9570,1,48,1,0,0,0,0,0,0,4495,1,5075,1,0,1,0,0,238401,1,888756,1,768,1,768,1,0,1,96,1,2952,1,96,1,0,1,1,1,0,1,0,1,0,1,8,1,16,1,0,1,0,1,0,1,16324,1,0,1,0,1,4999,1,118008,1,8,1,8,1,0,1
15,5223300,4306,9570,35.64575,,0,9,8,96,33721,7034,36598,5189579,16,187,40,1,27855,1,120,1,1836121,1,176536,1,117500,1,3019152,1,12254,1,337923,1,11793,4,504389,4,78905,4,700324,4,1340800,8,1988484,96,16041,12,5100,1,30019,1,2866,1,0,0,0,0,0,0,0,0,137610,1,23045,1,4449,1,0,0,0,0,0,0,0,0,3457,1,21412,1,29458,1,283396,1,16319,1,18,1,9570,1,4306,1,16337,1,9570,1,48,1,0,0,0,0,0,0,4495,1,5075,1,0,1,0,0,241997,1,931590,1,768,1,768,1,0,1,96,1,2976,1,96,1,0,1,1,1,0,1,0,1,0,1,8,1,18,1,0,1,0,1,0,1,16319,1,0,1,0,1,3976,1,91179,1,8,1,8,1,0,1
16,5230600,4303,9570,35.600445,,0,9,8,96,32024,8547,34924,5198576,16,187,120,1,27754,1,70,1,1839748,1,166436,1,96910,1,3055042,1,12495,1,309577,1,11753,4,503257,4,79015,4,720142,4,1387872,8,2056979,96,16112,12,4739,1,27384,1,2755,1,0,0,0,0,0,0,0,0,134494,1,16703,1,4439,1,0,0,0,0,0,0,0,0,3707,1,21642,1,29408,1,254619,1,16322,1,18,1,9570,1,4303,1,16340,1,9570,1,48,1,0,0,0,0,0,0,4495,1,5075,1,0,1,0,0,243581,1,953766,1,768,1,768,1,0,1,96,1,2976,1,96,1,0,1,1,1,0,1,0,1,0,1,8,1,18,1,0,1,0,1,0,1,16322,1,0,1,0,1,3151,1,51612,1,8,1,8,1,0,1
17,5182100,4298,9570,35.552414,,0,9,8,96,35275,9469,33793,5146825,16,187,170,1,27233,1,70,1,1833797,1,164352,1,97882,1,3011256,1,12064,1,309948,1,11633,4,502696,4,79286,4,718579,4,1347683,8,2018021,96,14448,12,3777,1,25430,1,2755,1,0,0,0,0,0,0,0,0,132119,1,16973,1,4479,1,0,0,0,0,0,0,0,0,3617,1,20831,1,29708,1,255591,1,16320,1,16,1,9570,1,4298,1,16336,1,9570,1,48,1,0,0,0,0,0,0,4495,1,5075,1,0,1,0,0,242096,1,1019634,1,768,1,768,1,0,1,96,1,2952,1,96,1,0,1,1,1,0,1,0,1,0,1,8,1,16,1,0,1,0,1,0,1,16320,1,0,1,0,1,6451,1,51315,1,8,1,8,1,0,1
18,5164300,4298,9570,35.501663,,0,9,8,96,31523,8437,36007,5132777,16,187,120,1,27594,1,40,1,1833146,1,160104,1,95267,1,3003942,1,12565,1,300790,1,11773,4,502345,4,79456,4,721615,4,1348956,8,2020096,96,14468,12,3457,1,24358,1,2755,1,0,0,0,0,0,0,0,0,127570,1,17364,1,4399,1,0,0,0,0,0,0,0,0,3367,1,22043,1,29668,1,245532,1,16318,1,16,1,9570,1,4298,1,16334,1,9570,1,48,1,0,0,0,0,0,0,4495,1,5075,1,0,1,0,0,245235,1,945153,1,768,1,768,1,0,1,96,1,2952,1,96,1,0,1,1,1,0,1,0,1,0,1,8,1,16,1,0,1,0,1,0,1,16318,1,0,1,0,1,6286,1,57981,1,8,1,8,1,0,1
19,5123900,4297,9570,35.448185,,0,9,8,96,30961,8487,34016,5092939,16,187,70,1,26462,1,30,1,1833105,1,139183,1,95918,1,2985937,1,12234,1,309327,1,11843,4,503327,4,79436,4,698500,4,1345048,8,1998731,96,10801,12,3427,1,23797,1,2745,1,0,0,0,0,0,0,0,0,107962,1,16853,1,4369,1,0,0,0,0,0,0,0,0,3848,1,21673,1,29959,1,253678,1,16322,1,12,1,9570,1,4297,1,16334,1,9570,1,48,1,0,0,0,0,0,0,4495,1,5075,1,0,1,0,0,239323,1,890373,1,768,1,768,1,0,1,96,1,2952,1,96,1,0,1,1,1,0,1,0,1,0,1,8,1,12,1,0,1,0,1,0,1,16322,1,0,1,0,1,3514,1,44682,1,8,1,8,1,0,1
20,6392100,5077,9570,35.391983,,0,14,12,144,33438,10761,43401,6358662,16,247,20,1,27484,1,40,1,1835069,1,279007,1,147399,1,4057538,1,12104,1,491223,1,11753,4,606510,4,112942,4,942579,4,1842734,8,2550697,144,191215,24,4038,1,32253,1,2745,1,0,0,0,0,0,0,0,0,200313,1,49928,1,13687,1,0,0,0,0,0,0,0,0,3908,1,58214,1,94245,1,334646,1,19225,1,232,1,9570,1,5077,1,19457,1,9570,1,48,1,0,0,0,0,0,0,4495,1,4291,1,784,1,0,0,396490,1,1230306,1,1116,1,1116,1,0,1,144,1,3468,1,144,1,0,1,0,1,1,1,0,1,1,1,12,1,0,1,36,1,0,1,196,1,19225,1,0,1,0,1,2755,1,181896,1,8,1,8,1,0,1
21,5847100,4687,9570,35.333054,,0,13,10,120,33487,9248,37805,5813613,16,235,90,1,26492,1,40,1,1838015,1,380977,1,111168,1,3444696,1,12134,1,368954,1,11543,4,538196,4,79025,4,812664,4,1588426,8,2134105,120,229180,36,3787,1,29538,1,3317,1,0,0,0,0,0,0,0,0,341099,1,20390,1,8256,1,0,0,0,0,0,0,0,0,3797,1,34227,1,32113,1,298626,1,16937,1,281,1,9570,1,4687,1,17218,1,9570,1,48,1,0,0,0,0,0,0,2756,1,4291,1,2523,1,0,0,264007,1,837672,1,948,1,948,1,0,1,120,1,3048,1,120,1,0,1,1,1,1,1,0,1,1,1,10,1,8,1,49,1,0,1,224,1,16937,1,0,1,0,1,4306,1,156189,1,8,1,8,1,0,1
22,5656000,4536,9570,35.2714,,0,12,10,120,34885,8877,37093,5621115,16,223,10,1,26963,1,40,1,1834739,1,336801,1,105337,1,3304652,1,12575,1,376298,1,11573,4,523467,4,79195,4,769239,4,1499902,8,2119607,120,112441,24,3657,1,29598,1,2846,1,0,0,0,0,0,0,0,0,297313,1,19067,1,6593,1,0,0,0,0,0,0,0,0,4258,1,24749,1,31131,1,315980,1,16654,1,137,1,9570,1,4536,1,16791,1,9570,1,48,1,0,0,0,0,0,0,2756,1,4748,1,2066,1,0,0,270333,1,969573,1,912,1,912,1,0,1,120,1,3012,1,120,1,0,1,1,1,0,1,1,1,0,1,10,1,13,1,0,1,124,1,0,1,16654,1,0,1,0,1,2623,1,1089,1,8,1,8,1,0,1
23,5617600,4464,9570,35.207024,,0,12,10,120,33077,8817,38936,5584523,16,223,10,1,26993,1,50,1,1835240,1,357752,1,106739,1,3245576,1,12164,1,348784,1,12154,4,516463,4,86169,4,806712,4,1432991,8,2138815,120,61951,24,3597,1,26983,1,2906,1,0,0,0,0,0,0,0,0,317853,1,20190,1,6413,1,0,0,0,0,0,0,0,0,4468,1,22935,1,30460,1,290740,1,16487,1,73,1,9570,1,4464,1,16560,1,9570,1,48,1,0,0,0,0,0,0,2756,1,4935,1,1879,1,0,0,255625,1,820908,1,900,1,900,1,0,1,120,1,2976,1,120,1,0,1,1,1,0,1,1,1,0,1,10,1,4,1,0,1,69,1,0,1,16487,1,0,1,0,1,2128,1,281391,1,8,1,8,1,0,1
24,5733400,4397,9570,35.13992,,0,12,9,108,31647,8858,34877,5701753,16,223,110,1,26863,1,40,1,1834268,1,377180,1,102130,1,3348638,1,12525,1,350447,1,11933,4,508858,4,79195,4,809939,4,1543077,8,2070001,108,248137,36,3557,1,29818,1,2956,1,0,0,0,0,0,0,0,0,333604,1,24177,1,6302,1,0,0,0,0,0,0,0,0,3677,1,23105,1,29628,1,293866,1,16064,1,305,1,9570,1,4397,1,16369,1,9570,1,48,1,0,0,0,0,0,0,2756,1,5015,1,1799,1,0,0,267181,1,792660,1,840,1,840,1,0,1,108,1,2868,1,108,1,0,1,1,1,1,1,0,1,1,1,9,1,4,1,56,1,0,1,245,1,16064,1,0,1,0,1,5798,1,130515,1,8,1,8,1,0,1
25,5674900,4359,9570,35.07009,,0,11,9,108,36671,9058,36299,5638229,16,211,140,1,30710,1,70,1,1837534,1,349485,1,101549,1,3307698,1,11042,1,337362,1,11593,4,505862,4,79606,4,790240,4,1541413,8,2124209,108,171146,24,2866,1,26702,1,2996,1,0,0,0,0,0,0,0,0,295199,1,19198,1,6062,1,0,0,0,0,0,0,0,0,3697,1,23326,1,29378,1,280761,1,16056,1,209,1,9570,1,4359,1,16265,1,9570,1,48,1,0,0,0,0,0,0,2757,1,5097,1,1716,1,0,0,258398,1,817575,1,840,1,840,1,0,1,108,1,2880,1,108,1,0,1,0,1,1,1,0,1,1,1,9,1,0,1,32,1,0,1,177,1,16056,1,0,1,0,1,16004,1,174042,1,8,1,8,1,0,1
26,5692700,4312,9570,34.997536,,0,11,9,108,33851,9088,36491,5658849,16,211,120,1,30830,1,40,1,1835350,1,358934,1,144283,1,3277238,1,12054,1,404243,1,12535,4,542584,4,79255,4,736144,4,1454673,8,2006186,108,148141,24,3807,1,31963,1,2946,1,0,0,0,0,0,0,0,0,284408,1,48976,1,7224,1,0,0,0,0,0,0,0,0,3627,1,29207,1,37834,1,333374,1,15990,1,179,1,9570,1,4312,1,16169,1,9570,1,48,1,0,0,0,0,0,0,2756,1,5145,1,1669,1,0,0,260959,1,743094,1,828,1,828,1,0,1,108,1,2856,1,108,1,0,1,1,1,0,1,0,1,1,1,9,1,28,1,0,1,0,1,151,1,15990,1,0,1,0,1,5197,1,168465,1,8,1,8,1,0,1
27,5495100,4295,9570,34.92226,,0,11,9,108,34059,8587,36101,5461041,16,211,90,1,31011,1,40,1,1835701,1,305639,1,101078,1,3175388,1,12094,1,362280,1,11583,4,499670,4,78754,4,757165,4,1425205,8,2014632,108,131638,24,3928,1,25420,1,2795,1,0,0,0,0,0,0,0,0,265260,1,20691,1,5791,1,0,0,0,0,0,0,0,0,4509,1,22364,1,29648,1,305569,1,15966,1,157,1,9570,1,4295,1,16123,1,9570,1,48,1,0,0,0,0,0,0,2756,1,5196,1,1618,1,0,0,264450,1,823119,1,828,1,828,1,0,1,108,1,2880,1,108,1,0,1,1,1,0,1,0,1,1,1,9,1,8,1,0,1,0,1,149,1,15966,1,0,1,0,1,2986,1,167046,1,8,1,8,1,0,1
28,6381600,4934,9570,34.844257,,0,14,11,132,34361,9649,42803,6347239,16,247,10,1,27324,1,30,1,1831582,1,356479,1,128232,1,3991218,1,12364,1,375316,1,11693,4,581901,4,78554,4,951376,4,1937490,8,2522087,132,323975,36,4178,1,37043,1,4018,1,0,0,0,0,0,0,0,0,309988,1,20420,1,10811,1,0,0,0,0,0,0,0,0,4218,1,28075,1,39578,1,303285,1,18359,1,400,1,9570,1,4934,1,18759,1,9570,1,48,1,0,0,0,0,0,0,2761,1,4556,1,2253,1,0,0,291979,1,1060488,1,992,1,992,1,0,1,132,1,3300,1,132,1,0,1,1,1,0,1,0,1,2,1,11,1,20,1,0,1,0,1,380,1,18359,1,0,1,0,1,3448,1,153417,1,8,1,8,1,0,1
29,6443500,4786,9570,34.763527,,0,15,11,132,35131,10170,42691,6408369,16,259,170,1,26843,1,40,1,1852033,1,482005,1,129083,1,3904969,1,13226,1,472306,1,12785,4,551712,4,78975,4,915856,4,1813056,8,2482392,132,203830,48,4128,1,42984,1,2996,1,0,0,0,0,0,0,0,0,407750,1,45699,1,9108,1,0,0,0,0,0,0,0,0,3647,1,45800,1,32123,1,390576,1,17137,1,243,1,9570,1,4786,1,17380,1,9570,1,48,1,0,0,0,0,0,0,2156,1,4210,1,3204,1,0,0,288080,1,1191234,1,1008,1,1008,1,0,1,132,1,3084,1,132,1,0,1,2,1,0,1,1,1,1,1,11,1,8,1,0,1,64,1,171,1,17137,1,0,1,0,1,2821,1,79233,1,8,1,8,1,0,1
30,5955100,4665,9570,34.680073,,0,14,11,132,33345,9298,41169,5921755,16,247,150,1,26051,1,40,1,1839548,1,418852,1,118322,1,3506307,1,12484,1,428300,1,12384,4,533236,4,82993,4,821932,4,1575741,8,2220487,132,136017,36,3797,1,35700,1,2926,1,0,0,0,0,0,0,0,0,361439,1,31933,1,7875,1,0,0,0,0,0,0,0,0,4439,1,26372,1,32554,1,364775,1,16875,1,161,1,9570,1,4665,1,17036,1,9570,1,48,1,0,0,0,0,0,0,2156,1,4524,1,2890,1,0,0,293946,1,895785,1,996,1,996,1,0,1,132,1,3048,1,132,1,0,1,1,1,1,1,1,1,0,1,11,1,4,1,36,1,121,1,0,1,16875,1,0,1,0,1,2095,1,236643,1,8,1,8,1,0,1
31,6010300,4617,9570,34.593895,,0,14,11,132,39048,9378,44895,5971252,16,247,150,1,31051,1,60,1,1831582,1,405686,1,115036,1,3576525,1,11162,1,389143,1,12505,4,527675,4,78915,4,886869,4,1629125,8,2307559,132,163541,36,3807,1,36081,1,3026,1,0,0,0,0,0,0,0,0,345317,1,23145,1,6843,1,0,0,0,0,0,0,0,0,4499,1,24658,1,31201,1,328584,1,16641,1,196,1,9570,1,4617,1,16837,1,9570,1,48,1,0,0,0,0,0,0,2156,1,4741,1,2673,1,0,0,274736,1,890109,1,996,1,996,1,0,1,132,1,2976,1,132,1,0,1,1,1,1,1,0,1,1,1,11,1,4,1,36,1,0,1,156,1,16641,1,0,1,0,1,16070,1,160545,1,8,1,8,1,0,1
32,5739200,4578,9570,34.504993,,0,14,11,132,32216,9048,38576,5706984,16,247,140,1,31051,1,40,1,1828046,1,375206,1,113673,1,3346764,1,12064,1,373392,1,11943,4,519719,4,79626,4,796252,4,1519510,8,2133986,132,143201,36,3717,1,30490,1,3066,1,0,0,0,0,0,0,0,0,329136,1,23115,1,6884,1,0,0,0,0,0,0,0,0,4609,1,24067,1,31382,1,313084,1,16423,1,174,1,9570,1,4578,1,16597,1,9570,1,48,1,0,0,0,0,0,0,2156,1,4836,1,2578,1,0,0,277510,1,853578,1,996,1,996,1,0,1,132,1,2964,1,132,1,0,1,1,1,1,1,0,1,1,1,11,1,4,1,36,1,0,1,134,1,16423,1,0,1,0,1,3679,1,137049,1,8,1,8,1,0,1
33,5898000,4536,9570,34.413364,,0,14,10,120,39149,9298,40879,5858851,16,247,160,1,30650,1,70,1,1830991,1,407920,1,114114,1,3463874,1,11072,1,367541,1,12294,4,514569,4,78173,4,833294,4,1612663,8,2078348,120,326731,48,3817,1,29267,1,2956,1,0,0,0,0,0,0,0,0,348423,1,21703,1,5872,1,0,0,0,0,0,0,0,0,5080,1,23676,1,31542,1,307042,1,16013,1,407,1,9570,1,4536,1,16420,1,9570,1,48,1,0,0,0,0,0,0,2156,1,4905,1,2509,1,0,0,267380,1,837078,1,936,1,936,1,0,1,120,1,2892,1,120,1,0,1,1,1,1,1,1,1,1,1,10,1,4,1,33,1,116,1,254,1,16013,1,0,1,0,1,21251,1,256839,1,8,1,8,1,0,1
34,6298600,5039,9570,34.31901,,0,14,11,132,31838,9509,40600,6266762,16,247,80,1,30680,1,30,1,1824358,1,438971,1,134454,1,3825804,1,12384,1,393401,1,12104,4,579346,4,79245,4,915987,4,1795472,8,2352073,132,318785,36,4078,1,33586,1,3076,1,0,0,0,0,0,0,0,0,387089,1,24217,1,10280,1,0,0,0,0,0,0,0,0,3687,1,29818,1,37864,1,321851,1,18101,1,392,1,9570,1,5039,1,18493,1,9570,1,48,1,0,0,0,0,0,0,2157,1,4383,1,3030,1,0,0,279963,1,969903,1,1032,1,1032,1,0,1,132,1,3240,1,132,1,0,1,0,1,1,1,1,1,1,1,11,1,0,1,32,1,120,1,240,1,18101,1,0,1,0,1,1765,1,200244,1,8,1,8,1,0,1
35,5949400,4827,9570,34.221935,,0,14,11,132,31533,9318,39758,5917867,16,247,120,1,27083,1,50,1,1837745,1,440915,1,127370,1,3472220,1,12364,1,393251,1,12194,4,538286,4,79696,4,832363,4,1570049,8,2198352,132,164302,36,3878,1,30199,1,2986,1,0,0,0,0,0,0,0,0,394995,1,20300,1,8417,1,0,0,0,0,0,0,0,0,4839,1,31362,1,33015,1,323875,1,16826,1,199,1,9570,1,4827,1,17025,1,9570,1,48,1,0,0,0,0,0,0,1650,1,4170,1,3750,1,0,0,272839,1,1007358,1,1020,1,1020,1,0,1,132,1,3060,1,132,1,0,1,1,1,1,1,0,1,1,1,11,1,16,1,40,1,0,1,143,1,16826,1,0,1,0,1,2656,1,109065,1,8,1,8,1,0,1
36,5900200,4630,9570,34.12213,,0,13,10,120,31489,9048,36962,5868711,16,235,60,1,26913,1,70,1,1835380,1,395145,1,119364,1,3479645,1,12134,1,361719,1,12625,4,514279,4,79225,4,843264,4,1623164,8,2119799,120,309667,36,3838,1,29478,1,3006,1,0,0,0,0,0,0,0,0,352271,1,18556,1,7865,1,0,0,0,0,0,0,0,0,4439,1,26893,1,31442,1,298756,1,15924,1,381,1,9570,1,4630,1,16305,1,9570,1,48,1,0,0,0,0,0,0,1650,1,4422,1,3498,1,0,0,267368,1,1046496,1,948,1,948,1,0,1,120,1,2892,1,120,1,0,1,1,1,0,1,1,1,1,1,10,1,28,1,0,1,100,1,253,1,15924,1,0,1,0,1,2293,1,276111,1,8,1,8,1,0,1
37,5723600,4510,9570,34.019604,,0,13,10,120,31265,8787,36722,5692335,16,235,80,1,26702,1,30,1,1840330,1,390075,1,116258,1,3306225,1,12635,1,356660,1,11953,4,496053,4,79025,4,808215,4,1510372,8,2063197,120,218669,36,3757,1,28476,1,2926,1,0,0,0,0,0,0,0,0,345117,1,19598,1,7294,1,0,0,0,0,0,0,0,0,4248,1,25700,1,30931,1,295610,1,15468,1,267,1,9570,1,4510,1,15735,1,9570,1,48,1,0,0,0,0,0,0,1651,1,4643,1,3276,1,0,0,275515,1,966438,1,936,1,936,1,0,1,120,1,2796,1,120,1,0,1,1,1,1,1,0,1,1,1,10,1,8,1,48,1,0,1,211,1,15468,1,0,1,0,1,4537,1,693,1,8,1,8,1,0,1
38,5652900,4408,9570,33.91435,,0,13,10,120,30863,8557,35068,5622037,16,235,30,1,27203,1,110,1,1840019,1,397630,1,113733,1,3230807,1,12505,1,336941,1,12134,4,486204,4,79225,4,782014,4,1491956,8,2033439,120,205463,36,3637,1,27183,1,2956,1,0,0,0,0,0,0,0,0,353794,1,18747,1,7485,1,0,0,0,0,0,0,0,0,4729,1,24258,1,30189,1,277554,1,15140,1,253,1,9570,1,4408,1,15393,1,9570,1,48,1,0,0,0,0,0,0,1667,1,4873,1,3030,1,0,0,270994,1,976140,1,924,1,924,1,0,1,120,1,2748,1,120,1,0,1,1,1,1,1,0,1,1,1,10,1,8,1,40,1,0,1,205,1,15140,1,0,1,0,1,5032,1,255453,1,8,1,8,1,0,1
39,6193600,4880,9570,33.806374,,0,14,11,132,33939,9579,42424,6159661,16,247,130,1,26823,1,90,1,1833216,1,459882,1,134404,1,3692853,1,12264,1,455072,1,10551,4,549237,4,78243,4,863484,4,1689193,8,2251195,132,259058,36,3967,1,30360,1,3166,1,0,0,0,0,0,0,0,0,406297,1,22985,1,11402,1,0,0,0,0,0,0,0,0,4850,1,28215,1,36341,1,385476,1,16972,1,316,1,9570,1,4880,1,17288,1,9570,1,48,1,0,0,0,0,0,0,1677,1,4489,1,3404,1,0,0,282607,1,1133847,1,1032,1,1032,1,0,1,132,1,3060,1,132,1,0,1,1,1,0,1,1,1,1,1,11,1,12,1,0,1,100,1,204,1,16972,1,0,1,0,1,2821,1,214368,1,8,1,8,1,0,1
40,6219500,4979,9570,33.69567,,0,14,11,132,32034,8146,40488,6187466,16,247,50,1,27935,1,40,1,1837093,1,507826,1,151227,1,3651211,1,12084,1,410515,1,11673,4,552424,4,79245,4,882691,4,1665437,8,2296415,132,211224,36,3988,1,33696,1,3397,1,0,0,0,0,0,0,0,0,451877,1,26292,1,12625,1,0,0,0,0,0,0,0,0,4389,1,31852,1,35409,1,338684,1,16970,1,251,1,9570,1,4979,1,17221,1,9570,1,48,1,0,0,0,0,0,0,1236,1,3941,1,4393,1,0,0,280368,1,1106688,1,1020,1,1020,1,0,1,132,1,3084,1,132,1,0,1,1,1,1,1,0,1,1,1,11,1,16,1,55,1,0,1,180,1,16970,1,0,1,0,1,4504,1,23595,1,8,1,8,1,0,1
41,6044400,4855,9570,33.58224,,0,14,11,132,34071,9439,38925,6010329,16,247,30,1,26061,1,40,1,1840510,1,419773,1,142089,1,3569732,1,12094,1,393041,1,11763,4,528587,4,78865,4,863183,4,1643524,8,2200587,132,267194,36,3918,1,34317,1,3096,1,0,0,0,0,0,0,0,0,371929,1,19929,1,9338,1,0,0,0,0,0,0,0,0,4128,1,28446,1,33576,1,326671,1,16229,1,324,1,9570,1,4855,1,16553,1,9570,1,48,1,0,0,0,0,0,0,1241,1,4196,1,4133,1,0,0,283443,1,1045275,1,1020,1,1020,1,0,1,132,1,2964,1,132,1,0,1,0,1,1,1,1,1,1,1,11,1,0,1,36,1,79,1,209,1,16229,1,0,1,0,1,2260,1,97053,1,8,1,8,1,0,1
42,6039000,4689,9570,33.466087,,0,15,10,120,38200,9118,36261,6000800,16,259,190,1,26582,1,40,1,1839999,1,465964,1,127440,1,3528060,1,12525,1,419653,1,11984,4,506213,4,80718,4,832834,4,1630288,8,2038729,120,388131,60,3828,1,30590,1,2836,1,0,0,0,0,0,0,0,0,411657,1,27213,1,8547,1,0,0,0,0,0,0,0,0,3306,1,26913,1,31722,1,357531,1,15337,1,474,1,9570,1,4689,1,15811,1,9570,1,48,1,0,0,0,0,0,0,1278,1,4489,1,3803,1,0,0,270256,1,1002804,1,948,1,948,1,0,1,120,1,2796,1,120,1,0,1,2,1,0,1,1,1,2,1,10,1,22,1,0,1,69,1,383,1,15337,1,0,1,0,1,2161,1,271722,1,8,1,8,1,0,1
43,6009100,4655,9570,33.34721,,0,14,10,120,35363,9248,37003,5973737,16,247,20,1,26602,1,30,1,1835360,1,470242,1,124414,1,3504904,1,12164,1,404483,1,12304,4,498448,4,79686,4,831351,4,1631640,8,2024471,120,401518,48,3787,1,30740,1,3216,1,0,0,0,0,0,0,0,0,423070,1,21232,1,7565,1,0,0,0,0,0,0,0,0,4910,1,24658,1,32143,1,342572,1,15071,1,491,1,9570,1,4655,1,15562,1,9570,1,48,1,0,0,0,0,0,0,1283,1,4672,1,3615,1,0,0,270176,1,1058079,1,948,1,948,1,0,1,120,1,2748,1,120,1,0,1,1,1,0,1,1,1,2,1,10,1,20,1,0,1,77,1,394,1,15071,1,0,1,0,1,4471,1,351483,1,8,1,8,1,0,1
44,6179200,5072,9570,33.22561,,0,14,12,144,32404,7174,39447,6146796,16,247,40,1,26532,1,40,1,1834308,1,498147,1,149313,1,3626353,1,12064,1,389805,1,12665,4,553275,4,78905,4,858484,4,1687380,8,2347615,144,158801,24,4128,1,31592,1,2946,1,0,0,0,0,0,0,0,0,444311,1,21272,1,12184,1,0,0,0,0,0,0,0,0,3848,1,28837,1,38345,1,318585,1,17087,1,192,1,9570,1,5072,1,17279,1,9570,1,48,1,0,0,0,0,0,0,1383,1,4323,1,3864,1,0,0,301246,1,1027092,1,1092,1,1092,1,0,1,144,1,3108,1,144,1,0,1,0,1,1,1,0,1,1,1,12,1,0,1,40,1,0,1,152,1,17087,1,0,1,0,1,3613,1,292842,1,8,1,8,1,0,1
45,6194700,5053,9570,33.10128,,0,14,12,144,31131,9709,40478,6163569,16,247,30,1,26181,1,40,1,1833045,1,556131,1,137329,1,3598708,1,12104,1,423230,1,12504,4,551361,4,79035,4,839446,4,1644506,8,2307427,144,136047,24,4138,1,31883,1,2896,1,0,0,0,0,0,0,0,0,503427,1,22224,1,11452,1,0,0,0,0,0,0,0,0,4428,1,37453,1,34558,1,346620,1,17008,1,164,1,9570,1,5053,1,17172,1,9570,1,48,1,0,0,0,0,0,0,907,1,3904,1,4759,1,0,0,291437,1,1161402,1,1092,1,1092,1,0,1,144,1,3072,1,144,1,0,1,0,1,1,1,1,1,0,1,12,1,0,1,39,1,125,1,0,1,17008,1,0,1,0,1,5032,1,341022,1,8,1,8,1,0,1
46,6114700,4767,9570,32.974224,,0,14,11,132,30747,9649,45025,6083953,16,247,50,1,26552,1,40,1,1835570,1,506053,1,129865,1,3573649,1,12174,1,377400,1,13276,4,568425,4,87111,4,861460,4,1612182,8,2225178,132,203439,36,3898,1,37143,1,3106,1,0,0,0,0,0,0,0,0,457738,1,19318,1,9418,1,0,0,0,0,0,0,0,0,4439,1,29297,1,32784,1,310729,1,15752,1,224,1,9570,1,4767,1,15976,1,9570,1,48,1,0,0,0,0,0,0,905,1,4118,1,4547,1,0,0,320478,1,863313,1,1020,1,1020,1,0,1,132,1,2868,1,132,1,0,1,1,1,1,1,0,1,1,1,11,1,8,1,62,1,0,1,154,1,15752,1,0,1,0,1,3448,1,301422,1,8,1,8,1,0,1
47,5930400,4624,9570,32.844448,,0,14,11,132,31911,9148,39876,5898489,16,247,90,1,26692,1,60,1,1855239,1,465924,1,127650,1,3410740,1,12094,1,384194,1,12404,4,491284,4,78875,4,814508,4,1581863,8,2227611,132,128883,36,3757,1,31682,1,3026,1,0,0,0,0,0,0,0,0,404894,1,28987,1,9479,1,0,0,0,0,0,0,0,0,4018,1,27795,1,31452,1,320749,1,15050,1,148,1,9570,1,4624,1,15198,1,9570,1,48,1,0,0,0,0,0,0,967,1,4489,1,4114,1,0,0,279039,1,1211133,1,996,1,996,1,0,1,132,1,2736,1,132,1,0,1,2,1,0,1,1,1,0,1,11,1,33,1,0,1,115,1,0,1,15050,1,0,1,0,1,3481,1,91641,1,8,1,8,1,0,1
48,6116700,4898,9570,32.711945,,0,15,11,132,30994,9549,38435,6085706,16,259,200,1,27083,1,40,1,1835951,1,477436,1,136858,1,3596003,1,12134,1,401798,1,12615,4,527715,4,79336,4,853524,4,1671158,8,2223792,132,262455,48,4048,1,33385,1,2876,1,0,0,0,0,0,0,0,0,417469,1,23666,1,13206,1,0,0,0,0,0,0,0,0,4308,1,29177,1,35249,1,332893,1,16050,1,317,1,9570,1,4898,1,16367,1,9570,1,48,1,0,0,0,0,0,0,1098,1,4346,1,4126,1,0,0,286228,1,1135332,1,1032,1,1032,1,0,1,132,1,2928,1,132,1,0,1,2,1,0,1,1,1,1,1,11,1,24,1,0,1,108,1,185,1,16050,1,0,1,0,1,4339,1,108438,1,8,1,8,1,0,1
49,6395700,5015,9570,32.576717,,0,14,11,132,30696,9950,43473,6365004,16,247,60,1,26592,1,20,1,1834408,1,524379,1,138862,1,3828489,1,12194,1,413852,1,12895,4,544758,4,79255,4,931737,4,1795592,8,2448475,132,235382,36,4218,1,33345,1,2886,1,0,0,0,0,0,0,0,0,469551,1,21182,1,12855,1,0,0,0,0,0,0,0,0,4669,1,32784,1,35590,1,340598,1,16568,1,267,1,9570,1,5015,1,16835,1,9570,1,48,1,0,0,0,0,0,0,687,1,3941,1,4942,1,0,0,283137,1,1217766,1,1044,1,1044,1,0,1,132,1,3036,1,132,1,0,1,1,1,1,1,0,1,1,1,11,1,6,1,60,1,0,1,201,1,16568,1,0,1,0,1,4933,1,660,1,8,1,8,1,0,1
50,6075600,4836,9570,32.438763,,0,13,11,132,31405,9449,38705,6044195,16,235,160,1,26823,1,40,1,1841993,1,518427,1,134394,1,3510135,1,12224,1,402049,1,12374,4,522465,4,79726,4,844096,4,1597844,8,2271566,132,131668,24,4028,1,35189,1,2916,1,0,0,0,0,0,0,0,0,462517,1,24909,1,10250,1,0,0,0,0,0,0,0,0,4448,1,28696,1,33546,1,335137,1,16027,1,155,1,9570,1,4836,1,16182,1,9570,1,48,1,0,0,0,0,0,0,662,1,4246,1,4662,1,0,0,277299,1,1211100,1,1020,1,1020,1,0,1,132,1,2904,1,132,1,0,1,1,1,0,1,0,1,1,1,11,1,22,1,0,1,0,1,133,1,16027,1,0,1,0,1,4405,1,55539,1,8,1,8,1,0,1
51,5962000,4704,9570,32.298084,,0,13,10,120,31448,9268,35129,5930552,16,235,30,1,26652,1,30,1,1841953,1,473248,1,130696,1,3445939,1,12004,1,380677,1,11923,4,504079,4,78965,4,843134,4,1580280,8,2126000,120,262284,36,3828,1,30981,1,2806,1,0,0,0,0,0,0,0,0,424583,1,19278,1,8877,1,0,0,0,0,0,0,0,0,4709,1,26612,1,32584,1,316581,1,15237,1,316,1,9570,1,4704,1,15553,1,9570,1,48,1,0,0,0,0,0,0,728,1,4510,1,4332,1,0,0,275782,1,962478,1,960,1,960,1,0,1,120,1,2772,1,120,1,0,1,1,1,1,1,0,1,1,1,10,1,12,1,60,1,0,1,244,1,15237,1,0,1,0,1,3415,1,858,1,8,1,8,1,0,1
52,6085100,4886,9570,32.154682,,0,14,11,132,32669,9539,38445,6052431,16,247,20,1,26652,1,50,1,1835951,1,481304,1,134203,1,3562027,1,12224,1,380666,1,12364,4,530771,4,79296,4,871269,4,1635989,8,2320552,132,148261,36,4068,1,35049,1,3016,1,0,0,0,0,0,0,0,0,428691,1,19879,1,11022,1,0,0,0,0,0,0,0,0,4188,1,27624,1,34738,1,313946,1,16269,1,179,1,9570,1,4886,1,16448,1,9570,1,48,1,0,0,0,0,0,0,978,1,4409,1,4183,1,0,0,282389,1,1362636,1,1008,1,1008,1,0,1,132,1,2952,1,132,1,0,1,1,1,1,1,0,1,1,1,11,1,4,1,47,1,0,1,128,1,16269,1,0,1,0,1,2458,1,68376,1,8,1,8,1,0,1
53,6127300,4850,9570,32.008553,,0,13,10,120,36363,9669,40799,6090937,16,232,20,1,26783,1,40,1,1840229,1,504069,1,133041,1,3575483,1,11272,1,394844,1,11994,4,526713,4,78885,4,858594,4,1655998,8,2204966,120,268827,36,4208,1,31762,1,2816,1,0,0,0,0,0,0,0,0,451876,1,19428,1,11623,1,0,0,0,0,0,0,0,0,4619,1,29678,1,32764,1,327613,1,16018,1,321,1,9570,1,4850,1,16339,1,9570,1,48,1,0,0,0,0,0,0,476,1,4174,1,4920,1,0,0,263473,1,1227336,1,960,1,960,1,0,1,120,1,2928,1,120,1,0,1,1,1,0,1,1,1,1,1,10,1,6,1,0,1,78,1,237,1,16018,1,0,1,0,1,3383,1,211695,1,8,1,8,1,0,1
54,6058400,4701,9570,31.8597,,0,12,10,120,34525,9078,39445,6023875,16,223,20,1,30490,1,90,1,1825180,1,513427,1,130957,1,3511648,1,12064,1,414984,1,12444,4,505251,4,79095,4,844797,4,1606411,8,2203143,120,208619,24,3807,1,32764,1,3016,1,0,0,0,0,0,0,0,0,463539,1,20550,1,9469,1,0,0,0,0,0,0,0,0,5130,1,27885,1,32023,1,349736,1,15414,1,245,1,9570,1,4701,1,15659,1,9570,1,48,1,0,0,0,0,0,0,484,1,4416,1,4670,1,0,0,278417,1,1156155,1,948,1,948,1,0,1,120,1,2808,1,120,1,0,1,0,1,1,1,0,1,1,1,10,1,0,1,51,1,0,1,194,1,15414,1,0,1,0,1,5098,1,145365,1,8,1,8,1,0,1
55,5930800,4656,9570,31.70812,,0,12,10,120,36709,9739,35791,5894091,16,223,90,1,26402,1,90,1,1842434,1,519268,1,134474,1,3358938,1,12394,1,422008,1,12074,4,497406,4,79376,4,779729,4,1520562,8,2118064,120,146437,24,3787,1,31372,1,2886,1,0,0,0,0,0,0,0,0,453319,1,32654,1,11312,1,0,0,0,0,0,0,0,0,4308,1,26161,1,32123,1,359215,1,15219,1,176,1,9570,1,4656,1,15395,1,9570,1,48,1,0,0,0,0,0,0,628,1,4573,1,4369,1,0,0,268782,1,1024320,1,924,1,924,1,0,1,120,1,2772,1,120,1,0,1,1,1,0,1,0,1,1,1,10,1,24,1,0,1,0,1,152,1,15219,1,0,1,0,1,3184,1,126357,1,8,1,8,1,0,1
56,5989100,4755,9570,31.553818,,0,12,10,120,38158,8086,42993,5950942,16,223,160,1,30861,1,80,1,1836753,1,517936,1,138562,1,3415479,1,11112,1,379855,1,11883,4,517956,4,79817,4,810039,4,1569078,8,2180588,120,155535,24,3888,1,32163,1,2715,1,0,0,0,0,0,0,0,0,448991,1,18596,1,12975,1,0,0,0,0,0,0,0,0,4288,1,27263,1,32844,1,315268,1,15858,1,186,1,9570,1,4755,1,16044,1,9570,1,48,1,0,0,0,0,0,0,648,1,4398,1,4524,1,0,0,265374,1,1131636,1,948,1,948,1,0,1,120,1,2880,1,120,1,0,1,1,1,0,1,0,1,1,1,10,1,22,1,0,1,0,1,164,1,15858,1,0,1,0,1,17523,1,155628,1,8,1,8,1,0,1
57,5988700,4733,9570,31.39679,,0,14,10,120,33991,10060,40238,5954709,16,247,130,1,31001,1,70,1,1828787,1,493618,1,143922,1,3444506,1,12675,1,400215,1,12905,4,521673,4,90427,4,805039,4,1564849,8,2170778,120,158872,48,3968,1,32514,1,2856,1,0,0,0,0,0,0,0,0,443500,1,18556,1,10130,1,0,0,0,0,0,0,0,0,4008,1,27213,1,31792,1,337011,1,15838,1,191,1,9570,1,4733,1,16029,1,9570,1,48,1,0,0,0,0,0,0,431,1,4530,1,4609,1,0,0,266393,1,1092333,1,936,1,936,1,0,1,120,1,2868,1,120,1,0,1,2,1,1,1,1,1,0,1,10,1,16,1,51,1,124,1,0,1,15838,1,0,1,0,1,2690,1,53163,1,8,1,8,1,0,1
58,5899800,4658,9570,31.237036,,0,13,10,120,32512,9058,35649,5867288,16,235,130,1,30991,1,40,1,1831512,1,518447,1,126949,1,3347155,1,12064,1,379895,1,12144,4,506544,4,79045,4,782765,4,1538197,8,2175047,120,110266,36,3858,1,32113,1,3537,1,0,0,0,0,0,0,0,0,465032,1,23125,1,10581,1,0,0,0,0,0,0,0,0,4489,1,26472,1,32003,1,316731,1,15576,1,134,1,9570,1,4658,1,15710,1,9570,1,48,1,0,0,0,0,0,0,461,1,4594,1,4515,1,0,0,273455,1,1334355,1,912,1,912,1,0,1,120,1,2808,1,120,1,0,1,2,1,0,1,1,1,0,1,10,1,31,1,0,1,103,1,0,1,15576,1,0,1,0,1,5197,1,196878,1,8,1,8,1,0,1
59,5899800,4682,9570,31.074558,,0,14,10,120,31099,9098,37924,5868701,16,247,50,1,26823,1,60,1,1832815,1,505111,1,128542,1,3363146,1,12154,1,377561,1,12424,4,512726,4,79766,4,789819,4,1544710,8,2169225,120,127380,48,3777,1,30400,1,2866,1,0,0,0,0,0,0,0,0,454842,1,19198,1,12885,1,0,0,0,0,0,0,0,0,4539,1,27524,1,32594,1,312723,1,15769,1,151,1,9570,1,4682,1,15920,1,9570,1,48,1,0,0,0,0,0,0,528,1,4536,1,4506,1,0,0,261345,1,1275879,1,912,1,912,1,0,1,120,1,2880,1,120,1,0,1,2,1,1,1,1,1,0,1,10,1,14,1,42,1,95,1,0,1,15769,1,0,1,0,1,5329,1,262680,1,8,1,8,1,0,1
60,5881700,4642,9570,30.909355,,0,13,10,120,35624,9138,38115,5846076,16,235,190,1,26983,1,40,1,1834458,1,493428,1,124013,1,3354850,1,12114,1,392851,1,12364,4,513156,4,79035,4,784258,4,1526434,8,2170416,120,102160,36,3727,1,31061,1,2826,1,0,0,0,0,0,0,0,0,444011,1,19689,1,10090,1,0,0,0,0,0,0,0,0,3737,1,25360,1,31341,1,332192,1,15871,1,121,1,9570,1,4642,1,15992,1,9570,1,48,1,0,0,0,0,0,0,531,1,4677,1,4362,1,0,0,264955,1,1175724,1,912,1,912,1,0,1,120,1,2904,1,120,1,0,1,2,1,0,1,1,1,0,1,10,1,35,1,0,1,86,1,0,1,15871,1,0,1,0,1,2392,1,63393,1,8,1,8,1,0,1
61,5876200,4557,9570,30.741426,,0,12,9,108,31857,9309,34227,5844343,16,223,10,1,27143,1,40,1,1838807,1,475533,1,125186,1,3365631,1,11994,1,354956,1,12254,4,502105,4,79536,4,800871,4,1570961,8,2097825,108,239780,36,3727,1,29097,1,2816,1,0,0,0,0,0,0,0,0,428661,1,18717,1,9579,1,0,0,0,0,0,0,0,0,4489,1,24268,1,31422,1,294588,1,15392,1,289,1,9570,1,4557,1,15681,1,9570,1,48,1,0,0,0,0,0,0,492,1,4791,1,4287,1,0,0,258041,1,1286967,1,864,1,864,1,0,1,108,1,2808,1,108,1,0,1,1,1,0,1,1,1,1,1,9,1,16,1,0,1,68,1,205,1,15392,1,0,1,0,1,5065,1,128106,1,8,1,8,1,0,1
62,5895100,4591,9570,30.570772,,0,12,9,108,34014,8998,34808,5861086,16,223,160,1,27113,1,40,1,1836572,1,485562,1,124514,1,3375000,1,12124,1,393812,1,12294,4,514058,4,79336,4,786132,4,1541093,8,2113456,108,178961,36,3727,1,32814,1,2735,1,0,0,0,0,0,0,0,0,437899,1,19829,1,9579,1,0,0,0,0,0,0,0,0,4298,1,25690,1,32273,1,331350,1,15725,1,211,1,9570,1,4591,1,15936,1,9570,1,48,1,0,0,0,0,0,0,546,1,4753,1,4271,1,0,0,252197,1,1171566,1,864,1,864,1,0,1,108,1,2880,1,108,1,0,1,1,1,1,1,0,1,1,1,9,1,11,1,48,1,0,1,152,1,15725,1,0,1,0,1,3877,1,26367,1,8,1,8,1,0,1
63,5864400,4578,9570,30.397394,,0,12,9,108,32121,8918,34909,5832279,16,223,40,1,27574,1,90,1,1838486,1,480052,1,123162,1,3350682,1,12194,1,385897,1,12324,4,510121,4,79666,4,777114,4,1540952,8,2125919,108,157238,36,3717,1,29067,1,2906,1,0,0,0,0,0,0,0,0,427959,1,23616,1,9809,1,0,0,0,0,0,0,0,0,4419,1,24909,1,31612,1,324757,1,15738,1,184,1,9570,1,4578,1,15922,1,9570,1,48,1,0,0,0,0,0,0,790,1,4814,1,3966,1,0,0,254772,1,1128996,1,864,1,864,1,0,1,108,1,2856,1,108,1,0,1,2,1,0,1,0,1,1,1,9,1,30,1,0,1,0,1,154,1,15738,1,0,1,0,1,2194,1,168960,1,8,1,8,1,0,1
64,5723600,4530,9570,30.22129,,0,11,9,108,31646,8757,35629,5691954,16,211,60,1,27153,1,20,1,1837935,1,478969,1,123021,1,3212631,1,12164,1,347832,1,12825,4,509590,4,80127,4,750191,4,1466496,8,2084530,108,96529,24,3657,1,30380,1,2775,1,0,0,0,0,0,0,0,0,432889,1,20811,1,8236,1,0,0,0,0,0,0,0,0,4218,1,24298,1,31301,1,287835,1,15790,1,114,1,9570,1,4530,1,15904,1,9570,1,48,1,0,0,0,0,0,0,456,1,4871,1,4243,1,0,0,247718,1,1029171,1,864,1,864,1,0,1,108,1,2892,1,108,1,0,1,1,1,0,1,1,1,0,1,9,1,14,1,0,1,100,1,0,1,15790,1,0,1,0,1,2887,1,98340,1,8,1,8,1,0,1
65,5838000,4530,9570,30.042463,,0,12,9,108,34667,9218,35198,5803333,16,223,140,1,26752,1,30,1,1839117,1,541672,1,120787,1,3262739,1,12094,1,370807,1,12635,4,510070,4,78905,4,766814,4,1479402,8,2124498,108,86520,36,3707,1,28225,1,2956,1,0,0,0,0,0,0,0,0,486484,1,27484,1,11122,1,0,0,0,0,0,0,0,0,4499,1,23817,1,30820,1,311481,1,15935,1,102,1,9570,1,4530,1,16037,1,9570,1,48,1,0,0,0,0,0,0,423,1,4887,1,4260,1,0,0,265741,1,1015542,1,852,1,852,1,0,1,108,1,2892,1,108,1,0,1,2,1,0,1,1,1,0,1,9,1,26,1,0,1,76,1,0,1,15935,1,0,1,0,1,2194,1,260502,1,8,1,8,1,0,1
66,5803400,4531,9570,29.860909,,0,13,9,108,34896,9298,42623,5768504,16,235,150,1,30750,1,70,1,1837815,1,433380,1,120536,1,3334941,1,10861,1,380506,1,12555,4,511433,4,79115,4,805169,4,1498760,8,2138145,108,123161,48,3767,1,31091,1,3246,1,0,0,0,0,0,0,0,0,381629,1,21432,1,10380,1,0,0,0,0,0,0,0,0,4850,1,23035,1,31832,1,320609,1,15882,1,146,1,9570,1,4531,1,16028,1,9570,1,48,1,0,0,0,0,0,0,993,1,4914,1,3663,1,0,0,264613,1,1052304,1,840,1,840,1,0,1,108,1,2904,1,108,1,0,1,3,1,0,1,1,1,0,1,9,1,40,1,0,1,106,1,0,1,15882,1,0,1,0,1,15476,1,193677,1,8,1,8,1,0,1
67,5699300,4532,9570,29.67663,,0,11,9,108,30922,8917,35009,5668378,16,211,110,1,30700,1,60,1,1828737,1,433831,1,119134,1,3243642,1,12164,1,341901,1,12585,4,513227,4,79496,4,782795,4,1470103,8,2147302,108,70588,24,3807,1,27925,1,2886,1,0,0,0,0,0,0,0,0,389123,1,17965,1,8627,1,0,0,0,0,0,0,0,0,4739,1,23616,1,31271,1,282123,1,16039,1,83,1,9570,1,4532,1,16122,1,9570,1,48,1,0,0,0,0,0,0,738,1,4945,1,3887,1,0,0,222130,1,958518,1,840,1,840,1,0,1,108,1,2916,1,108,1,0,1,1,1,0,1,1,1,0,1,9,1,15,1,0,1,68,1,0,1,16039,1,0,1,0,1,3811,1,52173,1,8,1,8,1,0,1
68,5706200,4513,9570,29.489626,,0,12,9,108,29806,8887,34628,5676394,16,223,120,1,27815,1,30,1,1835220,1,439242,1,119655,1,3241648,1,12665,1,354976,1,12384,4,514549,4,78985,4,753518,4,1478730,8,2127042,108,70578,36,3767,1,32464,1,3387,1,0,0,0,0,0,0,0,0,389875,1,24087,1,8106,1,0,0,0,0,0,0,0,0,3477,1,23526,1,30119,1,297614,1,16045,1,83,1,9570,1,4513,1,16128,1,9570,1,48,1,0,0,0,0,0,0,742,1,4946,1,3882,1,0,0,241014,1,993993,1,828,1,828,1,0,1,108,1,2904,1,108,1,0,1,2,1,0,1,1,1,0,1,9,1,17,1,0,1,66,1,0,1,16045,1,0,1,0,1,2953,1,70983,1,8,1,8,1,0,1
69,5623100,4475,9570,29.299898,,0,12,9,108,30721,8697,34637,5592379,16,223,120,1,27133,1,20,1,1845670,1,427669,1,116629,1,3162924,1,12214,1,343464,1,12815,4,510221,4,79596,4,738168,4,1435355,8,2090121,108,48766,36,3667,1,28035,1,2906,1,0,0,0,0,0,0,0,0,384955,1,17965,1,7395,1,0,0,0,0,0,0,0,0,4348,1,23406,1,31271,1,284268,1,15993,1,57,1,9570,1,4475,1,16050,1,9570,1,48,1,0,0,0,0,0,0,1132,1,4983,1,3455,1,0,0,231012,1,857505,1,816,1,816,1,0,1,108,1,2916,1,108,1,0,1,2,1,1,1,0,1,0,1,9,1,14,1,43,1,0,1,0,1,15993,1,0,1,0,1,3844,1,86955,1,8,1,8,1,0,1
70,5608500,4477,9570,29.107445,,0,11,9,108,31561,8958,35177,5576939,16,211,10,1,26352,1,40,1,1840019,1,395275,1,117100,1,3185919,1,12224,1,331921,1,12735,4,512495,4,78945,4,771343,4,1432941,8,2117865,108,51241,24,3647,1,30069,1,2866,1,0,0,0,0,0,0,0,0,351580,1,19378,1,7344,1,0,0,0,0,0,0,0,0,4469,1,23206,1,30770,1,273286,1,16049,1,60,1,9570,1,4477,1,16109,1,9570,1,48,1,0,0,0,0,0,0,1091,1,5012,1,3467,1,0,0,217057,1,855228,1,828,1,828,1,0,1,108,1,2928,1,108,1,0,1,1,1,1,1,0,1,0,1,9,1,19,1,41,1,0,1,0,1,16049,1,0,1,0,1,2722,1,166320,1,8,1,8,1,0,1
71,5704700,4474,9569,28.912266,,0,12,9,108,31643,8968,35158,5673057,16,223,10,1,28095,1,50,1,1836933,1,446075,1,116599,1,3233252,1,12044,1,335909,1,12474,4,511002,4,79516,4,769840,4,1480594,8,2176049,108,39227,36,3677,1,28015,1,3256,1,0,0,0,0,0,0,0,0,402029,1,19498,1,7364,1,0,0,0,0,0,0,0,0,4459,1,23095,1,31231,1,276873,1,16078,1,45,1,9569,1,4474,1,16123,1,9569,1,48,1,0,0,0,0,0,0,1032,1,5017,1,3520,1,0,0,223453,1,907269,1,816,1,816,1,0,1,108,1,2916,1,108,1,0,1,3,1,0,1,0,1,0,1,9,1,45,1,0,1,0,1,0,1,16078,1,0,1,0,1,4504,1,149853,1,8,1,8,1,0,1
72,5731000,4455,9569,28.714361,,0,11,8,96,35068,8757,33456,5695932,16,211,60,1,27344,1,40,1,1835129,1,412539,1,116759,1,3292067,1,11994,1,350027,1,11973,4,510511,4,78494,4,780150,4,1516895,8,2030893,96,232696,36,3587,1,28726,1,2946,1,0,0,0,0,0,0,0,0,371238,1,19368,1,6332,1,0,0,0,0,0,0,0,0,4308,1,22725,1,31041,1,291782,1,15819,1,274,1,9569,1,4455,1,16093,1,9569,1,48,1,0,0,0,0,0,0,1357,1,5028,1,3184,1,0,0,237475,1,843777,1,768,1,768,1,0,1,96,1,2880,1,96,1,0,1,2,1,0,1,0,1,1,1,8,1,39,1,0,1,0,1,235,1,15819,1,0,1,0,1,2046,1,693,1,8,1,8,1,0,1
73,5764500,4472,9569,28.745037,,0,10,9,108,34080,9048,34637,5730420,16,199,150,1,27073,1,40,1,1839618,1,425605,1,118452,1,3307387,1,12094,1,340989,1,13436,4,511593,4,84937,4,795290,4,1513539,8,2249493,108,24698,12,4389,1,31121,1,3046,1,0,0,0,0,0,0,0,0,381979,1,19358,1,7034,1,0,0,0,0,0,0,0,0,3787,1,22354,1,31001,1,283686,1,16090,1,28,1,9569,1,4472,1,16118,1,9569,1,48,1,0,0,0,0,0,0,1529,1,5048,1,2992,1,0,0,228819,1,766194,1,815,1,815,1,0,1,108,1,2928,1,108,1,0,1,1,1,0,1,0,1,0,1,9,1,28,1,0,1,0,1,0,1,16090,1,0,1,0,1,2640,1,208956,1,8,1,8,1,0,1
74,5589700,4465,9569,28.771923,,0,11,9,108,32831,8877,35779,5556869,16,211,120,1,26953,1,40,1,1835951,1,440564,1,117220,1,3123326,1,12695,1,350337,1,12495,4,510391,4,78945,4,726024,4,1398353,8,2071143,108,17454,24,3587,1,31512,1,2806,1,0,0,0,0,0,0,0,0,391498,1,24759,1,6894,1,0,0,0,0,0,0,0,0,4048,1,22664,1,30380,1,293095,1,16127,1,20,1,9569,1,4465,1,16147,1,9569,1,48,1,0,0,0,0,0,0,1414,1,5039,1,3116,1,0,0,209930,1,714945,1,816,1,816,1,0,1,108,1,2940,1,108,1,0,1,2,1,0,1,0,1,0,1,9,1,20,1,0,1,0,1,0,1,16127,1,0,1,0,1,1963,1,226479,1,8,1,8,1,0,1
75,5701700,4458,9569,28.794498,,0,10,8,96,31328,8708,32613,5670372,16,199,170,1,27544,1,40,1,1835701,1,369996,1,115597,1,3309020,1,12304,1,335748,1,11933,4,511563,4,79115,4,803666,4,1524921,8,2076844,96,219130,24,3667,1,26983,1,2715,1,0,0,0,0,0,0,0,0,329917,1,16913,1,6723,1,0,0,0,0,0,0,0,0,4689,1,22995,1,31091,1,276793,1,15880,1,260,1,9569,1,4458,1,16140,1,9569,1,48,1,0,0,0,0,0,0,1818,1,5045,1,2706,1,0,0,243250,1,679173,1,768,1,768,1,0,1,96,1,2880,1,96,1,0,1,1,1,0,1,0,1,1,1,8,1,17,1,0,1,0,1,243,1,15880,1,0,1,0,1,5230,1,693,1,8,1,8,1,0,1
76,5512400,4464,9569,28.81284,,0,11,9,108,33263,9008,34858,5479137,16,211,90,1,27494,1,110,1,1842754,1,356940,1,116428,1,3123186,1,12134,1,325809,1,12535,4,510912,4,79185,4,733228,4,1417741,8,2091373,108,24739,24,3697,1,28165,1,2906,1,0,0,0,0,0,0,0,0,315439,1,18206,1,6894,1,0,0,0,0,0,0,0,0,4339,1,22695,1,30750,1,267805,1,16101,1,29,1,9569,1,4464,1,16130,1,9569,1,48,1,0,0,0,0,0,0,2040,1,5040,1,2489,1,0,0,208320,1,643665,1,816,1,816,1,0,1,108,1,2940,1,108,1,0,1,2,1,0,1,0,1,0,1,9,1,29,1,0,1,0,1,0,1,16101,1,0,1,0,1,2656,1,230307,1,8,1,8,1,0,1
77,5696100,4463,9569,28.827902,,0,11,8,96,33594,8738,33155,5662506,16,211,20,1,26752,1,40,1,1839398,1,388422,1,114454,1,3281316,1,12104,1,346700,1,12064,4,511253,4,85638,4,787104,4,1496615,8,2024922,96,225643,36,3687,1,26873,1,2645,1,0,0,0,0,0,0,0,0,345247,1,18606,1,6904,1,0,0,0,0,0,0,0,0,4339,1,22484,1,30991,1,288686,1,15876,1,269,1,9569,1,4463,1,16145,1,9569,1,48,1,0,0,0,0,0,0,1976,1,5042,1,2551,1,0,0,241317,1,788271,1,768,1,768,1,0,1,96,1,2892,1,96,1,0,1,2,1,0,1,0,1,1,1,8,1,25,1,0,1,0,1,244,1,15876,1,0,1,0,1,2689,1,108570,1,8,1,8,1,0,1
78,5683000,4462,9568,28.840885,,0,10,8,96,36325,8807,32673,5646675,16,199,110,1,27103,1,40,1,1838185,1,354415,1,114555,1,3301395,1,10871,1,323054,1,12424,4,511002,4,79416,4,800981,4,1528237,8,2086524,96,210022,24,3617,1,30851,1,3006,1,0,0,0,0,0,0,0,0,312142,1,18386,1,6152,1,0,0,0,0,0,0,0,0,3497,1,22244,1,30299,1,266833,1,15886,1,247,1,9568,1,4462,1,16133,1,9568,1,48,1,0,0,0,0,0,0,2088,1,5045,1,2435,1,0,0,239342,1,816684,1,768,1,768,1,0,1,96,1,2880,1,96,1,0,1,1,1,0,1,0,1,1,1,8,1,5,1,0,1,0,1,242,1,15886,1,0,1,0,1,2194,1,64086,1,8,1,8,1,0,1
79,5705500,4456,9567,28.852116,,0,10,8,96,31701,9038,34026,5673799,16,199,30,1,27243,1,60,1,1841482,1,365757,1,115857,1,3311375,1,11994,1,328414,1,12174,4,510752,4,78905,4,793897,4,1541984,8,2108606,96,193249,24,3878,1,28015,1,4318,1,0,0,0,0,0,0,0,0,320118,1,21242,1,5892,1,0,0,0,0,0,0,0,0,3206,1,22464,1,29969,1,272615,1,15903,1,229,1,9567,1,4456,1,16132,1,9567,1,48,1,0,0,0,0,0,0,2176,1,5044,1,2347,1,0,0,244531,1,805530,1,768,1,768,1,0,1,96,1,2928,1,96,1,0,1,1,1,0,1,0,1,1,1,8,1,5,1,0,1,0,1,224,1,15903,1,0,1,0,1,3415,1,208824,1,8,1,8,1,0,1
80,5604000,4458,9567,28.861916,,0,10,8,96,30498,9218,33676,5573502,16,199,110,1,27073,1,40,1,1841312,1,352782,1,115106,1,3224965,1,12114,1,326711,1,12014,4,510932,4,78704,4,764660,4,1487928,8,2008800,96,210112,24,3637,1,28336,1,2826,1,0,0,0,0,0,0,0,0,310810,1,18116,1,6152,1,0,0,0,0,0,0,0,0,3958,1,22454,1,31011,1,269118,1,15901,1,247,1,9567,1,4458,1,16148,1,9567,1,48,1,0,0,0,0,0,0,2147,1,5041,1,2379,1,0,0,243368,1,672111,1,768,1,768,1,0,1,96,1,2892,1,96,1,0,1,1,1,0,1,0,1,1,1,8,1,9,1,0,1,0,1,238,1,15901,1,0,1,0,1,4999,1,145398,1,8,1,8,1,0,1
81,5946800,4462,9566,28.87016,,0,10,8,96,39804,15460,40197,5906996,16,197,70,1,27334,1,100,1,1843846,1,357942,1,114184,1,3552167,1,11352,1,351489,1,12625,4,529869,4,84606,4,911879,4,1610739,8,2247771,96,234650,24,2976,1,29458,1,3066,1,0,0,0,0,0,0,0,0,311371,1,21202,1,5841,1,0,0,0,0,0,0,0,0,4409,1,22184,1,30460,1,294257,1,15936,1,262,1,9566,1,4462,1,16198,1,9566,1,48,1,0,0,0,0,0,0,2160,1,5037,1,2369,1,0,0,276703,1,749925,1,768,1,768,1,0,1,96,1,2892,1,96,1,0,1,1,1,0,1,0,1,1,1,8,1,17,1,0,1,0,1,245,1,15936,1,0,1,0,1,15855,1,1386,1,8,1,8,1,0,1
82,5734700,4462,9566,28.877672,,0,10,8,96,34319,9108,35327,5700381,16,199,120,1,30971,1,40,1,1830140,1,377881,1,115186,1,3333779,1,12264,1,400085,1,12034,4,512645,4,83103,4,787104,4,1492177,8,2038510,96,205443,24,3647,1,31101,1,2775,1,0,0,0,0,0,0,0,0,313485,1,35199,1,7254,1,0,0,0,0,0,0,0,0,4008,1,22715,1,30861,1,342171,1,15986,1,244,1,9566,1,4462,1,16230,1,9566,1,48,1,0,0,0,0,0,0,2292,1,5037,1,2237,1,0,0,246329,1,630498,1,768,1,768,1,0,1,96,1,2916,1,96,1,0,1,1,1,0,1,0,1,1,1,8,1,10,1,0,1,0,1,234,1,15986,1,0,1,0,1,5197,1,249381,1,8,1,8,1,0,1
83,5669300,4464,9566,28.884876,,0,10,8,96,30290,8757,33576,5639010,16,199,40,1,27243,1,40,1,1837003,1,337923,1,113543,1,3311074,1,12144,1,331590,1,11963,4,514840,4,79035,4,805320,4,1526244,8,2081833,96,216154,24,3717,1,26873,1,2735,1,0,0,0,0,0,0,0,0,295159,1,18436,1,6052,1,0,0,0,0,0,0,0,0,4228,1,22344,1,30871,1,273987,1,15984,1,257,1,9566,1,4464,1,16241,1,9566,1,48,1,0,0,0,0,0,0,2369,1,5039,1,2158,1,0,0,237805,1,725604,1,768,1,768,1,0,1,96,1,2928,1,96,1,0,1,1,1,0,1,0,1,1,1,8,1,11,1,0,1,0,1,246,1,15984,1,0,1,0,1,3844,1,232881,1,8,1,8,1,0,1
84,5631400,4460,9566,28.891674,,0,10,9,108,34963,9428,34157,5596437,16,199,100,1,27614,1,40,1,1840249,1,403151,1,117100,1,3195718,1,12464,1,366148,1,12735,4,515080,4,79165,4,739671,4,1431127,8,2124607,108,12034,12,3787,1,35790,1,2785,1,0,0,0,0,0,0,0,0,335418,1,40550,1,6312,1,0,0,0,0,0,0,0,0,3527,1,22745,1,29989,1,309687,1,16227,1,14,1,9566,1,4460,1,16241,1,9566,1,48,1,0,0,0,0,0,0,2381,1,5040,1,2145,1,0,0,213018,1,725274,1,816,1,816,1,0,1,108,1,2976,1,108,1,0,1,1,1,0,1,0,1,0,1,9,1,14,1,0,1,0,1,0,1,16227,1,0,1,0,1,4108,1,155694,1,8,1,8,1,0,1
85,5637300,4454,9564,28.89812,,0,10,8,96,30343,8627,33506,5606957,16,199,90,1,27855,1,40,1,1841131,1,349956,1,112982,1,3262729,1,12174,1,344115,1,12174,4,513377,4,78494,4,769389,4,1503138,8,2028859,96,210162,24,3637,1,27083,1,2695,1,0,0,0,0,0,0,0,0,302934,1,20610,1,8066,1,0,0,0,0,0,0,0,0,4579,1,22534,1,30490,1,286312,1,15993,1,251,1,9564,1,4454,1,16244,1,9564,1,48,1,0,0,0,0,0,0,2509,1,5047,1,2008,1,0,0,232734,1,564201,1,768,1,768,1,0,1,96,1,2928,1,96,1,0,1,1,1,0,1,0,1,1,1,8,1,7,1,0,1,0,1,244,1,15993,1,0,1,0,1,4306,1,120186,1,8,1,8,1,0,1
86,5609000,4452,9563,28.90361,,0,10,8,96,31510,8697,34036,5577490,16,199,150,1,27734,1,40,1,1845510,1,307583,1,114465,1,3269833,1,12174,1,320719,1,11973,4,515401,4,79085,4,802915,4,1495674,8,2049210,96,215342,24,3587,1,29037,1,2745,1,0,0,0,0,0,0,0,0,265912,1,18937,1,5851,1,0,0,0,0,0,0,0,0,3747,1,22374,1,30871,1,263557,1,15967,1,256,1,9563,1,4452,1,16223,1,9563,1,48,1,0,0,0,0,0,0,2540,1,5048,1,1975,1,0,0,238322,1,701217,1,768,1,768,1,0,1,96,1,2904,1,96,1,0,1,1,1,0,1,0,1,1,1,8,1,11,1,0,1,0,1,245,1,15967,1,0,1,0,1,2359,1,54285,1,8,1,8,1,0,1
87,5517600,4461,9563,28.9092,,0,10,9,108,32782,8857,35048,5484818,16,199,90,1,27344,1,40,1,1845640,1,316882,1,114234,1,3168445,1,12144,1,320709,1,12454,4,513678,4,79286,4,758538,4,1442269,8,2156090,108,9669,12,3597,1,26251,1,2806,1,0,0,0,0,0,0,0,0,275941,1,18055,1,5892,1,0,0,0,0,0,0,0,0,3878,1,22504,1,30470,1,263657,1,16229,1,11,1,9563,1,4461,1,16240,1,9563,1,48,1,0,0,0,0,0,0,2602,1,5044,1,1917,1,0,0,206307,1,843876,1,816,1,816,1,0,1,108,1,2940,1,108,1,0,1,1,1,0,1,0,1,0,1,9,1,11,1,0,1,0,1,0,1,16229,1,0,1,0,1,1831,1,627,1,8,1,8,1,0,1
88,5622300,4461,9561,28.91393,,0,10,8,96,35202,8807,32854,5587098,16,199,150,1,26642,1,40,1,1838736,1,357311,1,114244,1,3237761,1,12214,1,335288,1,12144,4,514459,4,79596,4,768768,4,1484582,8,2007738,96,212757,24,3577,1,27835,1,2705,1,0,0,0,0,0,0,0,0,315088,1,19388,1,6142,1,0,0,0,0,0,0,0,0,4238,1,22294,1,30530,1,278045,1,15969,1,254,1,9561,1,4461,1,16223,1,9561,1,48,1,0,0,0,0,0,0,2681,1,5038,1,1842,1,0,0,242579,1,568392,1,768,1,768,1,0,1,96,1,2880,1,96,1,0,1,1,1,0,1,0,1,1,1,8,1,11,1,0,1,0,1,243,1,15969,1,0,1,0,1,2689,1,207966,1,8,1,8,1,0,1
89,5633700,4461,9561,28.918192,,0,10,8,96,33616,8727,33244,5600084,16,199,60,1,27143,1,40,1,1835600,1,280620,1,115286,1,3329220,1,12114,1,341229,1,12585,4,515551,4,79225,4,804869,4,1531995,8,2109639,96,193980,24,3567,1,28656,1,2816,1,0,0,0,0,0,0,0,0,239600,1,17605,1,6453,1,0,0,0,0,0,0,0,0,3958,1,21683,1,30820,1,284568,1,16008,1,228,1,9561,1,4461,1,16236,1,9561,1,48,1,0,0,0,0,0,0,2764,1,5039,1,1758,1,0,0,255971,1,693594,1,768,1,768,1,0,1,96,1,2916,1,96,1,0,1,1,1,0,1,0,1,1,1,8,1,9,1,0,1,0,1,219,1,16008,1,0,1,0,1,2161,1,82995,1,8,1,8,1,0,1
90,5638300,4460,9560,28.922281,,0,10,8,96,37976,8847,33616,5600324,16,199,160,1,27304,1,70,1,1841522,1,298816,1,112170,1,3308189,1,12094,1,327683,1,12064,4,513337,4,78915,4,793035,4,1538367,8,2100139,96,197648,24,4058,1,29207,1,2675,1,0,0,0,0,0,0,0,0,254359,1,19017,1,6473,1,0,0,0,0,0,0,0,0,4118,1,22304,1,30410,1,270711,1,15993,1,235,1,9560,1,4460,1,16228,1,9560,1,48,1,0,0,0,0,0,0,2878,1,5039,1,1643,1,0,0,242487,1,736296,1,768,1,768,1,0,1,96,1,2928,1,96,1,0,1,1,1,0,1,0,1,1,1,8,1,8,1,0,1,0,1,227,1,15993,1,0,1,0,1,3712,1,67386,1,8,1,8,1,0,1
91,5513000,4461,9557,28.926441,,0,10,8,96,29986,8767,32673,5483014,16,199,70,1,26993,1,40,1,1842113,1,292303,1,111799,1,3197361,1,12334,1,320388,1,11963,4,514539,4,79035,4,754720,4,1475654,8,2002940,96,194762,24,3587,1,25981,1,2725,1,0,0,0,0,0,0,0,0,251002,1,17094,1,5741,1,0,0,0,0,0,0,0,0,3938,1,22184,1,30710,1,263387,1,15989,1,231,1,9557,1,4461,1,16220,1,9557,1,48,1,0,0,0,0,0,0,2930,1,5037,1,1590,1,0,0,238111,1,661188,1,768,1,768,1,0,1,96,1,2892,1,96,1,0,1,1,1,0,1,0,1,1,1,8,1,8,1,0,1,0,1,223,1,15989,1,0,1,0,1,5263,1,759,1,8,1,8,1,0,1
92,5748100,4462,9557,28.930197,,0,10,8,96,30606,8727,34146,5717494,16,199,20,1,27654,1,50,1,1836983,1,273907,1,113593,1,3452762,1,12525,1,315288,1,12174,4,512565,4,78253,4,865488,4,1622733,8,2236798,96,217276,24,3868,1,30730,1,2936,1,0,0,0,0,0,0,0,0,233728,1,17474,1,5811,1,0,0,0,0,0,0,0,0,4068,1,22454,1,30279,1,258297,1,15947,1,259,1,9557,1,4462,1,16206,1,9557,1,48,1,0,0,0,0,0,0,3016,1,5038,1,1503,1,0,0,242020,1,1053954,1,768,1,768,1,0,1,96,1,2916,1,96,1,0,1,1,1,0,1,0,1,1,1,8,1,14,1,0,1,0,1,245,1,15947,1,0,1,0,1,2986,1,112629,1,8,1,8,1,0,1
93,5694200,4459,9555,28.933605,,0,11,8,96,30111,8788,33755,5664089,16,211,10,1,26813,1,100,1,1835991,1,303265,1,115276,1,3370461,1,12174,1,346760,1,12044,4,513688,4,78454,4,801392,4,1573376,8,2120040,96,220973,36,3607,1,29598,1,2755,1,0,0,0,0,0,0,0,0,256663,1,22695,1,5461,1,0,0,0,0,0,0,0,0,3767,1,22143,1,30640,1,290029,1,15940,1,262,1,9555,1,4459,1,16202,1,9555,1,48,1,0,0,0,0,0,0,3066,1,5038,1,1451,1,0,0,245435,1,827277,1,768,1,768,1,0,1,96,1,2904,1,96,1,0,1,2,1,0,1,0,1,1,1,8,1,17,1,0,1,0,1,245,1,15940,1,0,1,0,1,4009,1,45936,1,8,1,8,1,0,1
94,5638500,4455,9554,28.936785,,0,11,8,96,30470,8767,33625,5608030,16,211,60,1,27774,1,50,1,1846502,1,299387,1,113412,1,3308549,1,12294,1,319006,1,12495,4,513467,4,78855,4,794518,4,1547756,8,2109459,96,199191,36,3607,1,27374,1,2705,1,0,0,0,0,0,0,0,0,259128,1,18005,1,5581,1,0,0,0,0,0,0,0,0,3757,1,21863,1,30810,1,262395,1,15986,1,238,1,9554,1,4455,1,16224,1,9554,1,48,1,0,0,0,0,0,0,3200,1,5040,1,1314,1,0,0,242731,1,872751,1,768,1,768,1,0,1,96,1,2928,1,96,1,0,1,2,1,0,1,0,1,1,1,8,1,14,1,0,1,0,1,224,1,15986,1,0,1,0,1,4456,1,127743,1,8,1,8,1,0,1
95,5614400,4464,9554,28.939753,,0,11,8,96,34375,8727,34566,5580025,16,211,50,1,27253,1,40,1,1839608,1,330588,1,114905,1,3255565,1,12014,1,328985,1,12024,4,514219,4,78173,4,772866,4,1507687,8,2023831,96,222156,36,3577,1,26642,1,2665,1,0,0,0,0,0,0,0,0,283737,1,23135,1,6002,1,0,0,0,0,0,0,0,0,3587,1,22474,1,30380,1,272354,1,15994,1,266,1,9554,1,4464,1,16260,1,9554,1,48,1,0,0,0,0,0,0,3227,1,5034,1,1293,1,0,0,240490,1,665577,1,768,1,768,1,0,1,96,1,2916,1,96,1,0,1,2,1,0,1,0,1,1,1,8,1,11,1,0,1,0,1,255,1,15994,1,0,1,0,1,4966,1,174108,1,8,1,8,1,0,1
96,5634100,4454,9554,28.942532,,0,11,8,96,32192,8887,35108,5601908,16,211,70,1,27103,1,40,1,1836482,1,231865,1,113703,1,3380581,1,12064,1,333835,1,12044,4,517535,4,79135,4,819477,4,1574628,8,2166831,96,192167,36,3737,1,28626,1,2675,1,0,0,0,0,0,0,0,0,191425,1,17414,1,5180,1,0,0,0,0,0,0,0,0,4018,1,21713,1,30891,1,277023,1,16034,1,229,1,9554,1,4454,1,16263,1,9554,1,48,1,0,0,0,0,0,0,3322,1,5033,1,1199,1,0,0,249681,1,857868,1,768,1,768,1,0,1,96,1,2916,1,96,1,0,1,2,1,0,1,0,1,1,1,8,1,11,1,0,1,0,1,218,1,16034,1,0,1,0,1,2062,1,17325,1,8,1,8,1,0,1
97,5681600,4453,9554,28.9452,,0,11,8,96,39604,9198,37412,5641996,16,211,140,1,30911,1,70,1,1837474,1,286983,1,113342,1,3363006,1,10070,1,319166,1,11843,4,516132,4,78985,4,811792,4,1583426,8,2165468,96,192337,36,3657,1,26071,1,2735,1,0,0,0,0,0,0,0,0,230362,1,16863,1,5340,1,0,0,0,0,0,0,0,0,4048,1,22003,1,30460,1,262445,1,16047,1,230,1,9554,1,4453,1,16277,1,9554,1,48,1,0,0,0,0,0,0,3359,1,5037,1,1158,1,0,0,228362,1,838530,1,768,1,768,1,0,1,96,1,2904,1,96,1,0,1,2,1,0,1,0,1,1,1,8,1,11,1,0,1,0,1,219,1,16047,1,0,1,0,1,15180,1,1188,1,8,1,8,1,0,1
98,5574300,4449,9553,28.947609,,0,11,8,96,30937,8637,32934,5543363,16,211,140,1,30830,1,30,1,1831071,1,271402,1,114615,1,3283290,1,11984,1,313365,1,12454,4,514389,4,78955,4,783978,4,1536093,8,2095260,96,191876,36,3637,1,28927,1,2856,1,0,0,0,0,0,0,0,0,230813,1,18436,1,5741,1,0,0,0,0,0,0,0,0,3466,1,22264,1,29788,1,257665,1,16050,1,226,1,9553,1,4449,1,16276,1,9553,1,48,1,0,0,0,0,0,0,3411,1,5039,1,1103,1,0,0,242266,1,733986,1,768,1,768,1,0,1,96,1,2928,1,96,1,0,1,2,1,0,1,0,1,1,1,8,1,12,1,0,1,0,1,214,1,16050,1,0,1,0,1,5659,1,151503,1,8,1,8,1,0,1
99,5791800,4452,9552,28.949892,,0,11,8,96,30019,8757,33675,5761781,16,211,120,1,27724,1,20,1,1840430,1,246744,1,113663,1,3520986,1,12094,1,323775,1,12454,4,516854,4,79526,4,863213,4,1682620,8,2310222,96,201936,36,3667,1,27454,1,2665,1,0,0,0,0,0,0,0,0,205393,1,18727,1,6573,1,0,0,0,0,0,0,0,0,3948,1,22204,1,30590,1,266843,1,16055,1,240,1,9552,1,4452,1,16295,1,9552,1,48,1,0,0,0,0,0,0,3488,1,5037,1,1027,1,0,0,245596,1,1223145,1,768,1,768,1,0,1,96,1,2928,1,96,1,0,1,2,1,0,1,0,1,1,1,8,1,12,1,0,1,0,1,228,1,16055,1,0,1,0,1,2326,1,133749,1,8,1,8,1,0,1
100,5958600,4462,9549,28.952118,,0,11,8,96,39891,9179,45563,5918709,16,211,160,1,30901,1,60,1,1840290,1,266523,1,116799,1,3652895,1,11082,1,325989,1,12244,4,518256,4,87692,4,922830,4,1740564,8,2401447,96,216384,36,2926,1,30440,1,2775,1,0,0,0,0,0,0,0,0,210974,1,19939,1,4900,1,0,0,0,0,0,0,0,0,4539,1,22614,1,30430,1,268186,1,16062,1,236,1,9549,1,4462,1,16298,1,9549,1,48,1,0,0,0,0,0,0,3529,1,5030,1,990,1,0,0,253433,1,807015,1,768,1,768,1,0,1,96,1,2940,1,96,1,0,1,2,1,0,1,0,1,1,1,8,1,12,1,0,1,0,1,224,1,16062,1,0,1,0,1,15660,1,1551,1,8,1,8,1,0,1
101,5563400,4454,9548,28.954184,,0,11,8,96,30187,8757,31662,5533213,16,211,100,1,30790,1,30,1,1837264,1,239480,1,113192,1,3300494,1,11863,1,328625,1,12024,4,515501,4,78714,4,795280,4,1528318,8,2102193,96,189742,36,3677,1,26943,1,2655,1,0,0,0,0,0,0,0,0,194341,1,21713,1,5841,1,0,0,0,0,0,0,0,0,4138,1,22464,1,30279,1,271593,1,16081,1,225,1,9548,1,4454,1,16306,1,9548,1,48,1,0,0,0,0,0,0,3576,1,5032,1,940,1,0,0,235590,1,676995,1,768,1,768,1,0,1,96,1,2952,1,96,1,0,1,2,1,0,1,0,1,1,1,8,1,12,1,0,1,0,1,213,1,16081,1,0,1,0,1,2854,1,83193,1,8,1,8,1,0,1
102,5536500,4455,9548,28.956179,,0,11,8,96,33206,13927,34886,5503294,16,211,160,1,30971,1,60,1,1833687,1,253868,1,113062,1,3260595,1,10891,1,314657,1,12124,4,516273,4,78334,4,778116,4,1512617,8,2076104,96,179743,36,3727,1,28095,1,2725,1,0,0,0,0,0,0,0,0,212968,1,17134,1,5431,1,0,0,0,0,0,0,0,0,5040,1,21953,1,30690,1,256774,1,16105,1,213,1,9548,1,4455,1,16318,1,9548,1,48,1,0,0,0,0,0,0,3601,1,5030,1,917,1,0,0,232015,1,696531,1,768,1,768,1,0,1,96,1,2940,1,96,1,0,1,2,1,0,1,0,1,1,1,8,1,12,1,0,1,0,1,201,1,16105,1,0,1,0,1,2852,1,123057,1,8,1,8,1,0,1
103,5619500,4460,9548,28.957949,,0,11,8,96,32622,8687,36532,5586878,16,211,160,1,30590,1,40,1,1824579,1,271042,1,114755,1,3333729,1,11984,1,323064,1,12815,4,515882,4,79426,4,823866,4,1536654,8,2121881,96,202106,36,3587,1,26963,1,2785,1,0,0,0,0,0,0,0,0,231795,1,17955,1,5350,1,0,0,0,0,0,0,0,0,3858,1,22434,1,30470,1,266132,1,16087,1,238,1,9548,1,4460,1,16325,1,9548,1,48,1,0,0,0,0,0,0,3659,1,5033,1,856,1,0,0,253758,1,650298,1,768,1,768,1,0,1,96,1,2940,1,96,1,0,1,2,1,0,1,0,1,1,1,8,1,11,1,0,1,0,1,227,1,16087,1,0,1,0,1,2986,1,171864,1,8,1,8,1,0,1
104,5596800,4463,9546,28.959707,,0,11,8,96,30192,8737,33155,5566608,16,211,100,1,27344,1,70,1,1835540,1,234971,1,115076,1,3341284,1,12224,1,324687,1,11973,4,517735,4,78674,4,803516,4,1560320,8,2146460,96,184221,36,3607,1,29358,1,2675,1,0,0,0,0,0,0,0,0,193540,1,20089,1,5200,1,0,0,0,0,0,0,0,0,3848,1,22484,1,30580,1,267575,1,16122,1,219,1,9546,1,4463,1,16341,1,9546,1,48,1,0,0,0,0,0,0,3747,1,5030,1,769,1,0,0,240987,1,869418,1,768,1,768,1,0,1,96,1,2952,1,96,1,0,1,2,1,0,1,0,1,1,1,8,1,12,1,0,1,0,1,207,1,16122,1,0,1,0,1,4455,1,13926,1,8,1,8,1,0,1
105,5554700,4462,9546,28.9613,,0,11,8,96,31256,8697,34247,5523444,16,211,80,1,27484,1,30,1,1837594,1,265320,1,114314,1,3266617,1,12004,1,316361,1,12214,4,516894,4,79496,4,784178,4,1517025,8,2068337,96,198620,36,3607,1,25400,1,2745,1,0,0,0,0,0,0,0,0,226144,1,16953,1,5280,1,0,0,0,0,0,0,0,0,3837,1,22474,1,30660,1,259218,1,16128,1,234,1,9546,1,4462,1,16362,1,9546,1,48,1,0,0,0,0,0,0,3737,1,5028,1,781,1,0,0,241867,1,661122,1,768,1,768,1,0,1,96,1,2952,1,96,1,0,1,2,1,0,1,0,1,1,1,8,1,12,1,0,1,0,1,222,1,16128,1,0,1,0,1,5758,1,182952,1,8,1,8,1,0,1
106,5541800,4463,9546,28.962826,,0,11,8,96,32795,8677,34819,5509005,16,211,70,1,27734,1,70,1,1839338,1,248177,1,114815,1,3266687,1,12114,1,329797,1,12454,4,516523,4,79155,4,793667,4,1491606,8,2056644,96,193810,36,3597,1,28386,1,2826,1,0,0,0,0,0,0,0,0,209070,1,17114,1,5481,1,0,0,0,0,0,0,0,0,4238,1,22133,1,30851,1,272384,1,16130,1,230,1,9546,1,4463,1,16360,1,9546,1,48,1,0,0,0,0,0,0,3783,1,5032,1,731,1,0,0,249814,1,720885,1,768,1,768,1,0,1,96,1,2952,1,96,1,0,1,2,1,0,1,0,1,1,1,8,1,11,1,0,1,0,1,219,1,16130,1,0,1,0,1,1798,1,142197,1,8,1,8,1,0,1
107,5604000,4465,9546,28.964285,,0,11,8,96,32492,8898,33053,5571508,16,211,170,1,26722,1,30,1,1834358,1,268036,1,117821,1,3312497,1,11873,1,322102,1,11933,4,517074,4,78935,4,799418,4,1542205,8,2121092,96,187478,36,3597,1,25540,1,2795,1,0,0,0,0,0,0,0,0,228538,1,17735,1,5471,1,0,0,0,0,0,0,0,0,4108,1,21983,1,30520,1,265290,1,16152,1,223,1,9546,1,4465,1,16375,1,9546,1,48,1,0,0,0,0,0,0,3818,1,5032,1,696,1,0,0,244051,1,743985,1,768,1,768,1,0,1,96,1,2940,1,96,1,0,1,2,1,0,1,0,1,1,1,8,1,12,1,0,1,0,1,211,1,16152,1,0,1,0,1,4504,1,219978,1,8,1,8,1,0,1
108,5580800,4465,9546,28.965742,,0,10,8,96,30544,8807,31982,5550256,16,199,160,1,27304,1,50,1,1839027,1,257004,1,115987,1,3298450,1,12274,1,309427,1,12154,4,517886,4,78985,4,805129,4,1533197,8,2118165,96,188179,24,3637,1,26502,1,2725,1,0,0,0,0,0,0,0,0,218418,1,17184,1,5070,1,0,0,0,0,0,0,0,0,4278,1,22374,1,30340,1,252235,1,16172,1,223,1,9546,1,4465,1,16395,1,9546,1,48,1,0,0,0,0,0,0,3869,1,5030,1,647,1,0,0,242590,1,832821,1,768,1,768,1,0,1,96,1,2940,1,96,1,0,1,1,1,0,1,0,1,1,1,8,1,8,1,0,1,0,1,215,1,16172,1,0,1,0,1,4603,1,258357,1,8,1,8,1,0,1
109,5529500,4465,9546,28.967031,,0,11,8,96,32849,8747,32514,5496651,16,211,150,1,27143,1,20,1,1847945,1,196786,1,114665,1,3297778,1,12164,1,313424,1,12134,4,518246,4,78775,4,800680,4,1532466,8,2115218,96,185414,36,3577,1,26953,1,2775,1,0,0,0,0,0,0,0,0,156808,1,18746,1,5210,1,0,0,0,0,0,0,0,0,3216,1,22314,1,29879,1,257856,1,16175,1,221,1,9546,1,4465,1,16396,1,9546,1,48,1,0,0,0,0,0,0,3888,1,5028,1,630,1,0,0,239472,1,737946,1,768,1,768,1,0,1,96,1,2952,1,96,1,0,1,2,1,0,1,0,1,1,1,8,1,12,1,0,1,0,1,209,1,16175,1,0,1,0,1,4339,1,55044,1,8,1,8,1,0,1
110,5577200,4466,9546,28.968155,,0,11,8,96,33046,8637,33844,5544154,16,211,10,1,26913,1,30,1,1839017,1,218909,1,114054,1,3333248,1,11973,1,319817,1,12204,4,518317,4,78504,4,804077,4,1556763,8,2133868,96,193129,36,4038,1,28115,1,2775,1,0,0,0,0,0,0,0,0,179723,1,17063,1,5711,1,0,0,0,0,0,0,0,0,4088,1,22083,1,30790,1,262675,1,16180,1,229,1,9546,1,4466,1,16409,1,9546,1,48,1,0,0,0,0,0,0,3864,1,5029,1,653,1,0,0,241996,1,842919,1,768,1,768,1,0,1,96,1,2928,1,96,1,0,1,2,1,0,1,0,1,1,1,8,1,16,1,0,1,0,1,213,1,16180,1,0,1,0,1,4735,1,61380,1,8,1,8,1,0,1
111,5534500,4468,9546,28.969242,,0,10,8,96,33140,8717,33235,5501360,16,199,60,1,26722,1,40,1,1847113,1,227326,1,113893,1,3274292,1,11913,1,326400,1,11994,4,519810,4,78975,4,788186,4,1508459,8,2072936,96,190474,24,3597,1,25440,1,2715,1,0,0,0,0,0,0,0,0,187448,1,17815,1,5391,1,0,0,0,0,0,0,0,0,4128,1,22244,1,30951,1,268897,1,16186,1,226,1,9546,1,4468,1,16412,1,9546,1,48,1,0,0,0,0,0,0,3936,1,5032,1,578,1,0,0,249292,1,771276,1,768,1,768,1,0,1,96,1,2940,1,96,1,0,1,1,1,0,1,0,1,1,1,8,1,8,1,0,1,0,1,218,1,16186,1,0,1,0,1,2706,1,66495,1,8,1,8,1,0,1
112,5560800,4464,9546,28.970312,,0,10,8,96,32226,8587,33416,5528574,16,199,50,1,27273,1,20,1,1837765,1,199912,1,113503,1,3338117,1,11933,1,312603,1,12174,4,519739,4,79045,4,807153,4,1564238,8,2139646,96,198329,24,3707,1,28185,1,2685,1,0,0,0,0,0,0,0,0,161447,1,17274,1,5972,1,0,0,0,0,0,0,0,0,3637,1,22033,1,30289,1,256443,1,16182,1,236,1,9546,1,4464,1,16418,1,9546,1,48,1,0,0,0,0,0,0,3947,1,5033,1,566,1,0,0,252090,1,779724,1,768,1,768,1,0,1,96,1,2952,1,96,1,0,1,1,1,0,1,0,1,1,1,8,1,15,1,0,1,0,1,221,1,16182,1,0,1,0,1,5032,1,22407,1,8,1,8,1,0,1
113,5517500,4466,9546,28.971327,,0,10,8,96,31370,8527,33165,5486130,16,199,140,1,27183,1,50,1,1839017,1,208329,1,115887,1,3282679,1,12845,1,314958,1,12174,4,519930,4,78554,4,790581,4,1525632,8,2090831,96,192217,24,3597,1,25971,1,2755,1,0,0,0,0,0,0,0,0,170394,1,17554,1,5431,1,0,0,0,0,0,0,0,0,3857,1,22284,1,30510,1,258146,1,16199,1,229,1,9546,1,4466,1,16428,1,9546,1,48,1,0,0,0,0,0,0,4003,1,5032,1,511,1,0,0,243904,1,769395,1,768,1,768,1,0,1,96,1,2940,1,96,1,0,1,1,1,0,1,0,1,1,1,8,1,15,1,0,1,0,1,214,1,16199,1,0,1,0,1,4867,1,72402,1,8,1,8,1,0,1
114,5650300,4467,9546,28.972305,,0,11,8,96,33513,9218,39756,5616787,16,211,150,1,30840,1,70,1,1845199,1,197497,1,114695,1,3417112,1,11222,1,306962,1,12114,4,519038,4,79025,4,836270,4,1620899,8,2227781,96,189632,36,3677,1,26783,1,3126,1,0,0,0,0,0,0,0,0,157729,1,17174,1,5300,1,0,0,0,0,0,0,0,0,4399,1,21622,1,30209,1,250491,1,16214,1,225,1,9546,1,4467,1,16439,1,9546,1,48,1,0,0,0,0,0,0,4036,1,5033,1,477,1,0,0,248417,1,862488,1,768,1,768,1,0,1,96,1,2964,1,96,1,0,1,2,1,0,1,0,1,1,1,8,1,16,1,0,1,0,1,209,1,16214,1,0,1,0,1,2573,1,59103,1,8,1,8,1,0,1
115,5598600,4467,9546,28.97322,,0,10,8,96,29888,8847,33004,5568712,16,199,170,1,30340,1,40,1,1834879,1,247185,1,116138,1,3327927,1,12034,1,323875,1,11994,4,519569,4,79265,4,799709,4,1548808,8,2129247,96,186265,24,3617,1,29448,1,2795,1,0,0,0,0,0,0,0,0,205323,1,19829,1,5611,1,0,0,0,0,0,0,0,0,4258,1,22033,1,30620,1,266783,1,16213,1,223,1,9546,1,4467,1,16436,1,9546,1,48,1,0,0,0,0,0,0,4034,1,5033,1,479,1,0,0,239218,1,906873,1,768,1,768,1,0,1,96,1,2964,1,96,1,0,1,1,1,0,1,0,1,1,1,8,1,12,1,0,1,0,1,211,1,16213,1,0,1,0,1,2854,1,249909,1,8,1,8,1,0,1
116,5572800,4465,9546,28.974094,,0,10,8,96,30159,8577,34126,5542641,16,199,100,1,27284,1,40,1,1831713,1,219270,1,113132,1,3338719,1,12384,1,314457,1,11883,4,521132,4,78474,4,818265,4,1550982,8,2154066,96,181055,24,3567,1,28606,1,2775,1,0,0,0,0,0,0,0,0,182188,1,17304,1,5471,1,0,0,0,0,0,0,0,0,3757,1,22424,1,30820,1,257275,1,16222,1,217,1,9546,1,4465,1,16439,1,9546,1,48,1,0,0,0,0,0,0,4077,1,5031,1,438,1,0,0,239693,1,907962,1,768,1,768,1,0,1,96,1,2952,1,96,1,0,1,1,1,0,1,0,1,1,1,8,1,12,1,0,1,0,1,205,1,16222,1,0,1,0,1,5494,1,116952,1,8,1,8,1,0,1
117,5630200,4465,9546,28.974928,,0,10,8,96,32010,8727,33555,5598190,16,199,20,1,27223,1,40,1,1834749,1,185313,1,114875,1,3423795,1,12174,1,320579,1,12935,4,520080,4,79556,4,833825,4,1616180,8,2220837,96,195614,24,3627,1,25510,1,2775,1,0,0,0,0,0,0,0,0,145906,1,19308,1,5361,1,0,0,0,0,0,0,0,0,3557,1,22484,1,30800,1,263567,1,16227,1,234,1,9546,1,4465,1,16461,1,9546,1,48,1,0,0,0,0,0,0,4129,1,5034,1,383,1,0,0,248463,1,889911,1,768,1,768,1,0,1,96,1,2952,1,96,1,0,1,1,1,0,1,0,1,1,1,8,1,15,1,0,1,0,1,219,1,16227,1,0,1,0,1,2557,1,84084,1,8,1,8,1,0,1
118,5608800,4466,9546,28.975708,,0,10,8,96,30980,8887,32234,5577820,16,199,70,1,27694,1,40,1,1842995,1,235051,1,113162,1,3346814,1,11994,1,329677,1,12114,4,518928,4,78544,4,797705,4,1565080,8,2133434,96,197117,24,3677,1,29388,1,2816,1,0,0,0,0,0,0,0,0,195153,1,18216,1,5350,1,0,0,0,0,0,0,0,0,3417,1,22234,1,30700,1,273126,1,16226,1,236,1,9546,1,4466,1,16462,1,9546,1,48,1,0,0,0,0,0,0,4106,1,5035,1,405,1,0,0,253632,1,809820,1,768,1,768,1,0,1,96,1,2940,1,96,1,0,1,1,1,0,1,0,1,1,1,8,1,12,1,0,1,0,1,224,1,16226,1,0,1,0,1,3085,1,201069,1,8,1,8,1,0,1
119,5601800,4467,9546,28.97645,,0,11,8,96,30953,8637,35610,5570847,16,211,110,1,27103,1,40,1,1838696,1,186345,1,112881,1,3393666,1,12004,1,320899,1,12054,4,521112,4,79185,4,833234,4,1586983,8,2181890,96,202718,36,3607,1,25219,1,2735,1,0,0,0,0,0,0,0,0,148361,1,17484,1,5030,1,0,0,0,0,0,0,0,0,3958,1,22153,1,30690,1,263918,1,16229,1,243,1,9546,1,4467,1,16472,1,9546,1,48,1,0,0,0,0,0,0,4159,1,5036,1,351,1,0,0,245178,1,929610,1,768,1,768,1,0,1,96,1,2964,1,96,1,0,1,2,1,0,1,0,1,1,1,8,1,19,1,0,1,0,1,224,1,16229,1,0,1,0,1,4405,1,11946,1,8,1,8,1,0,1
120,5639500,4463,9546,28.977146,,0,10,8,96,30739,8817,32564,5608761,16,199,130,1,27554,1,50,1,1846412,1,204782,1,114004,1,3403245,1,12585,1,308104,1,12034,4,520100,4,79296,4,834908,4,1606321,8,2218882,96,189782,24,3567,1,27223,1,2876,1,0,0,0,0,0,0,0,0,167088,1,16903,1,5481,1,0,0,0,0,0,0,0,0,3687,1,22123,1,30540,1,251553,1,16244,1,226,1,9546,1,4463,1,16470,1,9546,1,48,1,0,0,0,0,0,0,4175,1,5037,1,334,1,0,0,250310,1,957660,1,768,1,768,1,0,1,96,1,2988,1,96,1,0,1,1,1,0,1,0,1,1,1,8,1,12,1,0,1,0,1,214,1,16244,1,0,1,0,1,1666,1,142329,1,8,1,8,1,0,1
121,5566700,4463,9546,28.977818,,0,10,8,96,30030,8657,32823,5536670,16,199,190,1,27133,1,40,1,1835691,1,221775,1,114084,1,3325342,1,12414,1,314587,1,12084,4,519639,4,78845,4,799688,4,1559739,8,2130229,96,196375,24,3597,1,25761,1,2745,1,0,0,0,0,0,0,0,0,183841,1,17805,1,5090,1,0,0,0,0,0,0,0,0,3858,1,22304,1,30861,1,257385,1,16247,1,236,1,9546,1,4463,1,16483,1,9546,1,48,1,0,0,0,0,0,0,4189,1,5040,1,317,1,0,0,249095,1,679173,1,768,1,768,1,0,1,96,1,2964,1,96,1,0,1,1,1,0,1,0,1,1,1,8,1,12,1,0,1,0,1,224,1,16247,1,0,1,0,1,4669,1,201267,1,8,1,8,1,0,1
122,5593800,4462,9546,28.978441,,0,10,8,96,34386,8687,32873,5559414,16,199,80,1,27684,1,40,1,1835179,1,185364,1,113733,1,3385360,1,11973,1,322262,1,11763,4,520761,4,79015,4,829677,4,1580340,8,2176520,96,200624,24,3647,1,26502,1,2705,1,0,0,0,0,0,0,0,0,147980,1,16903,1,4950,1,0,0,0,0,0,0,0,0,4268,1,22163,1,30921,1,264739,1,16238,1,241,1,9546,1,4462,1,16479,1,9546,1,48,1,0,0,0,0,0,0,4197,1,5043,1,306,1,0,0,243080,1,909051,1,768,1,768,1,0,1,96,1,2940,1,96,1,0,1,1,1,0,1,0,1,1,1,8,1,12,1,0,1,0,1,229,1,16238,1,0,1,0,1,3052,1,13926,1,8,1,8,1,0,1
123,5609000,4463,9546,28.979033,,0,11,8,96,33434,9098,37813,5575566,16,211,150,1,30640,1,70,1,1850910,1,194111,1,114785,1,3373647,1,11252,1,322292,1,12184,4,520862,4,79065,4,825309,4,1570591,8,2162974,96,195113,36,3938,1,27504,1,2806,1,0,0,0,0,0,0,0,0,146768,1,21001,1,5230,1,0,0,0,0,0,0,0,0,3456,1,22254,1,29678,1,266743,1,16249,1,233,1,9546,1,4463,1,16482,1,9546,1,48,1,0,0,0,0,0,0,4235,1,5044,1,267,1,0,0,235009,1,838233,1,768,1,768,1,0,1,96,1,2952,1,96,1,0,1,2,1,0,1,0,1,1,1,8,1,20,1,0,1,0,1,213,1,16249,1,0,1,0,1,3252,1,87285,1,8,1,8,1,0,1
124,5560100,4462,9546,28.979574,,0,11,8,96,30705,8777,32764,5529395,16,211,140,1,30951,1,40,1,1827494,1,180093,1,113463,1,3365441,1,11773,1,314457,1,11973,4,519800,4,78644,4,819948,4,1577955,8,2175077,96,190063,36,3617,1,27544,1,2725,1,0,0,0,0,0,0,0,0,142459,1,17434,1,4829,1,0,0,0,0,0,0,0,0,3958,1,22133,1,30370,1,257826,1,16255,1,228,1,9546,1,4462,1,16483,1,9546,1,48,1,0,0,0,0,0,0,4251,1,5044,1,251,1,0,0,247752,1,870837,1,768,1,768,1,0,1,96,1,2964,1,96,1,0,1,2,1,0,1,0,1,1,1,8,1,20,1,0,1,0,1,208,1,16255,1,0,1,0,1,3712,1,5808,1,8,1,8,1,0,1
125,5610700,4463,9546,28.98009,,0,11,8,96,34834,8777,33355,5575866,16,211,60,1,27203,1,40,1,1835761,1,219811,1,114715,1,3366553,1,11723,1,318675,1,12114,4,518467,4,78845,4,830409,4,1567515,8,2163844,96,200724,36,3657,1,25420,1,2675,1,0,0,0,0,0,0,0,0,182799,1,17174,1,5000,1,0,0,0,0,0,0,0,0,3587,1,22033,1,30730,1,262154,1,16247,1,240,1,9546,1,4463,1,16487,1,9546,1,48,1,0,0,0,0,0,0,4274,1,5044,1,228,1,0,0,242047,1,968418,1,768,1,768,1,0,1,96,1,2940,1,96,1,0,1,2,1,0,1,0,1,1,1,8,1,20,1,0,1,0,1,220,1,16247,1,0,1,0,1,6121,1,167211,1,8,1,8,1,0,1
126,5649000,4466,9546,28.980558,,0,11,8,96,29819,8777,33215,5619181,16,211,150,1,27895,1,60,1,1840069,1,195634,1,114274,1,3429006,1,12094,1,316000,1,12154,4,533587,4,79075,4,833535,4,1609898,8,2203633,96,206585,36,3697,1,29608,1,2675,1,0,0,0,0,0,0,0,0,153551,1,20751,1,5651,1,0,0,0,0,0,0,0,0,3867,1,22394,1,30039,1,259539,1,16264,1,246,1,9546,1,4466,1,16510,1,9546,1,48,1,0,0,0,0,0,0,4250,1,5043,1,253,1,0,0,246752,1,949080,1,768,1,768,1,0,1,96,1,2952,1,96,1,0,1,2,1,0,1,0,1,1,1,8,1,20,1,0,1,0,1,226,1,16264,1,0,1,0,1,2062,1,146586,1,8,1,8,1,0,1
127,5547700,4466,9546,28.98101,,0,11,8,96,28354,8847,33927,5519346,16,211,130,1,26572,1,40,1,1834218,1,179412,1,114655,1,3352395,1,11923,1,313315,1,11984,4,520301,4,78704,4,806873,4,1580720,8,2142642,96,211024,36,3637,1,25330,1,2685,1,0,0,0,0,0,0,0,0,140926,1,18516,1,4950,1,0,0,0,0,0,0,0,0,3737,1,23065,1,30620,1,255722,1,16262,1,252,1,9546,1,4466,1,16514,1,9546,1,48,1,0,0,0,0,0,0,4294,1,5042,1,210,1,0,0,242528,1,808632,1,768,1,768,1,0,1,96,1,2952,1,96,1,0,1,2,1,0,1,0,1,1,1,8,1,20,1,0,1,0,1,232,1,16262,1,0,1,0,1,3745,1,26730,1,8,1,8,1,0,1
128,5616800,4468,9546,28.981445,,0,11,8,96,32036,9308,33726,5584764,16,211,30,1,26722,1,40,1,1839668,1,197016,1,114976,1,3394237,1,12074,1,308124,1,12024,4,521443,4,79085,4,830188,4,1600639,8,2188563,96,208539,36,3587,1,26833,1,3006,1,0,0,0,0,0,0,0,0,160395,1,16803,1,4980,1,0,0,0,0,0,0,0,0,3757,1,22143,1,30700,1,251293,1,16271,1,247,1,9546,1,4468,1,16518,1,9546,1,48,1,0,0,0,0,0,0,4315,1,5042,1,189,1,0,0,243994,1,813714,1,768,1,768,1,0,1,96,1,2964,1,96,1,0,1,2,1,0,1,0,1,1,1,8,1,20,1,0,1,0,1,227,1,16271,1,0,1,0,1,4075,1,99429,1,8,1,8,1,0,1
129,5675800,4465,9546,28.981846,,0,11,8,96,34766,13336,35809,5641034,16,211,150,1,31161,1,70,1,1853475,1,180574,1,114214,1,3450578,1,10811,1,328274,1,12555,4,521353,4,79436,4,841250,4,1621841,8,2225988,96,201295,36,3697,1,26171,1,2665,1,0,0,0,0,0,0,0,0,140355,1,17705,1,4930,1,0,0,0,0,0,0,0,0,3747,1,21883,1,30530,1,271943,1,16277,1,243,1,9546,1,4465,1,16520,1,9546,1,48,1,0,0,0,0,0,0,4342,1,5041,1,163,1,0,0,244716,1,918984,1,768,1,768,1,0,1,96,1,2952,1,96,1,0,1,2,1,0,1,0,1,1,1,8,1,24,1,0,1,0,1,219,1,16277,1,0,1,0,1,15510,1,64614,1,8,1,8,1,0,1
130,5509200,4468,9546,28.982235,,0,11,8,96,29903,8727,35169,5479297,16,211,80,1,30851,1,50,1,1828617,1,173310,1,113683,1,3320874,1,11833,1,310259,1,12214,4,520661,4,78764,4,801913,4,1554289,8,2129036,96,191997,36,3557,1,27835,1,2655,1,0,0,0,0,0,0,0,0,135516,1,17284,1,5020,1,0,0,0,0,0,0,0,0,4058,1,22173,1,31201,1,252636,1,16294,1,233,1,9546,1,4468,1,16527,1,9546,1,48,1,0,0,0,0,0,0,4301,1,5041,1,204,1,0,0,240799,1,867636,1,768,1,768,1,0,1,96,1,2964,1,96,1,0,1,2,1,0,1,0,1,1,1,8,1,24,1,0,1,0,1,209,1,16294,1,0,1,0,1,2425,1,18447,1,8,1,8,1,0,1
131,5627700,4466,9546,28.982603,,0,10,8,96,32706,9599,38004,5594994,16,199,140,1,30891,1,60,1,1835300,1,171326,1,113322,1,3432993,1,10961,1,314416,1,11953,4,519709,4,79035,4,846059,4,1619096,8,2237529,96,189622,24,3717,1,26662,1,2745,1,0,0,0,0,0,0,0,0,134364,1,16462,1,4629,1,0,0,0,0,0,0,0,0,4639,1,21883,1,31001,1,256673,1,16315,1,230,1,9546,1,4466,1,16545,1,9546,1,48,1,0,0,0,0,0,0,4355,1,5041,1,150,1,0,0,238894,1,916179,1,768,1,768,1,0,1,96,1,2964,1,96,1,0,1,1,1,0,1,0,1,1,1,8,1,16,1,0,1,0,1,214,1,16315,1,0,1,0,1,3116,1,12375,1,8,1,8,1,0,1
132,5607900,4467,9546,28.982958,,0,10,8,96,31743,8717,32995,5576157,16,199,90,1,31552,1,50,1,1835941,1,156727,1,113743,1,3425980,1,12074,1,324637,1,12084,4,520511,4,79145,4,835719,4,1611641,8,2229422,96,184943,24,3597,1,27263,1,2665,1,0,0,0,0,0,0,0,0,120166,1,17063,1,4960,1,0,0,0,0,0,0,0,0,4028,1,22254,1,30490,1,267725,1,16329,1,224,1,9546,1,4467,1,16553,1,9546,1,48,1,0,0,0,0,0,0,4360,1,5042,1,144,1,0,0,252401,1,939081,1,768,1,768,1,0,1,96,1,2964,1,96,1,0,1,1,1,0,1,0,1,1,1,8,1,16,1,0,1,0,1,208,1,16329,1,0,1,0,1,2095,1,17556,1,8,1,8,1,0,1
133,5565000,4465,9546,28.983284,,0,10,8,96,31517,8787,33244,5533483,16,199,50,1,27183,1,40,1,1832013,1,186045,1,113182,1,3363166,1,11803,1,318374,1,12244,4,520791,4,78945,4,808486,4,1584949,8,2172332,96,187858,24,3667,1,24228,1,2695,1,0,0,0,0,0,0,0,0,149613,1,16823,1,4960,1,0,0,0,0,0,0,0,0,3967,1,22194,1,30820,1,261232,1,16326,1,227,1,9546,1,4465,1,16553,1,9546,1,48,1,0,0,0,0,0,0,4361,1,5042,1,143,1,0,0,247110,1,875820,1,768,1,768,1,0,1,96,1,2964,1,96,1,0,1,1,1,0,1,0,1,1,1,8,1,16,1,0,1,0,1,211,1,16326,1,0,1,0,1,4207,1,124773,1,8,1,8,1,0,1
134,5836000,4464,9546,28.983583,,0,10,8,96,31600,8958,38434,5804400,16,199,40,1,27454,1,40,1,1838626,1,185313,1,112681,1,3628412,1,11833,1,305589,1,12104,4,545069,4,78494,4,900396,4,1742963,8,2412849,96,192077,24,3727,1,28326,1,2785,1,0,0,0,0,0,0,0,0,149784,1,17104,1,4920,1,0,0,0,0,0,0,0,0,3677,1,22073,1,30430,1,249229,1,16330,1,223,1,9546,1,4464,1,16553,1,9546,1,48,1,0,0,0,0,0,0,4358,1,5042,1,146,1,0,0,259352,1,1081393,1,768,1,768,1,0,1,96,1,2976,1,96,1,0,1,1,1,0,1,0,1,1,1,8,1,16,1,0,1,0,1,207,1,16330,1,0,1,0,1,3829,1,58971,1,8,1,8,1,0,1
135,5846900,4468,9546,28.98386,,0,10,8,96,32456,8797,38292,5814444,16,199,140,1,30610,1,40,1,1835049,1,196275,1,112050,1,3628397,1,11883,1,317292,1,11953,4,521583,4,80748,4,916888,4,1737488,8,2410441,96,205643,24,3657,1,26913,1,3076,1,0,0,0,0,0,0,0,0,155435,1,20170,1,5200,1,0,0,0,0,0,0,0,0,3968,1,22414,1,30039,1,260711,1,16320,1,233,1,9546,1,4468,1,16553,1,9546,1,48,1,0,0,0,0,0,0,4365,1,5040,1,141,1,0,0,250643,1,925320,1,768,1,768,1,0,1,96,1,2976,1,96,1,0,1,1,1,0,1,0,1,1,1,8,1,16,1,0,1,0,1,217,1,16320,1,0,1,0,1,4027,1,48444,1,8,1,8,1,0,1
136,5810000,4468,9546,28.984129,,0,11,8,96,30785,8938,36039,5779215,16,211,40,1,27263,1,40,1,1835149,1,202096,1,113052,1,3589621,1,11953,1,313184,1,13186,4,523627,4,78805,4,900787,4,1715244,8,2380882,96,199111,36,4028,1,29027,1,2795,1,0,0,0,0,0,0,0,0,163791,1,19298,1,4860,1,0,0,0,0,0,0,0,0,3357,1,22274,1,30179,1,257174,1,16322,1,228,1,9546,1,4468,1,16550,1,9546,1,48,1,0,0,0,0,0,0,4365,1,5039,1,142,1,0,0,249134,1,1080387,1,768,1,768,1,0,1,96,1,2940,1,96,1,0,1,2,1,0,1,0,1,1,1,8,1,20,1,0,1,0,1,208,1,16322,1,0,1,0,1,2509,1,63459,1,8,1,8,1,0,1
137,5799400,4466,9546,28.984394,,0,10,8,96,31607,9048,33696,5767793,16,199,200,1,27344,1,60,1,1847343,1,181736,1,114905,1,3583659,1,12545,1,326070,1,12174,4,523777,4,79135,4,906879,4,1689353,8,2379247,96,183290,24,3657,1,30400,1,3166,1,0,0,0,0,0,0,0,0,138421,1,23165,1,5280,1,0,0,0,0,0,0,0,0,3226,1,22464,1,30029,1,270160,1,16331,1,221,1,9546,1,4466,1,16552,1,9546,1,48,1,0,0,0,0,0,0,4410,1,5037,1,99,1,0,0,254763,1,1080882,1,768,1,768,1,0,1,96,1,2952,1,96,1,0,1,1,1,0,1,0,1,1,1,8,1,12,1,0,1,0,1,209,1,16331,1,0,1,0,1,2674,1,80850,1,8,1,8,1,0,1
138,5698400,4469,9546,28.984627,,0,10,8,96,32497,14849,35509,5665903,16,199,150,1,31432,1,80,1,1838416,1,188620,1,115527,1,3480797,1,10881,1,346760,1,12585,4,522705,4,81710,4,833555,4,1628133,8,2237479,96,188700,24,3828,1,33977,1,2695,1,0,0,0,0,0,0,0,0,138001,1,28827,1,5020,1,0,0,0,0,0,0,0,0,4158,1,22073,1,29969,1,290380,1,16323,1,228,1,9546,1,4469,1,16551,1,9546,1,48,1,0,0,0,0,0,0,4390,1,5036,1,120,1,0,0,244231,1,960564,1,768,1,768,1,0,1,96,1,2976,1,96,1,0,1,1,1,0,1,0,1,1,1,8,1,12,1,0,1,0,1,216,1,16323,1,0,1,0,1,15543,1,30426,1,8,1,8,1,0,1
139,5568100,4467,9545,28.984867,,0,10,8,96,31160,8807,37403,5536940,16,199,180,1,31151,1,50,1,1833336,1,176877,1,113633,1,3369799,1,11913,1,319487,1,12404,4,520441,4,78604,4,807714,4,1590239,8,2175227,96,185323,24,3617,1,25730,1,2755,1,0,0,0,0,0,0,0,0,141077,1,17043,1,4779,1,0,0,0,0,0,0,0,0,4198,1,22334,1,30590,1,262194,1,16329,1,224,1,9545,1,4467,1,16553,1,9545,1,48,1,0,0,0,0,0,0,4404,1,5036,1,105,1,0,0,249922,1,752565,1,768,1,768,1,0,1,96,1,2976,1,96,1,0,1,1,1,0,1,0,1,1,1,8,1,12,1,0,1,0,1,212,1,16329,1,0,1,0,1,2491,1,84183,1,8,1,8,1,0,1
140,5608800,4466,9545,28.985088,,0,10,8,96,31701,9088,35709,5577099,16,199,150,1,31181,1,60,1,1843305,1,173671,1,113382,1,3404047,1,11302,1,316851,1,11793,4,521052,4,79606,4,840979,4,1590199,8,2208533,96,186937,24,3707,1,27965,1,2806,1,0,0,0,0,0,0,0,0,135716,1,18336,1,4719,1,0,0,0,0,0,0,0,0,4439,1,21923,1,30500,1,259739,1,16316,1,226,1,9545,1,4466,1,16542,1,9545,1,48,1,0,0,0,0,0,0,4422,1,5037,1,86,1,0,0,234869,1,980034,1,768,1,768,1,0,1,96,1,2976,1,96,1,0,1,1,1,0,1,0,1,1,1,8,1,15,1,0,1,0,1,211,1,16316,1,0,1,0,1,3945,1,31053,1,8,1,8,1,0,1
141,5597700,4466,9545,28.985296,,0,10,8,96,32324,9128,35188,5565376,16,199,180,1,30810,1,60,1,1835360,1,157930,1,112451,1,3416691,1,11893,1,307784,1,11823,4,521212,4,79556,4,832032,4,1623504,8,2232950,96,187398,24,3607,1,25229,1,2816,1,0,0,0,0,0,0,0,0,121629,1,16933,1,5010,1,0,0,0,0,0,0,0,0,3928,1,21993,1,30400,1,251223,1,16320,1,226,1,9545,1,4466,1,16546,1,9545,1,48,1,0,0,0,0,0,0,4420,1,5037,1,88,1,0,0,241672,1,940995,1,768,1,768,1,0,1,96,1,2976,1,96,1,0,1,1,1,0,1,0,1,1,1,8,1,15,1,0,1,0,1,211,1,16320,1,1,1,0,1,2095,1,74448,1,8,1,8,1,0,1
142,5559500,4466,9545,28.985493,,0,10,8,96,30315,8777,34507,5529185,16,199,110,1,27444,1,40,1,1840670,1,168300,1,113893,1,3366503,1,12224,1,309427,1,12334,4,520781,4,79015,4,811973,4,1589928,8,2180067,96,187327,24,3637,1,27935,1,2695,1,0,0,0,0,0,0,0,0,131728,1,16973,1,4789,1,0,0,0,0,0,0,0,0,3557,1,22404,1,31141,1,252135,1,16329,1,223,1,9545,1,4466,1,16552,1,9545,1,48,1,0,0,0,0,0,0,4417,1,5037,1,91,1,0,0,245962,1,752697,1,768,1,768,1,0,1,96,1,2964,1,96,1,0,1,1,1,0,1,0,1,1,1,8,1,16,1,0,1,0,1,207,1,16329,1,0,1,0,1,2821,1,693,1,8,1,8,1,0,1
143,5606400,4468,9545,28.98568,,0,10,8,96,33299,12675,35508,5573101,16,199,150,1,30630,1,60,1,1840801,1,169242,1,113903,1,3407373,1,10941,1,313966,1,12074,4,521944,4,79406,4,840328,4,1594858,8,2212431,96,187247,24,3677,1,25690,1,2755,1,0,0,0,0,0,0,0,0,130667,1,17825,1,5120,1,0,0,0,0,0,0,0,0,4238,1,21903,1,30851,1,256784,1,16324,1,226,1,9545,1,4468,1,16550,1,9545,1,48,1,0,0,0,0,0,0,4422,1,5038,1,85,1,0,0,241344,1,904695,1,768,1,768,1,0,1,96,1,2964,1,96,1,0,1,1,1,0,1,0,1,1,1,8,1,15,1,0,1,0,1,211,1,16324,1,0,1,0,1,3035,1,1716,1,8,1,8,1,0,1
144,5565000,4471,9545,28.985857,,0,10,8,96,30775,8707,32473,5534225,16,199,150,1,30680,1,40,1,1833646,1,143792,1,113873,1,3400249,1,11793,1,328905,1,11703,4,521803,4,78815,4,822363,4,1595279,8,2190366,96,194802,24,3627,1,26282,1,2765,1,0,0,0,0,0,0,0,0,108373,1,16873,1,4569,1,0,0,0,0,0,0,0,0,4158,1,22264,1,31071,1,271212,1,16320,1,236,1,9545,1,4471,1,16556,1,9545,1,48,1,0,0,0,0,0,0,4439,1,5037,1,69,1,0,0,259026,1,878361,1,768,1,768,1,0,1,96,1,2964,1,96,1,0,1,1,1,0,1,0,1,1,1,8,1,15,1,0,1,0,1,221,1,16320,1,0,1,0,1,2722,1,6072,1,8,1,8,1,0,1
145,5755300,4470,9545,28.986025,,0,10,8,96,34078,8757,38895,5721222,16,199,60,1,27284,1,40,1,1841632,1,166487,1,116048,1,3557698,1,11973,1,321511,1,12625,4,526212,4,80217,4,868534,4,1702619,8,2318759,96,213499,24,3988,1,29548,1,3687,1,0,0,0,0,0,0,0,0,130716,1,17304,1,4659,1,0,0,0,0,0,0,0,0,3998,1,22394,1,31031,1,263888,1,16316,1,243,1,9545,1,4470,1,16559,1,9545,1,48,1,0,0,0,0,0,0,4440,1,5038,1,67,1,0,0,267248,1,702207,1,768,1,768,1,0,1,96,1,3000,1,96,1,0,1,1,1,0,1,0,1,1,1,8,1,16,1,0,1,0,1,227,1,16316,1,0,1,0,1,3366,1,18843,1,8,1,8,1,0,1
146,5617300,4468,9545,28.986183,,0,10,8,96,32045,8737,33476,5585255,16,199,110,1,26722,1,80,1,1839448,1,182007,1,114905,1,3410018,1,11963,1,342852,1,12354,4,522856,4,79516,4,835679,4,1569478,8,2174625,96,197057,24,3557,1,32223,1,2765,1,0,0,0,0,0,0,0,0,136297,1,26422,1,4809,1,0,0,0,0,0,0,0,0,3627,1,22484,1,30500,1,286041,1,16315,1,237,1,9545,1,4468,1,16552,1,9545,1,48,1,0,0,0,0,0,0,4440,1,5039,1,66,1,0,0,247629,1,910041,1,768,1,768,1,0,1,96,1,2988,1,96,1,0,1,1,1,0,1,0,1,1,1,8,1,15,1,0,1,0,1,222,1,16315,1,0,1,0,1,3514,1,70653,1,8,1,8,1,0,1
147,5582200,4467,9545,28.98633,,0,10,8,96,30842,8727,33595,5551358,16,199,50,1,27394,1,40,1,1840290,1,141628,1,113463,1,3416371,1,12124,1,319687,1,12174,4,521262,4,78775,4,830339,4,1614106,8,2225856,96,184993,24,3557,1,25059,1,2685,1,0,0,0,0,0,0,0,0,106078,1,18466,1,4529,1,0,0,0,0,0,0,0,0,4068,1,22364,1,30730,1,262325,1,16336,1,224,1,9545,1,4467,1,16560,1,9545,1,48,1,0,0,0,0,0,0,4457,1,5039,1,49,1,0,0,247663,1,879714,1,768,1,768,1,0,1,96,1,2988,1,96,1,0,1,1,1,0,1,0,1,1,1,8,1,16,1,0,1,0,1,208,1,16336,1,0,1,0,1,2557,1,12474,1,8,1,8,1,0,1
148,5531300,4465,9545,28.98647,,0,10,8,96,31673,8797,32683,5499627,16,199,80,1,27614,1,30,1,1850379,1,168941,1,112561,1,3328048,1,11973,1,309998,1,11963,4,520972,4,78604,4,801232,4,1563176,8,2147323,96,184402,24,3617,1,27023,1,2665,1,0,0,0,0,0,0,0,0,134183,1,17154,1,4679,1,0,0,0,0,0,0,0,0,3878,1,21893,1,30610,1,253447,1,16341,1,222,1,9545,1,4465,1,16563,1,9545,1,48,1,0,0,0,0,0,0,4449,1,5039,1,57,1,0,0,242611,1,750387,1,768,1,768,1,0,1,96,1,2988,1,96,1,0,1,1,1,0,1,0,1,1,1,8,1,15,1,0,1,0,1,207,1,16341,1,0,1,0,1,4702,1,55638,1,8,1,8,1,0,1
149,5583800,4466,9545,28.986603,,0,10,8,96,36760,8667,33315,5547040,16,199,110,1,27394,1,20,1,1844778,1,169963,1,112521,1,3380140,1,12114,1,319797,1,12144,4,522485,4,79606,4,831080,4,1574669,8,2188833,96,183600,24,3607,1,25420,1,2665,1,0,0,0,0,0,0,0,0,134945,1,16603,1,4679,1,0,0,0,0,0,0,0,0,3717,1,22123,1,31231,1,262535,1,16345,1,221,1,9545,1,4466,1,16566,1,9545,1,48,1,0,0,0,0,0,0,4445,1,5039,1,61,1,0,0,258355,1,869220,1,768,1,768,1,0,1,96,1,3000,1,96,1,0,1,1,1,0,1,0,1,1,1,8,1,16,1,0,1,0,1,205,1,16345,1,0,1,0,1,17902,1,22143,1,8,1,8,1,0,1
150,5517800,4467,9545,28.986732,,0,10,8,96,30618,8787,33506,5487182,16,199,70,1,27213,1,40,1,1840620,1,140506,1,113833,1,3353057,1,11843,1,324707,1,12054,4,522284,4,78975,4,809418,4,1565891,8,2164505,96,177298,24,3627,1,24668,1,2645,1,0,0,0,0,0,0,0,0,105878,1,16422,1,4439,1,0,0,0,0,0,0,0,0,4118,1,22204,1,30871,1,267334,1,16347,1,217,1,9545,1,4467,1,16564,1,9545,1,48,1,0,0,0,0,0,0,4448,1,5039,1,58,1,0,0,251758,1,885753,1,768,1,768,1,0,1,96,1,2976,1,96,1,0,1,1,1,0,1,0,1,1,1,8,1,15,1,0,1,0,1,202,1,16347,1,0,1,0,1,2359,1,660,1,8,1,8,1,0,1
151,5556000,4467,9545,28.986855,,0,10,8,96,36414,8687,33625,5519586,16,199,140,1,27043,1,30,1,1847283,1,177117,1,113232,1,3343037,1,11703,1,322763,1,12224,4,522956,4,78785,4,808005,4,1557775,8,2142763,96,189391,24,3888,1,25240,1,2715,1,0,0,0,0,0,0,0,0,139243,1,18957,1,4980,1,0,0,0,0,0,0,0,0,3697,1,22604,1,30329,1,265952,1,16333,1,229,1,9545,1,4467,1,16562,1,9545,1,48,1,0,0,0,0,0,0,4444,1,5039,1,62,1,0,0,245340,1,829323,1,768,1,768,1,0,1,96,1,2976,1,96,1,0,1,1,1,0,1,0,1,1,1,8,1,15,1,0,1,0,1,214,1,16333,1,0,1,0,1,18496,1,62469,1,8,1,8,1,0,1
152,5593200,4465,9545,28.986967,,0,10,8,96,31351,8757,32143,5561849,16,199,150,1,27213,1,40,1,1840610,1,167028,1,112100,1,3402944,1,11763,1,306531,1,12064,4,522936,4,78945,4,829417,4,1611651,8,2223281,96,185644,24,3557,1,26382,1,2705,1,0,0,0,0,0,0,0,0,131188,1,17584,1,4569,1,0,0,0,0,0,0,0,0,3737,1,22194,1,30600,1,249810,1,16330,1,229,1,9545,1,4465,1,16559,1,9545,1,48,1,0,0,0,0,0,0,4455,1,5041,1,49,1,0,0,248265,1,801108,1,768,1,768,1,0,1,96,1,2988,1,96,1,0,1,1,1,0,1,0,1,1,1,8,1,12,1,0,1,0,1,217,1,16330,1,0,1,0,1,3712,1,66759,1,8,1,8,1,0,1
153,5516900,4464,9545,28.987074,,0,10,8,96,29497,8717,33045,5487403,16,199,130,1,27043,1,20,1,1834809,1,154513,1,112881,1,3346193,1,11813,1,314918,1,11893,4,521643,4,78865,4,804969,4,1573606,8,2159566,96,185965,24,3587,1,25280,1,2715,1,0,0,0,0,0,0,0,0,120807,1,16763,1,4519,1,0,0,0,0,0,0,0,0,4569,1,22254,1,30981,1,256924,1,16337,1,226,1,9545,1,4464,1,16563,1,9545,1,48,1,0,0,0,0,0,0,4459,1,5042,1,44,1,0,0,268766,1,791109,1,768,1,768,1,0,1,96,1,2976,1,96,1,0,1,1,1,0,1,0,1,1,1,8,1,16,1,0,1,0,1,210,1,16337,1,0,1,0,1,4372,1,561,1,8,1,8,1,0,1
154,5535100,4465,9545,28.987171,,0,10,8,96,30934,8787,32423,5504166,16,199,150,1,27724,1,30,1,1836452,1,164984,1,112340,1,3350502,1,11984,1,316070,1,12004,4,522966,4,79566,4,821501,4,1556292,8,2161661,96,183710,24,3527,1,27133,1,2655,1,0,0,0,0,0,0,0,0,127901,1,18296,1,4779,1,0,0,0,0,0,0,0,0,3567,1,22274,1,30951,1,259098,1,16344,1,223,1,9545,1,4465,1,16567,1,9545,1,48,1,0,0,0,0,0,0,4461,1,5042,1,42,1,0,0,245205,1,780516,1,768,1,768,1,0,1,96,1,2952,1,96,1,0,1,1,1,0,1,0,1,1,1,8,1,15,1,0,1,0,1,208,1,16344,1,0,1,0,1,3382,1,70554,1,8,1,8,1,0,1
155,5602700,4466,9545,28.987276,,0,10,8,96,31162,9128,39165,5571538,16,199,180,1,30400,1,70,1,1842794,1,148191,1,116168,1,3422733,1,11002,1,314036,1,12384,4,524549,4,79055,4,823515,4,1628093,8,2226078,96,186366,24,3617,1,25520,1,2836,1,0,0,0,0,0,0,0,0,111128,1,17344,1,4839,1,0,0,0,0,0,0,0,0,4208,1,21743,1,30670,1,257225,1,16343,1,224,1,9545,1,4466,1,16567,1,9545,1,48,1,0,0,0,0,0,0,4451,1,5042,1,52,1,0,0,238597,1,962115,1,768,1,768,1,0,1,96,1,2964,1,96,1,0,1,1,1,0,1,0,1,1,1,8,1,16,1,0,1,0,1,208,1,16343,1,0,1,0,1,5543,1,1188,1,8,1,8,1,0,1
156,5687600,4466,9545,28.98737,,0,10,8,96,31686,8867,39435,5655914,16,199,80,1,30640,1,40,1,1833115,1,168701,1,113112,1,3498472,1,11753,1,314767,1,12254,4,545119,4,79606,4,888493,4,1612873,8,2276718,96,185213,24,3677,1,29979,1,2836,1,0,0,0,0,0,0,0,0,131358,1,18156,1,4880,1,0,0,0,0,0,0,0,0,4369,1,22133,1,30580,1,257515,1,16348,1,216,1,9545,1,4466,1,16564,1,9545,1,48,1,0,0,0,0,0,0,4455,1,5040,1,50,1,0,0,262570,1,945929,1,768,1,768,1,0,1,96,1,2988,1,96,1,0,1,1,1,0,1,0,1,1,1,8,1,15,1,0,1,0,1,201,1,16348,1,0,1,0,1,2425,1,61083,1,8,1,8,1,0,1
157,5540500,4464,9545,28.987461,,0,10,8,96,33619,9329,33746,5506881,16,199,70,1,31231,1,40,1,1829719,1,164693,1,111940,1,3357355,1,11833,1,323494,1,12044,4,522294,4,78935,4,824738,4,1553056,8,2162031,96,182017,24,3687,1,27073,1,2705,1,0,0,0,0,0,0,0,0,126017,1,20119,1,4619,1,0,0,0,0,0,0,0,0,4098,1,22294,1,30700,1,266212,1,16345,1,219,1,9545,1,4464,1,16564,1,9545,1,48,1,0,0,0,0,0,0,4460,1,5041,1,44,1,0,0,244226,1,762465,1,768,1,768,1,0,1,96,1,2952,1,96,1,0,1,1,1,0,1,0,1,1,1,8,1,15,1,0,1,0,1,204,1,16345,1,0,1,0,1,3580,1,28380,1,8,1,8,1,0,1
158,5605300,4468,9545,28.987545,,0,10,8,96,31327,8807,33054,5573973,16,199,60,1,26953,1,20,1,1835921,1,145976,1,114294,1,3438935,1,11813,1,319507,1,12044,4,523346,4,79356,4,837062,4,1626150,8,2238251,96,191906,24,3687,1,26171,1,2806,1,0,0,0,0,0,0,0,0,110106,1,17294,1,4709,1,0,0,0,0,0,0,0,0,3587,1,22334,1,30810,1,262595,1,16331,1,233,1,9545,1,4468,1,16564,1,9545,1,48,1,0,0,0,0,0,0,4467,1,5041,1,37,1,0,0,257068,1,912681,1,768,1,768,1,0,1,96,1,2976,1,96,1,0,1,1,1,0,1,0,1,1,1,8,1,20,1,0,1,0,1,213,1,16331,1,0,1,0,1,2557,1,61875,1,8,1,8,1,0,1
159,5590400,4466,9545,28.987621,,0,10,8,96,31898,9218,34578,5558502,16,199,130,1,27053,1,40,1,1833466,1,167018,1,112921,1,3405820,1,12054,1,308796,1,10581,4,527184,4,79446,4,852051,4,1584297,8,2205907,96,195864,24,3677,1,27143,1,3427,1,0,0,0,0,0,0,0,0,131207,1,16693,1,4709,1,0,0,0,0,0,0,0,0,3828,1,22163,1,31021,1,251614,1,16324,1,235,1,9545,1,4466,1,16559,1,9545,1,48,1,0,0,0,0,0,0,4468,1,5041,1,36,1,0,0,246071,1,754149,1,767,1,767,1,0,1,96,1,2964,1,96,1,0,1,1,1,0,1,0,1,1,1,8,1,20,1,0,1,0,1,215,1,16324,1,0,1,0,1,4405,1,75273,1,8,1,8,1,0,1
160,5623000,4466,9545,28.98769,,0,10,8,96,34088,7495,33285,5588912,16,199,60,1,28867,1,40,1,1844798,1,192868,1,133362,1,3377034,1,11883,1,354405,1,10861,4,525411,4,78875,4,825910,4,1538698,8,2141751,96,189572,24,3557,1,28556,1,3266,1,0,0,0,0,0,0,0,0,144544,1,30760,1,4649,1,0,0,0,0,0,0,0,0,3888,1,20941,1,30730,1,298636,1,16337,1,227,1,9545,1,4466,1,16564,1,9545,1,48,1,0,0,0,0,0,0,4466,1,5041,1,38,1,0,0,241390,1,829422,1,768,1,768,1,0,1,96,1,2976,1,96,1,0,1,1,1,0,1,0,1,1,1,8,1,19,1,0,1,0,1,208,1,16337,1,0,1,0,1,1831,1,50688,1,8,1,8,1,0,1
161,5589500,4467,9545,28.98776,,0,10,8,96,30166,7645,33135,5559334,16,199,90,1,28446,1,40,1,1836422,1,140425,1,121318,1,3420679,1,11913,1,313876,1,11663,4,523176,4,79506,4,835318,4,1618645,8,2226176,96,194652,24,3547,1,24488,1,2816,1,0,0,0,0,0,0,0,0,105607,1,16933,1,4379,1,0,0,0,0,0,0,0,0,3156,1,20951,1,31101,1,258477,1,16327,1,236,1,9545,1,4467,1,16563,1,9545,1,48,1,0,0,0,0,0,0,4471,1,5040,1,34,1,0,0,253972,1,924165,1,768,1,768,1,0,1,96,1,2964,1,96,1,0,1,1,1,0,1,0,1,1,1,8,1,20,1,0,1,0,1,216,1,16327,1,0,1,0,1,3498,1,1914,1,8,1,8,1,0,1
162,5513900,4469,9545,28.987827,,0,10,8,96,30415,8647,33807,5483485,16,199,40,1,27684,1,40,1,1845670,1,168140,1,113222,1,3315523,1,13166,1,311621,1,12004,4,522304,4,79025,4,794899,4,1553126,8,2116851,96,197367,24,3587,1,27614,1,2695,1,0,0,0,0,0,0,0,0,132179,1,17474,1,4579,1,0,0,0,0,0,0,0,0,3607,1,22103,1,30149,1,255601,1,16321,1,241,1,9545,1,4469,1,16562,1,9545,1,48,1,0,0,0,0,0,0,4470,1,5039,1,36,1,0,0,243462,1,826320,1,768,1,768,1,0,1,96,1,2988,1,96,1,0,1,1,1,0,1,0,1,1,1,8,1,20,1,0,1,0,1,221,1,16321,1,0,1,0,1,3184,1,73425,1,8,1,8,1,0,1
163,5553400,4469,9545,28.987888,,0,10,8,96,32702,8697,32363,5520698,16,199,70,1,26913,1,30,1,1834769,1,170765,1,112501,1,3363647,1,12004,1,315459,1,12094,4,521333,4,79165,4,824367,4,1571102,8,2169706,96,193399,24,3567,1,25159,1,2705,1,0,0,0,0,0,0,0,0,134434,1,18166,1,4459,1,0,0,0,0,0,0,0,0,3978,1,22173,1,30159,1,258938,1,16315,1,236,1,9545,1,4469,1,16551,1,9545,1,48,1,0,0,0,0,0,0,4480,1,5040,1,25,1,0,0,234993,1,949311,1,768,1,768,1,0,1,96,1,2964,1,96,1,0,1,1,1,0,1,0,1,1,1,8,1,20,1,0,1,0,1,216,1,16315,1,0,1,0,1,4042,1,87285,1,8,1,8,1,0,1
164,5492900,4466,9545,28.98795,,0,10,8,96,30546,9168,33335,5462354,16,199,30,1,28205,1,40,1,1834268,1,163340,1,112962,1,3309912,1,13597,1,313234,1,12224,4,520962,4,79165,4,793877,4,1548096,8,2125570,96,183069,24,3547,1,26833,1,2806,1,0,0,0,0,0,0,0,0,129354,1,16853,1,4599,1,0,0,0,0,0,0,0,0,3928,1,22033,1,30840,1,256253,1,16323,1,221,1,9545,1,4466,1,16544,1,9545,1,48,1,0,0,0,0,0,0,4482,1,5040,1,23,1,0,0,253022,1,784707,1,768,1,768,1,0,1,96,1,2964,1,96,1,0,1,1,1,0,1,0,1,1,1,8,1,19,1,0,1,0,1,202,1,16323,1,0,1,0,1,3019,1,67815,1,8,1,8,1,0,1
165,5582700,4468,9545,28.988005,,0,10,8,96,32774,8747,33555,5549926,16,199,60,1,27203,1,60,1,1841001,1,163992,1,112962,1,3392734,1,11913,1,311361,1,12054,4,523156,4,79526,4,835569,4,1590690,8,2187852,96,204852,24,3567,1,25320,1,2745,1,0,0,0,0,0,0,0,0,126047,1,19558,1,4659,1,0,0,0,0,0,0,0,0,3296,1,22324,1,29929,1,255641,1,16296,1,248,1,9545,1,4468,1,16544,1,9545,1,48,1,0,0,0,0,0,0,4482,1,5040,1,23,1,0,0,244895,1,773190,1,768,1,768,1,0,1,96,1,3000,1,96,1,0,1,1,1,0,1,0,1,1,1,8,1,20,1,0,1,0,1,228,1,16296,1,0,1,0,1,3448,1,51150,1,8,1,8,1,0,1
166,5612900,4469,9545,28.988058,,0,10,8,96,31513,8637,33255,5581387,16,199,70,1,27043,1,40,1,1839849,1,139223,1,112350,1,3450939,1,11873,1,329246,1,12094,4,521783,4,79336,4,835278,4,1631440,8,2228972,96,204491,24,3577,1,26903,1,2645,1,0,0,0,0,0,0,0,0,103353,1,17625,1,4679,1,0,0,0,0,0,0,0,0,4298,1,22194,1,30670,1,271883,1,16303,1,248,1,9545,1,4469,1,16551,1,9545,1,48,1,0,0,0,0,0,0,4480,1,5040,1,25,1,0,0,256172,1,900735,1,768,1,768,1,0,1,96,1,2964,1,96,1,0,1,1,1,0,1,0,1,1,1,8,1,20,1,0,1,0,1,228,1,16303,1,0,1,0,1,2128,1,5445,1,8,1,8,1,0,1
167,5593300,4468,9545,28.98811,,0,10,8,96,31952,8737,33787,5561348,16,199,150,1,27594,1,40,1,1831031,1,164453,1,111839,1,3414327,1,11913,1,313154,1,11994,4,521783,4,79316,4,801903,4,1644646,8,2206998,96,205764,24,3637,1,25440,1,3717,1,0,0,0,0,0,0,0,0,129123,1,17344,1,4619,1,0,0,0,0,0,0,0,0,3707,1,22364,1,30540,1,256363,1,16302,1,243,1,9545,1,4468,1,16545,1,9545,1,48,1,0,0,0,0,0,0,4479,1,5041,1,25,1,0,0,250887,1,763983,1,768,1,768,1,0,1,96,1,2964,1,96,1,0,1,1,1,0,1,0,1,1,1,8,1,20,1,0,1,0,1,223,1,16302,1,0,1,0,1,4999,1,72237,1,8,1,8,1,0,1
168,5595700,4469,9545,28.988153,,0,10,8,96,32979,8797,33877,5562721,16,199,70,1,26953,1,40,1,1849117,1,168120,1,112491,1,3394097,1,11833,1,327252,1,12184,4,523397,4,79275,4,832563,4,1576642,8,2174234,96,201094,24,3607,1,27654,1,2725,1,0,0,0,0,0,0,0,0,132089,1,19228,1,4519,1,0,0,0,0,0,0,0,0,3787,1,22133,1,30570,1,270571,1,16303,1,242,1,9545,1,4469,1,16545,1,9545,1,48,1,0,0,0,0,0,0,4479,1,5041,1,25,1,0,0,247907,1,818862,1,768,1,768,1,0,1,96,1,2976,1,96,1,0,1,1,1,0,1,0,1,1,1,8,1,20,1,0,1,0,1,222,1,16303,1,0,1,0,1,4702,1,54813,1,8,1,8,1,0,1
169,5586500,4468,9545,28.988195,,0,10,8,96,31004,8837,33485,5555496,16,199,80,1,26983,1,40,1,1846582,1,138672,1,115086,1,3416341,1,11713,1,321561,1,12224,4,521894,4,78835,4,831822,4,1609196,8,2211629,96,195904,24,3557,1,25761,1,2655,1,0,0,0,0,0,0,0,0,104174,1,16613,1,4449,1,0,0,0,0,0,0,0,0,4018,1,22013,1,30540,1,264799,1,16318,1,239,1,9545,1,4468,1,16557,1,9545,1,48,1,0,0,0,0,0,0,4478,1,5041,1,26,1,0,0,249097,1,883707,1,768,1,768,1,0,1,96,1,2988,1,96,1,0,1,1,1,0,1,0,1,1,1,8,1,19,1,0,1,0,1,220,1,16318,1,0,1,0,1,2293,1,17589,1,8,1,8,1,0,1
170,5654200,4471,9545,28.98824,,0,10,8,96,32133,8737,34607,5622067,16,199,80,1,26592,1,70,1,1837815,1,159443,1,113132,1,3472882,1,12054,1,306952,1,12765,4,537364,4,83664,4,853724,4,1631199,8,2243502,96,206816,24,3657,1,30770,1,4048,1,0,0,0,0,0,0,0,0,125145,1,16623,1,4359,1,0,0,0,0,0,0,0,0,3757,1,22123,1,30770,1,250141,1,16309,1,251,1,9545,1,4471,1,16560,1,9545,1,48,1,0,0,0,0,0,0,4490,1,5041,1,14,1,0,0,258748,1,913440,1,768,1,768,1,0,1,96,1,2976,1,96,1,0,1,1,1,0,1,0,1,1,1,8,1,20,1,0,1,0,1,231,1,16309,1,0,1,0,1,4570,1,66957,1,8,1,8,1,0,1
171,5595700,4470,9545,28.988277,,0,11,8,96,31366,8968,32353,5564334,16,211,130,1,26793,1,40,1,1843887,1,165595,1,115947,1,3399738,1,12204,1,345047,1,11963,4,522976,4,79055,4,833525,4,1565120,8,2161951,96,204341,36,3607,1,26773,1,2705,1,0,0,0,0,0,0,0,0,126849,1,20711,1,4569,1,0,0,0,0,0,0,0,0,4068,1,22163,1,30981,1,287644,1,16314,1,248,1,9545,1,4470,1,16562,1,9545,1,48,1,0,0,0,0,0,0,4485,1,5040,1,20,1,0,0,240788,1,891594,1,768,1,768,1,0,1,96,1,2964,1,96,1,0,1,2,1,0,1,0,1,1,1,8,1,27,1,0,1,0,1,221,1,16314,1,0,1,0,1,4339,1,17820,1,8,1,8,1,0,1
172,5637000,4471,9545,28.988316,,0,11,8,96,31085,8877,32794,5605915,16,211,100,1,27103,1,40,1,1857884,1,143642,1,112501,1,3452662,1,11984,1,347271,1,12194,4,522815,4,79456,4,834787,4,1613966,8,2207911,96,208048,36,3687,1,26873,1,2735,1,0,0,0,0,0,0,0,0,107461,1,17785,1,4569,1,0,0,0,0,0,0,0,0,3607,1,22554,1,30750,1,290189,1,16313,1,250,1,9545,1,4471,1,16563,1,9545,1,48,1,0,0,0,0,0,0,4493,1,5039,1,13,1,0,0,256415,1,905025,1,768,1,768,1,0,1,96,1,2952,1,96,1,0,1,2,1,0,1,0,1,1,1,8,1,28,1,0,1,0,1,222,1,16313,1,0,1,0,1,2062,1,22176,1,8,1,8,1,0,1
173,5528100,4469,9545,28.98835,,0,11,8,96,31589,8677,34197,5496511,16,211,130,1,27434,1,50,1,1837264,1,159022,1,114024,1,3346774,1,11813,1,318515,1,12474,4,523587,4,79486,4,797965,4,1573466,8,2134857,96,202377,36,3567,1,26302,1,2735,1,0,0,0,0,0,0,0,0,124554,1,16723,1,4389,1,0,0,0,0,0,0,0,0,3848,1,22434,1,30560,1,261493,1,16321,1,245,1,9545,1,4469,1,16566,1,9545,1,48,1,0,0,0,0,0,0,4483,1,5040,1,22,1,0,0,251652,1,825561,1,768,1,768,1,0,1,96,1,2952,1,96,1,0,1,2,1,0,1,0,1,1,1,8,1,27,1,0,1,0,1,218,1,16321,1,0,1,0,1,3316,1,17655,1,8,1,8,1,0,1
174,5576700,4470,9545,28.988382,,0,11,8,96,33167,8807,33235,5543533,16,211,190,1,27584,1,40,1,1841402,1,175785,1,114875,1,3371773,1,11883,1,335749,1,12154,4,523627,4,79115,4,827713,4,1550932,8,2139957,96,205453,36,3617,1,27324,1,2735,1,0,0,0,0,0,0,0,0,136628,1,21642,1,4519,1,0,0,0,0,0,0,0,0,4258,1,22184,1,30891,1,278236,1,16314,1,249,1,9545,1,4470,1,16563,1,9545,1,48,1,0,0,0,0,0,0,4488,1,5040,1,17,1,0,0,241523,1,873444,1,768,1,768,1,0,1,96,1,2964,1,96,1,0,1,2,1,0,1,0,1,1,1,8,1,27,1,0,1,0,1,222,1,16314,1,0,1,0,1,2623,1,69003,1,8,1,8,1,0,1
175,5467400,4470,9545,28.988405,,0,11,8,96,29244,8587,33203,5438156,16,211,120,1,27614,1,50,1,1841512,1,135456,1,112310,1,3308710,1,12384,1,310629,1,12014,4,524859,4,79286,4,802594,4,1540111,8,2107025,96,202477,36,3617,1,24338,1,2675,1,0,0,0,0,0,0,0,0,101519,1,16823,1,4419,1,0,0,0,0,0,0,0,0,3657,1,22274,1,31011,1,253497,1,16317,1,246,1,9545,1,4470,1,16563,1,9545,1,48,1,0,0,0,0,0,0,4493,1,5040,1,12,1,0,0,252170,1,728508,1,768,1,768,1,0,1,96,1,2964,1,96,1,0,1,2,1,0,1,0,1,1,1,8,1,28,1,0,1,0,1,218,1,16317,1,0,1,0,1,3217,1,18381,1,8,1,8,1,0,1
176,5630500,4470,9545,28.988434,,0,11,8,96,66627,11072,34527,5563873,16,211,60,1,27504,1,40,1,1834538,1,170514,1,145576,1,3373757,1,11883,1,395826,1,13156,4,532645,4,78915,4,787935,4,1520021,8,2071424,96,202006,36,3667,1,27764,1,2755,1,0,0,0,0,0,0,0,0,134394,1,17965,1,4689,1,0,0,0,0,0,0,0,0,4198,1,26893,1,37714,1,326751,1,16313,1,246,1,9545,1,4470,1,16559,1,9545,1,48,1,0,0,0,0,0,0,4489,1,5040,1,16,1,0,0,244638,1,701844,1,768,1,768,1,0,1,96,1,2964,1,96,1,0,1,2,1,0,1,0,1,1,1,8,1,28,1,0,1,0,1,218,1,16313,1,1,1,0,1,5296,1,57255,1,8,1,8,1,0,1
177,5595600,4471,9545,28.988464,,0,11,8,96,34082,8577,33807,5561518,16,211,130,1,30720,1,90,1,1840660,1,165304,1,123703,1,3389117,1,11793,1,314527,1,11523,4,521533,4,78754,4,826060,4,1596932,8,2186789,96,202397,36,3547,1,24779,1,2886,1,0,0,0,0,0,0,0,0,126308,1,20961,1,4469,1,0,0,0,0,0,0,0,0,3697,1,21763,1,30720,1,258126,1,16317,1,246,1,9545,1,4471,1,16563,1,9545,1,48,1,0,0,0,0,0,0,4490,1,5039,1,16,1,0,0,248107,1,941985,1,768,1,768,1,0,1,96,1,2964,1,96,1,0,1,2,1,0,1,0,1,1,1,8,1,28,1,0,1,0,1,218,1,16317,1,0,1,0,1,3151,1,60423,1,8,1,8,1,0,1
178,5496300,4468,9545,28.988497,,0,11,8,96,30369,7364,33556,5465931,16,211,80,1,27223,1,80,1,1834398,1,151587,1,124414,1,3314872,1,13276,1,320599,1,11913,4,521272,4,79195,4,793717,4,1548126,8,2111973,96,196315,36,3557,1,26272,1,2856,1,0,0,0,0,0,0,0,0,118092,1,16703,1,4539,1,0,0,0,0,0,0,0,0,3707,1,21723,1,30640,1,264348,1,16323,1,238,1,9545,1,4468,1,16561,1,9545,1,48,1,0,0,0,0,0,0,4489,1,5040,1,16,1,0,0,250439,1,846120,1,768,1,768,1,0,1,96,1,2976,1,96,1,0,1,2,1,0,1,0,1,1,1,8,1,27,1,0,1,0,1,211,1,16323,1,0,1,0,1,3844,1,21681,1,8,1,8,1,0,1
179,5543400,4470,9545,28.988514,,0,11,8,96,31930,8737,32824,5511470,16,211,70,1,27514,1,30,1,1835861,1,163100,1,113222,1,3359730,1,11943,1,314146,1,12424,4,523477,4,79035,4,825589,4,1563747,8,2158955,96,197557,36,4038,1,25751,1,2785,1,0,0,0,0,0,0,0,0,125586,1,19308,1,4659,1,0,0,0,0,0,0,0,0,3246,1,22274,1,29979,1,258487,1,16322,1,241,1,9545,1,4470,1,16563,1,9545,1,48,1,0,0,0,0,0,0,4494,1,5040,1,11,1,0,0,236146,1,867933,1,768,1,768,1,0,1,96,1,3000,1,96,1,0,1,2,1,0,1,0,1,1,1,8,1,28,1,0,1,0,1,213,1,16322,1,0,1,0,1,5527,1,54648,1,8,1,8,1,0,1
180,5585100,4469,9545,28.988539,,0,11,8,96,31086,8697,32996,5554014,16,211,80,1,27484,1,40,1,1839428,1,142339,1,113443,1,3419126,1,12074,1,321440,1,11863,4,521673,4,78975,4,827553,4,1616000,8,2207389,96,203168,36,3587,1,26662,1,2675,1,0,0,0,0,0,0,0,0,107411,1,17023,1,4579,1,0,0,0,0,0,0,0,0,3938,1,22284,1,30750,1,264308,1,16314,1,246,1,9545,1,4469,1,16560,1,9545,1,48,1,0,0,0,0,0,0,4484,1,5040,1,21,1,0,0,253952,1,915618,1,768,1,768,1,0,1,96,1,2964,1,96,1,0,1,2,1,0,1,0,1,1,1,8,1,27,1,0,1,0,1,219,1,16314,1,0,1,0,1,2788,1,43626,1,8,1,8,1,0,1
181,5495900,4470,9545,28.988562,,0,11,8,96,31522,8788,33416,5464378,16,211,40,1,26642,1,40,1,1840380,1,152178,1,113272,1,3319962,1,11863,1,312182,1,11943,4,520832,4,78935,4,797685,4,1558316,8,2120338,96,202247,36,3557,1,24989,1,2735,1,0,0,0,0,0,0,0,0,117781,1,16773,1,4499,1,0,0,0,0,0,0,0,0,4188,1,22254,1,30901,1,254659,1,16310,1,246,1,9545,1,4470,1,16556,1,9545,1,48,1,0,0,0,0,0,0,4496,1,5040,1,9,1,0,0,246864,1,826782,1,768,1,768,1,0,1,96,1,3000,1,96,1,0,1,2,1,0,1,0,1,1,1,8,1,28,1,0,1,0,1,218,1,16310,1,0,1,0,1,4702,1,6105,1,8,1,8,1,0,1
182,5585200,4469,9545,28.988585,,0,11,8,96,31627,8797,34858,5553573,16,211,100,1,27424,1,60,1,1843917,1,158120,1,112581,1,3399628,1,11743,1,309868,1,12234,4,522725,4,79075,4,832312,4,1601822,8,2195426,96,203850,36,3557,1,26552,1,2685,1,0,0,0,0,0,0,0,0,121218,1,18977,1,4359,1,0,0,0,0,0,0,0,0,3266,1,22274,1,29748,1,254409,1,16306,1,246,1,9545,1,4469,1,16552,1,9545,1,48,1,0,0,0,0,0,0,4501,1,5040,1,4,1,0,0,252720,1,1012011,1,768,1,768,1,0,1,96,1,2988,1,96,1,0,1,2,1,0,1,0,1,1,1,8,1,27,1,0,1,0,1,219,1,16306,1,0,1,0,1,6055,1,26037,1,8,1,8,1,0,1
183,5491000,4469,9545,28.988605,,0,11,8,96,30510,8777,33204,5460490,16,211,150,1,27223,1,40,1,1833907,1,154453,1,112431,1,3320453,1,11833,1,315008,1,12154,4,521242,4,78915,4,799638,4,1553818,8,2118206,96,202046,36,3597,1,24678,1,2625,1,0,0,0,0,0,0,0,0,120476,1,16472,1,4399,1,0,0,0,0,0,0,0,0,4038,1,22284,1,31141,1,257345,1,16303,1,249,1,9545,1,4469,1,16552,1,9545,1,48,1,0,0,0,0,0,0,4493,1,5040,1,12,1,0,0,250987,1,823251,1,768,1,768,1,0,1,96,1,2988,1,96,1,0,1,2,1,0,1,0,1,1,1,8,1,24,1,0,1,0,1,225,1,16303,1,0,1,0,1,3613,1,25740,1,8,1,8,1,0,1
184,5530600,4468,9545,28.98862,,0,11,8,96,32055,8727,33184,5498545,16,211,130,1,27123,1,40,1,1833496,1,163751,1,112000,1,3350121,1,11883,1,306120,1,12474,4,524479,4,79145,4,825389,4,1559729,8,2150679,96,201255,36,3737,1,27093,1,3226,1,0,0,0,0,0,0,0,0,129243,1,16522,1,4539,1,0,0,0,0,0,0,0,0,3828,1,22023,1,31001,1,249089,1,16302,1,248,1,9545,1,4468,1,16550,1,9545,1,48,1,0,0,0,0,0,0,4492,1,5040,1,13,1,0,0,248429,1,837408,1,768,1,768,1,0,1,96,1,2976,1,96,1,0,1,2,1,0,1,0,1,1,1,8,1,23,1,0,1,0,1,225,1,16302,1,0,1,0,1,2640,1,55539,1,8,1,8,1,0,1
185,5579700,4468,9545,28.988636,,0,11,8,96,30726,10871,32433,5548974,16,211,150,1,26873,1,40,1,1840169,1,143922,1,113412,1,3412133,1,12274,1,340227,1,12074,4,522014,4,79616,4,817594,4,1598335,8,2182381,96,201114,36,3577,1,25149,1,2675,1,0,0,0,0,0,0,0,0,107361,1,18526,1,4499,1,0,0,0,0,0,0,0,0,3767,1,21673,1,30921,1,283676,1,16303,1,248,1,9545,1,4468,1,16551,1,9545,1,48,1,0,0,0,0,0,0,4495,1,5040,1,10,1,0,0,254434,1,867405,1,768,1,768,1,0,1,96,1,2976,1,96,1,0,1,2,1,0,1,0,1,1,1,8,1,23,1,0,1,0,1,225,1,16303,1,1,1,0,1,2425,1,46134,1,8,1,8,1,0,1
186,5501100,4468,9545,28.988659,,0,11,8,96,32965,10180,33645,5468135,16,211,70,1,27344,1,30,1,1840630,1,156176,1,111759,1,3320383,1,11743,1,309196,1,12024,4,520671,4,78975,4,801242,4,1556102,8,2122684,96,201014,36,3597,1,25680,1,2715,1,0,0,0,0,0,0,0,0,121709,1,16933,1,4479,1,0,0,0,0,0,0,0,0,4178,1,21813,1,31071,1,251954,1,16302,1,248,1,9545,1,4468,1,16550,1,9545,1,48,1,0,0,0,0,0,0,4496,1,5041,1,8,1,0,0,245506,1,861135,1,767,1,767,1,0,1,96,1,2988,1,96,1,0,1,2,1,0,1,0,1,1,1,8,1,23,1,0,1,0,1,225,1,16302,1,1,1,0,1,5032,1,29469,1,8,1,8,1,0,1
187,5589100,4468,9545,28.988678,,0,11,8,96,29876,10110,33125,5559224,16,211,140,1,27163,1,80,1,1834939,1,151227,1,111909,1,3421681,1,12084,1,310118,1,11994,4,522866,4,78935,4,832172,4,1623735,8,2220505,96,202277,36,3557,1,25530,1,2665,1,0,0,0,0,0,0,0,0,116408,1,17104,1,4499,1,0,0,0,0,0,0,0,0,4248,1,21703,1,30680,1,253277,1,16300,1,248,1,9545,1,4468,1,16548,1,9545,1,48,1,0,0,0,0,0,0,4493,1,5041,1,11,1,0,0,253627,1,946077,1,768,1,768,1,0,1,96,1,2988,1,96,1,0,1,2,1,0,1,0,1,1,1,8,1,23,1,0,1,0,1,225,1,16300,1,1,1,0,1,3102,1,10560,1,8,1,8,1,0,1
188,5481300,4467,9545,28.988693,,0,11,8,96,30880,9318,33264,5450420,16,211,50,1,27173,1,20,1,1839789,1,155275,1,111669,1,3304752,1,11693,1,314457,1,11853,4,522084,4,78835,4,797444,4,1537395,8,2104348,96,197227,36,3597,1,27093,1,2675,1,0,0,0,0,0,0,0,0,120426,1,16703,1,4409,1,0,0,0,0,0,0,0,0,3807,1,22003,1,31291,1,257184,1,16309,1,243,1,9545,1,4467,1,16552,1,9545,1,48,1,0,0,0,0,0,0,4494,1,5041,1,10,1,0,0,244264,1,729300,1,768,1,768,1,0,1,96,1,2988,1,96,1,0,1,2,1,0,1,0,1,1,1,8,1,23,1,0,1,0,1,220,1,16309,1,0,1,0,1,3052,1,21516,1,8,1,8,1,0,1
189,5535500,4468,9545,28.988708,,0,11,8,96,30573,8807,33155,5504927,16,211,20,1,27053,1,40,1,1840891,1,163330,1,112591,1,3348909,1,12094,1,308435,1,12094,4,521793,4,79015,4,821591,4,1563978,8,2146370,96,206044,36,4078,1,26372,1,2745,1,0,0,0,0,0,0,0,0,128412,1,17184,1,4359,1,0,0,0,0,0,0,0,0,3697,1,22364,1,30700,1,251493,1,16300,1,248,1,9545,1,4468,1,16548,1,9545,1,48,1,0,0,0,0,0,0,4497,1,5041,1,7,1,0,0,238045,1,804936,1,768,1,768,1,0,1,96,1,2988,1,96,1,0,1,2,1,0,1,0,1,1,1,8,1,23,1,0,1,0,1,225,1,16300,1,0,1,0,1,4240,1,76791,1,8,1,8,1,0,1
190,5526300,4469,9545,28.988724,,0,11,8,96,29909,8978,32544,5496391,16,211,60,1,27193,1,30,1,1835460,1,137079,1,111950,1,3372515,1,12104,1,342451,1,12004,4,523557,4,79416,4,807844,4,1564048,8,2137363,96,201986,36,3577,1,27845,1,2795,1,0,0,0,0,0,0,0,0,103523,1,16883,1,4399,1,0,0,0,0,0,0,0,0,7986,1,22895,1,29909,1,281462,1,16299,1,250,1,9545,1,4469,1,16549,1,9545,1,48,1,0,0,0,0,0,0,4498,1,5041,1,6,1,0,0,254168,1,808599,1,768,1,768,1,0,1,96,1,2988,1,96,1,0,1,2,1,0,1,0,1,1,1,8,1,27,1,0,1,0,1,223,1,16299,1,0,1,0,1,1996,1,44781,1,8,1,8,1,0,1
191,5541400,4467,9545,28.988739,,0,11,8,96,31343,8747,33195,5510057,16,211,170,1,27033,1,30,1,1834979,1,157769,1,122450,1,3355391,1,12234,1,318054,1,12044,4,521783,4,79286,4,819928,4,1563477,8,2153303,96,196906,36,3567,1,25801,1,2705,1,0,0,0,0,0,0,0,0,122069,1,18927,1,4479,1,0,0,0,0,0,0,0,0,3727,1,22113,1,30810,1,261232,1,16302,1,243,1,9545,1,4467,1,16545,1,9545,1,48,1,0,0,0,0,0,0,4500,1,5041,1,4,1,0,0,244545,1,791802,1,768,1,768,1,0,1,96,1,3000,1,96,1,0,1,2,1,0,1,0,1,1,1,8,1,23,1,0,1,0,1,220,1,16302,1,0,1,0,1,3283,1,26433,1,8,1,8,1,0,1
192,5577400,4469,9545,28.988747,,0,11,8,96,32584,8697,33495,5544816,16,211,20,1,27474,1,50,1,1835540,1,164823,1,112150,1,3392835,1,11923,1,320909,1,12164,4,523367,4,79265,4,828124,4,1587524,8,2178464,96,203690,36,3587,1,26502,1,2695,1,0,0,0,0,0,0,0,0,123362,1,23206,1,4459,1,0,0,0,0,0,0,0,0,3797,1,22143,1,30951,1,263837,1,16295,1,249,1,9545,1,4469,1,16544,1,9545,1,48,1,0,0,0,0,0,0,4495,1,5041,1,9,1,0,0,258396,1,873477,1,768,1,768,1,0,1,96,1,2988,1,96,1,0,1,2,1,0,1,0,1,1,1,8,1,24,1,0,1,0,1,225,1,16295,1,0,1,0,1,2227,1,61149,1,8,1,8,1,0,1
193,5490600,4468,9545,28.988762,,0,11,8,96,32304,8697,34037,5458296,16,211,90,1,26873,1,30,1,1837684,1,161497,1,111970,1,3306656,1,13496,1,313435,1,12184,4,521613,4,78614,4,792915,4,1548387,8,2104548,96,202718,36,3577,1,24508,1,2725,1,0,0,0,0,0,0,0,0,127039,1,16813,1,4529,1,0,0,0,0,0,0,0,0,3226,1,22043,1,30179,1,257816,1,16292,1,248,1,9545,1,4468,1,16540,1,9545,1,48,1,0,0,0,0,0,0,4496,1,5041,1,8,1,0,0,240659,1,838035,1,768,1,768,1,0,1,96,1,2988,1,96,1,0,1,2,1,0,1,0,1,1,1,8,1,23,1,0,1,0,1,225,1,16292,1,0,1,0,1,4207,1,68871,1,8,1,8,1,0,1
194,5548400,4469,9545,28.988777,,0,11,8,96,31569,8737,33044,5516831,16,211,100,1,27404,1,40,1,1837885,1,157098,1,112471,1,3369659,1,12174,1,314196,1,12154,4,521453,4,79496,4,834898,4,1567384,8,2161019,96,208218,36,3537,1,25129,1,2675,1,0,0,0,0,0,0,0,0,122731,1,16753,1,4449,1,0,0,0,0,0,0,0,0,3697,1,22214,1,30550,1,257555,1,16285,1,259,1,9545,1,4469,1,16544,1,9545,1,48,1,0,0,0,0,0,0,4497,1,5041,1,7,1,0,0,248128,1,910008,1,768,1,768,1,0,1,96,1,2976,1,96,1,0,1,2,1,0,1,0,1,1,1,8,1,28,1,0,1,0,1,231,1,16285,1,0,1,0,1,4009,1,12606,1,8,1,8,1,0,1
195,5437500,4470,9545,28.988789,,0,11,8,96,29833,8698,32343,5407667,16,211,100,1,26963,1,20,1,1835190,1,134584,1,112100,1,3286807,1,11903,1,306701,1,11963,4,521984,4,78754,4,793717,4,1534319,8,2093336,96,202357,36,3597,1,24408,1,2665,1,0,0,0,0,0,0,0,0,100367,1,16783,1,4339,1,0,0,0,0,0,0,0,0,3537,1,22374,1,30660,1,249940,1,16294,1,251,1,9545,1,4470,1,16545,1,9545,1,48,1,0,0,0,0,0,0,4500,1,5041,1,4,1,0,0,243434,1,815727,1,768,1,768,1,0,1,96,1,2976,1,96,1,0,1,2,1,0,1,0,1,1,1,8,1,28,1,0,1,0,1,223,1,16294,1,0,1,0,1,2326,1,19965,1,8,1,8,1,0,1
196,5687300,4469,9545,28.988796,,0,11,8,96,45604,10992,35870,5641696,16,190,20,1,27384,1,30,1,1843215,1,163180,1,144273,1,3452532,1,11062,1,391608,1,12194,4,530370,4,79155,4,822774,4,1571442,8,2155197,96,203148,36,3697,1,27494,1,2806,1,0,0,0,0,0,0,0,0,127139,1,19719,1,4339,1,0,0,0,0,0,0,0,0,4198,1,27003,1,37674,1,322472,1,16292,1,251,1,9545,1,4469,1,16543,1,9545,1,48,1,0,0,0,0,0,0,4502,1,5041,1,2,1,0,0,232824,1,928521,1,768,1,768,1,0,1,96,1,2976,1,96,1,0,1,2,1,0,1,0,1,1,1,8,1,27,1,0,1,0,1,224,1,16292,1,0,1,0,1,18067,1,27522,1,8,1,8,1,0,1
197,5606300,4470,9545,28.988804,,0,11,8,96,32708,8677,32874,5573592,16,211,20,1,30670,1,60,1,1834027,1,174953,1,112881,1,3409056,1,11923,1,316010,1,11903,4,520982,4,79235,4,838865,4,1600589,8,2203632,96,202948,36,3567,1,26502,1,2725,1,0,0,0,0,0,0,0,0,136408,1,21362,1,4328,1,0,0,0,0,0,0,0,0,4429,1,22063,1,30680,1,258657,1,16294,1,249,1,9545,1,4470,1,16543,1,9545,1,48,1,0,0,0,0,0,0,4500,1,5041,1,4,1,0,0,259843,1,857571,1,768,1,768,1,0,1,96,1,2988,1,96,1,0,1,2,1,0,1,0,1,1,1,8,1,27,1,0,1,0,1,222,1,16294,1,0,1,0,1,2772,1,83523,1,8,1,8,1,0,1
198,5483600,4471,9545,28.988811,,0,11,8,96,29502,8697,32413,5454098,16,211,90,1,27354,1,10,1,1844678,1,150485,1,112841,1,3306866,1,11773,1,315128,1,12204,4,520942,4,79165,4,792695,4,1545642,8,2103546,96,202377,36,3567,1,26131,1,2695,1,0,0,0,0,0,0,0,0,116258,1,16643,1,4409,1,0,0,0,0,0,0,0,0,3998,1,22354,1,30830,1,257766,1,16296,1,250,1,9545,1,4471,1,16546,1,9545,1,48,1,0,0,0,0,0,0,4501,1,5041,1,3,1,0,0,238565,1,836847,1,768,1,768,1,0,1,96,1,2976,1,96,1,0,1,2,1,0,1,0,1,1,1,8,1,28,1,0,1,0,1,222,1,16296,1,0,1,0,1,4570,1,17523,1,8,1,8,1,0,1
199,5762100,4470,9545,28.98882,,0,11,8,96,33654,8827,34898,5728446,16,211,160,1,27334,1,50,1,1832023,1,162439,1,112080,1,3582346,1,12014,1,317613,1,12795,4,535019,4,83694,4,875978,4,1708952,8,2338898,96,211134,36,3667,1,32905,1,2896,1,0,0,0,0,0,0,0,0,128672,1,17204,1,4599,1,0,0,0,0,0,0,0,0,3557,1,21993,1,30630,1,261252,1,16301,1,249,1,9545,1,4470,1,16550,1,9545,1,48,1,0,0,0,0,0,0,4499,1,5041,1,5,1,0,0,254227,1,995478,1,768,1,768,1,0,1,96,1,2988,1,96,1,0,1,2,1,0,1,0,1,1,1,8,1,27,1,0,1,0,1,222,1,16301,1,0,1,0,1,2590,1,65571,1,8,1,8,1,0,1
200,5588100,4470,9545,28.988827,,0,11,8,96,31832,8907,33756,5556268,16,211,50,1,27163,1,40,1,1834749,1,162248,1,115016,1,3405049,1,11953,1,344997,1,12054,4,520892,4,79195,4,825509,4,1575190,8,2165618,96,201325,36,3607,1,32023,1,2675,1,0,0,0,0,0,0,0,0,120827,1,23075,1,4459,1,0,0,0,0,0,0,0,0,3838,1,22133,1,30750,1,288115,1,16298,1,250,1,9545,1,4470,1,16548,1,9545,1,48,1,0,0,0,0,0,0,4500,1,5041,1,4,1,0,0,244995,1,901923,1,768,1,768,1,0,1,96,1,2988,1,96,1,0,1,2,1,0,1,0,1,1,1,8,1,23,1,0,1,0,1,227,1,16298,1,0,1,0,1,3070,1,10527,1,8,1,8,1,0,1
201,5466800,4471,9545,28.988834,,0,11,8,96,29646,8968,33136,5437154,16,211,70,1,28055,1,30,1,1835550,1,152138,1,112942,1,3296526,1,11843,1,316761,1,12124,4,520751,4,78253,4,785441,4,1542425,8,2095359,96,199371,36,3567,1,25590,1,2645,1,0,0,0,0,0,0,0,0,118993,1,16633,1,4439,1,0,0,0,0,0,0,0,0,3998,1,22564,1,30971,1,259038,1,16296,1,253,1,9545,1,4471,1,16549,1,9545,1,48,1,0,0,0,0,0,0,4499,1,5041,1,5,1,0,0,245467,1,779031,1,768,1,768,1,0,1,96,1,2964,1,96,1,0,1,2,1,0,1,0,1,1,1,8,1,27,1,0,1,0,1,226,1,16296,1,0,1,0,1,2722,1,26367,1,8,1,8,1,0,1
202,5530400,4472,9545,28.988842,,0,11,8,96,34981,8928,32885,5495419,16,211,160,1,27364,1,30,1,1841692,1,169893,1,112641,1,3331575,1,12064,1,343233,1,12154,4,521563,4,79306,4,807233,4,1524320,8,2097824,96,200844,36,3707,1,28356,1,2775,1,0,0,0,0,0,0,0,0,130827,1,21362,1,4308,1,0,0,0,0,0,0,0,0,3527,1,22384,1,30981,1,286151,1,16296,1,254,1,9545,1,4472,1,16550,1,9545,1,48,1,0,0,0,0,0,0,4499,1,5041,1,5,1,0,0,246234,1,843381,1,768,1,768,1,0,1,96,1,2976,1,96,1,0,1,2,1,0,1,0,1,1,1,8,1,28,1,0,1,0,1,226,1,16296,1,0,1,0,1,5098,1,61941,1,8,1,8,1,0,1
203,5602700,4472,9545,28.98885,,0,11,8,96,32054,12004,44296,5570646,16,211,160,1,31051,1,70,1,1845390,1,139985,1,117180,1,3425970,1,10841,1,323364,1,12555,4,525330,4,79406,4,833695,4,1606992,8,2195076,96,201315,36,4068,1,25911,1,2645,1,0,0,0,0,0,0,0,0,104695,1,16853,1,4389,1,0,0,0,0,0,0,0,0,3998,1,21683,1,30360,1,267134,1,16296,1,254,1,9545,1,4472,1,16550,1,9545,1,48,1,0,0,0,0,0,0,4502,1,5041,1,2,1,0,0,267752,1,986304,1,768,1,768,1,0,1,96,1,2964,1,96,1,0,1,2,1,0,1,0,1,1,1,8,1,28,1,0,1,0,1,226,1,16296,1,1,1,0,1,16335,1,3069,1,8,1,8,1,0,1
204,5484600,4472,9545,28.988857,,0,11,8,96,32126,11984,32885,5452474,16,211,210,1,30600,1,60,1,1831091,1,158651,1,114815,1,3305073,1,11973,1,305599,1,12174,4,522415,4,79115,4,809057,4,1531855,8,2105429,96,202597,36,3677,1,26472,1,2725,1,0,0,0,0,0,0,0,0,124274,1,17324,1,4339,1,0,0,0,0,0,0,0,0,4178,1,21332,1,30730,1,249179,1,16295,1,254,1,9545,1,4472,1,16549,1,9545,1,48,1,0,0,0,0,0,0,4502,1,5041,1,2,1,0,0,245013,1,822624,1,768,1,768,1,0,1,96,1,2976,1,96,1,0,1,2,1,0,1,0,1,1,1,8,1,28,1,0,1,0,1,226,1,16295,1,1,1,0,1,2854,1,59334,1,8,1,8,1,0,1
205,5530900,4470,9545,28.988865,,0,11,8,96,31383,8787,33636,5499517,16,211,60,1,26762,1,40,1,1835290,1,162258,1,114775,1,3348398,1,11933,1,316952,1,12194,4,522876,4,79115,4,812814,4,1563988,8,2151079,96,192087,36,3587,1,25410,1,2675,1,0,0,0,0,0,0,0,0,126979,1,17695,1,4379,1,0,0,0,0,0,0,0,0,3797,1,22003,1,30750,1,260230,1,16307,1,241,1,9545,1,4470,1,16548,1,9545,1,48,1,0,0,0,0,0,0,4502,1,5041,1,2,1,0,0,246910,1,903441,1,768,1,768,1,0,1,96,1,3000,1,96,1,0,1,2,1,0,1,0,1,1,1,8,1,27,1,0,1,0,1,214,1,16307,1,0,1,0,1,4636,1,70290,1,8,1,8,1,0,1
206,5450100,4470,9545,28.98887,,0,11,8,96,31111,12956,33395,5418989,16,211,140,1,27684,1,30,1,1832394,1,158571,1,112741,1,3274843,1,12585,1,309336,1,11994,4,521503,4,78925,4,782244,4,1526244,8,2083667,96,191425,36,3637,1,25330,1,2675,1,0,0,0,0,0,0,0,0,125396,1,16602,1,4459,1,0,0,0,0,0,0,0,0,4028,1,22184,1,31201,1,251734,1,16306,1,241,1,9545,1,4470,1,16547,1,9545,1,48,1,0,0,0,0,0,0,4502,1,5041,1,2,1,0,0,239382,1,776787,1,768,1,768,1,0,1,96,1,3000,1,96,1,0,1,2,1,0,1,0,1,1,1,8,1,27,1,0,1,0,1,214,1,16306,1,1,1,0,1,3976,1,46728,1,8,1,8,1,0,1
207,5515200,4469,9545,28.98887,,0,11,8,96,31965,8707,33175,5483235,16,211,60,1,27394,1,30,1,1844949,1,175394,1,112481,1,3311064,1,11863,1,325208,1,12104,4,522224,4,79005,4,796462,4,1535612,8,2109398,96,189502,36,3667,1,25420,1,2655,1,0,0,0,0,0,0,0,0,138391,1,19017,1,4339,1,0,0,0,0,0,0,0,0,3747,1,22234,1,30820,1,268226,1,16309,1,237,1,9545,1,4469,1,16546,1,9545,1,48,1,0,0,0,0,0,0,4503,1,5041,1,1,1,0,0,248231,1,875292,1,768,1,768,1,0,1,96,1,3000,1,96,1,0,1,2,1,0,1,0,1,1,1,8,1,27,1,0,1,0,1,210,1,16309,1,0,1,0,1,3828,1,54384,1,8,1,8,1,0,1
208,5437000,4466,9545,28.988878,,0,11,8,96,28943,8757,34086,5408057,16,211,100,1,27654,1,20,1,1835330,1,153752,1,113012,1,3266317,1,11873,1,310248,1,12054,4,521182,4,79135,4,779960,4,1520793,8,2077476,96,189191,36,3547,1,27945,1,2695,1,0,0,0,0,0,0,0,0,118663,1,17454,1,4529,1,0,0,0,0,0,0,0,0,3817,1,21993,1,30981,1,253257,1,16309,1,233,1,9545,1,4466,1,16542,1,9545,1,48,1,0,0,0,0,0,0,4503,1,5041,1,1,1,0,0,244004,1,878592,1,768,1,768,1,0,1,96,1,2964,1,96,1,0,1,2,1,0,1,0,1,1,1,8,1,24,1,0,1,0,1,209,1,16309,1,0,1,0,1,3778,1,64284,1,8,1,8,1,0,1
209,5512900,4467,9545,28.988882,,0,11,8,96,31719,8727,32422,5481181,16,211,10,1,27334,1,20,1,1835680,1,160375,1,114545,1,3331384,1,11833,1,336690,1,11823,4,521272,4,79275,4,809768,4,1530692,8,2120731,96,187307,36,3998,1,26452,1,2685,1,0,0,0,0,0,0,0,0,125155,1,17534,1,4459,1,0,0,0,0,0,0,0,0,4128,1,22254,1,30800,1,279308,1,16311,1,233,1,9545,1,4467,1,16544,1,9545,1,48,1,0,0,0,0,0,0,4502,1,5041,1,2,1,0,0,251374,1,946836,1,768,1,768,1,0,1,96,1,2988,1,96,1,0,1,2,1,0,1,0,1,1,1,8,1,24,1,0,1,0,1,209,1,16311,1,0,1,0,1,3877,1,30954,1,8,1,8,1,0,1
210,5460500,4467,9545,28.988888,,0,11,8,96,32714,13807,35458,5427786,16,211,150,1,30800,1,60,1,1841482,1,149173,1,117661,1,3277068,1,11392,1,310439,1,12344,4,521823,4,78694,4,785721,4,1520001,8,2081685,96,188580,36,3697,1,27764,1,2775,1,0,0,0,0,0,0,0,0,111970,1,17684,1,4379,1,0,0,0,0,0,0,0,0,3958,1,21823,1,30179,1,254289,1,16301,1,238,1,9545,1,4467,1,16539,1,9545,1,48,1,0,0,0,0,0,0,4503,1,5041,1,1,1,0,0,238343,1,867768,1,768,1,768,1,0,1,96,1,2976,1,96,1,0,1,2,1,0,1,0,1,1,1,8,1,23,1,0,1,0,1,215,1,16301,1,0,1,0,1,5708,1,10461,1,8,1,8,1,0,1
211,5476000,4466,9545,28.988894,,0,11,8,96,32022,9388,34338,5443978,16,211,120,1,30590,1,40,1,1834107,1,163421,1,112851,1,3290915,1,11933,1,320208,1,12174,4,519699,4,78704,4,798847,4,1519811,8,2099047,96,185273,36,3597,1,25761,1,2725,1,0,0,0,0,0,0,0,0,128272,1,17184,1,4379,1,0,0,0,0,0,0,0,0,4228,1,22033,1,30470,1,263286,1,16305,1,233,1,9545,1,4466,1,16538,1,9545,1,48,1,0,0,0,0,0,0,4503,1,5041,1,1,1,0,0,243756,1,787611,1,768,1,768,1,0,1,96,1,2988,1,96,1,0,1,2,1,0,1,0,1,1,1,8,1,24,1,0,1,0,1,209,1,16305,1,0,1,0,1,3910,1,60192,1,8,1,8,1,0,1
212,5479000,4466,9545,28.988894,,0,11,8,96,30874,11062,32784,5448126,16,211,60,1,27344,1,40,1,1841843,1,138091,1,112911,1,3315904,1,11933,1,308736,1,12224,4,519920,4,79205,4,793186,4,1558948,8,2133074,96,186275,36,3597,1,26352,1,2675,1,0,0,0,0,0,0,0,0,103533,1,16893,1,4349,1,0,0,0,0,0,0,0,0,3938,1,21422,1,30630,1,252555,1,16305,1,233,1,9545,1,4466,1,16538,1,9545,1,48,1,0,0,0,0,0,0,4504,1,5041,1,0,1,0,0,250778,1,898458,1,768,1,768,1,0,1,96,1,2988,1,96,1,0,1,2,1,0,1,0,1,1,1,8,1,24,1,0,1,0,1,209,1,16305,1,1,1,0,1,2194,1,43296,1,8,1,8,1,0,1
213,5471100,4467,9545,28.988894,,0,11,8,96,31691,8597,33386,5439409,16,211,90,1,27203,1,30,1,1839207,1,156637,1,111639,1,3292398,1,12204,1,308074,1,11933,4,520260,4,79316,4,804598,4,1528588,8,2113104,96,186696,36,3577,1,24759,1,2695,1,0,0,0,0,0,0,0,0,121639,1,17625,1,4379,1,0,0,0,0,0,0,0,0,3817,1,22234,1,30420,1,251423,1,16303,1,233,1,9545,1,4467,1,16536,1,9545,1,48,1,0,0,0,0,0,0,4501,1,5041,1,3,1,0,0,244764,1,901857,1,768,1,768,1,0,1,96,1,2988,1,96,1,0,1,2,1,0,1,0,1,1,1,8,1,24,1,0,1,0,1,209,1,16303,1,0,1,0,1,4108,1,25806,1,8,1,8,1,0,1
214,5553200,4467,9545,28.988894,,0,11,8,96,31640,9669,37093,5521560,16,211,100,1,30750,1,50,1,1842133,1,143431,1,114545,1,3378737,1,11813,1,320869,1,12104,4,519769,4,87712,4,815640,4,1579839,8,2174244,96,184141,36,3757,1,26642,1,2735,1,0,0,0,0,0,0,0,0,107210,1,17534,1,4399,1,0,0,0,0,0,0,0,0,3727,1,25139,1,30750,1,261062,1,16306,1,233,1,9545,1,4467,1,16539,1,9545,1,48,1,0,0,0,0,0,0,4501,1,5041,1,3,1,0,0,252876,1,876975,1,768,1,768,1,0,1,96,1,2988,1,96,1,0,1,2,1,0,1,0,1,1,1,8,1,24,1,0,1,0,1,209,1,16306,1,1,1,0,1,3036,1,48576,1,8,1,8,1,0,1
215,5708000,4468,9545,28.9889,,0,11,8,96,35474,8968,37323,5672526,16,211,170,1,30450,1,40,1,1830971,1,160174,1,112380,1,3524964,1,13376,1,303856,1,11823,4,526533,4,79666,4,813546,4,1716497,8,2297096,96,195624,36,5962,1,49467,1,8647,1,0,0,0,0,0,0,0,0,125657,1,17023,1,4339,1,0,0,0,0,0,0,0,0,4158,1,22133,1,30490,1,246884,1,16302,1,240,1,9545,1,4468,1,16542,1,9545,1,48,1,0,0,0,0,0,0,4502,1,5041,1,2,1,0,0,253800,1,976125,1,765,1,766,1,0,1,96,1,2964,1,96,1,0,1,2,1,0,1,0,1,1,1,8,1,24,1,0,1,0,1,216,1,16302,1,0,1,0,1,2425,1,63756,1,8,1,8,1,0,1
216,5614500,4467,9545,28.9889,,0,11,8,96,43400,11252,34076,5571100,16,211,220,1,27284,1,70,1,1833727,1,200356,1,147579,1,3349520,1,12344,1,407670,1,12014,4,518747,4,78554,4,772906,4,1508088,8,2059520,96,187398,36,4188,1,33315,1,2785,1,0,0,0,0,0,0,0,0,135328,1,40570,1,5491,1,0,0,0,0,0,0,0,0,3517,1,27163,1,37003,1,339726,1,16310,1,233,1,9545,1,4467,1,16543,1,9545,1,48,1,0,0,0,0,0,0,4503,1,5041,1,1,1,0,0,244034,1,862455,1,768,1,768,1,0,1,96,1,2988,1,96,1,0,1,2,1,0,1,0,1,1,1,8,1,24,1,0,1,0,1,209,1,16310,1,0,1,0,1,3029,1,77164,1,8,1,8,1,0,1
217,5515900,4468,9545,28.9889,,0,11,8,96,31172,8767,33826,5484728,16,211,130,1,27454,1,60,1,1830781,1,165505,1,113673,1,3334811,1,12314,1,325338,1,12064,4,520301,4,78935,4,805189,4,1551293,8,2128656,96,194001,36,3787,1,26372,1,2765,1,0,0,0,0,0,0,0,0,129234,1,17865,1,4409,1,0,0,0,0,0,0,0,0,3938,1,22063,1,31001,1,268176,1,16306,1,240,1,9545,1,4468,1,16546,1,9545,1,48,1,0,0,0,0,0,0,4502,1,5041,1,2,1,0,0,241601,1,959937,1,768,1,768,1,0,1,96,1,2952,1,96,1,0,1,2,1,0,1,0,1,1,1,8,1,24,1,0,1,0,1,216,1,16306,1,0,1,0,1,3745,1,65703,1,8,1,8,1,0,1
218,5489000,4467,9545,28.9889,,0,11,8,96,33890,8837,34466,5455110,16,211,40,1,27504,1,50,1,1840780,1,155635,1,113412,1,3305774,1,11913,1,316932,1,12695,4,520892,4,78965,4,779990,4,1554168,8,2112134,96,187558,36,3627,1,26993,1,2675,1,0,0,0,0,0,0,0,0,121588,1,17454,1,4429,1,0,0,0,0,0,0,0,0,4008,1,22053,1,31121,1,259569,1,16313,1,233,1,9545,1,4467,1,16546,1,9545,1,48,1,0,0,0,0,0,0,4504,1,5041,1,0,1,0,0,247132,1,839157,1,768,1,768,1,0,1,96,1,2988,1,96,1,0,1,2,1,0,1,0,1,1,1,8,1,24,1,0,1,0,1,209,1,16313,1,0,1,0,1,3217,1,17556,1,8,1,8,1,0,1
219,5542300,4468,9545,28.9889,,0,11,8,96,36180,8928,33766,5506120,16,211,40,1,27163,1,50,1,1835200,1,162900,1,113242,1,3355251,1,12274,1,336500,1,12144,4,521934,4,79436,4,814508,4,1550661,8,2136090,96,195313,36,3567,1,24819,1,2755,1,0,0,0,0,0,0,0,0,126278,1,19729,1,4459,1,0,0,0,0,0,0,0,0,3878,1,22344,1,31171,1,278927,1,16309,1,240,1,9545,1,4468,1,16549,1,9545,1,48,1,0,0,0,0,0,0,4501,1,5041,1,3,1,0,0,252546,1,830841,1,768,1,768,1,0,1,96,1,2952,1,96,1,0,1,2,1,0,1,0,1,1,1,8,1,24,1,0,1,0,1,216,1,16309,1,0,1,0,1,5230,1,26433,1,8,1,8,1,0,1
220,5446800,4468,9545,28.9889,,0,11,8,96,31999,11473,33966,5414801,16,211,10,1,27774,1,50,1,1841201,1,140576,1,113873,1,3279082,1,12234,1,324827,1,12284,4,524459,4,79215,4,777024,4,1517787,8,2067756,96,193089,36,3657,1,25680,1,2675,1,0,0,0,0,0,0,0,0,107160,1,17043,1,4379,1,0,0,0,0,0,0,0,0,3938,1,21783,1,30590,1,268316,1,16308,1,240,1,9545,1,4468,1,16548,1,9545,1,48,1,0,0,0,0,0,0,4503,1,5041,1,1,1,0,0,252527,1,749232,1,768,1,768,1,0,1,96,1,2952,1,96,1,0,1,2,1,0,1,0,1,1,1,8,1,24,1,0,1,0,1,216,1,16308,1,1,1,0,1,2128,1,52041,1,8,1,8,1,0,1
221,5503200,4468,9545,28.9889,,0,11,8,96,33602,12445,33735,5469598,16,211,10,1,27143,1,50,1,1840520,1,166937,1,114675,1,3308229,1,12034,1,314096,1,10481,4,526152,4,77763,4,822173,4,1513178,8,2107745,96,193870,36,3607,1,25580,1,2755,1,0,0,0,0,0,0,0,0,131979,1,17705,1,4339,1,0,0,0,0,0,0,0,0,4429,1,21562,1,30670,1,257235,1,16308,1,240,1,9545,1,4468,1,16548,1,9545,1,48,1,0,0,0,0,0,0,4503,1,5041,1,1,1,0,0,249899,1,797676,1,768,1,768,1,0,1,96,1,2952,1,96,1,0,1,2,1,0,1,0,1,1,1,8,1,24,1,0,1,0,1,216,1,16308,1,1,1,1,1,5626,1,59499,1,8,1,8,1,0,1
222,5591800,4467,9545,28.9889,,0,11,8,96,31634,7405,33587,5560166,16,211,40,1,27444,1,40,1,1839839,1,139965,1,126198,1,3414738,1,11903,1,353834,1,11623,4,522014,4,79015,4,814508,4,1591592,8,2186087,96,186426,36,3677,1,28235,1,2836,1,0,0,0,0,0,0,0,0,103593,1,20170,1,4389,1,0,0,0,0,0,0,0,0,3998,1,21442,1,30840,1,297383,1,16315,1,233,1,9545,1,4467,1,16548,1,9545,1,48,1,0,0,0,0,0,0,4504,1,5041,1,0,1,0,0,257980,1,917466,1,768,1,768,1,0,1,96,1,2976,1,96,1,0,1,2,1,0,1,0,1,1,1,8,1,24,1,0,1,0,1,209,1,16315,1,0,1,0,1,1996,1,17589,1,8,1,8,1,0,1
223,5467900,4468,9545,28.9889,,0,11,8,96,30706,7835,33865,5437194,16,211,50,1,27444,1,20,1,1840510,1,155585,1,122851,1,3278440,1,12294,1,315779,1,12424,4,523617,4,79536,4,778287,4,1530201,8,2081203,96,193419,36,3577,1,24388,1,2795,1,0,0,0,0,0,0,0,0,121709,1,17284,1,4369,1,0,0,0,0,0,0,0,0,3737,1,23426,1,31071,1,257345,1,16310,1,240,1,9545,1,4468,1,16550,1,9545,1,48,1,0,0,0,0,0,0,4503,1,5041,1,1,1,0,0,238118,1,728508,1,768,1,768,1,0,1,96,1,2952,1,96,1,0,1,2,1,0,1,0,1,1,1,8,1,24,1,0,1,0,1,216,1,16310,1,0,1,0,1,1963,1,17985,1,8,1,8,1,0,1
224,5509200,4467,9545,28.9889,,0,11,8,96,33991,8707,33455,5475209,16,211,100,1,27644,1,40,1,1842424,1,167569,1,112280,1,3312968,1,12184,1,319637,1,12184,4,524348,4,79366,4,797985,4,1536604,8,2112474,96,188660,36,3567,1,27895,1,2675,1,0,0,0,0,0,0,0,0,127480,1,22424,1,4308,1,0,0,0,0,0,0,0,0,3116,1,22133,1,29929,1,264278,1,16317,1,233,1,9545,1,4467,1,16550,1,9545,1,48,1,0,0,0,0,0,0,4501,1,5041,1,3,1,0,0,255952,1,868890,1,768,1,768,1,0,1,96,1,2976,1,96,1,0,1,2,1,0,1,0,1,1,1,8,1,24,1,0,1,0,1,209,1,16317,1,0,1,0,1,5098,1,3498,1,8,1,8,1,0,1
225,5449400,4467,9545,28.9889,,0,11,8,96,30161,11994,34026,5419239,16,211,20,1,27033,1,40,1,1834228,1,161377,1,112952,1,3271477,1,12114,1,308876,1,11783,4,522445,4,78614,4,776393,4,1530662,8,2084429,96,188600,36,3617,1,24368,1,2725,1,0,0,0,0,0,0,0,0,126899,1,16873,1,4389,1,0,0,0,0,0,0,0,0,3978,1,22113,1,30720,1,251864,1,16317,1,233,1,9545,1,4467,1,16550,1,9545,1,48,1,0,0,0,0,0,0,4503,1,5041,1,1,1,0,0,244071,1,699732,1,768,1,768,1,0,1,96,1,2976,1,96,1,0,1,2,1,0,1,0,1,1,1,8,1,24,1,0,1,0,1,209,1,16317,1,1,1,0,1,4405,1,64878,1,8,1,8,1,0,1
226,5517600,4468,9545,28.9889,,0,11,8,96,30518,8767,31762,5487082,16,211,30,1,27444,1,40,1,1849367,1,158220,1,111459,1,3328659,1,11863,1,317583,1,12094,4,523857,4,78795,4,806682,4,1548668,8,2130338,96,193249,36,3577,1,25911,1,2725,1,0,0,0,0,0,0,0,0,123522,1,17274,1,4429,1,0,0,0,0,0,0,0,0,3567,1,22264,1,30840,1,260711,1,16310,1,240,1,9545,1,4468,1,16550,1,9545,1,48,1,0,0,0,0,0,0,4503,1,5041,1,1,1,0,0,249133,1,935154,1,768,1,768,1,0,1,96,1,2952,1,96,1,0,1,2,1,0,1,0,1,1,1,8,1,24,1,0,1,0,1,216,1,16310,1,0,1,0,1,3283,1,57981,1,8,1,8,1,0,1
227,5497200,4467,9545,28.9889,,0,11,8,96,29836,8727,33876,5467364,16,211,100,1,27304,1,40,1,1844297,1,151928,1,111749,1,3319751,1,12194,1,318515,1,12034,4,522575,4,78654,4,789839,4,1558367,8,2126973,96,187357,36,3567,1,24779,1,2695,1,0,0,0,0,0,0,0,0,116579,1,18687,1,4409,1,0,0,0,0,0,0,0,0,3206,1,22404,1,30079,1,262645,1,16317,1,233,1,9545,1,4467,1,16550,1,9545,1,48,1,0,0,0,0,0,0,4502,1,5041,1,2,1,0,0,242030,1,871266,1,768,1,768,1,0,1,96,1,2976,1,96,1,0,1,2,1,0,1,0,1,1,1,8,1,24,1,0,1,0,1,209,1,16317,1,0,1,0,1,5065,1,62766,1,8,1,8,1,0,1
228,5511300,4467,9545,28.9889,,0,11,8,96,35580,11874,32202,5475720,16,211,20,1,26813,1,80,1,1840139,1,164803,1,112661,1,3318599,1,12605,1,330508,1,12044,4,522665,4,79165,4,804989,4,1526083,8,2111152,96,187718,36,3577,1,24979,1,2715,1,0,0,0,0,0,0,0,0,127711,1,20791,1,4359,1,0,0,0,0,0,0,0,0,4188,1,22093,1,30961,1,273086,1,16317,1,233,1,9545,1,4467,1,16550,1,9545,1,48,1,0,0,0,0,0,0,4504,1,5041,1,0,1,0,0,245401,1,843381,1,768,1,768,1,0,1,96,1,2976,1,96,1,0,1,2,1,0,1,0,1,1,1,8,1,24,1,0,1,0,1,209,1,16317,1,1,1,0,1,2029,1,61446,1,8,1,8,1,0,1
229,5548500,4468,9545,28.9889,,0,11,8,96,30908,8697,33115,5517592,16,211,70,1,27153,1,40,1,1841021,1,141377,1,112090,1,3383486,1,12354,1,322763,1,17114,4,524228,4,78965,4,800139,4,1600249,8,2173543,96,193730,36,3607,1,24568,1,3156,1,0,0,0,0,0,0,0,0,106910,1,16993,1,4359,1,0,0,0,0,0,0,0,0,3848,1,22344,1,31131,1,265260,1,16311,1,240,1,9545,1,4468,1,16551,1,9545,1,48,1,0,0,0,0,0,0,4502,1,5041,1,2,1,0,0,255993,1,897600,1,768,1,768,1,0,1,96,1,2952,1,96,1,0,1,2,1,0,1,0,1,1,1,8,1,24,1,0,1,0,1,216,1,16311,1,0,1,0,1,2458,1,50985,1,8,1,8,1,0,1
230,5483700,4467,9545,28.9889,,0,11,8,96,31186,8787,33324,5452514,16,211,80,1,27594,1,50,1,1847424,1,162639,1,114094,1,3288620,1,12014,1,312383,1,12074,4,524228,4,79035,4,791402,4,1527366,8,2099069,96,186376,36,3607,1,27013,1,2725,1,0,0,0,0,0,0,0,0,126398,1,18637,1,4419,1,0,0,0,0,0,0,0,0,3637,1,21983,1,30620,1,255952,1,16319,1,233,1,9545,1,4467,1,16552,1,9545,1,48,1,0,0,0,0,0,0,4504,1,5041,1,0,1,0,0,245178,1,872784,1,768,1,768,1,0,1,96,1,2976,1,96,1,0,1,2,1,0,1,0,1,1,1,8,1,24,1,0,1,0,1,209,1,16319,1,0,1,0,1,2326,1,62304,1,8,1,8,1,0,1
231,5525000,4467,9545,28.9889,,0,11,8,96,31315,10942,33155,5493685,16,211,130,1,26953,1,40,1,1840290,1,140716,1,113302,1,3360151,1,12104,1,310038,1,11943,4,522805,4,78985,4,809418,4,1584939,8,2175126,96,186075,36,3547,1,24839,1,2695,1,0,0,0,0,0,0,0,0,105377,1,17845,1,4359,1,0,0,0,0,0,0,0,0,3878,1,21743,1,30861,1,253377,1,16319,1,233,1,9545,1,4467,1,16552,1,9545,1,48,1,0,0,0,0,0,0,4504,1,5041,1,0,1,0,0,242411,1,909546,1,768,1,768,1,0,1,96,1,2976,1,96,1,0,1,2,1,0,1,0,1,1,1,8,1,24,1,0,1,0,1,209,1,16319,1,1,1,0,1,2326,1,50424,1,8,1,8,1,0,1
232,5508200,4467,9545,28.9889,,0,11,8,96,30536,13967,34416,5477664,16,211,70,1,27644,1,50,1,1835149,1,150796,1,112561,1,3339440,1,11953,1,307172,1,12374,4,521413,4,79025,4,799819,4,1571843,8,2145790,96,191456,36,3817,1,26702,1,3306,1,0,0,0,0,0,0,0,0,116749,1,16833,1,4369,1,0,0,0,0,0,0,0,0,4188,1,22143,1,31051,1,249610,1,16318,1,233,1,9545,1,4467,1,16551,1,9545,1,48,1,0,0,0,0,0,0,4504,1,5041,1,0,1,0,0,250013,1,790779,1,768,1,768,1,0,1,96,1,2976,1,96,1,0,1,2,1,0,1,0,1,1,1,8,1,24,1,0,1,0,1,209,1,16318,1,1,1,0,1,4042,1,11616,1,8,1,8,1,0,1
233,5527400,4468,9545,28.9889,,0,11,8,96,33374,8707,32373,5494026,16,211,150,1,26953,1,40,1,1842704,1,166887,1,115116,1,3330202,1,11973,1,330298,1,12154,4,522625,4,79386,4,806853,4,1537636,8,2121441,96,190674,36,3587,1,26241,1,2715,1,0,0,0,0,0,0,0,0,127580,1,21703,1,4379,1,0,0,0,0,0,0,0,0,3938,1,22163,1,31372,1,272635,1,16312,1,240,1,9545,1,4468,1,16552,1,9545,1,48,1,0,0,0,0,0,0,4504,1,5041,1,0,1,0,0,245139,1,946308,1,768,1,768,1,0,1,96,1,2964,1,96,1,0,1,2,1,0,1,0,1,1,1,8,1,24,1,0,1,0,1,216,1,16312,1,0,1,0,1,3118,1,17655,1,8,1,8,1,0,1
234,5462400,4467,9545,28.9889,,0,11,8,96,30837,8697,32874,5431563,16,211,80,1,27554,1,50,1,1847273,1,158531,1,114044,1,3272118,1,11913,1,320418,1,12464,4,521683,4,78624,4,774990,4,1524580,8,2080131,96,186566,36,3547,1,24398,1,2715,1,0,0,0,0,0,0,0,0,125186,1,16993,1,4339,1,0,0,0,0,0,0,0,0,3647,1,22244,1,31001,1,263347,1,16318,1,233,1,9545,1,4467,1,16551,1,9545,1,48,1,0,0,0,0,0,0,4504,1,5041,1,0,1,0,0,253205,1,843381,1,768,1,768,1,0,1,96,1,2976,1,96,1,0,1,2,1,0,1,0,1,1,1,8,1,24,1,0,1,0,1,209,1,16318,1,0,1,0,1,2722,1,70620,1,8,1,8,1,0,1
235,5544100,4467,9545,28.9889,,0,11,8,96,34173,12354,33726,5509927,16,211,130,1,27243,1,40,1,1835801,1,160956,1,114805,1,3358888,1,12064,1,315238,1,13196,4,523336,4,79676,4,810400,4,1572164,8,2157151,96,191686,36,3587,1,26211,1,2725,1,0,0,0,0,0,0,0,0,126188,1,16833,1,4409,1,0,0,0,0,0,0,0,0,4078,1,22334,1,30740,1,257906,1,16319,1,233,1,9545,1,4467,1,16552,1,9545,1,48,1,0,0,0,0,0,0,4502,1,5041,1,2,1,0,0,251518,1,810843,1,768,1,768,1,0,1,96,1,2976,1,96,1,0,1,2,1,0,1,0,1,1,1,8,1,24,1,0,1,0,1,209,1,16319,1,1,1,0,1,2260,1,52008,1,8,1,8,1,0,1
236,5532200,4467,9545,28.9889,,0,11,8,96,31090,11743,33516,5501110,16,211,10,1,27053,1,40,1,1839598,1,142830,1,113583,1,3365812,1,12184,1,326891,1,12074,4,522405,4,79436,4,800330,4,1577975,8,2156830,96,187959,36,3587,1,28606,1,2765,1,0,0,0,0,0,0,0,0,106409,1,19719,1,4419,1,0,0,0,0,0,0,0,0,3797,1,21873,1,30730,1,270300,1,16321,1,233,1,9545,1,4467,1,16554,1,9545,1,48,1,0,0,0,0,0,0,4503,1,5041,1,1,1,0,0,246665,1,883047,1,768,1,768,1,0,1,96,1,2976,1,96,1,0,1,2,1,0,1,0,1,1,1,8,1,24,1,0,1,0,1,209,1,16321,1,1,1,0,1,2029,1,49962,1,8,1,8,1,0,1
237,5494000,4467,9545,28.9889,,0,11,8,96,32277,12805,34186,5461723,16,211,20,1,27434,1,40,1,1859487,1,160284,1,113563,1,3289011,1,11883,1,321861,1,12024,4,521523,4,79286,4,787284,4,1524190,8,2091012,96,186275,36,3557,1,23797,1,2685,1,0,0,0,0,0,0,0,0,125867,1,17043,1,4369,1,0,0,0,0,0,0,0,0,4278,1,21953,1,31111,1,264348,1,16321,1,233,1,9545,1,4467,1,16554,1,9545,1,48,1,0,0,0,0,0,0,4502,1,5041,1,2,1,0,0,258913,1,782034,1,768,1,768,1,0,1,96,1,2976,1,96,1,0,1,2,1,0,1,0,1,1,1,8,1,24,1,0,1,0,1,209,1,16321,1,1,1,1,1,2458,1,31020,1,8,1,8,1,0,1
238,5541800,4467,9545,28.9889,,0,11,8,96,33967,12765,33295,5507833,16,211,60,1,27424,1,90,1,1835520,1,146978,1,113623,1,3372194,1,11943,1,317463,1,12174,4,523637,4,78905,4,808686,4,1586662,8,2174966,96,187087,36,3557,1,25670,1,2675,1,0,0,0,0,0,0,0,0,112120,1,17524,1,4308,1,0,0,0,0,0,0,0,0,3998,1,22033,1,30820,1,260461,1,16321,1,233,1,9545,1,4467,1,16554,1,9545,1,48,1,0,0,0,0,0,0,4504,1,5041,1,0,1,0,0,255387,1,931656,1,768,1,768,1,0,1,96,1,2976,1,96,1,0,1,2,1,0,1,0,1,1,1,8,1,24,1,0,1,0,1,209,1,16321,1,1,1,1,1,2607,1,18150,1,8,1,8,1,0,1
239,5448600,4467,9545,28.9889,,0,11,8,96,31585,12845,33076,5417015,16,211,30,1,26592,1,40,1,1835430,1,152559,1,112861,1,3277148,1,12354,1,312673,1,12194,4,523367,4,79125,4,778206,4,1528588,8,2086922,96,186796,36,3547,1,23947,1,2655,1,0,0,0,0,0,0,0,0,118623,1,16743,1,4389,1,0,0,0,0,0,0,0,0,4429,1,21973,1,30961,1,255100,1,16321,1,233,1,9545,1,4467,1,16554,1,9545,1,48,1,0,0,0,0,0,0,4504,1,5041,1,0,1,0,0,245245,1,815100,1,768,1,768,1,0,1,96,1,2976,1,96,1,0,1,2,1,0,1,0,1,1,1,8,1,24,1,0,1,0,1,209,1,16321,1,1,1,1,1,3811,1,11121,1,8,1,8,1,0,1
240,5521500,4467,9545,28.9889,,0,11,8,96,32975,12004,33706,5488525,16,211,120,1,27344,1,40,1,1840560,1,161978,1,113282,1,3333308,1,11893,1,309908,1,11953,4,523066,4,78975,4,806792,4,1559328,8,2145568,96,186846,36,3567,1,24969,1,2745,1,0,0,0,0,0,0,0,0,128672,1,17003,1,4349,1,0,0,0,0,0,0,0,0,3667,1,21803,1,30640,1,253587,1,16322,1,233,1,9545,1,4467,1,16555,1,9545,1,48,1,0,0,0,0,0,0,4502,1,5041,1,2,1,0,0,256001,1,869880,1,768,1,768,1,0,1,96,1,2976,1,96,1,0,1,2,1,0,1,0,1,1,1,8,1,24,1,0,1,0,1,209,1,16322,1,1,1,0,1,4174,1,61413,1,8,1,8,1,0,1
241,5436800,4468,9545,28.9889,,0,11,8,96,30606,8697,34507,5406194,16,211,30,1,27203,1,40,1,1836061,1,160324,1,112481,1,3257589,1,12464,1,311761,1,11843,4,523797,4,79275,4,772305,4,1518889,8,2065512,96,191175,36,3577,1,24749,1,2695,1,0,0,0,0,0,0,0,0,123071,1,20520,1,4419,1,0,0,0,0,0,0,0,0,3376,1,22103,1,29768,1,256343,1,16315,1,240,1,9545,1,4468,1,16555,1,9545,1,48,1,0,0,0,0,0,0,4504,1,5041,1,0,1,0,0,239902,1,792264,1,768,1,768,1,0,1,96,1,2952,1,96,1,0,1,2,1,0,1,0,1,1,1,8,1,24,1,0,1,0,1,216,1,16315,1,0,1,0,1,5956,1,26862,1,8,1,8,1,0,1
242,5553800,4467,9545,28.9889,,0,11,8,96,35456,14118,35608,5518344,16,211,150,1,30710,1,70,1,1835109,1,166296,1,115056,1,3359139,1,11813,1,323494,1,11963,4,522084,4,88504,4,815129,4,1550822,8,2143646,96,186696,36,3647,1,26502,1,2876,1,0,0,0,0,0,0,0,0,130777,1,17274,1,4369,1,0,0,0,0,0,0,0,0,3998,1,21372,1,30620,1,267304,1,16323,1,233,1,9545,1,4467,1,16556,1,9545,1,48,1,0,0,0,0,0,0,4504,1,5040,1,1,1,0,0,238545,1,837441,1,768,1,768,1,0,1,96,1,2976,1,96,1,0,1,2,1,0,1,0,1,1,1,8,1,24,1,0,1,0,1,209,1,16323,1,0,1,0,1,4554,1,50325,1,8,1,8,1,0,1
243,5426100,4467,9545,28.9889,,0,11,8,96,29445,11072,32994,5396655,16,211,80,1,30550,1,50,1,1831913,1,144002,1,112170,1,3265806,1,12084,1,315008,1,12124,4,523857,4,78855,4,779589,4,1514661,8,2074500,96,186756,36,3577,1,24358,1,2705,1,0,0,0,0,0,0,0,0,110016,1,16562,1,4328,1,0,0,0,0,0,0,0,0,4238,1,21733,1,30891,1,257986,1,16322,1,233,1,9545,1,4467,1,16555,1,9545,1,48,1,0,0,0,0,0,0,4504,1,5041,1,0,1,0,0,253672,1,767085,1,768,1,768,1,0,1,96,1,2976,1,96,1,0,1,2,1,0,1,0,1,1,1,8,1,24,1,0,1,0,1,209,1,16322,1,1,1,0,1,3070,1,58443,1,8,1,8,1,0,1
244,5520400,4467,9545,28.988903,,0,11,8,96,31474,12054,33895,5488926,16,211,10,1,27314,1,40,1,1834809,1,154413,1,112691,1,3347696,1,11953,1,307894,1,12234,4,522525,4,79005,4,825589,4,1552685,8,2155720,96,188660,36,3567,1,29348,1,2795,1,0,0,0,0,0,0,0,0,120236,1,17043,1,4349,1,0,0,0,0,0,0,0,0,4008,1,21662,1,30360,1,251684,1,16322,1,233,1,9545,1,4467,1,16555,1,9545,1,48,1,0,0,0,0,0,0,4503,1,5041,1,1,1,0,0,250102,1,801504,1,768,1,768,1,0,1,96,1,2976,1,96,1,0,1,2,1,0,1,0,1,1,1,8,1,24,1,0,1,0,1,209,1,16322,1,1,1,1,1,6715,1,24948,1,8,1,8,1,0,1
245,5517400,4468,9545,28.988903,,0,11,8,96,29356,8808,33616,5488044,16,211,100,1,28506,1,40,1,1836713,1,140355,1,111729,1,3358577,1,12024,1,316981,1,12434,4,525641,4,79556,4,816872,4,1566442,8,2157772,96,191926,36,3557,1,25500,1,2785,1,0,0,0,0,0,0,0,0,105517,1,17695,1,4349,1,0,0,0,0,0,0,0,0,4028,1,22194,1,30901,1,259669,1,16317,1,240,1,9545,1,4468,1,16557,1,9545,1,48,1,0,0,0,0,0,0,4504,1,5041,1,0,1,0,0,242707,1,903639,1,768,1,768,1,0,1,96,1,2964,1,96,1,0,1,2,1,0,1,0,1,1,1,8,1,24,1,0,1,0,1,216,1,16317,1,0,1,0,1,1996,1,47949,1,8,1,8,1,0,1
246,5461200,4467,9545,28.988903,,0,11,8,96,30829,8747,33014,5430371,16,211,90,1,27554,1,40,1,1838225,1,156978,1,113603,1,3281727,1,12154,1,312102,1,11994,4,522685,4,79005,4,790130,4,1524711,8,2092174,96,189652,36,3577,1,26021,1,2755,1,0,0,0,0,0,0,0,0,123272,1,17214,1,4339,1,0,0,0,0,0,0,0,0,3858,1,21963,1,30500,1,255601,1,16323,1,233,1,9545,1,4467,1,16556,1,9545,1,48,1,0,0,0,0,0,0,4504,1,5041,1,0,1,0,0,243861,1,740652,1,768,1,768,1,0,1,96,1,2988,1,96,1,0,1,2,1,0,1,0,1,1,1,8,1,24,1,0,1,0,1,209,1,16323,1,0,1,0,1,5395,1,58476,1,8,1,8,1,0,1
247,5519400,4467,9545,28.988903,,0,11,8,96,29753,11002,33896,5489647,16,211,60,1,27284,1,40,1,1840360,1,140225,1,113172,1,3356564,1,11943,1,315349,1,12084,4,522184,4,79145,4,805199,4,1581181,8,2162021,96,190464,36,3547,1,24137,1,2735,1,0,0,0,0,0,0,0,0,105106,1,17494,1,4429,1,0,0,0,0,0,0,0,0,4018,1,21652,1,30961,1,258517,1,16321,1,233,1,9545,1,4467,1,16554,1,9545,1,48,1,0,0,0,0,0,0,4504,1,5041,1,0,1,0,0,256480,1,943008,1,768,1,768,1,0,1,96,1,2976,1,96,1,0,1,2,1,0,1,0,1,1,1,8,1,24,1,0,1,0,1,209,1,16321,1,1,1,0,1,2029,1,44418,1,8,1,8,1,0,1
248,5430300,4468,9545,28.988903,,0,11,8,96,31200,8697,32324,5399100,16,211,80,1,26642,1,40,1,1834889,1,159633,1,113352,1,3252299,1,12164,1,317533,1,11833,4,521262,4,78915,4,772946,4,1508399,8,2058427,96,190594,36,3577,1,26422,1,2715,1,0,0,0,0,0,0,0,0,124675,1,17615,1,4379,1,0,0,0,0,0,0,0,0,4328,1,22254,1,31131,1,259639,1,16316,1,240,1,9545,1,4468,1,16556,1,9545,1,48,1,0,0,0,0,0,0,4504,1,5041,1,0,1,0,0,246375,1,698412,1,768,1,768,1,0,1,96,1,2952,1,96,1,0,1,2,1,0,1,0,1,1,1,8,1,24,1,0,1,0,1,216,1,16316,1,0,1,0,1,5131,1,45441,1,8,1,8,1,0,1
249,5538100,4467,9545,28.988903,,0,11,8,96,32582,8968,33886,5505518,16,211,140,1,27344,1,40,1,1834478,1,141999,1,113052,1,3376242,1,12224,1,320568,1,13256,4,525320,4,79706,4,801913,4,1594367,8,2172592,96,189802,36,3587,1,25781,1,2775,1,0,0,0,0,0,0,0,0,107992,1,16583,1,4379,1,0,0,0,0,0,0,0,0,3968,1,22023,1,30951,1,263437,1,16322,1,233,1,9545,1,4467,1,16555,1,9545,1,48,1,0,0,0,0,0,0,4504,1,5041,1,0,1,0,0,257651,1,809292,1,768,1,768,1,0,1,96,1,2976,1,96,1,0,1,2,1,0,1,0,1,1,1,8,1,24,1,0,1,0,1,209,1,16322,1,0,1,0,1,2062,1,9042,1,8,1,8,1,0,1
250,5453300,4467,9545,28.988903,,0,11,8,96,32047,10481,34036,5421253,16,211,120,1,27554,1,20,1,1837895,1,159343,1,114244,1,3270194,1,11883,1,321681,1,11943,4,522575,4,79135,4,775090,4,1515763,8,2069249,96,187568,36,3577,1,27263,1,2685,1,0,0,0,0,0,0,0,0,121518,1,20109,1,4369,1,0,0,0,0,0,0,0,0,3617,1,21673,1,30710,1,265521,1,16324,1,233,1,9545,1,4467,1,16557,1,9545,1,48,1,0,0,0,0,0,0,4503,1,5041,1,1,1,0,0,241515,1,707256,1,768,1,768,1,0,1,96,1,2964,1,96,1,0,1,2,1,0,1,0,1,1,1,8,1,24,1,0,1,0,1,209,1,16324,1,1,1,0,1,3778,1,27720,1,8,1,8,1,0,1
251,5486000,4467,9545,28.988903,,0,11,8,96,32754,9939,32383,5453246,16,211,80,1,26843,1,40,1,1842404,1,161747,1,112972,1,3297107,1,12054,1,308495,1,12024,4,520962,4,79215,4,799598,4,1536313,8,2117534,96,185995,36,3567,1,24278,1,2715,1,0,0,0,0,0,0,0,0,126999,1,16843,1,4529,1,0,0,0,0,0,0,0,0,3908,1,21693,1,30840,1,251884,1,16322,1,233,1,9545,1,4467,1,16555,1,9545,1,48,1,0,0,0,0,0,0,4501,1,5041,1,3,1,0,0,244523,1,825759,1,768,1,768,1,0,1,96,1,2964,1,96,1,0,1,2,1,0,1,0,1,1,1,8,1,24,1,0,1,0,1,209,1,16322,1,1,1,0,1,4372,1,63360,1,8,1,8,1,0,1
252,5457900,4467,9545,28.988903,,0,11,8,96,29944,9879,33616,5427956,16,211,110,1,27444,1,40,1,1836141,1,154744,1,112100,1,3285524,1,11853,1,307353,1,12084,4,523346,4,79516,4,806532,4,1514961,8,2102033,96,185845,36,3567,1,25560,1,2725,1,0,0,0,0,0,0,0,0,121578,1,16763,1,4439,1,0,0,0,0,0,0,0,0,3898,1,21733,1,31021,1,250551,1,16324,1,233,1,9545,1,4467,1,16557,1,9545,1,48,1,0,0,0,0,0,0,4504,1,5041,1,0,1,0,0,244052,1,780747,1,768,1,768,1,0,1,96,1,2976,1,96,1,0,1,2,1,0,1,0,1,1,1,8,1,24,1,0,1,0,1,209,1,16324,1,1,1,0,1,3316,1,58212,1,8,1,8,1,0,1
253,5507900,4468,9545,28.988903,,0,11,8,96,34575,9078,34257,5473325,16,211,140,1,30490,1,70,1,1843205,1,162889,1,114124,1,3311465,1,10941,1,329416,1,12334,4,522124,4,79175,4,805620,4,1522907,8,2102815,96,191456,36,3677,1,24468,1,2665,1,0,0,0,0,0,0,0,0,124654,1,19749,1,4328,1,0,0,0,0,0,0,0,0,3917,1,21963,1,30901,1,272434,1,16316,1,240,1,9545,1,4468,1,16556,1,9545,1,48,1,0,0,0,0,0,0,4503,1,5041,1,1,1,0,0,235146,1,831435,1,768,1,768,1,0,1,96,1,2952,1,96,1,0,1,2,1,0,1,0,1,1,1,8,1,24,1,0,1,0,1,216,1,16316,1,0,1,0,1,3596,1,17094,1,8,1,8,1,0,1
254,5436500,4467,9545,28.988903,,0,11,8,96,31689,9028,35698,5404811,16,211,140,1,30871,1,80,1,1835620,1,160314,1,114575,1,3252339,1,10871,1,307603,1,12064,4,519489,4,78644,4,776202,4,1516114,8,2070824,96,185794,36,3617,1,26773,1,2806,1,0,0,0,0,0,0,0,0,120917,1,17084,1,4369,1,0,0,0,0,0,0,0,0,4178,1,21472,1,30600,1,251143,1,16322,1,233,1,9545,1,4467,1,16555,1,9545,1,48,1,0,0,0,0,0,0,4504,1,5041,1,0,1,0,0,235100,1,783981,1,768,1,768,1,0,1,96,1,2964,1,96,1,0,1,2,1,0,1,0,1,1,1,8,1,24,1,0,1,0,1,209,1,16322,1,0,1,0,1,2739,1,46233,1,8,1,8,1,0,1
255,5539400,4467,9545,28.988903,,0,11,8,96,33290,12214,34046,5506110,16,211,170,1,30460,1,20,1,1824138,1,162308,1,113112,1,3363908,1,11994,1,314206,1,12104,4,521002,4,78955,4,827683,4,1564829,8,2168544,96,189923,36,3577,1,26422,1,2916,1,0,0,0,0,0,0,0,0,128612,1,16913,1,4339,1,0,0,0,0,0,0,0,0,4128,1,21933,1,30470,1,257475,1,16321,1,233,1,9545,1,4467,1,16554,1,9545,1,48,1,0,0,0,0,0,0,4504,1,5041,1,0,1,0,0,255457,1,1014387,1,768,1,768,1,0,1,96,1,2964,1,96,1,0,1,2,1,0,1,0,1,1,1,8,1,24,1,0,1,0,1,209,1,16321,1,1,1,0,1,3283,1,63129,1,8,1,8,1,0,1
256,5528100,4467,9545,28.988903,,0,11,8,96,29776,9829,33195,5498324,16,211,100,1,27564,1,40,1,1837674,1,139724,1,113663,1,3367545,1,12014,1,326090,1,12034,4,520601,4,78764,4,801572,4,1583496,8,2162783,96,189091,36,3577,1,28346,1,3236,1,0,0,0,0,0,0,0,0,102651,1,20129,1,4328,1,0,0,0,0,0,0,0,0,4028,1,21673,1,30560,1,269659,1,16322,1,233,1,9545,1,4467,1,16555,1,9545,1,48,1,0,0,0,0,0,0,4504,1,5041,1,0,1,0,0,251903,1,878592,1,768,1,768,1,0,1,96,1,2964,1,96,1,0,1,2,1,0,1,0,1,1,1,8,1,24,1,0,1,0,1,209,1,16322,1,1,1,0,1,2359,1,8778,1,8,1,8,1,0,1
257,5463400,4468,9545,28.988903,,0,11,8,96,30584,9128,32422,5432816,16,211,60,1,27083,1,60,1,1843025,1,161246,1,116539,1,3272819,1,11984,1,309497,1,11893,4,519529,4,78935,4,792825,4,1519901,8,2088327,96,191977,36,3567,1,24859,1,2685,1,0,0,0,0,0,0,0,0,128221,1,16663,1,4389,1,0,0,0,0,0,0,0,0,4078,1,21833,1,30790,1,252615,1,16316,1,240,1,9545,1,4468,1,16556,1,9545,1,48,1,0,0,0,0,0,0,4504,1,5041,1,0,1,0,0,255588,1,744117,1,768,1,768,1,0,1,96,1,2952,1,96,1,0,1,2,1,0,1,0,1,1,1,8,1,24,1,0,1,0,1,216,1,16316,1,0,1,0,1,3613,1,55902,1,8,1,8,1,0,1
258,5546700,4467,9545,28.988903,,0,11,8,96,31643,8767,32974,5515057,16,211,60,1,27795,1,80,1,1840650,1,140606,1,112631,1,3381322,1,11913,1,321120,1,12274,4,520902,4,78865,4,832603,4,1574188,8,2186389,96,187428,36,3567,1,26312,1,2725,1,0,0,0,0,0,0,0,0,105878,1,17124,1,4549,1,0,0,0,0,0,0,0,0,4198,1,22364,1,30750,1,263647,1,16321,1,233,1,9545,1,4467,1,16554,1,9545,1,48,1,0,0,0,0,0,0,4503,1,5041,1,1,1,0,0,267124,1,896874,1,768,1,768,1,0,1,96,1,2964,1,96,1,0,1,2,1,0,1,0,1,1,1,8,1,24,1,0,1,0,1,209,1,16321,1,0,1,0,1,2425,1,47784,1,8,1,8,1,0,1
259,5638600,4467,9545,28.988903,,0,11,8,96,35195,14639,37855,5603405,16,211,140,1,30500,1,70,1,1834037,1,169036,1,141938,1,3416822,1,10861,1,380777,1,12695,4,553155,4,82822,4,786432,4,1554920,8,2108395,96,195103,36,3667,1,24929,1,2785,1,0,0,0,0,0,0,0,0,126423,1,20741,1,5421,1,0,0,0,0,0,0,0,0,4799,1,25350,1,37764,1,312633,1,16320,1,233,1,9545,1,4467,1,16553,1,9545,1,48,1,0,0,0,0,0,0,4503,1,5041,1,1,1,0,0,248586,1,729630,1,768,1,768,1,0,1,96,1,2976,1,96,1,0,1,2,1,0,1,0,1,1,1,8,1,24,1,0,1,0,1,209,1,16320,1,1,1,0,1,3399,1,71098,1,8,1,8,1,0,1
260,5477800,4468,9545,28.988903,,0,11,8,96,34063,8777,33355,5443737,16,211,170,1,30871,1,30,1,1833957,1,163982,1,113322,1,3289021,1,12384,1,319056,1,11943,4,520301,4,79336,4,799558,4,1518098,8,2092875,96,191425,36,3557,1,25670,1,2725,1,0,0,0,0,0,0,0,0,129043,1,17033,1,4328,1,0,0,0,0,0,0,0,0,3607,1,22053,1,30430,1,262775,1,16316,1,240,1,9545,1,4468,1,16556,1,9545,1,48,1,0,0,0,0,0,0,4504,1,5041,1,0,1,0,0,261957,1,771474,1,768,1,768,1,0,1,96,1,2952,1,96,1,0,1,2,1,0,1,0,1,1,1,8,1,24,1,0,1,0,1,216,1,16316,1,0,1,0,1,5989,1,59235,1,8,1,8,1,0,1
261,5544700,4467,9545,28.988903,,0,11,8,96,32659,6783,33555,5512041,16,211,160,1,27133,1,40,1,1853746,1,202878,1,132520,1,3283410,1,12154,1,365407,1,10731,4,525260,4,77692,4,773217,4,1490644,8,2041545,96,188760,36,3707,1,27113,1,2856,1,0,0,0,0,0,0,0,0,151637,1,32814,1,4429,1,0,0,0,0,0,0,0,0,3617,1,21041,1,29818,1,310760,1,16322,1,233,1,9545,1,4467,1,16555,1,9545,1,48,1,0,0,0,0,0,0,4504,1,5041,1,0,1,0,0,250623,1,777381,1,768,1,768,1,0,1,96,1,2976,1,96,1,0,1,2,1,0,1,0,1,1,1,8,1,24,1,0,1,0,1,209,1,16322,1,0,1,0,1,4141,1,63294,1,8,1,8,1,0,1
262,5560100,4467,9545,28.988903,,0,11,8,96,32378,9078,34437,5527722,16,211,160,1,28486,1,40,1,1836472,1,164643,1,133752,1,3352315,1,11853,1,360587,1,10961,4,521844,4,78394,4,786573,4,1549639,8,2112224,96,189552,36,3567,1,28606,1,3066,1,0,0,0,0,0,0,0,0,128622,1,19288,1,4379,1,0,0,0,0,0,0,0,0,3446,1,21272,1,31161,1,304527,1,16323,1,233,1,9545,1,4467,1,16556,1,9545,1,48,1,0,0,0,0,0,0,4504,1,5041,1,0,1,0,0,242292,1,864897,1,768,1,768,1,0,1,96,1,2964,1,96,1,0,1,2,1,0,1,0,1,1,1,8,1,24,1,0,1,0,1,209,1,16323,1,1,1,0,1,3646,1,76494,1,8,1,8,1,0,1
263,5548500,4468,9545,28.988903,,0,11,8,96,30778,6483,33115,5517722,16,211,160,1,27304,1,40,1,1840259,1,145235,1,140656,1,3352355,1,11713,1,332001,1,11493,4,523346,4,79386,4,804999,4,1563927,8,2143424,96,192387,36,3547,1,24328,1,2846,1,0,0,0,0,0,0,0,0,110877,1,16973,1,4389,1,0,0,0,0,0,0,0,0,3226,1,21853,1,31001,1,275751,1,16317,1,240,1,9545,1,4468,1,16557,1,9545,1,48,1,0,0,0,0,0,0,4503,1,5041,1,1,1,0,0,260074,1,822624,1,768,1,768,1,0,1,96,1,2952,1,96,1,0,1,2,1,0,1,0,1,1,1,8,1,24,1,0,1,0,1,216,1,16317,1,0,1,0,1,2062,1,5445,1,8,1,8,1,0,1
264,5453000,4467,9545,28.988903,,0,11,8,96,32208,8757,33846,5420792,16,211,60,1,27734,1,40,1,1834258,1,160214,1,116569,1,3269944,1,11973,1,316851,1,11813,4,521763,4,78975,4,776633,4,1521604,8,2076103,96,188289,36,3577,1,27284,1,2685,1,0,0,0,0,0,0,0,0,125376,1,18546,1,4359,1,0,0,0,0,0,0,0,0,3717,1,21843,1,30159,1,260962,1,16325,1,233,1,9545,1,4467,1,16558,1,9545,1,48,1,0,0,0,0,0,0,4503,1,5041,1,1,1,0,0,246082,1,763356,1,768,1,768,1,0,1,96,1,2964,1,96,1,0,1,2,1,0,1,0,1,1,1,8,1,24,1,0,1,0,1,209,1,16325,1,0,1,0,1,2953,1,68772,1,8,1,8,1,0,1
265,5515100,4467,9545,28.988903,,0,11,8,96,31675,9830,32995,5483425,16,211,80,1,27364,1,50,1,1844538,1,154182,1,114174,1,3331114,1,11923,1,311471,1,12054,4,520391,4,79255,4,810530,4,1554439,8,2144115,96,187858,36,4118,1,26362,1,2665,1,0,0,0,0,0,0,0,0,120006,1,16983,1,4339,1,0,0,0,0,0,0,0,0,3647,1,21622,1,30931,1,255090,1,16326,1,233,1,9545,1,4467,1,16559,1,9545,1,48,1,0,0,0,0,0,0,4504,1,5041,1,0,1,0,0,253304,1,913341,1,768,1,768,1,0,1,96,1,2964,1,96,1,0,1,2,1,0,1,0,1,1,1,8,1,24,1,0,1,0,1,209,1,16326,1,1,1,0,1,4900,1,18216,1,8,1,8,1,0,1
266,5438700,4468,9545,28.988903,,0,11,8,96,30452,8727,32242,5408248,16,211,80,1,27364,1,50,1,1834288,1,152730,1,115797,1,3266026,1,11913,1,314637,1,12264,4,523417,4,79877,4,775080,4,1520242,8,2070181,96,192898,36,3557,1,25460,1,2765,1,0,0,0,0,0,0,0,0,118923,1,16622,1,4369,1,0,0,0,0,0,0,0,0,4068,1,22163,1,30750,1,257455,1,16320,1,240,1,9545,1,4468,1,16560,1,9545,1,48,1,0,0,0,0,0,0,4504,1,5041,1,0,1,0,0,250484,1,771507,1,768,1,768,1,0,1,96,1,2952,1,96,1,0,1,2,1,0,1,0,1,1,1,8,1,24,1,0,1,0,1,216,1,16320,1,0,1,0,1,5131,1,21648,1,8,1,8,1,0,1
267,5483200,4467,9545,28.988903,,0,11,8,96,33411,8717,33176,5449789,16,211,100,1,27013,1,50,1,1840520,1,164072,1,113583,1,3292307,1,12144,1,338284,1,12044,4,521142,4,79055,4,787966,4,1513809,8,2080209,96,188390,36,3587,1,25009,1,2695,1,0,0,0,0,0,0,0,0,124785,1,22143,1,4328,1,0,0,0,0,0,0,0,0,3817,1,22234,1,30470,1,281582,1,16326,1,233,1,9545,1,4467,1,16559,1,9545,1,48,1,0,0,0,0,0,0,4504,1,5041,1,0,1,0,0,255721,1,782298,1,768,1,768,1,0,1,96,1,2964,1,96,1,0,1,2,1,0,1,0,1,1,1,8,1,24,1,0,1,0,1,209,1,16326,1,0,1,0,1,2986,1,26763,1,8,1,8,1,0,1
268,5485800,4467,9545,28.988903,,0,11,8,96,29899,13246,39837,5455901,16,211,140,1,30810,1,70,1,1853826,1,149403,1,115487,1,3296085,1,10080,1,313785,1,11923,4,525240,4,79225,4,786863,4,1533117,8,2092295,96,187848,36,3637,1,26352,1,2695,1,0,0,0,0,0,0,0,0,114264,1,17174,1,4349,1,0,0,0,0,0,0,0,0,4339,1,21743,1,30921,1,256593,1,16326,1,233,1,9545,1,4467,1,16559,1,9545,1,48,1,0,0,0,0,0,0,4504,1,5041,1,0,1,0,0,231116,1,811734,1,768,1,768,1,0,1,96,1,2964,1,96,1,0,1,2,1,0,1,0,1,1,1,8,1,24,1,0,1,0,1,209,1,16326,1,1,1,1,1,4950,1,25509,1,8,1,8,1,0,1
269,5556800,4468,9545,28.988903,,0,11,8,96,30190,9068,32764,5526610,16,211,100,1,30430,1,40,1,1833817,1,166877,1,116889,1,3365902,1,12555,1,371228,1,12424,4,522966,4,79135,4,804648,4,1528979,8,2107574,96,193289,36,3597,1,31091,1,2765,1,0,0,0,0,0,0,0,0,115867,1,30871,1,4318,1,0,0,0,0,0,0,0,0,3597,1,22775,1,29808,1,314838,1,16320,1,240,1,9545,1,4468,1,16560,1,9545,1,48,1,0,0,0,0,0,0,4504,1,5041,1,0,1,0,0,254596,1,739530,1,768,1,768,1,0,1,96,1,2952,1,96,1,0,1,2,1,0,1,0,1,1,1,8,1,24,1,0,1,0,1,216,1,16320,1,0,1,0,1,5527,1,14157,1,8,1,8,1,0,1
270,5551300,4467,9545,28.988903,,0,11,8,96,30472,8777,32765,5520828,16,211,100,1,26813,1,40,1,1835250,1,136648,1,113242,1,3396602,1,12134,1,330047,1,12274,4,520932,4,78935,4,800210,4,1610298,8,2188813,96,188931,36,3637,1,28827,1,2665,1,0,0,0,0,0,0,0,0,102371,1,17925,1,4389,1,0,0,0,0,0,0,0,0,3918,1,22143,1,30871,1,272925,1,16326,1,233,1,9545,1,4467,1,16559,1,9545,1,48,1,0,0,0,0,0,0,4504,1,5041,1,0,1,0,0,249402,1,987690,1,768,1,768,1,0,1,96,1,2964,1,96,1,0,1,2,1,0,1,0,1,1,1,8,1,24,1,0,1,0,1,209,1,16326,1,0,1,0,1,2392,1,825,1,8,1,8,1,0,1
271,5450900,4467,9545,28.988903,,0,11,8,96,32001,12916,32824,5418899,16,211,120,1,26953,1,60,1,1840941,1,156517,1,113192,1,3268902,1,12214,1,314507,1,12084,4,520872,4,78764,4,774549,4,1524320,8,2077475,96,188570,36,3687,1,24508,1,2695,1,0,0,0,0,0,0,0,0,122270,1,16633,1,4349,1,0,0,0,0,0,0,0,0,4228,1,22204,1,30840,1,257054,1,16326,1,233,1,9545,1,4467,1,16559,1,9545,1,48,1,0,0,0,0,0,0,4503,1,5041,1,1,1,0,0,241336,1,795069,1,768,1,768,1,0,1,96,1,2964,1,96,1,0,1,2,1,0,1,0,1,1,1,8,1,24,1,0,1,0,1,209,1,16326,1,1,1,1,1,3877,1,9933,1,8,1,8,1,0,1
272,5559400,4467,9545,28.988903,,0,11,8,96,32920,12665,34138,5526480,16,211,20,1,27344,1,40,1,1840831,1,168981,1,112861,1,3363978,1,12424,1,317302,1,12114,4,521653,4,78764,4,830629,4,1557926,8,2166168,96,188249,36,4128,1,26121,1,2675,1,0,0,0,0,0,0,0,0,134734,1,16903,1,4349,1,0,0,0,0,0,0,0,0,4018,1,22043,1,30961,1,260090,1,16326,1,233,1,9545,1,4467,1,16559,1,9545,1,48,1,0,0,0,0,0,0,4504,1,5041,1,0,1,0,0,253112,1,929676,1,768,1,768,1,0,1,96,1,2964,1,96,1,0,1,2,1,0,1,0,1,1,1,8,1,24,1,0,1,0,1,209,1,16326,1,1,1,1,1,3745,1,96954,1,8,1,8,1,0,1
273,5464400,4467,9545,28.988903,,0,11,8,96,31344,12204,33946,5433056,16,211,100,1,27153,1,40,1,1834769,1,158892,1,115557,1,3284612,1,11933,1,324346,1,11903,4,520210,4,78995,4,773918,4,1532576,8,2084980,96,187568,36,3577,1,24157,1,2725,1,0,0,0,0,0,0,0,0,124524,1,17995,1,4499,1,0,0,0,0,0,0,0,0,4128,1,21793,1,31181,1,267044,1,16326,1,233,1,9545,1,4467,1,16559,1,9545,1,48,1,0,0,0,0,0,0,4503,1,5041,1,1,1,0,0,255171,1,895290,1,768,1,768,1,0,1,96,1,2964,1,96,1,0,1,2,1,0,1,0,1,1,1,8,1,24,1,0,1,0,1,209,1,16326,1,1,1,1,1,2260,1,59961,1,8,1,8,1,0,1
274,5495500,4468,9545,28.988905,,0,11,8,96,34208,8697,31923,5461292,16,211,20,1,26773,1,30,1,1844628,1,164022,1,114505,1,3298640,1,12675,1,320318,1,12324,4,521383,4,79015,4,800580,4,1524230,8,2101342,96,191546,36,3617,1,25821,1,2655,1,0,0,0,0,0,0,0,0,129704,1,16923,1,4469,1,0,0,0,0,0,0,0,0,3988,1,21492,1,30690,1,263948,1,16320,1,240,1,9545,1,4468,1,16560,1,9545,1,48,1,0,0,0,0,0,0,4502,1,5041,1,2,1,0,0,245018,1,854172,1,768,1,768,1,0,1,96,1,2952,1,96,1,0,1,2,1,0,1,0,1,1,1,8,1,24,1,0,1,0,1,216,1,16320,1,0,1,0,1,5197,1,68673,1,8,1,8,1,0,1
275,5430200,4467,9545,28.988905,,0,11,8,96,32082,8607,34067,5398118,16,211,110,1,27334,1,40,1,1837254,1,163260,1,112300,1,3245746,1,12074,1,316431,1,11953,4,520170,4,78805,4,767836,4,1509701,8,2056984,96,186486,36,3617,1,25921,1,2705,1,0,0,0,0,0,0,0,0,127079,1,18476,1,4469,1,0,0,0,0,0,0,0,0,3226,1,22224,1,30079,1,260701,1,16327,1,233,1,9545,1,4467,1,16560,1,9545,1,48,1,0,0,0,0,0,0,4501,1,5042,1,2,1,0,0,244455,1,845592,1,768,1,768,1,0,1,96,1,2964,1,96,1,0,1,2,1,0,1,0,1,1,1,8,1,24,1,0,1,0,1,209,1,16327,1,0,1,0,1,2722,1,69300,1,8,1,8,1,0,1
276,5478800,4468,9545,28.988905,,0,11,8,96,32057,8637,32243,5446743,16,211,110,1,27574,1,40,1,1843005,1,157719,1,114865,1,3291285,1,12144,1,316741,1,11994,4,521563,4,79115,4,798186,4,1522035,8,2096372,96,191606,36,3577,1,26773,1,2665,1,0,0,0,0,0,0,0,0,123142,1,17174,1,4389,1,0,0,0,0,0,0,0,0,3717,1,22634,1,30830,1,259359,1,16320,1,240,1,9545,1,4468,1,16560,1,9545,1,48,1,0,0,0,0,0,0,4502,1,5042,1,1,1,0,0,249376,1,784707,1,768,1,768,1,0,1,96,1,2952,1,96,1,0,1,2,1,0,1,0,1,1,1,8,1,24,1,0,1,0,1,216,1,16320,1,0,1,0,1,5230,1,58377,1,8,1,8,1,0,1
277,5408400,4467,9545,28.988905,,0,11,8,96,30492,8737,33074,5377908,16,211,170,1,27233,1,40,1,1834438,1,141728,1,113703,1,3248602,1,11994,1,316962,1,12004,4,520912,4,78684,4,772225,4,1508539,8,2060422,96,187267,36,3587,1,24228,1,2725,1,0,0,0,0,0,0,0,0,107721,1,16603,1,4379,1,0,0,0,0,0,0,0,0,4128,1,22204,1,30830,1,259629,1,16327,1,233,1,9545,1,4467,1,16560,1,9545,1,48,1,0,0,0,0,0,0,4503,1,5042,1,0,1,0,0,251412,1,846351,1,768,1,768,1,0,1,96,1,2964,1,96,1,0,1,2,1,0,1,0,1,1,1,8,1,24,1,0,1,0,1,209,1,16327,1,0,1,0,1,1897,1,10197,1,8,1,8,1,0,1
278,5505900,4467,9545,28.988905,,0,11,8,96,32144,11483,33174,5473756,16,211,60,1,27454,1,40,1,1843736,1,160595,1,114585,1,3313820,1,13466,1,310950,1,12024,4,521954,4,79195,4,804247,4,1540812,8,2123507,96,188379,36,3577,1,26272,1,3306,1,0,0,0,0,0,0,0,0,126057,1,18166,1,4379,1,0,0,0,0,0,0,0,0,3407,1,21723,1,30009,1,255621,1,16326,1,233,1,9545,1,4467,1,16559,1,9545,1,48,1,0,0,0,0,0,0,4502,1,5042,1,1,1,0,0,250759,1,857109,1,768,1,768,1,0,1,96,1,2964,1,96,1,0,1,2,1,0,1,0,1,1,1,8,1,24,1,0,1,0,1,209,1,16326,1,1,1,0,1,3547,1,66462,1,8,1,8,1,0,1
279,5415300,4467,9545,28.988905,,0,11,8,96,29687,11112,32261,5385613,16,211,140,1,27223,1,40,1,1834538,1,134003,1,113282,1,3264503,1,11883,1,323014,1,12585,4,520842,4,78955,4,778226,4,1509581,8,2068659,96,186887,36,3567,1,23947,1,2675,1,0,0,0,0,0,0,0,0,100637,1,17374,1,4359,1,0,0,0,0,0,0,0,0,3777,1,21943,1,31432,1,265681,1,16327,1,233,1,9545,1,4467,1,16560,1,9545,1,48,1,0,0,0,0,0,0,4503,1,5042,1,0,1,0,0,260458,1,850641,1,768,1,768,1,0,1,96,1,2964,1,96,1,0,1,2,1,0,1,0,1,1,1,8,1,24,1,0,1,0,1,209,1,16327,1,1,1,0,1,2491,1,627,1,8,1,8,1,0,1
280,5539600,4468,9545,28.988905,,0,11,8,96,33741,9238,32543,5505859,16,211,70,1,27344,1,40,1,1834328,1,162158,1,112701,1,3357115,1,12104,1,324957,1,12274,4,522485,4,79215,4,830659,4,1544930,8,2149006,96,194041,36,3597,1,26803,1,2956,1,0,0,0,0,0,0,0,0,128983,1,16783,1,4409,1,0,0,0,0,0,0,0,0,4138,1,22043,1,31081,1,267495,1,16324,1,240,1,9545,1,4468,1,16564,1,9545,1,48,1,0,0,0,0,0,0,4502,1,5042,1,1,1,0,0,249680,1,874269,1,768,1,768,1,0,1,96,1,2952,1,96,1,0,1,2,1,0,1,0,1,1,1,8,1,24,1,0,1,0,1,216,1,16324,1,0,1,0,1,3679,1,67122,1,8,1,8,1,0,1
281,5581900,4467,9545,28.988905,,0,11,8,96,31964,8767,34306,5549936,16,211,70,1,27103,1,70,1,1847854,1,147239,1,113613,1,3401922,1,12064,1,335017,1,12114,4,521874,4,79025,4,801722,4,1611280,8,2188424,96,190273,36,3567,1,25831,1,2725,1,0,0,0,0,0,0,0,0,108653,1,20831,1,4349,1,0,0,0,0,0,0,0,0,3487,1,22264,1,29788,1,279338,1,16330,1,233,1,9545,1,4467,1,16563,1,9545,1,48,1,0,0,0,0,0,0,4503,1,5042,1,0,1,0,0,246851,1,880044,1,768,1,768,1,0,1,96,1,2964,1,96,1,0,1,2,1,0,1,0,1,1,1,8,1,24,1,0,1,0,1,209,1,16330,1,0,1,0,1,2293,1,57816,1,8,1,8,1,0,1
282,5451200,4467,9545,28.988905,,0,11,8,96,31490,12935,33406,5419710,16,211,200,1,27223,1,40,1,1836242,1,154683,1,116108,1,3273290,1,11923,1,318805,1,11953,4,522114,4,78835,4,775671,4,1520312,8,2074890,96,187688,36,3657,1,26332,1,2675,1,0,0,0,0,0,0,0,0,119715,1,17514,1,4369,1,0,0,0,0,0,0,0,0,4008,1,22424,1,31121,1,261062,1,16330,1,233,1,9545,1,4467,1,16563,1,9545,1,48,1,0,0,0,0,0,0,4503,1,5042,1,0,1,0,0,240950,1,742203,1,768,1,768,1,0,1,96,1,2964,1,96,1,0,1,2,1,0,1,0,1,1,1,8,1,24,1,0,1,0,1,209,1,16330,1,1,1,1,1,4009,1,18645,1,8,1,8,1,0,1
283,5532200,4467,9545,28.988905,,0,11,8,96,33675,12725,33695,5498525,16,211,100,1,27113,1,40,1,1840680,1,144373,1,112992,1,3361393,1,11833,1,319847,1,12064,4,521072,4,79526,4,807834,4,1575711,8,2161751,96,188099,36,3567,1,26251,1,2795,1,0,0,0,0,0,0,0,0,111449,1,16883,1,4349,1,0,0,0,0,0,0,0,0,4188,1,22013,1,31331,1,262114,1,16330,1,233,1,9545,1,4467,1,16563,1,9545,1,48,1,0,0,0,0,0,0,4503,1,5042,1,0,1,0,0,261267,1,904662,1,768,1,768,1,0,1,96,1,2964,1,96,1,0,1,2,1,0,1,0,1,1,1,8,1,24,1,0,1,0,1,209,1,16330,1,1,1,1,1,2392,1,13662,1,8,1,8,1,0,1
284,5456600,4468,9545,28.988905,,0,11,8,96,31720,8737,32463,5424880,16,211,200,1,27073,1,40,1,1838787,1,161216,1,113202,1,3272108,1,12254,1,315238,1,12334,4,522014,4,78895,4,776243,4,1526434,8,2076854,96,193359,36,3577,1,25831,1,2806,1,0,0,0,0,0,0,0,0,126328,1,17494,1,4399,1,0,0,0,0,0,0,0,0,3847,1,21813,1,30941,1,258447,1,16324,1,240,1,9545,1,4468,1,16564,1,9545,1,48,1,0,0,0,0,0,0,4503,1,5042,1,0,1,0,0,249989,1,710391,1,768,1,768,1,0,1,96,1,2952,1,96,1,0,1,2,1,0,1,0,1,1,1,8,1,24,1,0,1,0,1,216,1,16324,1,0,1,0,1,4702,1,73953,1,8,1,8,1,0,1
285,5538400,4467,9545,28.988905,,0,11,8,96,33373,8777,32874,5505027,16,211,90,1,27374,1,50,1,1839518,1,165655,1,112651,1,3347876,1,11813,1,324316,1,12124,4,522615,4,79556,4,808325,4,1562004,8,2149045,96,188410,36,3577,1,23867,1,2715,1,0,0,0,0,0,0,0,0,131267,1,16993,1,4359,1,0,0,0,0,0,0,0,0,3858,1,22123,1,31141,1,267024,1,16330,1,233,1,9545,1,4467,1,16563,1,9545,1,48,1,0,0,0,0,0,0,4503,1,5042,1,0,1,0,0,249938,1,896775,1,768,1,768,1,0,1,96,1,2964,1,96,1,0,1,2,1,0,1,0,1,1,1,8,1,24,1,0,1,0,1,209,1,16330,1,0,1,0,1,4900,1,58971,1,8,1,8,1,0,1
286,5473400,4467,9545,28.988905,,0,11,8,96,35675,12775,36191,5437725,16,211,140,1,30570,1,60,1,1848536,1,145786,1,115066,1,3286696,1,10871,1,304788,1,11763,4,535981,4,79055,4,780060,4,1529480,8,2085992,96,187357,36,3687,1,26392,1,2715,1,0,0,0,0,0,0,0,0,109735,1,16673,1,4369,1,0,0,0,0,0,0,0,0,4178,1,21662,1,30840,1,247926,1,16331,1,233,1,9545,1,4467,1,16564,1,9545,1,48,1,0,0,0,0,0,0,4502,1,5042,1,1,1,0,0,239865,1,743523,1,768,1,768,1,0,1,96,1,2964,1,96,1,0,1,2,1,0,1,0,1,1,1,8,1,24,1,0,1,0,1,209,1,16331,1,1,1,0,1,3611,1,4290,1,8,1,8,1,0,1
287,5476800,4468,9545,28.988905,,0,11,8,96,31059,8657,32373,5445741,16,211,20,1,30540,1,50,1,1829969,1,157669,1,110356,1,3305163,1,11973,1,310118,1,12184,4,521964,4,78734,4,802203,4,1540832,8,2117163,96,193500,36,3567,1,24217,1,2685,1,0,0,0,0,0,0,0,0,122430,1,17685,1,4328,1,0,0,0,0,0,0,0,0,4298,1,21943,1,30861,1,252856,1,16325,1,240,1,9545,1,4468,1,16565,1,9545,1,48,1,0,0,0,0,0,0,4501,1,5042,1,2,1,0,0,245650,1,871794,1,768,1,768,1,0,1,96,1,2952,1,96,1,0,1,2,1,0,1,0,1,1,1,8,1,24,1,0,1,0,1,216,1,16325,1,0,1,0,1,3778,1,26961,1,8,1,8,1,0,1
288,5409400,4467,9545,28.988905,,0,11,8,96,31171,8657,32584,5378229,16,211,70,1,27324,1,40,1,1834709,1,132059,1,113683,1,3258421,1,11923,1,320559,1,11994,4,520872,4,78424,4,775311,4,1511745,8,2066724,96,187748,36,3557,1,24668,1,2635,1,0,0,0,0,0,0,0,0,97952,1,16743,1,4349,1,0,0,0,0,0,0,0,0,4088,1,22073,1,30760,1,263467,1,16330,1,233,1,9545,1,4467,1,16563,1,9545,1,48,1,0,0,0,0,0,0,4503,1,5042,1,0,1,0,0,252681,1,820842,1,768,1,768,1,0,1,96,1,2964,1,96,1,0,1,2,1,0,1,0,1,1,1,8,1,24,1,0,1,0,1,209,1,16330,1,0,1,0,1,2029,1,660,1,8,1,8,1,0,1
289,5545700,4467,9545,28.988905,,0,11,8,96,33498,10941,34648,5512202,16,211,40,1,27664,1,40,1,1840480,1,160545,1,113012,1,3358557,1,11863,1,308044,1,12184,4,521282,4,79215,4,817483,4,1577925,8,2170888,96,189872,36,3567,1,25119,1,2795,1,0,0,0,0,0,0,0,0,127741,1,16673,1,4339,1,0,0,0,0,0,0,0,0,4098,1,21492,1,30740,1,251533,1,16332,1,233,1,9545,1,4467,1,16565,1,9545,1,48,1,0,0,0,0,0,0,4503,1,5042,1,0,1,0,0,255919,1,862620,1,768,1,768,1,0,1,96,1,2964,1,96,1,0,1,2,1,0,1,0,1,1,1,8,1,24,1,0,1,0,1,209,1,16332,1,1,1,0,1,7210,1,71313,1,8,1,8,1,0,1
290,5537400,4468,9545,28.988905,,0,11,8,96,31431,8958,32113,5505969,16,211,90,1,27003,1,40,1,1840259,1,142640,1,112030,1,3372024,1,11883,1,320378,1,12204,4,520822,4,78845,4,808255,4,1589838,8,2172652,96,193329,36,3597,1,26402,1,2725,1,0,0,0,0,0,0,0,0,106549,1,18526,1,4369,1,0,0,0,0,0,0,0,0,3757,1,22194,1,30780,1,263457,1,16326,1,240,1,9545,1,4468,1,16566,1,9545,1,48,1,0,0,0,0,0,0,4503,1,5042,1,0,1,0,0,249087,1,858099,1,768,1,768,1,0,1,96,1,2952,1,96,1,0,1,2,1,0,1,0,1,1,1,8,1,24,1,0,1,0,1,216,1,16326,1,0,1,0,1,2062,1,50490,1,8,1,8,1,0,1
291,5509100,4467,9545,28.988905,,0,11,8,96,33510,9168,39386,5475590,16,211,150,1,31001,1,70,1,1841472,1,161918,1,115106,1,3315032,1,10841,1,314367,1,12444,4,523116,4,87942,4,793045,4,1542896,8,2108627,96,187929,36,3677,1,25630,1,2745,1,0,0,0,0,0,0,0,0,125556,1,16923,1,4369,1,0,0,0,0,0,0,0,0,4178,1,21703,1,30650,1,257645,1,16333,1,233,1,9545,1,4467,1,16566,1,9545,1,48,1,0,0,0,0,0,0,4503,1,5042,1,0,1,0,0,238083,1,627198,1,768,1,768,1,0,1,96,1,2976,1,96,1,0,1,2,1,0,1,0,1,1,1,8,1,24,1,0,1,0,1,209,1,16333,1,0,1,0,1,3978,1,65934,1,8,1,8,1,0,1
292,5555700,4467,9545,28.988905,,0,11,8,96,32757,12885,33835,5522943,16,211,80,1,30510,1,50,1,1842814,1,161988,1,112741,1,3363848,1,10911,1,312032,1,11923,4,532003,4,78594,4,811592,4,1570981,8,2161150,96,187588,36,3757,1,27344,1,2735,1,0,0,0,0,0,0,0,0,127430,1,16843,1,4288,1,0,0,0,0,0,0,0,0,4078,1,21713,1,31051,1,255000,1,16333,1,233,1,9545,1,4467,1,16566,1,9545,1,48,1,0,0,0,0,0,0,4503,1,5042,1,0,1,0,0,254917,1,835527,1,768,1,768,1,0,1,96,1,2976,1,96,1,0,1,2,1,0,1,0,1,1,1,8,1,24,1,0,1,0,1,209,1,16333,1,1,1,1,1,4535,1,16269,1,8,1,8,1,0,1
293,5441800,4467,9545,28.988905,,0,11,8,96,30296,12705,32875,5411504,16,211,30,1,30620,1,40,1,1826152,1,151708,1,112360,1,3278751,1,11843,1,312463,1,11833,4,520641,4,78684,4,778156,4,1533648,8,2090380,96,188550,36,3597,1,24358,1,2665,1,0,0,0,0,0,0,0,0,118342,1,16993,1,4318,1,0,0,0,0,0,0,0,0,4318,1,21783,1,30730,1,255481,1,16333,1,233,1,9545,1,4467,1,16566,1,9545,1,48,1,0,0,0,0,0,0,4502,1,5042,1,1,1,0,0,240714,1,685938,1,768,1,768,1,0,1,96,1,2976,1,96,1,0,1,2,1,0,1,0,1,1,1,8,1,24,1,0,1,0,1,209,1,16333,1,1,1,1,1,3514,1,23529,1,8,1,8,1,0,1
294,5493100,4468,9545,28.988905,,0,11,8,96,31037,8958,31471,5462063,16,211,90,1,27354,1,40,1,1834588,1,158912,1,112441,1,3316615,1,12024,1,313325,1,12104,4,521182,4,79506,4,810510,4,1539810,8,2125700,96,193149,36,3567,1,24969,1,2685,1,0,0,0,0,0,0,0,0,125336,1,17124,1,4389,1,0,0,0,0,0,0,0,0,4018,1,21693,1,30911,1,256503,1,16328,1,240,1,9545,1,4468,1,16568,1,9545,1,48,1,0,0,0,0,0,0,4503,1,5042,1,0,1,0,0,242330,1,847770,1,768,1,768,1,0,1,96,1,2952,1,96,1,0,1,2,1,0,1,0,1,1,1,8,1,24,1,0,1,0,1,216,1,16328,1,0,1,0,1,3910,1,44814,1,8,1,8,1,0,1
295,5457800,4467,9545,28.988905,,0,11,8,96,31246,9138,33145,5426554,16,211,80,1,27354,1,40,1,1842354,1,157228,1,112290,1,3275114,1,12094,1,312824,1,12134,4,521292,4,78734,4,781122,4,1529710,8,2089177,96,188510,36,3567,1,23907,1,2685,1,0,0,0,0,0,0,0,0,121639,1,17254,1,4389,1,0,0,0,0,0,0,0,0,3276,1,22314,1,30169,1,256894,1,16333,1,233,1,9545,1,4467,1,16566,1,9545,1,48,1,0,0,0,0,0,0,4502,1,5042,1,1,1,0,0,246069,1,755304,1,768,1,768,1,0,1,96,1,2976,1,96,1,0,1,2,1,0,1,0,1,1,1,8,1,24,1,0,1,0,1,209,1,16333,1,0,1,0,1,5494,1,49797,1,8,1,8,1,0,1
296,5496100,4467,9545,28.988905,,0,11,8,96,30640,12404,31802,5465460,16,211,100,1,27664,1,40,1,1843666,1,152880,1,112621,1,3314531,1,13957,1,307573,1,11813,4,520611,4,78785,4,810149,4,1542435,8,2132112,96,188670,36,3597,1,24508,1,2655,1,0,0,0,0,0,0,0,0,118021,1,17204,1,4379,1,0,0,0,0,0,0,0,0,4018,1,21973,1,30750,1,250652,1,16335,1,233,1,9545,1,4467,1,16568,1,9545,1,48,1,0,0,0,0,0,0,4503,1,5042,1,0,1,0,0,247037,1,731907,1,768,1,768,1,0,1,96,1,2976,1,96,1,0,1,2,1,0,1,0,1,1,1,8,1,24,1,0,1,0,1,209,1,16335,1,1,1,0,1,4141,1,561,1,8,1,8,1,0,1
297,5416200,4468,9545,28.988905,,0,11,8,96,28623,8737,32714,5387577,16,211,140,1,27414,1,40,1,1834208,1,138622,1,115006,1,3260405,1,11743,1,313695,1,12144,4,521623,4,78915,4,776884,4,1517907,8,2068637,96,193439,36,3557,1,24258,1,2685,1,0,0,0,0,0,0,0,0,104695,1,16633,1,4379,1,0,0,0,0,0,0,0,0,3657,1,22334,1,30770,1,256744,1,16329,1,240,1,9545,1,4468,1,16569,1,9545,1,48,1,0,0,0,0,0,0,4503,1,5042,1,0,1,0,0,250508,1,784245,1,768,1,768,1,0,1,96,1,2952,1,96,1,0,1,2,1,0,1,0,1,1,1,8,1,24,1,0,1,0,1,216,1,16329,1,0,1,0,1,2410,1,4257,1,8,1,8,1,0,1
298,5532000,4467,9545,28.988905,,0,11,8,96,29908,8867,32734,5502092,16,211,150,1,27273,1,40,1,1863876,1,160294,1,114905,1,3323689,1,11863,1,314256,1,11923,4,522685,4,79406,4,817213,4,1537155,8,2131822,96,189812,36,3587,1,25911,1,2685,1,0,0,0,0,0,0,0,0,126889,1,16993,1,4399,1,0,0,0,0,0,0,0,0,3868,1,22574,1,30820,1,256794,1,16334,1,233,1,9545,1,4467,1,16567,1,9545,1,48,1,0,0,0,0,0,0,4502,1,5042,1,1,1,0,0,243670,1,853281,1,768,1,768,1,0,1,96,1,2976,1,96,1,0,1,2,1,0,1,0,1,1,1,8,1,24,1,0,1,0,1,209,1,16334,1,0,1,0,1,4603,1,74877,1,8,1,8,1,0,1
299,5526500,4467,9545,28.988905,,0,11,8,96,31091,12765,31763,5495409,16,211,180,1,27183,1,40,1,1840921,1,138201,1,112911,1,3364229,1,11743,1,314396,1,12014,4,521302,4,78875,4,808355,4,1585610,8,2172280,96,189923,36,3537,1,24678,1,2695,1,0,0,0,0,0,0,0,0,103743,1,17654,1,4359,1,0,0,0,0,0,0,0,0,4068,1,22123,1,30670,1,257355,1,16333,1,233,1,9545,1,4467,1,16566,1,9545,1,48,1,0,0,0,0,0,0,4503,1,5042,1,0,1,0,0,242985,1,986667,1,768,1,768,1,0,1,96,1,2964,1,96,1,0,1,2,1,0,1,0,1,1,1,8,1,24,1,0,1,0,1,209,1,16333,1,1,1,0,1,2524,1,44187,1,8,1,8,1,0,1
300,5493500,4467,9545,28.988905,,0,11,8,96,31487,13036,38414,5462013,16,211,140,1,30840,1,70,1,1844007,1,154613,1,113663,1,3308539,1,10140,1,308124,1,11933,4,521122,4,78965,4,805851,4,1536373,8,2115872,96,187939,36,3647,1,26732,1,2755,1,0,0,0,0,0,0,0,0,119615,1,16542,1,4288,1,0,0,0,0,0,0,0,0,4288,1,21823,1,30650,1,251163,1,16333,1,233,1,9545,1,4467,1,16566,1,9545,1,48,1,0,0,0,0,0,0,4503,1,5042,1,0,1,0,0,233859,1,891231,1,768,1,768,1,0,1,96,1,2964,1,96,1,0,1,2,1,0,1,0,1,1,1,8,1,24,1,0,1,0,1,209,1,16333,1,1,1,1,1,4290,1,1122,1,8,1,8,1,0,1
301,5544600,4468,9545,28.988905,,0,11,8,96,33631,9158,34006,5510969,16,211,140,1,30710,1,70,1,1838917,1,161076,1,113823,1,3354109,1,12124,1,313204,1,12354,4,521022,4,78775,4,807834,4,1578596,8,2159235,96,193189,36,3687,1,26762,1,2715,1,0,0,0,0,0,0,0,0,122360,1,20520,1,4409,1,0,0,0,0,0,0,0,0,3677,1,21823,1,29578,1,257936,1,16327,1,240,1,9545,1,4468,1,16567,1,9545,1,48,1,0,0,0,0,0,0,4503,1,5042,1,0,1,0,0,249434,1,893112,1,768,1,768,1,0,1,96,1,2952,1,96,1,0,1,2,1,0,1,0,1,1,1,8,1,24,1,0,1,0,1,216,1,16327,1,0,1,0,1,2823,1,54648,1,8,1,8,1,0,1
302,5472700,4467,9545,28.988905,,0,11,8,96,32109,8978,37432,5440591,16,211,150,1,31101,1,70,1,1831091,1,159092,1,113843,1,3295133,1,10110,1,311901,1,11633,4,521062,4,78554,4,787254,4,1542826,8,2104609,96,188039,36,3717,1,26442,1,2765,1,0,0,0,0,0,0,0,0,124053,1,17244,1,4369,1,0,0,0,0,0,0,0,0,4359,1,21622,1,30500,1,255241,1,16333,1,233,1,9545,1,4467,1,16566,1,9545,1,48,1,0,0,0,0,0,0,4503,1,5042,1,0,1,0,0,234531,1,799887,1,768,1,768,1,0,1,96,1,2964,1,96,1,0,1,2,1,0,1,0,1,1,1,8,1,24,1,0,1,0,1,209,1,16333,1,0,1,0,1,2541,1,64746,1,8,1,8,1,0,1
303,5541800,4467,9545,28.988905,,0,11,8,96,34107,12956,34577,5507693,16,211,90,1,30921,1,40,1,1842003,1,167028,1,113262,1,3342586,1,11763,1,310739,1,12064,4,519499,4,78775,4,816872,4,1559178,8,2152152,96,189321,36,3757,1,25921,1,2826,1,0,0,0,0,0,0,0,0,132690,1,16612,1,4288,1,0,0,0,0,0,0,0,0,4679,1,21913,1,30269,1,253718,1,16333,1,233,1,9545,1,4467,1,16566,1,9545,1,48,1,0,0,0,0,0,0,4503,1,5042,1,0,1,0,0,246345,1,952281,1,768,1,768,1,0,1,96,1,2964,1,96,1,0,1,2,1,0,1,0,1,1,1,8,1,24,1,0,1,0,1,209,1,16333,1,1,1,1,1,4110,1,62535,1,8,1,8,1,0,1
304,5478700,4467,9545,28.988905,,0,11,8,96,30093,12956,36110,5448607,16,211,150,1,32073,1,60,1,1834628,1,149283,1,113563,1,3306986,1,11863,1,310920,1,12144,4,521202,4,79015,4,781513,4,1556443,8,2111021,96,190824,36,3567,1,26512,1,2715,1,0,0,0,0,0,0,0,0,113964,1,16923,1,4359,1,0,0,0,0,0,0,0,0,4168,1,22043,1,30660,1,253858,1,16333,1,233,1,9545,1,4467,1,16566,1,9545,1,48,1,0,0,0,0,0,0,4503,1,5042,1,0,1,0,0,251197,1,776424,1,768,1,768,1,0,1,96,1,2964,1,96,1,0,1,2,1,0,1,0,1,1,1,8,1,24,1,0,1,0,1,209,1,16333,1,1,1,1,1,2095,1,23562,1,8,1,8,1,0,1
305,5500100,4467,9545,28.988905,,0,11,8,96,33989,12565,34377,5466111,16,211,40,1,26833,1,50,1,1834658,1,157369,1,112531,1,3321074,1,13557,1,318665,1,11903,4,519800,4,78704,4,814027,4,1535121,8,2125900,96,188870,36,3577,1,24017,1,2695,1,0,0,0,0,0,0,0,0,122901,1,17414,1,4308,1,0,0,0,0,0,0,0,0,4449,1,21973,1,30470,1,261573,1,16334,1,233,1,9545,1,4467,1,16567,1,9545,1,48,1,0,0,0,0,0,0,4503,1,5042,1,0,1,0,0,247117,1,930534,1,768,1,768,1,0,1,96,1,2964,1,96,1,0,1,2,1,0,1,0,1,1,1,8,1,24,1,0,1,0,1,209,1,16334,1,1,1,0,1,3382,1,14916,1,8,1,8,1,0,1
306,5555700,4467,9545,28.988905,,0,11,8,96,31114,12926,34747,5524586,16,211,130,1,30700,1,40,1,1848786,1,143010,1,113312,1,3377835,1,10771,1,304076,1,12685,4,521132,4,79115,4,812524,4,1600820,8,2187993,96,190604,36,4068,1,27774,1,2715,1,0,0,0,0,0,0,0,0,108543,1,16943,1,4369,1,0,0,0,0,0,0,0,0,4238,1,21693,1,30680,1,247295,1,16334,1,233,1,9545,1,4467,1,16567,1,9545,1,48,1,0,0,0,0,0,0,4503,1,5042,1,0,1,0,0,241790,1,878526,1,768,1,768,1,0,1,96,1,2964,1,96,1,0,1,2,1,0,1,0,1,1,1,8,1,24,1,0,1,0,1,209,1,16334,1,1,1,1,1,2852,1,49005,1,8,1,8,1,0,1
307,5509800,4467,9545,28.988905,,0,11,8,96,36314,12805,32523,5473486,16,211,120,1,30540,1,40,1,1836222,1,172158,1,114955,1,3307668,1,11783,1,330789,1,12044,4,519719,4,79035,4,787815,4,1533608,8,2100761,96,188139,36,3677,1,25480,1,2695,1,0,0,0,0,0,0,0,0,130716,1,23015,1,4409,1,0,0,0,0,0,0,0,0,3938,1,22033,1,30500,1,274128,1,16334,1,233,1,9545,1,4467,1,16567,1,9545,1,48,1,0,0,0,0,0,0,4502,1,5042,1,1,1,0,0,244378,1,923241,1,768,1,768,1,0,1,96,1,2964,1,96,1,0,1,2,1,0,1,0,1,1,1,8,1,24,1,0,1,0,1,209,1,16334,1,1,1,1,1,3613,1,62733,1,8,1,8,1,0,1
308,5547700,4468,9545,28.988905,,0,11,8,96,33424,8747,33334,5514276,16,211,60,1,27394,1,40,1,1840340,1,159162,1,111769,1,3363487,1,12024,1,324116,1,12174,4,520561,4,79506,4,814638,4,1571933,8,2158925,96,194311,36,3597,1,25500,1,2715,1,0,0,0,0,0,0,0,0,124564,1,16873,1,4369,1,0,0,0,0,0,0,0,0,3898,1,22194,1,30911,1,266944,1,16328,1,240,1,9545,1,4468,1,16568,1,9545,1,48,1,0,0,0,0,0,0,4502,1,5042,1,1,1,0,0,254877,1,823053,1,768,1,768,1,0,1,96,1,2952,1,96,1,0,1,2,1,0,1,0,1,1,1,8,1,24,1,0,1,0,1,216,1,16328,1,0,1,0,1,1963,1,64053,1,8,1,8,1,0,1
309,5466200,4467,9545,28.988905,,0,11,8,96,30448,8778,33255,5435752,16,211,100,1,27304,1,40,1,1842895,1,162158,1,112160,1,3279102,1,11994,1,315288,1,12094,4,523857,4,78885,4,781222,4,1528428,8,2087244,96,189151,36,3577,1,24238,1,2735,1,0,0,0,0,0,0,0,0,128092,1,16973,1,4409,1,0,0,0,0,0,0,0,0,4148,1,22214,1,31101,1,257645,1,16332,1,233,1,9545,1,4467,1,16565,1,9545,1,48,1,0,0,0,0,0,0,4503,1,5042,1,0,1,0,0,243199,1,786423,1,768,1,768,1,0,1,96,1,2964,1,96,1,0,1,2,1,0,1,0,1,1,1,8,1,24,1,0,1,0,1,209,1,16332,1,0,1,0,1,2508,1,71610,1,8,1,8,1,0,1
310,5530500,4467,9545,28.988905,,0,11,8,96,34039,12745,34166,5496461,16,211,90,1,27594,1,30,1,1845299,1,158391,1,113863,1,3339460,1,11733,1,318625,1,12134,4,520721,4,78955,4,811432,4,1553577,8,2141932,96,188911,36,3567,1,25079,1,2625,1,0,0,0,0,0,0,0,0,123643,1,17274,1,4328,1,0,0,0,0,0,0,0,0,4078,1,22073,1,30981,1,261323,1,16332,1,233,1,9545,1,4467,1,16565,1,9545,1,48,1,0,0,0,0,0,0,4503,1,5042,1,0,1,0,0,248952,1,898821,1,768,1,768,1,0,1,96,1,2964,1,96,1,0,1,2,1,0,1,0,1,1,1,8,1,24,1,0,1,0,1,209,1,16332,1,1,1,1,1,4768,1,21186,1,8,1,8,1,0,1
311,5444100,4467,9545,28.988905,,0,11,8,96,30352,12895,33095,5413748,16,211,50,1,27153,1,40,1,1834508,1,147700,1,112731,1,3279713,1,11853,1,310339,1,12374,4,521122,4,78935,4,780110,4,1533758,8,2092004,96,188770,36,3587,1,23897,1,2695,1,0,0,0,0,0,0,0,0,113403,1,16933,1,4339,1,0,0,0,0,0,0,0,0,4178,1,22274,1,31071,1,252625,1,16333,1,233,1,9545,1,4467,1,16566,1,9545,1,48,1,0,0,0,0,0,0,4502,1,5042,1,1,1,0,0,244990,1,861333,1,768,1,768,1,0,1,96,1,2964,1,96,1,0,1,2,1,0,1,0,1,1,1,8,1,24,1,0,1,0,1,209,1,16333,1,1,1,0,1,4735,1,26169,1,8,1,8,1,0,1
312,5625100,4468,9545,28.988905,,0,11,8,96,51568,10461,31212,5573532,16,206,150,1,30640,1,70,1,1849277,1,175404,1,137780,1,3368156,1,12054,1,395977,1,12605,4,538957,4,78544,4,790861,4,1509210,8,2074969,96,193890,36,3597,1,25069,1,2876,1,0,0,0,0,0,0,0,0,130225,1,24989,1,5391,1,0,0,0,0,0,0,0,0,4098,1,27203,1,37163,1,327312,1,16326,1,240,1,9545,1,4468,1,16566,1,9545,1,48,1,0,0,0,0,0,0,4501,1,5042,1,2,1,0,0,242891,1,772959,1,768,1,768,1,0,1,96,1,2952,1,96,1,0,1,2,1,0,1,0,1,1,1,8,1,24,1,0,1,0,1,216,1,16326,1,0,1,0,1,21235,1,12012,1,8,1,8,1,0,1
313,5537300,4467,9545,28.988905,,0,11,8,96,30980,9108,33515,5506320,16,211,90,1,27053,1,40,1,1841632,1,135676,1,111709,1,3378416,1,11703,1,313816,1,12054,4,521132,4,78694,4,815940,4,1597453,8,2189204,96,190674,36,3587,1,23917,1,2715,1,0,0,0,0,0,0,0,0,101138,1,16883,1,4328,1,0,0,0,0,0,0,0,0,3978,1,22003,1,30921,1,256724,1,16332,1,233,1,9545,1,4467,1,16565,1,9545,1,48,1,0,0,0,0,0,0,4503,1,5042,1,0,1,0,0,254528,1,858000,1,768,1,768,1,0,1,96,1,2964,1,96,1,0,1,2,1,0,1,0,1,1,1,8,1,24,1,0,1,0,1,209,1,16332,1,0,1,0,1,2491,1,9603,1,8,1,8,1,0,1
314,5449900,4467,9545,28.988905,,0,11,8,96,31532,12585,32943,5418368,16,211,50,1,27574,1,40,1,1837825,1,153772,1,113633,1,3273661,1,11813,1,305990,1,11973,4,519709,4,79115,4,786583,4,1526504,8,2091043,96,189101,36,3567,1,24959,1,2675,1,0,0,0,0,0,0,0,0,119785,1,16733,1,4328,1,0,0,0,0,0,0,0,0,4108,1,21883,1,30931,1,248888,1,16332,1,233,1,9545,1,4467,1,16565,1,9545,1,48,1,0,0,0,0,0,0,4502,1,5042,1,1,1,0,0,244493,1,850740,1,768,1,768,1,0,1,96,1,2964,1,96,1,0,1,2,1,0,1,0,1,1,1,8,1,24,1,0,1,0,1,209,1,16332,1,1,1,1,1,4636,1,26499,1,8,1,8,1,0,1
315,5521500,4467,9545,28.988905,,0,11,8,96,36552,8787,34487,5484948,16,211,50,1,27193,1,50,1,1843376,1,142880,1,113272,1,3346133,1,11994,1,309778,1,12214,4,521703,4,79356,4,808887,4,1573156,8,2165207,96,182348,36,3597,1,25971,1,2685,1,0,0,0,0,0,0,0,0,109505,1,17284,1,4359,1,0,0,0,0,0,0,0,0,3837,1,22294,1,30259,1,253227,1,16339,1,227,1,9545,1,4467,1,16566,1,9545,1,48,1,0,0,0,0,0,0,4501,1,5042,1,2,1,0,0,249844,1,1013034,1,768,1,768,1,0,1,96,1,3000,1,96,1,0,1,2,1,0,1,0,1,1,1,8,1,24,1,0,1,0,1,203,1,16339,1,0,1,0,1,2788,1,10659,1,8,1,8,1,0,1
316,5624000,4467,9545,28.988905,,0,11,8,96,30719,12905,35359,5593281,16,211,40,1,27344,1,40,1,1837674,1,161918,1,113172,1,3440969,1,12124,1,309407,1,14629,4,528016,4,80257,4,824788,4,1626640,8,2227339,96,188730,36,4128,1,36692,1,3507,1,0,0,0,0,0,0,0,0,127700,1,17625,1,4399,1,0,0,0,0,0,0,0,0,3838,1,22093,1,30750,1,252555,1,16340,1,227,1,9545,1,4467,1,16567,1,9545,1,48,1,0,0,0,0,0,0,4503,1,5042,1,0,1,0,0,263111,1,900438,1,768,1,768,1,0,1,96,1,3000,1,96,1,0,1,2,1,0,1,0,1,1,1,8,1,24,1,0,1,0,1,203,1,16340,1,1,1,0,1,2359,1,48477,1,8,1,8,1,0,1
317,5585800,4467,9545,28.988905,,0,11,8,96,31165,11463,35028,5554635,16,211,30,1,27764,1,40,1,1849127,1,169773,1,116829,1,3378797,1,12274,1,362761,1,12004,4,521803,4,79756,4,794729,4,1558968,8,2133015,96,185654,36,3617,1,30881,1,2816,1,0,0,0,0,0,0,0,0,123713,1,27394,1,4308,1,0,0,0,0,0,0,0,0,4008,1,21793,1,30450,1,306331,1,16338,1,227,1,9545,1,4467,1,16565,1,9545,1,48,1,0,0,0,0,0,0,4503,1,5042,1,0,1,0,0,245643,1,794640,1,768,1,768,1,0,1,96,1,3000,1,96,1,0,1,2,1,0,1,0,1,1,1,8,1,24,1,0,1,0,1,203,1,16338,1,1,1,0,1,2656,1,23001,1,8,1,8,1,0,1
318,5540900,4467,9545,28.988905,,0,11,8,96,29710,10851,34327,5511190,16,211,50,1,27945,1,30,1,1845430,1,146808,1,112801,1,3366082,1,12044,1,327322,1,12104,4,520942,4,79296,4,802073,4,1577785,8,2163534,96,181997,36,3597,1,29398,1,2715,1,0,0,0,0,0,0,0,0,110467,1,18747,1,4369,1,0,0,0,0,0,0,0,0,3216,1,21743,1,30500,1,271663,1,16339,1,227,1,9545,1,4467,1,16566,1,9545,1,48,1,0,0,0,0,0,0,4502,1,5042,1,1,1,0,0,250624,1,955119,1,768,1,768,1,0,1,96,1,3000,1,96,1,0,1,2,1,0,1,0,1,1,1,8,1,24,1,0,1,0,1,203,1,16339,1,1,1,0,1,2920,1,54648,1,8,1,8,1,0,1
319,5474300,4467,9545,28.988905,,0,11,8,96,30803,12795,34699,5443497,16,211,20,1,27253,1,40,1,1841782,1,163280,1,112471,1,3286226,1,12424,1,318605,1,12114,4,520421,4,79316,4,781944,4,1529740,8,2093195,96,183790,36,3597,1,25019,1,2675,1,0,0,0,0,0,0,0,0,128763,1,16913,1,4479,1,0,0,0,0,0,0,0,0,4048,1,22304,1,30840,1,261232,1,16339,1,227,1,9545,1,4467,1,16566,1,9545,1,48,1,0,0,0,0,0,0,4502,1,5042,1,1,1,0,0,243053,1,876678,1,768,1,768,1,0,1,96,1,3000,1,96,1,0,1,2,1,0,1,0,1,1,1,8,1,24,1,0,1,0,1,203,1,16339,1,1,1,1,1,4042,1,62799,1,8,1,8,1,0,1
320,5517600,4468,9545,28.988905,,0,11,8,96,33033,8777,34278,5484567,16,211,20,1,27374,1,40,1,1840440,1,158130,1,116038,1,3330623,1,11903,1,333474,1,12344,4,520631,4,79706,4,816602,4,1522616,8,2121070,96,183871,36,3587,1,30069,1,2816,1,0,0,0,0,0,0,0,0,124494,1,17384,1,4369,1,0,0,0,0,0,0,0,0,3988,1,22715,1,30881,1,275701,1,16336,1,231,1,9545,1,4468,1,16567,1,9545,1,48,1,0,0,0,0,0,0,4501,1,5042,1,2,1,0,0,250376,1,880374,1,768,1,768,1,0,1,96,1,3000,1,96,1,0,1,2,1,0,1,0,1,1,1,8,1,24,1,0,1,0,1,207,1,16336,1,0,1,0,1,2161,1,61512,1,8,1,8,1,0,1
321,5413700,4468,9545,28.98891,,0,11,8,96,31493,11903,34177,5382207,16,211,20,1,26953,1,40,1,1833877,1,162649,1,114174,1,3232520,1,11973,1,320649,1,12154,4,520441,4,79245,4,761323,4,1495954,8,2038759,96,184342,36,3587,1,24538,1,2725,1,0,0,0,0,0,0,0,0,127199,1,18927,1,4439,1,0,0,0,0,0,0,0,0,3928,1,22614,1,30760,1,263156,1,16337,1,231,1,9545,1,4468,1,16568,1,9545,1,48,1,0,0,0,0,0,0,4503,1,5042,1,0,1,0,0,236828,1,831105,1,768,1,768,1,0,1,96,1,3000,1,96,1,0,1,2,1,0,1,0,1,1,1,8,1,24,1,0,1,0,1,207,1,16337,1,1,1,0,1,2260,1,61479,1,8,1,8,1,0,1
322,5562700,4468,9545,28.988914,,0,11,8,96,35870,12014,35288,5526830,16,211,20,1,27474,1,60,1,1846181,1,169262,1,113553,1,3358497,1,11783,1,318074,1,12545,4,520771,4,80007,4,820940,4,1559910,8,2158265,96,187297,36,3597,1,27414,1,3226,1,0,0,0,0,0,0,0,0,134153,1,17104,1,4509,1,0,0,0,0,0,0,0,0,3948,1,22194,1,30740,1,261002,1,16335,1,231,1,9545,1,4468,1,16566,1,9545,1,48,1,0,0,0,0,0,0,4499,1,5042,1,4,1,0,0,251260,1,899712,1,768,1,768,1,0,1,96,1,3000,1,96,1,0,1,2,1,0,1,0,1,1,1,8,1,24,1,0,1,0,1,207,1,16335,1,1,1,0,1,3943,1,61512,1,8,1,8,1,0,1
323,5443200,4468,9545,28.988914,,0,11,8,96,30103,11372,34157,5413097,16,211,130,1,26292,1,80,1,1834709,1,159924,1,115707,1,3264373,1,11883,1,330689,1,12264,4,519940,4,78935,4,786092,4,1490163,8,2058928,96,183169,36,3567,1,28606,1,2745,1,0,0,0,0,0,0,0,0,123142,1,18897,1,4389,1,0,0,0,0,0,0,0,0,4198,1,21803,1,30941,1,273577,1,16334,1,231,1,9545,1,4468,1,16565,1,9545,1,48,1,0,0,0,0,0,0,4503,1,5042,1,0,1,0,0,246459,1,842523,1,768,1,768,1,0,1,96,1,3000,1,96,1,0,1,2,1,0,1,0,1,1,1,8,1,24,1,0,1,0,1,207,1,16334,1,1,1,0,1,3382,1,24981,1,8,1,8,1,0,1
324,5481400,4467,9545,28.988914,,0,11,8,96,33685,8627,34046,5447715,16,211,100,1,27033,1,30,1,1835751,1,158441,1,113272,1,3301345,1,11743,1,321751,1,12014,4,521723,4,79416,4,802995,4,1521474,8,2109087,96,181336,36,3557,1,27143,1,2645,1,0,0,0,0,0,0,0,0,123031,1,19128,1,4369,1,0,0,0,0,0,0,0,0,3878,1,22494,1,31271,1,263948,1,16337,1,227,1,9545,1,4467,1,16564,1,9545,1,48,1,0,0,0,0,0,0,4502,1,5042,1,1,1,0,0,246355,1,927135,1,768,1,768,1,0,1,96,1,3000,1,96,1,0,1,2,1,0,1,0,1,1,1,8,1,24,1,0,1,0,1,203,1,16337,1,0,1,0,1,4273,1,29601,1,8,1,8,1,0,1
325,5426600,4467,9545,28.988914,,0,11,8,96,30666,11372,32895,5395934,16,211,60,1,27033,1,40,1,1844578,1,138321,1,113172,1,3260856,1,11873,1,326761,1,12404,4,522595,4,79095,4,772916,4,1505803,8,2063948,96,181877,36,3587,1,23676,1,2645,1,0,0,0,0,0,0,0,0,103854,1,16943,1,4369,1,0,0,0,0,0,0,0,0,4408,1,22224,1,30901,1,269038,1,16338,1,227,1,9545,1,4467,1,16565,1,9545,1,48,1,0,0,0,0,0,0,4503,1,5042,1,0,1,0,0,250412,1,790548,1,768,1,768,1,0,1,96,1,3000,1,96,1,0,1,2,1,0,1,0,1,1,1,8,1,24,1,0,1,0,1,203,1,16338,1,1,1,0,1,2293,1,660,1,8,1,8,1,0,1
326,5468900,4467,9545,28.988914,,0,11,8,96,36796,11102,32603,5432104,16,211,40,1,27284,1,40,1,1835530,1,176767,1,114515,1,3265475,1,12454,1,331721,1,12204,4,521643,4,79165,4,788306,4,1487407,8,2060713,96,182398,36,3587,1,27464,1,2876,1,0,0,0,0,0,0,0,0,136367,1,21602,1,4409,1,0,0,0,0,0,0,0,0,3417,1,21662,1,29939,1,276392,1,16340,1,227,1,9545,1,4467,1,16567,1,9545,1,48,1,0,0,0,0,0,0,4501,1,5042,1,2,1,0,0,241594,1,791835,1,768,1,768,1,0,1,96,1,3000,1,96,1,0,1,2,1,0,1,0,1,1,1,8,1,24,1,0,1,0,1,203,1,16340,1,1,1,0,1,17935,1,58344,1,8,1,8,1,0,1
327,5490000,4467,9545,28.988914,,0,11,8,96,31844,12154,34988,5458156,16,211,150,1,30921,1,70,1,1843436,1,148501,1,117581,1,3304832,1,12665,1,311902,1,12715,4,522805,4,79245,4,787725,4,1545391,8,2116753,96,181375,36,3757,1,26372,1,2765,1,0,0,0,0,0,0,0,0,112230,1,17244,1,4429,1,0,0,0,0,0,0,0,0,4519,1,21432,1,30219,1,255531,1,16341,1,227,1,9545,1,4467,1,16568,1,9545,1,48,1,0,0,0,0,0,0,4503,1,5042,1,0,1,0,0,238239,1,896214,1,768,1,768,1,0,1,96,1,3000,1,96,1,0,1,2,1,0,1,0,1,1,1,8,1,24,1,0,1,0,1,203,1,16341,1,1,1,0,1,14453,1,48972,1,8,1,8,1,0,1
328,5552600,4467,9545,28.988914,,0,11,8,96,39637,13366,36120,5512963,16,211,150,1,30550,1,70,1,1836191,1,166897,1,114254,1,3353978,1,10871,1,343724,1,12525,4,519118,4,83464,4,812273,4,1535722,8,2127514,96,184362,36,3657,1,27354,1,2775,1,0,0,0,0,0,0,0,0,131027,1,16773,1,4349,1,0,0,0,0,0,0,0,0,4569,1,21532,1,30610,1,286833,1,16341,1,227,1,9545,1,4467,1,16568,1,9545,1,48,1,0,0,0,0,0,0,4503,1,5042,1,0,1,0,0,244994,1,942612,1,768,1,768,1,0,1,96,1,3000,1,96,1,0,1,2,1,0,1,0,1,1,1,8,1,24,1,0,1,0,1,203,1,16341,1,1,1,1,1,3795,1,71115,1,8,1,8,1,0,1
329,5519100,4467,9545,28.988914,,0,11,8,96,29833,12685,33005,5489267,16,211,90,1,30340,1,80,1,1829639,1,147008,1,112010,1,3358107,1,11994,1,314998,1,12334,4,520140,4,79356,4,805209,4,1582394,8,2172140,96,182458,36,3597,1,24698,1,2695,1,0,0,0,0,0,0,0,0,111058,1,19558,1,4318,1,0,0,0,0,0,0,0,0,4288,1,21953,1,30119,1,258437,1,16341,1,227,1,9545,1,4467,1,16568,1,9545,1,48,1,0,0,0,0,0,0,4503,1,5042,1,0,1,0,0,245931,1,956142,1,768,1,768,1,0,1,96,1,3000,1,96,1,0,1,2,1,0,1,0,1,1,1,8,1,24,1,0,1,0,1,203,1,16341,1,1,1,1,1,2359,1,62931,1,8,1,8,1,0,1
330,5437500,4467,9545,28.988914,,0,11,8,96,31216,13236,33264,5406284,16,211,100,1,27945,1,20,1,1834117,1,159944,1,112090,1,3259974,1,12094,1,312302,1,11903,4,520561,4,79025,4,772575,4,1518328,8,2075802,96,181837,36,3577,1,25821,1,2645,1,0,0,0,0,0,0,0,0,125777,1,16703,1,4359,1,0,0,0,0,0,0,0,0,4028,1,22043,1,30800,1,255241,1,16341,1,227,1,9545,1,4467,1,16568,1,9545,1,48,1,0,0,0,0,0,0,4503,1,5042,1,0,1,0,0,243374,1,799689,1,768,1,768,1,0,1,96,1,3000,1,96,1,0,1,2,1,0,1,0,1,1,1,8,1,24,1,0,1,0,1,203,1,16341,1,1,1,1,1,4141,1,74052,1,8,1,8,1,0,1
331,5569600,4467,9545,28.988914,,0,11,8,96,32920,12855,35710,5536680,16,211,50,1,27123,1,40,1,1834288,1,156627,1,110948,1,3395790,1,11813,1,316821,1,12024,4,520050,4,79336,4,815970,4,1606110,8,2201939,96,184432,36,3817,1,25270,1,3537,1,0,0,0,0,0,0,0,0,117871,1,16813,1,4328,1,0,0,0,0,0,0,0,0,4088,1,21993,1,30520,1,260030,1,16341,1,227,1,9545,1,4467,1,16568,1,9545,1,48,1,0,0,0,0,0,0,4502,1,5042,1,1,1,0,0,264852,1,940434,1,768,1,768,1,0,1,96,1,3000,1,96,1,0,1,2,1,0,1,0,1,1,1,8,1,24,1,0,1,0,1,203,1,16341,1,1,1,1,1,2689,1,24453,1,8,1,8,1,0,1
332,5479600,4467,9545,28.988914,,0,11,8,96,29871,13076,35860,5449729,16,211,150,1,31722,1,60,1,1842183,1,161116,1,113883,1,3289682,1,10931,1,313906,1,12384,4,521363,4,78574,4,783827,4,1532255,8,2098016,96,182207,36,3707,1,27845,1,2745,1,0,0,0,0,0,0,0,0,125005,1,18326,1,4349,1,0,0,0,0,0,0,0,0,4739,1,21793,1,30600,1,256593,1,16341,1,227,1,9545,1,4467,1,16568,1,9545,1,48,1,0,0,0,0,0,0,4503,1,5042,1,0,1,0,0,242956,1,881298,1,768,1,768,1,0,1,96,1,3000,1,96,1,0,1,2,1,0,1,0,1,1,1,8,1,24,1,0,1,0,1,203,1,16341,1,1,1,1,1,3875,1,59400,1,8,1,8,1,0,1
333,5484600,4467,9545,28.988914,,0,11,8,96,29731,12905,33866,5454869,16,211,140,1,30981,1,40,1,1836452,1,152429,1,112130,1,3310784,1,11913,1,309697,1,12294,4,521693,4,79306,4,804488,4,1539079,8,2125941,96,183760,36,3928,1,24729,1,2665,1,0,0,0,0,0,0,0,0,119084,1,16883,1,4318,1,0,0,0,0,0,0,0,0,4569,1,22113,1,30540,1,252305,1,16341,1,227,1,9545,1,4467,1,16568,1,9545,1,48,1,0,0,0,0,0,0,4503,1,5042,1,0,1,0,0,242148,1,829389,1,768,1,768,1,0,1,96,1,3000,1,96,1,0,1,2,1,0,1,0,1,1,1,8,1,24,1,0,1,0,1,203,1,16341,1,1,1,1,1,4306,1,20064,1,8,1,8,1,0,1
334,5602200,4467,9545,28.988914,,0,11,8,96,30371,12555,37411,5571829,16,211,110,1,27654,1,40,1,1840991,1,150525,1,111920,1,3428555,1,12034,1,308946,1,13577,4,520751,4,79125,4,832834,4,1615118,8,2214657,96,195884,36,3647,1,37694,1,4308,1,0,0,0,0,0,0,0,0,117581,1,16743,1,4349,1,0,0,0,0,0,0,0,0,4038,1,22204,1,31071,1,251463,1,16340,1,227,1,9545,1,4467,1,16567,1,9545,1,48,1,0,0,0,0,0,0,4503,1,5042,1,0,1,0,0,248852,1,861102,1,768,1,768,1,0,1,96,1,3000,1,96,1,0,1,2,1,0,1,0,1,1,1,8,1,24,1,0,1,0,1,203,1,16340,1,1,1,0,1,2524,1,22044,1,8,1,8,1,0,1
335,5641700,4467,9545,28.988914,,0,11,8,96,34818,16292,36351,5606882,16,211,90,1,27564,1,50,1,1839698,1,189136,1,148982,1,3388707,1,12655,1,423220,1,12324,4,523166,4,79065,4,783717,4,1510583,8,2074579,96,183370,36,3707,1,33786,1,2846,1,0,0,0,0,0,0,0,0,131132,1,33476,1,5541,1,0,0,0,0,0,0,0,0,4218,1,27213,1,38455,1,353113,1,16340,1,227,1,9545,1,4467,1,16567,1,9545,1,48,1,0,0,0,0,0,0,4502,1,5042,1,1,1,0,0,246574,1,812097,1,768,1,768,1,0,1,96,1,3000,1,96,1,0,1,2,1,0,1,0,1,1,1,8,1,24,1,0,1,0,1,203,1,16340,1,1,1,1,1,2458,1,46579,1,8,1,8,1,0,1
336,5530700,4467,9545,28.988914,,0,11,8,96,32466,12765,33986,5498234,16,211,30,1,30780,1,40,1,1835630,1,160485,1,112400,1,3346975,1,11893,1,326891,1,12364,4,519719,4,78865,4,806051,4,1554128,8,2143254,96,182939,36,3567,1,29849,1,2775,1,0,0,0,0,0,0,0,0,125436,1,18236,1,4359,1,0,0,0,0,0,0,0,0,4409,1,22153,1,30760,1,269368,1,16340,1,227,1,9545,1,4467,1,16567,1,9545,1,48,1,0,0,0,0,0,0,4502,1,5042,1,1,1,0,0,248537,1,915849,1,768,1,768,1,0,1,96,1,3000,1,96,1,0,1,2,1,0,1,0,1,1,1,8,1,24,1,0,1,0,1,203,1,16340,1,1,1,1,1,4240,1,54351,1,8,1,8,1,0,1
337,5536600,4467,9545,28.988914,,0,11,8,96,30941,12885,34278,5505659,16,211,70,1,27474,1,40,1,1835680,1,157058,1,112501,1,3360561,1,12274,1,321100,1,13567,4,524208,4,79967,4,834276,4,1536223,8,2153553,96,182668,36,3557,1,31231,1,3547,1,0,0,0,0,0,0,0,0,122470,1,16933,1,4359,1,0,0,0,0,0,0,0,0,4359,1,22204,1,30901,1,263437,1,16340,1,227,1,9545,1,4467,1,16567,1,9545,1,48,1,0,0,0,0,0,0,4503,1,5042,1,0,1,0,0,244313,1,740223,1,768,1,768,1,0,1,96,1,3000,1,96,1,0,1,2,1,0,1,0,1,1,1,8,1,24,1,0,1,0,1,203,1,16340,1,1,1,1,1,2953,1,56529,1,8,1,8,1,0,1
338,5529500,4467,9545,28.988914,,0,11,8,96,31707,12895,33877,5497793,16,211,120,1,27514,1,40,1,1837304,1,165204,1,111940,1,3343678,1,11994,1,340618,1,12294,4,534809,4,78945,4,800891,4,1526133,8,2109898,96,183249,36,3537,1,30830,1,2725,1,0,0,0,0,0,0,0,0,122811,1,24899,1,4369,1,0,0,0,0,0,0,0,0,4559,1,22133,1,31001,1,282745,1,16340,1,227,1,9545,1,4467,1,16567,1,9545,1,48,1,0,0,0,0,0,0,4503,1,5042,1,0,1,0,0,243167,1,970695,1,768,1,768,1,0,1,96,1,3000,1,96,1,0,1,2,1,0,1,0,1,1,1,8,1,24,1,0,1,0,1,203,1,16340,1,1,1,1,1,2128,1,24255,1,8,1,8,1,0,1
339,5540500,4467,9545,28.988914,,0,11,8,96,30984,12845,33325,5509516,16,211,70,1,27133,1,40,1,1841552,1,140155,1,111839,1,3376663,1,12064,1,320489,1,12304,4,521052,4,79456,4,814317,4,1584217,8,2182641,96,182568,36,3557,1,25650,1,2775,1,0,0,0,0,0,0,0,0,105196,1,17354,1,4369,1,0,0,0,0,0,0,0,0,4158,1,22113,1,30981,1,263066,1,16340,1,227,1,9545,1,4467,1,16567,1,9545,1,48,1,0,0,0,0,0,0,4503,1,5042,1,0,1,0,0,249526,1,934296,1,768,1,768,1,0,1,96,1,3000,1,96,1,0,1,2,1,0,1,0,1,1,1,8,1,24,1,0,1,0,1,203,1,16340,1,1,1,1,1,2359,1,45639,1,8,1,8,1,0,1
340,5444200,4468,9545,28.988914,,0,11,8,96,32045,8717,34418,5412155,16,211,120,1,27644,1,50,1,1860169,1,172749,1,112711,1,3226609,1,12104,1,334846,1,12194,4,523326,4,78785,4,754119,4,1477288,8,2010634,96,186355,36,3577,1,30951,1,2806,1,0,0,0,0,0,0,0,0,130356,1,24999,1,4399,1,0,0,0,0,0,0,0,0,3106,1,22043,1,29738,1,279779,1,16337,1,231,1,9545,1,4468,1,16568,1,9545,1,48,1,0,0,0,0,0,0,4502,1,5042,1,1,1,0,0,244862,1,763422,1,768,1,768,1,0,1,96,1,3000,1,96,1,0,1,2,1,0,1,0,1,1,1,8,1,24,1,0,1,0,1,207,1,16337,1,0,1,0,1,2623,1,69597,1,8,1,8,1,0,1
341,5534200,4468,9545,28.988914,,0,11,8,96,30605,12645,34067,5503595,16,211,90,1,27013,1,40,1,1839538,1,148111,1,112270,1,3364699,1,11833,1,316310,1,12444,4,521894,4,79446,4,810379,4,1579698,8,2167571,96,188440,36,3567,1,25630,1,2685,1,0,0,0,0,0,0,0,0,113863,1,17835,1,4359,1,0,0,0,0,0,0,0,0,4128,1,22003,1,30921,1,259068,1,16339,1,231,1,9545,1,4468,1,16570,1,9545,1,48,1,0,0,0,0,0,0,4503,1,5042,1,0,1,0,0,247446,1,979308,1,768,1,768,1,0,1,96,1,3000,1,96,1,0,1,2,1,0,1,0,1,1,1,8,1,24,1,0,1,0,1,207,1,16339,1,1,1,0,1,2161,1,68838,1,8,1,8,1,0,1
342,5460600,4468,9545,28.988914,,0,11,8,96,33245,12885,34256,5427355,16,211,60,1,27354,1,40,1,1835470,1,162118,1,111649,1,3278771,1,11893,1,312303,1,12144,4,522164,4,79055,4,777144,4,1529149,8,2085662,96,186376,36,3597,1,27604,1,2725,1,0,0,0,0,0,0,0,0,127460,1,17184,1,4359,1,0,0,0,0,0,0,0,0,4088,1,22103,1,30169,1,255742,1,16339,1,231,1,9545,1,4468,1,16570,1,9545,1,48,1,0,0,0,0,0,0,4503,1,5042,1,0,1,0,0,245380,1,851664,1,768,1,768,1,0,1,96,1,3000,1,96,1,0,1,2,1,0,1,0,1,1,1,8,1,24,1,0,1,0,1,207,1,16339,1,1,1,1,1,2194,1,62667,1,8,1,8,1,0,1
343,5513700,4468,9545,28.988914,,0,11,8,96,32760,12905,33665,5480940,16,211,70,1,27714,1,80,1,1848446,1,162449,1,111128,1,3319160,1,11893,1,310629,1,12204,4,521262,4,79376,4,804127,4,1547004,8,2129958,96,187508,36,3567,1,25450,1,2635,1,0,0,0,0,0,0,0,0,127189,1,17685,1,4359,1,0,0,0,0,0,0,0,0,4188,1,22344,1,30370,1,253557,1,16339,1,231,1,9545,1,4468,1,16570,1,9545,1,48,1,0,0,0,0,0,0,4502,1,5042,1,1,1,0,0,237883,1,861168,1,768,1,768,1,0,1,96,1,3000,1,96,1,0,1,2,1,0,1,0,1,1,1,8,1,24,1,0,1,0,1,207,1,16339,1,1,1,1,1,5692,1,42768,1,8,1,8,1,0,1
344,5449400,4468,9545,28.988914,,0,11,8,96,30381,12695,32773,5419019,16,211,30,1,27474,1,50,1,1833937,1,151908,1,110547,1,3283240,1,11833,1,318384,1,12284,4,520150,4,79175,4,778607,4,1528869,8,2088066,96,186636,36,3607,1,26762,1,2705,1,0,0,0,0,0,0,0,0,119194,1,16522,1,4389,1,0,0,0,0,0,0,0,0,4539,1,22184,1,30981,1,260471,1,16339,1,231,1,9545,1,4468,1,16570,1,9545,1,48,1,0,0,0,0,0,0,4502,1,5042,1,1,1,0,0,255696,1,767514,1,768,1,768,1,0,1,96,1,3000,1,96,1,0,1,2,1,0,1,0,1,1,1,8,1,24,1,0,1,0,1,207,1,16339,1,1,1,1,1,3778,1,30096,1,8,1,8,1,0,1
345,5500400,4468,9545,28.988914,,0,11,8,96,31894,12855,33794,5468506,16,211,70,1,27474,1,30,1,1839017,1,164493,1,111649,1,3313960,1,11813,1,315699,1,12464,4,523857,4,79356,4,804428,4,1533758,8,2116914,96,187478,36,3577,1,25240,1,2725,1,0,0,0,0,0,0,0,0,130095,1,17073,1,4349,1,0,0,0,0,0,0,0,0,4058,1,22133,1,30951,1,258367,1,16339,1,231,1,9545,1,4468,1,16570,1,9545,1,48,1,0,0,0,0,0,0,4503,1,5042,1,0,1,0,0,243149,1,805794,1,768,1,768,1,0,1,96,1,3000,1,96,1,0,1,2,1,0,1,0,1,1,1,8,1,24,1,0,1,0,1,207,1,16339,1,1,1,1,1,2491,1,65901,1,8,1,8,1,0,1
346,5441700,4468,9545,28.988914,,0,11,8,96,33072,13126,36571,5408628,16,211,140,1,30840,1,70,1,1837053,1,139724,1,114825,1,3275134,1,10841,1,310118,1,12014,4,521323,4,78965,4,779569,4,1526264,8,2083297,96,185965,36,3858,1,27193,1,2705,1,0,0,0,0,0,0,0,0,102000,1,18797,1,4369,1,0,0,0,0,0,0,0,0,4268,1,21582,1,29899,1,254189,1,16339,1,231,1,9545,1,4468,1,16570,1,9545,1,48,1,0,0,0,0,0,0,4503,1,5042,1,0,1,0,0,235537,1,832359,1,768,1,768,1,0,1,96,1,3000,1,96,1,0,1,2,1,0,1,0,1,1,1,8,1,24,1,0,1,0,1,207,1,16339,1,1,1,1,1,3630,1,1221,1,8,1,8,1,0,1
347,5485500,4468,9545,28.988914,,0,11,8,96,30972,12715,33957,5454528,16,211,90,1,30540,1,50,1,1839979,1,152419,1,111058,1,3308459,1,11933,1,307974,1,12094,4,520331,4,78895,4,808987,4,1535802,8,2124427,96,186405,36,3597,1,25400,1,2665,1,0,0,0,0,0,0,0,0,117941,1,17194,1,4359,1,0,0,0,0,0,0,0,0,3988,1,22073,1,30710,1,251022,1,16339,1,231,1,9545,1,4468,1,16570,1,9545,1,48,1,0,0,0,0,0,0,4503,1,5042,1,0,1,0,0,243746,1,922944,1,768,1,768,1,0,1,96,1,3000,1,96,1,0,1,2,1,0,1,0,1,1,1,8,1,24,1,0,1,0,1,207,1,16339,1,1,1,1,1,5098,1,18843,1,8,1,8,1,0,1
348,5440000,4468,9545,28.988914,,0,11,8,96,30760,11994,35247,5409240,16,211,70,1,27153,1,40,1,1841322,1,138652,1,111879,1,3278180,1,11943,1,310359,1,12144,4,529479,4,79316,4,799428,4,1501064,8,2077477,96,187768,36,3707,1,27324,1,3367,1,0,0,0,0,0,0,0,0,105256,1,16823,1,4369,1,0,0,0,0,0,0,0,0,4318,1,21953,1,31091,1,252816,1,16340,1,231,1,9545,1,4468,1,16571,1,9545,1,48,1,0,0,0,0,0,0,4502,1,5042,1,1,1,0,0,242962,1,817674,1,768,1,768,1,0,1,96,1,3000,1,96,1,0,1,2,1,0,1,0,1,1,1,8,1,24,1,0,1,0,1,207,1,16340,1,1,1,0,1,2227,1,46563,1,8,1,8,1,0,1
349,5512900,4468,9545,28.988914,,0,11,8,96,34575,12865,33726,5478325,16,211,70,1,27273,1,40,1,1835400,1,162599,1,112370,1,3328068,1,12505,1,346409,1,12144,4,521192,4,78985,4,802755,4,1520242,8,2102915,96,186356,36,3577,1,27223,1,2675,1,0,0,0,0,0,0,0,0,123342,1,23035,1,4379,1,0,0,0,0,0,0,0,0,4088,1,21933,1,31061,1,289147,1,16340,1,231,1,9545,1,4468,1,16571,1,9545,1,48,1,0,0,0,0,0,0,4503,1,5042,1,0,1,0,0,242003,1,852060,1,768,1,768,1,0,1,96,1,3000,1,96,1,0,1,2,1,0,1,0,1,1,1,8,1,24,1,0,1,0,1,207,1,16340,1,1,1,1,1,3052,1,20361,1,8,1,8,1,0,1
350,5515000,4468,9545,28.988914,,0,11,8,96,30282,12695,33566,5484718,16,211,30,1,27624,1,40,1,1839338,1,140696,1,111889,1,3353327,1,11773,1,311180,1,12144,4,521623,4,79065,4,805670,4,1578546,8,2163864,96,186786,36,3567,1,26101,1,2735,1,0,0,0,0,0,0,0,0,105787,1,17484,1,4399,1,0,0,0,0,0,0,0,0,4118,1,22184,1,30660,1,254018,1,16340,1,231,1,9545,1,4468,1,16571,1,9545,1,48,1,0,0,0,0,0,0,4502,1,5042,1,1,1,0,0,249171,1,962082,1,768,1,768,1,0,1,96,1,3000,1,96,1,0,1,2,1,0,1,0,1,1,1,8,1,24,1,0,1,0,1,207,1,16340,1,1,1,1,1,2524,1,49797,1,8,1,8,1,0,1
351,5598900,4468,9545,28.988914,,0,11,8,96,32031,13096,40026,5566869,16,211,140,1,31031,1,80,1,1853215,1,155996,1,114615,1,3400730,1,11062,1,310249,1,12565,4,525901,4,79286,4,844376,4,1580791,8,2192362,96,192778,36,3717,1,27935,1,2816,1,0,0,0,0,0,0,0,0,121669,1,16632,1,4328,1,0,0,0,0,0,0,0,0,4018,1,21823,1,30931,1,253287,1,16340,1,231,1,9545,1,4468,1,16571,1,9545,1,48,1,0,0,0,0,0,0,4502,1,5042,1,1,1,0,0,245837,1,916146,1,768,1,768,1,0,1,96,1,3000,1,96,1,0,1,2,1,0,1,0,1,1,1,8,1,24,1,0,1,0,1,207,1,16340,1,1,1,1,1,3167,1,21120,1,8,1,8,1,0,1
352,5512600,4468,9545,28.988914,,0,11,8,96,30768,12765,34708,5481832,16,211,50,1,30670,1,40,1,1836212,1,157128,1,112310,1,3333558,1,11863,1,320308,1,12224,4,520050,4,79286,4,809919,4,1543608,8,2132863,96,185955,36,3587,1,29107,1,2705,1,0,0,0,0,0,0,0,0,120176,1,19458,1,4308,1,0,0,0,0,0,0,0,0,4739,1,22023,1,30470,1,262876,1,16340,1,231,1,9545,1,4468,1,16571,1,9545,1,48,1,0,0,0,0,0,0,4502,1,5042,1,1,1,0,0,244555,1,890868,1,768,1,768,1,0,1,96,1,3000,1,96,1,0,1,2,1,0,1,0,1,1,1,8,1,24,1,0,1,0,1,207,1,16340,1,1,1,1,1,2887,1,24684,1,8,1,8,1,0,1
353,5461000,4468,9545,28.988914,,0,11,8,96,31110,14138,35558,5429890,16,211,140,1,30410,1,50,1,1838436,1,160004,1,122981,1,3266938,1,10931,1,312323,1,11913,4,519779,4,78734,4,774068,4,1524059,8,2078339,96,184231,36,3848,1,25400,1,2675,1,0,0,0,0,0,0,0,0,124194,1,16853,1,4349,1,0,0,0,0,0,0,0,0,4529,1,21192,1,30159,1,256243,1,16340,1,231,1,9545,1,4468,1,16571,1,9545,1,48,1,0,0,0,0,0,0,4503,1,5042,1,0,1,0,0,234579,1,765336,1,768,1,768,1,0,1,96,1,3000,1,96,1,0,1,2,1,0,1,0,1,1,1,8,1,24,1,0,1,0,1,207,1,16340,1,1,1,1,1,3531,1,51414,1,8,1,8,1,0,1
354,5578300,4467,9545,28.988914,,0,11,8,96,33635,9398,35999,5544665,16,211,100,1,31331,1,80,1,1830831,1,162809,1,111769,1,3395760,1,11984,1,318905,1,11863,4,525811,4,78965,4,868904,4,1546543,8,2194145,96,185303,36,3858,1,28847,1,2665,1,0,0,0,0,0,0,0,0,128151,1,16953,1,4349,1,0,0,0,0,0,0,0,0,4038,1,21893,1,30640,1,262174,1,16343,1,227,1,9545,1,4467,1,16570,1,9545,1,48,1,0,0,0,0,0,0,4503,1,5042,1,0,1,0,0,252817,1,935814,1,768,1,768,1,0,1,96,1,3000,1,96,1,0,1,2,1,0,1,0,1,1,1,8,1,24,1,0,1,0,1,203,1,16343,1,0,1,0,1,6418,1,69267,1,8,1,8,1,0,1
355,5532800,4467,9545,28.988914,,0,11,8,96,30618,13056,33946,5502182,16,211,110,1,26773,1,50,1,1834929,1,140606,1,114965,1,3372695,1,12054,1,329506,1,12244,4,522926,4,79145,4,805310,4,1578496,8,2166880,96,182979,36,3557,1,25791,1,2665,1,0,0,0,0,0,0,0,0,103152,1,19558,1,4359,1,0,0,0,0,0,0,0,0,4198,1,21973,1,30981,1,272174,1,16343,1,227,1,9545,1,4467,1,16570,1,9545,1,48,1,0,0,0,0,0,0,4503,1,5042,1,0,1,0,0,245782,1,959079,1,768,1,768,1,0,1,96,1,3000,1,96,1,0,1,2,1,0,1,0,1,1,1,8,1,24,1,0,1,0,1,203,1,16343,1,1,1,1,1,2260,1,561,1,8,1,8,1,0,1
356,5461600,4467,9545,28.988914,,0,11,8,96,30938,10521,34116,5430662,16,211,100,1,27294,1,100,1,1840480,1,155244,1,114855,1,3280695,1,11893,1,315008,1,12074,4,521473,4,78404,4,787434,4,1523669,8,2094038,96,182949,36,3557,1,25891,1,2665,1,0,0,0,0,0,0,0,0,121047,1,16683,1,4399,1,0,0,0,0,0,0,0,0,4028,1,21823,1,31121,1,257866,1,16344,1,227,1,9545,1,4467,1,16571,1,9545,1,48,1,0,0,0,0,0,0,4501,1,5042,1,2,1,0,0,245922,1,803187,1,768,1,768,1,0,1,96,1,3000,1,96,1,0,1,2,1,0,1,0,1,1,1,8,1,24,1,0,1,0,1,203,1,16344,1,1,1,0,1,5445,1,462,1,8,1,8,1,0,1
357,5785000,4467,9545,28.988914,,0,11,8,96,36154,14017,34467,5748846,16,211,100,1,27103,1,40,1,1850359,1,185103,1,116398,1,3555213,1,14528,1,367441,1,12284,4,526743,4,80137,4,881629,4,1628885,8,2290393,96,185654,36,4058,1,36862,1,3156,1,0,0,0,0,0,0,0,0,140015,1,26221,1,4389,1,0,0,0,0,0,0,0,0,3707,1,22133,1,29939,1,311471,1,16344,1,227,1,9545,1,4467,1,16571,1,9545,1,48,1,0,0,0,0,0,0,4503,1,5042,1,0,1,0,0,246758,1,934593,1,768,1,768,1,0,1,96,1,3000,1,96,1,0,1,2,1,0,1,0,1,1,1,8,1,24,1,0,1,0,1,203,1,16344,1,1,1,1,1,2821,1,61215,1,8,1,8,1,0,1
358,5619900,4467,9545,28.988914,,0,11,8,96,36699,12144,34418,5583201,16,211,130,1,27654,1,30,1,1840680,1,164803,1,119003,1,3418214,1,12685,1,358834,1,12505,4,522916,4,79245,4,806873,4,1586872,8,2175847,96,183480,36,3577,1,31852,1,3397,1,0,0,0,0,0,0,0,0,113583,1,32975,1,4409,1,0,0,0,0,0,0,0,0,3928,1,21372,1,30630,1,302263,1,16344,1,227,1,9545,1,4467,1,16571,1,9545,1,48,1,0,0,0,0,0,0,4503,1,5042,1,0,1,0,0,251421,1,920238,1,768,1,768,1,0,1,96,1,3000,1,96,1,0,1,2,1,0,1,0,1,1,1,8,1,24,1,0,1,0,1,203,1,16344,1,1,1,1,1,13711,1,54318,1,8,1,8,1,0,1
359,5481300,4467,9545,28.988914,,0,11,8,96,31741,12995,33395,5449559,16,211,60,1,27033,1,40,1,1841432,1,160765,1,113412,1,3294111,1,12705,1,325559,1,12214,4,522805,4,79045,4,778567,4,1531354,8,2092535,96,183991,36,3547,1,25300,1,2725,1,0,0,0,0,0,0,0,0,124855,1,18536,1,4369,1,0,0,0,0,0,0,0,0,4138,1,22394,1,31071,1,267765,1,16344,1,227,1,9545,1,4467,1,16571,1,9545,1,48,1,0,0,0,0,0,0,4503,1,5042,1,0,1,0,0,242413,1,770154,1,768,1,768,1,0,1,96,1,3000,1,96,1,0,1,2,1,0,1,0,1,1,1,8,1,24,1,0,1,0,1,203,1,16344,1,1,1,1,1,4306,1,21813,1,8,1,8,1,0,1
360,5542400,4467,9545,28.988914,,0,11,8,96,31721,12094,36070,5510679,16,211,80,1,27995,1,40,1,1844648,1,150936,1,117450,1,3357596,1,11933,1,317653,1,12414,4,525240,4,79726,4,806963,4,1569358,8,2155879,96,184372,36,4098,1,27334,1,2715,1,0,0,0,0,0,0,0,0,114004,1,19438,1,4369,1,0,0,0,0,0,0,0,0,3447,1,21512,1,29979,1,262535,1,16344,1,227,1,9545,1,4467,1,16571,1,9545,1,48,1,0,0,0,0,0,0,4503,1,5042,1,0,1,0,0,248506,1,874500,1,768,1,768,1,0,1,96,1,3000,1,96,1,0,1,2,1,0,1,0,1,1,1,8,1,24,1,0,1,0,1,203,1,16344,1,1,1,1,1,2095,1,12573,1,8,1,8,1,0,1
361,5461200,4467,9545,28.988914,,0,11,8,96,31470,12735,34137,5429730,16,211,80,1,27143,1,50,1,1835470,1,159663,1,113102,1,3282128,1,12094,1,316240,1,12164,4,523296,4,79235,4,776503,4,1531414,8,2089889,96,183891,36,3577,1,24187,1,2775,1,0,0,0,0,0,0,0,0,124354,1,17875,1,4399,1,0,0,0,0,0,0,0,0,4218,1,22534,1,31011,1,258287,1,16344,1,227,1,9545,1,4467,1,16571,1,9545,1,48,1,0,0,0,0,0,0,4503,1,5042,1,0,1,0,0,249255,1,939378,1,768,1,768,1,0,1,96,1,3000,1,96,1,0,1,2,1,0,1,0,1,1,1,8,1,24,1,0,1,0,1,203,1,16344,1,1,1,1,1,2788,1,57222,1,8,1,8,1,0,1
362,5562300,4467,9545,28.988914,,0,11,8,96,36442,12905,34307,5525858,16,211,150,1,27654,1,20,1,1840951,1,160254,1,113793,1,3371212,1,11823,1,321180,1,12234,4,522956,4,78815,4,808957,4,1581762,8,2171530,96,184883,36,3567,1,25730,1,3106,1,0,0,0,0,0,0,0,0,126638,1,17094,1,4379,1,0,0,0,0,0,0,0,0,4058,1,22123,1,30911,1,263908,1,16344,1,227,1,9545,1,4467,1,16571,1,9545,1,48,1,0,0,0,0,0,0,4503,1,5042,1,0,1,0,0,249361,1,836187,1,768,1,768,1,0,1,96,1,3000,1,96,1,0,1,2,1,0,1,0,1,1,1,8,1,24,1,0,1,0,1,203,1,16344,1,1,1,1,1,3976,1,10098,1,8,1,8,1,0,1
363,5463300,4467,9545,28.988914,,0,11,8,96,31767,10080,34227,5431533,16,211,130,1,26963,1,50,1,1838596,1,143481,1,114324,1,3296085,1,11903,1,309046,1,12324,4,523717,4,79245,4,788677,4,1541674,8,2111873,96,184251,36,3567,1,25039,1,2715,1,0,0,0,0,0,0,0,0,108052,1,18756,1,4409,1,0,0,0,0,0,0,0,0,4068,1,21462,1,30490,1,252826,1,16343,1,227,1,9545,1,4467,1,16570,1,9545,1,48,1,0,0,0,0,0,0,4503,1,5042,1,0,1,0,0,248458,1,820974,1,768,1,768,1,0,1,96,1,3000,1,96,1,0,1,2,1,0,1,0,1,1,1,8,1,24,1,0,1,0,1,203,1,16343,1,1,1,0,1,2260,1,44847,1,8,1,8,1,0,1
364,5498600,4467,9545,28.988914,,0,11,8,96,31677,13256,34507,5466923,16,211,40,1,27374,1,40,1,1841412,1,156046,1,112962,1,3317186,1,11863,1,312824,1,12244,4,523807,4,79656,4,810640,4,1533708,8,2125329,96,184512,36,3587,1,24739,1,2725,1,0,0,0,0,0,0,0,0,121789,1,16833,1,4339,1,0,0,0,0,0,0,0,0,4068,1,22234,1,31351,1,254970,1,16343,1,227,1,9545,1,4467,1,16570,1,9545,1,48,1,0,0,0,0,0,0,4503,1,5042,1,0,1,0,0,245248,1,935748,1,768,1,768,1,0,1,96,1,3000,1,96,1,0,1,2,1,0,1,0,1,1,1,8,1,24,1,0,1,0,1,203,1,16343,1,1,1,1,1,3778,1,26598,1,8,1,8,1,0,1
365,5573900,4467,9545,28.988914,,0,11,8,96,30958,12655,33795,5542942,16,211,110,1,27384,1,50,1,1839318,1,140516,1,113733,1,3409968,1,11863,1,317242,1,12344,4,524689,4,79576,4,831731,4,1600629,8,2213743,96,184823,36,3647,1,24708,1,2745,1,0,0,0,0,0,0,0,0,105948,1,17003,1,4389,1,0,0,0,0,0,0,0,0,3968,1,22163,1,30961,1,259950,1,16343,1,227,1,9545,1,4467,1,16570,1,9545,1,48,1,0,0,0,0,0,0,4503,1,5042,1,0,1,0,0,262644,1,1001253,1,768,1,768,1,0,1,96,1,3000,1,96,1,0,1,2,1,0,1,0,1,1,1,8,1,24,1,0,1,0,1,203,1,16343,1,1,1,1,1,2491,1,47718,1,8,1,8,1,0,1
366,5479900,4467,9545,28.988914,,0,11,8,96,32005,12735,33455,5447895,16,211,30,1,27163,1,40,1,1836432,1,162789,1,113372,1,3296065,1,12004,1,318314,1,12164,4,522154,4,79406,4,786422,4,1531835,8,2100691,96,184111,36,3577,1,26752,1,2705,1,0,0,0,0,0,0,0,0,127971,1,18476,1,4459,1,0,0,0,0,0,0,0,0,4068,1,21943,1,31191,1,260932,1,16343,1,227,1,9545,1,4467,1,16570,1,9545,1,48,1,0,0,0,0,0,0,4503,1,5042,1,0,1,0,0,244967,1,840345,1,768,1,768,1,0,1,96,1,3000,1,96,1,0,1,2,1,0,1,0,1,1,1,8,1,24,1,0,1,0,1,203,1,16343,1,1,1,1,1,4471,1,76956,1,8,1,8,1,0,1
367,5554100,4468,9545,28.988914,,0,11,8,96,33362,8667,33546,5520738,16,211,40,1,28035,1,40,1,1839498,1,168410,1,114154,1,3358337,1,12224,1,322142,1,12004,4,522815,4,79215,4,815660,4,1567264,8,2160177,96,189201,36,3587,1,24308,1,2675,1,0,0,0,0,0,0,0,0,133572,1,17394,1,4379,1,0,0,0,0,0,0,0,0,3858,1,21983,1,31191,1,264930,1,16340,1,231,1,9545,1,4468,1,16571,1,9545,1,48,1,0,0,0,0,0,0,4503,1,5042,1,0,1,0,0,253210,1,932745,1,768,1,768,1,0,1,96,1,3000,1,96,1,0,1,2,1,0,1,0,1,1,1,8,1,24,1,0,1,0,1,207,1,16340,1,0,1,0,1,4933,1,61347,1,8,1,8,1,0,1
368,5495400,4469,9545,28.988914,,0,11,8,96,29459,8707,34076,5465941,16,211,20,1,27384,1,40,1,1834929,1,156798,1,114134,1,3320663,1,11973,1,315789,1,12314,4,525481,4,79416,4,784399,4,1561212,8,2118245,96,193289,36,3577,1,27063,1,2705,1,0,0,0,0,0,0,0,0,122450,1,17013,1,4439,1,0,0,0,0,0,0,0,0,3998,1,22464,1,30780,1,258367,1,16337,1,235,1,9545,1,4469,1,16572,1,9545,1,48,1,0,0,0,0,0,0,4503,1,5042,1,0,1,0,0,248723,1,824736,1,768,1,768,1,0,1,96,1,3000,1,96,1,0,1,2,1,0,1,0,1,1,1,8,1,24,1,0,1,0,1,211,1,16337,1,0,1,0,1,4273,1,60423,1,8,1,8,1,0,1
369,5532900,4469,9545,28.988914,,0,11,8,96,34305,12735,33396,5498595,16,211,100,1,27003,1,40,1,1839358,1,154523,1,115286,1,3350351,1,11933,1,322903,1,12024,4,523397,4,79105,4,821742,4,1546183,8,2142602,96,191926,36,3557,1,26001,1,2705,1,0,0,0,0,0,0,0,0,120927,1,17063,1,4318,1,0,0,0,0,0,0,0,0,3988,1,22224,1,30840,1,265661,1,16337,1,235,1,9545,1,4469,1,16572,1,9545,1,48,1,0,0,0,0,0,0,4502,1,5042,1,1,1,0,0,253333,1,822954,1,768,1,768,1,0,1,96,1,3000,1,96,1,0,1,2,1,0,1,0,1,1,1,8,1,24,1,0,1,0,1,211,1,16337,1,1,1,1,1,3036,1,19932,1,8,1,8,1,0,1
370,5507700,4469,9545,28.988914,,0,11,8,96,30808,13667,32844,5476892,16,211,20,1,27344,1,100,1,1839438,1,142489,1,115497,1,3340101,1,11903,1,315379,1,12184,4,524809,4,78754,4,803706,4,1559880,8,2139406,96,191335,36,3587,1,25420,1,2715,1,0,0,0,0,0,0,0,0,107812,1,17043,1,4369,1,0,0,0,0,0,0,0,0,4048,1,21943,1,30800,1,258427,1,16337,1,235,1,9545,1,4469,1,16572,1,9545,1,48,1,0,0,0,0,0,0,4503,1,5042,1,0,1,0,0,249421,1,824505,1,768,1,768,1,0,1,96,1,3000,1,96,1,0,1,2,1,0,1,0,1,1,1,8,1,24,1,0,1,0,1,211,1,16337,1,1,1,1,1,2590,1,55902,1,8,1,8,1,0,1
371,5466000,4469,9545,28.988914,,0,11,8,96,31631,12495,33024,5434369,16,211,130,1,27183,1,30,1,1852173,1,164112,1,113513,1,3265234,1,11994,1,315639,1,12264,4,524188,4,79055,4,785220,4,1505824,8,2066905,96,191115,36,3597,1,24248,1,2705,1,0,0,0,0,0,0,0,0,127560,1,19027,1,4389,1,0,0,0,0,0,0,0,0,3727,1,22254,1,30009,1,259489,1,16338,1,235,1,9545,1,4469,1,16573,1,9545,1,48,1,0,0,0,0,0,0,4502,1,5042,1,1,1,0,0,242991,1,794805,1,768,1,768,1,0,1,96,1,3000,1,96,1,0,1,2,1,0,1,0,1,1,1,8,1,24,1,0,1,0,1,211,1,16338,1,1,1,0,1,6715,1,71676,1,8,1,8,1,0,1
372,5611600,4469,9545,28.988914,,0,11,8,96,33599,12856,33936,5578001,16,211,130,1,27654,1,40,1,1852093,1,136888,1,114104,1,3435128,1,11963,1,323164,1,12244,4,524308,4,79506,4,822052,4,1627662,8,2223011,96,192768,36,3557,1,27123,1,2655,1,0,0,0,0,0,0,0,0,101730,1,17945,1,4369,1,0,0,0,0,0,0,0,0,3928,1,21973,1,30490,1,266603,1,16337,1,235,1,9545,1,4469,1,16572,1,9545,1,48,1,0,0,0,0,0,0,4503,1,5042,1,0,1,0,0,267777,1,907995,1,768,1,768,1,0,1,96,1,3000,1,96,1,0,1,2,1,0,1,0,1,1,1,8,1,24,1,0,1,0,1,211,1,16337,1,1,1,0,1,2491,1,18315,1,8,1,8,1,0,1
373,5488200,4469,9545,28.988914,,0,11,8,96,32048,11252,34527,5456152,16,211,120,1,27103,1,40,1,1843526,1,161487,1,113392,1,3298490,1,11994,1,314206,1,12154,4,524920,4,79235,4,783898,4,1542576,8,2100040,96,191906,36,3597,1,23967,1,2685,1,0,0,0,0,0,0,0,0,127951,1,17203,1,4339,1,0,0,0,0,0,0,0,0,3807,1,21713,1,30830,1,257665,1,16336,1,235,1,9545,1,4469,1,16571,1,9545,1,48,1,0,0,0,0,0,0,4503,1,5042,1,0,1,0,0,247801,1,815463,1,768,1,768,1,0,1,96,1,3000,1,96,1,0,1,2,1,0,1,0,1,1,1,8,1,24,1,0,1,0,1,211,1,16336,1,1,1,0,1,4504,1,77121,1,8,1,8,1,0,1
374,5568800,4469,9545,28.988914,,0,11,8,96,33553,12735,35808,5535247,16,211,160,1,30981,1,70,1,1847794,1,159914,1,114144,1,3371122,1,11062,1,304988,1,12144,4,527735,4,78103,4,819728,4,1581702,8,2174938,96,190684,36,3677,1,27574,1,2735,1,0,0,0,0,0,0,0,0,124995,1,17214,1,4349,1,0,0,0,0,0,0,0,0,3647,1,21673,1,29849,1,249640,1,16335,1,235,1,9545,1,4469,1,16570,1,9545,1,48,1,0,0,0,0,0,0,4503,1,5042,1,0,1,0,0,235778,1,906873,1,768,1,768,1,0,1,96,1,3000,1,96,1,0,1,2,1,0,1,0,1,1,1,8,1,24,1,0,1,0,1,211,1,16335,1,1,1,0,1,3564,1,45705,1,8,1,8,1,0,1
375,5453300,4469,9545,28.988914,,0,11,8,96,30744,12775,33796,5422556,16,211,20,1,30430,1,40,1,1834248,1,156687,1,114865,1,3274332,1,11933,1,309778,1,12965,4,522515,4,78754,4,778457,4,1528298,8,2082535,96,190423,36,3597,1,24468,1,2725,1,0,0,0,0,0,0,0,0,121288,1,17815,1,4389,1,0,0,0,0,0,0,0,0,4278,1,22284,1,30891,1,252135,1,16335,1,235,1,9545,1,4469,1,16570,1,9545,1,48,1,0,0,0,0,0,0,4503,1,5042,1,0,1,0,0,241193,1,815034,1,768,1,768,1,0,1,96,1,3000,1,96,1,0,1,2,1,0,1,0,1,1,1,8,1,24,1,0,1,0,1,211,1,16335,1,1,1,1,1,3844,1,52701,1,8,1,8,1,0,1
376,5516900,4469,9545,28.988914,,0,11,8,96,34998,12645,34998,5481902,16,211,60,1,27564,1,20,1,1834769,1,153661,1,112891,1,3340753,1,12184,1,313836,1,12264,4,522365,4,79135,4,816982,4,1550581,8,2141521,96,191045,36,3617,1,26231,1,3096,1,0,0,0,0,0,0,0,0,120867,1,16182,1,4359,1,0,0,0,0,0,0,0,0,4168,1,21903,1,30720,1,256864,1,16335,1,235,1,9545,1,4469,1,16570,1,9545,1,48,1,0,0,0,0,0,0,4503,1,5042,1,0,1,0,0,251712,1,853710,1,768,1,768,1,0,1,96,1,3000,1,96,1,0,1,2,1,0,1,0,1,1,1,8,1,24,1,0,1,0,1,211,1,16335,1,1,1,1,1,2194,1,1188,1,8,1,8,1,0,1
377,5535100,4469,9545,28.988914,,0,11,8,96,31746,13066,33715,5503354,16,211,110,1,27033,1,40,1,1842143,1,141878,1,113733,1,3366373,1,12044,1,313645,1,12064,4,524098,4,78855,4,803356,4,1590309,8,2166952,96,192999,36,3587,1,24578,1,2816,1,0,0,0,0,0,0,0,0,104956,1,19067,1,4399,1,0,0,0,0,0,0,0,0,4428,1,22013,1,30680,1,256363,1,16334,1,235,1,9545,1,4469,1,16569,1,9545,1,48,1,0,0,0,0,0,0,4503,1,5042,1,0,1,0,0,244580,1,867900,1,768,1,768,1,0,1,96,1,3000,1,96,1,0,1,2,1,0,1,0,1,1,1,8,1,24,1,0,1,0,1,211,1,16334,1,1,1,0,1,2491,1,44682,1,8,1,8,1,0,1
378,5741800,4469,9545,28.988914,,0,11,8,96,31430,12765,38404,5710370,16,211,50,1,27524,1,40,1,1846602,1,151728,1,113853,1,3557959,1,12615,1,308004,1,12464,4,522926,4,79456,4,898592,4,1679745,8,2337617,96,202317,36,4068,1,34908,1,5030,1,0,0,0,0,0,0,0,0,117931,1,16442,1,4359,1,0,0,0,0,0,0,0,0,4038,1,22003,1,30700,1,251092,1,16334,1,235,1,9545,1,4469,1,16569,1,9545,1,48,1,0,0,0,0,0,0,4503,1,5042,1,0,1,0,0,257421,1,959112,1,768,1,768,1,0,1,96,1,3000,1,96,1,0,1,2,1,0,1,0,1,1,1,8,1,24,1,0,1,0,1,211,1,16334,1,1,1,1,1,5296,1,17424,1,8,1,8,1,0,1
379,5578300,4469,9545,28.988914,,0,11,8,96,32503,13096,33576,5545797,16,211,120,1,27404,1,40,1,1838927,1,172258,1,120015,1,3374940,1,12094,1,352461,1,12104,4,524639,4,79456,4,825138,4,1530552,8,2130439,96,191676,36,3617,1,31171,1,2705,1,0,0,0,0,0,0,0,0,126007,1,27865,1,4699,1,0,0,0,0,0,0,0,0,3998,1,22504,1,30720,1,295049,1,16334,1,235,1,9545,1,4469,1,16569,1,9545,1,48,1,0,0,0,0,0,0,4503,1,5042,1,0,1,0,0,244078,1,841929,1,768,1,768,1,0,1,96,1,3000,1,96,1,0,1,2,1,0,1,0,1,1,1,8,1,24,1,0,1,0,1,211,1,16334,1,1,1,1,1,4372,1,28017,1,8,1,8,1,0,1
380,5583400,4469,9545,28.988914,,0,11,8,96,31711,12856,34588,5551689,16,211,30,1,27855,1,40,1,1840861,1,138652,1,115136,1,3417253,1,11863,1,327031,1,11933,4,523166,4,78995,4,837352,4,1592343,8,2203843,96,191265,36,3577,1,27324,1,2675,1,0,0,0,0,0,0,0,0,101940,1,19047,1,4359,1,0,0,0,0,0,0,0,0,4018,1,22664,1,30901,1,269258,1,16334,1,235,1,9545,1,4469,1,16569,1,9545,1,48,1,0,0,0,0,0,0,4503,1,5042,1,0,1,0,0,248766,1,997128,1,768,1,768,1,0,1,96,1,3000,1,96,1,0,1,2,1,0,1,0,1,1,1,8,1,24,1,0,1,0,1,211,1,16334,1,1,1,1,1,2425,1,26499,1,8,1,8,1,0,1
381,5481700,4469,9545,28.988914,,0,11,8,96,31911,10200,33866,5449789,16,211,40,1,27314,1,40,1,1835580,1,158200,1,114294,1,3302237,1,12084,1,316491,1,12024,4,524258,4,79075,4,786703,4,1542666,8,2104297,96,191205,36,3557,1,24518,1,2745,1,0,0,0,0,0,0,0,0,124094,1,16613,1,4339,1,0,0,0,0,0,0,0,0,4048,1,21652,1,31061,1,259539,1,16333,1,235,1,9545,1,4469,1,16568,1,9545,1,48,1,0,0,0,0,0,0,4503,1,5042,1,0,1,0,0,245421,1,786060,1,768,1,768,1,0,1,96,1,3000,1,96,1,0,1,2,1,0,1,0,1,1,1,8,1,24,1,0,1,0,1,211,1,16333,1,1,1,0,1,4405,1,18381,1,8,1,8,1,0,1
382,5610300,4469,9545,28.988914,,0,11,8,96,34434,12705,33414,5575866,16,211,110,1,27624,1,40,1,1835179,1,167058,1,113623,1,3419767,1,12464,1,319797,1,12464,4,523918,4,79185,4,817654,4,1619927,8,2212120,96,192047,36,4008,1,27243,1,2866,1,0,0,0,0,0,0,0,0,132640,1,16983,1,4359,1,0,0,0,0,0,0,0,0,3978,1,22354,1,31181,1,262094,1,16333,1,235,1,9545,1,4469,1,16568,1,9545,1,48,1,0,0,0,0,0,0,4503,1,5042,1,0,1,0,0,260609,1,864072,1,768,1,768,1,0,1,96,1,3000,1,96,1,0,1,2,1,0,1,0,1,1,1,8,1,24,1,0,1,0,1,211,1,16333,1,1,1,1,1,3877,1,60885,1,8,1,8,1,0,1
383,5503100,4469,9545,28.988914,,0,11,8,96,31688,12745,33294,5471412,16,211,10,1,26803,1,30,1,1842023,1,157719,1,113913,1,3318469,1,12444,1,338063,1,12274,4,524629,4,79296,4,789248,4,1531374,8,2096122,96,191205,36,3617,1,24478,1,2745,1,0,0,0,0,0,0,0,0,122781,1,18667,1,4439,1,0,0,0,0,0,0,0,0,4188,1,22123,1,30861,1,280711,1,16333,1,235,1,9545,1,4469,1,16568,1,9545,1,48,1,0,0,0,0,0,0,4503,1,5042,1,0,1,0,0,252330,1,845988,1,768,1,768,1,0,1,96,1,3000,1,96,1,0,1,2,1,0,1,0,1,1,1,8,1,24,1,0,1,0,1,211,1,16333,1,1,1,1,1,3679,1,50259,1,8,1,8,1,0,1
384,5511100,4469,9545,28.988914,,0,11,8,96,34618,12835,33354,5476482,16,211,90,1,28195,1,40,1,1836242,1,166306,1,116408,1,3317327,1,11873,1,316100,1,12114,4,524659,4,79105,4,807494,4,1531975,8,2114198,96,191916,36,3607,1,26632,1,2806,1,0,0,0,0,0,0,0,0,130977,1,17625,1,4359,1,0,0,0,0,0,0,0,0,4349,1,22374,1,30760,1,258427,1,16333,1,235,1,9545,1,4469,1,16568,1,9545,1,48,1,0,0,0,0,0,0,4503,1,5042,1,0,1,0,0,245707,1,774576,1,768,1,768,1,0,1,96,1,3000,1,96,1,0,1,2,1,0,1,0,1,1,1,8,1,24,1,0,1,0,1,211,1,16333,1,1,1,1,1,2062,1,67221,1,8,1,8,1,0,1
385,5541400,4469,9545,28.988914,,0,11,8,96,31483,12975,34666,5509917,16,211,50,1,27203,1,40,1,1839518,1,136738,1,117350,1,3377104,1,11913,1,316050,1,12094,4,523397,4,79326,4,814588,4,1587434,8,2176030,96,191325,36,3557,1,24989,1,2695,1,0,0,0,0,0,0,0,0,102772,1,16522,1,4359,1,0,0,0,0,0,0,0,0,3797,1,22173,1,30891,1,259018,1,16333,1,235,1,9545,1,4469,1,16568,1,9545,1,48,1,0,0,0,0,0,0,4503,1,5042,1,0,1,0,0,252592,1,868626,1,768,1,768,1,0,1,96,1,3000,1,96,1,0,1,2,1,0,1,0,1,1,1,8,1,24,1,0,1,0,1,211,1,16333,1,1,1,1,1,2392,1,17754,1,8,1,8,1,0,1
386,5586100,4469,9545,28.988914,,0,11,8,96,33234,13336,38885,5552866,16,211,130,1,31181,1,70,1,1844929,1,164102,1,114444,1,3386036,1,11973,1,308555,1,12775,4,535711,4,87912,4,798867,4,1594091,8,2161736,96,192337,36,3757,1,28185,1,2846,1,0,0,0,0,0,0,0,0,127260,1,17765,1,4349,1,0,0,0,0,0,0,0,0,4188,1,21642,1,30720,1,251844,1,16333,1,235,1,9545,1,4469,1,16568,1,9545,1,48,1,0,0,0,0,0,0,4503,1,5042,1,0,1,0,0,249476,1,945862,1,768,1,768,1,0,1,96,1,3000,1,96,1,0,1,2,1,0,1,0,1,1,1,8,1,24,1,0,1,0,1,211,1,16333,1,1,1,1,1,4158,1,70719,1,8,1,8,1,0,1
387,5526300,4469,9545,28.988914,,0,11,8,96,35150,11493,33126,5491150,16,211,120,1,30730,1,40,1,1834137,1,167188,1,113883,1,3333298,1,11753,1,314637,1,11963,4,521793,4,78704,4,812233,4,1551433,8,2138764,96,191776,36,3587,1,24779,1,2675,1,0,0,0,0,0,0,0,0,132159,1,17464,1,4349,1,0,0,0,0,0,0,0,0,4158,1,21452,1,30560,1,258257,1,16334,1,235,1,9545,1,4469,1,16569,1,9545,1,48,1,0,0,0,0,0,0,4500,1,5042,1,3,1,0,0,250226,1,887700,1,768,1,768,1,0,1,96,1,3000,1,96,1,0,1,2,1,0,1,0,1,1,1,8,1,24,1,0,1,0,1,211,1,16334,1,1,1,0,1,4273,1,71907,1,8,1,8,1,0,1
388,5450600,4469,9545,28.988914,,0,11,8,96,31120,12745,32312,5419480,16,211,100,1,26943,1,40,1,1835360,1,152349,1,113964,1,3278751,1,11973,1,306852,1,11973,4,522585,4,78835,4,780391,4,1532746,8,2090421,96,190403,36,3587,1,26342,1,2695,1,0,0,0,0,0,0,0,0,118522,1,16703,1,4339,1,0,0,0,0,0,0,0,0,3717,1,22184,1,30580,1,250171,1,16334,1,235,1,9545,1,4469,1,16569,1,9545,1,48,1,0,0,0,0,0,0,4503,1,5042,1,0,1,0,0,238398,1,863412,1,768,1,768,1,0,1,96,1,3000,1,96,1,0,1,2,1,0,1,0,1,1,1,8,1,24,1,0,1,0,1,211,1,16334,1,1,1,1,1,4390,1,17127,1,8,1,8,1,0,1
389,5540800,4469,9545,28.988914,,0,11,8,96,34350,12736,32795,5506450,16,211,60,1,27253,1,40,1,1846532,1,176456,1,114174,1,3329681,1,12254,1,323965,1,12084,4,524759,4,79676,4,808486,4,1536894,8,2120399,96,192187,36,3637,1,24618,1,2826,1,0,0,0,0,0,0,0,0,140225,1,18446,1,4389,1,0,0,0,0,0,0,0,0,3998,1,22314,1,30380,1,267064,1,16334,1,235,1,9545,1,4469,1,16569,1,9545,1,48,1,0,0,0,0,0,0,4502,1,5042,1,1,1,0,0,255153,1,882684,1,768,1,768,1,0,1,96,1,3000,1,96,1,0,1,2,1,0,1,0,1,1,1,8,1,24,1,0,1,0,1,211,1,16334,1,1,1,1,1,2062,1,55242,1,8,1,8,1,0,1
390,5573500,4469,9545,28.988914,,0,11,8,96,29997,12094,34156,5543503,16,211,100,1,27815,1,40,1,1837344,1,133382,1,115497,1,3417523,1,11803,1,321090,1,12164,4,525611,4,79596,4,808696,4,1623204,8,2204294,96,193449,36,3767,1,28486,1,2816,1,0,0,0,0,0,0,0,0,99255,1,16733,1,4349,1,0,0,0,0,0,0,0,0,4118,1,21662,1,31091,1,264038,1,16334,1,235,1,9545,1,4469,1,16569,1,9545,1,48,1,0,0,0,0,0,0,4503,1,5042,1,0,1,0,0,264640,1,876249,1,768,1,768,1,0,1,96,1,3000,1,96,1,0,1,2,1,0,1,0,1,1,1,8,1,24,1,0,1,0,1,211,1,16334,1,1,1,1,1,2689,1,8910,1,8,1,8,1,0,1
391,5487600,4469,9545,28.988914,,0,11,8,96,31238,11994,34026,5456362,16,211,80,1,27374,1,40,1,1834238,1,163200,1,117290,1,3300333,1,13807,1,312323,1,12134,4,523266,4,78915,4,793647,4,1536514,8,2104539,96,191596,36,3577,1,25270,1,2695,1,0,0,0,0,0,0,0,0,128131,1,17715,1,4369,1,0,0,0,0,0,0,0,0,3466,1,21612,1,30049,1,257004,1,16334,1,235,1,9545,1,4469,1,16569,1,9545,1,48,1,0,0,0,0,0,0,4503,1,5042,1,0,1,0,0,245465,1,786621,1,768,1,768,1,0,1,96,1,3000,1,96,1,0,1,2,1,0,1,0,1,1,1,8,1,24,1,0,1,0,1,211,1,16334,1,1,1,1,1,5791,1,47982,1,8,1,8,1,0,1
392,5567600,4469,9545,28.988914,,0,11,8,96,33566,12444,33936,5534034,16,211,60,1,27324,1,40,1,1839428,1,150986,1,114585,1,3389618,1,11994,1,322252,1,12134,4,524168,4,79035,4,817183,4,1589959,8,2182311,96,190894,36,3577,1,26141,1,2725,1,0,0,0,0,0,0,0,0,116088,1,17805,1,4339,1,0,0,0,0,0,0,0,0,3938,1,21843,1,30540,1,265731,1,16336,1,235,1,9545,1,4469,1,16571,1,9545,1,48,1,0,0,0,0,0,0,4502,1,5042,1,1,1,0,0,253745,1,975414,1,768,1,768,1,0,1,96,1,3000,1,96,1,0,1,2,1,0,1,0,1,1,1,8,1,24,1,0,1,0,1,211,1,16336,1,1,1,0,1,1897,1,12507,1,8,1,8,1,0,1
393,5520100,4469,9545,28.988914,,0,11,8,96,33669,12875,33586,5486431,16,211,160,1,27203,1,70,1,1834258,1,160685,1,113092,1,3338939,1,12024,1,311010,1,12194,4,523707,4,79406,4,783607,4,1582374,8,2138855,96,193540,36,3567,1,26863,1,3337,1,0,0,0,0,0,0,0,0,126298,1,16843,1,4359,1,0,0,0,0,0,0,0,0,3858,1,22234,1,30881,1,253858,1,16336,1,235,1,9545,1,4469,1,16571,1,9545,1,48,1,0,0,0,0,0,0,4503,1,5042,1,0,1,0,0,260841,1,787974,1,768,1,768,1,0,1,96,1,3000,1,96,1,0,1,2,1,0,1,0,1,1,1,8,1,24,1,0,1,0,1,211,1,16336,1,1,1,1,1,4603,1,44220,1,8,1,8,1,0,1
394,5505100,4469,9545,28.988914,,0,11,8,96,32466,13146,33014,5472634,16,211,80,1,27193,1,40,1,1842233,1,164292,1,111699,1,3313830,1,13266,1,311802,1,11984,4,522675,4,78945,4,807293,4,1532666,8,2115940,96,191005,36,3577,1,28987,1,2755,1,0,0,0,0,0,0,0,0,127440,1,19508,1,4379,1,0,0,0,0,0,0,0,0,3757,1,21953,1,30249,1,255651,1,16336,1,235,1,9545,1,4469,1,16571,1,9545,1,48,1,0,0,0,0,0,0,4503,1,5042,1,0,1,0,0,237159,1,768570,1,768,1,768,1,0,1,96,1,3000,1,96,1,0,1,2,1,0,1,0,1,1,1,8,1,24,1,0,1,0,1,211,1,16336,1,1,1,1,1,4570,1,75174,1,8,1,8,1,0,1
395,5469100,4469,9545,28.988914,,0,11,8,96,30573,11122,34046,5438527,16,211,50,1,27213,1,40,1,1844317,1,150014,1,112932,1,3292067,1,11893,1,318274,1,12184,4,524569,4,79085,4,787905,4,1528548,8,2091352,96,191055,36,3557,1,24067,1,2755,1,0,0,0,0,0,0,0,0,115276,1,16993,1,4429,1,0,0,0,0,0,0,0,0,4048,1,21823,1,31051,1,261182,1,16337,1,235,1,9545,1,4469,1,16572,1,9545,1,48,1,0,0,0,0,0,0,4503,1,5042,1,0,1,0,0,251089,1,804012,1,768,1,768,1,0,1,96,1,3000,1,96,1,0,1,2,1,0,1,0,1,1,1,8,1,24,1,0,1,0,1,211,1,16337,1,1,1,0,1,2623,1,57651,1,8,1,8,1,0,1
396,5592500,4469,9545,28.988914,,0,11,8,96,34499,12926,34747,5558001,16,211,50,1,27504,1,40,1,1840350,1,163521,1,112200,1,3402393,1,11943,1,314106,1,12424,4,524719,4,79486,4,889354,4,1534630,8,2196078,96,193159,36,3667,1,28205,1,2876,1,0,0,0,0,0,0,0,0,128803,1,17304,1,4369,1,0,0,0,0,0,0,0,0,4328,1,22184,1,30981,1,256423,1,16337,1,235,1,9545,1,4469,1,16572,1,9545,1,48,1,0,0,0,0,0,0,4503,1,5042,1,0,1,0,0,250443,1,956406,1,768,1,768,1,0,1,96,1,3000,1,96,1,0,1,2,1,0,1,0,1,1,1,8,1,24,1,0,1,0,1,211,1,16337,1,1,1,1,1,1897,1,72666,1,8,1,8,1,0,1
397,5560900,4469,9545,28.988914,,0,11,8,96,30513,12715,33726,5530387,16,211,60,1,27314,1,40,1,1845941,1,143912,1,112320,1,3388506,1,12294,1,321972,1,12204,4,522735,4,78674,4,816522,4,1592353,8,2184675,96,190474,36,3597,1,24929,1,2806,1,0,0,0,0,0,0,0,0,105597,1,21262,1,4439,1,0,0,0,0,0,0,0,0,4068,1,22274,1,30871,1,264579,1,16337,1,235,1,9545,1,4469,1,16572,1,9545,1,48,1,0,0,0,0,0,0,4502,1,5042,1,1,1,0,0,242245,1,925749,1,768,1,768,1,0,1,96,1,3000,1,96,1,0,1,2,1,0,1,0,1,1,1,8,1,24,1,0,1,0,1,211,1,16337,1,1,1,1,1,2623,1,50919,1,8,1,8,1,0,1
398,5472200,4469,9545,28.988914,,0,11,8,96,31589,11112,33685,5440611,16,211,20,1,27284,1,40,1,1834959,1,160845,1,112330,1,3293149,1,11984,1,309006,1,12194,4,522986,4,78835,4,787966,4,1538027,8,2101273,96,191035,36,3577,1,26662,1,2785,1,0,0,0,0,0,0,0,0,125857,1,17534,1,4359,1,0,0,0,0,0,0,0,0,3967,1,21713,1,30760,1,252375,1,16336,1,235,1,9545,1,4469,1,16571,1,9545,1,48,1,0,0,0,0,0,0,4503,1,5042,1,0,1,0,0,243512,1,871662,1,768,1,768,1,0,1,96,1,3000,1,96,1,0,1,2,1,0,1,0,1,1,1,8,1,24,1,0,1,0,1,211,1,16336,1,1,1,0,1,4240,1,72006,1,8,1,8,1,0,1
399,5585700,4469,9545,28.988914,,0,11,8,96,32227,13066,37442,5553473,16,211,140,1,30370,1,60,1,1847884,1,161296,1,113954,1,3388917,1,10851,1,309337,1,13006,4,521884,4,79406,4,818806,4,1598886,8,2183584,96,196666,36,3737,1,28035,1,2755,1,0,0,0,0,0,0,0,0,125626,1,16853,1,4359,1,0,0,0,0,0,0,0,0,4068,1,21713,1,30480,1,252886,1,16336,1,235,1,9545,1,4469,1,16571,1,9545,1,48,1,0,0,0,0,0,0,4503,1,5042,1,0,1,0,0,233246,1,859485,1,768,1,768,1,0,1,96,1,3000,1,96,1,0,1,2,1,0,1,0,1,1,1,8,1,24,1,0,1,0,1,211,1,16336,1,1,1,1,1,3959,1,55473,1,8,1,8,1,0,1
400,5515500,4469,9545,28.988914,,0,11,8,96,30732,12855,35158,5484768,16,211,30,1,30550,1,40,1,1831272,1,156417,1,112070,1,3342165,1,12224,1,356028,1,12174,4,523637,4,78875,4,787795,4,1534069,8,2088117,96,198590,36,3687,1,29818,1,3226,1,0,0,0,0,0,0,0,0,120286,1,18657,1,4379,1,0,0,0,0,0,0,0,0,4679,1,22153,1,30680,1,298335,1,16336,1,235,1,9545,1,4469,1,16571,1,9545,1,48,1,0,0,0,0,0,0,4503,1,5042,1,0,1,0,0,250589,1,781077,1,768,1,768,1,0,1,96,1,3000,1,96,1,0,1,2,1,0,1,0,1,1,1,8,1,24,1,0,1,0,1,211,1,16336,1,1,1,1,1,2722,1,52173,1,8,1,8,1,0,1
401,5517700,4469,9545,28.988914,,0,11,8,96,35818,12805,33967,5481882,16,211,130,1,27033,1,40,1,1833075,1,158811,1,112180,1,3338598,1,12014,1,323344,1,12024,4,523557,4,78704,4,815900,4,1540702,8,2131220,96,191415,36,3597,1,25250,1,2715,1,0,0,0,0,0,0,0,0,124033,1,17504,1,4308,1,0,0,0,0,0,0,0,0,4509,1,22324,1,30830,1,265491,1,16336,1,235,1,9545,1,4469,1,16571,1,9545,1,48,1,0,0,0,0,0,0,4502,1,5042,1,1,1,0,0,249608,1,851631,1,768,1,768,1,0,1,96,1,3000,1,96,1,0,1,2,1,0,1,0,1,1,1,8,1,24,1,0,1,0,1,211,1,16336,1,1,1,1,1,16780,1,14685,1,8,1,8,1,0,1
402,5582900,4469,9545,28.988914,,0,11,8,96,33065,12795,34958,5549835,16,211,60,1,27955,1,40,1,1845530,1,134083,1,118793,1,3411561,1,11813,1,314907,1,12014,4,525340,4,79296,4,824868,4,1610539,8,2208362,96,192087,36,3597,1,25540,1,2665,1,0,0,0,0,0,0,0,0,99665,1,16973,1,4349,1,0,0,0,0,0,0,0,0,4138,1,21502,1,30800,1,258247,1,16336,1,235,1,9545,1,4469,1,16571,1,9545,1,48,1,0,0,0,0,0,0,4502,1,5042,1,1,1,0,0,263616,1,885423,1,768,1,768,1,0,1,96,1,3000,1,96,1,0,1,2,1,0,1,0,1,1,1,8,1,24,1,0,1,0,1,211,1,16336,1,1,1,1,1,3118,1,8712,1,8,1,8,1,0,1
403,5479900,4469,9545,28.988914,,0,11,8,96,30963,11142,33716,5448937,16,211,140,1,27514,1,40,1,1839257,1,155214,1,113813,1,3300974,1,11984,1,311280,1,12074,4,524138,4,79275,4,791272,4,1541433,8,2106713,96,192277,36,3597,1,24137,1,2625,1,0,0,0,0,0,0,0,0,122079,1,17094,1,4379,1,0,0,0,0,0,0,0,0,4048,1,21683,1,30830,1,254539,1,16337,1,235,1,9545,1,4469,1,16572,1,9545,1,48,1,0,0,0,0,0,0,4503,1,5042,1,0,1,0,0,245757,1,787017,1,768,1,768,1,0,1,96,1,3000,1,96,1,0,1,2,1,0,1,0,1,1,1,8,1,24,1,0,1,0,1,211,1,16337,1,1,1,0,1,2788,1,25410,1,8,1,8,1,0,1
404,5545000,4469,9545,28.988914,,0,11,8,96,30654,12585,33265,5514346,16,211,130,1,27554,1,40,1,1833977,1,154072,1,112721,1,3374068,1,11783,1,309387,1,11984,4,524920,4,79135,4,818495,4,1585229,8,2176119,96,194341,36,3577,1,26061,1,2695,1,0,0,0,0,0,0,0,0,121458,1,16442,1,4339,1,0,0,0,0,0,0,0,0,4579,1,21933,1,30800,1,251884,1,16337,1,235,1,9545,1,4469,1,16572,1,9545,1,48,1,0,0,0,0,0,0,4503,1,5042,1,0,1,0,0,251432,1,870705,1,768,1,768,1,0,1,96,1,3000,1,96,1,0,1,2,1,0,1,0,1,1,1,8,1,24,1,0,1,0,1,211,1,16337,1,1,1,1,1,1930,1,17820,1,8,1,8,1,0,1
405,5467600,4469,9545,28.988914,,0,11,8,96,31017,12665,33054,5436583,16,211,140,1,27093,1,40,1,1833135,1,156968,1,111108,1,3296285,1,11813,1,309858,1,12064,4,524559,4,78905,4,785621,4,1540492,8,2098887,96,194171,36,3617,1,25801,1,2705,1,0,0,0,0,0,0,0,0,122310,1,17524,1,4369,1,0,0,0,0,0,0,0,0,3967,1,22224,1,30269,1,253207,1,16337,1,235,1,9545,1,4469,1,16572,1,9545,1,48,1,0,0,0,0,0,0,4503,1,5042,1,0,1,0,0,238021,1,733557,1,768,1,768,1,0,1,96,1,3000,1,96,1,0,1,2,1,0,1,0,1,1,1,8,1,24,1,0,1,0,1,211,1,16337,1,1,1,1,1,5065,1,29238,1,8,1,8,1,0,1
406,5511000,4469,9545,28.988914,,0,11,8,96,30240,12805,33205,5480760,16,211,140,1,27734,1,70,1,1839227,1,156036,1,111950,1,3333739,1,11863,1,311070,1,12154,4,524288,4,79015,4,809187,4,1552405,8,2135890,96,192498,36,3577,1,26562,1,2675,1,0,0,0,0,0,0,0,0,121368,1,17344,1,4359,1,0,0,0,0,0,0,0,0,4018,1,22173,1,30851,1,253858,1,16337,1,235,1,9545,1,4469,1,16572,1,9545,1,48,1,0,0,0,0,0,0,4503,1,5042,1,0,1,0,0,237621,1,865293,1,768,1,768,1,0,1,96,1,3000,1,96,1,0,1,2,1,0,1,0,1,1,1,8,1,24,1,0,1,0,1,211,1,16337,1,1,1,1,1,4141,1,26862,1,8,1,8,1,0,1
407,5474000,4469,9545,28.988914,,0,11,8,96,28319,12876,33456,5445681,16,211,160,1,27173,1,40,1,1847854,1,143371,1,112521,1,3302588,1,11973,1,311952,1,12194,4,523477,4,79476,4,789509,4,1542866,8,2106982,96,191936,36,3577,1,23947,1,2715,1,0,0,0,0,0,0,0,0,108483,1,17494,1,4359,1,0,0,0,0,0,0,0,0,3978,1,22494,1,30941,1,254339,1,16337,1,235,1,9545,1,4469,1,16572,1,9545,1,48,1,0,0,0,0,0,0,4503,1,5042,1,0,1,0,0,251917,1,808467,1,768,1,768,1,0,1,96,1,3000,1,96,1,0,1,2,1,0,1,0,1,1,1,8,1,24,1,0,1,0,1,211,1,16337,1,1,1,1,1,1864,1,9108,1,8,1,8,1,0,1
408,5532100,4469,9545,28.988914,,0,11,8,96,30539,12855,33005,5501561,16,211,80,1,27724,1,40,1,1834538,1,159934,1,112451,1,3354830,1,11963,1,315579,1,12114,4,524288,4,81029,4,810780,4,1563667,8,2149366,96,192077,36,3597,1,28085,1,2836,1,0,0,0,0,0,0,0,0,122290,1,20019,1,4349,1,0,0,0,0,0,0,0,0,3647,1,22214,1,30169,1,259379,1,16337,1,235,1,9545,1,4469,1,16572,1,9545,1,48,1,0,0,0,0,0,0,4502,1,5042,1,1,1,0,0,247690,1,926145,1,768,1,768,1,0,1,96,1,3000,1,96,1,0,1,2,1,0,1,0,1,1,1,8,1,24,1,0,1,0,1,211,1,16337,1,1,1,1,1,3894,1,53526,1,8,1,8,1,0,1
409,5552600,4469,9545,28.988914,,0,11,8,96,31431,12615,32704,5521169,16,211,130,1,27273,1,40,1,1833556,1,137660,1,111439,1,3398967,1,12104,1,319527,1,11893,4,523857,4,79296,4,816702,4,1604377,8,2196498,96,191876,36,3577,1,24408,1,2715,1,0,0,0,0,0,0,0,0,102120,1,18306,1,4369,1,0,0,0,0,0,0,0,0,4018,1,22063,1,30730,1,262555,1,16337,1,235,1,9545,1,4469,1,16572,1,9545,1,48,1,0,0,0,0,0,0,4503,1,5042,1,0,1,0,0,245772,1,950730,1,768,1,768,1,0,1,96,1,3000,1,96,1,0,1,2,1,0,1,0,1,1,1,8,1,24,1,0,1,0,1,211,1,16337,1,1,1,1,1,2788,1,13497,1,8,1,8,1,0,1
410,5479200,4469,9545,28.988914,,0,11,8,96,31455,13026,32855,5447745,16,211,110,1,27674,1,40,1,1841181,1,152209,1,114394,1,3300343,1,11793,1,311972,1,12124,4,521823,4,78865,4,788346,4,1539940,8,2103896,96,191536,36,3577,1,27885,1,2785,1,0,0,0,0,0,0,0,0,119224,1,16712,1,4399,1,0,0,0,0,0,0,0,0,4369,1,22264,1,31191,1,253958,1,16337,1,235,1,9545,1,4469,1,16572,1,9545,1,48,1,0,0,0,0,0,0,4503,1,5042,1,0,1,0,0,243704,1,683298,1,768,1,768,1,0,1,96,1,3000,1,96,1,0,1,2,1,0,1,0,1,1,1,8,1,24,1,0,1,0,1,211,1,16337,1,1,1,1,1,3679,1,22968,1,8,1,8,1,0,1
411,5576700,4469,9545,28.988914,,0,11,8,96,34760,12895,33174,5541940,16,211,40,1,26793,1,40,1,1840390,1,175284,1,113342,1,3374138,1,11913,1,327893,1,12214,4,523817,4,79386,4,818345,4,1567555,8,2159847,96,192878,36,3547,1,25811,1,2675,1,0,0,0,0,0,0,0,0,136377,1,21422,1,4339,1,0,0,0,0,0,0,0,0,4008,1,22143,1,30961,1,270591,1,16337,1,235,1,9545,1,4469,1,16572,1,9545,1,48,1,0,0,0,0,0,0,4503,1,5042,1,0,1,0,0,253324,1,849057,1,768,1,768,1,0,1,96,1,3000,1,96,1,0,1,2,1,0,1,0,1,1,1,8,1,24,1,0,1,0,1,211,1,16337,1,1,1,1,1,4273,1,72303,1,8,1,8,1,0,1
412,5485200,4469,9545,28.988914,,0,11,8,96,30652,13547,33536,5454548,16,211,70,1,27504,1,30,1,1835811,1,149744,1,112881,1,3316144,1,12364,1,315278,1,11984,4,523296,4,78865,4,793166,4,1547876,8,2114557,96,192948,36,3597,1,25771,1,2765,1,0,0,0,0,0,0,0,0,115667,1,16593,1,4339,1,0,0,0,0,0,0,0,0,4028,1,22043,1,31281,1,257736,1,16337,1,235,1,9545,1,4469,1,16572,1,9545,1,48,1,0,0,0,0,0,0,4503,1,5042,1,0,1,0,0,260380,1,796686,1,768,1,768,1,0,1,96,1,3000,1,96,1,0,1,2,1,0,1,0,1,1,1,8,1,24,1,0,1,0,1,211,1,16337,1,1,1,1,1,2458,1,18084,1,8,1,8,1,0,1
413,5567700,4469,9545,28.988914,,0,11,8,96,32744,12956,32913,5534956,16,211,20,1,27504,1,40,1,1837304,1,162258,1,112461,1,3383406,1,11963,1,324336,1,12745,4,528316,4,80488,4,824417,4,1566553,8,2164567,96,193490,36,3587,1,27133,1,2876,1,0,0,0,0,0,0,0,0,127721,1,17033,1,4359,1,0,0,0,0,0,0,0,0,3957,1,22194,1,31001,1,267014,1,16337,1,235,1,9545,1,4469,1,16572,1,9545,1,48,1,0,0,0,0,0,0,4502,1,5042,1,1,1,0,0,244877,1,874632,1,768,1,768,1,0,1,96,1,3000,1,96,1,0,1,2,1,0,1,0,1,1,1,8,1,24,1,0,1,0,1,211,1,16337,1,1,1,1,1,2887,1,61611,1,8,1,8,1,0,1
414,5568600,4469,9545,28.988914,,0,11,8,96,30898,12825,34417,5537702,16,211,80,1,27314,1,50,1,1844478,1,139043,1,112962,1,3401953,1,11823,1,332512,1,12034,4,523857,4,79486,4,813506,4,1593445,8,2180297,96,192237,36,3597,1,28025,1,2665,1,0,0,0,0,0,0,0,0,101178,1,20049,1,4379,1,0,0,0,0,0,0,0,0,4058,1,22394,1,30430,1,275470,1,16337,1,235,1,9545,1,4469,1,16572,1,9545,1,48,1,0,0,0,0,0,0,4503,1,5042,1,0,1,0,0,245731,1,851598,1,768,1,768,1,0,1,96,1,3000,1,96,1,0,1,2,1,0,1,0,1,1,1,8,1,24,1,0,1,0,1,211,1,16337,1,1,1,1,1,2392,1,10296,1,8,1,8,1,0,1
415,5490300,4469,9545,28.988914,,0,11,8,96,32305,12825,33124,5457995,16,211,20,1,27213,1,40,1,1841442,1,158160,1,112190,1,3306696,1,12234,1,313385,1,12244,4,523557,4,78764,4,788927,4,1544249,8,2108266,96,191786,36,3577,1,26372,1,2795,1,0,0,0,0,0,0,0,0,124755,1,17154,1,4359,1,0,0,0,0,0,0,0,0,4278,1,22093,1,30570,1,256253,1,16337,1,235,1,9545,1,4469,1,16572,1,9545,1,48,1,0,0,0,0,0,0,4503,1,5042,1,0,1,0,0,242448,1,809655,1,768,1,768,1,0,1,96,1,3000,1,96,1,0,1,2,1,0,1,0,1,1,1,8,1,24,1,0,1,0,1,211,1,16337,1,1,1,1,1,5017,1,59070,1,8,1,8,1,0,1
416,5615400,4469,9545,28.988914,,0,11,8,96,31969,12845,34777,5583431,16,211,30,1,27754,1,40,1,1839839,1,145335,1,112270,1,3446310,1,11853,1,316541,1,12284,4,523607,4,79205,4,847051,4,1620088,8,2238412,96,193950,36,3868,1,28085,1,2735,1,0,0,0,0,0,0,0,0,111549,1,16472,1,4339,1,0,0,0,0,0,0,0,0,3918,1,22123,1,31121,1,259188,1,16337,1,235,1,9545,1,4469,1,16572,1,9545,1,48,1,0,0,0,0,0,0,4502,1,5042,1,1,1,0,0,261663,1,898260,1,767,1,768,1,0,1,96,1,3000,1,96,1,0,1,2,1,0,1,0,1,1,1,8,1,24,1,0,1,0,1,211,1,16337,1,1,1,1,1,2194,1,25212,1,8,1,8,1,0,1
417,5478100,4469,9545,28.988914,,0,11,8,96,31968,12935,33905,5446132,16,211,30,1,26973,1,60,1,1834428,1,155886,1,112130,1,3304451,1,12174,1,317633,1,12204,4,523898,4,79456,4,783146,4,1545000,8,2100501,96,193740,36,3577,1,23797,1,2806,1,0,0,0,0,0,0,0,0,120707,1,17865,1,4339,1,0,0,0,0,0,0,0,0,4118,1,22173,1,31241,1,259920,1,16337,1,235,1,9545,1,4469,1,16572,1,9545,1,48,1,0,0,0,0,0,0,4503,1,5042,1,0,1,0,0,243156,1,772266,1,768,1,768,1,0,1,96,1,3000,1,96,1,0,1,2,1,0,1,0,1,1,1,8,1,24,1,0,1,0,1,211,1,16337,1,1,1,1,1,4306,1,50490,1,8,1,8,1,0,1
418,5536400,4469,9545,28.988914,,0,11,8,96,34589,12855,33305,5501811,16,211,140,1,27364,1,40,1,1840109,1,163731,1,112431,1,3345993,1,12004,1,318505,1,12034,4,524108,4,79336,4,824197,4,1541453,8,2139717,96,192628,36,3607,1,27063,1,2836,1,0,0,0,0,0,0,0,0,128783,1,16903,1,4369,1,0,0,0,0,0,0,0,0,4168,1,22123,1,31141,1,260872,1,16337,1,235,1,9545,1,4469,1,16572,1,9545,1,48,1,0,0,0,0,0,0,4502,1,5042,1,1,1,0,0,247583,1,814737,1,768,1,768,1,0,1,96,1,3000,1,96,1,0,1,2,1,0,1,0,1,1,1,8,1,24,1,0,1,0,1,211,1,16337,1,1,1,1,1,5989,1,68970,1,8,1,8,1,0,1
419,5576600,4469,9545,28.988914,,0,11,8,96,33067,13837,37252,5543533,16,211,140,1,30991,1,70,1,1843836,1,142760,1,122861,1,3392274,1,10601,1,333915,1,12224,4,524158,4,78905,4,813115,4,1584899,8,2169005,96,191756,36,3727,1,24718,1,2775,1,0,0,0,0,0,0,0,0,101980,1,16813,1,4359,1,0,0,0,0,0,0,0,0,4258,1,21713,1,29839,1,277875,1,16337,1,235,1,9545,1,4469,1,16572,1,9545,1,48,1,0,0,0,0,0,0,4503,1,5042,1,0,1,0,0,248825,1,939939,1,768,1,768,1,0,1,96,1,3000,1,96,1,0,1,2,1,0,1,0,1,1,1,8,1,24,1,0,1,0,1,211,1,16337,1,1,1,1,1,5148,1,6666,1,8,1,8,1,0,1
420,5489000,4469,9545,28.988914,,0,11,8,96,31736,12915,34417,5457264,16,211,50,1,30640,1,40,1,1833416,1,155776,1,114174,1,3311365,1,11803,1,311611,1,12144,4,521743,4,78724,4,800580,4,1540341,8,2114397,96,192107,36,3567,1,27013,1,2725,1,0,0,0,0,0,0,0,0,121659,1,17414,1,4318,1,0,0,0,0,0,0,0,0,4359,1,22163,1,30580,1,254349,1,16337,1,235,1,9545,1,4469,1,16572,1,9545,1,48,1,0,0,0,0,0,0,4502,1,5042,1,1,1,0,0,244451,1,787710,1,768,1,768,1,0,1,96,1,3000,1,96,1,0,1,2,1,0,1,0,1,1,1,8,1,24,1,0,1,0,1,211,1,16337,1,1,1,1,1,3019,1,30162,1,8,1,8,1,0,1
421,5570600,4468,9545,28.988914,,0,11,8,96,33339,9098,32823,5537261,16,211,50,1,27273,1,40,1,1842023,1,164743,1,116949,1,3374318,1,11863,1,320348,1,11863,4,521292,4,78845,4,818225,4,1583686,8,2179827,96,189261,36,3717,1,24578,1,2665,1,0,0,0,0,0,0,0,0,124464,1,23646,1,4379,1,0,0,0,0,0,0,0,0,3908,1,21943,1,30800,1,263537,1,16339,1,232,1,9545,1,4468,1,16571,1,9545,1,48,1,0,0,0,0,0,0,4503,1,5042,1,0,1,0,0,255126,1,847209,1,768,1,768,1,0,1,96,1,3000,1,96,1,0,1,2,1,0,1,0,1,1,1,8,1,24,1,0,1,0,1,208,1,16339,1,0,1,0,1,2359,1,66297,1,8,1,8,1,0,1
422,5467600,4468,9545,28.988914,,0,11,8,96,31808,12384,33435,5435792,16,211,150,1,27805,1,40,1,1837574,1,161306,1,113463,1,3283520,1,11933,1,306722,1,12474,4,521152,4,79015,4,783627,4,1535852,8,2096462,96,189582,36,3627,1,25981,1,2685,1,0,0,0,0,0,0,0,0,127821,1,17214,1,4369,1,0,0,0,0,0,0,0,0,4088,1,21652,1,30390,1,250421,1,16340,1,232,1,9545,1,4468,1,16572,1,9545,1,48,1,0,0,0,0,0,0,4503,1,5042,1,0,1,0,0,240659,1,798930,1,768,1,768,1,0,1,96,1,2988,1,96,1,0,1,2,1,0,1,0,1,1,1,8,1,24,1,0,1,0,1,208,1,16340,1,1,1,0,1,5659,1,71181,1,8,1,8,1,0,1
423,5531100,4468,9545,28.988914,,0,11,8,96,33196,12975,33295,5497904,16,211,80,1,27394,1,50,1,1837955,1,167939,1,113402,1,3339069,1,12014,1,322002,1,12184,4,522054,4,79065,4,814037,4,1546503,8,2137753,96,189492,36,3557,1,24047,1,2645,1,0,0,0,0,0,0,0,0,133031,1,17554,1,4389,1,0,0,0,0,0,0,0,0,4198,1,21983,1,30951,1,264679,1,16340,1,232,1,9545,1,4468,1,16572,1,9545,1,48,1,0,0,0,0,0,0,4503,1,5042,1,0,1,0,0,249300,1,768240,1,768,1,768,1,0,1,96,1,2988,1,96,1,0,1,2,1,0,1,0,1,1,1,8,1,24,1,0,1,0,1,208,1,16340,1,1,1,1,1,19651,1,57816,1,8,1,8,1,0,1
424,5501900,4468,9545,28.988914,,0,11,8,96,32402,13186,35238,5469498,16,211,150,1,30560,1,70,1,1836091,1,146648,1,115076,1,3329160,1,11743,1,321511,1,12064,4,522605,4,87922,4,791933,4,1548527,8,2115591,96,189632,36,3677,1,25049,1,2685,1,0,0,0,0,0,0,0,0,110697,1,17304,1,4359,1,0,0,0,0,0,0,0,0,4178,1,21853,1,30620,1,264679,1,16340,1,232,1,9545,1,4468,1,16572,1,9545,1,48,1,0,0,0,0,0,0,4503,1,5042,1,0,1,0,0,241882,1,723129,1,768,1,768,1,0,1,96,1,2988,1,96,1,0,1,2,1,0,1,0,1,1,1,8,1,24,1,0,1,0,1,208,1,16340,1,1,1,1,1,4323,1,6765,1,8,1,8,1,0,1
425,5495600,4468,9545,28.988914,,0,11,8,96,31843,12174,32263,5463757,16,211,90,1,30490,1,40,1,1843877,1,162048,1,113072,1,3302307,1,11833,1,311681,1,12254,4,522134,4,79175,4,811912,4,1522496,8,2112353,96,189792,36,3587,1,24177,1,2715,1,0,0,0,0,0,0,0,0,127009,1,18526,1,4359,1,0,0,0,0,0,0,0,0,4098,1,21883,1,30410,1,255110,1,16341,1,232,1,9545,1,4468,1,16573,1,9545,1,48,1,0,0,0,0,0,0,4503,1,5042,1,0,1,0,0,239129,1,768306,1,768,1,768,1,0,1,96,1,2988,1,96,1,0,1,2,1,0,1,0,1,1,1,8,1,24,1,0,1,0,1,208,1,16341,1,1,1,0,1,3877,1,69531,1,8,1,8,1,0,1
426,5564600,4468,9545,28.988918,,0,11,8,96,29684,12895,33586,5534916,16,211,60,1,27324,1,40,1,1840660,1,142249,1,113302,1,3399327,1,11953,1,328013,1,12284,4,521793,4,79416,4,812985,4,1598716,8,2188472,96,189642,36,3567,1,26923,1,2735,1,0,0,0,0,0,0,0,0,107341,1,16953,1,4579,1,0,0,0,0,0,0,0,0,4218,1,22424,1,30740,1,270450,1,16341,1,232,1,9545,1,4468,1,16573,1,9545,1,48,1,0,0,0,0,0,0,4502,1,5042,1,1,1,0,0,261093,1,879219,1,768,1,768,1,0,1,96,1,2988,1,96,1,0,1,2,1,0,1,0,1,1,1,8,1,24,1,0,1,0,1,208,1,16341,1,1,1,1,1,2689,1,55902,1,8,1,8,1,0,1
427,5487200,4468,9545,28.988918,,0,11,8,96,31469,12385,32994,5455731,16,211,50,1,27233,1,40,1,1836462,1,162389,1,112601,1,3305042,1,11913,1,314046,1,12104,4,520030,4,78734,4,799919,4,1536604,8,2118025,96,185504,36,3587,1,24849,1,2785,1,0,0,0,0,0,0,0,0,128001,1,16623,1,4469,1,0,0,0,0,0,0,0,0,4359,1,22083,1,30921,1,256503,1,16341,1,232,1,9545,1,4468,1,16573,1,9545,1,48,1,0,0,0,0,0,0,4501,1,5042,1,2,1,0,0,249716,1,739728,1,768,1,768,1,0,1,96,1,3000,1,96,1,0,1,2,1,0,1,0,1,1,1,8,1,24,1,0,1,0,1,208,1,16341,1,1,1,0,1,2458,1,51546,1,8,1,8,1,0,1
428,5543400,4468,9545,28.988918,,0,11,8,96,37090,11172,33646,5506310,16,211,160,1,27334,1,50,1,1847193,1,157850,1,113803,1,3347786,1,12134,1,328153,1,12084,4,524920,4,79175,4,808195,4,1550531,8,2139617,96,185464,36,3597,1,27233,1,2725,1,0,0,0,0,0,0,0,0,121799,1,17785,1,4419,1,0,0,0,0,0,0,0,0,4168,1,21783,1,31151,1,270871,1,16343,1,232,1,9545,1,4468,1,16575,1,9545,1,48,1,0,0,0,0,0,0,4502,1,5042,1,1,1,0,0,257717,1,791670,1,768,1,768,1,0,1,96,1,2988,1,96,1,0,1,2,1,0,1,0,1,1,1,8,1,24,1,0,1,0,1,208,1,16343,1,1,1,0,1,2524,1,56892,1,8,1,8,1,0,1
429,5420200,4468,9545,28.988918,,0,11,8,96,31952,11012,33025,5388248,16,211,100,1,27374,1,40,1,1834658,1,152509,1,112711,1,3249123,1,11733,1,307413,1,12154,4,522715,4,79446,4,771042,4,1515232,8,2067746,96,185504,36,3587,1,23847,1,2675,1,0,0,0,0,0,0,0,0,118512,1,16442,1,4308,1,0,0,0,0,0,0,0,0,4088,1,21743,1,30891,1,250491,1,16342,1,232,1,9545,1,4468,1,16574,1,9545,1,48,1,0,0,0,0,0,0,4502,1,5042,1,1,1,0,0,243635,1,729003,1,768,1,768,1,0,1,96,1,3000,1,96,1,0,1,2,1,0,1,0,1,1,1,8,1,24,1,0,1,0,1,208,1,16342,1,1,1,0,1,3910,1,21912,1,8,1,8,1,0,1
430,5517400,4468,9545,28.988918,,0,11,8,96,32151,12826,33305,5485249,16,211,80,1,27825,1,40,1,1843636,1,154733,1,112350,1,3334801,1,11783,1,313755,1,12394,4,524509,4,79125,4,806161,4,1551383,8,2138074,96,186165,36,3587,1,28346,1,2715,1,0,0,0,0,0,0,0,0,120917,1,16482,1,4369,1,0,0,0,0,0,0,0,0,4349,1,22274,1,30830,1,256132,1,16342,1,232,1,9545,1,4468,1,16574,1,9545,1,48,1,0,0,0,0,0,0,4503,1,5042,1,0,1,0,0,254465,1,784674,1,768,1,768,1,0,1,96,1,3000,1,96,1,0,1,2,1,0,1,0,1,1,1,8,1,24,1,0,1,0,1,208,1,16342,1,1,1,1,1,4372,1,11946,1,8,1,8,1,0,1
431,5475300,4468,9545,28.988918,,0,11,8,96,30050,12444,32634,5445250,16,211,30,1,27143,1,40,1,1835570,1,161367,1,115957,1,3293309,1,11833,1,328775,1,12234,4,521423,4,79235,4,778607,4,1529981,8,2087885,96,188069,36,3587,1,24328,1,2695,1,0,0,0,0,0,0,0,0,126107,1,17274,1,4619,1,0,0,0,0,0,0,0,0,4018,1,22184,1,30901,1,271493,1,16343,1,232,1,9545,1,4468,1,16575,1,9545,1,48,1,0,0,0,0,0,0,4501,1,5042,1,2,1,0,0,250786,1,693429,1,768,1,768,1,0,1,96,1,3000,1,96,1,0,1,2,1,0,1,0,1,1,1,8,1,24,1,0,1,0,1,208,1,16343,1,1,1,0,1,3778,1,70224,1,8,1,8,1,0,1
432,5476900,4468,9545,28.988918,,0,11,8,96,35347,10050,32503,5441553,16,211,20,1,27464,1,40,1,1844388,1,155315,1,114134,1,3288440,1,11753,1,317813,1,12364,4,521733,4,78875,4,804778,4,1511194,8,2096814,96,186656,36,3647,1,25290,1,2695,1,0,0,0,0,0,0,0,0,120927,1,16693,1,4409,1,0,0,0,0,0,0,0,0,4198,1,21783,1,30921,1,260731,1,16345,1,232,1,9545,1,4468,1,16577,1,9545,1,48,1,0,0,0,0,0,0,4502,1,5042,1,1,1,0,0,243299,1,765534,1,768,1,768,1,0,1,96,1,3000,1,96,1,0,1,2,1,0,1,0,1,1,1,8,1,24,1,0,1,0,1,208,1,16345,1,1,1,0,1,2326,1,1023,1,8,1,8,1,0,1
433,5530500,4468,9545,28.988918,,0,11,8,96,31644,13016,36550,5498856,16,211,30,1,27153,1,40,1,1835139,1,139975,1,112390,1,3372255,1,11873,1,307473,1,12925,4,566080,4,79917,4,778737,4,1580150,8,2134538,96,187798,36,3817,1,27394,1,2745,1,0,0,0,0,0,0,0,0,106098,1,16392,1,4389,1,0,0,0,0,0,0,0,0,4128,1,21993,1,30690,1,250481,1,16345,1,232,1,9545,1,4468,1,16577,1,9545,1,48,1,0,0,0,0,0,0,4503,1,5042,1,0,1,0,0,266226,1,726496,1,768,1,768,1,0,1,96,1,3000,1,96,1,0,1,2,1,0,1,0,1,1,1,8,1,24,1,0,1,0,1,208,1,16345,1,1,1,1,1,1996,1,8646,1,8,1,8,1,0,1
434,5501400,4469,9545,28.988918,,0,11,8,96,32724,9028,34267,5468676,16,211,160,1,31161,1,40,1,1834168,1,163491,1,114545,1,3312958,1,12154,1,329276,1,12214,4,523387,4,79556,4,802965,4,1520262,8,2100701,96,188259,36,3667,1,29889,1,2715,1,0,0,0,0,0,0,0,0,126579,1,19769,1,4389,1,0,0,0,0,0,0,0,0,3988,1,22334,1,30400,1,272384,1,16344,1,233,1,9545,1,4469,1,16577,1,9545,1,48,1,0,0,0,0,0,0,4503,1,5042,1,0,1,0,0,241460,1,792594,1,768,1,768,1,0,1,96,1,2976,1,96,1,0,1,2,1,0,1,0,1,1,1,8,1,28,1,0,1,0,1,205,1,16344,1,0,1,0,1,3448,1,62832,1,8,1,8,1,0,1
435,5502700,4469,9545,28.988918,,0,11,8,96,30447,12224,33464,5472253,16,211,60,1,27183,1,50,1,1840490,1,135145,1,113753,1,3343839,1,11733,1,310539,1,12084,4,522104,4,79195,4,804458,4,1572013,8,2156521,96,186486,36,3737,1,24809,1,2675,1,0,0,0,0,0,0,0,0,102200,1,16272,1,4389,1,0,0,0,0,0,0,0,0,3887,1,22083,1,30710,1,253668,1,16343,1,233,1,9545,1,4469,1,16576,1,9545,1,48,1,0,0,0,0,0,0,4503,1,5042,1,0,1,0,0,243581,1,886281,1,768,1,768,1,0,1,96,1,2976,1,96,1,0,1,2,1,0,1,0,1,1,1,8,1,28,1,0,1,0,1,205,1,16343,1,1,1,0,1,1897,1,9471,1,8,1,8,1,0,1
436,5460500,4469,9545,28.988918,,0,11,8,96,31552,13286,33034,5428948,16,211,140,1,27614,1,40,1,1842033,1,153902,1,114986,1,3278470,1,11763,1,313595,1,11803,4,520751,4,79085,4,788767,4,1517015,8,2085401,96,187347,36,3968,1,27504,1,2695,1,0,0,0,0,0,0,0,0,119384,1,16733,1,4349,1,0,0,0,0,0,0,0,0,4128,1,22454,1,30390,1,256463,1,16343,1,233,1,9545,1,4469,1,16576,1,9545,1,48,1,0,0,0,0,0,0,4502,1,5042,1,1,1,0,0,244842,1,765963,1,768,1,768,1,0,1,96,1,2976,1,96,1,0,1,2,1,0,1,0,1,1,1,8,1,28,1,0,1,0,1,205,1,16343,1,1,1,1,1,4339,1,25179,1,8,1,8,1,0,1
437,5574600,4469,9545,28.988918,,0,11,8,96,32179,13156,38243,5542421,16,211,150,1,30881,1,70,1,1842754,1,160485,1,116098,1,3381001,1,10982,1,319597,1,12354,4,522314,4,88133,4,818315,4,1574338,8,2165780,96,188630,36,3697,1,26362,1,2735,1,0,0,0,0,0,0,0,0,123282,1,18236,1,4349,1,0,0,0,0,0,0,0,0,4098,1,21632,1,30730,1,262976,1,16343,1,233,1,9545,1,4469,1,16576,1,9545,1,48,1,0,0,0,0,0,0,4503,1,5042,1,0,1,0,0,237635,1,863313,1,768,1,768,1,0,1,96,1,2976,1,96,1,0,1,2,1,0,1,0,1,1,1,8,1,28,1,0,1,0,1,205,1,16343,1,1,1,1,1,4572,1,73788,1,8,1,8,1,0,1
438,5448000,4469,9545,28.988918,,0,11,8,96,30925,13156,34708,5417075,16,211,190,1,31051,1,40,1,1831753,1,159242,1,112180,1,3270775,1,11843,1,309166,1,12024,4,521533,4,78985,4,775000,4,1529410,8,2079970,96,189732,36,3707,1,25109,1,2685,1,0,0,0,0,0,0,0,0,126137,1,16562,1,4328,1,0,0,0,0,0,0,0,0,4428,1,22214,1,30710,1,251644,1,16343,1,233,1,9545,1,4469,1,16576,1,9545,1,48,1,0,0,0,0,0,0,4503,1,5042,1,0,1,0,0,236708,1,770946,1,768,1,768,1,0,1,96,1,2976,1,96,1,0,1,2,1,0,1,0,1,1,1,8,1,28,1,0,1,0,1,205,1,16343,1,1,1,1,1,3349,1,65505,1,8,1,8,1,0,1
439,5512100,4469,9545,28.988918,,0,11,8,96,32973,11182,33315,5479127,16,211,140,1,27424,1,30,1,1846892,1,154072,1,114294,1,3324451,1,11823,1,318695,1,12034,4,523166,4,79035,4,803817,4,1543828,8,2125890,96,188440,36,3657,1,26282,1,2755,1,0,0,0,0,0,0,0,0,117510,1,19689,1,4399,1,0,0,0,0,0,0,0,0,3226,1,21222,1,29748,1,264328,1,16344,1,233,1,9545,1,4469,1,16577,1,9545,1,48,1,0,0,0,0,0,0,4502,1,5042,1,1,1,0,0,244774,1,881133,1,768,1,768,1,0,1,96,1,2976,1,96,1,0,1,2,1,0,1,0,1,1,1,8,1,28,1,0,1,0,1,205,1,16344,1,1,1,0,1,14899,1,5676,1,8,1,8,1,0,1
440,5510700,4469,9545,28.988918,,0,11,8,96,31834,12775,32134,5478866,16,211,90,1,26993,1,40,1,1835009,1,153812,1,112851,1,3338157,1,11913,1,311782,1,12164,4,522675,4,79225,4,783607,4,1582694,8,2145938,96,188229,36,3667,1,26893,1,2675,1,0,0,0,0,0,0,0,0,119715,1,16833,1,4389,1,0,0,0,0,0,0,0,0,3988,1,22214,1,30911,1,254479,1,16344,1,233,1,9545,1,4469,1,16577,1,9545,1,48,1,0,0,0,0,0,0,4503,1,5042,1,0,1,0,0,243099,1,804375,1,768,1,768,1,0,1,96,1,2976,1,96,1,0,1,2,1,0,1,0,1,1,1,8,1,28,1,0,1,0,1,205,1,16344,1,1,1,1,1,4339,1,50391,1,8,1,8,1,0,1
441,5527300,4469,9545,28.988918,,0,11,8,96,34887,12795,33716,5492413,16,211,60,1,27253,1,40,1,1840891,1,168440,1,113122,1,3330783,1,11823,1,322853,1,11923,4,523246,4,79436,4,816642,4,1533618,8,2127162,96,189381,36,3697,1,23847,1,2725,1,0,0,0,0,0,0,0,0,132480,1,18566,1,4379,1,0,0,0,0,0,0,0,0,4088,1,22013,1,31021,1,265531,1,16344,1,233,1,9545,1,4469,1,16577,1,9545,1,48,1,0,0,0,0,0,0,4503,1,5042,1,0,1,0,0,258150,1,777084,1,768,1,768,1,0,1,96,1,2976,1,96,1,0,1,2,1,0,1,0,1,1,1,8,1,28,1,0,1,0,1,205,1,16344,1,1,1,1,1,4933,1,80520,1,8,1,8,1,0,1
442,5531400,4468,9545,28.988918,,0,11,8,96,31222,8787,33024,5500178,16,211,20,1,27795,1,30,1,1838296,1,141668,1,113483,1,3367054,1,11833,1,319106,1,11963,4,523767,4,78975,4,807554,4,1581752,8,2166931,96,189351,36,3677,1,28736,1,2735,1,0,0,0,0,0,0,0,0,105166,1,19889,1,4399,1,0,0,0,0,0,0,0,0,3988,1,22264,1,31091,1,261583,1,16344,1,232,1,9545,1,4468,1,16576,1,9545,1,48,1,0,0,0,0,0,0,4503,1,5042,1,0,1,0,0,250137,1,856020,1,768,1,768,1,0,1,96,1,3000,1,96,1,0,1,2,1,0,1,0,1,1,1,8,1,24,1,0,1,0,1,208,1,16344,1,0,1,0,1,3745,1,47817,1,8,1,8,1,0,1
443,5478800,4468,9545,28.988918,,0,11,8,96,30915,12805,34297,5447885,16,211,80,1,26773,1,80,1,1851301,1,159743,1,114986,1,3283049,1,11873,1,313525,1,11913,4,522014,4,79005,4,782755,4,1528087,8,2088597,96,187949,36,3697,1,26492,1,2755,1,0,0,0,0,0,0,0,0,126167,1,17264,1,4419,1,0,0,0,0,0,0,0,0,4108,1,21963,1,31011,1,256243,1,16344,1,232,1,9545,1,4468,1,16576,1,9545,1,48,1,0,0,0,0,0,0,4503,1,5042,1,0,1,0,0,244091,1,759561,1,768,1,768,1,0,1,96,1,3000,1,96,1,0,1,2,1,0,1,0,1,1,1,8,1,24,1,0,1,0,1,208,1,16344,1,1,1,1,1,3778,1,66792,1,8,1,8,1,0,1
444,5590700,4469,9545,28.988918,,0,11,8,96,37458,9218,35329,5553242,16,211,140,1,30610,1,70,1,1837684,1,158842,1,114835,1,3399157,1,11903,1,330528,1,12204,4,522415,4,88303,4,816692,4,1586131,8,2173553,96,193940,36,3657,1,27083,1,2926,1,0,0,0,0,0,0,0,0,123302,1,17755,1,4359,1,0,0,0,0,0,0,0,0,4168,1,22214,1,30700,1,273246,1,16337,1,240,1,9545,1,4469,1,16577,1,9545,1,48,1,0,0,0,0,0,0,4503,1,5042,1,0,1,0,0,237492,1,806718,1,768,1,768,1,0,1,96,1,3000,1,96,1,0,1,2,1,0,1,0,1,1,1,8,1,24,1,0,1,0,1,216,1,16337,1,0,1,0,1,3333,1,72534,1,8,1,8,1,0,1
445,5471800,4469,9545,28.988918,,0,11,8,96,30808,12625,33405,5440992,16,211,170,1,30340,1,40,1,1832124,1,161878,1,113763,1,3290905,1,11773,1,311030,1,12104,4,522375,4,79015,4,784499,4,1537596,8,2094158,96,194532,36,3667,1,25320,1,2675,1,0,0,0,0,0,0,0,0,125907,1,17865,1,4328,1,0,0,0,0,0,0,0,0,4308,1,22184,1,30360,1,253998,1,16337,1,240,1,9545,1,4469,1,16577,1,9545,1,48,1,0,0,0,0,0,0,4503,1,5042,1,0,1,0,0,239366,1,752367,1,768,1,768,1,0,1,96,1,3000,1,96,1,0,1,2,1,0,1,0,1,1,1,8,1,24,1,0,1,0,1,216,1,16337,1,1,1,1,1,4669,1,63459,1,8,1,8,1,0,1
446,5520600,4468,9545,28.988918,,0,11,8,96,35021,8717,32964,5485579,16,211,20,1,28115,1,40,1,1833677,1,162539,1,113773,1,3335572,1,11843,1,318495,1,11933,4,521593,4,79095,4,814808,4,1547956,8,2137874,96,191926,36,3707,1,26552,1,2715,1,0,0,0,0,0,0,0,0,129243,1,16813,1,4318,1,0,0,0,0,0,0,0,0,3967,1,22123,1,30780,1,261453,1,16340,1,236,1,9545,1,4468,1,16576,1,9545,1,48,1,0,0,0,0,0,0,4503,1,5042,1,0,1,0,0,256707,1,800976,1,768,1,768,1,0,1,96,1,3000,1,96,1,0,1,2,1,0,1,0,1,1,1,8,1,24,1,0,1,0,1,212,1,16340,1,0,1,0,1,6682,1,68475,1,8,1,8,1,0,1
447,5528300,4469,9545,28.988918,,0,11,8,96,29775,8697,33806,5498525,16,211,10,1,27073,1,40,1,1840620,1,151427,1,115867,1,3351443,1,12044,1,319968,1,12585,4,522184,4,78684,4,792504,4,1582774,8,2145308,96,196165,36,3968,1,27243,1,2836,1,0,0,0,0,0,0,0,0,118342,1,16583,1,4389,1,0,0,0,0,0,0,0,0,3948,1,22334,1,31151,1,262365,1,16337,1,240,1,9545,1,4469,1,16577,1,9545,1,48,1,0,0,0,0,0,0,4503,1,5042,1,0,1,0,0,257877,1,773256,1,768,1,768,1,0,1,96,1,3000,1,96,1,0,1,2,1,0,1,0,1,1,1,8,1,24,1,0,1,0,1,216,1,16337,1,0,1,0,1,3745,1,42306,1,8,1,8,1,0,1
448,5539300,4468,9545,28.988918,,0,11,8,96,31217,8857,33816,5508083,16,211,150,1,27073,1,40,1,1834478,1,158691,1,115326,1,3360291,1,12034,1,325809,1,12194,4,523667,4,79195,4,819097,4,1556904,8,2150178,96,192007,36,3577,1,28336,1,2655,1,0,0,0,0,0,0,0,0,122340,1,18707,1,4529,1,0,0,0,0,0,0,0,0,3948,1,22715,1,30891,1,268086,1,16339,1,236,1,9545,1,4468,1,16575,1,9545,1,48,1,0,0,0,0,0,0,4502,1,5042,1,1,1,0,0,244091,1,778635,1,768,1,768,1,0,1,96,1,3000,1,96,1,0,1,2,1,0,1,0,1,1,1,8,1,24,1,0,1,0,1,212,1,16339,1,0,1,0,1,4372,1,9702,1,8,1,8,1,0,1
449,5532800,4469,9545,28.988918,,0,11,8,96,30207,8767,33536,5502593,16,211,80,1,27123,1,50,1,1843616,1,136398,1,114244,1,3369068,1,12014,1,314256,1,12164,4,523166,4,79125,4,813866,4,1587083,8,2174064,96,193349,36,3597,1,24398,1,2645,1,0,0,0,0,0,0,0,0,101800,1,17224,1,4359,1,0,0,0,0,0,0,0,0,3978,1,22334,1,30851,1,256924,1,16335,1,240,1,9545,1,4469,1,16575,1,9545,1,48,1,0,0,0,0,0,0,4503,1,5042,1,0,1,0,0,253973,1,887106,1,768,1,768,1,0,1,96,1,3000,1,96,1,0,1,2,1,0,1,0,1,1,1,8,1,24,1,0,1,0,1,216,1,16335,1,0,1,0,1,2590,1,693,1,8,1,8,1,0,1
450,5441400,4468,9545,28.988918,,0,11,8,96,31489,8787,34056,5409911,16,211,130,1,27624,1,40,1,1834548,1,159663,1,114475,1,3261617,1,11813,1,309998,1,12204,4,521974,4,79245,4,790200,4,1505292,8,2079830,96,181606,36,3898,1,27334,1,2685,1,0,0,0,0,0,0,0,0,126448,1,16853,1,4409,1,0,0,0,0,0,0,0,0,3837,1,22344,1,30941,1,252686,1,16346,1,229,1,9545,1,4468,1,16575,1,9545,1,48,1,0,0,0,0,0,0,4502,1,5042,1,1,1,0,0,248498,1,707850,1,768,1,768,1,0,1,96,1,2988,1,96,1,0,1,2,1,0,1,0,1,1,1,8,1,28,1,0,1,0,1,201,1,16346,1,0,1,0,1,4504,1,49170,1,8,1,8,1,0,1
451,5530000,4468,9545,28.988918,,0,11,8,96,31545,12605,33274,5498455,16,211,110,1,26682,1,40,1,1842554,1,159613,1,113793,1,3343638,1,12024,1,322322,1,12184,4,523256,4,79476,4,800690,4,1559649,8,2144818,96,182247,36,3577,1,27163,1,2715,1,0,0,0,0,0,0,0,0,122751,1,19308,1,4439,1,0,0,0,0,0,0,0,0,4208,1,22434,1,31071,1,264399,1,16345,1,229,1,9545,1,4468,1,16574,1,9545,1,48,1,0,0,0,0,0,0,4502,1,5042,1,1,1,0,0,250101,1,860772,1,768,1,768,1,0,1,96,1,2988,1,96,1,0,1,2,1,0,1,0,1,1,1,8,1,28,1,0,1,0,1,201,1,16345,1,1,1,0,1,2194,1,50655,1,8,1,8,1,0,1
452,5434800,4469,9545,28.988918,,0,11,8,96,31011,8697,32805,5403789,16,211,60,1,27233,1,40,1,1842694,1,154192,1,111378,1,3256217,1,11973,1,315479,1,12054,4,522785,4,79145,4,773257,4,1512657,8,2064118,96,188991,36,3607,1,25831,1,2705,1,0,0,0,0,0,0,0,0,120106,1,16683,1,4369,1,0,0,0,0,0,0,0,0,4018,1,21953,1,30861,1,258447,1,16338,1,237,1,9545,1,4469,1,16575,1,9545,1,48,1,0,0,0,0,0,0,4503,1,5042,1,0,1,0,0,241528,1,766458,1,768,1,768,1,0,1,96,1,2976,1,96,1,0,1,2,1,0,1,0,1,1,1,8,1,28,1,0,1,0,1,209,1,16338,1,0,1,0,1,3547,1,29766,1,8,1,8,1,0,1
453,5496000,4470,9545,28.988918,,0,11,8,96,34508,8597,32924,5461492,16,211,70,1,27253,1,40,1,1846101,1,166787,1,114294,1,3295033,1,11913,1,313084,1,12154,4,523507,4,78754,4,794158,4,1534239,8,2101873,96,193600,36,3557,1,24318,1,2665,1,0,0,0,0,0,0,0,0,130706,1,18536,1,4328,1,0,0,0,0,0,0,0,0,3426,1,22354,1,29939,1,257204,1,16335,1,241,1,9545,1,4470,1,16576,1,9545,1,48,1,0,0,0,0,0,0,4502,1,5042,1,1,1,0,0,251037,1,787347,1,768,1,768,1,0,1,96,1,2988,1,96,1,0,1,2,1,0,1,0,1,1,1,8,1,28,1,0,1,0,1,213,1,16335,1,0,1,0,1,4273,1,68772,1,8,1,8,1,0,1
454,5423700,4469,9545,28.988918,,0,11,8,96,30682,8737,33215,5393018,16,211,140,1,27524,1,40,1,1834358,1,159232,1,114705,1,3245015,1,12004,1,311050,1,12184,4,521272,4,79045,4,769459,4,1511745,8,2057687,96,190303,36,3597,1,25189,1,2735,1,0,0,0,0,0,0,0,0,125566,1,16973,1,4419,1,0,0,0,0,0,0,0,0,4499,1,22133,1,30981,1,253247,1,16338,1,237,1,9545,1,4469,1,16575,1,9545,1,48,1,0,0,0,0,0,0,4502,1,5042,1,1,1,0,0,239147,1,692769,1,768,1,768,1,0,1,96,1,2976,1,96,1,0,1,2,1,0,1,0,1,1,1,8,1,28,1,0,1,0,1,209,1,16338,1,0,1,0,1,3382,1,70224,1,8,1,8,1,0,1
455,5525200,4469,9545,28.988918,,0,11,8,96,32196,13266,34397,5493004,16,211,160,1,30470,1,70,1,1842023,1,158611,1,114535,1,3336194,1,10941,1,305539,1,12274,4,521162,4,79506,4,813866,4,1560170,8,2150638,96,189001,36,3868,1,23817,1,2725,1,0,0,0,0,0,0,0,0,123432,1,16562,1,4318,1,0,0,0,0,0,0,0,0,4298,1,21693,1,30560,1,248788,1,16338,1,237,1,9545,1,4469,1,16575,1,9545,1,48,1,0,0,0,0,0,0,4503,1,5042,1,0,1,0,0,242326,1,861960,1,768,1,768,1,0,1,96,1,2976,1,96,1,0,1,2,1,0,1,0,1,1,1,8,1,28,1,0,1,0,1,209,1,16338,1,1,1,1,1,3728,1,1419,1,8,1,8,1,0,1
456,5425400,4469,9545,28.988918,,0,11,8,96,31280,12835,33385,5394120,16,211,60,1,30500,1,50,1,1836512,1,149714,1,116318,1,3248832,1,12134,1,307854,1,12124,4,521633,4,78895,4,769630,4,1513218,8,2059881,96,189582,36,3607,1,26292,1,2745,1,0,0,0,0,0,0,0,0,113964,1,18316,1,4349,1,0,0,0,0,0,0,0,0,4048,1,22093,1,30279,1,251233,1,16338,1,237,1,9545,1,4469,1,16575,1,9545,1,48,1,0,0,0,0,0,0,4502,1,5042,1,1,1,0,0,241779,1,673827,1,768,1,768,1,0,1,96,1,2976,1,96,1,0,1,2,1,0,1,0,1,1,1,8,1,28,1,0,1,0,1,209,1,16338,1,1,1,1,1,2095,1,3729,1,8,1,8,1,0,1
457,5486100,4469,9545,28.988918,,0,11,8,96,34086,12745,32954,5452014,16,211,20,1,27193,1,50,1,1839318,1,164052,1,115406,1,3294181,1,11793,1,317312,1,12004,4,522164,4,79125,4,803165,4,1517567,8,2098897,96,188880,36,3547,1,23877,1,2675,1,0,0,0,0,0,0,0,0,129123,1,17394,1,4399,1,0,0,0,0,0,0,0,0,3838,1,22153,1,31041,1,260090,1,16338,1,237,1,9545,1,4469,1,16575,1,9545,1,48,1,0,0,0,0,0,0,4503,1,5042,1,0,1,0,0,243871,1,804771,1,768,1,768,1,0,1,96,1,2976,1,96,1,0,1,2,1,0,1,0,1,1,1,8,1,28,1,0,1,0,1,209,1,16338,1,1,1,1,1,6319,1,66858,1,8,1,8,1,0,1
458,5472400,4469,9545,28.988918,,0,11,8,96,31969,13336,34105,5440431,16,211,60,1,27815,1,40,1,1833927,1,152369,1,113974,1,3300383,1,11863,1,323515,1,12334,4,523256,4,79586,4,779038,4,1535903,8,2087997,96,192838,36,3577,1,26532,1,3306,1,0,0,0,0,0,0,0,0,119424,1,16372,1,4419,1,0,0,0,0,0,0,0,0,4218,1,22063,1,30901,1,266132,1,16338,1,237,1,9545,1,4469,1,16575,1,9545,1,48,1,0,0,0,0,0,0,4502,1,5042,1,1,1,0,0,260880,1,770781,1,768,1,768,1,0,1,96,1,2976,1,96,1,0,1,2,1,0,1,0,1,1,1,8,1,28,1,0,1,0,1,209,1,16338,1,1,1,1,1,3151,1,53262,1,8,1,8,1,0,1
459,5510900,4469,9545,28.988918,,0,11,8,96,33527,11222,33335,5477373,16,211,50,1,27063,1,40,1,1841883,1,167659,1,114194,1,3314451,1,12034,1,326721,1,12034,4,522926,4,79025,4,806392,4,1524450,8,2107244,96,190263,36,3597,1,25340,1,2745,1,0,0,0,0,0,0,0,0,128622,1,20600,1,4379,1,0,0,0,0,0,0,0,0,3427,1,21602,1,30099,1,271402,1,16339,1,237,1,9545,1,4469,1,16576,1,9545,1,48,1,0,0,0,0,0,0,4502,1,5042,1,1,1,0,0,240848,1,808929,1,768,1,768,1,0,1,96,1,2976,1,96,1,0,1,2,1,0,1,0,1,1,1,8,1,28,1,0,1,0,1,209,1,16339,1,1,1,0,1,3811,1,68310,1,8,1,8,1,0,1
460,5493300,4469,9545,28.988918,,0,11,8,96,29543,12545,33906,5463757,16,211,140,1,27494,1,40,1,1835210,1,136257,1,113843,1,3338799,1,11973,1,312002,1,12214,4,523146,4,78825,4,798186,4,1570029,8,2144838,96,189472,36,3617,1,25530,1,2705,1,0,0,0,0,0,0,0,0,101539,1,17003,1,4439,1,0,0,0,0,0,0,0,0,4018,1,22274,1,30911,1,254609,1,16339,1,237,1,9545,1,4469,1,16576,1,9545,1,48,1,0,0,0,0,0,0,4502,1,5042,1,1,1,0,0,241023,1,849981,1,768,1,768,1,0,1,96,1,2976,1,96,1,0,1,2,1,0,1,0,1,1,1,8,1,28,1,0,1,0,1,209,1,16339,1,1,1,1,1,2227,1,1254,1,8,1,8,1,0,1
461,5529500,4469,9545,28.988918,,0,11,8,96,34512,11373,33936,5494988,16,211,100,1,27063,1,40,1,1840931,1,164773,1,111970,1,3338177,1,11933,1,313945,1,12635,4,521022,4,79456,4,818285,4,1548407,8,2144708,96,188049,36,3597,1,26532,1,2926,1,0,0,0,0,0,0,0,0,131468,1,16993,1,4349,1,0,0,0,0,0,0,0,0,4148,1,21592,1,31061,1,256944,1,16339,1,237,1,9545,1,4469,1,16576,1,9545,1,48,1,0,0,0,0,0,0,4502,1,5042,1,1,1,0,0,253185,1,813252,1,768,1,768,1,0,1,96,1,2976,1,96,1,0,1,2,1,0,1,0,1,1,1,8,1,28,1,0,1,0,1,209,1,16339,1,1,1,0,1,3118,1,69630,1,8,1,8,1,0,1
462,5575100,4469,9545,28.988922,,0,11,8,96,33571,11683,33625,5541529,16,211,20,1,27554,1,70,1,1846692,1,153371,1,116138,1,3385681,1,12004,1,371899,1,11903,4,523577,4,79356,4,805079,4,1545912,8,2129288,96,188079,36,3848,1,29718,1,2705,1,0,0,0,0,0,0,0,0,114655,1,21893,1,4519,1,0,0,0,0,0,0,0,0,4268,1,21753,1,30921,1,314637,1,16340,1,237,1,9545,1,4469,1,16577,1,9545,1,48,1,0,0,0,0,0,0,4501,1,5042,1,2,1,0,0,256497,1,783651,1,768,1,768,1,0,1,96,1,2976,1,96,1,0,1,2,1,0,1,0,1,1,1,8,1,28,1,0,1,0,1,209,1,16340,1,1,1,0,1,3036,1,18909,1,8,1,8,1,0,1
463,5434300,4468,9545,28.988922,,0,11,8,96,35441,8847,34257,5398859,16,211,20,1,27434,1,40,1,1835851,1,155325,1,113853,1,3254493,1,11843,1,323845,1,12164,4,521753,4,78785,4,768447,4,1508058,8,2058188,96,184061,36,3868,1,26071,1,2655,1,0,0,0,0,0,0,0,0,121599,1,17374,1,4349,1,0,0,0,0,0,0,0,0,4238,1,22404,1,31051,1,265982,1,16343,1,233,1,9545,1,4468,1,16576,1,9545,1,48,1,0,0,0,0,0,0,4503,1,5042,1,0,1,0,0,243026,1,743688,1,768,1,768,1,0,1,96,1,2976,1,96,1,0,1,2,1,0,1,0,1,1,1,8,1,28,1,0,1,0,1,205,1,16343,1,0,1,0,1,4273,1,69201,1,8,1,8,1,0,1
464,5525600,4469,9545,28.988922,,0,11,8,96,34620,8727,34017,5490980,16,211,90,1,27624,1,30,1,1845159,1,158010,1,112431,1,3335673,1,11963,1,327512,1,12495,4,524659,4,79025,4,809388,4,1540602,8,2128014,96,187959,36,3597,1,26973,1,2695,1,0,0,0,0,0,0,0,0,123953,1,16923,1,4359,1,0,0,0,0,0,0,0,0,3828,1,21933,1,31201,1,270360,1,16341,1,237,1,9545,1,4469,1,16578,1,9545,1,48,1,0,0,0,0,0,0,4503,1,5042,1,0,1,0,0,251399,1,783915,1,768,1,768,1,0,1,96,1,2976,1,96,1,0,1,2,1,0,1,0,1,1,1,8,1,28,1,0,1,0,1,209,1,16341,1,0,1,0,1,2491,1,13761,1,8,1,8,1,0,1
465,5425000,4469,9545,28.988922,,0,11,8,96,30169,12845,32544,5394831,16,211,120,1,27103,1,40,1,1835520,1,159713,1,112501,1,3247700,1,12134,1,312633,1,12204,4,523176,4,78945,4,770601,4,1506274,8,2056995,96,187337,36,3627,1,24749,1,2645,1,0,0,0,0,0,0,0,0,123923,1,17945,1,4429,1,0,0,0,0,0,0,0,0,4208,1,22083,1,30760,1,255401,1,16341,1,237,1,9545,1,4469,1,16578,1,9545,1,48,1,0,0,0,0,0,0,4502,1,5042,1,1,1,0,0,246949,1,715902,1,768,1,768,1,0,1,96,1,2976,1,96,1,0,1,2,1,0,1,0,1,1,1,8,1,28,1,0,1,0,1,209,1,16341,1,1,1,1,1,4504,1,57816,1,8,1,8,1,0,1
466,5528300,4469,9545,28.988922,,0,11,8,96,32180,13156,36281,5496120,16,211,140,1,31011,1,80,1,1851171,1,163541,1,114925,1,3323879,1,11372,1,310639,1,12214,4,522605,4,79225,4,810921,4,1542385,8,2129237,96,187788,36,3126,1,26833,1,2775,1,0,0,0,0,0,0,0,0,127109,1,17254,1,4369,1,0,0,0,0,0,0,0,0,4819,1,21833,1,30780,1,253026,1,16341,1,237,1,9545,1,4469,1,16578,1,9545,1,48,1,0,0,0,0,0,0,4503,1,5042,1,0,1,0,0,239014,1,772002,1,768,1,768,1,0,1,96,1,2976,1,96,1,0,1,2,1,0,1,0,1,1,1,8,1,28,1,0,1,0,1,209,1,16341,1,1,1,1,1,3351,1,57849,1,8,1,8,1,0,1
467,5434100,4469,9545,28.988922,,0,11,8,96,31063,10371,33755,5403037,16,211,20,1,30610,1,20,1,1829979,1,135987,1,111449,1,3283150,1,11823,1,312874,1,12214,4,525841,4,78915,4,796152,4,1516324,8,2089419,96,189301,36,3647,1,24127,1,2685,1,0,0,0,0,0,0,0,0,103503,1,16252,1,4328,1,0,0,0,0,0,0,0,0,3807,1,21723,1,30570,1,256613,1,16340,1,237,1,9545,1,4469,1,16577,1,9545,1,48,1,0,0,0,0,0,0,4502,1,5042,1,1,1,0,0,258188,1,629871,1,768,1,768,1,0,1,96,1,2976,1,96,1,0,1,2,1,0,1,0,1,1,1,8,1,28,1,0,1,0,1,209,1,16340,1,1,1,0,1,2590,1,5808,1,8,1,8,1,0,1
468,5519800,4469,9545,28.988922,,0,11,8,96,36034,13136,35540,5483766,16,211,140,1,30840,1,60,1,1834188,1,157319,1,113723,1,3336514,1,10982,1,322452,1,11984,4,521162,4,78905,4,809528,4,1544730,8,2129697,96,189021,36,3707,1,28135,1,2775,1,0,0,0,0,0,0,0,0,121588,1,17544,1,4369,1,0,0,0,0,0,0,0,0,4409,1,21552,1,31161,1,265140,1,16340,1,237,1,9545,1,4469,1,16577,1,9545,1,48,1,0,0,0,0,0,0,4503,1,5042,1,0,1,0,0,249331,1,765303,1,768,1,768,1,0,1,96,1,2976,1,96,1,0,1,2,1,0,1,0,1,1,1,8,1,28,1,0,1,0,1,209,1,16340,1,1,1,1,1,4172,1,10428,1,8,1,8,1,0,1
469,5485900,4469,9545,28.988922,,0,11,8,96,30550,12034,32333,5455350,16,211,120,1,30760,1,40,1,1828767,1,137019,1,113372,1,3333248,1,12024,1,308365,1,12164,4,522976,4,78674,4,802073,4,1566543,8,2147803,96,188480,36,3607,1,24077,1,2735,1,0,0,0,0,0,0,0,0,101709,1,17214,1,4499,1,0,0,0,0,0,0,0,0,4529,1,21192,1,30540,1,251924,1,16340,1,237,1,9545,1,4469,1,16577,1,9545,1,48,1,0,0,0,0,0,0,4502,1,5042,1,1,1,0,0,252506,1,870771,1,768,1,768,1,0,1,96,1,2976,1,96,1,0,1,2,1,0,1,0,1,1,1,8,1,28,1,0,1,0,1,209,1,16340,1,1,1,1,1,2722,1,33396,1,8,1,8,1,0,1
470,5448600,4467,9545,28.988922,,0,11,8,96,34401,9028,35610,5414199,16,211,140,1,30911,1,80,1,1848796,1,161978,1,112380,1,3248983,1,10931,1,304738,1,12104,4,522324,4,79175,4,786964,4,1501555,8,2065371,96,187538,36,3657,1,26692,1,2745,1,0,0,0,0,0,0,0,0,125847,1,18075,1,4339,1,0,0,0,0,0,0,0,0,3427,1,21572,1,30139,1,249449,1,16337,1,237,1,9545,1,4467,1,16574,1,9545,1,48,1,0,0,0,0,0,0,4501,1,5042,1,2,1,0,0,233379,1,799260,1,768,1,768,1,0,1,96,1,2988,1,96,1,0,1,2,1,0,1,0,1,1,1,8,1,28,1,0,1,0,1,209,1,16337,1,0,1,0,1,3894,1,65703,1,8,1,8,1,0,1
471,5496500,4468,9545,28.988922,,0,11,8,96,37483,8737,34056,5459017,16,211,120,1,30440,1,40,1,1831272,1,140936,1,111819,1,3332597,1,11793,1,312122,1,12214,4,523868,4,79436,4,798276,4,1565350,8,2139427,96,190143,36,3577,1,26262,1,2755,1,0,0,0,0,0,0,0,0,106088,1,17154,1,4359,1,0,0,0,0,0,0,0,0,3947,1,22224,1,30640,1,255120,1,16335,1,241,1,9545,1,4468,1,16576,1,9545,1,48,1,0,0,0,0,0,0,4503,1,5042,1,0,1,0,0,254199,1,816717,1,768,1,768,1,0,1,96,1,2988,1,96,1,0,1,2,1,0,1,0,1,1,1,8,1,28,1,0,1,0,1,213,1,16335,1,0,1,0,1,2557,1,53592,1,8,1,8,1,0,1
472,5429400,4467,9545,28.988922,,0,11,8,96,31453,8778,33045,5397947,16,211,140,1,26622,1,40,1,1835440,1,154744,1,113883,1,3255295,1,11783,1,309858,1,12004,4,521783,4,79265,4,786583,4,1504731,8,2073898,96,184371,36,3587,1,25991,1,2715,1,0,0,0,0,0,0,0,0,120787,1,16482,1,4339,1,0,0,0,0,0,0,0,0,4028,1,22043,1,30911,1,252706,1,16344,1,233,1,9545,1,4467,1,16577,1,9545,1,48,1,0,0,0,0,0,0,4502,1,5042,1,1,1,0,0,239558,1,871959,1,768,1,768,1,0,1,96,1,2976,1,96,1,0,1,2,1,0,1,0,1,1,1,8,1,28,1,0,1,0,1,205,1,16344,1,0,1,0,1,4240,1,29898,1,8,1,8,1,0,1
473,5521400,4467,9545,28.988922,,0,11,8,96,33085,13376,33826,5488315,16,211,60,1,27304,1,50,1,1845119,1,142409,1,114655,1,3346654,1,12064,1,310679,1,12474,4,523106,4,80007,4,806171,4,1567565,8,2155197,96,184712,36,3547,1,27043,1,2685,1,0,0,0,0,0,0,0,0,105838,1,18997,1,4359,1,0,0,0,0,0,0,0,0,3707,1,22194,1,30169,1,254429,1,16344,1,233,1,9545,1,4467,1,16577,1,9545,1,48,1,0,0,0,0,0,0,4502,1,5042,1,1,1,0,0,246420,1,937728,1,768,1,768,1,0,1,96,1,2976,1,96,1,0,1,2,1,0,1,0,1,1,1,8,1,28,1,0,1,0,1,205,1,16344,1,1,1,1,1,4455,1,53097,1,8,1,8,1,0,1
474,5445700,4467,9545,28.988922,,0,11,8,96,32232,12785,32655,5413468,16,211,60,1,28015,1,40,1,1839969,1,155475,1,112942,1,3265174,1,11793,1,312834,1,12054,4,523176,4,79316,4,776723,4,1515953,8,2074388,96,185634,36,3547,1,26081,1,2705,1,0,0,0,0,0,0,0,0,121398,1,16532,1,4389,1,0,0,0,0,0,0,0,0,4288,1,22184,1,31241,1,254940,1,16344,1,233,1,9545,1,4467,1,16577,1,9545,1,48,1,0,0,0,0,0,0,4503,1,5042,1,0,1,0,0,242748,1,908193,1,768,1,768,1,0,1,96,1,2976,1,96,1,0,1,2,1,0,1,0,1,1,1,8,1,28,1,0,1,0,1,205,1,16344,1,1,1,1,1,4405,1,28743,1,8,1,8,1,0,1
475,5520600,4467,9545,28.988922,,0,11,8,96,31283,12805,33617,5489317,16,211,120,1,27825,1,40,1,1834438,1,151537,1,113473,1,3349590,1,12294,1,308856,1,12214,4,524659,4,79596,4,808496,4,1571312,8,2159535,96,186656,36,3577,1,25360,1,2715,1,0,0,0,0,0,0,0,0,118433,1,16823,1,4419,1,0,0,0,0,0,0,0,0,4058,1,22153,1,30630,1,251814,1,16344,1,233,1,9545,1,4467,1,16577,1,9545,1,48,1,0,0,0,0,0,0,4502,1,5042,1,1,1,0,0,249585,1,985248,1,768,1,768,1,0,1,96,1,2976,1,96,1,0,1,2,1,0,1,0,1,1,1,8,1,28,1,0,1,0,1,205,1,16344,1,1,1,1,1,1831,1,60027,1,8,1,8,1,0,1
476,5438700,4467,9545,28.988922,,0,11,8,96,30633,13016,33235,5408067,16,211,100,1,27684,1,40,1,1838095,1,160264,1,112250,1,3257740,1,11893,1,304587,1,12054,4,522054,4,78945,4,774609,4,1521474,8,2077876,96,184973,36,3557,1,24678,1,2765,1,0,0,0,0,0,0,0,0,124103,1,18556,1,4359,1,0,0,0,0,0,0,0,0,4298,1,22123,1,30299,1,247696,1,16344,1,233,1,9545,1,4467,1,16577,1,9545,1,48,1,0,0,0,0,0,0,4503,1,5042,1,0,1,0,0,240121,1,760452,1,768,1,768,1,0,1,96,1,2976,1,96,1,0,1,2,1,0,1,0,1,1,1,8,1,28,1,0,1,0,1,205,1,16344,1,1,1,1,1,2425,1,67089,1,8,1,8,1,0,1
477,5545100,4467,9545,28.988922,,0,11,8,96,30794,13346,34998,5514306,16,211,180,1,30540,1,40,1,1844708,1,156607,1,112911,1,3358557,1,10761,1,313395,1,12404,4,522805,4,79145,4,815359,4,1569899,8,2164676,96,185584,36,3607,1,25841,1,2755,1,0,0,0,0,0,0,0,0,120897,1,17434,1,4349,1,0,0,0,0,0,0,0,0,4328,1,21873,1,30891,1,256132,1,16344,1,233,1,9545,1,4467,1,16577,1,9545,1,48,1,0,0,0,0,0,0,4503,1,5042,1,0,1,0,0,235376,1,994125,1,768,1,768,1,0,1,96,1,2976,1,96,1,0,1,2,1,0,1,0,1,1,1,8,1,28,1,0,1,0,1,205,1,16344,1,1,1,1,1,3002,1,18744,1,8,1,8,1,0,1
478,5499600,4467,9545,28.988922,,0,11,8,96,30573,12935,34196,5469027,16,211,10,1,30640,1,50,1,1835851,1,151657,1,112030,1,3327076,1,11713,1,317894,1,11813,4,522345,4,78895,4,807885,4,1539991,8,2126672,96,187007,36,3737,1,27173,1,4409,1,0,0,0,0,0,0,0,0,117270,1,16793,1,4359,1,0,0,0,0,0,0,0,0,4108,1,21983,1,30800,1,260822,1,16344,1,233,1,9545,1,4467,1,16577,1,9545,1,48,1,0,0,0,0,0,0,4501,1,5042,1,2,1,0,0,256837,1,818598,1,768,1,768,1,0,1,96,1,2976,1,96,1,0,1,2,1,0,1,0,1,1,1,8,1,28,1,0,1,0,1,205,1,16344,1,1,1,1,1,4009,1,63228,1,8,1,8,1,0,1
479,5504800,4467,9545,28.988922,,0,11,8,96,29691,10641,34317,5475109,16,211,20,1,27294,1,40,1,1835851,1,164923,1,111930,1,3323058,1,11994,1,318224,1,12144,4,523928,4,79366,4,826431,4,1519480,8,2122654,96,188941,36,3587,1,24959,1,4298,1,0,0,0,0,0,0,0,0,128382,1,19338,1,4369,1,0,0,0,0,0,0,0,0,4058,1,21612,1,30941,1,261433,1,16343,1,233,1,9545,1,4467,1,16576,1,9545,1,48,1,0,0,0,0,0,0,4503,1,5042,1,0,1,0,0,249526,1,774807,1,768,1,768,1,0,1,96,1,2976,1,96,1,0,1,2,1,0,1,0,1,1,1,8,1,28,1,0,1,0,1,205,1,16343,1,1,1,0,1,4603,1,72765,1,8,1,8,1,0,1
480,5493700,4468,9545,28.988922,,0,11,8,96,30965,8717,32433,5462735,16,211,50,1,27704,1,40,1,1834939,1,132460,1,113142,1,3342616,1,11783,1,318214,1,12174,4,525912,4,79776,4,802965,4,1562144,8,2148695,96,183981,36,3577,1,26492,1,2645,1,0,0,0,0,0,0,0,0,99275,1,17113,1,4399,1,0,0,0,0,0,0,0,0,3347,1,22254,1,30770,1,261673,1,16348,1,229,1,9545,1,4468,1,16577,1,9545,1,48,1,0,0,0,0,0,0,4503,1,5042,1,0,1,0,0,251979,1,830346,1,768,1,768,1,0,1,96,1,3000,1,96,1,0,1,2,1,0,1,0,1,1,1,8,1,28,1,0,1,0,1,201,1,16348,1,0,1,0,1,2326,1,5907,1,8,1,8,1,0,1
481,5501800,4468,9545,28.988922,,0,11,8,96,33334,12755,33715,5468466,16,211,100,1,27053,1,40,1,1844067,1,162479,1,112621,1,3308640,1,13466,1,319597,1,12505,4,524749,4,79857,4,798256,4,1529229,8,2109469,96,184301,36,3587,1,25350,1,2755,1,0,0,0,0,0,0,0,0,129243,1,17003,1,4419,1,0,0,0,0,0,0,0,0,4218,1,22244,1,30740,1,262214,1,16348,1,229,1,9545,1,4468,1,16577,1,9545,1,48,1,0,0,0,0,0,0,4503,1,5042,1,0,1,0,0,247022,1,774180,1,768,1,768,1,0,1,96,1,3000,1,96,1,0,1,2,1,0,1,0,1,1,1,8,1,28,1,0,1,0,1,201,1,16348,1,1,1,1,1,2788,1,61380,1,8,1,8,1,0,1
482,5553000,4468,9545,28.988922,,0,11,8,96,33083,11974,34798,5519917,16,211,160,1,27364,1,40,1,1839017,1,143612,1,114114,1,3383496,1,12114,1,333574,1,12094,4,523607,4,79115,4,808476,4,1581642,8,2171660,96,183660,36,3567,1,26742,1,2705,1,0,0,0,0,0,0,0,0,108433,1,17835,1,4379,1,0,0,0,0,0,0,0,0,4378,1,22063,1,31121,1,275831,1,16348,1,229,1,9545,1,4468,1,16577,1,9545,1,48,1,0,0,0,0,0,0,4502,1,5042,1,1,1,0,0,256384,1,757152,1,768,1,768,1,0,1,96,1,3000,1,96,1,0,1,2,1,0,1,0,1,1,1,8,1,28,1,0,1,0,1,201,1,16348,1,1,1,1,1,2326,1,58146,1,8,1,8,1,0,1
483,5449600,4468,9545,28.988922,,0,11,8,96,31683,9649,33827,5417917,16,211,50,1,27374,1,40,1,1834749,1,161377,1,111579,1,3270936,1,11813,1,310739,1,12074,4,525090,4,79225,4,777846,4,1525983,8,2085510,96,184492,36,3547,1,24077,1,2705,1,0,0,0,0,0,0,0,0,128272,1,16753,1,4359,1,0,0,0,0,0,0,0,0,3737,1,21803,1,31241,1,253768,1,16349,1,229,1,9545,1,4468,1,16578,1,9545,1,48,1,0,0,0,0,0,0,4503,1,5042,1,0,1,0,0,238966,1,754281,1,768,1,768,1,0,1,96,1,2988,1,96,1,0,1,2,1,0,1,0,1,1,1,8,1,28,1,0,1,0,1,201,1,16349,1,1,1,0,1,4356,1,72138,1,8,1,8,1,0,1
484,5556300,4469,9545,28.988922,,0,11,8,96,32045,8697,34758,5524255,16,211,80,1,26752,1,40,1,1841672,1,166767,1,111609,1,3365511,1,11823,1,324036,1,12104,4,526272,4,79446,4,833264,4,1548678,8,2157452,96,189732,36,3617,1,26712,1,2685,1,0,0,0,0,0,0,0,0,133382,1,17104,1,4369,1,0,0,0,0,0,0,0,0,3948,1,22143,1,30921,1,266833,1,16342,1,237,1,9545,1,4469,1,16579,1,9545,1,48,1,0,0,0,0,0,0,4503,1,5042,1,0,1,0,0,254535,1,862620,1,768,1,768,1,0,1,96,1,2976,1,96,1,0,1,2,1,0,1,0,1,1,1,8,1,28,1,0,1,0,1,209,1,16342,1,0,1,0,1,2458,1,92037,1,8,1,8,1,0,1
485,5447800,4469,9545,28.988922,,0,11,8,96,30074,9970,32793,5417726,16,211,70,1,27243,1,50,1,1839368,1,154994,1,120867,1,3263291,1,11843,1,315990,1,11523,4,523707,4,79115,4,777685,4,1513208,8,2068739,96,189361,36,3577,1,25670,1,2846,1,0,0,0,0,0,0,0,0,120366,1,17414,1,4399,1,0,0,0,0,0,0,0,0,3968,1,21452,1,30861,1,259529,1,16342,1,237,1,9545,1,4469,1,16579,1,9545,1,48,1,0,0,0,0,0,0,4503,1,5042,1,0,1,0,0,244272,1,690360,1,768,1,768,1,0,1,96,1,2976,1,96,1,0,1,2,1,0,1,0,1,1,1,8,1,28,1,0,1,0,1,209,1,16342,1,1,1,1,1,4174,1,30954,1,8,1,8,1,0,1
486,5505900,4469,9545,28.988922,,0,11,8,96,32665,11282,33316,5473235,16,211,190,1,27424,1,40,1,1841322,1,161647,1,122430,1,3308419,1,11763,1,314607,1,11523,4,524258,4,80047,4,802203,4,1530502,8,2108786,96,190604,36,3577,1,25771,1,4649,1,0,0,0,0,0,0,0,0,126999,1,17424,1,4328,1,0,0,0,0,0,0,0,0,3687,1,21071,1,30851,1,258808,1,16342,1,237,1,9545,1,4469,1,16579,1,9545,1,48,1,0,0,0,0,0,0,4502,1,5042,1,1,1,0,0,244514,1,864402,1,768,1,768,1,0,1,96,1,2976,1,96,1,0,1,2,1,0,1,0,1,1,1,8,1,28,1,0,1,0,1,209,1,16342,1,1,1,1,1,22258,1,20064,1,8,1,8,1,0,1
487,5431600,4469,9545,28.988922,,0,11,8,96,31358,12014,32834,5400242,16,211,70,1,27223,1,30,1,1844828,1,152529,1,112942,1,3250566,1,12054,1,306160,1,11673,4,523627,4,79105,4,776313,4,1510883,8,2064018,96,190343,36,3547,1,24558,1,2685,1,0,0,0,0,0,0,0,0,117541,1,17484,1,4359,1,0,0,0,0,0,0,0,0,4068,1,21642,1,30370,1,249900,1,16342,1,237,1,9545,1,4469,1,16579,1,9545,1,48,1,0,0,0,0,0,0,4503,1,5042,1,0,1,0,0,240659,1,684453,1,768,1,768,1,0,1,96,1,2976,1,96,1,0,1,2,1,0,1,0,1,1,1,8,1,28,1,0,1,0,1,209,1,16342,1,1,1,1,1,2590,1,67287,1,8,1,8,1,0,1
488,5488300,4469,9545,28.988922,,0,11,8,96,31718,12755,32914,5456582,16,211,80,1,27905,1,40,1,1839698,1,150535,1,111579,1,3314261,1,12484,1,308796,1,11923,4,523747,4,79275,4,808245,4,1539249,8,2123936,96,190644,36,3607,1,24017,1,2645,1,0,0,0,0,0,0,0,0,116739,1,16532,1,4389,1,0,0,0,0,0,0,0,0,4228,1,21993,1,31121,1,251263,1,16342,1,237,1,9545,1,4469,1,16579,1,9545,1,48,1,0,0,0,0,0,0,4503,1,5042,1,0,1,0,0,249743,1,797148,1,768,1,768,1,0,1,96,1,2976,1,96,1,0,1,2,1,0,1,0,1,1,1,8,1,28,1,0,1,0,1,209,1,16342,1,1,1,1,1,5230,1,18480,1,8,1,8,1,0,1
489,5435700,4469,9545,28.988922,,0,11,8,96,30328,13026,32643,5405372,16,211,110,1,27103,1,40,1,1840530,1,137029,1,111980,1,3276637,1,11943,1,318916,1,11984,4,525080,4,78885,4,772625,4,1525993,8,2074480,96,191496,36,3587,1,23857,1,2685,1,0,0,0,0,0,0,0,0,102742,1,16873,1,4339,1,0,0,0,0,0,0,0,0,4288,1,21973,1,31171,1,261292,1,16342,1,237,1,9545,1,4469,1,16579,1,9545,1,48,1,0,0,0,0,0,0,4503,1,5042,1,0,1,0,0,255085,1,708741,1,768,1,768,1,0,1,96,1,2976,1,96,1,0,1,2,1,0,1,0,1,1,1,8,1,28,1,0,1,0,1,209,1,16342,1,1,1,1,1,2574,1,15147,1,8,1,8,1,0,1
490,5475400,4469,9545,28.988922,,0,11,8,96,32464,12675,32223,5442936,16,211,150,1,27273,1,40,1,1836021,1,164513,1,111589,1,3291406,1,11943,1,311240,1,12054,4,524910,4,79476,4,802704,4,1514731,8,2094027,96,191185,36,3597,1,27223,1,2795,1,0,0,0,0,0,0,0,0,128111,1,18546,1,4439,1,0,0,0,0,0,0,0,0,3998,1,22003,1,30159,1,254900,1,16342,1,237,1,9545,1,4469,1,16579,1,9545,1,48,1,0,0,0,0,0,0,4502,1,5042,1,1,1,0,0,243053,1,812889,1,768,1,768,1,0,1,96,1,2976,1,96,1,0,1,2,1,0,1,0,1,1,1,8,1,28,1,0,1,0,1,209,1,16342,1,1,1,1,1,14965,1,52569,1,8,1,8,1,0,1
491,5489000,4469,9545,28.988922,,0,11,8,96,32989,12545,35259,5456011,16,211,60,1,27193,1,50,1,1839107,1,134634,1,110928,1,3332216,1,11823,1,317924,1,12354,4,525050,4,78995,4,791753,4,1563396,8,2127513,96,192377,36,3597,1,23887,1,2715,1,0,0,0,0,0,0,0,0,100106,1,17264,1,4359,1,0,0,0,0,0,0,0,0,4208,1,22113,1,30991,1,260431,1,16343,1,237,1,9545,1,4469,1,16580,1,9545,1,48,1,0,0,0,0,0,0,4503,1,5042,1,0,1,0,0,256084,1,817443,1,768,1,768,1,0,1,96,1,2976,1,96,1,0,1,2,1,0,1,0,1,1,1,8,1,28,1,0,1,0,1,209,1,16343,1,1,1,0,1,1930,1,5445,1,8,1,8,1,0,1
492,5486800,4469,9545,28.988922,,0,11,8,96,31330,12745,33014,5455470,16,211,30,1,27273,1,30,1,1839999,1,158872,1,114555,1,3302528,1,12184,1,310689,1,12314,4,524990,4,79155,4,806402,4,1524089,8,2106863,96,190614,36,3587,1,25831,1,2725,1,0,0,0,0,0,0,0,0,124544,1,17003,1,4359,1,0,0,0,0,0,0,0,0,4349,1,22163,1,31001,1,252996,1,16343,1,237,1,9545,1,4469,1,16580,1,9545,1,48,1,0,0,0,0,0,0,4503,1,5042,1,0,1,0,0,245674,1,810282,1,768,1,768,1,0,1,96,1,2976,1,96,1,0,1,2,1,0,1,0,1,1,1,8,1,28,1,0,1,0,1,209,1,16343,1,1,1,1,1,4471,1,47124,1,8,1,8,1,0,1
493,5537500,4469,9545,28.988922,,0,11,8,96,31941,12885,33556,5505559,16,211,20,1,27534,1,40,1,1847724,1,137169,1,113463,1,3367806,1,11803,1,321310,1,12074,4,524248,4,78955,4,809137,4,1578716,8,2163303,96,190995,36,3567,1,24258,1,2655,1,0,0,0,0,0,0,0,0,102501,1,17154,1,4379,1,0,0,0,0,0,0,0,0,4068,1,22143,1,30520,1,264399,1,16343,1,237,1,9545,1,4469,1,16580,1,9545,1,48,1,0,0,0,0,0,0,4503,1,5042,1,0,1,0,0,255636,1,798765,1,768,1,768,1,0,1,96,1,2976,1,96,1,0,1,2,1,0,1,0,1,1,1,8,1,28,1,0,1,0,1,209,1,16343,1,1,1,1,1,3778,1,9735,1,8,1,8,1,0,1
494,5454900,4469,9545,28.988922,,0,11,8,96,30671,9840,34055,5424229,16,211,50,1,27153,1,70,1,1841662,1,152990,1,112721,1,3277288,1,12294,1,309948,1,12114,4,524328,4,79025,4,781022,4,1529079,8,2086093,96,189953,36,3637,1,25620,1,2675,1,0,0,0,0,0,0,0,0,118723,1,16803,1,4339,1,0,0,0,0,0,0,0,0,3567,1,21873,1,31041,1,253287,1,16341,1,237,1,9545,1,4469,1,16578,1,9545,1,48,1,0,0,0,0,0,0,4503,1,5042,1,0,1,0,0,247726,1,734349,1,768,1,768,1,0,1,96,1,2976,1,96,1,0,1,2,1,0,1,0,1,1,1,8,1,28,1,0,1,0,1,209,1,16341,1,1,1,0,1,4174,1,22836,1,8,1,8,1,0,1
495,5745200,4469,9545,28.988922,,0,11,8,96,30306,11022,36491,5714894,16,211,120,1,27063,1,20,1,1835159,1,146056,1,112090,1,3582101,1,12284,1,307323,1,13336,4,523878,4,80277,4,930530,4,1671288,8,2370245,96,195083,36,4920,1,35019,1,4509,1,0,0,0,0,0,0,0,0,112912,1,16562,1,4369,1,0,0,0,0,0,0,0,0,3717,1,21612,1,30921,1,250892,1,16341,1,237,1,9545,1,4469,1,16578,1,9545,1,48,1,0,0,0,0,0,0,4503,1,5042,1,0,1,0,0,270498,1,1121389,1,768,1,768,1,0,1,96,1,2988,1,96,1,0,1,2,1,0,1,0,1,1,1,8,1,28,1,0,1,0,1,209,1,16341,1,1,1,0,1,2590,1,726,1,8,1,8,1,0,1
496,5614800,4469,9545,28.988922,,0,11,8,96,37651,11142,34538,5577149,16,211,180,1,31512,1,20,1,1841412,1,162729,1,116248,1,3412644,1,12404,1,358894,1,12344,4,524138,4,79516,4,808285,4,1579127,8,2163734,96,189141,36,3617,1,32814,1,2765,1,0,0,0,0,0,0,0,0,113292,1,29257,1,4529,1,0,0,0,0,0,0,0,0,3547,1,21973,1,30249,1,302884,1,16340,1,237,1,9545,1,4469,1,16577,1,9545,1,48,1,0,0,0,0,0,0,4502,1,5042,1,1,1,0,0,247019,1,913374,1,768,1,768,1,0,1,96,1,2976,1,96,1,0,1,2,1,0,1,0,1,1,1,8,1,28,1,0,1,0,1,209,1,16340,1,1,1,0,1,2656,1,56529,1,8,1,8,1,0,1
497,5465500,4469,9545,28.988922,,0,11,8,96,31973,10781,33956,5433527,16,211,150,1,27815,1,20,1,1843356,1,157539,1,112661,1,3280264,1,11723,1,322533,1,12014,4,522134,4,78724,4,771804,4,1530582,8,2078658,96,189772,36,3577,1,25380,1,2735,1,0,0,0,0,0,0,0,0,122991,1,17084,1,4369,1,0,0,0,0,0,0,0,0,4098,1,21863,1,31321,1,265090,1,16341,1,237,1,9545,1,4469,1,16578,1,9545,1,48,1,0,0,0,0,0,0,4501,1,5042,1,2,1,0,0,236411,1,591525,1,768,1,768,1,0,1,96,1,2988,1,96,1,0,1,2,1,0,1,0,1,1,1,8,1,28,1,0,1,0,1,209,1,16341,1,1,1,0,1,4075,1,9504,1,8,1,8,1,0,1
498,5619000,4469,9545,28.988922,,0,11,8,96,30449,10761,34368,5588551,16,211,80,1,27754,1,20,1,1834188,1,162118,1,110908,1,3441550,1,11933,1,311341,1,12364,4,522485,4,79416,4,833966,4,1637862,8,2248099,96,189361,36,3557,1,27003,1,2795,1,0,0,0,0,0,0,0,0,127581,1,17254,1,4369,1,0,0,0,0,0,0,0,0,3597,1,21542,1,30891,1,255120,1,16343,1,237,1,9545,1,4469,1,16580,1,9545,1,48,1,0,0,0,0,0,0,4502,1,5042,1,1,1,0,0,243133,1,1034550,1,768,1,768,1,0,1,96,1,2988,1,96,1,0,1,2,1,0,1,0,1,1,1,8,1,28,1,0,1,0,1,209,1,16343,1,1,1,0,1,2986,1,47190,1,8,1,8,1,0,1
499,5470600,4468,9545,28.988922,,0,11,8,96,28917,8777,33426,5441683,16,211,100,1,27173,1,30,1,1833556,1,163310,1,112721,1,3292969,1,11823,1,322853,1,12464,4,525731,4,79346,4,788847,4,1522146,8,2095570,96,181997,36,3567,1,26552,1,2685,1,0,0,0,0,0,0,0,0,127330,1,18336,1,4359,1,0,0,0,0,0,0,0,0,4048,1,22033,1,31061,1,265521,1,16351,1,229,1,9545,1,4468,1,16580,1,9545,1,48,1,0,0,0,0,0,0,4503,1,5042,1,0,1,0,0,241350,1,636867,1,768,1,768,1,0,1,96,1,3000,1,96,1,0,1,2,1,0,1,0,1,1,1,8,1,28,1,0,1,0,1,201,1,16351,1,0,1,0,1,2557,1,64911,1,8,1,8,1,0,1
