step,wall_ns,manifolds,pairs,top_y,awake,void,colors,wide_colors,waves,g_ns,u_ns,r_ns,sys_sum_ns,disp_lane,worker_lane_max,sys_physics_integrate_ns,sys_physics_integrate_n,sys_physics_gather_ns,sys_physics_gather_n,sys_select_broadphase_ns,sys_select_broadphase_n,sys_physics_broadphase_ns,sys_physics_broadphase_n,sys_physics_narrowphase_ns,sys_physics_narrowphase_n,sys_physics_build_graph_ns,sys_physics_build_graph_n,sys_physics_solve_colored_ns,sys_physics_solve_colored_n,sys_physics_apply_ns,sys_physics_apply_n,phys_solve_build_ns,phys_solve_build_n,phys_gravity_ns,phys_gravity_n,phys_warm_apply_ns,phys_warm_apply_n,phys_integrate_ns,phys_integrate_n,phys_pass_biased_ns,phys_pass_biased_n,phys_pass_relax_ns,phys_pass_relax_n,phys_color_wide_ns,phys_color_wide_n,phys_color_narrow_ns,phys_color_narrow_n,phys_restitution_ns,phys_restitution_n,phys_store_ns,phys_store_n,phys_write_back_ns,phys_write_back_n,phys_sleep_begin_ns,phys_sleep_begin_n,phys_sleep_freeze_ns,phys_sleep_freeze_n,phys_sleep_end_ns,phys_sleep_end_n,phys_np_dispatch_ns,phys_np_dispatch_n,phys_np_compact_ns,phys_np_compact_n,phys_np_axis_commit_ns,phys_np_axis_commit_n,phys_bp_verify_ns,phys_bp_verify_n,phys_bp_build_ns,phys_bp_build_n,phys_bp_query_ns,phys_bp_query_n,phys_bp_assemble_ns,phys_bp_assemble_n,phys_slots_wide,phys_slots_wide_n,phys_slots_narrow,phys_slots_narrow_n,phys_np_pairs,phys_np_pairs_n,phys_np_manifolds,phys_np_manifolds_n,phys_np_points,phys_np_points_n,phys_bp_pairs,phys_bp_pairs_n,phys_np_chunks,phys_np_chunks_n,phys_bp_queried,phys_bp_queried_n,phys_bp_members,phys_bp_members_n,phys_bp_rebuilds,phys_bp_rebuilds_n
0,17744800,4495,9570,35.998295,,0,9,9,108,119673,6302,3608,17625127,16,158,651,1,134396,1,271,1,714834,1,2620970,1,151509,1,13984671,1,17824,1,577432,1,8546,4,545791,4,69883,4,4293391,4,8457576,8,12747359,108,0,0,3336,1,19808,1,2605,1,0,0,0,0,0,0,0,0,0,0,0,0,38373,1,76476,1,541994,1,55185,1,17980,1,0,1,9570,1,4495,1,17980,1,9570,1,0,1,1241,1,0,1,0,1
1,15327000,4196,9570,35.993866,,0,8,8,96,95741,1252,2235,15231259,16,146,190,1,44946,1,90,1,596839,1,2522853,1,85663,1,11967613,1,13065,1,328246,1,7755,4,483462,4,64884,4,3732281,4,7325226,8,11055272,96,0,0,3086,1,18806,1,2615,1,0,0,0,0,0,0,0,0,0,0,0,0,6352,1,29867,1,535502,1,24577,1,15924,1,0,1,9570,1,4196,1,15924,1,9570,1,0,1,1241,1,0,1,0,1
2,15225700,4142,9570,35.986713,,0,8,8,96,174474,1323,4930,15051226,16,146,200,1,31921,1,220,1,616767,1,2439013,1,105822,1,11840931,1,16351,1,276237,1,7304,4,476138,4,66547,4,3712162,4,7276793,8,10984025,96,0,0,3417,1,18465,1,2545,1,0,0,0,0,0,0,0,0,0,0,0,0,35888,1,27292,1,519611,1,33173,1,15744,1,0,1,9570,1,4142,1,15744,1,9570,1,0,1,1240,1,1,1,1,1
3,15004100,4111,9570,35.976837,,0,8,8,96,157875,3026,2265,14846225,16,146,160,1,31931,1,401,1,593663,1,2298766,1,105391,1,11799592,1,16321,1,272209,1,7254,4,473604,4,64814,4,3702364,4,7249852,8,10949951,96,0,0,4118,1,19708,1,2645,1,0,0,0,0,0,0,0,0,0,0,0,0,6783,1,29316,1,527336,1,29777,1,15687,1,0,1,9570,1,4111,1,15687,1,9570,1,0,1,1240,1,1,1,0,1
4,15016900,4100,9570,35.964233,,0,8,8,96,129256,1252,5310,14887644,16,146,70,1,31991,1,671,1,466650,1,2596313,1,82247,1,11691897,1,17804,1,256309,1,7244,4,474365,4,64894,4,3665093,4,7198374,8,10858156,96,0,0,3016,1,18806,1,2545,1,0,0,0,0,0,0,0,0,0,0,0,0,6753,1,28104,1,407868,1,23685,1,15670,1,0,1,9570,1,4100,1,15670,1,9570,1,0,1,1240,1,1,1,0,1
5,15246100,4087,9570,35.948902,,0,8,8,96,161731,4469,2675,15084369,16,146,531,1,31230,1,90,1,582291,1,2588829,1,103828,1,11761239,1,16331,1,267190,1,7594,4,471249,4,65094,4,3668739,4,7246946,8,10913010,96,0,0,2996,1,24356,1,2605,1,0,0,0,0,0,0,0,0,0,0,0,0,6092,1,29156,1,516956,1,29677,1,15642,1,0,1,9570,1,4087,1,15642,1,9570,1,0,1,1240,1,1,1,0,1
6,15048700,4079,9570,35.93085,,0,8,8,96,69612,1242,2235,14979088,16,146,130,1,25218,1,90,1,581219,1,2542361,1,82848,1,11734017,1,13205,1,265106,1,7695,4,480627,4,64924,4,3665764,4,7217981,8,10881510,96,0,0,3396,1,24727,1,2555,1,0,0,0,0,0,0,0,0,0,0,0,0,6382,1,28334,1,516175,1,29847,1,15666,1,0,1,9570,1,4079,1,15666,1,9570,1,0,1,1240,1,1,1,0,1
7,15056900,4073,9570,35.910072,,0,8,8,96,172573,1493,2405,14884327,16,146,190,1,33975,1,70,1,572122,1,2352528,1,105331,1,11803780,1,16331,1,276127,1,7394,4,477561,4,66076,4,3689429,4,7254471,8,10941494,96,0,0,3046,1,25669,1,2515,1,0,0,0,0,0,0,0,0,0,0,0,0,6412,1,27082,1,508590,1,29586,1,15684,1,0,1,9570,1,4073,1,15684,1,9570,1,0,1,1240,1,1,1,0,1
8,14958900,4066,9570,35.88657,,0,8,8,96,92136,1403,2405,14866764,16,146,90,1,32913,1,1152,1,461761,1,2551518,1,82147,1,11724108,1,13075,1,259625,1,7154,4,474185,4,64884,4,3675442,4,7217630,8,10890667,96,0,0,3427,1,17784,1,2575,1,0,0,0,0,0,0,0,0,0,0,0,0,6512,1,27242,1,402638,1,25008,1,15684,1,0,1,9570,1,4066,1,15684,1,9570,1,0,1,1240,1,1,1,0,1
9,14996500,4061,9570,35.86034,,0,8,8,96,165855,1313,2865,14830645,16,146,210,1,33183,1,150,1,557834,1,2338672,1,107024,1,11777239,1,16331,1,257982,1,7454,4,479274,4,64713,4,3684930,4,7255863,8,10937928,96,0,0,2956,1,20219,1,2535,1,0,0,0,0,0,0,0,0,0,0,0,0,9608,1,27993,1,490506,1,29456,1,15705,1,0,1,9570,1,4061,1,15705,1,9570,1,0,1,1240,1,1,1,0,1
10,14969500,4053,9570,35.831387,,0,8,8,96,93629,1232,2866,14875871,16,146,140,1,32121,1,982,1,457593,1,2552640,1,82357,1,11737003,1,13035,1,256750,1,7254,4,476038,4,65214,4,3687976,4,7217220,8,10902330,96,0,0,3096,1,19688,1,2535,1,0,0,0,0,0,0,0,0,0,0,0,0,6563,1,25348,1,400284,1,25038,1,15690,1,0,1,9570,1,4053,1,15690,1,9570,1,0,1,1240,1,1,1,0,1
11,15044000,4054,9570,35.79971,,0,8,8,96,166476,1393,2405,14877524,16,146,200,1,32282,1,160,1,555600,1,2355845,1,106623,1,11810403,1,16411,1,269464,1,7344,4,476499,4,64663,4,3689980,4,7276783,8,10964358,96,0,0,2966,1,18726,1,2585,1,0,0,0,0,0,0,0,0,0,0,0,0,9568,1,27653,1,488732,1,29356,1,15715,1,0,1,9570,1,4054,1,15715,1,9570,1,0,1,1240,1,1,1,0,1
12,15036300,4056,9570,35.765305,,0,8,8,96,161060,1443,2405,14875240,16,146,331,1,38944,1,130,1,586890,1,2299838,1,104880,1,11827896,1,16331,1,264445,1,7424,4,477050,4,64864,4,3696733,4,7291842,8,10986169,96,0,0,2966,1,18475,1,2655,1,0,0,0,0,0,0,0,0,0,0,0,0,6122,1,27062,1,523439,1,29837,1,15716,1,0,1,9570,1,4056,1,15716,1,9570,1,0,1,1240,1,1,1,0,1
13,14926100,4055,9570,35.728176,,0,8,8,96,155029,1302,2326,14771071,16,146,170,1,32031,1,361,1,462793,1,2307783,1,105571,1,11846061,1,16301,1,273331,1,7314,4,477561,4,65134,4,3706782,4,7289618,8,10994074,96,0,0,3306,1,19137,1,2575,1,0,0,0,0,0,0,0,0,0,0,0,0,5771,1,25609,1,406956,1,23695,1,15731,1,0,1,9570,1,4055,1,15731,1,9570,1,0,1,1240,1,1,1,0,1
14,15044600,4060,9570,35.688324,,0,8,8,96,93305,1182,2294,14951295,16,146,130,1,32382,1,1262,1,460609,1,2605782,1,82578,1,11755368,1,13185,1,267530,1,7144,4,474866,4,64653,4,3682586,4,7233400,8,10913692,96,0,0,3477,1,17994,1,2535,1,0,0,0,0,0,0,0,0,0,0,0,0,5621,1,29226,1,401947,1,23575,1,15731,1,0,1,9570,1,4060,1,15731,1,9570,1,0,1,1240,1,1,1,0,1
15,15040700,4057,9570,35.64575,,0,8,8,96,172964,1272,2295,14867736,16,146,190,1,31490,1,60,1,558105,1,2364231,1,103918,1,11793400,1,16341,1,264535,1,7374,4,476209,4,64774,4,3690481,4,7265422,8,10953607,96,0,0,2946,1,17804,1,2585,1,0,0,0,0,0,0,0,0,0,0,0,0,9488,1,29035,1,488061,1,31079,1,15734,1,0,1,9570,1,4057,1,15734,1,9570,1,0,1,1240,1,1,1,0,1
16,14998900,4055,9570,35.600445,,0,8,8,96,92370,1202,2235,14906530,16,146,190,1,31650,1,1232,1,464877,1,2564182,1,82167,1,11749066,1,13165,1,249306,1,7214,4,476810,4,65194,4,3681624,4,7244241,8,10923631,96,0,0,3396,1,17483,1,2595,1,0,0,0,0,0,0,0,0,0,0,0,0,5561,1,29106,1,406235,1,23765,1,15727,1,0,1,9570,1,4055,1,15727,1,9570,1,0,1,1240,1,1,1,0,1
17,15141300,4051,9570,35.552414,,0,8,8,96,169185,1403,2365,14972115,16,146,210,1,33394,1,150,1,563134,1,2345645,1,111302,1,11896727,1,21551,1,318908,1,7615,4,506176,4,65335,4,3736108,4,7237488,8,10971231,96,0,0,3427,1,17714,1,2555,1,0,0,0,0,0,0,0,0,0,0,0,0,9278,1,27502,1,496648,1,29396,1,15724,1,0,1,9570,1,4051,1,15724,1,9570,1,0,1,1240,1,1,1,0,1
18,15465500,4049,9570,35.501663,,0,8,8,96,139530,1503,2234,15325970,16,146,160,1,37842,1,190,1,588242,1,2491574,1,129968,1,12058556,1,19437,1,328407,1,7605,4,507378,4,65826,4,3868881,4,7253248,8,11119895,96,0,0,3427,1,19718,1,2565,1,0,0,0,0,0,0,0,0,0,0,0,0,8306,1,28184,1,521555,1,29777,1,15728,1,0,1,9570,1,4049,1,15728,1,9570,1,0,1,1240,1,1,1,0,1
19,15028600,4050,9570,35.448185,,0,8,8,96,82405,1152,2325,14946195,16,146,160,1,37211,1,180,1,589184,1,2432982,1,82447,1,11790595,1,13436,1,257541,1,7164,4,475698,4,64914,4,3694128,4,7264079,8,10955882,96,0,0,3236,1,20138,1,2545,1,0,0,0,0,0,0,0,0,0,0,0,0,7574,1,28394,1,522427,1,29877,1,15736,1,0,1,9570,1,4050,1,15736,1,9570,1,0,1,1240,1,1,1,0,1
20,18337200,4829,9570,35.391983,,0,14,12,144,170310,1533,3667,18166890,16,218,190,1,33554,1,170,1,565058,1,2564473,1,152030,1,14835063,1,16351,1,351090,1,7414,4,577161,4,65204,4,4672765,4,9115832,8,13671052,144,113877,24,3978,1,37562,1,2525,1,0,0,0,0,0,0,0,0,0,0,0,0,9528,1,27512,1,497639,1,29797,1,18718,1,144,1,9570,1,4829,1,18862,1,9570,1,0,1,1240,1,1,1,0,1
21,17285300,4715,9570,35.333054,,0,13,11,132,95264,1383,3106,17190036,16,206,160,1,32682,1,281,1,470307,1,3019320,1,106483,1,13547707,1,13095,1,370747,1,7184,4,533618,4,65034,4,4233547,4,8306488,8,12457227,132,79702,24,3807,1,23355,1,2545,1,0,0,0,0,0,0,0,0,0,0,0,0,6733,1,28925,1,408730,1,25378,1,17266,1,101,1,9570,1,4715,1,17367,1,9570,1,0,1,1240,1,1,1,0,1
22,17015700,4565,9570,35.2714,,0,13,10,120,129914,1373,3206,16885786,16,206,210,1,32662,1,150,1,588934,1,2843285,1,126391,1,13274536,1,19617,1,377801,1,7544,4,552725,4,65364,4,4181177,4,8060007,8,12064597,120,173381,36,3627,1,22353,1,2565,1,0,0,0,0,0,0,0,0,0,0,0,0,9678,1,29987,1,518890,1,29847,1,16624,1,220,1,9570,1,4565,1,16844,1,9570,1,0,1,1240,1,1,1,0,1
23,16534700,4496,9570,35.207024,,0,13,10,120,82722,1282,2976,16451978,16,206,180,1,37882,1,170,1,588062,1,2797477,1,98388,1,12915742,1,14077,1,294121,1,7194,4,512358,4,64994,4,4049346,4,7958975,8,11847984,120,157360,36,3737,1,21200,1,2535,1,0,0,0,0,0,0,0,0,0,0,0,0,6182,1,29236,1,522046,1,29947,1,16445,1,200,1,9570,1,4496,1,16645,1,9570,1,0,1,1240,1,1,1,0,1
24,16208900,4419,9570,35.13992,,0,12,10,120,52015,1292,3347,16156885,16,194,190,1,34416,1,100,1,585738,1,2682157,1,96113,1,12745156,1,13015,1,285374,1,7154,4,506266,4,65375,4,3999060,4,7853964,8,11780145,120,69533,24,3657,1,20449,1,2565,1,0,0,0,0,0,0,0,0,0,0,0,0,5891,1,25919,1,523809,1,29707,1,16356,1,88,1,9570,1,4419,1,16444,1,9570,1,0,1,1240,1,1,1,0,1
25,15935900,4390,9570,35.07009,,0,12,9,108,46545,1333,3127,15889355,16,194,170,1,23565,1,60,1,470518,1,2598568,1,97396,1,12686124,1,12955,1,279734,1,7204,4,503811,4,65164,4,3983680,4,7818116,8,11568010,108,230660,36,3727,1,20790,1,2565,1,0,0,0,0,0,0,0,0,0,0,0,0,4729,1,21110,1,420462,1,23906,1,16055,1,291,1,9570,1,4390,1,16346,1,9570,1,0,1,1240,1,1,1,0,1
26,15910500,4353,9570,34.997536,,0,12,9,108,47145,1242,2806,15863355,16,194,160,1,23665,1,90,1,470928,1,2610651,1,97015,1,12647891,1,12955,1,281878,1,7094,4,502639,4,65355,4,3970024,4,7791726,8,11576767,108,182178,36,3897,1,21491,1,2545,1,0,0,0,0,0,0,0,0,0,0,0,0,4689,1,21231,1,420743,1,23916,1,16062,1,229,1,9570,1,4353,1,16291,1,9570,1,0,1,1240,1,1,1,0,1
27,16018900,4336,9570,34.92226,,0,12,9,108,98596,1513,3027,15920304,16,194,180,1,23705,1,90,1,469646,1,2607425,1,101894,1,12700832,1,16532,1,358093,1,7805,4,524290,4,64703,4,3992718,4,7718576,8,11549494,108,158773,36,3246,1,27322,1,2565,1,0,0,0,0,0,0,0,0,0,0,0,0,4739,1,21411,1,419250,1,23926,1,16019,1,201,1,9570,1,4336,1,16220,1,9570,1,0,1,1240,1,1,1,0,1
28,18837500,4982,9570,34.844257,,0,14,11,132,87708,1282,3427,18749792,16,218,200,1,33073,1,120,1,587371,1,2950489,1,119468,1,15045415,1,13656,1,364556,1,7885,4,579055,4,65415,4,4725626,4,9269044,8,13681583,132,309660,36,4418,1,25579,1,2555,1,0,0,0,0,0,0,0,0,0,0,0,0,6432,1,30588,1,519782,1,29777,1,18465,1,392,1,9570,1,4982,1,18857,1,9570,1,0,1,1240,1,1,1,0,1
29,17936300,4783,9570,34.763527,,0,14,11,132,145638,1413,3167,17790662,16,218,190,1,33123,1,110,1,584175,1,3143738,1,113877,1,13892756,1,22693,1,436473,1,7314,4,549148,4,65565,4,4322697,4,8476883,8,12686654,132,109759,36,3998,1,26551,1,2715,1,0,0,0,0,0,0,0,0,0,0,0,0,14137,1,26761,1,513129,1,29687,1,17239,1,139,1,9570,1,4783,1,17378,1,9570,1,0,1,1240,1,1,1,0,1
30,17290100,4670,9570,34.680073,,0,13,11,132,129860,1262,3156,17160240,16,206,281,1,37842,1,170,1,594564,1,2897278,1,108347,1,13505357,1,16401,1,321393,1,7304,4,529931,4,65244,4,4231523,4,8319092,8,12444242,132,103217,24,3717,1,23325,1,2565,1,0,0,0,0,0,0,0,0,0,0,0,0,8316,1,29476,1,525843,1,30107,1,16931,1,131,1,9570,1,4670,1,17062,1,9570,1,0,1,1240,1,1,1,0,1
31,17310000,4639,9570,34.593895,,0,13,11,132,167314,1423,4028,17142686,16,206,581,1,30709,1,140,1,591158,1,3027847,1,133845,1,13342085,1,16321,1,314650,1,7244,4,519782,4,66156,4,4185285,4,8215574,8,12313072,132,83760,24,3447,1,26000,1,2525,1,0,0,0,0,0,0,0,0,0,0,0,0,5941,1,30338,1,524731,1,29717,1,16699,1,106,1,9570,1,4639,1,16805,1,9570,1,0,1,1240,1,1,1,0,1
32,16735900,4573,9570,34.504993,,0,13,11,132,94580,1292,3177,16641320,16,206,180,1,33083,1,271,1,469255,1,2968824,1,105291,1,13051330,1,13085,1,310462,1,7304,4,512738,4,65054,4,4090143,4,8033607,8,12018059,132,102515,24,3887,1,24296,1,2545,1,0,0,0,0,0,0,0,0,0,0,0,0,5490,1,27933,1,411675,1,23805,1,16368,1,130,1,9570,1,4573,1,16498,1,9570,1,0,1,1240,1,1,1,0,1
33,16575800,4491,9570,34.413364,,0,13,11,132,176292,1292,3306,16399508,16,206,180,1,32642,1,120,1,565379,1,2792888,1,131902,1,12860085,1,16311,1,304581,1,7224,4,502819,4,64693,4,4036090,4,7914921,8,11854547,132,93158,24,3747,1,22142,1,2575,1,0,0,0,0,0,0,0,0,0,0,0,0,6112,1,27062,1,502048,1,29747,1,16106,1,116,1,9570,1,4491,1,16222,1,9570,1,0,1,1240,1,1,1,0,1
34,18539100,5031,9570,34.31901,,0,14,11,132,92667,1202,3377,18446433,16,218,150,1,32422,1,1302,1,470387,1,2985266,1,123375,1,14820195,1,13335,1,326473,1,7244,4,569216,4,64914,4,4673547,4,9144436,8,13507981,132,306625,36,4058,1,26571,1,2535,1,0,0,0,0,0,0,0,0,0,0,0,0,6573,1,27683,1,410824,1,25048,1,17973,1,388,1,9570,1,5031,1,18361,1,9570,1,0,1,1240,1,1,1,0,1
35,17863100,4806,9570,34.221935,,0,14,11,132,136620,1393,3327,17726480,16,218,210,1,33354,1,140,1,591178,1,3159809,1,156879,1,13771524,1,13386,1,420242,1,7675,4,564557,4,65395,4,4308460,4,8373205,8,12584990,132,93348,36,3547,1,24477,1,2575,1,0,0,0,0,0,0,0,0,0,0,0,0,9779,1,27803,1,521535,1,31791,1,16833,1,118,1,9570,1,4806,1,16951,1,9570,1,0,1,1240,1,1,1,0,1
36,16973600,4646,9570,34.12213,,0,14,11,132,136287,1373,3337,16837313,16,218,190,1,33845,1,210,1,570689,1,2947283,1,140708,1,13131353,1,13035,1,327515,1,7324,4,509452,4,64744,4,4110322,4,8080256,8,12087962,132,99279,36,3356,1,24417,1,2595,1,0,0,0,0,0,0,0,0,0,0,0,0,9598,1,28094,1,502799,1,29727,1,16171,1,126,1,9570,1,4646,1,16297,1,9570,1,0,1,1240,1,1,1,0,1
37,16432800,4535,9570,34.019604,,0,13,10,120,52418,1793,3867,16380382,16,206,190,1,35007,1,100,1,591889,1,2950519,1,111072,1,12678669,1,12935,1,314320,1,7194,4,505054,4,69823,4,3966878,4,7782969,8,11487427,120,258553,36,3667,1,24447,1,2525,1,0,0,0,0,0,0,0,0,0,0,0,0,6062,1,27202,1,526474,1,31690,1,15408,1,325,1,9570,1,4535,1,15733,1,9570,1,0,1,1240,1,1,1,0,1
38,16043600,4502,9570,33.91435,,0,13,11,132,47421,1383,3126,15996179,16,206,150,1,23575,1,80,1,467161,1,2878281,1,111312,1,12502794,1,12824,1,306395,1,7314,4,492039,4,65355,4,3916733,4,7684321,8,11515711,132,82217,24,3737,1,22974,1,2545,1,0,0,0,0,0,0,0,0,0,0,0,0,5160,1,21000,1,416765,1,23835,1,15473,1,104,1,9570,1,4502,1,15577,1,9570,1,0,1,1240,1,1,1,0,1
39,18083600,4984,9570,33.806374,,0,14,12,144,52820,1533,4158,18030780,16,218,160,1,23505,1,90,1,470468,1,2969646,1,129056,1,14423278,1,14578,1,333546,1,8266,4,555029,4,67098,4,4499745,4,8883028,8,13276770,144,101844,24,4428,1,67389,1,3216,1,0,0,0,0,0,0,0,0,0,0,0,0,4729,1,21341,1,420212,1,23825,1,17363,1,128,1,9570,1,4984,1,17491,1,9570,1,0,1,1240,1,1,1,0,1
40,18460900,5009,9570,33.69567,,0,15,11,132,73890,2124,3477,18387010,16,230,230,1,24817,1,80,1,477571,1,3272063,1,132863,1,14459417,1,19968,1,542475,1,7815,4,552574,4,67469,4,4466251,4,8774681,8,13036752,132,200703,48,4228,1,39185,1,2615,1,0,0,0,0,0,0,0,0,0,0,0,0,5300,1,24106,1,421364,1,25639,1,17089,1,251,1,9570,1,5009,1,17340,1,9570,1,0,1,1240,1,1,1,0,1
41,17839500,4852,9570,33.58224,,0,14,11,132,84265,1383,3778,17755235,16,218,281,1,25960,1,60,1,592971,1,3197370,1,129337,1,13788507,1,20750,1,530121,1,7775,4,528629,4,72498,4,4263985,4,8332608,8,12441897,132,150918,36,3837,1,44856,1,2815,1,0,0,0,0,0,0,0,0,0,0,0,0,6703,1,32071,1,523308,1,30318,1,16401,1,190,1,9570,1,4852,1,16591,1,9570,1,0,1,1240,1,1,1,0,1
42,17119000,4753,9570,33.466087,,0,14,11,132,92215,1362,3578,17026785,16,218,130,1,26941,1,220,1,579876,1,3120974,1,156028,1,13121344,1,21271,1,417466,1,7294,4,507709,4,65535,4,4084042,4,8002708,8,11961330,132,121842,36,3356,1,29326,1,2545,1,0,0,0,0,0,0,0,0,0,0,0,0,7675,1,33754,1,506406,1,31370,1,15808,1,154,1,9570,1,4753,1,15962,1,9570,1,0,1,1240,1,1,1,0,1
43,16879100,4728,9570,33.34721,,0,14,11,132,93946,1242,3227,16785154,16,218,10,1,26160,1,110,1,585978,1,2995555,1,152842,1,13004601,1,19898,1,320782,1,7244,4,501557,4,67248,4,4074484,4,7999342,8,11922415,132,148183,36,3346,1,26801,1,2555,1,0,0,0,0,0,0,0,0,0,0,0,0,6082,1,29637,1,514682,1,34786,1,15589,1,185,1,9570,1,4728,1,15774,1,9570,1,0,1,1240,1,1,1,0,1
44,17962600,4996,9570,33.22561,,0,14,11,132,101022,1162,3427,17861578,16,218,30,1,25198,1,100,1,573855,1,3084926,1,163011,1,13994850,1,19607,1,392349,1,7915,4,539810,4,65375,4,4362673,4,8591592,8,12733003,132,217836,36,3507,1,27923,1,2545,1,0,0,0,0,0,0,0,0,0,0,0,0,6603,1,31911,1,505024,1,29767,1,16516,1,272,1,9570,1,4996,1,16788,1,9570,1,0,1,1240,1,1,1,0,1
45,18404800,5112,9570,33.10128,,0,14,12,144,91661,1202,3698,18313139,16,218,20,1,25348,1,120,1,591148,1,3173925,1,140979,1,14362171,1,19427,1,389012,1,7464,4,552474,4,65034,4,4486520,4,8826420,8,13207117,144,102125,24,4108,1,27402,1,2535,1,0,0,0,0,0,0,0,0,0,0,0,0,6522,1,32041,1,522557,1,29667,1,17219,1,129,1,9570,1,5112,1,17348,1,9570,1,0,1,1240,1,1,1,0,1
46,17468000,4923,9570,32.974224,,0,14,11,132,76850,1263,3477,17391150,16,218,40,1,25288,1,110,1,579285,1,3094855,1,160787,1,13517149,1,13636,1,346722,1,8556,4,519231,4,65615,4,4199783,4,8326115,8,12279758,132,242663,36,4238,1,42892,1,2735,1,0,0,0,0,0,0,0,0,0,0,0,0,6452,1,31921,1,510845,1,29707,1,15971,1,307,1,9570,1,4923,1,16278,1,9570,1,0,1,1240,1,1,1,0,1
47,16755900,4760,9570,32.844448,,0,14,11,132,59305,1082,3236,16696595,16,218,271,1,24837,1,30,1,479715,1,3182402,1,127283,1,12862350,1,19708,1,421845,1,7284,4,495916,4,65355,4,3997687,4,7835700,8,11643885,132,186265,36,3356,1,31590,1,2535,1,0,0,0,0,0,0,0,0,0,0,0,0,5831,1,23575,1,424971,1,24737,1,15212,1,234,1,9570,1,4760,1,15446,1,9570,1,0,1,1240,1,1,1,0,1
48,17740100,5001,9570,32.711945,,0,14,12,144,88853,1282,3437,17651247,16,218,150,1,25659,1,130,1,602770,1,3112709,1,167640,1,13722240,1,19948,1,349457,1,7414,4,526945,4,65194,4,4298521,4,8440493,8,12596162,144,139416,24,3507,1,26901,1,2525,1,0,0,0,0,0,0,0,0,0,0,0,0,6092,1,40056,1,528338,1,27813,1,16273,1,176,1,9570,1,5001,1,16449,1,9570,1,0,1,1240,1,1,1,0,1
49,18273700,5139,9570,32.576717,,0,14,12,144,91330,1343,3668,18182370,16,218,30,1,25208,1,50,1,571430,1,3200737,1,170866,1,14194682,1,19367,1,377901,1,7995,4,554167,4,65315,4,4442977,4,8708074,8,13019028,144,128355,24,4238,1,30158,1,2515,1,0,0,0,0,0,0,0,0,0,0,0,0,5891,1,29747,1,505605,1,29937,1,16761,1,162,1,9570,1,5139,1,16923,1,9570,1,0,1,1240,1,1,1,0,1
50,17764100,4996,9570,32.438763,,0,14,12,144,90872,1242,4018,17673228,16,218,50,1,25418,1,110,1,569827,1,3160069,1,163903,1,13734223,1,19627,1,358835,1,7264,4,527687,4,64884,4,4298651,4,8442517,8,12676836,144,60315,24,3597,1,26971,1,2575,1,0,0,0,0,0,0,0,0,0,0,0,0,6001,1,33223,1,499874,1,30057,1,16396,1,76,1,9570,1,4996,1,16472,1,9570,1,0,1,1240,1,1,1,0,1
51,17312600,4871,9570,32.298084,,0,13,11,132,89270,1232,3186,17223330,16,206,60,1,25328,1,80,1,556933,1,3112669,1,159244,1,13349389,1,19627,1,326182,1,7314,4,514732,4,65144,4,4187389,4,8215274,8,12233029,132,166448,24,3497,1,26110,1,2515,1,0,0,0,0,0,0,0,0,0,0,0,0,5921,1,29356,1,491718,1,29667,1,15840,1,210,1,9570,1,4871,1,16050,1,9570,1,0,1,1240,1,1,1,0,1
52,18263900,5093,9570,32.154682,,0,14,11,132,89455,1192,3378,18174445,16,218,30,1,25028,1,60,1,552715,1,3150190,1,168051,1,14258644,1,19728,1,341281,1,7184,4,542074,4,64844,4,4471581,4,8797404,8,13041841,132,223767,36,3637,1,26901,1,2545,1,0,0,0,0,0,0,0,0,0,0,0,0,5851,1,29847,1,486909,1,29837,1,16703,1,282,1,9570,1,5093,1,16985,1,9570,1,0,1,1240,1,1,1,0,1
53,18034400,4972,9570,32.008553,,0,13,11,132,90846,1182,3167,17943554,16,206,30,1,25759,1,80,1,568585,1,3192822,1,165886,1,13970835,1,19557,1,363664,1,7234,4,533598,4,65174,4,4383734,4,8583416,8,12798527,132,165456,24,3507,1,26751,1,2575,1,0,0,0,0,0,0,0,0,0,0,0,0,5881,1,29406,1,503501,1,29556,1,16437,1,208,1,9570,1,4972,1,16645,1,9570,1,0,1,1240,1,1,1,0,1
54,17331600,4792,9570,31.8597,,0,13,11,132,91829,1182,3116,17239771,16,206,30,1,25088,1,80,1,558145,1,3145672,1,129948,1,13360921,1,19888,1,336652,1,7294,4,508691,4,65174,4,4174114,4,8235102,8,12325565,132,80534,24,3437,1,26691,1,2585,1,0,0,0,0,0,0,0,0,0,0,0,0,5941,1,29266,1,492971,1,29637,1,15830,1,102,1,9570,1,4792,1,15932,1,9570,1,0,1,1240,1,1,1,0,1
55,17210000,4796,9570,31.70812,,0,13,10,120,92592,1313,3086,17117408,16,206,70,1,26080,1,120,1,563084,1,3112759,1,157921,1,13238788,1,18585,1,325040,1,7234,4,503691,4,65345,4,4148064,4,8154848,8,12057003,120,242823,36,3406,1,27292,1,2555,1,0,0,0,0,0,0,0,0,0,0,0,0,6082,1,33885,1,493111,1,29506,1,15396,1,306,1,9570,1,4796,1,15702,1,9570,1,0,1,1240,1,1,1,0,1
56,17801100,4911,9570,31.553818,,0,13,10,120,91582,1272,3046,17709518,16,206,40,1,25809,1,70,1,560750,1,3171701,1,163692,1,13767757,1,19698,1,339778,1,8186,4,541714,4,65224,4,4309282,4,8468146,8,12516089,120,258293,36,3527,1,28094,1,2535,1,0,0,0,0,0,0,0,0,0,0,0,0,9759,1,26721,1,494103,1,29837,1,15945,1,319,1,9570,1,4911,1,16264,1,9570,1,0,1,1240,1,1,1,0,1
57,17400500,4780,9570,31.39679,,0,14,10,120,92689,1423,3277,17307811,16,218,20,1,25348,1,40,1,552574,1,3124411,1,155276,1,13430394,1,19748,1,334178,1,9017,4,509983,4,65615,4,4202929,4,8262203,8,12302451,120,159404,48,3537,1,38934,1,2575,1,0,0,0,0,0,0,0,0,0,0,0,0,5951,1,25749,1,490776,1,29727,1,15714,1,201,1,9570,1,4780,1,15915,1,9570,1,0,1,1240,1,1,1,0,1
58,17390600,4734,9570,31.237036,,0,13,10,120,90554,1162,3177,17300046,16,206,150,1,25739,1,50,1,560469,1,3147034,1,154415,1,13392611,1,19577,1,371519,1,7214,4,505124,4,65054,4,4188120,4,8219241,8,12292031,120,112154,36,3437,1,29206,1,2535,1,0,0,0,0,0,0,0,0,0,0,0,0,6232,1,28625,1,495014,1,29967,1,15644,1,141,1,9570,1,4734,1,15785,1,9570,1,0,1,1240,1,1,1,0,1
59,17554500,4748,9570,31.074558,,0,13,10,120,91763,1253,3037,17462737,16,206,40,1,25619,1,70,1,562874,1,3138778,1,155276,1,13560231,1,19848,1,329278,1,7274,4,512568,4,65074,4,4257843,4,8356082,8,12531257,120,79632,36,3366,1,24988,1,2505,1,0,0,0,0,0,0,0,0,0,0,0,0,5981,1,28685,1,496808,1,31210,1,15913,1,100,1,9570,1,4748,1,16013,1,9570,1,0,1,1240,1,1,1,0,1
60,17492500,4704,9570,30.909355,,0,12,10,120,88766,1142,2906,17403734,16,194,30,1,25018,1,60,1,566270,1,3117348,1,154134,1,13521056,1,19818,1,316865,1,7254,4,510123,4,64874,4,4245410,4,8344380,8,12521218,120,65665,24,3336,1,25148,1,2525,1,0,0,0,0,0,0,0,0,0,0,0,0,5901,1,29005,1,499914,1,31149,1,15920,1,82,1,9570,1,4704,1,16002,1,9570,1,0,1,1240,1,1,1,0,1
61,17433000,4678,9570,30.741426,,0,12,10,120,90533,1212,2967,17342467,16,194,30,1,25238,1,70,1,566010,1,3097540,1,153783,1,13480168,1,19627,1,313007,1,7214,4,506857,4,64914,4,4226333,4,8329822,8,12488846,120,64343,24,3256,1,25038,1,2515,1,0,0,0,0,0,0,0,0,0,0,0,0,5891,1,28605,1,501657,1,29556,1,15884,1,81,1,9570,1,4678,1,15965,1,9570,1,0,1,1240,1,1,1,0,1
62,17389500,4666,9570,30.570772,,0,12,10,120,89424,1353,2846,17300076,16,194,80,1,25238,1,70,1,568795,1,3111436,1,152160,1,13423080,1,19217,1,314811,1,7164,4,505795,4,65074,4,4220402,4,8277993,8,12435735,120,59814,24,3316,1,24677,1,2495,1,0,0,0,0,0,0,0,0,0,0,0,0,5861,1,28424,1,502599,1,31620,1,15772,1,75,1,9570,1,4666,1,15847,1,9570,1,0,1,1240,1,1,1,0,1
63,17620200,4609,9570,30.397394,,0,11,9,108,96437,1513,3056,17523763,16,182,30,1,25749,1,120,1,575859,1,3097279,1,130218,1,13675110,1,19397,1,377961,1,7605,4,534730,4,64794,4,4410054,4,8248397,8,12458389,108,197006,24,3316,1,24186,1,2555,1,0,0,0,0,0,0,0,0,0,0,0,0,6001,1,29997,1,510223,1,29386,1,15605,1,248,1,9570,1,4609,1,15853,1,9570,1,0,1,1240,1,1,1,0,1
64,17634400,4623,9570,30.22129,,0,12,9,108,94837,1463,2956,17539563,16,194,170,1,25328,1,110,1,586399,1,3135472,1,151559,1,13619214,1,21311,1,369174,1,7625,4,542826,4,66607,4,4275086,4,8314383,8,12395308,108,191205,36,3396,1,35959,1,2695,1,0,0,0,0,0,0,0,0,0,0,0,0,6062,1,30238,1,520072,1,29717,1,15755,1,241,1,9570,1,4623,1,15996,1,9570,1,0,1,1240,1,1,1,0,1
65,17689100,4625,9570,30.042463,,0,12,9,108,125090,2174,3137,17564010,16,194,110,1,43082,1,170,1,604523,1,3164417,1,156549,1,13571924,1,23234,1,312496,1,7194,4,513890,4,65425,4,4257753,4,8380339,8,12465502,108,169453,36,3427,1,26661,1,2565,1,0,0,0,0,0,0,0,0,0,0,0,0,10420,1,26861,1,536914,1,29807,1,15812,1,212,1,9570,1,4625,1,16024,1,9570,1,0,1,1240,1,1,1,0,1
66,17599900,4579,9570,29.860909,,0,12,9,108,159546,1453,2996,17440354,16,194,180,1,32181,1,100,1,466089,1,3245642,1,143985,1,13535885,1,16291,1,310733,1,7354,4,506316,4,64924,4,4250610,4,8360731,8,12483967,108,124377,36,3156,1,28074,1,2535,1,0,0,0,0,0,0,0,0,0,0,0,0,4980,1,22252,1,414491,1,23936,1,15822,1,154,1,9570,1,4579,1,15976,1,9570,1,0,1,1240,1,1,1,0,1
67,17649200,4610,9570,29.67663,,0,12,9,108,92574,1232,2916,17556626,16,194,70,1,32302,1,942,1,471109,1,3323030,1,115611,1,13600498,1,13065,1,309300,1,7304,4,511726,4,65104,4,4280286,4,8394576,8,12555604,108,116342,36,3417,1,24928,1,2625,1,0,0,0,0,0,0,0,0,0,0,0,0,6542,1,27252,1,413248,1,23725,1,15966,1,146,1,9570,1,4610,1,16112,1,9570,1,0,1,1240,1,1,1,0,1
68,17969900,4550,9570,29.489626,,0,11,9,108,134793,1513,2825,17835107,16,182,190,1,31851,1,130,1,572683,1,3373466,1,155617,1,13688095,1,13075,1,362892,1,7514,4,538026,4,65265,4,4327727,4,8353457,8,12612162,108,66196,24,3386,1,25729,1,2585,1,0,0,0,0,0,0,0,0,0,0,0,0,10049,1,28344,1,504112,1,29717,1,15946,1,82,1,9570,1,4550,1,16028,1,9570,1,0,1,1240,1,1,1,0,1
69,17656000,4524,9570,29.299898,,0,11,9,108,169728,1433,2886,17486272,16,182,200,1,33384,1,120,1,572492,1,3167794,1,143444,1,13552486,1,16351,1,307136,1,7214,4,504533,4,66096,4,4266620,4,8368055,8,12585060,108,46729,24,3607,1,25278,1,2515,1,0,0,0,0,0,0,0,0,0,0,0,0,9508,1,29146,1,502519,1,31019,1,15963,1,58,1,9570,1,4524,1,16021,1,9570,1,0,1,1240,1,1,1,0,1
70,17607300,4535,9570,29.107445,,0,11,9,108,128643,1182,2806,17478657,16,182,150,1,32101,1,781,1,466410,1,3241314,1,113256,1,13605928,1,18716,1,297548,1,7615,4,509342,4,65114,4,4267692,4,8427048,8,12637040,108,54895,24,3336,1,24507,1,2545,1,0,0,0,0,0,0,0,0,0,0,0,0,6563,1,27192,1,408670,1,23725,1,16066,1,69,1,9570,1,4535,1,16135,1,9570,1,0,1,1240,1,1,1,0,1
71,17971800,4528,9570,28.912266,,0,11,9,108,173533,1723,2796,17798267,16,182,371,1,31951,1,120,1,585557,1,3293283,1,140518,1,13730105,1,16361,1,351290,1,7344,4,512879,4,65134,4,4311125,4,8445222,8,12715659,108,37892,24,3236,1,29406,1,2745,1,0,0,0,0,0,0,0,0,0,0,0,0,5911,1,30488,1,519000,1,29747,1,16175,1,47,1,9570,1,4528,1,16222,1,9570,1,0,1,1240,1,1,1,0,1
72,17855500,4533,9570,28.714361,,0,11,9,108,118781,1403,2645,17736719,16,182,50,1,32502,1,761,1,515303,1,3340383,1,114498,1,13715147,1,18074,1,344607,1,7184,4,509131,4,65094,4,4298902,4,8458317,8,12729706,108,24867,24,3597,1,24346,1,2565,1,0,0,0,0,0,0,0,0,0,0,0,0,6733,1,28404,1,455760,1,23986,1,16235,1,31,1,9570,1,4533,1,16266,1,9570,1,0,1,1240,1,1,1,0,1
73,17654200,4529,9570,28.745474,,0,10,9,108,50534,1232,2616,17603666,16,170,190,1,30398,1,100,1,580878,1,3157404,1,113396,1,13708244,1,13055,1,291827,1,7134,4,514171,4,65134,4,4314351,4,8485359,8,12778850,108,18245,12,3356,1,23124,1,2555,1,0,0,0,0,0,0,0,0,0,0,0,0,6192,1,26851,1,517608,1,29657,1,16290,1,23,1,9570,1,4529,1,16313,1,9570,1,0,1,1240,1,1,1,0,1
74,17448600,4530,9570,28.77165,,0,11,9,108,47080,1553,2956,17401520,16,182,180,1,23505,1,50,1,465949,1,3060810,1,113587,1,13724475,1,12965,1,288130,1,20389,4,530903,4,65034,4,4324541,4,8465321,8,12752229,108,34676,24,3336,1,22733,1,2535,1,0,0,0,0,0,0,0,0,0,0,0,0,4719,1,20930,1,416124,1,23845,1,16318,1,43,1,9570,1,4530,1,16361,1,9570,1,0,1,1240,1,1,1,0,1
75,17462700,4529,9570,28.79591,,0,10,9,108,52283,1292,2746,17410417,16,170,160,1,23876,1,60,1,462783,1,3076139,1,115380,1,13717632,1,14387,1,290304,1,7404,4,516866,4,65475,4,4322958,4,8484147,8,12780974,108,23385,12,3697,1,22954,1,2535,1,0,0,0,0,0,0,0,0,0,0,0,0,4759,1,21110,1,412858,1,23745,1,16337,1,30,1,9570,1,4529,1,16367,1,9570,1,0,1,1240,1,1,1,0,1
76,17806900,4524,9570,28.816788,,0,10,9,108,171504,1353,2796,17635396,16,170,461,1,24156,1,200,1,467382,1,3254008,1,137312,1,13735205,1,16672,1,305513,1,7304,4,515844,4,65054,4,4316686,4,8492533,8,12787346,108,19076,12,3306,1,25038,1,2575,1,0,0,0,0,0,0,0,0,0,0,0,0,4809,1,23114,1,415122,1,23926,1,16366,1,24,1,9570,1,4524,1,16390,1,9570,1,0,1,1240,1,1,1,0,1
77,17732600,4517,9570,28.83433,,0,10,9,108,68559,1242,2696,17664041,16,170,130,1,25368,1,110,1,587882,1,3256643,1,110992,1,13669730,1,13185,1,286727,1,7124,4,516666,4,64964,4,4332426,4,8430735,8,12742330,108,18135,12,3697,1,23615,1,2535,1,0,0,0,0,0,0,0,0,0,0,0,0,6092,1,28975,1,522407,1,29957,1,16419,1,23,1,9570,1,4517,1,16442,1,9570,1,0,1,1240,1,1,1,0,1
78,17440400,4520,9570,28.848581,,0,10,9,108,50923,1172,2675,17389477,16,170,180,1,23996,1,80,1,464035,1,3062673,1,114508,1,13711049,1,12955,1,294762,1,7685,4,516085,4,65555,4,4324390,4,8466553,8,12776286,108,11983,12,3557,1,28745,1,2545,1,0,0,0,0,0,0,0,0,0,0,0,0,4709,1,21701,1,413399,1,23916,1,16423,1,15,1,9570,1,4520,1,16438,1,9570,1,0,1,1240,1,1,1,0,1
79,17536900,4514,9568,28.862343,,0,10,9,108,41741,1242,2625,17495159,16,170,180,1,34746,1,60,1,560980,1,3055600,1,114298,1,13716369,1,12925,1,313368,1,7114,4,515363,4,64824,4,4322517,4,8461273,8,12753051,108,28114,12,3767,1,24346,1,2555,1,0,0,0,0,0,0,0,0,0,0,0,0,6122,1,26901,1,497669,1,29837,1,16435,1,36,1,9568,1,4514,1,16471,1,9568,1,0,1,1240,1,1,1,0,1
80,17504200,4519,9568,28.873486,,0,10,9,108,49318,1282,2495,17454882,16,170,160,1,23525,1,90,1,461961,1,3063354,1,113587,1,13778949,1,13255,1,330761,1,7494,4,525132,4,64794,4,4331113,4,8488435,8,12779952,108,37101,12,3867,1,23525,1,2545,1,0,0,0,0,0,0,0,0,0,0,0,0,4779,1,21261,1,411776,1,23825,1,16444,1,47,1,9568,1,4519,1,16491,1,9568,1,0,1,1240,1,1,1,0,1
81,17568200,4518,9568,28.88324,,0,10,9,108,52542,1363,2635,17515658,16,170,180,1,24196,1,80,1,467803,1,3108130,1,112595,1,13789298,1,13376,1,289753,1,7234,4,518058,4,65725,4,4359097,4,8520236,8,12855236,108,21461,12,3346,1,21892,1,2595,1,0,0,0,0,0,0,0,0,0,0,0,0,5090,1,22132,1,416294,1,23966,1,16476,1,27,1,9568,1,4518,1,16503,1,9568,1,0,1,1240,1,1,1,0,1
82,17957300,4518,9568,28.892859,,0,10,9,108,114799,1393,2766,17842501,16,170,381,1,25228,1,210,1,605786,1,3117358,1,141390,1,13932552,1,19597,1,350739,1,7655,4,551803,4,65335,4,4442335,4,8484507,8,12899289,108,24787,12,3717,1,22473,1,2595,1,0,0,0,0,0,0,0,0,0,0,0,0,9178,1,29326,1,535892,1,30067,1,16476,1,31,1,9568,1,4518,1,16507,1,9568,1,0,1,1240,1,1,1,0,1
83,17710100,4516,9568,28.90075,,0,10,9,108,88811,1363,3246,17621289,16,170,130,1,25679,1,110,1,576630,1,3045691,1,144676,1,13811591,1,16782,1,289072,1,7003,4,538407,4,65916,4,4369557,4,8505818,8,12849896,108,22232,12,3266,1,27913,1,3276,1,0,0,0,0,0,0,0,0,0,0,0,0,5991,1,30358,1,510284,1,29767,1,16487,1,28,1,9568,1,4516,1,16515,1,9568,1,0,1,1240,1,1,1,0,1
84,17588800,4517,9567,28.907646,,0,10,9,108,58003,1102,2566,17530797,16,170,120,1,30829,1,60,1,463574,1,3072742,1,118296,1,13823914,1,21261,1,315662,1,7334,4,517808,4,64894,4,4354758,4,8523362,8,12856077,108,19477,12,3737,1,32702,1,2555,1,0,0,0,0,0,0,0,0,0,0,0,0,4899,1,21361,1,412697,1,24326,1,16504,1,24,1,9567,1,4517,1,16528,1,9567,1,0,1,1240,1,1,1,0,1
85,17676800,4508,9565,28.914537,,0,10,9,108,81841,1543,2475,17594959,16,170,60,1,25859,1,80,1,604553,1,3030001,1,143794,1,13775722,1,14888,1,311625,1,7224,4,531865,4,64904,4,4338928,4,8476111,8,12787196,108,25368,12,8937,1,31961,1,2625,1,0,0,0,0,0,0,0,0,0,0,0,0,6563,1,31029,1,535822,1,30438,1,16470,1,32,1,9565,1,4508,1,16502,1,9565,1,0,1,1240,1,1,1,0,1
86,18019100,4519,9565,28.920815,,0,10,9,108,88140,1182,2545,17930960,16,170,190,1,37872,1,100,1,566310,1,3184125,1,138013,1,13984761,1,19587,1,383101,1,7504,4,546943,4,64854,4,4457444,4,8488425,8,12922935,108,20389,12,3266,1,29526,1,2515,1,0,0,0,0,0,0,0,0,0,0,0,0,6132,1,27452,1,501948,1,30348,1,16503,1,26,1,9565,1,4519,1,16529,1,9565,1,0,1,1240,1,1,1,0,1
87,17666500,4516,9565,28.92588,,0,10,9,108,100897,1212,2886,17565603,16,170,100,1,25659,1,160,1,593963,1,3052203,1,144436,1,13729604,1,19477,1,306896,1,7244,4,517447,4,65214,4,4331444,4,8472474,8,12780724,108,20309,12,3196,1,21902,1,2575,1,0,0,0,0,0,0,0,0,0,0,0,0,6092,1,29887,1,527025,1,30458,1,16480,1,26,1,9565,1,4516,1,16506,1,9565,1,0,1,1240,1,1,1,0,1
88,17666300,4518,9565,28.930962,,0,10,9,108,100787,1212,2546,17565513,16,170,50,1,25749,1,60,1,567473,1,3032175,1,143724,1,13777015,1,19267,1,289352,1,7094,4,518670,4,65104,4,4344419,4,8522851,8,12842270,108,22453,12,3156,1,22613,1,2545,1,0,0,0,0,0,0,0,0,0,0,0,0,5941,1,29997,1,501397,1,29897,1,16493,1,28,1,9565,1,4518,1,16521,1,9565,1,0,1,1240,1,1,1,0,1
89,17669100,4519,9565,28.935617,,0,10,9,108,90993,1132,2435,17578107,16,170,40,1,26310,1,90,1,570879,1,3049728,1,144506,1,13767106,1,19447,1,304561,1,7224,4,519421,4,65174,4,4345611,4,8496440,8,12820520,108,19096,12,3146,1,21862,1,2535,1,0,0,0,0,0,0,0,0,0,0,0,0,6182,1,29156,1,505394,1,29767,1,16514,1,24,1,9565,1,4519,1,16538,1,9565,1,0,1,1240,1,1,1,0,1
90,17606200,4514,9565,28.939785,,0,11,9,108,89911,1122,2626,17516289,16,182,30,1,25659,1,50,1,576810,1,3033257,1,143814,1,13717291,1,19377,1,287328,1,7154,4,519050,4,65234,4,4341212,4,8469248,8,12783659,108,24176,24,3156,1,21261,1,2525,1,0,0,0,0,0,0,0,0,0,0,0,0,6092,1,27933,1,512899,1,29617,1,16497,1,31,1,9565,1,4514,1,16528,1,9565,1,0,1,1240,1,1,1,0,1
91,17812600,4516,9565,28.943506,,0,10,9,108,124563,1523,2856,17688037,16,170,210,1,36460,1,100,1,471209,1,3216497,1,144476,1,13799357,1,19728,1,293039,1,7284,4,518229,4,64824,4,4363425,4,8520256,8,12859734,108,21090,12,3326,1,24938,1,2515,1,0,0,0,0,0,0,0,0,0,0,0,0,4899,1,28665,1,412988,1,24366,1,16544,1,27,1,9565,1,4516,1,16571,1,9565,1,0,1,1240,1,1,1,0,1
92,17793200,4512,9565,28.946703,,0,10,9,108,60378,1162,2616,17732822,16,170,160,1,25679,1,160,1,579876,1,3264158,1,111002,1,13737740,1,14047,1,292588,1,7705,4,518609,4,65134,4,4332706,4,8490990,8,12794420,108,26661,12,3727,1,22513,1,2605,1,0,0,0,0,0,0,0,0,0,0,0,0,6162,1,28354,1,514812,1,30268,1,16538,1,34,1,9565,1,4512,1,16572,1,9565,1,0,1,1240,1,1,1,0,1
93,17446800,4508,9565,28.949604,,0,10,9,108,46362,1222,2756,17400438,16,170,170,1,24747,1,80,1,466179,1,3047705,1,112495,1,13736167,1,12895,1,289693,1,7194,4,518609,4,65265,4,4336493,4,8489477,8,12796955,108,26260,12,3667,1,22022,1,2525,1,0,0,0,0,0,0,0,0,0,0,0,0,4749,1,21401,1,415573,1,24076,1,16531,1,34,1,9565,1,4508,1,16565,1,9565,1,0,1,1240,1,1,1,0,1
94,17419000,4522,9565,28.952375,,0,10,9,108,35995,1022,2465,17383005,16,170,50,1,23264,1,130,1,463755,1,3038698,1,113126,1,13730927,1,13055,1,281267,1,7234,4,518780,4,66186,4,4335682,4,8491701,8,12794149,108,30769,12,3166,1,23314,1,2575,1,0,0,0,0,0,0,0,0,0,0,0,0,4739,1,21741,1,413168,1,23856,1,16525,1,39,1,9565,1,4522,1,16564,1,9565,1,0,1,1240,1,1,1,0,1
95,17701700,4519,9565,28.954878,,0,10,9,108,37920,1222,2976,17663780,16,170,140,1,35067,1,80,1,580217,1,3115895,1,111362,1,13807433,1,13586,1,289142,1,8396,4,518660,4,66106,4,4348917,4,8529714,8,12849134,108,26521,12,3507,1,39145,1,2625,1,0,0,0,0,0,0,0,0,0,0,0,0,6052,1,27302,1,516746,1,29867,1,16552,1,34,1,9565,1,4519,1,16586,1,9565,1,0,1,1240,1,1,1,0,1
96,17854600,4521,9565,28.957104,,0,10,9,108,80700,1563,2686,17773900,16,170,170,1,24336,1,70,1,474716,1,3176200,1,117604,1,13959212,1,21591,1,371549,1,7424,4,523429,4,65645,4,4364016,4,8549602,8,12880494,108,30438,12,4529,1,65976,1,5480,1,0,0,0,0,0,0,0,0,0,0,0,0,5250,1,23104,1,419831,1,25429,1,16560,1,40,1,9565,1,4521,1,16600,1,9565,1,0,1,1240,1,1,1,0,1
97,17890600,4517,9565,28.9592,,0,10,9,108,55844,1673,2936,17834756,16,170,160,1,32011,1,80,1,472261,1,3212088,1,117043,1,13987546,1,13566,1,426203,1,7564,4,523088,4,65765,4,4375197,4,8545674,8,12882287,108,35648,12,3657,1,36039,1,2685,1,0,0,0,0,0,0,0,0,0,0,0,0,5841,1,23755,1,415493,1,26581,1,16549,1,46,1,9565,1,4517,1,16595,1,9565,1,0,1,1240,1,1,1,0,1
98,17722200,4515,9565,28.960983,,0,10,9,108,48491,1433,2485,17673709,16,170,240,1,24427,1,90,1,472762,1,3171431,1,118346,1,13873409,1,13005,1,327284,1,7164,4,522186,4,65645,4,4372733,4,8547257,8,12886496,108,31009,12,3677,1,23475,1,2555,1,0,0,0,0,0,0,0,0,0,0,0,0,5200,1,24356,1,416966,1,25759,1,16575,1,40,1,9565,1,4515,1,16615,1,9565,1,0,1,1240,1,1,1,0,1
99,17489800,4520,9565,28.96278,,0,10,9,108,35509,1102,2606,17454291,16,170,30,1,23845,1,100,1,462543,1,3034129,1,112525,1,13808114,1,13005,1,284603,1,7154,4,522317,4,65635,4,4367302,4,8530685,8,12870143,108,25238,12,3266,1,23455,1,2595,1,0,0,0,0,0,0,0,0,0,0,0,0,5160,1,22002,1,411104,1,24046,1,16589,1,32,1,9565,1,4520,1,16621,1,9565,1,0,1,1240,1,1,1,0,1
100,17799000,4521,9564,28.964386,,0,10,9,108,90374,1433,3667,17708626,16,170,90,1,23615,1,30,1,457112,1,3228940,1,146680,1,13832030,1,20128,1,299531,1,7424,4,532075,4,64974,4,4354528,4,8540544,8,12860887,108,30518,12,3817,1,25078,1,2625,1,0,0,0,0,0,0,0,0,0,0,0,0,4689,1,21241,1,407077,1,23876,1,16587,1,39,1,9564,1,4521,1,16626,1,9564,1,0,1,1240,1,1,1,0,1
101,17756300,4521,9564,28.965906,,0,10,9,108,93401,1343,2675,17662899,16,170,140,1,26200,1,90,1,571921,1,3022517,1,144816,1,13877667,1,19547,1,294131,1,7234,4,521545,4,65214,4,4368444,4,8588636,8,12929418,108,24988,12,3206,1,25328,1,2585,1,0,0,0,0,0,0,0,0,0,0,0,0,6152,1,30739,1,504853,1,29837,1,16610,1,32,1,9564,1,4521,1,16642,1,9564,1,0,1,1240,1,1,1,0,1
102,18123800,4521,9563,28.967402,,0,10,9,108,131383,1423,2695,17992417,16,170,80,1,31801,1,872,1,583143,1,3267514,1,150166,1,13945306,1,13536,1,359987,1,7574,4,552544,4,65174,4,4409873,4,8505648,8,12878581,108,34245,12,3968,1,34576,1,4539,1,0,0,0,0,0,0,0,0,0,0,0,0,6312,1,29506,1,516876,1,29957,1,16608,1,44,1,9563,1,4521,1,16652,1,9563,1,0,1,1240,1,1,1,0,1
103,18234300,4520,9563,28.968788,,0,10,9,108,145679,1473,2815,18088621,16,170,190,1,31109,1,150,1,588863,1,3325154,1,148563,1,13978068,1,16522,1,368663,1,7404,4,521345,4,65214,4,4369697,4,8594708,8,12926472,108,35117,12,3437,1,43573,1,2555,1,0,0,0,0,0,0,0,0,0,0,0,0,6362,1,31169,1,519391,1,31400,1,16622,1,45,1,9563,1,4520,1,16667,1,9563,1,0,1,1240,1,1,1,0,1
104,17928500,4522,9563,28.969984,,0,10,9,108,93944,1233,2636,17834556,16,170,160,1,33384,1,1052,1,475227,1,3303583,1,113827,1,13894258,1,13065,1,358414,1,7154,4,520543,4,65204,4,4359227,4,8553569,8,12869032,108,41128,12,3727,1,22673,1,2515,1,0,0,0,0,0,0,0,0,0,0,0,0,6813,1,28494,1,414621,1,24246,1,16622,1,53,1,9563,1,4522,1,16675,1,9563,1,0,1,1240,1,1,1,0,1
105,18227900,4518,9563,28.971111,,0,10,9,108,135933,1423,2665,18091967,16,170,190,1,33063,1,180,1,571691,1,3231525,1,152802,1,14089521,1,12995,1,348305,1,7594,4,552374,4,65315,4,4577042,4,8509124,8,13045108,108,38393,12,3767,1,22002,1,2575,1,0,0,0,0,0,0,0,0,0,0,0,0,9648,1,32752,1,499353,1,29657,1,16621,1,49,1,9563,1,4518,1,16670,1,9563,1,0,1,1240,1,1,1,0,1
106,18008000,4521,9563,28.97221,,0,10,9,108,162964,2695,2716,17845036,16,170,180,1,33614,1,170,1,565329,1,3230483,1,115601,1,13881374,1,18285,1,311584,1,7184,4,521966,4,65254,4,4360489,4,8531838,8,12855977,108,33634,12,9498,1,55235,1,15630,1,0,0,0,0,0,0,0,0,0,0,0,0,9628,1,28304,1,497389,1,29637,1,16635,1,42,1,9563,1,4521,1,16677,1,9563,1,0,1,1240,1,1,1,0,1
107,18216500,4523,9563,28.97325,,0,10,9,108,95958,1473,3517,18120542,16,170,180,1,33474,1,271,1,465969,1,3207890,1,111803,1,14284713,1,16241,1,285685,1,7204,4,522737,4,65275,4,4360690,4,8998859,8,13324020,108,32011,12,5070,1,33574,1,4148,1,0,0,0,0,0,0,0,0,0,0,0,0,6573,1,28264,1,407057,1,23876,1,16652,1,40,1,9563,1,4523,1,16692,1,9563,1,0,1,1240,1,1,1,0,1
108,17933700,4515,9562,28.974203,,0,10,9,108,131355,1733,2766,17802345,16,170,190,1,32522,1,70,1,581700,1,3181640,1,153523,1,13833563,1,19137,1,311905,1,7164,4,523619,4,65415,4,4364287,4,8529373,8,12858141,108,32752,12,3837,1,23695,1,2535,1,0,0,0,0,0,0,0,0,0,0,0,0,6212,1,27492,1,517567,1,29897,1,16660,1,41,1,9562,1,4515,1,16701,1,9562,1,0,1,1240,1,1,1,0,1
109,18069700,4517,9562,28.975157,,0,10,9,108,126547,1483,3317,17943153,16,170,170,1,37582,1,170,1,580988,1,3052875,1,147000,1,14111293,1,13075,1,346661,1,7594,4,555049,4,65064,4,4575690,4,8530936,8,13066298,108,37011,12,3366,1,22884,1,2565,1,0,0,0,0,0,0,0,0,0,0,0,0,6122,1,28865,1,515794,1,29757,1,16684,1,47,1,9562,1,4517,1,16731,1,9562,1,0,1,1240,1,1,1,0,1
110,18008300,4516,9562,28.976004,,0,10,9,108,178613,1403,2906,17829687,16,170,210,1,32943,1,120,1,580798,1,3170549,1,141921,1,13886494,1,16652,1,303519,1,7164,4,523208,4,65265,4,4380818,4,8575661,8,12924037,108,29536,12,3236,1,23715,1,2505,1,0,0,0,0,0,0,0,0,0,0,0,0,15590,1,30318,1,505034,1,29556,1,16690,1,36,1,9562,1,4516,1,16726,1,9562,1,0,1,1240,1,1,1,0,1
111,17702200,4515,9562,28.976778,,0,10,9,108,92984,1282,2545,17609216,16,170,160,1,32262,1,932,1,472471,1,3145581,1,111403,1,13833162,1,13245,1,283641,1,7274,4,520954,4,65134,4,4367473,4,8559671,8,12899791,108,24807,12,3376,1,21812,1,2545,1,0,0,0,0,0,0,0,0,0,0,0,0,4829,1,28585,1,414811,1,24026,1,16691,1,32,1,9562,1,4515,1,16723,1,9562,1,0,1,1240,1,1,1,0,1
112,18240100,4519,9562,28.977486,,0,10,9,108,135599,1423,2565,18104501,16,170,190,1,31951,1,120,1,566280,1,3204834,1,152591,1,14135469,1,13065,1,348024,1,7564,4,555800,4,65204,4,4571502,4,8557056,8,13094723,108,31270,12,3246,1,23104,1,2545,1,0,0,0,0,0,0,0,0,0,0,0,0,9729,1,29236,1,497429,1,29566,1,16685,1,40,1,9562,1,4519,1,16725,1,9562,1,0,1,1240,1,1,1,0,1
113,18074700,4520,9562,28.978231,,0,10,9,108,178877,1313,2806,17895823,16,170,210,1,33404,1,190,1,568485,1,3221045,1,138825,1,13917252,1,16411,1,318959,1,7264,4,524370,4,65194,4,4376340,4,8590710,8,12934467,108,29777,12,3837,1,26701,1,2565,1,0,0,0,0,0,0,0,0,0,0,0,0,15299,1,29025,1,494133,1,29727,1,16698,1,38,1,9562,1,4520,1,16736,1,9562,1,0,1,1240,1,1,1,0,1
114,17850400,4520,9562,28.97893,,0,10,9,108,94925,1252,2715,17755475,16,170,170,1,32472,1,802,1,463274,1,3251013,1,124307,1,13870122,1,13315,1,321734,1,7254,4,522958,4,65505,4,4368615,4,8553249,8,12885784,108,33364,12,3286,1,23635,1,2635,1,0,0,0,0,0,0,0,0,0,0,0,0,6663,1,27372,1,405163,1,23725,1,16706,1,40,1,9562,1,4520,1,16746,1,9562,1,0,1,1240,1,1,1,0,1
115,18246300,4519,9561,28.979557,,0,10,9,108,181304,1423,2535,18064996,16,170,200,1,31670,1,170,1,580477,1,3167964,1,152611,1,14114308,1,17594,1,355198,1,7935,4,555099,4,65244,4,4546394,4,8555232,8,13070527,108,28564,12,3376,1,21842,1,2565,1,0,0,0,0,0,0,0,0,0,0,0,0,15860,1,30428,1,503591,1,29787,1,16724,1,36,1,9561,1,4519,1,16760,1,9561,1,0,1,1240,1,1,1,0,1
116,17970400,4526,9561,28.980162,,0,10,9,108,140092,1333,2566,17830308,16,170,521,1,32592,1,130,1,578945,1,3152565,1,145257,1,13900671,1,19627,1,283461,1,7174,4,525543,4,79602,4,4379335,4,8595770,8,12941089,108,31450,12,3717,1,22162,1,2575,1,0,0,0,0,0,0,0,0,0,0,0,0,6112,1,27983,1,514692,1,29767,1,16733,1,40,1,9561,1,4526,1,16773,1,9561,1,0,1,1240,1,1,1,0,1
117,17861400,4519,9561,28.980728,,0,10,9,108,116124,1292,2585,17745276,16,170,170,1,37772,1,180,1,583714,1,3148086,1,112414,1,13845155,1,17784,1,279333,1,7204,4,522086,4,65224,4,4369416,4,8572355,8,12907856,108,31330,12,3697,1,21932,1,2615,1,0,0,0,0,0,0,0,0,0,0,0,0,7625,1,28033,1,517878,1,29697,1,16723,1,40,1,9561,1,4519,1,16763,1,9561,1,0,1,1240,1,1,1,0,1
118,17992500,4521,9561,28.981266,,0,10,9,108,165599,1353,2745,17826901,16,170,190,1,32111,1,130,1,582441,1,3163245,1,139035,1,13893407,1,16341,1,301165,1,7224,4,546443,4,65926,4,4382381,4,8561224,8,12909660,108,31200,12,3226,1,21932,1,2535,1,0,0,0,0,0,0,0,0,0,0,0,0,6202,1,28484,1,517587,1,29757,1,16755,1,40,1,9561,1,4521,1,16795,1,9561,1,0,1,1240,1,1,1,0,1
119,17722000,4517,9561,28.981787,,0,10,9,108,92084,1192,2585,17629916,16,170,100,1,32061,1,1272,1,467312,1,3184365,1,112455,1,13819255,1,13095,1,278842,1,7154,4,522737,4,65325,4,4375819,4,8540835,8,12886085,108,27983,12,3276,1,21511,1,2565,1,0,0,0,0,0,0,0,0,0,0,0,0,7254,1,25599,1,409962,1,23785,1,16748,1,36,1,9561,1,4517,1,16784,1,9561,1,0,1,1240,1,1,1,0,1
120,18157600,4523,9561,28.982262,,0,10,9,108,156336,1463,2705,18001264,16,170,210,1,32853,1,170,1,573865,1,3235583,1,157010,1,13985252,1,16321,1,358424,1,7524,4,557514,4,64663,4,4401317,4,8565392,8,12932603,108,31400,12,3146,1,23294,1,2515,1,0,0,0,0,0,0,0,0,0,0,0,0,9729,1,28244,1,505745,1,29847,1,16776,1,40,1,9561,1,4523,1,16816,1,9561,1,0,1,1240,1,1,1,0,1
121,17962400,4523,9561,28.98269,,0,10,9,108,129948,2184,2665,17832452,16,170,110,1,32221,1,932,1,462382,1,3276902,1,112795,1,13924917,1,22192,1,289352,1,23034,4,533227,4,64994,4,4376149,4,8574058,8,12916603,108,30939,12,3577,1,53011,1,5330,1,0,0,0,0,0,0,0,0,0,0,0,0,6553,1,28595,1,403219,1,23825,1,16768,1,40,1,9561,1,4523,1,16808,1,9561,1,0,1,1240,1,1,1,0,1
122,18292000,4521,9561,28.983118,,0,10,9,108,153063,1473,3136,18138937,16,170,200,1,37582,1,190,1,599694,1,3183494,1,143153,1,14157751,1,16872,1,418869,1,7815,4,531644,4,64994,4,4435703,4,8639734,8,13043806,108,28494,12,4448,1,50356,1,2715,1,0,0,0,0,0,0,0,0,0,0,0,0,6783,1,28424,1,537075,1,26581,1,16780,1,36,1,9561,1,4521,1,16816,1,9561,1,0,1,1240,1,1,1,0,1
123,17891100,4522,9561,28.98351,,0,10,9,108,119284,1313,2626,17771816,16,170,200,1,32482,1,671,1,475587,1,3227698,1,111863,1,13906983,1,16331,1,350659,1,7154,4,526354,4,65275,4,4376931,4,8550804,8,12894320,108,30789,12,3887,1,22022,1,2585,1,0,0,0,0,0,0,0,0,0,0,0,0,8406,1,28665,1,413208,1,24437,1,16773,1,40,1,9561,1,4522,1,16813,1,9561,1,0,1,1240,1,1,1,0,1
124,17841600,4518,9561,28.98387,,0,10,9,108,49826,1262,2545,17791774,16,170,190,1,30979,1,80,1,579275,1,3202560,1,112905,1,13852900,1,12885,1,284072,1,7354,4,525262,4,65395,4,4382020,4,8559420,8,12919539,108,19357,12,3797,1,21782,1,2535,1,0,0,0,0,0,0,0,0,0,0,0,0,6272,1,27533,1,515233,1,29827,1,16794,1,24,1,9561,1,4518,1,16818,1,9561,1,0,1,1240,1,1,1,0,1
125,17696600,4521,9561,28.984217,,0,10,9,108,47748,1262,2586,17648852,16,170,180,1,23525,1,80,1,465288,1,3058004,1,113657,1,13975073,1,13045,1,283651,1,7164,4,528889,4,65415,4,4398702,4,8661996,8,13039326,108,18786,12,3326,1,22122,1,2545,1,0,0,0,0,0,0,0,0,0,0,0,0,5070,1,21691,1,414361,1,23835,1,16816,1,24,1,9561,1,4521,1,16840,1,9561,1,0,1,1240,1,1,1,0,1
126,17684100,4521,9561,28.984558,,0,10,9,108,40297,1042,2565,17643803,16,170,30,1,23565,1,60,1,459367,1,3055500,1,114158,1,13977507,1,13616,1,287108,1,7144,4,526795,4,65465,4,4425583,4,8626829,8,13030841,108,19006,12,3236,1,31821,1,2485,1,0,0,0,0,0,0,0,0,0,0,0,0,5030,1,21210,1,409261,1,23705,1,16826,1,24,1,9561,1,4521,1,16850,1,9561,1,0,1,1240,1,1,1,0,1
127,18195100,4517,9561,28.98485,,0,10,9,108,87172,1102,2585,18107928,16,170,110,1,27342,1,160,1,571951,1,3191980,1,149235,1,14147171,1,19978,1,379845,1,7514,4,554538,4,64754,4,4529181,4,8580721,8,13088120,108,19197,12,3116,1,23845,1,2555,1,0,0,0,0,0,0,0,0,0,0,0,0,6673,1,27242,1,507338,1,30188,1,16852,1,24,1,9561,1,4517,1,16876,1,9561,1,0,1,1240,1,1,1,0,1
128,17920100,4522,9561,28.98514,,0,10,9,108,76988,1213,2586,17843112,16,170,90,1,25408,1,50,1,573544,1,3086238,1,112735,1,14024257,1,20790,1,356109,1,7835,4,531123,4,65274,4,4416857,4,8614926,8,13006594,108,22603,12,3226,1,25138,1,2555,1,0,0,0,0,0,0,0,0,0,0,0,0,6292,1,32151,1,504963,1,29797,1,16842,1,28,1,9561,1,4522,1,16870,1,9561,1,0,1,1240,1,1,1,0,1
129,17844300,4521,9561,28.98541,,0,10,9,108,90779,1252,2475,17753521,16,170,100,1,26521,1,90,1,568064,1,3039098,1,145868,1,13954113,1,19668,1,302257,1,7094,4,526565,4,65034,4,4405615,4,8619054,8,12999922,108,22272,12,3627,1,21100,1,2515,1,0,0,0,0,0,0,0,0,0,0,0,0,6803,1,31981,1,498070,1,30709,1,16861,1,28,1,9561,1,4521,1,16889,1,9561,1,0,1,1240,1,1,1,0,1
130,17771200,4519,9560,28.98568,,0,10,9,108,89435,1162,2465,17681765,16,170,20,1,25779,1,70,1,569066,1,3013399,1,143955,1,13909948,1,19527,1,287549,1,7274,4,524921,4,65044,4,4397430,4,8599356,8,12972339,108,21982,12,3206,1,21511,1,2495,1,0,0,0,0,0,0,0,0,0,0,0,0,6713,1,30238,1,500194,1,31700,1,16862,1,28,1,9560,1,4519,1,16890,1,9560,1,0,1,1240,1,1,1,0,1
131,18043500,4526,9559,28.98593,,0,10,9,108,57515,2174,3217,17985985,16,170,20,1,25929,1,100,1,565830,1,3295958,1,127984,1,13956858,1,13305,1,338426,1,7294,4,526945,4,65435,4,4404734,4,8581392,8,12957962,108,24948,12,3376,1,24507,1,2575,1,0,0,0,0,0,0,0,0,0,0,0,0,6342,1,30378,1,497048,1,31821,1,16896,1,32,1,9559,1,4526,1,16928,1,9559,1,0,1,1240,1,1,1,0,1
132,18114300,4524,9559,28.986149,,0,10,9,108,117845,1453,2806,17996455,16,170,190,1,30618,1,70,1,585587,1,3222508,1,144686,1,13992827,1,19968,1,297217,1,7194,4,541002,4,67819,4,4410966,4,8633892,8,13014580,108,27472,12,3687,1,27082,1,2515,1,0,0,0,0,0,0,0,0,0,0,0,0,6723,1,28394,1,519651,1,30308,1,16900,1,32,1,9559,1,4524,1,16932,1,9559,1,0,1,1240,1,1,1,0,1
133,17976000,4516,9559,28.98636,,0,10,9,108,94114,1323,2946,17881886,16,170,150,1,25569,1,100,1,571430,1,3062703,1,141139,1,14061287,1,19507,1,309150,1,7384,4,533297,4,65214,4,4443638,4,8670011,8,13087940,108,22763,12,3156,1,25519,1,2595,1,0,0,0,0,0,0,0,0,0,0,0,0,7554,1,30458,1,503330,1,29667,1,16892,1,28,1,9559,1,4516,1,16920,1,9559,1,0,1,1240,1,1,1,0,1
134,17937800,4520,9559,28.98657,,0,10,9,108,91021,1393,2916,17846779,16,170,130,1,25709,1,70,1,560880,1,3051532,1,140328,1,14048884,1,19247,1,299952,1,7194,4,527066,4,65775,4,4473825,4,8642158,8,13090585,108,22483,12,3216,1,24356,1,3948,1,0,0,0,0,0,0,0,0,0,0,0,0,6553,1,30809,1,493712,1,29516,1,16901,1,28,1,9559,1,4520,1,16929,1,9559,1,0,1,1240,1,1,1,0,1
135,18129900,4522,9559,28.986776,,0,10,9,108,86796,1232,2645,18043104,16,170,190,1,37812,1,160,1,585427,1,3241454,1,111723,1,14053172,1,13165,1,339337,1,7214,4,526555,4,65325,4,4434430,4,8644883,8,13055649,108,21020,12,3266,1,28334,1,2595,1,0,0,0,0,0,0,0,0,0,0,0,0,6603,1,30017,1,518589,1,29757,1,16906,1,26,1,9559,1,4522,1,16932,1,9559,1,0,1,1240,1,1,1,0,1
136,18260600,4519,9559,28.986969,,0,10,9,108,141571,1463,2685,18119029,16,170,200,1,33173,1,180,1,589665,1,3154288,1,151319,1,14177168,1,13035,1,363504,1,7605,4,558626,4,65585,4,4569759,4,8581623,8,13124911,108,23785,12,3697,1,22783,1,2525,1,0,0,0,0,0,0,0,0,0,0,0,0,7184,1,32161,1,519511,1,30288,1,16892,1,30,1,9559,1,4519,1,16922,1,9559,1,0,1,1240,1,1,1,0,1
137,18094900,4521,9559,28.987137,,0,10,9,108,169982,1383,3097,17924918,16,170,190,1,33344,1,110,1,571220,1,3118299,1,138194,1,14047230,1,16331,1,302066,1,7484,4,529420,4,65144,4,4431705,4,8681764,8,13083110,108,27262,12,3186,1,22533,1,2545,1,0,0,0,0,0,0,0,0,0,0,0,0,10450,1,28705,1,501857,1,29937,1,16889,1,34,1,9559,1,4521,1,16923,1,9559,1,0,1,1240,1,1,1,0,1
138,17898500,4521,9559,28.9873,,0,10,9,108,93510,1262,3046,17804990,16,170,120,1,32492,1,1493,1,469125,1,3296359,1,110922,1,13881384,1,13095,1,288340,1,7094,4,527376,4,65094,4,4387330,4,8576323,8,12933294,108,27312,12,3296,1,22703,1,2565,1,0,0,0,0,0,0,0,0,0,0,0,0,7494,1,26721,1,409972,1,24397,1,16884,1,34,1,9559,1,4521,1,16918,1,9559,1,0,1,1240,1,1,1,0,1
139,18324600,4521,9559,28.987465,,0,10,9,108,135437,1393,2625,18189163,16,170,190,1,31630,1,140,1,576129,1,3315005,1,151329,1,14101744,1,12995,1,357923,1,7594,4,575237,4,65375,4,4483774,4,8582084,8,13036001,108,27232,12,3657,1,22172,1,2535,1,0,0,0,0,0,0,0,0,0,0,0,0,9819,1,36009,1,493962,1,35999,1,16900,1,34,1,9559,1,4521,1,16934,1,9559,1,0,1,1240,1,1,1,0,1
140,17938700,4518,9559,28.987623,,0,10,9,108,168236,1313,2616,17770464,16,170,190,1,34105,1,170,1,561261,1,3066320,1,139266,1,13951398,1,17754,1,301836,1,7204,4,525232,4,64914,4,4415204,4,8607352,8,12993028,108,26911,12,3196,1,22583,1,2565,1,0,0,0,0,0,0,0,0,0,0,0,0,9719,1,28384,1,492850,1,29957,1,16905,1,34,1,9559,1,4518,1,16939,1,9559,1,0,1,1240,1,1,1,0,1
141,18239600,4523,9559,28.987766,,0,10,9,108,170567,1453,2966,18069033,16,170,110,1,32342,1,1242,1,463915,1,3303102,1,140428,1,14106944,1,20950,1,381438,1,7715,4,557995,4,65244,4,4461151,4,8579368,8,13005693,108,31861,12,4198,1,45527,1,2855,1,0,0,0,0,0,0,0,0,0,0,0,0,6663,1,27883,1,404171,1,24998,1,16895,1,40,1,9559,1,4523,1,16935,1,9559,1,0,1,1240,1,1,1,0,1
142,18511000,4524,9559,28.987892,,0,10,9,108,108190,1874,3497,18402810,16,170,240,1,31480,1,110,1,574797,1,3480761,1,134817,1,14163973,1,16632,1,442675,1,7344,4,529340,4,64964,4,4435072,4,8629113,8,13030490,108,30198,12,3577,1,47441,1,2575,1,0,0,0,0,0,0,0,0,0,0,0,0,7284,1,28625,1,507208,1,31019,1,16904,1,38,1,9559,1,4524,1,16942,1,9559,1,0,1,1240,1,1,1,0,1
143,17973400,4523,9559,28.98802,,0,10,9,108,75543,1142,2795,17897857,16,170,160,1,33724,1,70,1,469776,1,3185067,1,114759,1,14077839,1,16461,1,371879,1,7234,4,529851,4,65044,4,4420203,4,8651797,8,13038957,108,30248,12,3236,1,24918,1,2535,1,0,0,0,0,0,0,0,0,0,0,0,0,6112,1,24186,1,414501,1,24787,1,16913,1,38,1,9559,1,4523,1,16951,1,9559,1,0,1,1240,1,1,1,0,1
144,17795500,4520,9559,28.988153,,0,10,9,108,94699,1232,2625,17700801,16,170,110,1,32692,1,120,1,471600,1,3189425,1,113617,1,13880112,1,13125,1,312236,1,7134,4,528338,4,65204,4,4389895,4,8546987,8,12904420,108,29837,12,3617,1,22894,1,2575,1,0,0,0,0,0,0,0,0,0,0,0,0,10931,1,26571,1,409111,1,24797,1,16911,1,38,1,9559,1,4520,1,16949,1,9559,1,0,1,1240,1,1,1,0,1
145,18228600,4519,9559,28.98826,,0,10,9,108,172431,1483,2675,18056169,16,170,210,1,32752,1,190,1,568304,1,3159398,1,152611,1,14125600,1,17103,1,352613,1,7584,4,560309,4,65204,4,4557986,4,8552677,8,13081247,108,26741,12,3707,1,21491,1,2545,1,0,0,0,0,0,0,0,0,0,0,0,0,10350,1,30097,1,495415,1,32151,1,16923,1,34,1,9559,1,4519,1,16957,1,9559,1,0,1,1240,1,1,1,0,1
146,18160100,4520,9559,28.988363,,0,10,9,108,164196,1343,2835,17995904,16,170,551,1,31520,1,130,1,586459,1,3300256,1,138364,1,13922242,1,16381,1,314230,1,7434,4,539650,4,64954,4,4388924,4,8576673,8,12938325,108,24437,12,3246,1,23264,1,2525,1,0,0,0,0,0,0,0,0,0,0,0,0,7033,1,30568,1,518289,1,30148,1,16918,1,32,1,9559,1,4520,1,16950,1,9559,1,0,1,1240,1,1,1,0,1
147,17852300,4522,9559,28.988459,,0,10,9,108,94340,1252,2665,17757960,16,170,130,1,34265,1,180,1,467963,1,3281891,1,111533,1,13848912,1,13085,1,283832,1,7194,4,526515,4,64723,4,4377732,4,8557657,8,12909259,108,23465,12,4779,1,22683,1,2545,1,0,0,0,0,0,0,0,0,0,0,0,0,10360,1,25368,1,407968,1,23976,1,16937,1,30,1,9559,1,4522,1,16967,1,9559,1,0,1,1240,1,1,1,0,1
148,18455000,4517,9559,28.988543,,0,10,9,108,168502,1463,3687,18286498,16,170,190,1,32602,1,160,1,569807,1,3149669,1,153813,1,14363955,1,16301,1,378392,1,8246,4,555891,4,90623,4,4579888,4,8717372,8,13273083,108,20489,12,3817,1,25699,1,2565,1,0,0,0,0,0,0,0,0,0,0,0,0,17343,1,29897,1,490846,1,31470,1,16926,1,26,1,9559,1,4517,1,16952,1,9559,1,0,1,1240,1,1,1,0,1
149,18156000,4519,9559,28.988642,,0,10,9,108,162911,1463,2706,17993089,16,170,200,1,41509,1,170,1,560539,1,3206277,1,139166,1,14023355,1,21872,1,353555,1,7725,4,562974,4,65435,4,4432046,4,8572866,8,12980354,108,21852,12,3346,1,21381,1,2565,1,0,0,0,0,0,0,0,0,0,0,0,0,11392,1,28975,1,490255,1,29566,1,16942,1,28,1,9559,1,4519,1,16970,1,9559,1,0,1,1240,1,1,1,0,1
150,17733100,4522,9559,28.98874,,0,10,9,108,78798,1162,2655,17654302,16,170,160,1,37752,1,180,1,571971,1,3015102,1,110681,1,13905189,1,13265,1,281758,1,7164,4,533468,4,65224,4,4407479,4,8580981,8,12967560,108,18245,12,3737,1,21611,1,2605,1,0,0,0,0,0,0,0,0,0,0,0,0,9919,1,27953,1,509482,1,23996,1,16949,1,23,1,9559,1,4522,1,16972,1,9559,1,0,1,1240,1,1,1,0,1
151,18162800,4520,9559,28.98882,,0,10,9,108,137029,1463,2806,18025771,16,170,190,1,31981,1,170,1,559658,1,3238839,1,151880,1,14029146,1,13907,1,351300,1,8797,4,560960,4,66196,4,4438438,4,8555393,8,12973071,108,17954,12,3487,1,40507,1,2605,1,0,0,0,0,0,0,0,0,0,0,0,0,9879,1,29065,1,490476,1,29526,1,16935,1,23,1,9559,1,4520,1,16958,1,9559,1,0,1,1240,1,1,1,0,1
152,18168600,4523,9559,28.988888,,0,10,9,108,149101,1483,2565,18019499,16,170,190,1,34095,1,170,1,577111,1,3180929,1,144315,1,14059323,1,23365,1,418549,1,7745,4,562363,4,65365,4,4407910,4,8555222,8,12938294,108,22272,12,3697,1,34356,1,2635,1,0,0,0,0,0,0,0,0,0,0,0,0,15700,1,28304,1,501407,1,30889,1,16925,1,28,1,9559,1,4523,1,16953,1,9559,1,0,1,1240,1,1,1,0,1
153,18242200,4523,9559,28.988964,,0,10,9,108,151996,1653,3136,18090204,16,170,160,1,38303,1,170,1,587451,1,3174296,1,186045,1,14080804,1,22974,1,426684,1,7905,4,531213,4,73881,4,4400826,4,8588796,8,12964214,108,22272,12,3807,1,43152,1,2886,1,0,0,0,0,0,0,0,0,0,0,0,0,7094,1,30508,1,519010,1,30308,1,16921,1,28,1,9559,1,4523,1,16949,1,9559,1,0,1,1240,1,1,1,0,1
154,18161700,4524,9559,28.989048,,0,10,9,108,131000,1423,2676,18030700,16,170,401,1,39305,1,250,1,590717,1,3107529,1,142372,1,14136911,1,13215,1,408610,1,7625,4,560710,4,65104,4,4534201,4,8531287,8,13040549,108,22262,12,3276,1,22092,1,2585,1,0,0,0,0,0,0,0,0,0,0,0,0,7725,1,30719,1,519702,1,31490,1,16914,1,28,1,9559,1,4524,1,16942,1,9559,1,0,1,1240,1,1,1,0,1
155,18090200,4521,9559,28.989117,,0,10,9,108,140775,1473,2665,17949425,16,170,190,1,33835,1,120,1,578554,1,3149018,1,129257,1,14039065,1,19387,1,361951,1,7645,4,560700,4,65294,4,4505055,4,8509455,8,12990063,108,21782,12,3517,1,21411,1,2565,1,0,0,0,0,0,0,0,0,0,0,0,0,10189,1,29045,1,509171,1,29777,1,16915,1,28,1,9559,1,4521,1,16943,1,9559,1,0,1,1240,1,1,1,0,1
156,17734200,4520,9559,28.989172,,0,10,9,108,92913,1513,2735,17641287,16,170,120,1,26120,1,50,1,575859,1,3005684,1,144596,1,13869411,1,19447,1,284793,1,7214,4,530963,4,65325,4,4374266,4,8566023,8,12916754,108,20800,12,10630,1,26090,1,2595,1,0,0,0,0,0,0,0,0,0,0,0,0,9769,1,27743,1,508320,1,29717,1,16915,1,27,1,9559,1,4520,1,16942,1,9559,1,0,1,1240,1,1,1,0,1
157,17689700,4519,9559,28.989218,,0,10,9,108,95282,1363,2866,17594418,16,170,50,1,25729,1,50,1,566110,1,3017377,1,140929,1,13824505,1,19668,1,304932,1,7154,4,525733,4,65595,4,4374526,4,8517330,8,12867689,108,21301,12,3176,1,22132,1,2565,1,0,0,0,0,0,0,0,0,0,0,0,0,8406,1,29687,1,497970,1,29827,1,16916,1,27,1,9559,1,4519,1,16943,1,9559,1,0,1,1240,1,1,1,0,1
158,17698500,4519,9559,28.98927,,0,10,9,108,93201,1272,2545,17605299,16,170,70,1,25469,1,60,1,563074,1,3012337,1,141670,1,13841247,1,21371,1,286547,1,8025,4,527146,4,65214,4,4375969,4,8533210,8,12885433,108,21200,12,3857,1,37341,1,2665,1,0,0,0,0,0,0,0,0,0,0,0,0,6843,1,30769,1,495405,1,29697,1,16921,1,27,1,9559,1,4519,1,16948,1,9559,1,0,1,1240,1,1,1,0,1
159,17870300,4518,9559,28.98933,,0,10,9,108,89927,1212,2585,17780373,16,170,120,1,25869,1,90,1,570378,1,3091498,1,142502,1,13930087,1,19828,1,378783,1,7094,4,525903,4,65234,4,4383794,4,8537989,8,12901274,108,17924,12,3226,1,24316,1,2535,1,0,0,0,0,0,0,0,0,0,0,0,0,9839,1,31811,1,498371,1,30027,1,16921,1,23,1,9559,1,4518,1,16944,1,9559,1,0,1,1240,1,1,1,0,1
160,17709900,4519,9559,28.989386,,0,10,9,108,93270,1202,2906,17616630,16,170,40,1,25899,1,80,1,562112,1,3008289,1,143915,1,13856506,1,19788,1,296095,1,7264,4,529550,4,65365,4,4365449,4,8543420,8,12887908,108,18054,12,4108,1,41559,1,2495,1,0,0,0,0,0,0,0,0,0,0,0,0,7564,1,31640,1,492800,1,29877,1,16913,1,23,1,9559,1,4519,1,16936,1,9559,1,0,1,1240,1,1,1,0,1
161,17733000,4521,9559,28.989433,,0,10,9,108,92414,1262,2596,17640586,16,170,90,1,25990,1,70,1,567833,1,3060188,1,142522,1,13823814,1,20078,1,329579,1,7194,4,527366,4,65174,4,4370228,4,8486631,8,12836119,108,18145,12,3146,1,30719,1,2515,1,0,0,0,0,0,0,0,0,0,0,0,0,8667,1,30658,1,495606,1,32151,1,16911,1,23,1,9559,1,4521,1,16934,1,9559,1,0,1,1240,1,1,1,0,1
162,17745700,4518,9559,28.989477,,0,10,9,108,93111,1232,2655,17652589,16,170,30,1,25819,1,60,1,566471,1,3049398,1,146530,1,13844463,1,19818,1,334929,1,7364,4,531524,4,65174,4,4354017,4,8519153,8,12852671,108,17844,12,3156,1,25298,1,2615,1,0,0,0,0,0,0,0,0,0,0,0,0,7815,1,31610,1,495044,1,31500,1,16914,1,23,1,9559,1,4518,1,16937,1,9559,1,0,1,1240,1,1,1,0,1
163,17677700,4520,9559,28.989515,,0,10,9,108,91327,1182,2575,17586373,16,170,30,1,25519,1,90,1,577181,1,3012848,1,142301,1,13808284,1,20118,1,295474,1,7194,4,527056,4,64954,4,4368094,4,8517540,8,12865435,108,17624,12,3186,1,21040,1,2565,1,0,0,0,0,0,0,0,0,0,0,0,0,8095,1,31370,1,507448,1,29817,1,16924,1,23,1,9559,1,4520,1,16947,1,9559,1,0,1,1240,1,1,1,0,1
164,17643200,4520,9559,28.989552,,0,10,9,108,89440,1242,2586,17553760,16,170,60,1,25859,1,50,1,563806,1,3046232,1,119578,1,13778057,1,20118,1,296175,1,7294,4,528067,4,65816,4,4358395,4,8495288,8,12833173,108,17924,12,3146,1,20098,1,2535,1,0,0,0,0,0,0,0,0,0,0,0,0,7164,1,31029,1,495305,1,30017,1,16923,1,23,1,9559,1,4520,1,16946,1,9559,1,0,1,1240,1,1,1,0,1
165,17621500,4519,9559,28.989582,,0,10,9,108,95322,1222,2566,17526178,16,170,30,1,25689,1,40,1,588463,1,3013499,1,142682,1,13736227,1,19547,1,296275,1,7114,4,527446,4,65355,4,4350049,4,8462045,8,12790933,108,18595,12,3156,1,21020,1,2545,1,0,0,0,0,0,0,0,0,0,0,0,0,8877,1,30308,1,515864,1,32993,1,16924,1,24,1,9559,1,4519,1,16948,1,9559,1,0,1,1240,1,1,1,0,1
166,17590400,4516,9559,28.989613,,0,10,9,108,95121,1272,2516,17495279,16,170,50,1,25098,1,90,1,596939,1,3018449,1,140668,1,13694417,1,19567,1,290304,1,7384,4,528538,4,64914,4,4351863,4,8424102,8,12755836,108,17614,12,3176,1,20289,1,2575,1,0,0,0,0,0,0,0,0,0,0,0,0,8977,1,30598,1,526695,1,30087,1,16926,1,23,1,9559,1,4516,1,16949,1,9559,1,0,1,1240,1,1,1,0,1
167,17602800,4518,9559,28.989645,,0,10,9,108,90639,1182,2646,17512161,16,170,40,1,25489,1,80,1,581259,1,2984955,1,144235,1,13756175,1,19928,1,286026,1,7063,4,528979,4,64914,4,4356321,4,8485740,8,12821902,108,17513,12,3146,1,20269,1,2535,1,0,0,0,0,0,0,0,0,0,0,0,0,7915,1,30719,1,512388,1,29897,1,16939,1,23,1,9559,1,4518,1,16962,1,9559,1,0,1,1240,1,1,1,0,1
168,17524700,4518,9559,28.989676,,0,10,9,108,90638,1242,2595,17434062,16,170,30,1,25629,1,50,1,572382,1,2972040,1,141219,1,13703144,1,19567,1,285264,1,7053,4,527647,4,65134,4,4338597,4,8452075,8,12769572,108,18505,12,3196,1,20399,1,2535,1,0,0,0,0,0,0,0,0,0,0,0,0,9027,1,30388,1,502829,1,29887,1,16942,1,24,1,9559,1,4518,1,16966,1,9559,1,0,1,1240,1,1,1,0,1
169,17534200,4514,9559,28.9897,,0,10,9,108,101110,1252,2596,17433090,16,170,30,1,25769,1,70,1,564166,1,2973373,1,141760,1,13707933,1,19988,1,284843,1,7985,4,529290,4,65826,4,4337856,4,8447827,8,12764623,108,18465,12,3847,1,26671,1,2535,1,0,0,0,0,0,0,0,0,0,0,0,0,6783,1,31169,1,493171,1,32843,1,16948,1,24,1,9559,1,4514,1,16972,1,9559,1,0,1,1240,1,1,1,0,1
170,17589200,4515,9559,28.989725,,0,10,9,108,93040,1262,2676,17496160,16,170,160,1,25699,1,50,1,565970,1,3002218,1,141330,1,13741206,1,19527,1,322996,1,7134,4,528949,4,65234,4,4361972,4,8424693,8,12765344,108,18646,12,3176,1,23254,1,2535,1,0,0,0,0,0,0,0,0,0,0,0,0,7705,1,30689,1,497159,1,30027,1,16948,1,24,1,9559,1,4515,1,16972,1,9559,1,0,1,1240,1,1,1,0,1
171,17598900,4512,9559,28.989754,,0,10,9,108,93652,1363,2625,17505248,16,170,120,1,25439,1,140,1,567733,1,2989323,1,141851,1,13761094,1,19547,1,288009,1,7534,4,530262,4,65375,4,4354999,4,8485609,8,12818826,108,19157,12,3166,1,22232,1,2545,1,0,0,0,0,0,0,0,0,0,0,0,0,7214,1,30979,1,499162,1,29947,1,16956,1,24,1,9559,1,4512,1,16980,1,9559,1,0,1,1240,1,1,1,0,1
172,17614100,4513,9559,28.98977,,0,10,9,108,92411,1343,2646,17521689,16,170,50,1,25128,1,90,1,559628,1,3012748,1,142652,1,13761996,1,19397,1,311534,1,7164,4,531855,4,66817,4,4346422,4,8469238,8,12794179,108,18836,12,3156,1,21932,1,2535,1,0,0,0,0,0,0,0,0,0,0,0,0,7524,1,30077,1,491778,1,29847,1,16946,1,24,1,9559,1,4513,1,16970,1,9559,1,0,1,1240,1,1,1,0,1
173,17918000,4515,9559,28.989801,,0,10,9,108,87802,1453,3056,17830198,16,170,40,1,25789,1,110,1,564297,1,3000795,1,165335,1,14054013,1,19818,1,350779,1,7805,4,561662,4,64944,4,4528911,4,8502983,8,13009790,108,19046,12,3276,1,29617,1,2585,1,0,0,0,0,0,0,0,0,0,0,0,0,7845,1,30188,1,496317,1,29637,1,16956,1,24,1,9559,1,4515,1,16980,1,9559,1,0,1,1240,1,1,1,0,1
174,17962900,4515,9559,28.989834,,0,10,9,108,71666,1202,2685,17891234,16,170,130,1,25739,1,120,1,584635,1,3327649,1,113276,1,13819696,1,19988,1,326052,1,7244,4,527176,4,65254,4,4358365,4,8504025,8,12839015,108,20689,12,3767,1,24016,1,2595,1,0,0,0,0,0,0,0,0,0,0,0,0,9809,1,29126,1,514892,1,29817,1,16952,1,24,1,9559,1,4515,1,16976,1,9559,1,0,1,1240,1,1,1,0,1
175,17618600,4515,9559,28.989851,,0,10,9,108,101560,1443,2656,17517040,16,170,120,1,35127,1,120,1,571761,1,3089124,1,144155,1,13657186,1,19447,1,285805,1,7094,4,528047,4,65014,4,4332035,4,8410757,8,12719075,108,21060,12,3256,1,21220,1,2515,1,0,0,0,0,0,0,0,0,0,0,0,0,7164,1,28114,1,502970,1,33193,1,16951,1,27,1,9559,1,4515,1,16978,1,9559,1,0,1,1240,1,1,1,0,1
176,17541900,4514,9559,28.989864,,0,10,9,108,96106,1292,2766,17445794,16,170,40,1,25629,1,50,1,567543,1,2985235,1,146610,1,13700088,1,20599,1,284623,1,8075,4,529871,4,65405,4,4330903,4,8411258,8,12718394,108,21000,12,4649,1,59984,1,4028,1,0,0,0,0,0,0,0,0,0,0,0,0,8787,1,29937,1,495856,1,32752,1,16943,1,27,1,9559,1,4514,1,16970,1,9559,1,0,1,1240,1,1,1,0,1
177,18041000,4516,9559,28.989883,,0,10,9,108,93048,1743,2716,17947952,16,170,90,1,28023,1,260,1,471870,1,3184065,1,143374,1,14100071,1,20199,1,558365,1,15379,4,568615,4,65375,4,4416065,4,8415656,8,12808266,108,20740,12,3196,1,53001,1,2675,1,0,0,0,0,0,0,0,0,0,0,0,0,6743,1,24366,1,413449,1,26671,1,16944,1,27,1,9559,1,4516,1,16971,1,9559,1,0,1,1240,1,1,1,0,1
178,17862600,4515,9559,28.989906,,0,10,9,108,92878,1223,2675,17769722,16,170,130,1,27472,1,130,1,575688,1,3109723,1,145317,1,13891724,1,19537,1,439999,1,7204,4,557965,4,65104,4,4325352,4,8452266,8,12754504,108,20439,12,3537,1,36500,1,2575,1,0,0,0,0,0,0,0,0,0,0,0,0,11151,1,30198,1,502809,1,30679,1,16946,1,27,1,9559,1,4515,1,16973,1,9559,1,0,1,1240,1,1,1,0,1
179,17803700,4515,9559,28.989923,,0,10,9,108,80607,1503,2616,17723093,16,170,170,1,26701,1,80,1,567673,1,3058926,1,141500,1,13915028,1,13015,1,404291,1,8075,4,573394,4,64944,4,4452886,4,8379016,8,12808867,108,20419,12,3677,1,24727,1,2515,1,0,0,0,0,0,0,0,0,0,0,0,0,10881,1,28765,1,497138,1,30538,1,16936,1,27,1,9559,1,4515,1,16963,1,9559,1,0,1,1240,1,1,1,0,1
180,17690700,4515,9559,28.98993,,0,10,9,108,129726,1333,2645,17560974,16,170,120,1,30298,1,210,1,581610,1,3186029,1,153433,1,13585960,1,23314,1,291005,1,7134,4,528809,4,64884,4,4299864,4,8363927,8,12640086,108,21060,12,3386,1,23074,1,2545,1,0,0,0,0,0,0,0,0,0,0,0,0,10801,1,27663,1,513219,1,29697,1,16941,1,27,1,9559,1,4515,1,16968,1,9559,1,0,1,1240,1,1,1,0,1
181,17717300,4517,9559,28.98993,,0,10,9,108,164952,1473,2535,17552348,16,170,150,1,38694,1,180,1,582602,1,3020352,1,151739,1,13739443,1,19187,1,403450,1,7514,4,557554,4,65084,4,4341132,4,8335663,8,12649914,108,24346,12,3266,1,21762,1,2545,1,0,0,0,0,0,0,0,0,0,0,0,0,7725,1,29096,1,515373,1,29927,1,16935,1,31,1,9559,1,4517,1,16966,1,9559,1,0,1,1240,1,1,1,0,1
182,17566700,4517,9559,28.98994,,0,10,9,108,76290,1242,2545,17490410,16,170,281,1,30178,1,100,1,580077,1,3123489,1,113266,1,13624003,1,19016,1,283381,1,7134,4,534480,4,64784,4,4313870,4,8391259,8,12677286,108,25298,12,3727,1,21621,1,2505,1,0,0,0,0,0,0,0,0,0,0,0,0,7073,1,26961,1,515704,1,29937,1,16943,1,32,1,9559,1,4517,1,16975,1,9559,1,0,1,1240,1,1,1,0,1
183,17565500,4516,9559,28.989958,,0,10,9,108,95630,1263,2606,17469870,16,170,80,1,25889,1,60,1,575468,1,3033337,1,142582,1,13673738,1,18716,1,311635,1,7174,4,527657,4,65164,4,4320012,4,8407851,8,12699679,108,25579,12,3356,1,26861,1,2765,1,0,0,0,0,0,0,0,0,0,0,0,0,10089,1,28524,1,506817,1,29787,1,16946,1,32,1,9559,1,4516,1,16978,1,9559,1,0,1,1240,1,1,1,0,1
184,17520900,4516,9559,28.98997,,0,10,9,108,91276,1393,2625,17429624,16,170,60,1,25779,1,70,1,567302,1,3004192,1,141460,1,13671153,1,19607,1,305282,1,7194,4,530502,4,65615,4,4320703,4,8410737,8,12700000,108,28815,12,3156,1,24006,1,2565,1,0,0,0,0,0,0,0,0,0,0,0,0,10891,1,26941,1,497409,1,31670,1,16941,1,36,1,9559,1,4516,1,16977,1,9559,1,0,1,1240,1,1,1,0,1
185,17450400,4514,9559,28.989977,,0,10,9,108,90339,1202,2595,17360061,16,170,60,1,25649,1,100,1,564176,1,2991337,1,140648,1,13618492,1,19597,1,289993,1,7454,4,526234,4,65355,4,4310925,4,8389576,8,12673078,108,24827,12,3156,1,22022,1,2575,1,0,0,0,0,0,0,0,0,0,0,0,0,13045,1,26511,1,494393,1,29987,1,16944,1,32,1,9559,1,4514,1,16976,1,9559,1,0,1,1240,1,1,1,0,1
186,17417500,4515,9559,28.98999,,0,10,9,108,89631,1242,2535,17327869,16,170,170,1,25739,1,50,1,562042,1,2983362,1,141320,1,13595218,1,19968,1,299802,1,7063,4,529821,4,65224,4,4303180,4,8362555,8,12638693,108,24507,12,3126,1,20679,1,2525,1,0,0,0,0,0,0,0,0,0,0,0,0,7214,1,30739,1,494143,1,29737,1,16950,1,32,1,9559,1,4515,1,16982,1,9559,1,0,1,1240,1,1,1,0,1
187,17436100,4516,9559,28.990005,,0,10,9,108,90617,1313,2575,17345483,16,170,30,1,25539,1,120,1,560880,1,2971309,1,140879,1,13626979,1,19748,1,284723,1,9157,4,537495,4,64964,4,4313440,4,8388634,8,12678348,108,21150,12,3246,1,21471,1,2535,1,0,0,0,0,0,0,0,0,0,0,0,0,7124,1,30689,1,493011,1,29767,1,16958,1,28,1,9559,1,4516,1,16986,1,9559,1,0,1,1240,1,1,1,0,1
188,17359800,4519,9559,28.990013,,0,10,9,108,92346,1242,2515,17267454,16,170,30,1,25298,1,90,1,558506,1,2970417,1,142963,1,13550943,1,19207,1,287649,1,7134,4,529701,4,65204,4,4294884,4,8338349,8,12609116,108,21601,12,3126,1,21140,1,2515,1,0,0,0,0,0,0,0,0,0,0,0,0,8075,1,29516,1,490937,1,29757,1,16958,1,28,1,9559,1,4519,1,16986,1,9559,1,0,1,1240,1,1,1,0,1
189,17393100,4519,9559,28.990015,,0,10,9,108,90609,1192,2826,17302491,16,170,40,1,25569,1,60,1,558415,1,2980887,1,141099,1,13576412,1,20008,1,289613,1,7174,4,527757,4,65084,4,4306306,4,8352235,8,12629124,108,26591,12,3196,1,21331,1,2525,1,0,0,0,0,0,0,0,0,0,0,0,0,9358,1,29256,1,489714,1,29877,1,16956,1,32,1,9559,1,4519,1,16988,1,9559,1,0,1,1240,1,1,1,0,1
190,17392900,4519,9559,28.990025,,0,10,9,108,90149,1272,2585,17302751,16,170,60,1,25950,1,50,1,561752,1,2977561,1,141500,1,13577304,1,18575,1,293420,1,7094,4,528969,4,65144,4,4296237,4,8355611,8,12627161,108,22102,12,3807,1,23204,1,2545,1,0,0,0,0,0,0,0,0,0,0,0,0,7995,1,29987,1,493682,1,29827,1,16964,1,28,1,9559,1,4519,1,16992,1,9559,1,0,1,1240,1,1,1,0,1
191,17389900,4520,9559,28.99004,,0,10,9,108,89002,1262,2445,17300898,16,170,40,1,25689,1,70,1,563635,1,2973162,1,139416,1,13579288,1,19597,1,295053,1,7134,4,527015,4,65054,4,4291778,4,8366061,8,12630587,108,24807,12,3136,1,20249,1,2545,1,0,0,0,0,0,0,0,0,0,0,0,0,7454,1,30027,1,496227,1,29697,1,16962,1,32,1,9559,1,4520,1,16994,1,9559,1,0,1,1240,1,1,1,0,1
192,17410900,4522,9559,28.990047,,0,10,9,108,82740,1032,2425,17328160,16,170,30,1,25739,1,130,1,556712,1,2975727,1,128675,1,13621478,1,19668,1,287789,1,7134,4,530963,4,65314,4,4315844,4,8384677,8,12673469,108,24627,12,3196,1,22894,1,2635,1,0,0,0,0,0,0,0,0,0,0,0,0,7304,1,29847,1,487981,1,31370,1,16969,1,32,1,9559,1,4522,1,17001,1,9559,1,0,1,1240,1,1,1,0,1
193,17378200,4521,9559,28.990053,,0,10,9,108,89375,1172,2555,17288825,16,170,30,1,25799,1,140,1,555871,1,2993892,1,118947,1,13574649,1,19497,1,306675,1,7063,4,529801,4,65084,4,4287199,4,8351604,8,12611481,108,24767,12,3216,1,20279,1,2555,1,0,0,0,0,0,0,0,0,0,0,0,0,7454,1,30689,1,485596,1,31841,1,16970,1,32,1,9559,1,4521,1,17002,1,9559,1,0,1,1240,1,1,1,0,1
194,17356800,4522,9559,28.990055,,0,10,9,108,91280,1212,2535,17265520,16,170,40,1,26070,1,120,1,564267,1,2997389,1,143354,1,13514785,1,19497,1,295153,1,7374,4,530101,4,65325,4,4276439,4,8311327,8,12558109,108,27122,12,3246,1,22062,1,2545,1,0,0,0,0,0,0,0,0,0,0,0,0,8095,1,30699,1,495395,1,29787,1,16974,1,36,1,9559,1,4522,1,17010,1,9559,1,0,1,1240,1,1,1,0,1
195,17362700,4521,9559,28.99006,,0,10,9,108,88794,1212,2555,17273906,16,170,30,1,25719,1,70,1,549298,1,2971690,1,142031,1,13565501,1,19567,1,296305,1,7294,4,528598,4,65635,4,4285937,4,8354209,8,12610579,108,27012,12,3226,1,20549,1,2535,1,0,0,0,0,0,0,0,0,0,0,0,0,8827,1,30097,1,485316,1,24757,1,16966,1,36,1,9559,1,4521,1,17002,1,9559,1,0,1,1240,1,1,1,0,1
196,17446500,4522,9559,28.99006,,0,10,9,108,94014,1192,2605,17352486,16,170,40,1,25759,1,80,1,567192,1,2964927,1,141941,1,13632730,1,19818,1,299682,1,7374,4,536804,4,65064,4,4293602,4,8392342,8,12655835,108,27502,12,3296,1,30839,1,2535,1,0,0,0,0,0,0,0,0,0,0,0,0,9188,1,29997,1,496167,1,31490,1,16971,1,36,1,9559,1,4522,1,17007,1,9559,1,0,1,1240,1,1,1,0,1
197,17514000,4523,9559,28.990076,,0,10,9,108,97772,1212,2856,17416228,16,170,20,1,25849,1,80,1,562193,1,3002749,1,143113,1,13661675,1,20549,1,335951,1,7134,4,528669,4,65365,4,4298952,4,8380519,8,12647179,108,29436,12,3196,1,38073,1,2605,1,0,0,0,0,0,0,0,0,0,0,0,0,9208,1,30368,1,491377,1,30498,1,16965,1,40,1,9559,1,4523,1,17005,1,9559,1,0,1,1240,1,1,1,0,1
198,17631500,4523,9559,28.990084,,0,10,9,108,60256,1233,2575,17571244,16,170,90,1,27482,1,50,1,566020,1,3123690,1,115771,1,13723994,1,14147,1,426253,1,7264,4,552324,4,65164,4,4278813,4,8347556,8,12594278,108,29516,12,3396,1,39405,1,2585,1,0,0,0,0,0,0,0,0,0,0,0,0,11372,1,29536,1,494473,1,30097,1,16961,1,40,1,9559,1,4523,1,17001,1,9559,1,0,1,1240,1,1,1,0,1
199,17315700,4524,9559,28.990086,,0,10,9,108,58285,1122,2516,17257415,16,170,40,1,25439,1,50,1,469676,1,3070729,1,116212,1,13555322,1,19948,1,321604,1,7194,4,528488,4,64984,4,4278663,4,8325665,8,12574651,108,27162,12,3196,1,21882,1,2525,1,0,0,0,0,0,0,0,0,0,0,0,0,7154,1,24136,1,413389,1,24537,1,16962,1,36,1,9559,1,4524,1,16998,1,9559,1,0,1,1240,1,1,1,0,1
200,17387100,4522,9559,28.990088,,0,10,9,108,93877,1242,2625,17293223,16,170,40,1,25298,1,170,1,576310,1,2977491,1,145768,1,13548669,1,19477,1,287388,1,7084,4,528979,4,65375,4,4306687,4,8322378,8,12599108,108,27332,12,3216,1,23765,1,2555,1,0,0,0,0,0,0,0,0,0,0,0,0,10821,1,28625,1,506837,1,29667,1,16960,1,36,1,9559,1,4522,1,16996,1,9559,1,0,1,1240,1,1,1,0,1
201,17411600,4522,9559,28.990097,,0,10,9,108,90894,1262,3097,17320706,16,170,50,1,25859,1,60,1,574526,1,2993321,1,142833,1,13564449,1,19607,1,288561,1,7114,4,528098,4,64804,4,4282350,4,8365200,8,12617352,108,27102,12,3156,1,21351,1,2555,1,0,0,0,0,0,0,0,0,0,0,0,0,9408,1,29456,1,503861,1,31450,1,16962,1,36,1,9559,1,4522,1,16998,1,9559,1,0,1,1240,1,1,1,0,1
202,17401100,4521,9559,28.99011,,0,10,9,108,89882,1313,2515,17311218,16,170,30,1,25429,1,110,1,561291,1,2977150,1,143103,1,13584548,1,19557,1,287188,1,7124,4,530833,4,71526,4,4298391,4,8361974,8,12633973,108,23876,12,3246,1,20409,1,2545,1,0,0,0,0,0,0,0,0,0,0,0,0,7404,1,29677,1,492199,1,31781,1,16968,1,32,1,9559,1,4521,1,17000,1,9559,1,0,1,1240,1,1,1,0,1
203,17603300,4525,9559,28.990112,,0,10,9,108,82032,1403,2836,17521268,16,170,40,1,25699,1,140,1,563756,1,2981078,1,193489,1,13737199,1,19868,1,366098,1,7745,4,560189,4,64844,4,4417688,4,8289064,8,12680873,108,23044,12,3196,1,24407,1,2565,1,0,0,0,0,0,0,0,0,0,0,0,0,9228,1,30097,1,494413,1,29777,1,16979,1,32,1,9559,1,4525,1,17011,1,9559,1,0,1,1240,1,1,1,0,1
204,17391100,4526,9559,28.990108,,0,10,9,108,82247,1433,2605,17308853,16,170,150,1,26270,1,100,1,577392,1,3053315,1,147351,1,13491250,1,13025,1,366329,1,7524,4,563746,4,65204,4,4248105,4,8210705,8,12429714,108,26491,12,3607,1,22042,1,2555,1,0,0,0,0,0,0,0,0,0,0,0,0,7985,1,27262,1,511887,1,29837,1,16986,1,36,1,9559,1,4526,1,17022,1,9559,1,0,1,1240,1,1,1,0,1
205,17137200,4524,9559,28.990114,,0,10,9,108,49839,1223,2575,17087361,16,170,180,1,24176,1,80,1,463835,1,3053065,1,114749,1,13418330,1,12945,1,283260,1,7194,4,528779,4,65014,4,4244308,4,8260881,8,12475421,108,27192,12,3346,1,21751,1,2575,1,0,0,0,0,0,0,0,0,0,0,0,0,6392,1,21451,1,411896,1,23775,1,16972,1,36,1,9559,1,4524,1,17008,1,9559,1,0,1,1240,1,1,1,0,1
206,17217100,4523,9559,28.99012,,0,10,9,108,51400,1192,2816,17165700,16,170,170,1,23565,1,90,1,465157,1,3012528,1,114458,1,13536766,1,12965,1,283821,1,7033,4,529370,4,65154,4,4282771,4,8340012,8,12592765,108,27202,12,3336,1,21571,1,2505,1,0,0,0,0,0,0,0,0,0,0,0,0,5811,1,21501,1,413709,1,23825,1,16977,1,36,1,9559,1,4523,1,17013,1,9559,1,0,1,1240,1,1,1,0,1
207,17643000,4523,9559,28.990118,,0,10,9,108,121531,1653,2796,17521469,16,170,150,1,29045,1,130,1,587361,1,3214713,1,153453,1,13523301,1,13315,1,283381,1,7635,4,528969,4,65505,4,4255058,4,8339771,8,12564741,108,27292,12,4218,1,34065,1,3046,1,0,0,0,0,0,0,0,0,0,0,0,0,17283,1,32322,1,507558,1,29787,1,16970,1,36,1,9559,1,4523,1,17006,1,9559,1,0,1,1240,1,1,1,0,1
208,17385500,4523,9559,28.990112,,0,10,9,108,53914,1773,2565,17331586,16,170,160,1,24517,1,80,1,468905,1,3101297,1,116222,1,13607211,1,13195,1,377310,1,7314,4,532406,4,65695,4,4271630,4,8314713,8,12555825,108,27953,12,3437,1,30368,1,2565,1,0,0,0,0,0,0,0,0,0,0,0,0,6532,1,22713,1,414290,1,24998,1,16969,1,36,1,9559,1,4523,1,17005,1,9559,1,0,1,1240,1,1,1,0,1
209,17919500,4522,9559,28.990116,,0,10,9,108,92318,1864,3026,17827182,16,170,160,1,24276,1,60,1,468514,1,3112618,1,165696,1,14040558,1,15299,1,607860,1,8797,4,595566,4,65174,4,4380598,4,8321937,8,12671986,108,27523,12,3547,1,51759,1,3457,1,0,0,0,0,0,0,0,0,0,0,0,0,6653,1,22303,1,414611,1,24326,1,16966,1,36,1,9559,1,4522,1,17002,1,9559,1,0,1,1240,1,1,1,0,1
210,17659700,4522,9559,28.990122,,0,10,9,108,57557,1383,2635,17602143,16,170,431,1,35808,1,180,1,588042,1,3271983,1,116723,1,13575761,1,13215,1,436944,1,7294,4,528578,4,65275,4,4242384,4,8263275,8,12476062,108,26961,12,3777,1,24306,1,2545,1,0,0,0,0,0,0,0,0,0,0,0,0,9468,1,30669,1,515273,1,31430,1,16964,1,36,1,9559,1,4522,1,17000,1,9559,1,0,1,1240,1,1,1,0,1
211,17411200,4523,9559,28.990128,,0,10,9,108,105834,1323,2586,17305366,16,170,90,1,26340,1,170,1,573194,1,2993631,1,146770,1,13545523,1,19647,1,293911,1,7154,4,532616,4,65475,4,4278192,4,8337046,8,12586082,108,26571,12,3256,1,23956,1,2595,1,0,0,0,0,0,0,0,0,0,0,0,0,8065,1,29176,1,505655,1,29887,1,16963,1,36,1,9559,1,4523,1,16999,1,9559,1,0,1,1240,1,1,1,0,1
212,17317700,4523,9559,28.990124,,0,10,9,108,92587,1232,2635,17225113,16,170,80,1,25649,1,50,1,575839,1,2985286,1,147101,1,13471612,1,19497,1,294812,1,9007,4,543707,4,66437,4,4250590,4,8276350,8,12494267,108,30037,12,3206,1,23725,1,2545,1,0,0,0,0,0,0,0,0,0,0,0,0,9638,1,29596,1,506306,1,29857,1,16961,1,40,1,9559,1,4523,1,17001,1,9559,1,0,1,1240,1,1,1,0,1
213,17352700,4523,9559,28.99013,,0,10,9,108,90887,1222,2555,17261813,16,170,40,1,25939,1,40,1,569226,1,3001116,1,146189,1,13499976,1,19287,1,294893,1,7134,4,531845,4,65655,4,4262542,4,8310826,8,12540085,108,30729,12,3226,1,20098,1,2535,1,0,0,0,0,0,0,0,0,0,0,0,0,11322,1,28875,1,497339,1,31390,1,16963,1,40,1,9559,1,4523,1,17003,1,9559,1,0,1,1240,1,1,1,0,1
214,17402300,4524,9559,28.990137,,0,10,9,108,93848,1222,2656,17308452,16,170,50,1,25980,1,120,1,561672,1,2994373,1,145047,1,13561734,1,19477,1,300193,1,7124,4,533959,4,65445,4,4267402,4,8360100,8,12594808,108,30037,12,3266,1,20499,1,2525,1,0,0,0,0,0,0,0,0,0,0,0,0,8346,1,30919,1,492460,1,29606,1,16965,1,40,1,9559,1,4524,1,17005,1,9559,1,0,1,1240,1,1,1,0,1
215,17323800,4524,9559,28.990137,,0,10,9,108,95100,1172,2635,17228700,16,170,20,1,25429,1,120,1,561161,1,2991067,1,143273,1,13487633,1,19998,1,289623,1,7474,4,544258,4,67188,4,4244638,4,8280548,8,12492784,108,29767,12,3847,1,46228,1,2655,1,0,0,0,0,0,0,0,0,0,0,0,0,8426,1,29657,1,492490,1,29837,1,16967,1,40,1,9559,1,4524,1,17007,1,9559,1,0,1,1240,1,1,1,0,1
216,18064300,4526,9559,28.990137,,0,10,9,108,60070,2134,3297,18004230,16,170,200,1,39886,1,90,1,479635,1,3432178,1,141540,1,13894759,1,15940,1,622718,1,11292,4,550320,4,70084,4,4257272,4,8304454,8,12529354,108,29075,12,3637,1,68611,1,4238,1,0,0,0,0,0,0,0,0,0,0,0,0,10911,1,31951,1,411525,1,24657,1,16971,1,40,1,9559,1,4526,1,17011,1,9559,1,0,1,1240,1,1,1,0,1
217,17834800,4524,9559,28.990143,,0,10,9,108,59527,1663,2655,17775273,16,170,451,1,36640,1,170,1,581620,1,3445734,1,118336,1,13575651,1,16672,1,489003,1,7254,4,526464,4,64944,4,4218188,4,8221245,8,12407482,108,29296,12,4228,1,40107,1,2555,1,0,0,0,0,0,0,0,0,0,0,0,0,8857,1,32472,1,506977,1,32372,1,16971,1,40,1,9559,1,4524,1,17011,1,9559,1,0,1,1240,1,1,1,0,1
218,17264400,4525,9559,28.990149,,0,10,9,108,42473,1112,2496,17221927,16,170,30,1,32642,1,150,1,462422,1,3095466,1,116342,1,13501239,1,13636,1,334679,1,7244,4,533358,4,65956,4,4241432,4,8266391,8,12476072,108,29256,12,3346,1,45116,1,2605,1,0,0,0,0,0,0,0,0,0,0,0,0,6683,1,22563,1,407678,1,25158,1,16980,1,40,1,9559,1,4525,1,17020,1,9559,1,0,1,1240,1,1,1,0,1
219,17290400,4524,9559,28.990149,,0,10,9,108,55849,1052,3206,17234551,16,170,190,1,24507,1,110,1,463875,1,3129871,1,117284,1,13479016,1,19698,1,342854,1,7244,4,527066,4,66156,4,4241202,4,8260019,8,12468528,108,29486,12,3256,1,27633,1,2535,1,0,0,0,0,0,0,0,0,0,0,0,0,6823,1,23325,1,407487,1,26080,1,16981,1,40,1,9559,1,4524,1,17021,1,9559,1,0,1,1240,1,1,1,0,1
220,17299700,4523,9559,28.990152,,0,10,9,108,94895,1252,2646,17204805,16,170,90,1,26030,1,90,1,586910,1,3013099,1,147652,1,13411267,1,19668,1,292248,1,7204,4,529039,4,65134,4,4235030,4,8254579,8,12457366,108,29596,12,3156,1,21090,1,2535,1,0,0,0,0,0,0,0,0,0,0,0,0,12624,1,27623,1,516055,1,30238,1,16980,1,40,1,9559,1,4523,1,17020,1,9559,1,0,1,1240,1,1,1,0,1
221,17383600,4522,9559,28.99016,,0,10,9,108,103462,1102,2966,17280138,16,170,20,1,26130,1,70,1,573975,1,3020022,1,143975,1,13496470,1,19477,1,303499,1,7164,4,528679,4,65335,4,4255018,4,8308241,8,12530927,108,29366,12,3166,1,21691,1,2575,1,0,0,0,0,0,0,0,0,0,0,0,0,9408,1,30208,1,504212,1,29777,1,16978,1,40,1,9559,1,4522,1,17018,1,9559,1,0,1,1240,1,1,1,0,1
222,17643700,4522,9559,28.990164,,0,10,9,108,110409,1894,3637,17533291,16,170,110,1,25218,1,60,1,576831,1,2998932,1,142261,1,13769290,1,20589,1,387139,1,9127,4,568805,4,66737,4,4305374,4,8370259,8,12642039,108,29957,12,4058,1,52901,1,2996,1,0,0,0,0,0,0,0,0,0,0,0,0,11021,1,27743,1,507779,1,29827,1,16976,1,40,1,9559,1,4522,1,17016,1,9559,1,0,1,1240,1,1,1,0,1
223,18076800,4520,9559,28.990162,,0,10,9,108,100073,1633,2855,17976727,16,170,341,1,27102,1,130,1,593072,1,3290207,1,189942,1,13855885,1,20048,1,591128,1,8236,4,562794,4,64734,4,4378233,4,8201077,8,12549944,108,26511,12,3316,1,42180,1,2555,1,0,0,0,0,0,0,0,0,0,0,0,0,13005,1,30568,1,514922,1,33123,1,16977,1,36,1,9559,1,4520,1,17013,1,9559,1,0,1,1240,1,1,1,0,1
224,17753500,4521,9559,28.99016,,0,10,9,108,111892,1353,3136,17641608,16,170,301,1,44735,1,100,1,595927,1,3311247,1,118436,1,13551084,1,19778,1,460959,1,8136,4,530502,4,65184,4,4213759,4,8228860,8,12412682,108,26801,12,3737,1,35939,1,2655,1,0,0,0,0,0,0,0,0,0,0,0,0,7374,1,27723,1,530101,1,30328,1,16971,1,36,1,9559,1,4521,1,17007,1,9559,1,0,1,1240,1,1,1,0,1
225,17540100,4522,9559,28.990166,,0,11,9,108,112621,1292,2786,17427479,16,182,130,1,26360,1,110,1,577672,1,3075147,1,140638,1,13590980,1,16441,1,359646,1,7434,4,533448,4,65244,4,4259196,4,8325674,8,12551206,108,30879,24,3286,1,33173,1,2585,1,0,0,0,0,0,0,0,0,0,0,0,0,10370,1,27933,1,508981,1,29807,1,16973,1,40,1,9559,1,4522,1,17013,1,9559,1,0,1,1240,1,1,1,0,1
226,17321900,4521,9559,28.990166,,0,11,9,108,95885,1272,2726,17226015,16,182,90,1,34245,1,932,1,472542,1,3169196,1,111954,1,13423721,1,13335,1,304080,1,7905,4,528799,4,65064,4,4230301,4,8250050,8,12447728,108,29897,24,3687,1,29947,1,2615,1,0,0,0,0,0,0,0,0,0,0,0,0,10450,1,26310,1,411665,1,23735,1,16968,1,40,1,9559,1,4521,1,17008,1,9559,1,0,1,1240,1,1,1,0,1
227,17547500,4522,9559,28.990166,,0,11,9,108,173913,1393,3217,17373587,16,182,180,1,33404,1,150,1,567513,1,3088853,1,142802,1,13524393,1,16291,1,317937,1,7494,4,528248,4,64904,4,4255489,4,8315795,8,12537449,108,30618,24,3176,1,27432,1,2525,1,0,0,0,0,0,0,0,0,0,0,0,0,10630,1,29256,1,497048,1,30158,1,16980,1,40,1,9559,1,4522,1,17020,1,9559,1,0,1,1240,1,1,1,0,1
228,17347900,4521,9559,28.990168,,0,11,9,108,122937,1363,2756,17224963,16,182,170,1,32823,1,331,1,465869,1,3209203,1,111593,1,13388614,1,16361,1,290264,1,7184,4,531093,4,65134,4,4235541,4,8228269,8,12430776,108,30278,24,3687,1,23515,1,2565,1,0,0,0,0,0,0,0,0,0,0,0,0,10520,1,25348,1,404422,1,25278,1,16979,1,40,1,9559,1,4521,1,17019,1,9559,1,0,1,1240,1,1,1,0,1
229,17358000,4519,9559,28.990175,,0,11,9,108,50780,1283,2835,17307220,16,182,200,1,30578,1,110,1,580928,1,3133378,1,113917,1,13435143,1,12965,1,293179,1,7274,4,527937,4,64974,4,4257262,4,8252825,8,12477225,108,30027,24,3406,1,24457,1,2545,1,0,0,0,0,0,0,0,0,0,0,0,0,8276,1,26971,1,515504,1,29807,1,16977,1,40,1,9559,1,4519,1,17017,1,9559,1,0,1,1240,1,1,1,0,1
230,17208200,4521,9559,28.990171,,0,11,9,108,47600,1292,2776,17160600,16,182,160,1,23635,1,80,1,466230,1,3054287,1,114478,1,13488745,1,12985,1,295434,1,7214,4,530101,4,65184,4,4260829,4,8299895,8,12524625,108,33324,24,3747,1,22503,1,2545,1,0,0,0,0,0,0,0,0,0,0,0,0,6773,1,21802,1,413429,1,23926,1,16974,1,44,1,9559,1,4521,1,17018,1,9559,1,0,1,1240,1,1,1,0,1
231,17068900,4522,9559,28.990166,,0,11,9,108,49810,1323,2766,17019090,16,182,180,1,23755,1,80,1,467382,1,3028398,1,115631,1,13369608,1,14057,1,285234,1,9318,4,532135,4,67308,4,4232565,4,8214132,8,12410407,108,33524,24,3366,1,21661,1,2565,1,0,0,0,0,0,0,0,0,0,0,0,0,5951,1,21601,1,415523,1,24016,1,16973,1,44,1,9559,1,4522,1,17017,1,9559,1,0,1,1240,1,1,1,0,1
232,17252800,4523,9559,28.990173,,0,11,9,108,104002,1202,2656,17148798,16,182,30,1,26440,1,190,1,564156,1,2985005,1,147552,1,13405416,1,20008,1,300674,1,7073,4,540551,4,65355,4,4226584,4,8235873,8,12429784,108,30017,24,3196,1,22343,1,2565,1,0,0,0,0,0,0,0,0,0,0,0,0,7675,1,29917,1,496317,1,29867,1,16986,1,40,1,9559,1,4523,1,17026,1,9559,1,0,1,1240,1,1,1,0,1
233,17278100,4527,9559,28.990175,,0,11,9,108,93354,1232,2736,17184746,16,182,40,1,25990,1,60,1,581109,1,3017357,1,144345,1,13395948,1,19898,1,292388,1,7194,4,529200,4,65064,4,4239939,4,8232937,8,12437247,108,32893,24,3186,1,22202,1,2605,1,0,0,0,0,0,0,0,0,0,0,0,0,10740,1,28534,1,509933,1,31540,1,16992,1,44,1,9559,1,4527,1,17036,1,9559,1,0,1,1240,1,1,1,0,1
234,17234400,4523,9559,28.990168,,0,11,9,108,71746,1032,2575,17162654,16,182,100,1,25649,1,80,1,561481,1,3039339,1,113366,1,13402851,1,19788,1,287979,1,7234,4,527897,4,65876,4,4242083,4,8243798,8,12450143,108,33163,24,3186,1,21251,1,2515,1,0,0,0,0,0,0,0,0,0,0,0,0,9037,1,29877,1,492319,1,29727,1,16988,1,44,1,9559,1,4523,1,17032,1,9559,1,0,1,1240,1,1,1,0,1
235,17303800,4525,9559,28.99017,,0,11,9,108,92082,1172,2735,17211718,16,182,20,1,25298,1,70,1,574506,1,3005364,1,145247,1,13441435,1,19778,1,294322,1,7154,4,530572,4,65345,4,4240961,4,8275479,8,12480611,108,33093,24,3256,1,20629,1,2545,1,0,0,0,0,0,0,0,0,0,0,0,0,9368,1,29727,1,503871,1,31300,1,16992,1,44,1,9559,1,4525,1,17036,1,9559,1,0,1,1240,1,1,1,0,1
236,17340200,4525,9559,28.990175,,0,11,9,108,92584,1092,2665,17247616,16,182,50,1,25909,1,90,1,560920,1,2995054,1,143394,1,13502271,1,19928,1,289061,1,7134,4,529190,4,65495,4,4268484,4,8315455,8,12547940,108,33334,24,3116,1,20720,1,2525,1,0,0,0,0,0,0,0,0,0,0,0,0,8306,1,30729,1,491828,1,29807,1,16990,1,44,1,9559,1,4525,1,17034,1,9559,1,0,1,1240,1,1,1,0,1
237,17334400,4526,9559,28.990175,,0,11,9,108,91122,1102,2655,17243278,16,182,30,1,25348,1,60,1,562754,1,2997990,1,144065,1,13494576,1,18455,1,287218,1,7214,4,528248,4,64894,4,4272081,4,8307850,8,12540265,108,37011,24,3186,1,20269,1,2515,1,0,0,0,0,0,0,0,0,0,0,0,0,9909,1,30178,1,491207,1,31250,1,16991,1,48,1,9559,1,4526,1,17039,1,9559,1,0,1,1240,1,1,1,0,1
238,17307000,4525,9559,28.990175,,0,11,9,108,90172,1262,2666,17216828,16,182,30,1,25569,1,90,1,564126,1,3004833,1,143604,1,13458928,1,19647,1,288009,1,7184,4,529971,4,65194,4,4261841,4,8279677,8,12505228,108,33624,24,3296,1,19968,1,2525,1,0,0,0,0,0,0,0,0,0,0,0,0,11402,1,26931,1,495976,1,29606,1,16997,1,44,1,9559,1,4525,1,17041,1,9559,1,0,1,1240,1,1,1,0,1
239,17282300,4524,9559,28.990175,,0,11,9,108,91071,1202,2566,17191229,16,182,30,1,25659,1,110,1,563315,1,2993682,1,143313,1,13445422,1,19698,1,302156,1,7154,4,528488,4,65114,4,4251822,4,8263315,8,12478807,108,33764,24,3286,1,20409,1,2475,1,0,0,0,0,0,0,0,0,0,0,0,0,8196,1,30378,1,494854,1,29697,1,16995,1,44,1,9559,1,4524,1,17039,1,9559,1,0,1,1240,1,1,1,0,1
240,17337400,4524,9559,28.990175,,0,11,9,108,90826,1242,2676,17246574,16,182,30,1,25328,1,80,1,562383,1,2999903,1,140759,1,13498303,1,19788,1,284363,1,8406,4,529480,4,65525,4,4267642,4,8311878,8,12543300,108,33544,24,3186,1,23986,1,2595,1,0,0,0,0,0,0,0,0,0,0,0,0,9398,1,29226,1,493742,1,29817,1,17006,1,44,1,9559,1,4524,1,17050,1,9559,1,0,1,1240,1,1,1,0,1
241,17275700,4521,9559,28.990175,,0,11,9,108,89351,1252,2676,17186349,16,182,30,1,25669,1,70,1,558756,1,3013259,1,144896,1,13424021,1,19647,1,303469,1,7174,4,533879,4,65134,4,4236863,4,8247185,8,12448589,108,32783,24,3096,1,23415,1,2555,1,0,0,0,0,0,0,0,0,0,0,0,0,9528,1,30047,1,489153,1,29697,1,16992,1,44,1,9559,1,4521,1,17036,1,9559,1,0,1,1240,1,1,1,0,1
242,17309600,4520,9559,28.990175,,0,11,9,108,97662,1062,2636,17211938,16,182,30,1,25970,1,50,1,564066,1,3001426,1,141189,1,13459389,1,19818,1,290464,1,7224,4,528578,4,65164,4,4243666,4,8296378,8,12504346,108,33063,24,3126,1,21200,1,2525,1,0,0,0,0,0,0,0,0,0,0,0,0,7254,1,30308,1,496457,1,29757,1,17003,1,44,1,9559,1,4520,1,17047,1,9559,1,0,1,1240,1,1,1,0,1
243,17298100,4520,9559,28.990175,,0,11,9,108,89548,1102,2806,17208552,16,182,50,1,25739,1,50,1,564337,1,2993631,1,140588,1,13464599,1,19557,1,289262,1,7154,4,530783,4,65084,4,4250469,4,8293984,8,12508124,108,33524,24,3246,1,20990,1,2525,1,0,0,0,0,0,0,0,0,0,0,0,0,7194,1,31320,1,496117,1,29486,1,17000,1,44,1,9559,1,4520,1,17044,1,9559,1,0,1,1240,1,1,1,0,1
244,17367800,4521,9559,28.990171,,0,11,9,108,94966,1313,2606,17272834,16,182,100,1,25899,1,70,1,558405,1,2990275,1,197377,1,13481140,1,19567,1,308699,1,7144,4,530963,4,65395,4,4258164,4,8281931,8,12504196,108,33294,24,3196,1,21812,1,2525,1,0,0,0,0,0,0,0,0,0,0,0,0,8206,1,30238,1,490185,1,29586,1,17000,1,44,1,9559,1,4521,1,17044,1,9559,1,0,1,1240,1,1,1,0,1
245,17331300,4520,9559,28.990164,,0,11,9,108,89274,1132,2525,17242026,16,182,70,1,25719,1,60,1,557484,1,3017908,1,141660,1,13479567,1,19557,1,304671,1,7204,4,529781,4,65154,4,4256711,4,8288864,8,12509747,108,33304,24,3186,1,20349,1,2515,1,0,0,0,0,0,0,0,0,0,0,0,0,8867,1,29416,1,489424,1,29566,1,16998,1,44,1,9559,1,4520,1,17042,1,9559,1,0,1,1240,1,1,1,0,1
246,17532500,4521,9559,28.990164,,0,11,9,108,93589,1323,2896,17438911,16,182,30,1,25839,1,120,1,578764,1,3156943,1,143654,1,13514173,1,19387,1,305904,1,7324,4,526344,4,65846,4,4275427,4,8304163,8,12542830,108,33865,24,3326,1,21952,1,2565,1,0,0,0,0,0,0,0,0,0,0,0,0,8957,1,30819,1,508570,1,29897,1,16997,1,44,1,9559,1,4521,1,17041,1,9559,1,0,1,1240,1,1,1,0,1
247,17397200,4521,9559,28.990164,,0,11,9,108,92866,1393,2726,17304334,16,182,170,1,25378,1,120,1,585717,1,2990315,1,140889,1,13541926,1,19818,1,288090,1,7264,4,529731,4,65024,4,4269055,4,8354008,8,12587234,108,33103,24,3176,1,21651,1,2535,1,0,0,0,0,0,0,0,0,0,0,0,0,12043,1,27472,1,515684,1,29807,1,16999,1,44,1,9559,1,4521,1,17043,1,9559,1,0,1,1240,1,1,1,0,1
248,17400100,4520,9559,28.990164,,0,11,9,108,91507,1282,3087,17308593,16,182,160,1,25980,1,70,1,572412,1,2983001,1,139917,1,13567806,1,19247,1,288080,1,7244,4,531644,4,65234,4,4296898,4,8349079,8,12610027,108,32863,24,3236,1,22453,1,2655,1,0,0,0,0,0,0,0,0,0,0,0,0,9638,1,29927,1,502739,1,29867,1,17001,1,44,1,9559,1,4520,1,17045,1,9559,1,0,1,1240,1,1,1,0,1
249,17342200,4522,9559,28.990164,,0,11,9,108,91368,1343,2816,17250832,16,182,130,1,26140,1,40,1,562403,1,2981428,1,142712,1,13518251,1,19728,1,289031,1,7284,4,529550,4,64744,4,4275317,4,8324743,8,12564531,108,32712,24,3136,1,20539,1,2565,1,0,0,0,0,0,0,0,0,0,0,0,0,10801,1,29376,1,492259,1,29727,1,17000,1,44,1,9559,1,4522,1,17044,1,9559,1,0,1,1240,1,1,1,0,1
250,17409200,4521,9559,28.990164,,0,11,9,108,93634,1272,2806,17315566,16,182,40,1,31610,1,621,1,469606,1,3251654,1,112374,1,13436545,1,13115,1,281487,1,7224,4,528108,4,64824,4,4248596,4,8268716,8,12481703,108,32803,24,3737,1,30007,1,2575,1,0,0,0,0,0,0,0,0,0,0,0,0,10931,1,23375,1,411184,1,23866,1,16995,1,44,1,9559,1,4521,1,17039,1,9559,1,0,1,1240,1,1,1,0,1
251,17638400,4522,9559,28.990164,,0,11,9,108,172096,1313,2756,17466304,16,182,190,1,32522,1,150,1,567252,1,3196048,1,142221,1,13509414,1,18505,1,325701,1,7364,4,529851,4,64854,4,4254237,4,8292381,8,12516329,108,27533,24,3186,1,27993,1,2535,1,0,0,0,0,0,0,0,0,0,0,0,0,10851,1,29797,1,495806,1,30378,1,17008,1,36,1,9559,1,4522,1,17044,1,9559,1,0,1,1240,1,1,1,0,1
252,17491500,4523,9559,28.990164,,0,11,9,108,94318,1313,2986,17397182,16,182,180,1,32873,1,1272,1,469125,1,3243518,1,111843,1,13525295,1,13075,1,374805,1,7284,4,526074,4,64794,4,4250049,4,8273365,8,12493847,108,26580,24,3777,1,21271,1,2565,1,0,0,0,0,0,0,0,0,0,0,0,0,11101,1,25138,1,408600,1,23996,1,17010,1,36,1,9559,1,4523,1,17046,1,9559,1,0,1,1240,1,1,1,0,1
253,17403600,4523,9559,28.99017,,0,11,9,108,52586,1323,2646,17351014,16,182,210,1,34275,1,110,1,583193,1,3134711,1,113186,1,13472394,1,12935,1,284002,1,7214,4,531304,4,65285,4,4263614,4,8292381,8,12526629,108,26721,24,3316,1,21431,1,2525,1,0,0,0,0,0,0,0,0,0,0,0,0,8386,1,27352,1,517347,1,29757,1,17014,1,36,1,9559,1,4523,1,17050,1,9559,1,0,1,1240,1,1,1,0,1
254,17195100,4523,9559,28.99017,,0,11,9,108,51222,1333,2716,17143878,16,182,170,1,23515,1,90,1,464576,1,3037535,1,113336,1,13491420,1,13235,1,287408,1,7294,4,531975,4,65375,4,4265157,4,8302981,8,12538491,108,26931,24,3767,1,23365,1,2765,1,0,0,0,0,0,0,0,0,0,0,0,0,6302,1,21381,1,412497,1,24076,1,17017,1,36,1,9559,1,4523,1,17053,1,9559,1,0,1,1240,1,1,1,0,1
255,17178400,4521,9559,28.99017,,0,11,9,108,48769,1323,2745,17129631,16,182,160,1,23635,1,90,1,466951,1,3056131,1,114779,1,13454790,1,13095,1,289092,1,7645,4,532776,4,65725,4,4252213,4,8274156,8,12496913,108,26711,24,3447,1,25849,1,2565,1,0,0,0,0,0,0,0,0,0,0,0,0,6442,1,21551,1,414501,1,23976,1,17012,1,36,1,9559,1,4521,1,17048,1,9559,1,0,1,1240,1,1,1,0,1
256,17197500,4519,9559,28.99017,,0,11,9,108,71215,1403,2726,17126285,16,182,160,1,24387,1,70,1,470558,1,3050119,1,114699,1,13446053,1,20239,1,306154,1,7444,4,544499,4,65515,4,4231894,4,8254188,8,12455543,108,27813,24,3867,1,28534,1,2555,1,0,0,0,0,0,0,0,0,0,0,0,0,6182,1,21591,1,417617,1,24056,1,17011,1,36,1,9559,1,4519,1,17047,1,9559,1,0,1,1240,1,1,1,0,1
257,17267000,4519,9559,28.990171,,0,11,9,108,100579,1282,2566,17166421,16,182,120,1,29176,1,60,1,596298,1,3003881,1,118947,1,13397721,1,20219,1,305453,1,7134,4,526835,4,64954,4,4221955,4,8242806,8,12434663,108,27532,24,3146,1,21561,1,2595,1,0,0,0,0,0,0,0,0,0,0,0,0,12895,1,26751,1,523088,1,33103,1,17016,1,36,1,9559,1,4519,1,17052,1,9559,1,0,1,1240,1,1,1,0,1
258,17306200,4520,9559,28.990177,,0,11,9,108,100834,1182,2996,17205366,16,182,50,1,25649,1,120,1,584756,1,2974184,1,141069,1,13459739,1,19798,1,305323,1,7164,4,529320,4,65094,4,4256391,4,8267273,8,12490631,108,30037,24,3216,1,22242,1,2535,1,0,0,0,0,0,0,0,0,0,0,0,0,8376,1,28835,1,517137,1,29977,1,17012,1,40,1,9559,1,4520,1,17052,1,9559,1,0,1,1240,1,1,1,0,1
259,17260600,4520,9559,28.990177,,0,11,9,108,93317,1182,2736,17167283,16,182,40,1,25789,1,70,1,573554,1,3010764,1,141951,1,13395477,1,19637,1,287989,1,7134,4,529340,4,65054,4,4230221,4,8247535,8,12445895,108,29125,24,3617,1,20880,1,2525,1,0,0,0,0,0,0,0,0,0,0,0,0,10350,1,28524,1,504212,1,29767,1,17008,1,40,1,9559,1,4520,1,17048,1,9559,1,0,1,1240,1,1,1,0,1
260,17153600,4520,9559,28.990177,,0,11,9,108,91017,1182,2786,17062583,16,182,60,1,26030,1,50,1,568835,1,3006095,1,141690,1,13300235,1,19587,1,286657,1,7114,4,528929,4,65054,4,4209070,4,8176009,8,12352667,108,29626,24,3196,1,20459,1,2565,1,0,0,0,0,0,0,0,0,0,0,0,0,10951,1,30468,1,496888,1,29897,1,17005,1,40,1,9559,1,4520,1,17045,1,9559,1,0,1,1240,1,1,1,0,1
261,17201700,4519,9559,28.99018,,0,11,9,108,89923,1252,2776,17111777,16,182,40,1,25408,1,120,1,567272,1,2997349,1,142071,1,13359939,1,19577,1,302838,1,7114,4,528669,4,71737,4,4219180,4,8202439,8,12388535,108,30308,24,3256,1,20950,1,2505,1,0,0,0,0,0,0,0,0,0,0,0,0,13606,1,27422,1,496487,1,29546,1,17010,1,40,1,9559,1,4519,1,17050,1,9559,1,0,1,1240,1,1,1,0,1
262,17282600,4518,9559,28.990187,,0,11,9,108,88977,1162,2716,17193623,16,182,90,1,25479,1,50,1,568685,1,3002128,1,140939,1,13436475,1,19778,1,290033,1,7214,4,528578,4,64934,4,4238757,4,8278574,8,12484819,108,29797,24,3156,1,21521,1,2545,1,0,0,0,0,0,0,0,0,0,0,0,0,11261,1,27573,1,497048,1,32171,1,17003,1,40,1,9559,1,4518,1,17043,1,9559,1,0,1,1240,1,1,1,0,1
263,17234800,4518,9559,28.990187,,0,11,9,108,89769,1272,2586,17145031,16,182,30,1,25929,1,100,1,563345,1,3002669,1,140698,1,13392471,1,19788,1,286316,1,7073,4,527727,4,65144,4,4243777,4,8234781,8,12446365,108,29606,24,3186,1,20639,1,2555,1,0,0,0,0,0,0,0,0,0,0,0,0,9198,1,29807,1,494333,1,29707,1,17005,1,40,1,9559,1,4518,1,17045,1,9559,1,0,1,1240,1,1,1,0,1
264,17156000,4518,9559,28.990187,,0,11,9,108,91313,1192,2695,17064687,16,182,30,1,26080,1,70,1,558215,1,3024530,1,144175,1,13292150,1,19437,1,288530,1,7104,4,527837,4,65074,4,4202869,4,8173183,8,12343830,108,29526,24,3206,1,20619,1,2535,1,0,0,0,0,0,0,0,0,0,0,0,0,11011,1,28234,1,489103,1,29637,1,17010,1,40,1,9559,1,4518,1,17050,1,9559,1,0,1,1240,1,1,1,0,1
265,17301900,4518,9559,28.990187,,0,11,9,108,67609,1683,2906,17234291,16,182,20,1,25950,1,60,1,560289,1,3060870,1,118246,1,13455361,1,13496,1,340510,1,8456,4,545140,4,65144,4,4223808,4,8226054,8,12415978,108,30979,24,4158,1,37612,1,2795,1,0,0,0,0,0,0,0,0,0,0,0,0,10230,1,29366,1,490796,1,29556,1,17011,1,40,1,9559,1,4518,1,17051,1,9559,1,0,1,1240,1,1,1,0,1
266,17449200,4518,9559,28.990187,,0,11,9,108,59843,2054,3287,17389357,16,182,250,1,25028,1,120,1,480447,1,3143357,1,118135,1,13599817,1,22202,1,360728,1,8476,4,536884,4,68851,4,4245480,4,8306107,8,12517171,108,31129,24,4078,1,61788,1,5370,1,0,0,0,0,0,0,0,0,0,0,0,0,7384,1,24417,1,420863,1,27392,1,17004,1,40,1,9559,1,4518,1,17044,1,9559,1,0,1,1240,1,1,1,0,1
267,17849000,4518,9559,28.990187,,0,11,9,108,99346,1874,3036,17749654,16,182,501,1,41349,1,220,1,466720,1,3511900,1,156819,1,13552567,1,19577,1,471129,1,7354,4,531945,4,65204,4,4220141,4,8223199,8,12410347,108,29957,24,3807,1,25338,1,2575,1,0,0,0,0,0,0,0,0,0,0,0,0,7454,1,25418,1,406826,1,26631,1,17009,1,40,1,9559,1,4518,1,17049,1,9559,1,0,1,1240,1,1,1,0,1
268,17330100,4518,9559,28.990187,,0,11,9,108,108173,1292,2566,17221927,16,182,40,1,31340,1,70,1,571320,1,3015082,1,145778,1,13438840,1,19457,1,300163,1,7154,4,531213,4,65315,4,4237925,4,8268155,8,12472655,108,30859,24,3597,1,21501,1,2525,1,0,0,0,0,0,0,0,0,0,0,0,0,13145,1,29356,1,498892,1,29707,1,17011,1,40,1,9559,1,4518,1,17051,1,9559,1,0,1,1240,1,1,1,0,1
269,17297900,4518,9559,28.990187,,0,11,9,108,95640,1192,2696,17202260,16,182,40,1,25839,1,130,1,570158,1,3006847,1,144035,1,13435894,1,19317,1,286036,1,7124,4,529260,4,65154,4,4249848,4,8270349,8,12486512,108,30989,24,3116,1,21291,1,2525,1,0,0,0,0,0,0,0,0,0,0,0,0,11442,1,29697,1,498621,1,30117,1,17009,1,40,1,9559,1,4518,1,17049,1,9559,1,0,1,1240,1,1,1,0,1
270,17292800,4518,9559,28.990187,,0,11,9,108,92073,1232,2706,17200727,16,182,40,1,25609,1,40,1,573083,1,3001677,1,147932,1,13432808,1,19537,1,288871,1,7174,4,531193,4,65104,4,4248365,4,8264448,8,12479609,108,30498,24,3126,1,20770,1,2525,1,0,0,0,0,0,0,0,0,0,0,0,0,13496,1,29035,1,500064,1,30007,1,17008,1,40,1,9559,1,4518,1,17048,1,9559,1,0,1,1240,1,1,1,0,1
271,17288700,4518,9559,28.990187,,0,11,9,108,90708,1212,2545,17197992,16,182,30,1,25479,1,70,1,570689,1,2994293,1,148213,1,13439491,1,19728,1,288130,1,7204,4,528408,4,65375,4,4250760,4,8272834,8,12490630,108,30418,24,3126,1,19918,1,2525,1,0,0,0,0,0,0,0,0,0,0,0,0,13195,1,27723,1,499062,1,30398,1,17007,1,40,1,9559,1,4518,1,17047,1,9559,1,0,1,1240,1,1,1,0,1
272,17287400,4518,9559,28.990187,,0,11,9,108,92504,1393,2665,17194896,16,182,30,1,25950,1,80,1,566831,1,2993000,1,144656,1,13444370,1,19978,1,285815,1,8206,4,531143,4,66787,4,4232976,4,8265059,8,12465102,108,30268,24,3978,1,46338,1,2675,1,0,0,0,0,0,0,0,0,0,0,0,0,13536,1,28615,1,494664,1,29767,1,17004,1,40,1,9559,1,4518,1,17044,1,9559,1,0,1,1240,1,1,1,0,1
273,17278000,4518,9559,28.990187,,0,11,9,108,66563,1252,2626,17211437,16,182,140,1,26661,1,80,1,471129,1,3141043,1,117484,1,13432347,1,22553,1,357672,1,7204,4,528538,4,64894,4,4226403,4,8212188,8,12405547,108,30418,24,3206,1,28414,1,2575,1,0,0,0,0,0,0,0,0,0,0,0,0,7284,1,23856,1,414902,1,24477,1,17011,1,40,1,9559,1,4518,1,17051,1,9559,1,0,1,1240,1,1,1,0,1
274,17221700,4518,9559,28.990187,,0,11,9,108,91237,1212,2635,17130463,16,182,50,1,25539,1,50,1,572943,1,3026454,1,146149,1,13339220,1,20058,1,302677,1,7104,4,528849,4,65054,4,4214571,4,8192360,8,12374218,108,30077,24,3196,1,21651,1,2545,1,0,0,0,0,0,0,0,0,0,0,0,0,13516,1,27452,1,501757,1,29647,1,17013,1,40,1,9559,1,4518,1,17053,1,9559,1,0,1,1240,1,1,1,0,1
275,17484200,4518,9559,28.990187,,0,11,9,108,78001,1373,3106,17406199,16,182,70,1,26230,1,60,1,564136,1,2997549,1,178420,1,13620045,1,19688,1,370507,1,7885,4,564407,4,64884,4,4357834,4,8225864,8,12550494,108,30097,24,3386,1,21361,1,2545,1,0,0,0,0,0,0,0,0,0,0,0,0,13426,1,29346,1,491778,1,29416,1,17017,1,40,1,9559,1,4518,1,17057,1,9559,1,0,1,1240,1,1,1,0,1
276,17214300,4519,9559,28.990183,,0,11,9,108,92474,1082,2766,17121826,16,182,100,1,33484,1,110,1,467462,1,3224803,1,112845,1,13263024,1,19998,1,312837,1,7214,4,528548,4,64994,4,4175486,4,8145150,8,12287803,108,30067,24,3156,1,21942,1,2615,1,0,0,0,0,0,0,0,0,0,0,0,0,10019,1,24106,1,406656,1,26471,1,17013,1,40,1,9559,1,4519,1,17053,1,9559,1,0,1,1240,1,1,1,0,1
277,17590500,4518,9559,28.990183,,0,11,9,108,105972,1423,2776,17484528,16,182,200,1,59644,1,140,1,470548,1,3186840,1,145818,1,13607962,1,13376,1,379254,1,7544,4,562233,4,65174,4,4350941,4,8206988,8,12525066,108,30087,24,3336,1,27302,1,3767,1,0,0,0,0,0,0,0,0,0,0,0,0,11302,1,22523,1,412367,1,23976,1,17010,1,40,1,9559,1,4518,1,17050,1,9559,1,0,1,1240,1,1,1,0,1
278,17218600,4518,9559,28.990183,,0,11,9,108,49804,1483,2936,17168796,16,182,160,1,24246,1,90,1,469636,1,3097780,1,114839,1,13448869,1,13175,1,376909,1,7284,4,529751,4,65605,4,4240761,4,8196107,8,12404075,108,29857,24,3396,1,25028,1,2545,1,0,0,0,0,0,0,0,0,0,0,0,0,6943,1,22082,1,415903,1,24286,1,17008,1,40,1,9559,1,4518,1,17048,1,9559,1,0,1,1240,1,1,1,0,1
279,17385200,4519,9559,28.990183,,0,11,9,108,100413,1583,3447,17284787,16,182,150,1,29406,1,160,1,591478,1,3170058,1,145137,1,13328930,1,19467,1,297948,1,7254,4,527456,4,65134,4,4190425,4,8209272,8,12366072,108,30177,24,3757,1,23505,1,2595,1,0,0,0,0,0,0,0,0,0,0,0,0,11662,1,27613,1,515273,1,36450,1,17019,1,40,1,9559,1,4519,1,17059,1,9559,1,0,1,1240,1,1,1,0,1
280,17173500,4518,9559,28.990183,,0,11,9,108,92551,1242,2705,17080949,16,182,100,1,25689,1,40,1,572703,1,2991438,1,145157,1,13326485,1,19337,1,293770,1,7104,4,528999,4,65345,4,4200494,4,8201738,8,12368177,108,31350,24,3216,1,22052,1,2525,1,0,0,0,0,0,0,0,0,0,0,0,0,11973,1,28675,1,501807,1,29887,1,17022,1,40,1,9559,1,4518,1,17062,1,9559,1,0,1,1240,1,1,1,0,1
281,17151600,4520,9559,28.990183,,0,11,9,108,91942,1182,2616,17059658,16,182,30,1,25879,1,140,1,568465,1,2985707,1,141239,1,13318730,1,19467,1,289633,1,7474,4,529681,4,65164,4,4198039,4,8200275,8,12366293,108,29406,24,3186,1,21591,1,2505,1,0,0,0,0,0,0,0,0,0,0,0,0,9628,1,29546,1,498882,1,29967,1,17023,1,40,1,9559,1,4520,1,17063,1,9559,1,0,1,1240,1,1,1,0,1
282,17120400,4520,9559,28.990185,,0,11,9,108,89888,1212,2646,17030512,16,182,20,1,26190,1,50,1,568324,1,2986338,1,141400,1,13288503,1,19688,1,287188,1,7144,4,528428,4,66647,4,4192038,4,8179536,8,12339531,108,29396,24,3116,1,20659,1,2535,1,0,0,0,0,0,0,0,0,0,0,0,0,13295,1,26831,1,498201,1,29797,1,17016,1,40,1,9559,1,4520,1,17056,1,9559,1,0,1,1240,1,1,1,0,1
283,17048700,4518,9559,28.990185,,0,11,9,108,91277,1132,2746,16957423,16,182,20,1,25759,1,130,1,564928,1,2971539,1,140688,1,13234259,1,20098,1,290114,1,7114,4,528218,4,65244,4,4182249,4,8134670,8,12284356,108,29817,24,3126,1,19878,1,2515,1,0,0,0,0,0,0,0,0,0,0,0,0,12634,1,26180,1,496006,1,29887,1,17020,1,40,1,9559,1,4518,1,17060,1,9559,1,0,1,1240,1,1,1,0,1
284,17155000,4518,9559,28.990185,,0,11,9,108,97296,1282,3226,17057704,16,182,20,1,25489,1,130,1,563255,1,2969766,1,141440,1,13337606,1,19998,1,286356,1,8877,4,528027,4,66838,4,4188591,4,8211937,8,12367856,108,29446,24,3958,1,38854,1,2886,1,0,0,0,0,0,0,0,0,0,0,0,0,14558,1,26220,1,492520,1,29687,1,17018,1,40,1,9559,1,4518,1,17058,1,9559,1,0,1,1240,1,1,1,0,1
285,17347700,4519,9559,28.990185,,0,11,9,108,93040,1833,2606,17254660,16,182,130,1,26300,1,210,1,574366,1,3057984,1,154485,1,13421296,1,19888,1,385385,1,7254,4,528919,4,64954,4,4199953,4,8192240,8,12359790,108,29797,24,3917,1,34265,1,2575,1,0,0,0,0,0,0,0,0,0,0,0,0,13135,1,28595,1,506877,1,25218,1,17019,1,40,1,9559,1,4519,1,17059,1,9559,1,0,1,1240,1,1,1,0,1
286,17224100,4520,9559,28.990185,,0,11,9,108,92886,1232,2675,17131214,16,182,40,1,26400,1,70,1,567924,1,2991848,1,141630,1,13383634,1,19668,1,340690,1,7084,4,529039,4,65074,4,4205794,4,8201377,8,12374960,108,29536,24,3226,1,27573,1,2545,1,0,0,0,0,0,0,0,0,0,0,0,0,11251,1,29196,1,497169,1,29937,1,17022,1,40,1,9559,1,4520,1,17062,1,9559,1,0,1,1240,1,1,1,0,1
287,17291800,4519,9559,28.990185,,0,11,9,108,91754,1353,2997,17200046,16,182,40,1,26100,1,40,1,565649,1,3017096,1,114188,1,13456012,1,20920,1,327505,1,8466,4,529490,4,67839,4,4217657,4,8247916,8,12433160,108,29416,24,4008,1,48673,1,3106,1,0,0,0,0,0,0,0,0,0,0,0,0,11692,1,28595,1,493311,1,31430,1,17028,1,40,1,9559,1,4519,1,17068,1,9559,1,0,1,1240,1,1,1,0,1
288,17705800,4520,9559,28.990185,,0,11,9,108,84330,1242,2675,17621470,16,182,220,1,27482,1,561,1,562744,1,3305056,1,147491,1,13557927,1,19988,1,474265,1,7084,4,529019,4,64954,4,4208830,4,8221997,8,12398384,108,29767,24,3757,1,44264,1,2515,1,0,0,0,0,0,0,0,0,0,0,0,0,8887,1,31280,1,490265,1,31921,1,17031,1,40,1,9559,1,4520,1,17071,1,9559,1,0,1,1240,1,1,1,0,1
289,17291600,4518,9559,28.990185,,0,11,9,108,91845,1353,2616,17199755,16,182,20,1,26861,1,60,1,573003,1,3069807,1,146329,1,13363907,1,19768,1,375897,1,7164,4,530342,4,65204,4,4187289,4,8162022,8,12317299,108,29396,24,3487,1,28575,1,2575,1,0,0,0,0,0,0,0,0,0,0,0,0,12995,1,28074,1,500765,1,30879,1,17017,1,40,1,9559,1,4518,1,17057,1,9559,1,0,1,1240,1,1,1,0,1
290,17242400,4517,9559,28.99019,,0,11,9,108,93061,1292,2666,17149339,16,182,30,1,26380,1,110,1,568424,1,3012808,1,143183,1,13378655,1,19748,1,318949,1,7234,4,544799,4,65114,4,4202518,4,8204824,8,12375390,108,29286,24,3226,1,28164,1,2535,1,0,0,0,0,0,0,0,0,0,0,0,0,14878,1,28564,1,494283,1,30408,1,17015,1,40,1,9559,1,4517,1,17055,1,9559,1,0,1,1240,1,1,1,0,1
291,17305600,4517,9559,28.99019,,0,11,9,108,91818,1443,3597,17213782,16,182,40,1,26230,1,50,1,558145,1,2997459,1,119127,1,13493334,1,19397,1,368333,1,8206,4,567643,4,65064,4,4261500,4,8189985,8,12418643,108,29246,24,3497,1,25108,1,2555,1,0,0,0,0,0,0,0,0,0,0,0,0,8717,1,29837,1,489384,1,29897,1,17016,1,40,1,9559,1,4517,1,17056,1,9559,1,0,1,1240,1,1,1,0,1
292,17386500,4519,9559,28.99019,,0,11,9,108,62889,1232,2866,17323611,16,182,271,1,26120,1,120,1,585838,1,3336466,1,114008,1,13246783,1,14007,1,301295,1,7544,4,535542,4,65114,4,4167000,4,8140731,8,12275430,108,29436,24,3326,1,22443,1,2555,1,0,0,0,0,0,0,0,0,0,0,0,0,13756,1,27643,1,514021,1,30007,1,17022,1,40,1,9559,1,4519,1,17062,1,9559,1,0,1,1240,1,1,1,0,1
293,17206500,4517,9559,28.990187,,0,11,9,108,148185,1443,2816,17058315,16,182,571,1,27322,1,170,1,584906,1,3026675,1,148824,1,13250320,1,19527,1,285735,1,7224,4,529570,4,65254,4,4181538,4,8152043,8,12301379,108,29386,24,3366,1,21561,1,2585,1,0,0,0,0,0,0,0,0,0,0,0,0,8536,1,29456,1,516606,1,29897,1,17011,1,40,1,9559,1,4517,1,17051,1,9559,1,0,1,1240,1,1,1,0,1
294,17319600,4517,9559,28.990185,,0,11,9,108,165322,1403,2625,17154278,16,182,190,1,37221,1,160,1,586098,1,3027676,1,142853,1,13342436,1,17644,1,347423,1,7434,4,564226,4,64934,4,4223017,4,8106186,8,12296991,108,29586,24,3887,1,21371,1,2555,1,0,0,0,0,0,0,0,0,0,0,0,0,8536,1,28524,1,518690,1,29957,1,17014,1,40,1,9559,1,4517,1,17054,1,9559,1,0,1,1240,1,1,1,0,1
295,17460200,4516,9559,28.990192,,0,11,9,108,164211,1393,2745,17295989,16,182,461,1,32221,1,130,1,585387,1,3130483,1,139306,1,13391559,1,16441,1,302507,1,7354,4,529911,4,65134,4,4214330,4,8238899,8,12417762,108,32722,24,3657,1,25839,1,2535,1,0,0,0,0,0,0,0,0,0,0,0,0,7174,1,29827,1,518119,1,29827,1,17017,1,40,1,9559,1,4516,1,17057,1,9559,1,0,1,1240,1,1,1,0,1
296,17354600,4516,9559,28.990198,,0,11,9,108,94841,1292,2676,17259759,16,182,210,1,32923,1,802,1,471580,1,3237637,1,112795,1,13390758,1,13055,1,293590,1,7204,4,531734,4,65094,4,4227576,4,8235051,8,12429854,108,30097,24,3447,1,23244,1,2525,1,0,0,0,0,0,0,0,0,0,0,0,0,10751,1,23785,1,412657,1,24076,1,17015,1,40,1,9559,1,4516,1,17055,1,9559,1,0,1,1240,1,1,1,0,1
297,17521000,4515,9559,28.990198,,0,11,9,108,204973,1443,2686,17316027,16,182,190,1,36910,1,110,1,585898,1,3160149,1,152501,1,13360771,1,19497,1,367150,1,7715,4,539459,4,65435,4,4193360,4,8158957,8,12319343,108,30288,24,3276,1,21361,1,2615,1,0,0,0,0,0,0,0,0,0,0,0,0,8286,1,28885,1,518539,1,29727,1,17014,1,40,1,9559,1,4515,1,17054,1,9559,1,0,1,1240,1,1,1,0,1
298,17512500,4515,9559,28.990196,,0,11,9,108,145867,1533,2726,17366633,16,182,160,1,38023,1,100,1,586228,1,3089715,1,140288,1,13490007,1,22112,1,351430,1,7534,4,565840,4,65485,4,4300845,4,8168394,8,12436396,108,30117,24,3356,1,21471,1,4118,1,0,0,0,0,0,0,0,0,0,0,0,0,12334,1,26921,1,516566,1,29997,1,17015,1,40,1,9559,1,4515,1,17055,1,9559,1,0,1,1240,1,1,1,0,1
299,17321200,4515,9559,28.990194,,0,11,9,108,124671,1282,2755,17196529,16,182,170,1,38313,1,180,1,597580,1,3187381,1,111463,1,13243838,1,17604,1,289442,1,7114,4,529360,4,64904,4,4180225,4,8142946,8,12289958,108,30458,24,3386,1,22573,1,2605,1,0,0,0,0,0,0,0,0,0,0,0,0,12243,1,27472,1,527276,1,30127,1,17016,1,40,1,9559,1,4515,1,17056,1,9559,1,0,1,1240,1,1,1,0,1
300,17525500,4515,9559,28.990194,,0,11,9,108,163065,1393,2855,17362435,16,182,511,1,30929,1,130,1,588413,1,3308452,1,139446,1,13278073,1,16481,1,300073,1,7214,4,528318,4,64834,4,4195064,4,8151712,8,12313102,108,30819,24,3707,1,23214,1,2545,1,0,0,0,0,0,0,0,0,0,0,0,0,8646,1,29065,1,520313,1,29967,1,17018,1,40,1,9559,1,4515,1,17058,1,9559,1,0,1,1240,1,1,1,0,1
301,17203800,4515,9559,28.990194,,0,11,9,108,95520,1252,2685,17108280,16,182,150,1,33674,1,291,1,473213,1,3232658,1,113016,1,13242144,1,13135,1,282880,1,7294,4,528969,4,65254,4,4181037,4,8148086,8,12296189,108,30248,24,3336,1,21491,1,2545,1,0,0,0,0,0,0,0,0,0,0,0,0,11732,1,23986,1,413198,1,23966,1,17016,1,40,1,9559,1,4515,1,17056,1,9559,1,0,1,1240,1,1,1,0,1
302,17517900,4515,9559,28.990194,,0,11,9,108,171485,1423,2926,17346415,16,182,190,1,31650,1,170,1,567533,1,3168866,1,142492,1,13419072,1,16441,1,298640,1,7204,4,531083,4,68010,4,4260338,4,8223289,8,12450032,108,30669,24,3457,1,23084,1,2545,1,0,0,0,0,0,0,0,0,0,0,0,0,11241,1,28084,1,497289,1,30658,1,17019,1,40,1,9559,1,4515,1,17059,1,9559,1,0,1,1240,1,1,1,0,1
303,17418600,4516,9559,28.990194,,0,11,9,108,122762,1192,2845,17295838,16,182,140,1,32242,1,230,1,465889,1,3286160,1,111673,1,13383143,1,16361,1,281317,1,7144,4,529831,4,65044,4,4218579,4,8252034,8,12437279,108,30488,24,3376,1,22072,1,2555,1,0,0,0,0,0,0,0,0,0,0,0,0,10841,1,23425,1,407267,1,23936,1,17017,1,40,1,9559,1,4516,1,17057,1,9559,1,0,1,1240,1,1,1,0,1
304,17405600,4515,9559,28.990194,,0,11,9,108,47663,1272,2865,17357937,16,182,100,1,30679,1,90,1,590426,1,3200616,1,114048,1,13409073,1,12905,1,281257,1,7154,4,530472,4,67409,4,4231203,4,8262213,8,12459762,108,30789,24,3727,1,21772,1,2595,1,0,0,0,0,0,0,0,0,0,0,0,0,8336,1,27162,1,524681,1,29857,1,17014,1,40,1,9559,1,4515,1,17054,1,9559,1,0,1,1240,1,1,1,0,1
305,17052700,4517,9559,28.990194,,0,11,9,108,47636,1363,3256,17005064,16,182,180,1,23675,1,60,1,465087,1,3042905,1,113617,1,13346483,1,13055,1,283952,1,7444,4,530522,4,65315,4,4213759,4,8215454,8,12395208,108,30749,24,3938,1,22192,1,2545,1,0,0,0,0,0,0,0,0,0,0,0,0,6743,1,21621,1,412557,1,23845,1,17016,1,40,1,9559,1,4517,1,17056,1,9559,1,0,1,1240,1,1,1,0,1
306,17047600,4517,9559,28.990194,,0,11,9,108,52976,1282,2695,16994624,16,182,160,1,23575,1,90,1,469917,1,3048556,1,113907,1,13325012,1,13406,1,285054,1,7294,4,532496,4,65565,4,4211114,4,8193592,8,12371213,108,30798,24,3346,1,22713,1,2555,1,0,0,0,0,0,0,0,0,0,0,0,0,6853,1,21772,1,416996,1,23966,1,17012,1,40,1,9559,1,4517,1,17052,1,9559,1,0,1,1240,1,1,1,0,1
307,17453200,4517,9559,28.990194,,0,11,9,108,172400,1342,2856,17280800,16,182,170,1,27022,1,190,1,473804,1,3312059,1,138554,1,13312669,1,16331,1,305573,1,7324,4,541593,4,65084,4,4184013,4,8177772,8,12328261,108,30669,24,3767,1,23595,1,2605,1,0,0,0,0,0,0,0,0,0,0,0,0,7384,1,25970,1,415623,1,24427,1,17012,1,40,1,9559,1,4517,1,17052,1,9559,1,0,1,1240,1,1,1,0,1
308,17183100,4516,9559,28.990194,,0,11,9,108,99587,1393,2736,17083513,16,182,170,1,25248,1,160,1,581379,1,3012407,1,146730,1,13298061,1,19357,1,295143,1,7384,4,536013,4,65074,4,4197989,4,8167623,8,12332318,108,30558,24,3266,1,21631,1,2545,1,0,0,0,0,0,0,0,0,0,0,0,0,9107,1,29947,1,513600,1,28304,1,17013,1,40,1,9559,1,4516,1,17053,1,9559,1,0,1,1240,1,1,1,0,1
309,17300500,4516,9559,28.990194,,0,11,9,108,81168,1443,3547,17219332,16,182,90,1,28354,1,150,1,570278,1,3005354,1,144586,1,13457465,1,13055,1,374735,1,7855,4,566831,4,65375,4,4210523,4,8198802,8,12374619,108,31159,24,4188,1,24787,1,2926,1,0,0,0,0,0,0,0,0,0,0,0,0,13285,1,26791,1,499683,1,30097,1,17016,1,40,1,9559,1,4516,1,17056,1,9559,1,0,1,1240,1,1,1,0,1
310,17021100,4516,9559,28.990194,,0,11,9,108,48438,1172,2786,16972662,16,182,170,1,25980,1,80,1,466550,1,3061160,1,113206,1,13292621,1,12895,1,286567,1,7164,4,529280,4,65645,4,4189353,4,8183443,8,12339191,108,30819,24,3657,1,23695,1,2645,1,0,0,0,0,0,0,0,0,0,0,0,0,6773,1,21852,1,413018,1,24487,1,17016,1,40,1,9559,1,4516,1,17056,1,9559,1,0,1,1240,1,1,1,0,1
311,17697000,4516,9559,28.990194,,0,11,9,108,137569,1483,2566,17559431,16,182,190,1,31290,1,70,1,584916,1,3278275,1,154254,1,13497431,1,13005,1,343756,1,7444,4,563665,4,65385,4,4292239,4,8195656,8,12454330,108,30999,24,3316,1,21952,1,2535,1,0,0,0,0,0,0,0,0,0,0,0,0,11853,1,30087,1,512388,1,29787,1,17014,1,40,1,9559,1,4516,1,17054,1,9559,1,0,1,1240,1,1,1,0,1
312,17528500,4515,9559,28.990194,,0,11,9,108,180011,1483,3047,17348489,16,182,210,1,33013,1,120,1,578874,1,3161131,1,139807,1,13418761,1,16572,1,298359,1,7354,4,528478,4,65004,4,4237384,4,8249880,8,12453619,108,30598,24,3607,1,24597,1,2615,1,0,0,0,0,0,0,0,0,0,0,0,0,18746,1,29456,1,500535,1,29717,1,17012,1,40,1,9559,1,4515,1,17052,1,9559,1,0,1,1240,1,1,1,0,1
313,17482100,4515,9559,28.990194,,0,11,9,108,96821,1302,2906,17385279,16,182,150,1,32853,1,230,1,469846,1,3281932,1,124227,1,13462385,1,13656,1,377280,1,7194,4,526605,4,64974,4,4220673,4,8230603,8,12417471,108,30899,24,3807,1,27152,1,2795,1,0,0,0,0,0,0,0,0,0,0,0,0,11071,1,24256,1,410132,1,24096,1,17012,1,40,1,9559,1,4515,1,17052,1,9559,1,0,1,1240,1,1,1,0,1
314,17699700,4515,9559,28.990194,,0,11,9,108,180165,1393,2716,17519535,16,182,281,1,33093,1,120,1,563325,1,3201618,1,152250,1,13551815,1,17032,1,351611,1,7534,4,562523,4,67359,4,4375869,4,8157534,8,12500709,108,29977,24,3737,1,21691,1,2565,1,0,0,0,0,0,0,0,0,0,0,0,0,11813,1,27813,1,493071,1,30188,1,17013,1,40,1,9559,1,4515,1,17053,1,9559,1,0,1,1240,1,1,1,0,1
315,17534000,4517,9559,28.990194,,0,11,9,108,173368,1944,3017,17360632,16,182,571,1,32702,1,120,1,585487,1,3224853,1,140157,1,13359639,1,17103,1,298049,1,8987,4,527426,4,68681,4,4195444,4,8197810,8,12359981,108,30257,24,4428,1,51558,1,5310,1,0,0,0,0,0,0,0,0,0,0,0,0,9608,1,31210,1,514512,1,29787,1,17014,1,40,1,9559,1,4517,1,17054,1,9559,1,0,1,1240,1,1,1,0,1
316,17352500,4515,9559,28.990194,,0,11,9,108,86709,1443,2696,17265791,16,182,311,1,43283,1,170,1,475257,1,3278114,1,113707,1,13341784,1,13165,1,438927,1,7164,4,526294,4,64984,4,4160478,4,8113079,8,12240563,108,30298,24,3797,1,23064,1,2555,1,0,0,0,0,0,0,0,0,0,0,0,0,12534,1,26941,1,408419,1,26991,1,17012,1,40,1,9559,1,4515,1,17052,1,9559,1,0,1,1240,1,1,1,0,1
317,17516900,4517,9559,28.990194,,0,11,9,108,173240,1473,2726,17343660,16,182,210,1,34346,1,130,1,570018,1,3242096,1,152631,1,13326806,1,17423,1,351430,1,7514,4,563275,4,64824,4,4214611,4,8095866,8,12274879,108,32872,24,3346,1,21932,1,2535,1,0,0,0,0,0,0,0,0,0,0,0,0,12694,1,29516,1,497780,1,29777,1,17013,1,44,1,9559,1,4517,1,17057,1,9559,1,0,1,1240,1,1,1,0,1
318,17313900,4516,9559,28.990192,,0,11,9,108,166254,1383,2796,17147646,16,182,291,1,32973,1,130,1,585086,1,3147375,1,139797,1,13225593,1,16401,1,299081,1,7354,4,528679,4,64964,4,4171118,4,8125512,8,12260301,108,33534,24,3286,1,21611,1,2605,1,0,0,0,0,0,0,0,0,0,0,0,0,8616,1,29747,1,516245,1,29977,1,17012,1,44,1,9559,1,4516,1,17056,1,9559,1,0,1,1240,1,1,1,0,1
319,17253400,4516,9559,28.99019,,0,11,9,108,146302,2094,2705,17107098,16,182,160,1,32091,1,220,1,471750,1,3293313,1,111272,1,13177060,1,21231,1,283902,1,7174,4,532626,4,65555,4,4149166,4,8086248,8,12199535,108,33173,24,3396,1,44315,1,2585,1,0,0,0,0,0,0,0,0,0,0,0,0,11221,1,29546,1,406816,1,23856,1,17016,1,44,1,9559,1,4516,1,17060,1,9559,1,0,1,1240,1,1,1,0,1
320,17371500,4515,9559,28.990196,,0,11,9,108,173368,1252,2776,17198132,16,182,110,1,31169,1,431,1,584595,1,3211417,1,139015,1,13214962,1,16431,1,296025,1,7274,4,526735,4,64974,4,4160428,4,8130402,8,12254820,108,33233,24,3246,1,22072,1,2555,1,0,0,0,0,0,0,0,0,0,0,0,0,8677,1,27472,1,518008,1,29987,1,17013,1,44,1,9559,1,4515,1,17057,1,9559,1,0,1,1240,1,1,1,0,1
321,17479500,4515,9559,28.990198,,0,11,9,108,117225,1413,2776,17362275,16,182,90,1,32502,1,281,1,465638,1,3178063,1,143854,1,13528751,1,13095,1,344387,1,7605,4,561521,4,65254,4,4388362,4,8131524,8,12483968,108,33143,24,3366,1,22723,1,2595,1,0,0,0,0,0,0,0,0,0,0,0,0,11322,1,21521,1,408680,1,23866,1,17013,1,44,1,9559,1,4515,1,17057,1,9559,1,0,1,1240,1,1,1,0,1
322,17375300,4517,9559,28.990198,,0,11,9,108,139687,1323,2836,17235613,16,182,190,1,33644,1,210,1,584826,1,3105264,1,139947,1,13357835,1,13696,1,318157,1,7655,4,528348,4,65745,4,4215102,4,8158475,8,12337477,108,33263,24,3807,1,55686,1,3537,1,0,0,0,0,0,0,0,0,0,0,0,0,10991,1,32352,1,503060,1,37862,1,17012,1,44,1,9559,1,4517,1,17056,1,9559,1,0,1,1240,1,1,1,0,1
323,17354000,4517,9559,28.990198,,0,11,9,108,79803,1413,2746,17274197,16,182,260,1,35518,1,90,1,577171,1,3133348,1,113607,1,13400296,1,13907,1,411736,1,7364,4,535542,4,65786,4,4175827,4,8164256,8,12304274,108,33063,24,3627,1,32191,1,2555,1,0,0,0,0,0,0,0,0,0,0,0,0,8366,1,28564,1,514882,1,24938,1,17010,1,44,1,9559,1,4517,1,17054,1,9559,1,0,1,1240,1,1,1,0,1
324,17318300,4517,9559,28.990198,,0,11,9,108,57469,1944,3106,17260831,16,182,160,1,24046,1,90,1,469886,1,3133478,1,117945,1,13500638,1,14588,1,437976,1,7725,4,533177,4,65765,4,4220152,4,8179025,8,12362335,108,33734,24,4288,1,47791,1,2795,1,0,0,0,0,0,0,0,0,0,0,0,0,7605,1,23725,1,413789,1,24236,1,17012,1,44,1,9559,1,4517,1,17056,1,9559,1,0,1,1240,1,1,1,0,1
325,17344700,4516,9559,28.990194,,0,11,9,108,69341,1443,3457,17275359,16,182,872,1,26410,1,441,1,470057,1,3214413,1,118226,1,13424953,1,19988,1,430501,1,7264,4,528448,4,67158,4,4184614,4,8165228,8,12313032,108,33354,24,3126,1,34586,1,2585,1,0,0,0,0,0,0,0,0,0,0,0,0,7945,1,26060,1,408610,1,26420,1,17009,1,44,1,9559,1,4516,1,17053,1,9559,1,0,1,1240,1,1,1,0,1
326,17219600,4516,9559,28.990189,,0,11,9,108,93846,1212,2676,17125754,16,182,180,1,26120,1,90,1,583794,1,3048386,1,145878,1,13301618,1,19688,1,311855,1,7104,4,527336,4,67238,4,4194062,4,8164547,8,12322840,108,33093,24,3226,1,22493,1,2545,1,0,0,0,0,0,0,0,0,0,0,0,0,13917,1,29997,1,514542,1,24817,1,17011,1,44,1,9559,1,4516,1,17055,1,9559,1,0,1,1240,1,1,1,0,1
327,17145600,4516,9559,28.990189,,0,11,9,108,92264,1242,2796,17053336,16,182,20,1,25729,1,60,1,576239,1,2978032,1,142071,1,13311587,1,19597,1,330681,1,7244,4,528548,4,65034,4,4186708,4,8166611,8,12317510,108,33013,24,3096,1,19888,1,2535,1,0,0,0,0,0,0,0,0,0,0,0,0,13546,1,29035,1,502920,1,30468,1,17007,1,44,1,9559,1,4516,1,17051,1,9559,1,0,1,1240,1,1,1,0,1
328,17123100,4515,9559,28.990189,,0,11,9,108,93430,1232,2555,17029670,16,182,10,1,25769,1,70,1,569416,1,2988171,1,144105,1,13282662,1,19467,1,292558,1,7134,4,528468,4,65214,4,4188481,4,8173895,8,12329202,108,30618,24,3577,1,19577,1,2525,1,0,0,0,0,0,0,0,0,0,0,0,0,13646,1,28374,1,497068,1,30067,1,17010,1,40,1,9559,1,4515,1,17050,1,9559,1,0,1,1240,1,1,1,0,1
329,17057100,4514,9559,28.990189,,0,11,9,108,96381,1222,2636,16960719,16,182,70,1,25729,1,50,1,568805,1,2968173,1,142121,1,13236474,1,19297,1,301165,1,7073,4,527577,4,65214,4,4173683,4,8135121,8,12276000,108,30168,24,3076,1,19808,1,2535,1,0,0,0,0,0,0,0,0,0,0,0,0,12895,1,29146,1,496327,1,30077,1,17004,1,40,1,9559,1,4514,1,17044,1,9559,1,0,1,1240,1,1,1,0,1
330,17157400,4515,9559,28.990189,,0,11,9,108,99576,1322,2787,17057824,16,182,30,1,38844,1,60,1,566581,1,2957292,1,141059,1,13333779,1,20178,1,298770,1,11542,4,548787,4,66717,4,4187650,4,8169276,8,12324693,108,29446,24,3406,1,43774,1,2535,1,0,0,0,0,0,0,0,0,0,0,0,0,12444,1,28234,1,495325,1,30368,1,17009,1,40,1,9559,1,4515,1,17049,1,9559,1,0,1,1240,1,1,1,0,1
331,17343400,4513,9559,28.990189,,0,11,9,108,70195,1473,2906,17273205,16,182,40,1,26681,1,70,1,466610,1,3096207,1,135809,1,13528400,1,19387,1,451882,1,7915,4,561722,4,64974,4,4297058,4,8095776,8,12359520,108,30408,24,3326,1,41680,1,2595,1,0,0,0,0,0,0,0,0,0,0,0,0,6813,1,24296,1,408499,1,26531,1,17003,1,40,1,9559,1,4513,1,17043,1,9559,1,0,1,1240,1,1,1,0,1
332,17155200,4513,9559,28.990189,,0,11,9,108,92076,1292,3627,17063124,16,182,160,1,25919,1,110,1,575077,1,3035511,1,144145,1,13262583,1,19617,1,330901,1,7164,4,527737,4,65174,4,4169565,4,8130352,8,12266954,108,29336,24,3136,1,24527,1,2735,1,0,0,0,0,0,0,0,0,0,0,0,0,12444,1,27512,1,505003,1,29707,1,17007,1,40,1,9559,1,4513,1,17047,1,9559,1,0,1,1240,1,1,1,0,1
333,17136400,4512,9559,28.990185,,0,11,9,108,58888,1242,2756,17077512,16,182,100,1,26050,1,50,1,567763,1,3168605,1,111172,1,13190496,1,13275,1,312115,1,7254,4,530432,4,65194,4,4149908,4,8096297,8,12214413,108,29035,24,3326,1,22202,1,2525,1,0,0,0,0,0,0,0,0,0,0,0,0,11322,1,27663,1,497169,1,31360,1,17003,1,40,1,9559,1,4512,1,17043,1,9559,1,0,1,1240,1,1,1,0,1
334,16907100,4513,9559,28.990185,,0,11,9,108,59818,1282,3477,16847282,16,182,170,1,24467,1,80,1,464556,1,3029800,1,112815,1,13195676,1,19718,1,297568,1,7214,4,528899,4,65315,4,4160057,4,8107899,8,12235283,108,29196,24,3386,1,21501,1,2555,1,0,0,0,0,0,0,0,0,0,0,0,0,6763,1,21762,1,411776,1,23936,1,17013,1,40,1,9559,1,4513,1,17053,1,9559,1,0,1,1240,1,1,1,0,1
335,17256000,4514,9559,28.990185,,0,11,9,108,159362,1313,2846,17096638,16,182,50,1,31801,1,180,1,589314,1,3138849,1,153523,1,13166460,1,16461,1,303339,1,7304,4,527827,4,64804,4,4139959,4,8093381,8,12204534,108,25960,24,3206,1,22804,1,2525,1,0,0,0,0,0,0,0,0,0,0,0,0,8316,1,28905,1,521806,1,29857,1,17021,1,36,1,9559,1,4514,1,17057,1,9559,1,0,1,1240,1,1,1,0,1
336,16966600,4513,9559,28.990185,,0,11,9,108,96153,1202,2936,16870447,16,182,140,1,33334,1,311,1,473443,1,3125713,1,112314,1,13112046,1,13145,1,280315,1,7214,4,529630,4,65335,4,4141692,4,8058615,8,12170710,108,26661,24,3286,1,22152,1,2605,1,0,0,0,0,0,0,0,0,0,0,0,0,11221,1,23896,1,412747,1,25258,1,17019,1,36,1,9559,1,4513,1,17055,1,9559,1,0,1,1240,1,1,1,0,1
337,17134600,4516,9559,28.990185,,0,11,9,108,51097,1252,2676,17083503,16,182,190,1,34546,1,100,1,584896,1,3159608,1,112715,1,13178483,1,12965,1,284633,1,7284,4,532075,4,65365,4,4157241,4,8101376,8,12226636,108,29306,24,3326,1,23335,1,2595,1,0,0,0,0,0,0,0,0,0,0,0,0,8296,1,27082,1,519371,1,29777,1,17024,1,40,1,9559,1,4516,1,17064,1,9559,1,0,1,1240,1,1,1,0,1
338,16904900,4517,9559,28.990185,,0,11,9,108,50344,1292,2746,16854556,16,182,160,1,23785,1,80,1,469466,1,3022807,1,114088,1,13211155,1,13015,1,300774,1,7324,4,530131,4,65154,4,4161780,4,8111886,8,12241295,108,29627,24,3647,1,26611,1,2555,1,0,0,0,0,0,0,0,0,0,0,0,0,6532,1,21551,1,417066,1,23996,1,17022,1,40,1,9559,1,4517,1,17062,1,9559,1,0,1,1240,1,1,1,0,1
339,16899900,4518,9559,28.990185,,0,11,9,108,52597,1212,2726,16847303,16,182,180,1,23755,1,70,1,470508,1,3028618,1,114769,1,13195826,1,13576,1,287919,1,7314,4,531965,4,65595,4,4166329,4,8107949,8,12242256,108,29296,24,3246,1,21751,1,2545,1,0,0,0,0,0,0,0,0,0,0,0,0,6843,1,22443,1,416845,1,23996,1,17023,1,40,1,9559,1,4518,1,17063,1,9559,1,0,1,1240,1,1,1,0,1
340,17232500,4517,9559,28.990185,,0,11,9,108,168574,1353,2926,17063926,16,182,180,1,27512,1,160,1,471490,1,3211167,1,138915,1,13196577,1,17924,1,296205,1,7334,4,526284,4,64894,4,4167090,4,8106326,8,12241285,108,29206,24,3326,1,21251,1,2515,1,0,0,0,0,0,0,0,0,0,0,0,0,6763,1,26190,1,414090,1,24006,1,17024,1,40,1,9559,1,4517,1,17064,1,9559,1,0,1,1240,1,1,1,0,1
341,17238600,4517,9559,28.990185,,0,11,9,108,67660,1222,2796,17170940,16,182,140,1,25058,1,160,1,588683,1,3322379,1,111893,1,13109561,1,13065,1,279944,1,7134,4,528649,4,64844,4,4142694,4,8057813,8,12168806,108,28905,24,3717,1,20930,1,2615,1,0,0,0,0,0,0,0,0,0,0,0,0,8667,1,29306,1,520293,1,30017,1,17019,1,40,1,9559,1,4517,1,17059,1,9559,1,0,1,1240,1,1,1,0,1
342,16855300,4517,9559,28.990185,,0,11,9,108,50318,1172,2815,16804982,16,182,180,1,23795,1,80,1,475337,1,3020733,1,112414,1,13159186,1,13255,1,295644,1,7194,4,526835,4,64994,4,4147333,4,8088261,8,12202912,108,29867,24,3677,1,21551,1,2525,1,0,0,0,0,0,0,0,0,0,0,0,0,7354,1,21220,1,422175,1,24146,1,17021,1,40,1,9559,1,4517,1,17061,1,9559,1,0,1,1240,1,1,1,0,1
343,17260800,4517,9559,28.990185,,0,11,9,108,38532,1192,3277,17222268,16,182,40,1,23224,1,50,1,463805,1,2998170,1,112945,1,13607401,1,16632,1,281818,1,7063,4,529109,4,66607,4,4141572,4,8532088,8,12639644,108,30739,24,5170,1,38483,1,4298,1,0,0,0,0,0,0,0,0,0,0,0,0,6943,1,21691,1,410894,1,23926,1,17023,1,40,1,9559,1,4517,1,17063,1,9559,1,0,1,1240,1,1,1,0,1
344,17153300,4517,9559,28.990185,,0,11,9,108,45150,1543,2766,17108150,16,182,220,1,34325,1,100,1,582391,1,3111396,1,117504,1,13249198,1,13015,1,359005,1,7655,4,527897,4,65184,4,4162532,4,8081208,8,12211116,108,29857,24,3597,1,38043,1,2535,1,0,0,0,0,0,0,0,0,0,0,0,0,8727,1,27743,1,515013,1,30288,1,17023,1,40,1,9559,1,4517,1,17063,1,9559,1,0,1,1240,1,1,1,0,1
345,17101200,4517,9559,28.990189,,0,11,9,108,55950,1262,2716,17045250,16,182,190,1,34706,1,100,1,580377,1,3042585,1,116612,1,13256993,1,13686,1,317085,1,7164,4,530582,4,65275,4,4163864,4,8144138,8,12276050,108,29236,24,3627,1,21451,1,2545,1,0,0,0,0,0,0,0,0,0,0,0,0,9117,1,28003,1,518770,1,24056,1,17022,1,40,1,9559,1,4517,1,17062,1,9559,1,0,1,1240,1,1,1,0,1
346,17222000,4517,9559,28.990189,,0,11,9,108,155389,1393,2735,17066611,16,182,371,1,25609,1,190,1,585186,1,3010363,1,153122,1,13268615,1,23154,1,282970,1,7264,4,532807,4,65806,4,4196036,4,8154257,8,12318262,108,29296,24,3316,1,22172,1,2595,1,0,0,0,0,0,0,0,0,0,0,0,0,12544,1,27993,1,514612,1,29787,1,17030,1,40,1,9559,1,4517,1,17070,1,9559,1,0,1,1240,1,1,1,0,1
347,17321700,4517,9559,28.990189,,0,11,9,108,130161,1463,2736,17191539,16,182,170,1,36740,1,170,1,589405,1,3003390,1,144436,1,13404204,1,13025,1,344377,1,7615,4,562433,4,65084,4,4340641,4,8055228,8,12363578,108,29556,24,3326,1,21501,1,2535,1,0,0,0,0,0,0,0,0,0,0,0,0,9338,1,28605,1,521054,1,29987,1,17033,1,40,1,9559,1,4517,1,17073,1,9559,1,0,1,1240,1,1,1,0,1
348,17387700,4517,9559,28.990189,,0,11,9,108,129534,1413,2966,17258166,16,182,190,1,33364,1,150,1,574676,1,3292061,1,138875,1,13198932,1,19918,1,285154,1,7154,4,530392,4,65635,4,4174985,4,8105604,8,12247597,108,30027,24,3386,1,22613,1,2595,1,0,0,0,0,0,0,0,0,0,0,0,0,12324,1,26450,1,504402,1,31230,1,17033,1,40,1,9559,1,4517,1,17073,1,9559,1,0,1,1240,1,1,1,0,1
349,17118600,4516,9559,28.990189,,0,11,9,108,91545,1343,2806,17027055,16,182,40,1,25809,1,100,1,568174,1,3007919,1,139666,1,13265409,1,19938,1,301014,1,7124,4,541844,4,65184,4,4178362,4,8142064,8,12290899,108,26721,24,3246,1,22643,1,2585,1,0,0,0,0,0,0,0,0,0,0,0,0,13426,1,26721,1,498050,1,29787,1,17034,1,36,1,9559,1,4516,1,17070,1,9559,1,0,1,1240,1,1,1,0,1
350,17026300,4515,9559,28.990189,,0,11,9,108,90439,1262,2576,16935861,16,182,70,1,25378,1,80,1,566801,1,3003731,1,142532,1,13177341,1,19928,1,291847,1,7164,4,528739,4,65114,4,4152432,4,8102108,8,12225614,108,26350,24,3216,1,22904,1,2555,1,0,0,0,0,0,0,0,0,0,0,0,0,13846,1,26501,1,495776,1,30338,1,17032,1,36,1,9559,1,4515,1,17068,1,9559,1,0,1,1240,1,1,1,0,1
351,16979800,4516,9559,28.990189,,0,11,9,108,90958,1543,2726,16888842,16,182,30,1,25869,1,50,1,567022,1,2996006,1,143874,1,13136533,1,19457,1,289001,1,7073,4,532586,4,64794,4,4149897,4,8064987,8,12185768,108,26390,24,3176,1,20930,1,2545,1,0,0,0,0,0,0,0,0,0,0,0,0,11943,1,28304,1,495956,1,30107,1,17037,1,36,1,9559,1,4516,1,17073,1,9559,1,0,1,1240,1,1,1,0,1
352,16921600,4517,9559,28.990189,,0,11,9,108,84297,962,2646,16837303,16,182,30,1,25519,1,40,1,563966,1,3027356,1,112775,1,13087760,1,19858,1,303088,1,7144,4,530883,4,65856,4,4127956,4,8021013,8,12120303,108,26019,24,3186,1,25168,1,2505,1,0,0,0,0,0,0,0,0,0,0,0,0,8837,1,28464,1,496698,1,29757,1,17035,1,36,1,9559,1,4517,1,17071,1,9559,1,0,1,1240,1,1,1,0,1
353,16832600,4518,9559,28.990189,,0,11,9,108,55471,1092,2696,16777129,16,182,30,1,25469,1,70,1,465558,1,3045841,1,113166,1,13107427,1,19567,1,290083,1,7184,4,528789,4,65254,4,4125962,4,8062462,8,12159038,108,26691,24,3256,1,20840,1,2505,1,0,0,0,0,0,0,0,0,0,0,0,0,7304,1,21762,1,411976,1,24206,1,17035,1,36,1,9559,1,4518,1,17071,1,9559,1,0,1,1240,1,1,1,0,1
354,17007100,4518,9559,28.990189,,0,11,9,108,99713,1222,2646,16907387,16,182,40,1,25719,1,140,1,558696,1,3014732,1,143955,1,13144268,1,19838,1,286767,1,7053,4,528969,4,65254,4,4147573,4,8080166,8,12198602,108,26491,24,3106,1,21631,1,2525,1,0,0,0,0,0,0,0,0,0,0,0,0,8867,1,28835,1,490887,1,29757,1,17036,1,36,1,9559,1,4518,1,17072,1,9559,1,0,1,1240,1,1,1,0,1
355,17043800,4519,9559,28.990189,,0,11,9,108,91086,1292,2736,16952714,16,182,30,1,25919,1,70,1,567092,1,3003009,1,141440,1,13195756,1,19397,1,290695,1,7144,4,528819,4,65545,4,4162401,4,8113239,8,12245913,108,26991,24,3136,1,20960,1,2525,1,0,0,0,0,0,0,0,0,0,0,0,0,13376,1,27242,1,496417,1,29777,1,17036,1,36,1,9559,1,4519,1,17072,1,9559,1,0,1,1240,1,1,1,0,1
356,17011400,4518,9559,28.990189,,0,11,9,108,96268,1844,2665,16915132,16,182,30,1,25919,1,70,1,568014,1,2997268,1,143303,1,13160539,1,19988,1,288741,1,7134,4,539289,4,65906,4,4145128,4,8078212,8,12193985,108,26691,24,3146,1,28615,1,2525,1,0,0,0,0,0,0,0,0,0,0,0,0,11602,1,28364,1,497800,1,30047,1,17035,1,36,1,9559,1,4518,1,17071,1,9559,1,0,1,1240,1,1,1,0,1
357,17347300,4519,9559,28.990189,,0,11,9,108,92730,1633,3537,17254570,16,182,30,1,25318,1,100,1,569577,1,3008480,1,117594,1,13513813,1,19658,1,386016,1,13145,4,563846,4,69643,4,4279405,4,8160579,8,12409285,108,27162,24,3386,1,33584,1,2575,1,0,0,0,0,0,0,0,0,0,0,0,0,11953,1,28324,1,499032,1,29827,1,17038,1,36,1,9559,1,4519,1,17074,1,9559,1,0,1,1240,1,1,1,0,1
358,17314000,4520,9559,28.990189,,0,11,9,108,96125,1523,3076,17217875,16,182,120,1,25879,1,50,1,579526,1,3042745,1,142482,1,13407636,1,19437,1,335290,1,8667,4,577642,4,68901,4,4272081,4,8107173,8,12342423,108,33754,24,3797,1,29997,1,2565,1,0,0,0,0,0,0,0,0,0,0,0,0,13265,1,27272,1,508320,1,30308,1,17033,1,44,1,9559,1,4520,1,17077,1,9559,1,0,1,1240,1,1,1,0,1
359,17267900,4521,9559,28.990189,,0,11,9,108,111347,1373,2796,17156553,16,182,120,1,37742,1,90,1,579295,1,3256032,1,144896,1,13118589,1,19788,1,313228,1,7124,4,528098,4,65024,4,4120922,4,8055218,8,12141814,108,31530,24,3336,1,21691,1,2575,1,0,0,0,0,0,0,0,0,0,0,0,0,13235,1,27382,1,508680,1,29556,1,17035,1,44,1,9559,1,4521,1,17079,1,9559,1,0,1,1240,1,1,1,0,1
360,16961500,4521,9559,28.990189,,0,11,9,108,91344,1212,2676,16870156,16,182,90,1,25529,1,80,1,567883,1,2975747,1,143003,1,13138356,1,19467,1,285004,1,7073,4,528378,4,65725,4,4141011,4,8079956,8,12186009,108,32282,24,3637,1,23795,1,2565,1,0,0,0,0,0,0,0,0,0,0,0,0,13105,1,26971,1,497499,1,29807,1,17035,1,44,1,9559,1,4521,1,17079,1,9559,1,0,1,1240,1,1,1,0,1
361,16932300,4521,9559,28.990189,,0,11,9,108,90888,1292,2736,16841412,16,182,30,1,25789,1,60,1,561381,1,2967432,1,142562,1,13124740,1,19417,1,292278,1,7214,4,528779,4,65114,4,4135791,4,8067612,8,12168285,108,32382,24,3076,1,21020,1,2565,1,0,0,0,0,0,0,0,0,0,0,0,0,11742,1,28194,1,491187,1,29817,1,17038,1,44,1,9559,1,4521,1,17082,1,9559,1,0,1,1240,1,1,1,0,1
362,16948600,4521,9559,28.990189,,0,11,9,108,92691,1272,2536,16855909,16,182,30,1,25829,1,110,1,560529,1,2970948,1,139256,1,13139679,1,19527,1,285034,1,7124,4,529200,4,65034,4,4137895,4,8088783,8,12192441,108,31700,24,3156,1,19647,1,2535,1,0,0,0,0,0,0,0,0,0,0,0,0,11652,1,28184,1,490736,1,29767,1,17033,1,44,1,9559,1,4521,1,17077,1,9559,1,0,1,1240,1,1,1,0,1
363,16952900,4521,9559,28.990189,,0,11,9,108,90108,1232,2575,16862792,16,182,40,1,25879,1,50,1,566030,1,2965738,1,141119,1,13144338,1,19597,1,286867,1,7114,4,529039,4,65014,4,4149617,4,8080296,8,12195397,108,31941,24,3136,1,19487,1,2535,1,0,0,0,0,0,0,0,0,0,0,0,0,13396,1,26170,1,496267,1,29637,1,17035,1,44,1,9559,1,4521,1,17079,1,9559,1,0,1,1240,1,1,1,0,1
364,17190100,4521,9559,28.990189,,0,11,9,108,77772,1403,2775,17112328,16,182,30,1,25479,1,80,1,562954,1,2966259,1,199240,1,13345221,1,13065,1,341111,1,7504,4,562884,4,65204,4,4285486,4,8053766,8,12304556,108,31921,24,3847,1,21461,1,2555,1,0,0,0,0,0,0,0,0,0,0,0,0,13396,1,26821,1,492700,1,29797,1,17033,1,44,1,9559,1,4521,1,17077,1,9559,1,0,1,1240,1,1,1,0,1
365,17197900,4521,9559,28.990189,,0,11,9,108,96212,1202,2546,17101688,16,182,80,1,29777,1,60,1,558676,1,3222528,1,141871,1,13128778,1,19918,1,286967,1,7114,4,528258,4,65916,4,4139999,4,8073032,8,12178865,108,31620,24,3166,1,20569,1,2555,1,0,0,0,0,0,0,0,0,0,0,0,0,11943,1,26200,1,489073,1,31190,1,17034,1,44,1,9559,1,4521,1,17078,1,9559,1,0,1,1240,1,1,1,0,1
366,16924300,4521,9559,28.990189,,0,11,9,108,90493,1152,2696,16833807,16,182,40,1,26050,1,40,1,563816,1,2973673,1,141690,1,13109040,1,19457,1,288350,1,7023,4,526715,4,65305,4,4126373,4,8068404,8,12160570,108,31510,24,3186,1,19968,1,2565,1,0,0,0,0,0,0,0,0,0,0,0,0,13907,1,27362,1,492379,1,29867,1,17033,1,44,1,9559,1,4521,1,17077,1,9559,1,0,1,1240,1,1,1,0,1
367,16947600,4521,9559,28.990189,,0,11,9,108,91581,1192,2575,16856019,16,182,40,1,25879,1,70,1,564707,1,2962262,1,140849,1,13142624,1,19587,1,286717,1,7134,4,528418,4,65134,4,4133336,4,8092079,8,12190919,108,31921,24,3166,1,22413,1,3036,1,0,0,0,0,0,0,0,0,0,0,0,0,13105,1,27212,1,492930,1,31179,1,17035,1,44,1,9559,1,4521,1,17079,1,9559,1,0,1,1240,1,1,1,0,1
368,17052700,4521,9559,28.990187,,0,11,9,108,92923,1302,2636,16959777,16,182,40,1,25859,1,50,1,570078,1,2977421,1,145878,1,13220864,1,19587,1,310282,1,7154,4,530502,4,65685,4,4156019,4,8120242,8,12241083,108,32542,24,3146,1,23986,1,2545,1,0,0,0,0,0,0,0,0,0,0,0,0,13135,1,27753,1,498872,1,30007,1,17033,1,44,1,9559,1,4521,1,17077,1,9559,1,0,1,1240,1,1,1,0,1
369,16975800,4520,9559,28.990185,,0,11,9,108,90214,1102,2746,16885586,16,182,40,1,25980,1,50,1,564196,1,2969075,1,140989,1,13165849,1,19407,1,312456,1,7695,4,530031,4,65275,4,4133296,4,8089394,8,12193393,108,26551,24,3176,1,20880,1,2545,1,0,0,0,0,0,0,0,0,0,0,0,0,11702,1,28124,1,494283,1,29707,1,17043,1,36,1,9559,1,4520,1,17079,1,9559,1,0,1,1240,1,1,1,0,1
370,16989200,4520,9559,28.990189,,0,11,9,108,90940,1192,2756,16898260,16,182,20,1,25709,1,50,1,561902,1,2975747,1,140218,1,13175227,1,19387,1,292448,1,7244,4,530412,4,65375,4,4140630,4,8108941,8,12220525,108,26290,24,3326,1,23114,1,2545,1,0,0,0,0,0,0,0,0,0,0,0,0,9558,1,29586,1,492720,1,29767,1,17043,1,36,1,9559,1,4520,1,17079,1,9559,1,0,1,1240,1,1,1,0,1
371,16978600,4520,9559,28.990189,,0,11,9,108,101150,1223,2685,16877450,16,182,30,1,25849,1,70,1,560229,1,2980356,1,142492,1,13148826,1,19597,1,296957,1,7815,4,530192,4,66737,4,4130981,4,8079094,8,12181661,108,25729,24,3356,1,29727,1,2745,1,0,0,0,0,0,0,0,0,0,0,0,0,7995,1,29496,1,492550,1,29797,1,17039,1,36,1,9559,1,4520,1,17075,1,9559,1,0,1,1240,1,1,1,0,1
372,16984400,4520,9559,28.990189,,0,11,9,108,92432,1573,2696,16891968,16,182,100,1,25839,1,50,1,572091,1,3008229,1,144776,1,13121194,1,19688,1,338105,1,7254,4,529711,4,65335,4,4117576,4,8025101,8,12113390,108,26591,24,3417,1,30558,1,2565,1,0,0,0,0,0,0,0,0,0,0,0,0,12253,1,28304,1,499643,1,30829,1,17037,1,36,1,9559,1,4520,1,17073,1,9559,1,0,1,1240,1,1,1,0,1
373,16903000,4520,9559,28.990189,,0,11,9,108,98579,1192,2596,16804421,16,182,40,1,29216,1,70,1,564397,1,2974826,1,140578,1,13075336,1,19958,1,314710,1,7184,4,529420,4,65144,4,4111975,4,8017266,8,12100315,108,26330,24,3176,1,22733,1,2535,1,0,0,0,0,0,0,0,0,0,0,0,0,8406,1,30248,1,495636,1,29747,1,17034,1,36,1,9559,1,4520,1,17070,1,9559,1,0,1,1240,1,1,1,0,1
374,17116300,4520,9559,28.990189,,0,11,9,108,93713,1203,3157,17022587,16,182,120,1,25809,1,50,1,562643,1,2970437,1,141510,1,13302259,1,19758,1,301846,1,7735,4,529610,4,69722,4,4206786,4,8149949,8,12326918,108,26661,24,3667,1,29116,1,2625,1,0,0,0,0,0,0,0,0,0,0,0,0,13376,1,27162,1,492089,1,29757,1,17032,1,36,1,9559,1,4520,1,17068,1,9559,1,0,1,1240,1,1,1,0,1
375,17015400,4520,9559,28.990189,,0,11,9,108,92644,1162,2596,16922756,16,182,30,1,25699,1,90,1,581429,1,2990365,1,148042,1,13157242,1,19858,1,320181,1,7284,4,529771,4,65084,4,4130801,4,8073684,8,12175008,108,26881,24,3236,1,23485,1,2555,1,0,0,0,0,0,0,0,0,0,0,0,0,13416,1,27783,1,509853,1,29987,1,17032,1,36,1,9559,1,4520,1,17068,1,9559,1,0,1,1240,1,1,1,0,1
376,16937400,4520,9559,28.990189,,0,11,9,108,91981,1222,2656,16845419,16,182,40,1,26240,1,60,1,567994,1,2974866,1,141260,1,13115403,1,19557,1,296095,1,7184,4,529420,4,65154,4,4114280,4,8073223,8,12158086,108,26761,24,3136,1,23094,1,2595,1,0,0,0,0,0,0,0,0,0,0,0,0,11021,1,28224,1,497189,1,31320,1,17035,1,36,1,9559,1,4520,1,17071,1,9559,1,0,1,1240,1,1,1,0,1
377,16941700,4520,9559,28.990189,,0,11,9,108,91772,1362,2516,16849928,16,182,20,1,25909,1,60,1,565960,1,2978002,1,141159,1,13119220,1,19597,1,293420,1,7073,4,529861,4,65234,4,4132154,4,8062322,8,12165249,108,26711,24,3156,1,22082,1,2555,1,0,0,0,0,0,0,0,0,0,0,0,0,13596,1,27512,1,494413,1,30188,1,17035,1,36,1,9559,1,4520,1,17071,1,9559,1,0,1,1240,1,1,1,0,1
378,17016800,4520,9559,28.990189,,0,11,9,108,90908,1152,2675,16925892,16,182,40,1,25970,1,70,1,564828,1,2980767,1,141149,1,13193071,1,19998,1,352032,1,7234,4,539409,4,64824,4,4124750,4,8073273,8,12168366,108,26981,24,3206,1,24607,1,2585,1,0,0,0,0,0,0,0,0,0,0,0,0,10951,1,29376,1,494353,1,29807,1,17035,1,36,1,9559,1,4520,1,17071,1,9559,1,0,1,1240,1,1,1,0,1
379,16974500,4520,9559,28.990189,,0,11,9,108,93002,1192,2655,16881498,16,182,40,1,25749,1,110,1,568024,1,3008981,1,144365,1,13114491,1,19738,1,333146,1,7444,4,529651,4,65365,4,4112196,4,8030992,8,12114062,108,26471,24,3236,1,28635,1,2635,1,0,0,0,0,0,0,0,0,0,0,0,0,11732,1,28524,1,497078,1,30148,1,17037,1,36,1,9559,1,4520,1,17073,1,9559,1,0,1,1240,1,1,1,0,1
380,17076500,4521,9559,28.990189,,0,11,9,108,77087,1223,2786,16999413,16,182,30,1,25749,1,140,1,570088,1,3067843,1,120590,1,13195616,1,19357,1,431373,1,8306,4,534399,4,65665,4,4103088,4,8009251,8,12083113,108,26440,24,3236,1,36359,1,2715,1,0,0,0,0,0,0,0,0,0,0,0,0,13396,1,28284,1,498060,1,30007,1,17038,1,36,1,9559,1,4521,1,17074,1,9559,1,0,1,1240,1,1,1,0,1
381,16951700,4521,9559,28.990189,,0,11,9,108,87475,1313,2825,16864225,16,182,10,1,26551,1,110,1,583203,1,2992860,1,144406,1,13103921,1,13165,1,344517,1,7204,4,529039,4,65094,4,4103148,4,8017607,8,12091609,108,26320,24,3256,1,30037,1,2705,1,0,0,0,0,0,0,0,0,0,0,0,0,9438,1,54885,1,488362,1,29917,1,17039,1,36,1,9559,1,4521,1,17075,1,9559,1,0,1,1240,1,1,1,0,1
382,16933800,4521,9559,28.990189,,0,11,9,108,62341,1032,2655,16871459,16,182,100,1,24597,1,50,1,470778,1,3054868,1,119758,1,13181499,1,19808,1,343215,1,7514,4,532035,4,65305,4,4119920,4,8067872,8,12158697,108,26440,24,3266,1,38604,1,2735,1,0,0,0,0,0,0,0,0,0,0,0,0,8186,1,23044,1,415202,1,24006,1,17038,1,36,1,9559,1,4521,1,17074,1,9559,1,0,1,1240,1,1,1,0,1
383,17396300,4521,9559,28.990189,,0,11,9,108,83840,1443,2996,17312460,16,182,230,1,26531,1,30,1,463534,1,3108771,1,148764,1,13543209,1,21391,1,440701,1,9648,4,566170,4,69663,4,4284905,4,8106486,8,12361965,108,26430,24,4559,1,56007,1,3627,1,0,0,0,0,0,0,0,0,0,0,0,0,7484,1,23174,1,407487,1,25028,1,17039,1,36,1,9559,1,4521,1,17075,1,9559,1,0,1,1240,1,1,1,0,1
384,17498600,4521,9559,28.990189,,0,11,9,108,99735,1563,2896,17398865,16,182,351,1,27102,1,190,1,589405,1,3279597,1,159605,1,13322508,1,20108,1,506436,1,7354,4,526775,4,76225,4,4110853,4,8041532,8,12122347,108,27142,24,4298,1,44906,1,2565,1,0,0,0,0,0,0,0,0,0,0,0,0,14137,1,30719,1,511125,1,32773,1,17035,1,36,1,9559,1,4521,1,17071,1,9559,1,0,1,1240,1,1,1,0,1
385,17192400,4521,9559,28.990189,,0,11,9,108,94389,1142,2816,17098011,16,182,60,1,26501,1,120,1,573925,1,3099093,1,142161,1,13235852,1,20299,1,424650,1,7304,4,530302,4,65124,4,4113288,4,8048095,8,12132076,108,26490,24,3677,1,39606,1,2665,1,0,0,0,0,0,0,0,0,0,0,0,0,13436,1,28875,1,501266,1,29997,1,17034,1,36,1,9559,1,4521,1,17070,1,9559,1,0,1,1240,1,1,1,0,1
386,17154300,4520,9559,28.990189,,0,11,9,108,62401,1212,2746,17091899,16,182,120,1,26981,1,70,1,569487,1,3315105,1,112104,1,13054025,1,14007,1,345289,1,7414,4,529280,4,65254,4,4080124,4,7993961,8,12045561,108,25779,24,3286,1,25619,1,2585,1,0,0,0,0,0,0,0,0,0,0,0,0,13305,1,28023,1,495926,1,32031,1,17032,1,36,1,9559,1,4520,1,17068,1,9559,1,0,1,1240,1,1,1,0,1
387,17357500,4520,9559,28.990189,,0,11,9,108,136394,1423,2686,17221106,16,182,611,1,34506,1,170,1,592540,1,3269087,1,152761,1,13158375,1,13055,1,360959,1,7815,4,562403,4,65134,4,4133957,4,7998891,8,12103912,108,26250,24,3336,1,21902,1,2555,1,0,0,0,0,0,0,0,0,0,0,0,0,12033,1,30418,1,519912,1,29777,1,17041,1,36,1,9559,1,4520,1,17077,1,9559,1,0,1,1240,1,1,1,0,1
388,17353100,4520,9559,28.990189,,0,11,9,108,169746,1433,2916,17183354,16,182,190,1,33454,1,70,1,576420,1,3234331,1,140568,1,13184745,1,13576,1,298369,1,7594,4,527857,4,64904,4,4123427,4,8108039,8,12201579,108,26971,24,3477,1,44465,1,5180,1,0,0,0,0,0,0,0,0,0,0,0,0,11302,1,30578,1,503911,1,30318,1,17036,1,36,1,9559,1,4520,1,17072,1,9559,1,0,1,1240,1,1,1,0,1
389,17257200,4520,9559,28.990189,,0,11,9,108,76141,1363,3257,17181059,16,182,170,1,31580,1,60,1,465358,1,3082591,1,116913,1,13467975,1,16411,1,473634,1,7494,4,541323,4,67879,4,4175126,4,8155379,8,12300467,108,26781,24,3386,1,39876,1,2515,1,0,0,0,0,0,0,0,0,0,0,0,0,6713,1,23986,1,407898,1,26390,1,17035,1,36,1,9559,1,4520,1,17071,1,9559,1,0,1,1240,1,1,1,0,1
390,17151500,4521,9559,28.990189,,0,11,9,108,97112,1383,3237,17054388,16,182,60,1,31270,1,260,1,470007,1,3327378,1,113777,1,13098520,1,13115,1,367722,1,7144,4,529500,4,73651,4,4105383,4,7981678,8,12057253,108,26570,24,3316,1,26190,1,2555,1,0,0,0,0,0,0,0,0,0,0,0,0,10961,1,27202,1,406716,1,24747,1,17036,1,36,1,9559,1,4521,1,17072,1,9559,1,0,1,1240,1,1,1,0,1
391,17105300,4521,9559,28.990189,,0,11,9,108,173927,1333,2605,16931373,16,182,200,1,34255,1,70,1,566982,1,3046853,1,142822,1,13123768,1,16421,1,306274,1,7164,4,530863,4,65094,4,4119149,4,8064877,8,12154810,108,26611,24,3196,1,23234,1,2585,1,0,0,0,0,0,0,0,0,0,0,0,0,12063,1,30218,1,493121,1,31310,1,17038,1,36,1,9559,1,4521,1,17074,1,9559,1,0,1,1240,1,1,1,0,1
392,17101200,4521,9559,28.990189,,0,11,9,108,165940,1242,2886,16935260,16,182,100,1,32452,1,461,1,591138,1,2998381,1,140258,1,13155699,1,16772,1,299572,1,7214,4,535612,4,65595,4,4130360,4,8089414,8,12190297,108,26591,24,3326,1,20860,1,2505,1,0,0,0,0,0,0,0,0,0,0,0,0,9278,1,32722,1,517938,1,30258,1,17037,1,36,1,9559,1,4521,1,17073,1,9559,1,0,1,1240,1,1,1,0,1
393,17025000,4521,9559,28.990189,,0,11,9,108,97184,1333,2756,16927816,16,182,150,1,32893,1,200,1,468604,1,3230483,1,111573,1,13070858,1,13055,1,278882,1,7124,4,531234,4,65475,4,4104000,4,8054537,8,12129321,108,26460,24,3777,1,21992,1,2505,1,0,0,0,0,0,0,0,0,0,0,0,0,11051,1,24326,1,408930,1,23896,1,17037,1,36,1,9559,1,4521,1,17073,1,9559,1,0,1,1240,1,1,1,0,1
394,17270500,4521,9559,28.990189,,0,11,9,108,172028,1262,3006,17098472,16,182,190,1,31761,1,130,1,568715,1,3215826,1,140718,1,13124700,1,16431,1,301966,1,7675,4,528098,4,65144,4,4121193,4,8071029,8,12163105,108,26110,24,3186,1,22583,1,2565,1,0,0,0,0,0,0,0,0,0,0,0,0,11572,1,30047,1,496477,1,30198,1,17037,1,36,1,9559,1,4521,1,17073,1,9559,1,0,1,1240,1,1,1,0,1
395,16980500,4520,9559,28.990189,,0,11,9,108,92981,1213,3196,16887519,16,182,150,1,32983,1,1302,1,468514,1,3167032,1,111503,1,13092990,1,13045,1,290855,1,7224,4,527907,4,65455,4,4106885,4,8065538,8,12142316,108,26911,24,3386,1,21952,1,2575,1,0,0,0,0,0,0,0,0,0,0,0,0,11282,1,23845,1,408008,1,25188,1,17037,1,36,1,9559,1,4520,1,17073,1,9559,1,0,1,1240,1,1,1,0,1
396,17281000,4520,9559,28.990189,,0,11,9,108,172229,1373,2806,17108771,16,182,190,1,32903,1,170,1,560509,1,3132637,1,140628,1,13225282,1,16451,1,306074,1,7254,4,528198,4,65074,4,4153424,4,8131734,8,12255231,108,27122,24,3206,1,26420,1,2525,1,0,0,0,0,0,0,0,0,0,0,0,0,11362,1,28514,1,490446,1,29797,1,17037,1,36,1,9559,1,4520,1,17073,1,9559,1,0,1,1240,1,1,1,0,1
397,17188300,4520,9559,28.990189,,0,11,9,108,163018,1232,2916,17025282,16,182,160,1,32552,1,160,1,585788,1,2998551,1,140358,1,13251111,1,16602,1,308669,1,7564,4,530642,4,66036,4,4144668,4,8146763,8,12261373,108,27142,24,4028,1,38534,1,2976,1,0,0,0,0,0,0,0,0,0,0,0,0,8416,1,29096,1,517317,1,30458,1,17035,1,36,1,9559,1,4520,1,17071,1,9559,1,0,1,1240,1,1,1,0,1
398,17173400,4520,9559,28.990187,,0,11,9,108,94776,1333,2796,17078624,16,182,250,1,33504,1,1262,1,474776,1,3308001,1,112785,1,13134950,1,13095,1,361931,1,7194,4,528568,4,65174,4,4100413,4,8042554,8,12113300,108,26871,24,3296,1,21932,1,2555,1,0,0,0,0,0,0,0,0,0,0,0,0,11362,1,26471,1,410223,1,25889,1,17035,1,36,1,9559,1,4520,1,17071,1,9559,1,0,1,1240,1,1,1,0,1
399,17138000,4519,9559,28.990181,,0,11,9,108,172963,1302,2776,16965037,16,182,271,1,33584,1,120,1,568204,1,3003881,1,139556,1,13203010,1,16411,1,308699,1,7244,4,527757,4,66988,4,4155328,4,8108560,8,12234130,108,26981,24,3296,1,21291,1,2545,1,0,0,0,0,0,0,0,0,0,0,0,0,10791,1,28685,1,498511,1,29556,1,17033,1,36,1,9559,1,4519,1,17069,1,9559,1,0,1,1240,1,1,1,0,1
400,17299500,4520,9559,28.990177,,0,11,9,108,160130,1353,3447,17139370,16,182,90,1,32502,1,621,1,578574,1,2996998,1,139867,1,13374146,1,16572,1,307677,1,9288,4,535912,4,65465,4,4129629,4,8288253,8,12385971,108,28464,24,3887,1,29977,1,2705,1,0,0,0,0,0,0,0,0,0,0,0,0,8546,1,29216,1,516365,1,24046,1,17036,1,36,1,9559,1,4520,1,17072,1,9559,1,0,1,1240,1,1,1,0,1
401,17102500,4520,9559,28.990183,,0,11,9,108,97176,1192,2665,17005324,16,182,180,1,32883,1,180,1,472481,1,3174617,1,112996,1,13198882,1,13105,1,313999,1,7304,4,529039,4,66156,4,4131322,4,8115323,8,12217209,108,26771,24,3587,1,28354,1,2605,1,0,0,0,0,0,0,0,0,0,0,0,0,11051,1,26971,1,409622,1,24447,1,17037,1,36,1,9559,1,4520,1,17073,1,9559,1,0,1,1240,1,1,1,0,1
402,17532700,4520,9559,28.990183,,0,11,9,108,185614,1543,2726,17347086,16,182,190,1,32873,1,110,1,567954,1,3256663,1,141280,1,13331525,1,16491,1,406656,1,7474,4,532546,4,65134,4,4158744,4,8116245,8,12245783,108,26480,24,3226,1,37281,1,2675,1,0,0,0,0,0,0,0,0,0,0,0,0,8727,1,32532,1,496277,1,29947,1,17035,1,36,1,9559,1,4520,1,17071,1,9559,1,0,1,1240,1,1,1,0,1
403,17061600,4520,9559,28.990175,,0,11,9,108,94919,1182,2675,16966681,16,182,170,1,32512,1,1192,1,470007,1,3261884,1,111493,1,13076278,1,13145,1,326202,1,7174,4,531444,4,65234,4,4105142,4,8012737,8,12088994,108,26210,24,3336,1,21291,1,2535,1,0,0,0,0,0,0,0,0,0,0,0,0,11542,1,24366,1,409561,1,24296,1,17037,1,36,1,9559,1,4520,1,17073,1,9559,1,0,1,1240,1,1,1,0,1
404,16983000,4520,9559,28.990175,,0,11,9,108,94439,1232,3316,16888561,16,182,190,1,32803,1,190,1,579215,1,3038998,1,112885,1,13111235,1,13045,1,283301,1,7204,4,531193,4,65214,4,4125020,4,8070558,8,12165440,108,26821,24,3647,1,21331,1,2535,1,0,0,0,0,0,0,0,0,0,0,0,0,26220,1,29106,1,493682,1,29797,1,17040,1,36,1,9559,1,4520,1,17076,1,9559,1,0,1,1240,1,1,1,0,1
405,17555300,4520,9559,28.990175,,0,11,9,108,136327,1523,2706,17418973,16,182,210,1,33243,1,160,1,561611,1,3235793,1,154655,1,13420284,1,13015,1,342824,1,7534,4,563004,4,65315,4,4347555,4,8065538,8,12383896,108,26491,24,3306,1,21140,1,2545,1,0,0,0,0,0,0,0,0,0,0,0,0,11181,1,28334,1,491999,1,29637,1,17041,1,36,1,9559,1,4520,1,17077,1,9559,1,0,1,1240,1,1,1,0,1
406,17155700,4520,9559,28.99018,,0,11,9,108,52880,1323,2695,17102820,16,182,190,1,34396,1,100,1,584154,1,3114993,1,113006,1,13242986,1,12995,1,283681,1,7214,4,532706,4,65535,4,4156741,4,8168464,8,12296069,108,26440,24,3376,1,21371,1,2575,1,0,0,0,0,0,0,0,0,0,0,0,0,8376,1,26731,1,518850,1,29807,1,17034,1,36,1,9559,1,4520,1,17070,1,9559,1,0,1,1240,1,1,1,0,1
407,16976700,4519,9559,28.99018,,0,11,9,108,49044,1343,2966,16927656,16,182,160,1,23485,1,60,1,468875,1,3054598,1,113617,1,13253807,1,13055,1,293590,1,7554,4,531694,4,65705,4,4155719,4,8165308,8,12291891,108,26170,24,3417,1,26941,1,2535,1,0,0,0,0,0,0,0,0,0,0,0,0,6312,1,21762,1,416475,1,23986,1,17032,1,36,1,9559,1,4519,1,17068,1,9559,1,0,1,1240,1,1,1,0,1
408,16881100,4519,9559,28.99018,,0,11,9,108,41532,1082,2575,16839568,16,182,40,1,23795,1,30,1,460398,1,3050710,1,116552,1,13174375,1,13666,1,297297,1,7234,4,531113,4,65174,4,4150519,4,8092129,8,12214103,108,25970,24,3266,1,24026,1,2535,1,0,0,0,0,0,0,0,0,0,0,0,0,6222,1,21371,1,408209,1,24006,1,17033,1,36,1,9559,1,4519,1,17069,1,9559,1,0,1,1240,1,1,1,0,1
409,17034000,4518,9559,28.99018,,0,11,9,108,106404,1422,2566,16927596,16,182,120,1,26811,1,190,1,567924,1,3000154,1,144185,1,13168464,1,19748,1,302637,1,7274,4,529691,4,65295,4,4134358,4,8099263,8,12204845,108,26210,24,3256,1,22733,1,2535,1,0,0,0,0,0,0,0,0,0,0,0,0,8206,1,30909,1,498461,1,29897,1,17035,1,36,1,9559,1,4518,1,17071,1,9559,1,0,1,1240,1,1,1,0,1
410,16972300,4519,9559,28.99018,,0,11,9,108,92235,1182,2686,16880065,16,182,80,1,25609,1,110,1,566731,1,2998140,1,142562,1,13127205,1,19627,1,299952,1,7134,4,529610,4,65004,4,4128216,4,8068794,8,12168335,108,25989,24,3166,1,21601,1,2545,1,0,0,0,0,0,0,0,0,0,0,0,0,11141,1,28695,1,496808,1,29817,1,17035,1,36,1,9559,1,4519,1,17071,1,9559,1,0,1,1240,1,1,1,0,1
411,16905200,4519,9559,28.99018,,0,11,9,108,89788,1202,2626,16815412,16,182,30,1,26280,1,80,1,564477,1,2994393,1,140698,1,13069886,1,19567,1,288811,1,7104,4,529460,4,64984,4,4121734,4,8031273,8,12124281,108,26100,24,3196,1,19547,1,2575,1,0,0,0,0,0,0,0,0,0,0,0,0,11692,1,28234,1,494734,1,29606,1,17032,1,36,1,9559,1,4519,1,17068,1,9559,1,0,1,1240,1,1,1,0,1
412,16884800,4519,9559,28.99018,,0,11,9,108,90318,1102,2635,16794482,16,182,30,1,25579,1,130,1,561882,1,2989824,1,141139,1,13056210,1,19688,1,283220,1,7194,4,531053,4,65184,4,4118788,4,8024380,8,12114643,108,25889,24,3116,1,19637,1,2535,1,0,0,0,0,0,0,0,0,0,0,0,0,11602,1,28534,1,492069,1,29496,1,17038,1,36,1,9559,1,4519,1,17074,1,9559,1,0,1,1240,1,1,1,0,1
413,16989900,4519,9559,28.99018,,0,11,9,108,91059,1222,2825,16898841,16,182,20,1,25849,1,80,1,561371,1,2987951,1,141430,1,13162392,1,19748,1,286937,1,7214,4,529781,4,65134,4,4136472,4,8109662,8,12217119,108,26190,24,3617,1,19828,1,2525,1,0,0,0,0,0,0,0,0,0,0,0,0,13466,1,26220,1,491808,1,29677,1,17039,1,36,1,9559,1,4519,1,17075,1,9559,1,0,1,1240,1,1,1,0,1
414,16988800,4519,9559,28.99018,,0,11,9,108,89057,1253,2716,16899743,16,182,40,1,25619,1,80,1,569336,1,2981198,1,141680,1,13161961,1,19828,1,285926,1,7174,4,529811,4,65425,4,4162231,4,8084885,8,12218230,108,26170,24,3176,1,19537,1,2545,1,0,0,0,0,0,0,0,0,0,0,0,0,11432,1,28013,1,500034,1,29617,1,17036,1,36,1,9559,1,4519,1,17072,1,9559,1,0,1,1240,1,1,1,0,1
415,17166700,4519,9559,28.99018,,0,11,9,108,97294,1413,2865,17069406,16,182,30,1,25889,1,50,1,560940,1,2993571,1,159605,1,13309723,1,19597,1,357652,1,8035,4,569847,4,65305,4,4176869,4,8100465,8,12248559,108,25909,24,3306,1,24236,1,2595,1,0,0,0,0,0,0,0,0,0,0,0,0,13235,1,26551,1,491478,1,29466,1,17039,1,36,1,9559,1,4519,1,17075,1,9559,1,0,1,1240,1,1,1,0,1
416,17260500,4519,9559,28.99018,,0,11,9,108,84931,1413,2645,17175569,16,182,160,1,25859,1,120,1,579175,1,3079636,1,146149,1,13330984,1,13486,1,360528,1,7665,4,562253,4,65184,4,4284945,4,8020462,8,12273777,108,28985,24,3727,1,22272,1,2535,1,0,0,0,0,0,0,0,0,0,0,0,0,13245,1,26541,1,509191,1,29837,1,17037,1,36,1,9559,1,4519,1,17073,1,9559,1,0,1,1240,1,1,1,0,1
417,17194700,4519,9559,28.990177,,0,11,9,108,148979,1403,2685,17045721,16,182,541,1,26981,1,130,1,471279,1,3314293,1,153292,1,13059796,1,19407,1,282880,1,7164,4,531805,4,65515,4,4116784,4,8027005,8,12115084,108,26019,24,3417,1,21301,1,2525,1,0,0,0,0,0,0,0,0,0,0,0,0,6723,1,26020,1,414351,1,23835,1,17035,1,36,1,9559,1,4519,1,17071,1,9559,1,0,1,1240,1,1,1,0,1
418,17256800,4519,9559,28.990175,,0,11,9,108,135455,1423,2615,17121345,16,182,180,1,37552,1,180,1,595516,1,3053045,1,146710,1,13268715,1,19447,1,348074,1,7494,4,565799,4,65755,4,4196526,4,8055990,8,12224022,108,25879,24,3447,1,21591,1,2615,1,0,0,0,0,0,0,0,0,0,0,0,0,8657,1,28625,1,527867,1,29907,1,17035,1,36,1,9559,1,4519,1,17071,1,9559,1,0,1,1240,1,1,1,0,1
419,17542200,4519,9559,28.990168,,0,11,9,108,147162,1363,2806,17395038,16,182,190,1,37461,1,180,1,582732,1,3191719,1,146319,1,13420024,1,16411,1,349998,1,7544,4,559507,4,64794,4,4350250,4,8058324,8,12379708,108,26060,24,3877,1,21762,1,2605,1,0,0,0,0,0,0,0,0,0,0,0,0,8246,1,26931,1,517157,1,29927,1,17035,1,36,1,9559,1,4519,1,17071,1,9559,1,0,1,1240,1,1,1,0,1
420,17220000,4519,9559,28.990166,,0,11,9,108,136266,1212,2685,17083734,16,182,100,1,32682,1,471,1,474706,1,3306659,1,112264,1,13139999,1,16852,1,283391,1,7264,4,530993,4,64974,4,4135610,4,8088562,8,12194876,108,26610,24,3427,1,21952,1,2615,1,0,0,0,0,0,0,0,0,0,0,0,0,9348,1,27793,1,413329,1,23866,1,17037,1,36,1,9559,1,4519,1,17073,1,9559,1,0,1,1240,1,1,1,0,1
421,17300200,4520,9559,28.990166,,0,11,9,108,163505,1272,2916,17136695,16,182,381,1,31700,1,120,1,588142,1,3227808,1,140318,1,13131734,1,16491,1,297608,1,7184,4,530512,4,64874,4,4124990,4,8076599,8,12172423,108,26250,24,3276,1,22844,1,2575,1,0,0,0,0,0,0,0,0,0,0,0,0,7314,1,29937,1,520653,1,29837,1,17036,1,36,1,9559,1,4520,1,17072,1,9559,1,0,1,1240,1,1,1,0,1
422,16998900,4519,9559,28.990166,,0,11,9,108,96562,1272,2825,16902338,16,182,130,1,32492,1,591,1,472081,1,3196348,1,112044,1,13075516,1,13135,1,278571,1,7855,4,528328,4,65455,4,4100583,4,8060779,8,12132928,108,25609,24,3927,1,26020,1,2725,1,0,0,0,0,0,0,0,0,0,0,0,0,10640,1,26130,1,409852,1,25208,1,17040,1,36,1,9559,1,4519,1,17076,1,9559,1,0,1,1240,1,1,1,0,1
423,17224400,4519,9559,28.990166,,0,11,9,108,182486,1353,3166,17041914,16,182,190,1,32522,1,190,1,563275,1,3197951,1,142121,1,13089273,1,16391,1,306725,1,8636,4,529310,4,72619,4,4106495,4,8031834,8,12109012,108,26150,24,3356,1,26370,1,2575,1,0,0,0,0,0,0,0,0,0,0,0,0,8226,1,28464,1,495315,1,30909,1,17038,1,36,1,9559,1,4519,1,17074,1,9559,1,0,1,1240,1,1,1,0,1
424,16932000,4519,9559,28.990166,,0,11,9,108,94376,1272,2786,16837624,16,182,150,1,32953,1,291,1,468834,1,3148307,1,111813,1,13062191,1,13085,1,278972,1,7134,4,528118,4,65104,4,4113518,4,8040160,8,12125213,108,25679,24,3376,1,22012,1,2525,1,0,0,0,0,0,0,0,0,0,0,0,0,10941,1,27472,1,405914,1,24016,1,17033,1,36,1,9559,1,4519,1,17069,1,9559,1,0,1,1240,1,1,1,0,1
425,17246600,4518,9559,28.990166,,0,11,9,108,179097,1333,2966,17067503,16,182,190,1,32592,1,70,1,563876,1,3166732,1,140829,1,13146833,1,16381,1,317295,1,7324,4,531734,4,64944,4,4119249,4,8076068,8,12166662,108,25689,24,3356,1,23004,1,2525,1,0,0,0,0,0,0,0,0,0,0,0,0,10700,1,27813,1,494473,1,30137,1,17035,1,36,1,9559,1,4518,1,17071,1,9559,1,0,1,1240,1,1,1,0,1
426,16810400,4520,9559,28.990166,,0,11,9,108,93416,1242,2746,16716984,16,182,110,1,32522,1,1323,1,468313,1,3112298,1,111773,1,12977590,1,13055,1,282369,1,7154,4,528548,4,65405,4,4080255,4,7984544,8,12036554,108,25499,24,3587,1,21922,1,2565,1,0,0,0,0,0,0,0,0,0,0,0,0,11201,1,22984,1,408650,1,25098,1,17037,1,36,1,9559,1,4520,1,17073,1,9559,1,0,1,1240,1,1,1,0,1
427,17091300,4519,9559,28.990158,,0,11,9,108,54235,1543,3097,17037065,16,182,180,1,34075,1,110,1,582521,1,3174497,1,112515,1,13120192,1,12975,1,294632,1,7234,4,531153,4,66256,4,4128707,4,8056220,8,12155851,108,25980,24,3306,1,28585,1,2555,1,0,0,0,0,0,0,0,0,0,0,0,0,8025,1,26931,1,517187,1,29967,1,17037,1,36,1,9559,1,4519,1,17073,1,9559,1,0,1,1240,1,1,1,0,1
428,17033800,4519,9559,28.990158,,0,11,9,108,70306,1363,3046,16963494,16,182,160,1,23635,1,60,1,466620,1,3074075,1,152822,1,13232987,1,13135,1,387018,1,7805,4,561131,4,65054,4,4128437,4,8042614,8,12141805,108,26200,24,3707,1,33294,1,2565,1,0,0,0,0,0,0,0,0,0,0,0,0,6773,1,22112,1,412788,1,24567,1,17033,1,36,1,9559,1,4519,1,17069,1,9559,1,0,1,1240,1,1,1,0,1
429,17115800,4519,9559,28.990156,,0,11,9,108,58677,1292,2716,17057123,16,182,210,1,34937,1,100,1,587631,1,3129441,1,112495,1,13177842,1,14468,1,311314,1,7364,4,531714,4,65705,4,4143435,4,8082340,8,12196980,108,26080,24,3607,1,28524,1,2545,1,0,0,0,0,0,0,0,0,0,0,0,0,8376,1,27292,1,521505,1,30027,1,17037,1,36,1,9559,1,4519,1,17073,1,9559,1,0,1,1240,1,1,1,0,1
430,16973000,4518,9559,28.990152,,0,11,9,108,76133,1232,2765,16896867,16,182,240,1,24417,1,70,1,472021,1,3078513,1,113366,1,13193592,1,14648,1,329879,1,7194,4,532486,4,65836,4,4133797,4,8094854,8,12200066,108,25819,24,3406,1,22373,1,2535,1,0,0,0,0,0,0,0,0,0,0,0,0,7584,1,24036,1,415022,1,24737,1,17037,1,36,1,9559,1,4518,1,17073,1,9559,1,0,1,1240,1,1,1,0,1
431,17019600,4518,9559,28.990156,,0,11,9,108,151608,1323,2896,16867992,16,182,170,1,26430,1,90,1,466720,1,3127347,1,137613,1,13093200,1,16421,1,293670,1,7254,4,528067,4,64844,4,4108448,4,8061831,8,12141835,108,25549,24,3306,1,21912,1,2545,1,0,0,0,0,0,0,0,0,0,0,0,0,6502,1,22122,1,413809,1,23946,1,17039,1,36,1,9559,1,4518,1,17075,1,9559,1,0,1,1240,1,1,1,0,1
432,16909600,4518,9559,28.990158,,0,11,9,108,94669,1232,2715,16814931,16,182,160,1,34416,1,1222,1,472712,1,3108911,1,110922,1,13073553,1,13035,1,279734,1,7154,4,528839,4,65275,4,4126823,4,8036593,8,12134992,108,25709,24,3437,1,21872,1,2595,1,0,0,0,0,0,0,0,0,0,0,0,0,12133,1,27312,1,408940,1,23966,1,17043,1,36,1,9559,1,4518,1,17079,1,9559,1,0,1,1240,1,1,1,0,1
433,17342200,4518,9559,28.990156,,0,11,9,108,181269,1483,2766,17160931,16,182,160,1,35668,1,90,1,560379,1,3118610,1,146279,1,13282101,1,17644,1,345249,1,8025,4,564697,4,67659,4,4250129,4,8013379,8,12235072,108,25669,24,3447,1,25418,1,2615,1,0,0,0,0,0,0,0,0,0,0,0,0,11111,1,27152,1,491778,1,30017,1,17044,1,36,1,9559,1,4518,1,17080,1,9559,1,0,1,1240,1,1,1,0,1
434,17526100,4518,9559,28.990156,,0,11,9,108,167502,1473,2875,17358598,16,182,230,1,31741,1,130,1,586419,1,3290508,1,142442,1,13290717,1,16411,1,392659,1,7845,4,562864,4,65014,4,4169355,4,8050439,8,12191199,108,25719,24,3236,1,35107,1,2725,1,0,0,0,0,0,0,0,0,0,0,0,0,8406,1,28875,1,518139,1,30468,1,17043,1,36,1,9559,1,4518,1,17079,1,9559,1,0,1,1240,1,1,1,0,1
435,17071700,4519,9559,28.990156,,0,11,9,108,132923,1202,2706,16938777,16,182,150,1,32552,1,250,1,466320,1,3193823,1,112334,1,13116134,1,17213,1,303028,1,7504,4,534059,4,64974,4,4115231,4,8062713,8,12149519,108,25719,24,3256,1,21631,1,2535,1,0,0,0,0,0,0,0,0,0,0,0,0,11241,1,23555,1,406946,1,24096,1,17046,1,36,1,9559,1,4519,1,17082,1,9559,1,0,1,1240,1,1,1,0,1
436,17212500,4519,9559,28.990156,,0,11,9,108,162511,1313,2926,17049989,16,182,391,1,32873,1,120,1,584465,1,3138798,1,141600,1,13135351,1,16391,1,301195,1,7234,4,530372,4,64964,4,4132875,4,8067662,8,12171611,108,26000,24,3206,1,23856,1,2675,1,0,0,0,0,0,0,0,0,0,0,0,0,7945,1,28975,1,517117,1,30007,1,17044,1,36,1,9559,1,4519,1,17080,1,9559,1,0,1,1240,1,1,1,0,1
437,17110300,4519,9559,28.990156,,0,11,9,108,159380,1302,2795,16950920,16,182,70,1,32742,1,160,1,590186,1,2987370,1,139917,1,13184043,1,16431,1,299612,1,7214,4,529801,4,65194,4,4161580,4,8090696,8,12223651,108,25829,24,3366,1,22733,1,2545,1,0,0,0,0,0,0,0,0,0,0,0,0,8767,1,28064,1,522988,1,29887,1,17045,1,36,1,9559,1,4519,1,17081,1,9559,1,0,1,1240,1,1,1,0,1
438,17096500,4519,9559,28.990156,,0,11,9,108,132415,1242,2665,16964085,16,182,110,1,32161,1,731,1,467332,1,3287011,1,110892,1,13048625,1,17223,1,281828,1,7154,4,531394,4,65305,4,4106374,4,8026984,8,12105145,108,25549,24,3346,1,22453,1,2545,1,0,0,0,0,0,0,0,0,0,0,0,0,11201,1,23194,1,408850,1,23845,1,17044,1,36,1,9559,1,4519,1,17080,1,9559,1,0,1,1240,1,1,1,0,1
439,17320500,4520,9559,28.990156,,0,11,9,108,161002,1373,2745,17159498,16,182,381,1,31109,1,120,1,589314,1,3238459,1,139256,1,13144077,1,16782,1,299010,1,7284,4,536934,4,65054,4,4141311,4,8065778,8,12178054,108,26290,24,3296,1,21481,1,2555,1,0,0,0,0,0,0,0,0,0,0,0,0,8015,1,29617,1,521325,1,29867,1,17047,1,36,1,9559,1,4520,1,17083,1,9559,1,0,1,1240,1,1,1,0,1
440,17004200,4521,9559,28.990154,,0,11,9,108,96292,1252,2755,16907908,16,182,200,1,32121,1,80,1,468744,1,3215354,1,111944,1,13066329,1,13135,1,325401,1,7294,4,531755,4,65164,4,4100283,4,8007377,8,12078765,108,26140,24,3336,1,21902,1,2565,1,0,0,0,0,0,0,0,0,0,0,0,0,10971,1,24186,1,409391,1,23956,1,17049,1,36,1,9559,1,4521,1,17085,1,9559,1,0,1,1240,1,1,1,0,1
441,17348400,4521,9559,28.990154,,0,11,9,108,163854,1924,2877,17184546,16,182,200,1,32472,1,160,1,566250,1,3077441,1,152080,1,13335282,1,20659,1,477872,1,8847,4,586459,4,66357,4,4118598,4,8032535,8,12122768,108,25489,24,4078,1,35798,1,2815,1,0,0,0,0,0,0,0,0,0,0,0,0,10911,1,27863,1,497209,1,29947,1,17052,1,36,1,9559,1,4521,1,17088,1,9559,1,0,1,1240,1,1,1,0,1
442,17735100,4522,9559,28.990156,,0,11,9,108,92340,2024,3888,17642760,16,182,411,1,36981,1,100,1,595176,1,3345353,1,147391,1,13502581,1,14768,1,431814,1,7985,4,567994,4,79251,4,4237955,4,8094343,8,12302632,108,25779,24,9037,1,69192,1,2986,1,0,0,0,0,0,0,0,0,0,0,0,0,9137,1,29867,1,523659,1,31801,1,17054,1,36,1,9559,1,4522,1,17090,1,9559,1,0,1,1240,1,1,1,0,1
443,17102100,4523,9559,28.990156,,0,11,9,108,78491,1593,2916,17023609,16,182,341,1,25529,1,240,1,474074,1,3208972,1,118827,1,13175227,1,20399,1,371318,1,7274,4,532626,4,65655,4,4123397,4,8037645,8,12131024,108,27102,24,3727,1,29436,1,2555,1,0,0,0,0,0,0,0,0,0,0,0,0,7084,1,25809,1,414431,1,25970,1,17056,1,36,1,9559,1,4523,1,17092,1,9559,1,0,1,1240,1,1,1,0,1
444,17330400,4524,9559,28.990156,,0,11,9,108,170711,1403,2685,17159689,16,182,621,1,38594,1,160,1,593723,1,3183434,1,144826,1,13178914,1,19417,1,371599,1,7534,4,547635,4,65465,4,4120421,4,8035220,8,12127337,108,25619,24,3256,1,23785,1,2595,1,0,0,0,0,0,0,0,0,0,0,0,0,11943,1,32131,1,517888,1,31069,1,17049,1,36,1,9559,1,4524,1,17085,1,9559,1,0,1,1240,1,1,1,0,1
445,16962100,4523,9559,28.990156,,0,11,9,108,94609,1302,2926,16867491,16,182,140,1,26861,1,130,1,586900,1,3005584,1,145367,1,13082880,1,19627,1,303329,1,7464,4,531264,4,65395,4,4109290,4,8037024,8,12117868,108,25519,24,3196,1,22062,1,2555,1,0,0,0,0,0,0,0,0,0,0,0,0,12895,1,27492,1,516045,1,29997,1,17046,1,36,1,9559,1,4523,1,17082,1,9559,1,0,1,1240,1,1,1,0,1
446,16887800,4522,9559,28.990156,,0,11,9,108,91916,1242,2586,16795884,16,182,90,1,26310,1,90,1,573214,1,2981699,1,143283,1,13051962,1,19237,1,285264,1,7073,4,529039,4,64964,4,4105132,4,8032755,8,12109693,108,25609,24,3226,1,20710,1,2555,1,0,0,0,0,0,0,0,0,0,0,0,0,11502,1,28134,1,503521,1,29827,1,17048,1,36,1,9559,1,4522,1,17084,1,9559,1,0,1,1240,1,1,1,0,1
447,17036500,4523,9559,28.990156,,0,11,9,108,75290,1192,2826,16961210,16,182,120,1,25569,1,80,1,566621,1,3009051,1,117384,1,13222367,1,20018,1,384053,1,7294,4,531284,4,75614,4,4133757,4,8060599,8,12165831,108,25699,24,3196,1,22733,1,2645,1,0,0,0,0,0,0,0,0,0,0,0,0,12804,1,27192,1,496267,1,29837,1,17048,1,36,1,9559,1,4523,1,17084,1,9559,1,0,1,1240,1,1,1,0,1
448,16962300,4523,9559,28.990156,,0,11,9,108,95901,1302,2726,16866399,16,182,40,1,27172,1,60,1,565499,1,2983733,1,145037,1,13124720,1,20138,1,294652,1,7534,4,529440,4,65204,4,4118938,4,8080707,8,12171170,108,25749,24,3146,1,21271,1,2525,1,0,0,0,0,0,0,0,0,0,0,0,0,11762,1,30148,1,493221,1,29917,1,17052,1,36,1,9559,1,4523,1,17088,1,9559,1,0,1,1240,1,1,1,0,1
449,16967600,4522,9559,28.990156,,0,11,9,108,93115,1222,2646,16874485,16,182,30,1,25799,1,60,1,564086,1,2976790,1,142051,1,13145791,1,19878,1,310302,1,7104,4,528979,4,65315,4,4129589,4,8075016,8,12176380,108,25579,24,3657,1,22072,1,2535,1,0,0,0,0,0,0,0,0,0,0,0,0,11482,1,29687,1,493041,1,29617,1,17048,1,36,1,9559,1,4522,1,17084,1,9559,1,0,1,1240,1,1,1,0,1
450,17047900,4522,9559,28.990156,,0,11,9,108,92601,1182,2916,16955299,16,182,30,1,25669,1,40,1,580287,1,2974054,1,146439,1,13209212,1,19567,1,293059,1,7033,4,528448,4,69673,4,4164796,4,8114251,8,12250141,108,25990,24,3286,1,24908,1,2575,1,0,0,0,0,0,0,0,0,0,0,0,0,13105,1,28214,1,508340,1,30278,1,17047,1,36,1,9559,1,4522,1,17083,1,9559,1,0,1,1240,1,1,1,0,1
451,17056300,4523,9559,28.990152,,0,11,9,108,91974,1623,3637,16964326,16,182,90,1,25779,1,60,1,576710,1,2973333,1,144005,1,13224671,1,19678,1,296556,1,12243,4,551903,4,65295,4,4150408,4,8120222,8,12240743,108,26250,24,3206,1,20689,1,2525,1,0,0,0,0,0,0,0,0,0,0,0,0,11452,1,29737,1,505314,1,29837,1,17051,1,36,1,9559,1,4523,1,17087,1,9559,1,0,1,1240,1,1,1,0,1
452,17086200,4523,9559,28.99015,,0,11,9,108,85735,1693,3026,17000465,16,182,20,1,25499,1,70,1,567202,1,3004152,1,147702,1,13236524,1,19297,1,361730,1,7695,4,561892,4,67178,4,4130270,4,8077591,8,12178645,108,26190,24,3186,1,22753,1,2535,1,0,0,0,0,0,0,0,0,0,0,0,0,9368,1,29857,1,497910,1,29737,1,17048,1,36,1,9559,1,4523,1,17084,1,9559,1,0,1,1240,1,1,1,0,1
453,17225500,4522,9559,28.990156,,0,11,9,108,84136,1493,2655,17141364,16,182,160,1,25859,1,100,1,586269,1,3017758,1,143253,1,13354378,1,13586,1,359496,1,7544,4,562012,4,65335,4,4303080,4,8027766,8,12302522,108,25669,24,3857,1,21281,1,2515,1,0,0,0,0,0,0,0,0,0,0,0,0,12744,1,27432,1,515824,1,29777,1,17047,1,36,1,9559,1,4522,1,17083,1,9559,1,0,1,1240,1,1,1,0,1
454,17091200,4522,9559,28.990156,,0,11,9,108,112066,1473,2626,16979134,16,182,190,1,27282,1,170,1,583343,1,3102609,1,153864,1,13098550,1,13125,1,327385,1,7384,4,530612,4,65425,4,4116073,4,8022426,8,12109603,108,26270,24,3657,1,21561,1,2555,1,0,0,0,0,0,0,0,0,0,0,0,0,8286,1,28274,1,516515,1,29817,1,17047,1,36,1,9559,1,4522,1,17083,1,9559,1,0,1,1240,1,1,1,0,1
455,17122700,4521,9559,28.990156,,0,11,9,108,167902,1413,3377,16954798,16,182,190,1,32111,1,110,1,581550,1,3064707,1,138935,1,13118819,1,18375,1,318908,1,7234,4,528839,4,70254,4,4130490,4,8032665,8,12132998,108,26781,24,3897,1,22473,1,2645,1,0,0,0,0,0,0,0,0,0,0,0,0,11823,1,29556,1,509913,1,29747,1,17048,1,36,1,9559,1,4521,1,17084,1,9559,1,0,1,1240,1,1,1,0,1
456,17079000,4522,9559,28.990152,,0,11,9,108,97922,1182,3026,16981078,16,182,180,1,34015,1,391,1,473473,1,3267744,1,112194,1,13079995,1,13085,1,290264,1,7144,4,533177,4,65325,4,4111194,4,8044117,8,12126005,108,26280,24,3276,1,21762,1,2555,1,0,0,0,0,0,0,0,0,0,0,0,0,11482,1,24747,1,410513,1,26521,1,17047,1,36,1,9559,1,4522,1,17083,1,9559,1,0,1,1240,1,1,1,0,1
457,17141000,4522,9559,28.990152,,0,11,9,108,171715,1192,2816,16969285,16,182,190,1,31891,1,140,1,564878,1,3012057,1,139917,1,13203751,1,16461,1,299010,1,7444,4,528278,4,65044,4,4148134,4,8126324,8,12245002,108,26641,24,3296,1,22493,1,2535,1,0,0,0,0,0,0,0,0,0,0,0,0,11392,1,27953,1,495656,1,29556,1,17047,1,36,1,9559,1,4522,1,17083,1,9559,1,0,1,1240,1,1,1,0,1
458,17132100,4521,9559,28.990152,,0,11,9,108,96378,1272,2936,17035722,16,182,60,1,32512,1,1262,1,466560,1,3208511,1,112645,1,13201036,1,13135,1,295313,1,7114,4,531945,4,65435,4,4171308,4,8095575,8,12234582,108,29366,24,3627,1,26841,1,2605,1,0,0,0,0,0,0,0,0,0,0,0,0,10951,1,23625,1,407788,1,23926,1,17046,1,36,1,9559,1,4521,1,17082,1,9559,1,0,1,1240,1,1,1,0,1
459,17537700,4523,9559,28.990152,,0,11,9,108,162811,1442,2686,17374889,16,182,190,1,32001,1,150,1,569587,1,3186199,1,119528,1,13448147,1,19086,1,351060,1,7584,4,563505,4,65565,4,4336463,4,8093802,8,12400919,108,26661,24,3587,1,22593,1,2545,1,0,0,0,0,0,0,0,0,0,0,0,0,15800,1,29196,1,493912,1,29797,1,17055,1,36,1,9559,1,4523,1,17091,1,9559,1,0,1,1240,1,1,1,0,1
460,17287200,4522,9559,28.990152,,0,11,9,108,138823,1473,2665,17148377,16,182,160,1,41710,1,170,1,587401,1,3010494,1,142452,1,13352886,1,13105,1,341842,1,7484,4,564026,4,65224,4,4262703,4,8082130,8,12315777,108,26390,24,3326,1,22132,1,2545,1,0,0,0,0,0,0,0,0,0,0,0,0,11672,1,31019,1,514502,1,29737,1,17054,1,36,1,9559,1,4522,1,17090,1,9559,1,0,1,1240,1,1,1,0,1
461,17229500,4521,9559,28.990152,,0,11,9,108,172026,1403,2865,17057474,16,182,210,1,32903,1,130,1,583694,1,2988712,1,139807,1,13295556,1,16461,1,323367,1,7314,4,531614,4,65064,4,4156520,4,8179405,8,12306499,108,26561,24,3386,1,24958,1,2525,1,0,0,0,0,0,0,0,0,0,0,0,0,12163,1,27613,1,513349,1,30238,1,17055,1,36,1,9559,1,4521,1,17091,1,9559,1,0,1,1240,1,1,1,0,1
462,17068700,4522,9559,28.990152,,0,11,9,108,94465,1292,3007,16974235,16,182,180,1,33023,1,1022,1,470478,1,3181971,1,111613,1,13162893,1,13055,1,296957,1,7114,4,532286,4,65194,4,4142744,4,8089554,8,12202851,108,26440,24,3717,1,21471,1,2565,1,0,0,0,0,0,0,0,0,0,0,0,0,11372,1,24757,1,408950,1,25168,1,17060,1,36,1,9559,1,4522,1,17096,1,9559,1,0,1,1240,1,1,1,0,1
463,17029000,4522,9559,28.990152,,0,11,9,108,102116,1142,2725,16926884,16,182,190,1,32342,1,140,1,570178,1,2999883,1,113777,1,13197349,1,13025,1,279964,1,7304,4,530332,4,65305,4,4158093,4,8127476,8,12256073,108,26771,24,3687,1,21511,1,2535,1,0,0,0,0,0,0,0,0,0,0,0,0,18766,1,29045,1,490366,1,31751,1,17058,1,36,1,9559,1,4522,1,17094,1,9559,1,0,1,1240,1,1,1,0,1
464,17538300,4521,9559,28.990152,,0,11,9,108,136670,1453,2635,17401630,16,182,210,1,34456,1,180,1,552795,1,3134500,1,153783,1,13512590,1,13115,1,344648,1,7564,4,566972,4,65084,4,4350831,4,8148466,8,12470382,108,26280,24,3807,1,21180,1,2585,1,0,0,0,0,0,0,0,0,0,0,0,0,10771,1,28254,1,481889,1,31380,1,17063,1,36,1,9559,1,4521,1,17099,1,9559,1,0,1,1240,1,1,1,0,1
465,17359100,4523,9559,28.990152,,0,11,9,108,170406,1222,2756,17188694,16,182,190,1,34566,1,110,1,559858,1,3076179,1,140448,1,13358406,1,18936,1,297447,1,7474,4,576620,4,64934,4,4181758,4,8198902,8,12350773,108,27131,24,3306,1,24046,1,2695,1,0,0,0,0,0,0,0,0,0,0,0,0,10901,1,28264,1,490586,1,29777,1,17062,1,36,1,9559,1,4523,1,17098,1,9559,1,0,1,1240,1,1,1,0,1
466,17442100,4523,9559,28.990147,,0,11,9,108,132475,1443,2947,17309625,16,182,150,1,32452,1,912,1,464085,1,3233599,1,144596,1,13413000,1,20830,1,368864,1,7975,4,561341,4,69733,4,4179314,4,8177612,8,12326807,108,27172,24,4038,1,39816,1,2865,1,0,0,0,0,0,0,0,0,0,0,0,0,10751,1,24427,1,404752,1,23896,1,17065,1,36,1,9559,1,4523,1,17101,1,9559,1,0,1,1240,1,1,1,0,1
467,17707600,4523,9559,28.990145,,0,11,9,108,115857,1353,3066,17591743,16,182,311,1,27352,1,120,1,567783,1,3220995,1,143824,1,13614705,1,16652,1,521986,1,8366,4,567052,4,65445,4,4242624,4,8154197,8,12367105,108,26651,24,3697,1,47340,1,2645,1,0,0,0,0,0,0,0,0,0,0,0,0,8657,1,32141,1,493672,1,32953,1,17057,1,36,1,9559,1,4523,1,17093,1,9559,1,0,1,1240,1,1,1,0,1
468,17182800,4523,9559,28.990145,,0,11,9,108,94618,1313,2745,17088182,16,182,431,1,34115,1,1242,1,467843,1,3169046,1,112925,1,13289064,1,13516,1,360037,1,7114,4,532055,4,65114,4,4191186,4,8103671,8,12265140,108,26971,24,3747,1,22242,1,2585,1,0,0,0,0,0,0,0,0,0,0,0,0,11602,1,26210,1,404422,1,25398,1,17059,1,36,1,9559,1,4523,1,17095,1,9559,1,0,1,1240,1,1,1,0,1
469,17369100,4523,9559,28.990139,,0,11,9,108,171619,1233,3156,17197481,16,182,311,1,33574,1,140,1,563245,1,3132687,1,142522,1,13308751,1,16251,1,305252,1,7244,4,530502,4,68310,4,4177871,4,8188733,8,12337338,108,26110,24,3136,1,23946,1,2525,1,0,0,0,0,0,0,0,0,0,0,0,0,11572,1,30398,1,488803,1,32131,1,17057,1,36,1,9559,1,4523,1,17093,1,9559,1,0,1,1240,1,1,1,0,1
470,17163000,4522,9559,28.990139,,0,11,9,108,92341,1272,2695,17070659,16,182,90,1,32642,1,1262,1,470377,1,3239691,1,112104,1,13201316,1,13175,1,281748,1,7294,4,530743,4,65104,4,4165638,4,8119130,8,12256363,108,25709,24,3567,1,24276,1,2545,1,0,0,0,0,0,0,0,0,0,0,0,0,12334,1,26681,1,406015,1,25078,1,17050,1,36,1,9559,1,4522,1,17086,1,9559,1,0,1,1240,1,1,1,0,1
471,17258800,4521,9559,28.990147,,0,11,9,108,126694,1513,2596,17132106,16,182,180,1,32422,1,110,1,562052,1,2981659,1,139797,1,13394074,1,21812,1,365628,1,8075,4,561571,4,64954,4,4225231,4,8137796,8,12334763,108,25669,24,3797,1,22954,1,2555,1,0,0,0,0,0,0,0,0,0,0,0,0,8486,1,29576,1,493602,1,29997,1,17051,1,36,1,9559,1,4521,1,17087,1,9559,1,0,1,1240,1,1,1,0,1
472,17451700,4521,9559,28.990149,,0,11,9,108,130133,1473,2886,17321567,16,182,170,1,37031,1,180,1,584044,1,3003741,1,151519,1,13531867,1,13015,1,348094,1,7524,4,564006,4,65265,4,4376149,4,8140040,8,12486523,108,26781,24,3306,1,23435,1,2575,1,0,0,0,0,0,0,0,0,0,0,0,0,8446,1,29266,1,515914,1,29907,1,17051,1,36,1,9559,1,4521,1,17087,1,9559,1,0,1,1240,1,1,1,0,1
473,17423200,4520,9559,28.990149,,0,11,9,108,175794,1613,3677,17247406,16,182,190,1,33213,1,100,1,578454,1,3060309,1,140167,1,13416437,1,18535,1,324730,1,10390,4,557083,4,67098,4,4196096,4,8202209,8,12367065,108,27563,24,3517,1,50787,1,2916,1,0,0,0,0,0,0,0,0,0,0,0,0,12143,1,29546,1,505064,1,31300,1,17047,1,36,1,9559,1,4520,1,17083,1,9559,1,0,1,1240,1,1,1,0,1
474,17319900,4520,9559,28.990149,,0,11,9,108,89466,1493,2776,17230434,16,182,731,1,42551,1,150,1,478242,1,3302360,1,115070,1,13278293,1,13035,1,415673,1,7154,4,527306,4,65114,4,4139317,4,8087941,8,12198072,108,26410,24,3427,1,28304,1,2565,1,0,0,0,0,0,0,0,0,0,0,0,0,11632,1,24797,1,414851,1,25879,1,17048,1,36,1,9559,1,4520,1,17084,1,9559,1,0,1,1240,1,1,1,0,1
475,17186300,4519,9559,28.990149,,0,11,9,108,52952,1272,2766,17133348,16,182,271,1,35097,1,100,1,591549,1,3130352,1,113146,1,13249829,1,13005,1,312977,1,7144,4,532105,4,65425,4,4164816,4,8138056,8,12273786,108,26320,24,3867,1,21631,1,2535,1,0,0,0,0,0,0,0,0,0,0,0,0,8807,1,28003,1,523539,1,30298,1,17042,1,36,1,9559,1,4519,1,17078,1,9559,1,0,1,1240,1,1,1,0,1
476,16930500,4519,9559,28.990149,,0,11,9,108,48281,1323,2726,16882219,16,182,180,1,23585,1,60,1,470678,1,3034459,1,113507,1,13226725,1,13025,1,286567,1,7214,4,529891,4,65064,4,4172350,4,8137024,8,12279647,108,27001,24,3356,1,21371,1,2565,1,0,0,0,0,0,0,0,0,0,0,0,0,7184,1,21952,1,416695,1,24457,1,17046,1,36,1,9559,1,4519,1,17082,1,9559,1,0,1,1240,1,1,1,0,1
477,16934400,4519,9559,28.990149,,0,11,9,108,52722,1262,2766,16881678,16,182,180,1,23645,1,90,1,467342,1,3016074,1,111954,1,13248797,1,13596,1,282479,1,7214,4,533207,4,65425,4,4176077,4,8155820,8,12302771,108,26360,24,3417,1,21351,1,2545,1,0,0,0,0,0,0,0,0,0,0,0,0,6773,1,21571,1,414851,1,23805,1,17047,1,36,1,9559,1,4519,1,17083,1,9559,1,0,1,1240,1,1,1,0,1
478,17141700,4519,9559,28.990145,,0,11,9,108,148519,1483,2705,16993181,16,182,170,1,27242,1,140,1,567693,1,3009732,1,150748,1,13218068,1,19387,1,283611,1,7194,4,532255,4,65665,4,4168613,4,8131003,8,12270691,108,26220,24,3567,1,22102,1,2575,1,0,0,0,0,0,0,0,0,0,0,0,0,12444,1,28164,1,497249,1,29596,1,17045,1,36,1,9559,1,4519,1,17081,1,9559,1,0,1,1240,1,1,1,0,1
479,17035700,4518,9559,28.99014,,0,11,9,108,97113,1423,3036,16938587,16,182,100,1,25619,1,100,1,569386,1,2998020,1,143594,1,13182000,1,19768,1,300042,1,7204,4,531384,4,65285,4,4137193,4,8110995,8,12219322,108,25829,24,3176,1,22433,1,2865,1,0,0,0,0,0,0,0,0,0,0,0,0,12965,1,26160,1,499864,1,29907,1,17046,1,36,1,9559,1,4518,1,17082,1,9559,1,0,1,1240,1,1,1,0,1
480,16963200,4517,9559,28.99014,,0,11,9,108,100879,1323,2766,16862321,16,182,150,1,25328,1,130,1,567944,1,2985616,1,141921,1,13121735,1,19497,1,296065,1,7174,4,528158,4,65355,4,4137123,4,8057583,8,12165741,108,26200,24,3627,1,22783,1,2545,1,0,0,0,0,0,0,0,0,0,0,0,0,8386,1,29406,1,499693,1,30097,1,17049,1,36,1,9559,1,4517,1,17085,1,9559,1,0,1,1240,1,1,1,0,1
481,16982100,4516,9559,28.99014,,0,11,9,108,99941,1172,2656,16882159,16,182,30,1,25609,1,110,1,561682,1,2969916,1,141400,1,13163925,1,19487,1,295524,1,7264,4,528338,4,65555,4,4146561,4,8092209,8,12209734,108,26380,24,3136,1,21581,1,2585,1,0,0,0,0,0,0,0,0,0,0,0,0,7985,1,29226,1,494513,1,29707,1,17048,1,36,1,9559,1,4516,1,17084,1,9559,1,0,1,1240,1,1,1,0,1
482,17027900,4516,9559,28.99014,,0,11,9,108,92179,1473,2858,16935721,16,182,30,1,25629,1,100,1,564657,1,2961951,1,141310,1,13221074,1,20970,1,292528,1,7224,4,528027,4,65345,4,4154346,4,8146092,8,12270378,108,27202,24,3246,1,20279,1,2515,1,0,0,0,0,0,0,0,0,0,0,0,0,8126,1,30278,1,494403,1,31630,1,17050,1,36,1,9559,1,4516,1,17086,1,9559,1,0,1,1240,1,1,1,0,1
483,16983600,4516,9559,28.99014,,0,11,9,108,89298,1232,2566,16894302,16,182,30,1,25519,1,60,1,564056,1,2979975,1,143173,1,13161931,1,19557,1,292819,1,7134,4,528328,4,65134,4,4153484,4,8087029,8,12211317,108,26631,24,3216,1,21010,1,2545,1,0,0,0,0,0,0,0,0,0,0,0,0,9278,1,29246,1,494153,1,31169,1,17050,1,36,1,9559,1,4516,1,17086,1,9559,1,0,1,1240,1,1,1,0,1
484,16959000,4515,9559,28.99014,,0,11,9,108,90838,1182,2646,16868162,16,182,30,1,26060,1,60,1,562303,1,2969255,1,142201,1,13147564,1,20689,1,284833,1,7184,4,527476,4,65074,4,4140239,4,8095134,8,12206458,108,26270,24,3156,1,20780,1,2505,1,0,0,0,0,0,0,0,0,0,0,0,0,13305,1,26450,1,492670,1,29677,1,17049,1,36,1,9559,1,4515,1,17085,1,9559,1,0,1,1240,1,1,1,0,1
485,16888200,4516,9559,28.99014,,0,11,9,108,89801,1142,2535,16798399,16,182,30,1,25779,1,110,1,561111,1,2966269,1,141540,1,13083662,1,19898,1,286487,1,7124,4,527887,4,65305,4,4129719,4,8040400,8,12141674,108,25909,24,3146,1,19908,1,2545,1,0,0,0,0,0,0,0,0,0,0,0,0,11302,1,28364,1,491518,1,29677,1,17048,1,36,1,9559,1,4516,1,17084,1,9559,1,0,1,1240,1,1,1,0,1
486,17461400,4514,9559,28.99014,,0,11,9,108,93124,1262,3567,17368276,16,182,20,1,25549,1,150,1,559127,1,2957282,1,142622,1,13664019,1,19507,1,284783,1,7354,4,534941,4,72098,4,4248295,4,8480540,8,12697825,108,27442,24,3226,1,28745,1,2775,1,0,0,0,0,0,0,0,0,0,0,0,0,13195,1,26791,1,488111,1,29566,1,17044,1,36,1,9559,1,4514,1,17080,1,9559,1,0,1,1240,1,1,1,0,1
487,17118400,4514,9559,28.990133,,0,11,9,108,90984,1172,2715,17027416,16,182,160,1,25719,1,120,1,570478,1,3022927,1,142602,1,13245551,1,19858,1,328697,1,8206,4,528729,4,65204,4,4154156,4,8127146,8,12251624,108,26961,24,3457,1,26210,1,2575,1,0,0,0,0,0,0,0,0,0,0,0,0,10570,1,30428,1,498621,1,30468,1,17041,1,36,1,9559,1,4514,1,17077,1,9559,1,0,1,1240,1,1,1,0,1
488,17120000,4514,9559,28.990128,,0,11,9,108,78206,1252,2705,17041794,16,182,30,1,25759,1,80,1,573905,1,3056201,1,114388,1,13251592,1,19838,1,391527,1,7234,4,528779,4,66116,4,4141481,4,8087139,8,12199986,108,25929,24,3196,1,22323,1,2545,1,0,0,0,0,0,0,0,0,0,0,0,0,9238,1,29897,1,504613,1,29647,1,17045,1,36,1,9559,1,4514,1,17081,1,9559,1,0,1,1240,1,1,1,0,1
489,17063400,4513,9559,28.990131,,0,11,9,108,98052,1203,2706,16965348,16,182,40,1,26771,1,110,1,560860,1,3006536,1,152741,1,13198922,1,19367,1,320031,1,7124,4,528538,4,64974,4,4150669,4,8100144,8,12222308,108,25799,24,3166,1,20509,1,2565,1,0,0,0,0,0,0,0,0,0,0,0,0,9739,1,30127,1,490626,1,29787,1,17041,1,36,1,9559,1,4513,1,17077,1,9559,1,0,1,1240,1,1,1,0,1
490,17004700,4513,9559,28.990131,,0,11,9,108,88706,1232,2515,16915994,16,182,80,1,25629,1,60,1,559397,1,2992529,1,143113,1,13175187,1,19998,1,288350,1,7224,4,527937,4,65325,4,4146611,4,8112908,8,12231305,108,25699,24,3146,1,19888,1,2565,1,0,0,0,0,0,0,0,0,0,0,0,0,11512,1,28705,1,491538,1,27452,1,17043,1,36,1,9559,1,4513,1,17079,1,9559,1,0,1,1240,1,1,1,0,1
491,16980000,4514,9559,28.990131,,0,11,9,108,89565,1252,2596,16890435,16,182,50,1,25429,1,60,1,555850,1,2991137,1,142933,1,13155329,1,19647,1,289653,1,7104,4,528659,4,65024,4,4148745,4,8089394,8,12209814,108,25729,24,3116,1,19858,1,2525,1,0,0,0,0,0,0,0,0,0,0,0,0,11592,1,27953,1,488762,1,27302,1,17043,1,36,1,9559,1,4514,1,17079,1,9559,1,0,1,1240,1,1,1,0,1
492,16977300,4514,9559,28.990131,,0,11,9,108,69262,1323,2877,16908038,16,182,50,1,25990,1,70,1,594755,1,2999563,1,113787,1,13156681,1,17143,1,295384,1,7564,4,534019,4,64794,4,4137935,4,8085216,8,12194655,108,25619,24,3817,1,23976,1,2655,1,0,0,0,0,0,0,0,0,0,0,0,0,11141,1,28174,1,523088,1,31991,1,17046,1,36,1,9559,1,4514,1,17082,1,9559,1,0,1,1240,1,1,1,0,1
493,17214700,4514,9559,28.990131,,0,11,9,108,80360,1743,2856,17134340,16,182,110,1,26110,1,70,1,478703,1,3037946,1,158653,1,13419272,1,13476,1,509753,1,8296,4,562964,4,65635,4,4184694,4,8056130,8,12212299,108,25669,24,3757,1,23455,1,2845,1,0,0,0,0,0,0,0,0,0,0,0,0,6823,1,26350,1,420262,1,24727,1,17043,1,36,1,9559,1,4514,1,17079,1,9559,1,0,1,1240,1,1,1,0,1
494,17284700,4513,9559,28.99013,,0,11,9,108,188723,1423,2846,17095977,16,182,200,1,40347,1,90,1,583774,1,3145541,1,141640,1,13167963,1,16421,1,306875,1,7184,4,529941,4,65204,4,4128326,4,8097349,8,12196839,108,25990,24,3286,1,25839,1,2535,1,0,0,0,0,0,0,0,0,0,0,0,0,7845,1,28715,1,516666,1,29967,1,17043,1,36,1,9559,1,4513,1,17079,1,9559,1,0,1,1240,1,1,1,0,1
495,17086500,4514,9559,28.990126,,0,11,9,108,94071,1403,2806,16992429,16,182,160,1,33394,1,471,1,475016,1,3305517,1,111623,1,13053184,1,13065,1,282469,1,7174,4,530963,4,68982,4,4108228,4,8026794,8,12106538,108,25679,24,3396,1,21251,1,2525,1,0,0,0,0,0,0,0,0,0,0,0,0,11342,1,27693,1,411675,1,23996,1,17051,1,36,1,9559,1,4514,1,17087,1,9559,1,0,1,1240,1,1,1,0,1
496,17130500,4514,9559,28.990126,,0,11,9,108,170563,1202,2876,16959937,16,182,200,1,33063,1,120,1,567052,1,3070568,1,142672,1,13129640,1,16622,1,296145,1,7274,4,535973,4,64814,4,4133667,4,8061300,8,12166602,108,25489,24,3286,1,23445,1,2535,1,0,0,0,0,0,0,0,0,0,0,0,0,11161,1,28865,1,496407,1,30158,1,17050,1,36,1,9559,1,4514,1,17086,1,9559,1,0,1,1240,1,1,1,0,1
497,17083800,4515,9559,28.990126,,0,11,9,108,112862,1252,2756,16970938,16,182,180,1,32272,1,1232,1,465809,1,3253147,1,111583,1,13087509,1,19207,1,283751,1,7124,4,530492,4,65144,4,4123758,4,8048125,8,12143508,108,25619,24,3326,1,21972,1,2565,1,0,0,0,0,0,0,0,0,0,0,0,0,8927,1,25439,1,406926,1,23886,1,17049,1,36,1,9559,1,4515,1,17085,1,9559,1,0,1,1240,1,1,1,0,1
498,17297700,4514,9559,28.990126,,0,11,9,108,160855,1312,2746,17136845,16,182,581,1,34456,1,130,1,581279,1,3236595,1,142432,1,13124891,1,16481,1,298970,1,7314,4,527346,4,64824,4,4128006,4,8067793,8,12166131,108,26921,24,3236,1,23465,1,2625,1,0,0,0,0,0,0,0,0,0,0,0,0,7845,1,29647,1,513530,1,29767,1,17050,1,36,1,9559,1,4514,1,17086,1,9559,1,0,1,1240,1,1,1,0,1
499,17019600,4515,9559,28.990126,,0,11,9,108,125598,1232,2786,16894002,16,182,70,1,32201,1,551,1,469426,1,3190076,1,111463,1,13072711,1,17503,1,277810,1,7464,4,526765,4,65345,4,4114921,4,8049618,8,12136194,108,25559,24,3887,1,23104,1,2565,1,0,0,0,0,0,0,0,0,0,0,0,0,11241,1,24697,1,409441,1,23785,1,17047,1,36,1,9559,1,4515,1,17083,1,9559,1,0,1,1240,1,1,1,0,1
