step,wall_ns,manifolds,pairs,top_y,awake,void,colors,wide_colors,waves,g_ns,u_ns,r_ns,sys_sum_ns,disp_lane,worker_lane_max,sys_physics_integrate_ns,sys_physics_integrate_n,sys_physics_gather_ns,sys_physics_gather_n,sys_select_broadphase_ns,sys_select_broadphase_n,sys_physics_broadphase_ns,sys_physics_broadphase_n,sys_physics_narrowphase_ns,sys_physics_narrowphase_n,sys_physics_build_graph_ns,sys_physics_build_graph_n,sys_physics_solve_colored_ns,sys_physics_solve_colored_n,sys_physics_apply_ns,sys_physics_apply_n,phys_solve_build_ns,phys_solve_build_n,phys_gravity_ns,phys_gravity_n,phys_warm_apply_ns,phys_warm_apply_n,phys_integrate_ns,phys_integrate_n,phys_pass_biased_ns,phys_pass_biased_n,phys_pass_relax_ns,phys_pass_relax_n,phys_color_wide_ns,phys_color_wide_n,phys_color_narrow_ns,phys_color_narrow_n,phys_restitution_ns,phys_restitution_n,phys_store_ns,phys_store_n,phys_write_back_ns,phys_write_back_n,phys_sleep_begin_ns,phys_sleep_begin_n,phys_sleep_freeze_ns,phys_sleep_freeze_n,phys_sleep_end_ns,phys_sleep_end_n,phys_np_dispatch_ns,phys_np_dispatch_n,phys_np_compact_ns,phys_np_compact_n,phys_np_axis_commit_ns,phys_np_axis_commit_n,phys_bp_verify_ns,phys_bp_verify_n,phys_bp_build_ns,phys_bp_build_n,phys_bp_query_ns,phys_bp_query_n,phys_bp_assemble_ns,phys_bp_assemble_n,phys_slots_wide,phys_slots_wide_n,phys_slots_narrow,phys_slots_narrow_n,phys_np_pairs,phys_np_pairs_n,phys_np_manifolds,phys_np_manifolds_n,phys_np_points,phys_np_points_n,phys_bp_pairs,phys_bp_pairs_n,phys_np_chunks,phys_np_chunks_n,phys_bp_queried,phys_bp_queried_n,phys_bp_members,phys_bp_members_n,phys_bp_rebuilds,phys_bp_rebuilds_n,phys_np_reused,phys_np_reused_n,phys_np_sep_hits,phys_np_sep_hits_n,phys_np_full,phys_np_full_n
0,18678200,4495,9570,35.998295,,0,9,9,108,71683,5721,5511,18606517,16,154,832,1,112016,1,331,1,1967522,1,2358798,1,137235,1,14016136,1,13646,1,586513,1,9218,4,552167,4,68242,4,4318556,4,8425161,8,12738206,108,0,0,6583,1,41410,1,2565,1,0,0,0,0,0,0,0,0,0,0,0,0,0,0,0,0,0,0,0,0,17980,1,0,1,9570,1,4495,1,17980,1,9570,1,0,1,0,0,0,0,0,0,0,1,0,1,9570,1
1,16599800,4196,9570,35.993866,,0,8,8,96,58494,3557,2455,16541306,16,142,451,1,47031,1,60,1,2232334,1,2082354,1,88902,1,12079073,1,11101,1,375035,1,7865,4,483845,4,66148,4,3761890,4,7342459,8,11101894,96,0,0,3266,1,31942,1,3066,1,0,0,0,0,0,0,0,0,0,0,0,0,0,0,0,0,0,0,0,0,15924,1,0,1,9570,1,4196,1,15924,1,9570,1,0,1,0,0,0,0,0,0,0,1,5075,1,4495,1
2,16158000,4142,9570,35.986713,,0,8,8,96,53278,2134,7745,16104722,16,142,341,1,27373,1,70,1,1945820,1,2035423,1,88571,1,11995641,1,11482,1,415062,1,7434,4,486029,4,66478,4,3705972,4,7270410,8,10968637,96,0,0,3968,1,35619,1,2535,1,0,0,0,0,0,0,0,0,0,0,0,0,0,0,0,0,0,0,0,0,15744,1,0,1,9570,1,4142,1,15744,1,9570,1,0,1,0,0,0,0,0,0,0,1,5157,1,4413,1
3,16071000,4111,9570,35.976837,,0,8,8,96,77092,1753,6994,15993908,16,142,301,1,26942,1,130,1,1946722,1,2030915,1,87108,1,11889897,1,11893,1,352561,1,8416,4,477122,4,66138,4,3694149,4,7250762,8,10937917,96,0,0,2916,1,33284,1,2795,1,0,0,0,0,0,0,0,0,0,0,0,0,0,0,0,0,0,0,0,0,15687,1,0,1,9570,1,4111,1,15687,1,9570,1,0,1,0,0,0,0,0,0,0,1,5389,1,4181,1
4,16201100,4100,9570,35.964233,,0,8,8,96,75953,1523,7394,16125147,16,142,551,1,28265,1,230,1,2018220,1,1972852,1,85024,1,12008161,1,11843,1,331781,1,8937,4,512801,4,65867,4,3684310,4,7359477,8,11036393,96,0,0,3176,1,37563,1,2725,1,0,0,0,0,0,0,0,0,0,0,0,0,0,0,0,0,0,0,0,0,15670,1,0,1,9570,1,4100,1,15670,1,9570,1,0,1,0,0,0,0,0,0,0,1,5440,1,4130,1
5,16046700,4087,9570,35.948902,,0,8,8,96,57030,1763,6974,15989670,16,142,571,1,27233,1,150,1,1945289,1,1989855,1,86527,1,11927590,1,12454,1,352621,1,16692,4,487562,4,77189,4,3678589,4,7256583,8,10928198,96,0,0,3457,1,49426,1,3707,1,0,0,0,0,0,0,0,0,0,0,0,0,0,0,0,0,0,0,0,0,15642,1,0,1,9570,1,4087,1,15642,1,9570,1,0,1,0,0,0,0,0,0,0,1,5459,1,4111,1
6,16565100,4079,9570,35.93085,,0,8,8,96,53562,2615,2946,16511538,16,142,391,1,29717,1,80,1,1955299,1,2143102,1,97258,1,12273458,1,12234,1,707838,1,8336,4,491460,4,66348,4,3689861,4,7252034,8,10938949,96,0,0,4799,1,46259,1,3908,1,0,0,0,0,0,0,0,0,0,0,0,0,0,0,0,0,0,0,0,0,15666,1,0,1,9570,1,4079,1,15666,1,9570,1,0,1,0,0,0,0,0,0,0,1,5474,1,4096,1
7,16016000,4073,9570,35.910072,,0,8,8,96,53994,1112,2274,15962006,16,142,451,1,29016,1,140,1,1934508,1,2023651,1,84323,1,11878024,1,11893,1,342191,1,9338,4,473535,4,67370,4,3688889,4,7245522,8,10932136,96,0,0,4348,1,42773,1,2946,1,0,0,0,0,0,0,0,0,0,0,0,0,0,0,0,0,0,0,0,0,15684,1,0,1,9570,1,4073,1,15684,1,9570,1,0,1,0,0,0,0,0,0,0,1,5484,1,4086,1
8,16049600,4066,9570,35.88657,,0,8,8,96,44641,1082,2436,16004959,16,142,341,1,28625,1,331,1,1928407,1,2034211,1,83732,1,11918312,1,11001,1,389342,1,7795,4,485498,4,67200,4,3693357,4,7234010,8,10924931,96,0,0,2645,1,34857,1,2525,1,0,0,0,0,0,0,0,0,0,0,0,0,0,0,0,0,0,0,0,0,15684,1,0,1,9570,1,4066,1,15684,1,9570,1,0,1,0,0,0,0,0,0,0,1,5493,1,4077,1
9,15963300,4061,9570,35.86034,,0,8,8,96,52122,1152,2274,15911178,16,142,60,1,27884,1,120,1,1928387,1,1989705,1,83231,1,11864117,1,17674,1,341269,1,7454,4,474647,4,65587,4,3693187,4,7243979,8,10934891,96,0,0,2705,1,31220,1,2916,1,0,0,0,0,0,0,0,0,0,0,0,0,0,0,0,0,0,0,0,0,15705,1,0,1,9570,1,4061,1,15705,1,9570,1,0,1,0,0,0,0,0,0,0,1,5502,1,4068,1
10,16329700,4053,9570,35.831387,,0,8,8,96,40441,1493,2796,16289259,16,142,381,1,43584,1,90,1,2370932,1,1967773,1,86277,1,11808550,1,11673,1,320489,1,9188,4,472984,4,66749,4,3673158,4,7221676,8,10892038,96,0,0,3807,1,35990,1,3016,1,0,0,0,0,0,0,0,0,0,0,0,0,0,0,0,0,0,0,0,0,15690,1,0,1,9570,1,4053,1,15690,1,9570,1,0,1,0,0,0,0,0,0,0,1,5506,1,4064,1
11,16359900,4054,9570,35.79971,,0,8,8,96,60376,1713,2194,16299524,16,142,301,1,44706,1,160,1,2134315,1,1970468,1,123404,1,12014468,1,11703,1,427496,1,8567,4,530716,4,71879,4,3708957,4,7226806,8,10933569,96,0,0,3106,1,32733,1,2495,1,0,0,0,0,0,0,0,0,0,0,0,0,0,0,0,0,0,0,0,0,15715,1,0,1,9570,1,4054,1,15715,1,9570,1,0,1,0,0,0,0,0,0,0,1,5510,1,4060,1
12,16040800,4056,9570,35.765305,,0,8,8,96,63785,1222,3347,15977015,16,142,110,1,28124,1,140,1,1932645,1,1982842,1,85455,1,11929754,1,17945,1,325760,1,9869,4,478074,4,66448,4,3702405,4,7280840,8,10979898,96,0,0,2946,1,59044,1,3146,1,0,0,0,0,0,0,0,0,0,0,0,0,0,0,0,0,0,0,0,0,15716,1,0,1,9570,1,4056,1,15716,1,9570,1,0,1,0,0,0,0,0,0,0,1,5509,1,4061,1
13,17092500,4055,9570,35.728176,,0,8,8,96,43052,2064,3256,17049448,16,142,261,1,34156,1,70,1,2426599,1,2085150,1,88301,1,12403049,1,11863,1,393250,1,9889,4,568609,4,86858,4,3738835,4,7557575,8,11293154,96,0,0,2745,1,40388,1,2835,1,0,0,0,0,0,0,0,0,0,0,0,0,0,0,0,0,0,0,0,0,15731,1,0,1,9570,1,4055,1,15731,1,9570,1,0,1,0,0,0,0,0,0,0,1,5510,1,4060,1
14,16281600,4060,9570,35.688324,,0,8,8,96,40745,1072,2084,16240855,16,142,331,1,36140,1,110,1,2202617,1,2031556,1,84273,1,11874788,1,11041,1,352682,1,7675,4,476701,4,65507,4,3690582,4,7245321,8,10933819,96,0,0,2976,1,29176,1,3096,1,0,0,0,0,0,0,0,0,0,0,0,0,0,0,0,0,0,0,0,0,15731,1,0,1,9570,1,4060,1,15731,1,9570,1,0,1,0,0,0,0,0,0,0,1,5509,1,4061,1
15,15992900,4057,9570,35.64575,,0,8,8,96,44410,1262,2626,15948490,16,142,210,1,27323,1,60,1,1930701,1,1964466,1,83171,1,11930746,1,11813,1,332803,1,7665,4,474597,4,67821,4,3697525,4,7294456,8,10989356,96,0,0,3296,1,46320,1,5000,1,0,0,0,0,0,0,0,0,0,0,0,0,0,0,0,0,0,0,0,0,15734,1,0,1,9570,1,4057,1,15734,1,9570,1,0,1,0,0,0,0,0,0,0,1,5508,1,4062,1
16,16032100,4055,9570,35.600445,,0,8,8,96,39955,1353,2625,15992145,16,142,351,1,28505,1,120,1,1936402,1,2030133,1,84333,1,11901299,1,11001,1,337913,1,8607,4,475058,4,69645,4,3701713,4,7267985,8,10967073,96,0,0,2795,1,33555,1,2675,1,0,0,0,0,0,0,0,0,0,0,0,0,0,0,0,0,0,0,0,0,15727,1,0,1,9570,1,4055,1,15727,1,9570,1,0,1,0,0,0,0,0,0,0,1,5511,1,4059,1
17,15998000,4051,9570,35.552414,,0,8,8,96,42266,1313,2285,15955734,16,142,10,1,27994,1,120,1,1925210,1,2000085,1,89473,1,11901509,1,11332,1,331781,1,7665,4,481921,4,65627,4,3694149,4,7285519,8,10977383,96,0,0,3246,1,27714,1,2575,1,0,0,0,0,0,0,0,0,0,0,0,0,0,0,0,0,0,0,0,0,15724,1,0,1,9570,1,4051,1,15724,1,9570,1,0,1,0,0,0,0,0,0,0,1,5511,1,4059,1
18,15928200,4049,9570,35.501663,,0,8,8,96,39946,1092,2195,15888254,16,142,30,1,27583,1,100,1,1931753,1,1964967,1,83351,1,11869107,1,11362,1,318215,1,7494,4,473966,4,65587,4,3696193,4,7268346,8,10962344,96,0,0,2805,1,31972,1,3437,1,0,0,0,0,0,0,0,0,0,0,0,0,0,0,0,0,0,0,0,0,15728,1,0,1,9570,1,4049,1,15728,1,9570,1,0,1,0,0,0,0,0,0,0,1,5517,1,4053,1
19,15918500,4050,9570,35.448185,,0,8,8,96,37761,1122,2265,15880739,16,142,80,1,27954,1,30,1,1936392,1,1950960,1,83271,1,11870820,1,11232,1,295591,1,8737,4,485819,4,65887,4,3701984,4,7272684,8,10972404,96,0,0,2805,1,33485,1,2705,1,0,0,0,0,0,0,0,0,0,0,0,0,0,0,0,0,0,0,0,0,15736,1,0,1,9570,1,4050,1,15736,1,9570,1,0,1,0,0,0,0,0,0,0,1,5519,1,4051,1
20,19365000,4829,9570,35.391983,,0,14,12,144,43411,1222,3286,19321589,16,214,140,1,28265,1,70,1,1925391,1,2326837,1,133849,1,14895776,1,11262,1,428478,1,8617,4,572967,4,65817,4,4637993,4,9135424,8,13656160,144,113970,24,3737,1,37302,1,4218,1,0,0,0,0,0,0,0,0,0,0,0,0,0,0,0,0,0,0,0,0,18718,1,144,1,9570,1,4829,1,18862,1,9570,1,0,1,0,0,0,0,0,0,0,1,4736,1,4834,1
21,18279700,4715,9570,35.333054,,0,13,11,132,43769,1082,2986,18235931,16,202,130,1,27503,1,70,1,1948576,1,2477548,1,107848,1,13662923,1,11332,1,394242,1,7965,4,536928,4,67901,4,4261706,4,8339516,8,12516728,132,81508,24,3336,1,47702,1,2545,1,0,0,0,0,0,0,0,0,0,0,0,0,0,0,0,0,0,0,0,0,17266,1,101,1,9570,1,4715,1,17367,1,9570,1,0,1,0,0,0,0,0,0,0,1,4361,1,5209,1
22,17741500,4565,9570,35.2714,,0,13,10,120,41245,1733,3137,17700255,16,202,261,1,27363,1,120,1,1937093,1,2370962,1,104712,1,13248222,1,11522,1,424641,1,7795,4,523371,4,65597,4,4118599,4,8069444,8,12011101,120,173806,36,3046,1,31341,1,2655,1,0,0,0,0,0,0,0,0,0,0,0,0,0,0,0,0,0,0,0,0,16624,1,220,1,9570,1,4565,1,16844,1,9570,1,0,1,0,0,0,0,0,0,0,1,4678,1,4892,1
23,17842400,4496,9570,35.207024,,0,13,10,120,57346,2825,3387,17785054,16,202,160,1,27183,1,110,1,1922515,1,2541201,1,113069,1,13162136,1,18681,1,433638,1,8446,4,516358,4,65246,4,4063593,4,8001934,8,11903373,120,158767,36,3797,1,61809,1,4489,1,0,0,0,0,0,0,0,0,0,0,0,0,0,0,0,0,0,0,0,0,16445,1,200,1,9570,1,4496,1,16645,1,9570,1,0,1,0,0,0,0,0,0,0,1,4859,1,4711,1
24,17622200,4419,9570,35.13992,,0,12,10,120,42447,1723,3146,17579753,16,190,551,1,33294,1,150,1,2269035,1,2287681,1,97999,1,12880020,1,11021,1,399071,1,8587,4,503874,4,65907,4,3998457,4,7857935,8,11783572,120,69675,24,3246,1,38675,1,2545,1,0,0,0,0,0,0,0,0,0,0,0,0,0,0,0,0,0,0,0,0,16356,1,88,1,9570,1,4419,1,16444,1,9570,1,0,1,0,0,0,0,0,0,0,1,4975,1,4595,1
25,17133000,4390,9570,35.07009,,0,12,9,108,40339,1343,2836,17092661,16,190,110,1,27673,1,60,1,1927665,1,2236793,1,97038,1,12790016,1,13306,1,368933,1,7855,4,500096,4,65947,4,3987887,4,7814942,8,11568856,108,231137,36,2825,1,37072,1,3116,1,0,0,0,0,0,0,0,0,0,0,0,0,0,0,0,0,0,0,0,0,16055,1,291,1,9570,1,4390,1,16346,1,9570,1,0,1,0,0,0,0,0,0,0,1,5061,1,4509,1
26,17013400,4353,9570,34.997536,,0,12,9,108,39969,1162,2956,16973431,16,190,240,1,27543,1,220,1,1937324,1,2187828,1,97719,1,12711625,1,10931,1,338644,1,8126,4,503884,4,67611,4,3965704,4,7790174,8,11570619,108,182302,36,3517,1,30208,1,2595,1,0,0,0,0,0,0,0,0,0,0,0,0,0,0,0,0,0,0,0,0,16062,1,229,1,9570,1,4353,1,16291,1,9570,1,0,1,0,0,0,0,0,0,0,1,5113,1,4457,1
27,17044900,4336,9570,34.92226,,0,12,9,108,60799,1272,2867,16984101,16,190,80,1,27683,1,210,1,1931553,1,2220701,1,98059,1,12688250,1,17564,1,363122,1,7695,4,503663,4,65497,4,3954382,4,7752772,8,11542224,108,162063,36,3326,1,33946,1,2575,1,0,0,0,0,0,0,0,0,0,0,0,0,0,0,0,0,0,0,0,0,16019,1,201,1,9570,1,4336,1,16220,1,9570,1,0,1,0,0,0,0,0,0,0,1,5148,1,4422,1
28,19976200,4982,9570,34.844257,,0,14,11,132,43460,2064,3447,19932740,16,214,250,1,28896,1,160,1,2054691,1,2490483,1,120252,1,15226244,1,11763,1,483945,1,10651,4,583908,4,66879,4,4736112,4,9294752,8,13717318,132,310099,36,3286,1,41370,1,3276,1,0,0,0,0,0,0,0,0,0,0,0,0,0,0,0,0,0,0,0,0,18465,1,392,1,9570,1,4982,1,18857,1,9570,1,0,1,0,0,0,0,0,0,0,1,4511,1,5059,1
29,18697000,4783,9570,34.763527,,0,14,11,132,45787,1653,3898,18651213,16,214,421,1,26822,1,130,1,1932214,1,2560258,1,116766,1,14002740,1,11863,1,461672,1,12294,4,551876,4,74414,4,4334867,4,8493013,8,12714059,132,109922,36,4889,1,61910,1,6152,1,0,0,0,0,0,0,0,0,0,0,0,0,0,0,0,0,0,0,0,0,17239,1,139,1,9570,1,4783,1,17378,1,9570,1,0,1,0,0,0,0,0,0,0,1,4166,1,5404,1
30,18632100,4670,9570,34.680073,,0,13,11,132,40061,1553,3096,18592039,16,202,150,1,28956,1,120,1,1933527,1,2650181,1,127567,1,13839404,1,12133,1,551386,1,8256,4,535815,4,65697,4,4245765,4,8372189,8,12511197,132,103660,24,3477,1,51860,1,3407,1,0,0,0,0,0,0,0,0,0,0,0,0,0,0,0,0,0,0,0,0,16931,1,131,1,9570,1,4670,1,17062,1,9570,1,0,1,0,0,0,0,0,0,0,1,4483,1,5087,1
31,18047200,4639,9570,34.593895,,0,13,11,132,38829,1032,3157,18008371,16,202,70,1,27754,1,110,1,1923687,1,2467007,1,110473,1,13467927,1,11342,1,438537,1,7875,4,523321,4,67140,4,4193103,4,8192271,8,12298426,132,83792,24,3066,1,38595,1,2986,1,0,0,0,0,0,0,0,0,0,0,0,0,0,0,0,0,0,0,0,0,16699,1,106,1,9570,1,4639,1,16805,1,9570,1,0,1,0,0,0,0,0,0,0,1,4722,1,4848,1
32,17880700,4573,9570,34.504993,,0,13,11,132,49822,1383,3106,17830878,16,202,351,1,26722,1,261,1,1942794,1,2454864,1,115483,1,13278591,1,11813,1,474527,1,8797,4,524273,4,68783,4,4098230,4,8047572,8,12040027,132,102668,24,3477,1,47482,1,4068,1,0,0,0,0,0,0,0,0,0,0,0,0,0,0,0,0,0,0,0,0,16368,1,130,1,9570,1,4573,1,16498,1,9570,1,0,1,0,0,0,0,0,0,0,1,4818,1,4752,1
33,17659500,4491,9570,34.413364,,0,13,11,132,47225,3156,3336,17612275,16,202,521,1,26862,1,120,1,1932615,1,2437180,1,116495,1,13086640,1,11843,1,463426,1,15059,4,513512,4,71759,4,4036360,4,7922550,8,11863416,132,92158,24,3797,1,52461,1,4559,1,0,0,0,0,0,0,0,0,0,0,0,0,0,0,0,0,0,0,0,0,16106,1,116,1,9570,1,4491,1,16222,1,9570,1,0,1,0,0,0,0,0,0,0,1,4921,1,4649,1
34,20529900,5031,9570,34.31901,,0,14,11,132,63664,3607,3748,20466236,16,214,20,1,32904,1,50,1,1934949,1,2768410,1,230285,1,15488035,1,11582,1,707407,1,9899,4,641690,4,70326,4,4683506,4,9302767,8,13669220,132,313305,36,5972,1,47762,1,15099,1,0,0,0,0,0,0,0,0,0,0,0,0,0,0,0,0,0,0,0,0,17973,1,388,1,9570,1,5031,1,18361,1,9570,1,0,1,0,0,0,0,0,0,0,1,4411,1,5159,1
35,18656200,4806,9570,34.221935,,0,14,11,132,54723,1262,3527,18601477,16,214,120,1,27343,1,50,1,1931583,1,2633068,1,121795,1,13876065,1,11452,1,512771,1,9979,4,536427,4,65416,4,4288167,4,8405854,8,12596332,132,94162,36,3517,1,49586,1,3086,1,0,0,0,0,0,0,0,0,0,0,0,0,0,0,0,0,0,0,0,0,16833,1,118,1,9570,1,4806,1,16951,1,9570,1,0,1,0,0,0,0,0,0,0,1,4151,1,5419,1
36,17982800,4646,9570,34.12213,,0,14,11,132,41499,1182,3317,17941301,16,214,110,1,28756,1,80,1,1933476,1,2551370,1,117186,1,13298629,1,11693,1,459147,1,8005,4,531637,4,74484,4,4115463,4,8062951,8,12075465,132,99633,36,3637,1,38765,1,3356,1,0,0,0,0,0,0,0,0,0,0,0,0,0,0,0,0,0,0,0,0,16171,1,126,1,9570,1,4646,1,16297,1,9570,1,0,1,0,0,0,0,0,0,0,1,4397,1,5173,1
37,17401400,4535,9570,34.019604,,0,13,10,120,40761,1162,3146,17360639,16,202,110,1,27213,1,130,1,1936162,1,2463260,1,113479,1,12808492,1,11793,1,403009,1,11242,4,499425,4,73432,4,3977967,4,7787930,8,11505995,120,256756,36,3086,1,46640,1,4599,1,0,0,0,0,0,0,0,0,0,0,0,0,0,0,0,0,0,0,0,0,15408,1,325,1,9570,1,4535,1,15733,1,9570,1,0,1,0,0,0,0,0,0,0,1,4643,1,4927,1
38,17481300,4502,9570,33.91435,,0,13,11,132,46999,1393,3377,17434301,16,202,80,1,29026,1,40,1,1935741,1,2526522,1,127236,1,12803623,1,12033,1,506298,1,8166,4,508322,4,71438,4,3931397,4,7716482,8,11562273,132,82229,24,3898,1,52562,1,3667,1,0,0,0,0,0,0,0,0,0,0,0,0,0,0,0,0,0,0,0,0,15473,1,104,1,9570,1,4502,1,15577,1,9570,1,0,1,0,0,0,0,0,0,0,1,4816,1,4754,1
39,19653100,4984,9570,33.806374,,0,14,12,144,54506,1553,3517,19598594,16,214,110,1,28615,1,200,1,1929839,1,2698986,1,134710,1,14793869,1,12264,1,710182,1,10490,4,558720,4,65757,4,4503964,4,8861114,8,13260245,144,101316,24,3847,1,73332,1,4909,1,0,0,0,0,0,0,0,0,0,0,0,0,0,0,0,0,0,0,0,0,17363,1,128,1,9570,1,4984,1,17491,1,9570,1,0,1,0,0,0,0,0,0,0,1,4403,1,5167,1
40,19530500,5009,9570,33.69567,,0,15,11,132,56978,1212,3707,19473522,16,226,261,1,27403,1,150,1,2055292,1,2839768,1,133608,1,14399016,1,18025,1,537599,1,15159,4,553229,4,66128,4,4447364,4,8730642,8,12974122,132,200177,48,3296,1,41200,1,3186,1,0,0,0,0,0,0,0,0,0,0,0,0,0,0,0,0,0,0,0,0,17089,1,251,1,9570,1,5009,1,17340,1,9570,1,0,1,0,0,0,0,0,0,0,1,3894,1,5676,1
41,18649200,4852,9570,33.58224,,0,14,11,132,60422,1824,3437,18588778,16,214,90,1,28064,1,170,1,1989380,1,2685510,1,124621,1,13746445,1,14498,1,488484,1,9618,4,532309,4,66619,4,4255454,4,8336831,8,12437856,132,150992,36,3206,1,48213,1,3888,1,0,0,0,0,0,0,0,0,0,0,0,0,0,0,0,0,0,0,0,0,16401,1,190,1,9570,1,4852,1,16591,1,9570,1,0,1,0,0,0,0,0,0,0,1,4157,1,5413,1
42,17946600,4753,9570,33.466087,,0,14,11,132,42561,1252,3497,17904039,16,214,110,1,31932,1,210,1,1927124,1,2620644,1,123439,1,13189418,1,11162,1,468185,1,7935,4,514875,4,65557,4,4080866,4,8005791,8,11961224,132,121936,36,3898,1,38154,1,2906,1,0,0,0,0,0,0,0,0,0,0,0,0,0,0,0,0,0,0,0,0,15808,1,154,1,9570,1,4753,1,15962,1,9570,1,0,1,0,0,0,0,0,0,0,1,4473,1,5097,1
43,17904800,4728,9570,33.34721,,0,14,11,132,53312,1874,3327,17851488,16,214,140,1,26842,1,140,1,1933516,1,2606186,1,122897,1,13150172,1,11592,1,433678,1,18245,4,515827,4,67170,4,4072029,4,7993768,8,11916017,132,146453,36,3236,1,41420,1,2926,1,0,0,0,0,0,0,0,0,0,0,0,0,0,0,0,0,0,0,0,0,15589,1,185,1,9570,1,4728,1,15774,1,9570,1,0,1,0,0,0,0,0,0,0,1,4581,1,4989,1
44,19010700,4996,9570,33.22561,,0,14,11,132,41502,1162,3637,18969198,16,214,180,1,27473,1,240,1,1927976,1,2745716,1,132777,1,14123012,1,11823,1,492361,1,11953,4,543380,4,66068,4,4374434,4,8581784,8,12735561,132,217019,36,3637,1,44316,1,3918,1,0,0,0,0,0,0,0,0,0,0,0,0,0,0,0,0,0,0,0,0,16516,1,272,1,9570,1,4996,1,16788,1,9570,1,0,1,0,0,0,0,0,0,0,1,4231,1,5339,1
45,19607300,5112,9570,33.10128,,0,14,12,144,55146,1383,3447,19552154,16,214,200,1,27623,1,271,1,1926333,1,2851510,1,140051,1,14591327,1,14839,1,560643,1,8015,4,561435,4,66519,4,4499756,4,8839422,8,13233413,144,102318,24,3457,1,46770,1,3928,1,0,0,0,0,0,0,0,0,0,0,0,0,0,0,0,0,0,0,0,0,17219,1,129,1,9570,1,5112,1,17348,1,9570,1,0,1,0,0,0,0,0,0,0,1,3908,1,5662,1
46,18562000,4923,9570,32.974224,,0,14,11,132,45066,1473,3377,18516934,16,214,70,1,31451,1,120,1,1929930,1,2777848,1,131825,1,13633957,1,11733,1,501940,1,9088,4,528441,4,65747,4,4208302,4,8260082,8,12222489,132,242519,36,4158,1,50367,1,4358,1,0,0,0,0,0,0,0,0,0,0,0,0,0,0,0,0,0,0,0,0,15971,1,307,1,9570,1,4923,1,16278,1,9570,1,0,1,0,0,0,0,0,0,0,1,4030,1,5540,1
47,17713000,4760,9570,32.844448,,0,14,11,132,40568,1152,3407,17672432,16,214,361,1,27122,1,120,1,1936542,1,2676643,1,126825,1,12893526,1,11292,1,454528,1,7805,4,501589,4,65607,4,4001082,4,7817337,8,11628682,132,186330,36,3056,1,38424,1,2946,1,0,0,0,0,0,0,0,0,0,0,0,0,0,0,0,0,0,0,0,0,15212,1,234,1,9570,1,4760,1,15446,1,9570,1,0,1,0,0,0,0,0,0,0,1,4331,1,5239,1
48,18792800,5001,9570,32.711945,,0,14,12,144,40061,1132,3437,18752739,16,214,190,1,27273,1,200,1,1931543,1,2772628,1,134079,1,13875715,1,11111,1,461973,1,7895,4,533892,4,66148,4,4299128,4,8456632,8,12612974,144,139349,24,3948,1,41911,1,3056,1,0,0,0,0,0,0,0,0,0,0,0,0,0,0,0,0,0,0,0,0,16273,1,176,1,9570,1,5001,1,16449,1,9570,1,0,1,0,0,0,0,0,0,0,1,4180,1,5390,1
49,19404900,5139,9570,32.576717,,0,14,12,144,39447,1623,3958,19365453,16,214,120,1,26762,1,30,1,1928617,1,2929060,1,139660,1,14330093,1,11111,1,510066,1,8516,4,555023,4,65857,4,4436954,4,8703089,8,13007286,144,128799,24,3557,1,41731,1,3677,1,0,0,0,0,0,0,0,0,0,0,0,0,0,0,0,0,0,0,0,0,16761,1,162,1,9570,1,5139,1,16923,1,9570,1,0,1,0,0,0,0,0,0,0,1,3710,1,5860,1
50,18851400,4996,9570,32.438763,,0,14,12,144,58092,1012,3738,18793308,16,214,160,1,26641,1,120,1,1934148,1,2791154,1,131855,1,13890573,1,18656,1,445631,1,10641,4,535846,4,68502,4,4325820,4,8453406,8,12714991,144,60497,24,3377,1,43614,1,2725,1,0,0,0,0,0,0,0,0,0,0,0,0,0,0,0,0,0,0,0,0,16396,1,76,1,9570,1,4996,1,16472,1,9570,1,0,1,0,0,0,0,0,0,0,1,4031,1,5539,1
51,19203200,4871,9570,32.298084,,0,13,11,132,96777,1914,4259,19106423,16,202,120,1,27663,1,170,1,2065216,1,3018453,1,166492,1,13810323,1,17985,1,531778,1,8567,4,567887,4,65927,4,4178335,4,8406861,8,12411871,132,169067,24,3417,1,42222,1,3417,1,0,0,0,0,0,0,0,0,0,0,0,0,0,0,0,0,0,0,0,0,15840,1,210,1,9570,1,4871,1,16050,1,9570,1,0,1,0,0,0,0,0,0,0,1,4306,1,5264,1
52,20132600,5093,9570,32.154682,,0,14,11,132,90744,1633,3548,20041856,16,214,110,1,29166,1,250,1,2205187,1,3070363,1,195227,1,14523496,1,18055,1,552297,1,11632,4,555113,4,65717,4,4474367,4,8803062,8,13048665,132,225215,36,3627,1,52912,1,3136,1,0,0,0,0,0,0,0,0,0,0,0,0,0,0,0,0,0,0,0,0,16703,1,282,1,9570,1,5093,1,16985,1,9570,1,0,1,0,0,0,0,0,0,0,1,4229,1,5341,1
53,19592400,4972,9570,32.008553,,0,13,11,132,99059,1433,3477,19493341,16,202,140,1,28896,1,180,1,2135006,1,2956614,1,175158,1,14179031,1,18315,1,525235,1,8316,4,541597,4,66839,4,4392458,4,8590601,8,12814343,132,165239,24,3707,1,44035,1,4809,1,0,0,0,0,0,0,0,0,0,0,0,0,0,0,0,0,0,0,0,0,16437,1,208,1,9570,1,4972,1,16645,1,9570,1,0,1,0,0,0,0,0,0,0,1,4032,1,5538,1
54,19210500,4792,9570,31.8597,,0,13,11,132,89449,1563,3437,19121051,16,202,110,1,28736,1,200,1,2199020,1,2936805,1,182232,1,13751825,1,22123,1,584309,1,9859,4,606702,4,64935,4,4176902,4,8187162,8,12278578,132,82049,24,28846,1,86337,1,5210,1,0,0,0,0,0,0,0,0,0,0,0,0,0,0,0,0,0,0,0,0,15830,1,102,1,9570,1,4792,1,15932,1,9570,1,0,1,0,0,0,0,0,0,0,1,4242,1,5328,1
55,18918300,4796,9570,31.70812,,0,13,10,120,90981,1282,3126,18827319,16,202,30,1,46730,1,40,1,2444364,1,2664469,1,186235,1,13467736,1,17714,1,537719,1,7855,4,515456,4,69825,4,4147144,4,8132586,8,12032172,120,244432,36,3296,1,49806,1,2765,1,0,0,0,0,0,0,0,0,0,0,0,0,0,0,0,0,0,0,0,0,15396,1,306,1,9570,1,4796,1,15702,1,9570,1,0,1,0,0,0,0,0,0,0,1,4369,1,5201,1
56,18952300,4911,9570,31.553818,,0,13,10,120,50127,1132,3286,18902173,16,202,160,1,29076,1,200,1,2003347,1,2764593,1,134400,1,13958535,1,11863,1,530165,1,11081,4,538330,4,66318,4,4312824,4,8447805,8,12504334,120,253009,36,3747,1,43915,1,3216,1,0,0,0,0,0,0,0,0,0,0,0,0,0,0,0,0,0,0,0,0,15945,1,319,1,9570,1,4911,1,16264,1,9570,1,0,1,0,0,0,0,0,0,0,1,4185,1,5385,1
57,18521300,4780,9570,31.39679,,0,14,10,120,46778,2034,3427,18474522,16,214,140,1,27142,1,140,1,1926383,1,2737370,1,128989,1,13641101,1,13256,1,507811,1,7775,4,517370,4,66549,4,4204625,4,8246787,8,12288587,120,159398,48,6813,1,72390,1,8947,1,0,0,0,0,0,0,0,0,0,0,0,0,0,0,0,0,0,0,0,0,15714,1,201,1,9570,1,4780,1,15915,1,9570,1,0,1,0,0,0,0,0,0,0,1,4405,1,5165,1
58,19190200,4734,9570,31.237036,,0,13,10,120,58203,2104,4198,19131997,16,202,100,1,31581,1,291,1,2038329,1,2727671,1,195177,1,14125583,1,13266,1,691336,1,9889,4,634757,4,65456,4,4173826,4,8470384,8,12522174,120,117838,36,3617,1,70136,1,4078,1,0,0,0,0,0,0,0,0,0,0,0,0,0,0,0,0,0,0,0,0,15644,1,141,1,9570,1,4734,1,15785,1,9570,1,0,1,0,0,0,0,0,0,0,1,4548,1,5022,1
59,18607200,4748,9570,31.074558,,0,13,10,120,39208,1232,3036,18567992,16,202,230,1,27323,1,30,1,1927355,1,2669900,1,127306,1,13804477,1,11372,1,507881,1,8436,4,544602,4,75326,4,4260113,4,8358262,8,12535755,120,79584,36,3477,1,42081,1,3066,1,0,0,0,0,0,0,0,0,0,0,0,0,0,0,0,0,0,0,0,0,15913,1,100,1,9570,1,4748,1,16013,1,9570,1,0,1,0,0,0,0,0,0,0,1,4439,1,5131,1
60,18456200,4704,9570,30.909355,,0,12,10,120,43478,1904,2916,18412722,16,190,90,1,27363,1,140,1,1930911,1,2614072,1,126695,1,13701177,1,12274,1,459638,1,10811,4,521728,4,75877,4,4248200,4,8328565,8,12508182,120,65667,24,4569,1,44977,1,4909,1,0,0,0,0,0,0,0,0,0,0,0,0,0,0,0,0,0,0,0,0,15920,1,82,1,9570,1,4704,1,16002,1,9570,1,0,1,0,0,0,0,0,0,0,1,4617,1,4953,1
61,18956400,4678,9570,30.741426,,0,12,10,120,44944,1974,3187,18911456,16,190,120,1,27112,1,120,1,1926944,1,2703885,1,151142,1,14089828,1,12304,1,782332,1,11182,4,553460,4,65897,4,4235325,4,8378060,8,12545213,120,64986,24,3827,1,51910,1,5861,1,0,0,0,0,0,0,0,0,0,0,0,0,0,0,0,0,0,0,0,0,15884,1,81,1,9570,1,4678,1,15965,1,9570,1,0,1,0,0,0,0,0,0,0,1,4673,1,4897,1
62,18538500,4666,9570,30.570772,,0,12,10,120,60592,1373,3097,18477908,16,190,200,1,28084,1,230,1,1937434,1,2651514,1,128067,1,13714413,1,17965,1,556475,1,8587,4,535765,4,65316,4,4218242,4,8280612,8,12435811,120,59946,24,3286,1,42031,1,2725,1,0,0,0,0,0,0,0,0,0,0,0,0,0,0,0,0,0,0,0,0,15772,1,75,1,9570,1,4666,1,15847,1,9570,1,0,1,0,0,0,0,0,0,0,1,4636,1,4934,1
63,18295900,4609,9570,30.397394,,0,11,9,108,41644,952,3006,18254256,16,178,371,1,28465,1,100,1,1950599,1,2556731,1,120252,1,13586446,1,11292,1,447034,1,11061,4,512520,4,65877,4,4216027,4,8283698,8,12299228,108,197492,24,3988,1,41109,1,4178,1,0,0,0,0,0,0,0,0,0,0,0,0,0,0,0,0,0,0,0,0,15605,1,248,1,9570,1,4609,1,15853,1,9570,1,0,1,0,0,0,0,0,0,0,1,4745,1,4825,1
64,18466700,4623,9570,30.22129,,0,12,9,108,41083,1062,2876,18425617,16,190,100,1,27142,1,240,1,1931452,1,2609763,1,127236,1,13718381,1,11302,1,444429,1,8607,4,521087,4,66118,4,4248921,4,8348213,8,12401485,108,192773,36,5701,1,70566,1,3677,1,0,0,0,0,0,0,0,0,0,0,0,0,0,0,0,0,0,0,0,0,15755,1,241,1,9570,1,4623,1,15996,1,9570,1,0,1,0,0,0,0,0,0,0,1,4799,1,4771,1
65,18451500,4625,9570,30.042463,,0,12,9,108,36223,1463,2706,18415277,16,190,90,1,28034,1,180,1,1976359,1,2557212,1,121174,1,13720915,1,11312,1,416655,1,8056,4,540935,4,64865,4,4269411,4,8374604,8,12471971,108,169337,36,2916,1,39136,1,2876,1,0,0,0,0,0,0,0,0,0,0,0,0,0,0,0,0,0,0,0,0,15812,1,212,1,9570,1,4625,1,16024,1,9570,1,0,1,0,0,0,0,0,0,0,1,4787,1,4783,1
66,18333800,4579,9570,29.860909,,0,12,9,108,40388,1142,2826,18293412,16,190,90,1,27483,1,70,1,1929228,1,2524849,1,119992,1,13680577,1,11121,1,420563,1,8947,4,513011,4,65667,4,4257618,4,8368833,8,12500076,108,123549,36,3567,1,38003,1,3226,1,0,0,0,0,0,0,0,0,0,0,0,0,0,0,0,0,0,0,0,0,15822,1,154,1,9570,1,4579,1,15976,1,9570,1,0,1,0,0,0,0,0,0,0,1,4851,1,4719,1
67,18421600,4610,9570,29.67663,,0,12,9,108,41651,1333,2957,18379949,16,190,160,1,27162,1,230,1,1931402,1,2514289,1,119200,1,13775942,1,11562,1,426284,1,10891,4,525666,4,66499,4,4286113,4,8407046,8,12574269,108,115934,36,3877,1,42883,1,5350,1,0,0,0,0,0,0,0,0,0,0,0,0,0,0,0,0,0,0,0,0,15966,1,146,1,9570,1,4610,1,16112,1,9570,1,0,1,0,0,0,0,0,0,0,1,4866,1,4704,1
68,18315500,4550,9570,29.489626,,0,11,9,108,36887,1112,2836,18278613,16,178,150,1,26722,1,140,1,1935069,1,2483620,1,118920,1,13702400,1,11592,1,405223,1,9007,4,538040,4,67480,4,4270783,4,8367730,8,12569290,108,66388,24,3066,1,37102,1,2856,1,0,0,0,0,0,0,0,0,0,0,0,0,0,0,0,0,0,0,0,0,15946,1,82,1,9570,1,4550,1,16028,1,9570,1,0,1,0,0,0,0,0,0,0,1,4894,1,4676,1
69,18491100,4524,9570,29.299898,,0,11,9,108,44643,1814,2746,18446457,16,178,80,1,27413,1,110,1,1926182,1,2535360,1,129390,1,13815719,1,12204,1,497752,1,11262,4,528451,4,65677,4,4263259,4,8394542,8,12608395,108,46660,24,3487,1,45528,1,3948,1,0,0,0,0,0,0,0,0,0,0,0,0,0,0,0,0,0,0,0,0,15963,1,58,1,9570,1,4524,1,16021,1,9570,1,0,1,0,0,0,0,0,0,0,1,4957,1,4613,1
70,18497800,4535,9570,29.107445,,0,11,9,108,45892,1633,4830,18451908,16,178,110,1,27814,1,130,1,1926453,1,2511574,1,123408,1,13850526,1,11893,1,453717,1,7905,4,536136,4,67090,4,4293808,4,8420152,8,12653983,108,55147,24,3928,1,62020,1,4138,1,0,0,0,0,0,0,0,0,0,0,0,0,0,0,0,0,0,0,0,0,16066,1,69,1,9570,1,4535,1,16135,1,9570,1,0,1,0,0,0,0,0,0,0,1,4978,1,4592,1
71,18552800,4528,9570,28.912266,,0,11,9,108,57488,1242,2616,18495312,16,178,70,1,29607,1,30,1,2047216,1,2460795,1,118549,1,13827091,1,11953,1,383681,1,10130,4,542859,4,69174,4,4316351,4,8456101,8,12731352,108,38484,24,2956,1,40759,1,3837,1,0,0,0,0,0,0,0,0,0,0,0,0,0,0,0,0,0,0,0,0,16175,1,47,1,9570,1,4528,1,16222,1,9570,1,0,1,0,0,0,0,0,0,0,1,4978,1,4592,1
72,18517800,4533,9570,28.714361,,0,11,9,108,41415,1192,3527,18476385,16,178,110,1,27593,1,160,1,1952343,1,2490763,1,121475,1,13872398,1,11542,1,428167,1,9398,4,517109,4,66368,4,4314287,4,8490247,8,12775989,108,25018,24,3016,1,39667,1,2946,1,0,0,0,0,0,0,0,0,0,0,0,0,0,0,0,0,0,0,0,0,16235,1,31,1,9570,1,4533,1,16266,1,9570,1,0,1,0,0,0,0,0,0,0,1,4987,1,4583,1
73,18528600,4529,9570,28.745474,,0,10,9,108,40181,2535,2586,18488419,16,166,230,1,27523,1,250,1,1931673,1,2502135,1,117427,1,13897517,1,11663,1,421444,1,9989,4,524243,4,65817,4,4325068,4,8494155,8,12798432,108,18205,12,3777,1,46189,1,4298,1,0,0,0,0,0,0,0,0,0,0,0,0,0,0,0,0,0,0,0,0,16290,1,23,1,9570,1,4529,1,16313,1,9570,1,0,1,0,0,0,0,0,0,0,1,5001,1,4569,1
74,18468000,4530,9570,28.77165,,0,11,9,108,59546,1082,2625,18408454,16,178,331,1,27744,1,170,1,1936783,1,2451347,1,116154,1,13857459,1,18466,1,379273,1,8767,4,548390,4,67170,4,4332993,4,8477703,8,12773614,108,34457,24,3136,1,35499,1,3447,1,0,0,0,0,0,0,0,0,0,0,0,0,0,0,0,0,0,0,0,0,16318,1,43,1,9570,1,4530,1,16361,1,9570,1,0,1,0,0,0,0,0,0,0,1,4994,1,4576,1
75,18583900,4529,9570,28.79591,,0,10,9,108,58866,1693,2916,18525034,16,166,90,1,28154,1,261,1,2052431,1,2484090,1,120152,1,13828253,1,11602,1,418088,1,10600,4,517951,4,66739,4,4307584,4,8453837,8,12735040,108,23465,12,3457,1,44957,1,3346,1,0,0,0,0,0,0,0,0,0,0,0,0,0,0,0,0,0,0,0,0,16337,1,30,1,9570,1,4529,1,16367,1,9570,1,0,1,0,0,0,0,0,0,0,1,5004,1,4566,1
76,18466500,4524,9570,28.816788,,0,10,9,108,40512,1493,2565,18425988,16,166,210,1,27934,1,190,1,1932054,1,2462328,1,115253,1,13876256,1,11763,1,396316,1,8386,4,554512,4,72049,4,4322142,4,8471581,8,12772192,108,18967,12,7444,1,38675,1,3657,1,0,0,0,0,0,0,0,0,0,0,0,0,0,0,0,0,0,0,0,0,16366,1,24,1,9570,1,4524,1,16390,1,9570,1,0,1,0,0,0,0,0,0,0,1,5018,1,4552,1
77,18452100,4517,9570,28.83433,,0,10,9,108,39227,1092,2565,18412873,16,166,70,1,27724,1,100,1,1962613,1,2454363,1,115824,1,13841088,1,11091,1,400133,1,8837,4,551746,4,68773,4,4321631,4,8440531,8,12741433,108,18165,12,2876,1,42562,1,2906,1,0,0,0,0,0,0,0,0,0,0,0,0,0,0,0,0,0,0,0,0,16419,1,23,1,9570,1,4517,1,16442,1,9570,1,0,1,0,0,0,0,0,0,0,1,5025,1,4545,1
78,18409900,4520,9570,28.848581,,0,10,9,108,44389,1443,3407,18365511,16,166,90,1,27794,1,150,1,1949137,1,2432250,1,115253,1,13829044,1,11793,1,397719,1,11723,4,522269,4,66809,4,4330619,4,8454789,8,12770288,108,11713,12,3016,1,37252,1,3407,1,0,0,0,0,0,0,0,0,0,0,0,0,0,0,0,0,0,0,0,0,16423,1,15,1,9570,1,4520,1,16438,1,9570,1,0,1,0,0,0,0,0,0,0,1,5023,1,4547,1
79,18481200,4514,9568,28.862343,,0,10,9,108,38450,1493,2786,18442750,16,166,100,1,27974,1,40,1,1916033,1,2468601,1,117768,1,13900873,1,11362,1,412267,1,7865,4,527960,4,78632,4,4336640,4,8486480,8,12792301,108,28034,12,3827,1,42312,1,3397,1,0,0,0,0,0,0,0,0,0,0,0,0,0,0,0,0,0,0,0,0,16435,1,36,1,9568,1,4514,1,16471,1,9568,1,0,1,0,0,0,0,0,0,0,1,5029,1,4539,1
80,18436300,4519,9568,28.873486,,0,10,9,108,36873,1212,2655,18399427,16,166,401,1,27303,1,50,1,1931823,1,2440937,1,115603,1,13872258,1,11051,1,383722,1,8446,4,550283,4,65657,4,4334717,4,8490297,8,12785137,108,37222,12,3356,1,31952,1,2615,1,0,0,0,0,0,0,0,0,0,0,0,0,0,0,0,0,0,0,0,0,16444,1,47,1,9568,1,4519,1,16491,1,9568,1,0,1,0,0,0,0,0,0,0,1,5025,1,4543,1
81,18438800,4518,9568,28.88324,,0,10,9,108,41718,1143,2565,18397082,16,166,70,1,27052,1,120,1,1932104,1,2431128,1,114792,1,13880223,1,11592,1,388360,1,9067,4,523772,4,68392,4,4347161,4,8498022,8,12821197,108,21421,12,2986,1,38665,1,2655,1,0,0,0,0,0,0,0,0,0,0,0,0,0,0,0,0,0,0,0,0,16476,1,27,1,9568,1,4518,1,16503,1,9568,1,0,1,0,0,0,0,0,0,0,1,5024,1,4544,1
82,18465600,4518,9568,28.892859,,0,10,9,108,44732,1222,2505,18420868,16,166,100,1,27102,1,140,1,1918287,1,2459002,1,122126,1,13880213,1,13897,1,391216,1,8797,4,538911,4,65126,4,4335689,4,8492411,8,12800717,108,24878,12,4378,1,38855,1,3607,1,0,0,0,0,0,0,0,0,0,0,0,0,0,0,0,0,0,0,0,0,16476,1,31,1,9568,1,4518,1,16507,1,9568,1,0,1,0,0,0,0,0,0,0,1,5027,1,4541,1
83,18446300,4516,9568,28.90075,,0,10,9,108,56512,1783,2496,18389788,16,166,110,1,27493,1,30,1,1936873,1,2420938,1,115583,1,13874162,1,14598,1,370245,1,9629,4,532048,4,72460,4,4344315,4,8491690,8,12811307,108,22203,12,2966,1,46149,1,2876,1,0,0,0,0,0,0,0,0,0,0,0,0,0,0,0,0,0,0,0,0,16487,1,28,1,9568,1,4516,1,16515,1,9568,1,0,1,0,0,0,0,0,0,0,1,5028,1,4540,1
84,18588700,4517,9567,28.907646,,0,10,9,108,43862,1583,3317,18544838,16,166,110,1,32433,1,100,1,1976109,1,2443021,1,120082,1,13961500,1,11482,1,432927,1,11512,4,523201,4,66098,4,4350307,4,8524684,8,12850974,108,20700,12,3356,1,44686,1,3146,1,0,0,0,0,0,0,0,0,0,0,0,0,0,0,0,0,0,0,0,0,16504,1,24,1,9567,1,4517,1,16528,1,9567,1,0,1,0,0,0,0,0,0,0,1,5026,1,4541,1
85,18468500,4508,9565,28.914537,,0,10,9,108,38595,1292,2906,18429905,16,166,341,1,27443,1,40,1,1931653,1,2455896,1,115493,1,13886445,1,12594,1,409040,1,7625,4,530635,4,70897,4,4342442,4,8478024,8,12792170,108,25389,12,4258,1,38655,1,3577,1,0,0,0,0,0,0,0,0,0,0,0,0,0,0,0,0,0,0,0,0,16470,1,32,1,9565,1,4508,1,16502,1,9565,1,0,1,0,0,0,0,0,0,0,1,5030,1,4535,1
86,18545200,4519,9565,28.920815,,0,10,9,108,43105,1232,2876,18502095,16,166,140,1,27022,1,130,1,1934048,1,2439114,1,115483,1,13974265,1,11893,1,398340,1,10951,4,578899,4,81958,4,4354996,4,8488073,8,12819854,108,20339,12,4549,1,51149,1,4118,1,0,0,0,0,0,0,0,0,0,0,0,0,0,0,0,0,0,0,0,0,16503,1,26,1,9565,1,4519,1,16529,1,9565,1,0,1,0,0,0,0,0,0,0,1,5030,1,4535,1
87,18665700,4516,9565,28.92588,,0,10,9,108,67194,2204,2826,18598506,16,166,120,1,28715,1,291,1,1951817,1,2511684,1,124871,1,13969175,1,11833,1,491309,1,8767,4,526668,4,66719,4,4333615,4,8490959,8,12801458,108,20289,12,3056,1,42662,1,3216,1,0,0,0,0,0,0,0,0,0,0,0,0,0,0,0,0,0,0,0,0,16480,1,26,1,9565,1,4516,1,16506,1,9565,1,0,1,0,0,0,0,0,0,0,1,5033,1,4532,1
88,18518500,4518,9565,28.930962,,0,10,9,108,41995,1232,3086,18476505,16,166,140,1,27423,1,130,1,1930771,1,2486415,1,116325,1,13904009,1,11292,1,406646,1,8346,4,535114,4,65136,4,4344766,4,8496579,8,12815826,108,22433,12,4739,1,38134,1,3316,1,0,0,0,0,0,0,0,0,0,0,0,0,0,0,0,0,0,0,0,0,16493,1,28,1,9565,1,4518,1,16521,1,9565,1,0,1,0,0,0,0,0,0,0,1,5028,1,4537,1
89,18704200,4519,9565,28.935617,,0,10,9,108,65861,2164,2966,18638339,16,166,90,1,27683,1,20,1,1952403,1,2434305,1,149459,1,14061974,1,12404,1,492001,1,10029,4,560293,4,67611,4,4380415,4,8476771,8,12835164,108,19057,12,3076,1,65286,1,4328,1,0,0,0,0,0,0,0,0,0,0,0,0,0,0,0,0,0,0,0,0,16514,1,24,1,9565,1,4519,1,16538,1,9565,1,0,1,0,0,0,0,0,0,0,1,5026,1,4539,1
90,18825500,4514,9565,28.939785,,0,11,9,108,46700,1803,2635,18778800,16,178,651,1,42452,1,311,1,2278363,1,2468180,1,116435,1,13860956,1,11452,1,374093,1,9118,4,523953,4,73131,4,4340448,4,8488113,8,12801609,108,24317,24,3507,1,43925,1,2866,1,0,0,0,0,0,0,0,0,0,0,0,0,0,0,0,0,0,0,0,0,16497,1,31,1,9565,1,4514,1,16528,1,9565,1,0,1,0,0,0,0,0,0,0,1,5034,1,4531,1
91,19233800,4516,9565,28.943506,,0,10,9,108,58499,2795,3597,19175301,16,166,240,1,27734,1,210,1,1922976,1,2652526,1,145181,1,14414331,1,12103,1,571835,1,11091,4,604538,4,71638,4,4578458,4,8513608,8,13066847,108,21622,12,3928,1,52351,1,4088,1,0,0,0,0,0,0,0,0,0,0,0,0,0,0,0,0,0,0,0,0,16544,1,27,1,9565,1,4516,1,16571,1,9565,1,0,1,0,0,0,0,0,0,0,1,5039,1,4526,1
92,18656800,4512,9565,28.946703,,0,10,9,108,40745,1383,2726,18616055,16,166,160,1,28766,1,190,1,1925922,1,2518136,1,125843,1,14005155,1,11883,1,467924,1,8286,4,553109,4,65316,4,4352501,4,8500377,8,12823451,108,26702,12,4769,1,46189,1,5300,1,0,0,0,0,0,0,0,0,0,0,0,0,0,0,0,0,0,0,0,0,16538,1,34,1,9565,1,4512,1,16572,1,9565,1,0,1,0,0,0,0,0,0,0,1,5038,1,4527,1
93,18491900,4508,9565,28.949604,,0,10,9,108,38138,1062,2576,18453762,16,166,80,1,27714,1,30,1,1963194,1,2443542,1,114040,1,13893910,1,11252,1,383241,1,9288,4,528922,4,67220,4,4357932,4,8500577,8,12829612,108,26321,12,3567,1,39366,1,2735,1,0,0,0,0,0,0,0,0,0,0,0,0,0,0,0,0,0,0,0,0,16531,1,34,1,9565,1,4508,1,16565,1,9565,1,0,1,0,0,0,0,0,0,0,1,5038,1,4527,1
94,18458300,4522,9565,28.952375,,0,10,9,108,43313,1243,2435,18414987,16,166,170,1,27393,1,140,1,1937344,1,2436819,1,117427,1,13884021,1,11673,1,385475,1,10570,4,522890,4,69514,4,4349555,4,8501168,8,12817559,108,30729,12,3036,1,37713,1,2856,1,0,0,0,0,0,0,0,0,0,0,0,0,0,0,0,0,0,0,0,0,16525,1,39,1,9565,1,4522,1,16564,1,9565,1,0,1,0,0,0,0,0,0,0,1,5035,1,4530,1
95,18493300,4519,9565,28.954878,,0,10,9,108,39859,1383,3176,18453441,16,166,30,1,27002,1,250,1,1931142,1,2454634,1,115804,1,13912987,1,11592,1,387839,1,10360,4,524213,4,66048,4,4353754,4,8522279,8,12846365,108,26491,12,3677,1,39516,1,3918,1,0,0,0,0,0,0,0,0,0,0,0,0,0,0,0,0,0,0,0,0,16552,1,34,1,9565,1,4519,1,16586,1,9565,1,0,1,0,0,0,0,0,0,0,1,5030,1,4535,1
96,18480900,4521,9565,28.957104,,0,10,9,108,39723,1282,2526,18441177,16,166,50,1,27804,1,200,1,1934017,1,2436789,1,116836,1,13914099,1,11382,1,370797,1,9088,4,550564,4,66659,4,4351479,4,8520466,8,12839170,108,30248,12,3617,1,36521,1,3627,1,0,0,0,0,0,0,0,0,0,0,0,0,0,0,0,0,0,0,0,0,16560,1,40,1,9565,1,4521,1,16600,1,9565,1,0,1,0,0,0,0,0,0,0,1,5030,1,4535,1
97,18531100,4517,9565,28.9592,,0,10,9,108,42471,1753,2435,18488629,16,166,90,1,26892,1,120,1,1938566,1,2469663,1,119040,1,13922936,1,11322,1,412427,1,9418,4,523482,4,67090,4,4356409,4,8501379,8,12819823,108,35529,12,3477,1,44827,1,2675,1,0,0,0,0,0,0,0,0,0,0,0,0,0,0,0,0,0,0,0,0,16549,1,46,1,9565,1,4517,1,16595,1,9565,1,0,1,0,0,0,0,0,0,0,1,5033,1,4532,1
98,18560200,4515,9565,28.960983,,0,10,9,108,42094,1373,2525,18518106,16,166,110,1,28164,1,130,1,1925882,1,2447309,1,136414,1,13968374,1,11723,1,389883,1,8136,4,564080,4,72841,4,4355156,4,8528321,8,12850082,108,30870,12,4809,1,40288,1,3487,1,0,0,0,0,0,0,0,0,0,0,0,0,0,0,0,0,0,0,0,0,16575,1,40,1,9565,1,4515,1,16615,1,9565,1,0,1,0,0,0,0,0,0,0,1,5034,1,4531,1
99,18557600,4520,9565,28.96278,,0,10,9,108,53822,1202,4660,18503778,16,166,130,1,27994,1,60,1,1961370,1,2440667,1,116445,1,13942604,1,14508,1,417667,1,8126,4,529994,4,68011,4,4356960,4,8511027,8,12838199,108,25129,12,3346,1,43434,1,2835,1,0,0,0,0,0,0,0,0,0,0,0,0,0,0,0,0,0,0,0,0,16589,1,32,1,9565,1,4520,1,16621,1,9565,1,0,1,0,0,0,0,0,0,0,1,5036,1,4529,1
100,18528200,4521,9564,28.964386,,0,10,9,108,44811,1252,2736,18483389,16,166,291,1,31731,1,250,1,1972903,1,2431389,1,116014,1,13919269,1,11542,1,399011,1,10470,4,525125,4,67801,4,4359505,4,8514564,8,12840664,108,30669,12,2926,1,35699,1,2916,1,0,0,0,0,0,0,0,0,0,0,0,0,0,0,0,0,0,0,0,0,16587,1,39,1,9564,1,4521,1,16626,1,9564,1,0,1,0,0,0,0,0,0,0,1,5032,1,4532,1
101,18564700,4521,9564,28.965906,,0,10,9,108,38308,1182,2786,18526392,16,166,70,1,26631,1,120,1,1928096,1,2469232,1,116816,1,13973684,1,11743,1,401786,1,7805,4,545254,4,65697,4,4378722,4,8522820,8,12873738,108,25018,12,3577,1,43945,1,2896,1,0,0,0,0,0,0,0,0,0,0,0,0,0,0,0,0,0,0,0,0,16610,1,32,1,9564,1,4521,1,16642,1,9564,1,0,1,0,0,0,0,0,0,0,1,5035,1,4529,1
102,18565700,4521,9563,28.967402,,0,10,9,108,51782,1132,2656,18513918,16,166,60,1,28325,1,140,1,1932885,1,2425507,1,115072,1,14000696,1,11232,1,426093,1,7955,4,545895,4,65256,4,4364554,4,8541526,8,12869149,108,34276,12,2906,1,41791,1,3587,1,0,0,0,0,0,0,0,0,0,0,0,0,0,0,0,0,0,0,0,0,16608,1,44,1,9563,1,4521,1,16652,1,9563,1,0,1,0,0,0,0,0,0,0,1,5031,1,4532,1
103,18523100,4520,9563,28.968788,,0,10,9,108,56223,1032,2685,18466877,16,166,100,1,28305,1,160,1,1937825,1,2406961,1,115453,1,13963665,1,14408,1,364715,1,9849,4,535495,4,66268,4,4374674,4,8565543,8,12902273,108,35258,12,2906,1,40218,1,2966,1,0,0,0,0,0,0,0,0,0,0,0,0,0,0,0,0,0,0,0,0,16622,1,45,1,9563,1,4520,1,16667,1,9563,1,0,1,0,0,0,0,0,0,0,1,5034,1,4529,1
104,18896200,4522,9563,28.969984,,0,10,9,108,54809,2174,3056,18841391,16,166,130,1,31311,1,190,1,1927375,1,2741207,1,141664,1,13987971,1,11542,1,450260,1,9108,4,523171,4,65787,4,4357501,4,8525185,8,12838660,108,40969,12,4409,1,46971,1,3407,1,0,0,0,0,0,0,0,0,0,0,0,0,0,0,0,0,0,0,0,0,16622,1,53,1,9563,1,4522,1,16675,1,9563,1,0,1,0,0,0,0,0,0,0,1,5034,1,4529,1
105,18837300,4518,9563,28.971111,,0,10,9,108,46637,1463,2705,18790663,16,166,351,1,36721,1,200,1,2081793,1,2471506,1,120803,1,14067114,1,12174,1,490338,1,10440,4,524944,4,75857,4,4375305,4,8540574,8,12874630,108,38544,12,3497,1,40949,1,3747,1,0,0,0,0,0,0,0,0,0,0,0,0,0,0,0,0,0,0,0,0,16621,1,49,1,9563,1,4518,1,16670,1,9563,1,0,1,0,0,0,0,0,0,0,1,5034,1,4529,1
106,18482100,4521,9563,28.97221,,0,10,9,108,37847,2034,2626,18444253,16,166,271,1,27473,1,210,1,1926904,1,2419345,1,114942,1,13943746,1,11362,1,355948,1,8557,4,553670,4,74264,4,4379704,4,8525786,8,12869509,108,33354,12,3326,1,36951,1,3507,1,0,0,0,0,0,0,0,0,0,0,0,0,0,0,0,0,0,0,0,0,16635,1,42,1,9563,1,4521,1,16677,1,9563,1,0,1,0,0,0,0,0,0,0,1,5030,1,4533,1
107,18582600,4523,9563,28.97325,,0,10,9,108,42682,1463,2776,18539918,16,166,110,1,27343,1,50,1,1933005,1,2460355,1,120723,1,13986829,1,11502,1,410984,1,8426,4,540675,4,66549,4,4366127,4,8544753,8,12877195,108,30910,12,4569,1,39977,1,3306,1,0,0,0,0,0,0,0,0,0,0,0,0,0,0,0,0,0,0,0,0,16652,1,40,1,9563,1,4523,1,16692,1,9563,1,0,1,0,0,0,0,0,0,0,1,5025,1,4538,1
108,18610500,4515,9562,28.974203,,0,10,9,108,42718,2375,3017,18567782,16,166,140,1,27132,1,30,1,1926303,1,2451688,1,115443,1,14034211,1,12835,1,428017,1,9388,4,529513,4,65697,4,4381327,4,8571144,8,12916440,108,33014,12,3457,1,38304,1,4990,1,0,0,0,0,0,0,0,0,0,0,0,0,0,0,0,0,0,0,0,0,16660,1,41,1,9562,1,4515,1,16701,1,9562,1,0,1,0,0,0,0,0,0,0,1,5030,1,4532,1
109,18589200,4517,9562,28.975157,,0,10,9,108,43821,1363,2545,18545379,16,166,90,1,31791,1,120,1,1937915,1,2423463,1,118018,1,14022418,1,11562,1,371277,1,8236,4,574240,4,66879,4,4392438,4,8558870,8,12911591,108,37172,12,3657,1,42612,1,2845,1,0,0,0,0,0,0,0,0,0,0,0,0,0,0,0,0,0,0,0,0,16684,1,47,1,9562,1,4517,1,16731,1,9562,1,0,1,0,0,0,0,0,0,0,1,5038,1,4524,1
110,18599300,4516,9562,28.976004,,0,10,9,108,44373,1463,2685,18554927,16,166,261,1,27463,1,210,1,1940350,1,2443753,1,120102,1,14011246,1,11542,1,419952,1,9759,4,526608,4,65978,4,4383451,4,8555243,8,12908024,108,27984,12,3326,1,42312,1,3156,1,0,0,0,0,0,0,0,0,0,0,0,0,0,0,0,0,0,0,0,0,16690,1,36,1,9562,1,4516,1,16726,1,9562,1,0,1,0,0,0,0,0,0,0,1,5038,1,4524,1
111,18571800,4515,9562,28.976778,,0,10,9,108,38344,1242,2605,18533456,16,166,100,1,28505,1,250,1,1932795,1,2434304,1,112748,1,14012830,1,11923,1,399402,1,8607,4,523592,4,66098,4,4381427,4,8582716,8,12936720,108,24818,12,3757,1,42111,1,3877,1,0,0,0,0,0,0,0,0,0,0,0,0,0,0,0,0,0,0,0,0,16691,1,32,1,9562,1,4515,1,16723,1,9562,1,0,1,0,0,0,0,0,0,0,1,5041,1,4521,1
112,18516300,4519,9562,28.977486,,0,10,9,108,36959,1092,2716,18479341,16,166,351,1,28124,1,30,1,1935811,1,2418524,1,114571,1,13970738,1,11192,1,355297,1,8937,4,553971,4,68192,4,4380806,4,8563719,8,12910368,108,31441,12,3256,1,32823,1,2645,1,0,0,0,0,0,0,0,0,0,0,0,0,0,0,0,0,0,0,0,0,16685,1,40,1,9562,1,4519,1,16725,1,9562,1,0,1,0,0,0,0,0,0,0,1,5041,1,4521,1
113,18560400,4520,9562,28.978231,,0,10,9,108,41372,1132,2746,18519028,16,166,100,1,27293,1,120,1,1936823,1,2411801,1,115533,1,14015795,1,11562,1,384493,1,10641,4,528060,4,66629,4,4386266,4,8591453,8,12945076,108,29898,12,2996,1,40819,1,3306,1,0,0,0,0,0,0,0,0,0,0,0,0,0,0,0,0,0,0,0,0,16698,1,38,1,9562,1,4520,1,16736,1,9562,1,0,1,0,0,0,0,0,0,0,1,5038,1,4524,1
114,18785300,4520,9562,28.97893,,0,10,9,108,68450,1673,3087,18716850,16,166,90,1,27513,1,281,1,1927565,1,2446949,1,115653,1,14171847,1,26952,1,381888,1,18686,4,535535,4,69534,4,4394693,4,8586042,8,12943673,108,33976,12,8186,1,157114,1,18496,1,0,0,0,0,0,0,0,0,0,0,0,0,0,0,0,0,0,0,0,0,16706,1,40,1,9562,1,4520,1,16746,1,9562,1,0,1,0,0,0,0,0,0,0,1,5034,1,4528,1
115,19242200,4519,9561,28.979557,,0,10,9,108,59410,1733,2956,19182790,16,166,461,1,33615,1,721,1,2213107,1,2574064,1,149058,1,14198498,1,13266,1,547919,1,9178,4,528882,4,66268,4,4385455,4,8583397,8,12937280,108,28615,12,3457,1,68833,1,3377,1,0,0,0,0,0,0,0,0,0,0,0,0,0,0,0,0,0,0,0,0,16724,1,36,1,9561,1,4519,1,16760,1,9561,1,0,1,0,0,0,0,0,0,0,1,5036,1,4525,1
116,18635800,4526,9561,28.980162,,0,10,9,108,40655,1172,2656,18595145,16,166,110,1,28705,1,50,1,1938536,1,2457489,1,114882,1,14043739,1,11632,1,406105,1,7905,4,554421,4,65396,4,4392488,4,8573208,8,12931589,108,31451,12,2996,1,37502,1,2545,1,0,0,0,0,0,0,0,0,0,0,0,0,0,0,0,0,0,0,0,0,16733,1,40,1,9561,1,4526,1,16773,1,9561,1,0,1,0,0,0,0,0,0,0,1,5030,1,4531,1
117,19094900,4519,9561,28.980728,,0,10,9,108,45057,1232,4228,19049843,16,166,100,1,27734,1,60,1,1933917,1,2437911,1,117888,1,14519819,1,12414,1,386056,1,8476,4,537930,4,85114,4,4680515,4,8768154,8,13412449,108,31992,12,3417,1,42803,1,6122,1,0,0,0,0,0,0,0,0,0,0,0,0,0,0,0,0,0,0,0,0,16723,1,40,1,9561,1,4519,1,16763,1,9561,1,0,1,0,0,0,0,0,0,0,1,5033,1,4528,1
118,18746000,4521,9561,28.981266,,0,10,9,108,43778,1693,2586,18702222,16,166,501,1,31852,1,230,1,1934007,1,2525210,1,145501,1,14053238,1,11683,1,433899,1,7545,4,535004,4,65547,4,4388621,4,8566755,8,12921450,108,31341,12,4419,1,45919,1,3837,1,0,0,0,0,0,0,0,0,0,0,0,0,0,0,0,0,0,0,0,0,16755,1,40,1,9561,1,4521,1,16795,1,9561,1,0,1,0,0,0,0,0,0,0,1,5033,1,4528,1
119,18581600,4517,9561,28.981787,,0,10,9,108,36903,1132,2735,18544697,16,166,190,1,27393,1,120,1,1936051,1,2427671,1,115603,1,14026025,1,11642,1,371718,1,8697,4,574921,4,65917,4,4388110,4,8574220,8,12931360,108,28235,12,3226,1,34777,1,3306,1,0,0,0,0,0,0,0,0,0,0,0,0,0,0,0,0,0,0,0,0,16748,1,36,1,9561,1,4517,1,16784,1,9561,1,0,1,0,0,0,0,0,0,0,1,5032,1,4529,1
120,18594400,4523,9561,28.982262,,0,10,9,108,41226,2635,2746,18553174,16,166,80,1,27132,1,271,1,1942273,1,2432250,1,116555,1,14023139,1,11472,1,387379,1,9579,4,532459,4,66178,4,4400995,4,8572316,8,12939084,108,31481,12,3286,1,45097,1,3216,1,0,0,0,0,0,0,0,0,0,0,0,0,0,0,0,0,0,0,0,0,16776,1,40,1,9561,1,4523,1,16816,1,9561,1,0,1,0,0,0,0,0,0,0,1,5037,1,4524,1
121,18631500,4523,9561,28.98269,,0,10,9,108,40694,1583,2625,18590806,16,166,120,1,26631,1,140,1,1927054,1,2453592,1,117848,1,14053879,1,11542,1,397829,1,8356,4,531277,4,77560,4,4400704,4,8591894,8,12958882,108,31090,12,3286,1,38444,1,2946,1,0,0,0,0,0,0,0,0,0,0,0,0,0,0,0,0,0,0,0,0,16768,1,40,1,9561,1,4523,1,16808,1,9561,1,0,1,0,0,0,0,0,0,0,1,5035,1,4526,1
122,18672600,4521,9561,28.983118,,0,10,9,108,38991,1323,2716,18633609,16,166,100,1,27673,1,200,1,1931593,1,2432070,1,131364,1,14098876,1,11733,1,471361,1,8156,4,532379,4,66418,4,4394302,4,8569440,8,12932612,108,28415,12,3356,1,48935,1,3206,1,0,0,0,0,0,0,0,0,0,0,0,0,0,0,0,0,0,0,0,0,16780,1,36,1,9561,1,4521,1,16816,1,9561,1,0,1,0,0,0,0,0,0,0,1,5034,1,4527,1
123,18617900,4522,9561,28.98351,,0,10,9,108,60869,1282,3076,18557031,16,166,90,1,31280,1,210,1,1939418,1,2417622,1,114511,1,14041234,1,12664,1,377750,1,16442,4,533631,4,69023,4,4392028,4,8594178,8,12952109,108,31020,12,3747,1,48454,1,4699,1,0,0,0,0,0,0,0,0,0,0,0,0,0,0,0,0,0,0,0,0,16773,1,40,1,9561,1,4522,1,16813,1,9561,1,0,1,0,0,0,0,0,0,0,1,5034,1,4527,1
124,19043900,4518,9561,28.98387,,0,10,9,108,54794,2084,2836,18989106,16,166,150,1,29046,1,90,1,1930681,1,2820140,1,121645,1,14074659,1,12695,1,478505,1,8456,4,553920,4,66278,4,4375155,4,8535254,8,12888346,108,19227,12,3888,1,47632,1,3487,1,0,0,0,0,0,0,0,0,0,0,0,0,0,0,0,0,0,0,0,0,16794,1,24,1,9561,1,4518,1,16818,1,9561,1,0,1,0,0,0,0,0,0,0,1,5035,1,4526,1
125,18854500,4521,9561,28.984217,,0,10,9,108,39420,1363,3026,18815080,16,166,250,1,36450,1,100,1,2161667,1,2442690,1,114601,1,14048338,1,10981,1,394011,1,9308,4,544883,4,65477,4,4391977,4,8595511,8,12965806,108,18656,12,3797,1,37753,1,4258,1,0,0,0,0,0,0,0,0,0,0,0,0,0,0,0,0,0,0,0,0,16816,1,24,1,9561,1,4521,1,16840,1,9561,1,0,1,0,0,0,0,0,0,0,1,5036,1,4525,1
126,18598800,4521,9561,28.984558,,0,10,9,108,38122,1002,2455,18560678,16,166,220,1,27283,1,311,1,1937604,1,2428313,1,115974,1,14039932,1,11041,1,379634,1,7505,4,526788,4,68532,4,4410012,4,8601552,8,12990123,108,18987,12,3427,1,38905,1,2575,1,0,0,0,0,0,0,0,0,0,0,0,0,0,0,0,0,0,0,0,0,16826,1,24,1,9561,1,4521,1,16850,1,9561,1,0,1,0,0,0,0,0,0,0,1,5038,1,4523,1
127,18582200,4517,9561,28.98485,,0,10,9,108,38465,1162,2596,18543735,16,166,120,1,27092,1,40,1,1929429,1,2418083,1,114732,1,14043208,1,11031,1,372009,1,10009,4,531317,4,66899,4,4406325,4,8614758,8,12999260,108,19227,12,2926,1,34056,1,3747,1,0,0,0,0,0,0,0,0,0,0,0,0,0,0,0,0,0,0,0,0,16852,1,24,1,9561,1,4517,1,16876,1,9561,1,0,1,0,0,0,0,0,0,0,1,5037,1,4524,1
128,18611100,4522,9561,28.98514,,0,10,9,108,40302,1473,2615,18570798,16,166,190,1,27363,1,100,1,1933386,1,2419315,1,115633,1,14063558,1,11252,1,384573,1,7484,4,529874,4,66368,4,4400564,4,8624216,8,12999591,108,22574,12,3888,1,39627,1,5491,1,0,0,0,0,0,0,0,0,0,0,0,0,0,0,0,0,0,0,0,0,16842,1,28,1,9561,1,4522,1,16870,1,9561,1,0,1,0,0,0,0,0,0,0,1,5037,1,4524,1
129,18652400,4521,9561,28.98541,,0,10,9,108,54780,1443,2736,18597620,16,166,10,1,26892,1,261,1,1936743,1,2437641,1,116595,1,14064790,1,14688,1,378031,1,8296,4,548310,4,67290,4,4405654,4,8606772,8,12987658,108,22033,12,3487,1,42472,1,3036,1,0,0,0,0,0,0,0,0,0,0,0,0,0,0,0,0,0,0,0,0,16861,1,28,1,9561,1,4521,1,16889,1,9561,1,0,1,0,0,0,0,0,0,0,1,5032,1,4529,1
130,18579800,4519,9560,28.98568,,0,10,9,108,42327,1854,2836,18537473,16,166,130,1,31972,1,250,1,1934819,1,2422942,1,116645,1,14019352,1,11362,1,374714,1,9047,4,530876,4,66048,4,4405544,4,8590080,8,12970385,108,22403,12,3637,1,34787,1,2765,1,0,0,0,0,0,0,0,0,0,0,0,0,0,0,0,0,0,0,0,0,16862,1,28,1,9560,1,4519,1,16890,1,9560,1,0,1,0,0,0,0,0,0,0,1,5034,1,4526,1
131,18583800,4526,9559,28.98593,,0,10,9,108,43571,1633,2756,18540229,16,166,80,1,27022,1,120,1,1927565,1,2418213,1,115764,1,14040002,1,11462,1,375656,1,7735,4,532279,4,64865,4,4414431,4,8600460,8,12987147,108,24988,12,2886,1,37022,1,3036,1,0,0,0,0,0,0,0,0,0,0,0,0,0,0,0,0,0,0,0,0,16896,1,32,1,9559,1,4526,1,16928,1,9559,1,0,1,0,0,0,0,0,0,0,1,5031,1,4528,1
132,18688000,4524,9559,28.986149,,0,10,9,108,48469,2335,2906,18639531,16,166,140,1,27333,1,110,1,1931633,1,2420457,1,114852,1,14117913,1,27092,1,409511,1,18325,4,540254,4,65527,4,4419340,4,8610480,8,13001855,108,25058,12,3306,1,45598,1,3236,1,0,0,0,0,0,0,0,0,0,0,0,0,0,0,0,0,0,0,0,0,16900,1,32,1,9559,1,4524,1,16932,1,9559,1,0,1,0,0,0,0,0,0,0,1,5029,1,4530,1
133,18879500,4516,9559,28.98636,,0,10,9,108,52257,1803,2665,18827243,16,166,621,1,38605,1,160,1,2225691,1,2441578,1,116415,1,13992911,1,11262,1,389763,1,8687,4,529173,4,65226,4,4395324,4,8559782,8,12929927,108,22514,12,3096,1,37012,1,3046,1,0,0,0,0,0,0,0,0,0,0,0,0,0,0,0,0,0,0,0,0,16892,1,28,1,9559,1,4516,1,16920,1,9559,1,0,1,0,0,0,0,0,0,0,1,5034,1,4525,1
134,18787900,4520,9559,28.98657,,0,10,9,108,43136,1252,2636,18744764,16,166,160,1,36360,1,220,1,2128113,1,2396712,1,114862,1,14057376,1,10961,1,358453,1,8086,4,537619,4,67090,4,4438818,4,8595972,8,13009761,108,22393,12,4579,1,42252,1,3256,1,0,0,0,0,0,0,0,0,0,0,0,0,0,0,0,0,0,0,0,0,16901,1,28,1,9559,1,4520,1,16929,1,9559,1,0,1,0,0,0,0,0,0,0,1,5038,1,4521,1
135,18672300,4522,9559,28.986776,,0,10,9,108,38560,1533,2946,18633740,16,166,200,1,27553,1,80,1,1927755,1,2440647,1,116285,1,14109967,1,11252,1,391988,1,8416,4,530736,4,64925,4,4428899,4,8634767,8,13039859,108,20860,12,2946,1,42031,1,3727,1,0,0,0,0,0,0,0,0,0,0,0,0,0,0,0,0,0,0,0,0,16906,1,26,1,9559,1,4522,1,16932,1,9559,1,0,1,0,0,0,0,0,0,0,1,5033,1,4526,1
136,18573900,4519,9559,28.986969,,0,10,9,108,39272,1102,3398,18534628,16,166,130,1,27694,1,150,1,1936462,1,2406811,1,113780,1,14038479,1,11121,1,351950,1,8947,4,528291,4,67821,4,4411034,4,8623645,8,13007385,108,23896,12,3667,1,38975,1,3046,1,0,0,0,0,0,0,0,0,0,0,0,0,0,0,0,0,0,0,0,0,16892,1,30,1,9559,1,4519,1,16922,1,9559,1,0,1,0,0,0,0,0,0,0,1,5035,1,4524,1
137,18657100,4521,9559,28.987137,,0,10,9,108,40664,1333,2806,18616436,16,166,130,1,27824,1,200,1,1934198,1,2444254,1,121024,1,14077625,1,11182,1,403319,1,8336,4,539863,4,65106,4,4403961,4,8612774,8,12986736,108,27193,12,3627,1,36340,1,2966,1,0,0,0,0,0,0,0,0,0,0,0,0,0,0,0,0,0,0,0,0,16889,1,34,1,9559,1,4521,1,16923,1,9559,1,0,1,0,0,0,0,0,0,0,1,5037,1,4522,1
138,18606800,4521,9559,28.9873,,0,10,9,108,38307,1292,2535,18568493,16,166,130,1,27152,1,130,1,1935460,1,2443171,1,115744,1,14034932,1,11773,1,382068,1,8456,4,530134,4,65226,4,4399953,4,8599458,8,12969604,108,27273,12,3557,1,40629,1,4158,1,0,0,0,0,0,0,0,0,0,0,0,0,0,0,0,0,0,0,0,0,16884,1,34,1,9559,1,4521,1,16918,1,9559,1,0,1,0,0,0,0,0,0,0,1,5035,1,4524,1
139,18586200,4521,9559,28.987465,,0,10,9,108,53065,1002,3106,18533135,16,166,150,1,26752,1,50,1,1931332,1,2416700,1,114812,1,14028860,1,14478,1,362791,1,8456,4,527700,4,65877,4,4408910,4,8608466,8,12987017,108,27253,12,2936,1,39727,1,2996,1,0,0,0,0,0,0,0,0,0,0,0,0,0,0,0,0,0,0,0,0,16900,1,34,1,9559,1,4521,1,16934,1,9559,1,0,1,0,0,0,0,0,0,0,1,5036,1,4523,1
140,18671200,4518,9559,28.987623,,0,10,9,108,43823,1393,2636,18627377,16,166,80,1,31922,1,70,1,1939759,1,2426118,1,119090,1,14098715,1,11622,1,406245,1,9368,4,531587,4,65867,4,4418839,4,8616391,8,13005502,108,27092,12,3316,1,42763,1,2946,1,0,0,0,0,0,0,0,0,0,0,0,0,0,0,0,0,0,0,0,0,16905,1,34,1,9559,1,4518,1,16939,1,9559,1,0,1,0,0,0,0,0,0,0,1,5038,1,4521,1
141,18604000,4523,9559,28.987766,,0,10,9,108,41238,1222,2655,18562762,16,166,70,1,27924,1,751,1,1930370,1,2433984,1,115794,1,14042196,1,11673,1,380295,1,7605,4,529443,4,65056,4,4402207,4,8606542,8,12974102,108,31992,12,3487,1,43123,1,3216,1,0,0,0,0,0,0,0,0,0,0,0,0,0,0,0,0,0,0,0,0,16895,1,40,1,9559,1,4523,1,16935,1,9559,1,0,1,0,0,0,0,0,0,0,1,5035,1,4524,1
142,18685600,4524,9559,28.987892,,0,10,9,108,55097,1783,3036,18630503,16,166,110,1,27643,1,80,1,1931282,1,2416240,1,116806,1,14114847,1,23495,1,423488,1,23285,4,541076,4,76297,4,4401145,4,8576855,8,12944766,108,30198,12,3186,1,62280,1,5451,1,0,0,0,0,0,0,0,0,0,0,0,0,0,0,0,0,0,0,0,0,16904,1,38,1,9559,1,4524,1,16942,1,9559,1,0,1,0,0,0,0,0,0,0,1,5032,1,4527,1
143,18875900,4523,9559,28.98802,,0,10,9,108,50240,1703,3197,18825660,16,166,120,1,29778,1,210,1,1935110,1,2501594,1,132296,1,14214289,1,12264,1,510547,1,29186,4,543059,4,75746,4,4408469,4,8581974,8,12957299,108,29948,12,5130,1,51930,1,6543,1,0,0,0,0,0,0,0,0,0,0,0,0,0,0,0,0,0,0,0,0,16913,1,38,1,9559,1,4523,1,16951,1,9559,1,0,1,0,0,0,0,0,0,0,1,5033,1,4526,1
144,18984600,4520,9559,28.988153,,0,10,9,108,49308,2525,3157,18935292,16,166,160,1,28265,1,120,1,1929449,1,2574986,1,165059,1,14225290,1,11963,1,512140,1,13706,4,582766,4,75566,4,4407558,4,8577245,8,12951778,108,29868,12,3597,1,46390,1,3797,1,0,0,0,0,0,0,0,0,0,0,0,0,0,0,0,0,0,0,0,0,16911,1,38,1,9559,1,4520,1,16949,1,9559,1,0,1,0,0,0,0,0,0,0,1,5034,1,4525,1
145,18736600,4519,9559,28.98826,,0,10,9,108,42244,1042,2605,18694356,16,166,90,1,29106,1,130,1,1927685,1,2488950,1,124641,1,14111911,1,11843,1,461241,1,10119,4,534773,4,66078,4,4409491,4,8576113,8,12956328,108,26672,12,3617,1,44777,1,4659,1,0,0,0,0,0,0,0,0,0,0,0,0,0,0,0,0,0,0,0,0,16923,1,34,1,9559,1,4519,1,16957,1,9559,1,0,1,0,0,0,0,0,0,0,1,5038,1,4521,1
146,18653300,4520,9559,28.988363,,0,10,9,108,40601,1252,2646,18612699,16,166,170,1,29687,1,190,1,1938737,1,2447680,1,116595,1,14068096,1,11542,1,423238,1,7935,4,544292,4,66068,4,4398330,4,8578919,8,12950035,108,24567,12,3286,1,41991,1,2785,1,0,0,0,0,0,0,0,0,0,0,0,0,0,0,0,0,0,0,0,0,16918,1,32,1,9559,1,4520,1,16950,1,9559,1,0,1,0,0,0,0,0,0,0,1,5037,1,4522,1
147,18553200,4522,9559,28.988459,,0,10,9,108,41046,1122,2635,18512154,16,166,100,1,28255,1,200,1,1928477,1,2429094,1,112888,1,14001317,1,11823,1,382008,1,9037,4,530666,4,65787,4,4403710,4,8561876,8,12939415,108,23535,12,2886,1,41190,1,3036,1,0,0,0,0,0,0,0,0,0,0,0,0,0,0,0,0,0,0,0,0,16937,1,30,1,9559,1,4522,1,16967,1,9559,1,0,1,0,0,0,0,0,0,0,1,5036,1,4523,1
148,18515100,4517,9559,28.988543,,0,10,9,108,39717,1673,3307,18475383,16,166,130,1,27764,1,170,1,1931422,1,2451197,1,116084,1,13937494,1,11121,1,387058,1,7595,4,533000,4,65256,4,4380716,4,8520937,8,12877766,108,20580,12,3527,1,34447,1,3286,1,0,0,0,0,0,0,0,0,0,0,0,0,0,0,0,0,0,0,0,0,16926,1,26,1,9559,1,4517,1,16952,1,9559,1,0,1,0,0,0,0,0,0,0,1,5037,1,4522,1
149,18533300,4519,9559,28.988642,,0,10,9,108,39130,1112,2625,18494170,16,166,80,1,27132,1,110,1,1935510,1,2413444,1,113770,1,13993041,1,11081,1,347421,1,8226,4,527179,4,66919,4,4406455,4,8588908,8,12970625,108,22113,12,3216,1,40348,1,3256,1,0,0,0,0,0,0,0,0,0,0,0,0,0,0,0,0,0,0,0,0,16942,1,28,1,9559,1,4519,1,16970,1,9559,1,0,1,0,0,0,0,0,0,0,1,5040,1,4519,1
150,18641100,4522,9559,28.98874,,0,10,9,108,56295,1313,3988,18584805,16,166,100,1,27794,1,200,1,1932454,1,2430377,1,119751,1,14059099,1,15029,1,392198,1,8777,4,534403,4,65547,4,4403620,4,8610710,8,12992057,108,18285,12,3467,1,36420,1,2645,1,0,0,0,0,0,0,0,0,0,0,0,0,0,0,0,0,0,0,0,0,16949,1,23,1,9559,1,4522,1,16972,1,9559,1,0,1,0,0,0,0,0,0,0,1,5034,1,4525,1
151,18589300,4520,9559,28.98882,,0,10,9,108,41236,1292,3207,18548064,16,166,200,1,31000,1,120,1,1931092,1,2454944,1,117627,1,14001678,1,11402,1,405343,1,7525,4,532188,4,65416,4,4382970,4,8564080,8,12925798,108,18045,12,3326,1,35970,1,3567,1,0,0,0,0,0,0,0,0,0,0,0,0,0,0,0,0,0,0,0,0,16935,1,23,1,9559,1,4520,1,16958,1,9559,1,0,1,0,0,0,0,0,0,0,1,5036,1,4523,1
152,18502500,4523,9559,28.988888,,0,10,9,108,37276,1042,2446,18465224,16,166,130,1,27493,1,140,1,1929338,1,2422191,1,114271,1,13960488,1,11172,1,366248,1,8957,4,540945,4,65737,4,4385004,4,8545855,8,12906170,108,22243,12,3026,1,41009,1,2665,1,0,0,0,0,0,0,0,0,0,0,0,0,0,0,0,0,0,0,0,0,16925,1,28,1,9559,1,4523,1,16953,1,9559,1,0,1,0,0,0,0,0,0,0,1,5036,1,4523,1
153,18533300,4523,9559,28.988964,,0,10,9,108,41886,1303,2745,18491414,16,166,110,1,27603,1,40,1,1935771,1,2412041,1,114752,1,13989985,1,11111,1,384192,1,9058,4,529183,4,66088,4,4386086,4,8565903,8,12927041,108,22203,12,3597,1,41360,1,3216,1,0,0,0,0,0,0,0,0,0,0,0,0,0,0,0,0,0,0,0,0,16921,1,28,1,9559,1,4523,1,16949,1,9559,1,0,1,0,0,0,0,0,0,0,1,5035,1,4524,1
154,18571500,4524,9559,28.989048,,0,10,9,108,40078,1172,2976,18531422,16,166,571,1,27563,1,120,1,1930851,1,2426509,1,114802,1,14019813,1,11192,1,400654,1,7284,4,529593,4,65557,4,4400734,4,8569130,8,12944645,108,22243,12,4088,1,38404,1,3196,1,0,0,0,0,0,0,0,0,0,0,0,0,0,0,0,0,0,0,0,0,16914,1,28,1,9559,1,4524,1,16942,1,9559,1,0,1,0,0,0,0,0,0,0,1,5035,1,4524,1
155,18553400,4521,9559,28.989117,,0,10,9,108,39472,1343,2696,18513928,16,166,70,1,27894,1,210,1,1932054,1,2398966,1,113770,1,14029943,1,11021,1,401316,1,9017,4,540575,4,66308,4,4391376,4,8560263,8,12926940,108,22003,12,3377,1,52882,1,3487,1,0,0,0,0,0,0,0,0,0,0,0,0,0,0,0,0,0,0,0,0,16915,1,28,1,9559,1,4521,1,16943,1,9559,1,0,1,0,0,0,0,0,0,0,1,5035,1,4524,1
156,18494900,4520,9559,28.989172,,0,10,9,108,40928,1703,2886,18453972,16,166,100,1,40198,1,200,1,1930310,1,2428493,1,116916,1,13926242,1,11512,1,377830,1,10260,4,532629,4,67080,4,4374143,4,8518291,8,12868738,108,20810,12,2946,1,37482,1,3877,1,0,0,0,0,0,0,0,0,0,0,0,0,0,0,0,0,0,0,0,0,16915,1,27,1,9559,1,4520,1,16942,1,9559,1,0,1,0,0,0,0,0,0,0,1,5037,1,4522,1
157,18458300,4519,9559,28.989218,,0,10,9,108,40718,1242,2805,18417582,16,166,90,1,26782,1,100,1,1928046,1,2423704,1,115593,1,13912155,1,11111,1,403099,1,7224,4,529864,4,65216,4,4371648,4,8487302,8,12834793,108,21351,12,3106,1,40709,1,2745,1,0,0,0,0,0,0,0,0,0,0,0,0,0,0,0,0,0,0,0,0,16916,1,27,1,9559,1,4519,1,16943,1,9559,1,0,1,0,0,0,0,0,0,0,1,5039,1,4520,1
158,18546800,4519,9559,28.98927,,0,10,9,108,51638,1172,2555,18495162,16,166,100,1,27433,1,40,1,1931202,1,2391181,1,114942,1,14011347,1,18917,1,456392,1,7835,4,533301,4,64815,4,4370075,4,8522890,8,12865692,108,24718,12,4509,1,47412,1,2946,1,0,0,0,0,0,0,0,0,0,0,0,0,0,0,0,0,0,0,0,0,16921,1,27,1,9559,1,4519,1,16948,1,9559,1,0,1,0,0,0,0,0,0,0,1,5038,1,4521,1
159,18498100,4518,9559,28.98933,,0,10,9,108,64888,1633,3036,18433212,16,166,411,1,27954,1,150,1,1936262,1,2387584,1,112257,1,13954116,1,14478,1,380956,1,9538,4,530475,4,66488,4,4387399,4,8524914,8,12891372,108,17905,12,7104,1,40869,1,4739,1,0,0,0,0,0,0,0,0,0,0,0,0,0,0,0,0,0,0,0,0,16921,1,23,1,9559,1,4518,1,16944,1,9559,1,0,1,0,0,0,0,0,0,0,1,5040,1,4519,1
160,18573400,4519,9559,28.989386,,0,10,9,108,51401,1132,2625,18521999,16,166,90,1,32082,1,240,1,1934017,1,2465450,1,117968,1,13960579,1,11572,1,423538,1,7645,4,530074,4,66078,4,4378030,4,8506789,8,12864240,108,17955,12,2926,1,41410,1,2956,1,0,0,0,0,0,0,0,0,0,0,0,0,0,0,0,0,0,0,0,0,16913,1,23,1,9559,1,4519,1,16936,1,9559,1,0,1,0,0,0,0,0,0,0,1,5040,1,4519,1
161,19289900,4521,9559,28.989433,,0,10,9,108,57073,2244,3948,19232827,16,166,110,1,27934,1,40,1,1933907,1,2420177,1,165380,1,14673376,1,11903,1,590992,1,10560,4,569100,4,67260,4,4518462,4,8860693,8,13356922,108,18285,12,3607,1,45879,1,4579,1,0,0,0,0,0,0,0,0,0,0,0,0,0,0,0,0,0,0,0,0,16911,1,23,1,9559,1,4521,1,16934,1,9559,1,0,1,0,0,0,0,0,0,0,1,5038,1,4521,1
162,18810400,4518,9559,28.989477,,0,10,9,108,45317,1583,2625,18765083,16,166,271,1,35699,1,250,1,2277902,1,2434495,1,115573,1,13889802,1,11091,1,372520,1,9298,4,526838,4,68683,4,4370506,4,8493203,8,12843159,108,17925,12,3457,1,40859,1,2856,1,0,0,0,0,0,0,0,0,0,0,0,0,0,0,0,0,0,0,0,0,16914,1,23,1,9559,1,4518,1,16937,1,9559,1,0,1,0,0,0,0,0,0,0,1,5037,1,4522,1
163,18462300,4520,9559,28.989515,,0,10,9,108,42023,1433,2515,18420277,16,166,511,1,27142,1,60,1,1932354,1,2422983,1,116275,1,13908608,1,12344,1,384182,1,9769,4,537429,4,66298,4,4359314,4,8496048,8,12835244,108,17604,12,3487,1,47021,1,3627,1,0,0,0,0,0,0,0,0,0,0,0,0,0,0,0,0,0,0,0,0,16924,1,23,1,9559,1,4520,1,16947,1,9559,1,0,1,0,0,0,0,0,0,0,1,5038,1,4521,1
164,18453900,4520,9559,28.989552,,0,10,9,108,38994,1222,2595,18414906,16,166,150,1,28776,1,291,1,1916093,1,2458311,1,117838,1,13882317,1,11132,1,395023,1,7555,4,531738,4,65487,4,4360366,4,8477753,8,12817650,108,17875,12,3677,1,35278,1,4218,1,0,0,0,0,0,0,0,0,0,0,0,0,0,0,0,0,0,0,0,0,16923,1,23,1,9559,1,4520,1,16946,1,9559,1,0,1,0,0,0,0,0,0,0,1,5039,1,4520,1
165,18369000,4519,9559,28.989582,,0,10,9,108,57113,1112,2996,18311887,16,166,120,1,27443,1,90,1,1935631,1,2429986,1,113459,1,13787374,1,17784,1,364655,1,8506,4,526798,4,66659,4,4348183,4,8432806,8,12759437,108,18556,12,3246,1,32623,1,2785,1,0,0,0,0,0,0,0,0,0,0,0,0,0,0,0,0,0,0,0,0,16924,1,24,1,9559,1,4519,1,16948,1,9559,1,0,1,0,0,0,0,0,0,0,1,5037,1,4522,1
166,18311900,4516,9559,28.989613,,0,10,9,108,41603,1132,2635,18270297,16,166,200,1,28184,1,40,1,1957994,1,2395499,1,113830,1,13763117,1,11432,1,354505,1,8466,4,541096,4,65567,4,4336230,4,8409411,8,12725432,108,17574,12,3306,1,40168,1,3236,1,0,0,0,0,0,0,0,0,0,0,0,0,0,0,0,0,0,0,0,0,16926,1,23,1,9559,1,4516,1,16949,1,9559,1,0,1,0,0,0,0,0,0,0,1,5040,1,4519,1
167,18479000,4518,9559,28.989645,,0,10,9,108,52892,1262,2725,18426108,16,166,200,1,27443,1,130,1,1931613,1,2447941,1,116896,1,13888098,1,13787,1,376548,1,9749,4,531778,4,65537,4,4352421,4,8479466,8,12811578,108,17584,12,4238,1,57892,1,9208,1,0,0,0,0,0,0,0,0,0,0,0,0,0,0,0,0,0,0,0,0,16939,1,23,1,9559,1,4518,1,16962,1,9559,1,0,1,0,0,0,0,0,0,0,1,5039,1,4520,1
168,18570400,4518,9559,28.989676,,0,10,9,108,39469,2445,2726,18530931,16,166,100,1,27844,1,180,1,1941121,1,2451267,1,119331,1,13978493,1,12594,1,409361,1,15450,4,594028,4,84854,4,4351659,4,8459338,8,12789695,108,18576,12,3767,1,53604,1,3988,1,0,0,0,0,0,0,0,0,0,0,0,0,0,0,0,0,0,0,0,0,16942,1,24,1,9559,1,4518,1,16966,1,9559,1,0,1,0,0,0,0,0,0,0,1,5040,1,4519,1
169,18558200,4514,9559,28.9897,,0,10,9,108,42799,1573,3418,18515401,16,166,90,1,28685,1,150,1,1933877,1,2545619,1,125963,1,13869553,1,11462,1,457414,1,8807,4,530635,4,65847,4,4337001,4,8414511,8,12729599,108,18496,12,3928,1,46209,1,3627,1,0,0,0,0,0,0,0,0,0,0,0,0,0,0,0,0,0,0,0,0,16948,1,24,1,9559,1,4514,1,16972,1,9559,1,0,1,0,0,0,0,0,0,0,1,5041,1,4518,1
170,18428800,4515,9559,28.989725,,0,10,9,108,36918,1393,2615,18391882,16,166,130,1,27824,1,100,1,1925872,1,2473741,1,115433,1,13837200,1,11582,1,407938,1,8376,4,531768,4,65777,4,4335057,4,8444108,8,12757854,108,18696,12,4078,1,34767,1,3938,1,0,0,0,0,0,0,0,0,0,0,0,0,0,0,0,0,0,0,0,0,16948,1,24,1,9559,1,4515,1,16972,1,9559,1,0,1,0,0,0,0,0,0,0,1,5042,1,4517,1
171,18451600,4512,9559,28.989754,,0,10,9,108,61341,5080,2947,18390259,16,166,561,1,27383,1,140,1,1937614,1,2432010,1,115122,1,13859193,1,18235,1,353383,1,12214,4,544202,4,75977,4,4354325,4,8455400,8,12787801,108,18977,12,3587,1,50938,1,4088,1,0,0,0,0,0,0,0,0,0,0,0,0,0,0,0,0,0,0,0,0,16956,1,24,1,9559,1,4512,1,16980,1,9559,1,0,1,0,0,0,0,0,0,0,1,5043,1,4516,1
172,18531300,4513,9559,28.98977,,0,10,9,108,43723,1483,2546,18487577,16,166,872,1,29387,1,261,1,1927224,1,2473300,1,128368,1,13916313,1,11853,1,475860,1,9528,4,531407,4,65737,4,4344556,4,8441733,8,12764877,108,18866,12,3467,1,39246,1,3296,1,0,0,0,0,0,0,0,0,0,0,0,0,0,0,0,0,0,0,0,0,16946,1,24,1,9559,1,4513,1,16970,1,9559,1,0,1,0,0,0,0,0,0,0,1,5046,1,4513,1
173,18553800,4515,9559,28.989801,,0,10,9,108,43970,1202,2726,18509830,16,166,110,1,27563,1,190,1,1927856,1,2457078,1,115914,1,13969125,1,11993,1,387880,1,10590,4,530515,4,66128,4,4375375,4,8549933,8,12903515,108,19067,12,3507,1,39847,1,4148,1,0,0,0,0,0,0,0,0,0,0,0,0,0,0,0,0,0,0,0,0,16956,1,24,1,9559,1,4515,1,16980,1,9559,1,0,1,0,0,0,0,0,0,0,1,5044,1,4515,1
174,18492300,4515,9559,28.989834,,0,10,9,108,37376,1252,2426,18454924,16,166,230,1,27914,1,140,1,1931903,1,2446207,1,114892,1,13921944,1,11693,1,372991,1,9548,4,528411,4,66148,4,4373602,4,8523021,8,12875300,108,18897,12,3377,1,40919,1,2675,1,0,0,0,0,0,0,0,0,0,0,0,0,0,0,0,0,0,0,0,0,16952,1,24,1,9559,1,4515,1,16976,1,9559,1,0,1,0,0,0,0,0,0,0,1,5042,1,4517,1
175,18399100,4515,9559,28.989851,,0,10,9,108,40362,1363,3017,18358738,16,166,10,1,27824,1,40,1,1942093,1,2428403,1,116515,1,13832581,1,11272,1,389533,1,10941,4,530946,4,66519,4,4343844,4,8448036,8,12767793,108,21071,12,3166,1,35038,1,3196,1,0,0,0,0,0,0,0,0,0,0,0,0,0,0,0,0,0,0,0,0,16951,1,27,1,9559,1,4515,1,16978,1,9559,1,0,1,0,0,0,0,0,0,0,1,5042,1,4517,1
176,18311300,4514,9559,28.989864,,0,10,9,108,40131,1142,2515,18271169,16,166,150,1,27473,1,50,1,1931753,1,2431800,1,114852,1,13753508,1,11582,1,378602,1,8336,4,532259,4,65006,4,4313887,4,8401075,8,12691355,108,21091,12,3186,1,44276,1,5741,1,0,0,0,0,0,0,0,0,0,0,0,0,0,0,0,0,0,0,0,0,16943,1,27,1,9559,1,4514,1,16970,1,9559,1,0,1,0,0,0,0,0,0,0,1,5044,1,4515,1
177,18370100,4516,9559,28.989883,,0,10,9,108,47943,1282,2475,18322157,16,166,70,1,27884,1,110,1,1931543,1,2437380,1,116395,1,13796642,1,12133,1,374033,1,12594,4,529784,4,69043,4,4330178,4,8424861,8,12731783,108,20780,12,3507,1,48073,1,3286,1,0,0,0,0,0,0,0,0,0,0,0,0,0,0,0,0,0,0,0,0,16944,1,27,1,9559,1,4516,1,16971,1,9559,1,0,1,0,0,0,0,0,0,0,1,5042,1,4517,1
178,18407600,4515,9559,28.989906,,0,10,9,108,39324,1192,3167,18368276,16,166,130,1,28826,1,130,1,1941522,1,2450445,1,119601,1,13815809,1,11813,1,416475,1,10410,4,536006,4,66358,4,4326992,4,8416384,8,12719810,108,20399,12,4028,1,35338,1,2625,1,0,0,0,0,0,0,0,0,0,0,0,0,0,0,0,0,0,0,0,0,16946,1,27,1,9559,1,4515,1,16973,1,9559,1,0,1,0,0,0,0,0,0,0,1,5041,1,4518,1
179,18355500,4515,9559,28.989923,,0,10,9,108,39505,1292,2725,18315995,16,166,100,1,27543,1,120,1,1925942,1,2465054,1,116866,1,13769048,1,11322,1,387890,1,8667,4,532719,4,65897,4,4322874,4,8403389,8,12703068,108,20470,12,3857,1,37322,1,5140,1,0,0,0,0,0,0,0,0,0,0,0,0,0,0,0,0,0,0,0,0,16936,1,27,1,9559,1,4515,1,16963,1,9559,1,0,1,0,0,0,0,0,0,0,1,5043,1,4516,1
180,18265400,4515,9559,28.98993,,0,10,9,108,37134,1162,2576,18228266,16,166,110,1,27513,1,30,1,1938616,1,2425307,1,115122,1,13710325,1,11242,1,364975,1,7454,4,528040,4,79584,4,4317984,4,8368883,8,12663230,108,21061,12,3266,1,36340,1,2635,1,0,0,0,0,0,0,0,0,0,0,0,0,0,0,0,0,0,0,0,0,16941,1,27,1,9559,1,4515,1,16968,1,9559,1,0,1,0,0,0,0,0,0,0,1,5043,1,4516,1
181,18250000,4517,9559,28.98993,,0,10,9,108,58636,1142,2595,18191364,16,166,240,1,32112,1,210,1,1922505,1,2410879,1,112377,1,13698642,1,14398,1,361378,1,7424,4,540985,4,65527,4,4312043,4,8368562,8,12653633,108,24377,12,3246,1,34336,1,3998,1,0,0,0,0,0,0,0,0,0,0,0,0,0,0,0,0,0,0,0,0,16935,1,31,1,9559,1,4517,1,16966,1,9559,1,0,1,0,0,0,0,0,0,0,1,5040,1,4519,1
182,18366100,4517,9559,28.98994,,0,10,9,108,43752,1323,2916,18322348,16,166,90,1,31451,1,230,1,1933667,1,2457379,1,116365,1,13771122,1,12043,1,380205,1,8727,4,531998,4,65807,4,4322002,4,8414050,8,12707948,108,25189,12,3477,1,38915,1,4619,1,0,0,0,0,0,0,0,0,0,0,0,0,0,0,0,0,0,0,0,0,16943,1,32,1,9559,1,4517,1,16975,1,9559,1,0,1,0,0,0,0,0,0,0,1,5039,1,4520,1
183,18307300,4516,9559,28.989958,,0,10,9,108,51822,892,2515,18255478,16,166,40,1,27092,1,331,1,1935871,1,2431058,1,115473,1,13730784,1,14829,1,391637,1,7915,4,528050,4,65487,4,4308957,4,8380575,8,12661437,108,25579,12,2936,1,41290,1,3046,1,0,0,0,0,0,0,0,0,0,0,0,0,0,0,0,0,0,0,0,0,16946,1,32,1,9559,1,4516,1,16978,1,9559,1,0,1,0,0,0,0,0,0,0,1,5042,1,4517,1
184,18335100,4516,9559,28.98997,,0,10,9,108,45446,1232,2656,18289654,16,166,180,1,32312,1,130,1,1926904,1,2438673,1,116886,1,13762746,1,11823,1,381006,1,7785,4,530114,4,68733,4,4323906,4,8402828,8,12695112,108,28966,12,3557,1,40007,1,3577,1,0,0,0,0,0,0,0,0,0,0,0,0,0,0,0,0,0,0,0,0,16941,1,36,1,9559,1,4516,1,16977,1,9559,1,0,1,0,0,0,0,0,0,0,1,5040,1,4519,1
185,18302000,4514,9559,28.989977,,0,10,9,108,47534,1453,2716,18254466,16,166,100,1,27273,1,60,1,1926483,1,2419195,1,131694,1,13738149,1,11512,1,396647,1,10140,4,532068,4,65076,4,4305811,4,8381918,8,12660165,108,24848,12,3397,1,37452,1,4188,1,0,0,0,0,0,0,0,0,0,0,0,0,0,0,0,0,0,0,0,0,16944,1,32,1,9559,1,4514,1,16976,1,9559,1,0,1,0,0,0,0,0,0,0,1,5043,1,4516,1
186,18240500,4515,9559,28.98999,,0,10,9,108,39016,1232,2676,18201484,16,166,120,1,27984,1,110,1,1934889,1,2423654,1,113459,1,13689915,1,11352,1,385836,1,8877,4,533972,4,66088,4,4295771,4,8355918,8,12624616,108,24397,12,2845,1,36571,1,2805,1,0,0,0,0,0,0,0,0,0,0,0,0,0,0,0,0,0,0,0,0,16950,1,32,1,9559,1,4515,1,16982,1,9559,1,0,1,0,0,0,0,0,0,0,1,5043,1,4516,1
187,18256500,4516,9559,28.990005,,0,10,9,108,36811,1844,2636,18219689,16,166,180,1,27734,1,120,1,1930841,1,2432912,1,113289,1,13703261,1,11352,1,363182,1,7795,4,531116,4,73773,4,4305540,4,8381828,8,12663602,108,21131,12,3737,1,31351,1,3096,1,0,0,0,0,0,0,0,0,0,0,0,0,0,0,0,0,0,0,0,0,16958,1,28,1,9559,1,4516,1,16986,1,9559,1,0,1,0,0,0,0,0,0,0,1,5042,1,4517,1
188,18247000,4519,9559,28.990013,,0,10,9,108,54584,1122,2516,18192416,16,166,90,1,27814,1,40,1,1925772,1,2400349,1,113529,1,13710926,1,13897,1,388781,1,9498,4,562026,4,65487,4,4299088,4,8348814,8,12623654,108,21732,12,3356,1,30108,1,2645,1,0,0,0,0,0,0,0,0,0,0,0,0,0,0,0,0,0,0,0,0,16958,1,28,1,9559,1,4519,1,16986,1,9559,1,0,1,0,0,0,0,0,0,0,1,5039,1,4520,1
189,18178800,4519,9559,28.990015,,0,10,9,108,41379,1042,2966,18137421,16,166,110,1,31501,1,170,1,1932915,1,2395510,1,113870,1,13652203,1,11142,1,360907,1,8697,4,532940,4,64785,4,4286163,4,8352611,8,12611101,108,24708,12,3276,1,38605,1,3176,1,0,0,0,0,0,0,0,0,0,0,0,0,0,0,0,0,0,0,0,0,16956,1,32,1,9559,1,4519,1,16988,1,9559,1,0,1,0,0,0,0,0,0,0,1,5039,1,4520,1
190,18273200,4519,9559,28.990025,,0,10,9,108,42540,1413,3577,18230660,16,166,100,1,27393,1,30,1,1921734,1,2419075,1,115032,1,13735363,1,11933,1,379574,1,13596,4,532449,4,67571,4,4283868,4,8395093,8,12653332,108,22053,12,4078,1,51730,1,5992,1,0,0,0,0,0,0,0,0,0,0,0,0,0,0,0,0,0,0,0,0,16964,1,28,1,9559,1,4519,1,16992,1,9559,1,0,1,0,0,0,0,0,0,0,1,5038,1,4521,1
191,18349000,4520,9559,28.99004,,0,10,9,108,53805,1453,2665,18295195,16,166,271,1,28094,1,250,1,1923768,1,2458792,1,124120,1,13743359,1,16542,1,422146,1,9198,4,528722,4,67621,4,4302765,4,8366688,8,12641890,108,24898,12,2966,1,39035,1,2765,1,0,0,0,0,0,0,0,0,0,0,0,0,0,0,0,0,0,0,0,0,16962,1,32,1,9559,1,4520,1,16994,1,9559,1,0,1,0,0,0,0,0,0,0,1,5038,1,4521,1
192,18277500,4522,9559,28.990047,,0,10,9,108,42060,1192,2515,18235440,16,166,70,1,31681,1,120,1,1938466,1,2414907,1,113559,1,13724683,1,11953,1,391647,1,7364,4,529764,4,66028,4,4297866,4,8381597,8,12652510,108,24437,12,3326,1,41580,1,4318,1,0,0,0,0,0,0,0,0,0,0,0,0,0,0,0,0,0,0,0,0,16969,1,32,1,9559,1,4522,1,17001,1,9559,1,0,1,0,0,0,0,0,0,0,1,5037,1,4522,1
193,18353800,4521,9559,28.990053,,0,10,9,108,44077,1272,2685,18309723,16,166,100,1,27453,1,150,1,1929048,1,2477217,1,120302,1,13743860,1,11592,1,431875,1,9719,4,534894,4,65837,4,4288548,4,8357401,8,12618445,108,24818,12,3186,1,45338,1,5791,1,0,0,0,0,0,0,0,0,0,0,0,0,0,0,0,0,0,0,0,0,16970,1,32,1,9559,1,4521,1,17002,1,9559,1,0,1,0,0,0,0,0,0,0,1,5037,1,4522,1
194,18231100,4522,9559,28.990055,,0,10,9,108,42882,1132,2525,18188218,16,166,200,1,27984,1,250,1,1932835,1,2445316,1,115042,1,13654457,1,12133,1,405193,1,14197,4,536807,4,69995,4,4275182,4,8292655,8,12538309,108,27002,12,3898,1,51429,1,3968,1,0,0,0,0,0,0,0,0,0,0,0,0,0,0,0,0,0,0,0,0,16974,1,36,1,9559,1,4522,1,17010,1,9559,1,0,1,0,0,0,0,0,0,0,1,5035,1,4524,1
195,18441100,4521,9559,28.99006,,0,10,9,108,41854,1864,3096,18399246,16,166,190,1,28445,1,40,1,1930581,1,2502757,1,125032,1,13800660,1,11542,1,483164,1,7965,4,551045,4,67480,4,4286834,4,8347642,8,12604348,108,27032,12,2976,1,48884,1,2805,1,0,0,0,0,0,0,0,0,0,0,0,0,0,0,0,0,0,0,0,0,16966,1,36,1,9559,1,4521,1,17002,1,9559,1,0,1,0,0,0,0,0,0,0,1,5036,1,4523,1
196,18549400,4522,9559,28.99006,,0,10,9,108,48507,2264,3347,18500893,16,166,812,1,31280,1,451,1,1926202,1,2577611,1,121405,1,13830467,1,12664,1,448817,1,14428,4,545564,4,69464,4,4311241,4,8375295,8,12655696,108,27493,12,3938,1,53113,1,6342,1,0,0,0,0,0,0,0,0,0,0,0,0,0,0,0,0,0,0,0,0,16971,1,36,1,9559,1,4522,1,17007,1,9559,1,0,1,0,0,0,0,0,0,0,1,5035,1,4524,1
197,18396500,4523,9559,28.990076,,0,10,9,108,42431,1092,3107,18354069,16,166,371,1,27643,1,200,1,1937324,1,2483249,1,125042,1,13768938,1,11302,1,443727,1,8567,4,530826,4,65867,4,4307765,4,8366839,8,12642100,108,29397,12,3206,1,38324,1,2725,1,0,0,0,0,0,0,0,0,0,0,0,0,0,0,0,0,0,0,0,0,16965,1,40,1,9559,1,4523,1,17005,1,9559,1,0,1,0,0,0,0,0,0,0,1,5035,1,4524,1
198,18773800,4523,9559,28.990084,,0,10,9,108,57726,2244,3026,18716074,16,166,60,1,27102,1,60,1,1933026,1,2614913,1,116064,1,14012063,1,12785,1,435702,1,10851,4,590581,4,75165,4,4437295,4,8407703,8,12811783,108,30188,12,3567,1,44185,1,4769,1,0,0,0,0,0,0,0,0,0,0,0,0,0,0,0,0,0,0,0,0,16961,1,40,1,9559,1,4523,1,17001,1,9559,1,0,1,0,0,0,0,0,0,0,1,5034,1,4525,1
199,18359200,4524,9559,28.990086,,0,10,9,108,54747,1613,3066,18304453,16,166,250,1,28044,1,531,1,1925822,1,2507055,1,126965,1,13697009,1,18776,1,454659,1,7515,4,531457,4,65016,4,4276013,4,8299378,8,12545193,108,27132,12,3106,1,50167,1,8086,1,0,0,0,0,0,0,0,0,0,0,0,0,0,0,0,0,0,0,0,0,16962,1,36,1,9559,1,4524,1,16998,1,9559,1,0,1,0,0,0,0,0,0,0,1,5034,1,4525,1
200,18690800,4522,9559,28.990088,,0,10,9,108,58498,1803,4218,18632302,16,166,481,1,33906,1,150,1,2094508,1,2500021,1,117297,1,13870520,1,15420,1,446833,1,8316,4,566675,4,71919,4,4411681,4,8309849,8,12687083,108,30228,12,3266,1,47331,1,2845,1,0,0,0,0,0,0,0,0,0,0,0,0,0,0,0,0,0,0,0,0,16960,1,36,1,9559,1,4522,1,16996,1,9559,1,0,1,0,0,0,0,0,0,0,1,5035,1,4524,1
201,18359700,4522,9559,28.990097,,0,10,9,108,44025,1433,3638,18315675,16,166,200,1,32312,1,40,1,1929078,1,2436478,1,116255,1,13789668,1,11642,1,411265,1,9017,4,574370,4,70987,4,4277877,4,8393971,8,12640647,108,27563,12,4078,1,42462,1,4208,1,0,0,0,0,0,0,0,0,0,0,0,0,0,0,0,0,0,0,0,0,16962,1,36,1,9559,1,4522,1,16998,1,9559,1,0,1,0,0,0,0,0,0,0,1,5036,1,4523,1
202,18317000,4521,9559,28.99011,,0,10,9,108,42705,1403,2635,18274295,16,166,90,1,28174,1,80,1,1917215,1,2475835,1,118078,1,13721436,1,13386,1,410243,1,8647,4,530325,4,65667,4,4287596,4,8363683,8,12624857,108,23786,12,3647,1,45217,1,5010,1,0,0,0,0,0,0,0,0,0,0,0,0,0,0,0,0,0,0,0,0,16968,1,32,1,9559,1,4521,1,17000,1,9559,1,0,1,0,0,0,0,0,0,0,1,5037,1,4522,1
203,18183500,4525,9559,28.990112,,0,10,9,108,40519,1092,2806,18142981,16,166,1032,1,31611,1,50,1,1938797,1,2424345,1,118569,1,13617536,1,11041,1,369554,1,8636,4,546035,4,79303,4,4273869,4,8298657,8,12546415,108,23305,12,3056,1,34657,1,2675,1,0,0,0,0,0,0,0,0,0,0,0,0,0,0,0,0,0,0,0,0,16979,1,32,1,9559,1,4525,1,17011,1,9559,1,0,1,0,0,0,0,0,0,0,1,5033,1,4526,1
204,18198500,4526,9559,28.990108,,0,10,9,108,45089,1212,2827,18153411,16,166,80,1,27854,1,90,1,1931873,1,2476295,1,120202,1,13585514,1,11502,1,441413,1,8146,4,539673,4,65587,4,4240505,4,8248290,8,12459356,108,26611,12,3146,1,34727,1,2815,1,0,0,0,0,0,0,0,0,0,0,0,0,0,0,0,0,0,0,0,0,16986,1,36,1,9559,1,4526,1,17022,1,9559,1,0,1,0,0,0,0,0,0,0,1,5032,1,4527,1
205,18142500,4524,9559,28.990114,,0,10,9,108,41390,1292,2535,18101110,16,166,70,1,27774,1,150,1,1931112,1,2429265,1,115603,1,13585915,1,11222,1,406085,1,9789,4,532399,4,68302,4,4248711,4,8274540,8,12493573,108,27142,12,2926,1,38234,1,3637,1,0,0,0,0,0,0,0,0,0,0,0,0,0,0,0,0,0,0,0,0,16972,1,36,1,9559,1,4524,1,17008,1,9559,1,0,1,0,0,0,0,0,0,0,1,5033,1,4526,1
206,18220900,4523,9559,28.99012,,0,10,9,108,37872,1152,2506,18183028,16,166,90,1,27744,1,250,1,1937404,1,2420227,1,116164,1,13669877,1,11272,1,369274,1,9088,4,530866,4,66268,4,4288848,4,8362090,8,12621269,108,27162,12,2926,1,36390,1,2976,1,0,0,0,0,0,0,0,0,0,0,0,0,0,0,0,0,0,0,0,0,16977,1,36,1,9559,1,4523,1,17013,1,9559,1,0,1,0,0,0,0,0,0,0,1,5035,1,4524,1
207,18244500,4523,9559,28.990118,,0,10,9,108,44549,1563,3948,18199951,16,166,40,1,27363,1,100,1,1931773,1,2431008,1,116505,1,13681549,1,11612,1,377159,1,7865,4,532269,4,71458,4,4272396,4,8368251,8,12608996,108,27704,12,2996,1,41981,1,5611,1,0,0,0,0,0,0,0,0,0,0,0,0,0,0,0,0,0,0,0,0,16970,1,36,1,9559,1,4523,1,17006,1,9559,1,0,1,0,0,0,0,0,0,0,1,5035,1,4524,1
208,18271400,4523,9559,28.990112,,0,10,9,108,67742,1633,2595,18203658,16,166,261,1,28545,1,200,1,1931563,1,2459884,1,120543,1,13644878,1,17784,1,460881,1,7444,4,532028,4,65206,4,4252037,4,8283307,8,12505015,108,27734,12,3457,1,36320,1,2565,1,0,0,0,0,0,0,0,0,0,0,0,0,0,0,0,0,0,0,0,0,16969,1,36,1,9559,1,4523,1,17005,1,9559,1,0,1,0,0,0,0,0,0,0,1,5036,1,4523,1
209,18137800,4522,9559,28.990116,,0,10,9,108,42040,1272,2765,18095760,16,166,210,1,28265,1,90,1,1925271,1,2427000,1,114461,1,13588830,1,11632,1,400344,1,9789,4,534032,4,65096,4,4254021,4,8278147,8,12501779,108,27623,12,3156,1,39597,1,3377,1,0,0,0,0,0,0,0,0,0,0,0,0,0,0,0,0,0,0,0,0,16966,1,36,1,9559,1,4522,1,17002,1,9559,1,0,1,0,0,0,0,0,0,0,1,5035,1,4524,1
210,18122600,4522,9559,28.990122,,0,10,9,108,38383,1222,2605,18084217,16,166,311,1,26541,1,40,1,1931723,1,2436498,1,117487,1,13560525,1,11091,1,389633,1,8206,4,532649,4,65777,4,4244042,4,8279059,8,12493493,108,27002,12,3316,1,33505,1,3116,1,0,0,0,0,0,0,0,0,0,0,0,0,0,0,0,0,0,0,0,0,16964,1,36,1,9559,1,4522,1,17000,1,9559,1,0,1,0,0,0,0,0,0,0,1,5036,1,4523,1
211,18087700,4523,9559,28.990128,,0,10,9,108,37779,1132,2555,18049921,16,166,230,1,27052,1,110,1,1939618,1,2388045,1,114622,1,13569172,1,11071,1,349946,1,8296,4,530405,4,66268,4,4269250,4,8306903,8,12547157,108,26441,12,2805,1,31311,1,2856,1,0,0,0,0,0,0,0,0,0,0,0,0,0,0,0,0,0,0,0,0,16963,1,36,1,9559,1,4523,1,16999,1,9559,1,0,1,0,0,0,0,0,0,0,1,5036,1,4523,1
212,18040200,4523,9559,28.990124,,0,10,9,108,41989,1092,2596,17998211,16,166,140,1,27132,1,150,1,1926313,1,2388225,1,113670,1,13531499,1,11081,1,361479,1,8446,4,538090,4,65797,4,4244703,4,8263389,8,12475538,108,29958,12,3276,1,41831,1,3397,1,0,0,0,0,0,0,0,0,0,0,0,0,0,0,0,0,0,0,0,0,16961,1,40,1,9559,1,4523,1,17001,1,9559,1,0,1,0,0,0,0,0,0,0,1,5034,1,4525,1
213,18276500,4523,9559,28.99013,,0,10,9,108,51531,1844,2516,18224969,16,166,220,1,27152,1,200,1,1931833,1,2446929,1,121234,1,13682481,1,14919,1,420072,1,10350,4,536387,4,67991,4,4259752,4,8307414,8,12534051,108,30599,12,4308,1,66729,1,7635,1,0,0,0,0,0,0,0,0,0,0,0,0,0,0,0,0,0,0,0,0,16963,1,40,1,9559,1,4523,1,17003,1,9559,1,0,1,0,0,0,0,0,0,0,1,5036,1,4523,1
214,19024100,4524,9559,28.990137,,0,10,9,108,56495,1974,3046,18967605,16,166,541,1,38675,1,421,1,2378637,1,2532464,1,146072,1,13858852,1,11943,1,563319,1,8687,4,537920,4,80556,4,4259602,4,8346509,8,12571264,108,31801,12,3417,1,53403,1,3467,1,0,0,0,0,0,0,0,0,0,0,0,0,0,0,0,0,0,0,0,0,16965,1,40,1,9559,1,4524,1,17005,1,9559,1,0,1,0,0,0,0,0,0,0,1,5035,1,4524,1
215,18499500,4524,9559,28.990137,,0,10,9,108,47782,1633,2886,18451718,16,166,341,1,37663,1,140,1,2199010,1,2460294,1,118319,1,13623808,1,12143,1,428478,1,9007,4,537859,4,65336,4,4233291,4,8296743,8,12497431,108,29717,12,3016,1,45608,1,2835,1,0,0,0,0,0,0,0,0,0,0,0,0,0,0,0,0,0,0,0,0,16967,1,40,1,9559,1,4524,1,17007,1,9559,1,0,1,0,0,0,0,0,0,0,1,5035,1,4524,1
216,18059600,4526,9559,28.990137,,0,10,9,108,37683,1303,2736,18021917,16,166,431,1,28134,1,90,1,1922265,1,2443502,1,117106,1,13498826,1,11562,1,424641,1,8897,4,534172,4,65386,4,4209054,4,8209054,8,12386066,108,29307,12,2976,1,39416,1,3928,1,0,0,0,0,0,0,0,0,0,0,0,0,0,0,0,0,0,0,0,0,16971,1,40,1,9559,1,4526,1,17011,1,9559,1,0,1,0,0,0,0,0,0,0,1,5033,1,4526,1
217,18088300,4524,9559,28.990143,,0,10,9,108,50753,1854,2676,18037547,16,166,120,1,27573,1,511,1,1941292,1,2430086,1,116605,1,13506982,1,14378,1,382830,1,10170,4,530635,4,65727,4,4228552,4,8240785,8,12437344,108,29317,12,3447,1,39526,1,3457,1,0,0,0,0,0,0,0,0,0,0,0,0,0,0,0,0,0,0,0,0,16971,1,40,1,9559,1,4524,1,17011,1,9559,1,0,1,0,0,0,0,0,0,0,1,5033,1,4526,1
218,19044100,4525,9559,28.990149,,0,10,9,108,55104,1733,3627,18988996,16,166,70,1,31842,1,90,1,1947744,1,2770093,1,119411,1,14107853,1,11893,1,479256,1,8116,4,561726,4,66468,4,4462514,4,8473425,8,12903175,108,29136,12,3377,1,48363,1,2876,1,0,0,0,0,0,0,0,0,0,0,0,0,0,0,0,0,0,0,0,0,16980,1,40,1,9559,1,4525,1,17020,1,9559,1,0,1,0,0,0,0,0,0,0,1,5033,1,4526,1
219,18731400,4524,9559,28.990149,,0,10,9,108,56726,21722,3447,18674674,16,166,230,1,38655,1,130,1,2049921,1,2476285,1,120513,1,13977516,1,11422,1,562657,1,8607,4,578969,4,66859,4,4222981,4,8464362,8,12653628,108,30268,12,3837,1,42983,1,4539,1,0,0,0,0,0,0,0,0,0,0,0,0,0,0,0,0,0,0,0,0,16981,1,40,1,9559,1,4524,1,17021,1,9559,1,0,1,0,0,0,0,0,0,0,1,5034,1,4525,1
220,18190400,4523,9559,28.990152,,0,10,9,108,43101,1944,2946,18147299,16,166,120,1,31481,1,40,1,1927866,1,2436659,1,119571,1,13620111,1,11452,1,381918,1,8897,4,602705,4,81417,4,4235886,4,8261395,8,12463014,108,31321,12,3507,1,39226,1,3216,1,0,0,0,0,0,0,0,0,0,0,0,0,0,0,0,0,0,0,0,0,16980,1,40,1,9559,1,4523,1,17020,1,9559,1,0,1,0,0,0,0,0,0,0,1,5035,1,4524,1
221,18289800,4522,9559,28.99016,,0,10,9,108,43449,1483,2906,18246351,16,166,160,1,27393,1,20,1,1938306,1,2472157,1,122036,1,13674696,1,11582,1,454288,1,8607,4,554732,4,66178,4,4244733,4,8294238,8,12506578,108,29487,12,4348,1,41811,1,4278,1,0,0,0,0,0,0,0,0,0,0,0,0,0,0,0,0,0,0,0,0,16978,1,40,1,9559,1,4522,1,17018,1,9559,1,0,1,0,0,0,0,0,0,0,1,5036,1,4523,1
222,18876400,4522,9559,28.990164,,0,10,9,108,54512,2815,2896,18821888,16,166,120,1,27794,1,110,1,1929970,1,2472228,1,207671,1,14171291,1,12705,1,642391,1,28936,4,660036,4,74133,4,4263569,4,8429555,8,12659709,108,30519,12,4218,1,58974,1,6663,1,0,0,0,0,0,0,0,0,0,0,0,0,0,0,0,0,0,0,0,0,16976,1,40,1,9559,1,4522,1,17016,1,9559,1,0,1,0,0,0,0,0,0,0,1,5037,1,4522,1
223,18292400,4520,9559,28.990162,,0,10,9,108,40849,1212,2876,18251551,16,166,140,1,28325,1,210,1,1938536,1,2476596,1,124551,1,13671390,1,11803,1,470008,1,9098,4,578097,4,66499,4,4246296,4,8243150,8,12459908,108,26662,12,3537,1,50478,1,3016,1,0,0,0,0,0,0,0,0,0,0,0,0,0,0,0,0,0,0,0,0,16977,1,36,1,9559,1,4520,1,17013,1,9559,1,0,1,0,0,0,0,0,0,0,1,5035,1,4524,1
224,18182400,4521,9559,28.99016,,0,10,9,108,43136,1142,2405,18139264,16,166,140,1,27563,1,120,1,1932545,1,2462068,1,114521,1,13590774,1,11532,1,460099,1,7665,4,532729,4,66008,4,4225816,4,8241917,8,12438346,108,26982,12,4248,1,47582,1,3567,1,0,0,0,0,0,0,0,0,0,0,0,0,0,0,0,0,0,0,0,0,16971,1,36,1,9559,1,4521,1,17007,1,9559,1,0,1,0,0,0,0,0,0,0,1,5038,1,4521,1
225,18320800,4522,9559,28.990166,,0,11,9,108,42528,1994,3166,18278272,16,178,100,1,27694,1,30,1,1926212,1,2478520,1,121445,1,13713070,1,11202,1,475689,1,8557,4,547608,4,65346,4,4260553,4,8299459,8,12525575,108,31270,24,3136,1,46390,1,4338,1,0,0,0,0,0,0,0,0,0,0,0,0,0,0,0,0,0,0,0,0,16973,1,40,1,9559,1,4522,1,17013,1,9559,1,0,1,0,0,0,0,0,0,0,1,5036,1,4523,1
226,18609300,4521,9559,28.990166,,0,11,9,108,58085,1753,2845,18551215,16,178,100,1,28124,1,311,1,1936081,1,2423353,1,147425,1,14003877,1,11943,1,512961,1,8867,4,599619,4,66228,4,4308832,4,8452865,8,12728843,108,30008,24,3246,1,46670,1,2835,1,0,0,0,0,0,0,0,0,0,0,0,0,0,0,0,0,0,0,0,0,16968,1,40,1,9559,1,4521,1,17008,1,9559,1,0,1,0,0,0,0,0,0,0,1,5037,1,4522,1
227,18194400,4522,9559,28.990166,,0,11,9,108,43373,1683,2716,18151027,16,178,110,1,27253,1,40,1,1941702,1,2429986,1,116175,1,13624669,1,11091,1,395835,1,8356,4,556596,4,66519,4,4263589,4,8287816,8,12518401,108,30289,24,4278,1,36460,1,3537,1,0,0,0,0,0,0,0,0,0,0,0,0,0,0,0,0,0,0,0,0,16980,1,40,1,9559,1,4522,1,17020,1,9559,1,0,1,0,0,0,0,0,0,0,1,5037,1,4522,1
228,18151100,4521,9559,28.990168,,0,11,9,108,50361,1583,2866,18100739,16,178,80,1,28465,1,180,1,1930801,1,2420838,1,116255,1,13586556,1,17564,1,425883,1,8637,4,531738,4,65176,4,4255043,4,8247118,8,12468905,108,30389,24,3026,1,43735,1,4619,1,0,0,0,0,0,0,0,0,0,0,0,0,0,0,0,0,0,0,0,0,16979,1,40,1,9559,1,4521,1,17019,1,9559,1,0,1,0,0,0,0,0,0,0,1,5037,1,4522,1
229,18360000,4519,9559,28.990175,,0,11,9,108,46900,1934,3227,18313100,16,178,180,1,27473,1,150,1,1937304,1,2492948,1,125783,1,13717729,1,11532,1,486721,1,14037,4,552408,4,66879,4,4263399,4,8283698,8,12513622,108,30248,24,3477,1,41871,1,3306,1,0,0,0,0,0,0,0,0,0,0,0,0,0,0,0,0,0,0,0,0,16977,1,40,1,9559,1,4519,1,17017,1,9559,1,0,1,0,0,0,0,0,0,0,1,5038,1,4521,1
230,18716600,4521,9559,28.990171,,0,11,9,108,56139,2405,3196,18660461,16,178,170,1,27423,1,30,1,1926763,1,2844818,1,129310,1,13720064,1,11883,1,487853,1,8096,4,543180,4,67991,4,4307043,4,8243771,8,12513191,108,34427,24,4839,1,49947,1,4940,1,0,0,0,0,0,0,0,0,0,0,0,0,0,0,0,0,0,0,0,0,16974,1,44,1,9559,1,4521,1,17018,1,9559,1,0,1,0,0,0,0,0,0,0,1,5038,1,4521,1
231,18528800,4522,9559,28.990166,,0,11,9,108,63396,3276,3046,18465404,16,178,1222,1,51600,1,341,1,2274766,1,2460575,1,120092,1,13542260,1,14548,1,445291,1,9458,4,544162,4,66018,4,4210587,4,8189376,8,12363041,108,33875,24,9108,1,59906,1,5080,1,0,0,0,0,0,0,0,0,0,0,0,0,0,0,0,0,0,0,0,0,16973,1,44,1,9559,1,4522,1,17017,1,9559,1,0,1,0,0,0,0,0,0,0,1,5036,1,4523,1
232,19071800,4523,9559,28.990173,,0,11,9,108,63021,1633,3687,19008779,16,178,291,1,34176,1,170,1,2382985,1,2511163,1,174627,1,13894065,1,11302,1,537058,1,8857,4,581153,4,72570,4,4288032,4,8349104,8,12602870,108,30579,24,3226,1,49646,1,2785,1,0,0,0,0,0,0,0,0,0,0,0,0,0,0,0,0,0,0,0,0,16986,1,40,1,9559,1,4523,1,17026,1,9559,1,0,1,0,0,0,0,0,0,0,1,5035,1,4524,1
233,18141700,4527,9559,28.990175,,0,11,9,108,41121,1473,3056,18100579,16,178,220,1,27724,1,130,1,1919439,1,2460294,1,118930,1,13562339,1,11502,1,411094,1,8496,4,551816,4,66268,4,4232820,4,8238821,8,12435632,108,32954,24,4399,1,43745,1,3407,1,0,0,0,0,0,0,0,0,0,0,0,0,0,0,0,0,0,0,0,0,16992,1,44,1,9559,1,4527,1,17036,1,9559,1,0,1,0,0,0,0,0,0,0,1,5032,1,4527,1
234,18217200,4523,9559,28.990168,,0,11,9,108,40764,1403,2676,18176436,16,178,60,1,28245,1,271,1,1931082,1,2454333,1,117457,1,13633256,1,11733,1,487943,1,8937,4,533531,4,67551,4,4239162,4,8239413,8,12442715,108,33184,24,3036,1,47352,1,4930,1,0,0,0,0,0,0,0,0,0,0,0,0,0,0,0,0,0,0,0,0,16988,1,44,1,9559,1,4523,1,17032,1,9559,1,0,1,0,0,0,0,0,0,0,1,5031,1,4528,1
235,18194300,4525,9559,28.99017,,0,11,9,108,41550,1132,2755,18152750,16,178,120,1,27754,1,180,1,1938486,1,2442670,1,116495,1,13615341,1,11703,1,388841,1,8376,4,555333,4,78211,4,4259902,4,8270873,8,12494996,108,33024,24,2926,1,46520,1,3226,1,0,0,0,0,0,0,0,0,0,0,0,0,0,0,0,0,0,0,0,0,16992,1,44,1,9559,1,4525,1,17036,1,9559,1,0,1,0,0,0,0,0,0,0,1,5033,1,4526,1
236,18329400,4525,9559,28.990175,,0,11,9,108,46258,1323,2635,18283142,16,178,70,1,28094,1,100,1,1938927,1,2476846,1,123048,1,13703943,1,12113,1,424460,1,8767,4,552818,4,67450,4,4283638,4,8309388,8,12556866,108,33525,24,4639,1,47181,1,4278,1,0,0,0,0,0,0,0,0,0,0,0,0,0,0,0,0,0,0,0,0,16990,1,44,1,9559,1,4525,1,17034,1,9559,1,0,1,0,0,0,0,0,0,0,1,5032,1,4527,1
237,19034700,4526,9559,28.990175,,0,11,9,108,68553,3377,4879,18966147,16,178,120,1,28174,1,210,1,1939508,1,2458040,1,141784,1,14386296,1,12013,1,565002,1,10600,4,674293,4,71919,4,4420152,4,8568734,8,12946073,108,37933,24,3497,1,64435,1,4288,1,0,0,0,0,0,0,0,0,0,0,0,0,0,0,0,0,0,0,0,0,16991,1,48,1,9559,1,4526,1,17039,1,9559,1,0,1,0,0,0,0,0,0,0,1,5033,1,4526,1
238,18249000,4525,9559,28.990175,,0,11,9,108,42877,1603,2685,18206123,16,178,351,1,28976,1,150,1,1938155,1,2457840,1,115012,1,13654016,1,11622,1,405163,1,8076,4,546246,4,66699,4,4285872,4,8291213,8,12540634,108,33765,24,2906,1,43364,1,2876,1,0,0,0,0,0,0,0,0,0,0,0,0,0,0,0,0,0,0,0,0,16997,1,44,1,9559,1,4525,1,17041,1,9559,1,0,1,0,0,0,0,0,0,0,1,5033,1,4526,1
239,18157500,4524,9559,28.990175,,0,11,9,108,41862,982,2786,18115638,16,178,150,1,27633,1,140,1,1920361,1,2455365,1,118098,1,13582658,1,11232,1,426434,1,7945,4,537268,4,67551,4,4242579,4,8251987,8,12457904,108,33875,24,4689,1,38414,1,4809,1,0,0,0,0,0,0,0,0,0,0,0,0,0,0,0,0,0,0,0,0,16995,1,44,1,9559,1,4524,1,17039,1,9559,1,0,1,0,0,0,0,0,0,0,1,5034,1,4525,1
240,18222500,4524,9559,28.990175,,0,11,9,108,73357,1403,2796,18149143,16,178,60,1,27333,1,110,1,1940730,1,2434024,1,116685,1,13614941,1,15259,1,415643,1,8747,4,535355,4,65607,4,4256215,4,8284359,8,12503863,108,33916,24,2976,1,41630,1,3006,1,0,0,0,0,0,0,0,0,0,0,0,0,0,0,0,0,0,0,0,0,17006,1,44,1,9559,1,4524,1,17050,1,9559,1,0,1,0,0,0,0,0,0,0,1,5035,1,4524,1
241,18681700,4521,9559,28.990175,,0,11,9,108,57454,2144,3036,18624246,16,178,130,1,32202,1,761,1,2232685,1,2428343,1,116816,1,13801707,1,11602,1,400835,1,9098,4,566805,4,66028,4,4228131,4,8475504,8,12667134,108,33465,24,3407,1,46470,1,3286,1,0,0,0,0,0,0,0,0,0,0,0,0,0,0,0,0,0,0,0,0,16992,1,44,1,9559,1,4521,1,17036,1,9559,1,0,1,0,0,0,0,0,0,0,1,5035,1,4524,1
242,18231400,4520,9559,28.990175,,0,11,9,108,42931,2324,2736,18188469,16,178,230,1,27714,1,140,1,1932174,1,2465505,1,121665,1,13629288,1,11753,1,422006,1,7925,4,548791,4,66729,4,4258580,4,8272046,8,12494815,108,33074,24,4569,1,43043,1,3276,1,0,0,0,0,0,0,0,0,0,0,0,0,0,0,0,0,0,0,0,0,17003,1,44,1,9559,1,4520,1,17047,1,9559,1,0,1,0,0,0,0,0,0,0,1,5038,1,4521,1
243,18475700,4520,9559,28.990175,,0,11,9,108,87205,2234,3397,18388495,16,178,20,1,27924,1,120,1,1930521,1,2449323,1,144720,1,13821740,1,14127,1,535725,1,8897,4,562988,4,69765,4,4352742,4,8240314,8,12555794,108,33865,24,3136,1,41981,1,3958,1,0,0,0,0,0,0,0,0,0,0,0,0,0,0,0,0,0,0,0,0,17000,1,44,1,9559,1,4520,1,17044,1,9559,1,0,1,0,0,0,0,0,0,0,1,5037,1,4522,1
244,19692400,4521,9559,28.990171,,0,11,9,108,65341,2054,4129,19627059,16,178,250,1,41570,1,291,1,2866139,1,2469222,1,113920,1,14124095,1,11572,1,447324,1,9338,4,575863,4,68312,4,4423078,4,8544702,8,12930137,108,33515,24,3066,1,46580,1,3777,1,0,0,0,0,0,0,0,0,0,0,0,0,0,0,0,0,0,0,0,0,17000,1,44,1,9559,1,4521,1,17044,1,9559,1,0,1,0,0,0,0,0,0,0,1,5037,1,4522,1
245,18334900,4520,9559,28.990164,,0,11,9,108,49754,1884,2896,18285146,16,178,250,1,35529,1,341,1,2044441,1,2426840,1,117036,1,13649628,1,11081,1,441674,1,8937,4,539713,4,66068,4,4246216,4,8300771,8,12510736,108,33354,24,3086,1,38334,1,2946,1,0,0,0,0,0,0,0,0,0,0,0,0,0,0,0,0,0,0,0,0,16998,1,44,1,9559,1,4520,1,17042,1,9559,1,0,1,0,0,0,0,0,0,0,1,5038,1,4521,1
246,18248600,4521,9559,28.990164,,0,11,9,108,40874,1282,2735,18207726,16,178,90,1,27142,1,140,1,1919730,1,2461567,1,128609,1,13659076,1,11372,1,436534,1,7755,4,534713,4,65206,4,4266074,4,8296864,8,12526768,108,33435,24,3096,1,43955,1,3597,1,0,0,0,0,0,0,0,0,0,0,0,0,0,0,0,0,0,0,0,0,16997,1,44,1,9559,1,4521,1,17041,1,9559,1,0,1,0,0,0,0,0,0,0,1,5038,1,4521,1
247,18205700,4521,9559,28.990164,,0,11,9,108,38582,1012,2635,18167118,16,178,10,1,27603,1,120,1,1928587,1,2408845,1,113149,1,13677291,1,11512,1,364414,1,8867,4,569481,4,67460,4,4283408,4,8330619,8,12578307,108,33084,24,3467,1,45598,1,2966,1,0,0,0,0,0,0,0,0,0,0,0,0,0,0,0,0,0,0,0,0,16999,1,44,1,9559,1,4521,1,17043,1,9559,1,0,1,0,0,0,0,0,0,0,1,5038,1,4521,1
248,18280700,4520,9559,28.990164,,0,11,9,108,41563,1252,2816,18239137,16,178,110,1,27784,1,120,1,1932625,1,2440276,1,118399,1,13708592,1,11232,1,419581,1,8005,4,557928,4,66138,4,4288357,4,8318024,8,12570672,108,32894,24,4689,1,41200,1,3417,1,0,0,0,0,0,0,0,0,0,0,0,0,0,0,0,0,0,0,0,0,17001,1,44,1,9559,1,4520,1,17045,1,9559,1,0,1,0,0,0,0,0,0,0,1,5037,1,4522,1
249,18204400,4522,9559,28.990164,,0,11,9,108,41109,1303,2696,18163291,16,178,110,1,27072,1,100,1,1930881,1,2429385,1,117156,1,13646902,1,11683,1,404782,1,10290,4,534092,4,66268,4,4266134,4,8297124,8,12528140,108,32423,24,7805,1,54606,1,4499,1,0,0,0,0,0,0,0,0,0,0,0,0,0,0,0,0,0,0,0,0,17000,1,44,1,9559,1,4522,1,17044,1,9559,1,0,1,0,0,0,0,0,0,0,1,5037,1,4522,1
250,18109600,4521,9559,28.990164,,0,11,9,108,37276,1353,2656,18072324,16,178,120,1,27273,1,210,1,1938386,1,2412502,1,115213,1,13566938,1,11683,1,370426,1,9629,4,539673,4,66919,4,4260173,4,8277476,8,12501999,108,32994,24,3226,1,34226,1,3837,1,0,0,0,0,0,0,0,0,0,0,0,0,0,0,0,0,0,0,0,0,16995,1,44,1,9559,1,4521,1,17039,1,9559,1,0,1,0,0,0,0,0,0,0,1,5036,1,4523,1
251,18238900,4522,9559,28.990164,,0,11,9,108,42335,1623,3016,18196565,16,178,110,1,27213,1,180,1,1933557,1,2461738,1,125352,1,13636592,1,11823,1,396697,1,7975,4,560062,4,76768,4,4265774,4,8275933,8,12510576,108,28114,24,4489,1,43835,1,3437,1,0,0,0,0,0,0,0,0,0,0,0,0,0,0,0,0,0,0,0,0,17008,1,36,1,9559,1,4522,1,17044,1,9559,1,0,1,0,0,0,0,0,0,0,1,5036,1,4523,1
252,18487000,4523,9559,28.990164,,0,11,9,108,55582,2595,3096,18431418,16,178,110,1,27754,1,20,1,1930891,1,2408294,1,114181,1,13937815,1,12354,1,455891,1,19257,4,541857,4,69013,4,4275071,4,8517841,8,12762383,108,27433,24,3377,1,46219,1,6693,1,0,0,0,0,0,0,0,0,0,0,0,0,0,0,0,0,0,0,0,0,17010,1,36,1,9559,1,4523,1,17046,1,9559,1,0,1,0,0,0,0,0,0,0,1,5035,1,4524,1
253,18319200,4523,9559,28.99017,,0,11,9,108,44575,1272,2745,18274625,16,178,90,1,28806,1,220,1,1933396,1,2477037,1,125823,1,13697190,1,12063,1,462033,1,9729,4,533882,4,65857,4,4275592,4,8301803,8,12547668,108,26982,24,3517,1,40047,1,3457,1,0,0,0,0,0,0,0,0,0,0,0,0,0,0,0,0,0,0,0,0,17014,1,36,1,9559,1,4523,1,17050,1,9559,1,0,1,0,0,0,0,0,0,0,1,5036,1,4523,1
254,18245800,4523,9559,28.99017,,0,11,9,108,39497,1162,2755,18206303,16,178,421,1,27162,1,60,1,1926563,1,2479421,1,116736,1,13644227,1,11713,1,416785,1,7685,4,547187,4,65657,4,4268278,4,8290331,8,12528912,108,26942,24,4859,1,38374,1,3908,1,0,0,0,0,0,0,0,0,0,0,0,0,0,0,0,0,0,0,0,0,17017,1,36,1,9559,1,4523,1,17053,1,9559,1,0,1,0,0,0,0,0,0,0,1,5036,1,4523,1
255,18134900,4521,9559,28.99017,,0,11,9,108,59840,1192,2825,18075060,16,178,130,1,27002,1,230,1,1960619,1,2419746,1,114682,1,13534655,1,17995,1,372961,1,9017,4,554972,4,66559,4,4247919,4,8242579,8,12461041,108,26631,24,3898,1,32773,1,2785,1,0,0,0,0,0,0,0,0,0,0,0,0,0,0,0,0,0,0,0,0,17012,1,36,1,9559,1,4521,1,17048,1,9559,1,0,1,0,0,0,0,0,0,0,1,5036,1,4523,1
256,18181900,4519,9559,28.99017,,0,11,9,108,70244,1393,2716,18111656,16,178,170,1,28996,1,150,1,2068172,1,2405278,1,113790,1,13480571,1,14528,1,373752,1,8386,4,544733,4,65657,4,4216779,4,8224454,8,12410763,108,27754,24,2886,1,39196,1,3336,1,0,0,0,0,0,0,0,0,0,0,0,0,0,0,0,0,0,0,0,0,17011,1,36,1,9559,1,4519,1,17047,1,9559,1,0,1,0,0,0,0,0,0,0,1,5037,1,4522,1
257,18143800,4519,9559,28.990171,,0,11,9,108,47389,1202,3407,18096411,16,178,100,1,31401,1,311,1,1931573,1,2443813,1,128588,1,13547921,1,12705,1,389523,1,30148,4,544723,4,73252,4,4225876,4,8221548,8,12416634,108,27383,24,4038,1,49726,1,7885,1,0,0,0,0,0,0,0,0,0,0,0,0,0,0,0,0,0,0,0,0,17016,1,36,1,9559,1,4519,1,17052,1,9559,1,0,1,0,0,0,0,0,0,0,1,5040,1,4519,1
258,18278800,4520,9559,28.990177,,0,11,9,108,44693,1593,2886,18234107,16,178,180,1,29146,1,301,1,1938586,1,2466697,1,123649,1,13663234,1,12314,1,490277,1,8256,4,536056,4,83161,4,4245194,4,8241807,8,12453356,108,30759,24,3397,1,50648,1,2845,1,0,0,0,0,0,0,0,0,0,0,0,0,0,0,0,0,0,0,0,0,17012,1,40,1,9559,1,4520,1,17052,1,9559,1,0,1,0,0,0,0,0,0,0,1,5039,1,4520,1
259,18197800,4520,9559,28.990177,,0,11,9,108,46643,1353,3016,18151157,16,178,210,1,28585,1,281,1,1931002,1,2475784,1,119441,1,13584241,1,11612,1,437826,1,8236,4,545003,4,67310,4,4230505,4,8237519,8,12435822,108,29186,24,4589,1,47893,1,4008,1,0,0,0,0,0,0,0,0,0,0,0,0,0,0,0,0,0,0,0,0,17008,1,40,1,9559,1,4520,1,17048,1,9559,1,0,1,0,0,0,0,0,0,0,1,5038,1,4521,1
260,18120100,4520,9559,28.990177,,0,11,9,108,55490,1142,2866,18064610,16,178,230,1,28054,1,190,1,1929338,1,2449944,1,117156,1,13521811,1,17885,1,464508,1,8607,4,532008,4,66699,4,4195959,4,8183535,8,12346930,108,29697,24,3016,1,62731,1,3607,1,0,0,0,0,0,0,0,0,0,0,0,0,0,0,0,0,0,0,0,0,17005,1,40,1,9559,1,4520,1,17045,1,9559,1,0,1,0,0,0,0,0,0,0,1,5039,1,4520,1
261,18056800,4519,9559,28.99018,,0,11,9,108,53950,1282,2656,18002850,16,178,611,1,35559,1,301,1,1935240,1,2419616,1,113850,1,13486362,1,11312,1,414952,1,12404,4,531257,4,68112,4,4215086,4,8195367,8,12377499,108,30299,24,2966,1,41791,1,3146,1,0,0,0,0,0,0,0,0,0,0,0,0,0,0,0,0,0,0,0,0,17010,1,40,1,9559,1,4519,1,17050,1,9559,1,0,1,0,0,0,0,0,0,0,1,5039,1,4520,1
262,18133900,4518,9559,28.990187,,0,11,9,108,39893,1383,2766,18094007,16,178,200,1,28505,1,130,1,1931102,1,2428163,1,115102,1,13579753,1,11051,1,397679,1,7865,4,549772,4,65346,4,4242418,4,8268649,8,12478574,108,29727,24,3126,1,39927,1,3587,1,0,0,0,0,0,0,0,0,0,0,0,0,0,0,0,0,0,0,0,0,17003,1,40,1,9559,1,4518,1,17043,1,9559,1,0,1,0,0,0,0,0,0,0,1,5039,1,4520,1
263,18054400,4518,9559,28.990187,,0,11,9,108,38014,1172,3287,18016386,16,178,90,1,26762,1,150,1,1933056,1,2399647,1,113970,1,13529395,1,13316,1,369845,1,8516,4,563429,4,68252,4,4241597,4,8234573,8,12442625,108,30258,24,3026,1,35919,1,3066,1,0,0,0,0,0,0,0,0,0,0,0,0,0,0,0,0,0,0,0,0,17005,1,40,1,9559,1,4518,1,17045,1,9559,1,0,1,0,0,0,0,0,0,0,1,5041,1,4518,1
264,17989900,4518,9559,28.990187,,0,11,9,108,41305,1282,2755,17948595,16,178,60,1,27253,1,140,1,1932044,1,2446828,1,118058,1,13412880,1,11332,1,391006,1,9358,4,535886,4,65517,4,4199916,4,8165520,8,12333204,108,29477,24,4559,1,35909,1,3928,1,0,0,0,0,0,0,0,0,0,0,0,0,0,0,0,0,0,0,0,0,17010,1,40,1,9559,1,4518,1,17050,1,9559,1,0,1,0,0,0,0,0,0,0,1,5040,1,4519,1
265,18046100,4518,9559,28.990187,,0,11,9,108,41336,1613,3668,18004764,16,178,60,1,27333,1,50,1,1927004,1,2422612,1,119010,1,13496472,1,12224,1,394552,1,10069,4,537759,4,66058,4,4220496,4,8219294,8,12405733,108,30389,24,3036,1,39587,1,4008,1,0,0,0,0,0,0,0,0,0,0,0,0,0,0,0,0,0,0,0,0,17011,1,40,1,9559,1,4518,1,17051,1,9559,1,0,1,0,0,0,0,0,0,0,1,5041,1,4518,1
266,18024500,4518,9559,28.990187,,0,11,9,108,37410,1092,2946,17987090,16,178,70,1,27914,1,130,1,1937083,1,2418744,1,115062,1,13476774,1,11312,1,369244,1,8767,4,544031,4,66719,4,4226317,4,8222229,8,12415112,108,30489,24,3016,1,32332,1,3026,1,0,0,0,0,0,0,0,0,0,0,0,0,0,0,0,0,0,0,0,0,17004,1,40,1,9559,1,4518,1,17044,1,9559,1,0,1,0,0,0,0,0,0,0,1,5041,1,4518,1
267,18041800,4518,9559,28.990187,,0,11,9,108,40122,1092,2806,18001678,16,178,80,1,27503,1,90,1,1933186,1,2403475,1,115233,1,13510679,1,11432,1,374073,1,8146,4,544562,4,64775,4,4225486,4,8241116,8,12433808,108,29988,24,4519,1,42392,1,4519,1,0,0,0,0,0,0,0,0,0,0,0,0,0,0,0,0,0,0,0,0,17009,1,40,1,9559,1,4518,1,17049,1,9559,1,0,1,0,0,0,0,0,0,0,1,5041,1,4518,1
268,18093500,4518,9559,28.990187,,0,11,9,108,38839,1252,2766,18054661,16,178,70,1,27814,1,50,1,1932084,1,2418003,1,116325,1,13549214,1,11101,1,392148,1,8146,4,548370,4,68432,4,4235104,4,8251285,8,12452814,108,30810,24,3056,1,38645,1,2775,1,0,0,0,0,0,0,0,0,0,0,0,0,0,0,0,0,0,0,0,0,17011,1,40,1,9559,1,4518,1,17051,1,9559,1,0,1,0,0,0,0,0,0,0,1,5041,1,4518,1
269,18074900,4518,9559,28.990187,,0,11,9,108,40188,1252,2546,18034712,16,178,70,1,27593,1,120,1,1934498,1,2410178,1,114311,1,13536760,1,11182,1,369634,1,9719,4,536657,4,66719,4,4238661,4,8265723,8,12470598,108,31240,24,3667,1,41440,1,3286,1,0,0,0,0,0,0,0,0,0,0,0,0,0,0,0,0,0,0,0,0,17009,1,40,1,9559,1,4518,1,17049,1,9559,1,0,1,0,0,0,0,0,0,0,1,5041,1,4518,1
270,18179900,4518,9559,28.990187,,0,11,9,108,40907,1202,2796,18138993,16,178,130,1,28315,1,130,1,1933827,1,2416209,1,117237,1,13631232,1,11913,1,467213,1,8927,4,533661,4,67520,4,4241106,4,8254261,8,12462052,108,30519,24,3156,1,48363,1,5821,1,0,0,0,0,0,0,0,0,0,0,0,0,0,0,0,0,0,0,0,0,17008,1,40,1,9559,1,4518,1,17048,1,9559,1,0,1,0,0,0,0,0,0,0,1,5041,1,4518,1
271,18126400,4518,9559,28.990187,,0,11,9,108,39998,1112,2656,18086402,16,178,130,1,27643,1,190,1,1938967,1,2407202,1,115012,1,13585744,1,11512,1,374704,1,8346,4,570913,4,66448,4,4254772,4,8262257,8,12484055,108,30319,24,3076,1,41029,1,3086,1,0,0,0,0,0,0,0,0,0,0,0,0,0,0,0,0,0,0,0,0,17007,1,40,1,9559,1,4518,1,17047,1,9559,1,0,1,0,0,0,0,0,0,0,1,5041,1,4518,1
272,18183800,4518,9559,28.990187,,0,11,9,108,45198,1262,2665,18138602,16,178,120,1,27704,1,50,1,1938135,1,2461948,1,121204,1,13577859,1,11582,1,437986,1,9348,4,536126,4,68392,4,4232930,4,8245484,8,12445471,108,30279,24,4930,1,37673,1,3727,1,0,0,0,0,0,0,0,0,0,0,0,0,0,0,0,0,0,0,0,0,17004,1,40,1,9559,1,4518,1,17044,1,9559,1,0,1,0,0,0,0,0,0,0,1,5041,1,4518,1
273,18110200,4518,9559,28.990187,,0,11,9,108,68324,1092,2896,18041876,16,178,70,1,27653,1,110,1,1942584,1,2420297,1,155200,1,13477856,1,18105,1,414641,1,10170,4,539803,4,66919,4,4205357,4,8185689,8,12357851,108,30299,24,3136,1,47562,1,3487,1,0,0,0,0,0,0,0,0,0,0,0,0,0,0,0,0,0,0,0,0,17011,1,40,1,9559,1,4518,1,17051,1,9559,1,0,1,0,0,0,0,0,0,0,1,5041,1,4518,1
274,18450600,4518,9559,28.990187,,0,11,9,108,97383,1753,3687,18353217,16,178,481,1,39076,1,220,1,2247804,1,2438552,1,115944,1,13496682,1,14458,1,423208,1,13486,4,530756,4,65747,4,4204485,4,8210627,8,12379022,108,32403,24,3066,1,40568,1,2986,1,0,0,0,0,0,0,0,0,0,0,0,0,0,0,0,0,0,0,0,0,17013,1,40,1,9559,1,4518,1,17053,1,9559,1,0,1,0,0,0,0,0,0,0,1,5041,1,4518,1
275,19082200,4518,9559,28.990187,,0,11,9,108,56348,1803,3707,19025852,16,178,531,1,36270,1,160,1,2228547,1,2784311,1,118639,1,13845652,1,11743,1,455210,1,8026,4,549241,4,77460,4,4367846,4,8337232,8,12670420,108,30950,24,4689,1,40538,1,3607,1,0,0,0,0,0,0,0,0,0,0,0,0,0,0,0,0,0,0,0,0,17017,1,40,1,9559,1,4518,1,17057,1,9559,1,0,1,0,0,0,0,0,0,0,1,5041,1,4518,1
276,18139200,4519,9559,28.990183,,0,11,9,108,56776,1373,2625,18082424,16,178,80,1,27132,1,130,1,1936041,1,2482277,1,118559,1,13505148,1,13055,1,481400,1,10130,4,533150,4,66909,4,4176852,4,8159548,8,12303316,108,30459,24,4268,1,66328,1,5190,1,0,0,0,0,0,0,0,0,0,0,0,0,0,0,0,0,0,0,0,0,17013,1,40,1,9559,1,4519,1,17053,1,9559,1,0,1,0,0,0,0,0,0,0,1,5040,1,4519,1
277,18811300,4518,9559,28.990183,,0,11,9,108,57629,2966,3457,18753671,16,178,301,1,28685,1,140,1,1982060,1,2855608,1,139460,1,13734311,1,13105,1,613816,1,12795,4,564591,4,67531,4,4217320,4,8189967,8,12373331,108,30499,24,3477,1,58343,1,3507,1,0,0,0,0,0,0,0,0,0,0,0,0,0,0,0,0,0,0,0,0,17010,1,40,1,9559,1,4518,1,17050,1,9559,1,0,1,0,0,0,0,0,0,0,1,5040,1,4519,1
278,18425600,4518,9559,28.990183,,0,11,9,108,48647,2886,2866,18376953,16,178,271,1,37072,1,170,1,2171767,1,2495152,1,122737,1,13538433,1,11352,1,457093,1,8316,4,534082,4,65947,4,4201359,4,8216699,8,12385153,108,30038,24,4669,1,44045,1,3336,1,0,0,0,0,0,0,0,0,0,0,0,0,0,0,0,0,0,0,0,0,17008,1,40,1,9559,1,4518,1,17048,1,9559,1,0,1,0,0,0,0,0,0,0,1,5041,1,4518,1
279,18131300,4519,9559,28.990183,,0,11,9,108,42544,1052,2807,18088756,16,178,291,1,27473,1,261,1,1918367,1,2477157,1,119110,1,13534124,1,11973,1,464578,1,8847,4,544532,4,65456,4,4196520,4,8192983,8,12356397,108,30299,24,3687,1,52511,1,3958,1,0,0,0,0,0,0,0,0,0,0,0,0,0,0,0,0,0,0,0,0,17019,1,40,1,9559,1,4519,1,17059,1,9559,1,0,1,0,0,0,0,0,0,0,1,5038,1,4521,1
280,17944900,4518,9559,28.990183,,0,11,9,108,39458,1063,2986,17905442,16,178,361,1,27132,1,200,1,1935791,1,2423413,1,113319,1,13393883,1,11342,1,363893,1,9889,4,530926,4,65526,4,4197241,4,8178174,8,12343133,108,29297,24,3427,1,40849,1,2896,1,0,0,0,0,0,0,0,0,0,0,0,0,0,0,0,0,0,0,0,0,17022,1,40,1,9559,1,4518,1,17062,1,9559,1,0,1,0,0,0,0,0,0,0,1,5040,1,4519,1
281,18001900,4520,9559,28.990183,,0,11,9,108,37264,1172,2716,17964636,16,178,80,1,27673,1,100,1,1928547,1,2458952,1,116796,1,13421036,1,11452,1,384182,1,7795,4,550253,4,65627,4,4197161,4,8161813,8,12326891,108,29367,24,4749,1,44296,1,3988,1,0,0,0,0,0,0,0,0,0,0,0,0,0,0,0,0,0,0,0,0,17023,1,40,1,9559,1,4520,1,17063,1,9559,1,0,1,0,0,0,0,0,0,0,1,5039,1,4520,1
282,18018500,4520,9559,28.990185,,0,11,9,108,37933,1082,3427,17980567,16,178,120,1,27453,1,190,1,1964106,1,2425167,1,114451,1,13437949,1,11132,1,354084,1,8356,4,567887,4,67761,4,4222370,4,8169848,8,12359384,108,29407,24,3356,1,40118,1,3086,1,0,0,0,0,0,0,0,0,0,0,0,0,0,0,0,0,0,0,0,0,17016,1,40,1,9559,1,4520,1,17056,1,9559,1,0,1,0,0,0,0,0,0,0,1,5039,1,4520,1
283,17930100,4518,9559,28.990185,,0,11,9,108,40348,1443,2926,17889752,16,178,190,1,28535,1,230,1,1935310,1,2423634,1,114742,1,13375568,1,11542,1,405704,1,7364,4,538310,4,65787,4,4178385,4,8136664,8,12282285,108,29838,24,2916,1,36060,1,2936,1,0,0,0,0,0,0,0,0,0,0,0,0,0,0,0,0,0,0,0,0,17020,1,40,1,9559,1,4518,1,17060,1,9559,1,0,1,0,0,0,0,0,0,0,1,5039,1,4520,1
284,17971000,4518,9559,28.990185,,0,11,9,108,55038,1222,2545,17915962,16,178,110,1,27313,1,130,1,1917536,1,2435947,1,117998,1,13398132,1,18796,1,369815,1,8687,4,534353,4,65647,4,4187081,4,8160550,8,12315569,108,29517,24,3316,1,62270,1,5190,1,0,0,0,0,0,0,0,0,0,0,0,0,0,0,0,0,0,0,0,0,17018,1,40,1,9559,1,4518,1,17058,1,9559,1,0,1,0,0,0,0,0,0,0,1,5041,1,4518,1
285,18619200,4519,9559,28.990185,,0,11,9,108,65841,2004,3427,18553359,16,178,311,1,35639,1,220,1,2256871,1,2416079,1,115874,1,13709629,1,18736,1,409040,1,12835,4,558990,4,68382,4,4186701,4,8414165,8,12567661,108,29778,24,3617,1,48404,1,5491,1,0,0,0,0,0,0,0,0,0,0,0,0,0,0,0,0,0,0,0,0,17019,1,40,1,9559,1,4519,1,17059,1,9559,1,0,1,0,0,0,0,0,0,0,1,5040,1,4519,1
286,19200700,4520,9559,28.990185,,0,11,9,108,58448,2475,3948,19142252,16,178,190,1,29347,1,170,1,1922976,1,2897389,1,155360,1,14124515,1,12304,1,515646,1,17624,4,568358,4,73622,4,4358393,4,8524193,8,12849260,108,29377,24,4859,1,54976,1,4368,1,0,0,0,0,0,0,0,0,0,0,0,0,0,0,0,0,0,0,0,0,17022,1,40,1,9559,1,4520,1,17062,1,9559,1,0,1,0,0,0,0,0,0,0,1,5039,1,4520,1
287,18702600,4519,9559,28.990185,,0,11,9,108,47900,2064,3697,18654700,16,178,531,1,51059,1,301,1,2343389,1,2541602,1,126254,1,13580003,1,11562,1,488384,1,7835,4,536447,4,65086,4,4206709,4,8218833,8,12392378,108,29467,24,3447,1,46590,1,4609,1,0,0,0,0,0,0,0,0,0,0,0,0,0,0,0,0,0,0,0,0,17028,1,40,1,9559,1,4519,1,17068,1,9559,1,0,1,0,0,0,0,0,0,0,1,5039,1,4520,1
288,18100800,4520,9559,28.990185,,0,11,9,108,55889,1112,2716,18044911,16,178,180,1,27824,1,140,1,1932965,1,2442751,1,115543,1,13511310,1,14197,1,410553,1,8697,4,530084,4,69084,4,4231016,4,8216418,8,12415001,108,29717,24,3827,1,37863,1,2655,1,0,0,0,0,0,0,0,0,0,0,0,0,0,0,0,0,0,0,0,0,17031,1,40,1,9559,1,4520,1,17071,1,9559,1,0,1,0,0,0,0,0,0,0,1,5039,1,4520,1
289,17901900,4518,9559,28.990185,,0,11,9,108,42327,1182,2685,17859573,16,178,421,1,31671,1,60,1,1929409,1,2407993,1,114211,1,13364477,1,11332,1,385295,1,14839,4,534092,4,66709,4,4179717,4,8141433,8,12288678,108,29788,24,3066,1,35098,1,3046,1,0,0,0,0,0,0,0,0,0,0,0,0,0,0,0,0,0,0,0,0,17017,1,40,1,9559,1,4518,1,17057,1,9559,1,0,1,0,0,0,0,0,0,0,1,5039,1,4520,1
290,18016000,4517,9559,28.99019,,0,11,9,108,52837,2304,2595,17963163,16,178,160,1,27483,1,230,1,1928707,1,2421129,1,114952,1,13454881,1,15620,1,369093,1,11622,4,533621,4,66228,4,4195277,4,8199946,8,12363151,108,29477,24,9278,1,54024,1,13486,1,0,0,0,0,0,0,0,0,0,0,0,0,0,0,0,0,0,0,0,0,17015,1,40,1,9559,1,4517,1,17055,1,9559,1,0,1,0,0,0,0,0,0,0,1,5040,1,4519,1
291,18409300,4517,9559,28.99019,,0,11,9,108,45402,2004,2986,18363898,16,178,271,1,44476,1,160,1,2314974,1,2459072,1,117918,1,13415155,1,11873,1,414180,1,11242,4,534573,4,67551,4,4178465,4,8153797,8,12299889,108,29387,24,3076,1,46229,1,4038,1,0,0,0,0,0,0,0,0,0,0,0,0,0,0,0,0,0,0,0,0,17016,1,40,1,9559,1,4517,1,17056,1,9559,1,0,1,0,0,0,0,0,0,0,1,5042,1,4517,1
292,18269500,4519,9559,28.99019,,0,11,9,108,44961,2525,3327,18224539,16,178,110,1,37002,1,120,1,2215411,1,2418824,1,117617,1,13423741,1,11713,1,399001,1,7865,4,533942,4,82529,4,4207070,4,8139610,8,12312022,108,31331,24,4198,1,43985,1,3016,1,0,0,0,0,0,0,0,0,0,0,0,0,0,0,0,0,0,0,0,0,17022,1,40,1,9559,1,4519,1,17062,1,9559,1,0,1,0,0,0,0,0,0,0,1,5040,1,4519,1
293,17981600,4517,9559,28.990187,,0,11,9,108,50789,1323,2896,17930811,16,178,120,1,26992,1,250,1,1927575,1,2436188,1,117307,1,13407640,1,14738,1,426174,1,7835,4,533341,4,66378,4,4180489,4,8151703,8,12299829,108,29467,24,3497,1,33966,1,2936,1,0,0,0,0,0,0,0,0,0,0,0,0,0,0,0,0,0,0,0,0,17011,1,40,1,9559,1,4517,1,17051,1,9559,1,0,1,0,0,0,0,0,0,0,1,5040,1,4519,1
294,17939400,4517,9559,28.990185,,0,11,9,108,42254,962,2825,17897146,16,178,80,1,31962,1,341,1,1967382,1,2406991,1,115814,1,13363415,1,11162,1,388080,1,9639,4,536447,4,66188,4,4179857,4,8142445,8,12289770,108,29707,24,3006,1,33875,1,2916,1,0,0,0,0,0,0,0,0,0,0,0,0,0,0,0,0,0,0,0,0,17014,1,40,1,9559,1,4517,1,17054,1,9559,1,0,1,0,0,0,0,0,0,0,1,5042,1,4517,1
295,18068800,4516,9559,28.990192,,0,11,9,108,40861,1202,2746,18027939,16,178,110,1,27142,1,190,1,1929889,1,2431709,1,114912,1,13512412,1,11572,1,400714,1,8456,4,532399,4,65827,4,4221418,4,8239984,8,12428708,108,29948,24,3306,1,35479,1,3627,1,0,0,0,0,0,0,0,0,0,0,0,0,0,0,0,0,0,0,0,0,17017,1,40,1,9559,1,4516,1,17057,1,9559,1,0,1,0,0,0,0,0,0,0,1,5040,1,4519,1
296,18018300,4516,9559,28.990198,,0,11,9,108,37693,1152,2796,17980607,16,178,90,1,27593,1,130,1,1939117,1,2406300,1,114381,1,13481984,1,11011,1,347421,1,8026,4,531046,4,69985,4,4241226,4,8239623,8,12448055,108,29998,24,2966,1,37813,1,2725,1,0,0,0,0,0,0,0,0,0,0,0,0,0,0,0,0,0,0,0,0,17015,1,40,1,9559,1,4516,1,17055,1,9559,1,0,1,0,0,0,0,0,0,0,1,5042,1,4517,1
297,18248400,4515,9559,28.990198,,0,11,9,108,53459,2595,2976,18194941,16,178,80,1,27132,1,120,1,1935590,1,2679468,1,119992,1,13420505,1,12053,1,425412,1,7765,4,530896,4,66929,4,4193293,4,8139179,8,12298968,108,30529,24,4048,1,46871,1,3517,1,0,0,0,0,0,0,0,0,0,0,0,0,0,0,0,0,0,0,0,0,17014,1,40,1,9559,1,4515,1,17054,1,9559,1,0,1,0,0,0,0,0,0,0,1,5043,1,4516,1
298,18181900,4515,9559,28.990196,,0,11,9,108,70019,1483,2706,18111881,16,178,200,1,36561,1,130,1,2074178,1,2430968,1,122787,1,13432949,1,14107,1,404802,1,8026,4,543170,4,65256,4,4199255,4,8164999,8,12331430,108,30118,24,3607,1,39556,1,2795,1,0,0,0,0,0,0,0,0,0,0,0,0,0,0,0,0,0,0,0,0,17015,1,40,1,9559,1,4515,1,17055,1,9559,1,0,1,0,0,0,0,0,0,0,1,5044,1,4515,1
299,18442400,4515,9559,28.990194,,0,11,9,108,98040,1753,3447,18344360,16,178,311,1,40488,1,230,1,2252533,1,2412392,1,114211,1,13505990,1,18205,1,393370,1,13817,4,544933,4,66408,4,4182943,4,8243791,8,12392127,108,31160,24,3296,1,50297,1,5380,1,0,0,0,0,0,0,0,0,0,0,0,0,0,0,0,0,0,0,0,0,17016,1,40,1,9559,1,4515,1,17056,1,9559,1,0,1,0,0,0,0,0,0,0,1,5044,1,4515,1
300,18254200,4515,9559,28.990194,,0,11,9,108,61623,1954,2645,18192577,16,178,210,1,35038,1,120,1,2144725,1,2473931,1,121495,1,13405636,1,11422,1,417928,1,8146,4,537308,4,65507,4,4188364,4,8135812,8,12290581,108,30950,24,3346,1,43845,1,3427,1,0,0,0,0,0,0,0,0,0,0,0,0,0,0,0,0,0,0,0,0,17018,1,40,1,9559,1,4515,1,17058,1,9559,1,0,1,0,0,0,0,0,0,0,1,5043,1,4516,1
301,17956000,4515,9559,28.990194,,0,11,9,108,57992,1563,2917,17898008,16,178,311,1,28295,1,40,1,1931693,1,2427471,1,115062,1,13377181,1,17955,1,385856,1,8246,4,530726,4,65066,4,4188654,4,8157775,8,12313124,108,30389,24,3276,1,33324,1,2695,1,0,0,0,0,0,0,0,0,0,0,0,0,0,0,0,0,0,0,0,0,17016,1,40,1,9559,1,4515,1,17056,1,9559,1,0,1,0,0,0,0,0,0,0,1,5044,1,4515,1
302,17926700,4515,9559,28.990194,,0,11,9,108,42459,1202,2716,17884241,16,178,200,1,28916,1,200,1,1937705,1,2395289,1,114161,1,13396609,1,11162,1,355567,1,8767,4,533932,4,65497,4,4197502,4,8192462,8,12356679,108,30569,24,3407,1,35268,1,3006,1,0,0,0,0,0,0,0,0,0,0,0,0,0,0,0,0,0,0,0,0,17019,1,40,1,9559,1,4515,1,17059,1,9559,1,0,1,0,0,0,0,0,0,0,1,5044,1,4515,1
303,18086700,4516,9559,28.990194,,0,11,9,108,40286,1172,2625,18046414,16,178,371,1,28004,1,30,1,1928547,1,2445646,1,116776,1,13515979,1,11061,1,375155,1,8026,4,533531,4,65026,4,4222480,4,8257077,8,12446262,108,30669,24,3607,1,46089,1,3817,1,0,0,0,0,0,0,0,0,0,0,0,0,0,0,0,0,0,0,0,0,17017,1,40,1,9559,1,4516,1,17057,1,9559,1,0,1,0,0,0,0,0,0,0,1,5043,1,4516,1
304,18023900,4515,9559,28.990194,,0,11,9,108,38574,1202,3097,17985326,16,178,120,1,27914,1,100,1,1936402,1,2412672,1,115353,1,13481122,1,11642,1,354485,1,8877,4,533090,4,65767,4,4232519,4,8248310,8,12447123,108,30609,24,3356,1,30709,1,2805,1,0,0,0,0,0,0,0,0,0,0,0,0,0,0,0,0,0,0,0,0,17014,1,40,1,9559,1,4515,1,17054,1,9559,1,0,1,0,0,0,0,0,0,0,1,5043,1,4516,1
305,19651200,4517,9559,28.990194,,0,11,9,108,60872,4108,4129,19590328,16,178,100,1,27563,1,20,1,1927785,1,2846501,1,133378,1,14642176,1,12805,1,587596,1,23195,4,912133,4,90785,4,4367670,4,8588928,8,12920348,108,32122,24,3186,1,56870,1,7705,1,0,0,0,0,0,0,0,0,0,0,0,0,0,0,0,0,0,0,0,0,17016,1,40,1,9559,1,4517,1,17056,1,9559,1,0,1,0,0,0,0,0,0,0,1,5042,1,4517,1
306,18752300,4517,9559,28.990194,,0,11,9,108,57433,2455,3677,18694867,16,178,691,1,37242,1,150,1,2139565,1,2605074,1,163776,1,13735514,1,12855,1,536617,1,15109,4,623345,4,78582,4,4198423,4,8182993,8,12346730,108,31010,24,5781,1,82499,1,9709,1,0,0,0,0,0,0,0,0,0,0,0,0,0,0,0,0,0,0,0,0,17012,1,40,1,9559,1,4517,1,17052,1,9559,1,0,1,0,0,0,0,0,0,0,1,5042,1,4517,1
307,18668400,4517,9559,28.990194,,0,11,9,108,69939,1423,3176,18598461,16,178,1042,1,36581,1,761,1,2199551,1,2539317,1,128498,1,13677271,1,15440,1,539122,1,12945,4,623385,4,81297,4,4197081,4,8161362,8,12324377,108,30890,24,3617,1,52311,1,4729,1,0,0,0,0,0,0,0,0,0,0,0,0,0,0,0,0,0,0,0,0,17012,1,40,1,9559,1,4517,1,17052,1,9559,1,0,1,0,0,0,0,0,0,0,1,5042,1,4517,1
308,18097800,4516,9559,28.990194,,0,11,9,108,58309,1693,2655,18039491,16,178,170,1,32803,1,261,1,1929729,1,2497316,1,127025,1,13437257,1,14929,1,447385,1,10721,4,532609,4,65787,4,4185949,4,8132857,8,12283047,108,33104,24,8456,1,48243,1,3557,1,0,0,0,0,0,0,0,0,0,0,0,0,0,0,0,0,0,0,0,0,17013,1,40,1,9559,1,4516,1,17053,1,9559,1,0,1,0,0,0,0,0,0,0,1,5041,1,4518,1
309,18006600,4516,9559,28.990194,,0,11,9,108,41763,1232,2866,17964837,16,178,140,1,32262,1,120,1,1933607,1,2462609,1,114852,1,13409985,1,11262,1,405794,1,7755,4,533411,4,65787,4,4188524,4,8164067,8,12318585,108,31140,24,3477,1,35268,1,4669,1,0,0,0,0,0,0,0,0,0,0,0,0,0,0,0,0,0,0,0,0,17016,1,40,1,9559,1,4516,1,17056,1,9559,1,0,1,0,0,0,0,0,0,0,1,5043,1,4516,1
310,17967100,4516,9559,28.990194,,0,11,9,108,38163,1152,2706,17928937,16,178,140,1,27443,1,120,1,1934048,1,2427201,1,114581,1,13414453,1,10951,1,358192,1,8907,4,530455,4,77840,4,4203663,4,8191239,8,12361358,108,30840,24,3056,1,36901,1,3046,1,0,0,0,0,0,0,0,0,0,0,0,0,0,0,0,0,0,0,0,0,17016,1,40,1,9559,1,4516,1,17056,1,9559,1,0,1,0,0,0,0,0,0,0,1,5043,1,4516,1
311,18053200,4516,9559,28.990194,,0,11,9,108,39729,1132,2666,18013471,16,178,50,1,27313,1,110,1,1937063,1,2451017,1,118018,1,13468337,1,11562,1,388631,1,8406,4,536727,4,68913,4,4209014,4,8214013,8,12389492,108,30870,24,3437,1,35118,1,2946,1,0,0,0,0,0,0,0,0,0,0,0,0,0,0,0,0,0,0,0,0,17014,1,40,1,9559,1,4516,1,17054,1,9559,1,0,1,0,0,0,0,0,0,0,1,5043,1,4516,1
312,18533500,4515,9559,28.990194,,0,11,9,108,52380,3477,4048,18481120,16,178,100,1,27613,1,50,1,1927304,1,2433533,1,160340,1,13920456,1,11723,1,473655,1,10320,4,611702,4,69354,4,4321922,4,8352967,8,12638939,108,31902,24,3707,1,63423,1,9929,1,0,0,0,0,0,0,0,0,0,0,0,0,0,0,0,0,0,0,0,0,17012,1,40,1,9559,1,4515,1,17052,1,9559,1,0,1,0,0,0,0,0,0,0,1,5043,1,4516,1
313,18100800,4515,9559,28.990194,,0,11,9,108,39196,1393,2626,18061604,16,178,341,1,27834,1,40,1,1933527,1,2436098,1,118699,1,13532702,1,12364,1,382639,1,11282,4,533551,4,66258,4,4227760,4,8255704,8,12449317,108,31521,24,3537,1,46490,1,4088,1,0,0,0,0,0,0,0,0,0,0,0,0,0,0,0,0,0,0,0,0,17012,1,40,1,9559,1,4515,1,17052,1,9559,1,0,1,0,0,0,0,0,0,0,1,5044,1,4515,1
314,18010200,4515,9559,28.990194,,0,11,9,108,42107,1363,2696,17968093,16,178,60,1,34497,1,120,1,1935029,1,2441288,1,117427,1,13428350,1,11322,1,405794,1,7875,4,533371,4,66068,4,4202121,4,8168936,8,12337912,108,30449,24,3487,1,36420,1,2916,1,0,0,0,0,0,0,0,0,0,0,0,0,0,0,0,0,0,0,0,0,17013,1,40,1,9559,1,4515,1,17053,1,9559,1,0,1,0,0,0,0,0,0,0,1,5044,1,4515,1
315,17932200,4517,9559,28.990194,,0,11,9,108,56435,1703,2666,17875765,16,178,90,1,26712,1,60,1,1919379,1,2413324,1,114471,1,13387621,1,14107,1,368713,1,12735,4,536577,4,68823,4,4193404,4,8150741,8,12311181,108,30299,24,3517,1,46299,1,5110,1,0,0,0,0,0,0,0,0,0,0,0,0,0,0,0,0,0,0,0,0,17014,1,40,1,9559,1,4517,1,17054,1,9559,1,0,1,0,0,0,0,0,0,0,1,5042,1,4517,1
316,18172100,4515,9559,28.990194,,0,11,9,108,43837,1373,2866,18128263,16,178,110,1,29196,1,120,1,1939388,1,2541381,1,125352,1,13481052,1,11663,1,452424,1,19608,4,553610,4,67100,4,4175188,4,8149679,8,12291703,108,30299,24,3807,1,52992,1,5270,1,0,0,0,0,0,0,0,0,0,0,0,0,0,0,0,0,0,0,0,0,17012,1,40,1,9559,1,4515,1,17052,1,9559,1,0,1,0,0,0,0,0,0,0,1,5042,1,4517,1
317,17983700,4517,9559,28.990194,,0,11,9,108,47449,1493,2786,17936251,16,178,120,1,29126,1,200,1,1927876,1,2456728,1,117267,1,13393262,1,11673,1,449318,1,8506,4,533601,4,65487,4,4161913,4,8125562,8,12251726,108,32964,24,3377,1,39977,1,4028,1,0,0,0,0,0,0,0,0,0,0,0,0,0,0,0,0,0,0,0,0,17013,1,44,1,9559,1,4517,1,17057,1,9559,1,0,1,0,0,0,0,0,0,0,1,5042,1,4517,1
318,18392300,4516,9559,28.990192,,0,11,9,108,43797,1373,3066,18348503,16,178,381,1,31721,1,150,1,2186235,1,2448912,1,115603,1,13553467,1,12033,1,398941,1,7645,4,527880,4,81187,4,4209871,4,8285842,8,12458611,108,34036,24,2886,1,35208,1,2635,1,0,0,0,0,0,0,0,0,0,0,0,0,0,0,0,0,0,0,0,0,17012,1,44,1,9559,1,4516,1,17056,1,9559,1,0,1,0,0,0,0,0,0,0,1,5042,1,4517,1
319,17889100,4516,9559,28.99019,,0,11,9,108,40588,1232,2706,17848512,16,178,100,1,27263,1,150,1,1932545,1,2447059,1,116906,1,13312847,1,11642,1,408119,1,8216,4,533802,4,66238,4,4167423,4,8084183,8,12215406,108,33495,24,3817,1,36190,1,3627,1,0,0,0,0,0,0,0,0,0,0,0,0,0,0,0,0,0,0,0,0,17016,1,44,1,9559,1,4516,1,17060,1,9559,1,0,1,0,0,0,0,0,0,0,1,5043,1,4516,1
320,17941500,4515,9559,28.990196,,0,11,9,108,49073,1242,2886,17892427,16,178,120,1,27443,1,170,1,1932775,1,2422321,1,130913,1,13364386,1,14298,1,422537,1,7424,4,543500,4,65947,4,4167033,4,8113098,8,12243751,108,33495,24,2876,1,37983,1,2745,1,0,0,0,0,0,0,0,0,0,0,0,0,0,0,0,0,0,0,0,0,17013,1,44,1,9559,1,4515,1,17057,1,9559,1,0,1,0,0,0,0,0,0,0,1,5043,1,4516,1
321,17923900,4515,9559,28.990198,,0,11,9,108,43076,1533,3106,17880824,16,178,90,1,32072,1,210,1,1938005,1,2397553,1,112417,1,13388794,1,11683,1,367400,1,12254,4,533000,4,65396,4,4186310,4,8176050,8,12324787,108,34467,24,3537,1,40258,1,3056,1,0,0,0,0,0,0,0,0,0,0,0,0,0,0,0,0,0,0,0,0,17013,1,44,1,9559,1,4515,1,17057,1,9559,1,0,1,0,0,0,0,0,0,0,1,5044,1,4515,1
322,17929400,4517,9559,28.990198,,0,11,9,108,42734,1082,3387,17886666,16,178,100,1,27162,1,130,1,1931513,1,2422832,1,113449,1,13379906,1,11572,1,384563,1,10771,4,533010,4,66448,4,4177172,4,8161121,8,12301842,108,33064,24,3016,1,38224,1,4499,1,0,0,0,0,0,0,0,0,0,0,0,0,0,0,0,0,0,0,0,0,17012,1,44,1,9559,1,4517,1,17056,1,9559,1,0,1,0,0,0,0,0,0,0,1,5042,1,4517,1
323,17881200,4517,9559,28.990198,,0,11,9,108,39211,1503,2636,17841989,16,178,220,1,27683,1,130,1,1938727,1,2424966,1,116024,1,13322475,1,11763,1,366528,1,9238,4,531006,4,65947,4,4178505,4,8118579,8,12261565,108,32884,24,2926,1,44626,1,3617,1,0,0,0,0,0,0,0,0,0,0,0,0,0,0,0,0,0,0,0,0,17010,1,44,1,9559,1,4517,1,17054,1,9559,1,0,1,0,0,0,0,0,0,0,1,5041,1,4518,1
324,18005700,4517,9559,28.990198,,0,11,9,108,52200,1713,3477,17953500,16,178,210,1,27473,1,230,1,1920121,1,2465209,1,116164,1,13412139,1,11953,1,389583,1,7194,4,531908,4,74133,4,4189697,4,8169658,8,12322032,108,33845,24,3577,1,41600,1,3076,1,0,0,0,0,0,0,0,0,0,0,0,0,0,0,0,0,0,0,0,0,17012,1,44,1,9559,1,4517,1,17056,1,9559,1,0,1,0,0,0,0,0,0,0,1,5042,1,4517,1
325,18554700,4516,9559,28.990194,,0,11,9,108,51027,982,2776,18503673,16,178,421,1,35098,1,190,1,2202306,1,2431248,1,145867,1,13677231,1,11312,1,514985,1,9017,4,567176,4,67601,4,4325639,4,8146162,8,12435742,108,33284,24,2926,1,39827,1,2916,1,0,0,0,0,0,0,0,0,0,0,0,0,0,0,0,0,0,0,0,0,17009,1,44,1,9559,1,4516,1,17053,1,9559,1,0,1,0,0,0,0,0,0,0,1,5042,1,4517,1
326,17928700,4516,9559,28.990189,,0,11,9,108,57805,1072,2796,17870895,16,178,70,1,37202,1,160,1,1940670,1,2399226,1,114832,1,13367162,1,11572,1,373983,1,10019,4,531818,4,67100,4,4185027,4,8149228,8,12298466,108,32994,24,3407,1,42021,1,3487,1,0,0,0,0,0,0,0,0,0,0,0,0,0,0,0,0,0,0,0,0,17011,1,44,1,9559,1,4516,1,17055,1,9559,1,0,1,0,0,0,0,0,0,0,1,5043,1,4516,1
327,17979900,4516,9559,28.990189,,0,11,9,108,38639,1323,2967,17941261,16,178,190,1,27553,1,80,1,1932675,1,2429515,1,118269,1,13421196,1,11783,1,400444,1,9098,4,535465,4,65877,4,4187783,4,8175178,8,12327051,108,32944,24,3687,1,38084,1,4258,1,0,0,0,0,0,0,0,0,0,0,0,0,0,0,0,0,0,0,0,0,17007,1,44,1,9559,1,4516,1,17051,1,9559,1,0,1,0,0,0,0,0,0,0,1,5043,1,4516,1
328,17962700,4515,9559,28.990189,,0,11,9,108,50275,1333,2726,17912425,16,178,110,1,27683,1,40,1,1936162,1,2419345,1,115573,1,13398813,1,14698,1,371257,1,8386,4,529413,4,79774,4,4195578,4,8170139,8,12332121,108,30870,24,3346,1,36891,1,2695,1,0,0,0,0,0,0,0,0,0,0,0,0,0,0,0,0,0,0,0,0,17010,1,40,1,9559,1,4515,1,17050,1,9559,1,0,1,0,0,0,0,0,0,0,1,5042,1,4517,1
329,17889800,4514,9559,28.990189,,0,11,9,108,43583,1383,2775,17846217,16,178,100,1,31561,1,240,1,1931162,1,2416259,1,114191,1,13341011,1,11693,1,401776,1,8086,4,530385,4,65807,4,4162935,4,8130272,8,12260183,108,30248,24,3437,1,34046,1,2886,1,0,0,0,0,0,0,0,0,0,0,0,0,0,0,0,0,0,0,0,0,17004,1,40,1,9559,1,4514,1,17044,1,9559,1,0,1,0,0,0,0,0,0,0,1,5044,1,4515,1
330,17985200,4515,9559,28.990189,,0,11,9,108,37426,1373,3036,17947774,16,178,120,1,26992,1,130,1,1927064,1,2405248,1,140141,1,13436676,1,11402,1,459117,1,8226,4,545033,4,65326,4,4173425,4,8144820,8,12285772,108,29437,24,3056,1,33405,1,2896,1,0,0,0,0,0,0,0,0,0,0,0,0,0,0,0,0,0,0,0,0,17009,1,40,1,9559,1,4515,1,17049,1,9559,1,0,1,0,0,0,0,0,0,0,1,5044,1,4515,1
331,17935400,4513,9559,28.990189,,0,11,9,108,41971,1513,3257,17893429,16,178,120,1,27864,1,50,1,1948095,1,2416710,1,113590,1,13374887,1,12113,1,394903,1,13486,4,538170,4,73853,4,4164167,4,8120252,8,12251956,108,29206,24,5681,1,55056,1,7805,1,0,0,0,0,0,0,0,0,0,0,0,0,0,0,0,0,0,0,0,0,17003,1,40,1,9559,1,4513,1,17043,1,9559,1,0,1,0,0,0,0,0,0,0,1,5044,1,4515,1
332,18250200,4513,9559,28.990189,,0,11,9,108,41262,2264,2946,18208938,16,178,120,1,30198,1,50,1,1930841,1,2504169,1,138438,1,13592978,1,12143,1,587726,1,8987,4,539232,4,66358,4,4150120,4,8121374,8,12239362,108,29186,24,5501,1,107107,1,4308,1,0,0,0,0,0,0,0,0,0,0,0,0,0,0,0,0,0,0,0,0,17007,1,40,1,9559,1,4513,1,17047,1,9559,1,0,1,0,0,0,0,0,0,0,1,5046,1,4513,1
333,18119000,4512,9559,28.990185,,0,11,9,108,50643,1102,2666,18068357,16,178,180,1,27473,1,461,1,2058859,1,2457649,1,115714,1,13393633,1,14388,1,422727,1,7855,4,545484,4,66128,4,4176080,4,8117617,8,12261855,108,29176,24,4549,1,48864,1,3226,1,0,0,0,0,0,0,0,0,0,0,0,0,0,0,0,0,0,0,0,0,17003,1,40,1,9559,1,4512,1,17043,1,9559,1,0,1,0,0,0,0,0,0,0,1,5046,1,4513,1
334,18002800,4513,9559,28.990185,,0,11,9,108,43454,1483,2626,17959346,16,178,100,1,32042,1,261,1,1933426,1,2444253,1,116996,1,13420846,1,11422,1,431394,1,8246,4,549572,4,67160,4,4176251,4,8137576,8,12281874,108,29327,24,4158,1,41941,1,3066,1,0,0,0,0,0,0,0,0,0,0,0,0,0,0,0,0,0,0,0,0,17013,1,40,1,9559,1,4513,1,17053,1,9559,1,0,1,0,0,0,0,0,0,0,1,5046,1,4513,1
335,17910800,4514,9559,28.990185,,0,11,9,108,56998,1242,2665,17853802,16,178,140,1,27333,1,200,1,1930250,1,2445947,1,128819,1,13306204,1,14909,1,419400,1,8116,4,533311,4,65527,4,4150631,4,8076979,8,12198994,108,25950,24,3356,1,44636,1,3006,1,0,0,0,0,0,0,0,0,0,0,0,0,0,0,0,0,0,0,0,0,17021,1,36,1,9559,1,4514,1,17057,1,9559,1,0,1,0,0,0,0,0,0,0,1,5044,1,4515,1
336,18377800,4513,9559,28.990185,,0,11,9,108,55432,1874,3307,18322368,16,178,1854,1,34136,1,150,1,2420548,1,2444885,1,117036,1,13292568,1,11192,1,406956,1,8386,4,537569,4,65416,4,4153086,4,8073161,8,12194255,108,28685,24,2946,1,39536,1,3637,1,0,0,0,0,0,0,0,0,0,0,0,0,0,0,0,0,0,0,0,0,17019,1,36,1,9559,1,4513,1,17055,1,9559,1,0,1,0,0,0,0,0,0,0,1,5044,1,4515,1
337,18043900,4516,9559,28.990185,,0,11,9,108,47893,1353,2825,17996007,16,178,220,1,36340,1,140,1,2118694,1,2430196,1,114571,1,13284642,1,11202,1,374614,1,7344,4,534052,4,65156,4,4155470,4,8098731,8,12222159,108,29216,24,3296,1,40498,1,4128,1,0,0,0,0,0,0,0,0,0,0,0,0,0,0,0,0,0,0,0,0,17024,1,40,1,9559,1,4516,1,17064,1,9559,1,0,1,0,0,0,0,0,0,0,1,5043,1,4516,1
338,17765000,4517,9559,28.990185,,0,11,9,108,39265,1062,2776,17725735,16,178,210,1,28395,1,110,1,1921613,1,2396151,1,114030,1,13254364,1,10861,1,379053,1,8056,4,530295,4,65256,4,4156021,4,8077540,8,12200727,108,30058,24,2946,1,31651,1,2485,1,0,0,0,0,0,0,0,0,0,0,0,0,0,0,0,0,0,0,0,0,17022,1,40,1,9559,1,4517,1,17062,1,9559,1,0,1,0,0,0,0,0,0,0,1,5042,1,4517,1
339,17811500,4518,9559,28.990185,,0,11,9,108,42081,1593,2696,17769419,16,178,230,1,26962,1,110,1,1933306,1,2403034,1,115303,1,13279422,1,11051,1,377219,1,7645,4,539893,4,66629,4,4149689,4,8087820,8,12205386,108,29427,24,3437,1,41460,1,4038,1,0,0,0,0,0,0,0,0,0,0,0,0,0,0,0,0,0,0,0,0,17023,1,40,1,9559,1,4518,1,17063,1,9559,1,0,1,0,0,0,0,0,0,0,1,5041,1,4518,1
340,18432200,4517,9559,28.990185,,0,11,9,108,75631,2815,3197,18356569,16,178,120,1,27854,1,210,1,1928527,1,2437450,1,154699,1,13793000,1,14708,1,550574,1,9809,4,617794,4,69985,4,4264882,4,8196354,8,12427571,108,30469,24,9108,1,66849,1,4829,1,0,0,0,0,0,0,0,0,0,0,0,0,0,0,0,0,0,0,0,0,17024,1,40,1,9559,1,4517,1,17064,1,9559,1,0,1,0,0,0,0,0,0,0,1,5041,1,4518,1
341,18116100,4517,9559,28.990185,,0,11,9,108,58975,2194,3127,18057125,16,178,441,1,34076,1,160,1,2136599,1,2448261,1,116525,1,13309260,1,11803,1,395815,1,8997,4,533902,4,66168,4,4148938,4,8110644,8,12226878,108,29577,24,2986,1,36991,1,2625,1,0,0,0,0,0,0,0,0,0,0,0,0,0,0,0,0,0,0,0,0,17019,1,40,1,9559,1,4517,1,17059,1,9559,1,0,1,0,0,0,0,0,0,0,1,5042,1,4517,1
342,18024000,4517,9559,28.990185,,0,11,9,108,42331,1763,3057,17981669,16,178,511,1,32373,1,110,1,2070702,1,2441328,1,116205,1,13308799,1,11642,1,373422,1,7354,4,533070,4,71027,4,4168956,4,8112457,8,12248419,108,29938,24,3377,1,34437,1,2936,1,0,0,0,0,0,0,0,0,0,0,0,0,0,0,0,0,0,0,0,0,17021,1,40,1,9559,1,4517,1,17061,1,9559,1,0,1,0,0,0,0,0,0,0,1,5042,1,4517,1
343,17760600,4517,9559,28.990185,,0,11,9,108,38452,1152,2656,17722148,16,178,371,1,27513,1,200,1,1932014,1,2407683,1,114431,1,13228323,1,11612,1,342251,1,8246,4,538661,4,65847,4,4152014,4,8077409,8,12197290,108,29477,24,2926,1,37182,1,2635,1,0,0,0,0,0,0,0,0,0,0,0,0,0,0,0,0,0,0,0,0,17023,1,40,1,9559,1,4517,1,17063,1,9559,1,0,1,0,0,0,0,0,0,0,1,5042,1,4517,1
344,17785600,4517,9559,28.990185,,0,11,9,108,44175,2405,2867,17741425,16,178,30,1,27553,1,150,1,1927375,1,2404937,1,113149,1,13256308,1,11923,1,358493,1,7625,4,537118,4,68082,4,4139620,4,8082329,8,12189144,108,29938,24,3116,1,51740,1,5781,1,0,0,0,0,0,0,0,0,0,0,0,0,0,0,0,0,0,0,0,0,17023,1,40,1,9559,1,4517,1,17063,1,9559,1,0,1,0,0,0,0,0,0,0,1,5042,1,4517,1
345,18088300,4517,9559,28.990189,,0,11,9,108,57125,1192,2766,18031175,16,178,130,1,28505,1,220,1,1937825,1,2486124,1,128819,1,13437448,1,12103,1,455109,1,11392,4,531357,4,67971,4,4164037,4,8125683,8,12257697,108,29257,24,8326,1,64174,1,8206,1,0,0,0,0,0,0,0,0,0,0,0,0,0,0,0,0,0,0,0,0,17022,1,40,1,9559,1,4517,1,17062,1,9559,1,0,1,0,0,0,0,0,0,0,1,5042,1,4517,1
346,17950500,4517,9559,28.990189,,0,11,9,108,48635,1453,2766,17901865,16,178,110,1,38444,1,30,1,1938356,1,2425207,1,114191,1,13374045,1,11482,1,413108,1,8446,4,530806,4,65907,4,4178004,4,8131955,8,12278037,108,29156,24,3467,1,37432,1,3467,1,0,0,0,0,0,0,0,0,0,0,0,0,0,0,0,0,0,0,0,0,17030,1,40,1,9559,1,4517,1,17070,1,9559,1,0,1,0,0,0,0,0,0,0,1,5042,1,4517,1
347,17897300,4517,9559,28.990189,,0,11,9,108,43808,1132,2946,17853492,16,178,180,1,27403,1,301,1,1932174,1,2456577,1,116425,1,13308599,1,11833,1,413219,1,8356,4,533822,4,65426,4,4155420,4,8083722,8,12206599,108,29597,24,3046,1,39366,1,5090,1,0,0,0,0,0,0,0,0,0,0,0,0,0,0,0,0,0,0,0,0,17033,1,40,1,9559,1,4517,1,17073,1,9559,1,0,1,0,0,0,0,0,0,0,1,5042,1,4517,1
348,17840700,4517,9559,28.990189,,0,11,9,108,39960,1072,3016,17800740,16,178,100,1,27694,1,240,1,1933246,1,2422041,1,114441,1,13291786,1,11192,1,368833,1,7825,4,530014,4,66559,4,4178224,4,8100033,8,12245213,108,30028,24,2845,1,33625,1,2755,1,0,0,0,0,0,0,0,0,0,0,0,0,0,0,0,0,0,0,0,0,17033,1,40,1,9559,1,4517,1,17073,1,9559,1,0,1,0,0,0,0,0,0,0,1,5042,1,4517,1
349,17900800,4516,9559,28.990189,,0,11,9,108,42068,1513,2996,17858732,16,178,100,1,27213,1,140,1,1938155,1,2408094,1,114321,1,13359096,1,11612,1,381277,1,7675,4,534012,4,66579,4,4209284,4,8117046,8,12296793,108,26541,24,3066,1,34998,1,3647,1,0,0,0,0,0,0,0,0,0,0,0,0,0,0,0,0,0,0,0,0,17034,1,36,1,9559,1,4516,1,17070,1,9559,1,0,1,0,0,0,0,0,0,0,1,5042,1,4517,1
350,17926200,4515,9559,28.990189,,0,11,9,108,93940,2805,2706,17832260,16,178,321,1,27563,1,150,1,1937885,1,2423042,1,118559,1,13307076,1,17664,1,422887,1,7434,4,543420,4,65186,4,4142245,4,8077790,8,12191059,108,26271,24,3346,1,39356,1,2605,1,0,0,0,0,0,0,0,0,0,0,0,0,0,0,0,0,0,0,0,0,17032,1,36,1,9559,1,4515,1,17068,1,9559,1,0,1,0,0,0,0,0,0,0,1,5043,1,4516,1
351,17772700,4516,9559,28.990189,,0,11,9,108,43148,1313,2555,17729552,16,178,220,1,27794,1,180,1,1945119,1,2401040,1,114411,1,13229245,1,11542,1,359294,1,10570,4,533501,4,66539,4,4142425,4,8074684,8,12188133,108,26421,24,2926,1,35008,1,2986,1,0,0,0,0,0,0,0,0,0,0,0,0,0,0,0,0,0,0,0,0,17037,1,36,1,9559,1,4516,1,17073,1,9559,1,0,1,0,0,0,0,0,0,0,1,5043,1,4516,1
352,17747900,4517,9559,28.990189,,0,11,9,108,43637,1252,2747,17704263,16,178,230,1,27463,1,110,1,1929889,1,2416570,1,115433,1,13202854,1,11713,1,396727,1,8536,4,533331,4,65557,4,4126344,4,8014267,8,12111865,108,26000,24,3266,1,49055,1,4519,1,0,0,0,0,0,0,0,0,0,0,0,0,0,0,0,0,0,0,0,0,17035,1,36,1,9559,1,4517,1,17071,1,9559,1,0,1,0,0,0,0,0,0,0,1,5042,1,4517,1
353,18585400,4518,9559,28.990189,,0,11,9,108,55656,2304,3567,18529744,16,178,110,1,27473,1,481,1,2329832,1,2441338,1,117848,1,13601199,1,11462,1,403600,1,10039,4,554662,4,65747,4,4155661,4,8359911,8,12484771,108,27233,24,3367,1,42502,1,3407,1,0,0,0,0,0,0,0,0,0,0,0,0,0,0,0,0,0,0,0,0,17035,1,36,1,9559,1,4518,1,17071,1,9559,1,0,1,0,0,0,0,0,0,0,1,5041,1,4518,1
354,17778800,4518,9559,28.990189,,0,11,9,108,43026,1984,3107,17735774,16,178,30,1,27643,1,100,1,1929569,1,2413113,1,114752,1,13238974,1,11592,1,376187,1,7274,4,531417,4,70226,4,4141543,4,8060777,8,12172752,108,26461,24,3627,1,42723,1,3216,1,0,0,0,0,0,0,0,0,0,0,0,0,0,0,0,0,0,0,0,0,17036,1,36,1,9559,1,4518,1,17072,1,9559,1,0,1,0,0,0,0,0,0,0,1,5040,1,4519,1
355,18184800,4519,9559,28.990189,,0,11,9,108,82072,2214,3026,18102728,16,178,90,1,27834,1,130,1,1934118,1,2435376,1,139835,1,13550947,1,14398,1,623305,1,9468,4,593918,4,67370,4,4139459,4,8062150,8,12171561,108,27022,24,3136,1,47131,1,2795,1,0,0,0,0,0,0,0,0,0,0,0,0,0,0,0,0,0,0,0,0,17036,1,36,1,9559,1,4519,1,17072,1,9559,1,0,1,0,0,0,0,0,0,0,1,5039,1,4520,1
356,18188200,4518,9559,28.990189,,0,11,9,108,44618,1393,2705,18143582,16,178,190,1,36801,1,281,1,2327648,1,2414987,1,110333,1,13242140,1,11202,1,380756,1,11813,4,532770,4,66649,4,4137345,4,8065867,8,12173866,108,26641,24,3507,1,38164,1,3877,1,0,0,0,0,0,0,0,0,0,0,0,0,0,0,0,0,0,0,0,0,17035,1,36,1,9559,1,4518,1,17071,1,9559,1,0,1,0,0,0,0,0,0,0,1,5039,1,4520,1
357,17962200,4519,9559,28.990189,,0,11,9,108,43663,1433,2906,17918537,16,178,210,1,27253,1,30,1,1932054,1,2490152,1,123168,1,13333918,1,11753,1,431033,1,11252,4,535134,4,67080,4,4147024,4,8090014,8,12207190,108,26942,24,3126,1,42512,1,5310,1,0,0,0,0,0,0,0,0,0,0,0,0,0,0,0,0,0,0,0,0,17038,1,36,1,9559,1,4519,1,17074,1,9559,1,0,1,0,0,0,0,0,0,0,1,5040,1,4519,1
358,18386600,4520,9559,28.990189,,0,11,9,108,54308,1864,3347,18332292,16,178,291,1,27403,1,70,1,1932324,1,2434134,1,153637,1,13772610,1,11823,1,557668,1,13887,4,580732,4,75626,4,4318641,4,8162885,8,12445265,108,32914,24,4018,1,53704,1,3587,1,0,0,0,0,0,0,0,0,0,0,0,0,0,0,0,0,0,0,0,0,17033,1,44,1,9559,1,4520,1,17077,1,9559,1,0,1,0,0,0,0,0,0,0,1,5039,1,4520,1
359,17986700,4521,9559,28.990189,,0,11,9,108,43355,1603,2675,17943345,16,178,120,1,28565,1,140,1,1931082,1,2514139,1,125573,1,13331643,1,12083,1,460300,1,13125,4,540364,4,65396,4,4127386,4,8068532,8,12161652,108,31591,24,3737,1,48143,1,3056,1,0,0,0,0,0,0,0,0,0,0,0,0,0,0,0,0,0,0,0,0,17035,1,44,1,9559,1,4521,1,17079,1,9559,1,0,1,0,0,0,0,0,0,0,1,5038,1,4521,1
360,17863700,4521,9559,28.990189,,0,11,9,108,39595,1683,2846,17824105,16,178,230,1,28265,1,220,1,1929148,1,2446788,1,114922,1,13293339,1,11192,1,420673,1,9709,4,537699,4,65326,4,4132115,4,8075025,8,12172052,108,32242,24,2986,1,44967,1,3156,1,0,0,0,0,0,0,0,0,0,0,0,0,0,0,0,0,0,0,0,0,17035,1,44,1,9559,1,4521,1,17079,1,9559,1,0,1,0,0,0,0,0,0,0,1,5038,1,4521,1
361,17753700,4521,9559,28.990189,,0,11,9,108,60578,1182,3316,17693122,16,178,210,1,27273,1,140,1,1942724,1,2398525,1,110854,1,13201832,1,11562,1,366598,1,11001,4,531267,4,66078,4,4133378,4,8049656,8,12147525,108,32192,24,3296,1,36020,1,3356,1,0,0,0,0,0,0,0,0,0,0,0,0,0,0,0,0,0,0,0,0,17038,1,44,1,9559,1,4521,1,17082,1,9559,1,0,1,0,0,0,0,0,0,0,1,5038,1,4521,1
362,17849300,4521,9559,28.990189,,0,11,9,108,53710,1323,2816,17795590,16,178,100,1,27673,1,130,1,1926874,1,2434745,1,113319,1,13280705,1,12043,1,379914,1,9899,4,532709,4,70466,4,4143417,4,8089603,8,12198333,108,31872,24,3146,1,45618,1,4609,1,0,0,0,0,0,0,0,0,0,0,0,0,0,0,0,0,0,0,0,0,17033,1,44,1,9559,1,4521,1,17077,1,9559,1,0,1,0,0,0,0,0,0,0,1,5038,1,4521,1
363,17951100,4521,9559,28.990189,,0,11,9,108,38524,1212,2796,17912576,16,178,220,1,29407,1,50,1,1937164,1,2485613,1,123268,1,13325151,1,11703,1,441984,1,8296,4,530405,4,66869,4,4146533,4,8073782,8,12185438,108,32082,24,3497,1,49516,1,3056,1,0,0,0,0,0,0,0,0,0,0,0,0,0,0,0,0,0,0,0,0,17035,1,44,1,9559,1,4521,1,17079,1,9559,1,0,1,0,0,0,0,0,0,0,1,5038,1,4521,1
364,17899700,4521,9559,28.990189,,0,11,9,108,43904,1453,2696,17855796,16,178,110,1,28184,1,150,1,1935480,1,2460194,1,119080,1,13300984,1,11612,1,435712,1,7645,4,533641,4,66128,4,4152384,4,8060617,8,12178514,108,31791,24,3837,1,36250,1,3316,1,0,0,0,0,0,0,0,0,0,0,0,0,0,0,0,0,0,0,0,0,17033,1,44,1,9559,1,4521,1,17077,1,9559,1,0,1,0,0,0,0,0,0,0,1,5038,1,4521,1
365,17972300,4521,9559,28.990189,,0,11,9,108,56258,1904,3016,17916042,16,178,50,1,27633,1,731,1,1930681,1,2424766,1,118679,1,13400747,1,12755,1,510687,1,9869,4,574240,4,69554,4,4130472,4,8052060,8,12145651,108,33865,24,3877,1,43935,1,4148,1,0,0,0,0,0,0,0,0,0,0,0,0,0,0,0,0,0,0,0,0,17034,1,44,1,9559,1,4521,1,17078,1,9559,1,0,1,0,0,0,0,0,0,0,1,5038,1,4521,1
366,18180000,4521,9559,28.990189,,0,11,9,108,47179,1533,2936,18132821,16,178,190,1,37342,1,150,1,2264646,1,2435336,1,114852,1,13268551,1,11753,1,416916,1,9358,4,536016,4,65056,4,4129170,4,8065126,8,12159869,108,31491,24,3076,1,39426,1,2876,1,0,0,0,0,0,0,0,0,0,0,0,0,0,0,0,0,0,0,0,0,17033,1,44,1,9559,1,4521,1,17077,1,9559,1,0,1,0,0,0,0,0,0,0,1,5038,1,4521,1
367,17840300,4521,9559,28.990189,,0,11,9,108,40793,1172,2625,17799507,16,178,120,1,27263,1,130,1,1927405,1,2440266,1,113069,1,13279322,1,11933,1,385535,1,7855,4,540394,4,65406,4,4133348,4,8094833,8,12193624,108,31932,24,3326,1,43344,1,4108,1,0,0,0,0,0,0,0,0,0,0,0,0,0,0,0,0,0,0,0,0,17035,1,44,1,9559,1,4521,1,17079,1,9559,1,0,1,0,0,0,0,0,0,0,1,5038,1,4521,1
368,17796300,4521,9559,28.990187,,0,11,9,108,38133,1072,2656,17758167,16,178,70,1,27653,1,691,1,1937123,1,2406861,1,112638,1,13261377,1,11753,1,366989,1,7905,4,530856,4,66068,4,4144209,4,8103209,8,12212219,108,32543,24,2986,1,35288,1,2795,1,0,0,0,0,0,0,0,0,0,0,0,0,0,0,0,0,0,0,0,0,17033,1,44,1,9559,1,4521,1,17077,1,9559,1,0,1,0,0,0,0,0,0,0,1,5038,1,4521,1
369,18049700,4520,9559,28.990185,,0,11,9,108,52491,1633,3087,17997209,16,178,40,1,27223,1,170,1,1974726,1,2529618,1,119651,1,13333877,1,11903,1,448867,1,9929,4,534202,4,68102,4,4160731,4,8063442,8,12194555,108,26531,24,3427,1,40168,1,3377,1,0,0,0,0,0,0,0,0,0,0,0,0,0,0,0,0,0,0,0,0,17043,1,36,1,9559,1,4520,1,17079,1,9559,1,0,1,0,0,0,0,0,0,0,1,5038,1,4521,1
370,17902900,4520,9559,28.990189,,0,11,9,108,48427,1753,2626,17854473,16,178,190,1,27804,1,100,1,1934879,1,2422501,1,113880,1,13343436,1,11683,1,474647,1,7895,4,544703,4,65376,4,4133177,4,8073221,8,12177602,108,26171,24,2856,1,37102,1,2705,1,0,0,0,0,0,0,0,0,0,0,0,0,0,0,0,0,0,0,0,0,17043,1,36,1,9559,1,4520,1,17079,1,9559,1,0,1,0,0,0,0,0,0,0,1,5039,1,4520,1
371,17761200,4520,9559,28.990189,,0,11,9,108,42008,1142,2936,17719192,16,178,240,1,27363,1,60,1,1940450,1,2404927,1,111646,1,13222642,1,11863,1,361679,1,11272,4,540164,4,66008,4,4130913,4,8063853,8,12166110,108,25720,24,3156,1,41290,1,3166,1,0,0,0,0,0,0,0,0,0,0,0,0,0,0,0,0,0,0,0,0,17039,1,36,1,9559,1,4520,1,17075,1,9559,1,0,1,0,0,0,0,0,0,0,1,5039,1,4520,1
372,17769000,4520,9559,28.990189,,0,11,9,108,41442,1192,3037,17727558,16,178,281,1,27463,1,140,1,1930040,1,2446829,1,118118,1,13193316,1,11372,1,396677,1,8496,4,532499,4,65827,4,4115132,4,8018145,8,12103729,108,26511,24,3136,1,48243,1,3968,1,0,0,0,0,0,0,0,0,0,0,0,0,0,0,0,0,0,0,0,0,17037,1,36,1,9559,1,4520,1,17073,1,9559,1,0,1,0,0,0,0,0,0,0,1,5039,1,4520,1
373,17668300,4520,9559,28.990189,,0,11,9,108,40595,1162,2746,17627705,16,178,140,1,27854,1,110,1,1936442,1,2390279,1,113730,1,13147808,1,11342,1,365266,1,8617,4,531888,4,67531,4,4107367,4,8025659,8,12103739,108,26541,24,3236,1,33875,1,3206,1,0,0,0,0,0,0,0,0,0,0,0,0,0,0,0,0,0,0,0,0,17034,1,36,1,9559,1,4520,1,17070,1,9559,1,0,1,0,0,0,0,0,0,0,1,5039,1,4520,1
374,17897400,4520,9559,28.990189,,0,11,9,108,44981,1513,3016,17852419,16,178,80,1,27313,1,120,1,1932164,1,2439514,1,119501,1,13321333,1,12394,1,435141,1,8967,4,539883,4,66078,4,4122747,4,8099282,8,12192251,108,26762,24,3527,1,39416,1,4779,1,0,0,0,0,0,0,0,0,0,0,0,0,0,0,0,0,0,0,0,0,17032,1,36,1,9559,1,4520,1,17068,1,9559,1,0,1,0,0,0,0,0,0,0,1,5039,1,4520,1
375,17784400,4520,9559,28.990189,,0,11,9,108,39057,1323,2726,17745343,16,178,150,1,27894,1,271,1,1927304,1,2425597,1,115072,1,13237631,1,11422,1,396917,1,8146,4,530676,4,65957,4,4138678,4,8053784,8,12163004,108,26732,24,3356,1,36250,1,2545,1,0,0,0,0,0,0,0,0,0,0,0,0,0,0,0,0,0,0,0,0,17032,1,36,1,9559,1,4520,1,17068,1,9559,1,0,1,0,0,0,0,0,0,0,1,5039,1,4520,1
376,17719200,4520,9559,28.990189,,0,11,9,108,42250,1282,2786,17676950,16,178,110,1,27724,1,100,1,1925802,1,2415077,1,112417,1,13184268,1,11452,1,370185,1,8276,4,531166,4,72781,4,4125783,4,8031861,8,12128027,108,26832,24,3166,1,36631,1,3136,1,0,0,0,0,0,0,0,0,0,0,0,0,0,0,0,0,0,0,0,0,17035,1,36,1,9559,1,4520,1,17071,1,9559,1,0,1,0,0,0,0,0,0,0,1,5039,1,4520,1
377,17805700,4520,9559,28.990189,,0,11,9,108,39767,1192,2886,17765933,16,178,120,1,27373,1,110,1,1931002,1,2412793,1,112888,1,13269774,1,11873,1,421745,1,8456,4,532329,4,65356,4,4139950,4,8052962,8,12163295,108,26732,24,2936,1,41861,1,2986,1,0,0,0,0,0,0,0,0,0,0,0,0,0,0,0,0,0,0,0,0,17035,1,36,1,9559,1,4520,1,17071,1,9559,1,0,1,0,0,0,0,0,0,0,1,5039,1,4520,1
378,17760500,4520,9559,28.990189,,0,11,9,108,40036,1132,2706,17720464,16,178,170,1,27844,1,130,1,1928407,1,2406490,1,113018,1,13233003,1,11402,1,382599,1,9669,4,545514,4,66038,4,4120172,4,8064224,8,12154758,108,26932,24,3737,1,37032,1,2886,1,0,0,0,0,0,0,0,0,0,0,0,0,0,0,0,0,0,0,0,0,17035,1,36,1,9559,1,4520,1,17071,1,9559,1,0,1,0,0,0,0,0,0,0,1,5039,1,4520,1
379,17722300,4520,9559,28.990189,,0,11,9,108,50119,1202,2716,17672181,16,178,90,1,27463,1,110,1,1932104,1,2426118,1,112047,1,13162667,1,11582,1,369053,1,8116,4,533040,4,65156,4,4103290,4,8017985,8,12092017,108,26541,24,8817,1,52521,1,3487,1,0,0,0,0,0,0,0,0,0,0,0,0,0,0,0,0,0,0,0,0,17037,1,36,1,9559,1,4520,1,17073,1,9559,1,0,1,0,0,0,0,0,0,0,1,5039,1,4520,1
380,18616900,4521,9559,28.990189,,0,11,9,108,65645,1893,3207,18551255,16,178,200,1,37472,1,240,1,2366012,1,2427030,1,114391,1,13593695,1,12214,1,435902,1,10029,4,582375,4,68522,4,4090755,4,8349290,8,12409876,108,26962,24,3306,1,47392,1,4228,1,0,0,0,0,0,0,0,0,0,0,0,0,0,0,0,0,0,0,0,0,17038,1,36,1,9559,1,4521,1,17074,1,9559,1,0,1,0,0,0,0,0,0,0,1,5038,1,4521,1
381,17752900,4521,9559,28.990189,,0,11,9,108,52344,1493,2666,17700556,16,178,301,1,28184,1,140,1,1923257,1,2451497,1,118930,1,13167005,1,11242,1,409622,1,7535,4,533291,4,64925,4,4093070,4,8015810,8,12079924,108,26291,24,3877,1,34126,1,3256,1,0,0,0,0,0,0,0,0,0,0,0,0,0,0,0,0,0,0,0,0,17039,1,36,1,9559,1,4521,1,17075,1,9559,1,0,1,0,0,0,0,0,0,0,1,5038,1,4521,1
382,17673400,4521,9559,28.990189,,0,11,9,108,39152,1142,2776,17634248,16,178,130,1,27744,1,60,1,1929128,1,2406771,1,112618,1,13145884,1,11913,1,350517,1,10029,4,538741,4,68452,4,4116275,4,8020249,8,12107327,108,26421,24,3306,1,34376,1,2795,1,0,0,0,0,0,0,0,0,0,0,0,0,0,0,0,0,0,0,0,0,17038,1,36,1,9559,1,4521,1,17074,1,9559,1,0,1,0,0,0,0,0,0,0,1,5038,1,4521,1
383,17788000,4521,9559,28.990189,,0,11,9,108,40934,1974,2796,17747066,16,178,50,1,27724,1,120,1,1936562,1,2420417,1,117517,1,13233383,1,11292,1,396576,1,7995,4,534323,4,66499,4,4123138,4,8054686,8,12148847,108,26181,24,4879,1,39476,1,3837,1,0,0,0,0,0,0,0,0,0,0,0,0,0,0,0,0,0,0,0,0,17039,1,36,1,9559,1,4521,1,17075,1,9559,1,0,1,0,0,0,0,0,0,0,1,5038,1,4521,1
384,17859800,4521,9559,28.990189,,0,11,9,108,62968,1383,2626,17796832,16,178,110,1,27603,1,50,1,1933176,1,2439715,1,142666,1,13235698,1,17814,1,413629,1,8196,4,539873,4,65957,4,4118138,4,8050447,8,12139379,108,26581,24,3316,1,32172,1,2585,1,0,0,0,0,0,0,0,0,0,0,0,0,0,0,0,0,0,0,0,0,17035,1,36,1,9559,1,4521,1,17071,1,9559,1,0,1,0,0,0,0,0,0,0,1,5038,1,4521,1
385,17649500,4521,9559,28.990189,,0,11,9,108,43908,1032,2685,17605592,16,178,80,1,42482,1,140,1,1931152,1,2404537,1,112377,1,13103803,1,11021,1,356238,1,10280,4,532539,4,66188,4,4100354,4,7990171,8,12060025,108,27814,24,3346,1,39937,1,3717,1,0,0,0,0,0,0,0,0,0,0,0,0,0,0,0,0,0,0,0,0,17034,1,36,1,9559,1,4521,1,17070,1,9559,1,0,1,0,0,0,0,0,0,0,1,5038,1,4521,1
386,17860800,4520,9559,28.990189,,0,11,9,108,46294,1292,3417,17814506,16,178,80,1,27714,1,150,1,1931382,1,2439725,1,114151,1,13289081,1,12224,1,441373,1,11111,4,533892,4,67030,4,4106686,4,8038474,8,12115733,108,26010,24,3928,1,78592,1,6703,1,0,0,0,0,0,0,0,0,0,0,0,0,0,0,0,0,0,0,0,0,17032,1,36,1,9559,1,4520,1,17068,1,9559,1,0,1,0,0,0,0,0,0,0,1,5038,1,4521,1
387,17879400,4520,9559,28.990189,,0,11,9,108,45246,1894,2776,17834154,16,178,10,1,29577,1,611,1,1935130,1,2447710,1,115533,1,13293269,1,12314,1,431814,1,14819,4,540194,4,74955,4,4110053,4,8056229,8,12136884,108,26621,24,3697,1,54996,1,4619,1,0,0,0,0,0,0,0,0,0,0,0,0,0,0,0,0,0,0,0,0,17041,1,36,1,9559,1,4520,1,17077,1,9559,1,0,1,0,0,0,0,0,0,0,1,5039,1,4520,1
388,18011300,4520,9559,28.990189,,0,11,9,108,43718,1773,2776,17967582,16,178,130,1,28475,1,120,1,1926363,1,2536502,1,127717,1,13336462,1,11813,1,443928,1,7985,4,562186,4,69354,4,4130392,4,8071478,8,12172052,108,27042,24,4879,1,40909,1,3577,1,0,0,0,0,0,0,0,0,0,0,0,0,0,0,0,0,0,0,0,0,17036,1,36,1,9559,1,4520,1,17072,1,9559,1,0,1,0,0,0,0,0,0,0,1,5039,1,4520,1
389,17864400,4520,9559,28.990189,,0,11,9,108,37911,1262,2846,17826489,16,178,80,1,27623,1,40,1,1957643,1,2440045,1,113830,1,13275675,1,11552,1,443317,1,8547,4,561605,4,65827,4,4108069,4,8039356,8,12117446,108,27132,24,3236,1,41871,1,2585,1,0,0,0,0,0,0,0,0,0,0,0,0,0,0,0,0,0,0,0,0,17035,1,36,1,9559,1,4520,1,17071,1,9559,1,0,1,0,0,0,0,0,0,0,1,5039,1,4520,1
390,17751500,4521,9559,28.990189,,0,11,9,108,41065,1403,2645,17710435,16,178,90,1,27613,1,80,1,1932144,1,2444183,1,117186,1,13177485,1,11653,1,411295,1,8216,4,545654,4,64935,4,4099212,4,8004979,8,12074854,108,26692,24,4358,1,34316,1,3116,1,0,0,0,0,0,0,0,0,0,0,0,0,0,0,0,0,0,0,0,0,17036,1,36,1,9559,1,4521,1,17072,1,9559,1,0,1,0,0,0,0,0,0,0,1,5038,1,4521,1
391,17748300,4521,9559,28.990189,,0,11,9,108,51922,1323,3076,17696378,16,178,471,1,27503,1,160,1,1931583,1,2415478,1,114181,1,13188777,1,18225,1,374554,1,8787,4,532559,4,65026,4,4111796,4,8048724,8,12130542,108,26902,24,6973,1,36090,1,2946,1,0,0,0,0,0,0,0,0,0,0,0,0,0,0,0,0,0,0,0,0,17038,1,36,1,9559,1,4521,1,17074,1,9559,1,0,1,0,0,0,0,0,0,0,1,5038,1,4521,1
392,18575600,4521,9559,28.990189,,0,11,9,108,45927,1723,4739,18529673,16,178,471,1,33024,1,170,1,2360492,1,2433893,1,116215,1,13573957,1,11452,1,390204,1,13857,4,607704,4,67811,4,4103179,4,8341305,8,12412291,108,27453,24,3407,1,41751,1,3016,1,0,0,0,0,0,0,0,0,0,0,0,0,0,0,0,0,0,0,0,0,17037,1,36,1,9559,1,4521,1,17073,1,9559,1,0,1,0,0,0,0,0,0,0,1,5038,1,4521,1
393,17848700,4521,9559,28.990189,,0,11,9,108,43862,1343,3087,17804838,16,178,200,1,27633,1,220,1,1927154,1,2451407,1,124741,1,13261518,1,11963,1,406596,1,8356,4,548760,4,67060,4,4121435,4,8057982,8,12149729,108,26601,24,4228,1,42302,1,3457,1,0,0,0,0,0,0,0,0,0,0,0,0,0,0,0,0,0,0,0,0,17037,1,36,1,9559,1,4521,1,17073,1,9559,1,0,1,0,0,0,0,0,0,0,1,5038,1,4521,1
394,17768500,4521,9559,28.990189,,0,11,9,108,37525,1162,2716,17730975,16,178,80,1,28225,1,40,1,1934729,1,2416189,1,115273,1,13225298,1,11142,1,381437,1,8757,4,572847,4,65176,4,4117267,4,8033695,8,12122356,108,25890,24,3266,1,38434,1,3256,1,0,0,0,0,0,0,0,0,0,0,0,0,0,0,0,0,0,0,0,0,17037,1,36,1,9559,1,4521,1,17073,1,9559,1,0,1,0,0,0,0,0,0,0,1,5038,1,4521,1
395,17789600,4520,9559,28.990189,,0,11,9,108,41172,1323,2615,17748428,16,178,511,1,26942,1,30,1,1938576,1,2421800,1,113499,1,13235918,1,11152,1,393661,1,7995,4,540505,4,66609,4,4118950,4,8061328,8,12150881,108,26782,24,4028,1,37292,1,4228,1,0,0,0,0,0,0,0,0,0,0,0,0,0,0,0,0,0,0,0,0,17037,1,36,1,9559,1,4520,1,17073,1,9559,1,0,1,0,0,0,0,0,0,0,1,5038,1,4521,1
396,17934800,4520,9559,28.990189,,0,11,9,108,52964,2034,2976,17881836,16,178,200,1,27744,1,140,1,1933376,1,2429275,1,117317,1,13358535,1,15249,1,424621,1,11893,4,535555,4,66809,4,4152424,4,8101566,8,12223662,108,27353,24,10230,1,49225,1,4178,1,0,0,0,0,0,0,0,0,0,0,0,0,0,0,0,0,0,0,0,0,17037,1,36,1,9559,1,4520,1,17073,1,9559,1,0,1,0,0,0,0,0,0,0,1,5039,1,4520,1
397,18912700,4520,9559,28.990189,,0,11,9,108,87946,3236,3267,18824754,16,178,230,1,34547,1,50,1,1934138,1,2900966,1,164157,1,13778933,1,11733,1,491720,1,11422,4,546666,4,66669,4,4136960,4,8466622,8,12572160,108,28154,24,3467,1,49606,1,2565,1,0,0,0,0,0,0,0,0,0,0,0,0,0,0,0,0,0,0,0,0,17035,1,36,1,9559,1,4520,1,17071,1,9559,1,0,1,0,0,0,0,0,0,0,1,5039,1,4520,1
398,17916300,4520,9559,28.990187,,0,11,9,108,48781,1593,2806,17867519,16,178,100,1,27764,1,110,1,1964857,1,2466496,1,117016,1,13279092,1,12083,1,429119,1,8005,4,539793,4,66448,4,4125963,4,8057461,8,12153546,108,27072,24,4990,1,42382,1,3336,1,0,0,0,0,0,0,0,0,0,0,0,0,0,0,0,0,0,0,0,0,17035,1,36,1,9559,1,4520,1,17071,1,9559,1,0,1,0,0,0,0,0,0,0,1,5039,1,4520,1
399,17910600,4519,9559,28.990181,,0,11,9,108,39995,1493,2876,17870605,16,178,20,1,27563,1,150,1,1942163,1,2414376,1,126985,1,13348025,1,11322,1,471251,1,8607,4,551355,4,65186,4,4133658,4,8076568,8,12180277,108,27072,24,3346,1,33906,1,2655,1,0,0,0,0,0,0,0,0,0,0,0,0,0,0,0,0,0,0,0,0,17033,1,36,1,9559,1,4519,1,17069,1,9559,1,0,1,0,0,0,0,0,0,0,1,5039,1,4520,1
400,17736900,4520,9559,28.990177,,0,11,9,108,41915,1513,2706,17694985,16,178,80,1,27002,1,110,1,1941622,1,2400840,1,114471,1,13199287,1,11572,1,380245,1,9138,4,536787,4,65577,4,4115052,4,8049095,8,12134349,108,27092,24,2866,1,36090,1,2926,1,0,0,0,0,0,0,0,0,0,0,0,0,0,0,0,0,0,0,0,0,17036,1,36,1,9559,1,4520,1,17072,1,9559,1,0,1,0,0,0,0,0,0,0,1,5039,1,4520,1
401,17944600,4520,9559,28.990183,,0,11,9,108,42074,1303,2645,17902526,16,178,70,1,27734,1,210,1,1933817,1,2431699,1,115463,1,13381950,1,11582,1,452254,1,10370,4,533361,4,65356,4,4146764,4,8127226,8,12244502,108,26842,24,3487,1,37783,1,4048,1,0,0,0,0,0,0,0,0,0,0,0,0,0,0,0,0,0,0,0,0,17037,1,36,1,9559,1,4520,1,17073,1,9559,1,0,1,0,0,0,0,0,0,0,1,5039,1,4520,1
402,17810300,4520,9559,28.990183,,0,11,9,108,43586,1032,2645,17766714,16,178,60,1,27453,1,140,1,1935781,1,2415658,1,114752,1,13260746,1,12123,1,355397,1,10510,4,531708,4,68412,4,4146283,4,8099642,8,12216859,108,26421,24,3276,1,39486,1,5000,1,0,0,0,0,0,0,0,0,0,0,0,0,0,0,0,0,0,0,0,0,17035,1,36,1,9559,1,4520,1,17071,1,9559,1,0,1,0,0,0,0,0,0,0,1,5039,1,4520,1
403,18027200,4520,9559,28.990175,,0,11,9,108,43958,2535,3106,17983242,16,178,130,1,27483,1,60,1,1931933,1,2481225,1,117227,1,13412570,1,12614,1,414822,1,7845,4,542528,4,65136,4,4117206,4,8107087,8,12195026,108,26161,24,9078,1,135843,1,10490,1,0,0,0,0,0,0,0,0,0,0,0,0,0,0,0,0,0,0,0,0,17037,1,36,1,9559,1,4520,1,17073,1,9559,1,0,1,0,0,0,0,0,0,0,1,5039,1,4520,1
404,18216400,4520,9559,28.990175,,0,11,9,108,46281,1814,2836,18170119,16,178,1172,1,34567,1,140,1,2157895,1,2454433,1,120082,1,13389896,1,11933,1,530245,1,8416,4,550263,4,66308,4,4128087,4,8058282,8,12156632,108,26902,24,3847,1,39707,1,2926,1,0,0,0,0,0,0,0,0,0,0,0,0,0,0,0,0,0,0,0,0,17040,1,36,1,9559,1,4520,1,17076,1,9559,1,0,1,0,0,0,0,0,0,0,1,5039,1,4520,1
405,17839400,4520,9559,28.990175,,0,11,9,108,41406,1132,2586,17797994,16,178,331,1,27653,1,240,1,1937584,1,2431789,1,116966,1,13272158,1,11272,1,399542,1,8607,4,538070,4,66749,4,4129841,4,8085756,8,12186609,108,26401,24,3367,1,35789,1,3306,1,0,0,0,0,0,0,0,0,0,0,0,0,0,0,0,0,0,0,0,0,17041,1,36,1,9559,1,4520,1,17077,1,9559,1,0,1,0,0,0,0,0,0,0,1,5039,1,4520,1
406,18025700,4520,9559,28.99018,,0,11,9,108,42207,1222,2796,17983493,16,178,220,1,27243,1,40,1,1932985,1,2446167,1,117637,1,13447898,1,11302,1,494546,1,9709,4,537298,4,66458,4,4166983,4,8129761,8,12267496,108,26451,24,2936,1,35729,1,3256,1,0,0,0,0,0,0,0,0,0,0,0,0,0,0,0,0,0,0,0,0,17034,1,36,1,9559,1,4520,1,17070,1,9559,1,0,1,0,0,0,0,0,0,0,1,5039,1,4520,1
407,17834500,4519,9559,28.99018,,0,11,9,108,39201,1122,2595,17795299,16,178,70,1,27854,1,250,1,1934799,1,2403645,1,113119,1,13304050,1,11512,1,369654,1,9037,4,532078,4,66519,4,4151493,4,8127396,8,12249922,108,26371,24,3276,1,40578,1,2896,1,0,0,0,0,0,0,0,0,0,0,0,0,0,0,0,0,0,0,0,0,17032,1,36,1,9559,1,4519,1,17068,1,9559,1,0,1,0,0,0,0,0,0,0,1,5039,1,4520,1
408,17876300,4519,9559,28.99018,,0,11,9,108,40282,1723,3257,17836018,16,178,80,1,27794,1,170,1,1935831,1,2435907,1,115383,1,13309350,1,11502,1,374524,1,7605,4,536747,4,75756,4,4140852,4,8080606,8,12192120,108,26080,24,5100,1,82560,1,3877,1,0,0,0,0,0,0,0,0,0,0,0,0,0,0,0,0,0,0,0,0,17033,1,36,1,9559,1,4519,1,17069,1,9559,1,0,1,0,0,0,0,0,0,0,1,5040,1,4519,1
409,17836300,4518,9559,28.99018,,0,11,9,108,38536,1383,2856,17797764,16,178,70,1,28585,1,311,1,1939598,1,2419375,1,115593,1,13282598,1,11632,1,380205,1,9739,4,550544,4,70476,4,4130973,4,8089904,8,12191960,108,26060,24,3377,1,42202,1,3797,1,0,0,0,0,0,0,0,0,0,0,0,0,0,0,0,0,0,0,0,0,17035,1,36,1,9559,1,4518,1,17071,1,9559,1,0,1,0,0,0,0,0,0,0,1,5040,1,4519,1
410,17895100,4519,9559,28.99018,,0,11,9,108,42400,1373,3056,17852700,16,178,120,1,27714,1,250,1,1931703,1,2458641,1,122497,1,13300072,1,11703,1,434490,1,13727,4,540254,4,66178,4,4131825,4,8065116,8,12167824,108,26060,24,4849,1,38895,1,3367,1,0,0,0,0,0,0,0,0,0,0,0,0,0,0,0,0,0,0,0,0,17035,1,36,1,9559,1,4519,1,17071,1,9559,1,0,1,0,0,0,0,0,0,0,1,5040,1,4519,1
411,18185600,4519,9559,28.99018,,0,11,9,108,75097,2024,3247,18110503,16,178,110,1,27423,1,180,1,1931753,1,2428102,1,163025,1,13548217,1,11693,1,518943,1,9959,4,610189,4,67210,4,4130672,4,8144554,8,12245268,108,26712,24,3256,1,58263,1,3146,1,0,0,0,0,0,0,0,0,0,0,0,0,0,0,0,0,0,0,0,0,17032,1,36,1,9559,1,4519,1,17068,1,9559,1,0,1,0,0,0,0,0,0,0,1,5040,1,4519,1
412,18334000,4519,9559,28.99018,,0,11,9,108,47006,1523,3136,18286994,16,178,341,1,32563,1,90,1,2267151,1,2438282,1,115323,1,13422003,1,11242,1,393120,1,8837,4,567998,4,66018,4,4108460,4,8229979,8,12308872,108,26431,24,3387,1,39797,1,2886,1,0,0,0,0,0,0,0,0,0,0,0,0,0,0,0,0,0,0,0,0,17038,1,36,1,9559,1,4519,1,17074,1,9559,1,0,1,0,0,0,0,0,0,0,1,5040,1,4519,1
413,17770700,4519,9559,28.99018,,0,11,9,108,40707,1162,2705,17729993,16,178,80,1,27273,1,110,1,1931863,1,2406861,1,115894,1,13236119,1,11793,1,368953,1,7715,4,538070,4,65266,4,4132987,4,8076838,8,12180949,108,26171,24,3517,1,37973,1,3637,1,0,0,0,0,0,0,0,0,0,0,0,0,0,0,0,0,0,0,0,0,17039,1,36,1,9559,1,4519,1,17075,1,9559,1,0,1,0,0,0,0,0,0,0,1,5040,1,4519,1
414,17809400,4519,9559,28.99018,,0,11,9,108,37977,1112,2685,17771423,16,178,100,1,27694,1,551,1,1934949,1,2411370,1,114271,1,13271407,1,11081,1,349766,1,8356,4,561094,4,75937,4,4150791,4,8079043,8,12200928,108,26221,24,3336,1,39316,1,2655,1,0,0,0,0,0,0,0,0,0,0,0,0,0,0,0,0,0,0,0,0,17036,1,36,1,9559,1,4519,1,17072,1,9559,1,0,1,0,0,0,0,0,0,0,1,5040,1,4519,1
415,17902600,4519,9559,28.99018,,0,11,9,108,43157,1152,2835,17859443,16,178,140,1,27193,1,140,1,1937384,1,2406170,1,115814,1,13361250,1,11352,1,394282,1,8426,4,565182,4,68703,4,4156893,4,8120533,8,12248390,108,26201,24,4348,1,37933,1,3797,1,0,0,0,0,0,0,0,0,0,0,0,0,0,0,0,0,0,0,0,0,17039,1,36,1,9559,1,4519,1,17075,1,9559,1,0,1,0,0,0,0,0,0,0,1,5040,1,4519,1
416,17839500,4519,9559,28.99018,,0,11,9,108,43139,1753,2806,17796361,16,178,130,1,27203,1,140,1,1932174,1,2423834,1,132977,1,13268691,1,11212,1,410022,1,8406,4,534443,4,65757,4,4135632,4,8069985,8,12176841,108,25970,24,2795,1,37202,1,2695,1,0,0,0,0,0,0,0,0,0,0,0,0,0,0,0,0,0,0,0,0,17037,1,36,1,9559,1,4519,1,17073,1,9559,1,0,1,0,0,0,0,0,0,0,1,5040,1,4519,1
417,18058500,4519,9559,28.990177,,0,11,9,108,68665,1673,4089,17989835,16,178,291,1,33164,1,90,1,2228717,1,2398044,1,115132,1,13202664,1,11733,1,390725,1,10320,4,530175,4,67210,4,4102728,4,8049756,8,12122085,108,26311,24,3447,1,42602,1,4028,1,0,0,0,0,0,0,0,0,0,0,0,0,0,0,0,0,0,0,0,0,17035,1,36,1,9559,1,4519,1,17071,1,9559,1,0,1,0,0,0,0,0,0,0,1,5040,1,4519,1
418,18025500,4519,9559,28.990175,,0,11,9,108,60994,4148,3357,17964506,16,178,341,1,36090,1,190,1,2080941,1,2452379,1,118349,1,13256829,1,19387,1,386497,1,12705,4,535575,4,71208,4,4121334,4,8045177,8,12137375,108,25780,24,4038,1,70005,1,6142,1,0,0,0,0,0,0,0,0,0,0,0,0,0,0,0,0,0,0,0,0,17035,1,36,1,9559,1,4519,1,17071,1,9559,1,0,1,0,0,0,0,0,0,0,1,5040,1,4519,1
419,18871700,4519,9559,28.990168,,0,11,9,108,57767,1954,3176,18813933,16,178,250,1,38565,1,90,1,2465565,1,2488900,1,123569,1,13685442,1,11552,1,532549,1,8226,4,556405,4,70747,4,4356754,4,8102728,8,12429595,108,26712,24,3547,1,49706,1,2825,1,0,0,0,0,0,0,0,0,0,0,0,0,0,0,0,0,0,0,0,0,17035,1,36,1,9559,1,4519,1,17071,1,9559,1,0,1,0,0,0,0,0,0,0,1,5040,1,4519,1
420,17916500,4519,9559,28.990166,,0,11,9,108,41958,1172,2716,17874542,16,178,250,1,27393,1,60,1,1924940,1,2451397,1,116205,1,13342945,1,11352,1,405073,1,10991,4,546115,4,66058,4,4137977,4,8123649,8,12232258,108,26652,24,3928,1,44416,1,3567,1,0,0,0,0,0,0,0,0,0,0,0,0,0,0,0,0,0,0,0,0,17037,1,36,1,9559,1,4519,1,17073,1,9559,1,0,1,0,0,0,0,0,0,0,1,5040,1,4519,1
421,17972700,4520,9559,28.990166,,0,11,9,108,41959,2034,2645,17930741,16,178,481,1,27193,1,100,1,1927725,1,2498198,1,119501,1,13345911,1,11632,1,484647,1,8967,4,534433,4,67370,4,4125923,4,8061539,8,12158426,108,26391,24,3687,1,52892,1,4419,1,0,0,0,0,0,0,0,0,0,0,0,0,0,0,0,0,0,0,0,0,17036,1,36,1,9559,1,4520,1,17072,1,9559,1,0,1,0,0,0,0,0,0,0,1,5039,1,4520,1
422,17713700,4519,9559,28.990166,,0,11,9,108,38794,1262,2615,17674906,16,178,80,1,28535,1,170,1,1937995,1,2412412,1,114962,1,13169370,1,11382,1,361739,1,8476,4,554131,4,70246,4,4117206,4,8016882,8,12105754,108,25720,24,3206,1,33374,1,2845,1,0,0,0,0,0,0,0,0,0,0,0,0,0,0,0,0,0,0,0,0,17040,1,36,1,9559,1,4519,1,17076,1,9559,1,0,1,0,0,0,0,0,0,0,1,5039,1,4520,1
423,17713900,4519,9559,28.990166,,0,11,9,108,40166,1152,2896,17673734,16,178,90,1,26852,1,160,1,1933196,1,2436669,1,115694,1,13149932,1,11142,1,363903,1,7835,4,540925,4,66428,4,4110644,4,8010560,8,12092378,108,25930,24,3697,1,40689,1,4098,1,0,0,0,0,0,0,0,0,0,0,0,0,0,0,0,0,0,0,0,0,17038,1,36,1,9559,1,4519,1,17074,1,9559,1,0,1,0,0,0,0,0,0,0,1,5040,1,4519,1
424,17743600,4519,9559,28.990166,,0,11,9,108,52873,1112,2896,17690727,16,178,130,1,27022,1,160,1,1937274,1,2408334,1,114301,1,13191733,1,11773,1,355677,1,8416,4,542037,4,69284,4,4126685,4,8039476,8,12137475,108,25790,24,2916,1,43133,1,2996,1,0,0,0,0,0,0,0,0,0,0,0,0,0,0,0,0,0,0,0,0,17033,1,36,1,9559,1,4519,1,17069,1,9559,1,0,1,0,0,0,0,0,0,0,1,5040,1,4519,1
425,17841800,4518,9559,28.990166,,0,11,9,108,43675,2294,2636,17798125,16,178,120,1,27994,1,261,1,1935059,1,2446818,1,117056,1,13259153,1,11663,1,419631,1,11793,4,545975,4,67190,4,4123689,4,8037883,8,12132735,108,26201,24,4729,1,42161,1,3807,1,0,0,0,0,0,0,0,0,0,0,0,0,0,0,0,0,0,0,0,0,17035,1,36,1,9559,1,4518,1,17071,1,9559,1,0,1,0,0,0,0,0,0,0,1,5040,1,4519,1
426,17780000,4520,9559,28.990166,,0,11,9,108,41741,1333,2706,17738259,16,178,140,1,27583,1,140,1,1930420,1,2453652,1,121815,1,13192975,1,11532,1,410684,1,7685,4,547869,4,66358,4,4101185,4,8012183,8,12085104,108,25559,24,3367,1,39627,1,2685,1,0,0,0,0,0,0,0,0,0,0,0,0,0,0,0,0,0,0,0,0,17037,1,36,1,9559,1,4520,1,17073,1,9559,1,0,1,0,0,0,0,0,0,0,1,5039,1,4520,1
427,17846400,4519,9559,28.990158,,0,11,9,108,43436,1803,2645,17802964,16,178,90,1,27413,1,261,1,1961170,1,2430848,1,115383,1,13256748,1,11051,1,405213,1,20419,4,537970,4,66178,4,4118830,4,8060777,8,12150270,108,26692,24,4328,1,37983,1,3246,1,0,0,0,0,0,0,0,0,0,0,0,0,0,0,0,0,0,0,0,0,17037,1,36,1,9559,1,4519,1,17073,1,9559,1,0,1,0,0,0,0,0,0,0,1,5039,1,4520,1
428,18547100,4519,9559,28.990158,,0,11,9,108,53055,1824,3337,18494045,16,178,150,1,27513,1,210,1,1933406,1,2478029,1,169568,1,13873716,1,11452,1,486079,1,11402,4,793804,4,65076,4,4239383,4,8219459,8,12428753,108,26752,24,3427,1,47873,1,5390,1,0,0,0,0,0,0,0,0,0,0,0,0,0,0,0,0,0,0,0,0,17033,1,36,1,9559,1,4519,1,17069,1,9559,1,0,1,0,0,0,0,0,0,0,1,5040,1,4519,1
429,17780700,4519,9559,28.990156,,0,11,9,108,36941,1914,3477,17743759,16,178,110,1,28375,1,120,1,1936653,1,2415788,1,115213,1,13236449,1,11051,1,368011,1,8436,4,551897,4,65837,4,4125783,4,8068312,8,12164518,108,26100,24,3707,1,39967,1,2585,1,0,0,0,0,0,0,0,0,0,0,0,0,0,0,0,0,0,0,0,0,17037,1,36,1,9559,1,4519,1,17073,1,9559,1,0,1,0,0,0,0,0,0,0,1,5039,1,4520,1
430,17750200,4518,9559,28.990152,,0,11,9,108,41989,1282,2735,17708211,16,178,90,1,28345,1,190,1,1937554,1,2421019,1,115684,1,13193727,1,11602,1,377780,1,7785,4,539242,4,65557,4,4122757,4,8037412,8,12131784,108,25650,24,4178,1,34326,1,3407,1,0,0,0,0,0,0,0,0,0,0,0,0,0,0,0,0,0,0,0,0,17037,1,36,1,9559,1,4518,1,17073,1,9559,1,0,1,0,0,0,0,0,0,0,1,5039,1,4520,1
431,17835400,4518,9559,28.990156,,0,11,9,108,63817,1343,2595,17771583,16,178,80,1,27223,1,170,1,1932044,1,2404647,1,131374,1,13261688,1,14358,1,422506,1,9157,4,550935,4,66819,4,4120342,4,8045307,8,12136774,108,26281,24,2835,1,39055,1,3387,1,0,0,0,0,0,0,0,0,0,0,0,0,0,0,0,0,0,0,0,0,17039,1,36,1,9559,1,4518,1,17075,1,9559,1,0,1,0,0,0,0,0,0,0,1,5041,1,4518,1
432,17777800,4518,9559,28.990158,,0,11,9,108,43338,1653,2706,17734462,16,178,100,1,31982,1,140,1,1938867,1,2407933,1,113479,1,13230297,1,11663,1,360416,1,9328,4,536397,4,66218,4,4128228,4,8080185,8,12179877,108,25830,24,3908,1,40618,1,3346,1,0,0,0,0,0,0,0,0,0,0,0,0,0,0,0,0,0,0,0,0,17043,1,36,1,9559,1,4518,1,17079,1,9559,1,0,1,0,0,0,0,0,0,0,1,5041,1,4518,1
433,18272100,4518,9559,28.990156,,0,11,9,108,47251,2886,2856,18224849,16,178,20,1,27673,1,200,1,1929208,1,2471586,1,182342,1,13601374,1,12444,1,701896,1,21361,4,569761,4,98570,4,4109381,4,8035098,8,12115683,108,25940,24,3537,1,51680,1,7204,1,0,0,0,0,0,0,0,0,0,0,0,0,0,0,0,0,0,0,0,0,17044,1,36,1,9559,1,4518,1,17080,1,9559,1,0,1,0,0,0,0,0,0,0,1,5041,1,4518,1
434,18055600,4518,9559,28.990156,,0,11,9,108,45967,1433,3147,18009633,16,178,70,1,40318,1,341,1,1939718,1,2512185,1,125993,1,13379005,1,12003,1,455630,1,8356,4,539422,4,67009,4,4145431,4,8106626,8,12223180,108,25730,24,3156,1,48263,1,3677,1,0,0,0,0,0,0,0,0,0,0,0,0,0,0,0,0,0,0,0,0,17043,1,36,1,9559,1,4518,1,17079,1,9559,1,0,1,0,0,0,0,0,0,0,1,5041,1,4518,1
435,18370900,4519,9559,28.990156,,0,11,9,108,55621,1934,3156,18315279,16,178,471,1,28054,1,321,1,1955128,1,2649600,1,124721,1,13545081,1,11903,1,446743,1,7945,4,540584,4,68743,4,4373777,4,8051219,8,12396040,108,25800,24,4218,1,46269,1,3647,1,0,0,0,0,0,0,0,0,0,0,0,0,0,0,0,0,0,0,0,0,17046,1,36,1,9559,1,4519,1,17082,1,9559,1,0,1,0,0,0,0,0,0,0,1,5039,1,4520,1
436,17877400,4519,9559,28.990156,,0,11,9,108,75588,1733,2726,17801812,16,178,281,1,28615,1,100,1,1918397,1,2461156,1,130091,1,13251368,1,11803,1,429620,1,9929,4,533521,4,66819,4,4111405,4,8048143,8,12129109,108,27714,24,3377,1,43775,1,3046,1,0,0,0,0,0,0,0,0,0,0,0,0,0,0,0,0,0,0,0,0,17044,1,36,1,9559,1,4519,1,17080,1,9559,1,0,1,0,0,0,0,0,0,0,1,5040,1,4519,1
437,17841200,4519,9559,28.990156,,0,11,9,108,41122,2224,4118,17800078,16,178,130,1,28455,1,160,1,1931042,1,2448993,1,119351,1,13260225,1,11723,1,403009,1,11262,4,534002,4,66198,4,4124881,4,8067971,8,12162604,108,26130,24,3076,1,43785,1,3817,1,0,0,0,0,0,0,0,0,0,0,0,0,0,0,0,0,0,0,0,0,17045,1,36,1,9559,1,4519,1,17081,1,9559,1,0,1,0,0,0,0,0,0,0,1,5040,1,4519,1
438,17842300,4519,9559,28.990156,,0,11,9,108,44346,1272,2637,17797954,16,178,291,1,27964,1,160,1,1919279,1,2451518,1,118980,1,13265395,1,14368,1,419220,1,8937,4,542849,4,66168,4,4123108,4,8050417,8,12145209,108,25680,24,2916,1,44887,1,5621,1,0,0,0,0,0,0,0,0,0,0,0,0,0,0,0,0,0,0,0,0,17044,1,36,1,9559,1,4519,1,17080,1,9559,1,0,1,0,0,0,0,0,0,0,1,5040,1,4519,1
439,18013800,4520,9559,28.990156,,0,11,9,108,42611,1232,3107,17971189,16,178,40,1,29988,1,321,1,2095630,1,2439444,1,115724,1,13278210,1,11833,1,391276,1,9398,4,585151,4,66388,4,4121144,4,8052882,8,12144338,108,26581,24,3086,1,44576,1,3076,1,0,0,0,0,0,0,0,0,0,0,0,0,0,0,0,0,0,0,0,0,17047,1,36,1,9559,1,4520,1,17083,1,9559,1,0,1,0,0,0,0,0,0,0,1,5039,1,4520,1
440,18237600,4521,9559,28.990154,,0,11,9,108,58384,2124,3237,18179216,16,178,60,1,28064,1,80,1,1930200,1,2619482,1,124300,1,13464735,1,12294,1,464908,1,9098,4,538501,4,70997,4,4332417,4,7995451,8,12298531,108,26100,24,4068,1,43644,1,3527,1,0,0,0,0,0,0,0,0,0,0,0,0,0,0,0,0,0,0,0,0,17049,1,36,1,9559,1,4521,1,17085,1,9559,1,0,1,0,0,0,0,0,0,0,1,5038,1,4521,1
441,17767300,4521,9559,28.990154,,0,11,9,108,44251,2314,2626,17723049,16,178,200,1,27573,1,100,1,1936703,1,2419946,1,128709,1,13198436,1,11382,1,419942,1,8136,4,537278,4,67070,4,4100424,4,8023225,8,12095663,108,25359,24,3387,1,33765,1,2896,1,0,0,0,0,0,0,0,0,0,0,0,0,0,0,0,0,0,0,0,0,17052,1,36,1,9559,1,4521,1,17088,1,9559,1,0,1,0,0,0,0,0,0,0,1,5038,1,4521,1
442,17853500,4522,9559,28.990156,,0,11,9,108,45306,1513,2605,17808194,16,178,210,1,27193,1,20,1,1935450,1,2407793,1,112187,1,13313107,1,12234,1,393761,1,16572,4,541206,4,80335,4,4137816,4,8073201,8,12182733,108,25680,24,5040,1,56639,1,7024,1,0,0,0,0,0,0,0,0,0,0,0,0,0,0,0,0,0,0,0,0,17054,1,36,1,9559,1,4522,1,17090,1,9559,1,0,1,0,0,0,0,0,0,0,1,5037,1,4522,1
443,18183400,4523,9559,28.990156,,0,11,9,108,43555,2625,2726,18139845,16,178,90,1,29206,1,90,1,1930771,1,2534869,1,143818,1,13488927,1,12073,1,661498,1,10310,4,553560,4,66368,4,4126454,4,8017283,8,12115552,108,25459,24,3266,1,43624,1,3938,1,0,0,0,0,0,0,0,0,0,0,0,0,0,0,0,0,0,0,0,0,17056,1,36,1,9559,1,4523,1,17092,1,9559,1,0,1,0,0,0,0,0,0,0,1,5036,1,4523,1
444,17930200,4524,9559,28.990156,,0,11,9,108,38655,1443,2725,17891545,16,178,150,1,27854,1,130,1,2058097,1,2437470,1,114291,1,13242321,1,11232,1,416455,1,8687,4,557026,4,66408,4,4116054,4,8024647,8,12112337,108,25640,24,3336,1,45418,1,2845,1,0,0,0,0,0,0,0,0,0,0,0,0,0,0,0,0,0,0,0,0,17049,1,36,1,9559,1,4524,1,17085,1,9559,1,0,1,0,0,0,0,0,0,0,1,5035,1,4524,1
445,17795900,4523,9559,28.990156,,0,11,9,108,45307,1193,2866,17750593,16,178,60,1,27964,1,80,1,1934819,1,2452900,1,116114,1,13207303,1,11352,1,427767,1,7925,4,560523,4,67030,4,4100254,4,7989630,8,12061598,108,25419,24,4579,1,44807,1,3597,1,0,0,0,0,0,0,0,0,0,0,0,0,0,0,0,0,0,0,0,0,17046,1,36,1,9559,1,4523,1,17082,1,9559,1,0,1,0,0,0,0,0,0,0,1,5035,1,4524,1
446,18013500,4522,9559,28.990156,,0,11,9,108,50968,2114,3458,17962532,16,178,80,1,27673,1,130,1,1982712,1,2393515,1,124060,1,13422699,1,11663,1,561325,1,9458,4,594078,4,66619,4,4169267,4,7972807,8,12113067,108,25549,24,3346,1,41079,1,2605,1,0,0,0,0,0,0,0,0,0,0,0,0,0,0,0,0,0,0,0,0,17048,1,36,1,9559,1,4522,1,17084,1,9559,1,0,1,0,0,0,0,0,0,0,1,5036,1,4523,1
447,18271200,4523,9559,28.990156,,0,11,9,108,59381,1723,2676,18211819,16,178,40,1,42502,1,100,1,2455490,1,2382554,1,111295,1,13208034,1,11803,1,379794,1,9689,4,535635,4,66849,4,4121224,4,8051469,8,12144418,108,25599,24,2926,1,35108,1,3617,1,0,0,0,0,0,0,0,0,0,0,0,0,0,0,0,0,0,0,0,0,17048,1,36,1,9559,1,4523,1,17084,1,9559,1,0,1,0,0,0,0,0,0,0,1,5036,1,4523,1
448,17842300,4523,9559,28.990156,,0,11,9,108,41641,1803,3046,17800659,16,178,60,1,27553,1,170,1,1927775,1,2441658,1,122497,1,13269423,1,11522,1,388882,1,8917,4,557337,4,66288,4,4124260,4,8068212,8,12163455,108,25970,24,3186,1,45057,1,5481,1,0,0,0,0,0,0,0,0,0,0,0,0,0,0,0,0,0,0,0,0,17052,1,36,1,9559,1,4523,1,17088,1,9559,1,0,1,0,0,0,0,0,0,0,1,5035,1,4524,1
449,18227200,4522,9559,28.990156,,0,11,9,108,56199,2355,3828,18171001,16,178,120,1,27543,1,160,1,1938276,1,2477017,1,138498,1,13576882,1,12504,1,673251,1,11913,4,566084,4,70446,4,4151849,4,8049155,8,12171556,108,25620,24,3597,1,45127,1,3106,1,0,0,0,0,0,0,0,0,0,0,0,0,0,0,0,0,0,0,0,0,17048,1,36,1,9559,1,4522,1,17084,1,9559,1,0,1,0,0,0,0,0,0,0,1,5036,1,4523,1
450,17975100,4522,9559,28.990156,,0,11,9,108,43848,1623,2956,17931252,16,178,240,1,28685,1,140,1,1953535,1,2489561,1,120513,1,13326643,1,11933,1,431594,1,7665,4,543681,4,66078,4,4135321,4,8088170,8,12194676,108,25860,24,3417,1,45809,1,3286,1,0,0,0,0,0,0,0,0,0,0,0,0,0,0,0,0,0,0,0,0,17047,1,36,1,9559,1,4522,1,17083,1,9559,1,0,1,0,0,0,0,0,0,0,1,5037,1,4522,1
451,18607700,4523,9559,28.990152,,0,11,9,108,77626,2485,3497,18530074,16,178,70,1,27944,1,110,1,1931473,1,2484722,1,174958,1,13890017,1,20780,1,532950,1,9348,4,627783,4,67400,4,4206599,4,8283373,8,12459382,108,27092,24,6202,1,137115,1,16762,1,0,0,0,0,0,0,0,0,0,0,0,0,0,0,0,0,0,0,0,0,17051,1,36,1,9559,1,4523,1,17087,1,9559,1,0,1,0,0,0,0,0,0,0,1,5036,1,4523,1
452,19124400,4523,9559,28.99015,,0,11,9,108,62543,2375,4109,19061857,16,178,651,1,53413,1,240,1,2444304,1,2539387,1,117537,1,13894651,1,11673,1,464327,1,9478,4,612784,4,68202,4,4299789,4,8381207,8,12650436,108,26451,24,3487,1,49165,1,3837,1,0,0,0,0,0,0,0,0,0,0,0,0,0,0,0,0,0,0,0,0,17048,1,36,1,9559,1,4523,1,17084,1,9559,1,0,1,0,0,0,0,0,0,0,1,5035,1,4524,1
453,18215100,4522,9559,28.990156,,0,11,9,108,50277,1703,2795,18164823,16,178,531,1,37212,1,240,1,2218647,1,2475534,1,117337,1,13304050,1,11272,1,451813,1,8977,4,543009,4,66749,4,4119150,4,8064394,8,12154969,108,25780,24,4068,1,40458,1,3727,1,0,0,0,0,0,0,0,0,0,0,0,0,0,0,0,0,0,0,0,0,17047,1,36,1,9559,1,4522,1,17083,1,9559,1,0,1,0,0,0,0,0,0,0,1,5036,1,4523,1
454,17854300,4522,9559,28.990156,,0,11,9,108,40054,1432,2616,17814246,16,178,281,1,27483,1,110,1,1916944,1,2482227,1,118389,1,13257320,1,11492,1,411365,1,12454,4,536086,4,66388,4,4119431,4,8048273,8,12138697,108,26391,24,3136,1,53794,1,4960,1,0,0,0,0,0,0,0,0,0,0,0,0,0,0,0,0,0,0,0,0,17047,1,36,1,9559,1,4522,1,17083,1,9559,1,0,1,0,0,0,0,0,0,0,1,5037,1,4522,1
455,17786300,4521,9559,28.990156,,0,11,9,108,39024,1082,2616,17747276,16,178,120,1,27754,1,160,1,1938105,1,2439124,1,116225,1,13213916,1,11873,1,419671,1,9098,4,531848,4,65076,4,4112788,4,8030118,8,12113599,108,26692,24,3226,1,37813,1,3196,1,0,0,0,0,0,0,0,0,0,0,0,0,0,0,0,0,0,0,0,0,17048,1,36,1,9559,1,4521,1,17084,1,9559,1,0,1,0,0,0,0,0,0,0,1,5037,1,4522,1
456,17925500,4522,9559,28.990152,,0,11,9,108,42642,1383,3016,17882858,16,178,220,1,27523,1,10,1,1931312,1,2544698,1,118890,1,13248783,1,11422,1,403029,1,8036,4,537148,4,68212,4,4128248,4,8051109,8,12150120,108,26221,24,3928,1,42933,1,4759,1,0,0,0,0,0,0,0,0,0,0,0,0,0,0,0,0,0,0,0,0,17047,1,36,1,9559,1,4522,1,17083,1,9559,1,0,1,0,0,0,0,0,0,0,1,5037,1,4522,1
457,17840500,4522,9559,28.990152,,0,11,9,108,38408,1032,3116,17802092,16,178,210,1,27533,1,140,1,1935761,1,2429214,1,114662,1,13283069,1,11502,1,367520,1,7975,4,531958,4,69104,4,4156773,4,8105694,8,12232549,108,26802,24,3206,1,37212,1,2595,1,0,0,0,0,0,0,0,0,0,0,0,0,0,0,0,0,0,0,0,0,17047,1,36,1,9559,1,4522,1,17083,1,9559,1,0,1,0,0,0,0,0,0,0,1,5037,1,4522,1
458,17864300,4521,9559,28.990152,,0,11,9,108,44894,1162,3216,17819406,16,178,90,1,27694,1,120,1,1934829,1,2402122,1,113660,1,13328758,1,12133,1,369935,1,9969,4,533681,4,68062,4,4164458,4,8132386,8,12266835,108,26792,24,3978,1,41109,1,4018,1,0,0,0,0,0,0,0,0,0,0,0,0,0,0,0,0,0,0,0,0,17046,1,36,1,9559,1,4521,1,17082,1,9559,1,0,1,0,0,0,0,0,0,0,1,5037,1,4522,1
459,18254800,4523,9559,28.990152,,0,11,9,108,66141,2074,2987,18188659,16,178,140,1,27633,1,120,1,1933076,1,2475424,1,179076,1,13561517,1,11673,1,540274,1,10671,4,570002,4,66509,4,4221869,4,8069705,8,12261845,108,26742,24,3687,1,73191,1,3537,1,0,0,0,0,0,0,0,0,0,0,0,0,0,0,0,0,0,0,0,0,17055,1,36,1,9559,1,4523,1,17091,1,9559,1,0,1,0,0,0,0,0,0,0,1,5036,1,4523,1
460,18192200,4522,9559,28.990152,,0,11,9,108,68471,1503,3908,18123729,16,178,501,1,51429,1,250,1,2010846,1,2430888,1,115493,1,13502949,1,11372,1,420432,1,9568,4,570232,4,65677,4,4143327,4,8249457,8,12361824,108,27052,24,3557,1,36220,1,2976,1,0,0,0,0,0,0,0,0,0,0,0,0,0,0,0,0,0,0,0,0,17054,1,36,1,9559,1,4522,1,17090,1,9559,1,0,1,0,0,0,0,0,0,0,1,5036,1,4523,1
461,17943300,4521,9559,28.990152,,0,11,9,108,42357,1423,2926,17900943,16,178,110,1,27553,1,140,1,1928427,1,2446257,1,114421,1,13372492,1,11542,1,397278,1,7344,4,534002,4,64885,4,4153356,4,8165139,8,12289609,108,25960,24,3086,1,40238,1,5741,1,0,0,0,0,0,0,0,0,0,0,0,0,0,0,0,0,0,0,0,0,17055,1,36,1,9559,1,4521,1,17091,1,9559,1,0,1,0,0,0,0,0,0,0,1,5037,1,4522,1
462,17896400,4522,9559,28.990152,,0,11,9,108,41315,1733,3137,17855085,16,178,240,1,27473,1,130,1,1923768,1,2436749,1,117166,1,13338176,1,11382,1,384924,1,9939,4,538210,4,69214,4,4170770,4,8107738,8,12248780,108,26591,24,3236,1,49165,1,3246,1,0,0,0,0,0,0,0,0,0,0,0,0,0,0,0,0,0,0,0,0,17060,1,36,1,9559,1,4522,1,17096,1,9559,1,0,1,0,0,0,0,0,0,0,1,5037,1,4522,1
463,18044100,4522,9559,28.990152,,0,11,9,108,44877,1383,3437,17999223,16,178,401,1,28485,1,160,1,1930070,1,2510812,1,128108,1,13389625,1,11562,1,431845,1,7745,4,538861,4,65978,4,4164738,4,8131334,8,12265873,108,26762,24,3567,1,40488,1,3687,1,0,0,0,0,0,0,0,0,0,0,0,0,0,0,0,0,0,0,0,0,17058,1,36,1,9559,1,4522,1,17094,1,9559,1,0,1,0,0,0,0,0,0,0,1,5037,1,4522,1
464,18035300,4521,9559,28.990152,,0,11,9,108,62107,1463,2806,17973193,16,178,70,1,27453,1,230,1,1931513,1,2456036,1,115523,1,13427619,1,14749,1,402578,1,8737,4,534894,4,65477,4,4176852,4,8166081,8,12313725,108,26401,24,3427,1,64835,1,3276,1,0,0,0,0,0,0,0,0,0,0,0,0,0,0,0,0,0,0,0,0,17063,1,36,1,9559,1,4521,1,17099,1,9559,1,0,1,0,0,0,0,0,0,0,1,5036,1,4523,1
465,18332900,4523,9559,28.990152,,0,11,9,108,56151,2044,2866,18276749,16,178,832,1,34176,1,150,1,2304253,1,2435036,1,116415,1,13374576,1,11312,1,385946,1,8557,4,532329,4,66709,4,4168125,4,8167734,8,12305850,108,27142,24,3717,1,36861,1,2555,1,0,0,0,0,0,0,0,0,0,0,0,0,0,0,0,0,0,0,0,0,17062,1,36,1,9559,1,4523,1,17098,1,9559,1,0,1,0,0,0,0,0,0,0,1,5036,1,4523,1
466,18135500,4523,9559,28.990147,,0,11,9,108,49128,2154,3006,18086372,16,178,271,1,32733,1,100,1,2102413,1,2437751,1,116114,1,13385978,1,11011,1,376708,1,7835,4,532719,4,65847,4,4179377,4,8178024,8,12326801,108,27593,24,3086,1,36721,1,3507,1,0,0,0,0,0,0,0,0,0,0,0,0,0,0,0,0,0,0,0,0,17065,1,36,1,9559,1,4523,1,17101,1,9559,1,0,1,0,0,0,0,0,0,0,1,5036,1,4523,1
467,17932800,4523,9559,28.990145,,0,11,9,108,39391,1343,2635,17893409,16,178,331,1,27363,1,200,1,1933496,1,2418814,1,114141,1,13387211,1,11853,1,402538,1,8547,4,537378,4,66338,4,4172894,4,8150250,8,12293897,108,26611,24,3377,1,41530,1,3016,1,0,0,0,0,0,0,0,0,0,0,0,0,0,0,0,0,0,0,0,0,17057,1,36,1,9559,1,4523,1,17093,1,9559,1,0,1,0,0,0,0,0,0,0,1,5036,1,4523,1
468,17850500,4523,9559,28.990145,,0,11,9,108,40553,2154,2656,17809947,16,178,110,1,27283,1,120,1,1936933,1,2410639,1,113319,1,13310001,1,11542,1,378932,1,8376,4,541236,4,65346,4,4157514,4,8116745,8,12244662,108,26942,24,3387,1,33374,1,2936,1,0,0,0,0,0,0,0,0,0,0,0,0,0,0,0,0,0,0,0,0,17059,1,36,1,9559,1,4523,1,17095,1,9559,1,0,1,0,0,0,0,0,0,0,1,5036,1,4523,1
469,17891800,4523,9559,28.990139,,0,11,9,108,42116,1212,2786,17849684,16,178,20,1,27623,1,70,1,1932064,1,2432561,1,115433,1,13330721,1,11192,1,372610,1,8176,4,532319,4,64935,4,4163887,4,8143407,8,12278277,108,26231,24,3407,1,36801,1,3968,1,0,0,0,0,0,0,0,0,0,0,0,0,0,0,0,0,0,0,0,0,17057,1,36,1,9559,1,4523,1,17093,1,9559,1,0,1,0,0,0,0,0,0,0,1,5035,1,4524,1
470,17832200,4522,9559,28.990139,,0,11,9,108,39175,1182,3296,17793025,16,178,80,1,27483,1,110,1,1939568,1,2397082,1,114762,1,13302737,1,11202,1,352481,1,10741,4,531207,4,65426,4,4168095,4,8133568,8,12272536,108,25830,24,3377,1,33625,1,3036,1,0,0,0,0,0,0,0,0,0,0,0,0,0,0,0,0,0,0,0,0,17050,1,36,1,9559,1,4522,1,17086,1,9559,1,0,1,0,0,0,0,0,0,0,1,5036,1,4523,1
471,18148400,4521,9559,28.990147,,0,11,9,108,47300,1493,3467,18101100,16,178,60,1,27002,1,291,1,1923357,1,2480734,1,128769,1,13528333,1,12554,1,495538,1,12624,4,545915,4,67210,4,4177603,4,8159238,8,12307513,108,25860,24,3867,1,56870,1,7975,1,0,0,0,0,0,0,0,0,0,0,0,0,0,0,0,0,0,0,0,0,17051,1,36,1,9559,1,4521,1,17087,1,9559,1,0,1,0,0,0,0,0,0,0,1,5037,1,4522,1
472,18205500,4521,9559,28.990149,,0,11,9,108,56648,2244,2635,18148852,16,178,321,1,33715,1,40,1,1940069,1,2475684,1,125232,1,13561347,1,12444,1,462364,1,17875,4,601673,4,78943,4,4182282,4,8154258,8,12306772,108,27132,24,3276,1,53644,1,4789,1,0,0,0,0,0,0,0,0,0,0,0,0,0,0,0,0,0,0,0,0,17051,1,36,1,9559,1,4521,1,17087,1,9559,1,0,1,0,0,0,0,0,0,0,1,5038,1,4521,1
473,18227500,4520,9559,28.990149,,0,11,9,108,51255,1884,3116,18176245,16,178,140,1,28365,1,30,1,1939017,1,2578373,1,131204,1,13486943,1,12174,1,529373,1,12153,4,540294,4,68442,4,4163035,4,8118118,8,12251005,108,27032,24,3256,1,46690,1,3697,1,0,0,0,0,0,0,0,0,0,0,0,0,0,0,0,0,0,0,0,0,17047,1,36,1,9559,1,4520,1,17083,1,9559,1,0,1,0,0,0,0,0,0,0,1,5038,1,4521,1
474,18017100,4520,9559,28.990149,,0,11,9,108,40601,1623,2716,17976499,16,178,130,1,27603,1,160,1,1926152,1,2498538,1,123098,1,13388874,1,11943,1,450501,1,9599,4,534172,4,65587,4,4160741,4,8106846,8,12238330,108,26541,24,3226,1,53113,1,3467,1,0,0,0,0,0,0,0,0,0,0,0,0,0,0,0,0,0,0,0,0,17048,1,36,1,9559,1,4520,1,17084,1,9559,1,0,1,0,0,0,0,0,0,0,1,5039,1,4520,1
475,17978900,4519,9559,28.990149,,0,11,9,108,48790,1353,2846,17930110,16,178,70,1,29387,1,120,1,1936863,1,2421019,1,114682,1,13415495,1,12474,1,401776,1,17684,4,531988,4,69124,4,4181060,4,8151252,8,12302844,108,26621,24,3847,1,52582,1,4829,1,0,0,0,0,0,0,0,0,0,0,0,0,0,0,0,0,0,0,0,0,17042,1,36,1,9559,1,4519,1,17078,1,9559,1,0,1,0,0,0,0,0,0,0,1,5039,1,4520,1
476,18124200,4519,9559,28.990149,,0,11,9,108,53248,1252,2725,18070952,16,178,100,1,29878,1,341,1,1942293,1,2515311,1,130192,1,13440734,1,12103,1,469597,1,7464,4,532118,4,65777,4,4182122,4,8127877,8,12280352,108,26922,24,3647,1,48183,1,2695,1,0,0,0,0,0,0,0,0,0,0,0,0,0,0,0,0,0,0,0,0,17046,1,36,1,9559,1,4519,1,17082,1,9559,1,0,1,0,0,0,0,0,0,0,1,5040,1,4519,1
477,18126700,4519,9559,28.990149,,0,11,9,108,52041,2314,3026,18074659,16,178,200,1,27924,1,291,1,1927605,1,2456267,1,126655,1,13523724,1,11993,1,532960,1,13827,4,580392,4,67450,4,4168295,4,8108289,8,12246737,108,26822,24,2966,1,44205,1,3026,1,0,0,0,0,0,0,0,0,0,0,0,0,0,0,0,0,0,0,0,0,17047,1,36,1,9559,1,4519,1,17083,1,9559,1,0,1,0,0,0,0,0,0,0,1,5040,1,4519,1
478,18057200,4519,9559,28.990145,,0,11,9,108,41585,1112,2666,18015615,16,178,200,1,37382,1,40,1,2155966,1,2403054,1,112047,1,13295103,1,11823,1,378501,1,8106,4,532229,4,65867,4,4155991,4,8109231,8,12236366,108,26191,24,3016,1,38444,1,2605,1,0,0,0,0,0,0,0,0,0,0,0,0,0,0,0,0,0,0,0,0,17045,1,36,1,9559,1,4519,1,17081,1,9559,1,0,1,0,0,0,0,0,0,0,1,5040,1,4519,1
479,17860300,4518,9559,28.99014,,0,11,9,108,40874,1242,2835,17819426,16,178,140,1,27203,1,90,1,1931182,1,2452069,1,118419,1,13278871,1,11452,1,421675,1,8857,4,533140,4,66268,4,4130212,4,8071829,8,12173315,108,25890,24,2996,1,38484,1,4168,1,0,0,0,0,0,0,0,0,0,0,0,0,0,0,0,0,0,0,0,0,17046,1,36,1,9559,1,4518,1,17082,1,9559,1,0,1,0,0,0,0,0,0,0,1,5040,1,4519,1
480,17777400,4517,9559,28.99014,,0,11,9,108,40544,1032,4039,17736856,16,178,80,1,27724,1,90,1,1938336,1,2428073,1,115694,1,13215509,1,11352,1,365927,1,7945,4,529734,4,66278,4,4127466,4,8072750,8,12169817,108,26361,24,3126,1,38144,1,3106,1,0,0,0,0,0,0,0,0,0,0,0,0,0,0,0,0,0,0,0,0,17049,1,36,1,9559,1,4517,1,17085,1,9559,1,0,1,0,0,0,0,0,0,0,1,5041,1,4518,1
481,17897600,4516,9559,28.99014,,0,11,9,108,48747,1333,2726,17848853,16,178,80,1,27884,1,210,1,1932985,1,2424215,1,114882,1,13336903,1,11693,1,396797,1,8116,4,540174,4,69114,4,4150972,4,8119661,8,12241506,108,26401,24,3477,1,43123,1,4138,1,0,0,0,0,0,0,0,0,0,0,0,0,0,0,0,0,0,0,0,0,17048,1,36,1,9559,1,4516,1,17084,1,9559,1,0,1,0,0,0,0,0,0,0,1,5042,1,4517,1
482,17931300,4516,9559,28.99014,,0,11,9,108,39054,1212,3487,17892246,16,178,902,1,32202,1,100,1,1934769,1,2424074,1,113660,1,13375027,1,11512,1,409411,1,8416,4,542599,4,66238,4,4161051,4,8142094,8,12272597,108,27062,24,3527,1,37232,1,3246,1,0,0,0,0,0,0,0,0,0,0,0,0,0,0,0,0,0,0,0,0,17050,1,36,1,9559,1,4516,1,17086,1,9559,1,0,1,0,0,0,0,0,0,0,1,5042,1,4517,1
483,17839200,4516,9559,28.99014,,0,11,9,108,39773,1613,4038,17799427,16,178,551,1,27363,1,40,1,1936071,1,2400910,1,116585,1,13305994,1,11913,1,402197,1,9458,4,539162,4,65587,4,4146553,4,8098390,8,12214254,108,26652,24,3086,1,36881,1,3066,1,0,0,0,0,0,0,0,0,0,0,0,0,0,0,0,0,0,0,0,0,17050,1,36,1,9559,1,4516,1,17086,1,9559,1,0,1,0,0,0,0,0,0,0,1,5042,1,4517,1
484,17812400,4515,9559,28.99014,,0,11,9,108,41498,1623,2626,17770902,16,178,180,1,27213,1,30,1,1934829,1,2443111,1,114381,1,13239475,1,11683,1,374874,1,8076,4,532970,4,64905,4,4135933,4,8070286,8,12177222,108,26371,24,5060,1,42672,1,3076,1,0,0,0,0,0,0,0,0,0,0,0,0,0,0,0,0,0,0,0,0,17049,1,36,1,9559,1,4515,1,17085,1,9559,1,0,1,0,0,0,0,0,0,0,1,5042,1,4517,1
485,17709500,4516,9559,28.99014,,0,11,9,108,41146,972,3267,17668354,16,178,70,1,27263,1,40,1,1934448,1,2402513,1,114591,1,13178337,1,11091,1,339055,1,11813,4,530906,4,66609,4,4117517,4,8067150,8,12155400,108,26000,24,3096,1,37482,1,3737,1,0,0,0,0,0,0,0,0,0,0,0,0,0,0,0,0,0,0,0,0,17048,1,36,1,9559,1,4516,1,17084,1,9559,1,0,1,0,0,0,0,0,0,0,1,5043,1,4516,1
486,17831300,4514,9559,28.99014,,0,11,9,108,41411,1393,2916,17789889,16,178,20,1,27122,1,110,1,1933076,1,2436749,1,116615,1,13264924,1,11272,1,381036,1,7595,4,532219,4,64885,4,4136935,4,8092599,8,12200417,108,26201,24,2956,1,41560,1,3747,1,0,0,0,0,0,0,0,0,0,0,0,0,0,0,0,0,0,0,0,0,17044,1,36,1,9559,1,4514,1,17080,1,9559,1,0,1,0,0,0,0,0,0,0,1,5043,1,4516,1
487,17809600,4514,9559,28.990133,,0,11,9,108,39259,1313,2625,17770341,16,178,110,1,27974,1,240,1,1922916,1,2414556,1,114692,1,13278891,1,10961,1,356900,1,7905,4,529834,4,66168,4,4148126,4,8121575,8,12240204,108,26872,24,2966,1,41290,1,2815,1,0,0,0,0,0,0,0,0,0,0,0,0,0,0,0,0,0,0,0,0,17041,1,36,1,9559,1,4514,1,17077,1,9559,1,0,1,0,0,0,0,0,0,0,1,5044,1,4515,1
488,17808900,4514,9559,28.990128,,0,11,9,108,43789,1252,3056,17765111,16,178,80,1,27974,1,50,1,1935921,1,2405288,1,113680,1,13270806,1,11312,1,369093,1,8026,4,531738,4,75045,4,4159278,4,8083491,8,12213682,108,26030,24,3827,1,35489,1,3567,1,0,0,0,0,0,0,0,0,0,0,0,0,0,0,0,0,0,0,0,0,17045,1,36,1,9559,1,4514,1,17081,1,9559,1,0,1,0,0,0,0,0,0,0,1,5044,1,4515,1
489,17952300,4513,9559,28.990131,,0,11,9,108,52589,1152,2736,17899711,16,178,100,1,27102,1,190,1,1930761,1,2414215,1,114331,1,13398472,1,14538,1,491460,1,8186,4,540144,4,65096,4,4142736,4,8104252,8,12218412,108,25840,24,2815,1,39146,1,3487,1,0,0,0,0,0,0,0,0,0,0,0,0,0,0,0,0,0,0,0,0,17041,1,36,1,9559,1,4513,1,17077,1,9559,1,0,1,0,0,0,0,0,0,0,1,5045,1,4514,1
490,17830800,4513,9559,28.990131,,0,11,9,108,41613,1212,2806,17789187,16,178,140,1,32082,1,100,1,1938256,1,2393034,1,112497,1,13302126,1,10951,1,359535,1,8066,4,534142,4,65527,4,4160871,4,8131985,8,12264179,108,25870,24,3286,1,34847,1,2655,1,0,0,0,0,0,0,0,0,0,0,0,0,0,0,0,0,0,0,0,0,17043,1,36,1,9559,1,4513,1,17079,1,9559,1,0,1,0,0,0,0,0,0,0,1,5046,1,4513,1
491,17867800,4514,9559,28.990131,,0,11,9,108,43745,1643,2785,17824055,16,178,110,1,27543,1,200,1,1930380,1,2425457,1,115994,1,13312306,1,12063,1,391817,1,10410,4,533711,4,65527,4,4144429,4,8098891,8,12214825,108,25710,24,4539,1,53994,1,7344,1,0,0,0,0,0,0,0,0,0,0,0,0,0,0,0,0,0,0,0,0,17043,1,36,1,9559,1,4514,1,17079,1,9559,1,0,1,0,0,0,0,0,0,0,1,5045,1,4514,1
492,17893000,4514,9559,28.990131,,0,11,9,108,45961,1292,3196,17847039,16,178,70,1,28846,1,150,1,1936773,1,2430106,1,121555,1,13318017,1,11522,1,445140,1,9138,4,546416,4,65967,4,4138187,4,8064274,8,12173655,108,25609,24,3517,1,40869,1,3216,1,0,0,0,0,0,0,0,0,0,0,0,0,0,0,0,0,0,0,0,0,17046,1,36,1,9559,1,4514,1,17082,1,9559,1,0,1,0,0,0,0,0,0,0,1,5045,1,4514,1
493,17875800,4514,9559,28.990131,,0,11,9,108,41956,1904,2747,17833844,16,178,90,1,27393,1,230,1,1928577,1,2466496,1,117627,1,13281777,1,11653,1,420984,1,8296,4,533491,4,65186,4,4127256,4,8081327,8,12180197,108,25640,24,3276,1,36210,1,3847,1,0,0,0,0,0,0,0,0,0,0,0,0,0,0,0,0,0,0,0,0,17043,1,36,1,9559,1,4514,1,17079,1,9559,1,0,1,0,0,0,0,0,0,0,1,5045,1,4514,1
494,17754400,4513,9559,28.99013,,0,11,9,108,38084,1112,2876,17716316,16,178,220,1,27704,1,150,1,1932715,1,2418824,1,112798,1,13211601,1,12304,1,355828,1,8396,4,530475,4,67330,4,4151893,4,8054696,8,12177613,108,26100,24,3427,1,35669,1,2775,1,0,0,0,0,0,0,0,0,0,0,0,0,0,0,0,0,0,0,0,0,17043,1,36,1,9559,1,4513,1,17079,1,9559,1,0,1,0,0,0,0,0,0,0,1,5045,1,4514,1
495,17758800,4514,9559,28.990126,,0,11,9,108,41442,2465,3076,17717358,16,178,80,1,27293,1,90,1,1938216,1,2397142,1,114401,1,13228354,1,11783,1,374915,1,10430,4,536397,4,66408,4,4135181,4,8060827,8,12167333,108,25599,24,3697,1,34707,1,3326,1,0,0,0,0,0,0,0,0,0,0,0,0,0,0,0,0,0,0,0,0,17051,1,36,1,9559,1,4514,1,17087,1,9559,1,0,1,0,0,0,0,0,0,0,1,5045,1,4514,1
496,18329000,4514,9559,28.990126,,0,11,9,108,97282,2074,3978,18231718,16,178,130,1,27603,1,120,1,1928767,1,2427261,1,156122,1,13664912,1,26802,1,474818,1,9629,4,614738,4,69104,4,4263419,4,8158832,8,12392323,108,25950,24,3076,1,64515,1,4709,1,0,0,0,0,0,0,0,0,0,0,0,0,0,0,0,0,0,0,0,0,17050,1,36,1,9559,1,4514,1,17086,1,9559,1,0,1,0,0,0,0,0,0,0,1,5045,1,4514,1
497,18564900,4515,9559,28.990126,,0,11,9,108,54509,2104,3657,18510391,16,178,261,1,41009,1,421,1,2322298,1,2458711,1,115704,1,13559975,1,12013,1,409892,1,12504,4,567707,4,69003,4,4118549,4,8325669,8,12414471,108,26090,24,3507,1,45648,1,5390,1,0,0,0,0,0,0,0,0,0,0,0,0,0,0,0,0,0,0,0,0,17049,1,36,1,9559,1,4515,1,17085,1,9559,1,0,1,0,0,0,0,0,0,0,1,5043,1,4516,1
498,18479700,4514,9559,28.990126,,0,11,9,108,57930,2485,3226,18421770,16,178,711,1,35418,1,210,1,2195252,1,2584865,1,164137,1,13428540,1,12634,1,528742,1,10450,4,552277,4,67040,4,4134330,4,8071799,8,12176842,108,26060,24,4679,1,52000,1,4739,1,0,0,0,0,0,0,0,0,0,0,0,0,0,0,0,0,0,0,0,0,17050,1,36,1,9559,1,4514,1,17086,1,9559,1,0,1,0,0,0,0,0,0,0,1,5044,1,4515,1
499,18018400,4515,9559,28.990126,,0,11,9,108,52792,1443,3467,17965608,16,178,541,1,28074,1,230,1,1922946,1,2503278,1,149529,1,13348456,1,12554,1,492882,1,9138,4,538230,4,65787,4,4124621,4,8058864,8,12154367,108,25650,24,3777,1,50508,1,3206,1,0,0,0,0,0,0,0,0,0,0,0,0,0,0,0,0,0,0,0,0,17047,1,36,1,9559,1,4515,1,17083,1,9559,1,0,1,0,0,0,0,0,0,0,1,5044,1,4515,1
