step,wall_ns,manifolds,pairs,top_y,awake,void,colors,wide_colors,waves,g_ns,u_ns,r_ns,sys_sum_ns,disp_lane,worker_lane_max,sys_physics_integrate_ns,sys_physics_integrate_n,sys_physics_gather_ns,sys_physics_gather_n,sys_select_broadphase_ns,sys_select_broadphase_n,sys_physics_broadphase_colored_ns,sys_physics_broadphase_colored_n,sys_physics_narrowphase_colored_ns,sys_physics_narrowphase_colored_n,sys_physics_build_graph_ns,sys_physics_build_graph_n,sys_physics_solve_colored_ns,sys_physics_solve_colored_n,sys_physics_apply_ns,sys_physics_apply_n,phys_solve_build_ns,phys_solve_build_n,phys_gravity_ns,phys_gravity_n,phys_warm_apply_ns,phys_warm_apply_n,phys_integrate_ns,phys_integrate_n,phys_pass_biased_ns,phys_pass_biased_n,phys_pass_relax_ns,phys_pass_relax_n,phys_color_wide_ns,phys_color_wide_n,phys_color_narrow_ns,phys_color_narrow_n,phys_restitution_ns,phys_restitution_n,phys_store_ns,phys_store_n,phys_write_back_ns,phys_write_back_n,phys_sleep_begin_ns,phys_sleep_begin_n,phys_sleep_freeze_ns,phys_sleep_freeze_n,phys_sleep_end_ns,phys_sleep_end_n,phys_sleep_classify_ns,phys_sleep_classify_n,phys_np_dispatch_ns,phys_np_dispatch_n,phys_np_compact_ns,phys_np_compact_n,phys_np_axis_commit_ns,phys_np_axis_commit_n,phys_bp_verify_ns,phys_bp_verify_n,phys_bp_build_ns,phys_bp_build_n,phys_bp_query_ns,phys_bp_query_n,phys_bp_assemble_ns,phys_bp_assemble_n,phys_sb_bodies_ns,phys_sb_bodies_n,phys_sb_pa_ns,phys_sb_pa_n,phys_sb_pb_ns,phys_sb_pb_n,phys_sb_pc_ns,phys_sb_pc_n,phys_slots_wide,phys_slots_wide_n,phys_slots_narrow,phys_slots_narrow_n,phys_np_pairs,phys_np_pairs_n,phys_np_manifolds,phys_np_manifolds_n,phys_np_points,phys_np_points_n,phys_bp_pairs,phys_bp_pairs_n,phys_np_chunks,phys_np_chunks_n,phys_bp_queried,phys_bp_queried_n,phys_bp_members,phys_bp_members_n,phys_bp_rebuilds,phys_bp_rebuilds_n,phys_np_reused,phys_np_reused_n,phys_np_sep_hits,phys_np_sep_hits_n,phys_np_full,phys_np_full_n,phys_sleep_held,phys_sleep_held_n,phys_wave_ramp,phys_wave_ramp_n,phys_wave_tail,phys_wave_tail_n,phys_wave_inflight,phys_wave_inflight_n,phys_wave_lanes,phys_wave_lanes_n,phys_wave_overflow,phys_wave_overflow_n,phys_color_scopes,phys_color_scopes_n,phys_color_tasks,phys_color_tasks_n,phys_route_worker,phys_route_worker_n,phys_route_external,phys_route_external_n,phys_hist_colors_lt32,phys_hist_colors_lt32_n,phys_hist_colors_lt64,phys_hist_colors_lt64_n,phys_hist_colors_lt128,phys_hist_colors_lt128_n,phys_hist_colors_lt256,phys_hist_colors_lt256_n,phys_hist_colors_ge256,phys_hist_colors_ge256_n,phys_hist_slots_lt32,phys_hist_slots_lt32_n,phys_hist_slots_lt64,phys_hist_slots_lt64_n,phys_hist_slots_lt128,phys_hist_slots_lt128_n,phys_hist_slots_lt256,phys_hist_slots_lt256_n,phys_hist_slots_ge256,phys_hist_slots_ge256_n,phys_s6_graph_hit,phys_s6_graph_hit_n,phys_s6_pb_hit,phys_s6_pb_hit_n,phys_np_wave_ramp,phys_np_wave_ramp_n,phys_np_wave_tail,phys_np_wave_tail_n,phys_np_wave_inflight,phys_np_wave_inflight_n,phys_np_wave_lanes,phys_np_wave_lanes_n,phys_np_wave_overflow,phys_np_wave_overflow_n
0,4087200,4495,9570,35.998295,,0,9,9,108,74777,13796,37396,4012423,16,192,261,1,122004,1,80,1,533966,1,1202105,1,219411,1,1923875,1,10721,1,695786,1,13766,4,325185,4,88560,4,265690,4,482066,8,710360,108,0,0,4068,1,32272,1,2685,1,0,0,0,0,0,0,0,0,706342,1,230964,1,109009,1,42592,1,79964,1,345794,1,48854,1,46239,1,123708,1,254008,1,271622,1,17980,1,0,1,9570,1,4495,1,17980,1,9570,1,48,1,1241,1,0,1,0,1,0,1,0,1,9570,1,0,0,294909,1,397551,1,807,1,807,1,0,1,108,1,2484,1,108,1,0,1,0,1,0,1,0,1,0,1,9,1,0,1,0,1,0,1,0,1,17980,1,0,1,0,1,48907,1,249169,1,8,1,8,1,0,1
1,2356900,4196,9570,35.993866,,0,8,8,96,36588,10200,31567,2320312,16,182,180,1,39526,1,70,1,322780,1,375877,1,91365,1,1479752,1,10761,1,414836,1,11983,4,336847,4,78421,4,213690,4,385250,8,567373,96,0,0,2705,1,23164,1,2655,1,0,0,0,0,0,0,0,0,340900,1,20028,1,5471,1,8506,1,22193,1,248487,1,42973,1,3928,1,92858,1,28405,1,289436,1,15924,1,0,1,9570,1,4196,1,15924,1,9570,1,48,1,1241,1,0,1,0,1,0,1,5075,1,4495,1,0,0,221349,1,289839,1,767,1,767,1,0,1,96,1,2268,1,96,1,0,1,0,1,0,1,0,1,0,1,8,1,0,1,0,1,0,1,0,1,15924,1,0,1,0,1,17211,1,106937,1,8,1,8,1,0,1
2,2109700,4142,9570,35.986713,,0,8,8,96,32220,9208,31194,2077480,16,182,130,1,26351,1,60,1,284126,1,341215,1,89722,1,1324975,1,10901,1,317209,1,11723,4,271471,4,79022,4,212668,4,388867,8,570341,96,0,0,2645,1,29497,1,2665,1,0,0,0,0,0,0,0,0,306970,1,19227,1,5210,1,15660,1,21391,1,221696,1,24838,1,3988,1,22333,1,28314,1,262374,1,15744,1,0,1,9570,1,4142,1,15744,1,9570,1,48,1,1240,1,1,1,1,1,0,1,5157,1,4413,1,0,0,225237,1,319638,1,768,1,768,1,0,1,96,1,2232,1,96,1,0,1,0,1,0,1,0,1,0,1,8,1,0,1,0,1,0,1,0,1,15744,1,0,1,0,1,3283,1,120483,1,8,1,8,1,0,1
3,2058800,4111,9570,35.976837,,0,8,8,96,32187,8447,30604,2026613,16,182,120,1,27192,1,70,1,270449,1,328822,1,89432,1,1299656,1,10871,1,310266,1,11592,4,269908,4,79162,4,209953,4,380000,8,559350,96,0,0,2605,1,25058,1,2665,1,0,0,0,0,0,0,0,0,294736,1,19267,1,5060,1,5260,1,21682,1,217909,1,25379,1,4288,1,20620,1,28084,1,256653,1,15687,1,0,1,9570,1,4111,1,15687,1,9570,1,48,1,1240,1,1,1,0,1,0,1,5389,1,4181,1,0,0,218372,1,285978,1,768,1,768,1,0,1,96,1,2220,1,96,1,0,1,0,1,0,1,0,1,0,1,8,1,0,1,0,1,0,1,0,1,15687,1,0,1,0,1,3712,1,163383,1,8,1,8,1,0,1
4,2098400,4100,9570,35.964233,,0,8,8,96,31405,9298,31947,2066995,16,182,30,1,26922,1,40,1,263075,1,321222,1,106234,1,1338902,1,10570,1,323712,1,12274,4,286370,4,78801,4,208631,4,386112,8,562795,96,0,0,3767,1,27162,1,2775,1,0,0,0,0,0,0,0,0,285884,1,19047,1,5460,1,5150,1,21411,1,211486,1,24717,1,4889,1,26290,1,28094,1,264258,1,15670,1,0,1,9570,1,4100,1,15670,1,9570,1,48,1,1240,1,1,1,0,1,0,1,5440,1,4130,1,0,0,220575,1,258027,1,768,1,768,1,0,1,96,1,2232,1,96,1,0,1,0,1,0,1,0,1,0,1,8,1,0,1,0,1,0,1,0,1,15670,1,0,1,0,1,2722,1,61561,1,8,1,8,1,0,1
5,2090700,4087,9570,35.948902,,0,8,8,96,30904,8406,30295,2059796,16,182,110,1,30879,1,70,1,259488,1,320926,1,114009,1,1323743,1,10570,1,331096,1,12444,4,278976,4,77910,4,205334,4,380561,8,555600,96,0,0,2625,1,23625,1,2765,1,0,0,0,0,0,0,0,0,285298,1,19477,1,5621,1,5040,1,22854,1,203491,1,27623,1,4869,1,27853,1,27874,1,270299,1,15642,1,0,1,9570,1,4087,1,15642,1,9570,1,48,1,1240,1,1,1,0,1,0,1,5459,1,4111,1,0,0,215712,1,268026,1,768,1,768,1,0,1,96,1,2220,1,96,1,0,1,0,1,0,1,0,1,0,1,8,1,0,1,0,1,0,1,0,1,15642,1,0,1,0,1,2689,1,47652,1,8,1,8,1,0,1
6,2178400,4079,9570,35.93085,,0,8,8,96,31857,8416,29423,2146543,16,182,50,1,26721,1,30,1,256182,1,314419,1,112216,1,1426385,1,10540,1,332118,1,11903,4,302872,4,78681,4,246088,4,400579,8,617244,96,0,0,4348,1,37903,1,3477,1,0,0,0,0,0,0,0,0,280894,1,17484,1,5450,1,5060,1,21672,1,204383,1,24798,1,4559,1,27312,1,28224,1,271842,1,15666,1,0,1,9570,1,4079,1,15666,1,9570,1,48,1,1240,1,1,1,0,1,0,1,5474,1,4096,1,0,0,226677,1,422945,1,767,1,767,1,0,1,96,1,2208,1,96,1,0,1,0,1,0,1,0,1,0,1,8,1,0,1,0,1,0,1,0,1,15666,1,0,1,0,1,2260,1,46744,1,8,1,8,1,0,1
7,2074300,4073,9570,35.910072,,0,8,8,96,33851,8507,28440,2040449,16,182,170,1,27172,1,30,1,258777,1,335294,1,110763,1,1297542,1,10701,1,315576,1,11232,4,268516,4,78411,4,206276,4,378838,8,556674,96,0,0,2615,1,24938,1,2635,1,0,0,0,0,0,0,0,0,296019,1,22914,1,5661,1,5541,1,22804,1,201407,1,28705,1,4168,1,20038,1,27623,1,263496,1,15684,1,0,1,9570,1,4073,1,15684,1,9570,1,48,1,1240,1,1,1,0,1,0,1,5484,1,4086,1,0,0,217489,1,246213,1,768,1,768,1,0,1,96,1,2220,1,96,1,0,1,0,1,0,1,0,1,0,1,8,1,0,1,0,1,0,1,0,1,15684,1,0,1,0,1,3169,1,113850,1,8,1,8,1,0,1
8,2116400,4066,9570,35.88657,,0,8,8,96,39375,11512,30561,2077025,16,182,140,1,30629,1,50,1,291510,1,322325,1,102337,1,1319324,1,10711,1,315246,1,11903,4,283845,4,78260,4,207348,4,379138,8,555925,96,0,0,3326,1,26040,1,2705,1,0,0,0,0,0,0,0,0,287928,1,16842,1,5160,1,12985,1,23736,1,226665,1,27523,1,4769,1,23856,1,27703,1,258737,1,15684,1,0,1,9570,1,4066,1,15684,1,9570,1,48,1,1240,1,1,1,0,1,0,1,5493,1,4077,1,0,0,210979,1,296043,1,768,1,768,1,0,1,96,1,2208,1,96,1,0,1,0,1,0,1,0,1,0,1,8,1,0,1,0,1,0,1,0,1,15684,1,0,1,0,1,17705,1,50343,1,8,1,8,1,0,1
9,2092100,4061,9570,35.86034,,0,8,8,96,30420,8507,28631,2061680,16,182,70,1,30529,1,30,1,263616,1,320456,1,104631,1,1331588,1,10761,1,320295,1,12223,4,295447,4,78170,4,207368,4,381202,8,559940,96,0,0,2575,1,23144,1,2655,1,0,0,0,0,0,0,0,0,287622,1,17784,1,5090,1,5621,1,23064,1,206847,1,27743,1,4829,1,25409,1,27483,1,262364,1,15705,1,0,1,9570,1,4061,1,15705,1,9570,1,48,1,1240,1,1,1,0,1,0,1,5502,1,4068,1,0,0,214169,1,322938,1,768,1,768,1,0,1,96,1,2208,1,96,1,0,1,0,1,0,1,0,1,0,1,8,1,0,1,0,1,0,1,0,1,15705,1,0,1,0,1,2392,1,10593,1,8,1,8,1,0,1
10,2008700,4053,9570,35.831387,,0,8,8,96,29979,8466,27829,1978721,16,182,130,1,27182,1,60,1,257615,1,310406,1,87889,1,1284888,1,10550,1,300627,1,11733,4,269127,4,78230,4,206296,4,378868,8,557335,96,0,0,2585,1,26250,1,2705,1,0,0,0,0,0,0,0,0,278976,1,17774,1,4509,1,5120,1,20840,1,206547,1,24848,1,4178,1,19888,1,27733,1,248658,1,15690,1,0,1,9570,1,4053,1,15690,1,9570,1,48,1,1240,1,1,1,0,1,0,1,5506,1,4064,1,0,0,209423,1,345873,1,768,1,768,1,0,1,96,1,2208,1,96,1,0,1,0,1,0,1,0,1,0,1,8,1,0,1,0,1,0,1,0,1,15690,1,0,1,0,1,2425,1,29040,1,8,1,8,1,0,1
11,2003200,4054,9570,35.79971,,0,8,8,96,30471,8968,27488,1972729,16,182,150,1,27102,1,40,1,257314,1,314324,1,87117,1,1276121,1,10560,1,294004,1,11362,4,265410,4,78491,4,207529,4,382094,8,562134,96,0,0,2565,1,23004,1,2695,1,0,0,0,0,0,0,0,0,281691,1,18636,1,4719,1,5070,1,21050,1,205956,1,24998,1,4158,1,19828,1,27463,1,242356,1,15715,1,0,1,9570,1,4054,1,15715,1,9570,1,48,1,1240,1,1,1,0,1,0,1,5510,1,4060,1,0,0,210051,1,330825,1,768,1,768,1,0,1,96,1,2220,1,96,1,0,1,0,1,0,1,0,1,0,1,8,1,0,1,0,1,0,1,0,1,15715,1,0,1,0,1,2293,1,90057,1,8,1,8,1,0,1
12,2012800,4056,9570,35.765305,,0,8,8,96,31144,8136,27638,1981656,16,182,150,1,26912,1,70,1,255621,1,321678,1,87218,1,1279317,1,10691,1,296820,1,11662,4,266722,4,78320,4,206006,4,379699,8,558067,96,0,0,2595,1,26671,1,2685,1,0,0,0,0,0,0,0,0,287733,1,19968,1,4609,1,5030,1,21752,1,203801,1,24798,1,4459,1,19708,1,27813,1,244630,1,15716,1,0,1,9570,1,4056,1,15716,1,9570,1,48,1,1240,1,1,1,0,1,0,1,5509,1,4061,1,0,0,218317,1,312840,1,768,1,768,1,0,1,96,1,2208,1,96,1,0,1,0,1,0,1,0,1,0,1,8,1,0,1,0,1,0,1,0,1,15716,1,0,1,0,1,2491,1,60555,1,8,1,8,1,0,1
13,2034100,4055,9570,35.728176,,0,8,8,96,30151,8497,28241,2003949,16,182,170,1,26401,1,40,1,257134,1,325776,1,87228,1,1296360,1,10841,1,306208,1,11622,4,268706,4,79042,4,208571,4,384489,8,564819,96,0,0,3427,1,23114,1,2685,1,0,0,0,0,0,0,0,0,293233,1,18475,1,4639,1,4980,1,21201,1,205525,1,25178,1,4649,1,19728,1,27823,1,253828,1,15731,1,0,1,9570,1,4055,1,15731,1,9570,1,48,1,1240,1,1,1,0,1,0,1,5510,1,4060,1,0,0,214043,1,353694,1,768,1,768,1,0,1,96,1,2208,1,96,1,0,1,0,1,0,1,0,1,0,1,8,1,0,1,0,1,0,1,0,1,15731,1,0,1,0,1,2557,1,118272,1,8,1,8,1,0,1
14,2118000,4060,9570,35.688324,,0,8,8,96,31542,8647,28224,2086458,16,182,90,1,26811,1,40,1,257885,1,370942,1,87618,1,1332299,1,10771,1,342908,1,11592,4,266722,4,78461,4,207468,4,376353,8,555597,96,0,0,3497,1,33975,1,2675,1,0,0,0,0,0,0,0,0,327870,1,28585,1,4950,1,5030,1,21642,1,205926,1,25008,1,4268,1,19898,1,27393,1,291149,1,15731,1,0,1,9570,1,4060,1,15731,1,9570,1,48,1,1240,1,1,1,0,1,0,1,5509,1,4061,1,0,0,203216,1,277398,1,768,1,768,1,0,1,96,1,2208,1,96,1,0,1,0,1,0,1,0,1,0,1,8,1,0,1,0,1,0,1,0,1,15731,1,0,1,0,1,3481,1,121605,1,8,1,8,1,0,1
15,2041800,4057,9570,35.64575,,0,8,8,96,33092,8336,30939,2008708,16,182,50,1,26932,1,40,1,260170,1,318993,1,86626,1,1305187,1,10711,1,317299,1,11692,4,268957,4,78791,4,207398,4,381393,8,557852,96,0,0,3226,1,25389,1,2705,1,0,0,0,0,0,0,0,0,284156,1,21171,1,4499,1,5120,1,21521,1,208250,1,24948,1,3988,1,19698,1,28084,1,265330,1,15734,1,0,1,9570,1,4057,1,15734,1,9570,1,48,1,1240,1,1,1,0,1,0,1,5508,1,4062,1,0,0,206476,1,304095,1,768,1,768,1,0,1,96,1,2328,1,96,1,0,1,0,1,0,1,0,1,0,1,8,1,0,1,0,1,0,1,0,1,15734,1,0,1,0,1,2986,1,5379,1,8,1,8,1,0,1
16,2086000,4055,9570,35.600445,,0,8,8,96,32806,11392,29686,2053194,16,182,150,1,30569,1,70,1,285138,1,335875,1,91406,1,1299155,1,10831,1,311067,1,11843,4,268496,4,78270,4,207408,4,378297,8,556019,96,0,0,3336,1,26260,1,2785,1,0,0,0,0,0,0,0,0,300798,1,19137,1,5531,1,5941,1,24307,1,226435,1,27864,1,4619,1,20830,1,28204,1,257204,1,15727,1,0,1,9570,1,4055,1,15727,1,9570,1,48,1,1240,1,1,1,0,1,0,1,5511,1,4059,1,0,0,204196,1,302181,1,768,1,768,1,0,1,96,1,2208,1,96,1,0,1,0,1,0,1,0,1,0,1,8,1,0,1,0,1,0,1,0,1,15727,1,0,1,0,1,4370,1,169092,1,8,1,8,1,0,1
17,2059500,4051,9570,35.552414,,0,8,8,96,30683,8426,28915,2028817,16,182,50,1,31070,1,40,1,273756,1,319814,1,95634,1,1297562,1,10891,1,302902,1,11913,4,278816,4,78982,4,206447,4,380070,8,557602,96,0,0,3537,1,23746,1,2725,1,0,0,0,0,0,0,0,0,288304,1,17453,1,4689,1,5460,1,23134,1,216907,1,27874,1,5110,1,22864,1,28545,1,246183,1,15724,1,0,1,9570,1,4051,1,15724,1,9570,1,48,1,1240,1,1,1,0,1,0,1,5511,1,4059,1,0,0,197259,1,281589,1,768,1,768,1,0,1,96,1,2208,1,96,1,0,1,0,1,0,1,0,1,0,1,8,1,0,1,0,1,0,1,0,1,15724,1,0,1,0,1,3283,1,54879,1,8,1,8,1,0,1
18,2022500,4049,9570,35.501663,,0,8,8,96,29542,8366,28994,1992958,16,182,140,1,26932,1,70,1,265510,1,309344,1,87228,1,1292683,1,11051,1,300587,1,11953,4,271341,4,78902,4,205735,4,383136,8,559877,96,0,0,3336,1,26561,1,2765,1,0,0,0,0,0,0,0,0,277894,1,17604,1,4599,1,5010,1,21712,1,213490,1,25048,1,4388,1,19848,1,27823,1,248337,1,15728,1,0,1,9570,1,4049,1,15728,1,9570,1,48,1,1240,1,1,1,0,1,0,1,5517,1,4053,1,0,0,203323,1,301290,1,768,1,768,1,0,1,96,1,2220,1,96,1,0,1,0,1,0,1,0,1,0,1,8,1,0,1,0,1,0,1,0,1,15728,1,0,1,0,1,2392,1,5775,1,8,1,8,1,0,1
19,2018400,4050,9570,35.448185,,0,8,8,96,30812,8907,28494,1987588,16,182,90,1,27102,1,40,1,261623,1,318281,1,87668,1,1282002,1,10781,1,301389,1,11743,4,269057,4,78611,4,202860,4,379880,8,554246,96,0,0,3346,1,23495,1,2715,1,0,0,0,0,0,0,0,0,284967,1,18946,1,4729,1,5010,1,21571,1,209282,1,25479,1,4669,1,19958,1,28395,1,248167,1,15736,1,0,1,9570,1,4050,1,15736,1,9570,1,48,1,1240,1,1,1,0,1,0,1,5519,1,4051,1,0,0,200210,1,277827,1,768,1,768,1,0,1,96,1,2220,1,96,1,0,1,0,1,0,1,0,1,0,1,8,1,0,1,0,1,0,1,0,1,15736,1,0,1,0,1,2524,1,72435,1,8,1,8,1,0,1
20,2537100,4829,9570,35.391983,,0,14,12,144,30215,9799,35948,2506885,16,254,30,1,26922,1,60,1,260410,1,389478,1,126333,1,1692661,1,10991,1,434214,1,11903,4,322940,4,78922,4,268005,4,521792,8,725084,144,28765,24,3897,1,38434,1,2755,1,0,0,0,0,0,0,0,0,336917,1,30609,1,10981,1,5010,1,21531,1,208611,1,24978,1,4258,1,41209,1,66979,1,321558,1,18718,1,144,1,9570,1,4829,1,18862,1,9570,1,48,1,1240,1,1,1,0,1,0,1,4736,1,4834,1,0,0,303431,1,422631,1,971,1,971,1,0,1,144,1,2628,1,144,1,0,1,1,1,0,1,0,1,1,1,12,1,8,1,0,1,0,1,136,1,18718,1,0,1,0,1,2821,1,74547,1,8,1,8,1,0,1
21,2462200,4715,9570,35.333054,,0,13,11,132,33705,9889,31642,2428495,16,242,120,1,26421,1,40,1,262464,1,447459,1,113799,1,1565507,1,12684,1,401451,1,12233,4,313292,4,79182,4,247756,4,464642,8,659606,132,21151,24,3777,1,30609,1,2675,1,0,0,0,0,0,0,0,0,407132,1,22694,1,7815,1,4980,1,20640,1,211356,1,25158,1,4238,1,41921,1,32633,1,322459,1,17266,1,101,1,9570,1,4715,1,17367,1,9570,1,48,1,1240,1,1,1,0,1,0,1,4361,1,5209,1,0,0,218110,1,402303,1,971,1,972,1,0,1,132,1,2340,1,132,1,0,1,1,1,0,1,1,1,0,1,11,1,18,1,0,1,83,1,0,1,17266,1,0,1,0,1,2788,1,82896,1,8,1,8,1,0,1
22,2439300,4565,9570,35.2714,,0,13,10,120,31215,9628,28454,2408085,16,242,10,1,26180,1,30,1,267554,1,427170,1,106835,1,1567391,1,12915,1,413464,1,11552,4,304735,4,78882,4,245291,4,459743,8,634028,120,42552,36,3667,1,37763,1,2665,1,0,0,0,0,0,0,0,0,386272,1,22383,1,6663,1,5030,1,21531,1,215544,1,25158,1,4218,1,25078,1,31711,1,352257,1,16624,1,220,1,9570,1,4565,1,16844,1,9570,1,48,1,1240,1,1,1,0,1,0,1,4678,1,4892,1,0,0,209008,1,401940,1,900,1,900,1,0,1,120,1,2208,1,120,1,0,1,1,1,1,1,0,1,1,1,10,1,12,1,46,1,0,1,162,1,16624,1,0,1,0,1,2260,1,212718,1,8,1,8,1,0,1
23,2425200,4496,9570,35.207024,,0,13,10,120,39222,9468,33823,2385978,16,242,140,1,30479,1,50,1,293093,1,398019,1,115812,1,1537684,1,10701,1,380992,1,11833,4,307420,4,79152,4,244750,4,466185,8,637517,120,39596,36,7775,1,27433,1,2675,1,0,0,0,0,0,0,0,0,353033,1,21481,1,6282,1,14348,1,23896,1,226435,1,27884,1,4849,1,26992,1,31180,1,317780,1,16445,1,200,1,9570,1,4496,1,16645,1,9570,1,48,1,1240,1,1,1,0,1,0,1,4859,1,4711,1,0,0,208842,1,353562,1,887,1,887,1,0,1,120,1,2196,1,120,1,0,1,1,1,1,1,0,1,1,1,10,1,8,1,36,1,0,1,156,1,16445,1,0,1,0,1,14157,1,171187,1,8,1,8,1,0,1
24,2304300,4419,9570,35.13992,,0,12,10,120,30923,8857,30569,2273377,16,230,10,1,30609,1,90,1,276150,1,352948,1,122215,1,1480714,1,10640,1,381743,1,11502,4,294205,4,78902,4,232507,4,431549,8,617887,120,15600,24,3547,1,35228,1,2675,1,0,0,0,0,0,0,0,0,313061,1,21181,1,6182,1,5040,1,22583,1,220994,1,27202,1,4970,1,29447,1,30749,1,316378,1,16356,1,88,1,9570,1,4419,1,16444,1,9570,1,48,1,1240,1,1,1,0,1,0,1,4975,1,4595,1,0,0,202159,1,395142,1,887,1,888,1,0,1,120,1,2292,1,120,1,0,1,1,1,0,1,1,1,0,1,10,1,24,1,0,1,64,1,0,1,16356,1,0,1,0,1,2755,1,2607,1,8,1,8,1,0,1
25,2250800,4390,9570,35.07009,,0,12,9,108,31297,9097,28133,2219503,16,230,30,1,26431,1,30,1,269979,1,361645,1,101104,1,1449685,1,10600,1,346536,1,11372,4,291430,4,78340,4,233148,4,446758,8,598791,108,52982,36,3928,1,26371,1,2705,1,0,0,0,0,0,0,0,0,323061,1,21712,1,5150,1,4909,1,20559,1,215123,1,29106,1,4499,1,23405,1,30599,1,287843,1,16055,1,291,1,9570,1,4390,1,16346,1,9570,1,48,1,1240,1,1,1,0,1,0,1,5061,1,4509,1,0,0,208256,1,335544,1,840,1,840,1,0,1,108,1,2136,1,108,1,0,1,1,1,1,1,0,1,1,1,9,1,8,1,52,1,0,1,231,1,16055,1,0,1,0,1,2689,1,17061,1,8,1,8,1,0,1
26,2256000,4353,9570,34.997536,,0,12,9,108,30756,8877,27742,2225244,16,230,130,1,26371,1,20,1,270459,1,372626,1,100723,1,1444024,1,10891,1,342728,1,11342,4,292061,4,78902,4,230302,4,442821,8,601476,108,43904,36,3827,1,30448,1,2715,1,0,0,0,0,0,0,0,0,336617,1,19327,1,5220,1,4970,1,21381,1,217237,1,26601,1,4509,1,22914,1,30188,1,284927,1,16062,1,229,1,9570,1,4353,1,16291,1,9570,1,48,1,1240,1,1,1,0,1,0,1,5113,1,4457,1,0,0,205698,1,329769,1,828,1,828,1,0,1,108,1,2136,1,108,1,0,1,1,1,1,1,0,1,1,1,9,1,4,1,49,1,0,1,176,1,16062,1,0,1,0,1,2079,1,825,1,8,1,8,1,0,1
27,2308100,4336,9570,34.92226,,0,12,9,108,31668,8987,29354,2276432,16,230,160,1,27012,1,80,1,266091,1,391392,1,100744,1,1479953,1,11001,1,332218,1,11843,4,287172,4,78631,4,243017,4,477637,8,650902,108,40398,36,7404,1,30318,1,2725,1,0,0,0,0,0,0,0,0,354120,1,20048,1,5601,1,5040,1,21581,1,214001,1,25188,1,4889,1,22032,1,30589,1,274497,1,16019,1,201,1,9570,1,4336,1,16220,1,9570,1,48,1,1240,1,1,1,0,1,0,1,5148,1,4422,1,0,0,198968,1,437283,1,828,1,828,1,0,1,108,1,2124,1,108,1,0,1,2,1,0,1,0,1,1,1,9,1,32,1,0,1,0,1,169,1,16019,1,0,1,0,1,1765,1,276837,1,8,1,8,1,0,1
28,2746100,4982,9570,34.844257,,0,14,11,132,38710,10009,33192,2707390,16,242,110,1,30509,1,40,1,277683,1,455836,1,130601,1,1801681,1,10931,1,502776,1,12163,4,336496,4,78571,4,273816,4,532874,8,708683,132,64814,36,3988,1,48243,1,2745,1,0,0,0,0,0,0,0,0,392314,1,36781,1,11342,1,5781,1,23084,1,219572,1,28495,1,4128,1,33384,1,46309,1,418684,1,18465,1,392,1,9570,1,4982,1,18857,1,9570,1,48,1,1240,1,1,1,0,1,0,1,4511,1,5059,1,0,0,244835,1,397683,1,984,1,984,1,0,1,132,1,2472,1,132,1,0,1,1,1,0,1,0,1,2,1,11,1,28,1,0,1,0,1,364,1,18465,1,0,1,0,1,14206,1,171303,1,8,1,8,1,0,1
29,2513500,4783,9570,34.763527,,0,14,11,132,30461,9498,34065,2483039,16,254,70,1,26290,1,40,1,268606,1,447870,1,118337,1,1611095,1,10731,1,419917,1,11943,4,316338,4,78771,4,253787,4,478569,8,668956,132,29336,36,8296,1,31290,1,2685,1,0,0,0,0,0,0,0,0,406160,1,22463,1,6893,1,4909,1,21020,1,217157,1,25158,1,4288,1,31591,1,33334,1,350533,1,17239,1,139,1,9570,1,4783,1,17378,1,9570,1,48,1,1240,1,1,1,0,1,0,1,4166,1,5404,1,0,0,220092,1,354585,1,971,1,971,1,0,1,132,1,2412,1,132,1,0,1,2,1,0,1,1,1,0,1,11,1,19,1,0,1,120,1,0,1,17239,1,0,1,0,1,2260,1,151536,1,8,1,8,1,0,1
30,2431400,4670,9570,34.680073,,0,13,11,132,30569,9378,30759,2400831,16,242,130,1,26020,1,80,1,265179,1,405439,1,115201,1,1578091,1,10691,1,401130,1,12193,4,311178,4,78902,4,250421,4,467087,8,661471,132,25278,24,4188,1,40868,1,2745,1,0,0,0,0,0,0,0,0,362627,1,22363,1,6673,1,4909,1,21551,1,213240,1,25208,1,3988,1,26541,1,32382,1,338029,1,16931,1,131,1,9570,1,4670,1,17062,1,9570,1,48,1,1240,1,1,1,0,1,0,1,4483,1,5087,1,0,0,216114,1,395472,1,971,1,972,1,0,1,132,1,2328,1,132,1,0,1,1,1,0,1,1,1,0,1,11,1,20,1,0,1,111,1,0,1,16931,1,0,1,0,1,2062,1,126390,1,8,1,8,1,0,1
31,2391100,4639,9570,34.593895,,0,13,11,132,31047,9339,31399,2360053,16,242,170,1,26391,1,90,1,262464,1,399908,1,113117,1,1547172,1,10741,1,382705,1,12364,4,309685,4,79893,4,248557,4,466686,8,660570,132,23275,24,3767,1,31390,1,2785,1,0,0,0,0,0,0,0,0,358418,1,21712,1,6242,1,4919,1,21832,1,210424,1,24998,1,4318,1,24888,1,32442,1,320856,1,16699,1,106,1,9570,1,4639,1,16805,1,9570,1,48,1,1240,1,1,1,0,1,0,1,4722,1,4848,1,0,0,219362,1,396528,1,960,1,960,1,0,1,132,1,2292,1,132,1,0,1,1,1,0,1,1,1,0,1,11,1,12,1,0,1,94,1,0,1,16699,1,0,1,0,1,2458,1,208395,1,8,1,8,1,0,1
32,2368600,4573,9570,34.504993,,0,13,11,132,30830,9158,30007,2337770,16,242,30,1,26220,1,50,1,268646,1,402734,1,111765,1,1517445,1,10881,1,372516,1,12103,4,303673,4,79463,4,243748,4,454693,8,642785,132,25649,24,4028,1,35388,1,2675,1,0,0,0,0,0,0,0,0,362095,1,21271,1,5771,1,4879,1,21401,1,216826,1,25218,1,4238,1,23936,1,31761,1,312390,1,16368,1,130,1,9570,1,4573,1,16498,1,9570,1,48,1,1240,1,1,1,0,1,0,1,4818,1,4752,1,0,0,218729,1,322410,1,948,1,948,1,0,1,132,1,2268,1,132,1,0,1,1,1,0,1,1,1,0,1,11,1,24,1,0,1,106,1,0,1,16368,1,0,1,0,1,2623,1,217404,1,8,1,8,1,0,1
33,2377300,4491,9570,34.413364,,0,13,11,132,32366,11753,32032,2344934,16,242,150,1,31160,1,60,1,280409,1,392464,1,143496,1,1486094,1,11101,1,363538,1,12314,4,298433,4,79352,4,240642,4,445656,8,634348,132,19918,24,3667,1,28064,1,2675,1,0,0,0,0,0,0,0,0,347748,1,22313,1,6953,1,5721,1,23535,1,222578,1,27994,1,5511,1,28805,1,30759,1,298283,1,16106,1,116,1,9570,1,4491,1,16222,1,9570,1,48,1,1240,1,1,1,0,1,0,1,4921,1,4649,1,0,0,212499,1,334653,1,936,1,936,1,0,1,132,1,2196,1,132,1,0,1,1,1,0,1,1,1,0,1,11,1,24,1,0,1,92,1,0,1,16106,1,0,1,0,1,3644,1,92301,1,8,1,8,1,0,1
34,2713300,5031,9570,34.31901,,0,14,11,132,35161,10210,33874,2678139,16,254,130,1,28495,1,50,1,279327,1,450921,1,147563,1,1760982,1,10670,1,470714,1,12654,4,334913,4,78310,4,275880,4,524628,8,706568,132,60065,36,3998,1,46980,1,2695,1,0,0,0,0,0,0,0,0,396407,1,27753,1,10650,1,5561,1,23535,1,221776,1,27954,1,4970,1,36029,1,37753,1,391773,1,17973,1,388,1,9570,1,5031,1,18361,1,9570,1,48,1,1240,1,1,1,0,1,0,1,4411,1,5159,1,0,0,227329,1,422136,1,1019,1,1020,1,0,1,132,1,2472,1,132,1,0,1,1,1,0,1,1,1,1,1,11,1,16,1,0,1,124,1,248,1,17973,1,0,1,0,1,13878,1,221018,1,8,1,8,1,0,1
35,2586500,4806,9570,34.221935,,0,14,11,132,33246,11061,35497,2553254,16,254,140,1,30639,1,80,1,279868,1,456216,1,129318,1,1646292,1,10701,1,433883,1,12254,4,322630,4,79242,4,260741,4,488348,8,682773,132,30819,36,3998,1,31460,1,2675,1,0,0,0,0,0,0,0,0,409597,1,23185,1,8146,1,5551,1,23175,1,222497,1,28074,1,5280,1,31330,1,33334,1,363759,1,16833,1,118,1,9570,1,4806,1,16951,1,9570,1,48,1,1240,1,1,1,0,1,0,1,4151,1,5419,1,0,0,218297,1,392667,1,983,1,983,1,0,1,132,1,2364,1,132,1,0,1,2,1,0,1,1,1,0,1,11,1,20,1,0,1,98,1,0,1,16833,1,0,1,0,1,2525,1,115071,1,8,1,8,1,0,1
36,2531800,4646,9570,34.12213,,0,14,11,132,30606,9248,31821,2501194,16,254,70,1,30769,1,40,1,279467,1,439845,1,142313,1,1597909,1,10781,1,411861,1,12043,4,310987,4,79082,4,252094,4,476696,8,668525,132,28445,36,3757,1,39476,1,2665,1,0,0,0,0,0,0,0,0,393796,1,22202,1,8005,1,5070,1,21632,1,224842,1,27573,1,4819,1,34045,1,32182,1,340584,1,16171,1,126,1,9570,1,4646,1,16297,1,9570,1,48,1,1240,1,1,1,0,1,0,1,4397,1,5173,1,0,0,221083,1,358776,1,958,1,960,1,0,1,132,1,2316,1,132,1,0,1,2,1,0,1,1,1,0,1,11,1,29,1,0,1,97,1,0,1,16171,1,0,1,0,1,2656,1,225390,1,8,1,8,1,0,1
37,2421800,4535,9570,34.019604,,0,13,10,120,30978,9178,30108,2390822,16,242,110,1,26481,1,30,1,269668,1,416199,1,115843,1,1551380,1,11111,1,372455,1,12023,4,302641,4,79623,4,252675,4,486655,8,648646,120,60576,36,4008,1,29417,1,2705,1,0,0,0,0,0,0,0,0,371674,1,21491,1,7084,1,4859,1,21451,1,216195,1,26781,1,4128,1,25870,1,31310,1,310947,1,15408,1,325,1,9570,1,4535,1,15733,1,9570,1,48,1,1240,1,1,1,0,1,0,1,4643,1,4927,1,0,0,221048,1,405174,1,924,1,924,1,0,1,120,1,2160,1,120,1,0,1,1,1,0,1,1,1,1,1,10,1,4,1,0,1,74,1,247,1,15408,1,0,1,0,1,1831,1,561,1,8,1,8,1,0,1
38,2375200,4502,9570,33.91435,,0,13,11,132,31108,9148,30748,2344092,16,242,50,1,26451,1,40,1,266141,1,398836,1,118037,1,1523516,1,11021,1,373527,1,12754,4,301649,4,79623,4,244670,4,456787,8,650270,132,20439,24,3667,1,38985,1,2705,1,0,0,0,0,0,0,0,0,353840,1,21040,1,7324,1,4879,1,21581,1,213991,1,25389,1,4058,1,24848,1,31160,1,313282,1,15473,1,104,1,9570,1,4502,1,15577,1,9570,1,48,1,1240,1,1,1,0,1,0,1,4816,1,4754,1,0,0,216518,1,356466,1,960,1,960,1,0,1,132,1,2184,1,132,1,0,1,1,1,0,1,1,1,0,1,11,1,12,1,0,1,92,1,0,1,15473,1,0,1,0,1,2937,1,133617,1,8,1,8,1,0,1
39,2600900,4984,9570,33.806374,,0,14,12,144,30803,10049,35387,2570097,16,254,20,1,26972,1,70,1,266302,1,448241,1,135230,1,1682482,1,10781,1,427150,1,12624,4,335344,4,80104,4,270329,4,506503,8,716287,144,25158,24,4418,1,33234,1,2725,1,0,0,0,0,0,0,0,0,395480,1,24607,1,11181,1,5090,1,21732,1,213550,1,25579,1,4518,1,33695,1,38514,1,350233,1,17363,1,128,1,9570,1,4984,1,17491,1,9570,1,48,1,1240,1,1,1,0,1,0,1,4403,1,5167,1,0,0,228261,1,424941,1,1065,1,1067,1,0,1,144,1,2448,1,144,1,0,1,1,1,0,1,1,1,0,1,12,1,16,1,0,1,112,1,0,1,17363,1,0,1,0,1,2524,1,217536,1,8,1,8,1,0,1
40,2791700,5009,9570,33.69567,,0,15,11,132,49418,10190,33804,2742282,16,266,80,1,28445,1,50,1,277543,1,478093,1,134017,1,1812952,1,11101,1,490652,1,12454,4,339091,4,79523,4,278575,4,549505,8,738850,132,55426,48,4328,1,45918,1,2715,1,0,0,0,0,0,0,0,0,420413,1,28395,1,12374,1,5130,1,21712,1,223078,1,27332,1,5060,1,33755,1,35007,1,416630,1,17089,1,251,1,9570,1,5009,1,17340,1,9570,1,48,1,1240,1,1,1,0,1,0,1,3894,1,5676,1,0,0,243675,1,478797,1,1031,1,1032,1,0,1,132,1,2436,1,132,1,0,1,2,1,1,1,0,1,1,1,11,1,10,1,49,1,0,1,192,1,17089,1,0,1,0,1,2492,1,148385,1,8,1,8,1,0,1
41,2606000,4852,9570,33.58224,,0,14,11,132,30653,9689,33042,2575347,16,254,110,1,26751,1,70,1,273896,1,448261,1,129739,1,1685618,1,10901,1,443552,1,12464,4,325996,4,80214,4,265149,4,509469,8,701399,132,40177,36,3918,1,32442,1,2725,1,0,0,0,0,0,0,0,0,397544,1,24758,1,9057,1,4950,1,21521,1,221445,1,25549,1,4829,1,29637,1,34687,1,374219,1,16401,1,190,1,9570,1,4852,1,16591,1,9570,1,48,1,1240,1,1,1,0,1,0,1,4157,1,5413,1,0,0,224722,1,456588,1,996,1,996,1,0,1,132,1,2352,1,132,1,0,1,1,1,1,1,0,1,1,1,11,1,4,1,49,1,0,1,137,1,16401,1,0,1,0,1,1996,1,126720,1,8,1,8,1,0,1
42,2529200,4753,9570,33.466087,,0,14,11,132,31372,9649,31851,2497828,16,254,70,1,26431,1,30,1,270970,1,440366,1,125772,1,1623298,1,10891,1,412643,1,13275,4,320846,4,79843,4,258476,4,482407,8,673584,132,35448,36,4007,1,39386,1,2765,1,0,0,0,0,0,0,0,0,392694,1,22423,1,8086,1,4889,1,21541,1,216486,1,27753,1,4769,1,26912,1,33104,1,347197,1,15808,1,154,1,9570,1,4753,1,15962,1,9570,1,48,1,1240,1,1,1,0,1,0,1,4473,1,5097,1,0,0,211544,1,382767,1,994,1,994,1,0,1,132,1,2304,1,132,1,0,1,1,1,1,1,1,1,0,1,11,1,4,1,36,1,114,1,0,1,15808,1,0,1,0,1,2128,1,183183,1,8,1,8,1,0,1
43,2516300,4728,9570,33.34721,,0,14,11,132,30265,9478,31551,2486035,16,254,210,1,26671,1,40,1,272443,1,439063,1,126413,1,1610403,1,10791,1,395820,1,12524,4,316458,4,80004,4,262524,4,496604,8,687701,132,39877,36,3857,1,30368,1,2765,1,0,0,0,0,0,0,0,0,389208,1,23826,1,8617,1,4960,1,21211,1,218550,1,27423,1,4499,1,26381,1,33334,1,331387,1,15589,1,185,1,9570,1,4728,1,15774,1,9570,1,48,1,1240,1,1,1,0,1,0,1,4581,1,4989,1,0,0,226024,1,458964,1,982,1,984,1,0,1,132,1,2268,1,132,1,0,1,1,1,1,1,0,1,1,1,11,1,8,1,44,1,0,1,133,1,15589,1,0,1,0,1,1831,1,108504,1,8,1,8,1,0,1
44,2644000,4996,9570,33.22561,,0,14,11,132,30470,9959,34586,2613530,16,254,150,1,26210,1,50,1,270840,1,454934,1,135390,1,1714904,1,11051,1,425127,1,12474,4,335424,4,80104,4,273014,4,530719,8,718070,132,51078,36,4028,1,41349,1,2705,1,0,0,0,0,0,0,0,0,401611,1,24217,1,12113,1,4859,1,22032,1,218049,1,25549,1,4689,1,30288,1,37161,1,352798,1,16516,1,272,1,9570,1,4996,1,16788,1,9570,1,48,1,1240,1,1,1,0,1,0,1,4231,1,5339,1,0,0,246397,1,452562,1,1017,1,1020,1,0,1,132,1,2436,1,132,1,0,1,1,1,1,1,0,1,1,1,11,1,12,1,59,1,0,1,201,1,16516,1,0,1,0,1,2293,1,143550,1,8,1,8,1,0,1
45,2782900,5112,9570,33.10128,,0,14,12,144,30619,10129,35938,2752281,16,254,170,1,25920,1,40,1,277563,1,490051,1,139819,1,1807737,1,10981,1,462248,1,12775,4,363669,4,80044,4,279317,4,550162,8,767400,144,26140,24,6072,1,39887,1,3437,1,0,0,0,0,0,0,0,0,436318,1,24707,1,12033,1,4899,1,21722,1,223199,1,27383,1,4539,1,39746,1,39666,1,378106,1,17219,1,129,1,9570,1,5112,1,17348,1,9570,1,48,1,1240,1,1,1,0,1,0,1,3908,1,5662,1,0,0,235397,1,569266,1,1063,1,1065,1,0,1,144,1,2484,1,144,1,0,1,1,1,0,1,1,1,0,1,12,1,24,1,0,1,105,1,0,1,17219,1,0,1,0,1,1864,1,222387,1,8,1,8,1,0,1
46,2697000,4923,9570,32.974224,,0,14,11,132,32171,10210,33373,2664829,16,254,70,1,30809,1,40,1,272133,1,458891,1,135069,1,1756794,1,11021,1,453371,1,12845,4,331156,4,79723,4,275078,4,543324,8,724002,132,61027,36,4078,1,44195,1,2815,1,0,0,0,0,0,0,0,0,406441,1,25409,1,9939,1,4980,1,21862,1,219311,1,25629,1,4709,1,30108,1,34226,1,384118,1,15971,1,307,1,9570,1,4923,1,16278,1,9570,1,48,1,1240,1,1,1,0,1,0,1,4030,1,5540,1,0,0,234973,1,433818,1,1020,1,1020,1,0,1,132,1,2364,1,132,1,0,1,1,1,0,1,1,1,1,1,11,1,8,1,0,1,66,1,233,1,15971,1,0,1,0,1,2557,1,136455,1,8,1,8,1,0,1
47,2569000,4760,9570,32.844448,,0,14,11,132,32057,9558,32632,2536943,16,254,80,1,26250,1,50,1,277623,1,449503,1,130080,1,1642565,1,10791,1,416059,1,12494,4,319273,4,80104,4,261402,4,505431,8,689134,132,45066,36,3978,1,31541,1,2725,1,0,0,0,0,0,0,0,0,398425,1,23655,1,8717,1,4950,1,21972,1,224692,1,25629,1,4338,1,28264,1,33384,1,349912,1,15212,1,234,1,9570,1,4760,1,15446,1,9570,1,48,1,1240,1,1,1,0,1,0,1,4331,1,5239,1,0,0,227375,1,421113,1,995,1,995,1,0,1,132,1,2244,1,132,1,0,1,1,1,0,1,1,1,1,1,11,1,12,1,0,1,64,1,158,1,15212,1,0,1,0,1,1798,1,148071,1,8,1,8,1,0,1
48,2679800,5001,9570,32.711945,,0,14,12,144,30531,9959,34526,2649269,16,254,130,1,26551,1,50,1,283875,1,468039,1,139458,1,1720234,1,10931,1,421720,1,13195,4,339602,4,79753,4,272113,4,534517,8,737317,144,34787,24,4068,1,42592,1,2715,1,0,0,0,0,0,0,0,0,415318,1,22283,1,11532,1,4909,1,22062,1,231244,1,25349,1,4468,1,31060,1,37041,1,348880,1,16273,1,176,1,9570,1,5001,1,16449,1,9570,1,48,1,1240,1,1,1,0,1,0,1,4180,1,5390,1,0,0,227366,1,388047,1,1053,1,1056,1,0,1,144,1,2400,1,144,1,0,1,0,1,1,1,0,1,1,1,12,1,0,1,40,1,0,1,136,1,16273,1,0,1,0,1,2095,1,495,1,8,1,8,1,0,1
49,2723600,5139,9570,32.576717,,0,14,12,144,29936,10270,33925,2693664,16,254,40,1,26731,1,40,1,277794,1,477217,1,142103,1,1758828,1,10911,1,460905,1,12895,4,348089,4,79893,4,280208,4,522894,8,738308,144,30869,24,4568,1,36390,1,2715,1,0,0,0,0,0,0,0,0,420187,1,26050,1,13847,1,4889,1,22203,1,223399,1,27002,1,4709,1,35057,1,39586,1,381312,1,16761,1,162,1,9570,1,5139,1,16923,1,9570,1,48,1,1240,1,1,1,0,1,0,1,3710,1,5860,1,0,0,234254,1,452628,1,1092,1,1092,1,0,1,144,1,2484,1,144,1,0,1,1,1,0,1,0,1,1,1,12,1,21,1,0,1,0,1,141,1,16761,1,0,1,0,1,1666,1,13860,1,8,1,8,1,0,1
50,2659600,4996,9570,32.438763,,0,14,12,144,30721,9939,33965,2628879,16,254,100,1,26200,1,40,1,275098,1,483779,1,135791,1,1697050,1,10821,1,427140,1,12774,4,337007,4,79793,4,270169,4,511993,8,732548,144,15650,24,4058,1,41430,1,2745,1,0,0,0,0,0,0,0,0,433312,1,22664,1,9769,1,4869,1,22032,1,222377,1,25509,1,4980,1,30499,1,34967,1,356465,1,16396,1,76,1,9570,1,4996,1,16472,1,9570,1,48,1,1240,1,1,1,0,1,0,1,4031,1,5539,1,0,0,227520,1,454080,1,1079,1,1080,1,0,1,144,1,2484,1,144,1,0,1,1,1,1,1,0,1,0,1,12,1,16,1,60,1,0,1,0,1,16396,1,0,1,0,1,2590,1,241527,1,8,1,8,1,0,1
51,2592300,4871,9570,32.298084,,0,13,11,132,30309,10230,32572,2561991,16,242,10,1,26220,1,40,1,272884,1,458380,1,134298,1,1659357,1,10801,1,415208,1,12534,4,329513,4,79713,4,273956,4,498788,8,699935,132,40237,24,3978,1,32683,1,2755,1,0,0,0,0,0,0,0,0,407262,1,24687,1,8817,1,4879,1,22303,1,219822,1,25529,1,4619,1,28515,1,33885,1,348028,1,15840,1,210,1,9570,1,4871,1,16050,1,9570,1,48,1,1240,1,1,1,0,1,0,1,4306,1,5264,1,0,0,223786,1,444015,1,1020,1,1020,1,0,1,132,1,2364,1,132,1,0,1,0,1,1,1,0,1,1,1,11,1,0,1,48,1,0,1,162,1,15840,1,0,1,0,1,3019,1,151932,1,8,1,8,1,0,1
52,2746600,5093,9570,32.154682,,0,14,11,132,31585,10660,34295,2715015,16,254,110,1,26040,1,40,1,269197,1,474552,1,142504,1,1791782,1,10791,1,477738,1,12684,4,342869,4,79763,4,279076,4,536330,8,726476,132,54635,36,4108,1,45838,1,2715,1,0,0,0,0,0,0,0,0,418634,1,26020,1,11723,1,4909,1,21812,1,216336,1,25870,1,4579,1,34707,1,37692,1,400549,1,16703,1,282,1,9570,1,5093,1,16985,1,9570,1,48,1,1240,1,1,1,0,1,0,1,4229,1,5341,1,0,0,227931,1,409068,1,1020,1,1020,1,0,1,132,1,2484,1,132,1,0,1,1,1,1,1,0,1,1,1,11,1,8,1,48,1,0,1,226,1,16703,1,0,1,0,1,2128,1,48873,1,8,1,8,1,0,1
53,2733100,4972,9570,32.008553,,0,13,11,132,33344,10270,38553,2699756,16,239,120,1,26331,1,40,1,294947,1,491795,1,146030,1,1729141,1,11352,1,456246,1,12514,4,331857,4,79423,4,274948,4,523215,8,718461,132,41149,24,4058,1,33915,1,2695,1,0,0,0,0,0,0,0,0,432481,1,24868,1,10721,1,14638,1,23495,1,229902,1,25289,1,4328,1,33995,1,34647,1,383116,1,16437,1,208,1,9570,1,4972,1,16645,1,9570,1,48,1,1240,1,1,1,0,1,0,1,4032,1,5538,1,0,0,225451,1,453750,1,1020,1,1020,1,0,1,132,1,2460,1,132,1,0,1,0,1,1,1,0,1,1,1,11,1,0,1,49,1,0,1,159,1,16437,1,0,1,0,1,13976,1,126555,1,8,1,8,1,0,1
54,2622800,4792,9570,31.8597,,0,13,11,132,31012,9959,32662,2591788,16,242,90,1,30909,1,20,1,278545,1,468630,1,147062,1,1655840,1,10691,1,443041,1,13035,4,321477,4,79403,4,255741,4,481926,8,684676,132,20329,24,4148,1,44385,1,2725,1,0,0,0,0,0,0,0,0,416981,1,23886,1,9669,1,5150,1,22563,1,224090,1,26311,1,4819,1,34266,1,33314,1,370351,1,15830,1,102,1,9570,1,4792,1,15932,1,9570,1,48,1,1240,1,1,1,0,1,0,1,4242,1,5328,1,0,0,213920,1,425898,1,996,1,996,1,0,1,132,1,2376,1,132,1,0,1,1,1,0,1,1,1,0,1,11,1,20,1,0,1,82,1,0,1,15830,1,0,1,0,1,2326,1,226116,1,8,1,8,1,0,1
55,2536000,4796,9570,31.70812,,0,13,10,120,31730,10500,32642,2504270,16,242,20,1,26561,1,60,1,274417,1,435997,1,132094,1,1624370,1,10751,1,405479,1,12314,4,321618,4,79913,4,259589,4,496133,8,668344,120,54735,36,4058,1,32072,1,2695,1,0,0,0,0,0,0,0,0,385300,1,22884,1,9849,1,4879,1,21351,1,222497,1,25389,1,4609,1,28234,1,33605,1,338851,1,15396,1,306,1,9570,1,4796,1,15702,1,9570,1,48,1,1240,1,1,1,0,1,0,1,4369,1,5201,1,0,0,217844,1,391545,1,947,1,948,1,0,1,120,1,2328,1,120,1,0,1,1,1,1,1,0,1,1,1,10,1,12,1,57,1,0,1,237,1,15396,1,0,1,0,1,2095,1,27291,1,8,1,8,1,0,1
56,2619800,4911,9570,31.553818,,0,13,10,120,30657,9689,34226,2589143,16,242,120,1,26020,1,40,1,272263,1,475273,1,134328,1,1670098,1,11001,1,425147,1,12614,4,329593,4,79573,4,263676,4,501102,8,669536,120,61017,36,4669,1,41299,1,2735,1,0,0,0,0,0,0,0,0,421249,1,23705,1,13205,1,4849,1,21692,1,220233,1,25228,1,4889,1,30338,1,35438,1,354311,1,15945,1,319,1,9570,1,4911,1,16264,1,9570,1,48,1,1240,1,1,1,0,1,0,1,4185,1,5385,1,0,0,213345,1,376299,1,960,1,960,1,0,1,120,1,2376,1,120,1,0,1,1,1,1,1,0,1,1,1,10,1,22,1,55,1,0,1,242,1,15945,1,0,1,0,1,2227,1,198759,1,8,1,8,1,0,1
57,2548400,4780,9570,31.39679,,0,14,10,120,31315,10230,32331,2517085,16,254,90,1,27032,1,20,1,276090,1,444664,1,136061,1,1622356,1,10771,1,412993,1,12775,4,320385,4,79823,4,259759,4,487196,8,670810,120,43814,48,4098,1,32362,1,2735,1,0,0,0,0,0,0,0,0,394989,1,22734,1,9999,1,4919,1,21902,1,223139,1,25850,1,4068,1,27603,1,32863,1,348169,1,15714,1,201,1,9570,1,4780,1,15915,1,9570,1,48,1,1240,1,1,1,0,1,0,1,4405,1,5165,1,0,0,213827,1,354354,1,936,1,936,1,0,1,120,1,2376,1,120,1,0,1,3,1,0,1,0,1,1,1,10,1,35,1,0,1,0,1,166,1,15714,1,0,1,0,1,2377,1,126324,1,8,1,8,1,0,1
58,2546600,4734,9570,31.237036,,0,13,10,120,31329,9439,30899,2515271,16,242,210,1,26020,1,40,1,273706,1,445927,1,129920,1,1628598,1,10851,1,427391,1,12754,4,318903,4,79673,4,256553,4,472738,8,663164,120,35228,36,3877,1,44505,1,2765,1,0,0,0,0,0,0,0,0,394578,1,24497,1,10059,1,5020,1,21201,1,221896,1,25289,1,4609,1,26601,1,33194,1,362797,1,15644,1,141,1,9570,1,4734,1,15785,1,9570,1,48,1,1240,1,1,1,0,1,0,1,4548,1,5022,1,0,0,209967,1,385011,1,924,1,924,1,0,1,120,1,2340,1,120,1,0,1,2,1,0,1,1,1,0,1,10,1,20,1,0,1,121,1,0,1,15644,1,0,1,0,1,2689,1,50853,1,8,1,8,1,0,1
59,2514900,4748,9570,31.074558,,0,13,10,120,30799,9488,30207,2484101,16,242,100,1,26381,1,30,1,274147,1,445255,1,130651,1,1596577,1,10961,1,425638,1,12795,4,316939,4,79413,4,247515,4,466215,8,658526,120,24998,36,3777,1,32072,1,2725,1,0,0,0,0,0,0,0,0,392204,1,24337,1,12825,1,4859,1,21622,1,222006,1,25359,1,4659,1,27954,1,33124,1,359701,1,15913,1,100,1,9570,1,4748,1,16013,1,9570,1,48,1,1240,1,1,1,0,1,0,1,4439,1,5131,1,0,0,207015,1,386991,1,924,1,924,1,0,1,120,1,2352,1,120,1,0,1,2,1,0,1,1,1,0,1,10,1,23,1,0,1,77,1,0,1,15913,1,0,1,0,1,1798,1,71412,1,8,1,8,1,0,1
60,2484400,4704,9570,30.909355,,0,12,10,120,30777,9418,30649,2453623,16,230,170,1,25810,1,20,1,274407,1,435577,1,130711,1,1576167,1,10761,1,402383,1,12774,4,315546,4,80134,4,247876,4,458611,8,654948,120,20890,24,3807,1,42862,1,2755,1,0,0,0,0,0,0,0,0,388256,1,22042,1,9218,1,4899,1,21020,1,222898,1,25359,1,4609,1,26361,1,33104,1,338119,1,15920,1,82,1,9570,1,4704,1,16002,1,9570,1,48,1,1240,1,1,1,0,1,0,1,4617,1,4953,1,0,0,210220,1,335610,1,923,1,924,1,0,1,120,1,2364,1,120,1,0,1,1,1,0,1,1,1,0,1,10,1,9,1,0,1,73,1,0,1,15920,1,0,1,0,1,1963,1,116886,1,8,1,8,1,0,1
61,2470600,4678,9570,30.741426,,0,12,10,120,30012,9328,30378,2440588,16,230,90,1,26441,1,20,1,278535,1,440396,1,127114,1,1557081,1,10911,1,387945,1,12634,4,313572,4,79893,4,249469,4,462779,8,661180,120,20690,24,3757,1,32623,1,5080,1,0,0,0,0,0,0,0,0,392544,1,22223,1,9909,1,4879,1,21501,1,224531,1,27343,1,4358,1,25639,1,32843,1,324834,1,15884,1,81,1,9570,1,4678,1,15965,1,9570,1,48,1,1240,1,1,1,0,1,0,1,4673,1,4897,1,0,0,210085,1,371415,1,912,1,912,1,0,1,120,1,2352,1,120,1,0,1,1,1,0,1,1,1,0,1,10,1,8,1,0,1,73,1,0,1,15884,1,0,1,0,1,2194,1,50721,1,8,1,8,1,0,1
62,2495100,4666,9570,30.570772,,0,12,10,120,31448,9308,30449,2463652,16,230,180,1,26621,1,40,1,278775,1,443512,1,127886,1,1575887,1,10751,1,401822,1,12965,4,312630,4,81557,4,247045,4,461116,8,657292,120,20419,24,3737,1,43003,1,2705,1,0,0,0,0,0,0,0,0,395880,1,21852,1,11001,1,4879,1,21822,1,226335,1,25429,1,4398,1,26381,1,32973,1,337859,1,15772,1,75,1,9570,1,4666,1,15847,1,9570,1,48,1,1240,1,1,1,0,1,0,1,4636,1,4934,1,0,0,204933,1,363528,1,912,1,912,1,0,1,120,1,2352,1,120,1,0,1,1,1,0,1,1,1,0,1,10,1,11,1,0,1,64,1,0,1,15772,1,0,1,0,1,2458,1,495,1,8,1,8,1,0,1
63,2504800,4609,9570,30.397394,,0,11,9,108,31259,9308,30028,2473541,16,218,90,1,26591,1,40,1,273165,1,464001,1,125691,1,1573082,1,10881,1,400159,1,12524,4,309504,4,79803,4,255330,4,466115,8,644237,108,47181,24,3687,1,33835,1,2815,1,0,0,0,0,0,0,0,0,415698,1,23866,1,9538,1,4859,1,20990,1,221125,1,25890,1,4579,1,25429,1,32422,1,337508,1,15605,1,248,1,9570,1,4609,1,15853,1,9570,1,48,1,1240,1,1,1,0,1,0,1,4745,1,4825,1,0,0,205532,1,308550,1,864,1,864,1,0,1,108,1,2304,1,108,1,0,1,1,1,0,1,0,1,1,1,9,1,22,1,0,1,0,1,226,1,15605,1,0,1,0,1,3136,1,174603,1,8,1,8,1,0,1
64,2501400,4623,9570,30.22129,,0,12,9,108,31025,9539,29876,2470375,16,230,10,1,26581,1,40,1,274908,1,435436,1,125231,1,1597048,1,11121,1,433623,1,12414,4,310707,4,79763,4,241273,4,458741,8,619681,108,50457,36,3807,1,44425,1,2755,1,0,0,0,0,0,0,0,0,387184,1,23796,1,9488,1,4829,1,21852,1,222327,1,25579,1,4248,1,25088,1,32813,1,371273,1,15755,1,241,1,9570,1,4623,1,15996,1,9570,1,48,1,1240,1,1,1,0,1,0,1,4799,1,4771,1,0,0,202002,1,291126,1,864,1,864,1,0,1,108,1,2304,1,108,1,0,1,1,1,1,1,0,1,1,1,9,1,4,1,36,1,0,1,201,1,15755,1,0,1,0,1,2128,1,56463,1,8,1,8,1,0,1
65,2442900,4625,9570,30.042463,,0,12,9,108,30226,9148,29786,2412674,16,230,130,1,26741,1,40,1,272263,1,427581,1,124980,1,1547943,1,12995,1,397974,1,12364,4,309865,4,79473,4,244429,4,456908,8,627436,108,44115,36,3998,1,31050,1,2735,1,0,0,0,0,0,0,0,0,381974,1,22273,1,9138,1,4839,1,21842,1,217818,1,27433,1,4519,1,25349,1,32332,1,335585,1,15812,1,212,1,9570,1,4625,1,16024,1,9570,1,48,1,1240,1,1,1,0,1,0,1,4787,1,4783,1,0,0,206923,1,311982,1,863,1,863,1,0,1,108,1,2316,1,108,1,0,1,2,1,0,1,0,1,1,1,9,1,25,1,0,1,0,1,187,1,15812,1,0,1,0,1,2524,1,46497,1,8,1,8,1,0,1
66,2411100,4579,9570,29.860909,,0,12,9,108,29886,9318,31261,2381214,16,230,110,1,26441,1,40,1,272724,1,427691,1,123477,1,1519919,1,10811,1,373127,1,12304,4,306709,4,79803,4,240542,4,455024,8,628116,108,36190,36,3677,1,36670,1,2745,1,0,0,0,0,0,0,0,0,384769,1,20008,1,8907,1,4869,1,21601,1,220393,1,25519,1,4408,1,24337,1,32112,1,312089,1,15822,1,154,1,9570,1,4579,1,15976,1,9570,1,48,1,1240,1,1,1,0,1,0,1,4851,1,4719,1,0,0,203444,1,326436,1,840,1,840,1,0,1,108,1,2280,1,108,1,0,1,2,1,0,1,1,1,0,1,9,1,34,1,0,1,120,1,0,1,15822,1,0,1,0,1,2062,1,528,1,8,1,8,1,0,1
67,2494200,4610,9570,29.67663,,0,12,9,108,38363,9859,34726,2455837,16,230,140,1,30789,1,70,1,293003,1,434525,1,126513,1,1560026,1,10771,1,377665,1,12824,4,317670,4,82919,4,269448,4,453571,8,651843,108,36450,36,3016,1,30348,1,2705,1,0,0,0,0,0,0,0,0,385551,1,23275,1,8146,1,13636,1,23225,1,229170,1,26421,1,5100,1,26621,1,32262,1,313492,1,15966,1,146,1,9570,1,4610,1,16112,1,9570,1,48,1,1240,1,1,1,0,1,0,1,4866,1,4704,1,0,0,196405,1,337161,1,851,1,851,1,0,1,108,1,2304,1,108,1,0,1,2,1,0,1,1,1,0,1,9,1,21,1,0,1,125,1,0,1,15966,1,0,1,0,1,14718,1,1221,1,8,1,8,1,0,1
68,2414600,4550,9570,29.489626,,0,11,9,108,30360,9258,31700,2384240,16,218,140,1,30929,1,40,1,280599,1,413554,1,141702,1,1506564,1,10711,1,388075,1,12494,4,302090,4,79693,4,231525,4,438873,8,617998,108,20700,24,3637,1,38213,1,2705,1,0,0,0,0,0,0,0,0,370442,1,21351,1,8346,1,5130,1,22994,1,223770,1,28395,1,5060,1,30278,1,31631,1,320926,1,15946,1,82,1,9570,1,4550,1,16028,1,9570,1,48,1,1240,1,1,1,0,1,0,1,4894,1,4676,1,0,0,197945,1,296868,1,840,1,840,1,0,1,108,1,2292,1,108,1,0,1,1,1,0,1,1,1,0,1,9,1,7,1,0,1,75,1,0,1,15946,1,0,1,0,1,2227,1,20823,1,8,1,8,1,0,1
69,2377000,4524,9570,29.299898,,0,11,9,108,31304,9198,30287,2345696,16,218,50,1,26591,1,40,1,274878,1,419826,1,119940,1,1493489,1,10881,1,357847,1,12594,4,302130,4,82749,4,241494,4,449674,8,641744,108,19137,24,3657,1,31430,1,2715,1,0,0,0,0,0,0,0,0,377215,1,21601,1,7955,1,4879,1,21060,1,223229,1,25359,1,4068,1,23525,1,31641,1,298433,1,15963,1,58,1,9570,1,4524,1,16021,1,9570,1,48,1,1240,1,1,1,0,1,0,1,4957,1,4613,1,0,0,207720,1,358281,1,839,1,839,1,0,1,108,1,2292,1,108,1,0,1,1,1,1,1,0,1,0,1,9,1,4,1,54,1,0,1,0,1,15963,1,0,1,0,1,2227,1,48147,1,8,1,8,1,0,1
70,2514400,4535,9570,29.107445,,0,11,9,108,40047,10129,31931,2474353,16,218,150,1,30388,1,80,1,293233,1,435416,1,146091,1,1557722,1,11272,1,426830,1,12494,4,305296,4,79683,4,239420,4,436208,8,622967,108,20730,24,4168,1,40668,1,2825,1,0,0,0,0,0,0,0,0,384629,1,24297,1,7785,1,12664,1,23605,1,230062,1,26331,1,5170,1,30489,1,31971,1,359010,1,16066,1,69,1,9570,1,4535,1,16135,1,9570,1,48,1,1240,1,1,1,0,1,0,1,4978,1,4592,1,0,0,196334,1,285582,1,828,1,828,1,0,1,108,1,2280,1,108,1,0,1,1,1,1,1,0,1,0,1,9,1,6,1,63,1,0,1,0,1,16066,1,0,1,0,1,15378,1,175527,1,8,1,8,1,0,1
71,2385900,4528,9570,28.912266,,0,11,9,108,31147,9157,29286,2354753,16,218,60,1,30659,1,30,1,279747,1,420277,1,125962,1,1487146,1,10871,1,360993,1,12865,4,312019,4,79954,4,235643,4,440226,8,631293,108,15289,24,3978,1,29567,1,2745,1,0,0,0,0,0,0,0,0,380260,1,20209,1,7234,1,5120,1,23024,1,223329,1,27994,1,5200,1,26431,1,31691,1,297491,1,16175,1,47,1,9570,1,4528,1,16222,1,9570,1,48,1,1240,1,1,1,0,1,0,1,4978,1,4592,1,0,0,198189,1,348711,1,828,1,828,1,0,1,108,1,2328,1,108,1,0,1,1,1,1,1,0,1,0,1,9,1,7,1,40,1,0,1,0,1,16175,1,0,1,0,1,2293,1,693,1,8,1,8,1,0,1
72,2336900,4533,9570,28.714361,,0,11,9,108,30791,9087,28325,2306109,16,218,80,1,27042,1,40,1,276411,1,405339,1,119650,1,1466797,1,10751,1,354681,1,12654,4,302241,4,79533,4,230683,4,435076,8,627826,108,9608,24,3677,1,36500,1,2665,1,0,0,0,0,0,0,0,0,366754,1,19087,1,7154,1,4889,1,22012,1,223549,1,25639,1,4449,1,23265,1,31501,1,295257,1,16235,1,31,1,9570,1,4533,1,16266,1,9570,1,48,1,1240,1,1,1,0,1,0,1,4987,1,4583,1,0,0,195472,1,338316,1,828,1,828,1,0,1,108,1,2292,1,108,1,0,1,2,1,0,1,0,1,0,1,9,1,31,1,0,1,0,1,0,1,16235,1,0,1,0,1,2392,1,627,1,8,1,8,1,0,1
73,2336400,4529,9570,28.745474,,0,10,9,108,32535,9348,28635,2303865,16,206,90,1,26982,1,20,1,282563,1,409216,1,118277,1,1455816,1,10901,1,356645,1,12825,4,302361,4,80034,4,230433,4,427842,8,624049,108,5591,12,3918,1,29717,1,2695,1,0,0,0,0,0,0,0,0,367476,1,22313,1,7234,1,4869,1,20990,1,230994,1,25399,1,4318,1,23104,1,31651,1,297401,1,16290,1,23,1,9570,1,4529,1,16313,1,9570,1,48,1,1240,1,1,1,0,1,0,1,5001,1,4569,1,0,0,197241,1,316437,1,828,1,828,1,0,1,108,1,2304,1,108,1,0,1,1,1,0,1,0,1,0,1,9,1,23,1,0,1,0,1,0,1,16290,1,0,1,0,1,2062,1,17622,1,8,1,8,1,0,1
74,2430300,4530,9570,28.77165,,0,11,9,108,34834,9669,32722,2395466,16,218,160,1,30609,1,40,1,285699,1,407748,1,143806,1,1516082,1,11322,1,376283,1,12865,4,304836,4,82328,4,251834,4,437871,8,641794,108,15189,24,2956,1,34707,1,2735,1,0,0,0,0,0,0,0,0,365597,1,20139,1,7735,1,5430,1,22994,1,230352,1,26491,1,4909,1,29156,1,31310,1,310717,1,16318,1,43,1,9570,1,4530,1,16361,1,9570,1,48,1,1240,1,1,1,0,1,0,1,4994,1,4576,1,0,0,193902,1,284163,1,828,1,828,1,0,1,108,1,2304,1,108,1,0,1,1,1,1,1,0,1,0,1,9,1,3,1,40,1,0,1,0,1,16318,1,0,1,0,1,2574,1,59350,1,8,1,8,1,0,1
75,2341000,4529,9570,28.79591,,0,10,9,108,32586,9007,28233,2308414,16,206,160,1,30819,1,90,1,279868,1,396512,1,134488,1,1455245,1,11232,1,360152,1,12474,4,303012,4,79312,4,228078,4,426499,8,620433,108,5911,12,3727,1,30278,1,2705,1,0,0,0,0,0,0,0,0,354731,1,22313,1,6903,1,5120,1,21501,1,226495,1,26341,1,4759,1,23054,1,31400,1,300627,1,16337,1,30,1,9570,1,4529,1,16367,1,9570,1,48,1,1240,1,1,1,0,1,0,1,5004,1,4566,1,0,0,198220,1,304722,1,816,1,816,1,0,1,108,1,2280,1,108,1,0,1,1,1,0,1,0,1,0,1,9,1,30,1,0,1,0,1,0,1,16337,1,0,1,0,1,2194,1,561,1,8,1,8,1,0,1
76,2497900,4524,9570,28.816788,,0,10,9,108,31382,9037,30719,2466518,16,206,60,1,26481,1,40,1,278355,1,493388,1,119089,1,1538365,1,10741,1,409487,1,12664,4,304866,4,80014,4,235753,4,438041,8,637415,108,5661,12,3577,1,42211,1,2715,1,0,0,0,0,0,0,0,0,449333,1,24507,1,7003,1,4839,1,21932,1,225072,1,26200,1,4048,1,23235,1,30689,1,351325,1,16366,1,24,1,9570,1,4524,1,16390,1,9570,1,48,1,1240,1,1,1,0,1,0,1,5018,1,4552,1,0,0,201614,1,302016,1,816,1,816,1,0,1,108,1,2328,1,108,1,0,1,1,1,0,1,0,1,0,1,9,1,24,1,0,1,0,1,0,1,16366,1,0,1,0,1,3917,1,87615,1,8,1,8,1,0,1
77,2336800,4517,9570,28.83433,,0,10,9,108,29739,9177,28294,2307061,16,206,80,1,26771,1,40,1,271752,1,401201,1,117506,1,1478750,1,10961,1,381553,1,12274,4,302912,4,79653,4,230873,4,427321,8,624119,108,5781,12,3998,1,28284,1,2705,1,0,0,0,0,0,0,0,0,361534,1,21020,1,6392,1,4829,1,21932,1,219582,1,25098,1,4439,1,22664,1,31751,1,322489,1,16419,1,23,1,9570,1,4517,1,16442,1,9570,1,48,1,1240,1,1,1,0,1,0,1,5025,1,4545,1,0,0,200184,1,304788,1,816,1,816,1,0,1,108,1,2292,1,108,1,0,1,1,1,0,1,0,1,0,1,9,1,23,1,0,1,0,1,0,1,16419,1,0,1,0,1,2623,1,1353,1,8,1,8,1,0,1
78,2415200,4520,9570,28.848581,,0,10,9,108,34247,9398,33503,2380953,16,206,170,1,30679,1,60,1,289606,1,419305,1,136192,1,1494140,1,10801,1,371564,1,12734,4,315155,4,79873,4,234500,4,428012,8,623549,108,5460,12,3857,1,36330,1,2715,1,0,0,0,0,0,0,0,0,377946,1,21351,1,6893,1,5280,1,23154,1,233579,1,26962,1,4889,1,27232,1,31731,1,307531,1,16423,1,15,1,9570,1,4520,1,16438,1,9570,1,48,1,1240,1,1,1,0,1,0,1,5023,1,4547,1,0,0,190829,1,286638,1,816,1,816,1,0,1,108,1,2292,1,108,1,0,1,1,1,0,1,0,1,0,1,9,1,15,1,0,1,0,1,0,1,16423,1,0,1,0,1,2937,1,122628,1,8,1,8,1,0,1
79,2362100,4514,9568,28.862343,,0,10,9,108,30562,9007,28154,2331538,16,206,130,1,31020,1,40,1,271892,1,415107,1,139698,1,1462840,1,10811,1,356675,1,12244,4,301439,4,79232,4,232907,4,435366,8,629829,108,10290,12,3657,1,29617,1,2695,1,0,0,0,0,0,0,0,0,374119,1,21481,1,6913,1,5150,1,22874,1,217297,1,26230,1,4970,1,29867,1,31180,1,290478,1,16435,1,36,1,9568,1,4514,1,16471,1,9568,1,48,1,1240,1,1,1,0,1,0,1,5029,1,4539,1,0,0,199483,1,332607,1,828,1,828,1,0,1,108,1,2292,1,108,1,0,1,0,1,1,1,0,1,0,1,9,1,0,1,36,1,0,1,0,1,16435,1,0,1,0,1,2095,1,61776,1,8,1,8,1,0,1
80,2340300,4519,9568,28.873486,,0,10,9,108,30033,9097,28685,2310267,16,206,180,1,26701,1,30,1,268876,1,403395,1,118037,1,1482177,1,10871,1,366133,1,12484,4,303403,4,79342,4,233488,4,431689,8,623949,108,12544,12,3637,1,40227,1,2675,1,0,0,0,0,0,0,0,0,363158,1,21652,1,6482,1,4899,1,21361,1,216506,1,25800,1,4529,1,22463,1,31521,1,307441,1,16444,1,47,1,9568,1,4519,1,16491,1,9568,1,48,1,1240,1,1,1,0,1,0,1,5025,1,4543,1,0,0,197237,1,316041,1,816,1,816,1,0,1,108,1,2292,1,108,1,0,1,0,1,1,1,0,1,0,1,9,1,0,1,47,1,0,1,0,1,16444,1,0,1,0,1,2260,1,561,1,8,1,8,1,0,1
81,2301800,4518,9568,28.88324,,0,10,9,108,29966,9128,28214,2271834,16,206,30,1,27723,1,50,1,267704,1,400940,1,118538,1,1446128,1,10721,1,354210,1,12564,4,302251,4,79132,4,227106,4,425437,8,618699,108,5631,12,3647,1,29968,1,2685,1,0,0,0,0,0,0,0,0,360783,1,21311,1,6823,1,4899,1,21161,1,214432,1,26932,1,4408,1,23134,1,31470,1,294997,1,16476,1,27,1,9568,1,4518,1,16503,1,9568,1,48,1,1240,1,1,1,0,1,0,1,5024,1,4544,1,0,0,194703,1,277695,1,816,1,816,1,0,1,108,1,2292,1,108,1,0,1,1,1,0,1,0,1,0,1,9,1,27,1,0,1,0,1,0,1,16476,1,0,1,0,1,2293,1,396,1,8,1,8,1,0,1
82,2328300,4518,9568,28.892859,,0,10,9,108,30537,9118,28775,2297763,16,206,30,1,26290,1,40,1,267303,1,395560,1,119229,1,1478470,1,10841,1,356835,1,12584,4,304264,4,79242,4,237616,4,434935,8,633677,108,10099,12,3617,1,37552,1,2705,1,0,0,0,0,0,0,0,0,356094,1,20960,1,6392,1,4899,1,22092,1,214292,1,25699,1,4318,1,22674,1,31561,1,298063,1,16476,1,31,1,9568,1,4518,1,16507,1,9568,1,48,1,1240,1,1,1,0,1,0,1,5027,1,4541,1,0,0,199159,1,346632,1,816,1,816,1,0,1,108,1,2292,1,108,1,0,1,1,1,0,1,0,1,0,1,9,1,31,1,0,1,0,1,0,1,16476,1,0,1,0,1,2458,1,5379,1,8,1,8,1,0,1
83,2324300,4516,9568,28.90075,,0,10,9,108,31025,9198,28564,2293275,16,206,40,1,26791,1,40,1,269548,1,401271,1,118347,1,1466256,1,10981,1,363709,1,12244,4,303413,4,79823,4,231084,4,430717,8,627547,108,5691,12,3787,1,29567,1,2715,1,0,0,0,0,0,0,0,0,359100,1,23625,1,6513,1,4899,1,21902,1,215053,1,27332,1,4729,1,22724,1,31591,1,304455,1,16487,1,28,1,9568,1,4516,1,16515,1,9568,1,48,1,1240,1,1,1,0,1,0,1,5028,1,4540,1,0,0,196600,1,295416,1,816,1,816,1,0,1,108,1,2304,1,108,1,0,1,1,1,0,1,0,1,0,1,9,1,28,1,0,1,0,1,0,1,16487,1,0,1,0,1,2227,1,175593,1,8,1,8,1,0,1
84,2330600,4517,9567,28.907646,,0,10,9,108,30322,9148,28334,2300278,16,206,50,1,26882,1,40,1,266812,1,407713,1,119910,1,1467869,1,11001,1,363158,1,12123,4,302561,4,79152,4,232446,4,428513,8,627035,108,5591,12,3647,1,34396,1,2725,1,0,0,0,0,0,0,0,0,368267,1,20820,1,6553,1,4919,1,21952,1,213731,1,25880,1,4368,1,23415,1,31961,1,303232,1,16504,1,24,1,9567,1,4517,1,16528,1,9567,1,48,1,1240,1,1,1,0,1,0,1,5026,1,4541,1,0,0,198581,1,316800,1,816,1,816,1,0,1,108,1,2304,1,108,1,0,1,1,1,0,1,0,1,0,1,9,1,24,1,0,1,0,1,0,1,16504,1,0,1,0,1,2227,1,204138,1,8,1,8,1,0,1
85,2314500,4508,9565,28.914537,,0,10,9,108,30393,9559,27823,2284107,16,206,130,1,26982,1,40,1,266171,1,405850,1,117816,1,1456167,1,10951,1,350483,1,12604,4,302701,4,79372,4,232697,4,433022,8,627847,108,10049,12,3637,1,29356,1,2735,1,0,0,0,0,0,0,0,0,367426,1,20199,1,6292,1,4919,1,22072,1,213410,1,25419,1,4258,1,22643,1,31430,1,291951,1,16470,1,32,1,9565,1,4508,1,16502,1,9565,1,48,1,1240,1,1,1,0,1,0,1,5030,1,4535,1,0,0,197025,1,324786,1,816,1,816,1,0,1,108,1,2292,1,108,1,0,1,0,1,1,1,0,1,0,1,9,1,0,1,32,1,0,1,0,1,16470,1,0,1,0,1,1930,1,207867,1,8,1,8,1,0,1
86,2317000,4519,9565,28.920815,,0,10,9,108,32201,9128,28745,2284799,16,206,120,1,26822,1,50,1,262985,1,411881,1,117886,1,1454243,1,10811,1,347357,1,12314,4,303443,4,79723,4,232547,4,428112,8,626333,108,5581,12,3617,1,35308,1,2695,1,0,0,0,0,0,0,0,0,372045,1,21531,1,6482,1,4879,1,21982,1,210795,1,25028,1,4509,1,23084,1,31941,1,287632,1,16503,1,26,1,9565,1,4519,1,16529,1,9565,1,48,1,1240,1,1,1,0,1,0,1,5030,1,4535,1,0,0,201305,1,288486,1,816,1,816,1,0,1,108,1,2304,1,108,1,0,1,1,1,0,1,0,1,0,1,9,1,26,1,0,1,0,1,0,1,16503,1,0,1,0,1,2029,1,188529,1,8,1,8,1,0,1
87,2333000,4516,9565,28.92588,,0,10,9,108,31299,9528,32391,2301701,16,206,140,1,31360,1,50,1,284527,1,404226,1,120642,1,1449685,1,11071,1,352838,1,12534,4,303323,4,79623,4,229280,4,426149,8,617478,108,5561,12,3847,1,29777,1,2785,1,0,0,0,0,0,0,0,0,361815,1,21952,1,6543,1,5390,1,23185,1,229150,1,26311,1,5180,1,23275,1,31420,1,292772,1,16480,1,26,1,9565,1,4516,1,16506,1,9565,1,48,1,1240,1,1,1,0,1,0,1,5033,1,4532,1,0,0,199044,1,282909,1,816,1,816,1,0,1,108,1,2292,1,108,1,0,1,1,1,0,1,0,1,0,1,9,1,26,1,0,1,0,1,0,1,16480,1,0,1,0,1,3017,1,184503,1,8,1,8,1,0,1
88,2341400,4518,9565,28.930962,,0,10,9,108,30622,9488,28124,2310778,16,206,170,1,31170,1,40,1,270309,1,389258,1,130641,1,1478219,1,10971,1,365001,1,13135,4,314694,4,79853,4,227617,4,427732,8,621434,108,5791,12,3627,1,34356,1,2715,1,0,0,0,0,0,0,0,0,349712,1,21622,1,5992,1,5130,1,22894,1,214903,1,27082,1,4989,1,28224,1,31290,1,300277,1,16493,1,28,1,9565,1,4518,1,16521,1,9565,1,48,1,1240,1,1,1,0,1,0,1,5028,1,4537,1,0,0,197859,1,284889,1,816,1,816,1,0,1,108,1,2292,1,108,1,0,1,1,1,0,1,0,1,0,1,9,1,28,1,0,1,0,1,0,1,16493,1,0,1,0,1,2260,1,3003,1,8,1,8,1,0,1
89,2383400,4519,9565,28.935617,,0,10,9,108,30841,9839,27734,2352559,16,206,90,1,27062,1,30,1,277142,1,418554,1,118367,1,1500352,1,10961,1,396121,1,12614,4,303072,4,79913,4,232697,4,427651,8,627024,108,5591,12,3647,1,32042,1,2755,1,0,0,0,0,0,0,0,0,374980,1,24878,1,6182,1,4929,1,21291,1,225213,1,25399,1,4038,1,22583,1,31020,1,338280,1,16514,1,24,1,9565,1,4519,1,16538,1,9565,1,48,1,1240,1,1,1,0,1,0,1,5026,1,4539,1,0,0,197130,1,334983,1,816,1,816,1,0,1,108,1,2280,1,108,1,0,1,1,1,0,1,0,1,0,1,9,1,24,1,0,1,0,1,0,1,16514,1,0,1,0,1,2326,1,59532,1,8,1,8,1,0,1
90,2365400,4514,9565,28.939785,,0,11,9,108,30325,9148,28184,2335075,16,218,80,1,26761,1,40,1,279096,1,400489,1,117125,1,1500733,1,10751,1,386682,1,12384,4,303232,4,79583,4,232146,4,432751,8,626264,108,10450,24,3617,1,38434,1,2755,1,0,0,0,0,0,0,0,0,360232,1,22143,1,6172,1,4869,1,21481,1,226715,1,25659,1,4659,1,22583,1,31641,1,327609,1,16497,1,31,1,9565,1,4514,1,16528,1,9565,1,48,1,1240,1,1,1,0,1,0,1,5034,1,4531,1,0,0,196543,1,341550,1,816,1,816,1,0,1,108,1,2292,1,108,1,0,1,2,1,0,1,0,1,0,1,9,1,31,1,0,1,0,1,0,1,16497,1,0,1,0,1,2260,1,181401,1,8,1,8,1,0,1
91,2321100,4516,9565,28.943506,,0,10,9,108,29779,9107,28375,2291321,16,206,70,1,27343,1,40,1,276661,1,401581,1,117916,1,1456678,1,11031,1,355373,1,12494,4,305236,4,79382,4,230062,4,428643,8,624610,108,5721,12,3617,1,30048,1,2715,1,0,0,0,0,0,0,0,0,363588,1,20369,1,5781,1,4909,1,21231,1,224571,1,25649,1,4158,1,22493,1,31571,1,296910,1,16544,1,27,1,9565,1,4516,1,16571,1,9565,1,48,1,1240,1,1,1,0,1,0,1,5039,1,4526,1,0,0,193906,1,316074,1,816,1,816,1,0,1,108,1,2304,1,108,1,0,1,1,1,0,1,0,1,0,1,9,1,27,1,0,1,0,1,0,1,16544,1,0,1,0,1,1897,1,561,1,8,1,8,1,0,1
92,2325700,4512,9565,28.946703,,0,10,9,108,30341,9518,27512,2295359,16,206,80,1,26701,1,40,1,280298,1,399147,1,117215,1,1461157,1,10721,1,352076,1,12364,4,305026,4,79843,4,230473,4,430146,8,623138,108,9969,12,3597,1,35358,1,2755,1,0,0,0,0,0,0,0,0,361284,1,20309,1,5511,1,5020,1,21561,1,226305,1,27122,1,4459,1,22493,1,31871,1,293043,1,16538,1,34,1,9565,1,4512,1,16572,1,9565,1,48,1,1240,1,1,1,0,1,0,1,5038,1,4527,1,0,0,195354,1,306009,1,816,1,816,1,0,1,108,1,2292,1,108,1,0,1,0,1,1,1,0,1,0,1,9,1,0,1,34,1,0,1,0,1,16538,1,0,1,0,1,2821,1,594,1,8,1,8,1,0,1
93,2409500,4508,9565,28.949604,,0,10,9,108,38486,9588,31681,2371014,16,206,140,1,31120,1,60,1,295668,1,417772,1,141963,1,1472498,1,11793,1,374309,1,12584,4,302441,4,79563,4,230443,4,430066,8,619069,108,9759,12,3767,1,26992,1,2745,1,0,0,0,0,0,0,0,0,372255,1,21421,1,6312,1,11542,1,22363,1,235041,1,26120,1,4929,1,28926,1,31531,1,308743,1,16531,1,34,1,9565,1,4508,1,16565,1,9565,1,48,1,1240,1,1,1,0,1,0,1,5038,1,4527,1,0,0,195409,1,312081,1,816,1,816,1,0,1,108,1,2280,1,108,1,0,1,0,1,1,1,0,1,0,1,9,1,0,1,34,1,0,1,0,1,16531,1,0,1,0,1,14307,1,199782,1,8,1,8,1,0,1
94,2351400,4522,9565,28.952375,,0,10,9,108,31734,9118,28794,2319666,16,206,180,1,31030,1,40,1,281290,1,399938,1,131613,1,1464784,1,10791,1,348339,1,12333,4,304635,4,79403,4,232767,4,437390,8,631043,108,10320,12,3617,1,34446,1,2735,1,0,0,0,0,0,0,0,0,361304,1,20038,1,6152,1,5170,1,22263,1,226996,1,26421,1,5030,1,22724,1,31721,1,288674,1,16525,1,39,1,9565,1,4522,1,16564,1,9565,1,48,1,1240,1,1,1,0,1,0,1,5035,1,4530,1,0,0,197899,1,327261,1,816,1,816,1,0,1,108,1,2304,1,108,1,0,1,0,1,1,1,0,1,0,1,9,1,0,1,39,1,0,1,0,1,16525,1,0,1,0,1,2326,1,18711,1,8,1,8,1,0,1
95,2434800,4519,9565,28.954878,,0,10,9,108,31674,9378,34424,2403126,16,206,30,1,27142,1,40,1,282342,1,400700,1,117005,1,1565116,1,10751,1,347558,1,13135,4,311889,4,86606,4,258406,4,498497,8,710146,108,12334,12,3647,1,33043,1,2956,1,0,0,0,0,0,0,0,0,362166,1,20630,1,5901,1,4889,1,21932,1,229050,1,26150,1,4308,1,22573,1,31390,1,289105,1,16552,1,34,1,9565,1,4519,1,16586,1,9565,1,48,1,1240,1,1,1,0,1,0,1,5030,1,4535,1,0,0,224741,1,344322,1,816,1,816,1,0,1,108,1,2316,1,108,1,0,1,0,1,1,1,0,1,0,1,9,1,0,1,34,1,0,1,0,1,16552,1,0,1,0,1,2359,1,594,1,8,1,8,1,0,1
96,2479300,4521,9565,28.957104,,0,10,9,108,32871,9509,31570,2446429,16,206,160,1,30889,1,40,1,288695,1,432891,1,139278,1,1543174,1,11302,1,423644,1,12364,4,302511,4,79302,4,233509,4,431809,8,623157,108,10590,12,3837,1,43894,1,2795,1,0,0,0,0,0,0,0,0,380120,1,32142,1,6502,1,5300,1,24467,1,231034,1,26801,1,4859,1,22854,1,31490,1,364280,1,16560,1,40,1,9565,1,4521,1,16600,1,9565,1,48,1,1240,1,1,1,0,1,0,1,5030,1,4535,1,0,0,194971,1,344718,1,816,1,816,1,0,1,108,1,2292,1,108,1,0,1,0,1,1,1,0,1,0,1,9,1,0,1,40,1,0,1,0,1,16560,1,0,1,0,1,3564,1,133419,1,8,1,8,1,0,1
97,2386200,4517,9565,28.9592,,0,10,9,108,30646,9579,28766,2355554,16,206,40,1,31721,1,40,1,282362,1,396952,1,133346,1,1500131,1,10961,1,380321,1,13055,4,314714,4,79463,4,231084,4,434986,8,626713,108,10590,12,3677,1,30519,1,2735,1,0,0,0,0,0,0,0,0,358909,1,20038,1,5861,1,5260,1,23625,1,225974,1,27132,1,5140,1,28745,1,31681,1,314534,1,16549,1,46,1,9565,1,4517,1,16595,1,9565,1,48,1,1240,1,1,1,0,1,0,1,5033,1,4532,1,0,0,200546,1,351252,1,816,1,816,1,0,1,108,1,2304,1,108,1,0,1,0,1,1,1,0,1,0,1,9,1,0,1,46,1,0,1,0,1,16549,1,0,1,0,1,1798,1,462,1,8,1,8,1,0,1
98,2346700,4515,9565,28.960983,,0,10,9,108,31062,9368,28314,2315638,16,206,100,1,26832,1,40,1,273535,1,413645,1,119199,1,1471266,1,11021,1,358448,1,12504,4,302301,4,79312,4,232627,4,433823,8,627746,108,10390,12,3637,1,36510,1,2735,1,0,0,0,0,0,0,0,0,374459,1,21281,1,5981,1,4939,1,22363,1,220293,1,25379,1,4298,1,22513,1,31460,1,299896,1,16575,1,40,1,9565,1,4515,1,16615,1,9565,1,48,1,1240,1,1,1,0,1,0,1,5034,1,4531,1,0,0,198825,1,343530,1,816,1,816,1,0,1,108,1,2292,1,108,1,0,1,0,1,1,1,0,1,0,1,9,1,0,1,40,1,0,1,0,1,16575,1,0,1,0,1,2623,1,220836,1,8,1,8,1,0,1
99,2311100,4520,9565,28.96278,,0,10,9,108,31421,8947,28585,2279679,16,206,10,1,26962,1,40,1,269708,1,401441,1,118588,1,1452089,1,10841,1,350633,1,12334,4,302942,4,79673,4,231334,4,430447,8,622987,108,10210,12,3667,1,29376,1,2735,1,0,0,0,0,0,0,0,0,362216,1,21121,1,6252,1,5050,1,22533,1,216285,1,25539,1,3978,1,22654,1,31721,1,292081,1,16589,1,32,1,9565,1,4520,1,16621,1,9565,1,48,1,1240,1,1,1,0,1,0,1,5036,1,4529,1,0,0,199517,1,294129,1,816,1,816,1,0,1,108,1,2304,1,108,1,0,1,0,1,1,1,0,1,0,1,9,1,0,1,32,1,0,1,0,1,16589,1,0,1,0,1,2014,1,189486,1,8,1,8,1,0,1
100,2328800,4521,9564,28.964386,,0,10,9,108,29904,8827,28213,2298896,16,206,20,1,26932,1,40,1,269578,1,404597,1,118578,1,1468410,1,10741,1,352567,1,12424,4,306729,4,79593,4,230863,4,436779,8,629070,108,10360,12,3637,1,34286,1,2705,1,0,0,0,0,0,0,0,0,366173,1,20609,1,5901,1,4919,1,21832,1,216656,1,25780,1,4619,1,22714,1,31861,1,293143,1,16587,1,39,1,9564,1,4521,1,16626,1,9564,1,48,1,1240,1,1,1,0,1,0,1,5032,1,4532,1,0,0,197732,1,311454,1,816,1,816,1,0,1,108,1,2304,1,108,1,0,1,0,1,1,1,0,1,0,1,9,1,0,1,39,1,0,1,0,1,16587,1,0,1,0,1,1699,1,396,1,8,1,8,1,0,1
101,2308400,4521,9564,28.965906,,0,10,9,108,31527,8997,29215,2276873,16,206,20,1,26801,1,40,1,265470,1,400860,1,118448,1,1453883,1,11352,1,347668,1,12424,4,304425,4,79994,4,231795,4,432421,8,624851,108,10149,12,3687,1,29757,1,2715,1,0,0,0,0,0,0,0,0,361574,1,21521,1,5791,1,5030,1,21571,1,212518,1,26030,1,4228,1,22533,1,31551,1,289165,1,16610,1,32,1,9564,1,4521,1,16642,1,9564,1,48,1,1240,1,1,1,0,1,0,1,5035,1,4529,1,0,0,198910,1,302049,1,816,1,816,1,0,1,108,1,2304,1,108,1,0,1,0,1,1,1,0,1,0,1,9,1,0,1,32,1,0,1,0,1,16610,1,0,1,0,1,2755,1,59235,1,8,1,8,1,0,1
102,2419400,4521,9563,28.967402,,0,10,9,108,34619,9118,32261,2384781,16,206,130,1,34336,1,40,1,268566,1,410198,1,117726,1,1542753,1,11031,1,408525,1,12614,4,306709,4,80034,4,237246,4,441498,8,635862,108,10620,12,3977,1,40277,1,2755,1,0,0,0,0,0,0,0,0,368818,1,23816,1,5661,1,5060,1,22333,1,215344,1,25429,1,4118,1,22744,1,31010,1,350453,1,16608,1,44,1,9563,1,4521,1,16652,1,9563,1,48,1,1240,1,1,1,0,1,0,1,5031,1,4532,1,0,0,203179,1,319506,1,816,1,816,1,0,1,108,1,2400,1,108,1,0,1,0,1,1,1,0,1,0,1,9,1,0,1,44,1,0,1,0,1,16608,1,0,1,0,1,2062,1,172887,1,8,1,8,1,0,1
103,2419300,4520,9563,28.968788,,0,10,9,108,31934,9709,35635,2387366,16,206,150,1,30709,1,50,1,284386,1,413715,1,138366,1,1508908,1,11081,1,360492,1,12855,4,318512,4,82879,4,243898,4,443863,8,640574,108,11552,12,3807,1,30128,1,2765,1,0,0,0,0,0,0,0,0,372526,1,21491,1,6152,1,5390,1,23445,1,228429,1,26541,1,5070,1,22964,1,31881,1,300377,1,16622,1,45,1,9563,1,4520,1,16667,1,9563,1,48,1,1240,1,1,1,0,1,0,1,5034,1,4529,1,0,0,196393,1,244959,1,815,1,816,1,0,1,108,1,2292,1,108,1,0,1,0,1,1,1,0,1,0,1,9,1,0,1,45,1,0,1,0,1,16622,1,0,1,0,1,3267,1,31053,1,8,1,8,1,0,1
104,2404300,4522,9563,28.969984,,0,10,9,108,30511,9438,28755,2373789,16,206,180,1,31240,1,90,1,270760,1,406441,1,131332,1,1522855,1,10891,1,393806,1,12915,4,316027,4,80164,4,231825,4,433823,8,626223,108,10670,12,3667,1,38414,1,2775,1,0,0,0,0,0,0,0,0,367436,1,21692,1,5400,1,5220,1,23205,1,215213,1,26822,1,4899,1,28054,1,32122,1,328511,1,16622,1,53,1,9563,1,4522,1,16675,1,9563,1,48,1,1240,1,1,1,0,1,0,1,5034,1,4529,1,0,0,199663,1,313104,1,816,1,816,1,0,1,108,1,2292,1,108,1,0,1,0,1,1,1,0,1,0,1,9,1,0,1,53,1,0,1,0,1,16622,1,0,1,0,1,2293,1,495,1,8,1,8,1,0,1
105,2324600,4518,9563,28.971111,,0,10,9,108,30484,9228,28313,2294116,16,206,80,1,27182,1,40,1,266612,1,405990,1,122225,1,1461106,1,10881,1,359090,1,14458,4,303583,4,79252,4,230232,4,429936,8,621445,108,10410,12,3887,1,28715,1,2725,1,0,0,0,0,0,0,0,0,366895,1,21531,1,5931,1,5030,1,21902,1,213951,1,25469,1,4549,1,22654,1,31691,1,299976,1,16621,1,49,1,9563,1,4518,1,16670,1,9563,1,48,1,1240,1,1,1,0,1,0,1,5034,1,4529,1,0,0,194941,1,283734,1,816,1,816,1,0,1,108,1,2304,1,108,1,0,1,0,1,1,1,0,1,0,1,9,1,0,1,49,1,0,1,0,1,16621,1,0,1,0,1,2458,1,30228,1,8,1,8,1,0,1
106,2310700,4521,9563,28.97221,,0,10,9,108,30931,9639,28404,2279769,16,206,80,1,26401,1,40,1,263967,1,396532,1,118638,1,1463100,1,11011,1,354541,1,12364,4,305857,4,79803,4,229942,4,430337,8,621314,108,10560,12,3617,1,34336,1,2665,1,0,0,0,0,0,0,0,0,359300,1,19998,1,5370,1,4970,1,21050,1,211907,1,25719,1,4358,1,22553,1,32252,1,295207,1,16635,1,42,1,9563,1,4521,1,16677,1,9563,1,48,1,1240,1,1,1,0,1,0,1,5030,1,4533,1,0,0,192869,1,299112,1,816,1,816,1,0,1,108,1,2292,1,108,1,0,1,0,1,1,1,0,1,0,1,9,1,0,1,42,1,0,1,0,1,16635,1,0,1,0,1,2689,1,528,1,8,1,8,1,0,1
107,2326100,4523,9563,28.97325,,0,10,9,108,30801,9528,28032,2295299,16,206,90,1,27112,1,50,1,265009,1,412142,1,118257,1,1461898,1,10741,1,353559,1,12304,4,305387,4,79743,4,232947,4,431579,8,626104,108,10390,12,3697,1,30408,1,2745,1,0,0,0,0,0,0,0,0,372656,1,22153,1,5611,1,4980,1,22193,1,211757,1,25679,1,4429,1,22854,1,32182,1,293864,1,16652,1,40,1,9563,1,4523,1,16692,1,9563,1,48,1,1240,1,1,1,0,1,0,1,5025,1,4538,1,0,0,197841,1,307131,1,816,1,816,1,0,1,108,1,2304,1,108,1,0,1,0,1,1,1,0,1,0,1,9,1,0,1,40,1,0,1,0,1,16652,1,0,1,0,1,2161,1,25938,1,8,1,8,1,0,1
108,2328300,4515,9562,28.974203,,0,10,9,108,31348,9288,27902,2296952,16,206,100,1,27152,1,50,1,265079,1,401902,1,118488,1,1472889,1,11292,1,354711,1,12284,4,304735,4,80124,4,231635,4,436158,8,629440,108,10450,12,3707,1,37502,1,2745,1,0,0,0,0,0,0,0,0,363158,1,20720,1,6022,1,4950,1,21030,1,210855,1,27894,1,4679,1,22603,1,31661,1,295588,1,16660,1,41,1,9562,1,4515,1,16701,1,9562,1,48,1,1240,1,1,1,0,1,0,1,5030,1,4532,1,0,0,200722,1,326436,1,816,1,816,1,0,1,108,1,2292,1,108,1,0,1,0,1,1,1,0,1,0,1,9,1,0,1,41,1,0,1,0,1,16660,1,0,1,0,1,2260,1,192192,1,8,1,8,1,0,1
109,2338500,4517,9562,28.975157,,0,10,9,108,30627,9118,27643,2307873,16,206,70,1,26892,1,40,1,264318,1,407523,1,120451,1,1477658,1,10921,1,369990,1,12354,4,303072,4,79753,4,234200,4,431719,8,627676,108,10600,12,3938,1,30829,1,2685,1,0,0,0,0,0,0,0,0,366634,1,23355,1,5651,1,5000,1,21732,1,211887,1,25449,1,4519,1,23124,1,32302,1,309815,1,16684,1,47,1,9562,1,4517,1,16731,1,9562,1,48,1,1240,1,1,1,0,1,0,1,5038,1,4524,1,0,0,197034,1,311520,1,816,1,816,1,0,1,108,1,2292,1,108,1,0,1,0,1,1,1,0,1,0,1,9,1,0,1,47,1,0,1,0,1,16684,1,0,1,0,1,2458,1,24783,1,8,1,8,1,0,1
110,2330700,4516,9562,28.976004,,0,10,9,108,31013,9148,28935,2299687,16,206,70,1,27152,1,70,1,266111,1,404457,1,118928,1,1471857,1,11041,1,356064,1,13015,4,304004,4,79944,4,234019,4,435186,8,630161,108,10109,12,3637,1,34136,1,2705,1,0,0,0,0,0,0,0,0,365612,1,21431,1,5410,1,5050,1,21792,1,213300,1,25699,1,4368,1,22463,1,31881,1,297161,1,16690,1,36,1,9562,1,4516,1,16726,1,9562,1,48,1,1240,1,1,1,0,1,0,1,5038,1,4524,1,0,0,198044,1,340890,1,816,1,816,1,0,1,108,1,2316,1,108,1,0,1,0,1,1,1,0,1,0,1,9,1,0,1,36,1,0,1,0,1,16690,1,0,1,0,1,3201,1,197274,1,8,1,8,1,0,1
111,2298000,4515,9562,28.976778,,0,10,9,108,30525,9148,28563,2267475,16,206,50,1,26992,1,40,1,261482,1,399147,1,119910,1,1448693,1,11161,1,342257,1,12434,4,306829,4,80625,4,231685,4,429365,8,626615,108,5871,12,3627,1,30018,1,2705,1,0,0,0,0,0,0,0,0,360392,1,21241,1,5561,1,5010,1,21221,1,209723,1,25198,1,4358,1,22573,1,31751,1,283364,1,16691,1,32,1,9562,1,4515,1,16723,1,9562,1,48,1,1240,1,1,1,0,1,0,1,5041,1,4521,1,0,0,198100,1,294426,1,816,1,816,1,0,1,108,1,2316,1,108,1,0,1,0,1,1,1,0,1,0,1,9,1,0,1,32,1,0,1,0,1,16691,1,0,1,0,1,2095,1,19701,1,8,1,8,1,0,1
112,2314400,4519,9562,28.977486,,0,10,9,108,30383,9007,28214,2284017,16,206,50,1,27102,1,40,1,263676,1,398686,1,118478,1,1465124,1,10861,1,348038,1,12294,4,306238,4,80054,4,235021,4,434775,8,631272,108,10310,12,3637,1,33334,1,2725,1,0,0,0,0,0,0,0,0,360653,1,20710,1,5551,1,5080,1,20820,1,212147,1,25369,1,4418,1,22694,1,31771,1,288965,1,16685,1,40,1,9562,1,4519,1,16725,1,9562,1,48,1,1240,1,1,1,0,1,0,1,5041,1,4521,1,0,0,198371,1,325347,1,816,1,816,1,0,1,108,1,2292,1,108,1,0,1,0,1,1,1,0,1,0,1,9,1,0,1,40,1,0,1,0,1,16685,1,0,1,0,1,2821,1,396,1,8,1,8,1,0,1
113,2307600,4520,9562,28.978231,,0,10,9,108,30085,9478,28003,2277515,16,206,50,1,27262,1,40,1,264959,1,397954,1,118989,1,1457269,1,10991,1,347908,1,12514,4,306399,4,79954,4,231224,4,433202,8,625963,108,10460,12,3647,1,30248,1,2695,1,0,0,0,0,0,0,0,0,359651,1,21030,1,5521,1,5050,1,21902,1,210404,1,27312,1,4970,1,22543,1,32272,1,287913,1,16698,1,38,1,9562,1,4520,1,16736,1,9562,1,48,1,1240,1,1,1,0,1,0,1,5038,1,4524,1,0,0,198035,1,316206,1,816,1,816,1,0,1,108,1,2292,1,108,1,0,1,0,1,1,1,0,1,0,1,9,1,0,1,38,1,0,1,0,1,16698,1,0,1,0,1,1765,1,726,1,8,1,8,1,0,1
114,2305200,4520,9562,28.97893,,0,10,9,108,30220,8927,28295,2274980,16,206,50,1,26902,1,60,1,259929,1,400058,1,120962,1,1456277,1,10741,1,347387,1,12374,4,305156,4,79413,4,232757,4,431148,8,625541,108,10069,12,3948,1,32462,1,2705,1,0,0,0,0,0,0,0,0,361725,1,20990,1,5601,1,5140,1,21141,1,208110,1,25248,1,4208,1,22754,1,31761,1,288454,1,16706,1,40,1,9562,1,4520,1,16746,1,9562,1,48,1,1240,1,1,1,0,1,0,1,5034,1,4528,1,0,0,198755,1,303930,1,816,1,816,1,0,1,108,1,2304,1,108,1,0,1,0,1,1,1,0,1,0,1,9,1,0,1,40,1,0,1,0,1,16706,1,0,1,0,1,1816,1,462,1,8,1,8,1,0,1
115,2460200,4519,9561,28.979557,,0,10,9,108,35483,9378,31569,2424717,16,206,30,1,28916,1,20,1,262234,1,434785,1,118407,1,1570967,1,9358,1,395399,1,12704,4,304114,4,82589,4,251423,4,467398,8,676491,108,10761,12,7404,1,37442,1,3116,1,0,0,0,0,0,0,0,0,390149,1,26891,1,5651,1,5060,1,21551,1,209422,1,25940,1,4168,1,22964,1,31060,1,337017,1,16724,1,36,1,9561,1,4519,1,16760,1,9561,1,48,1,1240,1,1,1,0,1,0,1,5036,1,4525,1,0,0,207077,1,328416,1,816,1,816,1,0,1,108,1,2304,1,108,1,0,1,0,1,1,1,0,1,0,1,9,1,0,1,36,1,0,1,0,1,16724,1,0,1,0,1,2927,1,86823,1,8,1,8,1,0,1
116,2494100,4526,9561,28.980162,,0,10,9,108,32903,10370,28305,2461197,16,206,50,1,26401,1,90,1,264979,1,458010,1,125090,1,1575727,1,10851,1,442229,1,13676,4,309454,4,80184,4,232607,4,434675,8,628577,108,10400,12,3677,1,45978,1,2876,1,0,0,0,0,0,0,0,0,405028,1,34466,1,5390,1,5080,1,21141,1,212588,1,25850,1,4138,1,22092,1,31270,1,384549,1,16733,1,40,1,9561,1,4526,1,16773,1,9561,1,48,1,1240,1,1,1,0,1,0,1,5030,1,4531,1,0,0,200299,1,325248,1,816,1,816,1,0,1,108,1,2304,1,108,1,0,1,0,1,1,1,0,1,0,1,9,1,0,1,40,1,0,1,0,1,16733,1,0,1,0,1,2392,1,174768,1,8,1,8,1,0,1
117,2366500,4519,9561,28.980728,,0,10,9,108,30303,9278,28564,2336197,16,206,30,1,26401,1,40,1,265290,1,404327,1,122074,1,1507345,1,10691,1,389939,1,12634,4,304315,4,80324,4,233989,4,439644,8,634831,108,10240,12,3637,1,30849,1,2735,1,0,0,0,0,0,0,0,0,365763,1,21591,1,5090,1,5060,1,22283,1,211827,1,25840,1,4489,1,22714,1,32011,1,330505,1,16723,1,40,1,9561,1,4519,1,16763,1,9561,1,48,1,1240,1,1,1,0,1,0,1,5033,1,4528,1,0,0,202481,1,328482,1,816,1,816,1,0,1,108,1,2304,1,108,1,0,1,0,1,1,1,0,1,0,1,9,1,0,1,40,1,0,1,0,1,16723,1,0,1,0,1,2574,1,495,1,8,1,8,1,0,1
118,2347900,4521,9561,28.981266,,0,10,9,108,32402,9358,28072,2315498,16,206,160,1,26842,1,40,1,262755,1,409436,1,118377,1,1487076,1,10811,1,367927,1,12494,4,305727,4,79833,4,233338,4,434224,8,629110,108,10380,12,3667,1,37793,1,2715,1,0,0,0,0,0,0,0,0,370401,1,20519,1,5891,1,5090,1,20750,1,211206,1,25429,1,4899,1,22293,1,32142,1,308412,1,16755,1,40,1,9561,1,4521,1,16795,1,9561,1,48,1,1240,1,1,1,0,1,0,1,5033,1,4528,1,0,0,198803,1,332079,1,816,1,816,1,0,1,108,1,2304,1,108,1,0,1,0,1,1,1,0,1,0,1,9,1,0,1,40,1,0,1,0,1,16755,1,0,1,0,1,2062,1,495,1,8,1,8,1,0,1
119,2311700,4517,9561,28.981787,,0,10,9,108,31781,9258,28003,2279919,16,206,90,1,27162,1,40,1,264498,1,403966,1,118808,1,1454554,1,10801,1,350453,1,12464,4,302942,4,79673,4,233258,4,431569,8,626795,108,10029,12,3667,1,28595,1,2675,1,0,0,0,0,0,0,0,0,364600,1,21531,1,5911,1,5190,1,20820,1,212859,1,25349,1,4378,1,22333,1,31581,1,291961,1,16748,1,36,1,9561,1,4517,1,16784,1,9561,1,48,1,1240,1,1,1,0,1,0,1,5032,1,4529,1,0,0,196700,1,303138,1,816,1,816,1,0,1,108,1,2292,1,108,1,0,1,0,1,1,1,0,1,0,1,9,1,0,1,36,1,0,1,0,1,16748,1,0,1,0,1,2293,1,194040,1,8,1,8,1,0,1
120,2330000,4523,9561,28.982262,,0,10,9,108,30764,9208,29876,2299236,16,206,50,1,26731,1,40,1,265350,1,403605,1,119530,1,1472889,1,11041,1,348449,1,12444,4,305397,4,80685,4,237226,4,439985,8,636935,108,10400,12,3627,1,33064,1,2805,1,0,0,0,0,0,0,0,0,364009,1,21331,1,6212,1,5150,1,21782,1,212408,1,25649,1,4258,1,22583,1,32001,1,289406,1,16776,1,40,1,9561,1,4523,1,16816,1,9561,1,48,1,1240,1,1,1,0,1,0,1,5037,1,4524,1,0,0,199748,1,324489,1,816,1,816,1,0,1,108,1,2364,1,108,1,0,1,0,1,1,1,0,1,0,1,9,1,0,1,40,1,0,1,0,1,16776,1,0,1,0,1,1996,1,190905,1,8,1,8,1,0,1
121,2400100,4523,9561,28.98269,,0,10,9,108,32573,9819,30046,2367527,16,206,150,1,31040,1,50,1,285048,1,397153,1,149227,1,1493879,1,10981,1,374850,1,13095,4,316438,4,79453,4,234240,4,429004,8,623199,108,9999,12,3707,1,30489,1,2785,1,0,0,0,0,0,0,0,0,357226,1,21241,1,5621,1,5711,1,23966,1,228629,1,26160,1,4899,1,27543,1,31010,1,308142,1,16768,1,40,1,9561,1,4523,1,16808,1,9561,1,48,1,1240,1,1,1,0,1,0,1,5035,1,4526,1,0,0,194035,1,313302,1,816,1,816,1,0,1,108,1,2304,1,108,1,0,1,0,1,1,1,0,1,0,1,9,1,0,1,40,1,0,1,0,1,16768,1,0,1,0,1,3479,1,1089,1,8,1,8,1,0,1
122,2409300,4521,9561,28.983118,,0,10,9,108,31463,9148,29457,2377837,16,206,120,1,31741,1,40,1,270890,1,409026,1,140851,1,1514178,1,10991,1,396722,1,12364,4,303453,4,79423,4,231765,4,436549,8,628668,108,10190,12,3627,1,38414,1,2715,1,0,0,0,0,0,0,0,0,366614,1,23295,1,6462,1,5360,1,23185,1,215113,1,26771,1,5380,1,29687,1,31480,1,329974,1,16780,1,36,1,9561,1,4521,1,16816,1,9561,1,48,1,1240,1,1,1,0,1,0,1,5034,1,4527,1,0,0,201522,1,309672,1,816,1,816,1,0,1,108,1,2316,1,108,1,0,1,0,1,1,1,0,1,0,1,9,1,0,1,36,1,0,1,0,1,16780,1,0,1,0,1,2128,1,185757,1,8,1,8,1,0,1
123,2345900,4522,9561,28.98351,,0,10,9,108,30793,9458,28494,2315107,16,206,80,1,26872,1,40,1,264879,1,409186,1,122105,1,1481145,1,10801,1,363729,1,12294,4,305186,4,80054,4,232356,4,441348,8,634971,108,10240,12,3677,1,30298,1,2745,1,0,0,0,0,0,0,0,0,370502,1,20970,1,5631,1,5140,1,22173,1,212067,1,25158,1,4879,1,23084,1,32072,1,303503,1,16773,1,40,1,9561,1,4522,1,16813,1,9561,1,48,1,1240,1,1,1,0,1,0,1,5034,1,4527,1,0,0,212484,1,328020,1,816,1,816,1,0,1,108,1,2304,1,108,1,0,1,0,1,1,1,0,1,0,1,9,1,0,1,40,1,0,1,0,1,16773,1,0,1,0,1,1963,1,792,1,8,1,8,1,0,1
124,2373100,4518,9561,28.98387,,0,10,9,108,31272,9558,34095,2341828,16,206,160,1,30769,1,60,1,283565,1,407593,1,140610,1,1467789,1,11282,1,362266,1,12684,4,301940,4,80184,4,230683,4,429034,8,619982,108,5641,12,3727,1,34967,1,2745,1,0,0,0,0,0,0,0,0,365141,1,22894,1,5951,1,5551,1,23445,1,227587,1,26381,1,5130,1,29316,1,31831,1,295828,1,16794,1,24,1,9561,1,4518,1,16818,1,9561,1,48,1,1240,1,1,1,0,1,0,1,5035,1,4526,1,0,0,194528,1,331584,1,816,1,816,1,0,1,108,1,2292,1,108,1,0,1,1,1,0,1,0,1,0,1,9,1,24,1,0,1,0,1,0,1,16794,1,0,1,0,1,2856,1,110517,1,8,1,8,1,0,1
125,2315700,4521,9561,28.984217,,0,10,9,108,30741,9038,27933,2284959,16,206,70,1,30980,1,40,1,266332,1,401702,1,123798,1,1451248,1,10791,1,346175,1,12324,4,310546,4,79513,4,230282,4,428273,8,625001,108,5621,12,3637,1,28695,1,2765,1,0,0,0,0,0,0,0,0,363729,1,21151,1,5110,1,5380,1,22253,1,211947,1,26411,1,4709,1,25078,1,31521,1,284677,1,16816,1,24,1,9561,1,4521,1,16840,1,9561,1,48,1,1240,1,1,1,0,1,0,1,5036,1,4525,1,0,0,199048,1,284229,1,816,1,816,1,0,1,108,1,2292,1,108,1,0,1,1,1,0,1,0,1,0,1,9,1,24,1,0,1,0,1,0,1,16816,1,0,1,0,1,2392,1,22935,1,8,1,8,1,0,1
126,2316700,4521,9561,28.984558,,0,10,9,108,30158,9087,28765,2286542,16,206,50,1,26701,1,40,1,266472,1,401201,1,118768,1,1462449,1,10861,1,352317,1,12264,4,304234,4,80124,4,232056,4,431449,8,629159,108,5581,12,3827,1,34386,1,2705,1,0,0,0,0,0,0,0,0,362867,1,20980,1,5571,1,5190,1,22062,1,213710,1,25248,1,4288,1,22343,1,31781,1,293704,1,16826,1,24,1,9561,1,4521,1,16850,1,9561,1,48,1,1240,1,1,1,0,1,0,1,5038,1,4523,1,0,0,200516,1,302412,1,816,1,816,1,0,1,108,1,2292,1,108,1,0,1,1,1,0,1,0,1,0,1,9,1,24,1,0,1,0,1,0,1,16826,1,0,1,0,1,1831,1,52173,1,8,1,8,1,0,1
127,2317500,4517,9561,28.98485,,0,10,9,108,30507,9107,29096,2286993,16,206,120,1,27022,1,40,1,264308,1,397544,1,120612,1,1466417,1,10931,1,345253,1,12734,4,307040,4,79553,4,228589,4,446708,8,640491,108,5711,12,3627,1,31090,1,2715,1,0,0,0,0,0,0,0,0,358318,1,21912,1,5390,1,5170,1,21732,1,211807,1,25269,1,4909,1,23305,1,31721,1,285138,1,16852,1,24,1,9561,1,4517,1,16876,1,9561,1,48,1,1240,1,1,1,0,1,0,1,5037,1,4524,1,0,0,205241,1,320859,1,814,1,815,1,0,1,108,1,2280,1,108,1,0,1,1,1,0,1,0,1,0,1,9,1,24,1,0,1,0,1,0,1,16852,1,0,1,0,1,2689,1,1881,1,8,1,8,1,0,1
128,2382300,4522,9561,28.98514,,0,10,9,108,30813,9809,28925,2351487,16,206,60,1,26531,1,40,1,266682,1,404457,1,118277,1,1524208,1,11232,1,403776,1,12754,4,303794,4,80014,4,231905,4,436288,8,633628,108,5641,12,3677,1,39476,1,2715,1,0,0,0,0,0,0,0,0,363729,1,23495,1,5080,1,5140,1,22072,1,211837,1,27343,1,4669,1,22854,1,31691,1,344341,1,16842,1,28,1,9561,1,4522,1,16870,1,9561,1,48,1,1240,1,1,1,0,1,0,1,5037,1,4524,1,0,0,198967,1,332640,1,816,1,816,1,0,1,108,1,2304,1,108,1,0,1,1,1,0,1,0,1,0,1,9,1,28,1,0,1,0,1,0,1,16842,1,0,1,0,1,1798,1,3564,1,8,1,8,1,0,1
129,2371200,4521,9561,28.98541,,0,10,9,108,36696,9819,33834,2334504,16,206,150,1,30939,1,60,1,281982,1,403655,1,142824,1,1464212,1,10681,1,359009,1,12654,4,304264,4,79673,4,232737,4,430637,8,623538,108,6002,12,3787,1,28916,1,2715,1,0,0,0,0,0,0,0,0,362156,1,21451,1,5811,1,5621,1,23585,1,225834,1,26361,1,4789,1,29036,1,31741,1,293253,1,16861,1,28,1,9561,1,4521,1,16889,1,9561,1,48,1,1240,1,1,1,0,1,0,1,5032,1,4529,1,0,0,197128,1,328515,1,816,1,816,1,0,1,108,1,2304,1,108,1,0,1,1,1,0,1,0,1,0,1,9,1,28,1,0,1,0,1,0,1,16861,1,0,1,0,1,5594,1,15279,1,8,1,8,1,0,1
130,2355600,4519,9560,28.98568,,0,10,9,108,31346,9248,29777,2324254,16,206,100,1,30729,1,40,1,278425,1,401832,1,124920,1,1477458,1,10751,1,354621,1,12644,4,315215,4,80044,4,233308,4,430838,8,628708,108,5661,12,4058,1,34777,1,2705,1,0,0,0,0,0,0,0,0,362496,1,21872,1,5481,1,5611,1,22764,1,223048,1,26591,1,4739,1,25599,1,31571,1,292492,1,16862,1,28,1,9560,1,4519,1,16890,1,9560,1,48,1,1240,1,1,1,0,1,0,1,5034,1,4526,1,0,0,199567,1,314589,1,816,1,816,1,0,1,108,1,2316,1,108,1,0,1,1,1,0,1,0,1,0,1,9,1,28,1,0,1,0,1,0,1,16862,1,0,1,0,1,2559,1,10197,1,8,1,8,1,0,1
131,2373700,4526,9559,28.98593,,0,10,9,108,30780,9188,27873,2342920,16,206,110,1,31210,1,40,1,273866,1,405529,1,149667,1,1471627,1,10871,1,371744,1,12684,4,303483,4,79853,4,229771,4,429876,8,625933,108,5841,12,3647,1,28675,1,2705,1,0,0,0,0,0,0,0,0,364560,1,22403,1,5791,1,5951,1,22453,1,217007,1,28164,1,4799,1,32322,1,31931,1,302491,1,16896,1,32,1,9559,1,4526,1,16928,1,9559,1,48,1,1240,1,1,1,0,1,0,1,5031,1,4528,1,0,0,196889,1,317130,1,816,1,816,1,0,1,108,1,2292,1,108,1,0,1,0,1,1,1,0,1,0,1,9,1,0,1,32,1,0,1,0,1,16896,1,0,1,0,1,1963,1,30921,1,8,1,8,1,0,1
132,2320100,4524,9559,28.986149,,0,10,9,108,31053,8988,28745,2289047,16,206,100,1,26872,1,60,1,268526,1,394919,1,121774,1,1465715,1,11081,1,353459,1,12704,4,307581,4,80204,4,233308,4,428643,8,627435,108,5771,12,3937,1,34126,1,2765,1,0,0,0,0,0,0,0,0,357477,1,20760,1,5070,1,5220,1,21341,1,216135,1,25559,1,4809,1,22734,1,32452,1,293283,1,16900,1,32,1,9559,1,4524,1,16932,1,9559,1,48,1,1240,1,1,1,0,1,0,1,5029,1,4530,1,0,0,197818,1,308616,1,816,1,816,1,0,1,108,1,2316,1,108,1,0,1,0,1,1,1,0,1,0,1,9,1,0,1,32,1,0,1,0,1,16900,1,0,1,0,1,2359,1,3168,1,8,1,8,1,0,1
133,2295100,4516,9559,28.98636,,0,10,9,108,31893,9258,29796,2263207,16,206,30,1,26922,1,30,1,266141,1,396321,1,117666,1,1445256,1,10841,1,347007,1,12805,4,303924,4,80204,4,229070,4,427902,8,621314,108,5861,12,3627,1,28715,1,2745,1,0,0,0,0,0,0,0,0,358879,1,21010,1,4960,1,5370,1,22102,1,213139,1,25248,1,4268,1,22483,1,31450,1,288604,1,16892,1,28,1,9559,1,4516,1,16920,1,9559,1,48,1,1240,1,1,1,0,1,0,1,5034,1,4525,1,0,0,198359,1,308517,1,816,1,816,1,0,1,108,1,2316,1,108,1,0,1,1,1,0,1,0,1,0,1,9,1,28,1,0,1,0,1,0,1,16892,1,0,1,0,1,1897,1,594,1,8,1,8,1,0,1
134,2396600,4520,9559,28.98657,,0,10,9,108,32409,9288,30408,2364191,16,206,60,1,31390,1,40,1,281350,1,413504,1,156861,1,1469633,1,11352,1,362727,1,12394,4,303804,4,79443,4,231294,4,429034,8,624349,108,5571,12,3807,1,35087,1,2755,1,0,0,0,0,0,0,0,0,373678,1,21321,1,5791,1,5741,1,23706,1,224832,1,26661,1,5190,1,28926,1,31320,1,297111,1,16901,1,28,1,9559,1,4520,1,16929,1,9559,1,48,1,1240,1,1,1,0,1,0,1,5038,1,4521,1,0,0,196157,1,318714,1,816,1,816,1,0,1,108,1,2304,1,108,1,0,1,1,1,0,1,0,1,0,1,9,1,28,1,0,1,0,1,0,1,16901,1,0,1,0,1,2192,1,209847,1,8,1,8,1,0,1
135,2374100,4522,9559,28.986776,,0,10,9,108,30438,9228,29226,2343662,16,206,80,1,31330,1,30,1,268596,1,413194,1,130581,1,1488960,1,10891,1,375060,1,12925,4,314865,4,79523,4,230062,4,431068,8,626213,108,5691,12,3607,1,29938,1,2685,1,0,0,0,0,0,0,0,0,373928,1,22153,1,5110,1,5541,1,22984,1,213179,1,26531,1,5060,1,27723,1,31701,1,310356,1,16906,1,26,1,9559,1,4522,1,16932,1,9559,1,48,1,1240,1,1,1,0,1,0,1,5033,1,4526,1,0,0,202953,1,280236,1,816,1,816,1,0,1,108,1,2328,1,108,1,0,1,1,1,0,1,0,1,0,1,9,1,26,1,0,1,0,1,0,1,16906,1,0,1,0,1,2029,1,495,1,8,1,8,1,0,1
136,2336200,4519,9559,28.986969,,0,10,9,108,30662,9268,28394,2305538,16,206,70,1,26922,1,40,1,265330,1,404487,1,122325,1,1475354,1,11011,1,370031,1,12374,4,301970,4,80164,4,230122,4,427742,8,623708,108,5761,12,3637,1,37362,1,2685,1,0,0,0,0,0,0,0,0,364490,1,22553,1,5571,1,5330,1,21571,1,212969,1,25138,1,4449,1,22453,1,31781,1,311108,1,16892,1,30,1,9559,1,4519,1,16922,1,9559,1,48,1,1240,1,1,1,0,1,0,1,5035,1,4524,1,0,0,195782,1,312873,1,816,1,816,1,0,1,108,1,2316,1,108,1,0,1,1,1,0,1,0,1,0,1,9,1,30,1,0,1,0,1,0,1,16892,1,0,1,0,1,2062,1,185097,1,8,1,8,1,0,1
137,2315900,4521,9559,28.987137,,0,10,9,108,30230,9578,28385,2285670,16,206,190,1,26952,1,40,1,263075,1,408214,1,118237,1,1458171,1,10791,1,347497,1,12384,4,303563,4,80204,4,232386,4,436148,8,631503,108,8647,12,3627,1,30028,1,2755,1,0,0,0,0,0,0,0,0,369850,1,21491,1,5310,1,5410,1,21622,1,210504,1,25279,1,4569,1,22303,1,31971,1,288464,1,16889,1,34,1,9559,1,4521,1,16923,1,9559,1,48,1,1240,1,1,1,0,1,0,1,5037,1,4522,1,0,0,201736,1,339009,1,816,1,816,1,0,1,108,1,2316,1,108,1,0,1,0,1,1,1,0,1,0,1,9,1,0,1,34,1,0,1,0,1,16889,1,0,1,0,1,1864,1,194337,1,8,1,8,1,0,1
138,2340300,4521,9559,28.9873,,0,10,9,108,30854,9268,28274,2309446,16,206,80,1,27012,1,40,1,265931,1,411250,1,120722,1,1473250,1,11161,1,358929,1,12284,4,305146,4,79954,4,233639,4,432310,8,628988,108,8687,12,4047,1,34977,1,2695,1,0,0,0,0,0,0,0,0,371734,1,22684,1,5250,1,5370,1,21311,1,213620,1,25299,1,4288,1,23014,1,32192,1,299255,1,16884,1,34,1,9559,1,4521,1,16918,1,9559,1,48,1,1240,1,1,1,0,1,0,1,5035,1,4524,1,0,0,198890,1,308814,1,816,1,816,1,0,1,108,1,2316,1,108,1,0,1,0,1,1,1,0,1,0,1,9,1,0,1,34,1,0,1,0,1,16884,1,0,1,0,1,2557,1,220935,1,8,1,8,1,0,1
139,2321100,4521,9559,28.987465,,0,10,9,108,31552,9148,28123,2289548,16,206,100,1,26771,1,50,1,264007,1,404477,1,118688,1,1464693,1,10761,1,354230,1,12213,4,308162,4,79924,4,230934,4,434334,8,628448,108,8697,12,3707,1,29296,1,2745,1,0,0,0,0,0,0,0,0,366324,1,21692,1,4839,1,5410,1,21551,1,211306,1,25449,1,4028,1,22633,1,31981,1,295387,1,16900,1,34,1,9559,1,4521,1,16934,1,9559,1,48,1,1240,1,1,1,0,1,0,1,5036,1,4523,1,0,0,200443,1,300366,1,816,1,816,1,0,1,108,1,2304,1,108,1,0,1,0,1,1,1,0,1,0,1,9,1,0,1,34,1,0,1,0,1,16900,1,0,1,0,1,2575,1,462,1,8,1,8,1,0,1
140,2449100,4518,9559,28.987623,,0,10,9,108,32729,9608,34345,2416371,16,206,140,1,30939,1,70,1,284557,1,415408,1,157112,1,1516974,1,11171,1,372806,1,13135,4,323782,4,80244,4,235202,4,438663,8,630642,108,8877,12,3847,1,36911,1,2775,1,0,0,0,0,0,0,0,0,374529,1,22042,1,5481,1,6002,1,22493,1,228990,1,26461,1,4779,1,28375,1,31200,1,308232,1,16905,1,34,1,9559,1,4518,1,16939,1,9559,1,48,1,1240,1,1,1,0,1,0,1,5038,1,4521,1,0,0,207332,1,285582,1,816,1,816,1,0,1,108,1,2316,1,108,1,0,1,0,1,1,1,0,1,0,1,9,1,0,1,34,1,0,1,0,1,16905,1,0,1,0,1,3498,1,990,1,8,1,8,1,0,1
141,2445500,4523,9559,28.987766,,0,10,9,108,34960,9318,28472,2410540,16,206,100,1,29958,1,40,1,280148,1,429385,1,141261,1,1518607,1,11041,1,403776,1,13145,4,307992,4,82068,4,232126,4,433693,8,627137,108,10210,12,4018,1,29717,1,2755,1,0,0,0,0,0,0,0,0,379389,1,30729,1,5941,1,5831,1,23205,1,224291,1,26371,1,4739,1,28385,1,30909,1,339542,1,16895,1,40,1,9559,1,4523,1,16935,1,9559,1,48,1,1240,1,1,1,0,1,0,1,5035,1,4524,1,0,0,203385,1,286407,1,816,1,816,1,0,1,108,1,2292,1,108,1,0,1,0,1,1,1,0,1,0,1,9,1,0,1,40,1,0,1,0,1,16895,1,0,1,0,1,4668,1,12738,1,8,1,8,1,0,1
142,2439500,4524,9559,28.987892,,0,10,9,108,31715,9518,29314,2407785,16,206,160,1,31270,1,40,1,272223,1,409717,1,139708,1,1543675,1,10991,1,400890,1,12995,4,322149,4,79372,4,235913,4,438502,8,634891,108,10210,12,4469,1,37141,1,2725,1,0,0,0,0,0,0,0,0,370492,1,21070,1,5641,1,5761,1,23144,1,216546,1,26290,1,5030,1,29096,1,31631,1,334903,1,16904,1,38,1,9559,1,4524,1,16942,1,9559,1,48,1,1240,1,1,1,0,1,0,1,5032,1,4527,1,0,0,199612,1,326304,1,816,1,816,1,0,1,108,1,2316,1,108,1,0,1,0,1,1,1,0,1,0,1,9,1,0,1,38,1,0,1,0,1,16904,1,0,1,0,1,2557,1,31317,1,8,1,8,1,0,1
143,2330000,4523,9559,28.98802,,0,10,9,108,30613,9910,28794,2299387,16,206,40,1,27312,1,30,1,268345,1,399187,1,117676,1,1475795,1,11001,1,357947,1,12664,4,307320,4,80064,4,235562,4,436689,8,633217,108,10240,12,3797,1,29106,1,2735,1,0,0,0,0,0,0,0,0,361564,1,21261,1,4889,1,5400,1,20710,1,216666,1,25238,1,4328,1,22493,1,31691,1,299235,1,16913,1,38,1,9559,1,4523,1,16951,1,9559,1,48,1,1240,1,1,1,0,1,0,1,5033,1,4526,1,0,0,196913,1,311784,1,816,1,816,1,0,1,108,1,2304,1,108,1,0,1,0,1,1,1,0,1,0,1,9,1,0,1,38,1,0,1,0,1,16913,1,0,1,0,1,2278,1,12804,1,8,1,8,1,0,1
144,2326600,4520,9559,28.988153,,0,10,9,108,30139,9228,28534,2296461,16,206,70,1,26711,1,40,1,266141,1,398335,1,119289,1,1474793,1,11081,1,355904,1,12213,4,307511,4,80254,4,232707,4,434996,8,628859,108,10310,12,3637,1,35618,1,2725,1,0,0,0,0,0,0,0,0,360553,1,21151,1,5040,1,5380,1,21571,1,213881,1,25028,1,4459,1,22984,1,31761,1,296489,1,16911,1,38,1,9559,1,4520,1,16949,1,9559,1,48,1,1240,1,1,1,0,1,0,1,5034,1,4525,1,0,0,198831,1,307857,1,816,1,816,1,0,1,108,1,2292,1,108,1,0,1,0,1,1,1,0,1,0,1,9,1,0,1,38,1,0,1,0,1,16911,1,0,1,0,1,2326,1,693,1,8,1,8,1,0,1
145,2328600,4519,9559,28.98826,,0,10,9,108,31317,9108,28925,2297283,16,206,90,1,27393,1,40,1,264869,1,403435,1,118608,1,1471927,1,10921,1,347587,1,12354,4,304264,4,79823,4,241414,4,441027,8,644919,108,8597,12,3677,1,29968,1,2705,1,0,0,0,0,0,0,0,0,365642,1,21301,1,5040,1,5511,1,21662,1,211296,1,26060,1,4459,1,22694,1,31671,1,288554,1,16923,1,34,1,9559,1,4519,1,16957,1,9559,1,48,1,1240,1,1,1,0,1,0,1,5038,1,4521,1,0,0,198681,1,324555,1,815,1,816,1,0,1,108,1,2304,1,108,1,0,1,0,1,1,1,0,1,0,1,9,1,0,1,34,1,0,1,0,1,16923,1,0,1,0,1,2557,1,199815,1,8,1,8,1,0,1
146,2387800,4520,9559,28.988363,,0,10,9,108,31073,9398,28563,2356727,16,206,140,1,26852,1,40,1,272363,1,419846,1,118067,1,1508287,1,11131,1,391752,1,12344,4,304976,4,80364,4,232176,4,433092,8,630923,108,5781,12,3667,1,37783,1,2735,1,0,0,0,0,0,0,0,0,380250,1,22593,1,5270,1,5541,1,21622,1,219732,1,25208,1,4789,1,22904,1,31821,1,332068,1,16918,1,32,1,9559,1,4520,1,16950,1,9559,1,48,1,1240,1,1,1,0,1,0,1,5037,1,4522,1,0,0,199255,1,323994,1,816,1,816,1,0,1,108,1,2316,1,108,1,0,1,0,1,1,1,0,1,0,1,9,1,0,1,32,1,0,1,0,1,16918,1,0,1,0,1,2524,1,209814,1,8,1,8,1,0,1
147,2458100,4522,9559,28.988459,,0,10,9,108,32621,10260,34666,2425479,16,206,150,1,31080,1,60,1,281771,1,403235,1,143596,1,1554426,1,11161,1,423634,1,13085,4,306439,4,82749,4,240823,4,439685,8,639920,108,5921,12,3767,1,31250,1,2735,1,0,0,0,0,0,0,0,0,362085,1,21802,1,5761,1,5891,1,23375,1,225734,1,26230,1,4970,1,28645,1,34206,1,355583,1,16937,1,30,1,9559,1,4522,1,16967,1,9559,1,48,1,1240,1,1,1,0,1,0,1,5036,1,4523,1,0,0,198016,1,332937,1,816,1,816,1,0,1,108,1,2304,1,108,1,0,1,1,1,0,1,0,1,0,1,9,1,30,1,0,1,0,1,0,1,16937,1,0,1,0,1,3960,1,1155,1,8,1,8,1,0,1
148,2396300,4517,9559,28.988543,,0,10,9,108,31307,9318,29185,2364993,16,206,20,1,31150,1,40,1,273596,1,414536,1,122295,1,1512545,1,10811,1,390550,1,12694,4,306489,4,79913,4,232597,4,434404,8,632225,108,5591,12,3637,1,40207,1,2735,1,0,0,0,0,0,0,0,0,373818,1,22964,1,5501,1,5731,1,22633,1,218450,1,26331,1,4960,1,22563,1,31771,1,331066,1,16926,1,26,1,9559,1,4517,1,16952,1,9559,1,48,1,1240,1,1,1,0,1,0,1,5037,1,4522,1,0,0,202349,1,332541,1,816,1,816,1,0,1,108,1,2304,1,108,1,0,1,1,1,0,1,0,1,0,1,9,1,26,1,0,1,0,1,0,1,16926,1,0,1,0,1,2161,1,193413,1,8,1,8,1,0,1
149,2338000,4519,9559,28.988642,,0,10,9,108,32542,9148,28444,2305458,16,206,80,1,26781,1,40,1,266843,1,407843,1,118628,1,1474422,1,10821,1,360803,1,12534,4,304495,4,80184,4,235021,4,435256,8,636042,108,5791,12,3647,1,30609,1,2725,1,0,0,0,0,0,0,0,0,369379,1,21922,1,4739,1,5601,1,21952,1,213510,1,25459,1,4739,1,22613,1,31641,1,301629,1,16942,1,28,1,9559,1,4519,1,16970,1,9559,1,48,1,1240,1,1,1,0,1,0,1,5040,1,4519,1,0,0,199608,1,307989,1,816,1,816,1,0,1,108,1,2316,1,108,1,0,1,1,1,0,1,0,1,0,1,9,1,28,1,0,1,0,1,0,1,16942,1,0,1,0,1,2161,1,213213,1,8,1,8,1,0,1
150,2323900,4522,9559,28.98874,,0,10,9,108,31447,9158,28925,2292453,16,206,30,1,26761,1,40,1,265480,1,393987,1,118227,1,1477217,1,10711,1,363829,1,12374,4,307160,4,79873,4,231635,4,430998,8,628087,108,5621,12,3887,1,35558,1,2745,1,0,0,0,0,0,0,0,0,356545,1,21151,1,4849,1,5671,1,21642,1,212087,1,25759,1,4328,1,23004,1,32062,1,304254,1,16949,1,23,1,9559,1,4522,1,16972,1,9559,1,48,1,1240,1,1,1,0,1,0,1,5034,1,4525,1,0,0,201513,1,299508,1,816,1,816,1,0,1,108,1,2316,1,108,1,0,1,1,1,0,1,0,1,0,1,9,1,23,1,0,1,0,1,0,1,16949,1,0,1,0,1,2029,1,1155,1,8,1,8,1,0,1
151,2370700,4520,9559,28.98882,,0,10,9,108,32148,9408,30648,2338552,16,206,120,1,31100,1,40,1,274467,1,413985,1,133857,1,1473841,1,11141,1,357767,1,12484,4,316839,4,79813,4,231374,4,429325,8,624571,108,5481,12,4138,1,29968,1,2725,1,0,0,0,0,0,0,0,0,374980,1,21591,1,5170,1,5901,1,22453,1,218900,1,26731,1,4970,1,27152,1,31751,1,293684,1,16935,1,23,1,9559,1,4520,1,16958,1,9559,1,48,1,1240,1,1,1,0,1,0,1,5036,1,4523,1,0,0,196960,1,305745,1,816,1,816,1,0,1,108,1,2304,1,108,1,0,1,1,1,0,1,0,1,0,1,9,1,23,1,0,1,0,1,0,1,16935,1,0,1,0,1,1994,1,208956,1,8,1,8,1,0,1
152,2357200,4523,9559,28.988888,,0,10,9,108,31242,9368,28784,2325958,16,206,10,1,31330,1,40,1,267444,1,400920,1,139859,1,1475584,1,10771,1,367676,1,12544,4,303583,4,79342,4,231264,4,431258,8,628037,108,5701,12,3637,1,34186,1,2725,1,0,0,0,0,0,0,0,0,363298,1,20489,1,5320,1,5811,1,22603,1,212408,1,26270,1,4899,1,29086,1,31651,1,301840,1,16925,1,28,1,9559,1,4523,1,16953,1,9559,1,48,1,1240,1,1,1,0,1,0,1,5036,1,4523,1,0,0,195382,1,320001,1,816,1,816,1,0,1,108,1,2316,1,108,1,0,1,1,1,0,1,0,1,0,1,9,1,28,1,0,1,0,1,0,1,16925,1,0,1,0,1,2029,1,9372,1,8,1,8,1,0,1
153,2302800,4523,9559,28.988964,,0,10,9,108,30025,9228,28463,2272775,16,206,220,1,26791,1,40,1,263666,1,395259,1,118788,1,1457219,1,10791,1,350674,1,12324,4,306348,4,79633,4,234260,4,429254,8,629380,108,5671,12,3677,1,29106,1,2715,1,0,0,0,0,0,0,0,0,356625,1,22072,1,4799,1,5460,1,21742,1,210204,1,25920,1,4549,1,23074,1,31681,1,291179,1,16921,1,28,1,9559,1,4523,1,16949,1,9559,1,48,1,1240,1,1,1,0,1,0,1,5035,1,4524,1,0,0,198637,1,318186,1,816,1,816,1,0,1,108,1,2304,1,108,1,0,1,1,1,0,1,0,1,0,1,9,1,28,1,0,1,0,1,0,1,16921,1,0,1,0,1,1897,1,693,1,8,1,8,1,0,1
154,2380700,4524,9559,28.989048,,0,10,9,108,32039,9178,31501,2348661,16,206,180,1,28865,1,40,1,263767,1,395540,1,118828,1,1530790,1,10650,1,400239,1,12594,4,305837,4,80064,4,237566,4,439174,8,639508,108,5731,12,3968,1,39456,1,2715,1,0,0,0,0,0,0,0,0,357407,1,22062,1,4739,1,5581,1,21702,1,210254,1,25850,1,3948,1,22754,1,31541,1,341807,1,16914,1,28,1,9559,1,4524,1,16942,1,9559,1,48,1,1240,1,1,1,0,1,0,1,5035,1,4524,1,0,0,200827,1,328383,1,816,1,816,1,0,1,108,1,2400,1,108,1,0,1,1,1,0,1,0,1,0,1,9,1,28,1,0,1,0,1,0,1,16914,1,0,1,0,1,5098,1,495,1,8,1,8,1,0,1
155,2330200,4521,9559,28.989117,,0,10,9,108,30503,9438,29707,2299697,16,206,120,1,26942,1,40,1,262474,1,403806,1,117826,1,1477418,1,11071,1,368107,1,14738,4,304575,4,80074,4,231555,4,432641,8,628658,108,5831,12,3677,1,29857,1,2755,1,0,0,0,0,0,0,0,0,366043,1,21030,1,4889,1,5460,1,21010,1,210464,1,25198,1,4629,1,22874,1,31831,1,308593,1,16915,1,28,1,9559,1,4521,1,16943,1,9559,1,48,1,1240,1,1,1,0,1,0,1,5035,1,4524,1,0,0,202735,1,305778,1,816,1,816,1,0,1,108,1,2316,1,108,1,0,1,1,1,0,1,0,1,0,1,9,1,28,1,0,1,0,1,0,1,16915,1,0,1,0,1,2590,1,18018,1,8,1,8,1,0,1
156,2318500,4520,9559,28.989172,,0,10,9,108,30034,9168,29166,2288466,16,206,150,1,26982,1,40,1,263065,1,402583,1,119189,1,1465695,1,10761,1,356424,1,12193,4,305387,4,79954,4,230863,4,430106,8,626143,108,5661,12,3617,1,35278,1,2705,1,0,0,0,0,0,0,0,0,364320,1,22122,1,4799,1,5671,1,21491,1,210334,1,25289,1,4358,1,22664,1,31761,1,297431,1,16915,1,27,1,9559,1,4520,1,16942,1,9559,1,48,1,1240,1,1,1,0,1,0,1,5037,1,4522,1,0,0,197717,1,303963,1,816,1,816,1,0,1,108,1,2316,1,108,1,0,1,1,1,0,1,0,1,0,1,9,1,27,1,0,1,0,1,0,1,16915,1,0,1,0,1,2557,1,660,1,8,1,8,1,0,1
157,2305300,4519,9559,28.989218,,0,10,9,108,30731,9218,28405,2274569,16,206,130,1,27132,1,40,1,261172,1,398846,1,117916,1,1458481,1,10851,1,352848,1,12354,4,304605,4,80034,4,235332,4,429285,8,630491,108,5721,12,3627,1,28415,1,2765,1,0,0,0,0,0,0,0,0,361615,1,20750,1,5000,1,5621,1,20790,1,209272,1,25238,1,3998,1,23144,1,32102,1,293363,1,16916,1,27,1,9559,1,4519,1,16943,1,9559,1,48,1,1240,1,1,1,0,1,0,1,5039,1,4520,1,0,0,198846,1,311454,1,816,1,816,1,0,1,108,1,2316,1,108,1,0,1,1,1,0,1,0,1,0,1,9,1,27,1,0,1,0,1,0,1,16916,1,0,1,0,1,2260,1,9009,1,8,1,8,1,0,1
158,2320700,4519,9559,28.98927,,0,10,9,108,30401,9659,28244,2290299,16,206,100,1,27022,1,40,1,262133,1,400800,1,118187,1,1471146,1,10871,1,354631,1,12454,4,307751,4,80044,4,232236,4,432681,8,630852,108,5821,12,3667,1,35348,1,2675,1,0,0,0,0,0,0,0,0,363328,1,21060,1,4970,1,5531,1,20670,1,209833,1,25830,1,4479,1,22664,1,31811,1,295478,1,16921,1,27,1,9559,1,4519,1,16948,1,9559,1,48,1,1240,1,1,1,0,1,0,1,5038,1,4521,1,0,0,201414,1,312510,1,816,1,816,1,0,1,108,1,2304,1,108,1,0,1,1,1,0,1,0,1,0,1,9,1,27,1,0,1,0,1,0,1,16921,1,0,1,0,1,2293,1,462,1,8,1,8,1,0,1
159,2323700,4518,9559,28.98933,,0,10,9,108,30746,9208,30859,2292954,16,206,50,1,27132,1,40,1,262735,1,405238,1,118317,1,1468731,1,10711,1,357196,1,12414,4,303553,4,80364,4,235562,4,435316,8,634369,108,5651,12,3617,1,28785,1,2715,1,0,0,0,0,0,0,0,0,367145,1,21401,1,5110,1,6022,1,22203,1,208741,1,25479,1,4398,1,22523,1,31811,1,298273,1,16921,1,23,1,9559,1,4518,1,16944,1,9559,1,48,1,1240,1,1,1,0,1,0,1,5040,1,4519,1,0,0,200032,1,327855,1,816,1,816,1,0,1,108,1,2364,1,108,1,0,1,1,1,0,1,0,1,0,1,9,1,23,1,0,1,0,1,0,1,16921,1,0,1,0,1,2425,1,191499,1,8,1,8,1,0,1
160,2316600,4519,9559,28.989386,,0,10,9,108,30188,9248,28464,2286412,16,206,30,1,26741,1,40,1,260400,1,392143,1,117355,1,1478851,1,10851,1,351746,1,12414,4,304886,4,79503,4,230342,4,449443,8,645751,108,5571,12,3607,1,34957,1,2705,1,0,0,0,0,0,0,0,0,356194,1,20089,1,4679,1,5671,1,20650,1,208430,1,25309,1,4839,1,22944,1,31791,1,291961,1,16913,1,23,1,9559,1,4519,1,16936,1,9559,1,48,1,1240,1,1,1,0,1,0,1,5040,1,4519,1,0,0,198709,1,367620,1,816,1,816,1,0,1,108,1,2304,1,108,1,0,1,1,1,0,1,0,1,0,1,9,1,23,1,0,1,0,1,0,1,16913,1,0,1,0,1,2029,1,11220,1,8,1,8,1,0,1
161,2300300,4521,9559,28.989433,,0,10,9,108,29879,9258,28153,2270421,16,206,10,1,26932,1,100,1,261512,1,398706,1,117957,1,1454444,1,10761,1,351746,1,12364,4,305807,4,80625,4,230883,4,429605,8,626725,108,5611,12,3687,1,27733,1,2735,1,0,0,0,0,0,0,0,0,360783,1,21792,1,4739,1,5601,1,21692,1,208611,1,25299,1,4499,1,22553,1,31621,1,292853,1,16911,1,23,1,9559,1,4521,1,16934,1,9559,1,48,1,1240,1,1,1,0,1,0,1,5038,1,4521,1,0,0,195357,1,322113,1,816,1,816,1,0,1,108,1,2292,1,108,1,0,1,1,1,0,1,0,1,0,1,9,1,23,1,0,1,0,1,0,1,16911,1,0,1,0,1,2227,1,5280,1,8,1,8,1,0,1
162,2319400,4518,9559,28.989477,,0,10,9,108,31756,9138,28745,2287644,16,206,20,1,26852,1,50,1,262765,1,400038,1,118938,1,1468220,1,10761,1,355393,1,12233,4,305467,4,79743,4,229771,4,435296,8,630742,108,5581,12,3617,1,34867,1,2695,1,0,0,0,0,0,0,0,0,361755,1,21491,1,4789,1,5771,1,20950,1,209923,1,25820,1,4018,1,22734,1,31771,1,296660,1,16914,1,23,1,9559,1,4518,1,16937,1,9559,1,48,1,1240,1,1,1,0,1,0,1,5037,1,4522,1,0,0,199172,1,331749,1,816,1,816,1,0,1,108,1,2328,1,108,1,0,1,1,1,0,1,0,1,0,1,9,1,23,1,0,1,0,1,0,1,16914,1,0,1,0,1,1930,1,11847,1,8,1,8,1,0,1
163,2312100,4520,9559,28.989515,,0,10,9,108,30808,9338,28374,2281292,16,206,10,1,27172,1,30,1,261482,1,409707,1,120181,1,1451668,1,11041,1,344251,1,13065,4,303583,4,80214,4,232927,4,432701,8,631554,108,5701,12,4398,1,28435,1,2755,1,0,0,0,0,0,0,0,0,371744,1,21401,1,5050,1,5821,1,22042,1,208020,1,25329,1,4519,1,22453,1,32172,1,284917,1,16924,1,23,1,9559,1,4520,1,16947,1,9559,1,48,1,1240,1,1,1,0,1,0,1,5038,1,4521,1,0,0,201304,1,331287,1,816,1,816,1,0,1,108,1,2316,1,108,1,0,1,1,1,0,1,0,1,0,1,9,1,23,1,0,1,0,1,0,1,16924,1,0,1,0,1,2359,1,48279,1,8,1,8,1,0,1
164,2311000,4520,9559,28.989552,,0,10,9,108,30670,9729,28915,2280330,16,206,130,1,26962,1,30,1,262564,1,397043,1,118928,1,1463571,1,11101,1,349922,1,12434,4,305667,4,80094,4,234200,4,431529,8,631143,108,5671,12,4098,1,33154,1,2745,1,0,0,0,0,0,0,0,0,359541,1,21411,1,4909,1,5741,1,21782,1,208971,1,25780,1,4549,1,23004,1,31731,1,290408,1,16923,1,23,1,9559,1,4520,1,16946,1,9559,1,48,1,1240,1,1,1,0,1,0,1,5039,1,4520,1,0,0,202656,1,321255,1,816,1,816,1,0,1,108,1,2316,1,108,1,0,1,1,1,0,1,0,1,0,1,9,1,23,1,0,1,0,1,0,1,16923,1,1,1,0,1,1897,1,627,1,8,1,8,1,0,1
165,2427800,4519,9559,28.989582,,0,10,9,108,38796,11702,30568,2389004,16,206,150,1,31330,1,60,1,282553,1,417036,1,143415,1,1503668,1,10791,1,368287,1,12634,4,335575,4,80364,4,231254,4,428884,8,623659,108,5911,12,3657,1,28535,1,2775,1,0,0,0,0,0,0,0,0,376168,1,21201,1,5611,1,6102,1,22964,1,226495,1,26441,1,5010,1,28475,1,31531,1,303082,1,16924,1,24,1,9559,1,4519,1,16948,1,9559,1,48,1,1240,1,1,1,0,1,0,1,5037,1,4522,1,0,0,197657,1,327030,1,816,1,816,1,0,1,108,1,2304,1,108,1,0,1,1,1,0,1,0,1,0,1,9,1,24,1,0,1,0,1,0,1,16924,1,0,1,0,1,3416,1,186072,1,8,1,8,1,0,1
166,2356700,4516,9559,28.989613,,0,10,9,108,30813,9198,28935,2325887,16,206,90,1,30749,1,40,1,265580,1,402253,1,130891,1,1485303,1,10981,1,358769,1,12905,4,319103,4,79563,4,232647,4,433252,8,631373,108,5591,12,3637,1,33474,1,2755,1,0,0,0,0,0,0,0,0,365522,1,20309,1,4980,1,5921,1,22824,1,210003,1,26551,1,4949,1,26822,1,32172,1,294646,1,16926,1,23,1,9559,1,4516,1,16949,1,9559,1,48,1,1240,1,1,1,0,1,0,1,5040,1,4519,1,0,0,198287,1,298452,1,816,1,816,1,0,1,108,1,2316,1,108,1,0,1,1,1,0,1,0,1,0,1,9,1,23,1,0,1,0,1,0,1,16926,1,0,1,0,1,2161,1,297,1,8,1,8,1,0,1
167,2533900,4518,9559,28.989645,,0,10,9,108,31554,9438,29054,2502346,16,206,140,1,26982,1,40,1,266662,1,576517,1,117927,1,1502977,1,11101,1,388927,1,12985,4,303463,4,79533,4,232116,4,438422,8,635913,108,5571,12,3607,1,31831,1,2655,1,0,0,0,0,0,0,0,0,530078,1,29106,1,5120,1,5841,1,21191,1,210855,1,28475,1,3687,1,22964,1,30869,1,331186,1,16939,1,23,1,9559,1,4518,1,16962,1,9559,1,48,1,1240,1,1,1,0,1,0,1,5039,1,4520,1,0,0,196006,1,338481,1,816,1,816,1,0,1,108,1,2304,1,108,1,0,1,1,1,0,1,0,1,0,1,9,1,23,1,0,1,0,1,0,1,16939,1,0,1,0,1,1798,1,255849,1,8,1,8,1,0,1
168,2339800,4518,9559,28.989676,,0,10,9,108,30174,9118,28163,2309626,16,206,80,1,26641,1,50,1,264197,1,404908,1,118067,1,1484832,1,10851,1,372065,1,12504,4,304535,4,79984,4,230513,4,431499,8,628197,108,5651,12,3677,1,38243,1,2695,1,0,0,0,0,0,0,0,0,367466,1,21281,1,4919,1,5931,1,21982,1,210324,1,25589,1,4589,1,22573,1,31691,1,313051,1,16942,1,24,1,9559,1,4518,1,16966,1,9559,1,48,1,1240,1,1,1,0,1,0,1,5040,1,4519,1,0,0,197781,1,328416,1,816,1,816,1,0,1,108,1,2292,1,108,1,0,1,1,1,0,1,0,1,0,1,9,1,24,1,0,1,0,1,0,1,16942,1,0,1,0,1,1897,1,17919,1,8,1,8,1,0,1
169,2305500,4514,9559,28.9897,,0,10,9,108,31612,9418,28485,2273888,16,206,80,1,27112,1,40,1,265480,1,399938,1,118448,1,1451979,1,10811,1,350513,1,12865,4,303763,4,79583,4,230493,4,429445,8,625792,108,5661,12,3647,1,29467,1,2785,1,0,0,0,0,0,0,0,0,363188,1,20690,1,4859,1,5731,1,22133,1,210344,1,26962,1,4489,1,22704,1,31791,1,291269,1,16948,1,24,1,9559,1,4514,1,16972,1,9559,1,48,1,1240,1,1,1,0,1,0,1,5041,1,4518,1,0,0,197442,1,311289,1,816,1,816,1,0,1,108,1,2304,1,108,1,0,1,1,1,0,1,0,1,0,1,9,1,24,1,0,1,0,1,0,1,16948,1,0,1,0,1,2260,1,9240,1,8,1,8,1,0,1
170,2357500,4515,9559,28.989725,,0,10,9,108,33646,9829,35728,2323854,16,206,160,1,31160,1,50,1,275860,1,404046,1,122816,1,1477879,1,11883,1,362867,1,12514,4,304665,4,80064,4,232947,4,433032,8,624360,108,5891,12,4679,1,34546,1,2735,1,0,0,0,0,0,0,0,0,362777,1,21932,1,5551,1,6132,1,22173,1,220243,1,26822,1,5250,1,23004,1,31470,1,302942,1,16948,1,24,1,9559,1,4515,1,16972,1,9559,1,48,1,1240,1,1,1,0,1,0,1,5042,1,4517,1,0,0,199666,1,276639,1,816,1,816,1,0,1,108,1,2364,1,108,1,0,1,1,1,0,1,0,1,0,1,9,1,24,1,0,1,0,1,0,1,16948,1,0,1,0,1,4242,1,150777,1,8,1,8,1,0,1
171,2327200,4512,9559,28.989754,,0,10,9,108,30338,9047,28144,2296862,16,206,190,1,31150,1,40,1,266863,1,393596,1,130811,1,1463491,1,10721,1,356535,1,12765,4,313392,4,79994,4,228238,4,427541,8,622125,108,5511,12,3647,1,29637,1,2695,1,0,0,0,0,0,0,0,0,356054,1,20559,1,5070,1,5901,1,22854,1,211536,1,26180,1,5330,1,26641,1,31360,1,292993,1,16956,1,24,1,9559,1,4512,1,16980,1,9559,1,48,1,1240,1,1,1,0,1,0,1,5043,1,4516,1,0,0,197314,1,278190,1,815,1,816,1,0,1,108,1,2292,1,108,1,0,1,1,1,0,1,0,1,0,1,9,1,24,1,0,1,0,1,0,1,16956,1,0,1,0,1,2392,1,1287,1,8,1,8,1,0,1
172,2305300,4513,9559,28.98977,,0,10,9,108,29799,9719,28113,2275501,16,206,80,1,26791,1,40,1,261532,1,399277,1,120602,1,1456377,1,10801,1,355843,1,12434,4,302080,4,79944,4,229771,4,426539,8,622487,108,5711,12,4058,1,33244,1,2745,1,0,0,0,0,0,0,0,0,361945,1,20539,1,4749,1,5661,1,21672,1,208521,1,25409,1,4429,1,22834,1,31370,1,297021,1,16946,1,24,1,9559,1,4513,1,16970,1,9559,1,48,1,1240,1,1,1,0,1,0,1,5046,1,4513,1,0,0,200615,1,320925,1,816,1,816,1,0,1,108,1,2304,1,108,1,0,1,1,1,0,1,0,1,0,1,9,1,24,1,0,1,0,1,0,1,16946,1,0,1,0,1,2194,1,187176,1,8,1,8,1,0,1
173,2350000,4515,9559,28.989801,,0,10,9,108,31397,9118,31448,2318603,16,206,160,1,27002,1,40,1,262354,1,397594,1,119119,1,1501284,1,11051,1,350493,1,13596,4,306158,4,83130,4,238358,4,462789,8,663627,108,6072,12,3687,1,31160,1,2795,1,0,0,0,0,0,0,0,0,360242,1,21612,1,4549,1,5841,1,21992,1,208991,1,25248,1,4338,1,22834,1,31851,1,291269,1,16956,1,24,1,9559,1,4515,1,16980,1,9559,1,48,1,1240,1,1,1,0,1,0,1,5044,1,4515,1,0,0,208221,1,308913,1,813,1,813,1,0,1,108,1,2304,1,108,1,0,1,1,1,0,1,0,1,0,1,9,1,24,1,0,1,0,1,0,1,16956,1,0,1,0,1,2029,1,594,1,8,1,8,1,0,1
174,2394200,4515,9559,28.989834,,0,10,9,108,30810,9218,29246,2363390,16,206,40,1,26601,1,40,1,266342,1,409426,1,119359,1,1530530,1,11051,1,413735,1,12835,4,303583,4,79813,4,230733,4,432751,8,628597,108,5641,12,3657,1,41480,1,2725,1,0,0,0,0,0,0,0,0,370111,1,22964,1,4669,1,5931,1,21812,1,212608,1,25689,1,4639,1,22774,1,32062,1,354070,1,16952,1,24,1,9559,1,4515,1,16976,1,9559,1,48,1,1240,1,1,1,0,1,0,1,5042,1,4517,1,0,0,199302,1,324126,1,816,1,816,1,0,1,108,1,2316,1,108,1,0,1,1,1,0,1,0,1,0,1,9,1,24,1,0,1,0,1,0,1,16952,1,0,1,0,1,2227,1,363,1,8,1,8,1,0,1
175,2319300,4515,9559,28.989851,,0,10,9,108,31456,9248,29266,2287844,16,206,20,1,27142,1,50,1,264458,1,401381,1,118778,1,1465244,1,10771,1,359010,1,12734,4,306168,4,80284,4,232226,4,429545,8,626824,108,5681,12,3998,1,29286,1,2745,1,0,0,0,0,0,0,0,0,364320,1,21101,1,4659,1,5971,1,21742,1,210825,1,25609,1,4248,1,22884,1,31681,1,299956,1,16951,1,27,1,9559,1,4515,1,16978,1,9559,1,48,1,1240,1,1,1,0,1,0,1,5042,1,4517,1,0,0,195248,1,305844,1,816,1,816,1,0,1,108,1,2316,1,108,1,0,1,1,1,0,1,0,1,0,1,9,1,27,1,0,1,0,1,0,1,16951,1,0,1,0,1,2161,1,12936,1,8,1,8,1,0,1
176,2317400,4514,9559,28.989864,,0,10,9,108,30788,9188,28975,2286612,16,206,80,1,26922,1,30,1,265520,1,405569,1,118918,1,1458692,1,10881,1,350353,1,12654,4,302331,4,80264,4,232106,4,432781,8,630051,108,5861,12,3707,1,32593,1,2715,1,0,0,0,0,0,0,0,0,368368,1,20620,1,5080,1,6082,1,22022,1,211356,1,25800,1,4499,1,22674,1,31621,1,291370,1,16943,1,27,1,9559,1,4514,1,16970,1,9559,1,48,1,1240,1,1,1,0,1,0,1,5044,1,4515,1,0,0,199430,1,320430,1,816,1,816,1,0,1,108,1,2316,1,108,1,0,1,1,1,0,1,0,1,0,1,9,1,27,1,0,1,0,1,0,1,16943,1,0,1,0,1,2491,1,195459,1,8,1,8,1,0,1
177,2300600,4516,9559,28.989883,,0,10,9,108,31021,8997,28252,2269579,16,206,40,1,27172,1,40,1,262264,1,412162,1,120351,1,1436680,1,10871,1,341486,1,12454,4,301529,4,80114,4,228028,4,428924,8,622959,108,5741,12,3647,1,28775,1,2725,1,0,0,0,0,0,0,0,0,373558,1,22343,1,4819,1,5921,1,21121,1,209833,1,25108,1,4198,1,22563,1,31280,1,283254,1,16944,1,27,1,9559,1,4516,1,16971,1,9559,1,48,1,1240,1,1,1,0,1,0,1,5042,1,4517,1,0,0,197222,1,274032,1,816,1,816,1,0,1,108,1,2304,1,108,1,0,1,1,1,0,1,0,1,0,1,9,1,27,1,0,1,0,1,0,1,16944,1,0,1,0,1,2062,1,50094,1,8,1,8,1,0,1
178,2315000,4515,9559,28.989906,,0,10,9,108,30312,9178,28695,2284688,16,206,130,1,26932,1,40,1,263546,1,411340,1,121123,1,1450686,1,10891,1,348399,1,12714,4,302401,4,80324,4,228900,4,428243,8,622686,108,5761,12,3908,1,33895,1,2725,1,0,0,0,0,0,0,0,0,372796,1,22012,1,5020,1,6162,1,21962,1,209643,1,25449,1,4198,1,22333,1,31791,1,289907,1,16946,1,27,1,9559,1,4515,1,16973,1,9559,1,48,1,1240,1,1,1,0,1,0,1,5041,1,4518,1,0,0,195265,1,303336,1,816,1,816,1,0,1,108,1,2316,1,108,1,0,1,1,1,0,1,0,1,0,1,9,1,27,1,0,1,0,1,0,1,16946,1,0,1,0,1,4092,1,192588,1,8,1,8,1,0,1
179,2313600,4515,9559,28.989923,,0,10,9,108,31266,9198,28664,2282334,16,206,10,1,27433,1,40,1,263767,1,411711,1,120772,1,1447731,1,10871,1,346415,1,12233,4,303403,4,79903,4,230934,4,430387,8,626745,108,5911,12,3687,1,28805,1,2765,1,0,0,0,0,0,0,0,0,373848,1,21361,1,5010,1,6092,1,21812,1,210174,1,25409,1,4639,1,22664,1,32042,1,286871,1,16936,1,27,1,9559,1,4515,1,16963,1,9559,1,48,1,1240,1,1,1,0,1,0,1,5043,1,4516,1,0,0,198176,1,323961,1,816,1,816,1,0,1,108,1,2328,1,108,1,0,1,1,1,0,1,0,1,0,1,9,1,27,1,0,1,0,1,0,1,16936,1,0,1,0,1,1765,1,228294,1,8,1,8,1,0,1
180,2417600,4515,9559,28.98993,,0,10,9,108,33831,9548,29285,2383769,16,206,40,1,26962,1,40,1,262244,1,452259,1,118127,1,1513297,1,10801,1,381703,1,12985,4,304325,4,79683,4,237426,4,443301,8,645791,108,5651,12,3667,1,37923,1,2735,1,0,0,0,0,0,0,0,0,413093,1,22603,1,5120,1,6072,1,20580,1,209853,1,25409,1,3877,1,22724,1,31420,1,323491,1,16941,1,27,1,9559,1,4515,1,16968,1,9559,1,48,1,1240,1,1,1,0,1,0,1,5043,1,4516,1,0,0,202360,1,332376,1,816,1,816,1,0,1,108,1,2316,1,108,1,0,1,1,1,0,1,0,1,0,1,9,1,27,1,0,1,0,1,0,1,16941,1,0,1,0,1,2524,1,94446,1,8,1,8,1,0,1
181,2353200,4517,9559,28.98993,,0,10,9,108,33104,9198,29587,2320096,16,206,10,1,26872,1,50,1,263707,1,411110,1,121774,1,1485533,1,11041,1,372916,1,12514,4,304084,4,80164,4,234961,4,434344,8,633868,108,5851,12,3948,1,30689,1,2715,1,0,0,0,0,0,0,0,0,369890,1,24677,1,5030,1,5931,1,21642,1,210074,1,25790,1,4579,1,22603,1,31651,1,313843,1,16935,1,31,1,9559,1,4517,1,16966,1,9559,1,48,1,1240,1,1,1,0,1,0,1,5040,1,4519,1,0,0,199884,1,319044,1,816,1,816,1,0,1,108,1,2352,1,108,1,0,1,1,1,0,1,0,1,0,1,9,1,31,1,0,1,0,1,0,1,16935,1,0,1,0,1,2887,1,167607,1,8,1,8,1,0,1
182,2309800,4517,9559,28.98994,,0,10,9,108,31243,9168,28143,2278557,16,206,170,1,26471,1,40,1,262304,1,395329,1,118237,1,1465294,1,10711,1,358519,1,12955,4,304605,4,79743,4,230583,4,428082,8,624540,108,5981,12,3627,1,35288,1,2725,1,0,0,0,0,0,0,0,0,358418,1,20960,1,4719,1,5821,1,21451,1,209633,1,25128,1,4639,1,22383,1,31601,1,299706,1,16943,1,32,1,9559,1,4517,1,16975,1,9559,1,48,1,1240,1,1,1,0,1,0,1,5039,1,4520,1,0,0,198624,1,307065,1,816,1,816,1,0,1,108,1,2316,1,108,1,0,1,0,1,1,1,0,1,0,1,9,1,0,1,32,1,0,1,0,1,16943,1,0,1,0,1,2656,1,528,1,8,1,8,1,0,1
183,2390000,4516,9559,28.989958,,0,10,9,108,31831,9498,34706,2358169,16,206,150,1,30799,1,110,1,281982,1,408925,1,134518,1,1490854,1,10831,1,362035,1,12714,4,316157,4,81016,4,235412,4,439194,8,633838,108,6062,12,4048,1,27994,1,2785,1,0,0,0,0,0,0,0,0,369349,1,21181,1,5100,1,6292,1,22233,1,226675,1,26200,1,5090,1,26912,1,31380,1,298483,1,16946,1,32,1,9559,1,4516,1,16978,1,9559,1,48,1,1240,1,1,1,0,1,0,1,5042,1,4517,1,0,0,207776,1,298716,1,816,1,816,1,0,1,108,1,2316,1,108,1,0,1,0,1,1,1,0,1,0,1,9,1,0,1,32,1,0,1,0,1,16946,1,0,1,0,1,3482,1,23265,1,8,1,8,1,0,1
184,2348700,4516,9559,28.98997,,0,10,9,108,33914,9038,28555,2314786,16,206,130,1,31250,1,40,1,267634,1,396051,1,139207,1,1469683,1,10791,1,363558,1,12684,4,301860,4,79783,4,230242,4,431789,8,623287,108,10190,12,3927,1,34035,1,2765,1,0,0,0,0,0,0,0,0,358779,1,20219,1,5170,1,5992,1,22684,1,212067,1,26581,1,4809,1,29096,1,31611,1,297852,1,16941,1,36,1,9559,1,4516,1,16977,1,9559,1,48,1,1240,1,1,1,0,1,0,1,5040,1,4519,1,0,0,199303,1,331155,1,816,1,816,1,0,1,108,1,2292,1,108,1,0,1,0,1,1,1,0,1,0,1,9,1,0,1,36,1,0,1,0,1,16941,1,0,1,0,1,1963,1,528,1,8,1,8,1,0,1
185,2292700,4514,9559,28.989977,,0,10,9,108,30545,9118,28633,2262155,16,206,90,1,26992,1,50,1,262855,1,392604,1,117756,1,1450887,1,10921,1,349471,1,12314,4,304815,4,79743,4,228369,4,432461,8,626345,108,5851,12,3647,1,28234,1,2715,1,0,0,0,0,0,0,0,0,355192,1,21531,1,4609,1,5791,1,21281,1,210424,1,25068,1,4268,1,22263,1,31621,1,291129,1,16944,1,32,1,9559,1,4514,1,16976,1,9559,1,48,1,1240,1,1,1,0,1,0,1,5043,1,4516,1,0,0,193977,1,330495,1,816,1,816,1,0,1,108,1,2304,1,108,1,0,1,0,1,1,1,0,1,0,1,9,1,0,1,32,1,0,1,0,1,16944,1,0,1,0,1,2029,1,462,1,8,1,8,1,0,1
186,2406100,4515,9559,28.98999,,0,10,9,108,32541,9128,30118,2373559,16,206,100,1,27042,1,50,1,262875,1,406701,1,118107,1,1547573,1,11111,1,359721,1,11923,4,335164,4,82258,4,249189,4,451317,8,664416,108,5971,12,3587,1,41880,1,3407,1,0,0,0,0,0,0,0,0,369149,1,21251,1,4960,1,5871,1,21862,1,209021,1,25860,1,4619,1,22633,1,31901,1,300367,1,16950,1,32,1,9559,1,4515,1,16982,1,9559,1,48,1,1240,1,1,1,0,1,0,1,5043,1,4516,1,0,0,198632,1,346764,1,816,1,816,1,0,1,108,1,2304,1,108,1,0,1,0,1,1,1,0,1,0,1,9,1,0,1,32,1,0,1,0,1,16950,1,0,1,0,1,2475,1,150117,1,8,1,8,1,0,1
187,2383400,4516,9559,28.990005,,0,10,9,108,32054,9368,28805,2351346,16,206,50,1,30068,1,40,1,265600,1,408875,1,121634,1,1513998,1,11081,1,400780,1,12855,4,304665,4,80014,4,232927,4,435176,8,633668,108,5631,12,3667,1,31831,1,2715,1,0,0,0,0,0,0,0,0,364791,1,26811,1,4639,1,5951,1,20790,1,210845,1,27483,1,4819,1,22092,1,31851,1,341797,1,16958,1,28,1,9559,1,4516,1,16986,1,9559,1,48,1,1240,1,1,1,0,1,0,1,5042,1,4517,1,0,0,198261,1,298320,1,816,1,816,1,0,1,108,1,2328,1,108,1,0,1,1,1,0,1,0,1,0,1,9,1,28,1,0,1,0,1,0,1,16958,1,0,1,0,1,2458,1,10395,1,8,1,8,1,0,1
188,2356400,4519,9559,28.990013,,0,10,9,108,32176,9068,28685,2324224,16,206,120,1,26892,1,60,1,265430,1,400840,1,119309,1,1500843,1,10731,1,382334,1,12684,4,305417,4,80144,4,232156,4,434444,8,632114,108,5801,12,3647,1,38193,1,2755,1,0,0,0,0,0,0,0,0,363949,1,20840,1,4649,1,6132,1,21962,1,211206,1,25830,1,4619,1,22844,1,31651,1,323020,1,16958,1,28,1,9559,1,4519,1,16986,1,9559,1,48,1,1240,1,1,1,0,1,0,1,5039,1,4520,1,0,0,193913,1,318549,1,816,1,816,1,0,1,108,1,2328,1,108,1,0,1,1,1,0,1,0,1,0,1,9,1,28,1,0,1,0,1,0,1,16958,1,0,1,0,1,2326,1,495,1,8,1,8,1,0,1
189,2306100,4519,9559,28.990015,,0,10,9,108,30419,9178,28976,2275681,16,206,30,1,27002,1,40,1,261041,1,397554,1,119129,1,1460044,1,10841,1,355192,1,12855,4,305036,4,79703,4,232006,4,432220,8,629459,108,5791,12,3627,1,27543,1,2685,1,0,0,0,0,0,0,0,0,360362,1,21060,1,4819,1,6152,1,20980,1,208460,1,25188,1,4539,1,22794,1,31611,1,296029,1,16956,1,32,1,9559,1,4519,1,16988,1,9559,1,48,1,1240,1,1,1,0,1,0,1,5039,1,4520,1,0,0,202678,1,331254,1,816,1,816,1,0,1,108,1,2316,1,108,1,0,1,0,1,1,1,0,1,0,1,9,1,0,1,32,1,0,1,0,1,16956,1,0,1,0,1,2359,1,495,1,8,1,8,1,0,1
190,2321400,4519,9559,28.990025,,0,10,9,108,31812,9208,27972,2289588,16,206,30,1,26922,1,40,1,262735,1,402533,1,119119,1,1467338,1,10871,1,359801,1,12554,4,303783,4,79693,4,229611,4,431669,8,627577,108,5731,12,3637,1,34616,1,2765,1,0,0,0,0,0,0,0,0,364440,1,21692,1,4970,1,6002,1,22313,1,208350,1,25780,1,4579,1,22363,1,31701,1,300938,1,16964,1,28,1,9559,1,4519,1,16992,1,9559,1,48,1,1240,1,1,1,0,1,0,1,5038,1,4521,1,0,0,197328,1,320859,1,816,1,816,1,0,1,108,1,2292,1,108,1,0,1,1,1,0,1,0,1,0,1,9,1,28,1,0,1,0,1,0,1,16964,1,0,1,0,1,2656,1,192555,1,8,1,8,1,0,1
191,2362800,4520,9559,28.99004,,0,10,9,108,32885,9569,30168,2329915,16,206,160,1,31581,1,70,1,280308,1,411170,1,142313,1,1453211,1,11101,1,359360,1,12584,4,302671,4,79783,4,229230,4,425076,8,618508,108,5631,12,2986,1,29186,1,2765,1,0,0,0,0,0,0,0,0,370011,1,22533,1,5340,1,6142,1,23685,1,223650,1,26260,1,4779,1,28805,1,31350,1,294195,1,16962,1,32,1,9559,1,4520,1,16994,1,9559,1,48,1,1240,1,1,1,0,1,0,1,5038,1,4521,1,0,0,195087,1,294921,1,816,1,816,1,0,1,108,1,2304,1,108,1,0,1,0,1,1,1,0,1,0,1,9,1,0,1,32,1,0,1,0,1,16962,1,0,1,0,1,3347,1,210408,1,8,1,8,1,0,1
192,2313500,4522,9559,28.990047,,0,10,9,108,30284,9168,28724,2283216,16,206,40,1,31430,1,70,1,265560,1,395750,1,122385,1,1457179,1,10801,1,347397,1,12434,4,303623,4,80034,4,234450,4,428393,8,628288,108,5831,12,3627,1,35318,1,2735,1,0,0,0,0,0,0,0,0,356855,1,21461,1,5511,1,6312,1,22994,1,209693,1,26240,1,5029,1,22754,1,31561,1,287893,1,16969,1,32,1,9559,1,4522,1,17001,1,9559,1,48,1,1240,1,1,1,0,1,0,1,5037,1,4522,1,0,0,202557,1,299178,1,816,1,816,1,0,1,108,1,2304,1,108,1,0,1,0,1,1,1,0,1,0,1,9,1,0,1,32,1,0,1,0,1,16969,1,0,1,0,1,2293,1,174999,1,8,1,8,1,0,1
193,2507200,4521,9559,28.990053,,0,10,9,108,33318,9528,30118,2473882,16,206,30,1,27322,1,40,1,261813,1,512023,1,119449,1,1542112,1,11091,1,407252,1,12664,4,306629,4,80455,4,242656,4,445365,8,652042,108,5861,12,3677,1,31180,1,2705,1,0,0,0,0,0,0,0,0,468209,1,26741,1,4909,1,5891,1,21591,1,208811,1,25238,1,4128,1,22694,1,30719,1,349471,1,16970,1,32,1,9559,1,4521,1,17002,1,9559,1,48,1,1240,1,1,1,0,1,0,1,5037,1,4522,1,0,0,196780,1,356136,1,816,1,816,1,0,1,108,1,2304,1,108,1,0,1,0,1,1,1,0,1,0,1,9,1,0,1,32,1,0,1,0,1,16970,1,0,1,0,1,25674,1,75240,1,8,1,8,1,0,1
194,2403200,4522,9559,28.990055,,0,10,9,108,31324,9478,30987,2371876,16,206,90,1,26701,1,40,1,263917,1,404517,1,118157,1,1547522,1,10931,1,391001,1,12744,4,323742,4,83560,4,235132,4,445977,8,639240,108,10881,12,3687,1,39486,1,2715,1,0,0,0,0,0,0,0,0,366394,1,21401,1,4599,1,5941,1,21692,1,210244,1,25559,1,4068,1,22583,1,32122,1,332018,1,16974,1,36,1,9559,1,4522,1,17010,1,9559,1,48,1,1240,1,1,1,0,1,0,1,5035,1,4524,1,0,0,210937,1,284856,1,816,1,816,1,0,1,108,1,2304,1,108,1,0,1,0,1,1,1,0,1,0,1,9,1,0,1,36,1,0,1,0,1,16974,1,0,1,0,1,2095,1,9273,1,8,1,8,1,0,1
195,2351600,4521,9559,28.99006,,0,10,9,108,31303,9479,28565,2320297,16,206,20,1,27182,1,40,1,265370,1,410108,1,118598,1,1488188,1,10791,1,375260,1,12654,4,304625,4,80575,4,235442,4,432681,8,629239,108,10320,12,3597,1,31160,1,2715,1,0,0,0,0,0,0,0,0,371494,1,21812,1,5130,1,6332,1,21682,1,211376,1,25639,1,4439,1,22664,1,31330,1,316628,1,16966,1,36,1,9559,1,4521,1,17002,1,9559,1,48,1,1240,1,1,1,0,1,0,1,5036,1,4523,1,0,0,199616,1,301356,1,816,1,816,1,0,1,108,1,2304,1,108,1,0,1,0,1,1,1,0,1,0,1,9,1,0,1,36,1,0,1,0,1,16966,1,0,1,0,1,2557,1,170610,1,8,1,8,1,0,1
196,2356400,4522,9559,28.99006,,0,10,9,108,32106,9298,28494,2324294,16,206,10,1,26671,1,40,1,262214,1,403124,1,118237,1,1502746,1,11252,1,393135,1,12384,4,302190,4,79954,4,231665,4,431148,8,624280,108,10039,12,3867,1,36320,1,2785,1,0,0,0,0,0,0,0,0,364751,1,22173,1,4609,1,6112,1,21902,1,208480,1,25449,1,4338,1,22383,1,31631,1,334583,1,16971,1,36,1,9559,1,4522,1,17007,1,9559,1,48,1,1240,1,1,1,0,1,0,1,5035,1,4524,1,0,0,196790,1,299706,1,816,1,816,1,0,1,108,1,2304,1,108,1,0,1,0,1,1,1,0,1,0,1,9,1,0,1,36,1,0,1,0,1,16971,1,0,1,0,1,1897,1,13266,1,8,1,8,1,0,1
197,2314300,4523,9559,28.990076,,0,10,9,108,30403,8967,28773,2283897,16,206,50,1,26912,1,40,1,260150,1,401010,1,118618,1,1466276,1,10841,1,357186,1,12504,4,303603,4,79984,4,231194,4,436368,8,628509,108,10280,12,3897,1,29787,1,2785,1,0,0,0,0,0,0,0,0,361915,1,22453,1,4980,1,6122,1,20970,1,207408,1,25349,1,4118,1,22543,1,31901,1,298423,1,16965,1,40,1,9559,1,4523,1,17005,1,9559,1,48,1,1240,1,1,1,0,1,0,1,5035,1,4524,1,0,0,198656,1,324621,1,816,1,816,1,0,1,108,1,2304,1,108,1,0,1,0,1,1,1,0,1,0,1,9,1,0,1,40,1,0,1,0,1,16965,1,0,1,0,1,2095,1,70620,1,8,1,8,1,0,1
198,2320100,4523,9559,28.990084,,0,10,9,108,31043,9198,27683,2289057,16,206,90,1,26621,1,70,1,263987,1,394478,1,118958,1,1473961,1,10891,1,356054,1,12584,4,304655,4,80184,4,234510,4,434865,8,631413,108,10280,12,3627,1,35558,1,2725,1,0,0,0,0,0,0,0,0,357346,1,20600,1,4819,1,5931,1,22183,1,210194,1,25409,1,4218,1,22664,1,31851,1,297141,1,16961,1,40,1,9559,1,4523,1,17001,1,9559,1,48,1,1240,1,1,1,0,1,0,1,5034,1,4525,1,0,0,196541,1,320265,1,816,1,816,1,0,1,108,1,2292,1,108,1,0,1,0,1,1,1,0,1,0,1,9,1,0,1,40,1,0,1,0,1,16961,1,0,1,0,1,1996,1,158169,1,8,1,8,1,0,1
199,2335200,4524,9559,28.990086,,0,10,9,108,30473,9349,28825,2304727,16,206,60,1,27252,1,40,1,262424,1,409577,1,121834,1,1472528,1,11011,1,352016,1,12654,4,304815,4,79913,4,233899,4,444394,8,639228,108,10240,12,3627,1,29156,1,2705,1,0,0,0,0,0,0,0,0,370421,1,22784,1,4859,1,6282,1,21832,1,208510,1,25479,1,4328,1,22643,1,32082,1,292772,1,16962,1,36,1,9559,1,4524,1,16998,1,9559,1,48,1,1240,1,1,1,0,1,0,1,5034,1,4525,1,0,0,201432,1,333498,1,816,1,816,1,0,1,108,1,2304,1,108,1,0,1,0,1,1,1,0,1,0,1,9,1,0,1,36,1,0,1,0,1,16962,1,0,1,0,1,3729,1,139359,1,8,1,8,1,0,1
200,2329300,4522,9559,28.990088,,0,10,9,108,30414,8947,28573,2298886,16,206,160,1,26701,1,40,1,263466,1,396321,1,120211,1,1480794,1,11191,1,362035,1,12374,4,307601,4,79934,4,231585,4,436438,8,629250,108,10200,12,3637,1,35508,1,2735,1,0,0,0,0,0,0,0,0,357958,1,22183,1,4559,1,6172,1,21802,1,209873,1,25359,1,4038,1,22333,1,31531,1,303924,1,16960,1,36,1,9559,1,4522,1,16996,1,9559,1,48,1,1240,1,1,1,0,1,0,1,5035,1,4524,1,0,0,198409,1,307296,1,816,1,816,1,0,1,108,1,2304,1,108,1,0,1,0,1,1,1,0,1,0,1,9,1,0,1,36,1,0,1,0,1,16960,1,0,1,0,1,1963,1,17787,1,8,1,8,1,0,1
201,2308200,4522,9559,28.990097,,0,10,9,108,30846,9138,28445,2277354,16,206,50,1,27152,1,80,1,263917,1,399097,1,119590,1,1456518,1,10951,1,348319,1,12404,4,305637,4,79873,4,232326,4,433493,8,627265,108,10109,12,3928,1,28705,1,2695,1,0,0,0,0,0,0,0,0,362276,1,20800,1,4639,1,6132,1,21882,1,209963,1,25629,1,4228,1,22483,1,31601,1,289837,1,16962,1,36,1,9559,1,4522,1,16998,1,9559,1,48,1,1240,1,1,1,0,1,0,1,5036,1,4523,1,0,0,201698,1,297198,1,816,1,816,1,0,1,108,1,2328,1,108,1,0,1,0,1,1,1,0,1,0,1,9,1,0,1,36,1,0,1,0,1,16962,1,0,1,0,1,2326,1,5808,1,8,1,8,1,0,1
202,2305100,4521,9559,28.99011,,0,10,9,108,30982,9268,28966,2274118,16,206,60,1,26832,1,60,1,261031,1,395740,1,118628,1,1460906,1,10861,1,352357,1,12654,4,305958,4,80695,4,230944,4,429495,8,625671,108,5801,12,3637,1,33184,1,2715,1,0,0,0,0,0,0,0,0,359490,1,20299,1,4579,1,5931,1,20980,1,208170,1,25629,1,4318,1,22493,1,31651,1,293704,1,16968,1,32,1,9559,1,4521,1,17000,1,9559,1,48,1,1240,1,1,1,0,1,0,1,5037,1,4522,1,0,0,199662,1,307164,1,816,1,816,1,0,1,108,1,2304,1,108,1,0,1,0,1,1,1,0,1,0,1,9,1,0,1,32,1,0,1,0,1,16968,1,0,1,0,1,2326,1,627,1,8,1,8,1,0,1
203,2307600,4525,9559,28.990112,,0,10,9,108,30396,9208,28596,2277204,16,206,80,1,27292,1,30,1,260530,1,411971,1,120161,1,1445987,1,11151,1,348629,1,12504,4,302842,4,80114,4,229481,4,426710,8,621854,108,5741,12,4018,1,29707,1,2775,1,0,0,0,0,0,0,0,0,373758,1,21942,1,4799,1,6422,1,21080,1,207398,1,25349,1,4469,1,22894,1,32202,1,288825,1,16979,1,32,1,9559,1,4525,1,17011,1,9559,1,48,1,1240,1,1,1,0,1,0,1,5033,1,4526,1,0,0,194799,1,290037,1,816,1,816,1,0,1,108,1,2316,1,108,1,0,1,0,1,1,1,0,1,0,1,9,1,0,1,32,1,0,1,0,1,16979,1,0,1,0,1,2755,1,167673,1,8,1,8,1,0,1
204,2390900,4526,9559,28.990108,,0,10,9,108,32961,9529,32913,2357939,16,206,150,1,32943,1,110,1,284557,1,414606,1,131613,1,1482878,1,11081,1,363067,1,12474,4,305357,4,80976,4,235402,4,435316,8,627415,108,10390,12,3777,1,34226,1,2755,1,0,0,0,0,0,0,0,0,370231,1,22533,1,5230,1,7094,1,23375,1,227116,1,26391,1,4939,1,22513,1,31240,1,304164,1,16986,1,36,1,9559,1,4526,1,17022,1,9559,1,48,1,1240,1,1,1,0,1,0,1,5032,1,4527,1,0,0,194996,1,245883,1,816,1,816,1,0,1,108,1,2304,1,108,1,0,1,0,1,1,1,0,1,0,1,9,1,0,1,36,1,0,1,0,1,16986,1,0,1,0,1,3201,1,1056,1,8,1,8,1,0,1
205,2350200,4524,9559,28.990114,,0,10,9,108,30174,9138,29105,2320026,16,206,110,1,30980,1,50,1,265841,1,409466,1,128737,1,1474011,1,10831,1,358198,1,12494,4,312781,4,79733,4,231865,4,435196,8,627697,108,10260,12,3827,1,28014,1,2765,1,0,0,0,0,0,0,0,0,371995,1,21451,1,4529,1,6352,1,22774,1,209993,1,26421,1,5390,1,26110,1,32011,1,294526,1,16972,1,36,1,9559,1,4524,1,17008,1,9559,1,48,1,1240,1,1,1,0,1,0,1,5033,1,4526,1,0,0,198007,1,314622,1,816,1,816,1,0,1,108,1,2316,1,108,1,0,1,0,1,1,1,0,1,0,1,9,1,0,1,36,1,0,1,0,1,16972,1,0,1,0,1,2161,1,759,1,8,1,8,1,0,1
206,2388800,4523,9559,28.99012,,0,10,9,108,32194,9208,28755,2356606,16,206,50,1,26922,1,30,1,270029,1,430797,1,121794,1,1495873,1,11111,1,373517,1,12885,4,303353,4,79663,4,236554,4,434465,8,632035,108,10230,12,3627,1,39867,1,2735,1,0,0,0,0,0,0,0,0,391342,1,22824,1,4769,1,6082,1,21832,1,210484,1,31360,1,3527,1,22533,1,31150,1,316067,1,16977,1,36,1,9559,1,4523,1,17013,1,9559,1,48,1,1240,1,1,1,0,1,0,1,5035,1,4524,1,0,0,199883,1,302115,1,816,1,816,1,0,1,108,1,2304,1,108,1,0,1,0,1,1,1,0,1,0,1,9,1,0,1,36,1,0,1,0,1,16977,1,0,1,0,1,4456,1,91575,1,8,1,8,1,0,1
207,2337900,4523,9559,28.990118,,0,10,9,108,32622,9127,28955,2305278,16,206,130,1,26651,1,40,1,261382,1,394959,1,124088,1,1486896,1,11131,1,374930,1,12384,4,305487,4,80044,4,233699,4,433924,8,628418,108,10250,12,3637,1,30869,1,2795,1,0,0,0,0,0,0,0,0,354872,1,23094,1,5180,1,6192,1,21010,1,208090,1,25790,1,4318,1,23195,1,31851,1,315326,1,16970,1,36,1,9559,1,4523,1,17006,1,9559,1,48,1,1240,1,1,1,0,1,0,1,5035,1,4524,1,0,0,198254,1,308781,1,816,1,816,1,0,1,108,1,2304,1,108,1,0,1,0,1,1,1,0,1,0,1,9,1,0,1,36,1,0,1,0,1,16970,1,0,1,0,1,2359,1,135663,1,8,1,8,1,0,1
208,2328900,4523,9559,28.990112,,0,10,9,108,30405,10170,27913,2298495,16,206,40,1,27082,1,40,1,262334,1,406431,1,123247,1,1468240,1,11081,1,356415,1,12424,4,303012,4,79513,4,230362,4,433603,8,625783,108,10270,12,3627,1,36370,1,2745,1,0,0,0,0,0,0,0,0,367726,1,22403,1,4769,1,6242,1,21862,1,208811,1,25168,1,4348,1,22243,1,31891,1,297742,1,16969,1,36,1,9559,1,4523,1,17005,1,9559,1,48,1,1240,1,1,1,0,1,0,1,5036,1,4523,1,0,0,195999,1,293304,1,816,1,816,1,0,1,108,1,2304,1,108,1,0,1,0,1,1,1,0,1,0,1,9,1,0,1,36,1,0,1,0,1,16969,1,1,1,0,1,1732,1,146091,1,8,1,8,1,0,1
209,2319500,4522,9559,28.990116,,0,10,9,108,30223,9158,28124,2289277,16,206,70,1,27363,1,30,1,260320,1,405469,1,122415,1,1462529,1,11081,1,353810,1,12534,4,305286,4,79743,4,232967,4,433713,8,628317,108,10240,12,3757,1,28845,1,2715,1,0,0,0,0,0,0,0,0,367776,1,21181,1,4689,1,6342,1,22193,1,206386,1,25098,1,4188,1,22744,1,31761,1,294926,1,16966,1,36,1,9559,1,4522,1,17002,1,9559,1,48,1,1240,1,1,1,0,1,0,1,5035,1,4524,1,0,0,195722,1,302874,1,816,1,816,1,0,1,108,1,2304,1,108,1,0,1,0,1,1,1,0,1,0,1,9,1,0,1,36,1,0,1,0,1,16966,1,0,1,0,1,2755,1,221595,1,8,1,8,1,0,1
210,2331800,4522,9559,28.990122,,0,10,9,108,30099,9218,28745,2301701,16,206,20,1,27042,1,80,1,261803,1,409006,1,121674,1,1471046,1,11031,1,352166,1,13195,4,305457,4,80244,4,232567,4,435687,8,629269,108,10240,12,3647,1,36200,1,2665,1,0,0,0,0,0,0,0,0,371433,1,21341,1,4549,1,6342,1,22052,1,208000,1,25158,1,4408,1,23074,1,31651,1,292832,1,16964,1,36,1,9559,1,4522,1,17000,1,9559,1,48,1,1240,1,1,1,0,1,0,1,5036,1,4523,1,0,0,201784,1,318879,1,816,1,816,1,0,1,108,1,2316,1,108,1,0,1,0,1,1,1,0,1,0,1,9,1,0,1,36,1,0,1,0,1,16964,1,0,1,0,1,1732,1,46134,1,8,1,8,1,0,1
211,2318200,4523,9559,28.990128,,0,10,9,108,30426,9208,28884,2287774,16,206,20,1,27272,1,30,1,260611,1,409637,1,119710,1,1459373,1,11121,1,349491,1,12454,4,304455,4,79603,4,232907,4,436739,8,630612,108,10149,12,3617,1,28184,1,2715,1,0,0,0,0,0,0,0,0,371664,1,21832,1,4759,1,6412,1,21642,1,207058,1,25188,1,4358,1,23134,1,31761,1,290067,1,16963,1,36,1,9559,1,4523,1,16999,1,9559,1,48,1,1240,1,1,1,0,1,0,1,5036,1,4523,1,0,0,201885,1,314358,1,816,1,816,1,0,1,108,1,2304,1,108,1,0,1,0,1,1,1,0,1,0,1,9,1,0,1,36,1,0,1,0,1,16963,1,0,1,0,1,4026,1,197802,1,8,1,8,1,0,1
212,2349500,4523,9559,28.990124,,0,10,9,108,31127,9608,31130,2318373,16,206,20,1,26631,1,40,1,261051,1,394117,1,121563,1,1503708,1,11242,1,351736,1,12935,4,307701,4,82939,4,248828,4,445486,8,651882,108,11302,12,4078,1,37672,1,2725,1,0,0,0,0,0,0,0,0,358228,1,19688,1,4649,1,6182,1,20940,1,207939,1,25679,1,4499,1,22724,1,31981,1,292352,1,16961,1,40,1,9559,1,4523,1,17001,1,9559,1,48,1,1240,1,1,1,0,1,0,1,5034,1,4525,1,0,0,200066,1,309474,1,816,1,816,1,0,1,108,1,2304,1,108,1,0,1,0,1,1,1,0,1,0,1,9,1,0,1,40,1,0,1,0,1,16961,1,0,1,0,1,2128,1,462,1,8,1,8,1,0,1
213,2335600,4523,9559,28.99013,,0,10,9,108,30673,9689,28164,2304927,16,206,160,1,26822,1,30,1,261733,1,403936,1,118848,1,1482317,1,11081,1,376694,1,12835,4,302812,4,79843,4,232426,4,431839,8,625672,108,10430,12,3637,1,29837,1,2705,1,0,0,0,0,0,0,0,0,364330,1,23134,1,4609,1,6653,1,21060,1,208571,1,25198,1,4599,1,22623,1,32202,1,317049,1,16963,1,40,1,9559,1,4523,1,17003,1,9559,1,48,1,1240,1,1,1,0,1,0,1,5036,1,4523,1,0,0,196619,1,320694,1,816,1,816,1,0,1,108,1,2304,1,108,1,0,1,0,1,1,1,0,1,0,1,9,1,0,1,40,1,0,1,0,1,16963,1,1,1,0,1,2194,1,27258,1,8,1,8,1,0,1
214,2338400,4524,9559,28.990137,,0,10,9,108,29996,9108,31209,2308404,16,206,150,1,27132,1,40,1,262995,1,399998,1,122415,1,1484812,1,10861,1,367235,1,12394,4,304585,4,80374,4,230563,4,438833,8,628007,108,10180,12,3707,1,35248,1,2765,1,0,0,0,0,0,0,0,0,362657,1,21261,1,4639,1,6352,1,22032,1,208190,1,26140,1,4539,1,22633,1,31981,1,307871,1,16965,1,40,1,9559,1,4524,1,17005,1,9559,1,48,1,1240,1,1,1,0,1,0,1,5035,1,4524,1,0,0,203616,1,315612,1,816,1,816,1,0,1,108,1,2304,1,108,1,0,1,0,1,1,1,0,1,0,1,9,1,0,1,40,1,0,1,0,1,16965,1,0,1,0,1,2359,1,528,1,8,1,8,1,0,1
215,2366200,4524,9559,28.990137,,0,10,9,108,33615,12444,30257,2332585,16,206,160,1,31781,1,70,1,280218,1,401566,1,127084,1,1480283,1,11422,1,352527,1,12785,4,311067,4,82869,4,242235,4,430667,8,631935,108,10711,12,4529,1,28385,1,2775,1,0,0,0,0,0,0,0,0,362260,1,20519,1,5340,1,6262,1,23645,1,224371,1,25369,1,5400,1,25499,1,31681,1,286490,1,16967,1,40,1,9559,1,4524,1,17007,1,9559,1,48,1,1240,1,1,1,0,1,0,1,5035,1,4524,1,0,0,197109,1,321519,1,815,1,815,1,0,1,108,1,2304,1,108,1,0,1,0,1,1,1,0,1,0,1,9,1,0,1,40,1,0,1,0,1,16967,1,1,1,0,1,2607,1,122478,1,8,1,8,1,0,1
216,2359500,4526,9559,28.990137,,0,10,9,108,30547,9118,28082,2328953,16,206,50,1,31190,1,50,1,265961,1,399718,1,140931,1,1479943,1,11111,1,364159,1,12524,4,305086,4,79813,4,233158,4,433282,8,627968,108,10390,12,3657,1,36410,1,2735,1,0,0,0,0,0,0,0,0,360573,1,22002,1,5210,1,6192,1,22894,1,210544,1,26010,1,5010,1,22904,1,31911,1,304124,1,16971,1,40,1,9559,1,4526,1,17011,1,9559,1,48,1,1240,1,1,1,0,1,0,1,5033,1,4526,1,0,0,200198,1,332937,1,816,1,816,1,0,1,108,1,2304,1,108,1,0,1,0,1,1,1,0,1,0,1,9,1,0,1,40,1,0,1,0,1,16971,1,0,1,0,1,2557,1,5907,1,8,1,8,1,0,1
217,2339300,4524,9559,28.990143,,0,10,9,108,29483,8967,28635,2309817,16,206,80,1,27493,1,50,1,264698,1,407693,1,120061,1,1478660,1,11081,1,352477,1,12815,4,304815,4,80004,4,253156,4,430307,8,644698,108,10129,12,3687,1,29667,1,2765,1,0,0,0,0,0,0,0,0,370752,1,20409,1,4799,1,6192,1,22082,1,210665,1,25459,1,4248,1,22643,1,31571,1,293834,1,16971,1,40,1,9559,1,4524,1,17011,1,9559,1,48,1,1240,1,1,1,0,1,0,1,5033,1,4526,1,0,0,200925,1,351945,1,815,1,815,1,0,1,108,1,2304,1,108,1,0,1,0,1,1,1,0,1,0,1,9,1,0,1,40,1,0,1,0,1,16971,1,0,1,0,1,2491,1,46695,1,8,1,8,1,0,1
218,2334600,4525,9559,28.990149,,0,10,9,108,33039,9178,27592,2301561,16,206,90,1,26581,1,70,1,262284,1,400359,1,119970,1,1481235,1,10971,1,367406,1,15259,4,302812,4,79372,4,230352,4,433412,8,625813,108,10360,12,3747,1,36991,1,2705,1,0,0,0,0,0,0,0,0,361344,1,22282,1,4599,1,6222,1,21461,1,208651,1,25609,1,4198,1,22363,1,31470,1,309204,1,16980,1,40,1,9559,1,4525,1,17020,1,9559,1,48,1,1240,1,1,1,0,1,0,1,5033,1,4526,1,0,0,192954,1,292248,1,816,1,816,1,0,1,108,1,2292,1,108,1,0,1,0,1,1,1,0,1,0,1,9,1,0,1,40,1,0,1,0,1,16980,1,0,1,0,1,2392,1,693,1,8,1,8,1,0,1
219,2483100,4524,9559,28.990149,,0,10,9,108,34036,9158,29737,2449064,16,206,170,1,27012,1,40,1,261482,1,505381,1,122956,1,1521192,1,10831,1,384769,1,12734,4,305557,4,80705,4,240272,4,450205,8,650300,108,10440,12,3948,1,31090,1,2755,1,0,0,0,0,0,0,0,0,464582,1,24156,1,4829,1,6362,1,21501,1,208080,1,25238,1,3988,1,22824,1,31480,1,326257,1,16981,1,40,1,9559,1,4524,1,17021,1,9559,1,48,1,1240,1,1,1,0,1,0,1,5034,1,4525,1,0,0,205349,1,340329,1,816,1,816,1,0,1,108,1,2304,1,108,1,0,1,0,1,1,1,0,1,0,1,9,1,0,1,40,1,0,1,0,1,16981,1,0,1,0,1,15599,1,146850,1,8,1,8,1,0,1
220,2349300,4523,9559,28.990152,,0,10,9,108,32750,9047,28544,2316550,16,206,100,1,27132,1,40,1,263196,1,402002,1,120662,1,1492597,1,10821,1,377285,1,12454,4,303373,4,80154,4,232076,4,433553,8,626935,108,10149,12,3667,1,38243,1,2745,1,0,0,0,0,0,0,0,0,364440,1,21471,1,4589,1,6472,1,21692,1,208811,1,25910,1,4308,1,22684,1,31871,1,318171,1,16980,1,40,1,9559,1,4523,1,17020,1,9559,1,48,1,1240,1,1,1,0,1,0,1,5035,1,4524,1,0,0,193860,1,309111,1,816,1,816,1,0,1,108,1,2304,1,108,1,0,1,0,1,1,1,0,1,0,1,9,1,0,1,40,1,0,1,0,1,16980,1,0,1,0,1,1864,1,495,1,8,1,8,1,0,1
221,2336900,4522,9559,28.99016,,0,10,9,108,30821,9168,29766,2306079,16,206,10,1,27102,1,40,1,264298,1,400179,1,121824,1,1481846,1,10781,1,366043,1,12684,4,305186,4,80114,4,232797,4,439194,8,631804,108,10420,12,3757,1,30168,1,2735,1,0,0,0,0,0,0,0,0,363368,1,20670,1,4499,1,6332,1,22323,1,209903,1,25439,1,4849,1,22523,1,32402,1,306018,1,16978,1,40,1,9559,1,4522,1,17018,1,9559,1,48,1,1240,1,1,1,0,1,0,1,5036,1,4523,1,0,0,198135,1,326601,1,816,1,816,1,0,1,108,1,2340,1,108,1,0,1,0,1,1,1,0,1,0,1,9,1,0,1,40,1,0,1,0,1,16978,1,0,1,0,1,1765,1,528,1,8,1,8,1,0,1
222,2417200,4522,9559,28.990164,,0,10,9,108,32109,10410,33855,2385091,16,206,150,1,30899,1,70,1,280960,1,407272,1,144397,1,1509319,1,12023,1,371834,1,12754,4,301870,4,79403,4,233348,4,455715,8,644649,108,10560,12,4338,1,36911,1,2735,1,0,0,0,0,0,0,0,0,366674,1,21471,1,5220,1,6973,1,22062,1,224581,1,26771,1,5050,1,28535,1,31951,1,306098,1,16976,1,40,1,9559,1,4522,1,17016,1,9559,1,48,1,1240,1,1,1,0,1,0,1,5037,1,4522,1,0,0,208977,1,337788,1,815,1,815,1,0,1,108,1,2340,1,108,1,0,1,0,1,1,1,0,1,0,1,9,1,0,1,40,1,0,1,0,1,16976,1,1,1,0,1,5298,1,28677,1,8,1,8,1,0,1
223,2331000,4520,9559,28.990162,,0,10,9,108,29810,9048,28795,2301190,16,206,90,1,31380,1,40,1,268486,1,399447,1,132224,1,1458792,1,10731,1,351886,1,12544,4,302421,4,79833,4,233468,4,433523,8,627927,108,10270,12,3637,1,29737,1,2695,1,0,0,0,0,0,0,0,0,359531,1,22824,1,5210,1,6573,1,23124,1,211897,1,26661,1,5501,1,22313,1,31981,1,291800,1,16977,1,36,1,9559,1,4520,1,17013,1,9559,1,48,1,1240,1,1,1,0,1,0,1,5035,1,4524,1,0,0,201602,1,305745,1,816,1,816,1,0,1,108,1,2304,1,108,1,0,1,0,1,1,1,0,1,0,1,9,1,0,1,36,1,0,1,0,1,16977,1,0,1,0,1,2788,1,18513,1,8,1,8,1,0,1
224,2345400,4521,9559,28.99016,,0,10,9,108,31726,9108,29165,2313674,16,206,40,1,26801,1,40,1,262564,1,402253,1,122686,1,1488499,1,10791,1,374369,1,12404,4,304445,4,80044,4,230853,4,434224,8,625703,108,10210,12,3647,1,36680,1,2725,1,0,0,0,0,0,0,0,0,364991,1,21281,1,4559,1,6012,1,21742,1,209332,1,25208,1,4338,1,22964,1,31551,1,315276,1,16971,1,36,1,9559,1,4521,1,17007,1,9559,1,48,1,1240,1,1,1,0,1,0,1,5038,1,4521,1,0,0,203140,1,290697,1,816,1,816,1,0,1,108,1,2316,1,108,1,0,1,0,1,1,1,0,1,0,1,9,1,0,1,36,1,0,1,0,1,16971,1,0,1,0,1,2146,1,17952,1,8,1,8,1,0,1
225,2330800,4522,9559,28.990166,,0,11,9,108,30983,9198,28905,2299817,16,218,30,1,27092,1,40,1,260961,1,399608,1,118377,1,1482788,1,10921,1,356375,1,14247,4,304284,4,79833,4,233018,4,449634,8,639018,108,14728,24,3807,1,29667,1,2725,1,0,0,0,0,0,0,0,0,361815,1,21752,1,4709,1,6002,1,21752,1,207549,1,25399,1,4328,1,22944,1,31771,1,297151,1,16973,1,40,1,9559,1,4522,1,17013,1,9559,1,48,1,1240,1,1,1,0,1,0,1,5036,1,4523,1,0,0,206471,1,322740,1,816,1,816,1,0,1,108,1,2316,1,108,1,0,1,1,1,1,1,0,1,0,1,9,1,4,1,36,1,0,1,0,1,16973,1,0,1,0,1,2161,1,22077,1,8,1,8,1,0,1
226,2342500,4521,9559,28.990166,,0,11,9,108,30339,9108,29456,2312161,16,218,30,1,26721,1,40,1,261853,1,395981,1,119520,1,1497176,1,10841,1,375691,1,12354,4,305517,4,80244,4,234310,4,436859,8,626745,108,14969,24,3677,1,36700,1,2715,1,0,0,0,0,0,0,0,0,356936,1,22393,1,4939,1,5911,1,22122,1,208400,1,25138,1,4829,1,23175,1,32142,1,315356,1,16968,1,40,1,9559,1,4521,1,17008,1,9559,1,48,1,1240,1,1,1,0,1,0,1,5037,1,4522,1,0,0,199178,1,315975,1,816,1,816,1,0,1,108,1,2328,1,108,1,0,1,1,1,1,1,0,1,0,1,9,1,4,1,36,1,0,1,0,1,16968,1,0,1,0,1,2590,1,180246,1,8,1,8,1,0,1
227,2313000,4522,9559,28.990166,,0,11,9,108,30646,9208,28114,2282354,16,218,20,1,27503,1,40,1,262093,1,396802,1,118838,1,1466096,1,10961,1,356896,1,12254,4,306008,4,79934,4,232647,4,434144,8,623969,108,14708,24,3647,1,28615,1,2745,1,0,0,0,0,0,0,0,0,358609,1,22353,1,4549,1,6172,1,22193,1,208310,1,25168,1,4439,1,22613,1,31470,1,298193,1,16980,1,40,1,9559,1,4522,1,17020,1,9559,1,48,1,1240,1,1,1,0,1,0,1,5037,1,4522,1,0,0,203194,1,266739,1,816,1,816,1,0,1,108,1,2316,1,108,1,0,1,1,1,1,1,0,1,0,1,9,1,4,1,36,1,0,1,0,1,16980,1,0,1,0,1,2392,1,528,1,8,1,8,1,0,1
228,2371100,4521,9559,28.990168,,0,11,9,108,31496,9308,32243,2339604,16,218,120,1,30619,1,40,1,277453,1,397704,1,132454,1,1489240,1,11973,1,351746,1,12604,4,303964,4,79553,4,234821,4,455014,8,641952,108,15640,24,3837,1,35689,1,2705,1,0,0,0,0,0,0,0,0,357887,1,21842,1,5140,1,7013,1,23225,1,220043,1,26751,1,4839,1,22373,1,31581,1,292742,1,16979,1,40,1,9559,1,4521,1,17019,1,9559,1,48,1,1240,1,1,1,0,1,0,1,5037,1,4522,1,0,0,212348,1,326172,1,815,1,815,1,0,1,108,1,2316,1,108,1,0,1,1,1,1,1,0,1,0,1,9,1,4,1,36,1,0,1,0,1,16979,1,0,1,0,1,2361,1,16698,1,8,1,8,1,0,1
229,2361400,4519,9559,28.990175,,0,11,9,108,31755,9067,30567,2329645,16,218,40,1,31370,1,20,1,265700,1,399908,1,125621,1,1495913,1,11071,1,362647,1,13195,4,313492,4,79292,4,233739,4,447980,8,635532,108,15620,24,3667,1,30098,1,2735,1,0,0,0,0,0,0,0,0,361434,1,22193,1,4519,1,6953,1,22934,1,209312,1,26230,1,5040,1,25810,1,31981,1,299636,1,16977,1,40,1,9559,1,4519,1,17017,1,9559,1,48,1,1240,1,1,1,0,1,0,1,5038,1,4521,1,0,0,206278,1,290070,1,815,1,816,1,0,1,108,1,2304,1,108,1,0,1,1,1,1,1,0,1,0,1,9,1,4,1,36,1,0,1,0,1,16977,1,0,1,0,1,2557,1,79926,1,8,1,8,1,0,1
230,2341800,4521,9559,28.990171,,0,11,9,108,30991,9218,28835,2310809,16,218,190,1,26661,1,40,1,267083,1,397203,1,119530,1,1488970,1,11131,1,372255,1,11993,4,304074,4,79843,4,233579,4,434705,8,624490,108,14959,24,3667,1,36871,1,2765,1,0,0,0,0,0,0,0,0,358018,1,22664,1,4919,1,6693,1,21792,1,210635,1,27623,1,4148,1,22724,1,31581,1,313652,1,16974,1,44,1,9559,1,4521,1,17018,1,9559,1,48,1,1240,1,1,1,0,1,0,1,5038,1,4521,1,0,0,203108,1,258060,1,816,1,816,1,0,1,108,1,2304,1,108,1,0,1,1,1,1,1,0,1,0,1,9,1,4,1,40,1,0,1,0,1,16974,1,0,1,0,1,2359,1,170511,1,8,1,8,1,0,1
231,2321600,4522,9559,28.990166,,0,11,9,108,30519,9118,28655,2291081,16,218,90,1,27192,1,40,1,261793,1,401651,1,120361,1,1468952,1,11001,1,356655,1,12193,4,305617,4,80354,4,234090,4,435677,8,626213,108,14899,24,3707,1,28805,1,2735,1,0,0,0,0,0,0,0,0,363669,1,21792,1,4619,1,5981,1,22102,1,208040,1,25309,1,4218,1,22774,1,31641,1,297822,1,16973,1,44,1,9559,1,4522,1,17017,1,9559,1,48,1,1240,1,1,1,0,1,0,1,5036,1,4523,1,0,0,198627,1,293700,1,816,1,816,1,0,1,108,1,2304,1,108,1,0,1,1,1,1,1,0,1,0,1,9,1,4,1,40,1,0,1,0,1,16973,1,0,1,0,1,1897,1,138468,1,8,1,8,1,0,1
232,2406100,4523,9559,28.990173,,0,11,9,108,31830,9298,28505,2374270,16,218,100,1,26882,1,40,1,263386,1,428934,1,119750,1,1524208,1,10971,1,395860,1,12795,4,305978,4,79713,4,235282,4,440727,8,632615,108,14889,24,3627,1,38133,1,2795,1,0,0,0,0,0,0,0,0,390741,1,21792,1,4699,1,6262,1,21221,1,210224,1,25379,1,4198,1,22874,1,31901,1,336697,1,16986,1,40,1,9559,1,4523,1,17026,1,9559,1,48,1,1240,1,1,1,0,1,0,1,5035,1,4524,1,0,0,203320,1,310167,1,816,1,816,1,0,1,108,1,2316,1,108,1,0,1,1,1,1,1,0,1,0,1,9,1,4,1,36,1,0,1,0,1,16986,1,0,1,0,1,3184,1,98538,1,8,1,8,1,0,1
233,2344300,4527,9559,28.990175,,0,11,9,108,30436,9659,28083,2313864,16,218,100,1,27202,1,40,1,260761,1,403285,1,120151,1,1491465,1,10861,1,372816,1,12714,4,305206,4,79783,4,235222,4,438622,8,630823,108,14939,24,3627,1,31120,1,2695,1,0,0,0,0,0,0,0,0,363979,1,22593,1,4960,1,6312,1,21722,1,206927,1,25479,1,4178,1,22954,1,32082,1,313452,1,16992,1,44,1,9559,1,4527,1,17036,1,9559,1,48,1,1240,1,1,1,0,1,0,1,5032,1,4527,1,0,0,201609,1,312081,1,816,1,816,1,0,1,108,1,2304,1,108,1,0,1,1,1,1,1,0,1,0,1,9,1,4,1,40,1,0,1,0,1,16992,1,0,1,0,1,2623,1,193380,1,8,1,8,1,0,1
234,2331600,4523,9559,28.990168,,0,11,9,108,29919,9178,28745,2301681,16,218,80,1,26942,1,50,1,262745,1,397253,1,120071,1,1483530,1,11011,1,359541,1,12173,4,308933,4,80224,4,236103,4,435426,8,627736,108,15049,24,3827,1,35358,1,2765,1,0,0,0,0,0,0,0,0,360402,1,20720,1,4659,1,6012,1,21832,1,209102,1,25509,1,4889,1,22994,1,32462,1,298974,1,16988,1,44,1,9559,1,4523,1,17032,1,9559,1,48,1,1240,1,1,1,0,1,0,1,5031,1,4528,1,0,0,202546,1,304293,1,816,1,816,1,0,1,108,1,2292,1,108,1,0,1,1,1,1,1,0,1,0,1,9,1,4,1,40,1,0,1,0,1,16988,1,0,1,0,1,1930,1,330,1,8,1,8,1,0,1
235,2333400,4525,9559,28.99017,,0,11,9,108,31078,9097,29106,2302322,16,218,90,1,27032,1,30,1,260881,1,410058,1,120411,1,1472558,1,11262,1,348760,1,14668,4,306188,4,80154,4,234871,4,442891,8,633667,108,14989,24,3637,1,29567,1,2725,1,0,0,0,0,0,0,0,0,371964,1,22072,1,4559,1,6182,1,21191,1,207929,1,25289,1,4288,1,22804,1,32001,1,289496,1,16992,1,44,1,9559,1,4525,1,17036,1,9559,1,48,1,1240,1,1,1,0,1,0,1,5033,1,4526,1,0,0,196665,1,324291,1,816,1,816,1,0,1,108,1,2304,1,108,1,0,1,1,1,1,1,0,1,0,1,9,1,4,1,40,1,0,1,0,1,16992,1,0,1,0,1,2524,1,363,1,8,1,8,1,0,1
236,2333800,4525,9559,28.990175,,0,11,9,108,31668,9268,28084,2302132,16,218,140,1,27052,1,50,1,262053,1,399718,1,122786,1,1479482,1,10851,1,357817,1,12304,4,305757,4,79793,4,236805,4,435607,8,629339,108,14989,24,3617,1,35779,1,2735,1,0,0,0,0,0,0,0,0,362466,1,21050,1,4649,1,6272,1,20770,1,209532,1,25148,1,4869,1,23245,1,31721,1,297732,1,16990,1,44,1,9559,1,4525,1,17034,1,9559,1,48,1,1240,1,1,1,0,1,0,1,5032,1,4527,1,0,0,197201,1,313269,1,816,1,816,1,0,1,108,1,2316,1,108,1,0,1,1,1,1,1,0,1,0,1,9,1,4,1,40,1,0,1,0,1,16990,1,0,1,0,1,1798,1,193743,1,8,1,8,1,0,1
237,2313200,4526,9559,28.990175,,0,11,9,108,30856,9528,29226,2282344,16,218,30,1,27393,1,40,1,264308,1,396021,1,119930,1,1463371,1,11252,1,349151,1,12785,4,306970,4,80014,4,232627,4,437270,8,625481,108,15189,24,3958,1,28304,1,2765,1,0,0,0,0,0,0,0,0,359280,1,20760,1,4619,1,6733,1,21842,1,209963,1,25459,1,4258,1,22954,1,31771,1,289977,1,16991,1,48,1,9559,1,4526,1,17039,1,9559,1,48,1,1240,1,1,1,0,1,0,1,5033,1,4526,1,0,0,201483,1,299310,1,816,1,816,1,0,1,108,1,2316,1,108,1,0,1,1,1,1,1,0,1,0,1,9,1,4,1,44,1,0,1,0,1,16991,1,0,1,0,1,1930,1,462,1,8,1,8,1,0,1
238,2474500,4525,9559,28.990175,,0,11,9,108,32870,9458,35454,2441630,16,218,110,1,26711,1,50,1,263757,1,395039,1,120091,1,1625041,1,10831,1,348900,1,13085,4,311689,4,83821,4,278515,4,526822,8,752500,108,17383,24,6693,1,43283,1,2775,1,0,0,0,0,0,0,0,0,358118,1,20870,1,4639,1,6863,1,22153,1,209052,1,25419,1,4479,1,23164,1,31811,1,289256,1,16997,1,44,1,9559,1,4525,1,17041,1,9559,1,48,1,1240,1,1,1,0,1,0,1,5033,1,4526,1,0,0,221483,1,438240,1,811,1,811,1,0,1,108,1,2316,1,108,1,0,1,1,1,1,1,0,1,0,1,9,1,4,1,40,1,0,1,0,1,16997,1,0,1,0,1,2722,1,462,1,8,1,8,1,0,1
239,2738700,4524,9559,28.990175,,0,11,9,108,41289,12935,32751,2697411,16,190,40,1,26822,1,130,1,265991,1,543774,1,139618,1,1709864,1,11171,1,463280,1,13416,4,402994,4,81977,4,243337,4,453301,8,648677,108,15209,24,3747,1,32112,1,2765,1,0,0,0,0,0,0,0,0,491444,1,33043,1,4839,1,6152,1,22253,1,211556,1,25519,1,3948,1,33264,1,31340,1,394398,1,16995,1,44,1,9559,1,4524,1,17039,1,9559,1,48,1,1240,1,1,1,0,1,0,1,5034,1,4525,1,0,0,208773,1,300663,1,816,1,816,1,0,1,108,1,2292,1,108,1,0,1,1,1,1,1,0,1,0,1,9,1,4,1,40,1,0,1,0,1,16995,1,0,1,0,1,2491,1,218361,1,8,1,8,1,0,1
240,2420000,4524,9559,28.990175,,0,11,9,108,32795,10109,28866,2387205,16,218,130,1,31140,1,30,1,259759,1,428523,1,133366,1,1523226,1,11031,1,386552,1,13055,4,312570,4,80685,4,237997,4,438101,8,631903,108,15329,24,3647,1,37833,1,2675,1,0,0,0,0,0,0,0,0,386302,1,25569,1,5110,1,6422,1,22844,1,204683,1,25449,1,5471,1,26731,1,31651,1,322519,1,17006,1,44,1,9559,1,4524,1,17050,1,9559,1,48,1,1240,1,1,1,0,1,0,1,5035,1,4524,1,0,0,201567,1,333696,1,816,1,816,1,0,1,108,1,2292,1,108,1,0,1,1,1,1,1,0,1,0,1,9,1,4,1,40,1,0,1,0,1,17006,1,1,1,0,1,2293,1,48081,1,8,1,8,1,0,1
241,2331500,4521,9559,28.990175,,0,11,9,108,31001,9358,28926,2300499,16,218,40,1,26952,1,40,1,260931,1,399848,1,121574,1,1480033,1,11081,1,362206,1,15349,4,305306,4,80745,4,233999,4,436589,8,626624,108,15039,24,3997,1,29757,1,2725,1,0,0,0,0,0,0,0,0,362456,1,20980,1,4909,1,6452,1,22243,1,206687,1,25279,1,4368,1,22674,1,31721,1,303252,1,16992,1,44,1,9559,1,4521,1,17036,1,9559,1,48,1,1240,1,1,1,0,1,0,1,5035,1,4524,1,0,0,200652,1,284889,1,816,1,816,1,0,1,108,1,2304,1,108,1,0,1,1,1,1,1,0,1,0,1,9,1,4,1,40,1,0,1,0,1,16992,1,0,1,0,1,2491,1,36333,1,8,1,8,1,0,1
242,2350400,4520,9559,28.990175,,0,11,9,108,30284,10039,29086,2320116,16,218,130,1,26731,1,70,1,264919,1,403235,1,122385,1,1491685,1,10961,1,357006,1,12564,4,304735,4,79753,4,236544,4,446568,8,638957,108,15069,24,3647,1,38133,1,2695,1,0,0,0,0,0,0,0,0,366364,1,20950,1,4619,1,6132,1,22072,1,209112,1,27302,1,4539,1,22513,1,31450,1,298313,1,17003,1,44,1,9559,1,4520,1,17047,1,9559,1,48,1,1240,1,1,1,0,1,0,1,5038,1,4521,1,0,0,205304,1,347985,1,816,1,816,1,0,1,108,1,2316,1,108,1,0,1,1,1,1,1,0,1,0,1,9,1,4,1,40,1,0,1,0,1,17003,1,0,1,0,1,2326,1,19140,1,8,1,8,1,0,1
243,2333300,4520,9559,28.990175,,0,11,9,108,30858,9118,29035,2302442,16,218,90,1,26852,1,40,1,260230,1,393305,1,119079,1,1492056,1,10791,1,349521,1,14147,4,303613,4,79563,4,241263,4,459493,8,656652,108,15069,24,3637,1,28976,1,2725,1,0,0,0,0,0,0,0,0,355483,1,21882,1,4659,1,5881,1,21922,1,206887,1,25228,1,4499,1,22513,1,32332,1,289937,1,17000,1,44,1,9559,1,4520,1,17044,1,9559,1,48,1,1240,1,1,1,0,1,0,1,5037,1,4522,1,0,0,198901,1,369534,1,815,1,815,1,0,1,108,1,2304,1,108,1,0,1,1,1,1,1,0,1,0,1,9,1,4,1,40,1,0,1,0,1,17000,1,0,1,0,1,2128,1,594,1,8,1,8,1,0,1
244,2367200,4521,9559,28.990171,,0,11,9,108,31774,9268,28333,2335426,16,218,100,1,26641,1,40,1,262013,1,401972,1,120932,1,1512836,1,10891,1,387775,1,12344,4,305136,4,79783,4,235072,4,439935,8,631695,108,14979,24,3627,1,37151,1,2745,1,0,0,0,0,0,0,0,0,362316,1,23485,1,4569,1,6272,1,21642,1,208140,1,25639,1,4328,1,22623,1,31811,1,328792,1,17000,1,44,1,9559,1,4521,1,17044,1,9559,1,48,1,1240,1,1,1,0,1,0,1,5037,1,4522,1,0,0,197616,1,329406,1,816,1,816,1,0,1,108,1,2304,1,108,1,0,1,1,1,1,1,0,1,0,1,9,1,4,1,40,1,0,1,0,1,17000,1,0,1,0,1,2161,1,8613,1,8,1,8,1,0,1
245,2476300,4520,9559,28.990164,,0,11,9,108,27537,9959,30878,2448763,16,218,80,1,27443,1,40,1,263426,1,491614,1,121854,1,1533265,1,11041,1,397904,1,12744,4,307471,4,79803,4,239740,4,446959,8,640852,108,14968,24,3667,1,32262,1,2755,1,0,0,0,0,0,0,0,0,448251,1,25769,1,4799,1,5981,1,22052,1,208000,1,27082,1,4398,1,23535,1,31100,1,338660,1,16998,1,44,1,9559,1,4520,1,17042,1,9559,1,48,1,1240,1,1,1,0,1,0,1,5038,1,4521,1,0,0,203181,1,318186,1,816,1,816,1,0,1,108,1,2316,1,108,1,0,1,1,1,1,1,0,1,0,1,9,1,4,1,40,1,0,1,0,1,16998,1,0,1,0,1,3481,1,199386,1,8,1,8,1,0,1
246,2398800,4521,9559,28.990164,,0,11,9,108,31132,9779,29085,2367668,16,218,100,1,26902,1,60,1,266492,1,409917,1,118878,1,1534197,1,11121,1,407423,1,12494,4,305707,4,80104,4,234100,4,439003,8,629139,108,14879,24,3697,1,39135,1,2755,1,0,0,0,0,0,0,0,0,370251,1,22944,1,4669,1,6272,1,21892,1,212057,1,25780,1,4398,1,22774,1,31891,1,348179,1,16997,1,44,1,9559,1,4521,1,17041,1,9559,1,48,1,1240,1,1,1,0,1,0,1,5038,1,4521,1,0,0,200069,1,303600,1,816,1,816,1,0,1,108,1,2316,1,108,1,0,1,1,1,1,1,0,1,0,1,9,1,4,1,40,1,0,1,0,1,16997,1,0,1,0,1,2326,1,177243,1,8,1,8,1,0,1
247,2332200,4521,9559,28.990164,,0,11,9,108,31050,9408,29475,2301150,16,218,10,1,27373,1,60,1,265610,1,398836,1,122505,1,1475925,1,10831,1,362927,1,12544,4,302912,4,79583,4,236354,4,436488,8,628389,108,14979,24,3667,1,29306,1,2735,1,0,0,0,0,0,0,0,0,360633,1,21682,1,4799,1,6422,1,22203,1,211416,1,25218,1,4118,1,22533,1,31470,1,304615,1,16999,1,44,1,9559,1,4521,1,17043,1,9559,1,48,1,1240,1,1,1,0,1,0,1,5038,1,4521,1,0,0,202683,1,296901,1,816,1,816,1,0,1,108,1,2316,1,108,1,0,1,1,1,1,1,0,1,0,1,9,1,4,1,40,1,0,1,0,1,16999,1,1,1,0,1,2128,1,193611,1,8,1,8,1,0,1
248,2324900,4520,9559,28.990164,,0,11,9,108,30132,9138,28705,2294768,16,218,140,1,27192,1,50,1,264749,1,397093,1,119219,1,1475444,1,10881,1,351515,1,12364,4,308843,4,80485,4,234661,4,436999,8,628007,108,14949,24,3637,1,35037,1,2765,1,0,0,0,0,0,0,0,0,360913,1,20069,1,4549,1,6583,1,22323,1,209993,1,25559,1,4118,1,22553,1,31731,1,292853,1,17001,1,44,1,9559,1,4520,1,17045,1,9559,1,48,1,1240,1,1,1,0,1,0,1,5037,1,4522,1,0,0,201044,1,291456,1,816,1,816,1,0,1,108,1,2316,1,108,1,0,1,1,1,1,1,0,1,0,1,9,1,4,1,40,1,0,1,0,1,17001,1,0,1,0,1,1996,1,1980,1,8,1,8,1,0,1
249,2322300,4522,9559,28.990164,,0,11,9,108,30348,8958,29086,2291952,16,218,170,1,27262,1,40,1,264708,1,402453,1,119520,1,1466427,1,11372,1,347828,1,12534,4,307150,4,80615,4,236164,4,437631,8,629710,108,14999,24,3667,1,29206,1,2675,1,0,0,0,0,0,0,0,0,365051,1,21221,1,4479,1,6933,1,21902,1,210184,1,25389,1,4538,1,22553,1,31921,1,288614,1,17000,1,44,1,9559,1,4522,1,17044,1,9559,1,48,1,1240,1,1,1,0,1,0,1,5037,1,4522,1,0,0,198791,1,332409,1,816,1,816,1,0,1,108,1,2316,1,108,1,0,1,1,1,1,1,0,1,0,1,9,1,4,1,40,1,0,1,0,1,17000,1,0,1,0,1,2326,1,27027,1,8,1,8,1,0,1
250,2316700,4521,9559,28.990164,,0,11,9,108,30639,9077,28685,2286061,16,218,10,1,26902,1,40,1,263787,1,396672,1,122145,1,1465685,1,10821,1,351986,1,12354,4,303493,4,79723,4,233228,4,433222,8,622897,108,14869,24,3637,1,36260,1,2705,1,0,0,0,0,0,0,0,0,358699,1,21672,1,4689,1,6863,1,22082,1,209262,1,25319,1,4298,1,22443,1,31721,1,293313,1,16995,1,44,1,9559,1,4521,1,17039,1,9559,1,48,1,1240,1,1,1,0,1,0,1,5036,1,4523,1,0,0,197513,1,306405,1,816,1,816,1,0,1,108,1,2304,1,108,1,0,1,1,1,1,1,0,1,0,1,9,1,4,1,40,1,0,1,0,1,16995,1,0,1,0,1,2095,1,126159,1,8,1,8,1,0,1
251,2329100,4522,9559,28.990164,,0,11,9,108,33651,9338,30177,2295449,16,218,150,1,26912,1,40,1,261993,1,397103,1,119259,1,1479131,1,10861,1,345884,1,13025,4,305988,4,79924,4,235653,4,452639,8,647594,108,10520,24,3667,1,30258,1,2755,1,0,0,0,0,0,0,0,0,360042,1,21010,1,4599,1,6593,1,21622,1,208490,1,25008,1,4418,1,22543,1,31861,1,286881,1,17008,1,36,1,9559,1,4522,1,17044,1,9559,1,48,1,1240,1,1,1,0,1,0,1,5036,1,4523,1,0,0,201158,1,335940,1,814,1,814,1,0,1,108,1,2316,1,108,1,0,1,1,1,1,1,0,1,0,1,9,1,4,1,32,1,0,1,0,1,17008,1,0,1,0,1,2194,1,594,1,8,1,8,1,0,1
252,2366200,4523,9559,28.990164,,0,11,9,108,31395,9218,29366,2334805,16,218,30,1,26621,1,40,1,264147,1,404176,1,119349,1,1509299,1,11141,1,392143,1,12123,4,304645,4,80445,4,234220,4,432270,8,626614,108,10510,24,3677,1,37823,1,2735,1,0,0,0,0,0,0,0,0,365101,1,22924,1,4469,1,6412,1,22253,1,209903,1,25218,1,4769,1,22974,1,32162,1,332038,1,17010,1,36,1,9559,1,4523,1,17046,1,9559,1,48,1,1240,1,1,1,0,1,0,1,5035,1,4524,1,0,0,196856,1,276936,1,816,1,816,1,0,1,108,1,2316,1,108,1,0,1,1,1,1,1,0,1,0,1,9,1,4,1,32,1,0,1,0,1,17010,1,0,1,0,1,2524,1,561,1,8,1,8,1,0,1
253,2326600,4523,9559,28.99017,,0,11,9,108,30850,9609,28753,2295750,16,218,10,1,27202,1,30,1,264378,1,397794,1,119590,1,1475644,1,11101,1,365111,1,12274,4,304635,4,80294,4,233979,4,435296,8,630052,108,10470,24,3667,1,28054,1,2725,1,0,0,0,0,0,0,0,0,360001,1,21652,1,4579,1,6743,1,22243,1,209693,1,25409,1,4919,1,22503,1,32132,1,305357,1,17014,1,36,1,9559,1,4523,1,17050,1,9559,1,48,1,1240,1,1,1,0,1,0,1,5036,1,4523,1,0,0,203119,1,317955,1,816,1,816,1,0,1,108,1,2316,1,108,1,0,1,1,1,1,1,0,1,0,1,9,1,4,1,32,1,0,1,0,1,17014,1,1,1,0,1,2359,1,58146,1,8,1,8,1,0,1
254,2318600,4523,9559,28.99017,,0,11,9,108,30836,9528,28465,2287764,16,218,20,1,26671,1,30,1,263997,1,396862,1,120612,1,1468731,1,10841,1,350423,1,12414,4,307651,4,80034,4,235011,4,433352,8,629239,108,10660,24,3677,1,33875,1,2765,1,0,0,0,0,0,0,0,0,360292,1,20800,1,4489,1,6553,1,22283,1,209683,1,25228,1,4449,1,22363,1,32212,1,291209,1,17017,1,36,1,9559,1,4523,1,17053,1,9559,1,48,1,1240,1,1,1,0,1,0,1,5036,1,4523,1,0,0,203096,1,306075,1,816,1,816,1,0,1,108,1,2316,1,108,1,0,1,1,1,1,1,0,1,0,1,9,1,4,1,32,1,0,1,0,1,17017,1,1,1,0,1,2590,1,660,1,8,1,8,1,0,1
255,2303000,4521,9559,28.99017,,0,11,9,108,30766,9218,29315,2272234,16,218,30,1,27062,1,50,1,267895,1,395269,1,118728,1,1452430,1,10771,1,345173,1,12594,4,305827,4,79903,4,229651,4,435647,8,625572,108,10410,24,3827,1,27833,1,2755,1,0,0,0,0,0,0,0,0,358338,1,20630,1,4899,1,6583,1,20810,1,214763,1,25469,1,4138,1,22373,1,31400,1,286991,1,17012,1,36,1,9559,1,4521,1,17048,1,9559,1,48,1,1240,1,1,1,0,1,0,1,5036,1,4523,1,0,0,195265,1,281259,1,816,1,816,1,0,1,108,1,2316,1,108,1,0,1,1,1,1,1,0,1,0,1,9,1,4,1,32,1,0,1,0,1,17012,1,0,1,0,1,2194,1,9405,1,8,1,8,1,0,1
256,2320500,4519,9559,28.99017,,0,11,9,108,30692,9168,28515,2289808,16,218,50,1,27042,1,30,1,268566,1,396341,1,121053,1,1465906,1,10821,1,353148,1,12674,4,306388,4,79913,4,230904,4,432130,8,624119,108,10400,24,3877,1,34917,1,2785,1,0,0,0,0,0,0,0,0,359571,1,20840,1,4569,1,6192,1,21020,1,215173,1,25880,1,4378,1,22694,1,31831,1,294035,1,17011,1,36,1,9559,1,4519,1,17047,1,9559,1,48,1,1240,1,1,1,0,1,0,1,5037,1,4522,1,0,0,194752,1,292083,1,816,1,816,1,0,1,108,1,2316,1,108,1,0,1,1,1,1,1,0,1,0,1,9,1,4,1,32,1,0,1,0,1,17011,1,0,1,0,1,1930,1,726,1,8,1,8,1,0,1
257,2314700,4519,9559,28.990171,,0,11,9,108,30994,10320,28454,2283706,16,218,20,1,27022,1,40,1,266582,1,412673,1,121894,1,1444655,1,10821,1,348399,1,12284,4,302060,4,79603,4,229310,4,428112,8,618549,108,10420,24,3627,1,28254,1,2685,1,0,0,0,0,0,0,0,0,375261,1,21241,1,4499,1,6703,1,21982,1,211927,1,25709,1,4218,1,22183,1,31911,1,289907,1,17016,1,36,1,9559,1,4519,1,17052,1,9559,1,48,1,1240,1,1,1,0,1,0,1,5040,1,4519,1,0,0,195170,1,317625,1,816,1,816,1,0,1,108,1,2316,1,108,1,0,1,1,1,1,1,0,1,0,1,9,1,4,1,32,1,0,1,0,1,17016,1,1,1,0,1,2425,1,232221,1,8,1,8,1,0,1
258,2523400,4520,9559,28.990177,,0,11,9,108,34399,11362,29616,2489001,16,218,30,1,26972,1,40,1,265029,1,494009,1,122155,1,1569956,1,10811,1,418093,1,12835,4,305567,4,80234,4,243057,4,450606,8,649127,108,14919,24,4198,1,41189,1,2815,1,0,0,0,0,0,0,0,0,452529,1,25309,1,4569,1,6683,1,21742,1,210625,1,25679,1,3887,1,22724,1,31040,1,360272,1,17012,1,40,1,9559,1,4520,1,17052,1,9559,1,48,1,1240,1,1,1,0,1,0,1,5039,1,4520,1,0,0,203210,1,335115,1,816,1,816,1,0,1,108,1,2316,1,108,1,0,1,1,1,1,1,0,1,0,1,9,1,4,1,36,1,0,1,0,1,17012,1,0,1,0,1,10510,1,99957,1,8,1,8,1,0,1
259,2387700,4520,9559,28.990177,,0,11,9,108,35482,9559,31139,2352218,16,218,150,1,31210,1,60,1,279186,1,401461,1,128868,1,1499180,1,12103,1,378647,1,12925,4,308082,4,79773,4,233759,4,439254,8,623048,108,18826,24,4509,1,29958,1,2715,1,0,0,0,0,0,0,0,0,358919,1,22413,1,4719,1,6733,1,22874,1,223810,1,25218,1,5130,1,25800,1,31631,1,315867,1,17008,1,40,1,9559,1,4520,1,17048,1,9559,1,48,1,1240,1,1,1,0,1,0,1,5038,1,4521,1,0,0,199358,1,318153,1,816,1,816,1,0,1,108,1,2316,1,108,1,0,1,1,1,1,1,0,1,0,1,9,1,4,1,36,1,0,1,0,1,17008,1,0,1,0,1,2988,1,1023,1,8,1,8,1,0,1
260,2348000,4520,9559,28.990177,,0,11,9,108,31470,9689,28885,2316530,16,218,90,1,31100,1,40,1,268476,1,393686,1,139849,1,1472528,1,10761,1,358378,1,12504,4,304805,4,80294,4,231455,4,433242,8,621033,108,14778,24,3677,1,35769,1,2715,1,0,0,0,0,0,0,0,0,355663,1,20870,1,5090,1,7104,1,22944,1,211647,1,26461,1,4879,1,22423,1,32052,1,298814,1,17005,1,40,1,9559,1,4520,1,17045,1,9559,1,48,1,1240,1,1,1,0,1,0,1,5039,1,4520,1,0,0,197346,1,255156,1,816,1,816,1,0,1,108,1,2316,1,108,1,0,1,1,1,1,1,0,1,0,1,9,1,4,1,36,1,0,1,0,1,17005,1,1,1,0,1,2095,1,1683,1,8,1,8,1,0,1
261,2317300,4519,9559,28.99018,,0,11,9,108,30658,9027,28695,2286642,16,218,90,1,27383,1,30,1,265610,1,398395,1,118027,1,1466126,1,10981,1,355964,1,12825,4,306869,4,80004,4,231184,4,434695,8,622205,108,14979,24,3667,1,29106,1,2785,1,0,0,0,0,0,0,0,0,362176,1,20439,1,4469,1,6833,1,21992,1,211116,1,25399,1,4308,1,22373,1,31571,1,297501,1,17010,1,40,1,9559,1,4519,1,17050,1,9559,1,48,1,1240,1,1,1,0,1,0,1,5039,1,4520,1,0,0,197688,1,276474,1,816,1,816,1,0,1,108,1,2316,1,108,1,0,1,1,1,1,1,0,1,0,1,9,1,4,1,36,1,0,1,0,1,17010,1,0,1,0,1,1831,1,462,1,8,1,8,1,0,1
262,2393300,4518,9559,28.990187,,0,11,9,108,31644,9839,29216,2361656,16,218,180,1,30779,1,70,1,280699,1,398736,1,145469,1,1493699,1,12023,1,359059,1,12454,4,301339,4,79573,4,234551,4,455685,8,645450,108,15570,24,4168,1,34346,1,2685,1,0,0,0,0,0,0,0,0,360252,1,21481,1,5060,1,6943,1,23104,1,219712,1,30579,1,5070,1,29086,1,31621,1,293103,1,17003,1,40,1,9559,1,4518,1,17043,1,9559,1,48,1,1240,1,1,1,0,1,0,1,5039,1,4520,1,0,0,206464,1,341286,1,815,1,815,1,0,1,108,1,2328,1,108,1,0,1,1,1,1,1,0,1,0,1,9,1,4,1,36,1,0,1,0,1,17003,1,0,1,0,1,2097,1,495,1,8,1,8,1,0,1
263,2331200,4518,9559,28.990187,,0,11,9,108,30811,10190,29847,2300389,16,218,70,1,31300,1,40,1,267153,1,402313,1,121022,1,1467479,1,11011,1,352066,1,12544,4,308783,4,79633,4,233859,4,435717,8,624891,108,14838,24,3667,1,28254,1,2765,1,0,0,0,0,0,0,0,0,364270,1,21912,1,4559,1,6643,1,22674,1,211236,1,26290,1,4669,1,24166,1,31470,1,291550,1,17005,1,40,1,9559,1,4518,1,17045,1,9559,1,48,1,1240,1,1,1,0,1,0,1,5041,1,4518,1,0,0,202921,1,279939,1,816,1,816,1,0,1,108,1,2328,1,108,1,0,1,1,1,1,1,0,1,0,1,9,1,4,1,36,1,0,1,0,1,17005,1,1,1,0,1,2557,1,181071,1,8,1,8,1,0,1
264,2353500,4518,9559,28.990187,,0,11,9,108,30899,9318,30288,2322601,16,218,90,1,26801,1,40,1,266111,1,398105,1,123177,1,1497266,1,11011,1,356585,1,12414,4,306028,4,82639,4,246614,4,439244,8,640351,108,15219,24,4008,1,37712,1,2705,1,0,0,0,0,0,0,0,0,361524,1,20740,1,4388,1,6623,1,21972,1,211276,1,25970,1,4549,1,22423,1,32132,1,297221,1,17010,1,40,1,9559,1,4518,1,17050,1,9559,1,48,1,1240,1,1,1,0,1,0,1,5040,1,4519,1,0,0,203741,1,295020,1,816,1,816,1,0,1,108,1,2316,1,108,1,0,1,1,1,1,1,0,1,0,1,9,1,4,1,36,1,0,1,0,1,17010,1,0,1,0,1,2458,1,429,1,8,1,8,1,0,1
265,2393100,4518,9559,28.990187,,0,11,9,108,33317,11021,34555,2359783,16,218,140,1,30969,1,70,1,284186,1,419406,1,125150,1,1488890,1,10971,1,368808,1,12775,4,304044,4,80394,4,236124,4,440125,8,626605,108,15089,24,2996,1,29827,1,2775,1,0,0,0,0,0,0,0,0,374549,1,25279,1,5270,1,7344,1,23515,1,226265,1,26481,1,5170,1,22062,1,31380,1,309935,1,17011,1,40,1,9559,1,4518,1,17051,1,9559,1,48,1,1240,1,1,1,0,1,0,1,5041,1,4518,1,0,0,202351,1,285318,1,816,1,816,1,0,1,108,1,2316,1,108,1,0,1,1,1,1,1,0,1,0,1,9,1,4,1,36,1,0,1,0,1,17011,1,1,1,0,1,4455,1,53625,1,8,1,8,1,0,1
266,2364600,4518,9559,28.990187,,0,11,9,108,30978,9378,29376,2333622,16,218,10,1,31130,1,50,1,270580,1,397924,1,131923,1,1490984,1,11021,1,362426,1,12284,4,314704,4,80144,4,233498,4,437049,8,626343,108,14828,24,3978,1,34787,1,2735,1,0,0,0,0,0,0,0,0,361264,1,20509,1,4669,1,7114,1,23154,1,212668,1,27302,1,4990,1,26391,1,31841,1,299014,1,17004,1,40,1,9559,1,4518,1,17044,1,9559,1,48,1,1240,1,1,1,0,1,0,1,5041,1,4518,1,0,0,200739,1,309705,1,816,1,816,1,0,1,108,1,2316,1,108,1,0,1,1,1,1,1,0,1,0,1,9,1,4,1,36,1,0,1,0,1,17004,1,1,1,0,1,2326,1,11451,1,8,1,8,1,0,1
267,2324300,4518,9559,28.990187,,0,11,9,108,30985,10089,28556,2293315,16,218,100,1,26681,1,40,1,263226,1,408324,1,121053,1,1463170,1,10721,1,352056,1,12634,4,307461,4,79873,4,231685,4,434515,8,622805,108,14839,24,3998,1,28104,1,2755,1,0,0,0,0,0,0,0,0,370702,1,21742,1,4408,1,6573,1,22032,1,208951,1,25359,1,4539,1,22062,1,31831,1,293424,1,17009,1,40,1,9559,1,4518,1,17049,1,9559,1,48,1,1240,1,1,1,0,1,0,1,5041,1,4518,1,0,0,195811,1,285747,1,816,1,816,1,0,1,108,1,2316,1,108,1,0,1,1,1,1,1,0,1,0,1,9,1,4,1,36,1,0,1,0,1,17009,1,1,1,0,1,2293,1,759,1,8,1,8,1,0,1
268,2324600,4518,9559,28.990187,,0,11,9,108,30774,9358,28795,2293826,16,218,40,1,26882,1,40,1,263396,1,397994,1,122605,1,1471697,1,11171,1,352487,1,12604,4,305326,4,80064,4,234701,4,437460,8,628497,108,14868,24,3677,1,33244,1,2775,1,0,0,0,0,0,0,0,0,360893,1,20960,1,4579,1,6953,1,20790,1,208200,1,27212,1,4168,1,22393,1,31991,1,293754,1,17011,1,40,1,9559,1,4518,1,17051,1,9559,1,48,1,1240,1,1,1,0,1,0,1,5041,1,4518,1,0,0,200253,1,297594,1,816,1,816,1,0,1,108,1,2316,1,108,1,0,1,1,1,1,1,0,1,0,1,9,1,4,1,36,1,0,1,0,1,17011,1,1,1,0,1,2095,1,115599,1,8,1,8,1,0,1
269,2325400,4518,9559,28.990187,,0,11,9,108,31073,9529,30597,2294327,16,218,30,1,27052,1,40,1,261322,1,391121,1,121263,1,1482437,1,11061,1,343439,1,12193,4,306228,4,94772,4,231565,4,446277,8,631785,108,15460,24,7845,1,27864,1,2725,1,0,0,0,0,0,0,0,0,353759,1,21591,1,4499,1,6993,1,22112,1,206717,1,25218,1,4529,1,22153,1,31571,1,284977,1,17009,1,40,1,9559,1,4518,1,17049,1,9559,1,48,1,1240,1,1,1,0,1,0,1,5041,1,4518,1,0,0,196708,1,294195,1,815,1,815,1,0,1,108,1,2316,1,108,1,0,1,1,1,1,1,0,1,0,1,9,1,4,1,36,1,0,1,0,1,17009,1,1,1,0,1,2161,1,5280,1,8,1,8,1,0,1
270,2365500,4518,9559,28.990187,,0,11,9,108,32288,9468,29796,2333212,16,218,150,1,26631,1,40,1,269277,1,399658,1,119720,1,1506614,1,11121,1,370812,1,12354,4,304655,4,80184,4,235092,4,449413,8,639810,108,14899,24,3697,1,38223,1,2715,1,0,0,0,0,0,0,0,0,361745,1,21772,1,4569,1,6943,1,21371,1,214933,1,25709,1,4308,1,22373,1,31460,1,312470,1,17008,1,40,1,9559,1,4518,1,17048,1,9559,1,48,1,1240,1,1,1,0,1,0,1,5041,1,4518,1,0,0,204464,1,352605,1,815,1,815,1,0,1,108,1,2316,1,108,1,0,1,1,1,1,1,0,1,0,1,9,1,4,1,36,1,0,1,0,1,17008,1,1,1,0,1,2227,1,150480,1,8,1,8,1,0,1
271,2378600,4518,9559,28.990187,,0,11,9,108,32153,9889,28905,2346447,16,218,30,1,27042,1,80,1,268446,1,414376,1,122345,1,1503147,1,10981,1,385681,1,12314,4,305847,4,80735,4,232557,4,438843,8,627767,108,14728,24,3687,1,30869,1,2725,1,0,0,0,0,0,0,0,0,374499,1,23805,1,4378,1,6583,1,22153,1,214091,1,25299,1,4449,1,22563,1,31450,1,327028,1,17007,1,40,1,9559,1,4518,1,17047,1,9559,1,48,1,1240,1,1,1,0,1,0,1,5041,1,4518,1,0,0,196863,1,315645,1,816,1,816,1,0,1,108,1,2316,1,108,1,0,1,1,1,1,1,0,1,0,1,9,1,4,1,36,1,0,1,0,1,17007,1,1,1,0,1,3481,1,363,1,8,1,8,1,0,1
272,2360300,4518,9559,28.990187,,0,11,9,108,30485,9819,28635,2329815,16,218,20,1,26902,1,40,1,265871,1,413665,1,119399,1,1492877,1,11041,1,365582,1,12113,4,304585,4,80094,4,237356,4,439895,8,633827,108,14788,24,3847,1,36831,1,2755,1,0,0,0,0,0,0,0,0,376032,1,21271,1,4619,1,7034,1,22183,1,210735,1,25619,1,4579,1,22283,1,32252,1,306278,1,17004,1,40,1,9559,1,4518,1,17044,1,9559,1,48,1,1240,1,1,1,0,1,0,1,5041,1,4518,1,0,0,200117,1,304128,1,816,1,816,1,0,1,108,1,2316,1,108,1,0,1,1,1,1,1,0,1,0,1,9,1,4,1,36,1,0,1,0,1,17004,1,1,1,0,1,2722,1,63987,1,8,1,8,1,0,1
273,2318000,4518,9559,28.990187,,0,11,9,108,30266,9579,28605,2287734,16,218,10,1,27433,1,40,1,263256,1,402022,1,119239,1,1464934,1,10801,1,355122,1,12474,4,307691,4,80094,4,231695,4,433272,8,621484,108,14879,24,3797,1,28485,1,2725,1,0,0,0,0,0,0,0,0,364480,1,21882,1,4408,1,6843,1,22052,1,208521,1,25539,1,4429,1,22694,1,31581,1,296209,1,17011,1,40,1,9559,1,4518,1,17051,1,9559,1,48,1,1240,1,1,1,0,1,0,1,5041,1,4518,1,0,0,196310,1,290004,1,816,1,816,1,0,1,108,1,2316,1,108,1,0,1,1,1,1,1,0,1,0,1,9,1,4,1,36,1,0,1,0,1,17011,1,1,1,0,1,2359,1,21087,1,8,1,8,1,0,1
274,2302000,4518,9559,28.990187,,0,11,9,108,29595,9559,28825,2272405,16,218,30,1,26902,1,80,1,264177,1,390209,1,118938,1,1460986,1,11081,1,349140,1,12314,4,306268,4,79463,4,231264,4,433052,8,620662,108,14828,24,3887,1,33344,1,2695,1,0,0,0,0,0,0,0,0,352778,1,21742,1,4398,1,7344,1,22133,1,206927,1,27493,1,4719,1,22393,1,32092,1,289737,1,17013,1,40,1,9559,1,4518,1,17053,1,9559,1,48,1,1240,1,1,1,0,1,0,1,5041,1,4518,1,0,0,198996,1,299409,1,816,1,816,1,0,1,108,1,2316,1,108,1,0,1,1,1,1,1,0,1,0,1,9,1,4,1,36,1,0,1,0,1,17013,1,1,1,0,1,2623,1,594,1,8,1,8,1,0,1
275,2320600,4518,9559,28.990187,,0,11,9,108,32635,9929,28864,2287965,16,218,10,1,27423,1,50,1,261873,1,407012,1,119039,1,1461728,1,10831,1,346996,1,12374,4,304956,4,79934,4,234270,4,437611,8,628398,108,14618,24,3867,1,29096,1,2695,1,0,0,0,0,0,0,0,0,370221,1,20580,1,4689,1,7154,1,21872,1,207308,1,25238,1,4328,1,22373,1,32172,1,287933,1,17017,1,40,1,9559,1,4518,1,17057,1,9559,1,48,1,1240,1,1,1,0,1,0,1,5041,1,4518,1,0,0,203339,1,299244,1,816,1,816,1,0,1,108,1,2316,1,108,1,0,1,1,1,1,1,0,1,0,1,9,1,4,1,36,1,0,1,0,1,17017,1,1,1,0,1,2425,1,217701,1,8,1,8,1,0,1
276,2330300,4519,9559,28.990183,,0,11,9,108,30302,9639,28454,2299998,16,218,90,1,27132,1,40,1,259989,1,396181,1,121263,1,1484441,1,10861,1,366504,1,12704,4,305437,4,80224,4,233899,4,435897,8,626494,108,14849,24,3677,1,33745,1,2715,1,0,0,0,0,0,0,0,0,358839,1,21050,1,4779,1,6813,1,20559,1,206487,1,25830,1,4869,1,22814,1,31981,1,306669,1,17013,1,40,1,9559,1,4519,1,17053,1,9559,1,48,1,1240,1,1,1,0,1,0,1,5040,1,4519,1,0,0,196538,1,320826,1,816,1,816,1,0,1,108,1,2304,1,108,1,0,1,1,1,1,1,0,1,0,1,9,1,4,1,36,1,0,1,0,1,17013,1,0,1,0,1,2458,1,118140,1,8,1,8,1,0,1
277,2437900,4518,9559,28.990183,,0,11,9,108,33096,9488,31109,2404804,16,218,140,1,30589,1,80,1,284076,1,400765,1,144417,1,1530420,1,14318,1,376684,1,12714,4,334372,4,80535,4,240071,4,439494,8,633427,108,15029,24,3547,1,30729,1,2785,1,0,0,0,0,0,0,0,0,360988,1,20770,1,5310,1,7364,1,23475,1,226174,1,26541,1,4970,1,26711,1,31511,1,313282,1,17010,1,40,1,9559,1,4518,1,17050,1,9559,1,48,1,1240,1,1,1,0,1,0,1,5040,1,4519,1,0,0,207194,1,260073,1,816,1,816,1,0,1,108,1,2316,1,108,1,0,1,1,1,1,1,0,1,0,1,9,1,4,1,36,1,0,1,0,1,17010,1,0,1,0,1,2640,1,185971,1,8,1,8,1,0,1
278,2416200,4518,9559,28.990183,,0,11,9,108,32692,10070,29035,2383508,16,218,110,1,30869,1,50,1,270159,1,404547,1,133557,1,1533075,1,11141,1,401120,1,12864,4,314845,4,79192,4,235051,4,433012,8,624180,108,14849,24,3677,1,40458,1,2785,1,0,0,0,0,0,0,0,0,363568,1,23786,1,4829,1,6843,1,22794,1,212047,1,28034,1,4609,1,26631,1,31751,1,337949,1,17008,1,40,1,9559,1,4518,1,17048,1,9559,1,48,1,1240,1,1,1,0,1,0,1,5041,1,4518,1,0,0,204805,1,301686,1,816,1,816,1,0,1,108,1,2316,1,108,1,0,1,1,1,1,1,0,1,0,1,9,1,4,1,36,1,0,1,0,1,17008,1,1,1,0,1,2491,1,5874,1,8,1,8,1,0,1
279,2347200,4519,9559,28.990183,,0,11,9,108,31342,9198,29206,2315858,16,218,40,1,27803,1,40,1,270429,1,411641,1,121373,1,1473711,1,10821,1,363237,1,12514,4,303834,4,79813,4,232737,4,435877,8,624700,108,14708,24,3677,1,30078,1,2745,1,0,0,0,0,0,0,0,0,373067,1,22052,1,4599,1,6973,1,20770,1,216766,1,25589,1,4218,1,22463,1,31501,1,304876,1,17019,1,40,1,9559,1,4519,1,17059,1,9559,1,48,1,1240,1,1,1,0,1,0,1,5038,1,4521,1,0,0,201045,1,263208,1,816,1,816,1,0,1,108,1,2316,1,108,1,0,1,1,1,1,1,0,1,0,1,9,1,4,1,36,1,0,1,0,1,17019,1,0,1,0,1,1798,1,196713,1,8,1,8,1,0,1
280,2419400,4518,9559,28.990183,,0,11,9,108,32445,10040,32120,2386955,16,218,150,1,31220,1,110,1,283184,1,411881,1,143295,1,1506113,1,11001,1,366574,1,13085,4,323421,4,79843,4,234731,4,437090,8,624862,108,14839,24,4108,1,34446,1,2775,1,0,0,0,0,0,0,0,0,372005,1,21010,1,5200,1,7154,1,23736,1,225082,1,26631,1,4489,1,28675,1,31470,1,301720,1,17022,1,40,1,9559,1,4518,1,17062,1,9559,1,48,1,1240,1,1,1,0,1,0,1,5040,1,4519,1,0,0,205084,1,303765,1,816,1,816,1,0,1,108,1,2316,1,108,1,0,1,1,1,1,1,0,1,0,1,9,1,4,1,36,1,0,1,0,1,17022,1,0,1,0,1,2984,1,116655,1,8,1,8,1,0,1
281,2378000,4520,9559,28.990183,,0,11,9,108,32114,9468,29266,2345886,16,218,150,1,31160,1,30,1,275900,1,411009,1,149187,1,1467699,1,10751,1,358168,1,12454,4,303924,4,79252,4,234951,4,436368,8,627135,108,14919,24,3667,1,26751,1,2695,1,0,0,0,0,0,0,0,0,372055,1,20960,1,5390,1,7184,1,23335,1,216857,1,28134,1,4899,1,30939,1,32352,1,289777,1,17023,1,40,1,9559,1,4520,1,17063,1,9559,1,48,1,1240,1,1,1,0,1,0,1,5039,1,4520,1,0,0,197297,1,321354,1,816,1,816,1,0,1,108,1,2316,1,108,1,0,1,1,1,1,1,0,1,0,1,9,1,4,1,36,1,0,1,0,1,17023,1,0,1,0,1,1864,1,197802,1,8,1,8,1,0,1
282,2323800,4520,9559,28.990185,,0,11,9,108,30766,9378,29205,2293034,16,218,170,1,26671,1,80,1,266973,1,398125,1,121022,1,1469182,1,10811,1,353950,1,12153,4,303383,4,79533,4,233929,4,436117,8,625933,108,14909,24,3677,1,34386,1,2675,1,0,0,0,0,0,0,0,0,360022,1,22082,1,4619,1,6793,1,20810,1,213951,1,25168,1,4368,1,22153,1,31480,1,295748,1,17016,1,40,1,9559,1,4520,1,17056,1,9559,1,48,1,1240,1,1,1,0,1,0,1,5039,1,4520,1,0,0,203475,1,320595,1,816,1,816,1,0,1,108,1,2316,1,108,1,0,1,1,1,1,1,0,1,0,1,9,1,4,1,36,1,0,1,0,1,17016,1,1,1,0,1,2590,1,186054,1,8,1,8,1,0,1
283,2302400,4518,9559,28.990185,,0,11,9,108,31769,9208,28575,2270631,16,218,150,1,26912,1,30,1,262594,1,398245,1,118518,1,1453301,1,10881,1,347427,1,12213,4,303383,4,79623,4,234520,4,431469,8,622626,108,14788,24,3647,1,29126,1,2685,1,0,0,0,0,0,0,0,0,360603,1,21481,1,4639,1,6883,1,21010,1,209142,1,25168,1,4248,1,22393,1,31721,1,288865,1,17020,1,40,1,9559,1,4518,1,17060,1,9559,1,48,1,1240,1,1,1,0,1,0,1,5039,1,4520,1,0,0,197360,1,279477,1,816,1,816,1,0,1,108,1,2340,1,108,1,0,1,1,1,1,1,0,1,0,1,9,1,4,1,36,1,0,1,0,1,17020,1,0,1,0,1,4620,1,169851,1,8,1,8,1,0,1
284,2392100,4518,9559,28.990185,,0,11,9,108,32177,9528,30027,2359923,16,218,30,1,29276,1,30,1,264899,1,420858,1,122165,1,1511784,1,10881,1,383978,1,12614,4,305477,4,80064,4,237366,4,437440,8,630010,108,14768,24,3647,1,38915,1,2755,1,0,0,0,0,0,0,0,0,377065,1,27553,1,4539,1,7044,1,22002,1,210084,1,25319,1,4088,1,22654,1,31440,1,325615,1,17018,1,40,1,9559,1,4518,1,17058,1,9559,1,48,1,1240,1,1,1,0,1,0,1,5041,1,4518,1,0,0,198042,1,303171,1,816,1,816,1,0,1,108,1,2352,1,108,1,0,1,1,1,1,1,0,1,0,1,9,1,4,1,36,1,0,1,0,1,17018,1,1,1,0,1,1864,1,141075,1,8,1,8,1,0,1
285,2338700,4519,9559,28.990185,,0,11,9,108,30967,9177,28736,2307733,16,218,30,1,26711,1,40,1,264989,1,398095,1,121944,1,1485143,1,10781,1,370632,1,12664,4,305867,4,80174,4,233799,4,436679,8,627024,108,14718,24,3677,1,29747,1,2725,1,0,0,0,0,0,0,0,0,359611,1,22263,1,4639,1,6953,1,21822,1,208781,1,27172,1,4599,1,22774,1,31871,1,311208,1,17019,1,40,1,9559,1,4519,1,17059,1,9559,1,48,1,1240,1,1,1,0,1,0,1,5040,1,4519,1,0,0,199845,1,287298,1,816,1,816,1,0,1,108,1,2316,1,108,1,0,1,1,1,1,1,0,1,0,1,9,1,4,1,36,1,0,1,0,1,17019,1,0,1,0,1,2194,1,3597,1,8,1,8,1,0,1
286,2343500,4520,9559,28.990185,,0,11,9,108,30728,9158,28424,2312772,16,218,80,1,27002,1,70,1,262604,1,402413,1,121944,1,1487647,1,11011,1,365753,1,12394,4,304956,4,79753,4,234180,4,438733,8,629560,108,14929,24,3938,1,36069,1,2715,1,0,0,0,0,0,0,0,0,365442,1,21040,1,4549,1,6412,1,22002,1,207869,1,26000,1,4148,1,22583,1,31751,1,307090,1,17022,1,40,1,9559,1,4520,1,17062,1,9559,1,48,1,1240,1,1,1,0,1,0,1,5039,1,4520,1,0,0,198881,1,293502,1,815,1,816,1,0,1,108,1,2328,1,108,1,0,1,1,1,1,1,0,1,0,1,9,1,4,1,36,1,0,1,0,1,17022,1,0,1,0,1,2392,1,792,1,8,1,8,1,0,1
287,2423700,4519,9559,28.990185,,0,11,9,108,32367,9499,33732,2391333,16,218,10,1,27373,1,40,1,263416,1,394919,1,118297,1,1576398,1,10881,1,358218,1,13897,4,314244,4,82488,4,258266,4,492526,8,699867,108,17193,24,7695,1,36530,1,3036,1,0,0,0,0,0,0,0,0,357637,1,21461,1,4549,1,6583,1,21922,1,209402,1,25198,1,4208,1,22854,1,31981,1,298984,1,17028,1,40,1,9559,1,4519,1,17068,1,9559,1,48,1,1240,1,1,1,0,1,0,1,5039,1,4520,1,0,0,214385,1,407847,1,815,1,815,1,0,1,108,1,2316,1,108,1,0,1,1,1,1,1,0,1,0,1,9,1,4,1,36,1,0,1,0,1,17028,1,0,1,0,1,2260,1,495,1,8,1,8,1,0,1
288,2913800,4520,9559,28.990185,,0,11,9,108,37190,11963,36145,2876610,16,218,180,1,27503,1,40,1,274277,1,502079,1,152874,1,1906883,1,12775,1,542292,1,14818,4,348139,4,85344,4,286250,4,538995,8,772327,108,16772,24,7514,1,67660,1,3908,1,0,0,0,0,0,0,0,0,426344,1,51349,1,5471,1,6993,1,22694,1,217618,1,26060,1,5561,1,30188,1,31300,1,475073,1,17031,1,40,1,9559,1,4520,1,17071,1,9559,1,48,1,1240,1,1,1,0,1,0,1,5039,1,4520,1,0,0,217905,1,435798,1,816,1,816,1,0,1,108,1,2328,1,108,1,0,1,1,1,1,1,0,1,0,1,9,1,4,1,36,1,0,1,0,1,17031,1,0,1,0,1,2443,1,75949,1,8,1,8,1,0,1
289,3228900,4518,9559,28.990185,,0,11,9,108,40436,9348,39374,3188464,16,218,220,1,32202,1,281,1,283775,1,553643,1,179505,1,2125973,1,12865,1,717508,1,17013,4,339342,4,87708,4,305316,4,570476,8,819146,108,17273,24,4679,1,70726,1,3857,1,0,0,0,0,0,0,0,0,463240,1,64694,1,5821,1,8687,1,27292,1,216666,1,29787,1,8897,1,23084,1,31430,1,653896,1,17017,1,40,1,9559,1,4518,1,17057,1,9559,1,48,1,1240,1,1,1,0,1,0,1,5039,1,4520,1,0,0,228570,1,529122,1,814,1,814,1,0,1,108,1,2316,1,108,1,0,1,1,1,1,1,0,1,0,1,9,1,4,1,36,1,0,1,0,1,17017,1,0,1,0,1,14356,1,221727,1,8,1,8,1,0,1
290,3143400,4517,9559,28.99019,,0,11,9,108,40139,14548,39584,3103261,16,218,651,1,31400,1,301,1,287422,1,575556,1,174084,1,2022124,1,11723,1,681529,1,15370,4,322389,4,87248,4,290328,4,523355,8,756065,108,18035,24,7184,1,74203,1,5971,1,0,0,0,0,0,0,0,0,481535,1,67740,1,5290,1,8386,1,29707,1,220233,1,27763,1,4559,1,27984,1,31831,1,616985,1,17015,1,40,1,9559,1,4517,1,17055,1,9559,1,48,1,1240,1,1,1,0,1,0,1,5040,1,4519,1,0,0,231958,1,401742,1,815,1,815,1,0,1,108,1,2304,1,108,1,0,1,1,1,1,1,0,1,0,1,9,1,4,1,36,1,0,1,0,1,17015,1,0,1,0,1,14884,1,273009,1,8,1,8,1,0,1
291,3396300,4517,9559,28.99019,,0,11,9,108,42749,14628,44532,3353551,16,218,411,1,30469,1,160,1,284366,1,567260,1,170758,1,2286592,1,13536,1,715965,1,24627,4,392424,4,95604,4,344462,4,601215,8,881446,108,19698,24,10660,1,80254,1,6753,1,0,0,0,0,0,0,0,0,480283,1,63943,1,4589,1,8306,1,28825,1,218470,1,27763,1,5140,1,25990,1,31390,1,653265,1,17016,1,40,1,9559,1,4517,1,17056,1,9559,1,48,1,1240,1,1,1,0,1,0,1,5042,1,4517,1,0,0,237737,1,456291,1,815,1,816,1,0,1,108,1,2304,1,108,1,0,1,1,1,1,1,0,1,0,1,9,1,4,1,36,1,0,1,0,1,17016,1,1,1,0,1,4621,1,1386,1,8,1,8,1,0,1
292,3556200,4519,9559,28.99019,,0,11,9,108,41689,17474,39101,3514511,16,218,321,1,37031,1,331,1,299044,1,638156,1,189324,1,2337650,1,12654,1,854321,1,16682,4,332899,4,87208,4,337729,4,601135,8,882179,108,17584,24,6933,1,78070,1,5200,1,0,0,0,0,0,0,0,0,508196,1,99571,1,5440,1,8106,1,28785,1,226325,1,34266,1,4559,1,56288,1,49044,1,744029,1,17022,1,40,1,9559,1,4519,1,17062,1,9559,1,48,1,1240,1,1,1,0,1,0,1,5040,1,4519,1,0,0,225875,1,559350,1,816,1,816,1,0,1,108,1,2328,1,108,1,0,1,1,1,1,1,0,1,0,1,9,1,4,1,36,1,0,1,0,1,17022,1,0,1,0,1,5065,1,185625,1,8,1,8,1,0,1
293,3816200,4517,9559,28.990187,,0,11,9,108,40488,10470,43888,3775712,16,218,441,1,31230,1,341,1,288053,1,652113,1,207549,1,2582791,1,13195,1,1035699,1,17674,4,393005,4,87839,4,339793,4,601996,8,878634,108,19267,24,8045,1,82118,1,6152,1,0,0,0,0,0,0,0,0,517264,1,104280,1,5891,1,8677,1,31280,1,217628,1,29076,1,12284,1,43834,1,34576,1,944735,1,17011,1,40,1,9559,1,4517,1,17051,1,9559,1,48,1,1240,1,1,1,0,1,0,1,5040,1,4519,1,0,0,244718,1,437877,1,816,1,816,1,0,1,108,1,2316,1,108,1,0,1,1,1,1,1,0,1,0,1,9,1,4,1,36,1,0,1,0,1,17011,1,0,1,0,1,4438,1,115401,1,8,1,8,1,0,1
294,4212600,4517,9559,28.990185,,0,11,9,108,48011,21221,43840,4164589,16,218,311,1,31671,1,250,1,284807,1,768035,1,236655,1,2829946,1,12915,1,1145761,1,20670,4,483809,4,95934,4,365091,4,599431,8,901606,108,19077,24,7915,1,82879,1,7234,1,0,0,0,0,0,0,0,0,602988,1,123668,1,10230,1,8436,1,29567,1,215654,1,29927,1,6633,1,41079,1,38263,1,1058463,1,17014,1,40,1,9559,1,4517,1,17054,1,9559,1,48,1,1240,1,1,1,0,1,0,1,5042,1,4517,1,0,0,267160,1,452859,1,816,1,816,1,0,1,108,1,2316,1,108,1,0,1,1,1,1,1,0,1,0,1,9,1,4,1,36,1,0,1,0,1,17014,1,1,1,0,1,16170,1,2112,1,8,1,8,1,0,1
295,4171300,4516,9559,28.990192,,0,11,9,108,46257,12053,41295,4125043,16,218,351,1,32342,1,130,1,290398,1,737947,1,236665,1,2807513,1,19698,1,1093550,1,25198,4,504208,4,98629,4,359821,4,597377,8,897388,108,18516,24,7555,1,100052,1,9067,1,0,0,0,0,0,0,0,0,597488,1,109330,1,5100,1,8126,1,29356,1,222377,1,28765,1,8136,1,99621,1,32913,1,952169,1,17017,1,40,1,9559,1,4516,1,17057,1,9559,1,48,1,1240,1,1,1,0,1,0,1,5040,1,4519,1,0,0,274686,1,460449,1,816,1,816,1,0,1,108,1,2316,1,108,1,0,1,1,1,1,1,0,1,0,1,9,1,4,1,36,1,0,1,0,1,17017,1,0,1,0,1,16500,1,272481,1,8,1,8,1,0,1
296,5117100,4516,9559,28.990198,,0,11,9,108,61319,22543,45123,5055781,16,218,802,1,38514,1,170,1,302341,1,769067,1,223569,1,3690709,1,30609,1,1484942,1,32062,4,663995,4,128757,4,419035,4,706717,8,1060331,108,20299,24,16041,1,196117,1,20499,1,0,0,0,0,0,0,0,0,607717,1,128677,1,5020,1,9568,1,35518,1,223660,1,31611,1,19107,1,80004,1,40658,1,1344102,1,17015,1,40,1,9559,1,4516,1,17055,1,9559,1,48,1,1240,1,1,1,0,1,0,1,5042,1,4517,1,0,0,323186,1,534501,1,800,1,801,1,0,1,108,1,2316,1,108,1,0,1,1,1,1,1,0,1,0,1,9,1,4,1,36,1,0,1,0,1,17015,1,1,1,0,1,19932,1,98307,1,8,1,8,1,0,1
297,5286400,4515,9559,28.990198,,0,11,9,108,79243,36991,46414,5207157,16,218,47261,1,68512,1,140,1,342678,1,1068738,1,301279,1,3363410,1,15139,1,1468210,1,21912,4,464783,4,105463,4,435577,4,716156,8,1085740,108,19578,24,7775,1,96205,1,10340,1,0,0,0,0,0,0,0,0,689309,1,304886,1,7524,1,16963,1,38995,1,242596,1,39666,1,47141,1,79843,1,35488,1,1304736,1,17014,1,40,1,9559,1,4515,1,17054,1,9559,1,48,1,1240,1,1,1,0,1,0,1,5043,1,4516,1,0,0,278712,1,624327,1,808,1,808,1,0,1,108,1,2316,1,108,1,0,1,1,1,1,1,0,1,0,1,9,1,4,1,36,1,0,1,0,1,17014,1,0,1,0,1,34023,1,173135,1,8,1,8,1,0,1
298,4261200,4515,9559,28.990196,,0,11,9,108,51314,17704,41774,4209886,16,218,271,1,33885,1,331,1,306028,1,806389,1,273385,1,2775431,1,14167,1,1082629,1,17664,4,481224,4,92778,4,358639,4,621634,8,919652,108,18846,24,6823,1,86576,1,9759,1,0,0,0,0,0,0,0,0,588941,1,179976,1,5701,1,9819,1,31390,1,228850,1,33274,1,12404,1,91145,1,36149,1,942671,1,17015,1,40,1,9559,1,4515,1,17055,1,9559,1,48,1,1240,1,1,1,0,1,0,1,5044,1,4515,1,0,0,256612,1,534633,1,815,1,815,1,0,1,108,1,2316,1,108,1,0,1,1,1,1,1,0,1,0,1,9,1,4,1,36,1,0,1,0,1,17015,1,1,1,0,1,17810,1,23199,1,8,1,8,1,0,1
299,3430900,4515,9559,28.990194,,0,11,9,108,49866,18045,35456,3381034,16,218,671,1,32933,1,250,1,293854,1,633868,1,177291,1,2229342,1,12825,1,793825,1,14237,4,331847,4,83230,4,318722,4,585805,8,853291,108,15780,24,8156,1,71207,1,4268,1,0,0,0,0,0,0,0,0,517634,1,87357,1,5992,1,8637,1,29266,1,225683,1,29016,1,5140,1,29286,1,31991,1,727167,1,17016,1,40,1,9559,1,4515,1,17056,1,9559,1,48,1,1240,1,1,1,0,1,0,1,5044,1,4515,1,0,0,222296,1,537009,1,816,1,816,1,0,1,108,1,2316,1,108,1,0,1,1,1,1,1,0,1,0,1,9,1,4,1,36,1,0,1,0,1,17016,1,1,1,0,1,5380,1,131472,1,8,1,8,1,0,1
300,3267700,4515,9559,28.990194,,0,11,9,108,38683,13085,40104,3229017,16,218,451,1,29306,1,50,1,286530,1,574789,1,171740,1,2154087,1,12063,1,685126,1,16061,4,377114,4,84482,4,306308,4,574824,8,823725,108,17303,24,5811,1,86155,1,5120,1,0,0,0,0,0,0,0,0,490767,1,58392,1,5571,1,7665,1,27182,1,223229,1,27433,1,4829,1,32432,1,32092,1,615342,1,17018,1,40,1,9559,1,4515,1,17058,1,9559,1,48,1,1240,1,1,1,0,1,0,1,5043,1,4516,1,0,0,225892,1,482229,1,816,1,816,1,0,1,108,1,2316,1,108,1,0,1,1,1,1,1,0,1,0,1,9,1,4,1,36,1,0,1,0,1,17018,1,0,1,0,1,2443,1,305893,1,8,1,8,1,0,1
301,3587400,4515,9559,28.990194,,0,11,9,108,49214,10109,41025,3538186,16,217,922,1,41971,1,70,1,388717,1,751944,1,268536,1,2073152,1,12875,1,672632,1,16051,4,322319,4,91075,4,302501,4,583070,8,825550,108,18996,24,6232,1,65406,1,3757,1,0,0,0,0,0,0,0,0,615753,1,98289,1,9628,1,12374,1,32933,1,293935,1,47591,1,6102,1,29186,1,30569,1,606585,1,17016,1,40,1,9559,1,4515,1,17056,1,9559,1,48,1,1240,1,1,1,0,1,0,1,5044,1,4515,1,0,0,234046,1,427944,1,816,1,816,1,0,1,108,1,2316,1,108,1,0,1,1,1,1,1,0,1,0,1,9,1,4,1,36,1,0,1,0,1,17016,1,1,1,0,1,16697,1,276012,1,8,1,8,1,0,1
302,3334200,4515,9559,28.990194,,0,11,9,108,40494,14488,41445,3293706,16,218,401,1,34156,1,70,1,339141,1,629760,1,163895,1,2113750,1,12534,1,707869,1,16051,4,326798,4,93399,4,298483,4,572570,8,811193,108,18415,24,6583,1,71147,1,6362,1,0,0,0,0,0,0,0,0,527844,1,76096,1,5160,1,10079,1,31651,1,258507,1,36911,1,6653,1,31711,1,31741,1,637575,1,17019,1,40,1,9559,1,4515,1,17059,1,9559,1,48,1,1240,1,1,1,0,1,0,1,5044,1,4515,1,0,0,232999,1,460251,1,816,1,816,1,0,1,108,1,2316,1,108,1,0,1,1,1,1,1,0,1,0,1,9,1,4,1,36,1,0,1,0,1,17019,1,1,1,0,1,16886,1,1485,1,8,1,8,1,0,1
303,3261800,4516,9559,28.990194,,0,11,9,108,46249,11131,42658,3215551,16,218,581,1,29887,1,60,1,291310,1,590960,1,173613,1,2117718,1,11422,1,632264,1,15870,4,410729,4,91335,4,312741,4,575085,8,826261,108,18906,24,5881,1,59114,1,3567,1,0,0,0,0,0,0,0,0,471591,1,91526,1,5931,1,7234,1,28244,1,225263,1,28976,1,4619,1,32482,1,31250,1,563522,1,17017,1,40,1,9559,1,4516,1,17057,1,9559,1,48,1,1240,1,1,1,0,1,0,1,5043,1,4516,1,0,0,243470,1,374319,1,816,1,816,1,0,1,108,1,2376,1,108,1,0,1,1,1,1,1,0,1,0,1,9,1,4,1,36,1,0,1,0,1,17017,1,0,1,0,1,14734,1,229531,1,8,1,8,1,0,1
304,3312300,4515,9559,28.990194,,0,11,9,108,37590,11432,40031,3274710,16,218,301,1,34777,1,60,1,313542,1,592197,1,159717,1,2161131,1,12985,1,761433,1,16882,4,374579,4,88169,4,293945,4,531731,8,767390,108,18255,24,7274,1,71688,1,3998,1,0,0,0,0,0,0,0,0,508507,1,59134,1,4649,1,9378,1,27713,1,240452,1,35057,1,6122,1,29386,1,32563,1,693101,1,17014,1,40,1,9559,1,4515,1,17054,1,9559,1,48,1,1240,1,1,1,0,1,0,1,5043,1,4516,1,0,0,230339,1,436590,1,816,1,816,1,0,1,108,1,2316,1,108,1,0,1,1,1,1,1,0,1,0,1,9,1,4,1,36,1,0,1,0,1,17014,1,0,1,0,1,4522,1,206481,1,8,1,8,1,0,1
305,3558000,4517,9559,28.990194,,0,11,9,108,47988,10089,40471,3510012,16,218,812,1,32132,1,501,1,288033,1,695837,1,169556,1,2311179,1,11963,1,823101,1,20750,4,410168,4,93570,4,308973,4,568041,8,817196,108,19347,24,7364,1,65636,1,3487,1,0,0,0,0,0,0,0,0,568983,1,98068,1,5310,1,8657,1,29948,1,219091,1,28555,1,5190,1,32643,1,32132,1,752956,1,17016,1,40,1,9559,1,4517,1,17056,1,9559,1,48,1,1240,1,1,1,0,1,0,1,5042,1,4517,1,0,0,248530,1,386661,1,816,1,816,1,0,1,108,1,2316,1,108,1,0,1,1,1,1,1,0,1,0,1,9,1,4,1,36,1,0,1,0,1,17016,1,0,1,0,1,5578,1,222783,1,8,1,8,1,0,1
306,3565300,4517,9559,28.990194,,0,11,9,108,37263,14808,42346,3528037,16,218,401,1,34095,1,351,1,286290,1,588500,1,158354,1,2438674,1,21371,1,827710,1,16642,4,438542,4,92127,4,325305,4,579393,8,843695,108,18656,24,9378,1,127805,1,6963,1,0,0,0,0,0,0,0,0,475022,1,87167,1,5210,1,8386,1,28865,1,220313,1,27292,1,7484,1,71868,1,32102,1,716055,1,17012,1,40,1,9559,1,4517,1,17052,1,9559,1,48,1,1240,1,1,1,0,1,0,1,5042,1,4517,1,0,0,231131,1,430254,1,816,1,816,1,0,1,108,1,2316,1,108,1,0,1,1,1,1,1,0,1,0,1,9,1,4,1,36,1,0,1,0,1,17012,1,1,1,0,1,6088,1,1221,1,8,1,8,1,0,1
307,3446600,4517,9559,28.990194,,0,11,9,108,45517,13596,39894,3401083,16,218,521,1,33084,1,240,1,296790,1,684855,1,158224,1,2216417,1,10951,1,748939,1,15510,4,351365,4,88039,4,328832,4,571187,8,843062,108,17063,24,8667,1,84432,1,5851,1,0,0,0,0,0,0,0,0,587158,1,75365,1,5731,1,8296,1,31290,1,221606,1,33595,1,8546,1,64845,1,32693,1,642564,1,17012,1,40,1,9559,1,4517,1,17052,1,9559,1,48,1,1240,1,1,1,0,1,0,1,5042,1,4517,1,0,0,247361,1,463353,1,816,1,816,1,0,1,108,1,2316,1,108,1,0,1,1,1,1,1,0,1,0,1,9,1,4,1,36,1,0,1,0,1,17012,1,1,1,0,1,3580,1,203874,1,8,1,8,1,0,1
308,3624600,4516,9559,28.990194,,0,11,9,108,47189,17303,54219,3577411,16,218,321,1,28946,1,391,1,320646,1,615582,1,208080,1,2392816,1,10630,1,691308,1,18205,4,451567,4,103288,4,354341,4,648826,8,928148,108,20800,24,8607,1,94141,1,5230,1,0,0,0,0,0,0,0,0,510881,1,67880,1,10200,1,9378,1,27162,1,229932,1,51870,1,6513,1,38594,1,39406,1,606234,1,17013,1,40,1,9559,1,4516,1,17053,1,9559,1,48,1,1240,1,1,1,0,1,0,1,5041,1,4518,1,0,0,318454,1,524403,1,816,1,816,1,0,1,108,1,2316,1,108,1,0,1,1,1,1,1,0,1,0,1,9,1,4,1,36,1,0,1,0,1,17013,1,0,1,0,1,6178,1,17853,1,8,1,8,1,0,1
309,3208600,4516,9559,28.990194,,0,11,9,108,40445,8867,41835,3168155,16,218,240,1,39917,1,261,1,390680,1,656341,1,143566,1,1925669,1,11482,1,491524,1,16131,4,323161,4,89251,4,322580,4,607487,8,869295,108,18936,24,6933,1,55346,1,4388,1,0,0,0,0,0,0,0,0,568091,1,64674,1,4849,1,11973,1,32322,1,303333,1,42081,1,5981,1,23575,1,30990,1,430787,1,17016,1,40,1,9559,1,4516,1,17056,1,9559,1,48,1,1240,1,1,1,0,1,0,1,5043,1,4516,1,0,0,227681,1,438339,1,816,1,816,1,0,1,108,1,2316,1,108,1,0,1,1,1,1,1,0,1,0,1,9,1,4,1,36,1,0,1,0,1,17016,1,1,1,0,1,16747,1,216018,1,8,1,8,1,0,1
310,3218800,4516,9559,28.990194,,0,11,9,108,45264,14047,40454,3173536,16,218,250,1,30609,1,70,1,316398,1,620702,1,184374,1,2007175,1,13957,1,568642,1,16562,4,327329,4,88139,4,315125,4,591506,8,847712,108,18465,24,5961,1,73862,1,6002,1,0,0,0,0,0,0,0,0,520169,1,72159,1,6452,1,9869,1,28615,1,242706,1,33685,1,5390,1,34677,1,31300,1,497075,1,17016,1,40,1,9559,1,4516,1,17056,1,9559,1,48,1,1240,1,1,1,0,1,0,1,5043,1,4516,1,0,0,229925,1,415404,1,816,1,816,1,0,1,108,1,2316,1,108,1,0,1,1,1,1,1,0,1,0,1,9,1,4,1,36,1,0,1,0,1,17016,1,1,1,0,1,5891,1,20790,1,8,1,8,1,0,1
311,3358200,4516,9559,28.990194,,0,11,9,108,51428,13526,41063,3306772,16,218,1633,1,84482,1,291,1,355242,1,616975,1,171730,1,2064806,1,11612,1,650329,1,15720,4,331306,4,87668,4,313672,4,586807,8,840540,108,18876,24,6192,1,55577,1,4008,1,0,0,0,0,0,0,0,0,515350,1,74253,1,4970,1,15520,1,45928,1,262554,1,29457,1,5571,1,37091,1,31250,1,576237,1,17014,1,40,1,9559,1,4516,1,17054,1,9559,1,48,1,1240,1,1,1,0,1,0,1,5043,1,4516,1,0,0,237823,1,418440,1,814,1,816,1,0,1,108,1,2316,1,108,1,0,1,1,1,1,1,0,1,0,1,9,1,4,1,36,1,0,1,0,1,17014,1,1,1,0,1,3844,1,15213,1,8,1,8,1,0,1
312,3105300,4515,9559,28.990194,,0,11,9,108,37918,7895,39944,3067382,16,218,271,1,29396,1,130,1,294245,1,588310,1,166319,1,1977057,1,11652,1,577609,1,15099,4,325605,4,83520,4,305146,4,596245,8,843883,108,17564,24,6733,1,55737,1,3467,1,0,0,0,0,0,0,0,0,515711,1,49435,1,5240,1,8366,1,27322,1,229932,1,27463,1,6082,1,35949,1,31190,1,504198,1,17012,1,40,1,9559,1,4515,1,17052,1,9559,1,48,1,1240,1,1,1,0,1,0,1,5043,1,4516,1,0,0,233123,1,506682,1,816,1,816,1,0,1,108,1,2340,1,108,1,0,1,1,1,1,1,0,1,0,1,9,1,4,1,36,1,0,1,0,1,17012,1,0,1,0,1,5560,1,104874,1,8,1,8,1,0,1
313,2971200,4515,9559,28.990194,,0,11,9,108,34119,11292,36959,2937081,16,218,311,1,29907,1,60,1,291530,1,525630,1,126202,1,1952230,1,11212,1,558904,1,14107,4,316368,4,82889,4,315666,4,588681,8,850757,108,16632,24,7975,1,52982,1,3366,1,0,0,0,0,0,0,0,0,466656,1,39486,1,4799,1,7655,1,25158,1,227277,1,30569,1,4368,1,23144,1,31571,1,499570,1,17012,1,40,1,9559,1,4515,1,17052,1,9559,1,48,1,1240,1,1,1,0,1,0,1,5044,1,4515,1,0,0,211918,1,510114,1,814,1,814,1,0,1,108,1,2352,1,108,1,0,1,1,1,1,1,0,1,0,1,9,1,4,1,36,1,0,1,0,1,17012,1,1,1,0,1,2392,1,91377,1,8,1,8,1,0,1
314,3055700,4515,9559,28.990194,,0,11,9,108,48804,12003,38270,3006896,16,218,150,1,29917,1,200,1,281280,1,528876,1,128918,1,2021513,1,16041,1,531280,1,15009,4,317861,4,84653,4,294085,4,613098,8,851189,108,17724,24,7935,1,130300,1,15289,1,0,0,0,0,0,0,0,0,459142,1,49124,1,5070,1,7755,1,25269,1,220514,1,27232,1,4929,1,23415,1,31390,1,471365,1,17013,1,40,1,9559,1,4515,1,17053,1,9559,1,48,1,1240,1,1,1,0,1,0,1,5044,1,4515,1,0,0,214636,1,508794,1,798,1,798,1,0,1,108,1,2376,1,108,1,0,1,1,1,1,1,0,1,0,1,9,1,4,1,36,1,0,1,0,1,17013,1,1,1,0,1,19107,1,79827,1,8,1,8,1,0,1
315,3730700,4517,9559,28.990194,,0,11,9,108,53186,15530,40793,3677514,16,218,611,1,53142,1,180,1,359881,1,804235,1,225513,1,2221687,1,12264,1,785980,1,18876,4,347718,4,92227,4,314244,4,573582,8,827715,108,19317,24,6482,1,63011,1,4038,1,0,0,0,0,0,0,0,0,660549,1,95443,1,10961,1,14538,1,33114,1,264578,1,45147,1,5541,1,28194,1,51940,1,699263,1,17014,1,40,1,9559,1,4517,1,17054,1,9559,1,48,1,1240,1,1,1,0,1,0,1,5042,1,4517,1,0,0,242864,1,395472,1,816,1,816,1,0,1,108,1,2316,1,108,1,0,1,1,1,1,1,0,1,0,1,9,1,4,1,36,1,0,1,0,1,17014,1,0,1,0,1,22274,1,1518,1,8,1,8,1,0,1
316,3103300,4515,9559,28.990194,,0,11,9,108,42611,13716,43410,3060689,16,189,160,1,28996,1,331,1,290167,1,565496,1,143135,1,2020691,1,11712,1,550237,1,15750,4,389348,4,91656,4,305176,4,580405,8,822804,108,19367,24,6172,1,63372,1,4859,1,0,0,0,0,0,0,0,0,484310,1,59404,1,4649,1,8817,1,26461,1,227166,1,27062,1,5080,1,27743,1,31020,1,485593,1,17012,1,40,1,9559,1,4515,1,17052,1,9559,1,48,1,1240,1,1,1,0,1,0,1,5042,1,4517,1,0,0,235144,1,335379,1,816,1,816,1,0,1,108,1,2376,1,108,1,0,1,1,1,1,1,0,1,0,1,9,1,4,1,36,1,0,1,0,1,17012,1,0,1,0,1,18100,1,22737,1,8,1,8,1,0,1
317,3459600,4517,9559,28.990194,,0,11,9,108,39676,8547,38292,3419924,16,218,230,1,28535,1,250,1,296510,1,658681,1,200275,1,2223581,1,11863,1,737637,1,15430,4,403144,4,85464,4,353679,4,547812,8,847109,108,16091,24,5831,1,61198,1,4839,1,0,0,0,0,0,0,0,0,548439,1,80455,1,7434,1,8396,1,26852,1,231485,1,28184,1,9899,1,47161,1,31050,1,649347,1,17013,1,44,1,9559,1,4517,1,17057,1,9559,1,48,1,1240,1,1,1,0,1,0,1,5042,1,4517,1,0,0,240678,1,602909,1,813,1,814,1,0,1,108,1,2304,1,108,1,0,1,1,1,1,1,0,1,0,1,9,1,4,1,40,1,0,1,0,1,17013,1,0,1,0,1,15726,1,286260,1,8,1,8,1,0,1
318,2906100,4516,9559,28.990192,,0,11,9,108,38838,10811,40795,2867262,16,218,250,1,32502,1,261,1,291851,1,567264,1,137925,1,1825987,1,11222,1,516131,1,14939,4,324894,4,89051,4,288554,4,509859,8,738953,108,18666,24,6352,1,61658,1,3737,1,0,0,0,0,0,0,0,0,488012,1,55356,1,4939,1,7885,1,27623,1,229120,1,26401,1,4429,1,22573,1,30939,1,457799,1,17012,1,44,1,9559,1,4516,1,17056,1,9559,1,48,1,1240,1,1,1,0,1,0,1,5042,1,4517,1,0,0,217546,1,371382,1,815,1,815,1,0,1,108,1,2376,1,108,1,0,1,1,1,1,1,0,1,0,1,9,1,4,1,40,1,0,1,0,1,17012,1,0,1,0,1,14453,1,67434,1,8,1,8,1,0,1
319,3124700,4516,9559,28.99019,,0,11,9,108,36533,12364,40021,3088167,16,218,160,1,31791,1,170,1,306599,1,520685,1,145930,1,2071288,1,11542,1,648275,1,15971,4,355062,4,89492,4,313913,4,574674,8,829669,108,18896,24,6182,1,51840,1,3517,1,0,0,0,0,0,0,0,0,456061,1,41810,1,5781,1,9097,1,26621,1,238358,1,31350,1,4929,1,29657,1,31170,1,582329,1,17016,1,44,1,9559,1,4516,1,17060,1,9559,1,48,1,1240,1,1,1,0,1,0,1,5043,1,4516,1,0,0,229727,1,415965,1,816,1,816,1,0,1,108,1,2304,1,108,1,0,1,1,1,1,1,0,1,0,1,9,1,4,1,40,1,0,1,0,1,17016,1,1,1,0,1,2889,1,218642,1,8,1,8,1,0,1
320,2779500,4515,9559,28.990196,,0,11,9,108,33325,10079,36787,2746175,16,218,70,1,28885,1,180,1,289877,1,526732,1,131643,1,1757185,1,11602,1,519698,1,14167,4,319544,4,87208,4,264107,4,480383,8,689818,108,17884,24,5791,1,53463,1,2745,1,0,0,0,0,0,0,0,0,451006,1,54455,1,4889,1,7745,1,26240,1,228669,1,26481,1,4238,1,23124,1,31410,1,460725,1,17013,1,44,1,9559,1,4515,1,17057,1,9559,1,48,1,1240,1,1,1,0,1,0,1,5043,1,4516,1,0,0,209804,1,353298,1,816,1,816,1,0,1,108,1,2304,1,108,1,0,1,1,1,1,1,0,1,0,1,9,1,4,1,40,1,0,1,0,1,17013,1,0,1,0,1,5395,1,237039,1,8,1,8,1,0,1
321,2631300,4515,9559,28.990198,,0,11,9,108,31196,10691,36767,2600104,16,218,60,1,28825,1,40,1,286621,1,466256,1,119209,1,1687541,1,11552,1,456567,1,13215,4,308893,4,85003,4,264157,4,497616,8,704848,108,20159,24,5831,1,42071,1,3497,1,0,0,0,0,0,0,0,0,423473,1,25739,1,4619,1,7364,1,24717,1,224141,1,29847,1,4749,1,23345,1,31701,1,396592,1,17013,1,44,1,9559,1,4515,1,17057,1,9559,1,48,1,1240,1,1,1,0,1,0,1,5044,1,4515,1,0,0,214050,1,378213,1,816,1,816,1,0,1,108,1,2304,1,108,1,0,1,1,1,1,1,0,1,0,1,9,1,4,1,40,1,0,1,0,1,17013,1,1,1,0,1,2293,1,167145,1,8,1,8,1,0,1
322,2645800,4517,9559,28.990198,,0,11,9,108,32711,10711,33032,2613089,16,218,30,1,28334,1,40,1,274457,1,467348,1,121543,1,1710255,1,11081,1,508336,1,13957,4,311879,4,85164,4,255000,4,467177,8,672714,108,16432,24,3136,1,52140,1,2755,1,0,0,0,0,0,0,0,0,417241,1,32643,1,4579,1,6703,1,24587,1,216706,1,26020,1,4188,1,23034,1,31871,1,449053,1,17012,1,44,1,9559,1,4517,1,17056,1,9559,1,48,1,1240,1,1,1,0,1,0,1,5042,1,4517,1,0,0,209531,1,323763,1,815,1,815,1,0,1,108,1,2304,1,108,1,0,1,1,1,1,1,0,1,0,1,9,1,4,1,40,1,0,1,0,1,17012,1,0,1,0,1,1897,1,205359,1,8,1,8,1,0,1
323,2465500,4517,9559,28.990198,,0,11,9,108,30874,10160,29265,2434626,16,218,60,1,27683,1,120,1,270109,1,423503,1,122095,1,1579604,1,11452,1,456928,1,12815,4,305176,4,80094,4,235813,4,436789,8,628348,108,14989,24,3757,1,35228,1,2845,1,0,0,0,0,0,0,0,0,379930,1,26822,1,4529,1,6723,1,22243,1,214512,1,26100,1,4278,1,23054,1,32232,1,397183,1,17010,1,44,1,9559,1,4517,1,17054,1,9559,1,48,1,1240,1,1,1,0,1,0,1,5041,1,4518,1,0,0,197160,1,285978,1,816,1,816,1,0,1,108,1,2316,1,108,1,0,1,1,1,1,1,0,1,0,1,9,1,4,1,40,1,0,1,0,1,17010,1,0,1,0,1,2920,1,211794,1,8,1,8,1,0,1
324,2391000,4517,9559,28.990198,,0,11,9,108,30396,9608,29095,2360604,16,218,150,1,27813,1,40,1,272463,1,409647,1,118979,1,1520280,1,11232,1,394568,1,12915,4,305407,4,80304,4,232927,4,438302,8,627236,108,14899,24,3817,1,39706,1,2725,1,0,0,0,0,0,0,0,0,372916,1,20469,1,4539,1,7494,1,24116,1,212839,1,27643,1,4578,1,22343,1,31711,1,335775,1,17012,1,44,1,9559,1,4517,1,17056,1,9559,1,48,1,1240,1,1,1,0,1,0,1,5042,1,4517,1,0,0,195402,1,269973,1,816,1,816,1,0,1,108,1,2340,1,108,1,0,1,1,1,1,1,0,1,0,1,9,1,4,1,40,1,0,1,0,1,17012,1,1,1,0,1,2293,1,200475,1,8,1,8,1,0,1
325,2367600,4516,9559,28.990194,,0,11,9,108,30391,9328,29656,2337209,16,218,130,1,27924,1,40,1,267694,1,407893,1,118969,1,1503768,1,10791,1,382044,1,12754,4,304846,4,79893,4,234070,4,444804,8,634309,108,14909,24,3647,1,29657,1,2725,1,0,0,0,0,0,0,0,0,364119,1,23726,1,8486,1,7214,1,23365,1,211436,1,25369,1,4519,1,22513,1,31450,1,323371,1,17009,1,44,1,9559,1,4516,1,17053,1,9559,1,48,1,1240,1,1,1,0,1,0,1,5042,1,4517,1,0,0,204719,1,305217,1,816,1,816,1,0,1,108,1,2328,1,108,1,0,1,1,1,1,1,0,1,0,1,9,1,4,1,40,1,0,1,0,1,17009,1,0,1,0,1,2161,1,3564,1,8,1,8,1,0,1
326,2362100,4516,9559,28.990189,,0,11,9,108,30331,9819,29937,2331769,16,218,30,1,27322,1,40,1,269127,1,399808,1,118738,1,1505632,1,11071,1,377425,1,13055,4,304976,4,80465,4,238638,4,437951,8,631734,108,14919,24,3657,1,36921,1,2725,1,0,0,0,0,0,0,0,0,362106,1,21892,1,4418,1,7555,1,22483,1,212238,1,26491,1,4238,1,22483,1,31951,1,318552,1,17011,1,44,1,9559,1,4516,1,17055,1,9559,1,48,1,1240,1,1,1,0,1,0,1,5043,1,4516,1,0,0,199708,1,322278,1,816,1,816,1,0,1,108,1,2328,1,108,1,0,1,1,1,1,1,0,1,0,1,9,1,4,1,40,1,0,1,0,1,17011,1,1,1,0,1,2920,1,429,1,8,1,8,1,0,1
327,2329700,4516,9559,28.990189,,0,11,9,108,30213,9568,28865,2299487,16,218,90,1,27713,1,40,1,268406,1,404717,1,118588,1,1469122,1,10811,1,352317,1,14979,4,304775,4,80685,4,233779,4,439314,8,629319,108,14909,24,3687,1,27292,1,2725,1,0,0,0,0,0,0,0,0,367806,1,20880,1,4699,1,7174,1,23144,1,210584,1,27232,1,4328,1,22583,1,31771,1,293444,1,17007,1,44,1,9559,1,4516,1,17051,1,9559,1,48,1,1240,1,1,1,0,1,0,1,5043,1,4516,1,0,0,201905,1,308583,1,816,1,816,1,0,1,108,1,2328,1,108,1,0,1,1,1,1,1,0,1,0,1,9,1,4,1,40,1,0,1,0,1,17007,1,1,1,0,1,2260,1,429,1,8,1,8,1,0,1
328,2339000,4515,9559,28.990189,,0,11,9,108,30786,9208,29236,2308214,16,218,70,1,27653,1,40,1,265971,1,401441,1,118117,1,1484081,1,10841,1,355152,1,14798,4,305607,4,80384,4,236805,4,440757,8,633547,108,14778,24,3988,1,34657,1,2725,1,0,0,0,0,0,0,0,0,364420,1,20980,1,4709,1,6733,1,23134,1,208490,1,27322,1,4689,1,22503,1,31681,1,296099,1,17010,1,40,1,9559,1,4515,1,17050,1,9559,1,48,1,1240,1,1,1,0,1,0,1,5042,1,4517,1,0,0,201181,1,330264,1,816,1,816,1,0,1,108,1,2328,1,108,1,0,1,1,1,1,1,0,1,0,1,9,1,4,1,36,1,0,1,0,1,17010,1,0,1,0,1,2128,1,17655,1,8,1,8,1,0,1
329,2366500,4514,9559,28.990189,,0,11,9,108,31104,9208,29877,2335396,16,218,150,1,27773,1,50,1,264718,1,410128,1,118037,1,1502997,1,11542,1,380611,1,12734,4,305367,4,79954,4,243067,4,437871,8,636183,108,14879,24,4018,1,27423,1,2745,1,0,0,0,0,0,0,0,0,372375,1,21491,1,4689,1,6593,1,21601,1,208931,1,27252,1,4529,1,22643,1,31751,1,321518,1,17004,1,40,1,9559,1,4514,1,17044,1,9559,1,48,1,1240,1,1,1,0,1,0,1,5044,1,4515,1,0,0,211023,1,312576,1,816,1,816,1,0,1,108,1,2328,1,108,1,0,1,1,1,1,1,0,1,0,1,9,1,4,1,36,1,0,1,0,1,17004,1,0,1,0,1,2590,1,182226,1,8,1,8,1,0,1
330,2364400,4515,9559,28.990189,,0,11,9,108,31158,9118,29737,2333242,16,218,170,1,27302,1,40,1,264969,1,401431,1,119029,1,1509219,1,11081,1,381202,1,12434,4,305306,4,80324,4,234691,4,441989,8,632285,108,14658,24,3647,1,37763,1,2745,1,0,0,0,0,0,0,0,0,364089,1,21551,1,4449,1,6412,1,21451,1,210775,1,26000,1,4779,1,22784,1,31861,1,321568,1,17009,1,40,1,9559,1,4515,1,17049,1,9559,1,48,1,1240,1,1,1,0,1,0,1,5044,1,4515,1,0,0,199343,1,273834,1,816,1,816,1,0,1,108,1,2328,1,108,1,0,1,1,1,1,1,0,1,0,1,9,1,4,1,36,1,0,1,0,1,17009,1,0,1,0,1,1996,1,396,1,8,1,8,1,0,1
331,2466300,4513,9559,28.990189,,0,11,9,108,31899,9378,33373,2434401,16,218,30,1,27603,1,40,1,264989,1,408966,1,119610,1,1602242,1,10921,1,364971,1,12574,4,317820,4,84282,4,291074,4,475573,8,717664,108,15610,24,5210,1,38093,1,3266,1,0,0,0,0,0,0,0,0,370332,1,22413,1,4599,1,6653,1,22183,1,209723,1,26160,1,4599,1,22954,1,32142,1,305076,1,17003,1,40,1,9559,1,4513,1,17043,1,9559,1,48,1,1240,1,1,1,0,1,0,1,5044,1,4515,1,0,0,212524,1,458254,1,827,1,828,1,0,1,108,1,2340,1,108,1,0,1,1,1,1,1,0,1,0,1,9,1,4,1,36,1,0,1,0,1,17003,1,0,1,0,1,2491,1,216645,1,8,1,8,1,0,1
332,2492000,4513,9559,28.990189,,0,11,9,108,33929,10811,31520,2458071,16,218,160,1,31270,1,70,1,286520,1,429896,1,143165,1,1555718,1,11272,1,424385,1,12464,4,303483,4,79974,4,240662,4,437721,8,631343,108,15520,24,3326,1,40167,1,2725,1,0,0,0,0,0,0,0,0,381763,1,28024,1,5130,1,7154,1,24597,1,226976,1,27152,1,4960,1,28525,1,32102,1,358609,1,17007,1,40,1,9559,1,4513,1,17047,1,9559,1,48,1,1240,1,1,1,0,1,0,1,5046,1,4513,1,0,0,203624,1,336534,1,828,1,828,1,0,1,108,1,2340,1,108,1,0,1,1,1,1,1,0,1,0,1,9,1,4,1,36,1,0,1,0,1,17007,1,1,1,0,1,16349,1,1386,1,8,1,8,1,0,1
333,2403800,4512,9559,28.990185,,0,11,9,108,31604,9208,30947,2372196,16,218,160,1,31601,1,30,1,272343,1,412332,1,125381,1,1519438,1,10911,1,390731,1,12885,4,310897,4,80244,4,236614,4,441688,8,632277,108,15079,24,3727,1,30679,1,2765,1,0,0,0,0,0,0,0,0,371814,1,22483,1,4669,1,6983,1,23245,1,215774,1,25820,1,5531,1,26050,1,31470,1,327479,1,17003,1,40,1,9559,1,4512,1,17043,1,9559,1,48,1,1240,1,1,1,0,1,0,1,5046,1,4513,1,0,0,199820,1,316305,1,828,1,828,1,0,1,108,1,2340,1,108,1,0,1,1,1,1,1,0,1,0,1,9,1,4,1,36,1,0,1,0,1,17003,1,0,1,0,1,2953,1,192489,1,8,1,8,1,0,1
334,2387000,4513,9559,28.990185,,0,11,9,108,29802,9188,31780,2357198,16,218,40,1,27322,1,40,1,268987,1,399938,1,118287,1,1531592,1,10991,1,385440,1,12564,4,304846,4,80254,4,233939,4,461416,8,648667,108,14909,24,3677,1,37512,1,2755,1,0,0,0,0,0,0,0,0,362667,1,20730,1,4929,1,6492,1,22102,1,213380,1,26711,1,4178,1,22543,1,31861,1,326657,1,17013,1,40,1,9559,1,4513,1,17053,1,9559,1,48,1,1240,1,1,1,0,1,0,1,5046,1,4513,1,0,0,195198,1,337788,1,826,1,826,1,0,1,108,1,2340,1,108,1,0,1,1,1,1,1,0,1,0,1,9,1,4,1,36,1,0,1,0,1,17013,1,0,1,0,1,2095,1,13497,1,8,1,8,1,0,1
335,2318700,4514,9559,28.990185,,0,11,9,108,29774,9358,29968,2288926,16,218,30,1,27423,1,60,1,268185,1,399227,1,119479,1,1463541,1,10981,1,352307,1,12334,4,306038,4,79843,4,235833,4,432050,8,627425,108,10490,24,3767,1,29286,1,2725,1,0,0,0,0,0,0,0,0,361424,1,21762,1,4629,1,6743,1,23084,1,212558,1,25479,1,4268,1,22814,1,31811,1,293203,1,17021,1,36,1,9559,1,4514,1,17057,1,9559,1,48,1,1240,1,1,1,0,1,0,1,5044,1,4515,1,0,0,192613,1,269445,1,815,1,815,1,0,1,108,1,2328,1,108,1,0,1,1,1,1,1,0,1,0,1,9,1,4,1,32,1,0,1,0,1,17021,1,0,1,0,1,2739,1,3729,1,8,1,8,1,0,1
336,2340500,4513,9559,28.990185,,0,11,9,108,30413,9128,29696,2310087,16,218,10,1,27353,1,30,1,265069,1,410108,1,118808,1,1477568,1,11141,1,356455,1,12694,4,306108,4,80735,4,233208,4,438242,8,631003,108,10751,24,3767,1,34476,1,2755,1,0,0,0,0,0,0,0,0,372706,1,21241,1,4629,1,6893,1,22503,1,209863,1,25529,1,4188,1,22443,1,31460,1,298193,1,17019,1,36,1,9559,1,4513,1,17055,1,9559,1,48,1,1240,1,1,1,0,1,0,1,5044,1,4515,1,0,0,194002,1,319770,1,816,1,816,1,0,1,108,1,2328,1,108,1,0,1,1,1,1,1,0,1,0,1,9,1,4,1,32,1,0,1,0,1,17019,1,0,1,0,1,1897,1,217503,1,8,1,8,1,0,1
337,2407800,4516,9559,28.990185,,0,11,9,108,30163,9548,29916,2377637,16,218,80,1,27533,1,60,1,263787,1,471415,1,121363,1,1482467,1,10931,1,358619,1,12554,4,306168,4,80575,4,235783,4,442771,8,633479,108,15159,24,3767,1,29927,1,2755,1,0,0,0,0,0,0,0,0,432120,1,23024,1,4629,1,6693,1,21271,1,210043,1,25539,1,4078,1,22573,1,31761,1,300006,1,17024,1,40,1,9559,1,4516,1,17064,1,9559,1,48,1,1240,1,1,1,0,1,0,1,5043,1,4516,1,0,0,197479,1,334323,1,816,1,816,1,0,1,108,1,2328,1,108,1,0,1,1,1,1,1,0,1,0,1,9,1,4,1,36,1,0,1,0,1,17024,1,0,1,0,1,1732,1,186351,1,8,1,8,1,0,1
338,2763500,4517,9559,28.990185,,0,11,9,108,46116,13566,33273,2717384,16,189,110,1,27463,1,40,1,266251,1,539100,1,141772,1,1731226,1,11422,1,528114,1,13877,4,313422,4,81096,4,290458,4,437961,8,679426,108,15720,24,5190,1,44205,1,3336,1,0,0,0,0,0,0,0,0,439148,1,79042,1,4929,1,6653,1,22623,1,211085,1,25579,1,13265,1,42171,1,35889,1,436378,1,17022,1,40,1,9559,1,4517,1,17062,1,9559,1,48,1,1240,1,1,1,0,1,0,1,5042,1,4517,1,0,0,225836,1,389863,1,816,1,816,1,0,1,108,1,2316,1,108,1,0,1,1,1,1,1,0,1,0,1,9,1,4,1,36,1,0,1,0,1,17022,1,0,1,0,1,1996,1,1749,1,8,1,8,1,0,1
339,2403100,4518,9559,28.990185,,0,11,9,108,31364,9348,29426,2371736,16,218,150,1,31621,1,120,1,272022,1,425888,1,122555,1,1508327,1,11051,1,393015,1,12714,4,304585,4,79863,4,234941,4,436188,8,626655,108,15049,24,3727,1,31150,1,2795,1,0,0,0,0,0,0,0,0,382344,1,26411,1,4549,1,7284,1,23175,1,215394,1,25359,1,4839,1,22513,1,31981,1,333471,1,17023,1,40,1,9559,1,4518,1,17063,1,9559,1,48,1,1240,1,1,1,0,1,0,1,5041,1,4518,1,0,0,196150,1,313500,1,816,1,816,1,0,1,108,1,2316,1,108,1,0,1,1,1,1,1,0,1,0,1,9,1,4,1,36,1,0,1,0,1,17023,1,0,1,0,1,2656,1,495,1,8,1,8,1,0,1
340,2375100,4517,9559,28.990185,,0,11,9,108,30627,9067,29246,2344473,16,218,140,1,27783,1,40,1,268907,1,419947,1,122245,1,1494190,1,11222,1,371263,1,12574,4,305878,4,80334,4,232867,4,437931,8,626724,108,14828,24,4078,1,37472,1,2725,1,0,0,0,0,0,0,0,0,383126,1,20539,1,4589,1,6763,1,22343,1,213901,1,25619,1,4308,1,22573,1,32082,1,312029,1,17024,1,40,1,9559,1,4517,1,17064,1,9559,1,48,1,1240,1,1,1,0,1,0,1,5041,1,4518,1,0,0,197101,1,305052,1,816,1,816,1,0,1,108,1,2316,1,108,1,0,1,1,1,1,1,0,1,0,1,9,1,4,1,36,1,0,1,0,1,17024,1,0,1,0,1,1831,1,243012,1,8,1,8,1,0,1
341,2347700,4517,9559,28.990185,,0,11,9,108,30028,9438,31039,2317672,16,218,150,1,28224,1,40,1,270229,1,400820,1,119319,1,1487928,1,10961,1,355423,1,12464,4,306058,4,80545,4,238648,4,449674,8,642455,108,14828,24,3807,1,29096,1,2775,1,0,0,0,0,0,0,0,0,364129,1,20790,1,4408,1,7124,1,22704,1,214362,1,25679,1,4468,1,22543,1,32643,1,295588,1,17019,1,40,1,9559,1,4517,1,17059,1,9559,1,48,1,1240,1,1,1,0,1,0,1,5042,1,4517,1,0,0,202813,1,325314,1,816,1,816,1,0,1,108,1,2376,1,108,1,0,1,1,1,1,1,0,1,0,1,9,1,4,1,36,1,0,1,0,1,17019,1,1,1,0,1,2079,1,180312,1,8,1,8,1,0,1
342,2348000,4517,9559,28.990185,,0,11,9,108,30378,12404,30277,2317622,16,218,160,1,27563,1,40,1,267945,1,406170,1,119730,1,1485093,1,10921,1,356134,1,12474,4,304986,4,80525,4,237196,4,438953,8,631063,108,14808,24,3757,1,35919,1,2745,1,0,0,0,0,0,0,0,0,368167,1,21772,1,4579,1,7625,1,22664,1,211897,1,25419,1,4328,1,22353,1,31861,1,297381,1,17021,1,40,1,9559,1,4517,1,17061,1,9559,1,48,1,1240,1,1,1,0,1,0,1,5042,1,4517,1,0,0,199390,1,290829,1,816,1,816,1,0,1,108,1,2376,1,108,1,0,1,1,1,1,1,0,1,0,1,9,1,4,1,36,1,0,1,0,1,17021,1,1,1,0,1,1996,1,199551,1,8,1,8,1,0,1
343,2407600,4517,9559,28.990185,,0,11,9,108,34542,9899,30328,2373058,16,218,160,1,27833,1,40,1,269538,1,444834,1,123257,1,1496454,1,10941,1,370902,1,12554,4,306950,4,80715,4,236815,4,441909,8,633467,108,14929,24,3757,1,30208,1,2745,1,0,0,0,0,0,0,0,0,405459,1,23094,1,4609,1,7254,1,22413,1,214011,1,25549,1,4158,1,22643,1,31841,1,311889,1,17023,1,40,1,9559,1,4517,1,17063,1,9559,1,48,1,1240,1,1,1,0,1,0,1,5042,1,4517,1,0,0,205337,1,258093,1,816,1,816,1,0,1,108,1,2376,1,108,1,0,1,1,1,1,1,0,1,0,1,9,1,4,1,36,1,0,1,0,1,17023,1,1,1,0,1,12853,1,57453,1,8,1,8,1,0,1
344,2402500,4517,9559,28.990185,,0,11,9,108,31897,9909,31540,2370603,16,218,70,1,27403,1,30,1,269047,1,405890,1,123076,1,1534137,1,10951,1,364330,1,12845,4,314344,4,84352,4,255571,4,445065,8,653896,108,15199,24,4008,1,40929,1,2785,1,0,0,0,0,0,0,0,0,368167,1,21702,1,4408,1,7274,1,22664,1,211246,1,27593,1,4869,1,22583,1,31831,1,304815,1,17023,1,40,1,9559,1,4517,1,17063,1,9559,1,48,1,1240,1,1,1,0,1,0,1,5042,1,4517,1,0,0,223398,1,270402,1,815,1,815,1,0,1,108,1,2316,1,108,1,0,1,1,1,1,1,0,1,0,1,9,1,4,1,36,1,0,1,0,1,17023,1,1,1,0,1,2260,1,200046,1,8,1,8,1,0,1
345,2408600,4517,9559,28.990189,,0,11,9,108,31143,9929,30238,2377457,16,218,170,1,27483,1,70,1,267183,1,414286,1,121834,1,1535269,1,11161,1,409527,1,13115,4,306639,4,80414,4,234831,4,442871,8,632706,108,14758,24,3978,1,31230,1,2735,1,0,0,0,0,0,0,0,0,371103,1,25820,1,4559,1,7524,1,21692,1,211827,1,25599,1,4318,1,22363,1,31981,1,350633,1,17022,1,40,1,9559,1,4517,1,17062,1,9559,1,48,1,1240,1,1,1,0,1,0,1,5042,1,4517,1,0,0,195730,1,273966,1,816,1,816,1,0,1,108,1,2376,1,108,1,0,1,1,1,1,1,0,1,0,1,9,1,4,1,36,1,0,1,0,1,17022,1,1,1,0,1,1897,1,19602,1,8,1,8,1,0,1
346,2367000,4517,9559,28.990189,,0,11,9,108,32065,9438,29195,2334935,16,218,90,1,27523,1,40,1,271041,1,410659,1,119239,1,1495242,1,11101,1,368518,1,12744,4,307090,4,80755,4,234330,4,440035,8,630392,108,14778,24,3837,1,35729,1,2765,1,0,0,0,0,0,0,0,0,374339,1,20199,1,4459,1,6783,1,22313,1,213520,1,28134,1,4218,1,22473,1,31871,1,309755,1,17030,1,40,1,9559,1,4517,1,17070,1,9559,1,48,1,1240,1,1,1,0,1,0,1,5042,1,4517,1,0,0,199881,1,293733,1,816,1,816,1,0,1,108,1,2316,1,108,1,0,1,1,1,1,1,0,1,0,1,9,1,4,1,36,1,0,1,0,1,17030,1,1,1,0,1,2095,1,228360,1,8,1,8,1,0,1
347,2331800,4517,9559,28.990189,,0,11,9,108,30680,9829,28844,2301120,16,218,60,1,27783,1,40,1,266261,1,400159,1,122155,1,1472869,1,11793,1,351114,1,12955,4,306990,4,80785,4,235242,4,439494,8,630803,108,15089,24,3948,1,29767,1,2745,1,0,0,0,0,0,0,0,0,364230,1,19858,1,4418,1,7524,1,21311,1,211727,1,25429,1,4909,1,22503,1,31871,1,291590,1,17033,1,40,1,9559,1,4517,1,17073,1,9559,1,48,1,1240,1,1,1,0,1,0,1,5042,1,4517,1,0,0,203477,1,312708,1,816,1,816,1,0,1,108,1,2316,1,108,1,0,1,1,1,1,1,0,1,0,1,9,1,4,1,36,1,0,1,0,1,17033,1,1,1,0,1,2260,1,199287,1,8,1,8,1,0,1
348,2386400,4517,9559,28.990189,,0,11,9,108,31246,13436,31379,2355154,16,218,160,1,31781,1,70,1,284356,1,411510,1,126733,1,1489281,1,11262,1,359029,1,12714,4,311538,4,80194,4,235021,4,434434,8,622827,108,15249,24,4028,1,36119,1,2765,1,0,0,0,0,0,0,0,0,371403,1,22102,1,4459,1,8035,1,22834,1,227257,1,25659,1,5160,1,25399,1,31801,1,296500,1,17033,1,40,1,9559,1,4517,1,17073,1,9559,1,48,1,1240,1,1,1,0,1,0,1,5042,1,4517,1,0,0,198933,1,285549,1,816,1,816,1,0,1,108,1,2316,1,108,1,0,1,1,1,1,1,0,1,0,1,9,1,4,1,36,1,0,1,0,1,17033,1,1,1,1,1,3483,1,195360,1,8,1,8,1,0,1
349,2345400,4516,9559,28.990189,,0,11,9,108,30444,9188,28714,2314956,16,218,130,1,31811,1,50,1,267915,1,397163,1,131422,1,1475534,1,10931,1,361735,1,12334,4,305657,4,80024,4,235562,4,435456,8,631895,108,10410,24,3677,1,29166,1,2735,1,0,0,0,0,0,0,0,0,359581,1,21311,1,4709,1,7895,1,21862,1,212358,1,25499,1,4869,1,26791,1,31841,1,298042,1,17034,1,36,1,9559,1,4516,1,17070,1,9559,1,48,1,1240,1,1,1,0,1,0,1,5042,1,4517,1,0,0,203240,1,331122,1,816,1,816,1,0,1,108,1,2316,1,108,1,0,1,1,1,1,1,0,1,0,1,9,1,4,1,32,1,0,1,0,1,17034,1,0,1,0,1,1963,1,594,1,8,1,8,1,0,1
350,2327800,4515,9559,28.990189,,0,11,9,108,31089,9027,28274,2296711,16,218,100,1,27302,1,40,1,267774,1,406260,1,118888,1,1465485,1,10861,1,352036,1,12414,4,304825,4,80354,4,230493,4,435096,8,626934,108,10380,24,3677,1,34787,1,2775,1,0,0,0,0,0,0,0,0,369750,1,20479,1,4509,1,7675,1,22664,1,211476,1,25659,1,4429,1,22714,1,31591,1,293063,1,17032,1,36,1,9559,1,4515,1,17068,1,9559,1,48,1,1240,1,1,1,0,1,0,1,5043,1,4516,1,0,0,196384,1,324687,1,816,1,816,1,0,1,108,1,2316,1,108,1,0,1,1,1,1,1,0,1,0,1,9,1,4,1,32,1,0,1,0,1,17032,1,0,1,0,1,2161,1,199815,1,8,1,8,1,0,1
351,2368200,4516,9559,28.990189,,0,11,9,108,32138,9097,29224,2336062,16,218,70,1,46279,1,100,1,279226,1,403941,1,118327,1,1477027,1,11091,1,363228,1,12935,4,306048,4,80194,4,232947,4,435907,8,629131,108,10500,24,3827,1,30138,1,2705,1,0,0,0,0,0,0,0,0,364355,1,23365,1,4569,1,7504,1,23966,1,221505,1,25850,1,4288,1,22453,1,31420,1,304886,1,17037,1,36,1,9559,1,4516,1,17073,1,9559,1,48,1,1240,1,1,1,0,1,0,1,5043,1,4516,1,0,0,198066,1,283437,1,816,1,816,1,0,1,108,1,2316,1,108,1,0,1,1,1,1,1,0,1,0,1,9,1,4,1,32,1,0,1,0,1,17037,1,0,1,0,1,2756,1,194981,1,8,1,8,1,0,1
352,2346500,4517,9559,28.990189,,0,11,9,108,29920,9278,29266,2316580,16,218,110,1,27132,1,40,1,269357,1,399698,1,119550,1,1489591,1,11101,1,370181,1,12524,4,305136,4,80455,4,232036,4,438853,8,631103,108,10520,24,3637,1,34757,1,2735,1,0,0,0,0,0,0,0,0,363007,1,20620,1,4459,1,7474,1,22042,1,214131,1,25289,1,4459,1,22533,1,31871,1,311128,1,17035,1,36,1,9559,1,4517,1,17071,1,9559,1,48,1,1240,1,1,1,0,1,0,1,5042,1,4517,1,0,0,191851,1,308880,1,816,1,816,1,0,1,108,1,2316,1,108,1,0,1,1,1,1,1,0,1,0,1,9,1,4,1,32,1,0,1,0,1,17035,1,0,1,0,1,1765,1,462,1,8,1,8,1,0,1
353,2317400,4518,9559,28.990189,,0,11,9,108,30558,9488,28855,2286842,16,218,30,1,27413,1,30,1,267374,1,398285,1,118668,1,1463932,1,11111,1,353990,1,12454,4,304805,4,80685,4,232547,4,433382,8,626714,108,10360,24,3897,1,29998,1,2685,1,0,0,0,0,0,0,0,0,360412,1,21822,1,4499,1,7184,1,21301,1,213159,1,25449,1,4278,1,23245,1,31701,1,294596,1,17035,1,36,1,9559,1,4518,1,17071,1,9559,1,48,1,1240,1,1,1,0,1,0,1,5041,1,4518,1,0,0,196143,1,303435,1,816,1,816,1,0,1,108,1,2316,1,108,1,0,1,1,1,1,1,0,1,0,1,9,1,4,1,32,1,0,1,0,1,17035,1,0,1,0,1,1897,1,187704,1,8,1,8,1,0,1
354,2330300,4518,9559,28.990189,,0,11,9,108,30693,9428,29025,2299607,16,218,60,1,27332,1,90,1,268997,1,406952,1,119329,1,1465625,1,11222,1,350553,1,12714,4,305587,4,80154,4,236234,4,430767,8,627596,108,10380,24,3657,1,33765,1,2765,1,0,0,0,0,0,0,0,0,370181,1,20800,1,4449,1,7284,1,22844,1,211426,1,27092,1,4398,1,22964,1,32252,1,290748,1,17036,1,36,1,9559,1,4518,1,17072,1,9559,1,48,1,1240,1,1,1,0,1,0,1,5040,1,4519,1,0,0,190943,1,306174,1,816,1,816,1,0,1,108,1,2316,1,108,1,0,1,1,1,1,1,0,1,0,1,9,1,4,1,32,1,0,1,0,1,17036,1,1,1,0,1,2161,1,213411,1,8,1,8,1,0,1
355,2329300,4519,9559,28.990189,,0,11,9,108,30645,9188,28463,2298655,16,218,50,1,27864,1,40,1,264849,1,404337,1,119760,1,1470865,1,10891,1,348529,1,12534,4,309675,4,80254,4,236905,4,439053,8,636905,108,10590,24,3927,1,28084,1,2715,1,0,0,0,0,0,0,0,0,366153,1,21942,1,4569,1,7154,1,21992,1,209773,1,25539,1,4759,1,23044,1,32512,1,288053,1,17036,1,36,1,9559,1,4519,1,17072,1,9559,1,48,1,1240,1,1,1,0,1,0,1,5039,1,4520,1,0,0,201680,1,343200,1,816,1,816,1,0,1,108,1,2316,1,108,1,0,1,1,1,1,1,0,1,0,1,9,1,4,1,32,1,0,1,0,1,17036,1,0,1,0,1,2458,1,22539,1,8,1,8,1,0,1
356,2342300,4518,9559,28.990189,,0,11,9,108,32273,9118,28595,2310027,16,218,110,1,27302,1,70,1,264378,1,409286,1,119229,1,1478460,1,11191,1,355192,1,12304,4,307200,4,80635,4,235112,4,436959,8,632976,108,10500,24,3667,1,35518,1,2755,1,0,0,0,0,0,0,0,0,371724,1,21381,1,4539,1,7354,1,21581,1,209593,1,25589,1,4408,1,22904,1,31781,1,295928,1,17035,1,36,1,9559,1,4518,1,17071,1,9559,1,48,1,1240,1,1,1,0,1,0,1,5039,1,4520,1,0,0,198584,1,323202,1,816,1,816,1,0,1,108,1,2316,1,108,1,0,1,1,1,1,1,0,1,0,1,9,1,4,1,32,1,0,1,0,1,17035,1,0,1,0,1,2755,1,215424,1,8,1,8,1,0,1
357,2332800,4519,9559,28.990189,,0,11,9,108,30828,9519,30128,2301972,16,218,70,1,27693,1,40,1,264749,1,401661,1,119229,1,1477728,1,10801,1,345974,1,14378,4,308242,4,80104,4,247646,4,435006,8,642003,108,10520,24,3637,1,30479,1,2745,1,0,0,0,0,0,0,0,0,365642,1,20109,1,4499,1,7394,1,22323,1,209082,1,25589,1,4388,1,22573,1,32392,1,286410,1,17038,1,36,1,9559,1,4519,1,17074,1,9559,1,48,1,1240,1,1,1,0,1,0,1,5040,1,4519,1,0,0,199932,1,362208,1,816,1,816,1,0,1,108,1,2316,1,108,1,0,1,1,1,1,1,0,1,0,1,9,1,4,1,32,1,0,1,0,1,17038,1,0,1,0,1,2161,1,21780,1,8,1,8,1,0,1
358,2426400,4520,9559,28.990189,,0,11,9,108,31430,9228,29607,2394970,16,218,170,1,26671,1,30,1,265630,1,409497,1,119389,1,1562742,1,10841,1,427611,1,12594,4,307400,4,81046,4,235623,4,443101,8,634158,108,14959,24,3677,1,39746,1,2715,1,0,0,0,0,0,0,0,0,370462,1,22924,1,4599,1,7324,1,22343,1,209883,1,25709,1,4328,1,22694,1,32132,1,368257,1,17033,1,44,1,9559,1,4520,1,17077,1,9559,1,48,1,1240,1,1,1,0,1,0,1,5039,1,4520,1,0,0,212445,1,299937,1,816,1,816,1,0,1,108,1,2316,1,108,1,0,1,1,1,1,1,0,1,0,1,9,1,4,1,40,1,0,1,0,1,17033,1,0,1,0,1,2029,1,29865,1,8,1,8,1,0,1
359,2461200,4521,9559,28.990189,,0,11,9,108,33026,9709,31470,2428174,16,218,90,1,27292,1,30,1,264548,1,417281,1,121734,1,1586357,1,10841,1,390380,1,12995,4,306158,4,80254,4,266662,4,481014,8,701178,108,15029,24,3687,1,32643,1,2855,1,0,0,0,0,0,0,0,0,378627,1,22493,1,4549,1,6993,1,20780,1,210414,1,26050,1,4439,1,22964,1,31010,1,331577,1,17035,1,44,1,9559,1,4521,1,17079,1,9559,1,48,1,1240,1,1,1,0,1,0,1,5038,1,4521,1,0,0,213111,1,404976,1,816,1,816,1,0,1,108,1,2316,1,108,1,0,1,1,1,1,1,0,1,0,1,9,1,4,1,40,1,0,1,0,1,17035,1,0,1,0,1,2524,1,49269,1,8,1,8,1,0,1
360,2426000,4521,9559,28.990189,,0,11,9,108,31411,11282,29486,2394589,16,218,130,1,26842,1,100,1,265490,1,415268,1,122175,1,1553504,1,11081,1,400690,1,12775,4,305066,4,80525,4,256703,4,439685,8,651863,108,15039,24,3687,1,40408,1,2685,1,0,0,0,0,0,0,0,0,374469,1,24547,1,4549,1,7194,1,21822,1,210484,1,25399,1,4639,1,22393,1,32032,1,341436,1,17035,1,44,1,9559,1,4521,1,17079,1,9559,1,48,1,1240,1,1,1,0,1,0,1,5038,1,4521,1,0,0,201485,1,379137,1,816,1,816,1,0,1,108,1,2316,1,108,1,0,1,1,1,1,1,0,1,0,1,9,1,4,1,40,1,0,1,0,1,17035,1,1,1,0,1,2359,1,27225,1,8,1,8,1,0,1
361,2374800,4521,9559,28.990189,,0,11,9,108,30207,9519,28645,2344593,16,218,150,1,27964,1,100,1,265750,1,416740,1,121744,1,1500973,1,11171,1,373227,1,12684,4,306879,4,80625,4,236905,4,444494,8,637805,108,14949,24,4068,1,29777,1,2795,1,0,0,0,0,0,0,0,0,378417,1,22523,1,4378,1,7023,1,22333,1,210384,1,25709,1,4689,1,22553,1,31881,1,313873,1,17038,1,44,1,9559,1,4521,1,17082,1,9559,1,48,1,1240,1,1,1,0,1,0,1,5038,1,4521,1,0,0,202653,1,353265,1,816,1,816,1,0,1,108,1,2316,1,108,1,0,1,1,1,1,1,0,1,0,1,9,1,4,1,40,1,0,1,0,1,17038,1,1,1,0,1,3267,1,30063,1,8,1,8,1,0,1
362,2372400,4521,9559,28.990189,,0,11,9,108,33457,10099,29635,2338943,16,218,20,1,27453,1,40,1,266281,1,401702,1,118738,1,1513587,1,11121,1,366885,1,12775,4,306879,4,81336,4,232126,4,456166,8,643137,108,15520,24,6653,1,37883,1,2785,1,0,0,0,0,0,0,0,0,364550,1,21321,1,4519,1,7534,1,22163,1,210755,1,25559,1,4509,1,22283,1,31981,1,307921,1,17033,1,44,1,9559,1,4521,1,17077,1,9559,1,48,1,1240,1,1,1,0,1,0,1,5038,1,4521,1,0,0,207470,1,315810,1,816,1,816,1,0,1,108,1,2316,1,108,1,0,1,1,1,1,1,0,1,0,1,9,1,4,1,40,1,0,1,0,1,17033,1,1,1,0,1,2095,1,363,1,8,1,8,1,0,1
363,2664400,4521,9559,28.990189,,0,11,9,108,35140,12354,36708,2629260,16,218,10,1,27282,1,40,1,265480,1,506513,1,122385,1,1696308,1,11242,1,388376,1,14758,4,316748,4,82308,4,264107,4,574183,8,784119,108,17464,24,7755,1,32853,1,2866,1,0,0,0,0,0,0,0,0,462759,1,26992,1,4408,1,7434,1,21772,1,210314,1,25589,1,3787,1,22784,1,30699,1,330916,1,17035,1,44,1,9559,1,4521,1,17079,1,9559,1,48,1,1240,1,1,1,0,1,0,1,5038,1,4521,1,0,0,230881,1,535821,1,816,1,816,1,0,1,108,1,2316,1,108,1,0,1,1,1,1,1,0,1,0,1,9,1,4,1,40,1,0,1,0,1,17035,1,1,1,0,1,4174,1,146487,1,8,1,8,1,0,1
364,2494200,4521,9559,28.990189,,0,11,9,108,32983,11973,29547,2461217,16,218,150,1,27262,1,120,1,271792,1,462579,1,122185,1,1566078,1,11051,1,425407,1,12965,4,308152,4,80565,4,242446,4,434505,8,632374,108,15029,24,3897,1,43413,1,2755,1,0,0,0,0,0,0,0,0,416099,1,28405,1,4549,1,7755,1,22443,1,214913,1,26100,1,3637,1,22102,1,30819,1,368678,1,17033,1,44,1,9559,1,4521,1,17077,1,9559,1,48,1,1240,1,1,1,0,1,0,1,5038,1,4521,1,0,0,191720,1,315612,1,816,1,816,1,0,1,108,1,2316,1,108,1,0,1,1,1,1,1,0,1,0,1,9,1,4,1,40,1,0,1,0,1,17033,1,1,1,0,1,2920,1,118602,1,8,1,8,1,0,1
365,2394900,4521,9559,28.990189,,0,11,9,108,31510,10170,28846,2363390,16,218,30,1,27373,1,50,1,268937,1,412182,1,121022,1,1523085,1,10711,1,405329,1,12494,4,305016,4,80234,4,232487,4,439795,8,628507,108,14929,24,3727,1,31060,1,2775,1,0,0,0,0,0,0,0,0,373267,1,22263,1,4398,1,7655,1,22453,1,212889,1,25569,1,4479,1,22213,1,32082,1,346355,1,17034,1,44,1,9559,1,4521,1,17078,1,9559,1,48,1,1240,1,1,1,0,1,0,1,5038,1,4521,1,0,0,198238,1,298419,1,815,1,815,1,0,1,108,1,2316,1,108,1,0,1,1,1,1,1,0,1,0,1,9,1,4,1,40,1,0,1,0,1,17034,1,1,1,0,1,2392,1,21021,1,8,1,8,1,0,1
366,2376400,4521,9559,28.990189,,0,11,9,108,30975,12394,29116,2345425,16,218,90,1,27062,1,40,1,267203,1,412462,1,121724,1,1506093,1,10751,1,369199,1,12554,4,305006,4,80254,4,242656,4,439484,8,638086,108,14939,24,3717,1,38123,1,2705,1,0,0,0,0,0,0,0,0,376583,1,19898,1,4509,1,7675,1,21982,1,210975,1,26240,1,4368,1,22323,1,31721,1,310577,1,17033,1,44,1,9559,1,4521,1,17077,1,9559,1,48,1,1240,1,1,1,0,1,0,1,5038,1,4521,1,0,0,205310,1,335379,1,816,1,816,1,0,1,108,1,2316,1,108,1,0,1,1,1,1,1,0,1,0,1,9,1,4,1,40,1,0,1,0,1,17033,1,1,1,0,1,2245,1,627,1,8,1,8,1,0,1
367,2344900,4521,9559,28.990189,,0,11,9,108,31907,10340,28895,2312993,16,218,10,1,26561,1,40,1,265891,1,407793,1,121143,1,1480804,1,10751,1,363268,1,12835,4,303563,4,80044,4,231725,4,443322,8,631374,108,14778,24,3737,1,29256,1,2715,1,0,0,0,0,0,0,0,0,370001,1,21922,1,4469,1,7284,1,22012,1,210124,1,26150,1,4198,1,22062,1,31000,1,305817,1,17035,1,44,1,9559,1,4521,1,17079,1,9559,1,48,1,1240,1,1,1,0,1,0,1,5038,1,4521,1,0,0,199240,1,317724,1,816,1,816,1,0,1,108,1,2316,1,108,1,0,1,1,1,1,1,0,1,0,1,9,1,4,1,40,1,0,1,0,1,17035,1,1,1,0,1,1996,1,627,1,8,1,8,1,0,1
368,2329400,4521,9559,28.990187,,0,11,9,108,30925,10420,28926,2298475,16,218,100,1,26521,1,40,1,265039,1,395269,1,117756,1,1482838,1,10911,1,362867,1,12093,4,306759,4,79593,4,234571,4,433733,8,624389,108,14988,24,3767,1,36310,1,2725,1,0,0,0,0,0,0,0,0,358759,1,20439,1,4579,1,7013,1,22203,1,209733,1,25790,1,4739,1,22022,1,31941,1,303974,1,17033,1,44,1,9559,1,4521,1,17077,1,9559,1,48,1,1240,1,1,1,0,1,0,1,5038,1,4521,1,0,0,196305,1,295449,1,816,1,816,1,0,1,108,1,2316,1,108,1,0,1,1,1,1,1,0,1,0,1,9,1,4,1,40,1,0,1,0,1,17033,1,1,1,0,1,2128,1,462,1,8,1,8,1,0,1
369,2314300,4520,9559,28.990185,,0,11,9,108,30844,9508,29025,2283456,16,218,100,1,27062,1,40,1,263206,1,397584,1,117516,1,1466857,1,11091,1,363839,1,12805,4,305928,4,80204,4,229170,4,430748,8,620372,108,10520,24,3897,1,28054,1,2705,1,0,0,0,0,0,0,0,0,359741,1,21521,1,4429,1,6613,1,22163,1,208831,1,25339,1,4378,1,22924,1,32022,1,304315,1,17043,1,36,1,9559,1,4520,1,17079,1,9559,1,48,1,1240,1,1,1,0,1,0,1,5038,1,4521,1,0,0,195314,1,286242,1,816,1,816,1,0,1,108,1,2316,1,108,1,0,1,1,1,1,1,0,1,0,1,9,1,4,1,32,1,0,1,0,1,17043,1,0,1,0,1,2095,1,495,1,8,1,8,1,0,1
370,2383800,4520,9559,28.990189,,0,11,9,108,32203,9709,28374,2351597,16,218,30,1,26882,1,70,1,261512,1,437500,1,120271,1,1494591,1,10741,1,381964,1,12825,4,303543,4,79362,4,233218,4,428874,8,623298,108,10420,24,3727,1,38654,1,2715,1,0,0,0,0,0,0,0,0,398495,1,22533,1,4499,1,6242,1,21010,1,208450,1,25479,1,3958,1,22613,1,31000,1,324173,1,17043,1,36,1,9559,1,4520,1,17079,1,9559,1,48,1,1240,1,1,1,0,1,0,1,5039,1,4520,1,0,0,198393,1,339141,1,816,1,816,1,0,1,108,1,2316,1,108,1,0,1,1,1,1,1,0,1,0,1,9,1,4,1,32,1,0,1,0,1,17043,1,1,1,0,1,2161,1,134574,1,8,1,8,1,0,1
371,2314700,4520,9559,28.990189,,0,11,9,108,30613,9649,29055,2284087,16,218,70,1,26852,1,50,1,261252,1,395920,1,119349,1,1469833,1,10761,1,364831,1,13105,4,305827,4,79703,4,230142,4,431308,8,621815,108,10580,24,3607,1,28956,1,2705,1,0,0,0,0,0,0,0,0,358879,1,21191,1,4539,1,6543,1,21551,1,207529,1,25349,1,4749,1,22153,1,31761,1,305978,1,17039,1,36,1,9559,1,4520,1,17075,1,9559,1,48,1,1240,1,1,1,0,1,0,1,5039,1,4520,1,0,0,194935,1,296934,1,816,1,816,1,0,1,108,1,2316,1,108,1,0,1,1,1,1,1,0,1,0,1,9,1,4,1,32,1,0,1,0,1,17039,1,1,1,0,1,1963,1,594,1,8,1,8,1,0,1
372,2329500,4520,9559,28.990189,,0,11,9,108,31516,9949,28564,2297984,16,218,150,1,27212,1,50,1,262564,1,406431,1,121073,1,1469723,1,10781,1,351355,1,12324,4,303824,4,80154,4,233829,4,436649,8,631293,108,10620,24,3607,1,35298,1,2735,1,0,0,0,0,0,0,0,0,369660,1,20680,1,4759,1,6763,1,21561,1,206857,1,27122,1,4368,1,22032,1,31470,1,293293,1,17037,1,36,1,9559,1,4520,1,17073,1,9559,1,48,1,1240,1,1,1,0,1,0,1,5039,1,4520,1,0,0,199459,1,322443,1,816,1,816,1,0,1,108,1,2316,1,108,1,0,1,1,1,1,1,0,1,0,1,9,1,4,1,32,1,0,1,0,1,17037,1,1,1,0,1,2392,1,224004,1,8,1,8,1,0,1
373,2305700,4520,9559,28.990189,,0,11,9,108,30770,10089,28333,2274930,16,218,150,1,27503,1,30,1,261933,1,404888,1,117385,1,1452109,1,10931,1,346796,1,12554,4,304415,4,79483,4,230172,4,433803,8,625262,108,10380,24,3617,1,28475,1,2705,1,0,0,0,0,0,0,0,0,366825,1,22173,1,4559,1,6813,1,21652,1,205966,1,27212,1,3938,1,21872,1,32342,1,288434,1,17034,1,36,1,9559,1,4520,1,17070,1,9559,1,48,1,1240,1,1,1,0,1,0,1,5039,1,4520,1,0,0,192277,1,279807,1,816,1,816,1,0,1,108,1,2316,1,108,1,0,1,1,1,1,1,0,1,0,1,9,1,4,1,32,1,0,1,0,1,17034,1,1,1,0,1,2458,1,46728,1,8,1,8,1,0,1
374,2304000,4520,9559,28.990189,,0,11,9,108,29862,9959,28664,2274138,16,218,50,1,27102,1,70,1,261071,1,396191,1,120471,1,1458251,1,10931,1,346946,1,12454,4,306288,4,79883,4,234170,4,429244,8,624381,108,10370,24,3627,1,32943,1,2735,1,0,0,0,0,0,0,0,0,360292,1,20289,1,4398,1,7434,1,21972,1,206076,1,25289,1,4198,1,22293,1,31501,1,288735,1,17032,1,36,1,9559,1,4520,1,17068,1,9559,1,48,1,1240,1,1,1,0,1,0,1,5039,1,4520,1,0,0,192800,1,311619,1,816,1,816,1,0,1,108,1,2316,1,108,1,0,1,1,1,1,1,0,1,0,1,9,1,4,1,32,1,0,1,0,1,17032,1,1,1,0,1,2260,1,561,1,8,1,8,1,0,1
375,2294800,4520,9559,28.990189,,0,11,9,108,31152,9899,28434,2263648,16,218,100,1,27212,1,40,1,261933,1,396101,1,119610,1,1447580,1,11071,1,340644,1,12744,4,306038,4,80024,4,228649,4,436098,8,625632,108,10681,24,3607,1,27202,1,2675,1,0,0,0,0,0,0,0,0,359501,1,20780,1,4529,1,7164,1,21171,1,208180,1,25148,1,4609,1,22042,1,31841,1,281962,1,17032,1,36,1,9559,1,4520,1,17068,1,9559,1,48,1,1240,1,1,1,0,1,0,1,5039,1,4520,1,0,0,192834,1,310233,1,816,1,816,1,0,1,108,1,2316,1,108,1,0,1,1,1,1,1,0,1,0,1,9,1,4,1,32,1,0,1,0,1,17032,1,1,1,0,1,2557,1,17424,1,8,1,8,1,0,1
376,2520700,4520,9559,28.990189,,0,11,9,108,31629,9999,36135,2489071,16,218,90,1,27042,1,40,1,259498,1,399077,1,120401,1,1672082,1,10841,1,348800,1,13306,4,332749,4,81206,4,281270,4,546420,8,779402,108,12153,24,7795,1,47591,1,2946,1,0,0,0,0,0,0,0,0,361855,1,21411,1,4378,1,6563,1,20549,1,206386,1,25719,1,4639,1,22092,1,32032,1,289817,1,17035,1,36,1,9559,1,4520,1,17071,1,9559,1,48,1,1240,1,1,1,0,1,0,1,5039,1,4520,1,0,0,216718,1,477246,1,799,1,799,1,0,1,108,1,2316,1,108,1,0,1,1,1,1,1,0,1,0,1,9,1,4,1,32,1,0,1,0,1,17035,1,1,1,0,1,1699,1,194799,1,8,1,8,1,0,1
377,2503200,4520,9559,28.990189,,0,11,9,108,33035,9969,29727,2470165,16,218,240,1,27222,1,210,1,269678,1,480884,1,121824,1,1559145,1,10961,1,437139,1,13255,4,310166,4,80014,4,230162,4,433944,8,623898,108,10480,24,3928,1,37863,1,2705,1,0,0,0,0,0,0,0,0,426770,1,35819,1,4529,1,7204,1,22133,1,214111,1,25679,1,4418,1,22543,1,31120,1,378677,1,17035,1,36,1,9559,1,4520,1,17071,1,9559,1,48,1,1240,1,1,1,0,1,0,1,5039,1,4520,1,0,0,198756,1,286572,1,816,1,816,1,0,1,108,1,2316,1,108,1,0,1,1,1,1,1,0,1,0,1,9,1,4,1,32,1,0,1,0,1,17035,1,1,1,0,1,2557,1,189057,1,8,1,8,1,0,1
378,2358200,4520,9559,28.990189,,0,11,9,108,30740,10220,28324,2327460,16,218,60,1,27112,1,60,1,267624,1,401110,1,117446,1,1502977,1,11071,1,383306,1,12544,4,303453,4,79483,4,233879,4,434304,8,629269,108,10590,24,3887,1,39165,1,2735,1,0,0,0,0,0,0,0,0,364039,1,21241,1,4398,1,6803,1,22864,1,211907,1,25729,1,4539,1,22764,1,31300,1,324483,1,17035,1,36,1,9559,1,4520,1,17071,1,9559,1,48,1,1240,1,1,1,0,1,0,1,5039,1,4520,1,0,0,197360,1,306372,1,816,1,816,1,0,1,108,1,2316,1,108,1,0,1,1,1,1,1,0,1,0,1,9,1,4,1,32,1,0,1,0,1,17035,1,1,1,0,1,2326,1,13992,1,8,1,8,1,0,1
379,2335400,4520,9559,28.990189,,0,11,9,108,30272,10049,28494,2305128,16,218,110,1,27513,1,30,1,263927,1,403575,1,118207,1,1480674,1,11091,1,372395,1,13025,4,303964,4,80124,4,232106,4,431288,8,624481,108,10420,24,3807,1,31200,1,2715,1,0,0,0,0,0,0,0,0,364400,1,23054,1,4579,1,7003,1,21942,1,209282,1,25389,1,4248,1,22133,1,31440,1,314384,1,17037,1,36,1,9559,1,4520,1,17073,1,9559,1,48,1,1240,1,1,1,0,1,0,1,5039,1,4520,1,0,0,188015,1,308253,1,816,1,816,1,0,1,108,1,2316,1,108,1,0,1,1,1,1,1,0,1,0,1,9,1,4,1,32,1,0,1,0,1,17037,1,1,1,0,1,2194,1,186153,1,8,1,8,1,0,1
380,2332000,4521,9559,28.990189,,0,11,9,108,30730,9168,28305,2301270,16,218,30,1,26992,1,60,1,262584,1,398185,1,119419,1,1482958,1,11041,1,372075,1,14448,4,303503,4,79603,4,230643,4,431238,8,623137,108,10440,24,3707,1,35879,1,2695,1,0,0,0,0,0,0,0,0,361665,1,20890,1,4439,1,7034,1,22092,1,208070,1,25128,1,4378,1,22253,1,31741,1,313522,1,17038,1,36,1,9559,1,4521,1,17074,1,9559,1,48,1,1240,1,1,1,0,1,0,1,5038,1,4521,1,0,0,195911,1,300366,1,816,1,816,1,0,1,108,1,2316,1,108,1,0,1,1,1,1,1,0,1,0,1,9,1,4,1,32,1,0,1,0,1,17038,1,0,1,0,1,1897,1,627,1,8,1,8,1,0,1
381,2311600,4521,9559,28.990189,,0,11,9,108,30138,10280,28484,2281462,16,218,90,1,27042,1,30,1,261693,1,408114,1,117456,1,1455957,1,11081,1,349200,1,12233,4,304355,4,79703,4,231815,4,433743,8,626734,108,10340,24,3627,1,28284,1,2715,1,0,0,0,0,0,0,0,0,370061,1,22252,1,4418,1,7334,1,21361,1,207408,1,25269,1,4459,1,21992,1,31380,1,291169,1,17039,1,36,1,9559,1,4521,1,17075,1,9559,1,48,1,1240,1,1,1,0,1,0,1,5038,1,4521,1,0,0,193873,1,326832,1,816,1,816,1,0,1,108,1,2316,1,108,1,0,1,1,1,1,1,0,1,0,1,9,1,4,1,32,1,0,1,0,1,17039,1,1,1,0,1,2410,1,147939,1,8,1,8,1,0,1
382,2323700,4521,9559,28.990189,,0,11,9,108,30515,9899,28774,2293185,16,218,40,1,27272,1,40,1,262564,1,402283,1,119209,1,1470384,1,11392,1,352237,1,12664,4,304345,4,79853,4,233859,4,435687,8,630222,108,10550,24,3627,1,35448,1,2765,1,0,0,0,0,0,0,0,0,364480,1,22012,1,4368,1,7735,1,22133,1,207178,1,25238,1,4749,1,22022,1,31521,1,293774,1,17038,1,36,1,9559,1,4521,1,17074,1,9559,1,48,1,1240,1,1,1,0,1,0,1,5038,1,4521,1,0,0,198920,1,319143,1,816,1,816,1,0,1,108,1,2316,1,108,1,0,1,1,1,1,1,0,1,0,1,9,1,4,1,32,1,0,1,0,1,17038,1,1,1,0,1,2392,1,200013,1,8,1,8,1,0,1
383,2521400,4521,9559,28.990189,,0,11,9,108,38160,7986,35314,2483240,16,218,10,1,41630,1,30,1,277453,1,453651,1,121123,1,1578292,1,11051,1,392484,1,13556,4,309024,4,84953,4,252946,4,473259,8,678386,108,12504,24,7565,1,33685,1,2835,1,0,0,0,0,0,0,0,0,405499,1,31511,1,4649,1,9558,1,29767,1,212208,1,25559,1,5180,1,21141,1,30869,1,334523,1,17039,1,36,1,9559,1,4521,1,17075,1,9559,1,48,1,1240,1,1,1,0,1,0,1,5038,1,4521,1,0,0,212787,1,292281,1,816,1,816,1,0,1,108,1,2316,1,108,1,0,1,1,1,1,1,0,1,0,1,9,1,4,1,32,1,0,1,0,1,17039,1,1,1,0,1,2789,1,109461,1,8,1,8,1,0,1
384,2431600,4521,9559,28.990189,,0,11,9,108,31059,9809,30027,2400541,16,218,190,1,27032,1,40,1,262945,1,443091,1,118558,1,1537754,1,10931,1,393716,1,12674,4,306399,4,80304,4,239710,4,446518,8,645641,108,10560,24,3667,1,42141,1,2815,1,0,0,0,0,0,0,0,0,402583,1,23896,1,4609,1,7244,1,21191,1,209252,1,24998,1,3817,1,22603,1,31310,1,335695,1,17035,1,36,1,9559,1,4521,1,17071,1,9559,1,48,1,1240,1,1,1,0,1,0,1,5038,1,4521,1,0,0,200710,1,315942,1,816,1,816,1,0,1,108,1,2316,1,108,1,0,1,1,1,1,1,0,1,0,1,9,1,4,1,32,1,0,1,0,1,17035,1,1,1,0,1,2591,1,131670,1,8,1,8,1,0,1
385,2355100,4521,9559,28.990189,,0,11,9,108,31547,11021,28755,2323553,16,218,110,1,27262,1,40,1,263857,1,402583,1,118498,1,1500272,1,10931,1,388075,1,12464,4,304805,4,79833,4,232877,4,435146,8,628848,108,10420,24,3667,1,29637,1,2745,1,0,0,0,0,0,0,0,0,363699,1,22834,1,4459,1,7044,1,21521,1,209663,1,25279,1,4439,1,22353,1,32092,1,329012,1,17034,1,36,1,9559,1,4521,1,17070,1,9559,1,48,1,1240,1,1,1,0,1,0,1,5038,1,4521,1,0,0,192281,1,310860,1,816,1,816,1,0,1,108,1,2316,1,108,1,0,1,1,1,1,1,0,1,0,1,9,1,4,1,32,1,0,1,0,1,17034,1,1,1,0,1,2887,1,5841,1,8,1,8,1,0,1
386,2333200,4520,9559,28.990189,,0,11,9,108,30808,9228,28846,2302392,16,218,120,1,27543,1,40,1,262043,1,397964,1,118177,1,1485453,1,11051,1,366404,1,12274,4,307410,4,80294,4,232787,4,435326,8,628647,108,10620,24,3647,1,35378,1,2705,1,0,0,0,0,0,0,0,0,361404,1,20590,1,4519,1,7254,1,22173,1,206807,1,25559,1,4378,1,22924,1,31931,1,306970,1,17032,1,36,1,9559,1,4520,1,17068,1,9559,1,48,1,1240,1,1,1,0,1,0,1,5038,1,4521,1,0,0,194613,1,303303,1,816,1,816,1,0,1,108,1,2316,1,108,1,0,1,1,1,1,1,0,1,0,1,9,1,4,1,32,1,0,1,0,1,17032,1,0,1,0,1,1798,1,594,1,8,1,8,1,0,1
387,2327000,4520,9559,28.990189,,0,11,9,108,30549,10099,28515,2296451,16,218,200,1,27723,1,50,1,266472,1,405439,1,119680,1,1466086,1,10801,1,355633,1,12304,4,305126,4,80404,4,233408,4,434094,8,628407,108,10580,24,3647,1,28655,1,2715,1,0,0,0,0,0,0,0,0,368237,1,21111,1,4599,1,6853,1,22173,1,207699,1,29477,1,4699,1,22553,1,31450,1,296750,1,17041,1,36,1,9559,1,4520,1,17077,1,9559,1,48,1,1240,1,1,1,0,1,0,1,5039,1,4520,1,0,0,197196,1,308847,1,816,1,816,1,0,1,108,1,2316,1,108,1,0,1,1,1,1,1,0,1,0,1,9,1,4,1,32,1,0,1,0,1,17041,1,1,1,0,1,1963,1,49203,1,8,1,8,1,0,1
388,2323600,4520,9559,28.990189,,0,11,9,108,31267,12264,28856,2292333,16,218,180,1,27463,1,40,1,261272,1,405850,1,121113,1,1465605,1,10811,1,350633,1,12544,4,303383,4,79883,4,233128,4,432721,8,626513,108,10480,24,3637,1,34637,1,2775,1,0,0,0,0,0,0,0,0,368408,1,21311,1,4599,1,6693,1,21111,1,207939,1,25248,1,4509,1,22102,1,31891,1,291941,1,17036,1,36,1,9559,1,4520,1,17072,1,9559,1,48,1,1240,1,1,1,0,1,0,1,5039,1,4520,1,0,0,197083,1,311223,1,816,1,816,1,0,1,108,1,2316,1,108,1,0,1,1,1,1,1,0,1,0,1,9,1,4,1,32,1,0,1,0,1,17036,1,1,1,0,1,1882,1,49764,1,8,1,8,1,0,1
389,2332600,4520,9559,28.990189,,0,11,9,108,30087,10049,29566,2302513,16,218,170,1,26952,1,90,1,260070,1,397704,1,120461,1,1486014,1,11051,1,364029,1,12664,4,308152,4,80034,4,236234,4,437480,8,633608,108,10540,24,3617,1,31050,1,2705,1,0,0,0,0,0,0,0,0,360442,1,21201,1,4469,1,6482,1,21672,1,206366,1,25238,1,4328,1,22443,1,31701,1,305367,1,17035,1,36,1,9559,1,4520,1,17071,1,9559,1,48,1,1240,1,1,1,0,1,0,1,5039,1,4520,1,0,0,196534,1,342639,1,816,1,816,1,0,1,108,1,2316,1,108,1,0,1,1,1,1,1,0,1,0,1,9,1,4,1,32,1,0,1,0,1,17035,1,1,1,0,1,2194,1,1947,1,8,1,8,1,0,1
390,2390600,4521,9559,28.990189,,0,11,9,108,30928,9138,28865,2359672,16,218,60,1,28184,1,40,1,261913,1,406521,1,118317,1,1533636,1,11001,1,411440,1,13125,4,303703,4,80374,4,234050,4,435627,8,630341,108,10470,24,3637,1,39847,1,2695,1,0,0,0,0,0,0,0,0,366985,1,23255,1,4599,1,7034,1,22052,1,206867,1,25679,1,4459,1,23175,1,31781,1,351836,1,17036,1,36,1,9559,1,4521,1,17072,1,9559,1,48,1,1240,1,1,1,0,1,0,1,5038,1,4521,1,0,0,193252,1,323499,1,816,1,816,1,0,1,108,1,2316,1,108,1,0,1,1,1,1,1,0,1,0,1,9,1,4,1,32,1,0,1,0,1,17036,1,0,1,0,1,2062,1,149028,1,8,1,8,1,0,1
391,2325600,4521,9559,28.990189,,0,11,9,108,30361,10661,28905,2295239,16,218,90,1,27122,1,40,1,264217,1,399928,1,121513,1,1471506,1,10821,1,361003,1,14748,4,304896,4,79883,4,232136,4,432942,8,625693,108,10480,24,3677,1,28855,1,2705,1,0,0,0,0,0,0,0,0,362386,1,21431,1,4519,1,7104,1,21952,1,207669,1,27182,1,5150,1,22403,1,32182,1,301068,1,17038,1,36,1,9559,1,4521,1,17074,1,9559,1,48,1,1240,1,1,1,0,1,0,1,5038,1,4521,1,0,0,196053,1,275979,1,816,1,816,1,0,1,108,1,2316,1,108,1,0,1,1,1,1,1,0,1,0,1,9,1,4,1,32,1,0,1,0,1,17038,1,1,1,0,1,2062,1,9339,1,8,1,8,1,0,1
392,2335700,4521,9559,28.990189,,0,11,9,108,30883,10170,29375,2304817,16,218,120,1,27393,1,40,1,262594,1,399127,1,120652,1,1483880,1,11011,1,352186,1,12394,4,304745,4,84132,4,244109,4,434294,8,638278,108,10751,24,3617,1,35528,1,2705,1,0,0,0,0,0,0,0,0,362677,1,20309,1,4569,1,6963,1,22143,1,207879,1,25299,1,4849,1,22303,1,32362,1,292482,1,17037,1,36,1,9559,1,4521,1,17073,1,9559,1,48,1,1240,1,1,1,0,1,0,1,5038,1,4521,1,0,0,198826,1,345807,1,814,1,814,1,0,1,108,1,2316,1,108,1,0,1,1,1,1,1,0,1,0,1,9,1,4,1,32,1,0,1,0,1,17037,1,1,1,0,1,2062,1,168564,1,8,1,8,1,0,1
393,2323900,4521,9559,28.990189,,0,11,9,108,32058,13566,28775,2291842,16,218,240,1,27162,1,40,1,263276,1,400559,1,121233,1,1467879,1,11452,1,353669,1,12624,4,304685,4,80144,4,235162,4,432140,8,628017,108,10510,24,3717,1,29467,1,2705,1,0,0,0,0,0,0,0,0,362787,1,21762,1,4519,1,7104,1,21581,1,208861,1,25389,1,4449,1,22513,1,31891,1,294636,1,17037,1,36,1,9559,1,4521,1,17073,1,9559,1,48,1,1240,1,1,1,0,1,0,1,5038,1,4521,1,0,0,193229,1,316932,1,816,1,816,1,0,1,108,1,2316,1,108,1,0,1,1,1,1,1,0,1,0,1,9,1,4,1,32,1,0,1,0,1,17037,1,1,1,1,1,1732,1,154638,1,8,1,8,1,0,1
394,2387600,4521,9559,28.990189,,0,11,9,108,31965,10270,31879,2355635,16,218,20,1,27202,1,50,1,264889,1,400209,1,121333,1,1530850,1,11081,1,344943,1,13245,4,307310,4,82098,4,252355,4,467889,8,676923,108,11442,24,7605,1,42241,1,2896,1,0,0,0,0,0,0,0,0,363929,1,20379,1,4479,1,7134,1,22082,1,209883,1,25429,1,4388,1,22022,1,32272,1,286079,1,17037,1,36,1,9559,1,4521,1,17073,1,9559,1,48,1,1240,1,1,1,0,1,0,1,5038,1,4521,1,0,0,204149,1,363099,1,816,1,816,1,0,1,108,1,2316,1,108,1,0,1,1,1,1,1,0,1,0,1,9,1,4,1,32,1,0,1,0,1,17037,1,1,1,0,1,2458,1,10329,1,8,1,8,1,0,1
395,2497100,4520,9559,28.990189,,0,11,9,108,34650,9789,30337,2462450,16,218,140,1,26771,1,40,1,271441,1,461516,1,123387,1,1568332,1,10821,1,420848,1,13546,4,308012,4,80024,4,233939,4,457549,8,650170,108,10981,24,3697,1,37763,1,3166,1,0,0,0,0,0,0,0,0,408204,1,34616,1,4779,1,7074,1,22122,1,215754,1,25970,1,4098,1,23154,1,31420,1,361895,1,17037,1,36,1,9559,1,4520,1,17073,1,9559,1,48,1,1240,1,1,1,0,1,0,1,5038,1,4521,1,0,0,202081,1,339570,1,812,1,812,1,0,1,108,1,2316,1,108,1,0,1,1,1,1,1,0,1,0,1,9,1,4,1,32,1,0,1,0,1,17037,1,0,1,0,1,2491,1,55704,1,8,1,8,1,0,1
396,2438800,4520,9559,28.990189,,0,11,9,108,32949,10320,28905,2405851,16,218,140,1,26892,1,50,1,271311,1,422722,1,121604,1,1550188,1,12945,1,420758,1,12805,4,305357,4,80104,4,234240,4,438833,8,633828,108,10340,24,3757,1,41269,1,2745,1,0,0,0,0,0,0,0,0,380731,1,24727,1,4609,1,7084,1,22333,1,215574,1,25689,1,4558,1,22303,1,31851,1,361875,1,17037,1,36,1,9559,1,4520,1,17073,1,9559,1,48,1,1240,1,1,1,0,1,0,1,5039,1,4520,1,0,0,195459,1,324522,1,816,1,816,1,0,1,108,1,2316,1,108,1,0,1,1,1,1,1,0,1,0,1,9,1,4,1,32,1,0,1,0,1,17037,1,1,1,0,1,2821,1,222684,1,8,1,8,1,0,1
397,2361900,4520,9559,28.990189,,0,11,9,108,30542,9618,28504,2331358,16,218,110,1,27583,1,50,1,269938,1,409126,1,121523,1,1491906,1,11121,1,376744,1,12344,4,303443,4,82829,4,236645,4,433052,8,630552,108,10640,24,3637,1,30899,1,2695,1,0,0,0,0,0,0,0,0,371604,1,21622,1,4599,1,6873,1,22243,1,215143,1,25369,1,4368,1,22203,1,31601,1,318361,1,17035,1,36,1,9559,1,4520,1,17071,1,9559,1,48,1,1240,1,1,1,0,1,0,1,5039,1,4520,1,0,0,192986,1,288024,1,816,1,816,1,0,1,108,1,2316,1,108,1,0,1,1,1,1,1,0,1,0,1,9,1,4,1,32,1,0,1,0,1,17035,1,1,1,0,1,2293,1,29634,1,8,1,8,1,0,1
398,2344700,4520,9559,28.990187,,0,11,9,108,31006,9839,28585,2313694,16,218,50,1,27292,1,70,1,266662,1,406892,1,121483,1,1480163,1,11081,1,360733,1,12965,4,303994,4,80044,4,232146,4,437290,8,630461,108,10390,24,3637,1,36791,1,2725,1,0,0,0,0,0,0,0,0,369530,1,21210,1,4679,1,6613,1,21722,1,212258,1,25709,1,4619,1,22413,1,31721,1,301770,1,17035,1,36,1,9559,1,4520,1,17071,1,9559,1,48,1,1240,1,1,1,0,1,0,1,5039,1,4520,1,0,0,196485,1,296901,1,815,1,816,1,0,1,108,1,2316,1,108,1,0,1,1,1,1,1,0,1,0,1,9,1,4,1,32,1,0,1,0,1,17035,1,1,1,0,1,2326,1,157509,1,8,1,8,1,0,1
399,2340900,4519,9559,28.990181,,0,11,9,108,32125,9348,29235,2308775,16,218,40,1,26912,1,40,1,264879,1,403836,1,119630,1,1482598,1,10841,1,363568,1,12424,4,304294,4,82368,4,243247,4,433002,8,636303,108,10711,24,4138,1,27483,1,2725,1,0,0,0,0,0,0,0,0,366093,1,21341,1,4839,1,6723,1,22012,1,210444,1,25409,1,4599,1,22694,1,31741,1,304304,1,17033,1,36,1,9559,1,4519,1,17069,1,9559,1,48,1,1240,1,1,1,0,1,0,1,5039,1,4520,1,0,0,197615,1,342276,1,816,1,816,1,0,1,108,1,2316,1,108,1,0,1,1,1,1,1,0,1,0,1,9,1,4,1,32,1,0,1,0,1,17033,1,0,1,0,1,2095,1,188397,1,8,1,8,1,0,1
400,2337700,4520,9559,28.990177,,0,11,9,108,32061,8937,29436,2305639,16,218,30,1,27302,1,40,1,264308,1,408094,1,121253,1,1473751,1,10861,1,363248,1,12554,4,304896,4,80064,4,232316,4,431429,8,623849,108,10460,24,3948,1,33595,1,2765,1,0,0,0,0,0,0,0,0,370942,1,20830,1,4759,1,6753,1,21912,1,210094,1,25228,1,4549,1,22674,1,32202,1,303152,1,17036,1,36,1,9559,1,4520,1,17072,1,9559,1,48,1,1240,1,1,1,0,1,0,1,5039,1,4520,1,0,0,192033,1,288948,1,816,1,816,1,0,1,108,1,2352,1,108,1,0,1,1,1,1,1,0,1,0,1,9,1,4,1,32,1,0,1,0,1,17036,1,0,1,0,1,2788,1,186483,1,8,1,8,1,0,1
401,2322800,4520,9559,28.990183,,0,11,9,108,31369,9628,29176,2291431,16,218,160,1,27533,1,20,1,263656,1,404387,1,121584,1,1463261,1,10831,1,350654,1,13055,4,307471,4,79683,4,234350,4,433553,8,628207,108,10520,24,3637,1,28435,1,2795,1,0,0,0,0,0,0,0,0,367275,1,21211,1,4529,1,6913,1,22583,1,208500,1,25379,1,4318,1,22253,1,31711,1,292181,1,17037,1,36,1,9559,1,4520,1,17073,1,9559,1,48,1,1240,1,1,1,0,1,0,1,5039,1,4520,1,0,0,195842,1,314160,1,816,1,816,1,0,1,108,1,2352,1,108,1,0,1,1,1,1,1,0,1,0,1,9,1,4,1,32,1,0,1,0,1,17037,1,1,1,0,1,1930,1,13167,1,8,1,8,1,0,1
402,2364400,4520,9559,28.990183,,0,11,9,108,32170,10620,29837,2332230,16,218,70,1,27002,1,50,1,261893,1,400960,1,122706,1,1508528,1,11021,1,380842,1,12765,4,304996,4,79984,4,236154,4,436549,8,632475,108,10390,24,3647,1,40187,1,2785,1,0,0,0,0,0,0,0,0,363839,1,21121,1,4649,1,6923,1,20920,1,207989,1,25810,1,4078,1,22333,1,31160,1,322970,1,17035,1,36,1,9559,1,4520,1,17071,1,9559,1,48,1,1240,1,1,1,0,1,0,1,5039,1,4520,1,0,0,203939,1,310299,1,816,1,816,1,0,1,108,1,2352,1,108,1,0,1,1,1,1,1,0,1,0,1,9,1,4,1,32,1,0,1,0,1,17035,1,1,1,0,1,2623,1,3465,1,8,1,8,1,0,1
403,2446200,4520,9559,28.990175,,0,11,9,108,33285,10660,31210,2412915,16,218,130,1,27443,1,110,1,274447,1,435967,1,121553,1,1540038,1,13225,1,414656,1,12684,4,306940,4,80434,4,236144,4,442330,8,636783,108,10480,24,3647,1,29837,1,2705,1,0,0,0,0,0,0,0,0,385470,1,33284,1,4509,1,7013,1,21942,1,215614,1,29517,1,4228,1,23124,1,31040,1,356074,1,17037,1,36,1,9559,1,4520,1,17073,1,9559,1,48,1,1240,1,1,1,0,1,0,1,5039,1,4520,1,0,0,199730,1,318186,1,816,1,816,1,0,1,108,1,2388,1,108,1,0,1,1,1,1,1,0,1,0,1,9,1,4,1,32,1,0,1,0,1,17037,1,1,1,0,1,2854,1,54714,1,8,1,8,1,0,1
404,2395900,4520,9559,28.990175,,0,11,9,108,31529,10761,29305,2364371,16,218,100,1,26892,1,30,1,269377,1,426780,1,120071,1,1510060,1,11061,1,388246,1,12544,4,303733,4,79964,4,233509,4,435396,8,629130,108,10470,24,3607,1,39516,1,2785,1,0,0,0,0,0,0,0,0,387474,1,23054,1,4779,1,6563,1,22203,1,214442,1,25719,1,3988,1,22102,1,31380,1,330595,1,17040,1,36,1,9559,1,4520,1,17076,1,9559,1,48,1,1240,1,1,1,0,1,0,1,5039,1,4520,1,0,0,198704,1,331980,1,816,1,816,1,0,1,108,1,2316,1,108,1,0,1,1,1,1,1,0,1,0,1,9,1,4,1,32,1,0,1,0,1,17040,1,1,1,0,1,2161,1,51084,1,8,1,8,1,0,1
405,2473100,4520,9559,28.990175,,0,11,9,108,32743,10430,32391,2440357,16,218,90,1,27413,1,50,1,269057,1,426569,1,121734,1,1584574,1,10871,1,424976,1,13346,4,309605,4,85043,4,246503,4,452329,8,655691,108,10751,24,4058,1,35358,1,2926,1,0,0,0,0,0,0,0,0,383717,1,26551,1,4639,1,6763,1,22163,1,210224,1,29657,1,4228,1,22633,1,31651,1,366294,1,17041,1,36,1,9559,1,4520,1,17077,1,9559,1,48,1,1240,1,1,1,0,1,0,1,5039,1,4520,1,0,0,201327,1,336039,1,816,1,816,1,0,1,108,1,2388,1,108,1,0,1,1,1,1,1,0,1,0,1,9,1,4,1,32,1,0,1,0,1,17041,1,1,1,0,1,2260,1,244926,1,8,1,8,1,0,1
406,2409400,4520,9559,28.99018,,0,11,9,108,31202,10150,30669,2378198,16,218,170,1,27383,1,180,1,272223,1,399477,1,118558,1,1549516,1,10691,1,417231,1,12875,4,305537,4,80014,4,236114,4,440346,8,635441,108,10350,24,3807,1,40708,1,2735,1,0,0,0,0,0,0,0,0,357136,1,25930,1,4579,1,7013,1,21992,1,217157,1,25439,1,4238,1,22333,1,31791,1,358699,1,17034,1,36,1,9559,1,4520,1,17070,1,9559,1,48,1,1240,1,1,1,0,1,0,1,5039,1,4520,1,0,0,196033,1,314655,1,816,1,816,1,0,1,108,1,2388,1,108,1,0,1,1,1,1,1,0,1,0,1,9,1,4,1,32,1,0,1,0,1,17034,1,1,1,0,1,2574,1,27555,1,8,1,8,1,0,1
407,2363500,4519,9559,28.99018,,0,11,9,108,30609,10270,28876,2332891,16,218,180,1,27072,1,30,1,271812,1,400209,1,122295,1,1500332,1,10961,1,388957,1,12604,4,303854,4,80134,4,232547,4,432631,8,625872,108,10430,24,4188,1,32392,1,2755,1,0,0,0,0,0,0,0,0,362406,1,21612,1,4519,1,6402,1,22002,1,215644,1,27443,1,4709,1,23555,1,31450,1,329052,1,17032,1,36,1,9559,1,4519,1,17068,1,9559,1,48,1,1240,1,1,1,0,1,0,1,5039,1,4520,1,0,0,195720,1,302115,1,816,1,816,1,0,1,108,1,2316,1,108,1,0,1,1,1,1,1,0,1,0,1,9,1,4,1,32,1,0,1,0,1,17032,1,0,1,0,1,1963,1,627,1,8,1,8,1,0,1
408,2377700,4519,9559,28.99018,,0,11,9,108,30662,10059,28363,2347038,16,218,110,1,27302,1,20,1,266071,1,397353,1,133797,1,1511633,1,10751,1,386402,1,12304,4,303293,4,79583,4,237566,4,435356,8,634079,108,10480,24,3958,1,40347,1,2765,1,0,0,0,0,0,0,0,0,359070,1,22253,1,4539,1,6392,1,22293,1,211637,1,25409,1,4338,1,22654,1,32322,1,326918,1,17033,1,36,1,9559,1,4519,1,17069,1,9559,1,48,1,1240,1,1,1,0,1,0,1,5040,1,4519,1,0,0,193279,1,344916,1,816,1,816,1,0,1,108,1,2316,1,108,1,0,1,1,1,1,1,0,1,0,1,9,1,4,1,32,1,0,1,0,1,17033,1,1,1,0,1,1831,1,13068,1,8,1,8,1,0,1
409,2404900,4518,9559,28.99018,,0,11,9,108,34076,9338,30067,2370824,16,218,190,1,26681,1,40,1,265801,1,407883,1,121263,1,1538154,1,10811,1,391492,1,12935,4,304976,4,79974,4,262133,4,439454,8,661130,108,10390,24,3657,1,31430,1,2765,1,0,0,0,0,0,0,0,0,369049,1,22664,1,4499,1,6683,1,22082,1,211356,1,25359,1,4659,1,22563,1,31631,1,332439,1,17035,1,36,1,9559,1,4518,1,17071,1,9559,1,48,1,1240,1,1,1,0,1,0,1,5040,1,4519,1,0,0,206455,1,368544,1,816,1,816,1,0,1,108,1,2304,1,108,1,0,1,1,1,1,1,0,1,0,1,9,1,4,1,32,1,0,1,0,1,17035,1,0,1,0,1,1996,1,726,1,8,1,8,1,0,1
410,2372800,4519,9559,28.99018,,0,11,9,108,31052,9047,28323,2341748,16,218,70,1,26942,1,150,1,266943,1,402563,1,118688,1,1515401,1,10991,1,396672,1,12254,4,304054,4,79823,4,233028,4,436198,8,630473,108,10430,24,3647,1,37943,1,2735,1,0,0,0,0,0,0,0,0,362907,1,23455,1,4619,1,7034,1,21952,1,211937,1,25790,1,4208,1,22954,1,31641,1,337649,1,17035,1,36,1,9559,1,4519,1,17071,1,9559,1,48,1,1240,1,1,1,0,1,0,1,5040,1,4519,1,0,0,199667,1,318582,1,816,1,816,1,0,1,108,1,2304,1,108,1,0,1,1,1,1,1,0,1,0,1,9,1,4,1,32,1,0,1,0,1,17035,1,0,1,0,1,1996,1,195558,1,8,1,8,1,0,1
411,2332400,4519,9559,28.99018,,0,11,9,108,31140,9829,28504,2301260,16,218,80,1,27984,1,40,1,268947,1,399147,1,120562,1,1473691,1,10811,1,359971,1,14638,4,304685,4,80595,4,232006,4,435396,8,628408,108,10490,24,3647,1,30218,1,2705,1,0,0,0,0,0,0,0,0,362556,1,20730,1,4509,1,7304,1,22343,1,209422,1,29597,1,4478,1,22904,1,32372,1,300046,1,17032,1,36,1,9559,1,4519,1,17068,1,9559,1,48,1,1240,1,1,1,0,1,0,1,5040,1,4519,1,0,0,199509,1,294030,1,816,1,816,1,0,1,108,1,2304,1,108,1,0,1,1,1,1,1,0,1,0,1,9,1,4,1,32,1,0,1,0,1,17032,1,1,1,0,1,2128,1,5181,1,8,1,8,1,0,1
412,2329300,4519,9559,28.99018,,0,11,9,108,30625,9929,28555,2298675,16,218,20,1,27473,1,50,1,265209,1,407112,1,121313,1,1466717,1,10781,1,350984,1,12364,4,304525,4,80364,4,231925,4,436338,8,629199,108,10510,24,3587,1,33965,1,2735,1,0,0,0,0,0,0,0,0,369660,1,21381,1,4449,1,7044,1,21922,1,210294,1,25649,1,4398,1,22193,1,31821,1,292382,1,17038,1,36,1,9559,1,4519,1,17074,1,9559,1,48,1,1240,1,1,1,0,1,0,1,5040,1,4519,1,0,0,198011,1,345576,1,816,1,816,1,0,1,108,1,2304,1,108,1,0,1,1,1,1,1,0,1,0,1,9,1,4,1,32,1,0,1,0,1,17038,1,1,1,0,1,2425,1,167145,1,8,1,8,1,0,1
413,2365300,4519,9559,28.99018,,0,11,9,108,29043,9558,31628,2336257,16,218,20,1,27753,1,50,1,261001,1,393025,1,121042,1,1522394,1,10971,1,349411,1,12494,4,305016,4,82909,4,239500,4,484140,8,680740,108,11272,24,7595,1,29056,1,2715,1,0,0,0,0,0,0,0,0,356825,1,20409,1,4499,1,7214,1,21070,1,207018,1,25359,1,4429,1,22493,1,31791,1,290488,1,17039,1,36,1,9559,1,4519,1,17075,1,9559,1,48,1,1240,1,1,1,0,1,0,1,5040,1,4519,1,0,0,204297,1,389664,1,816,1,816,1,0,1,108,1,2304,1,108,1,0,1,1,1,1,1,0,1,0,1,9,1,4,1,32,1,0,1,0,1,17039,1,1,1,0,1,2608,1,13860,1,8,1,8,1,0,1
414,2445600,4519,9559,28.99018,,0,11,9,108,35265,9959,30658,2410335,16,218,30,1,26811,1,60,1,264368,1,406731,1,121363,1,1580160,1,10811,1,379178,1,12694,4,319424,4,80525,4,232146,4,481269,8,671997,108,10761,24,6903,1,54374,1,3687,1,0,0,0,0,0,0,0,0,366975,1,23675,1,4589,1,7013,1,21922,1,209793,1,25299,1,4218,1,22283,1,31771,1,320696,1,17036,1,36,1,9559,1,4519,1,17072,1,9559,1,48,1,1240,1,1,1,0,1,0,1,5040,1,4519,1,0,0,199644,1,395719,1,816,1,816,1,0,1,108,1,2304,1,108,1,0,1,1,1,1,1,0,1,0,1,9,1,4,1,32,1,0,1,0,1,17036,1,1,1,0,1,1963,1,54846,1,8,1,8,1,0,1
415,2392900,4519,9559,28.99018,,0,11,9,108,36173,10530,29026,2356727,16,218,140,1,31621,1,50,1,273225,1,409527,1,120461,1,1510712,1,10991,1,398085,1,12384,4,306529,4,79493,4,232306,4,434765,8,627555,108,10490,24,3817,1,30028,1,2775,1,0,0,0,0,0,0,0,0,364791,1,27623,1,4509,1,7224,1,22153,1,217959,1,25248,1,4509,1,21421,1,30629,1,341346,1,17039,1,36,1,9559,1,4519,1,17075,1,9559,1,48,1,1240,1,1,1,0,1,0,1,5040,1,4519,1,0,0,198013,1,319704,1,816,1,816,1,0,1,108,1,2304,1,108,1,0,1,1,1,1,1,0,1,0,1,9,1,4,1,32,1,0,1,0,1,17039,1,1,1,0,1,3184,1,132330,1,8,1,8,1,0,1
416,2455900,4519,9559,28.99018,,0,11,9,108,36383,10520,33213,2419517,16,218,150,1,30749,1,70,1,285027,1,407954,1,139558,1,1544968,1,11041,1,400890,1,13035,4,321958,4,80284,4,234591,4,437651,8,628287,108,10741,24,3717,1,39536,1,2785,1,0,0,0,0,0,0,0,0,367436,1,21742,1,5150,1,7575,1,23365,1,227457,1,26070,1,5270,1,28395,1,31611,1,335384,1,17037,1,36,1,9559,1,4519,1,17073,1,9559,1,48,1,1240,1,1,1,0,1,0,1,5040,1,4519,1,0,0,199326,1,305514,1,816,1,816,1,0,1,108,1,2304,1,108,1,0,1,1,1,1,1,0,1,0,1,9,1,4,1,32,1,0,1,0,1,17037,1,1,1,0,1,4752,1,957,1,8,1,8,1,0,1
417,2360400,4519,9559,28.990177,,0,11,9,108,31246,9869,28562,2329154,16,218,50,1,31130,1,100,1,274848,1,398936,1,140139,1,1472919,1,11031,1,365001,1,12524,4,304014,4,79753,4,233398,4,432671,8,626907,108,10600,24,3948,1,28986,1,2755,1,0,0,0,0,0,0,0,0,360202,1,21181,1,5100,1,6953,1,22092,1,218931,1,26541,1,4970,1,28525,1,31430,1,299886,1,17035,1,36,1,9559,1,4519,1,17071,1,9559,1,48,1,1240,1,1,1,0,1,0,1,5040,1,4519,1,0,0,193976,1,326106,1,815,1,815,1,0,1,108,1,2304,1,108,1,0,1,1,1,1,1,0,1,0,1,9,1,4,1,32,1,0,1,0,1,17035,1,1,1,0,1,1930,1,627,1,8,1,8,1,0,1
418,2337700,4519,9559,28.990175,,0,11,9,108,31480,9939,28895,2306220,16,218,40,1,27543,1,40,1,269818,1,403104,1,119009,1,1475674,1,10991,1,357066,1,12404,4,304565,4,80034,4,234370,4,435476,8,630552,108,10400,24,3637,1,35438,1,2745,1,0,0,0,0,0,0,0,0,366444,1,20409,1,4629,1,7074,1,21331,1,214041,1,27062,1,4258,1,22924,1,32222,1,297451,1,17035,1,36,1,9559,1,4519,1,17071,1,9559,1,48,1,1240,1,1,1,0,1,0,1,5040,1,4519,1,0,0,199587,1,314688,1,816,1,816,1,0,1,108,1,2304,1,108,1,0,1,1,1,1,1,0,1,0,1,9,1,4,1,32,1,0,1,0,1,17035,1,1,1,0,1,1864,1,25938,1,8,1,8,1,0,1
419,2345100,4519,9559,28.990168,,0,11,9,108,31216,10109,30728,2313884,16,218,120,1,27593,1,50,1,266512,1,403285,1,121634,1,1483730,1,10961,1,355122,1,12674,4,304475,4,82839,4,239690,4,443482,8,641152,108,11292,24,3637,1,28986,1,2715,1,0,0,0,0,0,0,0,0,365472,1,21702,1,4579,1,6843,1,22183,1,211316,1,25890,1,4749,1,22373,1,32342,1,295458,1,17035,1,36,1,9559,1,4519,1,17071,1,9559,1,48,1,1240,1,1,1,0,1,0,1,5040,1,4519,1,0,0,203621,1,294261,1,815,1,816,1,0,1,108,1,2304,1,108,1,0,1,1,1,1,1,0,1,0,1,9,1,4,1,32,1,0,1,0,1,17035,1,1,1,0,1,2359,1,205227,1,8,1,8,1,0,1
420,2359100,4519,9559,28.990166,,0,11,9,108,31088,9759,30166,2328012,16,218,120,1,30378,1,50,1,278585,1,410358,1,119920,1,1477668,1,10931,1,360222,1,12634,4,303343,4,80765,4,235182,4,432320,8,626815,108,10520,24,3817,1,36891,1,2735,1,0,0,0,0,0,0,0,0,371243,1,21982,1,5050,1,6783,1,23034,1,221846,1,26531,1,5000,1,22613,1,31360,1,301038,1,17037,1,36,1,9559,1,4519,1,17073,1,9559,1,48,1,1240,1,1,1,0,1,0,1,5040,1,4519,1,0,0,195972,1,304458,1,816,1,816,1,0,1,108,1,2304,1,108,1,0,1,1,1,1,1,0,1,0,1,9,1,4,1,32,1,0,1,0,1,17037,1,1,1,0,1,3003,1,231726,1,8,1,8,1,0,1
421,2427000,4520,9559,28.990166,,0,11,9,108,30557,9759,29486,2396443,16,218,120,1,31160,1,40,1,267424,1,399658,1,131513,1,1555257,1,11272,1,434615,1,14488,4,307370,4,80114,4,235021,4,434745,8,629890,108,10390,24,3677,1,32723,1,2745,1,0,0,0,0,0,0,0,0,360913,1,22383,1,4899,1,6302,1,22964,1,211767,1,26090,1,5140,1,27122,1,31631,1,370421,1,17036,1,36,1,9559,1,4520,1,17072,1,9559,1,48,1,1240,1,1,1,0,1,0,1,5039,1,4520,1,0,0,197409,1,326238,1,816,1,816,1,0,1,108,1,2304,1,108,1,0,1,1,1,1,1,0,1,0,1,9,1,4,1,32,1,0,1,0,1,17036,1,0,1,0,1,2458,1,24024,1,8,1,8,1,0,1
422,2398000,4519,9559,28.990166,,0,11,9,108,31374,9338,28304,2366626,16,218,150,1,27002,1,40,1,265941,1,409126,1,118928,1,1534317,1,11121,1,411651,1,13306,4,305006,4,79883,4,233629,4,435096,8,630101,108,10320,24,3747,1,39917,1,2745,1,0,0,0,0,0,0,0,0,367386,1,25589,1,4499,1,6262,1,22243,1,211787,1,25309,1,4749,1,22874,1,32042,1,351806,1,17040,1,36,1,9559,1,4519,1,17076,1,9559,1,48,1,1240,1,1,1,0,1,0,1,5039,1,4520,1,0,0,192289,1,313863,1,816,1,816,1,0,1,108,1,2304,1,108,1,0,1,1,1,1,1,0,1,0,1,9,1,4,1,32,1,0,1,0,1,17040,1,0,1,0,1,1864,1,660,1,8,1,8,1,0,1
423,2333000,4519,9559,28.990166,,0,11,9,108,30728,9859,28535,2302272,16,218,140,1,27573,1,40,1,263837,1,411530,1,118698,1,1469633,1,10821,1,363328,1,12684,4,304455,4,80394,4,231204,4,431649,8,623939,108,10380,24,3978,1,29356,1,2725,1,0,0,0,0,0,0,0,0,373668,1,21722,1,4609,1,6893,1,20820,1,209853,1,25890,1,4358,1,22643,1,31751,1,304395,1,17038,1,36,1,9559,1,4519,1,17074,1,9559,1,48,1,1240,1,1,1,0,1,0,1,5040,1,4519,1,0,0,194955,1,311289,1,816,1,816,1,0,1,108,1,2304,1,108,1,0,1,1,1,1,1,0,1,0,1,9,1,4,1,32,1,0,1,0,1,17038,1,1,1,0,1,3102,1,48114,1,8,1,8,1,0,1
424,2331700,4519,9559,28.990166,,0,11,9,108,30280,9689,28415,2301420,16,218,170,1,29707,1,40,1,264628,1,405870,1,119630,1,1470214,1,11161,1,356034,1,12484,4,303313,4,79903,4,233088,4,433533,8,627876,108,10330,24,3637,1,35759,1,2775,1,0,0,0,0,0,0,0,0,368618,1,21211,1,4639,1,6833,1,22243,1,209853,1,25419,1,4358,1,22223,1,31430,1,297782,1,17033,1,36,1,9559,1,4519,1,17069,1,9559,1,48,1,1240,1,1,1,0,1,0,1,5040,1,4519,1,0,0,196316,1,325644,1,816,1,816,1,0,1,108,1,2304,1,108,1,0,1,1,1,1,1,0,1,0,1,9,1,4,1,32,1,0,1,0,1,17033,1,1,1,0,1,2458,1,69465,1,8,1,8,1,0,1
425,2312300,4518,9559,28.990166,,0,11,9,108,31219,9168,28964,2281081,16,218,90,1,27533,1,40,1,264839,1,397183,1,118387,1,1461978,1,11031,1,354922,1,12434,4,307180,4,80084,4,231946,4,431198,8,623689,108,10490,24,3667,1,28675,1,2705,1,0,0,0,0,0,0,0,0,360613,1,20720,1,4499,1,6593,1,21732,1,209092,1,27152,1,4338,1,22734,1,31771,1,295888,1,17035,1,36,1,9559,1,4518,1,17071,1,9559,1,48,1,1240,1,1,1,0,1,0,1,5040,1,4519,1,0,0,196740,1,284889,1,816,1,816,1,0,1,108,1,2316,1,108,1,0,1,1,1,1,1,0,1,0,1,9,1,4,1,32,1,0,1,0,1,17035,1,0,1,0,1,1831,1,3399,1,8,1,8,1,0,1
426,2322400,4520,9559,28.990166,,0,11,9,108,30548,9057,29154,2291852,16,218,30,1,27292,1,40,1,263486,1,400479,1,121844,1,1467709,1,10971,1,351064,1,12464,4,308002,4,79924,4,232647,4,433893,8,627006,108,10380,24,3657,1,34246,1,2755,1,0,0,0,0,0,0,0,0,364680,1,19918,1,4499,1,6643,1,22253,1,208691,1,25589,1,4829,1,22633,1,32422,1,290989,1,17037,1,36,1,9559,1,4520,1,17073,1,9559,1,48,1,1240,1,1,1,0,1,0,1,5039,1,4520,1,0,0,200284,1,305448,1,816,1,816,1,0,1,108,1,2316,1,108,1,0,1,1,1,1,1,0,1,0,1,9,1,4,1,32,1,0,1,0,1,17037,1,0,1,0,1,2359,1,14124,1,8,1,8,1,0,1
427,2383100,4519,9559,28.990158,,0,11,9,108,32034,10480,32952,2351066,16,218,150,1,31120,1,70,1,282443,1,402092,1,136021,1,1488319,1,10851,1,356885,1,12674,4,311228,4,82949,4,242095,4,435967,8,634339,108,10771,24,3787,1,29507,1,2745,1,0,0,0,0,0,0,0,0,361084,1,22503,1,5090,1,6983,1,22954,1,225653,1,26260,1,4869,1,22984,1,31701,1,297141,1,17037,1,36,1,9559,1,4519,1,17073,1,9559,1,48,1,1240,1,1,1,0,1,0,1,5039,1,4520,1,0,0,195670,1,292347,1,816,1,816,1,0,1,108,1,2316,1,108,1,0,1,1,1,1,1,0,1,0,1,9,1,4,1,32,1,0,1,0,1,17037,1,0,1,0,1,3135,1,12111,1,8,1,8,1,0,1
428,2378400,4519,9559,28.990158,,0,11,9,108,31212,9959,28735,2347188,16,218,120,1,31090,1,40,1,269979,1,406230,1,128196,1,1500733,1,10801,1,385230,1,12434,4,309985,4,79493,4,227778,4,431769,8,620381,108,10430,24,3657,1,37722,1,2705,1,0,0,0,0,0,0,0,0,367616,1,22513,1,4479,1,6923,1,22724,1,213580,1,26351,1,5190,1,25359,1,32432,1,322079,1,17033,1,36,1,9559,1,4519,1,17069,1,9559,1,48,1,1240,1,1,1,0,1,0,1,5040,1,4519,1,0,0,193242,1,277299,1,816,1,816,1,0,1,108,1,2316,1,108,1,0,1,1,1,1,1,0,1,0,1,9,1,4,1,32,1,0,1,0,1,17033,1,1,1,0,1,2293,1,759,1,8,1,8,1,0,1
429,2318500,4519,9559,28.990156,,0,11,9,108,31106,9198,28985,2287394,16,218,40,1,27383,1,40,1,266712,1,398886,1,120582,1,1462609,1,11141,1,353850,1,12414,4,303864,4,79753,4,234360,4,433342,8,628258,108,10460,24,3877,1,29196,1,2755,1,0,0,0,0,0,0,0,0,359871,1,22794,1,4689,1,6823,1,21601,1,212147,1,25820,1,4318,1,22643,1,31901,1,294766,1,17037,1,36,1,9559,1,4519,1,17073,1,9559,1,48,1,1240,1,1,1,0,1,0,1,5039,1,4520,1,0,0,199210,1,321585,1,816,1,816,1,0,1,108,1,2316,1,108,1,0,1,1,1,1,1,0,1,0,1,9,1,4,1,32,1,0,1,0,1,17037,1,0,1,0,1,2260,1,191433,1,8,1,8,1,0,1
430,2327800,4518,9559,28.990152,,0,11,9,108,30057,9337,29227,2297743,16,218,10,1,27142,1,40,1,264969,1,413023,1,117556,1,1464072,1,10931,1,353379,1,12274,4,303814,4,80414,4,231024,4,433734,8,625000,108,10530,24,3647,1,33695,1,2755,1,0,0,0,0,0,0,0,0,374830,1,22042,1,4569,1,6753,1,21892,1,210605,1,25399,1,5160,1,22914,1,31761,1,293363,1,17037,1,36,1,9559,1,4518,1,17073,1,9559,1,48,1,1240,1,1,1,0,1,0,1,5039,1,4520,1,0,0,194663,1,307230,1,816,1,816,1,0,1,108,1,2364,1,108,1,0,1,1,1,1,1,0,1,0,1,9,1,4,1,32,1,0,1,0,1,17037,1,0,1,0,1,2788,1,234366,1,8,1,8,1,0,1
431,2355400,4518,9559,28.990156,,0,11,9,108,31466,10119,31017,2323934,16,218,170,1,30428,1,70,1,282733,1,406531,1,140630,1,1452570,1,10801,1,348439,1,12474,4,301639,4,79473,4,233098,4,433402,8,624672,108,10811,24,2956,1,28264,1,2705,1,0,0,0,0,0,0,0,0,366133,1,21411,1,5150,1,7314,1,23495,1,225213,1,26140,1,5050,1,28274,1,31571,1,283374,1,17039,1,36,1,9559,1,4518,1,17075,1,9559,1,48,1,1240,1,1,1,0,1,0,1,5041,1,4518,1,0,0,187526,1,267861,1,816,1,816,1,0,1,108,1,2364,1,108,1,0,1,1,1,1,1,0,1,0,1,9,1,4,1,32,1,0,1,0,1,17039,1,1,1,0,1,3432,1,32604,1,8,1,8,1,0,1
432,2342800,4518,9559,28.990158,,0,11,9,108,29737,9839,29546,2313063,16,218,110,1,30990,1,40,1,274638,1,407883,1,121814,1,1466667,1,10921,1,348580,1,12664,4,304886,4,80014,4,234551,4,435877,8,630561,108,10320,24,3637,1,33835,1,2785,1,0,0,0,0,0,0,0,0,370842,1,21010,1,4479,1,7134,1,22954,1,217979,1,26270,1,4729,1,22754,1,31741,1,289165,1,17043,1,36,1,9559,1,4518,1,17079,1,9559,1,48,1,1240,1,1,1,0,1,0,1,5041,1,4518,1,0,0,194015,1,305778,1,816,1,816,1,0,1,108,1,2316,1,108,1,0,1,1,1,1,1,0,1,0,1,9,1,4,1,32,1,0,1,0,1,17043,1,1,1,0,1,1765,1,363,1,8,1,8,1,0,1
433,2323200,4518,9559,28.990156,,0,11,9,108,31057,10630,29036,2292143,16,218,120,1,27332,1,30,1,268436,1,399668,1,117937,1,1467849,1,10771,1,348129,1,12574,4,304014,4,84332,4,238658,4,433994,8,632675,108,10941,24,3607,1,29176,1,2735,1,0,0,0,0,0,0,0,0,361595,1,21792,1,4649,1,6923,1,21772,1,213420,1,26070,1,4599,1,21962,1,31881,1,289476,1,17044,1,36,1,9559,1,4518,1,17080,1,9559,1,48,1,1240,1,1,1,0,1,0,1,5041,1,4518,1,0,0,200878,1,297363,1,814,1,814,1,0,1,108,1,2316,1,108,1,0,1,1,1,1,1,0,1,0,1,9,1,4,1,32,1,0,1,0,1,17044,1,1,1,0,1,2392,1,187704,1,8,1,8,1,0,1
434,2328700,4518,9559,28.990156,,0,11,9,108,29875,10049,30157,2298825,16,218,150,1,27232,1,30,1,265039,1,398115,1,117045,1,1480373,1,10841,1,351595,1,12534,4,305537,4,82809,4,240582,4,432631,8,632476,108,10580,24,3627,1,38294,1,2715,1,0,0,0,0,0,0,0,0,360883,1,21301,1,4499,1,6653,1,20910,1,211827,1,25319,1,4579,1,22092,1,31511,1,293223,1,17043,1,36,1,9559,1,4518,1,17079,1,9559,1,48,1,1240,1,1,1,0,1,0,1,5041,1,4518,1,0,0,198225,1,307461,1,816,1,816,1,0,1,108,1,2316,1,108,1,0,1,1,1,1,1,0,1,0,1,9,1,4,1,32,1,0,1,0,1,17043,1,1,1,0,1,2062,1,495,1,8,1,8,1,0,1
435,2351700,4519,9559,28.990156,,0,11,9,108,32205,9168,28594,2319495,16,218,100,1,26932,1,40,1,266833,1,401311,1,118898,1,1494611,1,10771,1,376894,1,12885,4,305036,4,80124,4,236645,4,437059,8,634740,108,10370,24,3677,1,30368,1,2755,1,0,0,0,0,0,0,0,0,361043,1,24126,1,4669,1,6452,1,21181,1,212899,1,25980,1,4729,1,22403,1,32372,1,317169,1,17046,1,36,1,9559,1,4519,1,17082,1,9559,1,48,1,1240,1,1,1,0,1,0,1,5039,1,4520,1,0,0,194714,1,313566,1,816,1,816,1,0,1,108,1,2316,1,108,1,0,1,1,1,1,1,0,1,0,1,9,1,4,1,32,1,0,1,0,1,17046,1,0,1,0,1,2293,1,8679,1,8,1,8,1,0,1
436,2339900,4519,9559,28.990156,,0,11,9,108,30594,9568,28203,2309306,16,218,70,1,27232,1,40,1,266101,1,404036,1,122565,1,1478249,1,11011,1,361164,1,12424,4,305056,4,80274,4,231675,4,436669,8,629650,108,10490,24,4018,1,34616,1,2785,1,0,0,0,0,0,0,0,0,366674,1,21241,1,4579,1,6402,1,21281,1,210635,1,27453,1,4288,1,22593,1,31911,1,302180,1,17044,1,36,1,9559,1,4519,1,17080,1,9559,1,48,1,1240,1,1,1,0,1,0,1,5040,1,4519,1,0,0,190083,1,303468,1,816,1,816,1,0,1,108,1,2316,1,108,1,0,1,1,1,1,1,0,1,0,1,9,1,4,1,32,1,0,1,0,1,17044,1,1,1,0,1,2227,1,202455,1,8,1,8,1,0,1
437,2309300,4519,9559,28.990156,,0,11,9,108,29661,9879,28364,2279639,16,218,80,1,27473,1,40,1,264638,1,398395,1,121012,1,1456598,1,11402,1,346496,1,12514,4,305437,4,80064,4,234050,4,433402,8,628618,108,10470,24,3667,1,28344,1,2745,1,0,0,0,0,0,0,0,0,360613,1,21551,1,4709,1,7054,1,22203,1,209342,1,25759,1,4068,1,22163,1,31921,1,288153,1,17045,1,36,1,9559,1,4519,1,17081,1,9559,1,48,1,1240,1,1,1,0,1,0,1,5040,1,4519,1,0,0,200254,1,307329,1,816,1,816,1,0,1,108,1,2316,1,108,1,0,1,1,1,1,1,0,1,0,1,9,1,4,1,32,1,0,1,0,1,17045,1,1,1,0,1,2227,1,191169,1,8,1,8,1,0,1
438,2311100,4519,9559,28.990156,,0,11,9,108,30790,11001,28534,2280310,16,218,90,1,27473,1,30,1,264318,1,395139,1,117957,1,1464553,1,10751,1,344973,1,12524,4,306619,4,79893,4,232356,4,436068,8,629330,108,10560,24,3657,1,34677,1,2785,1,0,0,0,0,0,0,0,0,358969,1,20109,1,4639,1,7023,1,22263,1,209563,1,25178,1,4909,1,21832,1,31881,1,286160,1,17044,1,36,1,9559,1,4519,1,17080,1,9559,1,48,1,1240,1,1,1,0,1,0,1,5040,1,4519,1,0,0,195694,1,343497,1,816,1,816,1,0,1,108,1,2316,1,108,1,0,1,1,1,1,1,0,1,0,1,9,1,4,1,32,1,0,1,0,1,17044,1,1,1,0,1,1699,1,660,1,8,1,8,1,0,1
439,2302700,4520,9559,28.990156,,0,11,9,108,31007,9228,28224,2271693,16,218,70,1,27142,1,40,1,262444,1,402142,1,121994,1,1447170,1,10691,1,344812,1,12674,4,305637,4,79583,4,231685,4,429044,8,622165,108,10340,24,3787,1,28004,1,2715,1,0,0,0,0,0,0,0,0,363448,1,22674,1,4699,1,6543,1,22112,1,207979,1,25449,1,4549,1,22523,1,31541,1,286019,1,17047,1,36,1,9559,1,4520,1,17083,1,9559,1,48,1,1240,1,1,1,0,1,0,1,5039,1,4520,1,0,0,188418,1,299970,1,816,1,816,1,0,1,108,1,2304,1,108,1,0,1,1,1,1,1,0,1,0,1,9,1,4,1,32,1,0,1,0,1,17047,1,0,1,0,1,2227,1,561,1,8,1,8,1,0,1
440,2316800,4521,9559,28.990154,,0,11,9,108,31551,9148,28284,2285249,16,218,80,1,27393,1,50,1,261302,1,397774,1,118858,1,1468941,1,10851,1,357326,1,12734,4,307621,4,79803,4,232396,4,429485,8,623127,108,10470,24,3657,1,34055,1,2715,1,0,0,0,0,0,0,0,0,360643,1,20580,1,4489,1,6753,1,22042,1,206607,1,25609,1,4398,1,22613,1,32022,1,298093,1,17049,1,36,1,9559,1,4521,1,17085,1,9559,1,48,1,1240,1,1,1,0,1,0,1,5038,1,4521,1,0,0,192445,1,285582,1,816,1,816,1,0,1,108,1,2316,1,108,1,0,1,1,1,1,1,0,1,0,1,9,1,4,1,32,1,0,1,0,1,17049,1,0,1,0,1,2326,1,429,1,8,1,8,1,0,1
441,2318700,4521,9559,28.990154,,0,11,9,108,30916,9889,28224,2287784,16,218,40,1,27292,1,50,1,267203,1,400780,1,118658,1,1462730,1,11031,1,349772,1,12704,4,306659,4,80144,4,232687,4,435036,8,629128,108,10370,24,3897,1,29216,1,2725,1,0,0,0,0,0,0,0,0,363047,1,21692,1,4489,1,6332,1,21722,1,209442,1,29437,1,4058,1,22153,1,31521,1,291740,1,17052,1,36,1,9559,1,4521,1,17088,1,9559,1,48,1,1240,1,1,1,0,1,0,1,5038,1,4521,1,0,0,194718,1,288750,1,816,1,816,1,0,1,108,1,2316,1,108,1,0,1,1,1,1,1,0,1,0,1,9,1,4,1,32,1,0,1,0,1,17052,1,1,1,0,1,13762,1,528,1,8,1,8,1,0,1
442,2370100,4522,9559,28.990156,,0,11,9,108,30947,9458,30207,2339153,16,218,150,1,30719,1,70,1,283895,1,406391,1,129849,1,1476957,1,11121,1,366895,1,12494,4,303072,4,80044,4,233328,4,430597,8,622907,108,10811,24,3747,1,34566,1,2755,1,0,0,0,0,0,0,0,0,364600,1,22553,1,5340,1,6723,1,22473,1,227246,1,26892,1,4970,1,22714,1,31450,1,307581,1,17054,1,36,1,9559,1,4522,1,17090,1,9559,1,48,1,1240,1,1,1,0,1,0,1,5037,1,4522,1,0,0,194273,1,319308,1,816,1,816,1,0,1,108,1,2328,1,108,1,0,1,1,1,1,1,0,1,0,1,9,1,4,1,32,1,0,1,0,1,17054,1,0,1,0,1,2922,1,146256,1,8,1,8,1,0,1
443,2341400,4523,9559,28.990156,,0,11,9,108,30501,9128,28735,2310899,16,218,40,1,31310,1,80,1,265079,1,395850,1,131162,1,1476456,1,10921,1,357005,1,12935,4,316558,4,79723,4,231976,4,433783,8,626393,108,10630,24,3687,1,28926,1,2735,1,0,0,0,0,0,0,0,0,356575,1,22864,1,4729,1,6442,1,23144,1,208951,1,26230,1,4889,1,27272,1,31751,1,292913,1,17056,1,36,1,9559,1,4523,1,17092,1,9559,1,48,1,1240,1,1,1,0,1,0,1,5036,1,4523,1,0,0,197367,1,268224,1,816,1,816,1,0,1,108,1,2316,1,108,1,0,1,1,1,1,1,0,1,0,1,9,1,4,1,32,1,0,1,0,1,17056,1,0,1,0,1,2392,1,172689,1,8,1,8,1,0,1
444,2327900,4524,9559,28.990156,,0,11,9,108,30357,9108,28555,2297543,16,218,120,1,27353,1,40,1,265400,1,403756,1,118958,1,1471196,1,10721,1,357056,1,12714,4,305246,4,79813,4,231585,4,434104,8,626634,108,10500,24,3887,1,34957,1,2725,1,0,0,0,0,0,0,0,0,366344,1,21401,1,4519,1,6543,1,21732,1,209603,1,27212,1,5010,1,22523,1,31801,1,297000,1,17049,1,36,1,9559,1,4524,1,17085,1,9559,1,48,1,1240,1,1,1,0,1,0,1,5035,1,4524,1,0,0,200924,1,315480,1,816,1,816,1,0,1,108,1,2316,1,108,1,0,1,1,1,1,1,0,1,0,1,9,1,4,1,32,1,0,1,0,1,17049,1,0,1,0,1,2326,1,5280,1,8,1,8,1,0,1
445,2316800,4523,9559,28.990156,,0,11,9,108,30959,9248,28484,2285841,16,218,20,1,27383,1,40,1,261783,1,397964,1,121604,1,1466206,1,10841,1,356966,1,12424,4,305316,4,80515,4,230793,4,435196,8,627065,108,10440,24,3657,1,29346,1,2745,1,0,0,0,0,0,0,0,0,359751,1,22153,1,4509,1,7174,1,22173,1,206867,1,25248,1,4709,1,22453,1,31941,1,297672,1,17046,1,36,1,9559,1,4523,1,17082,1,9559,1,48,1,1240,1,1,1,0,1,0,1,5035,1,4524,1,0,0,190324,1,323895,1,816,1,816,1,0,1,108,1,2316,1,108,1,0,1,1,1,1,1,0,1,0,1,9,1,4,1,32,1,0,1,0,1,17046,1,0,1,0,1,2458,1,190839,1,8,1,8,1,0,1
446,2323100,4522,9559,28.990156,,0,11,9,108,31218,9949,28605,2291882,16,218,30,1,27443,1,70,1,262204,1,396482,1,119630,1,1475224,1,10801,1,352447,1,12684,4,302862,4,79362,4,240091,4,436699,8,637795,108,10390,24,3637,1,34757,1,2735,1,0,0,0,0,0,0,0,0,359961,1,20439,1,4509,1,6973,1,21111,1,208430,1,25429,1,4749,1,22964,1,31831,1,292722,1,17048,1,36,1,9559,1,4522,1,17084,1,9559,1,48,1,1240,1,1,1,0,1,0,1,5036,1,4523,1,0,0,197560,1,318318,1,816,1,816,1,0,1,108,1,2304,1,108,1,0,1,1,1,1,1,0,1,0,1,9,1,4,1,32,1,0,1,0,1,17048,1,0,1,0,1,2293,1,173943,1,8,1,8,1,0,1
447,2425900,4523,9559,28.990156,,0,11,9,108,32182,9278,32070,2393718,16,218,130,1,27142,1,40,1,264979,1,409196,1,121574,1,1559596,1,11061,1,367426,1,12935,4,307110,4,88630,4,258396,4,477046,8,691660,108,11712,24,3677,1,32322,1,2775,1,0,0,0,0,0,0,0,0,369019,1,23245,1,4639,1,7104,1,22213,1,209583,1,25790,1,4248,1,22583,1,31941,1,308422,1,17048,1,36,1,9559,1,4523,1,17084,1,9559,1,48,1,1240,1,1,1,0,1,0,1,5036,1,4523,1,0,0,218255,1,330924,1,815,1,815,1,0,1,108,1,2316,1,108,1,0,1,1,1,1,1,0,1,0,1,9,1,4,1,32,1,0,1,0,1,17048,1,0,1,0,1,2227,1,36993,1,8,1,8,1,0,1
448,2434700,4523,9559,28.990156,,0,11,9,108,31614,10049,29355,2403086,16,218,120,1,26852,1,30,1,269448,1,415298,1,120602,1,1557952,1,12785,1,435166,1,13075,4,304805,4,80064,4,234861,4,431950,8,626955,108,10500,24,3707,1,41560,1,2715,1,0,0,0,0,0,0,0,0,370732,1,27272,1,4749,1,6703,1,22173,1,212638,1,27523,1,4469,1,22904,1,31811,1,375752,1,17052,1,36,1,9559,1,4523,1,17088,1,9559,1,48,1,1240,1,1,1,0,1,0,1,5035,1,4524,1,0,0,196893,1,292215,1,816,1,816,1,0,1,108,1,2316,1,108,1,0,1,1,1,1,1,0,1,0,1,9,1,4,1,32,1,0,1,0,1,17052,1,0,1,0,1,1864,1,194898,1,8,1,8,1,0,1
449,2372300,4522,9559,28.990156,,0,11,9,108,31093,9298,28484,2341207,16,218,100,1,27793,1,40,1,268546,1,414065,1,122866,1,1496985,1,10811,1,381482,1,12714,4,305417,4,79934,4,233539,4,438252,8,632886,108,10420,24,3637,1,29958,1,2755,1,0,0,0,0,0,0,0,0,377976,1,20189,1,4479,1,7034,1,21642,1,212458,1,27112,1,4849,1,22363,1,32392,1,321658,1,17048,1,36,1,9559,1,4522,1,17084,1,9559,1,48,1,1240,1,1,1,0,1,0,1,5036,1,4523,1,0,0,196768,1,320859,1,816,1,816,1,0,1,108,1,2304,1,108,1,0,1,1,1,1,1,0,1,0,1,9,1,4,1,32,1,0,1,0,1,17048,1,0,1,0,1,1864,1,495,1,8,1,8,1,0,1
450,2415100,4522,9559,28.990156,,0,11,9,108,31872,10881,30959,2383228,16,218,150,1,30909,1,70,1,285198,1,411390,1,134939,1,1508618,1,11953,1,369450,1,12815,4,314915,4,80124,4,237897,4,439214,8,635080,108,11071,24,3747,1,36801,1,2775,1,0,0,0,0,0,0,0,0,370762,1,21972,1,4899,1,7364,1,23415,1,227176,1,26621,1,4899,1,26942,1,36400,1,300988,1,17047,1,36,1,9559,1,4522,1,17083,1,9559,1,48,1,1240,1,1,1,0,1,0,1,5037,1,4522,1,0,0,207104,1,338811,1,816,1,816,1,0,1,108,1,2304,1,108,1,0,1,1,1,1,1,0,1,0,1,9,1,4,1,32,1,0,1,0,1,17047,1,1,1,0,1,5034,1,75075,1,8,1,8,1,0,1
451,2346900,4523,9559,28.990152,,0,11,9,108,29749,9238,28103,2317151,16,218,190,1,31050,1,60,1,267063,1,404106,1,140310,1,1463341,1,11031,1,359340,1,12374,4,305186,4,79793,4,230703,4,430307,8,622417,108,10490,24,4308,1,29386,1,2705,1,0,0,0,0,0,0,0,0,364761,1,22032,1,5340,1,7074,1,22443,1,210685,1,26551,1,4839,1,28755,1,31671,1,293864,1,17051,1,36,1,9559,1,4523,1,17087,1,9559,1,48,1,1240,1,1,1,0,1,0,1,5036,1,4523,1,0,0,192333,1,290763,1,816,1,816,1,0,1,108,1,2316,1,108,1,0,1,1,1,1,1,0,1,0,1,9,1,4,1,32,1,0,1,0,1,17051,1,0,1,0,1,2425,1,203115,1,8,1,8,1,0,1
452,2310900,4523,9559,28.99015,,0,11,9,108,30730,9017,27843,2280170,16,218,100,1,27032,1,40,1,261723,1,393816,1,119359,1,1467258,1,10841,1,351315,1,12654,4,307290,4,80234,4,229441,4,436989,8,628157,108,10430,24,3657,1,33965,1,2695,1,0,0,0,0,0,0,0,0,357366,1,20590,1,4368,1,6152,1,21662,1,208230,1,25379,1,4228,1,22533,1,31881,1,292492,1,17048,1,36,1,9559,1,4523,1,17084,1,9559,1,48,1,1240,1,1,1,0,1,0,1,5035,1,4524,1,0,0,195681,1,297693,1,816,1,816,1,0,1,108,1,2316,1,108,1,0,1,1,1,1,1,0,1,0,1,9,1,4,1,32,1,0,1,0,1,17048,1,0,1,0,1,2095,1,561,1,8,1,8,1,0,1
453,2305900,4522,9559,28.990156,,0,11,9,108,31000,9158,29035,2274900,16,218,80,1,27573,1,40,1,263516,1,395971,1,121012,1,1455756,1,10951,1,352237,1,12233,4,307030,4,79653,4,229671,4,430968,8,621275,108,10330,24,3647,1,28435,1,2725,1,0,0,0,0,0,0,0,0,359100,1,21060,1,4449,1,6713,1,22203,1,208811,1,25519,1,4238,1,22353,1,31571,1,293834,1,17047,1,36,1,9559,1,4522,1,17083,1,9559,1,48,1,1240,1,1,1,0,1,0,1,5036,1,4523,1,0,0,194070,1,297429,1,816,1,816,1,0,1,108,1,2316,1,108,1,0,1,1,1,1,1,0,1,0,1,9,1,4,1,32,1,0,1,0,1,17047,1,0,1,0,1,2524,1,462,1,8,1,8,1,0,1
454,2399400,4522,9559,28.990156,,0,11,9,108,33806,10561,28805,2365594,16,218,60,1,29406,1,60,1,263286,1,408044,1,121894,1,1531772,1,11071,1,405108,1,12574,4,306108,4,80364,4,234510,4,435066,8,630502,108,10270,24,3657,1,41059,1,2765,1,0,0,0,0,0,0,0,0,366624,1,24768,1,4539,1,6713,1,21732,1,208751,1,25800,1,3797,1,22112,1,31060,1,347798,1,17047,1,36,1,9559,1,4522,1,17083,1,9559,1,48,1,1240,1,1,1,0,1,0,1,5037,1,4522,1,0,0,195962,1,318747,1,816,1,816,1,0,1,108,1,2316,1,108,1,0,1,1,1,1,1,0,1,0,1,9,1,4,1,32,1,0,1,0,1,17047,1,1,1,0,1,1666,1,202554,1,8,1,8,1,0,1
455,2351000,4521,9559,28.990156,,0,11,9,108,31084,9318,28475,2319916,16,218,80,1,27523,1,30,1,264298,1,402714,1,118478,1,1495653,1,11141,1,385260,1,12794,4,305136,4,80284,4,234320,4,431529,8,627014,108,10360,24,3737,1,30559,1,2715,1,0,0,0,0,0,0,0,0,364390,1,21571,1,4619,1,7304,1,22133,1,209192,1,25329,1,4368,1,22994,1,31661,1,326016,1,17048,1,36,1,9559,1,4521,1,17084,1,9559,1,48,1,1240,1,1,1,0,1,0,1,5037,1,4522,1,0,0,194884,1,294525,1,816,1,816,1,0,1,108,1,2316,1,108,1,0,1,1,1,1,1,0,1,0,1,9,1,4,1,32,1,0,1,0,1,17048,1,0,1,0,1,2095,1,195591,1,8,1,8,1,0,1
456,2402400,4522,9559,28.990152,,0,11,9,108,31005,9378,28936,2371395,16,218,180,1,27182,1,30,1,264438,1,437861,1,121313,1,1509279,1,11111,1,381122,1,12795,4,304294,4,80094,4,241554,4,435246,8,637504,108,10360,24,3968,1,38093,1,2735,1,0,0,0,0,0,0,0,0,399638,1,22082,1,4599,1,7124,1,21962,1,209723,1,25309,1,4218,1,22523,1,31761,1,322389,1,17047,1,36,1,9559,1,4522,1,17083,1,9559,1,48,1,1240,1,1,1,0,1,0,1,5037,1,4522,1,0,0,201055,1,310563,1,815,1,816,1,0,1,108,1,2316,1,108,1,0,1,1,1,1,1,0,1,0,1,9,1,4,1,32,1,0,1,0,1,17047,1,0,1,0,1,2326,1,114906,1,8,1,8,1,0,1
457,2361200,4522,9559,28.990152,,0,11,9,108,31064,10170,29036,2330136,16,218,40,1,27302,1,30,1,263025,1,402994,1,118578,1,1507195,1,10971,1,364019,1,12795,4,306469,4,80244,4,236073,4,461346,8,657833,108,10550,24,3697,1,29617,1,2765,1,0,0,0,0,0,0,0,0,365332,1,21431,1,4619,1,7194,1,21010,1,209092,1,25419,1,4469,1,22383,1,31851,1,305136,1,17047,1,36,1,9559,1,4522,1,17083,1,9559,1,48,1,1240,1,1,1,0,1,0,1,5037,1,4522,1,0,0,195293,1,369435,1,813,1,813,1,0,1,108,1,2316,1,108,1,0,1,1,1,1,1,0,1,0,1,9,1,4,1,32,1,0,1,0,1,17047,1,1,1,0,1,2656,1,47784,1,8,1,8,1,0,1
458,2341900,4521,9559,28.990152,,0,11,9,108,33216,9097,29196,2308684,16,218,170,1,27232,1,30,1,262765,1,404337,1,121333,1,1481916,1,10901,1,360172,1,12394,4,303633,4,79753,4,235392,4,438031,8,633757,108,10470,24,3647,1,37021,1,2775,1,0,0,0,0,0,0,0,0,366514,1,21181,1,4489,1,6583,1,22293,1,207769,1,25830,1,4148,1,22784,1,31801,1,301229,1,17046,1,36,1,9559,1,4521,1,17082,1,9559,1,48,1,1240,1,1,1,0,1,0,1,5037,1,4522,1,0,0,198668,1,318153,1,816,1,816,1,0,1,108,1,2316,1,108,1,0,1,1,1,1,1,0,1,0,1,9,1,4,1,32,1,0,1,0,1,17046,1,0,1,0,1,2194,1,143253,1,8,1,8,1,0,1
459,2371500,4523,9559,28.990152,,0,11,9,108,33018,9458,28604,2338482,16,218,30,1,27252,1,70,1,261873,1,438011,1,121293,1,1478871,1,11081,1,369400,1,12855,4,304164,4,79503,4,234911,4,431288,8,627096,108,10500,24,3647,1,30909,1,2735,1,0,0,0,0,0,0,0,0,394187,1,27513,1,4579,1,6623,1,21571,1,207899,1,25369,1,3407,1,22874,1,30689,1,312220,1,17055,1,36,1,9559,1,4523,1,17091,1,9559,1,48,1,1240,1,1,1,0,1,0,1,5036,1,4523,1,0,0,191049,1,335346,1,816,1,816,1,0,1,108,1,2304,1,108,1,0,1,1,1,1,1,0,1,0,1,9,1,4,1,32,1,0,1,0,1,17055,1,0,1,0,1,2194,1,98637,1,8,1,8,1,0,1
460,2374200,4522,9559,28.990152,,0,11,9,108,33103,9969,28814,2341097,16,218,10,1,26822,1,90,1,264438,1,402784,1,120231,1,1515681,1,11041,1,397273,1,13075,4,303513,4,79793,4,231044,4,433102,8,624952,108,10380,24,3687,1,41490,1,2735,1,0,0,0,0,0,0,0,0,364981,1,21972,1,4519,1,7154,1,21091,1,209683,1,26280,1,4589,1,23034,1,31310,1,338129,1,17054,1,36,1,9559,1,4522,1,17090,1,9559,1,48,1,1240,1,1,1,0,1,0,1,5036,1,4523,1,0,0,197527,1,289245,1,816,1,816,1,0,1,108,1,2304,1,108,1,0,1,1,1,1,1,0,1,0,1,9,1,4,1,32,1,0,1,0,1,17054,1,0,1,0,1,2277,1,429,1,8,1,8,1,0,1
461,2489500,4521,9559,28.990152,,0,11,9,108,33392,9488,33132,2456108,16,218,40,1,27022,1,50,1,264789,1,416660,1,118528,1,1618028,1,10991,1,412592,1,13105,4,306910,4,82098,4,257144,4,495261,8,707451,108,11823,24,7705,1,30839,1,2886,1,0,0,0,0,0,0,0,0,375401,1,24567,1,4779,1,7454,1,21912,1,209553,1,25489,1,4368,1,23766,1,31601,1,352607,1,17055,1,36,1,9559,1,4521,1,17091,1,9559,1,48,1,1240,1,1,1,0,1,0,1,5037,1,4522,1,0,0,209254,1,377850,1,816,1,816,1,0,1,108,1,2316,1,108,1,0,1,1,1,1,1,0,1,0,1,9,1,4,1,32,1,0,1,0,1,17055,1,0,1,0,1,2293,1,168267,1,8,1,8,1,0,1
462,2429700,4522,9559,28.990152,,0,11,9,108,32435,9338,28865,2397265,16,218,150,1,26761,1,110,1,275159,1,415228,1,118918,1,1550097,1,10841,1,429204,1,12734,4,303463,4,79352,4,234120,4,433503,8,628307,108,10450,24,4038,1,41660,1,2685,1,0,0,0,0,0,0,0,0,373177,1,24868,1,4579,1,7214,1,21561,1,219532,1,26431,1,4238,1,22684,1,31511,1,370562,1,17060,1,36,1,9559,1,4522,1,17096,1,9559,1,48,1,1240,1,1,1,0,1,0,1,5037,1,4522,1,0,0,195190,1,324555,1,815,1,815,1,0,1,108,1,2304,1,108,1,0,1,1,1,1,1,0,1,0,1,9,1,4,1,32,1,0,1,0,1,17060,1,0,1,0,1,2788,1,180906,1,8,1,8,1,0,1
463,2357900,4522,9559,28.990152,,0,11,9,108,31522,11462,28734,2326378,16,218,150,1,27212,1,30,1,270900,1,409336,1,121804,1,1485664,1,11282,1,375712,1,12624,4,304485,4,80204,4,234210,4,431399,8,626445,108,10430,24,3657,1,29206,1,2705,1,0,0,0,0,0,0,0,0,371884,1,21341,1,4629,1,6773,1,21632,1,214372,1,27773,1,4659,1,22523,1,31691,1,316638,1,17058,1,36,1,9559,1,4522,1,17094,1,9559,1,48,1,1240,1,1,1,0,1,0,1,5037,1,4522,1,0,0,192946,1,318351,1,816,1,816,1,0,1,108,1,2304,1,108,1,0,1,1,1,1,1,0,1,0,1,9,1,4,1,32,1,0,1,0,1,17058,1,1,1,0,1,2674,1,82665,1,8,1,8,1,0,1
464,2336000,4521,9559,28.990152,,0,11,9,108,31273,9148,28294,2304727,16,218,100,1,27122,1,70,1,265219,1,401702,1,120662,1,1478810,1,11041,1,365171,1,14398,4,304304,4,79162,4,231705,4,432020,8,624961,108,10470,24,3827,1,36310,1,2765,1,0,0,0,0,0,0,0,0,364741,1,21121,1,4529,1,6442,1,21882,1,210735,1,25910,1,4278,1,22623,1,31891,1,305747,1,17063,1,36,1,9559,1,4521,1,17099,1,9559,1,48,1,1240,1,1,1,0,1,0,1,5036,1,4523,1,0,0,198353,1,293898,1,816,1,816,1,0,1,108,1,2316,1,108,1,0,1,1,1,1,1,0,1,0,1,9,1,4,1,32,1,0,1,0,1,17063,1,0,1,0,1,2260,1,13695,1,8,1,8,1,0,1
465,2315500,4523,9559,28.990152,,0,11,9,108,30832,9107,28325,2284668,16,218,90,1,27242,1,50,1,263666,1,407964,1,118778,1,1455726,1,11151,1,350153,1,12314,4,304064,4,80114,4,232456,4,431759,8,625460,108,10430,24,3948,1,29006,1,2805,1,0,0,0,0,0,0,0,0,369840,1,21341,1,4659,1,6422,1,21181,1,210194,1,25649,1,4599,1,22543,1,31661,1,291159,1,17062,1,36,1,9559,1,4523,1,17098,1,9559,1,48,1,1240,1,1,1,0,1,0,1,5036,1,4523,1,0,0,192939,1,301191,1,816,1,816,1,0,1,108,1,2304,1,108,1,0,1,1,1,1,1,0,1,0,1,9,1,4,1,32,1,0,1,0,1,17062,1,0,1,0,1,2293,1,201168,1,8,1,8,1,0,1
466,2361800,4523,9559,28.990147,,0,11,9,108,31464,10049,29986,2330336,16,218,70,1,27403,1,40,1,263676,1,406020,1,118578,1,1503738,1,10811,1,355583,1,12845,4,306960,4,80234,4,228569,4,458952,8,646513,108,11021,24,7905,1,39937,1,2705,1,0,0,0,0,0,0,0,0,370802,1,19207,1,4539,1,6222,1,22333,1,209512,1,25309,1,4479,1,22293,1,31631,1,296980,1,17065,1,36,1,9559,1,4523,1,17101,1,9559,1,48,1,1240,1,1,1,0,1,0,1,5036,1,4523,1,0,0,201076,1,301818,1,814,1,814,1,0,1,108,1,2304,1,108,1,0,1,1,1,1,1,0,1,0,1,9,1,4,1,32,1,0,1,0,1,17065,1,1,1,0,1,2623,1,17952,1,8,1,8,1,0,1
467,2456400,4523,9559,28.990145,,0,11,9,108,34017,9909,28444,2422383,16,218,160,1,27363,1,40,1,260911,1,487406,1,119119,1,1516613,1,10771,1,407102,1,12835,4,305066,4,79713,4,231665,4,432200,8,625031,108,10390,24,3837,1,31591,1,2695,1,0,0,0,0,0,0,0,0,442199,1,28354,1,4539,1,6813,1,21070,1,206897,1,25579,1,4228,1,22804,1,31430,1,348469,1,17057,1,36,1,9559,1,4523,1,17093,1,9559,1,48,1,1240,1,1,1,0,1,0,1,5036,1,4523,1,0,0,194012,1,300762,1,816,1,816,1,0,1,108,1,2304,1,108,1,0,1,1,1,1,1,0,1,0,1,9,1,4,1,32,1,0,1,0,1,17057,1,1,1,0,1,3729,1,247104,1,8,1,8,1,0,1
468,2375700,4523,9559,28.990145,,0,11,9,108,30546,12033,28574,2345154,16,218,70,1,26711,1,40,1,262885,1,409106,1,118568,1,1516944,1,10831,1,392794,1,12404,4,304926,4,80174,4,231956,4,438462,8,631424,108,10420,24,3667,1,37753,1,2775,1,0,0,0,0,0,0,0,0,371213,1,22002,1,4609,1,7064,1,22213,1,207358,1,25950,1,5000,1,22223,1,31711,1,333671,1,17059,1,36,1,9559,1,4523,1,17095,1,9559,1,48,1,1240,1,1,1,0,1,0,1,5036,1,4523,1,0,0,196161,1,324588,1,816,1,816,1,0,1,108,1,2304,1,108,1,0,1,1,1,1,1,0,1,0,1,9,1,4,1,32,1,0,1,0,1,17059,1,1,1,0,1,1963,1,561,1,8,1,8,1,0,1
469,2321500,4523,9559,28.990139,,0,11,9,108,30099,9128,28784,2291401,16,218,90,1,27833,1,40,1,262604,1,407954,1,119329,1,1462519,1,11031,1,358669,1,12113,4,303222,4,79863,4,232206,4,431599,8,624571,108,10450,24,3877,1,29126,1,2715,1,0,0,0,0,0,0,0,0,369620,1,21471,1,4849,1,6853,1,22112,1,208010,1,25319,1,4338,1,22473,1,31891,1,299786,1,17057,1,36,1,9559,1,4523,1,17093,1,9559,1,48,1,1240,1,1,1,0,1,0,1,5035,1,4524,1,0,0,198405,1,291291,1,815,1,816,1,0,1,108,1,2316,1,108,1,0,1,1,1,1,1,0,1,0,1,9,1,4,1,32,1,0,1,0,1,17057,1,0,1,0,1,2722,1,186813,1,8,1,8,1,0,1
470,2326600,4522,9559,28.990139,,0,11,9,108,31001,9188,28295,2295599,16,218,170,1,27192,1,70,1,261362,1,397724,1,119600,1,1478420,1,11061,1,360242,1,12865,4,307491,4,80014,4,232156,4,434084,8,627625,108,10320,24,3647,1,35979,1,2755,1,0,0,0,0,0,0,0,0,360432,1,21171,1,4529,1,6753,1,22593,1,206497,1,25208,1,4178,1,23104,1,31601,1,301168,1,17050,1,36,1,9559,1,4522,1,17086,1,9559,1,48,1,1240,1,1,1,0,1,0,1,5036,1,4523,1,0,0,195278,1,291489,1,816,1,816,1,0,1,108,1,2316,1,108,1,0,1,1,1,1,1,0,1,0,1,9,1,4,1,32,1,0,1,0,1,17050,1,0,1,0,1,1930,1,2013,1,8,1,8,1,0,1
471,2368500,4521,9559,28.990147,,0,11,9,108,31361,9979,30498,2337139,16,218,150,1,31140,1,60,1,281781,1,417231,1,133126,1,1462549,1,11101,1,354711,1,12454,4,302762,4,80174,4,233909,4,434044,8,626544,108,10911,24,3577,1,28184,1,2755,1,0,0,0,0,0,0,0,0,378046,1,21311,1,4919,1,7324,1,23395,1,224962,1,25569,1,5721,1,27022,1,31430,1,290368,1,17051,1,36,1,9559,1,4521,1,17087,1,9559,1,48,1,1240,1,1,1,0,1,0,1,5037,1,4522,1,0,0,194181,1,317130,1,816,1,816,1,0,1,108,1,2328,1,108,1,0,1,1,1,1,1,0,1,0,1,9,1,4,1,32,1,0,1,0,1,17051,1,0,1,0,1,2790,1,858,1,8,1,8,1,0,1
472,2360300,4521,9559,28.990149,,0,11,9,108,31858,9498,28715,2328442,16,218,60,1,31300,1,40,1,266772,1,406591,1,138145,1,1474582,1,10951,1,352657,1,12504,4,304505,4,80665,4,235482,4,437420,8,633667,108,10520,24,3667,1,35408,1,2775,1,0,0,0,0,0,0,0,0,368939,1,20630,1,5130,1,7124,1,23164,1,209432,1,26711,1,4929,1,22674,1,32162,1,292682,1,17051,1,36,1,9559,1,4521,1,17087,1,9559,1,48,1,1240,1,1,1,0,1,0,1,5038,1,4521,1,0,0,194438,1,306075,1,816,1,816,1,0,1,108,1,2328,1,108,1,0,1,1,1,1,1,0,1,0,1,9,1,4,1,32,1,0,1,0,1,17051,1,1,1,0,1,2689,1,46728,1,8,1,8,1,0,1
473,2346700,4520,9559,28.990149,,0,11,9,108,31122,9158,28413,2315578,16,218,60,1,27383,1,40,1,263767,1,402443,1,135620,1,1475183,1,11081,1,366664,1,12594,4,304555,4,80455,4,234460,4,430567,8,626134,108,10480,24,3928,1,30038,1,2765,1,0,0,0,0,0,0,0,0,364240,1,22172,1,4499,1,7274,1,20710,1,209923,1,25589,1,4699,1,22523,1,31571,1,307691,1,17047,1,36,1,9559,1,4520,1,17083,1,9559,1,48,1,1240,1,1,1,0,1,0,1,5038,1,4521,1,0,0,196541,1,291918,1,816,1,816,1,0,1,108,1,2316,1,108,1,0,1,1,1,1,1,0,1,0,1,9,1,4,1,32,1,0,1,0,1,17047,1,0,1,0,1,2161,1,195525,1,8,1,8,1,0,1
474,2330800,4520,9559,28.990149,,0,11,9,108,30091,9679,28826,2300709,16,218,140,1,27082,1,70,1,265861,1,409056,1,118868,1,1468561,1,11071,1,361585,1,12484,4,302822,4,79773,4,229831,4,429214,8,619880,108,10340,24,3657,1,36821,1,2695,1,0,0,0,0,0,0,0,0,371083,1,21682,1,4539,1,7595,1,21201,1,210835,1,25880,1,4058,1,22483,1,31861,1,303002,1,17048,1,36,1,9559,1,4520,1,17084,1,9559,1,48,1,1240,1,1,1,0,1,0,1,5039,1,4520,1,0,0,197041,1,284559,1,816,1,816,1,0,1,108,1,2316,1,108,1,0,1,1,1,1,1,0,1,0,1,9,1,4,1,32,1,0,1,0,1,17048,1,1,1,0,1,2755,1,181335,1,8,1,8,1,0,1
475,2322300,4519,9559,28.990149,,0,11,9,108,31089,9027,28204,2291211,16,218,80,1,27994,1,80,1,263476,1,396862,1,118417,1,1473270,1,11031,1,365041,1,12434,4,307431,4,80414,4,231595,4,432020,8,624940,108,10470,24,3857,1,28715,1,2735,1,0,0,0,0,0,0,0,0,358729,1,22173,1,4509,1,7003,1,22102,1,208741,1,25339,1,4439,1,22433,1,32042,1,305968,1,17042,1,36,1,9559,1,4519,1,17078,1,9559,1,48,1,1240,1,1,1,0,1,0,1,5039,1,4520,1,0,0,192441,1,273273,1,816,1,816,1,0,1,108,1,2316,1,108,1,0,1,1,1,1,1,0,1,0,1,9,1,4,1,32,1,0,1,0,1,17042,1,0,1,0,1,2524,1,759,1,8,1,8,1,0,1
476,2329100,4519,9559,28.990149,,0,11,9,108,30816,9558,28715,2298284,16,218,80,1,27082,1,70,1,263005,1,408525,1,119399,1,1469222,1,10901,1,356234,1,12133,4,305236,4,80655,4,232837,4,431799,8,625392,108,10530,24,3647,1,34396,1,2725,1,0,0,0,0,0,0,0,0,370812,1,21662,1,4619,1,7204,1,22273,1,207719,1,25549,1,4459,1,22333,1,31881,1,297391,1,17046,1,36,1,9559,1,4519,1,17082,1,9559,1,48,1,1240,1,1,1,0,1,0,1,5040,1,4519,1,0,0,197337,1,304755,1,816,1,816,1,0,1,108,1,2316,1,108,1,0,1,1,1,1,1,0,1,0,1,9,1,4,1,32,1,0,1,0,1,17046,1,1,1,0,1,1996,1,47553,1,8,1,8,1,0,1
477,2300600,4519,9559,28.990149,,0,11,9,108,29848,9488,28454,2270752,16,218,20,1,27383,1,60,1,262805,1,397273,1,118127,1,1454253,1,10831,1,347397,1,12744,4,309424,4,80134,4,230753,4,429365,8,621214,108,10450,24,3667,1,28545,1,2735,1,0,0,0,0,0,0,0,0,360643,1,20840,1,4449,1,6893,1,21882,1,208090,1,25599,1,4418,1,22453,1,31851,1,288474,1,17047,1,36,1,9559,1,4519,1,17083,1,9559,1,48,1,1240,1,1,1,0,1,0,1,5040,1,4519,1,0,0,194636,1,294261,1,816,1,816,1,0,1,108,1,2316,1,108,1,0,1,1,1,1,1,0,1,0,1,9,1,4,1,32,1,0,1,0,1,17047,1,1,1,0,1,2491,1,9075,1,8,1,8,1,0,1
478,2322400,4519,9559,28.990145,,0,11,9,108,31991,12033,28875,2290409,16,218,10,1,27202,1,70,1,262514,1,405569,1,118387,1,1465836,1,10821,1,352437,1,12714,4,308422,4,80004,4,230372,4,429826,8,620723,108,10600,24,3817,1,33534,1,2675,1,0,0,0,0,0,0,0,0,368538,1,21000,1,4579,1,6783,1,22183,1,207298,1,25940,1,5100,1,22473,1,32162,1,292492,1,17045,1,36,1,9559,1,4519,1,17081,1,9559,1,48,1,1240,1,1,1,0,1,0,1,5040,1,4519,1,0,0,195682,1,290400,1,816,1,816,1,0,1,108,1,2316,1,108,1,0,1,1,1,1,1,0,1,0,1,9,1,4,1,32,1,0,1,0,1,17045,1,1,1,0,1,2706,1,18678,1,8,1,8,1,0,1
479,2303900,4518,9559,28.99014,,0,11,9,108,32187,9048,28053,2271713,16,218,110,1,27122,1,50,1,262745,1,396672,1,118778,1,1455446,1,10791,1,356735,1,12694,4,304875,4,79994,4,227587,4,427972,8,617036,108,10470,24,3667,1,30178,1,2695,1,0,0,0,0,0,0,0,0,359671,1,21121,1,4549,1,6943,1,21892,1,208190,1,25479,1,4328,1,22944,1,31731,1,297481,1,17046,1,36,1,9559,1,4518,1,17082,1,9559,1,48,1,1240,1,1,1,0,1,0,1,5040,1,4519,1,0,0,193911,1,271788,1,816,1,816,1,0,1,108,1,2304,1,108,1,0,1,1,1,1,1,0,1,0,1,9,1,4,1,32,1,0,1,0,1,17046,1,0,1,0,1,1963,1,759,1,8,1,8,1,0,1
480,2429700,4517,9559,28.99014,,0,11,9,108,34830,9077,29456,2394870,16,218,100,1,28695,1,60,1,262675,1,437290,1,119860,1,1535119,1,11071,1,407282,1,12865,4,305296,4,80174,4,236885,4,436879,8,633838,108,10470,24,3647,1,40307,1,2705,1,0,0,0,0,0,0,0,0,394207,1,26190,1,4659,1,6703,1,21632,1,207819,1,26240,1,4208,1,23044,1,31480,1,348309,1,17049,1,36,1,9559,1,4517,1,17085,1,9559,1,48,1,1240,1,1,1,0,1,0,1,5041,1,4518,1,0,0,196459,1,322641,1,816,1,816,1,0,1,108,1,2340,1,108,1,0,1,1,1,1,1,0,1,0,1,9,1,4,1,32,1,0,1,0,1,17049,1,0,1,0,1,2128,1,158697,1,8,1,8,1,0,1
481,2343300,4516,9559,28.99014,,0,11,9,108,31590,9007,29936,2311710,16,218,100,1,27343,1,40,1,262144,1,398616,1,118728,1,1493739,1,11001,1,377305,1,12334,4,304735,4,80264,4,234390,4,439113,8,633177,108,10390,24,3627,1,30238,1,2725,1,0,0,0,0,0,0,0,0,360392,1,22373,1,4509,1,6593,1,22233,1,207479,1,25489,1,4338,1,22563,1,31711,1,318522,1,17048,1,36,1,9559,1,4516,1,17084,1,9559,1,48,1,1240,1,1,1,0,1,0,1,5042,1,4517,1,0,0,204446,1,317658,1,816,1,816,1,0,1,108,1,2352,1,108,1,0,1,1,1,1,1,0,1,0,1,9,1,4,1,32,1,0,1,0,1,17048,1,0,1,0,1,2425,1,792,1,8,1,8,1,0,1
482,2409700,4516,9559,28.99014,,0,11,9,108,34503,10019,30499,2375197,16,218,130,1,31070,1,70,1,281851,1,405795,1,138376,1,1506824,1,11081,1,370411,1,16181,4,325074,4,79743,4,233118,4,432070,8,623137,108,11552,24,3727,1,33745,1,2735,1,0,0,0,0,0,0,0,0,366379,1,20720,1,5090,1,6613,1,22403,1,225754,1,26541,1,5010,1,27202,1,31440,1,306569,1,17050,1,36,1,9559,1,4516,1,17086,1,9559,1,48,1,1240,1,1,1,0,1,0,1,5042,1,4517,1,0,0,195737,1,316734,1,816,1,816,1,0,1,108,1,2304,1,108,1,0,1,1,1,1,1,0,1,0,1,9,1,4,1,32,1,0,1,0,1,17050,1,0,1,0,1,3086,1,180857,1,8,1,8,1,0,1
483,2339700,4516,9559,28.99014,,0,11,9,108,31466,8967,28243,2308234,16,218,130,1,31080,1,40,1,264749,1,399137,1,130360,1,1471987,1,10751,1,357366,1,12684,4,314634,4,79433,4,231525,4,431198,8,624200,108,10280,24,3617,1,29877,1,2685,1,0,0,0,0,0,0,0,0,361074,1,21782,1,4799,1,6482,1,21892,1,209603,1,26481,1,5110,1,27242,1,31410,1,293394,1,17050,1,36,1,9559,1,4516,1,17086,1,9559,1,48,1,1240,1,1,1,0,1,0,1,5042,1,4517,1,0,0,193096,1,286539,1,816,1,816,1,0,1,108,1,2304,1,108,1,0,1,1,1,1,1,0,1,0,1,9,1,4,1,32,1,0,1,0,1,17050,1,0,1,0,1,1765,1,193677,1,8,1,8,1,0,1
484,2293400,4515,9559,28.99014,,0,11,9,108,30353,9168,27993,2263047,16,218,100,1,27353,1,40,1,261773,1,397944,1,117856,1,1447220,1,10761,1,346666,1,12193,4,302000,4,79693,4,229421,4,427962,8,618999,108,10390,24,3867,1,33544,1,2705,1,0,0,0,0,0,0,0,0,361514,1,20379,1,4689,1,7003,1,21652,1,207018,1,25769,1,4318,1,22303,1,31460,1,288344,1,17049,1,36,1,9559,1,4515,1,17085,1,9559,1,48,1,1240,1,1,1,0,1,0,1,5042,1,4517,1,0,0,196087,1,284757,1,816,1,816,1,0,1,108,1,2304,1,108,1,0,1,1,1,1,1,0,1,0,1,9,1,4,1,32,1,0,1,0,1,17049,1,0,1,0,1,1633,1,190344,1,8,1,8,1,0,1
485,2299700,4516,9559,28.99014,,0,11,9,108,29980,9238,28925,2269720,16,218,150,1,27012,1,40,1,260280,1,395770,1,119099,1,1456578,1,10791,1,346936,1,12324,4,307230,4,79964,4,233238,4,432711,8,626534,108,10490,24,3627,1,28555,1,2755,1,0,0,0,0,0,0,0,0,359000,1,20910,1,4499,1,6873,1,22133,1,205475,1,25519,1,4649,1,22674,1,31731,1,287612,1,17048,1,36,1,9559,1,4516,1,17084,1,9559,1,48,1,1240,1,1,1,0,1,0,1,5043,1,4516,1,0,0,197267,1,301257,1,816,1,816,1,0,1,108,1,2304,1,108,1,0,1,1,1,1,1,0,1,0,1,9,1,4,1,32,1,0,1,0,1,17048,1,0,1,0,1,1732,1,594,1,8,1,8,1,0,1
486,2375600,4514,9559,28.99014,,0,11,9,108,31908,9889,30307,2343692,16,218,150,1,30899,1,60,1,283344,1,423764,1,135310,1,1459032,1,11131,1,353729,1,12945,4,301669,4,79092,4,233488,4,425056,8,617958,108,10280,24,3727,1,36560,1,2876,1,0,0,0,0,0,0,0,0,383717,1,21531,1,5020,1,7514,1,22804,1,226725,1,25729,1,5029,1,26741,1,31511,1,290247,1,17044,1,36,1,9559,1,4514,1,17080,1,9559,1,48,1,1240,1,1,1,0,1,0,1,5043,1,4516,1,0,0,195672,1,286143,1,816,1,816,1,0,1,108,1,2304,1,108,1,0,1,1,1,1,1,0,1,0,1,9,1,4,1,32,1,0,1,0,1,17044,1,0,1,0,1,14585,1,207009,1,8,1,8,1,0,1
487,2414700,4514,9559,28.990133,,0,11,9,108,31232,9158,29256,2383468,16,218,70,1,31070,1,40,1,264358,1,446758,1,124730,1,1505632,1,10811,1,386482,1,12494,4,304224,4,80094,4,236124,4,439033,8,635461,108,10440,24,3947,1,31300,1,2775,1,0,0,0,0,0,0,0,0,404016,1,24798,1,5260,1,6693,1,23004,1,207729,1,26511,1,4819,1,22694,1,31901,1,326858,1,17041,1,36,1,9559,1,4514,1,17077,1,9559,1,48,1,1240,1,1,1,0,1,0,1,5044,1,4515,1,0,0,198039,1,291192,1,816,1,816,1,0,1,108,1,2304,1,108,1,0,1,1,1,1,1,0,1,0,1,9,1,4,1,32,1,0,1,0,1,17041,1,0,1,0,1,2722,1,100353,1,8,1,8,1,0,1
488,2326100,4514,9559,28.990128,,0,11,9,108,31162,9067,27483,2294938,16,218,100,1,27473,1,40,1,265640,1,399828,1,119149,1,1471897,1,10811,1,364721,1,12444,4,305507,4,79673,4,228549,4,429525,8,620321,108,10270,24,3948,1,35759,1,2705,1,0,0,0,0,0,0,0,0,362807,1,21191,1,4609,1,6142,1,22022,1,211506,1,25649,1,4479,1,22463,1,31661,1,305898,1,17045,1,36,1,9559,1,4514,1,17081,1,9559,1,48,1,1240,1,1,1,0,1,0,1,5044,1,4515,1,0,0,192891,1,287001,1,816,1,816,1,0,1,108,1,2316,1,108,1,0,1,1,1,1,1,0,1,0,1,9,1,4,1,32,1,0,1,0,1,17045,1,0,1,0,1,2359,1,9372,1,8,1,8,1,0,1
489,2312700,4513,9559,28.990131,,0,11,9,108,30887,9178,29026,2281813,16,218,20,1,27653,1,40,1,262073,1,394498,1,117977,1,1468521,1,11031,1,354922,1,12274,4,306930,4,80304,4,232687,4,436278,8,629499,108,10440,24,3918,1,29286,1,2745,1,0,0,0,0,0,0,0,0,358779,1,20038,1,4469,1,6442,1,22092,1,207679,1,25529,1,4719,1,23445,1,31571,1,294957,1,17041,1,36,1,9559,1,4513,1,17077,1,9559,1,48,1,1240,1,1,1,0,1,0,1,5045,1,4514,1,0,0,195627,1,306504,1,816,1,816,1,0,1,108,1,2316,1,108,1,0,1,1,1,1,1,0,1,0,1,9,1,4,1,32,1,0,1,0,1,17041,1,0,1,0,1,2128,1,792,1,8,1,8,1,0,1
490,2328400,4513,9559,28.990131,,0,11,9,108,31067,9779,28294,2297333,16,218,80,1,27343,1,40,1,262675,1,408374,1,121884,1,1466046,1,10891,1,350203,1,12374,4,304144,4,80695,4,233549,4,434344,8,629159,108,10440,24,3867,1,34336,1,2755,1,0,0,0,0,0,0,0,0,371724,1,20700,1,4559,1,6723,1,21091,1,209001,1,25549,1,4489,1,21892,1,31561,1,292011,1,17043,1,36,1,9559,1,4513,1,17079,1,9559,1,48,1,1240,1,1,1,0,1,0,1,5046,1,4513,1,0,0,194360,1,317526,1,816,1,816,1,0,1,108,1,2316,1,108,1,0,1,1,1,1,1,0,1,0,1,9,1,4,1,32,1,0,1,0,1,17043,1,1,1,0,1,1963,1,225654,1,8,1,8,1,0,1
491,2303500,4514,9559,28.990131,,0,11,9,108,30063,9468,28945,2273437,16,218,100,1,27523,1,40,1,262154,1,394828,1,118868,1,1459153,1,10771,1,343329,1,12354,4,306669,4,80535,4,234761,4,437320,8,632776,108,10360,24,3928,1,28074,1,2715,1,0,0,0,0,0,0,0,0,357707,1,21171,1,4569,1,6863,1,20860,1,208661,1,25419,1,4599,1,22694,1,31861,1,283955,1,17043,1,36,1,9559,1,4514,1,17079,1,9559,1,48,1,1240,1,1,1,0,1,0,1,5045,1,4514,1,0,0,202621,1,358446,1,816,1,816,1,0,1,108,1,2328,1,108,1,0,1,1,1,1,1,0,1,0,1,9,1,4,1,32,1,0,1,0,1,17043,1,0,1,0,1,2722,1,12342,1,8,1,8,1,0,1
492,2301500,4514,9559,28.990131,,0,11,9,108,29927,10430,28354,2271573,16,218,70,1,27042,1,40,1,260029,1,394848,1,118508,1,1460105,1,10931,1,344011,1,12264,4,304805,4,80565,4,232797,4,435496,8,629509,108,10430,24,3777,1,33214,1,2745,1,0,0,0,0,0,0,0,0,358749,1,20269,1,4529,1,6843,1,21752,1,206146,1,25008,1,4328,1,22183,1,31661,1,285669,1,17046,1,36,1,9559,1,4514,1,17082,1,9559,1,48,1,1240,1,1,1,0,1,0,1,5045,1,4514,1,0,0,199446,1,336501,1,816,1,816,1,0,1,108,1,2328,1,108,1,0,1,1,1,1,1,0,1,0,1,9,1,4,1,32,1,0,1,0,1,17046,1,1,1,0,1,2227,1,181071,1,8,1,8,1,0,1
493,2334500,4514,9559,28.990131,,0,11,9,108,30695,10240,28344,2303805,16,218,20,1,27944,1,30,1,262815,1,403545,1,118037,1,1480544,1,10871,1,373507,1,12394,4,305136,4,79783,4,229521,4,432591,8,623298,108,10470,24,3707,1,30939,1,2725,1,0,0,0,0,0,0,0,0,363809,1,23435,1,4699,1,6513,1,23455,1,207188,1,25379,1,4068,1,22563,1,31591,1,315105,1,17043,1,36,1,9559,1,4514,1,17079,1,9559,1,48,1,1240,1,1,1,0,1,0,1,5045,1,4514,1,0,0,194073,1,275781,1,816,1,816,1,0,1,108,1,2316,1,108,1,0,1,1,1,1,1,0,1,0,1,9,1,4,1,32,1,0,1,0,1,17043,1,1,1,0,1,2161,1,155958,1,8,1,8,1,0,1
494,2334500,4513,9559,28.99013,,0,11,9,108,30935,9288,28565,2303565,16,218,30,1,26992,1,50,1,261452,1,395500,1,118538,1,1489902,1,11101,1,369480,1,12233,4,304405,4,80134,4,235412,4,435557,8,631903,108,10500,24,3677,1,37011,1,2705,1,0,0,0,0,0,0,0,0,358138,1,21060,1,4769,1,6172,1,22133,1,207709,1,25188,1,4238,1,22543,1,31761,1,310747,1,17043,1,36,1,9559,1,4513,1,17079,1,9559,1,48,1,1240,1,1,1,0,1,0,1,5045,1,4514,1,0,0,196072,1,334389,1,816,1,816,1,0,1,108,1,2316,1,108,1,0,1,1,1,1,1,0,1,0,1,9,1,4,1,32,1,0,1,0,1,17043,1,0,1,0,1,2623,1,166287,1,8,1,8,1,0,1
495,2306300,4514,9559,28.990126,,0,11,9,108,30409,9158,28884,2275891,16,218,30,1,27302,1,40,1,261242,1,400459,1,120892,1,1454784,1,11141,1,346796,1,12304,4,304375,4,79683,4,234220,4,432841,8,627778,108,10400,24,3647,1,29066,1,2695,1,0,0,0,0,0,0,0,0,363488,1,20960,1,4619,1,6262,1,20890,1,208350,1,25479,1,4288,1,22613,1,31881,1,287833,1,17051,1,36,1,9559,1,4514,1,17087,1,9559,1,48,1,1240,1,1,1,0,1,0,1,5045,1,4514,1,0,0,194433,1,329010,1,816,1,816,1,0,1,108,1,2328,1,108,1,0,1,1,1,1,1,0,1,0,1,9,1,4,1,32,1,0,1,0,1,17051,1,0,1,0,1,2590,1,197076,1,8,1,8,1,0,1
496,2321900,4514,9559,28.990126,,0,11,9,108,31481,10049,28495,2290419,16,218,20,1,27212,1,30,1,262214,1,400900,1,117977,1,1471096,1,10971,1,355302,1,12314,4,304745,4,79843,4,233468,4,434695,8,629229,108,10440,24,3897,1,34015,1,2765,1,0,0,0,0,0,0,0,0,363969,1,20930,1,4639,1,6833,1,22112,1,207669,1,25178,1,4398,1,22263,1,31711,1,296750,1,17050,1,36,1,9559,1,4514,1,17086,1,9559,1,48,1,1240,1,1,1,0,1,0,1,5045,1,4514,1,0,0,199409,1,330990,1,816,1,816,1,0,1,108,1,2316,1,108,1,0,1,1,1,1,1,0,1,0,1,9,1,4,1,32,1,0,1,0,1,17050,1,1,1,0,1,2623,1,166320,1,8,1,8,1,0,1
497,2302200,4515,9559,28.990126,,0,11,9,108,30156,8987,28184,2272044,16,218,80,1,27433,1,40,1,259418,1,396652,1,118187,1,1459183,1,11051,1,347127,1,12484,4,306449,4,80294,4,232797,4,436919,8,631082,108,10450,24,3647,1,27733,1,2745,1,0,0,0,0,0,0,0,0,360653,1,20139,1,4709,1,6492,1,20910,1,206497,1,25228,1,4679,1,22373,1,31861,1,288033,1,17049,1,36,1,9559,1,4515,1,17085,1,9559,1,48,1,1240,1,1,1,0,1,0,1,5043,1,4516,1,0,0,202410,1,314688,1,816,1,816,1,0,1,108,1,2304,1,108,1,0,1,1,1,1,1,0,1,0,1,9,1,4,1,32,1,0,1,0,1,17049,1,0,1,0,1,2080,1,462,1,8,1,8,1,0,1
498,2302100,4514,9559,28.990126,,0,11,9,108,30737,9047,28564,2271363,16,218,50,1,27443,1,40,1,261863,1,394788,1,120822,1,1455536,1,10821,1,348239,1,12594,4,307180,4,80234,4,232036,4,428293,8,621394,108,10370,24,3667,1,31521,1,2725,1,0,0,0,0,0,0,0,0,358368,1,20720,1,4439,1,6422,1,22082,1,207458,1,25569,1,4689,1,23064,1,31611,1,288654,1,17050,1,36,1,9559,1,4514,1,17086,1,9559,1,48,1,1240,1,1,1,0,1,0,1,5044,1,4515,1,0,0,194556,1,262977,1,816,1,816,1,0,1,108,1,2316,1,108,1,0,1,1,1,1,1,0,1,0,1,9,1,4,1,32,1,0,1,0,1,17050,1,0,1,0,1,2590,1,528,1,8,1,8,1,0,1
499,2381500,4515,9559,28.990126,,0,11,9,108,30745,9078,29687,2350755,16,218,70,1,27623,1,40,1,262254,1,398035,1,117606,1,1534197,1,10931,1,346696,1,11292,4,334523,4,82248,4,252335,4,458070,8,670468,108,10250,24,4689,1,31881,1,3387,1,0,0,0,0,0,0,0,0,361214,1,20990,1,4589,1,7013,1,22153,1,207248,1,25569,1,4398,1,22443,1,31871,1,287783,1,17047,1,36,1,9559,1,4515,1,17083,1,9559,1,48,1,1240,1,1,1,0,1,0,1,5044,1,4515,1,0,0,205415,1,368775,1,816,1,816,1,0,1,108,1,2304,1,108,1,0,1,1,1,1,1,0,1,0,1,9,1,4,1,32,1,0,1,0,1,17047,1,0,1,0,1,2623,1,174735,1,8,1,8,1,0,1
