step,wall_ns,manifolds,pairs,top_y,awake,void,colors,wide_colors,waves,g_ns,u_ns,r_ns,sys_sum_ns,disp_lane,worker_lane_max,sys_physics_integrate_ns,sys_physics_integrate_n,sys_physics_gather_ns,sys_physics_gather_n,sys_select_broadphase_ns,sys_select_broadphase_n,sys_physics_broadphase_ns,sys_physics_broadphase_n,sys_physics_narrowphase_ns,sys_physics_narrowphase_n,sys_physics_build_graph_ns,sys_physics_build_graph_n,sys_physics_solve_colored_ns,sys_physics_solve_colored_n,sys_physics_apply_ns,sys_physics_apply_n,phys_solve_build_ns,phys_solve_build_n,phys_gravity_ns,phys_gravity_n,phys_warm_apply_ns,phys_warm_apply_n,phys_integrate_ns,phys_integrate_n,phys_pass_biased_ns,phys_pass_biased_n,phys_pass_relax_ns,phys_pass_relax_n,phys_color_wide_ns,phys_color_wide_n,phys_color_narrow_ns,phys_color_narrow_n,phys_restitution_ns,phys_restitution_n,phys_store_ns,phys_store_n,phys_write_back_ns,phys_write_back_n,phys_sleep_begin_ns,phys_sleep_begin_n,phys_sleep_freeze_ns,phys_sleep_freeze_n,phys_sleep_end_ns,phys_sleep_end_n,phys_np_dispatch_ns,phys_np_dispatch_n,phys_np_compact_ns,phys_np_compact_n,phys_np_axis_commit_ns,phys_np_axis_commit_n,phys_slots_wide,phys_slots_wide_n,phys_slots_narrow,phys_slots_narrow_n,phys_np_pairs,phys_np_pairs_n,phys_np_manifolds,phys_np_manifolds_n,phys_np_points,phys_np_points_n,phys_bp_pairs,phys_bp_pairs_n,phys_np_chunks,phys_np_chunks_n
0,7438900,4495,9570,35.998295,,0,9,9,108,83250,7334,4509,7355650,16,154,2876,1,161294,1,1192,1,2325231,1,946801,1,163017,1,3742917,1,12324,1,1413368,1,15039,4,667077,4,96458,4,383496,4,710020,8,1089007,108,0,0,6633,1,439114,1,4379,1,0,0,0,0,0,0,675944,1,128149,1,30429,1,17980,1,0,1,9570,1,4495,1,17980,1,9570,1,48,1
1,6264500,4196,9570,35.993866,,0,8,8,96,49658,3256,2244,6214842,16,142,190,1,77220,1,391,1,2468850,1,531954,1,93642,1,3030291,1,12304,1,825325,1,12254,4,579557,4,78392,4,376512,4,740570,8,1114837,96,0,0,10801,1,400609,1,3016,1,0,0,0,0,0,0,493690,1,29938,1,4639,1,15924,1,0,1,9570,1,4196,1,15924,1,9570,1,48,1
2,5328700,4142,9570,35.986713,,0,8,8,96,34548,1222,4358,5294152,16,142,170,1,26972,1,100,1,2123238,1,445266,1,90746,1,2596388,1,11272,1,792681,1,11883,4,574016,4,78092,4,328158,4,636838,8,960638,96,0,0,5370,1,165512,1,2615,1,0,0,0,0,0,0,409666,1,27093,1,4459,1,15744,1,0,1,9570,1,4142,1,15744,1,9570,1,48,1
3,5249000,4111,9570,35.976837,,0,8,8,96,35224,1393,5000,5213776,16,142,20,1,29327,1,40,1,1899944,1,553616,1,88692,1,2630444,1,11693,1,919908,1,12314,4,575940,4,77771,4,314311,4,567634,8,876945,96,0,0,5851,1,152496,1,2825,1,0,0,0,0,0,0,515933,1,28285,1,5030,1,15687,1,0,1,9570,1,4111,1,15687,1,9570,1,48,1
4,5505400,4100,9570,35.964233,,0,8,8,96,40095,1333,5290,5465305,16,142,10,1,25800,1,60,1,1898671,1,538637,1,90215,1,2900319,1,11593,1,878788,1,11643,4,647188,4,77972,4,393024,4,700422,8,1088156,96,0,0,5451,1,181733,1,2765,1,0,0,0,0,0,0,501535,1,29357,1,3807,1,15670,1,0,1,9570,1,4100,1,15670,1,9570,1,48,1
5,5037400,4087,9570,35.948902,,0,8,8,96,35786,1222,5421,5001614,16,142,200,1,26391,1,110,1,1900094,1,420968,1,89925,1,2552192,1,11733,1,765358,1,11923,4,578164,4,77120,4,357786,4,593955,8,946320,96,0,0,5561,1,158378,1,2725,1,0,0,0,0,0,0,392112,1,21161,1,3737,1,15642,1,0,1,9570,1,4087,1,15642,1,9570,1,48,1
6,5575900,4079,9570,35.93085,,0,8,8,96,38535,1954,2254,5537365,16,142,90,1,26141,1,130,1,2261507,1,430597,1,87610,1,2719557,1,11733,1,778323,1,12063,4,573876,4,82380,4,328869,4,663740,8,990355,96,0,0,9348,1,263472,1,5531,1,0,0,0,0,0,0,397693,1,24778,1,3837,1,15666,1,0,1,9570,1,4079,1,15666,1,9570,1,48,1
7,5050300,4073,9570,35.910072,,0,8,8,96,39569,1102,2114,5010731,16,142,20,1,26451,1,60,1,1910915,1,510122,1,91518,1,2460153,1,11492,1,822299,1,12374,4,575138,4,77571,4,286106,4,531042,8,815035,96,0,0,5661,1,146234,1,2625,1,0,0,0,0,0,0,472970,1,28495,1,4809,1,15684,1,0,1,9570,1,4073,1,15684,1,9570,1,48,1
8,5495900,4066,9570,35.88657,,0,8,8,96,37478,1623,2084,5458422,16,142,90,1,25890,1,30,1,1906587,1,495323,1,90245,1,2928403,1,11853,1,899058,1,13446,4,723256,4,83242,4,361653,4,673459,8,1033028,96,0,0,5691,1,164109,1,2866,1,0,0,0,0,0,0,445596,1,42432,1,3898,1,15684,1,0,1,9570,1,4066,1,15684,1,9570,1,48,1
9,6026400,4061,9570,35.86034,,0,8,8,96,48237,1824,2555,5978163,16,142,150,1,32834,1,50,1,2169638,1,413163,1,88612,1,3255329,1,18386,1,822459,1,15400,4,903376,4,100826,4,335622,4,825615,8,1158683,96,0,0,11903,1,231390,1,6913,1,0,0,0,0,0,0,387373,1,18005,1,3737,1,15705,1,0,1,9570,1,4061,1,15705,1,9570,1,48,1
10,5577700,4053,9570,35.831387,,0,8,8,96,37068,1202,2455,5540632,16,142,301,1,36832,1,110,1,2275845,1,440336,1,86498,1,2689198,1,11512,1,776389,1,12264,4,573575,4,79244,4,357295,4,684992,8,1039832,96,0,0,10641,1,190771,1,2825,1,0,0,0,0,0,0,408885,1,24778,1,3607,1,15690,1,0,1,9570,1,4053,1,15690,1,9570,1,48,1
11,4996700,4054,9570,35.79971,,0,8,8,96,36166,1313,2044,4960534,16,142,130,1,26121,1,30,1,1933198,1,436960,1,89223,1,2463349,1,11522,1,768845,1,11542,4,576000,4,76930,4,300103,4,575018,8,873077,96,0,0,5390,1,144922,1,3286,1,0,0,0,0,0,0,402983,1,25900,1,3707,1,15715,1,0,1,9570,1,4054,1,15715,1,9570,1,48,1
12,5190900,4056,9570,35.765305,,0,8,8,96,36199,1333,2205,5154701,16,142,40,1,25470,1,70,1,1909633,1,430086,1,113531,1,2663929,1,11943,1,920289,1,11713,4,577352,4,77421,4,291968,4,524931,8,814694,96,0,0,6162,1,250016,1,2745,1,0,0,0,0,0,0,395038,1,27173,1,3868,1,15716,1,0,1,9570,1,4056,1,15716,1,9570,1,48,1
13,5879000,4055,9570,35.728176,,0,8,8,96,44377,1453,6402,5834623,16,137,421,1,25760,1,30,1,1912107,1,555971,1,112940,1,3215722,1,11673,1,1173642,1,13937,4,797510,4,87029,4,341133,4,606990,8,941721,96,0,0,6112,1,185070,1,2846,1,0,0,0,0,0,0,506755,1,38645,1,4669,1,15731,1,0,1,9570,1,4055,1,15731,1,9570,1,48,1
14,5663000,4060,9570,35.688324,,0,8,8,96,35880,1653,2405,5627120,16,142,120,1,31241,1,50,1,2118789,1,418063,1,88282,1,2958983,1,11593,1,854060,1,12504,4,684521,4,78252,4,374087,4,719379,8,1091061,96,0,0,6032,1,225528,1,2966,1,0,0,0,0,0,0,391120,1,18155,1,4859,1,15731,1,0,1,9570,1,4060,1,15731,1,9570,1,48,1
15,5186400,4057,9570,35.64575,,0,8,8,96,37670,1282,2585,5148730,16,142,220,1,25680,1,20,1,1899272,1,428202,1,87580,1,2694569,1,13186,1,835705,1,14198,4,574647,4,80066,4,321595,4,602752,8,921762,96,0,0,7885,1,253272,1,3166,1,0,0,0,0,0,0,399417,1,22063,1,3657,1,15734,1,0,1,9570,1,4057,1,15734,1,9570,1,48,1
16,5487200,4055,9570,35.600445,,0,8,8,96,37685,1413,2024,5449515,16,142,10,1,26952,1,100,1,2337585,1,430948,1,88712,1,2553114,1,12094,1,813682,1,11793,4,575178,4,77651,4,304131,4,550981,8,853088,96,0,0,6372,1,209137,1,2775,1,0,0,0,0,0,0,396581,1,25009,1,4659,1,15727,1,0,1,9570,1,4055,1,15727,1,9570,1,48,1
17,5282700,4051,9570,35.552414,,0,8,8,96,35769,1282,2094,5246931,16,142,20,1,25399,1,100,1,1910805,1,535611,1,102048,1,2661615,1,11332,1,949456,1,12083,4,575739,4,77631,4,293451,4,573305,8,864661,96,0,0,5891,1,169990,1,2785,1,0,0,0,0,0,0,500012,1,26622,1,3637,1,15724,1,0,1,9570,1,4051,1,15724,1,9570,1,48,1
18,5679700,4049,9570,35.501663,,0,8,8,96,39505,1483,2024,5640195,16,142,10,1,25670,1,30,1,1907368,1,587452,1,106808,1,3000604,1,12254,1,946951,1,13005,4,684401,4,79605,4,364008,4,670283,8,1032267,96,0,0,5992,1,232021,1,2856,1,0,0,0,0,0,0,545200,1,33295,1,3637,1,15728,1,0,1,9570,1,4049,1,15728,1,9570,1,48,1
19,5658900,4050,9570,35.448185,,0,8,8,96,36850,1433,11502,5622050,16,142,150,1,33044,1,100,1,2191931,1,416029,1,85436,1,2883977,1,11382,1,855052,1,13176,4,624274,4,79485,4,401020,4,717405,8,1106922,96,0,0,9829,1,178307,1,3998,1,0,0,0,0,0,0,388175,1,20279,1,3587,1,15736,1,0,1,9570,1,4050,1,15736,1,9570,1,48,1
20,6189500,4829,9570,35.391983,,0,14,12,144,36749,1403,5581,6152751,16,214,100,1,29708,1,140,1,1928459,1,478681,1,114933,1,3586793,1,13937,1,991227,1,13266,4,782311,4,86679,4,458160,4,902515,8,1309526,144,45569,24,7765,1,337807,1,5661,1,0,0,0,0,0,0,421680,1,39357,1,9298,1,18718,1,144,1,9570,1,4829,1,18862,1,9570,1,48,1
21,6635100,4715,9570,35.333054,,0,13,11,132,43174,1743,6553,6591926,16,199,60,1,39357,1,80,1,2349558,1,573415,1,109473,1,3506407,1,13576,1,987971,1,13126,4,637960,4,82160,4,428623,4,754898,8,1144475,132,32493,24,6853,1,587572,1,5501,1,0,0,0,0,0,0,526694,1,31972,1,7585,1,17266,1,101,1,9570,1,4715,1,17367,1,9570,1,48,1
22,6662600,4565,9570,35.2714,,0,13,10,120,47399,1443,7565,6615201,16,197,281,1,33235,1,521,1,2378214,1,514631,1,146825,1,3526646,1,14849,1,1083376,1,13196,4,707495,4,79955,4,397823,4,769797,8,1094818,120,65237,36,6422,1,460325,1,6813,1,0,0,0,0,0,0,460816,1,36972,1,7354,1,16624,1,220,1,9570,1,4565,1,16844,1,9570,1,48,1
23,6469400,4496,9570,35.207024,,0,13,10,120,40261,1383,5190,6429139,16,202,250,1,27924,1,110,1,2361070,1,499080,1,104864,1,3423826,1,12013,1,1007028,1,11843,4,615767,4,79695,4,398044,4,754056,8,1088726,120,58183,36,9709,1,539900,1,6402,1,0,0,0,0,0,0,450215,1,36521,1,5310,1,16445,1,200,1,9570,1,4496,1,16645,1,9570,1,48,1
24,5615800,4419,9570,35.13992,,0,12,10,120,34369,1413,5360,5581431,16,190,170,1,26281,1,160,1,1912198,1,536653,1,100014,1,2994301,1,11653,1,1050973,1,12284,4,606559,4,78172,4,352064,4,637399,8,962090,120,22013,24,7064,1,245597,1,2775,1,0,0,0,0,0,0,497447,1,29177,1,5200,1,16356,1,88,1,9570,1,4419,1,16444,1,9570,1,48,1
25,5633500,4390,9570,35.07009,,0,12,9,108,34655,1403,4589,5598845,16,190,30,1,25940,1,150,1,1909943,1,474282,1,107018,1,3069588,1,11893,1,1010505,1,12785,4,604175,4,78733,4,345612,4,712986,8,973132,108,80877,36,6012,1,294282,1,3096,1,0,0,0,0,0,0,429836,1,32283,1,5571,1,16055,1,291,1,9570,1,4390,1,16346,1,9570,1,48,1
26,6054700,4353,9570,34.997536,,0,12,9,108,38584,1282,4709,6016116,16,190,60,1,27002,1,90,1,1909112,1,630436,1,121336,1,3316478,1,11603,1,1115579,1,12023,4,676555,4,78362,4,390309,4,756310,8,1078887,108,63023,36,5881,1,277309,1,2866,1,0,0,0,0,0,0,575819,1,42643,1,5050,1,16062,1,229,1,9570,1,4353,1,16291,1,9570,1,48,1
27,5715900,4336,9570,34.92226,,0,12,9,108,37440,1163,4669,5678460,16,190,130,1,26351,1,60,1,1910224,1,478069,1,100936,1,3150846,1,11843,1,960427,1,12144,4,651296,4,78663,4,397302,4,782050,8,1116801,108,57883,36,7364,1,256398,1,4038,1,0,0,0,0,0,0,446929,1,21372,1,5501,1,16019,1,201,1,9570,1,4336,1,16220,1,9570,1,48,1
28,6169600,4982,9570,34.844257,,0,14,11,132,36106,1232,6132,6133494,16,214,70,1,30770,1,200,1,1917788,1,498189,1,137557,1,3536696,1,12224,1,1057636,1,11963,4,698207,4,79685,4,479212,4,855443,8,1231584,132,96938,36,7555,1,341354,1,4409,1,0,0,0,0,0,0,451007,1,33024,1,8927,1,18465,1,392,1,9570,1,4982,1,18857,1,9570,1,48,1
29,6133100,4783,9570,34.763527,,0,14,11,132,36808,1293,5892,6096292,16,214,50,1,30299,1,190,1,2101816,1,530481,1,122638,1,3298773,1,12043,1,995816,1,12324,4,645315,4,77821,4,384658,4,756932,8,1095369,132,40328,36,6813,1,414305,1,3497,1,0,0,0,0,0,0,484572,1,34076,1,5972,1,17239,1,139,1,9570,1,4783,1,17378,1,9570,1,48,1
30,6881800,4670,9570,34.680073,,0,13,11,132,45359,1403,12574,6836441,16,200,20,1,26832,1,441,1,2542783,1,525722,1,139211,1,3587444,1,13987,1,1006437,1,12725,4,628963,4,82861,4,485614,4,821277,8,1257545,132,36771,24,11512,1,525381,1,11272,1,0,0,0,0,0,0,479292,1,36150,1,5691,1,16931,1,131,1,9570,1,4670,1,17062,1,9570,1,48,1
31,7075100,4639,9570,34.593895,,0,13,11,132,42718,1733,6352,7032382,16,202,230,1,77040,1,190,1,2379787,1,532766,1,118621,1,3911735,1,12013,1,1180034,1,15490,4,817579,4,89494,4,512386,4,919036,8,1385573,132,39497,24,8126,1,362495,1,5360,1,0,0,0,0,0,0,473350,1,41781,1,6192,1,16699,1,106,1,9570,1,4639,1,16805,1,9570,1,48,1
32,6254500,4573,9570,34.504993,,0,13,11,132,46240,1573,5771,6208260,16,202,100,1,32643,1,50,1,2070485,1,528427,1,116096,1,3446090,1,14368,1,1016777,1,12424,4,609315,4,80016,4,422341,4,856094,8,1234781,132,37884,24,7154,1,435547,1,4849,1,0,0,0,0,0,0,479422,1,35008,1,6463,1,16368,1,130,1,9570,1,4573,1,16498,1,9570,1,48,1
33,5594000,4491,9570,34.413364,,0,13,11,132,35624,1222,5812,5558376,16,202,240,1,28065,1,50,1,1919051,1,531163,1,128981,1,2938864,1,11963,1,979645,1,12564,4,598403,4,78312,4,346003,4,676996,8,987900,132,29287,24,5942,1,236971,1,2805,1,0,0,0,0,0,0,493219,1,27203,1,6252,1,16106,1,116,1,9570,1,4491,1,16222,1,9570,1,48,1
34,6425800,5031,9570,34.31901,,0,14,11,132,35867,1433,6323,6389933,16,214,20,1,26441,1,80,1,1923419,1,676525,1,165552,1,3586082,1,11813,1,1296460,1,12685,4,689891,4,78252,4,400829,4,764837,8,1070771,132,88572,36,6933,1,331404,1,3357,1,0,0,0,0,0,0,600006,1,56249,1,8947,1,17973,1,388,1,9570,1,5031,1,18361,1,9570,1,48,1
35,6047400,4806,9570,34.221935,,0,14,11,132,35312,1252,5922,6012088,16,214,10,1,26291,1,110,1,1920754,1,612220,1,168287,1,3272392,1,12023,1,1144996,1,12484,4,627700,4,78392,4,385369,4,726863,8,1064820,132,41491,36,7044,1,285555,1,2735,1,0,0,0,0,0,0,558736,1,37904,1,8507,1,16833,1,118,1,9570,1,4806,1,16951,1,9570,1,48,1
36,6181000,4646,9570,34.12213,,0,14,11,132,37306,1222,5972,6143694,16,214,110,1,26532,1,70,1,1916736,1,588745,1,124141,1,3475487,1,11873,1,1087284,1,14298,4,700522,4,83733,4,443362,4,859802,8,1255591,132,41601,36,7495,1,274784,1,2986,1,0,0,0,0,0,0,520512,1,52181,1,7254,1,16171,1,126,1,9570,1,4646,1,16297,1,9570,1,48,1
37,5932000,4535,9570,34.019604,,0,13,10,120,36168,1182,5461,5895832,16,202,60,1,26221,1,40,1,1914001,1,584767,1,120103,1,3238246,1,12394,1,1036485,1,12334,4,590929,4,78322,4,433743,4,820796,8,1164163,120,84915,36,5571,1,255938,1,2946,1,0,0,0,0,0,0,538878,1,34016,1,7454,1,15408,1,325,1,9570,1,4535,1,15733,1,9570,1,48,1
38,5791300,4502,9570,33.91435,,0,13,11,132,35009,1232,5611,5756291,16,202,170,1,26151,1,30,1,1981663,1,529740,1,116667,1,3089677,1,12194,1,906512,1,13506,4,591851,4,80857,4,413584,4,812399,8,1190524,132,29848,24,7184,1,258232,1,4318,1,0,0,0,0,0,0,494301,1,23856,1,6623,1,15473,1,104,1,9570,1,4502,1,15577,1,9570,1,48,1
39,6125500,4984,9570,33.806374,,0,14,12,144,42764,1242,5962,6082736,16,214,220,1,32623,1,60,1,1976973,1,568986,1,136235,1,3355233,1,12404,1,1030964,1,12484,4,648190,4,80817,4,410638,4,822699,8,1191947,144,35429,24,10310,1,334320,1,3567,1,0,0,0,0,0,0,515903,1,35960,1,10851,1,17363,1,128,1,9570,1,4984,1,17491,1,9570,1,48,1
40,6555900,5009,9570,33.69567,,0,15,11,132,36596,1333,6202,6519304,16,226,40,1,27163,1,30,1,2187954,1,594195,1,134522,1,3563788,1,11613,1,1041405,1,12404,4,641317,4,79084,4,446698,4,871805,8,1228708,132,83593,48,6513,1,458271,1,4960,1,0,0,0,0,0,0,540260,1,36792,1,10941,1,17089,1,251,1,9570,1,5009,1,17340,1,9570,1,48,1
41,6373200,4852,9570,33.58224,,0,14,11,132,58323,1313,5691,6314877,16,214,261,1,27744,1,80,1,2106966,1,562754,1,129402,1,3469325,1,18346,1,1001938,1,12374,4,612841,4,80056,4,467920,4,851846,8,1253246,132,60828,36,8176,1,426118,1,6743,1,0,0,0,0,0,0,516785,1,32183,1,7845,1,16401,1,190,1,9570,1,4852,1,16591,1,9570,1,48,1
42,6716400,4753,9570,33.466087,,0,14,11,132,43303,1844,6232,6673097,16,214,471,1,36020,1,70,1,2362363,1,600050,1,140994,1,3521065,1,12063,1,1042186,1,12434,4,588875,4,78202,4,424425,4,828661,8,1197077,132,49777,36,7164,1,528888,1,8386,1,0,0,0,0,0,0,546406,1,39417,1,8637,1,15808,1,154,1,9570,1,4753,1,15962,1,9570,1,48,1
43,6259100,4728,9570,33.34721,,0,14,11,132,40270,1232,6062,6218830,16,214,200,1,26512,1,200,1,2232540,1,600578,1,142056,1,3204740,1,12003,1,1058137,1,14398,4,583745,4,79174,4,404727,4,793543,8,1135708,132,56500,36,5711,1,260887,1,3186,1,0,0,0,0,0,0,558396,1,31281,1,6943,1,15589,1,185,1,9570,1,4728,1,15774,1,9570,1,48,1
44,6102100,4996,9570,33.22561,,0,14,11,132,36257,1483,5751,6065843,16,214,10,1,26672,1,80,1,1919933,1,620326,1,137818,1,3349161,1,11843,1,1160867,1,12785,4,622360,4,78332,4,405649,4,766681,8,1094147,132,72431,36,6463,1,291497,1,3046,1,0,0,0,0,0,0,566521,1,35329,1,12324,1,16516,1,272,1,9570,1,4996,1,16788,1,9570,1,48,1
45,6238400,5112,9570,33.10128,,0,14,12,144,33457,1383,6052,6204943,16,214,60,1,26121,1,40,1,1922508,1,599375,1,143770,1,3501357,1,11713,1,1226535,1,13877,4,673419,4,78623,4,414416,4,792831,8,1164023,144,37172,24,10681,1,286858,1,2735,1,0,0,0,0,0,0,539699,1,39397,1,11853,1,17219,1,129,1,9570,1,5112,1,17348,1,9570,1,48,1
46,6106200,4923,9570,32.974224,,0,14,11,132,35808,1202,6383,6070392,16,214,20,1,26141,1,50,1,1921546,1,697225,1,186783,1,3225350,1,13276,1,1090690,1,12735,4,606229,4,78292,4,396892,4,777522,8,1080360,132,87670,36,6132,1,252942,1,2715,1,0,0,0,0,0,0,645916,1,36080,1,9098,1,15971,1,307,1,9570,1,4923,1,16278,1,9570,1,48,1
47,6831400,4760,9570,32.844448,,0,14,11,132,40127,1663,6162,6791273,16,214,130,1,25760,1,150,1,1955862,1,634103,1,158769,1,4003303,1,13196,1,1408448,1,13647,4,651577,4,84594,4,517937,4,946901,8,1392797,132,65878,36,6112,1,369027,1,3397,1,0,0,0,0,0,0,557614,1,57963,1,9098,1,15212,1,234,1,9570,1,4760,1,15446,1,9570,1,48,1
48,7786700,5001,9570,32.711945,,0,14,12,144,50223,2495,7565,7736477,16,201,331,1,34808,1,100,1,2131364,1,872332,1,297288,1,4387820,1,12434,1,1766154,1,14248,4,629564,4,80687,4,560850,4,922684,8,1427145,144,48825,24,7605,1,400158,1,3377,1,0,0,0,0,0,0,694436,1,128089,1,23846,1,16273,1,176,1,9570,1,5001,1,16449,1,9570,1,48,1
49,7793500,5139,9570,32.576717,,0,14,12,144,52491,1783,6753,7741009,16,209,271,1,75948,1,250,1,2103710,1,961018,1,332226,1,4254662,1,12925,1,1839677,1,12925,4,636948,4,79575,4,441017,4,850343,8,1239730,144,44877,24,6733,1,382604,1,3056,1,0,0,0,0,0,0,803993,1,112729,1,28966,1,16761,1,162,1,9570,1,5139,1,16923,1,9570,1,48,1
50,7191300,4996,9570,32.438763,,0,14,12,144,41570,1643,6563,7149730,16,214,60,1,27353,1,170,1,1963046,1,994994,1,235718,1,3915442,1,12945,1,1614839,1,13777,4,620637,4,81739,4,429635,4,778894,8,1178952,144,23015,24,6543,1,364619,1,3116,1,0,0,0,0,0,0,843149,1,120685,1,15029,1,16396,1,76,1,9570,1,4996,1,16472,1,9570,1,48,1
51,6872100,4871,9570,32.298084,,0,13,11,132,41250,1763,5521,6830850,16,202,261,1,27233,1,200,1,1959429,1,834773,1,230418,1,3765681,1,12855,1,1549873,1,13236,4,606168,4,80056,4,398274,4,756040,8,1091231,132,57562,24,5962,1,351032,1,3276,1,0,0,0,0,0,0,750750,1,61880,1,10330,1,15840,1,210,1,9570,1,4871,1,16050,1,9570,1,48,1
52,7240200,5093,9570,32.154682,,0,14,11,132,43509,1844,6423,7196691,16,214,20,1,27023,1,100,1,2020759,1,846806,1,257140,1,4031919,1,12925,1,1670598,1,13286,4,654492,4,79364,4,418894,4,807189,8,1141459,132,78202,36,6753,1,376091,1,3407,1,0,0,0,0,0,0,757523,1,64115,1,12474,1,16703,1,282,1,9570,1,5093,1,16985,1,9570,1,48,1
53,6505800,4972,9570,32.008553,,0,13,11,132,53205,1252,6042,6452595,16,202,421,1,35900,1,220,1,2033824,1,663219,1,212042,1,3495005,1,11963,1,1281722,1,13075,4,625376,4,79404,4,400388,4,773323,8,1109667,132,58003,24,6603,1,310965,1,2896,1,0,0,0,0,0,0,601459,1,39637,1,14077,1,16437,1,208,1,9570,1,4972,1,16645,1,9570,1,48,1
54,6252700,4792,9570,31.8597,,0,13,11,132,39691,1493,6412,6213009,16,202,140,1,27023,1,70,1,1942857,1,824132,1,165402,1,3239628,1,13757,1,1122492,1,12675,4,597702,4,79514,4,398755,4,739678,8,1102513,132,29507,24,6954,1,277570,1,2795,1,0,0,0,0,0,0,768735,1,38264,1,9078,1,15830,1,102,1,9570,1,4792,1,15932,1,9570,1,48,1
55,6543300,4796,9570,31.70812,,0,13,10,120,57912,1463,4739,6485388,16,189,130,1,31381,1,100,1,2067079,1,576050,1,191733,1,3606421,1,12494,1,1459798,1,12775,4,594456,4,80176,4,410288,4,759957,8,1085981,120,79525,36,6012,1,278582,1,2916,1,0,0,0,0,0,0,517346,1,39657,1,11993,1,15396,1,306,1,9570,1,4796,1,15702,1,9570,1,48,1
56,6374700,4911,9570,31.553818,,0,13,10,120,39253,1333,5871,6335447,16,202,120,1,27253,1,30,1,1953508,1,737965,1,163478,1,3440869,1,12224,1,1146299,1,13837,4,641207,4,80216,4,448352,4,817289,8,1171548,120,88222,36,6362,1,283130,1,2846,1,0,0,0,0,0,0,634113,1,77250,1,12424,1,15945,1,319,1,9570,1,4911,1,16264,1,9570,1,48,1
57,6262100,4780,9570,31.39679,,0,14,10,120,37569,1543,5631,6224531,16,214,80,1,26421,1,30,1,1953077,1,734718,1,134261,1,3363148,1,12795,1,1087414,1,12855,4,603092,4,80406,4,415498,4,806979,8,1151308,120,65537,48,6202,1,345512,1,3647,1,0,0,0,0,0,0,677417,1,41922,1,10260,1,15714,1,201,1,9570,1,4780,1,15915,1,9570,1,48,1
58,6252900,4734,9570,31.237036,,0,13,10,120,37346,1513,5561,6215554,16,202,130,1,27584,1,190,1,1967054,1,607020,1,133309,1,3467792,1,12474,1,1140868,1,13075,4,680343,4,79835,4,442280,4,824313,8,1209572,120,51460,36,5891,1,276568,1,3106,1,0,0,0,0,0,0,563095,1,30419,1,8997,1,15644,1,141,1,9570,1,4734,1,15785,1,9570,1,48,1
59,5863000,4748,9570,31.074558,,0,13,10,120,36793,1423,5521,5826207,16,202,100,1,26742,1,130,1,1964880,1,625767,1,133059,1,3063085,1,12444,1,1003661,1,12935,4,610868,4,80567,4,384848,4,692496,8,1035062,120,36761,36,6603,1,265997,1,3687,1,0,0,0,0,0,0,581160,1,27223,1,12184,1,15913,1,100,1,9570,1,4748,1,16013,1,9570,1,48,1
60,6208500,4704,9570,30.909355,,0,12,10,120,38314,8607,4789,6170186,16,190,230,1,34507,1,150,1,2148016,1,600197,1,130884,1,3243366,1,12835,1,972721,1,14228,4,612130,4,86959,4,414295,4,752152,8,1126109,120,35549,24,6553,1,371412,1,4308,1,0,0,0,0,0,0,555540,1,29958,1,8907,1,15920,1,82,1,9570,1,4704,1,16002,1,9570,1,48,1
61,6574300,4678,9570,30.741426,,0,12,10,120,36820,1333,4649,6537480,16,190,100,1,37773,1,200,1,2530009,1,605637,1,133189,1,3218217,1,12354,1,1011256,1,15260,4,610457,4,82400,4,407693,4,780608,8,1149034,120,34617,24,9358,1,296216,1,3637,1,0,0,0,0,0,0,557263,1,33144,1,9258,1,15884,1,81,1,9570,1,4678,1,15965,1,9570,1,48,1
62,6884200,4666,9570,30.570772,,0,12,10,120,45465,11282,4579,6838735,16,190,291,1,53344,1,110,1,2405416,1,604936,1,131285,1,3624797,1,18556,1,969896,1,13526,4,610116,4,91979,4,419365,4,812219,8,1192248,120,34758,24,9559,1,676455,1,10400,1,0,0,0,0,0,0,558816,1,29698,1,10400,1,15772,1,75,1,9570,1,4666,1,15847,1,9570,1,48,1
63,6828200,4609,9570,30.397394,,0,11,9,108,39582,1773,4469,6788618,16,178,451,1,61459,1,120,1,2416278,1,628752,1,128079,1,3539952,1,13526,1,1077224,1,14588,4,609425,4,82641,4,437330,4,735841,8,1088697,108,80006,24,11973,1,564407,1,4749,1,0,0,0,0,0,0,572052,1,38936,1,9388,1,15605,1,248,1,9570,1,4609,1,15853,1,9570,1,48,1
64,6217400,4623,9570,30.22129,,0,12,9,108,38688,1814,6473,6178712,16,190,70,1,28014,1,511,1,2018634,1,626728,1,146725,1,3335565,1,22464,1,1074890,1,13827,4,616148,4,82581,4,406009,4,745129,8,1062536,108,82130,36,8567,1,380830,1,5771,1,0,0,0,0,0,0,581450,1,31541,1,8486,1,15755,1,241,1,9570,1,4623,1,15996,1,9570,1,48,1
65,6227300,4625,9570,30.042463,,0,12,9,108,46779,1493,7935,6180521,16,185,491,1,35399,1,351,1,2037090,1,778218,1,167957,1,3145816,1,15200,1,1069910,1,14017,4,618352,4,84464,4,380580,4,689961,8,994894,108,67712,36,6242,1,277710,1,3086,1,0,0,0,0,0,0,720095,1,35259,1,10350,1,15812,1,212,1,9570,1,4625,1,16024,1,9570,1,48,1
66,5872100,4579,9570,29.860909,,0,12,9,108,36886,1282,5040,5835214,16,190,100,1,32824,1,30,1,2001130,1,608022,1,128149,1,3053025,1,11933,1,1042447,1,12594,4,617821,4,82440,4,365220,4,676666,8,983321,108,53524,36,6893,1,244716,1,2946,1,0,0,0,0,0,0,563746,1,29708,1,8987,1,15822,1,154,1,9570,1,4579,1,15976,1,9570,1,48,1
67,5838600,4610,9570,29.67663,,0,12,9,108,34957,1222,5050,5803643,16,190,30,1,26732,1,30,1,2000519,1,587693,1,134271,1,3041874,1,12494,1,1065852,1,13566,4,624304,4,81699,4,333849,4,623893,8,900060,108,52632,36,7575,1,286457,1,3457,1,0,0,0,0,0,0,542425,1,30419,1,7745,1,15966,1,146,1,9570,1,4610,1,16112,1,9570,1,48,1
68,6764700,4550,9570,29.489626,,0,11,9,108,41970,2014,3998,6722730,16,178,170,1,27473,1,60,1,1999738,1,723517,1,156635,1,3801871,1,13266,1,1226725,1,14709,4,716473,4,88733,4,421870,4,811327,8,1193340,108,35860,24,10380,1,504771,1,4869,1,0,0,0,0,0,0,666325,1,38886,1,8677,1,15946,1,82,1,9570,1,4550,1,16028,1,9570,1,48,1
69,6538100,4524,9570,29.299898,,0,11,9,108,39306,1553,4759,6498794,16,178,20,1,28145,1,70,1,2022302,1,663891,1,171744,1,3600099,1,12524,1,1375544,1,14148,4,701594,4,82460,4,400970,4,708678,8,1077605,108,27283,24,6002,1,306125,1,3026,1,0,0,0,0,0,0,588574,1,57351,1,7575,1,15963,1,58,1,9570,1,4524,1,16021,1,9570,1,48,1
70,6198900,4535,9570,29.107445,,0,11,9,108,47491,1573,4869,6151409,16,178,110,1,27854,1,30,1,2000890,1,620677,1,157406,1,3331527,1,12915,1,1228999,1,13817,4,642279,4,85967,4,365420,4,706413,8,1037116,108,29848,24,6583,1,277590,1,2886,1,0,0,0,0,0,0,573265,1,34788,1,8166,1,16066,1,69,1,9570,1,4535,1,16135,1,9570,1,48,1
71,5927700,4528,9570,28.912266,,0,11,9,108,40084,1443,4749,5887616,16,178,180,1,33094,1,80,1,2093640,1,580128,1,124051,1,3043597,1,12845,1,994383,1,12845,4,629935,4,82631,4,361583,4,680172,8,1014162,108,22844,24,6262,1,271267,1,3076,1,0,0,0,0,0,0,543697,1,24047,1,7164,1,16175,1,47,1,9570,1,4528,1,16222,1,9570,1,48,1
72,5863300,4533,9570,28.714361,,0,11,9,108,37163,1343,4769,5826137,16,178,110,1,27453,1,30,1,2013845,1,592011,1,124722,1,3055781,1,12184,1,944987,1,13566,4,646116,4,82440,4,375961,4,689671,8,1045412,108,15450,24,6783,1,291236,1,3677,1,0,0,0,0,0,0,553045,1,26532,1,6803,1,16235,1,31,1,9570,1,4533,1,16266,1,9570,1,48,1
73,6051500,4529,9570,28.745474,,0,10,9,108,36336,1473,4479,6015164,16,166,421,1,27714,1,681,1,2017482,1,600167,1,124081,1,3231442,1,13176,1,991969,1,13166,4,633922,4,82120,4,366352,4,708898,8,1062115,108,8657,12,10611,1,417261,1,5671,1,0,0,0,0,0,0,556672,1,30159,1,6733,1,16290,1,23,1,9570,1,4529,1,16313,1,9570,1,48,1
74,5803700,4530,9570,28.77165,,0,11,9,108,35626,1303,4589,5768074,16,178,30,1,27644,1,90,1,2011931,1,590217,1,125825,1,3000113,1,12224,1,1019081,1,13206,4,637349,4,82601,4,357806,4,646206,8,977871,108,21552,24,6052,1,233444,1,3066,1,0,0,0,0,0,0,550049,1,27784,1,6773,1,16318,1,43,1,9570,1,4530,1,16361,1,9570,1,48,1
75,5799500,4529,9570,28.79591,,0,10,9,108,36276,1282,4769,5763224,16,166,20,1,26662,1,100,1,2012092,1,550791,1,124151,1,3037265,1,12144,1,1050172,1,14578,4,647369,4,81919,4,340963,4,619554,8,946861,108,8887,12,6543,1,271828,1,3056,1,0,0,0,0,0,0,508529,1,28926,1,6573,1,16337,1,30,1,9570,1,4529,1,16367,1,9570,1,48,1
76,6038200,4524,9570,28.816788,,0,10,9,108,36863,1363,4849,6001337,16,166,20,1,27994,1,90,1,2012372,1,718026,1,125965,1,3104345,1,12524,1,1101151,1,13316,4,637089,4,82290,4,340702,4,641036,8,968643,108,8246,12,6463,1,278021,1,2916,1,0,0,0,0,0,0,664853,1,38745,1,7615,1,16366,1,24,1,9570,1,4524,1,16390,1,9570,1,48,1
77,5860300,4517,9570,28.83433,,0,10,9,108,38782,1323,4669,5821518,16,166,200,1,27293,1,150,1,2011240,1,634934,1,122819,1,3012837,1,12043,1,1060001,1,13376,4,638682,4,81538,4,337937,4,624584,8,949506,108,8346,12,6382,1,245998,1,3016,1,0,0,0,0,0,0,594005,1,30569,1,5591,1,16419,1,23,1,9570,1,4517,1,16442,1,9570,1,48,1
78,6280700,4520,9570,28.848581,,0,10,9,108,43304,1723,4379,6237396,16,166,250,1,32193,1,80,1,2097618,1,626999,1,167075,1,3300627,1,12554,1,1015905,1,13376,4,655875,4,81228,4,424976,4,789715,8,1201806,108,8507,12,9028,1,304993,1,3807,1,0,0,0,0,0,0,585188,1,29077,1,7715,1,16423,1,15,1,9570,1,4520,1,16438,1,9570,1,48,1
79,6046100,4514,9568,28.862343,,0,10,9,108,37308,1393,3667,6008792,16,166,40,1,32273,1,240,1,2015488,1,601449,1,123520,1,3223176,1,12605,1,991237,1,14348,4,645946,4,87670,4,385650,4,770989,8,1135257,108,17714,12,9168,1,312938,1,3837,1,0,0,0,0,0,0,557754,1,30680,1,7374,1,16435,1,36,1,9568,1,4514,1,16471,1,9568,1,48,1
80,6085100,4519,9568,28.873486,,0,10,9,108,36401,1473,4208,6048699,16,166,110,1,27734,1,120,1,2013244,1,602942,1,126897,1,3264547,1,13105,1,984163,1,13697,4,642309,4,84574,4,371783,4,684761,8,1035132,108,17203,12,6843,1,468541,1,6402,1,0,0,0,0,0,0,559468,1,31531,1,6232,1,16444,1,47,1,9568,1,4519,1,16491,1,9568,1,48,1
81,6076300,4518,9568,28.88324,,0,10,9,108,40786,1413,4779,6035514,16,166,200,1,28345,1,60,1,2087298,1,587863,1,128630,1,3187958,1,15159,1,1052166,1,12985,4,642148,4,82200,4,341153,4,656116,8,983923,108,8567,12,6453,1,388555,1,4769,1,0,0,0,0,0,0,543366,1,32092,1,6513,1,16476,1,27,1,9568,1,4518,1,16503,1,9568,1,48,1
82,5928300,4518,9568,28.892859,,0,10,9,108,36806,1182,4749,5891494,16,166,120,1,30189,1,40,1,2012963,1,599455,1,141205,1,3095177,1,12344,1,1100680,1,13105,4,641056,4,82370,4,342015,4,660825,8,983282,108,14809,12,6242,1,244736,1,2966,1,0,0,0,0,0,0,560660,1,28315,1,5992,1,16476,1,31,1,9568,1,4518,1,16507,1,9568,1,48,1
83,6217300,4516,9568,28.90075,,0,10,9,108,38407,1333,4920,6178893,16,166,311,1,26722,1,10,1,2011972,1,687406,1,129161,1,3311087,1,12224,1,1272764,1,13356,4,641998,4,82260,4,351042,4,637309,8,974785,108,8647,12,6653,1,301426,1,2946,1,0,0,0,0,0,0,624324,1,47572,1,5250,1,16487,1,28,1,9568,1,4516,1,16515,1,9568,1,48,1
84,6541400,4517,9567,28.907646,,0,10,9,108,40622,2395,4930,6500778,16,166,10,1,27063,1,40,1,2016490,1,636708,1,131405,1,3675045,1,14017,1,1336488,1,13847,4,642078,4,82771,4,422762,4,718086,8,1127171,108,8747,12,6893,1,445416,1,4308,1,0,0,0,0,0,0,579286,1,41180,1,7074,1,16504,1,24,1,9567,1,4517,1,16528,1,9567,1,48,1
85,6536500,4508,9565,28.914537,,0,10,9,108,38728,1533,4890,6497772,16,166,311,1,27804,1,200,1,2012152,1,804083,1,186533,1,3453815,1,12875,1,1343943,1,14117,4,670804,4,82210,4,339981,4,644172,8,964144,108,15119,12,7174,1,346955,1,2926,1,0,0,0,0,0,0,701414,1,79454,1,7515,1,16470,1,32,1,9565,1,4508,1,16502,1,9565,1,48,1
86,6230700,4519,9565,28.920815,,0,10,9,108,39914,1353,4579,6190786,16,166,180,1,27954,1,70,1,2011531,1,686535,1,160091,1,3291209,1,13216,1,1231123,1,13306,4,669952,4,83162,4,356904,4,641387,8,985095,108,8617,12,7114,1,283852,1,3056,1,0,0,0,0,0,0,633041,1,43314,1,5911,1,16503,1,26,1,9565,1,4519,1,16529,1,9565,1,48,1
87,6007900,4516,9565,28.92588,,0,10,9,108,37543,1142,4249,5970357,16,166,40,1,27804,1,90,1,2012523,1,590047,1,125634,1,3201805,1,12414,1,1047416,1,12164,4,670594,4,83182,4,402142,4,682216,8,1071393,108,8717,12,6563,1,292709,1,3677,1,0,0,0,0,0,0,557023,1,23055,1,5330,1,16480,1,26,1,9565,1,4516,1,16506,1,9565,1,48,1
88,5806900,4518,9565,28.930962,,0,10,9,108,37604,1192,4419,5769296,16,166,100,1,27654,1,130,1,2006280,1,592903,1,126486,1,3003048,1,12695,1,973302,1,12695,4,639724,4,82761,4,372815,4,624364,8,983853,108,8907,12,6453,1,286006,1,3737,1,0,0,0,0,0,0,553737,1,28956,1,5551,1,16493,1,28,1,9565,1,4518,1,16521,1,9565,1,48,1
89,5905400,4519,9565,28.935617,,0,10,9,108,36901,1192,4639,5868499,16,166,100,1,27644,1,190,1,1999167,1,585338,1,126275,1,3117180,1,12605,1,961890,1,13416,4,637630,4,81889,4,368126,4,665604,8,1020724,108,8366,12,6553,1,376592,1,4288,1,0,0,0,0,0,0,546172,1,27223,1,5431,1,16514,1,24,1,9565,1,4519,1,16538,1,9565,1,48,1
90,5721000,4514,9565,28.939785,,0,11,9,108,39805,1272,5030,5681195,16,178,70,1,27483,1,50,1,2001471,1,575549,1,130554,1,2933934,1,12083,1,986257,1,12735,4,637580,4,81488,4,334470,4,622360,8,936761,108,15039,24,6573,1,248383,1,2815,1,0,0,0,0,0,0,538547,1,25760,1,6212,1,16497,1,31,1,9565,1,4514,1,16528,1,9565,1,48,1
91,5846500,4516,9565,28.943506,,0,10,9,108,45352,1583,4800,5801148,16,166,50,1,27594,1,180,1,2000760,1,576200,1,125614,1,3058516,1,12234,1,1074840,1,13286,4,640084,4,81829,4,332396,4,650254,8,969324,108,8527,12,6693,1,254725,1,2825,1,0,0,0,0,0,0,532125,1,32313,1,5541,1,16544,1,27,1,9565,1,4516,1,16571,1,9565,1,48,1
92,5775400,4512,9565,28.946703,,0,10,9,108,36663,1202,4649,5738737,16,166,30,1,27103,1,351,1,1999537,1,589767,1,124151,1,2985164,1,12635,1,1022318,1,12725,4,639373,4,81969,4,347756,4,632500,8,960798,108,14809,12,6853,1,237582,1,2886,1,0,0,0,0,0,0,552364,1,26592,1,5060,1,16538,1,34,1,9565,1,4512,1,16572,1,9565,1,48,1
93,5959400,4508,9565,28.949604,,0,10,9,108,40513,1533,4819,5918887,16,166,10,1,26391,1,90,1,2004697,1,631638,1,135584,1,3107672,1,12805,1,1116170,1,13176,4,638972,4,82360,4,346904,4,633141,8,961439,108,13787,12,6743,1,265937,1,2735,1,0,0,0,0,0,0,581861,1,36341,1,4980,1,16531,1,34,1,9565,1,4508,1,16565,1,9565,1,48,1
94,5927400,4522,9565,28.952375,,0,10,9,108,40305,1423,4218,5887095,16,166,170,1,27654,1,30,1,1999046,1,566902,1,124542,1,3156787,1,11963,1,964034,1,13747,4,649413,4,81448,4,393154,4,787952,8,1160256,108,16632,12,6092,1,256689,1,2836,1,0,0,0,0,0,0,533848,1,22975,1,5090,1,16525,1,39,1,9565,1,4522,1,16564,1,9565,1,48,1
95,6202600,4519,9565,28.954878,,0,10,9,108,35891,1483,4869,6166709,16,166,20,1,27403,1,50,1,1988456,1,572463,1,126125,1,3439337,1,12855,1,936501,1,16763,4,770598,4,98902,4,430116,4,812380,8,1219992,108,17634,12,11302,1,355341,1,5952,1,0,0,0,0,0,0,537755,1,24197,1,5370,1,16552,1,34,1,9565,1,4519,1,16586,1,9565,1,48,1
96,6784000,4521,9565,28.957104,,0,10,9,108,40580,1443,5000,6743420,16,166,170,1,38304,1,130,1,2464772,1,604966,1,124242,1,3498181,1,12655,1,1036255,1,12494,4,638602,4,90887,4,502637,4,851726,8,1333863,108,15500,12,7585,1,353056,1,3497,1,0,0,0,0,0,0,552574,1,36601,1,6913,1,16560,1,40,1,9565,1,4521,1,16600,1,9565,1,48,1
97,5899200,4517,9565,28.9592,,0,10,9,108,36632,1393,4348,5862568,16,166,50,1,27814,1,20,1,1992894,1,579126,1,121236,1,3129224,1,12204,1,1017328,1,13286,4,636107,4,83743,4,341304,4,645555,8,966168,108,16342,12,10120,1,376091,1,4298,1,0,0,0,0,0,0,538467,1,29307,1,6232,1,16549,1,46,1,9565,1,4517,1,16595,1,9565,1,48,1
98,5821000,4515,9565,28.960983,,0,10,9,108,36444,1172,4399,5784556,16,166,20,1,27343,1,271,1,2125262,1,570860,1,135774,1,2913164,1,11863,1,975426,1,13296,4,637279,4,80316,4,329771,4,626057,8,936511,108,14919,12,7515,1,239275,1,3056,1,0,0,0,0,0,0,535581,1,25169,1,5160,1,16575,1,40,1,9565,1,4515,1,16615,1,9565,1,48,1
99,6092600,4520,9565,28.96278,,0,10,9,108,36085,1432,4690,6056515,16,166,100,1,26081,1,20,1,1989818,1,770368,1,126376,1,3131067,1,12685,1,1156308,1,12745,4,638792,4,80717,4,336123,4,624585,8,941200,108,14819,12,6262,1,271197,1,2906,1,0,0,0,0,0,0,722996,1,33896,1,6122,1,16589,1,32,1,9565,1,4520,1,16621,1,9565,1,48,1
100,5789500,4521,9564,28.964386,,0,10,9,108,37638,1333,4619,5751862,16,166,60,1,27133,1,120,1,1980480,1,641167,1,130604,1,2960365,1,11933,1,1049400,1,12695,4,634514,4,80777,4,324140,4,593794,8,898086,108,15230,12,6022,1,254765,1,2926,1,0,0,0,0,0,0,600447,1,29277,1,5210,1,16587,1,39,1,9564,1,4521,1,16626,1,9564,1,48,1
101,6190500,4521,9564,28.965906,,0,10,9,108,50026,1323,4509,6140474,16,166,230,1,32593,1,80,1,2011651,1,665099,1,168227,1,3248215,1,14378,1,1133353,1,13095,4,655414,4,82210,4,374418,4,714529,8,1069108,108,15330,12,6493,1,264174,1,3206,1,0,0,0,0,0,0,621054,1,33495,1,5982,1,16610,1,32,1,9564,1,4521,1,16642,1,9564,1,48,1
102,5970000,4521,9563,28.967402,,0,10,9,108,38388,1333,4779,5931612,16,166,160,1,31271,1,70,1,2019556,1,626688,1,122759,1,3118863,1,12244,1,1057666,1,12574,4,635846,4,81779,4,360882,4,676535,8,1017238,108,15400,12,6563,1,282559,1,3126,1,0,0,0,0,0,0,592592,1,23636,1,5661,1,16608,1,44,1,9563,1,4521,1,16652,1,9563,1,48,1
103,5837400,4520,9563,28.968788,,0,10,9,108,35210,1303,4158,5802190,16,166,100,1,26502,1,170,1,1976022,1,580759,1,123821,1,3082072,1,12745,1,960457,1,12705,4,637409,4,79825,4,395198,4,716112,8,1090891,108,16262,12,6102,1,269634,1,3326,1,0,0,0,0,0,0,543727,1,28165,1,5090,1,16622,1,45,1,9563,1,4520,1,16667,1,9563,1,48,1
104,5764200,4522,9563,28.969984,,0,10,9,108,36785,1293,4890,5727415,16,166,40,1,27023,1,80,1,1976432,1,565109,1,123831,1,3021765,1,13136,1,939707,1,12715,4,633822,4,82190,4,349790,4,727574,8,1055903,108,16572,12,6112,1,263913,1,4649,1,0,0,0,0,0,0,530071,1,25309,1,4459,1,16622,1,53,1,9563,1,4522,1,16675,1,9563,1,48,1
105,5706600,4518,9563,28.971111,,0,10,9,108,36517,1172,4549,5670083,16,166,40,1,27964,1,90,1,1976082,1,635556,1,126075,1,2892584,1,11693,1,956129,1,13156,4,633051,4,80476,4,336023,4,641637,8,957471,108,15640,12,6062,1,222042,1,2836,1,0,0,0,0,0,0,599205,1,26161,1,6062,1,16621,1,49,1,9563,1,4518,1,16670,1,9563,1,48,1
106,5862200,4521,9563,28.97221,,0,10,9,108,35081,1333,4459,5827119,16,166,40,1,26011,1,90,1,1975771,1,596920,1,143689,1,3072213,1,12384,1,1086552,1,12424,4,636668,4,81398,4,355050,4,633301,8,968322,108,15570,12,6262,1,256048,1,3176,1,0,0,0,0,0,0,539639,1,45909,1,4539,1,16635,1,42,1,9563,1,4521,1,16677,1,9563,1,48,1
107,5966200,4523,9563,28.97325,,0,10,9,108,38015,1824,4419,5928185,16,166,10,1,26481,1,40,1,1978246,1,593795,1,188426,1,3129314,1,11873,1,1111030,1,12935,4,636227,4,80797,4,363447,4,656186,8,1000285,108,14929,12,6573,1,257250,1,3046,1,0,0,0,0,0,0,545641,1,36391,1,6012,1,16652,1,40,1,9563,1,4523,1,16692,1,9563,1,48,1
108,6118800,4515,9562,28.974203,,0,10,9,108,43729,1573,4719,6075071,16,152,130,1,33926,1,100,1,2141523,1,622300,1,124412,1,3138722,1,13957,1,1088516,1,13967,4,719699,4,83963,4,344921,4,635235,8,959545,108,15891,12,6573,1,241249,1,3026,1,0,0,0,0,0,0,583945,1,27974,1,4789,1,16660,1,41,1,9562,1,4515,1,16701,1,9562,1,48,1
109,6154900,4517,9562,28.975157,,0,10,9,108,36074,1743,4960,6118826,16,166,50,1,34176,1,170,1,2188304,1,572874,1,117629,1,3193358,1,12264,1,1060722,1,12324,4,637830,4,79314,4,364529,4,742934,8,1087184,108,15320,12,6533,1,284443,1,2986,1,0,0,0,0,0,0,530251,1,32764,1,5220,1,16684,1,47,1,9562,1,4517,1,16731,1,9562,1,48,1
110,5879000,4516,9562,28.976004,,0,10,9,108,38886,1182,4318,5840114,16,166,20,1,26492,1,120,1,1977244,1,570659,1,120124,1,3132921,1,12534,1,947843,1,13156,4,636788,4,89113,4,400208,4,768684,8,1149294,108,15280,12,6703,1,265376,1,3868,1,0,0,0,0,0,0,534599,1,26051,1,4689,1,16690,1,36,1,9562,1,4516,1,16726,1,9562,1,48,1
111,5745400,4515,9562,28.976778,,0,10,9,108,37042,1473,4419,5708358,16,166,70,1,26762,1,140,1,1980300,1,582563,1,118961,1,2987909,1,11653,1,936982,1,12885,4,635656,4,80837,4,354830,4,669451,8,1010985,108,8877,12,11152,1,280555,1,4088,1,0,0,0,0,0,0,544799,1,26712,1,6072,1,16691,1,32,1,9562,1,4515,1,16723,1,9562,1,48,1
112,5631500,4519,9562,28.977486,,0,10,9,108,34900,1222,4248,5596600,16,166,120,1,27804,1,160,1,1978126,1,623151,1,119532,1,2836164,1,11542,1,960898,1,12725,4,631999,4,79925,4,315032,4,588805,8,884910,108,14679,12,6172,1,236620,1,2765,1,0,0,0,0,0,0,583995,1,28836,1,5952,1,16685,1,40,1,9562,1,4519,1,16725,1,9562,1,48,1
113,5907900,4520,9562,28.978231,,0,10,9,108,35093,1854,4849,5872807,16,166,10,1,25860,1,70,1,1991111,1,656156,1,120534,1,3067494,1,11572,1,1091492,1,13406,4,639082,4,80166,4,343247,4,633121,8,956790,108,14729,12,6212,1,255817,1,3096,1,0,0,0,0,0,0,613823,1,31191,1,4849,1,16698,1,38,1,9562,1,4520,1,16736,1,9562,1,48,1
114,6056000,4520,9562,28.97893,,0,10,9,108,39062,1483,4799,6016938,16,166,90,1,26281,1,90,1,1969649,1,675954,1,142527,1,3189751,1,12594,1,1163031,1,13927,4,655564,4,80016,4,338488,4,623592,8,942492,108,14789,12,6723,1,303941,1,2986,1,0,0,0,0,0,0,613914,1,50017,1,4910,1,16706,1,40,1,9562,1,4520,1,16746,1,9562,1,48,1
115,5960500,4519,9561,28.979557,,0,10,9,108,38787,1323,4238,5921713,16,166,20,1,26932,1,140,1,1968557,1,578485,1,118861,1,3216914,1,11803,1,1077795,1,12785,4,665875,4,79835,4,391661,4,721453,8,1094358,108,14518,12,6483,1,256829,1,2876,1,0,0,0,0,0,0,541583,1,27483,1,4649,1,16724,1,36,1,9561,1,4519,1,16760,1,9561,1,48,1
116,5944800,4526,9561,28.980162,,0,10,9,108,37525,1814,4569,5907275,16,166,100,1,26371,1,321,1,1969649,1,568996,1,119402,1,3205853,1,16582,1,927433,1,12584,4,634904,4,80056,4,398835,4,695994,8,1074739,108,15520,12,19869,1,427882,1,6483,1,0,0,0,0,0,0,536473,1,22574,1,5421,1,16733,1,40,1,9561,1,4526,1,16773,1,9561,1,48,1
117,5903400,4519,9561,28.980728,,0,10,9,108,36594,1653,4248,5866806,16,166,180,1,32463,1,60,1,1969208,1,582593,1,120725,1,3149012,1,12564,1,1005986,1,12875,4,635425,4,86198,4,410508,4,670403,8,1061113,108,15550,12,6683,1,315854,1,3427,1,0,0,0,0,0,0,535411,1,35810,1,4338,1,16723,1,40,1,9561,1,4519,1,16763,1,9561,1,48,1
118,5861700,4521,9561,28.981266,,0,10,9,108,41675,1282,4689,5820025,16,166,220,1,26552,1,40,1,1966092,1,577713,1,124312,1,3113192,1,11903,1,982029,1,12605,4,634984,4,80246,4,332737,4,660133,8,973402,108,14779,12,6162,1,397803,1,5210,1,0,0,0,0,0,0,539118,1,27854,1,5150,1,16755,1,40,1,9561,1,4521,1,16795,1,9561,1,48,1
119,5713800,4517,9561,28.981787,,0,10,9,108,34429,1212,4368,5679371,16,166,10,1,26311,1,70,1,1965411,1,579186,1,125865,1,2970766,1,11753,1,1019302,1,13105,4,636297,4,80196,4,342526,4,628772,8,952472,108,14458,12,7074,1,239506,1,2775,1,0,0,0,0,0,0,543266,1,25259,1,5881,1,16748,1,36,1,9561,1,4517,1,16784,1,9561,1,48,1
120,5652700,4523,9561,28.982262,,0,10,9,108,34788,1222,4839,5617912,16,166,341,1,26191,1,80,1,1967766,1,539789,1,124953,1,2946869,1,11923,1,1046144,1,12685,4,639403,4,79364,4,318750,4,591380,8,890842,108,14448,12,6523,1,248643,1,2755,1,0,0,0,0,0,0,498970,1,30129,1,4960,1,16776,1,40,1,9561,1,4523,1,16816,1,9561,1,48,1
121,5817800,4523,9561,28.98269,,0,10,9,108,37372,1623,4659,5780428,16,166,60,1,25870,1,190,1,1954129,1,638832,1,148529,1,3000694,1,12124,1,1053618,1,12905,4,634584,4,79475,4,336935,4,623542,8,941220,108,14598,12,6553,1,248663,1,2795,1,0,0,0,0,0,0,599636,1,28966,1,4529,1,16768,1,40,1,9561,1,4523,1,16808,1,9561,1,48,1
122,5634800,4521,9561,28.983118,,0,10,9,108,36075,1222,4219,5598725,16,166,10,1,26291,1,40,1,1953798,1,552594,1,120765,1,2933543,1,11683,1,947001,1,12885,4,631698,4,79775,4,346514,4,656697,8,984553,108,14438,12,6603,1,248323,1,2825,1,0,0,0,0,0,0,521624,1,22053,1,4839,1,16780,1,36,1,9561,1,4521,1,16816,1,9561,1,48,1
123,5658000,4522,9561,28.98351,,0,10,9,108,35229,1262,4128,5622771,16,166,50,1,26722,1,90,1,1954740,1,562704,1,121246,1,2945066,1,12154,1,920580,1,12635,4,632309,4,80096,4,345231,4,663650,8,990275,108,14478,12,6212,1,279333,1,3757,1,0,0,0,0,0,0,526363,1,25760,1,5821,1,16773,1,40,1,9561,1,4522,1,16813,1,9561,1,48,1
124,5542700,4518,9561,28.98387,,0,10,9,108,36876,1252,4419,5505824,16,166,10,1,26001,1,120,1,1958037,1,570950,1,135934,1,2802949,1,11823,1,950478,1,12775,4,632029,4,79485,4,314311,4,583334,8,884991,108,8236,12,5972,1,220539,1,2775,1,0,0,0,0,0,0,534409,1,27694,1,4348,1,16794,1,24,1,9561,1,4518,1,16818,1,9561,1,48,1
125,5699200,4521,9561,28.984217,,0,10,9,108,43434,1212,4449,5655766,16,166,10,1,27133,1,331,1,1959139,1,560790,1,122869,1,2973371,1,12124,1,1031395,1,12454,4,634834,4,79695,4,334701,4,633472,8,955588,108,8136,12,6683,1,236159,1,2765,1,0,0,0,0,0,0,521945,1,28876,1,4379,1,16816,1,24,1,9561,1,4521,1,16840,1,9561,1,48,1
126,5868100,4521,9561,28.984558,,0,10,9,108,39679,1433,4288,5828421,16,166,100,1,25910,1,40,1,1954309,1,573415,1,119582,1,3138361,1,16702,1,1001407,1,13226,4,676956,4,85707,4,317086,4,633341,8,937082,108,9058,12,10350,1,392593,1,6262,1,0,0,0,0,0,0,535200,1,27664,1,4579,1,16826,1,24,1,9561,1,4521,1,16850,1,9561,1,48,1
127,7060100,4517,9561,28.98485,,0,10,9,108,46109,3517,9859,7013991,16,166,150,1,29427,1,261,1,2113529,1,664953,1,157747,1,4027876,1,20049,1,1287373,1,13947,4,764596,4,91257,4,438462,4,832423,8,1250576,108,10450,12,9288,1,577403,1,9609,1,0,0,0,0,0,0,597532,1,53143,1,4980,1,16852,1,24,1,9561,1,4517,1,16876,1,9561,1,48,1
128,7303200,4522,9561,28.98514,,0,10,9,108,45711,1773,4659,7257489,16,166,932,1,36751,1,170,1,2156833,1,817910,1,196652,1,4035295,1,12945,1,1805971,1,13847,4,643461,4,83613,4,417462,4,669842,8,1073337,108,9308,12,6523,1,389477,1,3326,1,0,0,0,0,0,0,676435,1,122709,1,5100,1,16842,1,28,1,9561,1,4522,1,16870,1,9561,1,48,1
129,7120500,4521,9561,28.98541,,0,10,9,108,53531,9669,3908,7066969,16,153,261,1,27353,1,120,1,1944270,1,861405,1,295224,1,3923087,1,15250,1,1616903,1,14278,4,654713,4,84805,4,456427,4,690643,8,1130207,108,12955,12,6713,1,385519,1,3417,1,0,0,0,0,0,0,717816,1,119342,1,5250,1,16861,1,28,1,9561,1,4521,1,16889,1,9561,1,48,1
130,7233300,4519,9560,28.98568,,0,10,9,108,46007,2214,4629,7187293,16,166,581,1,34237,1,60,1,2120482,1,965507,1,173107,1,3880324,1,12995,1,1687050,1,13556,4,651867,4,83633,4,374608,4,659793,8,1020544,108,9228,12,6813,1,397673,1,3116,1,0,0,0,0,0,0,823772,1,123390,1,5851,1,16862,1,28,1,9560,1,4519,1,16890,1,9560,1,48,1
131,7077300,4526,9559,28.98593,,0,10,9,108,54106,1673,5090,7023194,16,161,431,1,34968,1,150,1,2133658,1,871224,1,322236,1,3648002,1,12524,1,1578359,1,12915,4,631438,4,79885,4,337977,4,629113,8,953934,108,8066,12,6663,1,366683,1,3296,1,0,0,0,0,0,0,778734,1,70728,1,10019,1,16896,1,32,1,9559,1,4526,1,16928,1,9559,1,48,1
132,6815900,4524,9559,28.986149,,0,10,9,108,42351,1713,5070,6773549,16,166,150,1,27033,1,160,1,2001972,1,859912,1,169349,1,3701787,1,13186,1,1516729,1,14268,4,670494,4,79535,4,356974,4,647108,8,990666,108,8346,12,6593,1,405017,1,3357,1,0,0,0,0,0,0,759597,1,82961,1,5070,1,16900,1,32,1,9559,1,4524,1,16932,1,9559,1,48,1
133,7087800,4516,9559,28.98636,,0,10,9,108,64867,1884,4990,7022933,16,165,50,1,28135,1,100,1,1949811,1,788964,1,282700,1,3960580,1,12594,1,1832272,1,13115,4,636127,4,79905,4,350311,4,648050,8,985145,108,8226,12,8306,1,387463,1,3146,1,0,0,0,0,0,0,670013,1,95075,1,7976,1,16892,1,28,1,9559,1,4516,1,16920,1,9559,1,48,1
134,7051500,4520,9559,28.98657,,0,10,9,108,40820,2886,4849,7010680,16,166,170,1,27283,1,150,1,1936304,1,760278,1,205259,1,4068931,1,12304,1,1712910,1,13717,4,682998,4,79705,4,442019,4,740249,8,1169173,108,8246,12,6803,1,384568,1,3076,1,0,0,0,0,0,0,619985,1,120384,1,5922,1,16901,1,28,1,9559,1,4520,1,16929,1,9559,1,48,1
135,6928300,4522,9559,28.986776,,0,10,9,108,41591,1683,4659,6886709,16,166,90,1,27213,1,30,1,1922457,1,839252,1,230067,1,3852840,1,14759,1,1764180,1,13386,4,630075,4,79434,4,341925,4,631468,8,960577,108,8156,12,7234,1,380440,1,3016,1,0,0,0,0,0,0,683679,1,128780,1,8276,1,16906,1,26,1,9559,1,4522,1,16932,1,9559,1,48,1
136,6268600,4519,9559,28.986969,,0,10,9,108,38428,1182,4368,6230172,16,166,80,1,27053,1,140,1,1921916,1,603203,1,193276,1,3472321,1,12184,1,1234781,1,13426,4,709549,4,78402,4,387704,4,715301,8,1090049,108,8587,12,6974,1,322226,1,2775,1,0,0,0,0,0,0,532876,1,57472,1,5481,1,16892,1,30,1,9559,1,4519,1,16922,1,9559,1,48,1
137,6066100,4521,9559,28.987137,,0,10,9,108,37730,1543,4609,6028370,16,166,20,1,26251,1,40,1,1920013,1,637920,1,129722,1,3302310,1,12094,1,1198961,1,12715,4,666145,4,77701,4,371442,4,681675,8,1036766,108,11743,12,6663,1,282349,1,3116,1,0,0,0,0,0,0,594736,1,32323,1,5260,1,16889,1,34,1,9559,1,4521,1,16923,1,9559,1,48,1
138,6208200,4521,9559,28.9873,,0,10,9,108,38746,1623,4078,6169454,16,166,100,1,26562,1,100,1,1920393,1,611249,1,165722,1,3432704,1,12625,1,1190615,1,13436,4,710571,4,80797,4,392633,4,722945,8,1099307,108,12194,12,6282,1,310383,1,3417,1,0,0,0,0,0,0,569838,1,31932,1,5120,1,16884,1,34,1,9559,1,4521,1,16918,1,9559,1,48,1
139,6203200,4521,9559,28.987465,,0,10,9,108,35690,1753,4048,6167510,16,166,461,1,31822,1,110,1,2180078,1,563485,1,117378,1,3260048,1,14127,1,1030373,1,12675,4,634073,4,80076,4,405128,4,790136,8,1179323,108,11893,12,6382,1,296246,1,3206,1,0,0,0,0,0,0,524259,1,29878,1,4158,1,16900,1,34,1,9559,1,4521,1,16934,1,9559,1,48,1
140,5916600,4518,9559,28.987623,,0,10,9,108,36999,1383,4358,5879601,16,166,240,1,32153,1,140,1,2054123,1,573154,1,117999,1,3090418,1,11372,1,952061,1,12835,4,632259,4,83943,4,405108,4,709920,8,1097925,108,12745,12,6703,1,282499,1,3707,1,0,0,0,0,0,0,538056,1,25109,1,4218,1,16905,1,34,1,9559,1,4518,1,16939,1,9559,1,48,1
141,5894700,4523,9559,28.987766,,0,10,9,108,44326,1413,4219,5850374,16,166,120,1,26381,1,150,1,1937046,1,569487,1,122538,1,3178810,1,15841,1,953363,1,12484,4,629614,4,80847,4,356002,4,712004,8,1048307,108,15480,12,10791,1,415989,1,6302,1,0,0,0,0,0,0,528558,1,31712,1,4509,1,16895,1,40,1,9559,1,4523,1,16935,1,9559,1,48,1
142,6993400,4524,9559,28.987892,,0,10,9,108,45482,1863,4168,6947918,16,166,431,1,30349,1,40,1,2238051,1,629253,1,128309,1,3902407,1,19077,1,1355415,1,13065,4,631929,4,80647,4,395840,4,708878,8,1084639,108,15911,12,10821,1,693288,1,10661,1,0,0,0,0,0,0,563506,1,48945,1,4659,1,16904,1,38,1,9559,1,4524,1,16942,1,9559,1,48,1
143,6962800,4523,9559,28.98802,,0,10,9,108,45261,1773,4348,6917539,16,166,130,1,28956,1,100,1,1942156,1,619875,1,123640,1,4182040,1,20640,1,1397116,1,12825,4,635135,4,80937,4,366382,4,671475,8,1018039,108,15470,12,11041,1,993031,1,12324,1,0,0,0,0,0,0,560900,1,46851,1,4138,1,16913,1,38,1,9559,1,4523,1,16951,1,9559,1,48,1
144,7648200,4520,9559,28.988153,,0,10,9,108,51902,1493,4368,7596298,16,166,170,1,45649,1,80,1,2344278,1,642409,1,129602,1,4409342,1,24768,1,1468625,1,12124,4,637770,4,80537,4,373867,4,745509,8,1099868,108,15139,12,39677,1,1039731,1,10009,1,0,0,0,0,0,0,581601,1,47232,1,5791,1,16911,1,38,1,9559,1,4520,1,16949,1,9559,1,48,1
145,7354100,4519,9559,28.98826,,0,10,9,108,43187,1643,4389,7310913,16,166,80,1,36972,1,481,1,2396880,1,603443,1,125594,1,4134668,1,12795,1,1417345,1,12204,4,638892,4,83983,4,513809,4,895942,8,1392337,108,13025,12,11843,1,552945,1,6062,1,0,0,0,0,0,0,541352,1,47583,1,4058,1,16923,1,34,1,9559,1,4519,1,16957,1,9559,1,48,1
146,6975600,4520,9559,28.988363,,0,10,9,108,48062,1603,4759,6927538,16,166,441,1,31161,1,80,1,2112196,1,604365,1,124803,1,4041447,1,13045,1,1270400,1,11983,4,636127,4,90947,4,466747,4,902104,8,1355275,108,8817,12,13536,1,641838,1,6162,1,0,0,0,0,0,0,546012,1,42633,1,4489,1,16918,1,32,1,9559,1,4520,1,16950,1,9559,1,48,1
147,6432400,4522,9559,28.988459,,0,10,9,108,40343,1563,4910,6392057,16,166,90,1,29277,1,160,1,2042331,1,616228,1,122458,1,3569019,1,12494,1,1232025,1,12124,4,635475,4,81789,4,392533,4,728045,8,1107132,108,8537,12,13005,1,468320,1,4138,1,0,0,0,0,0,0,557394,1,44967,1,4699,1,16937,1,30,1,9559,1,4522,1,16967,1,9559,1,48,1
148,6159000,4517,9559,28.988543,,0,10,9,108,39583,1242,4439,6119417,16,166,160,1,32333,1,240,1,2025398,1,575749,1,122959,1,3345785,1,16793,1,1034782,1,12615,4,635215,4,80206,4,359379,4,670854,8,1017528,108,8266,12,7945,1,537375,1,6172,1,0,0,0,0,0,0,537876,1,30149,1,3888,1,16926,1,26,1,9559,1,4517,1,16952,1,9559,1,48,1
149,6251100,4519,9559,28.988642,,0,10,9,108,41528,1222,4399,6209572,16,166,70,1,32423,1,311,1,1990099,1,577763,1,138700,1,3456961,1,13246,1,989253,1,12374,4,638301,4,79495,4,351654,4,682828,8,1021866,108,8216,12,6613,1,682246,1,12975,1,0,0,0,0,0,0,542946,1,25299,1,4869,1,16942,1,28,1,9559,1,4519,1,16970,1,9559,1,48,1
150,5914300,4522,9559,28.98874,,0,10,9,108,35932,1413,4188,5878368,16,166,711,1,34106,1,240,1,1948598,1,619434,1,139010,1,3124074,1,12194,1,1091231,1,12705,4,640716,4,79865,4,364258,4,660885,8,1012949,108,8006,12,6863,1,263372,1,2765,1,0,0,0,0,0,0,578334,1,32142,1,4128,1,16949,1,23,1,9559,1,4522,1,16972,1,9559,1,48,1
151,5803200,4520,9559,28.98882,,0,10,9,108,34896,1352,4630,5768304,16,166,40,1,26131,1,70,1,1955221,1,621208,1,121176,1,3032796,1,11663,1,1052546,1,12975,4,639543,4,80136,4,341474,4,638271,8,967140,108,7976,12,6412,1,257090,1,2996,1,0,0,0,0,0,0,581270,1,30289,1,3847,1,16935,1,23,1,9559,1,4520,1,16958,1,9559,1,48,1
152,6568000,4523,9559,28.988888,,0,10,9,108,39588,1513,4839,6528412,16,166,30,1,26251,1,100,1,1954289,1,748816,1,149350,1,3636770,1,12805,1,1573469,1,13105,4,641748,4,80016,4,341103,4,619464,8,947362,108,8366,12,6473,1,356653,1,3226,1,0,0,0,0,0,0,668900,1,62441,1,5340,1,16925,1,28,1,9559,1,4523,1,16953,1,9559,1,48,1
153,6964500,4523,9559,28.988964,,0,10,9,108,45689,1453,4729,6918811,16,161,150,1,32413,1,130,1,2072649,1,772011,1,197674,1,3831398,1,12384,1,1263396,1,15139,4,907554,4,99594,4,471496,4,728987,8,1184913,108,10841,12,10350,1,329731,1,3697,1,0,0,0,0,0,0,679721,1,73533,1,6072,1,16921,1,28,1,9559,1,4523,1,16949,1,9559,1,48,1
154,6214100,4524,9559,28.989048,,0,10,9,108,39185,1453,4459,6174915,16,166,250,1,27233,1,90,1,1958708,1,759086,1,142417,1,3275007,1,12124,1,1126410,1,12815,4,644253,4,80847,4,390319,4,718236,8,1095770,108,8326,12,6954,1,290735,1,2986,1,0,0,0,0,0,0,674010,1,73162,1,3978,1,16914,1,28,1,9559,1,4524,1,16942,1,9559,1,48,1
155,5950000,4521,9559,28.989117,,0,10,9,108,38397,1393,4249,5911603,16,166,20,1,26962,1,70,1,1966223,1,606229,1,120224,1,3179531,1,12344,1,1062876,1,12985,4,643681,4,81188,4,394026,4,709389,8,1090921,108,8246,12,6613,1,264113,1,3266,1,0,0,0,0,0,0,566832,1,30058,1,4268,1,16915,1,28,1,9559,1,4521,1,16943,1,9559,1,48,1
156,5989600,4520,9559,28.989172,,0,10,9,108,37077,1413,4659,5952523,16,166,100,1,27053,1,50,1,1973276,1,571902,1,125754,1,3242184,1,12204,1,969866,1,13556,4,836286,4,87179,4,388105,4,635065,8,1009884,108,8627,12,6743,1,300514,1,3457,1,0,0,0,0,0,0,535461,1,26592,1,5010,1,16915,1,27,1,9559,1,4520,1,16942,1,9559,1,48,1
157,6415900,4519,9559,28.989218,,0,10,9,108,41497,1323,4278,6374403,16,163,220,1,41230,1,80,1,2490712,1,570168,1,124031,1,3136017,1,11943,1,966238,1,13206,4,642609,4,81058,4,416790,4,715431,8,1119597,108,8346,12,6402,1,289282,1,3677,1,0,0,0,0,0,0,530261,1,29297,1,4389,1,16916,1,27,1,9559,1,4519,1,16943,1,9559,1,48,1
158,5968300,4519,9559,28.98927,,0,10,9,108,37730,1763,4419,5930570,16,166,291,1,27614,1,180,1,1966403,1,581170,1,124021,1,3218627,1,12264,1,956630,1,14388,4,648501,4,85727,4,370210,4,699400,8,1056564,108,8627,12,10009,1,427862,1,4138,1,0,0,0,0,0,0,543907,1,28035,1,3948,1,16921,1,27,1,9559,1,4519,1,16948,1,9559,1,48,1
159,6434900,4518,9559,28.98933,,0,10,9,108,37222,1583,4479,6397678,16,166,200,1,33806,1,271,1,2243041,1,583755,1,127237,1,3383518,1,25850,1,1039912,1,12935,4,646327,4,80436,4,334911,4,693749,8,1015614,108,8567,12,8296,1,555340,1,10029,1,0,0,0,0,0,0,544368,1,30930,1,4108,1,16921,1,23,1,9559,1,4518,1,16944,1,9559,1,48,1
160,6282200,4519,9559,28.989386,,0,10,9,108,38361,1132,4649,6243839,16,166,371,1,31421,1,160,1,2190889,1,656116,1,138810,1,3214299,1,11773,1,1070421,1,13186,4,648030,4,80587,4,355100,4,693518,8,1035814,108,8156,12,6703,1,340322,1,5300,1,0,0,0,0,0,0,618933,1,29297,1,3988,1,16913,1,23,1,9559,1,4519,1,16936,1,9559,1,48,1
161,6046600,4521,9559,28.989433,,0,10,9,108,39221,1382,4740,6007379,16,166,130,1,29107,1,571,1,1988145,1,638141,1,125694,1,3214028,1,11562,1,1174423,1,12855,4,650224,4,81649,4,349730,4,642269,8,979053,108,8206,12,6473,1,291958,1,3066,1,0,0,0,0,0,0,590107,1,37773,1,3938,1,16911,1,23,1,9559,1,4521,1,16934,1,9559,1,48,1
162,6145700,4518,9559,28.989477,,0,10,9,108,42525,1824,4890,6103175,16,161,10,1,26992,1,30,1,1988987,1,642158,1,236550,1,3196364,1,12083,1,1185364,1,13035,4,650324,4,82009,4,341794,4,641718,8,970236,108,8386,12,6563,1,270806,1,2926,1,0,0,0,0,0,0,593995,1,34968,1,6933,1,16914,1,23,1,9559,1,4518,1,16937,1,9559,1,48,1
163,6157800,4520,9559,28.989515,,0,10,9,108,35056,1633,4689,6122744,16,166,20,1,37262,1,80,1,2050597,1,574878,1,125133,1,3322740,1,12033,1,1044230,1,15420,4,815265,4,87340,4,370230,4,695502,8,1052046,108,8997,12,7915,1,282319,1,2886,1,0,0,0,0,0,0,536052,1,28345,1,5070,1,16924,1,23,1,9559,1,4520,1,16947,1,9559,1,48,1
164,6124800,4520,9559,28.989552,,0,10,9,108,37566,1293,4208,6087234,16,166,80,1,31952,1,170,1,1989398,1,655665,1,143870,1,3254086,1,12013,1,1064109,1,13095,4,770799,4,82771,4,383526,4,671205,8,1042417,108,8106,12,6823,1,257451,1,3016,1,0,0,0,0,0,0,595828,1,49156,1,4228,1,16923,1,23,1,9559,1,4520,1,16946,1,9559,1,48,1
165,5770400,4519,9559,28.989582,,0,10,9,108,39709,1483,4469,5730691,16,166,40,1,26612,1,90,1,1989027,1,557674,1,123731,1,3021244,1,12274,1,983923,1,13266,4,651647,4,81729,4,370440,4,653951,8,1011516,108,8406,12,6753,1,255056,1,2996,1,0,0,0,0,0,0,526734,1,22604,1,4098,1,16924,1,24,1,9559,1,4519,1,16948,1,9559,1,48,1
166,5980600,4516,9559,28.989613,,0,10,9,108,37636,1373,4449,5942964,16,166,40,1,27183,1,40,1,1988827,1,649703,1,125694,1,3138922,1,12554,1,971188,1,13266,4,655454,4,85566,4,355922,4,733526,8,1076282,108,8717,12,6753,1,311936,1,3938,1,0,0,0,0,0,0,606609,1,33024,1,3938,1,16926,1,23,1,9559,1,4516,1,16949,1,9559,1,48,1
167,5922300,4518,9559,28.989645,,0,10,9,108,35505,1363,4489,5886795,16,166,60,1,28065,1,110,1,2000910,1,583825,1,125434,1,3132841,1,15550,1,1000525,1,13336,4,654763,4,83883,4,358497,4,700151,8,1045402,108,8757,12,6853,1,308820,1,4649,1,0,0,0,0,0,0,544128,1,29868,1,4338,1,16939,1,23,1,9559,1,4518,1,16962,1,9559,1,48,1
168,5727000,4518,9559,28.989676,,0,10,9,108,38821,1262,4699,5688179,16,166,100,1,28816,1,120,1,2004066,1,575910,1,124422,1,2942701,1,12043,1,973673,1,12655,4,654532,4,82210,4,340322,4,639784,8,967070,108,8336,12,6863,1,228544,1,2856,1,0,0,0,0,0,0,539238,1,25890,1,5270,1,16942,1,24,1,9559,1,4518,1,16966,1,9559,1,48,1
169,5966100,4514,9559,28.9897,,0,10,9,108,36161,1573,4730,5929939,16,166,20,1,26512,1,70,1,2043222,1,583434,1,125153,1,3139033,1,12494,1,1141800,1,13075,4,654913,4,82420,4,331995,4,645655,8,964815,108,8106,12,7314,1,257310,1,2976,1,0,0,0,0,0,0,539138,1,32724,1,4368,1,16948,1,24,1,9559,1,4514,1,16972,1,9559,1,48,1
170,5809800,4515,9559,28.989725,,0,10,9,108,50167,1262,4509,5759633,16,158,100,1,27534,1,100,1,1999337,1,588620,1,128179,1,3003279,1,12484,1,1037337,1,13045,4,655645,4,81579,4,327857,4,629895,8,945067,108,8176,12,6412,1,247351,1,2896,1,0,0,0,0,0,0,542290,1,28816,1,4950,1,16948,1,24,1,9559,1,4515,1,16972,1,9559,1,48,1
171,5808900,4512,9559,28.989754,,0,10,9,108,38291,1393,4539,5770609,16,166,30,1,27093,1,30,1,2002653,1,588214,1,127388,1,3012457,1,12745,1,987740,1,13526,4,654022,4,82490,4,329711,4,676976,8,993642,108,8507,12,6553,1,256569,1,3477,1,0,0,0,0,0,0,548847,1,31231,1,4168,1,16956,1,24,1,9559,1,4512,1,16980,1,9559,1,48,1
172,5718900,4513,9559,28.98977,,0,10,9,108,35080,1333,4389,5683820,16,166,70,1,27002,1,110,1,2003275,1,577242,1,124602,1,2938974,1,12544,1,948765,1,13216,4,653631,4,81438,4,336113,4,615677,8,939376,108,8026,12,6402,1,278822,1,3577,1,0,0,0,0,0,0,540892,1,27473,1,3868,1,16946,1,24,1,9559,1,4513,1,16970,1,9559,1,48,1
173,6057800,4515,9559,28.989801,,0,10,9,108,51869,6232,4469,6005931,16,165,271,1,33265,1,70,1,2115042,1,580854,1,173127,1,3091260,1,12043,1,973473,1,14438,4,665764,4,89704,4,366713,4,683419,8,1036184,108,9478,12,6994,1,280726,1,3797,1,0,0,0,0,0,0,539694,1,30830,1,4729,1,16956,1,24,1,9559,1,4515,1,16980,1,9559,1,48,1
174,5892500,4515,9559,28.989834,,0,10,9,108,33950,1272,4659,5858550,16,166,190,1,32233,1,30,1,2135692,1,574958,1,125875,1,2975865,1,13707,1,948825,1,13136,4,653060,4,80947,4,321345,4,620486,8,929136,108,8036,12,6693,1,321405,1,8697,1,0,0,0,0,0,0,539709,1,27002,1,4118,1,16952,1,24,1,9559,1,4515,1,16976,1,9559,1,48,1
175,5748700,4515,9559,28.989851,,0,10,9,108,34811,1293,4669,5713889,16,166,100,1,27263,1,331,1,1999678,1,576140,1,141365,1,2957149,1,11863,1,1011547,1,13136,4,654713,4,81559,4,340582,4,623041,8,950508,108,8446,12,6683,1,221871,1,2725,1,0,0,0,0,0,0,542384,1,25550,1,3827,1,16951,1,27,1,9559,1,4515,1,16978,1,9559,1,48,1
176,6560900,4514,9559,28.989864,,0,10,9,108,39641,1483,4609,6521259,16,166,20,1,26692,1,40,1,2009326,1,717365,1,294002,1,3461460,1,12354,1,1387487,1,13216,4,653771,4,82340,4,370510,4,675674,8,1033219,108,8356,12,6443,1,267630,1,2906,1,0,0,0,0,0,0,652499,1,48965,1,8787,1,16943,1,27,1,9559,1,4514,1,16970,1,9559,1,48,1
177,6080300,4516,9559,28.989883,,0,10,9,108,36700,1393,4549,6043600,16,166,90,1,32213,1,341,1,2068041,1,668359,1,128159,1,3134143,1,12254,1,1119486,1,15089,4,654392,4,82280,4,343578,4,637069,8,967802,108,8296,12,6503,1,271568,1,2785,1,0,0,0,0,0,0,615186,1,38615,1,4930,1,16944,1,27,1,9559,1,4516,1,16971,1,9559,1,48,1
178,6137300,4515,9559,28.989906,,0,10,9,108,36609,1763,4629,6100691,16,166,50,1,27874,1,30,1,2000279,1,684751,1,141425,1,3234268,1,12013,1,1056995,1,13677,4,699239,4,81278,4,364338,4,683970,8,1035263,108,8416,12,11502,1,318339,1,3166,1,0,0,0,0,0,0,626638,1,47733,1,4088,1,16946,1,27,1,9559,1,4515,1,16973,1,9559,1,48,1
179,5943200,4515,9559,28.989923,,0,10,9,108,36156,1683,4589,5907044,16,166,30,1,26632,1,80,1,2003154,1,575439,1,126105,1,3163410,1,12194,1,1067666,1,12945,4,665123,4,81428,4,374849,4,686354,8,1047977,108,8637,12,6443,1,263953,1,2966,1,0,0,0,0,0,0,542294,1,22995,1,5170,1,16936,1,27,1,9559,1,4515,1,16963,1,9559,1,48,1
180,5749800,4515,9559,28.98993,,0,10,9,108,36262,1242,4940,5713538,16,166,60,1,27634,1,80,1,1999447,1,574617,1,125264,1,2974703,1,11733,1,950508,1,13266,4,653961,4,81559,4,344249,4,652759,8,983722,108,8346,12,6723,1,267610,1,2825,1,0,0,0,0,0,0,539549,1,26041,1,4328,1,16941,1,27,1,9559,1,4515,1,16968,1,9559,1,48,1
181,6595900,4517,9559,28.98993,,0,10,9,108,49423,2214,3878,6546477,16,166,551,1,32543,1,70,1,2074703,1,569698,1,132277,1,3721075,1,15560,1,978933,1,14408,4,736241,4,93271,4,391722,4,821568,8,1197789,108,11623,12,15069,1,660704,1,6943,1,0,0,0,0,0,0,533207,1,27954,1,4138,1,16935,1,31,1,9559,1,4517,1,16966,1,9559,1,48,1
182,7520300,4517,9559,28.98994,,0,10,9,108,39807,3176,4709,7480493,16,166,160,1,38535,1,521,1,2342284,1,674511,1,161704,1,4249501,1,13276,1,1514815,1,14679,4,745469,4,97199,4,430737,4,882876,8,1298093,108,10811,12,11092,1,542374,1,7084,1,0,0,0,0,0,0,581020,1,73353,1,4068,1,16943,1,32,1,9559,1,4517,1,16975,1,9559,1,48,1
183,6462600,4516,9559,28.989958,,0,10,9,108,38871,1643,4249,6423729,16,166,371,1,29598,1,331,1,2008375,1,620005,1,127899,1,3623795,1,13356,1,1265861,1,13316,4,653971,4,86879,4,391351,4,759086,8,1136740,108,9448,12,12584,1,434835,1,4268,1,0,0,0,0,0,0,552324,1,49376,1,4308,1,16946,1,32,1,9559,1,4516,1,16978,1,9559,1,48,1
184,6166500,4516,9559,28.98997,,0,10,9,108,35941,1373,4389,6130559,16,166,60,1,28435,1,70,1,2005088,1,595858,1,128931,1,3359952,1,12164,1,1070782,1,13146,4,655735,4,84073,4,371342,4,675042,8,1026095,108,15901,12,10551,1,473761,1,4148,1,0,0,0,0,0,0,546472,1,35619,1,5431,1,16941,1,36,1,9559,1,4516,1,16977,1,9559,1,48,1
185,5711200,4514,9559,28.989977,,0,10,9,108,34935,1293,4709,5676265,16,166,30,1,28646,1,140,1,2001541,1,575829,1,125474,1,2932261,1,12344,1,1025644,1,13546,4,654853,4,81488,4,311105,4,583124,8,881043,108,8476,12,6593,1,251820,1,2795,1,0,0,0,0,0,0,538417,1,27423,1,4960,1,16944,1,32,1,9559,1,4514,1,16976,1,9559,1,48,1
186,5911400,4515,9559,28.98999,,0,10,9,108,36338,1343,4559,5875062,16,166,240,1,29137,1,591,1,2001972,1,581911,1,125744,1,3123122,1,12344,1,1195695,1,13035,4,650715,4,80727,4,311636,4,577252,8,875793,108,8537,12,6623,1,283030,1,3066,1,0,0,0,0,0,0,545491,1,26051,1,4098,1,16950,1,32,1,9559,1,4515,1,16982,1,9559,1,48,1
187,5950800,4516,9559,28.990005,,0,10,9,108,35961,1303,4549,5914839,16,166,110,1,27033,1,110,1,1989027,1,674622,1,126025,1,3085659,1,12254,1,1080390,1,13156,4,651497,4,81338,4,350672,4,637429,8,975016,108,8537,12,6422,1,260116,1,3336,1,0,0,0,0,0,0,628973,1,33655,1,4158,1,16958,1,28,1,9559,1,4516,1,16986,1,9559,1,48,1
188,5883900,4519,9559,28.990013,,0,10,9,108,43025,1212,4379,5840875,16,166,90,1,27273,1,50,1,1988596,1,674151,1,126917,1,3011495,1,12304,1,1019552,1,13276,4,652198,4,81298,4,342847,4,642649,8,972451,108,8667,12,6763,1,248533,1,3166,1,0,0,0,0,0,0,639483,1,24758,1,4008,1,16958,1,28,1,9559,1,4519,1,16986,1,9559,1,48,1
189,5775100,4519,9559,28.990015,,0,10,9,108,36163,1403,4839,5738937,16,166,40,1,26381,1,80,1,1995540,1,563155,1,122508,1,3019079,1,12154,1,999503,1,13396,4,651687,4,81508,4,341133,4,655043,8,982680,108,8657,12,7084,1,265496,1,2825,1,0,0,0,0,0,0,533557,1,22173,1,3948,1,16956,1,32,1,9559,1,4519,1,16988,1,9559,1,48,1
190,5717100,4519,9559,28.990025,,0,10,9,108,35384,1353,4709,5681716,16,166,10,1,27033,1,140,1,1987855,1,573976,1,122578,1,2958111,1,12013,1,943514,1,13015,4,649673,4,81258,4,330703,4,657959,8,975737,108,8216,12,6242,1,271448,1,2946,1,0,0,0,0,0,0,538056,1,26451,1,3968,1,16964,1,28,1,9559,1,4519,1,16992,1,9559,1,48,1
191,6046000,4520,9559,28.99004,,0,10,9,108,40745,1383,4809,6005255,16,166,40,1,27002,1,30,1,1989117,1,574327,1,123520,1,3275147,1,16071,1,962982,1,12755,4,650284,4,80947,4,312488,4,685984,8,985125,108,8537,12,6483,1,546262,1,15580,1,0,0,0,0,0,0,535711,1,28906,1,3817,1,16962,1,32,1,9559,1,4520,1,16994,1,9559,1,48,1
192,6220500,4522,9559,28.990047,,0,10,9,108,38932,1252,4960,6181568,16,166,40,1,28385,1,150,1,2295583,1,576451,1,125223,1,3143592,1,12144,1,1126520,1,12835,4,652048,4,81559,4,346914,4,651166,8,984554,108,8567,12,6483,1,261739,1,3076,1,0,0,0,0,0,0,533477,1,32523,1,5320,1,16969,1,32,1,9559,1,4522,1,17001,1,9559,1,48,1
193,5939000,4521,9559,28.990053,,0,10,9,108,36555,1423,4849,5902445,16,166,50,1,27083,1,30,1,1977374,1,714880,1,122999,1,3047825,1,12204,1,1063598,1,12725,4,651206,4,81368,4,341955,4,622089,8,950839,108,8356,12,6563,1,263953,1,2946,1,0,0,0,0,0,0,674622,1,29688,1,4028,1,16970,1,32,1,9559,1,4521,1,17002,1,9559,1,48,1
194,5898100,4522,9559,28.990055,,0,10,9,108,35753,1242,4609,5862347,16,166,70,1,26932,1,20,1,1978376,1,646357,1,124021,1,3074377,1,12194,1,1069319,1,13286,4,649753,4,80947,4,348477,4,637199,8,966309,108,14759,12,6743,1,264574,1,2836,1,0,0,0,0,0,0,604084,1,30790,1,3777,1,16974,1,36,1,9559,1,4522,1,17010,1,9559,1,48,1
195,6181800,4521,9559,28.99006,,0,10,9,108,41603,1463,4449,6140197,16,166,80,1,26371,1,60,1,1977294,1,671656,1,127608,1,3324814,1,12314,1,1025724,1,13456,4,704951,4,82991,4,421079,4,753315,8,1155336,108,14608,12,6753,1,311766,1,3316,1,0,0,0,0,0,0,615046,1,44767,1,5340,1,16966,1,36,1,9559,1,4521,1,17002,1,9559,1,48,1
196,6115000,4522,9559,28.99006,,0,10,9,108,42134,1533,4469,6072866,16,166,100,1,27383,1,180,1,1980651,1,574036,1,128800,1,3349301,1,12414,1,1128985,1,12935,4,683038,4,80647,4,385620,4,735770,8,1102443,108,14478,12,6613,1,310945,1,3216,1,0,0,0,0,0,0,535241,1,27864,1,4809,1,16971,1,36,1,9559,1,4522,1,17007,1,9559,1,48,1
197,5771400,4523,9559,28.990076,,0,10,9,108,34787,1303,4719,5736613,16,166,571,1,26922,1,180,1,1975891,1,576872,1,122638,1,3021224,1,12314,1,986989,1,13346,4,649192,4,81809,4,350501,4,656326,8,987360,108,14749,12,6573,1,271929,1,3256,1,0,0,0,0,0,0,540441,1,25590,1,5531,1,16965,1,40,1,9559,1,4523,1,17005,1,9559,1,48,1
198,6715100,4523,9559,28.990084,,0,10,9,108,45719,9609,3727,6669381,16,166,291,1,37473,1,70,1,2318147,1,711518,1,145573,1,3442212,1,14097,1,1181577,1,15099,4,686845,4,85827,4,403064,4,736181,8,1117442,108,18075,12,7324,1,313059,1,3627,1,0,0,0,0,0,0,663154,1,37232,1,4569,1,16961,1,40,1,9559,1,4523,1,17001,1,9559,1,48,1
199,6217400,4524,9559,28.990086,,0,10,9,108,36293,1403,4188,6181107,16,166,571,1,41240,1,120,1,2260034,1,578825,1,123189,1,3165173,1,11953,1,1006657,1,13115,4,644834,4,84003,4,366302,4,698408,8,1045062,108,15460,12,6202,1,340582,1,3667,1,0,0,0,0,0,0,539669,1,28906,1,5050,1,16962,1,36,1,9559,1,4524,1,16998,1,9559,1,48,1
200,5749000,4522,9559,28.990088,,0,10,9,108,35272,1393,4619,5713728,16,166,130,1,26481,1,30,1,1967645,1,566371,1,119532,1,3021204,1,12334,1,972020,1,13887,4,645906,4,82450,4,331535,4,612250,8,923125,108,16041,12,9559,1,347516,1,4689,1,0,0,0,0,0,0,529359,1,26311,1,4799,1,16960,1,36,1,9559,1,4522,1,16996,1,9559,1,48,1
201,6267400,4522,9559,28.990097,,0,10,9,108,46917,1413,4389,6220483,16,166,271,1,29918,1,30,1,2058061,1,703147,1,181663,1,3235761,1,11633,1,1189292,1,13316,4,690993,4,80286,4,341033,4,635896,8,957992,108,14548,12,7204,1,273562,1,2765,1,0,0,0,0,0,0,656576,1,36240,1,5130,1,16962,1,36,1,9559,1,4522,1,16998,1,9559,1,48,1
202,5737000,4521,9559,28.99011,,0,10,9,108,35506,1463,4719,5701494,16,166,120,1,27253,1,60,1,1970571,1,547084,1,121707,1,3022857,1,11843,1,1048669,1,12655,4,645485,4,80677,4,334570,4,641337,8,962742,108,8446,12,6162,1,248944,1,2896,1,0,0,0,0,0,0,510062,1,27604,1,3797,1,16968,1,32,1,9559,1,4521,1,17000,1,9559,1,48,1
203,5834500,4525,9559,28.990112,,0,10,9,108,38432,1182,4609,5796068,16,166,160,1,26361,1,40,1,1965962,1,718286,1,122488,1,2950887,1,11883,1,1036866,1,12905,4,645996,4,79575,4,319361,4,594796,8,901172,108,8376,12,6623,1,250697,1,2886,1,0,0,0,0,0,0,679992,1,28956,1,3817,1,16979,1,32,1,9559,1,4525,1,17011,1,9559,1,48,1
204,5716300,4526,9559,28.990108,,0,10,9,108,38021,1453,4399,5678279,16,166,10,1,26431,1,60,1,1965802,1,550861,1,118741,1,3003790,1,12584,1,1010404,1,13005,4,644543,4,79344,4,354108,4,633371,8,968342,108,14739,12,6613,1,258192,1,2755,1,0,0,0,0,0,0,520011,1,22744,1,3717,1,16986,1,36,1,9559,1,4526,1,17022,1,9559,1,48,1
205,5802400,4524,9559,28.990114,,0,10,9,108,35538,1142,4679,5766862,16,166,50,1,26622,1,60,1,1954931,1,564728,1,118821,1,3089496,1,12154,1,934367,1,12554,4,641688,4,81508,4,350051,4,789956,8,1120599,108,14729,12,6863,1,267700,1,3667,1,0,0,0,0,0,0,529620,1,26451,1,3737,1,16972,1,36,1,9559,1,4524,1,17008,1,9559,1,48,1
206,5886800,4523,9559,28.99012,,0,10,9,108,35003,1293,4689,5851797,16,166,240,1,26942,1,60,1,1958117,1,569317,1,119883,1,3164753,1,12484,1,944817,1,12935,4,639864,4,81338,4,395810,4,660674,8,1037297,108,14498,12,7124,1,415177,1,5721,1,0,0,0,0,0,0,527516,1,30690,1,4719,1,16977,1,36,1,9559,1,4523,1,17013,1,9559,1,48,1
207,5748600,4523,9559,28.990118,,0,10,9,108,36114,1363,4268,5712486,16,166,80,1,26812,1,100,1,1953628,1,608182,1,121707,1,2990474,1,11502,1,1026586,1,12845,4,640956,4,80436,4,348908,4,631127,8,961199,108,14568,12,6382,1,239085,1,2785,1,0,0,0,0,0,0,569678,1,28796,1,4038,1,16970,1,36,1,9559,1,4523,1,17006,1,9559,1,48,1
208,6342200,4523,9559,28.990112,,0,10,9,108,42398,1493,4449,6299802,16,166,200,1,31301,1,80,1,2084042,1,661300,1,165331,1,3343160,1,14388,1,1174774,1,14458,4,728476,4,88913,4,344610,4,691775,8,1016777,108,15159,12,6713,1,288451,1,3497,1,0,0,0,0,0,0,615211,1,35649,1,4940,1,16969,1,36,1,9559,1,4523,1,17005,1,9559,1,48,1
209,6362700,4522,9559,28.990116,,0,10,9,108,36361,1563,4579,6326339,16,166,401,1,35048,1,70,1,2324649,1,747223,1,141024,1,3065700,1,12224,1,1104147,1,12865,4,639874,4,79595,4,325262,4,616348,8,922243,108,14789,12,6152,1,277119,1,2775,1,0,0,0,0,0,0,698227,1,38805,1,3998,1,16966,1,36,1,9559,1,4522,1,17002,1,9559,1,48,1
210,5945800,4522,9559,28.990122,,0,10,9,108,38055,1433,4529,5907745,16,166,40,1,26271,1,100,1,1954520,1,678609,1,124201,1,3112421,1,11583,1,1103495,1,15260,4,656216,4,80026,4,335202,4,632139,8,948334,108,14478,12,6893,1,278291,1,3467,1,0,0,0,0,0,0,634293,1,33265,1,4559,1,16964,1,36,1,9559,1,4522,1,17000,1,9559,1,48,1
211,6099500,4523,9559,28.990128,,0,10,9,108,37875,1944,4308,6061625,16,166,100,1,26522,1,110,1,1953328,1,571711,1,118170,1,3379811,1,11873,1,1132231,1,12043,4,730711,4,79314,4,391531,4,750329,8,1123164,108,14388,12,6943,1,271648,1,3116,1,0,0,0,0,0,0,536784,1,26712,1,3707,1,16963,1,36,1,9559,1,4523,1,16999,1,9559,1,48,1
212,5977300,4523,9559,28.990124,,0,10,9,108,41640,1232,4539,5935660,16,166,10,1,26852,1,40,1,1944651,1,613463,1,117498,1,3220802,1,12344,1,960547,1,12605,4,663440,4,79645,4,445967,4,771981,8,1198780,108,14628,12,6543,1,275866,1,2976,1,0,0,0,0,0,0,578885,1,25439,1,3757,1,16961,1,40,1,9559,1,4523,1,17001,1,9559,1,48,1
213,5731200,4523,9559,28.99013,,0,10,9,108,36148,1212,4088,5695052,16,166,30,1,26411,1,200,1,1941555,1,558836,1,117528,1,3038497,1,11993,1,937743,1,12795,4,640044,4,80747,4,365791,4,710060,8,1057205,108,14558,12,6763,1,279704,1,3637,1,0,0,0,0,0,0,522396,1,28445,1,3677,1,16963,1,40,1,9559,1,4523,1,17003,1,9559,1,48,1
214,6456800,4524,9559,28.990137,,0,10,9,108,41899,1343,4118,6414901,16,166,40,1,26972,1,110,1,2306664,1,569457,1,119152,1,3375703,1,16803,1,967361,1,12564,4,636227,4,79805,4,372474,4,693568,8,1047577,108,14348,12,7535,1,594265,1,10561,1,0,0,0,0,0,0,528277,1,32934,1,3767,1,16965,1,40,1,9559,1,4524,1,17005,1,9559,1,48,1
215,6524500,4524,9559,28.990137,,0,10,9,108,37719,1934,4359,6486781,16,166,30,1,29728,1,150,1,2316684,1,582072,1,121797,1,3423215,1,13105,1,1105299,1,12965,4,640195,4,79675,4,362304,4,730821,8,1074158,108,14608,12,6783,1,473631,1,9609,1,0,0,0,0,0,0,539088,1,33746,1,4078,1,16967,1,40,1,9559,1,4524,1,17007,1,9559,1,48,1
216,5859500,4526,9559,28.990137,,0,10,9,108,39696,1503,4258,5819804,16,166,20,1,27363,1,60,1,1942787,1,602992,1,132427,1,3101700,1,12454,1,1052677,1,12915,4,642649,4,80567,4,366452,4,675343,8,1022859,108,14679,12,6483,1,260346,1,2765,1,0,0,0,0,0,0,566602,1,27574,1,3938,1,16971,1,40,1,9559,1,4526,1,17011,1,9559,1,48,1
217,7124000,4524,9559,28.990143,,0,10,9,108,46921,7164,5090,7077079,16,152,10,1,26892,1,20,1,1956564,1,805055,1,163919,1,4109259,1,15360,1,1888602,1,14498,4,756821,4,87580,4,350962,4,615657,8,946450,108,15079,12,6783,1,378265,1,2926,1,0,0,0,0,0,0,719218,1,64495,1,4368,1,16971,1,40,1,9559,1,4524,1,17011,1,9559,1,48,1
218,6119000,4525,9559,28.990149,,0,10,9,108,37797,1513,4258,6081203,16,166,90,1,30028,1,100,1,1943859,1,679271,1,129321,1,3286720,1,11813,1,1214441,1,13286,4,662528,4,79895,4,344309,4,643020,8,968423,108,14648,12,6473,1,318279,1,2976,1,0,0,0,0,0,0,628522,1,39807,1,3878,1,16980,1,40,1,9559,1,4525,1,17020,1,9559,1,48,1
219,6043300,4524,9559,28.990149,,0,10,9,108,36422,1553,4208,6006878,16,166,140,1,26151,1,20,1,1941785,1,592993,1,164380,1,3269306,1,12104,1,1155126,1,13837,4,649242,4,79705,4,377394,4,708016,8,1066674,108,14528,12,6803,1,274714,1,2916,1,0,0,0,0,0,0,518799,1,62562,1,4960,1,16981,1,40,1,9559,1,4524,1,17021,1,9559,1,48,1
220,6354100,4523,9559,28.990152,,0,10,9,108,48752,1132,4569,6305348,16,153,140,1,26562,1,80,1,1944039,1,689911,1,121466,1,3510866,1,12284,1,1353311,1,12755,4,668490,4,80727,4,359018,4,725791,8,1065131,108,15109,12,6673,1,300033,1,2936,1,0,0,0,0,0,0,650184,1,30279,1,3717,1,16980,1,40,1,9559,1,4523,1,17020,1,9559,1,48,1
221,6057000,4522,9559,28.99016,,0,10,9,108,39842,1353,4148,6017158,16,166,40,1,26201,1,60,1,1945392,1,614214,1,124382,1,3294966,1,11903,1,1088857,1,13166,4,671065,4,80206,4,407232,4,736612,8,1124967,108,14729,12,6793,1,286757,1,2926,1,0,0,0,0,0,0,567113,1,38525,1,3587,1,16978,1,40,1,9559,1,4522,1,17018,1,9559,1,48,1
222,5743500,4522,9559,28.990164,,0,10,9,108,34912,1232,4288,5708588,16,166,40,1,26311,1,80,1,1982284,1,560690,1,119122,1,3008008,1,12053,1,971308,1,13346,4,640696,4,80476,4,363226,4,649543,8,994043,108,14438,12,6422,1,278511,1,3246,1,0,0,0,0,0,0,527596,1,23987,1,3827,1,16976,1,40,1,9559,1,4522,1,17016,1,9559,1,48,1
223,6083200,4520,9559,28.990162,,0,10,9,108,38328,1323,4579,6044872,16,166,80,1,27023,1,70,1,2024326,1,590748,1,122318,1,3267823,1,12484,1,1055131,1,12204,4,642138,4,79404,4,372875,4,622570,8,976328,108,14538,12,7404,1,470815,1,3958,1,0,0,0,0,0,0,540521,1,37974,1,4048,1,16977,1,36,1,9559,1,4520,1,17013,1,9559,1,48,1
224,6434400,4521,9559,28.99016,,0,10,9,108,37343,1683,4048,6397057,16,166,50,1,28024,1,150,1,2238201,1,585999,1,121075,1,3410971,1,12584,1,1033549,1,13386,4,643511,4,84374,4,360260,4,760699,8,1100900,108,16011,12,16332,1,490073,1,7104,1,0,0,0,0,0,0,546042,1,30379,1,3707,1,16971,1,36,1,9559,1,4521,1,17007,1,9559,1,48,1
225,5922800,4522,9559,28.990166,,0,11,9,108,34522,1313,4439,5888278,16,178,50,1,26492,1,210,1,1956784,1,555540,1,123089,1,3211243,1,14869,1,1004703,1,12685,4,641407,4,82160,4,369829,4,723927,8,1066884,108,22434,24,8897,1,360351,1,5972,1,0,0,0,0,0,0,518678,1,27814,1,3837,1,16973,1,40,1,9559,1,4522,1,17013,1,9559,1,48,1
226,6195600,4521,9559,28.990166,,0,11,9,108,38951,1743,4869,6156649,16,178,301,1,31451,1,250,1,2153066,1,585218,1,121657,1,3252203,1,12504,1,1143203,1,13095,4,641427,4,79765,4,390579,4,672948,8,1037707,108,20951,24,7124,1,298631,1,3687,1,0,0,0,0,0,0,538497,1,36040,1,4960,1,16968,1,40,1,9559,1,4521,1,17008,1,9559,1,48,1
227,5953000,4522,9559,28.990166,,0,11,9,108,35956,1603,4860,5917044,16,178,0,1,26351,1,40,1,1953167,1,666476,1,118530,1,3140536,1,11943,1,1125538,1,13095,4,672077,4,80286,4,335111,4,628582,8,937673,108,21161,24,6503,1,274474,1,3266,1,0,0,0,0,0,0,624013,1,32904,1,3737,1,16980,1,40,1,9559,1,4522,1,17020,1,9559,1,48,1
228,6045800,4521,9559,28.990168,,0,11,9,108,40996,1252,4869,6004804,16,178,10,1,26391,1,50,1,1954069,1,636067,1,147186,1,3228517,1,12514,1,1185545,1,14658,4,674211,4,79525,4,348147,4,647038,8,969244,108,21071,24,6853,1,268081,1,3206,1,0,0,0,0,0,0,581440,1,45749,1,3587,1,16979,1,40,1,9559,1,4521,1,17019,1,9559,1,48,1
229,6559700,4519,9559,28.990175,,0,11,9,108,54413,1924,5170,6505287,16,178,230,1,31722,1,80,1,2132315,1,670108,1,154621,1,3503857,1,12354,1,1098616,1,15711,4,877736,4,91558,4,424009,4,717645,8,1112258,108,24227,24,9949,1,263272,1,3437,1,0,0,0,0,0,0,619038,1,41621,1,4318,1,16977,1,40,1,9559,1,4519,1,17017,1,9559,1,48,1
230,6107400,4521,9559,28.990171,,0,11,9,108,36678,1763,4319,6070722,16,178,100,1,31581,1,100,1,1960431,1,564067,1,122408,1,3380011,1,12023,1,1107223,1,13206,4,647068,4,82350,4,406340,4,802570,8,1183180,108,21412,24,6693,1,308850,1,3948,1,0,0,0,0,0,0,532295,1,24177,1,4118,1,16974,1,44,1,9559,1,4521,1,17018,1,9559,1,48,1
231,6526600,4522,9559,28.990166,,0,11,9,108,38035,1753,4849,6488565,16,178,130,1,26962,1,90,1,1961864,1,648160,1,174179,1,3664144,1,13035,1,1288395,1,11683,4,695863,4,81128,4,426740,4,783293,8,1183972,108,21211,24,7274,1,365200,1,2815,1,0,0,0,0,0,0,532275,1,91578,1,4328,1,16973,1,44,1,9559,1,4522,1,17017,1,9559,1,48,1
232,5903000,4523,9559,28.990173,,0,11,9,108,38298,1373,4449,5864702,16,178,50,1,27093,1,150,1,1975200,1,584687,1,120244,1,3145205,1,12073,1,1028339,1,12965,4,643050,4,80877,4,377043,4,676435,8,1027808,108,21221,24,7424,1,313710,1,3988,1,0,0,0,0,0,0,541954,1,32533,1,3757,1,16986,1,40,1,9559,1,4523,1,17026,1,9559,1,48,1
233,5969900,4527,9559,28.990175,,0,11,9,108,39020,1463,4389,5930880,16,178,110,1,26892,1,40,1,1954891,1,588554,1,125093,1,3218146,1,17153,1,987249,1,12494,4,644743,4,80797,4,346223,4,670904,8,990486,108,22253,24,10350,1,456447,1,7475,1,0,0,0,0,0,0,544699,1,32964,1,5340,1,16992,1,44,1,9559,1,4527,1,17036,1,9559,1,48,1
234,6273600,4523,9559,28.990168,,0,11,9,108,40773,1393,4278,6232827,16,178,1012,1,34988,1,271,1,2159899,1,628492,1,138810,1,3257002,1,12354,1,1053799,1,13095,4,646256,4,80577,4,350031,4,680252,8,1004593,108,21412,24,6853,1,418804,1,5942,1,0,0,0,0,0,0,589256,1,30159,1,3787,1,16988,1,44,1,9559,1,4523,1,17032,1,9559,1,48,1
235,5855700,4525,9559,28.99017,,0,11,9,108,36797,1162,4499,5818903,16,178,90,1,27433,1,551,1,1959640,1,648110,1,120474,1,3051042,1,11562,1,1052546,1,13216,4,644894,4,80416,4,357495,4,644152,8,975436,108,21712,24,6703,1,247591,1,2866,1,0,0,0,0,0,0,611519,1,27524,1,3647,1,16992,1,44,1,9559,1,4525,1,17036,1,9559,1,48,1
236,6729200,4525,9559,28.990175,,0,11,9,108,100830,1503,4890,6628370,16,176,471,1,47212,1,511,1,2290353,1,630519,1,263793,1,3383127,1,12384,1,1326940,1,13326,4,652158,4,81308,4,349560,4,640215,8,963383,108,21502,24,6913,1,308380,1,2825,1,0,0,0,0,0,0,571655,1,41761,1,7154,1,16990,1,44,1,9559,1,4525,1,17034,1,9559,1,48,1
237,6114000,4526,9559,28.990175,,0,11,9,108,38999,1293,4699,6075001,16,178,261,1,32273,1,140,1,2060706,1,760238,1,126496,1,3083134,1,11753,1,1088145,1,12895,4,648601,4,79735,4,341053,4,631798,8,946400,108,21752,24,6563,1,270145,1,2906,1,0,0,0,0,0,0,720541,1,30630,1,3958,1,16991,1,48,1,9559,1,4526,1,17039,1,9559,1,48,1
238,6141900,4525,9559,28.990175,,0,11,9,108,36621,1363,4719,6105279,16,178,90,1,26431,1,281,1,1965802,1,663390,1,125604,1,3311859,1,11823,1,1132392,1,13596,4,730650,4,80116,4,384618,4,677026,8,1035423,108,21502,24,6803,1,281648,1,3647,1,0,0,0,0,0,0,597492,1,53494,1,3797,1,16997,1,44,1,9559,1,4525,1,17041,1,9559,1,48,1
239,6426200,4524,9559,28.990175,,0,11,9,108,36788,1603,3908,6389412,16,178,10,1,26291,1,80,1,1967385,1,591019,1,124171,1,3667330,1,13126,1,1161588,1,15330,4,700482,4,89193,4,455796,4,848229,8,1272213,108,27904,24,9519,1,381231,1,4358,1,0,0,0,0,0,0,539829,1,40980,1,4759,1,16995,1,44,1,9559,1,4524,1,17039,1,9559,1,48,1
240,6755000,4524,9559,28.990175,,0,11,9,108,37961,1713,5040,6717039,16,178,100,1,27654,1,100,1,1969679,1,610337,1,126045,1,3969758,1,13366,1,1272454,1,13316,4,758485,4,80737,4,509511,4,919187,8,1402086,108,21572,24,7054,1,402142,1,5160,1,0,0,0,0,0,0,553696,1,42533,1,5250,1,17006,1,44,1,9559,1,4524,1,17050,1,9559,1,48,1
241,7179600,4521,9559,28.990175,,0,11,9,108,38657,2906,4018,7140943,16,178,281,1,27774,1,261,1,2126945,1,595277,1,127568,1,4249371,1,13466,1,1496900,1,15821,4,821497,4,91588,4,479282,4,923285,8,1370585,108,27964,24,9909,1,402863,1,5320,1,0,0,0,0,0,0,538427,1,40849,1,5621,1,16992,1,44,1,9559,1,4521,1,17036,1,9559,1,48,1
242,7119800,4520,9559,28.990175,,0,11,9,108,39946,2906,4399,7079854,16,178,401,1,27924,1,120,1,1965551,1,597131,1,128861,1,4345598,1,14268,1,1494305,1,15991,4,841947,4,86077,4,540130,4,939667,8,1451452,108,23947,24,7374,1,412732,1,4469,1,0,0,0,0,0,0,541092,1,42913,1,3827,1,17003,1,44,1,9559,1,4520,1,17047,1,9559,1,48,1
243,7087800,4520,9559,28.990175,,0,11,9,108,40629,1984,4749,7047171,16,178,80,1,28415,1,271,1,1966152,1,644313,1,187585,1,4207209,1,13146,1,1683733,1,13576,4,716824,4,81448,4,483400,4,816788,8,1273857,108,21582,24,6954,1,399467,1,3036,1,0,0,0,0,0,0,566211,1,59025,1,5370,1,17000,1,44,1,9559,1,4520,1,17044,1,9559,1,48,1
244,7223600,4521,9559,28.990171,,0,11,9,108,48220,2234,5841,7175380,16,178,210,1,28465,1,220,1,1974899,1,721873,1,166925,1,4269831,1,12955,1,1604600,1,13887,4,765248,4,85366,4,466447,4,908466,8,1345165,108,23906,24,7254,1,412482,1,3847,1,0,0,0,0,0,0,617801,1,81218,1,4118,1,17000,1,44,1,9559,1,4521,1,17044,1,9559,1,48,1
245,7490200,4520,9559,28.990164,,0,11,9,108,43352,2635,3747,7446848,16,178,190,1,27884,1,60,1,1980270,1,928104,1,214287,1,4282205,1,13847,1,1722168,1,15089,4,712706,4,88562,4,440486,4,760699,8,1170856,108,26582,24,9839,1,524710,1,5310,1,0,0,0,0,0,0,748575,1,153188,1,6012,1,16998,1,44,1,9559,1,4520,1,17042,1,9559,1,48,1
246,6723200,4521,9559,28.990164,,0,11,9,108,41811,2034,4659,6681389,16,178,70,1,28335,1,20,1,1977394,1,738085,1,214467,1,3709812,1,13206,1,1486620,1,13346,4,651296,4,81178,4,397252,4,684150,8,1055121,108,21622,24,7134,1,383896,1,2906,1,0,0,0,0,0,0,606820,1,109513,1,5120,1,16997,1,44,1,9559,1,4521,1,17041,1,9559,1,48,1
247,6346400,4521,9559,28.990164,,0,11,9,108,41082,1834,4780,6305318,16,178,60,1,27213,1,100,1,1976873,1,765007,1,137137,1,3386814,1,12114,1,1245030,1,13496,4,653500,4,80647,4,397773,4,679882,8,1051444,108,21432,24,6352,1,305474,1,2825,1,0,0,0,0,0,0,681114,1,70066,1,4659,1,16999,1,44,1,9559,1,4521,1,17043,1,9559,1,48,1
248,6125700,4520,9559,28.990164,,0,11,9,108,44578,1282,4789,6081122,16,178,10,1,27764,1,110,1,1979138,1,661356,1,140473,1,3259447,1,12825,1,1119727,1,12174,4,652318,4,80937,4,395078,4,699600,8,1068267,108,21622,24,6994,1,288220,1,3116,1,0,0,0,0,0,0,617751,1,34106,1,3637,1,17001,1,44,1,9559,1,4520,1,17045,1,9559,1,48,1
249,6030600,4522,9559,28.990164,,0,11,9,108,35395,1453,4709,5995205,16,178,120,1,27554,1,371,1,1987314,1,577493,1,119833,1,3269877,1,12645,1,1034601,1,13045,4,669672,4,81138,4,415618,4,751731,8,1141068,108,21572,24,6543,1,292779,1,3296,1,0,0,0,0,0,0,543036,1,25730,1,3717,1,17000,1,44,1,9559,1,4522,1,17044,1,9559,1,48,1
250,5891000,4521,9559,28.990164,,0,11,9,108,37199,1252,4740,5853801,16,178,80,1,27524,1,60,1,1990390,1,570820,1,121857,1,3130406,1,12665,1,966609,1,13677,4,652779,4,82520,4,372324,4,746812,8,1092604,108,21792,24,7104,1,283090,1,4238,1,0,0,0,0,0,0,533327,1,28255,1,3827,1,16995,1,44,1,9559,1,4521,1,17039,1,9559,1,48,1
251,6365300,4522,9559,28.990164,,0,11,9,108,44241,1403,4248,6321059,16,178,70,1,30730,1,160,1,2191000,1,602341,1,122188,1,3359121,1,15450,1,1049039,1,13677,4,654913,4,84865,4,373336,4,677838,8,1030343,108,16582,24,11092,1,487357,1,5601,1,0,0,0,0,0,0,551021,1,38014,1,4128,1,17008,1,36,1,9559,1,4522,1,17044,1,9559,1,48,1
252,6212900,4523,9559,28.990164,,0,11,9,108,40440,1453,4449,6172460,16,178,50,1,29517,1,240,1,2045046,1,600447,1,140463,1,3344091,1,12605,1,1041214,1,13105,4,658019,4,83342,4,370671,4,716002,8,1065481,108,16743,24,8747,1,444985,1,6553,1,0,0,0,0,0,0,558937,1,32052,1,4759,1,17010,1,36,1,9559,1,4523,1,17046,1,9559,1,48,1
253,5902300,4523,9559,28.99017,,0,11,9,108,35755,1232,4629,5866545,16,178,100,1,26942,1,100,1,2000990,1,615968,1,118791,1,3090899,1,12755,1,1047687,1,13546,4,670383,4,81629,4,347896,4,643962,8,971549,108,15680,24,6773,1,273953,1,3837,1,0,0,0,0,0,0,578064,1,28375,1,3958,1,17014,1,36,1,9559,1,4523,1,17050,1,9559,1,48,1
254,6002600,4523,9559,28.99017,,0,11,9,108,35660,1212,5120,5966940,16,178,20,1,27433,1,100,1,2005820,1,646116,1,121727,1,3153240,1,12484,1,1124105,1,14869,4,658380,4,81649,4,342616,4,641908,8,963914,108,15490,24,6322,1,279273,1,2906,1,0,0,0,0,0,0,595478,1,36501,1,4789,1,17017,1,36,1,9559,1,4523,1,17053,1,9559,1,48,1
255,5989500,4521,9559,28.99017,,0,11,9,108,37879,1172,4849,5951621,16,178,100,1,27393,1,20,1,2000078,1,685733,1,139291,1,3086621,1,12384,1,1079499,1,13406,4,660304,4,81569,4,341684,4,643561,8,964926,108,15470,24,6603,1,255817,1,3006,1,0,0,0,0,0,0,646166,1,31090,1,3847,1,17012,1,36,1,9559,1,4521,1,17048,1,9559,1,48,1
256,6231900,4519,9559,28.99017,,0,11,9,108,40934,1373,4990,6190966,16,178,70,1,27173,1,40,1,1999738,1,779566,1,166684,1,3204941,1,12755,1,1114326,1,13907,4,704850,4,82150,4,376292,4,635906,8,991046,108,16161,24,6863,1,265827,1,3447,1,0,0,0,0,0,0,706534,1,61670,1,4429,1,17011,1,36,1,9559,1,4519,1,17047,1,9559,1,48,1
257,6571100,4519,9559,28.990171,,0,11,9,108,39552,1804,4268,6531548,16,178,100,1,27143,1,150,1,2005699,1,572102,1,120845,1,3791842,1,13667,1,1160687,1,14428,4,712575,4,85897,4,422672,4,890411,8,1290759,108,18055,24,10170,1,488109,1,5090,1,0,0,0,0,0,0,542194,1,21672,1,3577,1,17016,1,36,1,9559,1,4519,1,17052,1,9559,1,48,1
258,7113000,4520,9559,28.990177,,0,11,9,108,39859,1723,4940,7073141,16,178,220,1,28566,1,100,1,2011992,1,624013,1,129412,1,4265433,1,13406,1,1623516,1,15971,4,804604,4,94454,4,450105,4,850133,8,1271382,108,23916,24,7024,1,414295,1,3607,1,0,0,0,0,0,0,562113,1,45028,1,5491,1,17012,1,40,1,9559,1,4520,1,17052,1,9559,1,48,1
259,7330300,4520,9559,28.990177,,0,11,9,108,46670,2745,4789,7283630,16,164,220,1,29197,1,80,1,2007172,1,621949,1,131576,1,4479920,1,13516,1,1669315,1,17043,4,803282,4,88101,4,510823,4,968854,8,1448386,108,26502,24,7134,1,408815,1,3807,1,0,0,0,0,0,0,563856,1,44066,1,4589,1,17008,1,40,1,9559,1,4520,1,17048,1,9559,1,48,1
260,7398700,4520,9559,28.990177,,0,11,9,108,43661,2625,4659,7355039,16,178,120,1,34457,1,120,1,2050176,1,715712,1,218906,1,4322564,1,12985,1,1697210,1,16672,4,918516,4,88442,4,424185,4,761641,8,1155707,108,25459,24,7955,1,401831,1,3487,1,0,0,0,0,0,0,607131,1,93622,1,4869,1,17005,1,40,1,9559,1,4520,1,17045,1,9559,1,48,1
261,7540500,4519,9559,28.99018,,0,11,9,108,44701,2695,5230,7495799,16,178,311,1,33365,1,140,1,2111295,1,830364,1,186913,1,4319595,1,13817,1,1633646,1,16302,4,962972,4,101658,4,475451,4,722294,8,1166464,108,26051,24,6923,1,394156,1,3497,1,0,0,0,0,0,0,655885,1,138700,1,4900,1,17010,1,40,1,9559,1,4519,1,17050,1,9559,1,48,1
262,7151300,4518,9559,28.990187,,0,11,9,108,42329,1824,4809,7108971,16,178,751,1,32714,1,100,1,2047601,1,851806,1,190520,1,3970379,1,15099,1,1546617,1,14117,4,689681,4,86398,4,400619,4,721062,8,1094177,108,22694,24,7124,1,499361,1,3577,1,0,0,0,0,0,0,745509,1,87660,1,4198,1,17003,1,40,1,9559,1,4518,1,17043,1,9559,1,48,1
263,7092600,4518,9559,28.990187,,0,11,9,108,42303,1713,5110,7050297,16,178,130,1,28656,1,90,1,2043102,1,779936,1,181974,1,4002952,1,13456,1,1796573,1,15200,4,739858,4,83152,4,343738,4,630015,8,946781,108,21863,24,6853,1,382594,1,3256,1,0,0,0,0,0,0,651627,1,110725,1,4248,1,17005,1,40,1,9559,1,4518,1,17045,1,9559,1,48,1
264,6472600,4518,9559,28.990187,,0,11,9,108,38932,1663,4729,6433668,16,178,80,1,28866,1,220,1,2014426,1,644824,1,186382,1,3546004,1,12865,1,1279387,1,13797,4,745710,4,82771,4,375360,4,707375,8,1056243,108,21762,24,6683,1,330342,1,2916,1,0,0,0,0,0,0,571912,1,61309,1,4048,1,17010,1,40,1,9559,1,4518,1,17050,1,9559,1,48,1
265,6186700,4518,9559,28.990187,,0,11,9,108,39118,1232,4679,6147582,16,178,50,1,27784,1,80,1,2013765,1,677708,1,133119,1,3282401,1,12675,1,1163943,1,13777,4,704079,4,84675,4,371753,4,651266,8,996778,108,21562,24,6853,1,281738,1,3086,1,0,0,0,0,0,0,592362,1,70828,1,4208,1,17011,1,40,1,9559,1,4518,1,17051,1,9559,1,48,1
266,6377500,4518,9559,28.990187,,0,11,9,108,41412,1232,4679,6336088,16,178,10,1,27984,1,160,1,2012523,1,731572,1,148739,1,3402755,1,12344,1,1278946,1,13246,4,694901,4,81929,4,360240,4,666526,8,999784,108,22303,24,6913,1,295525,1,3296,1,0,0,0,0,0,0,657608,1,61610,1,5080,1,17004,1,40,1,9559,1,4518,1,17044,1,9559,1,48,1
267,6087600,4518,9559,28.990187,,0,11,9,108,41365,1623,4760,6046235,16,178,130,1,28024,1,581,1,2015228,1,582252,1,121396,1,3286189,1,12434,1,1089749,1,12394,4,693218,4,80877,4,408975,4,708538,8,1091171,108,21582,24,6763,1,281036,1,3016,1,0,0,0,0,0,0,545531,1,27383,1,3597,1,17009,1,40,1,9559,1,4518,1,17049,1,9559,1,48,1
268,5974400,4518,9559,28.990187,,0,11,9,108,36456,1142,4659,5937944,16,178,90,1,27784,1,50,1,2011541,1,586310,1,121136,1,3178189,1,12845,1,970918,1,13937,4,664141,4,82260,4,332516,4,653601,8,959856,108,21602,24,6883,1,446508,1,6282,1,0,0,0,0,0,0,553997,1,24718,1,3747,1,17011,1,40,1,9559,1,4518,1,17051,1,9559,1,48,1
269,6128600,4518,9559,28.990187,,0,11,9,108,38650,1303,4619,6089950,16,178,60,1,28125,1,80,1,2011821,1,599405,1,125474,1,3311308,1,13677,1,1055191,1,13075,4,662328,4,84314,4,348017,4,718206,8,1039932,108,21672,24,6843,1,417482,1,4549,1,0,0,0,0,0,0,554718,1,35539,1,3767,1,17009,1,40,1,9559,1,4518,1,17049,1,9559,1,48,1
270,6248300,4518,9559,28.990187,,0,11,9,108,42305,1242,4950,6205995,16,178,371,1,28806,1,150,1,2012803,1,588364,1,137898,1,3424959,1,12645,1,1020003,1,13476,4,661135,4,85105,4,347015,4,740319,8,1060011,108,22373,24,8837,1,539148,1,8677,1,0,0,0,0,0,0,549108,1,30189,1,3647,1,17008,1,40,1,9559,1,4518,1,17048,1,9559,1,48,1
271,6251900,4518,9559,28.990187,,0,11,9,108,39182,1182,4760,6212718,16,178,130,1,27343,1,70,1,2136694,1,607190,1,142978,1,3283524,1,14789,1,1079218,1,12795,4,661346,4,82060,4,353638,4,668800,8,995986,108,21692,24,6743,1,404296,1,13446,1,0,0,0,0,0,0,562784,1,34858,1,4639,1,17007,1,40,1,9559,1,4518,1,17047,1,9559,1,48,1
272,5913700,4518,9559,28.990187,,0,11,9,108,36083,1192,4890,5877617,16,178,110,1,27694,1,200,1,2013264,1,589827,1,124372,1,3109946,1,12204,1,1087975,1,13406,4,663981,4,82510,4,347275,4,641407,8,961870,108,21923,24,6663,1,262711,1,2825,1,0,0,0,0,0,0,549057,1,30990,1,4789,1,17004,1,40,1,9559,1,4518,1,17044,1,9559,1,48,1
273,6097700,4518,9559,28.990187,,0,11,9,108,36977,1202,4589,6060723,16,178,20,1,26512,1,110,1,2011941,1,689050,1,122849,1,3197076,1,13166,1,1093847,1,14057,4,664782,4,82019,4,346914,4,692556,8,1012929,108,21953,24,7174,1,291537,1,2986,1,0,0,0,0,0,0,647579,1,29968,1,4809,1,17011,1,40,1,9559,1,4518,1,17051,1,9559,1,48,1
274,6599300,4518,9559,28.990187,,0,11,9,108,39948,1523,4900,6559352,16,178,110,1,27654,1,311,1,2012262,1,732684,1,131636,1,3641299,1,13396,1,1415171,1,14418,4,668419,4,82861,4,370580,4,687557,8,1031345,108,21893,24,6813,1,390720,1,3236,1,0,0,0,0,0,0,676535,1,42954,1,3918,1,17013,1,40,1,9559,1,4518,1,17053,1,9559,1,48,1
275,7132700,4518,9559,28.990187,,0,11,9,108,61903,2254,10511,7070797,16,164,80,1,27774,1,240,1,2040507,1,807821,1,197223,1,3983474,1,13677,1,1718531,1,13546,4,669983,4,83973,4,396972,4,701394,8,1064740,108,23115,24,7945,1,385519,1,3357,1,0,0,0,0,0,0,696815,1,94744,1,4709,1,17017,1,40,1,9559,1,4518,1,17057,1,9559,1,48,1
276,7104100,4519,9559,28.990183,,0,11,9,108,40858,2074,4970,7063242,16,178,110,1,35359,1,150,1,2154148,1,840724,1,172435,1,3847580,1,12735,1,1643545,1,13807,4,690332,4,82320,4,403214,4,622841,8,999553,108,21532,24,7354,1,378816,1,3276,1,0,0,0,0,0,0,717234,1,108872,1,4248,1,17013,1,40,1,9559,1,4519,1,17053,1,9559,1,48,1
277,6922100,4518,9559,28.990183,,0,11,9,108,41443,1884,4990,6880657,16,178,351,1,28275,1,180,1,2016911,1,793603,1,185410,1,3842631,1,13296,1,1561065,1,15089,4,723577,4,84224,4,400118,4,676645,8,1049651,108,22123,24,7324,1,369158,1,3547,1,0,0,0,0,0,0,668189,1,105335,1,5511,1,17010,1,40,1,9559,1,4518,1,17050,1,9559,1,48,1
278,6991700,4518,9559,28.990183,,0,11,9,108,51457,1974,9569,6940243,16,165,90,1,28996,1,120,1,2011771,1,845073,1,238884,1,3801821,1,13486,1,1466461,1,14478,4,705181,4,84224,4,427211,4,706834,8,1100279,108,24197,24,6984,1,385389,1,3086,1,0,0,0,0,0,0,749417,1,80356,1,5561,1,17008,1,40,1,9559,1,4518,1,17048,1,9559,1,48,1
279,7077600,4519,9559,28.990183,,0,11,9,108,44036,1653,5150,7033564,16,178,250,1,33335,1,110,1,2147816,1,790216,1,181172,1,3866888,1,13777,1,1697931,1,13977,4,687436,4,82009,4,368647,4,623933,8,965958,108,21472,24,7244,1,380921,1,3136,1,0,0,0,0,0,0,658630,1,112429,1,4088,1,17019,1,40,1,9559,1,4519,1,17059,1,9559,1,48,1
280,6260200,4518,9559,28.990183,,0,11,9,108,38564,1503,5020,6221636,16,178,110,1,28976,1,190,1,2006050,1,615146,1,180481,1,3378218,1,12464,1,1280890,1,13045,4,659813,4,83943,4,351253,4,649212,8,973863,108,21582,24,6623,1,329030,1,2906,1,0,0,0,0,0,0,533467,1,72301,1,4008,1,17022,1,40,1,9559,1,4518,1,17062,1,9559,1,48,1
281,6328600,4520,9559,28.990183,,0,11,9,108,45515,1443,4659,6283085,16,178,90,1,27704,1,190,1,1999938,1,693148,1,126436,1,3422895,1,12685,1,1238227,1,13927,4,719890,4,82190,4,368867,4,696494,8,1038960,108,21742,24,6823,1,291887,1,3146,1,0,0,0,0,0,0,643471,1,38054,1,3767,1,17023,1,40,1,9559,1,4520,1,17063,1,9559,1,48,1
282,6038400,4520,9559,28.990185,,0,11,9,108,38415,1333,4679,5999985,16,178,120,1,27934,1,150,1,2000319,1,627770,1,126476,1,3204600,1,12615,1,1101291,1,13186,4,659372,4,82390,4,368977,4,695242,8,1038048,108,21492,24,6783,1,273021,1,3006,1,0,0,0,0,0,0,586861,1,30860,1,4799,1,17016,1,40,1,9559,1,4520,1,17056,1,9559,1,48,1
283,6038600,4518,9559,28.990185,,0,11,9,108,41917,1743,5310,5996683,16,178,20,1,27143,1,120,1,2001120,1,573465,1,120825,1,3258881,1,15109,1,989253,1,13797,4,662378,4,94864,4,440582,4,714419,8,1123119,108,26572,24,14298,1,321976,1,5571,1,0,0,0,0,0,0,541673,1,24137,1,3757,1,17020,1,40,1,9559,1,4518,1,17060,1,9559,1,48,1
284,6315300,4518,9559,28.990185,,0,11,9,108,36994,1503,4890,6278306,16,178,100,1,32714,1,100,1,2287076,1,589967,1,123891,1,3231983,1,12474,1,1002770,1,12925,4,662328,4,83412,4,406019,4,730410,8,1109878,108,21662,24,6964,1,322016,1,3637,1,0,0,0,0,0,0,547094,1,33275,1,3868,1,17018,1,40,1,9559,1,4518,1,17058,1,9559,1,48,1
285,6295300,4519,9559,28.990185,,0,11,9,108,37704,1573,4168,6257596,16,178,271,1,35659,1,50,1,2299831,1,596289,1,125895,1,3187297,1,12304,1,1006547,1,14538,4,669061,4,91578,4,379608,4,700161,8,1051474,108,24127,24,9158,1,311185,1,3888,1,0,0,0,0,0,0,554418,1,30820,1,3888,1,17019,1,40,1,9559,1,4519,1,17059,1,9559,1,48,1
286,6757400,4520,9559,28.990185,,0,11,9,108,42265,1373,4228,6715135,16,178,100,1,48003,1,80,1,2310011,1,826677,1,136175,1,3381775,1,12314,1,1014192,1,15139,4,664953,4,90787,4,381572,4,858058,8,1210373,108,25029,24,9779,1,340241,1,5681,1,0,0,0,0,0,0,783333,1,32072,1,3938,1,17022,1,40,1,9559,1,4520,1,17062,1,9559,1,48,1
287,6157600,4519,9559,28.990185,,0,11,9,108,41640,1393,4749,6115960,16,178,130,1,27684,1,70,1,2056448,1,586881,1,123360,1,3305025,1,16362,1,1024341,1,13697,4,663189,4,81859,4,324681,4,662448,8,960347,108,22033,24,7124,1,514831,1,11462,1,0,0,0,0,0,0,544288,1,33114,1,3797,1,17028,1,40,1,9559,1,4519,1,17068,1,9559,1,48,1
288,6416800,4520,9559,28.990185,,0,11,9,108,46205,1232,4379,6370595,16,178,120,1,35058,1,601,1,2237430,1,605046,1,141675,1,3336106,1,14558,1,1084859,1,13787,4,674141,4,84835,4,365821,4,698939,8,1037076,108,23305,24,11262,1,393104,1,8126,1,0,0,0,0,0,0,570489,1,26702,1,3958,1,17031,1,40,1,9559,1,4520,1,17071,1,9559,1,48,1
289,6284300,4518,9559,28.990185,,0,11,9,108,67273,5330,4729,6217027,16,176,90,1,31441,1,291,1,2024726,1,642479,1,159831,1,3343500,1,14669,1,1252525,1,14378,4,676325,4,84745,4,347195,4,640205,8,960898,108,21772,24,6783,1,313179,1,2836,1,0,0,0,0,0,0,587432,1,43414,1,4549,1,17017,1,40,1,9559,1,4518,1,17057,1,9559,1,48,1
290,6060300,4517,9559,28.99019,,0,11,9,108,36299,1162,4859,6024001,16,178,331,1,32623,1,150,1,2046639,1,656366,1,122959,1,3153070,1,11863,1,1141650,1,12805,4,663770,4,82450,4,335873,4,633441,8,942933,108,21522,24,6883,1,272149,1,2886,1,0,0,0,0,0,0,613643,1,31401,1,4849,1,17015,1,40,1,9559,1,4517,1,17055,1,9559,1,48,1
291,5974700,4517,9559,28.99019,,0,11,9,108,43469,1653,4860,5931231,16,178,110,1,26962,1,90,1,2011951,1,638882,1,144220,1,3096851,1,12164,1,1140036,1,13897,4,658360,4,81639,4,317537,4,597331,8,888457,108,21552,24,7114,1,276357,1,2926,1,0,0,0,0,0,0,592031,1,34928,1,5040,1,17016,1,40,1,9559,1,4517,1,17056,1,9559,1,48,1
292,6094900,4519,9559,28.99019,,0,11,9,108,39838,1272,4900,6055062,16,178,10,1,27023,1,70,1,2000680,1,633952,1,139792,1,3241352,1,12184,1,1089528,1,13827,4,743766,4,81709,4,362004,4,673610,8,1009172,108,21542,24,6613,1,265757,1,3266,1,0,0,0,0,0,0,583795,1,39547,1,3647,1,17022,1,40,1,9559,1,4519,1,17062,1,9559,1,48,1
293,6052500,4517,9559,28.990187,,0,11,9,108,36464,1483,5130,6016036,16,178,110,1,26912,1,40,1,2001271,1,565730,1,120715,1,3287091,1,14168,1,1010645,1,13356,4,679291,4,82070,4,391291,4,742884,8,1107273,108,21772,24,6693,1,355782,1,3597,1,0,0,0,0,0,0,534860,1,23255,1,3827,1,17011,1,40,1,9559,1,4517,1,17051,1,9559,1,48,1
294,6419000,4517,9559,28.990185,,0,11,9,108,67552,1633,4609,6351448,16,176,1393,1,74775,1,511,1,2082128,1,627700,1,127027,1,3424377,1,13536,1,1137221,1,15670,4,670023,4,87270,4,406140,4,737454,8,1116300,108,22684,24,6603,1,358627,1,3737,1,0,0,0,0,0,0,574757,1,41240,1,4018,1,17014,1,40,1,9559,1,4517,1,17054,1,9559,1,48,1
295,6328500,4516,9559,28.990192,,0,11,9,108,37990,1493,4799,6290510,16,178,301,1,55378,1,200,1,2187363,1,593865,1,123851,1,3317399,1,12154,1,1042467,1,13426,4,660624,4,82490,4,421990,4,772121,8,1167610,108,21702,24,6933,1,312327,1,3527,1,0,0,0,0,0,0,552484,1,31151,1,3567,1,17017,1,40,1,9559,1,4516,1,17057,1,9559,1,48,1
296,6807200,4516,9559,28.990198,,0,11,9,108,46677,1743,14769,6760523,16,178,621,1,42222,1,110,1,2341783,1,632550,1,182184,1,3546144,1,14909,1,1157080,1,16542,4,767803,4,94434,4,413444,4,745529,8,1120288,108,23916,24,11502,1,334240,1,3827,1,0,0,0,0,0,0,575218,1,46440,1,4409,1,17015,1,40,1,9559,1,4516,1,17055,1,9559,1,48,1
297,6621000,4515,9559,28.990198,,0,11,9,108,35828,1413,4098,6585172,16,178,230,1,47873,1,110,1,2493979,1,595127,1,123540,1,3312400,1,11913,1,1015434,1,13657,4,661145,4,83212,4,363968,4,706974,8,1043038,108,23806,24,11272,1,451337,1,3988,1,0,0,0,0,0,0,554698,1,31782,1,3918,1,17014,1,40,1,9559,1,4515,1,17054,1,9559,1,48,1
298,6157300,4515,9559,28.990196,,0,11,9,108,36791,1323,4318,6120509,16,178,110,1,27433,1,120,1,2000399,1,576030,1,124913,1,3378849,1,12655,1,1000355,1,12995,4,671636,4,83102,4,372925,4,708718,8,1054580,108,22744,24,11262,1,505843,1,10691,1,0,0,0,0,0,0,537265,1,29407,1,4900,1,17015,1,40,1,9559,1,4515,1,17055,1,9559,1,48,1
299,7058200,4515,9559,28.990194,,0,11,9,108,45807,1613,4709,7012393,16,178,20,1,28465,1,110,1,2001191,1,721663,1,180321,1,4066275,1,14348,1,1472403,1,13566,4,660254,4,82230,4,339961,4,645114,8,958193,108,22173,24,12454,1,829964,1,8717,1,0,0,0,0,0,0,619084,1,71409,1,5751,1,17016,1,40,1,9559,1,4515,1,17056,1,9559,1,48,1
300,6768600,4515,9559,28.990194,,0,11,9,108,51180,1523,4589,6717420,16,177,180,1,34898,1,130,1,2226709,1,621699,1,124983,1,3696547,1,12274,1,1352670,1,13206,4,664051,4,83402,4,369388,4,681866,8,1023319,108,23345,24,11292,1,512947,1,6202,1,0,0,0,0,0,0,574607,1,35880,1,4208,1,17018,1,40,1,9559,1,4515,1,17058,1,9559,1,48,1
301,6616400,4515,9559,28.990194,,0,11,9,108,37440,1252,5140,6578960,16,178,180,1,34106,1,210,1,2333647,1,703628,1,126085,1,3367156,1,13947,1,1091632,1,13366,4,659001,4,81619,4,343428,4,654462,8,971389,108,21362,24,6372,1,509671,1,6352,1,0,0,0,0,0,0,665985,1,28135,1,3968,1,17016,1,40,1,9559,1,4515,1,17056,1,9559,1,48,1
302,6180800,4515,9559,28.990194,,0,11,9,108,41394,1483,4819,6139406,16,178,691,1,34136,1,291,1,2138638,1,633161,1,124803,1,3195422,1,12264,1,1148984,1,13306,4,659131,4,81999,4,361513,4,649272,8,984284,108,21682,24,6743,1,270205,1,2785,1,0,0,0,0,0,0,593484,1,31621,1,3727,1,17019,1,40,1,9559,1,4515,1,17059,1,9559,1,48,1
303,6299400,4516,9559,28.990194,,0,11,9,108,44369,8416,5020,6255031,16,178,240,1,34557,1,381,1,2222371,1,670814,1,141575,1,3172798,1,12294,1,1090540,1,13516,4,656987,4,82039,4,347516,4,678148,8,998411,108,22233,24,6883,1,285495,1,3256,1,0,0,0,0,0,0,627931,1,32082,1,3827,1,17017,1,40,1,9559,1,4516,1,17057,1,9559,1,48,1
304,6529900,4515,9559,28.990194,,0,11,9,108,51746,1393,4219,6478154,16,178,301,1,32643,1,80,1,2228462,1,676656,1,131736,1,3396253,1,12023,1,1222537,1,13787,4,663941,4,86899,4,371272,4,699750,8,1043037,108,23766,24,7344,1,326465,1,2866,1,0,0,0,0,0,0,630566,1,36070,1,3767,1,17014,1,40,1,9559,1,4515,1,17054,1,9559,1,48,1
305,6037900,4517,9559,28.990194,,0,11,9,108,39178,1413,5030,5998722,16,178,150,1,26872,1,130,1,2023905,1,594686,1,145433,1,3195533,1,12013,1,1149956,1,13136,4,658470,4,81849,4,334059,4,651717,8,959275,108,21472,24,6843,1,295124,1,2966,1,0,0,0,0,0,0,544809,1,38926,1,4849,1,17016,1,40,1,9559,1,4517,1,17056,1,9559,1,48,1
306,6253300,4517,9559,28.990194,,0,11,9,108,36003,1423,5010,6217297,16,178,80,1,27043,1,120,1,2000449,1,689551,1,151505,1,3335855,1,12695,1,1132452,1,14178,4,755078,4,83572,4,371001,4,700171,8,1044551,108,21612,24,7935,1,266989,1,3056,1,0,0,0,0,0,0,631287,1,44897,1,4519,1,17012,1,40,1,9559,1,4517,1,17052,1,9559,1,48,1
307,6132300,4517,9559,28.990194,,0,11,9,108,46639,2154,4399,6085661,16,178,261,1,26812,1,100,1,2005409,1,570329,1,125915,1,3344662,1,12174,1,1145497,1,13236,4,659863,4,81769,4,391832,4,757382,8,1123334,108,21482,24,6873,1,283191,1,2866,1,0,0,0,0,0,0,528457,1,31882,1,4699,1,17012,1,40,1,9559,1,4517,1,17052,1,9559,1,48,1
308,6100400,4516,9559,28.990194,,0,11,9,108,42873,1393,11603,6057527,16,178,281,1,32042,1,70,1,2109932,1,572453,1,122368,1,3206073,1,14308,1,981318,1,13015,4,659963,4,86468,4,395449,4,766460,8,1127602,108,22704,24,7314,1,291667,1,3026,1,0,0,0,0,0,0,537064,1,26481,1,3837,1,17013,1,40,1,9559,1,4516,1,17053,1,9559,1,48,1
309,6069300,4516,9559,28.990194,,0,11,9,108,35510,1473,4549,6033790,16,178,180,1,55418,1,120,1,2049174,1,581541,1,124552,1,3210331,1,12474,1,975026,1,12855,4,659161,4,83442,4,397292,4,776490,8,1146629,108,22604,24,6913,1,293260,1,4419,1,0,0,0,0,0,0,543978,1,29327,1,3717,1,17016,1,40,1,9559,1,4516,1,17056,1,9559,1,48,1
310,6063500,4516,9559,28.990194,,0,11,9,108,37344,1262,4178,6026156,16,178,30,1,28776,1,20,1,2105884,1,582543,1,124071,1,3172588,1,12244,1,980316,1,13546,4,660454,4,83322,4,380369,4,720401,8,1073537,108,23055,24,11643,1,316575,1,4699,1,0,0,0,0,0,0,542956,1,30249,1,3697,1,17016,1,40,1,9559,1,4516,1,17056,1,9559,1,48,1
311,6532100,4516,9559,28.990194,,0,11,9,108,42924,1743,5040,6489176,16,178,40,1,34066,1,341,1,2001010,1,669301,1,136455,1,3626540,1,21422,1,1251142,1,13075,4,658059,4,83883,4,337356,4,644914,8,955788,108,21442,24,6443,1,619023,1,10901,1,0,0,0,0,0,0,603754,1,51821,1,5000,1,17014,1,40,1,9559,1,4516,1,17054,1,9559,1,48,1
312,6264200,4515,9559,28.990194,,0,11,9,108,38356,1984,5611,6225844,16,178,10,1,28596,1,150,1,2001401,1,665454,1,129582,1,3388117,1,12534,1,1327621,1,13276,4,658741,4,82290,4,344450,4,641016,8,958634,108,21221,24,7424,1,308009,1,3306,1,0,0,0,0,0,0,617090,1,38996,1,3757,1,17012,1,40,1,9559,1,4515,1,17052,1,9559,1,48,1
313,5961400,4515,9559,28.990194,,0,11,9,108,40259,1303,5020,5921141,16,178,80,1,28115,1,50,1,2000048,1,608343,1,124412,1,3147619,1,12474,1,1128464,1,13336,4,658490,4,81889,4,341073,4,638251,8,952712,108,21592,24,6743,1,274995,1,3076,1,0,0,0,0,0,0,569167,1,30940,1,3687,1,17012,1,40,1,9559,1,4515,1,17052,1,9559,1,48,1
314,5971500,4515,9559,28.990194,,0,11,9,108,41872,1573,5060,5929628,16,178,30,1,27383,1,40,1,1999918,1,608904,1,125875,1,3154974,1,12504,1,1097343,1,13677,4,688268,4,81809,4,347005,4,640004,8,960537,108,21412,24,6493,1,275816,1,2986,1,0,0,0,0,0,0,567624,1,30088,1,3707,1,17013,1,40,1,9559,1,4515,1,17053,1,9559,1,48,1
315,6081300,4517,9559,28.990194,,0,11,9,108,38732,1543,4639,6042568,16,178,10,1,26952,1,70,1,1999477,1,696093,1,123680,1,3183930,1,12354,1,1126109,1,13196,4,659212,4,82320,4,356754,4,661336,8,992029,108,21422,24,7204,1,273081,1,3176,1,0,0,0,0,0,0,655354,1,31060,1,3657,1,17014,1,40,1,9559,1,4517,1,17054,1,9559,1,48,1
316,6048500,4515,9559,28.990194,,0,11,9,108,37704,1343,4479,6010796,16,178,160,1,27143,1,20,1,2000830,1,574667,1,124211,1,3271320,1,12444,1,1034020,1,12795,4,675102,4,81428,4,404506,4,782742,8,1161467,108,21301,24,6743,1,269424,1,3216,1,0,0,0,0,0,0,543877,1,22474,1,3557,1,17012,1,40,1,9559,1,4515,1,17052,1,9559,1,48,1
317,6475400,4517,9559,28.990194,,0,11,9,108,45940,2144,4318,6429460,16,164,281,1,32213,1,60,1,2065596,1,634403,1,174088,1,3509463,1,13356,1,1306761,1,13376,4,662017,4,86478,4,387563,4,699149,8,1059951,108,22444,24,6994,1,341905,1,3076,1,0,0,0,0,0,0,592913,1,31471,1,3737,1,17013,1,44,1,9559,1,4517,1,17057,1,9559,1,48,1
318,6110500,4516,9559,28.990192,,0,11,9,108,36351,1493,4509,6074149,16,178,130,1,28195,1,120,1,2005970,1,592001,1,127227,1,3307901,1,12605,1,1036695,1,12865,4,663951,4,82921,4,442701,4,749978,8,1166037,108,22133,24,6943,1,306496,1,3857,1,0,0,0,0,0,0,542314,1,37834,1,5140,1,17012,1,44,1,9559,1,4516,1,17056,1,9559,1,48,1
319,6222600,4516,9559,28.99019,,0,11,9,108,36714,1403,4268,6185886,16,178,100,1,27263,1,20,1,2000479,1,581230,1,124262,1,3439617,1,12915,1,985877,1,13095,4,659382,4,85326,4,363186,4,691003,8,1026947,108,22975,24,14127,1,619825,1,6392,1,0,0,0,0,0,0,541934,1,29918,1,3747,1,17016,1,44,1,9559,1,4516,1,17060,1,9559,1,48,1
320,6358600,4515,9559,28.990196,,0,11,9,108,37371,1212,4328,6321229,16,178,50,1,29227,1,100,1,2160350,1,587492,1,139030,1,3388778,1,16201,1,1046384,1,13105,4,658981,4,81328,4,365020,4,690192,8,1027999,108,22884,24,11683,1,511494,1,9378,1,0,0,0,0,0,0,547855,1,31431,1,3587,1,17013,1,44,1,9559,1,4515,1,17057,1,9559,1,48,1
321,6063000,4515,9559,28.990198,,0,11,9,108,40261,1242,4589,6022739,16,178,60,1,33054,1,511,1,2119080,1,617751,1,126145,1,3113493,1,12645,1,1063858,1,13657,4,659883,4,82100,4,360140,4,655284,8,989013,108,21822,24,6433,1,267580,1,3316,1,0,0,0,0,0,0,578565,1,30349,1,3657,1,17013,1,44,1,9559,1,4515,1,17057,1,9559,1,48,1
322,6420500,4517,9559,28.990198,,0,11,9,108,56437,1633,5330,6364063,16,164,10,1,27934,1,30,1,2002673,1,645756,1,163588,1,3511757,1,12314,1,1261983,1,15270,4,804053,4,87640,4,346454,4,700902,8,1018650,108,23375,24,8627,1,281137,1,4058,1,0,0,0,0,0,0,601910,1,33605,1,4609,1,17012,1,44,1,9559,1,4517,1,17056,1,9559,1,48,1
323,6106700,4517,9559,28.990198,,0,11,9,108,34565,1242,4669,6072135,16,178,661,1,31131,1,90,1,2025388,1,715180,1,125364,1,3161877,1,12444,1,1116761,1,13396,4,658340,4,81699,4,347425,4,659953,8,980797,108,21913,24,6733,1,273201,1,3126,1,0,0,0,0,0,0,669492,1,35218,1,3567,1,17010,1,44,1,9559,1,4517,1,17054,1,9559,1,48,1
324,5998200,4517,9559,28.990198,,0,11,9,108,45738,4509,4930,5952462,16,178,160,1,33415,1,70,1,2050987,1,579226,1,143088,1,3130977,1,14538,1,1093366,1,13216,4,657238,4,83462,4,344119,4,657428,8,974114,108,22504,24,6793,1,266799,1,4048,1,0,0,0,0,0,0,538767,1,30940,1,3647,1,17012,1,44,1,9559,1,4517,1,17056,1,9559,1,48,1
325,6353900,4516,9559,28.990194,,0,11,9,108,41398,1353,5240,6312502,16,178,220,1,31972,1,80,1,2041980,1,667037,1,146104,1,3412825,1,12284,1,1273145,1,12194,4,688438,4,80787,4,383355,4,672988,8,1029512,108,21592,24,6743,1,290555,1,3266,1,0,0,0,0,0,0,598834,1,53514,1,3757,1,17009,1,44,1,9559,1,4516,1,17053,1,9559,1,48,1
326,6141000,4516,9559,28.990189,,0,11,9,108,42193,1984,4348,6098807,16,178,130,1,27764,1,100,1,1998195,1,562133,1,120184,1,3377496,1,12805,1,1078797,1,12244,4,715431,4,80807,4,404156,4,779816,8,1158071,108,21552,24,6272,1,294462,1,3527,1,0,0,0,0,0,0,529660,1,24297,1,3577,1,17011,1,44,1,9559,1,4516,1,17055,1,9559,1,48,1
327,6572300,4516,9559,28.990189,,0,11,9,108,41082,2756,4649,6531218,16,178,301,1,28976,1,130,1,2023795,1,584055,1,139020,1,3741965,1,12975,1,1104167,1,13156,4,719238,4,85977,4,440687,4,993522,8,1407697,108,21863,24,9158,1,369819,1,3487,1,0,0,0,0,0,0,545290,1,27934,1,5100,1,17007,1,44,1,9559,1,4516,1,17051,1,9559,1,48,1
328,6070100,4515,9559,28.990189,,0,11,9,108,37883,1393,4479,6032217,16,178,140,1,28636,1,120,1,1991692,1,650304,1,124151,1,3224940,1,12234,1,1087414,1,13827,4,653811,4,83282,4,367855,4,683639,8,1024401,108,22614,24,6994,1,322246,1,4479,1,0,0,0,0,0,0,603614,1,35359,1,4078,1,17010,1,40,1,9559,1,4515,1,17050,1,9559,1,48,1
329,5848700,4514,9559,28.990189,,0,11,9,108,38975,1353,4278,5809725,16,178,120,1,27223,1,200,1,1989999,1,571521,1,122037,1,3083204,1,15420,1,995325,1,13146,4,653270,4,83933,4,344400,4,659963,8,977150,108,22935,24,8436,1,319110,1,4268,1,0,0,0,0,0,0,533357,1,28606,1,3727,1,17004,1,40,1,9559,1,4514,1,17044,1,9559,1,48,1
330,6298600,4515,9559,28.990189,,0,11,9,108,45393,1323,4890,6253207,16,178,351,1,29487,1,271,1,2143056,1,639363,1,122438,1,3304575,1,13667,1,1043138,1,13085,4,655074,4,80837,4,334540,4,653571,8,961820,108,21402,24,6382,1,509010,1,7615,1,0,0,0,0,0,0,594366,1,35098,1,3757,1,17009,1,40,1,9559,1,4515,1,17049,1,9559,1,48,1
331,5949500,4513,9559,28.990189,,0,11,9,108,36454,1302,4970,5913046,16,178,40,1,28045,1,120,1,1989849,1,606409,1,120695,1,3155905,1,11983,1,1137792,1,12995,4,655745,4,81569,4,345582,4,652389,8,971539,108,21462,24,6974,1,258603,1,2956,1,0,0,0,0,0,0,565660,1,31201,1,3657,1,17003,1,40,1,9559,1,4513,1,17043,1,9559,1,48,1
332,5731800,4513,9559,28.990189,,0,11,9,108,35886,1553,5000,5695914,16,178,20,1,26702,1,150,1,1988225,1,523207,1,126145,1,3019400,1,12063,1,1088065,1,13206,4,653080,4,80817,4,311546,4,588494,8,873699,108,21341,24,6753,1,272760,1,3126,1,0,0,0,0,0,0,481316,1,32293,1,3637,1,17007,1,40,1,9559,1,4513,1,17047,1,9559,1,48,1
333,6158400,4512,9559,28.990185,,0,11,9,108,40246,1423,4849,6118154,16,178,40,1,26782,1,220,1,1988035,1,728496,1,123009,1,3238947,1,12625,1,1127722,1,13306,4,708377,4,80927,4,363928,4,659622,8,997259,108,21442,24,6633,1,274063,1,2946,1,0,0,0,0,0,0,647860,1,64265,1,4749,1,17003,1,40,1,9559,1,4512,1,17043,1,9559,1,48,1
334,6767300,4513,9559,28.990185,,0,11,9,108,47220,1543,9759,6720080,16,178,271,1,32092,1,291,1,2150831,1,706208,1,191823,1,3624396,1,14168,1,1483364,1,15650,4,722424,4,83222,4,352265,4,650855,8,971208,108,22153,24,6763,1,305213,1,3096,1,0,0,0,0,0,0,639218,1,56420,1,4549,1,17013,1,40,1,9559,1,4513,1,17053,1,9559,1,48,1
335,6631100,4514,9559,28.990185,,0,11,9,108,39375,1583,5100,6591725,16,178,160,1,32423,1,140,1,2117787,1,625967,1,206301,1,3596492,1,12454,1,1271692,1,13777,4,794685,4,84775,4,380249,4,761911,8,1120027,108,17033,24,7354,1,276778,1,3687,1,0,0,0,0,0,0,567664,1,48474,1,4960,1,17021,1,36,1,9559,1,4514,1,17057,1,9559,1,48,1
336,6092800,4513,9559,28.990185,,0,11,9,108,37247,1363,4409,6055553,16,178,100,1,26972,1,80,1,2010018,1,589767,1,122147,1,3294054,1,12414,1,1077064,1,12594,4,712074,4,80807,4,381041,4,746872,8,1108235,108,15270,24,6733,1,272299,1,3206,1,0,0,0,0,0,0,556823,1,24017,1,3717,1,17019,1,36,1,9559,1,4513,1,17055,1,9559,1,48,1
337,5982700,4516,9559,28.990185,,0,11,9,108,35819,1503,5030,5946881,16,178,10,1,27574,1,70,1,2013074,1,577924,1,121306,1,3194501,1,12424,1,980466,1,12384,4,677647,4,83643,4,388044,4,729208,8,1090710,108,21512,24,6883,1,310434,1,4288,1,0,0,0,0,0,0,539669,1,30840,1,3657,1,17024,1,40,1,9559,1,4516,1,17064,1,9559,1,48,1
338,6033100,4517,9559,28.990185,,0,11,9,108,41391,1232,5030,5991709,16,178,80,1,28055,1,30,1,1994377,1,582352,1,121787,1,3252042,1,12985,1,984083,1,13556,4,653290,4,83001,4,370721,4,690633,8,1034311,108,22013,24,12554,1,439074,1,3898,1,0,0,0,0,0,0,542915,1,29968,1,4699,1,17022,1,40,1,9559,1,4517,1,17062,1,9559,1,48,1
339,6282100,4518,9559,28.990185,,0,11,9,108,36708,1333,4679,6245392,16,178,10,1,27463,1,40,1,2285834,1,570609,1,123831,1,3224499,1,13105,1,1030984,1,13416,4,654322,4,82060,4,357305,4,688609,8,1019772,108,21462,24,7424,1,384017,1,5030,1,0,0,0,0,0,0,530942,1,29728,1,4759,1,17023,1,40,1,9559,1,4518,1,17063,1,9559,1,48,1
340,5919600,4517,9559,28.990185,,0,11,9,108,42584,1132,4780,5877016,16,178,50,1,32954,1,311,1,2024045,1,583865,1,135764,1,3087933,1,12094,1,1071403,1,12975,4,655835,4,81729,4,344169,4,636016,8,954135,108,21271,24,7184,1,274604,1,2886,1,0,0,0,0,0,0,548607,1,27834,1,3637,1,17024,1,40,1,9559,1,4517,1,17064,1,9559,1,48,1
341,5965200,4517,9559,28.990185,,0,11,9,108,38388,1333,5040,5926812,16,178,10,1,26421,1,110,1,1993235,1,674391,1,125404,1,3095428,1,11813,1,1130778,1,12995,4,656466,4,80787,4,330763,4,604936,8,909258,108,21402,24,7004,1,267450,1,2916,1,0,0,0,0,0,0,626859,1,37713,1,3527,1,17019,1,40,1,9559,1,4517,1,17059,1,9559,1,48,1
342,6348300,4517,9559,28.990185,,0,11,9,108,47470,1383,4759,6300830,16,173,30,1,26271,1,160,1,1988265,1,555330,1,145884,1,3570552,1,14338,1,1471401,1,13486,4,658701,4,83873,4,366232,4,684741,8,1024652,108,21562,24,6753,1,280946,1,3036,1,0,0,0,0,0,0,510643,1,28896,1,3968,1,17021,1,40,1,9559,1,4517,1,17061,1,9559,1,48,1
343,6486100,4517,9559,28.990185,,0,11,9,108,36952,1383,5010,6449148,16,178,100,1,37753,1,150,1,2219214,1,687086,1,154240,1,3337799,1,12805,1,1203209,1,14198,4,680884,4,81569,4,398475,4,661055,8,1033018,108,21502,24,6603,1,287228,1,3196,1,0,0,0,0,0,0,612050,1,64906,1,4298,1,17023,1,40,1,9559,1,4517,1,17063,1,9559,1,48,1
344,6062500,4517,9559,28.990185,,0,11,9,108,36986,1182,4779,6025514,16,178,40,1,26892,1,70,1,1988686,1,689470,1,127127,1,3180884,1,12344,1,1088416,1,11342,4,653360,4,80957,4,373486,4,703037,8,1050202,108,21542,24,6553,1,258973,1,3577,1,0,0,0,0,0,0,644253,1,36341,1,3417,1,17023,1,40,1,9559,1,4517,1,17063,1,9559,1,48,1
345,6613500,4517,9559,28.990189,,0,11,9,108,40040,1834,10891,6573460,16,178,230,1,32293,1,80,1,2162745,1,698328,1,123330,1,3541686,1,14769,1,1126871,1,11833,4,668700,4,91037,4,510363,4,784876,8,1260962,108,23385,24,6613,1,336103,1,3457,1,0,0,0,0,0,0,658741,1,28876,1,3617,1,17022,1,40,1,9559,1,4517,1,17062,1,9559,1,48,1
346,6251100,4517,9559,28.990189,,0,11,9,108,41959,2014,4739,6209141,16,178,150,1,32814,1,120,1,2078481,1,595398,1,121476,1,3368849,1,11853,1,1092454,1,12274,4,667377,4,79505,4,386982,4,797250,8,1158192,108,21301,24,9298,1,318710,1,2986,1,0,0,0,0,0,0,553887,1,32503,1,3677,1,17030,1,40,1,9559,1,4517,1,17070,1,9559,1,48,1
347,5907100,4517,9559,28.990189,,0,11,9,108,38701,1222,4509,5868399,16,178,110,1,26962,1,120,1,1988967,1,573735,1,124021,1,3141728,1,12755,1,998291,1,13476,4,654733,4,85466,4,382153,4,704730,8,1060592,108,21782,24,6613,1,291887,1,3156,1,0,0,0,0,0,0,536693,1,28055,1,3427,1,17033,1,40,1,9559,1,4517,1,17073,1,9559,1,48,1
348,6149600,4517,9559,28.990189,,0,11,9,108,36966,1303,4419,6112634,16,178,140,1,26892,1,90,1,2024185,1,628552,1,122618,1,3294685,1,15470,1,1001778,1,13616,4,657659,4,84735,4,390469,4,743475,8,1106882,108,22644,24,11292,1,385159,1,5200,1,0,0,0,0,0,0,584617,1,32263,1,4719,1,17033,1,40,1,9559,1,4517,1,17073,1,9559,1,48,1
349,6108600,4516,9559,28.990189,,0,11,9,108,41084,1192,4950,6067516,16,178,90,1,29768,1,170,1,1995960,1,654833,1,123891,1,3249918,1,12885,1,1031606,1,13316,4,658771,4,82190,4,336073,4,639654,8,955618,108,15159,24,11522,1,466156,1,9438,1,0,0,0,0,0,0,610828,1,33585,1,3697,1,17034,1,36,1,9559,1,4516,1,17070,1,9559,1,48,1
350,6051100,4515,9559,28.990189,,0,11,9,108,44632,7084,4849,6006468,16,173,40,1,28646,1,110,1,1999908,1,620797,1,226430,1,3115968,1,14568,1,1144104,1,13366,4,657859,4,83051,4,324240,4,606309,8,909949,108,15751,24,6703,1,269855,1,3397,1,0,0,0,0,0,0,572934,1,36391,1,6292,1,17032,1,36,1,9559,1,4515,1,17068,1,9559,1,48,1
351,6141700,4516,9559,28.990189,,0,11,9,108,34697,1333,4980,6107003,16,178,70,1,32052,1,80,1,2125422,1,664873,1,141154,1,3131438,1,11913,1,1107924,1,13376,4,660414,4,81859,4,345832,4,647479,8,972891,108,15440,24,6583,1,263763,1,2876,1,0,0,0,0,0,0,621588,1,32724,1,4669,1,17037,1,36,1,9559,1,4516,1,17073,1,9559,1,48,1
352,6167200,4517,9559,28.990189,,0,11,9,108,39707,1363,4639,6127493,16,178,10,1,26632,1,110,1,1989969,1,602111,1,144832,1,3351365,1,12464,1,1199773,1,13466,4,657608,4,84144,4,368587,4,670744,8,1018490,108,16201,24,6713,1,346183,1,2785,1,0,0,0,0,0,0,561151,1,30720,1,3677,1,17035,1,36,1,9559,1,4517,1,17071,1,9559,1,48,1
353,6370600,4518,9559,28.990189,,0,11,9,108,42006,1293,4619,6328594,16,178,80,1,27193,1,100,1,1993596,1,738666,1,185000,1,3371424,1,12534,1,1235692,1,14348,4,751271,4,81749,4,342907,4,623632,8,946751,108,15169,24,6713,1,310604,1,3216,1,0,0,0,0,0,0,642890,1,85797,1,3857,1,17035,1,36,1,9559,1,4518,1,17071,1,9559,1,48,1
354,6149500,4518,9559,28.990189,,0,11,9,108,41666,1272,4659,6107834,16,178,110,1,27854,1,140,1,1988025,1,618903,1,124312,1,3335805,1,12685,1,1137461,1,11843,4,716363,4,80997,4,378185,4,718817,8,1077174,108,15169,24,6483,1,281337,1,3046,1,0,0,0,0,0,0,577573,1,32503,1,3437,1,17036,1,36,1,9559,1,4518,1,17072,1,9559,1,48,1
355,6314200,4519,9559,28.990189,,0,11,9,108,44305,1453,12524,6269895,16,178,351,1,31822,1,80,1,2101586,1,574983,1,174389,1,3372346,1,14338,1,1078968,1,14087,4,672487,4,83472,4,414105,4,806618,8,1192017,108,16181,24,6903,1,291056,1,3196,1,0,0,0,0,0,0,537791,1,27674,1,4589,1,17036,1,36,1,9559,1,4519,1,17072,1,9559,1,48,1
356,5909900,4518,9559,28.990189,,0,11,9,108,36181,1483,4238,5873719,16,178,150,1,31792,1,110,1,2063973,1,575058,1,121997,1,3068235,1,12404,1,968733,1,13987,4,655995,4,86368,4,364268,4,678800,8,1022358,108,16472,24,7324,1,287258,1,4018,1,0,0,0,0,0,0,537916,1,27794,1,3557,1,17035,1,36,1,9559,1,4518,1,17071,1,9559,1,48,1
357,6078500,4519,9559,28.990189,,0,11,9,108,36854,1413,4248,6041646,16,178,110,1,29016,1,40,1,2056147,1,580258,1,120504,1,3241191,1,14378,1,991758,1,13296,4,655765,4,84093,4,359589,4,664572,8,1003611,108,16302,24,11552,1,454193,1,4960,1,0,0,0,0,0,0,540501,1,30058,1,3597,1,17038,1,36,1,9559,1,4519,1,17074,1,9559,1,48,1
358,6084200,4520,9559,28.990189,,0,11,9,108,37204,1423,4930,6046996,16,178,50,1,29157,1,170,1,2045146,1,596740,1,124151,1,3238105,1,13476,1,1002108,1,13316,4,657669,4,82039,4,347836,4,688458,8,1009512,108,21852,24,6282,1,431499,1,7475,1,0,0,0,0,0,0,554388,1,33064,1,3837,1,17033,1,44,1,9559,1,4520,1,17077,1,9559,1,48,1
359,6423200,4521,9559,28.990189,,0,11,9,108,43277,1272,4869,6379923,16,173,200,1,48825,1,120,1,2372983,1,612942,1,151034,1,3179161,1,14658,1,1132572,1,14298,4,692767,4,81949,4,342937,4,650495,8,966820,108,21742,24,6803,1,253202,1,2866,1,0,0,0,0,0,0,569427,1,32453,1,6102,1,17035,1,44,1,9559,1,4521,1,17079,1,9559,1,48,1
360,6115300,4521,9559,28.990189,,0,11,9,108,38726,1313,4859,6076574,16,178,10,1,27353,1,120,1,2023915,1,629844,1,145292,1,3237624,1,12414,1,1187499,1,13987,4,663209,4,81719,4,347325,4,649102,8,969916,108,21652,24,7344,1,283291,1,2836,1,0,0,0,0,0,0,583705,1,36020,1,3707,1,17035,1,44,1,9559,1,4521,1,17079,1,9559,1,48,1
361,5862500,4521,9559,28.990189,,0,11,9,108,37746,1333,4629,5824754,16,178,50,1,26602,1,301,1,2000038,1,563526,1,120444,1,3101790,1,12003,1,1105700,1,14007,4,667578,4,81589,4,335142,4,622450,8,931321,108,21642,24,7294,1,263663,1,3036,1,0,0,0,0,0,0,519229,1,33585,1,3657,1,17038,1,44,1,9559,1,4521,1,17082,1,9559,1,48,1
362,6223500,4521,9559,28.990189,,0,11,9,108,42864,1513,4629,6180636,16,178,110,1,26742,1,80,1,1992233,1,684892,1,139992,1,3324062,1,12524,1,1183381,1,13737,4,689190,4,81819,4,366903,4,693338,8,1034140,108,21472,24,6523,1,284663,1,2996,1,0,0,0,0,0,0,639704,1,35409,1,4719,1,17033,1,44,1,9559,1,4521,1,17077,1,9559,1,48,1
363,6105800,4521,9559,28.990189,,0,11,9,108,36991,1313,4709,6068809,16,178,30,1,26421,1,110,1,1991001,1,571792,1,119031,1,3348229,1,12194,1,1075190,1,13386,4,710772,4,81428,4,392663,4,797480,8,1163843,108,21592,24,6723,1,266137,1,3136,1,0,0,0,0,0,0,537545,1,25259,1,3447,1,17035,1,44,1,9559,1,4521,1,17079,1,9559,1,48,1
364,5846900,4521,9559,28.990189,,0,11,9,108,36063,1242,4879,5810837,16,178,20,1,26972,1,30,1,1988997,1,569197,1,119102,1,3093895,1,12625,1,959014,1,13416,4,658520,4,81909,4,333288,4,661546,8,968503,108,21452,24,6943,1,373616,1,4399,1,0,0,0,0,0,0,533167,1,27544,1,3587,1,17033,1,44,1,9559,1,4521,1,17077,1,9559,1,48,1
365,6051900,4521,9559,28.990189,,0,11,9,108,38830,1303,4689,6013070,16,178,50,1,27053,1,110,1,2012022,1,578705,1,120154,1,3261350,1,13626,1,1004333,1,14198,4,656536,4,82390,4,340051,4,649433,8,962932,108,21863,24,7735,1,500393,1,4980,1,0,0,0,0,0,0,535651,1,32894,1,3597,1,17034,1,44,1,9559,1,4521,1,17078,1,9559,1,48,1
366,6529100,4521,9559,28.990189,,0,11,9,108,39503,1282,4829,6489597,16,178,110,1,27864,1,140,1,2290733,1,579056,1,145222,1,3433836,1,12635,1,1028690,1,12905,4,658260,4,82561,4,377985,4,722915,8,1074429,108,21642,24,10480,1,532846,1,5911,1,0,0,0,0,0,0,540862,1,30409,1,3607,1,17033,1,44,1,9559,1,4521,1,17077,1,9559,1,48,1
367,5985800,4521,9559,28.990189,,0,11,9,108,40021,1252,4960,5945779,16,178,200,1,28105,1,140,1,1999868,1,584386,1,142467,1,3174211,1,16402,1,1049530,1,13647,4,659222,4,81999,4,343197,4,648861,8,965347,108,21752,24,7715,1,362595,1,6192,1,0,0,0,0,0,0,548296,1,28305,1,3667,1,17035,1,44,1,9559,1,4521,1,17079,1,9559,1,48,1
368,6101700,4521,9559,28.990187,,0,11,9,108,44173,1503,4298,6057527,16,173,10,1,29758,1,100,1,2029325,1,604856,1,176804,1,3204400,1,12274,1,1145727,1,14027,4,702075,4,82751,4,339129,4,639253,8,952191,108,21893,24,6703,1,270155,1,3076,1,0,0,0,0,0,0,559888,1,34647,1,4699,1,17033,1,44,1,9559,1,4521,1,17077,1,9559,1,48,1
369,5979600,4520,9559,28.990185,,0,11,9,108,36155,1603,5030,5943445,16,178,130,1,32453,1,70,1,2033684,1,625406,1,121787,1,3117872,1,12043,1,1096752,1,13266,4,660945,4,81619,4,335793,4,631959,8,947352,108,15370,24,6693,1,285956,1,3286,1,0,0,0,0,0,0,584817,1,31381,1,3827,1,17043,1,36,1,9559,1,4520,1,17079,1,9559,1,48,1
370,6374300,4520,9559,28.990189,,0,11,9,108,42200,1443,4960,6332100,16,178,30,1,27153,1,30,1,2000349,1,632359,1,152236,1,3507178,1,12765,1,1422245,1,13516,4,661706,4,82821,4,346884,4,639934,8,966249,108,15610,24,6783,1,328769,1,3076,1,0,0,0,0,0,0,547544,1,70086,1,4990,1,17043,1,36,1,9559,1,4520,1,17079,1,9559,1,48,1
371,6317800,4520,9559,28.990189,,0,11,9,108,46287,1373,12735,6271513,16,173,20,1,27684,1,40,1,1999557,1,691845,1,163889,1,3373829,1,14648,1,1153923,1,14168,4,697155,4,83613,4,378215,4,744918,8,1094187,108,16212,24,6823,1,290505,1,3136,1,0,0,0,0,0,0,628442,1,53664,1,4739,1,17039,1,36,1,9559,1,4520,1,17075,1,9559,1,48,1
372,6427900,4520,9559,28.990189,,0,11,9,108,39540,1242,4349,6388360,16,178,110,1,34788,1,40,1,2244163,1,587061,1,120865,1,3388838,1,12494,1,1080821,1,13707,4,665584,4,87620,4,456187,4,753816,8,1189743,108,15911,24,6823,1,319742,1,3296,1,0,0,0,0,0,0,546492,1,32954,1,3757,1,17037,1,36,1,9559,1,4520,1,17073,1,9559,1,48,1
373,6170500,4520,9559,28.990189,,0,11,9,108,37887,1793,10911,6132613,16,178,391,1,33595,1,70,1,2006521,1,587151,1,123831,1,3366284,1,14769,1,1079128,1,12514,4,697436,4,83162,4,401000,4,764496,8,1138263,108,16322,24,6923,1,316585,1,3246,1,0,0,0,0,0,0,544158,1,32714,1,3757,1,17034,1,36,1,9559,1,4520,1,17070,1,9559,1,48,1
374,5910100,4520,9559,28.990189,,0,11,9,108,36711,1383,4459,5873389,16,178,210,1,33435,1,150,1,2033804,1,585218,1,122137,1,3086280,1,12154,1,994503,1,13987,4,659873,4,84845,4,380870,4,634133,8,994043,108,16502,24,7324,1,306015,1,3347,1,0,0,0,0,0,0,548456,1,27333,1,3607,1,17032,1,36,1,9559,1,4520,1,17068,1,9559,1,48,1
375,6111000,4520,9559,28.990189,,0,11,9,108,45308,1513,4218,6065692,16,178,100,1,27273,1,100,1,1994467,1,642038,1,122198,1,3263825,1,15691,1,1037727,1,14488,4,655645,4,85616,4,338278,4,681204,8,997720,108,17544,24,10130,1,432621,1,6603,1,0,0,0,0,0,0,600197,1,32864,1,3737,1,17032,1,36,1,9559,1,4520,1,17068,1,9559,1,48,1
376,6161400,4520,9559,28.990189,,0,11,9,108,39488,1142,4679,6121912,16,178,60,1,30589,1,100,1,2102057,1,584957,1,138509,1,3253124,1,12514,1,1029572,1,13326,4,658270,4,82530,4,343949,4,671045,8,994994,108,15320,24,6443,1,440877,1,5972,1,0,0,0,0,0,0,547715,1,29297,1,3427,1,17035,1,36,1,9559,1,4520,1,17071,1,9559,1,48,1
377,6350600,4520,9559,28.990189,,0,11,9,108,42516,1423,4358,6308084,16,178,291,1,32864,1,130,1,2280043,1,622891,1,122067,1,3237464,1,12334,1,1096592,1,14017,4,671465,4,85897,4,378646,4,683679,8,1041054,108,16913,24,6913,1,294863,1,3968,1,0,0,0,0,0,0,584306,1,29588,1,3617,1,17035,1,36,1,9559,1,4520,1,17071,1,9559,1,48,1
378,6183100,4520,9559,28.990189,,0,11,9,108,39807,1353,5260,6143293,16,178,100,1,34707,1,80,1,2134860,1,668870,1,122188,1,3170404,1,12083,1,1136009,1,13346,4,658180,4,81849,4,344971,4,631878,8,956319,108,15270,24,6693,1,293300,1,2825,1,0,0,0,0,0,0,623552,1,35529,1,4048,1,17035,1,36,1,9559,1,4520,1,17071,1,9559,1,48,1
379,5880200,4520,9559,28.990189,,0,11,9,108,37291,1343,4659,5842909,16,178,190,1,26451,1,20,1,1990009,1,622640,1,118611,1,3072764,1,12224,1,1103365,1,14107,4,663149,4,80927,4,326765,4,615637,8,922524,108,15220,24,6272,1,258112,1,3086,1,0,0,0,0,0,0,580899,1,31932,1,4018,1,17037,1,36,1,9559,1,4520,1,17073,1,9559,1,48,1
380,6196200,4521,9559,28.990189,,0,11,9,108,38278,1282,4689,6157922,16,178,20,1,27664,1,70,1,1987534,1,718868,1,124101,1,3287311,1,12354,1,1167079,1,13546,4,685242,4,81188,4,374218,4,675503,8,1029602,108,15430,24,6483,1,279754,1,3016,1,0,0,0,0,0,0,674281,1,33485,1,4689,1,17038,1,36,1,9559,1,4521,1,17074,1,9559,1,48,1
381,6071100,4521,9559,28.990189,,0,11,9,108,40085,1313,4549,6031015,16,178,10,1,26712,1,100,1,1988356,1,572142,1,118901,1,3312660,1,12134,1,1064219,1,13687,4,687056,4,81649,4,428403,4,757082,8,1165436,108,15500,24,6753,1,269634,1,2866,1,0,0,0,0,0,0,535832,1,28165,1,3397,1,17039,1,36,1,9559,1,4521,1,17075,1,9559,1,48,1
382,6454000,4521,9559,28.990189,,0,11,9,108,38126,1814,4479,6415874,16,178,240,1,32293,1,80,1,2020789,1,568515,1,121707,1,3657591,1,14658,1,1020434,1,16823,4,957902,4,106908,4,391060,4,837428,8,1204492,108,19518,24,9899,1,311606,1,3717,1,0,0,0,0,0,0,535050,1,24728,1,3437,1,17038,1,36,1,9559,1,4521,1,17074,1,9559,1,48,1
383,6380700,4521,9559,28.990189,,0,11,9,108,36195,1413,4469,6344505,16,178,140,1,32303,1,120,1,2153968,1,578445,1,121667,1,3445318,1,12544,1,993081,1,13687,4,660745,4,87139,4,469853,4,872516,8,1321189,108,16712,24,9008,1,334741,1,3136,1,0,0,0,0,0,0,537415,1,32293,1,3617,1,17039,1,36,1,9559,1,4521,1,17075,1,9559,1,48,1
384,6057100,4521,9559,28.990189,,0,11,9,108,37948,1293,4399,6019152,16,178,40,1,27413,1,80,1,1993586,1,573174,1,137157,1,3272993,1,14709,1,1005395,1,13687,4,656917,4,86458,4,365871,4,731532,8,1076793,108,16212,24,10029,1,395088,1,6723,1,0,0,0,0,0,0,536573,1,28145,1,3697,1,17035,1,36,1,9559,1,4521,1,17071,1,9559,1,48,1
385,7063600,4521,9559,28.990189,,0,11,9,108,51878,1834,3637,7011722,16,173,291,1,42463,1,100,1,2295914,1,613823,1,218084,1,3827962,1,13085,1,1405432,1,14368,4,664392,4,92800,4,437831,4,745720,8,1160897,108,19017,24,14218,1,446398,1,4970,1,0,0,0,0,0,0,550941,1,48264,1,6212,1,17034,1,36,1,9559,1,4521,1,17070,1,9559,1,48,1
386,6370100,4520,9559,28.990189,,0,11,9,108,36928,1723,4148,6333172,16,178,160,1,29517,1,180,1,2054414,1,576340,1,124001,1,3535954,1,12605,1,1115168,1,13226,4,657859,4,87961,4,358767,4,682527,8,1019973,108,17173,24,11342,1,602461,1,4920,1,0,0,0,0,0,0,530181,1,36721,1,3938,1,17032,1,36,1,9559,1,4520,1,17068,1,9559,1,48,1
387,6445600,4520,9559,28.990189,,0,11,9,108,46740,1733,4759,6398860,16,173,110,1,27413,1,60,1,2023945,1,599445,1,158849,1,3575221,1,13817,1,1136279,1,14097,4,689510,4,88823,4,357846,4,693809,8,1029772,108,17123,24,10330,1,576250,1,6543,1,0,0,0,0,0,0,559548,1,30630,1,4489,1,17041,1,36,1,9559,1,4520,1,17077,1,9559,1,48,1
388,7516100,4520,9559,28.990189,,0,11,9,108,44444,2465,3577,7471656,16,178,30,1,38505,1,932,1,2375138,1,672718,1,124993,1,4237669,1,21672,1,1186647,1,14729,4,663821,4,95977,4,418183,4,831627,8,1226254,108,19979,24,18446,1,995165,1,10611,1,0,0,0,0,0,0,625456,1,36551,1,4869,1,17036,1,36,1,9559,1,4520,1,17072,1,9559,1,48,1
389,7142600,4520,9559,28.990189,,0,11,9,108,40483,1573,4920,7102117,16,178,100,1,38335,1,331,1,2175099,1,600107,1,126987,1,4147974,1,13186,1,1435621,1,15410,4,771069,4,84975,4,430477,4,846215,8,1255551,108,16222,24,7054,1,550971,1,4609,1,0,0,0,0,0,0,544849,1,40579,1,5100,1,17035,1,36,1,9559,1,4520,1,17071,1,9559,1,48,1
390,6506100,4521,9559,28.990189,,0,11,9,108,40290,1523,4419,6465810,16,178,160,1,27694,1,120,1,2048352,1,649893,1,122859,1,3602163,1,14568,1,1189903,1,13436,4,659903,4,84474,4,377905,4,713116,8,1069650,108,16953,24,10350,1,545591,1,5962,1,0,0,0,0,0,0,602131,1,38114,1,3687,1,17036,1,36,1,9559,1,4521,1,17072,1,9559,1,48,1
391,6290000,4521,9559,28.990189,,0,11,9,108,42324,1593,4559,6247676,16,178,291,1,28295,1,70,1,2003595,1,662017,1,137638,1,3401573,1,14198,1,1074930,1,13126,4,658721,4,81619,4,355651,4,693298,8,1028780,108,15610,24,6463,1,509821,1,6352,1,0,0,0,0,0,0,624705,1,28636,1,3928,1,17038,1,36,1,9559,1,4521,1,17074,1,9559,1,48,1
392,6003800,4521,9559,28.990189,,0,11,9,108,36549,1192,4950,5967251,16,178,140,1,27934,1,90,1,2003856,1,606980,1,136796,1,3179501,1,11953,1,1086262,1,13306,4,660694,4,81899,4,339310,4,703848,8,1022909,108,15300,24,6943,1,282730,1,3316,1,0,0,0,0,0,0,571351,1,27273,1,4779,1,17037,1,36,1,9559,1,4521,1,17073,1,9559,1,48,1
393,5982800,4521,9559,28.990189,,0,11,9,108,39455,1904,4709,5943345,16,178,110,1,27183,1,50,1,2001241,1,591811,1,122548,1,3188078,1,12324,1,1147020,1,13205,4,658490,4,82861,4,342456,4,648000,8,970367,108,15380,24,6733,1,284573,1,2836,1,0,0,0,0,0,0,541773,1,36962,1,3577,1,17037,1,36,1,9559,1,4521,1,17073,1,9559,1,48,1
394,5952800,4521,9559,28.990189,,0,11,9,108,37179,1293,4870,5915621,16,178,20,1,26812,1,20,1,2000750,1,580759,1,125023,1,3170624,1,11613,1,1082725,1,13687,4,673429,4,82380,4,362725,4,682056,8,1024491,108,15420,24,6763,1,262711,1,2856,1,0,0,0,0,0,0,541974,1,29648,1,3757,1,17037,1,36,1,9559,1,4521,1,17073,1,9559,1,48,1
395,6381500,4520,9559,28.990189,,0,11,9,108,43804,1433,4709,6337696,16,178,281,1,32293,1,291,1,2126123,1,683935,1,162306,1,3318111,1,14358,1,1191146,1,14278,4,668630,4,82761,4,375149,4,702626,8,1057716,108,15350,24,6984,1,271648,1,3457,1,0,0,0,0,0,0,638066,1,35228,1,4879,1,17037,1,36,1,9559,1,4520,1,17073,1,9559,1,48,1
396,6159000,4520,9559,28.990189,,0,11,9,108,38291,1623,4759,6120709,16,178,281,1,32072,1,170,1,2032061,1,595347,1,122047,1,3326607,1,12124,1,1057847,1,13196,4,671776,4,84244,4,425537,4,784986,8,1189753,108,16011,24,6533,1,277800,1,3066,1,0,0,0,0,0,0,561121,1,24858,1,3637,1,17037,1,36,1,9559,1,4520,1,17073,1,9559,1,48,1
397,5949900,4520,9559,28.990189,,0,11,9,108,38357,1373,4529,5911543,16,178,220,1,32213,1,70,1,2096285,1,577493,1,122859,1,3070259,1,12144,1,997279,1,14248,4,662127,4,81849,4,379037,4,642850,8,1002038,108,15320,24,6633,1,281718,1,3146,1,0,0,0,0,0,0,543917,1,24668,1,3837,1,17035,1,36,1,9559,1,4520,1,17071,1,9559,1,48,1
398,5935800,4520,9559,28.990187,,0,11,9,108,37343,1282,4569,5898457,16,178,381,1,27954,1,170,1,2006721,1,581140,1,122127,1,3147730,1,12234,1,976619,1,14007,4,662137,4,82751,4,411740,4,661536,8,1052776,108,15931,24,6743,1,325633,1,5280,1,0,0,0,0,0,0,540912,1,30189,1,3857,1,17035,1,36,1,9559,1,4520,1,17071,1,9559,1,48,1
399,6333000,4519,9559,28.990181,,0,11,9,108,39014,1343,4599,6293986,16,178,40,1,33726,1,60,1,2185228,1,589416,1,121526,1,3350223,1,13767,1,1018400,1,13005,4,658981,4,81859,4,344059,4,664312,8,988231,108,15540,24,9689,1,551322,1,7254,1,0,0,0,0,0,0,547735,1,31281,1,3978,1,17033,1,36,1,9559,1,4519,1,17069,1,9559,1,48,1
400,6083000,4520,9559,28.990177,,0,11,9,108,37146,1182,4739,6045854,16,178,70,1,28115,1,40,1,2142205,1,583224,1,141806,1,3137921,1,12474,1,1058177,1,12655,4,657909,4,81559,4,342436,4,668359,8,990816,108,15240,24,6653,1,305123,1,3868,1,0,0,0,0,0,0,544799,1,28535,1,5060,1,17036,1,36,1,9559,1,4520,1,17072,1,9559,1,48,1
401,6050000,4520,9559,28.990183,,0,11,9,108,48031,1393,4839,6001969,16,178,20,1,29407,1,110,1,2026299,1,638361,1,125845,1,3170103,1,11823,1,1144565,1,13095,4,658760,4,82080,4,345221,4,648270,8,973503,108,15149,24,6743,1,267089,1,2886,1,0,0,0,0,0,0,596189,1,33325,1,3697,1,17037,1,36,1,9559,1,4520,1,17073,1,9559,1,48,1
402,6879400,4520,9559,28.990183,,0,11,9,108,53940,1533,4719,6825460,16,173,200,1,31822,1,70,1,2187062,1,784495,1,268442,1,3540794,1,12574,1,1428387,1,13576,4,661686,4,82621,4,354169,4,646347,8,980466,108,15330,24,6974,1,342546,1,2956,1,0,0,0,0,0,0,721853,1,45458,1,7925,1,17035,1,36,1,9559,1,4520,1,17071,1,9559,1,48,1
403,6799900,4520,9559,28.990175,,0,11,9,108,40258,1804,5411,6759642,16,178,271,1,26942,1,80,1,2011230,1,648320,1,143168,1,3913899,1,15731,1,1586074,1,14468,4,671706,4,82811,4,399427,4,742263,8,1120849,108,15430,24,7204,1,404827,1,3316,1,0,0,0,0,0,0,585699,1,50258,1,3697,1,17037,1,36,1,9559,1,4520,1,17073,1,9559,1,48,1
404,6456200,4520,9559,28.990175,,0,11,9,108,39675,1262,4750,6416525,16,178,180,1,28235,1,110,1,2004477,1,720541,1,157787,1,3492420,1,12775,1,1313033,1,13606,4,662258,4,81839,4,360020,4,647890,8,987740,108,15420,24,6863,1,402603,1,3046,1,0,0,0,0,0,0,661406,1,46070,1,5310,1,17040,1,36,1,9559,1,4520,1,17076,1,9559,1,48,1
405,6098600,4520,9559,28.990175,,0,11,9,108,38248,1403,4729,6060352,16,178,90,1,27844,1,20,1,2000229,1,625226,1,135203,1,3259347,1,12394,1,1214241,1,13997,4,666245,4,82190,4,335252,4,634463,8,949646,108,15340,24,6683,1,301977,1,2896,1,0,0,0,0,0,0,544018,1,68573,1,4008,1,17041,1,36,1,9559,1,4520,1,17077,1,9559,1,48,1
406,6333800,4520,9559,28.99018,,0,11,9,108,38030,1733,4679,6295770,16,178,30,1,27594,1,150,1,2000890,1,742634,1,125444,1,3386514,1,12514,1,1185595,1,12083,4,748285,4,83542,4,372965,4,660694,8,1013360,108,15620,24,6823,1,311666,1,3126,1,0,0,0,0,0,0,694170,1,34437,1,3988,1,17034,1,36,1,9559,1,4520,1,17070,1,9559,1,48,1
407,6184700,4519,9559,28.99018,,0,11,9,108,38832,2244,4599,6145868,16,178,100,1,27914,1,100,1,2000379,1,571932,1,122248,1,3410551,1,12645,1,1170936,1,14148,4,689991,4,82320,4,413624,4,716824,8,1110128,108,15721,24,6863,1,310694,1,2906,1,0,0,0,0,0,0,528938,1,33164,1,3747,1,17032,1,36,1,9559,1,4519,1,17068,1,9559,1,48,1
408,5912300,4519,9559,28.99018,,0,11,9,108,35926,1733,4649,5876374,16,178,491,1,27824,1,100,1,1998876,1,572403,1,120795,1,3143191,1,12695,1,1011156,1,13977,4,660444,4,81909,4,389487,4,673830,8,1043469,108,15200,24,8677,1,297909,1,4068,1,0,0,0,0,0,0,536162,1,27263,1,3787,1,17033,1,36,1,9559,1,4519,1,17069,1,9559,1,48,1
409,6188800,4518,9559,28.99018,,0,11,9,108,41248,1373,4829,6147552,16,178,90,1,29888,1,220,1,2056959,1,583885,1,122408,1,3340905,1,13196,1,984454,1,12364,4,656597,4,88041,4,427752,4,686855,8,1094027,108,15751,24,12073,1,467148,1,4248,1,0,0,0,0,0,0,547454,1,28445,1,3707,1,17035,1,36,1,9559,1,4518,1,17071,1,9559,1,48,1
410,6200100,4519,9559,28.99018,,0,11,9,108,36708,1353,4950,6163392,16,178,110,1,27293,1,130,1,2056889,1,593945,1,123961,1,3347648,1,13416,1,1072004,1,13075,4,659793,4,84294,4,359659,4,765869,8,1104948,108,15630,24,7254,1,379197,1,5150,1,0,0,0,0,0,0,549248,1,33966,1,4218,1,17035,1,36,1,9559,1,4519,1,17071,1,9559,1,48,1
411,6101900,4519,9559,28.99018,,0,11,9,108,52149,1773,4739,6049751,16,173,40,1,31972,1,190,1,2000269,1,590268,1,173878,1,3237604,1,15530,1,1076082,1,14127,4,707095,4,83532,4,339610,4,634864,8,954285,108,15450,24,6543,1,366342,1,7635,1,0,0,0,0,0,0,549308,1,30790,1,4579,1,17032,1,36,1,9559,1,4519,1,17068,1,9559,1,48,1
412,6003900,4519,9559,28.99018,,0,11,9,108,38422,1423,4950,5965478,16,178,110,1,34557,1,271,1,2135341,1,607020,1,122498,1,3054037,1,11643,1,1113415,1,13216,4,661626,4,81398,4,316245,4,585498,8,881564,108,15230,24,6783,1,271398,1,3036,1,0,0,0,0,0,0,563706,1,31591,1,4569,1,17038,1,36,1,9559,1,4519,1,17074,1,9559,1,48,1
413,5962100,4519,9559,28.99018,,0,11,9,108,33985,1353,4980,5928115,16,178,10,1,26712,1,50,1,2001702,1,668930,1,125103,1,3093654,1,11953,1,1102113,1,13346,4,658560,4,81739,4,334741,4,629574,8,943865,108,15470,24,6773,1,262601,1,2856,1,0,0,0,0,0,0,627590,1,30299,1,3697,1,17039,1,36,1,9559,1,4519,1,17075,1,9559,1,48,1
414,6248900,4519,9559,28.99018,,0,11,9,108,39789,1563,4499,6209111,16,178,150,1,32724,1,110,1,2229825,1,651647,1,138229,1,3137690,1,18736,1,1068507,1,14188,4,677076,4,85777,4,359649,4,632610,8,971198,108,16562,24,6342,1,288100,1,3878,1,0,0,0,0,0,0,614074,1,28716,1,3697,1,17036,1,36,1,9559,1,4519,1,17072,1,9559,1,48,1
415,6253100,4519,9559,28.99018,,0,11,9,108,39139,1242,4790,6213961,16,178,190,1,32153,1,100,1,2034295,1,708998,1,151474,1,3274997,1,11753,1,1148072,1,12875,4,662959,4,81629,4,367925,4,718637,8,1066423,108,15350,24,6763,1,271818,1,3076,1,0,0,0,0,0,0,626839,1,67862,1,3607,1,17039,1,36,1,9559,1,4519,1,17075,1,9559,1,48,1
416,6012100,4519,9559,28.99018,,0,11,9,108,35922,1403,4659,5976178,16,178,10,1,27674,1,40,1,1999958,1,566672,1,120374,1,3249407,1,12043,1,1041084,1,13286,4,693528,4,81609,4,400929,4,736933,8,1117733,108,15470,24,6523,1,270596,1,3517,1,0,0,0,0,0,0,534399,1,23596,1,3898,1,17037,1,36,1,9559,1,4519,1,17073,1,9559,1,48,1
417,6030200,4519,9559,28.990177,,0,11,9,108,42349,1413,4689,5987851,16,178,90,1,27463,1,170,1,2000960,1,590708,1,119552,1,3236001,1,12905,1,978102,1,12945,4,664362,4,85246,4,411881,4,755779,8,1147671,108,15300,24,9478,1,312718,1,4078,1,0,0,0,0,0,0,552985,1,26752,1,4809,1,17035,1,36,1,9559,1,4519,1,17071,1,9559,1,48,1
418,6176400,4519,9559,28.990175,,0,11,9,108,36523,1162,4739,6139877,16,178,110,1,29728,1,110,1,2031069,1,587572,1,122919,1,3356155,1,12214,1,1010454,1,13336,4,661747,4,82280,4,368176,4,709710,8,1057837,108,15310,24,11643,1,492297,1,5350,1,0,0,0,0,0,0,541873,1,34427,1,3868,1,17035,1,36,1,9559,1,4519,1,17071,1,9559,1,48,1
419,6365600,4519,9559,28.990168,,0,11,9,108,37237,1303,4729,6328363,16,178,90,1,27073,1,80,1,2284371,1,578535,1,124292,1,3294084,1,19839,1,1060602,1,13166,4,658771,4,81979,4,354770,4,694400,8,1029141,108,15300,24,6563,1,414556,1,7976,1,0,0,0,0,0,0,540330,1,29307,1,3757,1,17035,1,36,1,9559,1,4519,1,17071,1,9559,1,48,1
420,5886300,4519,9559,28.990166,,0,11,9,108,35335,1172,4799,5850965,16,178,200,1,32393,1,200,1,2053192,1,583645,1,139621,1,3024991,1,16723,1,1042857,1,13156,4,658140,4,81048,4,335753,4,631267,8,947021,108,15200,24,6292,1,252351,1,2956,1,0,0,0,0,0,0,545080,1,29958,1,3847,1,17037,1,36,1,9559,1,4519,1,17073,1,9559,1,48,1
421,5856600,4520,9559,28.990166,,0,11,9,108,40493,1192,4940,5816107,16,178,50,1,27524,1,30,1,2000970,1,606990,1,124913,1,3043908,1,11723,1,1114477,1,13216,4,661366,4,81278,4,314642,4,587011,8,881343,108,15370,24,6863,1,260987,1,2876,1,0,0,0,0,0,0,564247,1,32293,1,4078,1,17036,1,36,1,9559,1,4520,1,17072,1,9559,1,48,1
422,6003700,4519,9559,28.990166,,0,11,9,108,37371,1473,4589,5966329,16,178,20,1,27103,1,130,1,1989378,1,610928,1,137397,1,3188749,1,12625,1,1215062,1,12635,4,654192,4,81689,4,315654,4,584266,8,880131,108,15200,24,6723,1,314091,1,2966,1,0,0,0,0,0,0,568555,1,32173,1,3757,1,17040,1,36,1,9559,1,4519,1,17076,1,9559,1,48,1
423,6564000,4519,9559,28.990166,,0,11,9,108,46068,1613,4569,6517932,16,165,60,1,26902,1,220,1,1988506,1,730630,1,212042,1,3544631,1,14939,1,1304997,1,14228,4,754126,4,84174,4,376522,4,700021,8,1056324,108,15650,24,6593,1,299412,1,2946,1,0,0,0,0,0,0,672888,1,46571,1,3857,1,17038,1,36,1,9559,1,4519,1,17074,1,9559,1,48,1
424,6506500,4519,9559,28.990166,,0,11,9,108,40028,1252,4569,6466472,16,178,130,1,34367,1,200,1,2331873,1,689561,1,124662,1,3273694,1,11983,1,1104888,1,13156,4,654743,4,81098,4,396260,4,738836,8,1115378,108,15149,24,6593,1,273963,1,2906,1,0,0,0,0,0,0,639403,1,41982,1,3837,1,17033,1,36,1,9559,1,4519,1,17069,1,9559,1,48,1
425,6069600,4518,9559,28.990166,,0,11,9,108,38445,1473,4599,6031155,16,178,90,1,26552,1,120,1,1987253,1,560480,1,119603,1,3324744,1,12314,1,1041735,1,12885,4,696564,4,81539,4,428062,4,751952,8,1160155,108,15260,24,7164,1,300434,1,2936,1,0,0,0,0,0,0,529850,1,22333,1,3687,1,17035,1,36,1,9559,1,4518,1,17071,1,9559,1,48,1
426,5823700,4520,9559,28.990166,,0,11,9,108,35557,1333,4719,5788143,16,178,90,1,27023,1,70,1,1987885,1,589226,1,121065,1,3050340,1,12444,1,984865,1,13416,4,657368,4,84384,4,350020,4,638121,8,968042,108,15380,24,6753,1,310193,1,3888,1,0,0,0,0,0,0,547945,1,30269,1,4679,1,17037,1,36,1,9559,1,4520,1,17073,1,9559,1,48,1
427,5981100,4519,9559,28.990158,,0,11,9,108,38146,1643,4479,5942954,16,178,70,1,27473,1,80,1,2037361,1,574206,1,122188,1,3166526,1,15049,1,999173,1,13737,4,654843,4,81969,4,375630,4,673429,8,1029161,108,15420,24,6412,1,354790,1,4900,1,0,0,0,0,0,0,536052,1,29487,1,3787,1,17037,1,36,1,9559,1,4519,1,17073,1,9559,1,48,1
428,6106300,4519,9559,28.990158,,0,11,9,108,38083,1252,4489,6068217,16,178,80,1,28876,1,401,1,1988215,1,637229,1,146585,1,3253505,1,13326,1,1079388,1,13075,4,655374,4,81007,4,317417,4,599425,8,897124,108,15230,24,9018,1,491536,1,6012,1,0,0,0,0,0,0,568415,1,54997,1,3617,1,17033,1,36,1,9559,1,4519,1,17069,1,9559,1,48,1
429,6834800,4519,9559,28.990156,,0,11,9,108,41082,1753,5230,6793718,16,178,341,1,28896,1,40,1,1988596,1,678048,1,148138,1,3933828,1,15831,1,1623476,1,13326,4,659552,4,82520,4,356413,4,650835,8,986598,108,15420,24,6883,1,533768,1,5300,1,0,0,0,0,0,0,605106,1,59736,1,3968,1,17037,1,36,1,9559,1,4519,1,17073,1,9559,1,48,1
430,7166100,4518,9559,28.990152,,0,11,9,108,46408,1703,4990,7119692,16,178,220,1,31962,1,281,1,1988646,1,783824,1,158338,1,4142884,1,13536,1,1626131,1,13987,4,699119,4,82230,4,361262,4,638632,8,979494,108,15410,24,6793,1,705602,1,7424,1,0,0,0,0,0,0,711102,1,59205,1,3968,1,17037,1,36,1,9559,1,4518,1,17073,1,9559,1,48,1
431,7167000,4518,9559,28.990156,,0,11,9,108,38151,2014,4779,7128849,16,178,220,1,29407,1,100,1,2011811,1,767222,1,128169,1,4174315,1,17604,1,1576765,1,13296,4,653240,4,81288,4,353127,4,649242,8,982440,108,15149,24,6833,1,831707,1,6803,1,0,0,0,0,0,0,696694,1,57442,1,5010,1,17039,1,36,1,9559,1,4518,1,17075,1,9559,1,48,1
432,8043100,4518,9559,28.990158,,0,11,9,108,53958,1994,6964,7989142,16,178,50,1,43324,1,541,1,2512434,1,633111,1,126255,1,4657735,1,15691,1,1591745,1,13536,4,658059,4,82991,4,482859,4,757974,8,1218018,108,15851,24,44857,1,1016767,1,6954,1,0,0,0,0,0,0,571721,1,45318,1,3988,1,17043,1,36,1,9559,1,4518,1,17079,1,9559,1,48,1
433,7181200,4518,9559,28.990156,,0,11,9,108,47762,1824,4008,7133438,16,178,281,1,28145,1,291,1,2097598,1,602551,1,126316,1,4264541,1,13717,1,1445360,1,13977,4,654212,4,90787,4,423924,4,780618,8,1182900,108,17634,24,25169,1,822479,1,6192,1,0,0,0,0,0,0,545470,1,45689,1,3657,1,17044,1,36,1,9559,1,4518,1,17080,1,9559,1,48,1
434,7316200,4518,9559,28.990156,,0,11,9,108,39303,1753,4549,7276897,16,178,230,1,28505,1,170,1,2051158,1,658330,1,124853,1,4398742,1,14909,1,1426253,1,13536,4,659151,4,83823,4,645966,4,884439,8,1509064,108,16793,24,19077,1,658410,1,6332,1,0,0,0,0,0,0,597442,1,45438,1,3757,1,17043,1,36,1,9559,1,4518,1,17079,1,9559,1,48,1
435,6646900,4519,9559,28.990156,,0,11,9,108,39364,2395,4289,6607536,16,178,230,1,29658,1,150,1,2065536,1,635556,1,127688,1,3735663,1,13055,1,1363751,1,12745,4,656136,4,83292,4,432120,4,750399,8,1162931,108,15300,24,6933,1,424345,1,3547,1,0,0,0,0,0,0,574407,1,46891,1,5080,1,17046,1,36,1,9559,1,4519,1,17082,1,9559,1,48,1
436,6260500,4519,9559,28.990156,,0,11,9,108,36420,1333,4659,6224080,16,178,230,1,28155,1,60,1,1976873,1,582683,1,120815,1,3501908,1,13356,1,1073287,1,13296,4,653080,4,81559,4,365701,4,717425,8,1063077,108,15390,24,13055,1,578294,1,4879,1,0,0,0,0,0,0,542274,1,30960,1,3827,1,17044,1,36,1,9559,1,4519,1,17080,1,9559,1,48,1
437,6206500,4519,9559,28.990156,,0,11,9,108,38549,1202,4619,6167951,16,178,10,1,31221,1,100,1,2154619,1,580208,1,121386,1,3266881,1,13526,1,1035162,1,13166,4,659452,4,80807,4,363597,4,698388,8,1041996,108,15370,24,6974,1,402783,1,5350,1,0,0,0,0,0,0,541152,1,29968,1,3627,1,17045,1,36,1,9559,1,4519,1,17081,1,9559,1,48,1
438,5985900,4519,9559,28.990156,,0,11,9,108,38227,1232,4629,5947673,16,178,130,1,34317,1,581,1,2041038,1,641748,1,135874,1,3079317,1,14669,1,986808,1,12995,4,655645,4,80496,4,338578,4,648391,8,966890,108,15450,24,6573,1,340552,1,8046,1,0,0,0,0,0,0,605177,1,28415,1,3918,1,17044,1,36,1,9559,1,4519,1,17080,1,9559,1,48,1
439,6094200,4520,9559,28.990156,,0,11,9,108,37385,1363,4699,6056815,16,178,30,1,28966,1,180,1,2001181,1,640656,1,125865,1,3247173,1,12765,1,1217176,1,12975,4,656486,4,82100,4,350862,4,626758,8,957512,108,15410,24,6803,1,289874,1,2775,1,0,0,0,0,0,0,594015,1,36451,1,4058,1,17047,1,36,1,9559,1,4520,1,17083,1,9559,1,48,1
440,5905000,4521,9559,28.990154,,0,11,9,108,40318,1262,4710,5864682,16,178,20,1,27814,1,80,1,1989478,1,566301,1,122428,1,3146487,1,12073,1,1114998,1,12995,4,656566,4,81589,4,346393,4,648421,8,974955,108,15149,24,6623,1,274684,1,2956,1,0,0,0,0,0,0,526273,1,30930,1,3577,1,17049,1,36,1,9559,1,4521,1,17085,1,9559,1,48,1
441,6229200,4521,9559,28.990154,,0,11,9,108,38705,1282,4759,6190495,16,178,20,1,26862,1,461,1,1992243,1,701293,1,126626,1,3330956,1,12033,1,1096612,1,13697,4,745569,4,81418,4,397653,4,692847,8,1070431,108,15310,24,6893,1,291857,1,3126,1,0,0,0,0,0,0,629223,1,60969,1,3617,1,17052,1,36,1,9559,1,4521,1,17088,1,9559,1,48,1
442,6122300,4522,9559,28.990156,,0,11,9,108,37781,1363,4559,6084519,16,178,70,1,27303,1,20,1,1987113,1,638592,1,146224,1,3272783,1,12414,1,1136409,1,12494,4,654623,4,81178,4,368737,4,714579,8,1063387,108,15370,24,7204,1,293280,1,2916,1,0,0,0,0,0,0,585779,1,41541,1,3847,1,17054,1,36,1,9559,1,4522,1,17090,1,9559,1,48,1
443,5969500,4523,9559,28.990156,,0,11,9,108,36455,1323,4729,5933045,16,178,160,1,27043,1,170,1,1988185,1,577182,1,120284,1,3207927,1,12094,1,1049400,1,12715,4,671986,4,81058,4,363857,4,734578,8,1078366,108,15340,24,6433,1,283090,1,3487,1,0,0,0,0,0,0,544448,1,24448,1,3587,1,17056,1,36,1,9559,1,4523,1,17092,1,9559,1,48,1
444,6173900,4524,9559,28.990156,,0,11,9,108,40706,1613,4148,6133194,16,178,281,1,41551,1,50,1,2152334,1,575218,1,122999,1,3228056,1,12705,1,981188,1,14638,4,658180,4,89945,4,409717,4,748996,8,1136790,108,17775,24,7084,1,313179,1,3517,1,0,0,0,0,0,0,537254,1,28445,1,3747,1,17049,1,36,1,9559,1,4524,1,17085,1,9559,1,48,1
445,6265900,4523,9559,28.990156,,0,11,9,108,37351,1613,4318,6228549,16,178,120,1,37723,1,40,1,2288319,1,583645,1,121186,1,3184782,1,12735,1,996868,1,13606,4,661306,4,87390,4,395359,4,701754,8,1076082,108,16712,24,9368,1,312958,1,4559,1,0,0,0,0,0,0,543386,1,30269,1,3767,1,17046,1,36,1,9559,1,4523,1,17082,1,9559,1,48,1
446,6792200,4522,9559,28.990156,,0,11,9,108,42132,1493,12645,6750068,16,178,230,1,55488,1,80,1,2426828,1,570409,1,127047,1,3555417,1,14568,1,996778,1,15310,4,732594,4,101527,4,404186,4,785061,8,1159549,108,17053,24,23937,1,487688,1,6843,1,0,0,0,0,0,0,534760,1,27584,1,3617,1,17048,1,36,1,9559,1,4522,1,17084,1,9559,1,48,1
447,6771200,4523,9559,28.990156,,0,11,9,108,36266,1583,4078,6734934,16,178,591,1,55949,1,50,1,2479941,1,597341,1,125133,1,3463003,1,12925,1,1076122,1,14168,4,661105,4,84745,4,370450,4,702757,8,1052035,108,17093,24,15310,1,531273,1,5491,1,0,0,0,0,0,0,552805,1,33154,1,3968,1,17048,1,36,1,9559,1,4523,1,17084,1,9559,1,48,1
448,7027400,4523,9559,28.990156,,0,11,9,108,49204,1303,4318,6978196,16,164,170,1,34297,1,90,1,2620324,1,575930,1,138028,1,3596943,1,12414,1,1164714,1,14458,4,773293,4,90015,4,395479,4,720120,8,1094338,108,16943,24,9048,1,424525,1,3988,1,0,0,0,0,0,0,538216,1,28556,1,4018,1,17052,1,36,1,9559,1,4523,1,17088,1,9559,1,48,1
449,6652000,4522,9559,28.990156,,0,11,9,108,40036,1453,4509,6611964,16,178,40,1,27994,1,70,1,2092668,1,648120,1,134992,1,3692308,1,15771,1,1176046,1,13436,4,667488,4,84584,4,368577,4,702436,8,1049751,108,16753,24,10350,1,660624,1,7314,1,0,0,0,0,0,0,583164,1,48835,1,3988,1,17048,1,36,1,9559,1,4522,1,17084,1,9559,1,48,1
450,6235900,4522,9559,28.990156,,0,11,9,108,40435,1142,4960,6195465,16,178,160,1,28525,1,80,1,2063782,1,581571,1,126306,1,3381254,1,13787,1,1149725,1,13216,4,662498,4,82761,4,345832,4,685002,8,1010444,108,15430,24,6613,1,429194,1,5270,1,0,0,0,0,0,0,544128,1,28976,1,3667,1,17047,1,36,1,9559,1,4522,1,17083,1,9559,1,48,1
451,5984600,4523,9559,28.990152,,0,11,9,108,39332,1272,4920,5945268,16,178,351,1,30078,1,210,1,2013444,1,621989,1,122999,1,3143942,1,12254,1,1126470,1,13346,4,662799,4,82721,4,349600,4,625536,8,954786,108,15430,24,6713,1,272590,1,2896,1,0,0,0,0,0,0,583154,1,28165,1,3787,1,17051,1,36,1,9559,1,4523,1,17087,1,9559,1,48,1
452,5991500,4523,9559,28.99015,,0,11,9,108,36282,1293,4649,5955218,16,178,130,1,27103,1,30,1,2012903,1,603854,1,121176,1,3177798,1,12224,1,1126660,1,13356,4,663209,4,82540,4,357194,4,647679,8,984714,108,15510,24,6613,1,276427,1,2825,1,0,0,0,0,0,0,558015,1,33786,1,4589,1,17048,1,36,1,9559,1,4523,1,17084,1,9559,1,48,1
453,6039100,4522,9559,28.990156,,0,11,9,108,39225,1763,4829,5999875,16,178,90,1,26872,1,130,1,2013585,1,565199,1,138379,1,3242865,1,12755,1,1144114,1,14218,4,706173,4,82170,4,385399,4,627780,8,992930,108,15420,24,6984,1,271017,1,3246,1,0,0,0,0,0,0,519189,1,35659,1,3928,1,17047,1,36,1,9559,1,4522,1,17083,1,9559,1,48,1
454,6380200,4522,9559,28.990156,,0,11,9,108,41898,1272,4368,6338302,16,178,30,1,27373,1,461,1,2015238,1,614194,1,147096,1,3518801,1,15109,1,1296811,1,14117,4,749728,4,82440,4,368617,4,690392,8,1039170,108,15470,24,6974,1,305294,1,3156,1,0,0,0,0,0,0,563035,1,40539,1,3777,1,17047,1,36,1,9559,1,4522,1,17083,1,9559,1,48,1
455,6145300,4521,9559,28.990156,,0,11,9,108,37756,2094,4469,6107544,16,178,391,1,26982,1,70,1,2011661,1,574447,1,121446,1,3359922,1,12625,1,1120799,1,13867,4,694550,4,82190,4,392353,4,759166,8,1131630,108,15420,24,6713,1,284864,1,3326,1,0,0,0,0,0,0,541252,1,24888,1,3687,1,17048,1,36,1,9559,1,4521,1,17084,1,9559,1,48,1
456,6238300,4522,9559,28.990152,,0,11,9,108,46377,1403,5511,6191923,16,178,20,1,27373,1,50,1,2012092,1,575529,1,122097,1,3441616,1,13146,1,976318,1,15470,4,815225,4,90666,4,396070,4,773910,8,1147917,108,16552,24,11222,1,357235,1,4098,1,0,0,0,0,0,0,543166,1,25219,1,3667,1,17047,1,36,1,9559,1,4522,1,17083,1,9559,1,48,1
457,6319300,4522,9559,28.990152,,0,11,9,108,40012,1793,12094,6279288,16,178,391,1,35269,1,180,1,2150160,1,607611,1,126296,1,3344252,1,15129,1,1035463,1,13236,4,662758,4,89664,4,427481,4,750950,8,1143744,108,22594,24,7204,1,351954,1,3747,1,0,0,0,0,0,0,554839,1,38745,1,3888,1,17047,1,36,1,9559,1,4522,1,17083,1,9559,1,48,1
458,6407700,4521,9559,28.990152,,0,11,9,108,37385,1353,4308,6370315,16,178,200,1,37984,1,50,1,2336442,1,583444,1,122528,1,3277802,1,11863,1,1023630,1,14849,4,666907,4,85296,4,346023,4,665584,8,990245,108,17053,24,13156,1,456928,1,4078,1,0,0,0,0,0,0,544138,1,29247,1,3657,1,17046,1,36,1,9559,1,4521,1,17082,1,9559,1,48,1
459,6160500,4523,9559,28.990152,,0,11,9,108,37436,1403,4409,6123064,16,178,100,1,27694,1,80,1,2020198,1,619975,1,122127,1,3320435,1,12454,1,1071924,1,13366,4,663911,4,84334,4,372234,4,692947,8,1044190,108,16582,24,9088,1,406440,1,4789,1,0,0,0,0,0,0,577833,1,32493,1,4809,1,17055,1,36,1,9559,1,4523,1,17091,1,9559,1,48,1
460,5948100,4522,9559,28.990152,,0,11,9,108,36888,1363,5060,5911212,16,178,20,1,27303,1,40,1,2013044,1,654422,1,121977,1,3082142,1,12264,1,1062686,1,13356,4,663891,4,82500,4,343277,4,640435,8,962421,108,16232,24,8186,1,263602,1,2846,1,0,0,0,0,0,0,616398,1,28245,1,4950,1,17054,1,36,1,9559,1,4522,1,17090,1,9559,1,48,1
461,6050500,4521,9559,28.990152,,0,11,9,108,35636,1383,4689,6014864,16,178,10,1,29137,1,20,1,2014106,1,638742,1,137357,1,3182858,1,12635,1,1131039,1,13286,4,663320,4,82841,4,339440,4,667438,8,986678,108,15510,24,8066,1,273271,1,2775,1,0,0,0,0,0,0,598393,1,31702,1,3827,1,17055,1,36,1,9559,1,4521,1,17091,1,9559,1,48,1
462,6377700,4522,9559,28.990152,,0,11,9,108,39127,1443,4509,6338573,16,178,230,1,32082,1,90,1,2240526,1,731011,1,163147,1,3156857,1,14628,1,1122071,1,13576,4,662438,4,85226,4,338789,4,639092,8,957121,108,16252,24,10871,1,280405,1,2946,1,0,0,0,0,0,0,690062,1,31121,1,3667,1,17060,1,36,1,9559,1,4522,1,17096,1,9559,1,48,1
463,6046300,4522,9559,28.990152,,0,11,9,108,37729,1423,4659,6008571,16,178,10,1,31882,1,40,1,2015148,1,699570,1,140303,1,3109125,1,12494,1,1134435,1,13246,4,663600,4,82641,4,326224,4,612531,8,918666,108,15430,24,6372,1,265666,1,2986,1,0,0,0,0,0,0,652178,1,35048,1,4779,1,17058,1,36,1,9559,1,4522,1,17094,1,9559,1,48,1
464,6585600,4521,9559,28.990152,,0,11,9,108,45555,1553,4980,6540045,16,178,240,1,27493,1,90,1,2011120,1,701735,1,198476,1,3588386,1,12504,1,1316039,1,14919,4,763184,4,86137,4,378285,4,704830,8,1062295,108,15841,24,6693,1,313159,1,3587,1,0,0,0,0,0,0,592603,1,94955,1,7144,1,17063,1,36,1,9559,1,4521,1,17099,1,9559,1,48,1
465,6370100,4523,9559,28.990152,,0,11,9,108,50103,1814,4719,6319997,16,164,501,1,28225,1,130,1,2018414,1,588063,1,125945,1,3546184,1,12534,1,1291381,1,14869,4,750379,4,82260,4,373586,4,719519,8,1072685,108,15701,24,6713,1,302458,1,3206,1,0,0,0,0,0,0,543527,1,35329,1,4900,1,17062,1,36,1,9559,1,4523,1,17098,1,9559,1,48,1
466,6110500,4523,9559,28.990147,,0,11,9,108,36582,1333,4769,6073918,16,178,150,1,28235,1,120,1,2016390,1,586791,1,124081,1,3305306,1,12845,1,1050041,1,13516,4,682567,4,82631,4,401280,4,753555,8,1134425,108,15640,24,6743,1,308119,1,5521,1,0,0,0,0,0,0,544278,1,33024,1,3807,1,17065,1,36,1,9559,1,4523,1,17101,1,9559,1,48,1
467,6195100,4523,9559,28.990145,,0,11,9,108,45995,1844,3377,6149105,16,177,210,1,32633,1,80,1,2089703,1,610056,1,124392,1,3274666,1,17364,1,991668,1,14097,4,667979,4,91708,4,370029,4,693358,8,1039511,108,20500,24,10651,1,426810,1,6523,1,0,0,0,0,0,0,569046,1,30920,1,3837,1,17057,1,36,1,9559,1,4523,1,17093,1,9559,1,48,1
468,6969400,4523,9559,28.990145,,0,11,9,108,42593,2846,4709,6926807,16,178,441,1,48925,1,200,1,2273580,1,605126,1,132187,1,3851067,1,15280,1,1268486,1,13747,4,661666,4,83613,4,403344,4,863869,8,1246613,108,15891,24,12615,1,533928,1,6954,1,0,0,0,0,0,0,539399,1,48695,1,4278,1,17059,1,36,1,9559,1,4523,1,17095,1,9559,1,48,1
469,7417400,4523,9559,28.990139,,0,11,9,108,51610,2044,3837,7365790,16,173,160,1,40038,1,140,1,2173726,1,606279,1,161183,1,4370507,1,13757,1,1379973,1,14979,4,699370,4,92049,4,397353,4,774646,8,1147952,108,20209,24,37032,1,965878,1,7184,1,0,0,0,0,0,0,544839,1,48114,1,4960,1,17057,1,36,1,9559,1,4523,1,17093,1,9559,1,48,1
470,8220400,4522,9559,28.990139,,0,11,9,108,43693,2765,5340,8176707,16,178,120,1,29397,1,321,1,2434994,1,617681,1,137137,1,4943661,1,13396,1,1951264,1,14388,4,703267,4,97029,4,527886,4,985416,8,1488013,108,19949,24,11803,1,644483,1,5360,1,0,0,0,0,0,0,543877,1,56069,1,4098,1,17050,1,36,1,9559,1,4522,1,17086,1,9559,1,48,1
471,7623200,4521,9559,28.990147,,0,11,9,108,42713,3266,5641,7580487,16,178,281,1,28736,1,120,1,2005559,1,613262,1,129081,1,4789602,1,13847,1,1919432,1,16252,4,957031,4,92039,4,525371,4,851646,8,1353952,108,17424,24,7014,1,413344,1,4208,1,0,0,0,0,0,0,558636,1,40338,1,5230,1,17051,1,36,1,9559,1,4521,1,17087,1,9559,1,48,1
472,7499300,4521,9559,28.990149,,0,11,9,108,45298,2345,5982,7454002,16,178,90,1,28115,1,210,1,2001541,1,718306,1,175722,1,4515790,1,14228,1,1630780,1,19528,4,1019803,4,111557,4,501455,4,810626,8,1284988,108,21111,24,6883,1,409506,1,3306,1,0,0,0,0,0,0,627811,1,74365,1,5110,1,17051,1,36,1,9559,1,4521,1,17087,1,9559,1,48,1
473,7438200,4520,9559,28.990149,,0,11,9,108,46209,2936,5641,7391991,16,178,210,1,34487,1,180,1,2048252,1,928215,1,241950,1,4125641,1,13055,1,1767246,1,15660,4,757072,4,88352,4,382554,4,698328,8,1058378,108,16863,24,7525,1,402022,1,3948,1,0,0,0,0,0,0,774546,1,130414,1,4679,1,17047,1,36,1,9559,1,4520,1,17083,1,9559,1,48,1
474,7160700,4520,9559,28.990149,,0,11,9,108,42221,1763,5451,7118479,16,178,591,1,28175,1,110,1,2031670,1,781429,1,201792,1,4061266,1,13446,1,1836601,1,14238,4,676585,4,82871,4,380089,4,662999,8,1022337,108,15300,24,6883,1,395900,1,3336,1,0,0,0,0,0,0,643210,1,116456,1,5751,1,17048,1,36,1,9559,1,4520,1,17084,1,9559,1,48,1
475,6338800,4519,9559,28.990149,,0,11,9,108,39393,1333,4789,6299407,16,178,190,1,28024,1,511,1,2000329,1,675453,1,160462,1,3421582,1,12855,1,1277995,1,13637,4,659953,4,81929,4,362124,4,682757,8,1024652,108,15440,24,6954,1,331595,1,3306,1,0,0,0,0,0,0,575980,1,86107,1,3717,1,17042,1,36,1,9559,1,4519,1,17078,1,9559,1,48,1
476,6257500,4519,9559,28.990149,,0,11,9,108,38259,1262,5100,6219241,16,178,80,1,28535,1,130,1,2002794,1,798933,1,151044,1,3225441,1,12284,1,1156048,1,13316,4,659853,4,81949,4,353347,4,650044,8,982841,108,15450,24,6372,1,300113,1,3136,1,0,0,0,0,0,0,750750,1,37673,1,3837,1,17046,1,36,1,9559,1,4519,1,17082,1,9559,1,48,1
477,6367500,4519,9559,28.990149,,0,11,9,108,40099,1333,4719,6327401,16,178,40,1,27473,1,110,1,2000229,1,738586,1,184769,1,3363389,1,12805,1,1230172,1,13967,4,721212,4,82160,4,360070,4,665153,8,1005284,108,15220,24,7454,1,278962,1,2906,1,0,0,0,0,0,0,647409,1,81609,1,4238,1,17047,1,36,1,9559,1,4519,1,17083,1,9559,1,48,1
478,6219800,4519,9559,28.990145,,0,11,9,108,38573,1693,4759,6181227,16,178,30,1,27694,1,60,1,2004026,1,581531,1,156274,1,3398908,1,12705,1,1156949,1,14137,4,717795,4,81539,4,389908,4,738636,8,1108194,108,15590,24,6883,1,288351,1,3016,1,0,0,0,0,0,0,539319,1,32954,1,4779,1,17045,1,36,1,9559,1,4519,1,17081,1,9559,1,48,1
479,6102900,4518,9559,28.99014,,0,11,9,108,37879,1763,5080,6065021,16,178,110,1,33255,1,100,1,2110293,1,572583,1,122238,1,3213888,1,12554,1,1022889,1,11813,4,666556,4,82520,4,393836,4,736943,8,1110369,108,15330,24,6743,1,287609,1,3216,1,0,0,0,0,0,0,538397,1,25179,1,3827,1,17046,1,36,1,9559,1,4518,1,17082,1,9559,1,48,1
480,5970300,4517,9559,28.99014,,0,11,9,108,45552,1373,4820,5924748,16,178,551,1,27263,1,80,1,2000279,1,641187,1,125654,1,3117330,1,12404,1,985055,1,13176,4,664442,4,86468,4,346504,4,678279,8,1004272,108,15691,24,6693,1,330583,1,4759,1,0,0,0,0,0,0,600818,1,28936,1,4859,1,17049,1,36,1,9559,1,4517,1,17085,1,9559,1,48,1
481,6079600,4516,9559,28.99014,,0,11,9,108,38786,1293,4970,6040814,16,178,110,1,28225,1,150,1,2037080,1,583384,1,123600,1,3252573,1,15691,1,1024762,1,12975,4,659883,4,81949,4,338708,4,640375,8,958994,108,15119,24,6272,1,479853,1,6503,1,0,0,0,0,0,0,539840,1,31932,1,4779,1,17048,1,36,1,9559,1,4516,1,17084,1,9559,1,48,1
482,6268900,4516,9559,28.99014,,0,11,9,108,37686,1523,4609,6231214,16,178,381,1,28946,1,110,1,2218132,1,631828,1,136596,1,3200883,1,14338,1,1042076,1,13065,4,661887,4,81689,4,347265,4,657158,8,984374,108,15440,24,6312,1,382894,1,7014,1,0,0,0,0,0,0,596089,1,27904,1,3737,1,17050,1,36,1,9559,1,4516,1,17086,1,9559,1,48,1
483,5998200,4516,9559,28.99014,,0,11,9,108,36430,1313,4810,5961770,16,178,271,1,28666,1,571,1,2018735,1,627620,1,122929,1,3151046,1,11933,1,1119617,1,13466,4,664101,4,82090,4,337666,4,656807,8,974324,108,15340,24,6623,1,266478,1,2886,1,0,0,0,0,0,0,585679,1,33786,1,3717,1,17050,1,36,1,9559,1,4516,1,17086,1,9559,1,48,1
484,6026300,4515,9559,28.99014,,0,11,9,108,36054,1313,4839,5990246,16,178,20,1,27393,1,351,1,2013244,1,601279,1,125163,1,3210672,1,12124,1,1154294,1,13536,4,662548,4,82450,4,343337,4,658831,8,981849,108,15480,24,6903,1,284573,1,2886,1,0,0,0,0,0,0,554859,1,34337,1,3827,1,17049,1,36,1,9559,1,4515,1,17085,1,9559,1,48,1
485,6184800,4516,9559,28.99014,,0,11,9,108,38741,1192,5040,6146059,16,178,40,1,26952,1,50,1,2012012,1,606659,1,129071,1,3358048,1,13226,1,1113375,1,13707,4,706584,4,82510,4,371683,4,757052,8,1108235,108,15460,24,9939,1,298590,1,3417,1,0,0,0,0,0,0,538427,1,55879,1,4799,1,17048,1,36,1,9559,1,4516,1,17084,1,9559,1,48,1
486,6255800,4514,9559,28.99014,,0,11,9,108,36980,1523,4719,6218820,16,178,100,1,27864,1,40,1,2013004,1,766711,1,145813,1,3253215,1,12073,1,1142561,1,13446,4,671315,4,82300,4,357385,4,673069,8,1010314,108,15420,24,6563,1,301887,1,3166,1,0,0,0,0,0,0,704199,1,49446,1,3827,1,17044,1,36,1,9559,1,4514,1,17080,1,9559,1,48,1
487,6194800,4514,9559,28.990133,,0,11,9,108,39864,1743,4639,6154936,16,178,160,1,33525,1,60,1,2049905,1,575789,1,126105,1,3354582,1,14809,1,1139075,1,13586,4,671576,4,86548,4,396170,4,753224,8,1127402,108,17354,24,7084,1,282279,1,3296,1,0,0,0,0,0,0,545851,1,22343,1,3878,1,17041,1,36,1,9559,1,4514,1,17077,1,9559,1,48,1
488,5972200,4514,9559,28.990128,,0,11,9,108,45548,1673,4338,5926652,16,178,10,1,32924,1,100,1,2006982,1,621148,1,130614,1,3122300,1,12574,1,1011767,1,14568,4,665804,4,87640,4,365000,4,637389,8,981418,108,16632,24,6984,1,327557,1,3918,1,0,0,0,0,0,0,573305,1,39837,1,3717,1,17045,1,36,1,9559,1,4514,1,17081,1,9559,1,48,1
489,6015900,4513,9559,28.990131,,0,11,9,108,39201,1383,4609,5976699,16,178,140,1,27143,1,90,1,2033483,1,576631,1,126937,1,3198087,1,14188,1,1024702,1,13356,4,663049,4,82480,4,355351,4,648701,8,984103,108,15340,24,6453,1,398785,1,3827,1,0,0,0,0,0,0,535631,1,31732,1,3847,1,17041,1,36,1,9559,1,4513,1,17077,1,9559,1,48,1
490,6179100,4513,9559,28.990131,,0,11,9,108,41748,1282,4829,6137352,16,178,70,1,27604,1,100,1,2008344,1,582272,1,126296,1,3377396,1,15270,1,994714,1,13025,4,662769,4,81689,4,311606,4,700262,8,990596,108,16442,24,15971,1,587432,1,8647,1,0,0,0,0,0,0,544058,1,27764,1,4789,1,17043,1,36,1,9559,1,4513,1,17079,1,9559,1,48,1
491,6429500,4514,9559,28.990131,,0,11,9,108,42042,1232,4749,6387458,16,178,291,1,33154,1,90,1,2208754,1,625686,1,144110,1,3361024,1,14348,1,1126921,1,13356,4,662077,4,83232,4,360771,4,648551,8,989133,108,15440,24,7384,1,451097,1,6402,1,0,0,0,0,0,0,583304,1,33886,1,3767,1,17043,1,36,1,9559,1,4514,1,17079,1,9559,1,48,1
492,6273700,4514,9559,28.990131,,0,11,9,108,43799,1493,4960,6229901,16,178,271,1,77451,1,90,1,2093650,1,706994,1,164610,1,3175003,1,11833,1,1134526,1,13456,4,658931,4,82480,4,354409,4,656025,8,990024,108,15450,24,6823,1,263883,1,2976,1,0,0,0,0,0,0,666686,1,30840,1,4869,1,17046,1,36,1,9559,1,4514,1,17082,1,9559,1,48,1
493,6068100,4514,9559,28.990131,,0,11,9,108,38888,1232,4669,6029212,16,178,150,1,26532,1,60,1,2003124,1,662157,1,126927,1,3198458,1,11803,1,1168662,1,13075,4,660063,4,81779,4,351574,4,634794,8,966269,108,15430,24,6743,1,277670,1,2866,1,0,0,0,0,0,0,618202,1,34126,1,3767,1,17043,1,36,1,9559,1,4514,1,17079,1,9559,1,48,1
494,6577200,4513,9559,28.99013,,0,11,9,108,50020,1262,5040,6527180,16,173,631,1,32744,1,60,1,2144780,1,667548,1,349299,1,3320275,1,11843,1,1260310,1,13426,4,660494,4,81769,4,348207,4,664392,8,992089,108,15470,24,6994,1,280405,1,3016,1,0,0,0,0,0,0,607000,1,44376,1,9569,1,17043,1,36,1,9559,1,4513,1,17079,1,9559,1,48,1
495,5976400,4514,9559,28.990126,,0,11,9,108,37734,1453,4739,5938666,16,178,100,1,27163,1,60,1,2003215,1,604305,1,143469,1,3148160,1,12194,1,1094107,1,13476,4,659091,4,81919,4,345171,4,668640,8,993672,108,15400,24,6653,1,274514,1,3136,1,0,0,0,0,0,0,565349,1,29317,1,4839,1,17051,1,36,1,9559,1,4514,1,17087,1,9559,1,48,1
496,6365600,4514,9559,28.990126,,0,11,9,108,46194,1443,4619,6319406,16,178,120,1,26752,1,321,1,2002213,1,589166,1,157386,1,3530824,1,12625,1,1150887,1,15731,4,891894,4,94033,4,405548,4,658460,8,1042086,108,17304,24,6823,1,303059,1,2946,1,0,0,0,0,0,0,546813,1,33395,1,4579,1,17050,1,36,1,9559,1,4514,1,17086,1,9559,1,48,1
497,6077100,4515,9559,28.990126,,0,11,9,108,36957,1723,4499,6040143,16,178,361,1,27113,1,40,1,2003395,1,568866,1,123330,1,3304985,1,12053,1,1092003,1,12414,4,717765,4,81018,4,395238,4,705892,8,1081302,108,15330,24,7485,1,288331,1,3116,1,0,0,0,0,0,0,532084,1,27173,1,4078,1,17049,1,36,1,9559,1,4515,1,17085,1,9559,1,48,1
498,5852100,4514,9559,28.990126,,0,11,9,108,37616,1293,4739,5814484,16,178,20,1,27373,1,150,1,2000058,1,566732,1,122949,1,3084166,1,13035,1,983121,1,13807,4,658721,4,82671,4,343287,4,677627,8,1001006,108,15169,24,6933,1,312187,1,4519,1,0,0,0,0,0,0,529519,1,27193,1,4739,1,17050,1,36,1,9559,1,4514,1,17086,1,9559,1,48,1
499,5986700,4515,9559,28.990126,,0,11,9,108,38947,1333,4459,5947753,16,178,40,1,27253,1,190,1,2017653,1,579457,1,123410,1,3184231,1,15520,1,1006487,1,13296,4,659001,4,80957,4,354950,4,639102,8,973673,108,15921,24,11072,1,412402,1,5631,1,0,0,0,0,0,0,537295,1,32373,1,3928,1,17047,1,36,1,9559,1,4515,1,17083,1,9559,1,48,1
