step,wall_ns,manifolds,pairs,top_y,awake,void,colors,wide_colors,waves,g_ns,u_ns,r_ns,sys_sum_ns,disp_lane,worker_lane_max,sys_physics_integrate_ns,sys_physics_integrate_n,sys_physics_gather_ns,sys_physics_gather_n,sys_select_broadphase_ns,sys_select_broadphase_n,sys_physics_broadphase_ns,sys_physics_broadphase_n,sys_physics_narrowphase_ns,sys_physics_narrowphase_n,sys_physics_build_graph_ns,sys_physics_build_graph_n,sys_physics_solve_colored_ns,sys_physics_solve_colored_n,sys_physics_apply_ns,sys_physics_apply_n,phys_solve_build_ns,phys_solve_build_n,phys_gravity_ns,phys_gravity_n,phys_warm_apply_ns,phys_warm_apply_n,phys_integrate_ns,phys_integrate_n,phys_pass_biased_ns,phys_pass_biased_n,phys_pass_relax_ns,phys_pass_relax_n,phys_color_wide_ns,phys_color_wide_n,phys_color_narrow_ns,phys_color_narrow_n,phys_restitution_ns,phys_restitution_n,phys_store_ns,phys_store_n,phys_write_back_ns,phys_write_back_n,phys_sleep_begin_ns,phys_sleep_begin_n,phys_sleep_freeze_ns,phys_sleep_freeze_n,phys_sleep_end_ns,phys_sleep_end_n,phys_np_dispatch_ns,phys_np_dispatch_n,phys_np_compact_ns,phys_np_compact_n,phys_np_axis_commit_ns,phys_np_axis_commit_n,phys_bp_verify_ns,phys_bp_verify_n,phys_bp_build_ns,phys_bp_build_n,phys_bp_query_ns,phys_bp_query_n,phys_bp_assemble_ns,phys_bp_assemble_n,phys_slots_wide,phys_slots_wide_n,phys_slots_narrow,phys_slots_narrow_n,phys_np_pairs,phys_np_pairs_n,phys_np_manifolds,phys_np_manifolds_n,phys_np_points,phys_np_points_n,phys_bp_pairs,phys_bp_pairs_n,phys_np_chunks,phys_np_chunks_n,phys_bp_queried,phys_bp_queried_n,phys_bp_members,phys_bp_members_n,phys_bp_rebuilds,phys_bp_rebuilds_n,phys_np_reused,phys_np_reused_n,phys_np_sep_hits,phys_np_sep_hits_n,phys_np_full,phys_np_full_n
0,6309700,4495,9570,35.998295,1240,0,9,9,108,123557,18766,5651,6186143,16,166,922,1,163904,1,1212,1,593517,1,1318015,1,232075,1,3864284,1,12213,1,804421,1,18055,4,596874,4,92838,4,776307,4,1470397,8,2241054,108,0,0,11011,1,52020,1,3497,1,11923,1,2294,2,5881,1,910444,1,177169,1,76857,1,79763,1,92527,1,360751,1,54194,1,17980,1,0,1,9570,1,4495,1,17980,1,9570,1,48,1,1241,1,0,1,0,1,0,1,0,1,9570,1
1,4722500,4300,9570,35.993866,1240,0,9,8,96,39876,1583,2776,4682624,16,168,771,1,47782,1,120,1,397001,1,456690,1,152883,1,3615804,1,11572,1,558029,1,14488,4,673631,4,86245,4,745414,4,1486508,8,2204019,96,25128,12,3236,1,28735,1,2976,1,7013,1,2034,2,5911,1,406454,1,32793,1,5020,1,13075,1,28515,1,296288,1,58743,1,16277,1,27,1,9570,1,4300,1,16304,1,9570,1,48,1,1241,1,0,1,0,1,4495,1,5075,1,0,1
2,3962900,4339,9570,35.986713,1240,0,9,8,96,41246,1623,2535,3921654,16,168,792,1,35458,1,751,1,358627,1,152713,1,139608,1,3222955,1,10751,1,429814,1,13346,4,498385,4,81306,4,705662,4,1436883,8,2105614,96,34396,12,3366,1,37822,1,2896,1,4899,1,1423,2,5531,1,112105,1,24407,1,4569,1,19898,1,26982,1,269206,1,41489,1,16269,1,36,1,9570,1,4339,1,16305,1,9570,1,48,1,1240,1,1,1,1,1,4495,1,5075,1,0,1
3,3475000,4335,9570,35.976837,1240,0,9,8,96,33125,1443,1964,3441875,16,168,271,1,26731,1,120,1,276319,1,157832,1,93890,1,2876281,1,10430,1,338539,1,13877,4,497593,4,78250,4,648633,4,1252520,8,1873820,96,25369,12,3747,1,27613,1,3126,1,3837,1,1353,2,5751,1,120321,1,25449,1,3256,1,5100,1,24266,1,217176,1,27252,1,16306,1,30,1,9570,1,4335,1,16336,1,9570,1,48,1,1240,1,1,1,0,1,4495,1,5075,1,0,1
4,4361500,4329,9570,35.964233,1240,0,9,8,96,41863,1403,2715,4319637,16,168,150,1,35859,1,70,1,357575,1,153895,1,139798,1,3618935,1,13356,1,397251,1,17403,4,732003,4,89371,4,739297,4,1587653,8,2291251,96,32983,12,3286,1,35408,1,2916,1,4789,1,1773,2,6382,1,116012,1,21561,1,4689,1,14999,1,28144,1,274075,1,39977,1,16296,1,31,1,9570,1,4329,1,16327,1,9570,1,48,1,1240,1,1,1,0,1,4495,1,5075,1,0,1
5,3960800,4324,9570,35.948902,1240,0,9,8,96,33655,1573,2264,3927145,16,168,70,1,32633,1,230,1,362515,1,150102,1,119539,1,3251395,1,10660,1,397842,1,13526,4,711353,4,85644,4,683199,4,1295647,8,1952136,96,24447,12,5521,1,37943,1,4468,1,4789,1,1643,2,8246,1,112971,1,23064,1,3837,1,6583,1,25950,1,280948,1,45317,1,16313,1,28,1,9570,1,4324,1,16341,1,9570,1,48,1,1240,1,1,1,0,1,4495,1,5075,1,0,1
6,3805400,4326,9570,35.93085,1240,0,9,8,96,34605,1693,2274,3770795,16,168,60,1,31581,1,40,1,285006,1,145989,1,142864,1,3154444,1,10811,1,477715,1,14137,4,617403,4,80154,4,658281,4,1255796,8,1885282,96,26521,12,3577,1,29717,1,3166,1,5040,1,2064,2,5701,1,107967,1,21702,1,4649,1,6312,1,26020,1,222035,1,28805,1,16318,1,31,1,9570,1,4326,1,16349,1,9570,1,48,1,1240,1,1,1,0,1,4495,1,5075,1,0,1
7,3605300,4319,9570,35.910072,1240,0,9,8,96,36472,1222,2024,3568828,16,168,611,1,31460,1,140,1,275869,1,146871,1,117004,1,2986362,1,10510,1,376191,1,12975,4,550605,4,79372,4,657340,4,1267078,8,1898959,96,23435,12,3537,1,23645,1,2976,1,4198,1,1714,2,5511,1,107055,1,22463,1,4358,1,6092,1,25809,1,207468,1,36039,1,16316,1,27,1,9570,1,4319,1,16343,1,9570,1,48,1,1240,1,1,1,0,1,4495,1,5075,1,0,1
8,3580700,4316,9570,35.88657,1240,0,9,8,96,35457,1243,2174,3545243,16,168,100,1,26801,1,70,1,258255,1,175667,1,107356,1,2966444,1,10550,1,369047,1,12905,4,507693,4,79352,4,662850,4,1286766,8,1924147,96,23295,12,3847,1,27663,1,3146,1,4899,1,1313,2,5721,1,135089,1,27483,1,3296,1,4819,1,22343,1,203770,1,27132,1,16293,1,27,1,9570,1,4316,1,16320,1,9570,1,48,1,1240,1,1,1,0,1,4495,1,5075,1,0,1
9,3406800,4312,9570,35.86034,1240,0,9,8,96,33236,1212,2165,3373564,16,168,281,1,27433,1,160,1,259147,1,133506,1,92978,1,2849640,1,10420,1,298302,1,12193,4,501321,4,79532,4,652240,4,1265695,8,1899989,96,15780,12,3477,1,22072,1,3046,1,3687,1,1393,2,5470,1,104771,1,16872,1,3276,1,4809,1,22613,1,204291,1,27192,1,16297,1,18,1,9570,1,4312,1,16315,1,9570,1,48,1,1240,1,1,1,0,1,4495,1,5075,1,0,1
10,3567800,4307,9570,35.831387,1240,0,9,8,96,50070,1453,2806,3517730,16,167,160,1,26972,1,50,1,257533,1,152552,1,99531,1,2970051,1,10881,1,348518,1,12424,4,515598,4,78931,4,673210,4,1295132,8,1953011,96,12524,12,3216,1,27773,1,2916,1,3697,1,1473,2,5711,1,115381,1,25218,1,3276,1,4769,1,21311,1,203650,1,27553,1,16300,1,14,1,9570,1,4307,1,16314,1,9570,1,48,1,1240,1,1,1,0,1,4495,1,5075,1,0,1
11,3425200,4307,9570,35.79971,1240,0,9,8,96,33882,1273,2144,3391318,16,168,170,1,26621,1,70,1,255900,1,132684,1,90964,1,2874207,1,10701,1,293122,1,12003,4,501441,4,79172,4,656768,4,1290052,8,1935418,96,9258,12,3497,1,22824,1,3577,1,3677,1,1333,2,5470,1,103949,1,17043,1,3256,1,4769,1,21261,1,202238,1,27372,1,16310,1,10,1,9570,1,4307,1,16320,1,9570,1,48,1,1240,1,1,1,0,1,4495,1,5075,1,0,1
12,3563900,4306,9570,35.765305,1240,0,9,8,96,37243,1162,2164,3526657,16,168,110,1,27643,1,20,1,255560,1,153033,1,109480,1,2970281,1,10530,1,366502,1,12825,4,534564,4,79332,4,655296,4,1277678,8,1918045,96,12764,12,3487,1,24928,1,3006,1,3938,1,1513,2,6052,1,116744,1,23014,1,3517,1,4759,1,21982,1,200925,1,27553,1,16316,1,14,1,9570,1,4306,1,16330,1,9570,1,48,1,1240,1,1,1,0,1,4495,1,5075,1,0,1
13,3494500,4306,9570,35.728176,1240,0,9,8,96,33148,1323,2195,3461352,16,168,100,1,26711,1,120,1,251522,1,136411,1,90283,1,2943570,1,12634,1,292430,1,11662,4,512963,4,79122,4,670174,4,1323125,8,1979863,96,11242,12,6202,1,31019,1,4388,1,3787,1,1353,2,6022,1,108358,1,16411,1,3236,1,4699,1,21070,1,198580,1,27022,1,16323,1,12,1,9570,1,4306,1,16335,1,9570,1,48,1,1240,1,1,1,0,1,4495,1,5075,1,0,1
14,3531200,4307,9570,35.688324,1240,0,9,8,96,35141,1262,2144,3496059,16,168,60,1,27222,1,621,1,259948,1,138786,1,102827,1,2955834,1,10761,1,353277,1,12484,4,525818,4,79562,4,663321,4,1269793,8,1916662,96,14307,12,4228,1,30468,1,3537,1,4338,1,1493,2,6252,1,106264,1,20099,1,3306,1,4829,1,22233,1,201737,1,31009,1,16324,1,16,1,9570,1,4307,1,16340,1,9570,1,48,1,1240,1,1,1,0,1,4495,1,5075,1,0,1
15,3605300,4306,9570,35.64575,1240,0,9,8,96,35550,1453,2515,3569750,16,168,80,1,26902,1,60,1,259137,1,137333,1,102787,1,3032721,1,10731,1,317358,1,12113,4,516440,4,82077,4,722875,4,1327093,8,2030811,96,16642,12,4128,1,34356,1,3397,1,3767,1,1302,2,6362,1,108137,1,16702,1,3296,1,4829,1,22323,1,201075,1,30739,1,16319,1,18,1,9570,1,4306,1,16337,1,9570,1,48,1,1240,1,1,1,0,1,4495,1,5075,1,0,1
16,3464800,4303,9570,35.600445,1240,0,9,8,96,32704,1272,2125,3432096,16,168,60,1,26641,1,210,1,268685,1,144377,1,94040,1,2887483,1,10600,1,333980,1,12284,4,510037,4,79332,4,652681,4,1253592,8,1888207,96,15941,12,3286,1,27473,1,2946,1,3757,1,1313,2,5531,1,108057,1,22683,1,4318,1,4899,1,22844,1,212407,1,28354,1,16322,1,18,1,9570,1,4303,1,16340,1,9570,1,48,1,1240,1,1,1,0,1,4495,1,5075,1,0,1
17,3665300,4298,9570,35.552414,1240,0,9,8,96,32028,1222,2165,3633272,16,168,70,1,27202,1,90,1,264777,1,135991,1,98709,1,3095471,1,10961,1,308591,1,12975,4,517962,4,79953,4,696194,4,1428056,8,2107187,96,14899,12,3697,1,32863,1,3176,1,3697,1,1453,2,5631,1,107356,1,16512,1,3286,1,4759,1,22243,1,210153,1,27262,1,16320,1,16,1,9570,1,4298,1,16336,1,9570,1,48,1,1240,1,1,1,0,1,4495,1,5075,1,0,1
18,3452600,4298,9570,35.501663,1240,0,9,8,96,30002,1182,2104,3422598,16,168,70,1,26922,1,110,1,261221,1,146401,1,90784,1,2886611,1,10480,1,322478,1,12294,4,512672,4,78761,4,654193,4,1256257,8,1894029,96,14317,12,4068,1,30188,1,3356,1,3637,1,1292,2,6232,1,110772,1,22393,1,4328,1,4849,1,23555,1,204812,1,27192,1,16318,1,16,1,9570,1,4298,1,16334,1,9570,1,48,1,1240,1,1,1,0,1,4495,1,5075,1,0,1
19,3709900,4297,9570,35.448185,1240,0,9,8,96,32915,1272,2376,3676985,16,168,70,1,27703,1,70,1,261401,1,134458,1,103799,1,3138614,1,10871,1,335463,1,13075,4,529825,4,80514,4,780465,4,1342623,8,2109771,96,10941,12,4439,1,35197,1,3807,1,3887,1,1513,2,6533,1,104811,1,17073,1,3296,1,4749,1,23225,1,202989,1,30228,1,16322,1,12,1,9570,1,4297,1,16334,1,9570,1,48,1,1240,1,1,1,0,1,4495,1,5075,1,0,1
20,4648200,5077,9570,35.391983,1240,0,14,12,144,31284,1403,4359,4616916,16,228,70,1,27012,1,70,1,264367,1,245320,1,131712,1,3937775,1,10590,1,460302,1,12394,4,608666,4,78571,4,911366,4,1800640,8,2518525,144,189122,24,3928,1,46189,1,2946,1,4228,1,1433,2,5711,1,179895,1,44024,1,9528,1,5611,1,24016,1,203790,1,30689,1,19225,1,232,1,9570,1,5077,1,19457,1,9570,1,48,1,1240,1,1,1,0,1,4495,1,4291,1,784,1
21,4825300,4687,9570,35.333054,1240,0,13,10,120,37470,1844,8587,4787830,16,213,40,1,26912,1,40,1,333709,1,309463,1,161937,1,3942394,1,13336,1,647521,1,13847,4,686766,4,78931,4,862272,4,1589405,8,2189665,120,253426,36,3386,1,42622,1,2906,1,5110,1,2044,2,5741,1,267743,1,21712,1,8186,1,14007,1,25669,1,255650,1,37903,1,16937,1,281,1,9570,1,4687,1,17218,1,9570,1,48,1,1240,1,1,1,0,1,2756,1,4291,1,2523,1
22,4459800,4536,9570,35.2714,1240,0,12,10,120,37817,2004,4209,4421983,16,204,30,1,39626,1,150,1,360581,1,336976,1,170958,1,3500908,1,12754,1,368025,1,12865,4,520056,4,89852,4,790845,4,1628150,8,2295678,120,119108,24,4328,1,67539,1,5681,1,4078,1,1302,2,6182,1,284736,1,26791,1,8085,1,7745,1,27693,1,278594,1,46279,1,16654,1,137,1,9570,1,4536,1,16791,1,9570,1,48,1,1240,1,1,1,0,1,2756,1,4748,1,2066,1
23,4182700,4464,9570,35.207024,1240,0,12,10,120,34281,1593,4199,4148419,16,204,381,1,29166,1,230,1,285888,1,346083,1,129268,1,3345921,1,11482,1,481322,1,12965,4,514346,4,79502,4,733265,4,1458705,8,2126414,120,61358,24,3907,1,44776,1,2926,1,5501,1,1353,2,5761,1,275648,1,48553,1,6893,1,5721,1,26050,1,224119,1,29366,1,16487,1,73,1,9570,1,4464,1,16560,1,9570,1,48,1,1240,1,1,1,0,1,2756,1,4935,1,1879,1
24,4467600,4397,9570,35.13992,1240,0,12,9,108,33594,1423,4138,4434006,16,204,40,1,27302,1,110,1,276139,1,274686,1,101625,1,3741960,1,12143,1,403643,1,12915,4,573940,4,83079,4,896327,4,1705277,8,2346867,108,250600,36,4398,1,45838,1,3537,1,3847,1,1373,2,6362,1,235141,1,22373,1,4839,1,4809,1,25439,1,217336,1,28224,1,16064,1,305,1,9570,1,4397,1,16369,1,9570,1,48,1,1240,1,1,1,0,1,2756,1,5015,1,1799,1
25,4262200,4359,9570,35.07009,1240,0,11,9,108,35551,1703,3717,4226649,16,192,90,1,27954,1,120,1,276089,1,293552,1,134638,1,3480299,1,13907,1,443109,1,12304,4,541057,4,78871,4,795845,4,1517718,8,2130632,108,179213,24,5541,1,65636,1,6272,1,4178,1,1653,2,6412,1,240090,1,35328,1,5050,1,5330,1,25639,1,214200,1,30448,1,16056,1,209,1,9570,1,4359,1,16265,1,9570,1,48,1,1240,1,1,1,0,1,2757,1,5097,1,1716,1
26,4964000,4312,9570,34.997536,1240,0,11,9,108,39414,2174,4739,4924586,16,192,130,1,33003,1,80,1,288172,1,431522,1,152502,1,4007373,1,11803,1,582777,1,16732,4,870728,4,103047,4,840245,4,1534480,8,2210771,108,159215,24,3988,1,35678,1,2986,1,5691,1,3006,2,5841,1,351028,1,56989,1,5581,1,7324,1,28966,1,220172,1,30989,1,15990,1,179,1,9570,1,4312,1,16169,1,9570,1,48,1,1240,1,1,1,0,1,2756,1,5145,1,1669,1
27,4198000,4295,9570,34.92226,1240,0,11,9,108,34352,1403,3948,4163648,16,192,110,1,27994,1,170,1,272081,1,234489,1,101815,1,3515356,1,11632,1,381190,1,14247,4,566736,4,82037,4,851592,4,1547706,8,2262425,108,132925,24,5270,1,46699,1,4348,1,3918,1,1844,2,8366,1,197819,1,20409,1,4529,1,4799,1,24888,1,212878,1,29196,1,15966,1,157,1,9570,1,4295,1,16123,1,9570,1,48,1,1240,1,1,1,0,1,2756,1,5196,1,1618,1
28,5285100,4934,9570,34.844257,1240,0,14,11,132,44103,15760,5511,5240997,16,228,401,1,34576,1,150,1,327588,1,362154,1,177400,1,4324541,1,14187,1,541077,1,13997,4,602084,4,89261,4,942917,4,1972334,8,2569067,132,340673,36,18676,1,109289,1,5991,1,3877,1,1473,2,7805,1,287711,1,46990,1,10690,1,7164,1,27673,1,253576,1,38023,1,18359,1,400,1,9570,1,4934,1,18759,1,9570,1,48,1,1240,1,1,1,0,1,2761,1,4556,1,2253,1
29,5262700,4786,9570,34.763527,1240,0,15,11,132,39101,1873,5572,5223599,16,240,351,1,36510,1,210,1,342025,1,507478,1,252404,1,4072899,1,11722,1,671717,1,13366,4,676476,4,79663,4,829850,4,1715211,8,2337683,132,201807,48,4398,1,61488,1,3316,1,7755,1,1774,2,6012,1,433075,1,40417,1,12063,1,7775,1,29567,1,263495,1,40498,1,17137,1,243,1,9570,1,4786,1,17380,1,9570,1,48,1,1240,1,1,1,0,1,2156,1,4210,1,3204,1
30,4809700,4665,9570,34.680073,1240,0,14,11,132,36915,1884,5120,4772785,16,228,170,1,29226,1,60,1,279065,1,485570,1,149106,1,3818196,1,11392,1,589950,1,14879,4,650116,4,86486,4,848155,4,1560510,8,2271512,132,132033,36,3427,1,46439,1,2936,1,5120,1,2354,2,5941,1,425806,1,37903,1,7384,1,6272,1,26992,1,215262,1,30088,1,16875,1,161,1,9570,1,4665,1,17036,1,9570,1,48,1,1240,1,1,1,0,1,2156,1,4524,1,2890,1
31,4575000,4617,9570,34.593895,1240,0,14,11,132,36334,1343,5392,4538666,16,228,10,1,27403,1,200,1,277592,1,324592,1,110251,1,3787016,1,11602,1,424263,1,13125,4,594720,4,85053,4,881820,4,1721889,8,2437589,132,160728,36,4759,1,44445,1,3627,1,3857,1,1443,2,6673,1,283133,1,21892,1,5751,1,5440,1,24617,1,219370,1,27763,1,16641,1,196,1,9570,1,4617,1,16837,1,9570,1,48,1,1240,1,1,1,0,1,2156,1,4741,1,2673,1
32,4141100,4578,9570,34.504993,1240,0,14,11,132,37587,1132,5551,4103513,16,228,10,1,27382,1,130,1,277472,1,361944,1,115752,1,3309862,1,10961,1,409865,1,12294,4,528092,4,79773,4,741060,4,1462723,8,2054837,132,143395,36,4108,1,56268,1,3276,1,3867,1,1413,2,5991,1,318751,1,24958,1,5090,1,5420,1,25168,1,215713,1,30939,1,16423,1,174,1,9570,1,4578,1,16597,1,9570,1,48,1,1240,1,1,1,0,1,2156,1,4836,1,2578,1
33,4566700,4536,9570,34.413364,1240,0,14,10,120,35708,1242,5061,4530992,16,228,40,1,28194,1,20,1,276500,1,346815,1,133676,1,3734906,1,10841,1,427389,1,14798,4,647310,4,86486,4,845370,4,1656264,8,2167132,120,329441,48,3697,1,33214,1,3126,1,8486,1,1453,2,6072,1,286309,1,42061,1,5140,1,5921,1,28034,1,213148,1,29186,1,16013,1,407,1,9570,1,4536,1,16420,1,9570,1,48,1,1240,1,1,1,0,1,2156,1,4905,1,2509,1
34,4699500,5039,9570,34.31901,1240,0,14,11,132,31606,1213,5020,4667894,16,228,180,1,27413,1,180,1,266631,1,339340,1,131031,1,3892138,1,10981,1,394105,1,13195,4,582246,4,80825,4,947826,4,1813565,8,2432821,132,323550,36,4408,1,40788,1,2915,1,3867,1,1403,2,5781,1,292841,1,23024,1,9709,1,4970,1,22954,1,210884,1,27563,1,18101,1,392,1,9570,1,5039,1,18493,1,9570,1,48,1,1240,1,1,1,0,1,2157,1,4383,1,3030,1
35,4286300,4827,9570,34.221935,1240,0,14,11,132,35255,1363,4900,4251045,16,228,160,1,27473,1,100,1,276580,1,387923,1,121763,1,3426235,1,10811,1,414093,1,12424,4,540065,4,79442,4,783571,4,1539239,8,2153626,132,164285,36,4128,1,37432,1,3486,1,3847,1,1333,2,5811,1,341484,1,24958,1,7334,1,4919,1,22273,1,221084,1,27913,1,16826,1,199,1,9570,1,4827,1,17025,1,9570,1,48,1,1240,1,1,1,0,1,1650,1,4170,1,3750,1
36,4299700,4630,9570,34.12213,1240,0,13,10,120,34437,2044,5962,4265263,16,216,100,1,27593,1,70,1,281489,1,384918,1,115351,1,3444951,1,10791,1,427619,1,13115,4,516690,4,79843,4,796616,4,1552385,8,2030580,120,312459,36,3497,1,38955,1,2946,1,3897,1,1433,2,5911,1,331064,1,31320,1,6953,1,4799,1,23655,1,223047,1,29767,1,15924,1,381,1,9570,1,4630,1,16305,1,9570,1,48,1,1240,1,1,1,0,1,1650,1,4422,1,3498,1
37,4196300,4510,9570,34.019604,1240,0,13,10,120,32502,1172,5181,4163798,16,216,130,1,26902,1,80,1,274446,1,345993,1,110672,1,3394805,1,10771,1,369999,1,12233,4,497864,4,80755,4,892340,4,1485566,8,2154608,120,218118,36,3407,1,37322,1,3226,1,3767,1,1363,2,5791,1,305816,1,18185,1,6482,1,4659,1,23816,1,218198,1,27593,1,15468,1,267,1,9570,1,4510,1,15735,1,9570,1,48,1,1240,1,1,1,0,1,1651,1,4643,1,3276,1
38,3934800,4408,9570,33.91435,1240,0,13,10,120,32713,1183,4889,3902087,16,216,100,1,27082,1,40,1,270869,1,329010,1,110462,1,3153913,1,10610,1,362655,1,12464,4,491502,4,79442,4,728716,4,1427145,8,1945618,120,205353,36,3928,1,32532,1,3156,1,4068,1,1343,2,5781,1,282571,1,22854,1,6663,1,4949,1,22944,1,214401,1,28324,1,15140,1,253,1,9570,1,4408,1,15393,1,9570,1,48,1,1240,1,1,1,0,1,1667,1,4873,1,3030,1
39,4534100,4880,9570,33.806374,1240,0,14,11,132,32845,1353,5732,4501255,16,228,90,1,26831,1,50,1,269186,1,358297,1,128146,1,3707404,1,11252,1,373375,1,30298,4,569882,4,80234,4,912949,4,1677184,8,2326828,132,257574,36,4408,1,43083,1,3597,1,3777,1,1433,2,5831,1,310785,1,20409,1,10340,1,4699,1,23134,1,213750,1,27392,1,16972,1,316,1,9570,1,4880,1,17288,1,9570,1,48,1,1240,1,1,1,0,1,1677,1,4489,1,3404,1
40,4620000,4979,9570,33.69567,1240,0,14,11,132,34624,1352,4820,4585376,16,228,90,1,27503,1,130,1,273093,1,421708,1,129759,1,3722422,1,10670,1,440123,1,13105,4,553961,4,79663,4,856722,4,1680660,8,2320676,132,211886,36,5601,1,75595,1,4569,1,3807,1,1353,2,5911,1,368095,1,26851,1,11262,1,4970,1,23505,1,216625,1,27693,1,16970,1,251,1,9570,1,4979,1,17221,1,9570,1,48,1,1240,1,1,1,0,1,1236,1,3941,1,4393,1
41,4570700,4855,9570,33.58224,1240,0,14,11,132,33887,1413,5240,4536813,16,228,100,1,27292,1,210,1,273173,1,417209,1,148535,1,3659332,1,10961,1,480841,1,13075,4,571024,4,79873,4,838507,4,1616517,8,2183794,132,265990,36,3176,1,40317,1,2906,1,4499,1,1653,2,5531,1,365540,1,26361,1,8336,1,4799,1,23405,1,216465,1,28184,1,16229,1,324,1,9570,1,4855,1,16553,1,9570,1,48,1,1240,1,1,1,0,1,1241,1,4196,1,4133,1
42,4464300,4689,9570,33.466087,1240,0,15,10,120,44591,1583,8958,4419709,16,240,160,1,35718,1,70,1,317258,1,358086,1,158594,1,3536536,1,13285,1,443881,1,13025,4,511470,4,79522,4,827385,4,1601018,8,2028717,120,390729,60,4008,1,39816,1,3036,1,4449,1,1463,2,5881,1,309132,1,22954,1,7875,1,16421,1,26290,1,237986,1,35989,1,15337,1,474,1,9570,1,4689,1,15811,1,9570,1,48,1,1240,1,1,1,0,1,1278,1,4489,1,3803,1
43,4603700,4655,9570,33.34721,1240,0,14,10,120,41644,1493,9298,4562056,16,228,160,1,33093,1,140,1,327377,1,378620,1,146390,1,3663199,1,13075,1,433962,1,14999,4,545205,4,80164,4,838246,4,1687664,8,2105203,120,411408,48,4358,1,41479,1,3707,1,4298,1,1693,2,5931,1,331149,1,22453,1,6923,1,13496,1,26130,1,248386,1,38584,1,15071,1,491,1,9570,1,4655,1,15562,1,9570,1,48,1,1240,1,1,1,0,1,1283,1,4672,1,3615,1
44,4640600,5072,9570,33.22561,1240,0,14,12,144,33993,1292,5701,4606607,16,228,591,1,33043,1,210,1,316406,1,432288,1,169234,1,3643902,1,10931,1,448179,1,12714,4,555815,4,79412,4,842514,4,1642798,8,2320756,144,158854,24,3817,1,42962,1,2865,1,4579,1,1383,2,5571,1,369378,1,30819,1,11562,1,6522,1,25870,1,244719,1,38614,1,17087,1,192,1,9570,1,5072,1,17279,1,9570,1,48,1,1240,1,1,1,0,1,1383,1,4323,1,3864,1
45,4782000,5053,9570,33.10128,1240,0,14,12,144,35375,1684,11192,4746625,16,228,501,1,30709,1,70,1,301027,1,439642,1,177089,1,3784071,1,13516,1,544824,1,13897,4,561917,4,83780,4,838096,4,1664309,8,2353129,144,138085,24,5901,1,52641,1,3116,1,6142,1,1573,2,6192,1,385559,1,23515,1,13326,1,5811,1,26020,1,232656,1,36139,1,17008,1,164,1,9570,1,5053,1,17172,1,9570,1,48,1,1240,1,1,1,0,1,907,1,3904,1,4759,1
46,4809600,4767,9570,32.974224,1240,0,14,11,132,34110,1793,5501,4775490,16,228,531,1,32502,1,160,1,321276,1,426357,1,160017,1,3822514,1,12133,1,473838,1,14748,4,519425,4,95804,4,970093,4,1670436,8,2443061,132,191968,36,5641,1,53052,1,4298,1,4288,1,1443,2,7655,1,374728,1,24086,1,9919,1,6252,1,26861,1,249979,1,37812,1,15752,1,224,1,9570,1,4767,1,15976,1,9570,1,48,1,1240,1,1,1,0,1,905,1,4118,1,4547,1
47,4287100,4624,9570,32.844448,1240,0,14,11,132,34672,1563,5621,4252428,16,228,291,1,27974,1,120,1,293883,1,431617,1,128586,1,3359187,1,10771,1,489929,1,12704,4,496271,4,82037,4,746210,4,1465588,8,2082911,132,123266,36,3587,1,46078,1,2946,1,4589,1,1413,2,6272,1,367164,1,35067,1,9298,1,5561,1,25759,1,228628,1,33394,1,15050,1,148,1,9570,1,4624,1,15198,1,9570,1,48,1,1240,1,1,1,0,1,967,1,4489,1,4114,1
48,4597300,4898,9570,32.711945,1240,0,15,11,132,34708,1322,5931,4562592,16,240,40,1,27483,1,60,1,291929,1,428912,1,136552,1,3666145,1,11472,1,492884,1,13997,4,541778,4,79733,4,834790,4,1638339,8,2208612,132,258585,48,4178,1,44495,1,3086,1,4068,1,1403,2,6072,1,375520,1,20780,1,11773,1,4899,1,23645,1,234790,1,28324,1,16050,1,317,1,9570,1,4898,1,16367,1,9570,1,48,1,1240,1,1,1,0,1,1098,1,4346,1,4126,1
49,4715400,5015,9570,32.576717,1240,0,14,11,132,33489,1323,4880,4681911,16,228,170,1,26551,1,170,1,288453,1,454140,1,132253,1,3769403,1,10771,1,452607,1,13736,4,562207,4,81927,4,899954,4,1687523,8,2357427,132,225171,36,4158,1,50367,1,3837,1,3717,1,1453,2,6593,1,400878,1,23575,1,12364,1,4909,1,23615,1,227306,1,32232,1,16568,1,267,1,9570,1,5015,1,16835,1,9570,1,48,1,1240,1,1,1,0,1,687,1,3941,1,4942,1
50,4385600,4836,9570,32.438763,1240,0,13,11,132,31688,1453,5701,4353912,16,216,100,1,27753,1,20,1,281890,1,418532,1,130320,1,3484797,1,10500,1,469279,1,13356,4,525677,4,80053,4,788982,4,1544920,8,2197951,132,130250,24,3968,1,43073,1,2896,1,3918,1,1372,2,5851,1,363617,1,28625,1,8657,1,5010,1,24266,1,224781,1,27603,1,16027,1,155,1,9570,1,4836,1,16182,1,9570,1,48,1,1240,1,1,1,0,1,662,1,4246,1,4662,1
51,4577700,4704,9570,32.298084,1240,0,13,10,120,36228,1423,5551,4541472,16,216,40,1,27593,1,120,1,280608,1,401680,1,127394,1,3691543,1,12494,1,452858,1,13426,4,544323,4,80695,4,850720,4,1677184,8,2258437,120,263916,36,5010,1,50286,1,3537,1,3907,1,1392,2,6783,1,355611,1,20569,1,7635,1,4659,1,23675,1,223508,1,28625,1,15237,1,316,1,9570,1,4704,1,15553,1,9570,1,48,1,1240,1,1,1,0,1,728,1,4510,1,4332,1
52,4788600,4886,9570,32.154682,1240,0,14,11,132,33729,1433,5331,4754871,16,228,30,1,27813,1,250,1,284044,1,459320,1,136221,1,3835680,1,11512,1,508865,1,13336,4,562929,4,80264,4,944860,4,1642126,8,2433833,132,147823,36,6873,1,56789,1,4469,1,3918,1,1483,2,8336,1,387232,1,40728,1,11171,1,5140,1,26340,1,220713,1,31360,1,16269,1,179,1,9570,1,4886,1,16448,1,9570,1,48,1,1240,1,1,1,0,1,978,1,4409,1,4183,1
53,4797600,4850,9570,32.008553,1240,0,13,10,120,40595,1463,7855,4757005,16,213,230,1,32973,1,140,1,390659,1,484047,1,145829,1,3689309,1,13816,1,530096,1,11803,4,534624,4,79633,4,836202,4,1634001,8,2193873,120,268474,36,3677,1,43694,1,2855,1,4088,1,1393,2,5781,1,428721,1,25529,1,11412,1,8957,1,29917,1,303321,1,47772,1,16018,1,321,1,9570,1,4850,1,16339,1,9570,1,48,1,1240,1,1,1,0,1,476,1,4174,1,4920,1
54,4966400,4701,9570,31.8597,1240,0,12,10,120,34219,1222,4960,4932181,16,204,30,1,33254,1,20,1,328419,1,540977,1,162862,1,3855868,1,10751,1,632011,1,13055,4,580502,4,82528,4,845129,4,1633370,8,2269859,120,203680,24,4318,1,44375,1,3216,1,7915,1,2014,2,6212,1,464370,1,49545,1,9438,1,8075,1,26330,1,255840,1,37883,1,15414,1,245,1,9570,1,4701,1,15659,1,9570,1,48,1,1240,1,1,1,0,1,484,1,4416,1,4670,1
55,4429800,4656,9570,31.70812,1240,0,12,10,120,34689,2054,5451,4395111,16,204,70,1,27903,1,20,1,279626,1,424493,1,123747,1,3528531,1,10721,1,417781,1,12103,4,535857,4,81226,4,845330,4,1566261,8,2257395,120,148745,24,5240,1,45868,1,3968,1,3717,1,1423,2,7705,1,376792,1,20449,1,9298,1,5000,1,22233,1,223238,1,28805,1,15219,1,176,1,9570,1,4656,1,15395,1,9570,1,48,1,1240,1,1,1,0,1,628,1,4573,1,4369,1
56,4350700,4755,9570,31.553818,1240,0,12,10,120,32736,1282,4950,4317964,16,204,110,1,28324,1,130,1,279416,1,440554,1,129188,1,3429491,1,10751,1,432849,1,12714,4,529645,4,80003,4,786066,4,1531625,8,2156632,120,156109,24,3697,1,37452,1,2886,1,3697,1,1413,2,6162,1,387753,1,23415,1,11873,1,5551,1,24737,1,219641,1,29206,1,15858,1,186,1,9570,1,4755,1,16044,1,9570,1,48,1,1240,1,1,1,0,1,648,1,4398,1,4524,1
57,4410500,4733,9570,31.39679,1240,0,14,10,120,34124,1343,5041,4376376,16,228,50,1,27182,1,80,1,274967,1,510498,1,127314,1,3425323,1,10961,1,413933,1,12995,4,523152,4,80304,4,793280,4,1543447,8,2171069,120,160618,48,3777,1,38604,1,2936,1,4068,1,1353,2,6132,1,459571,1,24046,1,9528,1,4819,1,21782,1,219951,1,28154,1,15838,1,191,1,9570,1,4733,1,16029,1,9570,1,48,1,1240,1,1,1,0,1,431,1,4530,1,4609,1
58,4465000,4658,9570,31.237036,1240,0,13,10,120,33153,1343,4940,4431847,16,216,40,1,27082,1,80,1,277842,1,391440,1,124268,1,3600173,1,10921,1,383455,1,14648,4,616261,4,82368,4,773061,4,1669694,8,2326482,120,111333,36,3747,1,40758,1,3256,1,4138,1,1423,2,6022,1,348698,1,17413,1,8827,1,4709,1,22934,1,220773,1,29246,1,15576,1,134,1,9570,1,4658,1,15710,1,9570,1,48,1,1240,1,1,1,0,1,461,1,4594,1,4515,1
59,4368200,4682,9570,31.074558,1240,0,14,10,120,33835,1372,5100,4334365,16,228,220,1,36841,1,130,1,349660,1,431697,1,126623,1,3378594,1,10600,1,407240,1,12795,4,525106,4,80164,4,775386,4,1520473,8,2162874,120,127885,48,3236,1,38694,1,2835,1,4108,1,1413,2,5771,1,380168,1,23054,1,11081,1,7384,1,27302,1,271190,1,43303,1,15769,1,151,1,9570,1,4682,1,15920,1,9570,1,48,1,1240,1,1,1,0,1,528,1,4536,1,4506,1
60,4785400,4642,9570,30.909355,1240,0,13,10,120,39361,1503,11242,4746039,16,216,220,1,33093,1,70,1,305626,1,546652,1,159997,1,3687125,1,13255,1,510238,1,14528,4,612674,4,84722,4,807177,4,1600126,8,2293765,120,102296,36,3066,1,37702,1,2886,1,4599,1,2164,2,5741,1,495033,1,24297,1,9518,1,5901,1,25258,1,238948,1,35157,1,15871,1,121,1,9570,1,4642,1,15992,1,9570,1,48,1,1240,1,1,1,0,1,531,1,4677,1,4362,1
61,4589000,4557,9570,30.741426,1240,0,12,9,108,31798,1343,4669,4557202,16,204,551,1,32903,1,160,1,321266,1,413502,1,164104,1,3613694,1,11021,1,458058,1,14678,4,508915,4,80003,4,796636,4,1697162,8,2247506,108,241623,36,3707,1,38003,1,2966,1,4509,1,1934,2,5781,1,364829,1,21411,1,9679,1,6342,1,25018,1,252163,1,37472,1,15392,1,289,1,9570,1,4557,1,15681,1,9570,1,48,1,1240,1,1,1,0,1,492,1,4791,1,4287,1
62,4214800,4591,9570,30.570772,1240,0,12,9,108,33398,1222,4158,4181402,16,204,140,1,27423,1,110,1,282772,1,432579,1,119679,1,3308049,1,10650,1,370460,1,12434,4,514776,4,79943,4,766869,4,1508140,8,2091547,108,179304,36,4028,1,35398,1,3176,1,4218,1,1323,2,6062,1,386250,1,22102,1,9107,1,4849,1,22523,1,225672,1,29456,1,15725,1,211,1,9570,1,4591,1,15936,1,9570,1,48,1,1240,1,1,1,0,1,546,1,4753,1,4271,1
63,4222100,4578,9570,30.397394,1240,0,12,9,108,34085,1273,4810,4188015,16,204,30,1,26641,1,130,1,280858,1,430966,1,124178,1,3314491,1,10721,1,381411,1,13646,4,517512,4,80043,4,769705,4,1498271,8,2105223,108,157943,36,3577,1,34506,1,3066,1,3998,1,1343,2,6142,1,377303,1,27964,1,7725,1,4919,1,22573,1,224781,1,28445,1,15738,1,184,1,9570,1,4578,1,15922,1,9570,1,48,1,1240,1,1,1,0,1,790,1,4814,1,3966,1
64,4126500,4530,9570,30.22129,1240,0,11,9,108,34058,1753,4509,4092442,16,192,20,1,26811,1,10,1,282762,1,387933,1,119549,1,3264595,1,10761,1,348558,1,13877,4,516329,4,81336,4,774344,4,1472732,8,2144899,108,97667,24,4068,1,36109,1,4058,1,3737,1,1403,2,6292,1,346504,1,18515,1,7605,1,4849,1,23094,1,226634,1,27944,1,15790,1,114,1,9570,1,4530,1,15904,1,9570,1,48,1,1240,1,1,1,0,1,456,1,4871,1,4243,1
65,4074600,4530,9570,30.042463,1240,0,12,9,108,31243,1272,4008,4043357,16,204,80,1,27583,1,110,1,283593,1,411689,1,117635,1,3192006,1,10660,1,355311,1,13285,4,521549,4,80544,4,732554,4,1438286,8,2079724,108,87107,36,3336,1,31891,1,2865,1,4088,1,1363,2,5661,1,365621,1,21952,1,8496,1,4849,1,22122,1,228237,1,28034,1,15935,1,102,1,9570,1,4530,1,16037,1,9570,1,48,1,1240,1,1,1,0,1,423,1,4887,1,4260,1
66,4185900,4531,9570,29.860909,1240,0,13,9,108,31520,1313,4530,4154380,16,216,100,1,27413,1,70,1,280928,1,340953,1,115311,1,3378483,1,11121,1,332056,1,13566,4,568489,4,81486,4,814080,4,1510063,8,2194213,108,125400,48,4449,1,37442,1,3417,1,4158,1,1333,2,6633,1,301197,1,16652,1,7224,1,4739,1,22062,1,225041,1,28855,1,15882,1,146,1,9570,1,4531,1,16028,1,9570,1,48,1,1240,1,1,1,0,1,993,1,4914,1,3663,1
67,4005600,4532,9570,29.67663,1240,0,11,9,108,31756,1282,4228,3973844,16,192,80,1,27573,1,80,1,285307,1,374197,1,115602,1,3160135,1,10871,1,352295,1,13305,4,518293,4,80043,4,725821,4,1417015,8,2068413,108,70194,24,4098,1,33414,1,3146,1,3867,1,1433,2,6122,1,328870,1,22363,1,8005,1,5360,1,22904,1,224430,1,32432,1,16039,1,83,1,9570,1,4532,1,16122,1,9570,1,48,1,1240,1,1,1,0,1,738,1,4945,1,3887,1
68,4148400,4513,9570,29.489626,1240,0,12,9,108,30319,2144,3968,4118081,16,204,20,1,27242,1,50,1,279666,1,491281,1,118397,1,3190253,1,11171,1,368727,1,13526,4,524505,4,80604,4,727113,4,1421363,8,2073383,108,71126,36,3677,1,33755,1,2976,1,4408,1,1523,2,5931,1,444081,1,24337,1,6903,1,5320,1,22814,1,223288,1,28064,1,16045,1,83,1,9570,1,4513,1,16128,1,9570,1,48,1,1240,1,1,1,0,1,742,1,4946,1,3882,1
69,4142100,4475,9570,29.299898,1240,0,12,9,108,32987,1533,4309,4109113,16,204,60,1,26801,1,70,1,280848,1,364939,1,118377,1,3307257,1,10761,1,349860,1,14087,4,527821,4,80995,4,729027,4,1551172,8,2225494,108,50397,36,3637,1,34767,1,3006,1,3928,1,1463,2,5961,1,324812,1,18586,1,6693,1,4849,1,22774,1,223568,1,29356,1,15993,1,57,1,9570,1,4475,1,16050,1,9570,1,48,1,1240,1,1,1,0,1,1132,1,4983,1,3455,1
70,4013500,4477,9570,29.107445,1240,0,11,9,108,34646,1193,4048,3978854,16,192,50,1,28254,1,60,1,281359,1,355171,1,126142,1,3177168,1,10650,1,363577,1,12825,4,527861,4,79512,4,725801,4,1412827,8,2083001,108,51579,24,4228,1,34186,1,3296,1,3968,1,1363,2,6533,1,312529,1,20850,1,6723,1,5300,1,23665,1,220653,1,31540,1,16049,1,60,1,9570,1,4477,1,16109,1,9570,1,48,1,1240,1,1,1,0,1,1091,1,5012,1,3467,1
71,4026600,4474,9569,28.912266,1240,0,12,9,108,32327,1603,4419,3994273,16,204,50,1,26661,1,70,1,272512,1,351323,1,112956,1,3219629,1,11071,1,315324,1,13506,4,521389,4,80655,4,772841,4,1461731,8,2190737,108,39416,36,4158,1,32933,1,3727,1,3887,1,1483,2,6392,1,312228,1,17994,1,6382,1,4729,1,22844,1,217016,1,27753,1,16078,1,45,1,9569,1,4474,1,16123,1,9569,1,48,1,1240,1,1,1,0,1,1032,1,5017,1,3520,1
72,4114700,4455,9569,28.714361,1240,0,11,8,96,31416,1262,3838,4083284,16,192,20,1,26821,1,70,1,288353,1,338509,1,113407,1,3305343,1,10761,1,334301,1,12564,4,521950,4,80364,4,795244,4,1508120,8,2066579,96,232946,36,3677,1,33915,1,2926,1,3767,1,1333,2,5921,1,296648,1,21171,1,5641,1,4799,1,22162,1,233367,1,27803,1,15819,1,274,1,9569,1,4455,1,16093,1,9569,1,48,1,1240,1,1,1,0,1,1357,1,5028,1,3184,1
73,4110700,4472,9569,28.745037,1240,0,10,9,108,34089,2254,3758,4076611,16,180,80,1,26882,1,70,1,281780,1,467275,1,128005,1,3161568,1,10951,1,375429,1,13917,4,519055,4,80474,4,720711,4,1391947,8,2084493,108,24407,12,4298,1,37832,1,3386,1,4469,1,1343,2,6452,1,413021,1,31100,1,6072,1,4729,1,21551,1,227616,1,27643,1,16090,1,28,1,9569,1,4472,1,16118,1,9569,1,48,1,1240,1,1,1,0,1,1529,1,5048,1,2992,1
74,3982100,4465,9569,28.771923,1240,0,11,9,108,33364,1282,3999,3948736,16,192,170,1,26952,1,40,1,288292,1,327498,1,112956,1,3181747,1,11081,1,334802,1,13285,4,516590,4,81977,4,771238,4,1406786,8,2155919,108,18105,24,4208,1,35348,1,4168,1,3807,1,1353,2,6903,1,287451,1,19197,1,5601,1,5050,1,22693,1,230963,1,29316,1,16127,1,20,1,9569,1,4465,1,16147,1,9569,1,48,1,1240,1,1,1,0,1,1414,1,5039,1,3116,1
75,4087300,4458,9569,28.794498,1240,0,10,8,96,33983,1262,3687,4053317,16,180,90,1,27563,1,80,1,284625,1,334611,1,117285,1,3278241,1,10821,1,356142,1,12825,4,530406,4,79733,4,761569,4,1485697,8,2023417,96,220162,24,3717,1,32222,1,3096,1,3928,1,1423,2,6222,1,291428,1,22142,1,5921,1,4869,1,23225,1,226394,1,29787,1,15880,1,260,1,9569,1,4458,1,16140,1,9569,1,48,1,1240,1,1,1,0,1,1818,1,5045,1,2706,1
76,4055600,4464,9569,28.81284,1240,0,11,9,108,32531,1463,4068,4023069,16,192,30,1,26841,1,30,1,277181,1,291589,1,113598,1,3302738,1,11061,1,324742,1,15059,4,544834,4,82087,4,799392,4,1479325,8,2248999,108,25649,24,4358,1,36790,1,3256,1,3727,1,1443,2,6262,1,253456,1,17564,1,5921,1,4729,1,22974,1,221354,1,27934,1,16101,1,29,1,9569,1,4464,1,16130,1,9569,1,48,1,1240,1,1,1,0,1,2040,1,5040,1,2489,1
77,4043300,4463,9569,28.827902,1240,0,11,8,96,32816,1313,3897,4010484,16,192,110,1,27282,1,60,1,279996,1,309984,1,118136,1,3264114,1,10801,1,364218,1,12955,4,526078,4,79673,4,754235,4,1476479,8,1999161,96,227656,36,3577,1,31350,1,2906,1,3867,1,1463,2,6001,1,266581,1,22082,1,6262,1,4729,1,23024,1,221845,1,30128,1,15876,1,269,1,9569,1,4463,1,16145,1,9569,1,48,1,1240,1,1,1,0,1,1976,1,5042,1,2551,1
78,4074200,4462,9568,28.840885,1240,0,10,8,96,36844,1232,3447,4037356,16,180,70,1,26791,1,30,1,274967,1,346113,1,114189,1,3264455,1,10741,1,357265,1,13055,4,521710,4,80755,4,765046,4,1472872,8,2024769,96,209702,24,4338,1,32382,1,3156,1,4990,1,1453,2,6202,1,304834,1,20710,1,5080,1,4769,1,22974,1,219060,1,27974,1,15886,1,247,1,9568,1,4462,1,16133,1,9568,1,48,1,1240,1,1,1,0,1,2088,1,5045,1,2435,1
79,4035100,4456,9567,28.852116,1240,0,10,8,96,33002,1693,3567,4002098,16,180,120,1,26942,1,150,1,275187,1,288793,1,111323,1,3288641,1,10941,1,319683,1,12444,4,520818,4,79552,4,816304,4,1483953,8,2099493,96,197198,24,4479,1,34356,1,3597,1,3918,1,1353,2,6492,1,249107,1,20279,1,4719,1,4929,1,22724,1,219030,1,28174,1,15903,1,229,1,9567,1,4456,1,16132,1,9567,1,48,1,1240,1,1,1,0,1,2176,1,5044,1,2347,1
80,3977000,4458,9567,28.861916,1240,0,10,8,96,32682,1302,3828,3944318,16,180,90,1,27773,1,30,1,277542,1,294214,1,112465,1,3221282,1,10921,1,337837,1,12504,4,521108,4,79923,4,749957,4,1470678,8,2007136,96,209672,24,2986,1,30879,1,2855,1,3907,1,1423,2,5921,1,252013,1,21992,1,4819,1,4819,1,22924,1,221605,1,27883,1,15901,1,247,1,9567,1,4458,1,16148,1,9567,1,48,1,1240,1,1,1,0,1,2147,1,5041,1,2379,1
81,4052400,4462,9566,28.87016,1240,0,10,8,96,32477,1102,3727,4019923,16,180,50,1,27403,1,80,1,275027,1,276039,1,111373,1,3319160,1,10791,1,311387,1,13015,4,538512,4,80464,4,764926,4,1559017,8,2095094,96,225121,24,3667,1,32733,1,3086,1,3747,1,1323,2,6182,1,236513,1,19487,1,4879,1,4689,1,22543,1,219410,1,28194,1,15936,1,262,1,9566,1,4462,1,16198,1,9566,1,48,1,1240,1,1,1,0,1,2160,1,5037,1,2369,1
82,3990300,4462,9566,28.877672,1240,0,10,8,96,31965,1293,3608,3958335,16,180,40,1,28214,1,130,1,275147,1,295466,1,113648,1,3235019,1,10670,1,335343,1,12654,4,519656,4,80083,4,754586,4,1480266,8,2023005,96,208239,24,3887,1,32402,1,3146,1,4188,1,1373,2,6142,1,253235,1,21291,1,5380,1,4869,1,22984,1,219370,1,27613,1,15986,1,244,1,9566,1,4462,1,16230,1,9566,1,48,1,1240,1,1,1,0,1,2292,1,5037,1,2237,1
83,4024500,4464,9566,28.884876,1240,0,10,8,96,31539,1924,3488,3992961,16,180,50,1,28294,1,60,1,282311,1,280107,1,112496,1,3278221,1,11422,1,325724,1,14748,4,520658,4,80785,4,791326,4,1489865,8,2060126,96,217577,24,4318,1,34206,1,3166,1,3887,1,1452,2,6162,1,242705,1,17413,1,4819,1,5250,1,22533,1,225733,1,28625,1,15984,1,257,1,9566,1,4464,1,16241,1,9566,1,48,1,1240,1,1,1,0,1,2369,1,5039,1,2158,1
84,4189300,4460,9566,28.891674,1240,0,10,9,108,35676,8236,3908,4153624,16,180,160,1,31761,1,110,1,314302,1,297841,1,136131,1,3359813,1,13506,1,376922,1,13746,4,558460,4,80304,4,715882,4,1532221,8,2231120,108,13075,12,7224,1,46289,1,5280,1,4439,1,1663,2,9148,1,252584,1,22633,1,5390,1,6533,1,25729,1,245861,1,35618,1,16227,1,14,1,9566,1,4460,1,16241,1,9566,1,48,1,1240,1,1,1,0,1,2381,1,5040,1,2145,1
85,4265600,4454,9564,28.89812,1240,0,10,8,96,31978,1122,3717,4233622,16,180,20,1,31340,1,140,1,310906,1,306317,1,168884,1,3405375,1,10640,1,465221,1,14137,4,544083,4,79823,4,770466,4,1481619,8,2037323,96,211044,24,2926,1,30488,1,2865,1,4909,1,2084,2,5631,1,255319,1,24697,1,5841,1,5951,1,24858,1,238407,1,41409,1,15993,1,251,1,9564,1,4454,1,16244,1,9564,1,48,1,1240,1,1,1,0,1,2509,1,5047,1,2008,1
86,4129700,4452,9563,28.90361,1240,0,10,8,96,32319,1262,3938,4097381,16,180,60,1,27002,1,90,1,283503,1,285647,1,110201,1,3379906,1,10971,1,313521,1,13255,4,519415,4,79733,4,772150,4,1627418,8,2179787,96,215844,24,3437,1,34987,1,2986,1,3958,1,1383,2,6402,1,246572,1,18255,1,4779,1,4819,1,22683,1,227245,1,28535,1,15967,1,256,1,9563,1,4452,1,16223,1,9563,1,48,1,1240,1,1,1,0,1,2540,1,5048,1,1975,1
87,3839000,4461,9563,28.9092,1240,0,10,9,108,31094,1232,4018,3807906,16,180,60,1,27352,1,60,1,281449,1,284084,1,110923,1,3093317,1,10660,1,338198,1,13436,4,533462,4,80043,4,709109,4,1367590,8,2062782,108,9899,12,4459,1,31811,1,2855,1,3767,1,1433,2,5921,1,239910,1,23084,1,4869,1,4949,1,22643,1,223939,1,29717,1,16229,1,11,1,9563,1,4461,1,16240,1,9563,1,48,1,1240,1,1,1,0,1,2602,1,5044,1,1917,1
88,3966600,4461,9561,28.91393,1240,0,10,8,96,32141,1613,3737,3934459,16,180,40,1,27352,1,60,1,275688,1,262343,1,110031,1,3248013,1,10931,1,339991,1,14207,4,524866,4,81646,4,765316,4,1469015,8,2016875,96,213720,24,3557,1,33284,1,2926,1,4198,1,1533,2,5861,1,224250,1,17564,1,4849,1,4729,1,22122,1,221174,1,27443,1,15969,1,254,1,9561,1,4461,1,16223,1,9561,1,48,1,1240,1,1,1,0,1,2681,1,5038,1,1842,1
89,4030200,4461,9561,28.918192,1240,0,10,8,96,33883,1262,3688,3996317,16,180,10,1,26992,1,30,1,279786,1,268314,1,111063,1,3299492,1,10630,1,335503,1,12704,4,527511,4,80174,4,755157,4,1534861,8,2092809,96,193521,24,3507,1,33855,1,3897,1,3918,1,1373,2,5771,1,225312,1,22052,1,5030,1,4809,1,22533,1,223538,1,28595,1,16008,1,228,1,9561,1,4461,1,16236,1,9561,1,48,1,1240,1,1,1,0,1,2764,1,5039,1,1758,1
90,3986200,4460,9560,28.922281,1240,0,10,8,96,34218,1333,3728,3951982,16,180,110,1,27232,1,60,1,284004,1,279145,1,111814,1,3238676,1,10941,1,349640,1,12764,4,522351,4,80374,4,750648,4,1470077,8,2017244,96,199753,24,3968,1,32522,1,3296,1,4028,1,1413,2,6262,1,233828,1,23806,1,4869,1,5230,1,22914,1,227666,1,27613,1,15993,1,235,1,9560,1,4460,1,16228,1,9560,1,48,1,1240,1,1,1,0,1,2878,1,5039,1,1643,1
91,4062400,4461,9557,28.926441,1240,0,10,8,96,33971,1553,3658,4028429,16,180,10,1,26972,1,50,1,286148,1,256031,1,113247,1,3335191,1,10781,1,317899,1,12825,4,525176,4,81526,4,822145,4,1516275,8,2136082,96,198681,24,4859,1,38143,1,3356,1,3857,1,1382,2,6192,1,216725,1,18095,1,4919,1,4779,1,23916,1,229089,1,28154,1,15989,1,231,1,9557,1,4461,1,16220,1,9557,1,48,1,1240,1,1,1,0,1,2930,1,5037,1,1590,1
92,4016500,4462,9557,28.930197,1240,0,10,8,96,32286,1353,3618,3984214,16,180,100,1,27503,1,80,1,284475,1,272242,1,112656,1,3276418,1,10741,1,358507,1,12494,4,522241,4,79843,4,762832,4,1488021,8,2028416,96,218819,24,3727,1,32462,1,3046,1,3998,1,1353,2,6543,1,226574,1,24697,1,4599,1,5230,1,22854,1,227356,1,28855,1,15947,1,259,1,9557,1,4462,1,16206,1,9557,1,48,1,1240,1,1,1,0,1,3016,1,5038,1,1503,1
93,4232300,4459,9555,28.933605,1240,0,11,8,96,32423,1282,3858,4199877,16,192,100,1,27633,1,50,1,281349,1,244869,1,111323,1,3523642,1,10911,1,321807,1,12704,4,542469,4,93700,4,815763,4,1683355,8,2270580,96,224681,36,3437,1,34546,1,2996,1,3887,1,1343,2,6352,1,206746,1,17423,1,4449,1,4799,1,22663,1,225362,1,28244,1,15940,1,262,1,9555,1,4459,1,16202,1,9555,1,48,1,1240,1,1,1,0,1,3066,1,5038,1,1451,1
94,4021100,4455,9554,28.936785,1240,0,11,8,96,35543,1363,3978,3985557,16,192,10,1,27543,1,70,1,280828,1,244699,1,111864,1,3309301,1,11242,1,341344,1,12724,4,520698,4,80224,4,762852,4,1538328,8,2095675,96,201526,36,3356,1,33554,1,3477,1,3857,1,1333,2,6192,1,200294,1,23896,1,4519,1,5130,1,23335,1,224560,1,27463,1,15986,1,238,1,9554,1,4455,1,16224,1,9554,1,48,1,1240,1,1,1,0,1,3200,1,5040,1,1314,1
95,4008200,4464,9554,28.939753,1240,0,11,8,96,37031,1172,3778,3971169,16,192,20,1,27162,1,30,1,286669,1,254878,1,112345,1,3279334,1,10731,1,345292,1,12614,4,532731,4,79532,4,767010,4,1492089,8,2032845,96,222476,36,3777,1,30408,1,3126,1,3988,1,1353,2,6242,1,210093,1,23615,1,4789,1,5050,1,24166,1,228869,1,28354,1,15994,1,266,1,9554,1,4464,1,16260,1,9554,1,48,1,1240,1,1,1,0,1,3227,1,5034,1,1293,1
96,4187600,4454,9554,28.942532,1240,0,11,8,96,33039,1453,3497,4154561,16,192,30,1,27453,1,50,1,275578,1,237565,1,110572,1,3492522,1,10791,1,318039,1,13145,4,520217,4,81386,4,844228,4,1655131,8,2294746,96,201115,36,3427,1,39896,1,3487,1,3747,1,1453,2,6913,1,199703,1,17303,1,4208,1,4789,1,22433,1,220893,1,27212,1,16034,1,229,1,9554,1,4454,1,16263,1,9554,1,48,1,1240,1,1,1,0,1,3322,1,5033,1,1199,1
97,4008400,4453,9554,28.9452,1240,0,11,8,96,32712,1182,4159,3975688,16,192,50,1,28054,1,471,1,280247,1,264557,1,111474,1,3279183,1,11652,1,355110,1,12654,4,522471,4,79582,4,762451,4,1492339,8,2057462,96,193170,36,3918,1,34606,1,3256,1,3958,1,1423,2,6232,1,216234,1,27593,1,4579,1,4960,1,24407,1,222877,1,27743,1,16047,1,230,1,9554,1,4453,1,16277,1,9554,1,48,1,1240,1,1,1,0,1,3359,1,5037,1,1158,1
98,4185000,4449,9553,28.947609,1240,0,11,8,96,32724,1282,3969,4152276,16,192,60,1,26942,1,60,1,280758,1,228758,1,112065,1,3492813,1,10821,1,321927,1,13295,4,549102,4,80324,4,824089,4,1650002,8,2278284,96,191838,36,4258,1,33765,1,3206,1,3847,1,1373,2,6342,1,190074,1,18395,1,4799,1,5110,1,23134,1,223729,1,28565,1,16050,1,226,1,9553,1,4449,1,16276,1,9553,1,48,1,1240,1,1,1,0,1,3411,1,5039,1,1103,1
99,4107100,4452,9552,28.949892,1240,0,11,8,96,35639,1403,4038,4071461,16,192,30,1,27132,1,110,1,283513,1,231453,1,112025,1,3401678,1,15520,1,347506,1,12825,4,528994,4,80454,4,779113,4,1575178,8,2143918,96,206335,36,6122,1,51048,1,5851,1,3847,1,1393,2,7945,1,189413,1,21692,1,4589,1,4899,1,22183,1,227025,1,29096,1,16055,1,240,1,9552,1,4452,1,16295,1,9552,1,48,1,1240,1,1,1,0,1,3488,1,5037,1,1027,1
100,4104100,4462,9549,28.952118,1240,0,11,8,96,41290,1653,4108,4062810,16,192,321,1,32703,1,70,1,309754,1,245575,1,113317,1,3350139,1,10931,1,372554,1,13666,4,595130,4,79953,4,758263,4,1476750,8,2031212,96,199693,36,3497,1,34035,1,2976,1,4088,1,1463,2,6112,1,191682,1,32362,1,4308,1,6412,1,25719,1,241232,1,35839,1,16062,1,236,1,9549,1,4462,1,16298,1,9549,1,48,1,1240,1,1,1,0,1,3529,1,5030,1,990,1
101,4071100,4454,9548,28.954184,1240,0,11,8,96,32532,1363,3868,4038568,16,192,120,1,27463,1,401,1,286299,1,202288,1,110943,1,3400155,1,10901,1,328529,1,12955,4,523002,4,80214,4,810363,4,1590498,8,2205145,96,191848,36,3787,1,34737,1,3156,1,3877,1,1383,2,6292,1,163203,1,18515,1,4809,1,4960,1,22744,1,230361,1,27924,1,16081,1,225,1,9548,1,4454,1,16306,1,9548,1,48,1,1240,1,1,1,0,1,3576,1,5032,1,940,1
102,3937900,4455,9548,28.956179,1240,0,11,8,96,33699,1172,4018,3904201,16,192,50,1,27372,1,150,1,284275,1,245961,1,112616,1,3222605,1,11171,1,339751,1,12744,4,525367,4,79432,4,752372,4,1464937,8,2030190,96,183101,36,3136,1,29677,1,2855,1,3837,1,1353,2,5971,1,201196,1,24407,1,4949,1,5210,1,22704,1,227596,1,27893,1,16105,1,213,1,9548,1,4455,1,16318,1,9548,1,48,1,1240,1,1,1,0,1,3601,1,5030,1,917,1
103,4038300,4460,9548,28.957949,1240,0,11,8,96,32875,1263,3948,4005425,16,192,30,1,26741,1,70,1,281169,1,219040,1,111053,1,3355990,1,11332,1,312519,1,13245,4,527320,4,84592,4,775736,4,1588534,8,2157143,96,203179,36,3306,1,34266,1,3587,1,3797,1,1433,2,6392,1,182169,1,17233,1,4378,1,4789,1,21992,1,226474,1,27723,1,16087,1,238,1,9548,1,4460,1,16325,1,9548,1,48,1,1240,1,1,1,0,1,3659,1,5033,1,856,1
104,3963000,4463,9546,28.959707,1240,0,11,8,96,32208,1192,4008,3930792,16,192,100,1,27703,1,80,1,278373,1,239850,1,112636,1,3260718,1,11332,1,345021,1,12233,4,527651,4,79803,4,761148,4,1484134,8,2055448,96,185826,36,3527,1,31400,1,3006,1,4078,1,1383,2,6142,1,193681,1,25840,1,4228,1,4919,1,22774,1,222456,1,28014,1,16122,1,219,1,9546,1,4463,1,16341,1,9546,1,48,1,1240,1,1,1,0,1,3747,1,5030,1,769,1
105,4133400,4462,9546,28.9613,1240,0,11,8,96,40890,1342,3908,4092510,16,192,291,1,28555,1,70,1,375319,1,269155,1,117846,1,3290094,1,11181,1,368516,1,13796,4,534123,4,80294,4,755788,4,1483783,8,2037824,96,197839,36,4008,1,32843,1,3236,1,4238,1,1473,2,6653,1,220591,1,28374,1,4198,1,5891,1,25028,1,305596,1,38353,1,16128,1,234,1,9546,1,4462,1,16362,1,9546,1,48,1,1240,1,1,1,0,1,3737,1,5028,1,781,1
106,4412700,4463,9546,28.962826,1240,0,11,8,96,35573,1533,11362,4377127,16,192,200,1,31260,1,160,1,295366,1,223368,1,159997,1,3653260,1,13516,1,398203,1,14979,4,587055,4,85494,4,857022,4,1648719,8,2294105,96,200274,36,3587,1,40738,1,3507,1,4378,1,1773,2,6272,1,180316,1,20980,1,4939,1,5961,1,24988,1,227666,1,36460,1,16130,1,230,1,9546,1,4463,1,16360,1,9546,1,48,1,1240,1,1,1,0,1,3783,1,5032,1,731,1
107,4107400,4465,9546,28.964285,1240,0,11,8,96,34346,1292,3787,4073054,16,192,250,1,37081,1,150,1,328008,1,238778,1,154586,1,3303390,1,10811,1,416538,1,12514,4,522872,4,79282,4,752382,4,1466290,8,2026924,96,187960,36,3256,1,33945,1,2996,1,4779,1,1403,2,5841,1,187379,1,27152,1,5110,1,7444,1,27603,1,253446,1,39045,1,16152,1,223,1,9546,1,4465,1,16375,1,9546,1,48,1,1240,1,1,1,0,1,3818,1,5032,1,696,1
108,4310300,4465,9546,28.965742,1240,0,10,8,96,40895,1563,7445,4269405,16,180,170,1,35408,1,70,1,327267,1,228322,1,159977,1,3504976,1,13215,1,427469,1,14598,4,595140,4,82949,4,823578,4,1504242,8,2129640,96,190735,24,3316,1,35969,1,2976,1,4869,1,1984,2,6322,1,183947,1,20319,1,4939,1,6773,1,26190,1,255019,1,38824,1,16172,1,223,1,9546,1,4465,1,16395,1,9546,1,48,1,1240,1,1,1,0,1,3869,1,5030,1,647,1
109,4312900,4465,9546,28.967031,1240,0,11,8,96,33009,1453,3868,4279891,16,192,120,1,31831,1,120,1,297510,1,226414,1,142914,1,3570161,1,10821,1,402832,1,13456,4,574421,4,80224,4,810052,4,1630113,8,2242947,96,193350,36,3386,1,38273,1,3487,1,4439,1,1763,2,6262,1,179714,1,25198,1,4939,1,6412,1,25298,1,230031,1,35298,1,16175,1,221,1,9546,1,4465,1,16396,1,9546,1,48,1,1240,1,1,1,0,1,3888,1,5028,1,630,1
110,4039200,4466,9546,28.968155,1240,0,11,8,96,38785,1903,4869,4000415,16,192,160,1,33564,1,150,1,315975,1,214731,1,125911,1,3296386,1,13536,1,390568,1,12915,4,534364,4,80755,4,748895,4,1477972,8,2029619,96,192379,36,3336,1,30879,1,2876,1,4328,1,1543,2,6052,1,170076,1,24136,1,4398,1,20149,1,26531,1,237124,1,31761,1,16180,1,229,1,9546,1,4466,1,16409,1,9546,1,48,1,1240,1,1,1,0,1,3864,1,5029,1,653,1
111,4134100,4468,9546,28.969242,1240,0,10,8,96,33052,1282,3557,4101048,16,180,40,1,31240,1,60,1,284665,1,216645,1,132193,1,3425403,1,10801,1,358236,1,13305,4,525437,4,79572,4,789593,4,1605887,8,2196358,96,195565,24,3657,1,33364,1,3076,1,4168,1,1393,2,6432,1,178322,1,18285,1,4679,1,5440,1,23725,1,221084,1,34226,1,16186,1,226,1,9546,1,4468,1,16412,1,9546,1,48,1,1240,1,1,1,0,1,3936,1,5032,1,578,1
112,3961400,4464,9546,28.970312,1240,0,10,8,96,32161,1173,3577,3929239,16,180,30,1,27613,1,130,1,274606,1,232115,1,112335,1,3271799,1,10610,1,342176,1,13105,4,530747,4,79593,4,762882,4,1491658,8,2053104,96,197859,24,2996,1,33194,1,2865,1,4078,1,1422,2,5911,1,188070,1,23335,1,5741,1,5481,1,23375,1,217667,1,27743,1,16182,1,236,1,9546,1,4464,1,16418,1,9546,1,48,1,1240,1,1,1,0,1,3947,1,5033,1,566,1
113,3933500,4466,9546,28.971327,1240,0,10,8,96,31824,1232,3988,3901676,16,180,120,1,27292,1,50,1,273294,1,207037,1,111804,1,3271138,1,10941,1,322758,1,13917,4,528633,4,79923,4,791156,4,1483392,8,2078613,96,191948,24,3286,1,32753,1,2946,1,3797,1,1333,2,6012,1,170186,1,18055,1,4408,1,4949,1,22954,1,213118,1,32071,1,16199,1,229,1,9546,1,4466,1,16428,1,9546,1,48,1,1240,1,1,1,0,1,4003,1,5032,1,511,1
114,4067900,4467,9546,28.972305,1240,0,11,8,96,32518,1423,4238,4035382,16,192,50,1,27753,1,200,1,266931,1,210443,1,111383,1,3407659,1,10961,1,329241,1,12514,4,526980,4,79813,4,769354,4,1634542,8,2209153,96,190505,36,3527,1,34246,1,4168,1,3958,1,1413,2,6482,1,167942,1,23725,1,4408,1,4929,1,23585,1,210373,1,27713,1,16214,1,225,1,9546,1,4467,1,16439,1,9546,1,48,1,1240,1,1,1,0,1,4036,1,5033,1,477,1
115,4227700,4467,9546,28.97322,1240,0,10,8,96,34035,1303,2977,4193665,16,180,110,1,28885,1,140,1,265048,1,203139,1,112676,1,3570381,1,13285,1,336835,1,13175,4,533622,4,81336,4,833387,4,1708003,8,2330444,96,207968,24,3306,1,44405,1,3216,1,3918,1,1412,2,6462,1,162421,1,21982,1,4208,1,5410,1,23004,1,207938,1,28475,1,16213,1,223,1,9546,1,4467,1,16436,1,9546,1,48,1,1240,1,1,1,0,1,4034,1,5033,1,479,1
116,4276000,4465,9546,28.974094,1240,0,10,8,96,34293,1483,4039,4241707,16,180,100,1,27743,1,120,1,275578,1,207117,1,112325,1,3605779,1,12945,1,394696,1,13295,4,531248,4,79933,4,787078,4,1734984,8,2335494,96,182530,24,4178,1,43814,1,3356,1,3938,1,1433,2,6342,1,163143,1,25078,1,4619,1,5501,1,24096,1,217988,1,27683,1,16222,1,217,1,9546,1,4465,1,16439,1,9546,1,48,1,1240,1,1,1,0,1,4077,1,5031,1,438,1
117,3956000,4465,9546,28.974928,1240,0,10,8,96,32552,1433,3658,3923448,16,180,40,1,26972,1,120,1,271160,1,204973,1,111574,1,3297298,1,11312,1,372584,1,12905,4,527391,4,80043,4,760537,4,1488081,8,2048304,96,196657,24,3737,1,36089,1,3026,1,3827,1,1363,2,6282,1,165146,1,22233,1,4068,1,5531,1,23816,1,213629,1,27893,1,16227,1,234,1,9546,1,4465,1,16461,1,9546,1,48,1,1240,1,1,1,0,1,4129,1,5034,1,383,1
118,4131800,4466,9546,28.975708,1240,0,10,8,96,42004,1463,8897,4089796,16,180,240,1,31591,1,80,1,306557,1,189964,1,152322,1,3395376,1,13666,1,450934,1,14207,4,539644,4,79943,4,777911,4,1477521,8,2045650,96,200885,24,3336,1,35518,1,2855,1,4459,1,1583,2,6001,1,149927,1,19347,1,4428,1,6282,1,26040,1,236844,1,36991,1,16226,1,236,1,9546,1,4466,1,16462,1,9546,1,48,1,1240,1,1,1,0,1,4106,1,5035,1,405,1
119,4175900,4467,9546,28.97645,1240,0,11,8,96,33984,1272,4048,4141916,16,192,10,1,31591,1,150,1,291859,1,189233,1,140830,1,3477543,1,10701,1,369298,1,12544,4,525357,4,79823,4,802959,4,1631246,8,2225945,96,204211,36,3837,1,35298,1,3547,1,4328,1,1433,2,6603,1,146922,1,21591,1,4609,1,6543,1,24246,1,224831,1,35849,1,16229,1,243,1,9546,1,4467,1,16472,1,9546,1,48,1,1240,1,1,1,0,1,4159,1,5036,1,351,1
120,4115900,4463,9546,28.977146,1240,0,10,8,96,32165,1243,4128,4083735,16,180,50,1,27523,1,100,1,269857,1,199272,1,114259,1,3461923,1,10751,1,354840,1,13085,4,529735,4,80234,4,798791,4,1631466,8,2237126,96,189002,24,3797,1,34196,1,3066,1,3827,1,1383,2,6262,1,156640,1,23705,1,4759,1,5050,1,24567,1,212547,1,27433,1,16244,1,226,1,9546,1,4463,1,16470,1,9546,1,48,1,1240,1,1,1,0,1,4175,1,5037,1,334,1
121,4158000,4463,9546,28.977818,1240,0,10,8,96,32325,1413,4009,4125675,16,180,60,1,26821,1,100,1,265940,1,170797,1,114069,1,3537077,1,10811,1,333489,1,13215,4,548170,4,80124,4,798440,4,1704336,8,2298122,96,200644,24,4479,1,37502,1,3457,1,4128,1,1392,2,6933,1,134568,1,17674,1,4829,1,5100,1,22924,1,209321,1,28404,1,16247,1,236,1,9546,1,4463,1,16483,1,9546,1,48,1,1240,1,1,1,0,1,4189,1,5040,1,317,1
122,3987000,4462,9546,28.978441,1240,0,10,8,96,32322,1303,3878,3954678,16,180,130,1,26882,1,90,1,268094,1,203159,1,114329,1,3331193,1,10801,1,370209,1,12624,4,533632,4,79813,4,771598,4,1509222,8,2073462,96,203480,24,3376,1,35137,1,2935,1,3988,1,1333,2,6022,1,159165,1,25439,1,4218,1,5200,1,24156,1,209972,1,28495,1,16238,1,241,1,9546,1,4462,1,16479,1,9546,1,48,1,1240,1,1,1,0,1,4197,1,5043,1,306,1
123,3950900,4463,9546,28.979033,1240,0,11,8,96,34055,1753,4028,3916845,16,192,60,1,27893,1,100,1,273885,1,164645,1,112335,1,3326985,1,10941,1,357685,1,13606,4,528703,4,80464,4,795905,4,1496808,8,2092359,96,196326,36,3687,1,33654,1,3056,1,3857,1,1463,2,6342,1,129438,1,17483,1,4248,1,5290,1,23295,1,215783,1,29346,1,16249,1,233,1,9546,1,4463,1,16482,1,9546,1,48,1,1240,1,1,1,0,1,4235,1,5044,1,267,1
124,4096500,4462,9546,28.979574,1240,0,11,8,96,36135,1463,4348,4060365,16,192,20,1,27443,1,60,1,268805,1,168162,1,113848,1,3470806,1,11222,1,352325,1,12644,4,536648,4,80334,4,774714,4,1643604,8,2216382,96,197589,36,5370,1,44595,1,6933,1,3968,1,1573,2,6633,1,129188,1,21882,1,3827,1,5190,1,23505,1,210433,1,29296,1,16255,1,228,1,9546,1,4462,1,16483,1,9546,1,48,1,1240,1,1,1,0,1,4251,1,5044,1,251,1
125,3985600,4463,9546,28.98009,1240,0,11,8,96,36944,1683,4088,3948656,16,192,60,1,27413,1,140,1,276580,1,183542,1,116032,1,3333607,1,11282,1,379778,1,15670,4,532300,4,79783,4,767080,4,1501447,8,2063093,96,201346,36,3918,1,37622,1,2845,1,4058,1,1323,2,6102,1,138586,1,26401,1,3918,1,5470,1,24938,1,216254,1,29497,1,16247,1,240,1,9546,1,4463,1,16487,1,9546,1,48,1,1240,1,1,1,0,1,4274,1,5044,1,228,1
126,4145300,4466,9546,28.980558,1240,0,11,8,96,33572,1353,4088,4111728,16,192,30,1,26902,1,60,1,272161,1,158854,1,111173,1,3531787,1,10761,1,335523,1,12845,4,618044,4,82378,4,863064,4,1559097,8,2210866,96,207207,36,4879,1,37953,1,3938,1,3807,1,1383,2,7524,1,122635,1,18365,1,4208,1,5400,1,22714,1,215703,1,28004,1,16264,1,246,1,9546,1,4466,1,16510,1,9546,1,48,1,1240,1,1,1,0,1,4250,1,5043,1,253,1
127,4034100,4466,9546,28.98101,1240,0,11,8,96,33034,1223,4339,4001066,16,192,20,1,28565,1,120,1,279315,1,178211,1,131332,1,3372752,1,10751,1,356874,1,12544,4,528402,4,80013,4,794392,4,1548237,8,2127045,96,211245,36,3687,1,32643,1,2995,1,4108,1,1473,2,6162,1,136191,1,23455,1,4428,1,5851,1,24367,1,214170,1,34596,1,16262,1,252,1,9546,1,4466,1,16514,1,9546,1,48,1,1240,1,1,1,0,1,4294,1,5042,1,210,1
128,4032300,4468,9546,28.981445,1240,0,11,8,96,34360,1343,4028,3997940,16,192,40,1,26992,1,60,1,264126,1,157943,1,111544,1,3426445,1,10791,1,321726,1,13025,4,551877,4,82037,4,889404,4,1510524,8,2188914,96,206987,36,4318,1,36861,1,3216,1,4228,1,1343,2,6543,1,124759,1,16492,1,3807,1,5100,1,22373,1,209061,1,27423,1,16271,1,247,1,9546,1,4468,1,16518,1,9546,1,48,1,1240,1,1,1,0,1,4315,1,5042,1,189,1
129,4469000,4465,9546,28.981846,1240,0,11,8,96,35971,1723,11041,4433029,16,192,140,1,34085,1,80,1,304133,1,165166,1,146180,1,3770009,1,13235,1,407581,1,13977,4,580342,4,81045,4,817486,4,1794333,8,2394393,96,206385,36,6352,1,45527,1,5410,1,4499,1,1723,2,10009,1,121653,1,23735,1,4338,1,6553,1,25850,1,235702,1,35478,1,16277,1,243,1,9546,1,4465,1,16520,1,9546,1,48,1,1240,1,1,1,0,1,4342,1,5041,1,163,1
130,4134100,4468,9546,28.982235,1240,0,11,8,96,32461,1393,3918,4101639,16,192,160,1,36269,1,40,1,344169,1,188080,1,169705,1,3352383,1,10831,1,408342,1,12324,4,527681,4,79472,4,768242,4,1503090,8,2074675,96,192739,36,2886,1,33614,1,2876,1,5050,1,1393,2,6022,1,138756,1,25238,1,5521,1,8055,1,27012,1,266761,1,41850,1,16294,1,233,1,9546,1,4468,1,16527,1,9546,1,48,1,1240,1,1,1,0,1,4301,1,5041,1,204,1
131,4116300,4466,9546,28.982603,1240,0,10,8,96,32345,1403,3898,4083955,16,180,60,1,26871,1,50,1,274366,1,164425,1,111373,1,3495678,1,11131,1,332597,1,13646,4,533332,4,80294,4,781016,4,1694988,8,2278635,96,193471,24,4539,1,38594,1,3457,1,3777,1,1373,2,6663,1,129198,1,17964,1,3637,1,5170,1,22884,1,217377,1,28745,1,16315,1,230,1,9546,1,4466,1,16545,1,9546,1,48,1,1240,1,1,1,0,1,4355,1,5041,1,150,1
132,4083000,4467,9546,28.982958,1240,0,10,8,96,33270,1202,3477,4049730,16,180,40,1,27643,1,40,1,277031,1,166800,1,118006,1,3449449,1,10721,1,382433,1,12604,4,527962,4,80134,4,794743,4,1597922,8,2202710,96,186477,24,3487,1,34676,1,2936,1,3948,1,1433,2,5971,1,123336,1,26080,1,3897,1,5240,1,23405,1,217948,1,30148,1,16329,1,224,1,9546,1,4467,1,16553,1,9546,1,48,1,1240,1,1,1,0,1,4360,1,5042,1,144,1
133,4100400,4465,9546,28.983284,1240,0,10,8,96,37275,1273,3607,4063125,16,180,120,1,26912,1,50,1,271630,1,147803,1,112375,1,3493314,1,10921,1,395698,1,13676,4,543441,4,81085,4,821254,4,1574497,8,2202640,96,189503,24,4368,1,42091,1,3547,1,3918,1,1653,2,6813,1,113658,1,17303,1,3787,1,5801,1,22132,1,215593,1,27833,1,16326,1,227,1,9546,1,4465,1,16553,1,9546,1,48,1,1240,1,1,1,0,1,4361,1,5042,1,143,1
134,4343000,4464,9546,28.983583,1240,0,10,8,96,36969,1523,3819,4306031,16,180,832,1,27903,1,110,1,273304,1,176288,1,133346,1,3682376,1,11873,1,418772,1,12855,4,542379,4,80324,4,917167,4,1631246,8,2357335,96,187259,24,4338,1,54955,1,5741,1,5100,1,1443,2,6533,1,125050,1,33123,1,4709,1,5671,1,24136,1,213008,1,30178,1,16330,1,223,1,9546,1,4464,1,16553,1,9546,1,48,1,1240,1,1,1,0,1,4358,1,5042,1,146,1
135,4393300,4468,9546,28.98386,1240,0,10,8,96,35019,1984,3657,4358281,16,180,90,1,27322,1,30,1,276800,1,270138,1,138876,1,3633542,1,11482,1,474469,1,13145,4,531919,4,83089,4,834569,4,1624112,8,2254379,96,200644,24,3827,1,47972,1,4158,1,5681,1,1563,2,7054,1,187650,1,62510,1,4659,1,6512,1,25208,1,214762,1,29907,1,16320,1,233,1,9546,1,4468,1,16553,1,9546,1,48,1,1240,1,1,1,0,1,4365,1,5040,1,141,1
136,4751800,4468,9546,28.984129,1240,0,11,8,96,33269,1222,3928,4718531,16,192,90,1,27663,1,120,1,271981,1,178913,1,136231,1,4092281,1,11252,1,430765,1,14347,4,676586,4,88359,4,918119,4,1898638,8,2618266,96,194563,36,3537,1,45136,1,2976,1,4909,1,1333,2,6352,1,133586,1,28224,1,3687,1,6072,1,24357,1,212928,1,28174,1,16322,1,228,1,9546,1,4468,1,16550,1,9546,1,48,1,1240,1,1,1,0,1,4365,1,5039,1,142,1
137,4331800,4466,9546,28.984394,1240,0,10,8,96,33874,1493,3988,4297926,16,180,230,1,27903,1,271,1,272482,1,174815,1,115161,1,3695401,1,11662,1,403593,1,12815,4,529615,4,87828,4,876319,4,1712912,8,2394668,96,190575,24,3196,1,51759,1,4268,1,4068,1,1443,2,6092,1,130801,1,27022,1,3777,1,5911,1,24156,1,214050,1,28134,1,16331,1,221,1,9546,1,4466,1,16552,1,9546,1,48,1,1240,1,1,1,0,1,4410,1,5037,1,99,1
138,4381500,4469,9546,28.984627,1240,0,10,8,96,34501,1643,4539,4346999,16,180,351,1,28334,1,60,1,278554,1,272382,1,148084,1,3608284,1,10951,1,408142,1,12654,4,622072,4,79582,4,818689,4,1606168,8,2229442,96,190876,24,3306,1,35999,1,2906,1,9178,1,1744,2,6202,1,203720,1,49805,1,4368,1,6332,1,25479,1,217847,1,28495,1,16323,1,228,1,9546,1,4469,1,16551,1,9546,1,48,1,1240,1,1,1,0,1,4390,1,5036,1,120,1
139,3982900,4467,9545,28.984867,1240,0,10,8,96,33543,1443,3768,3949357,16,180,100,1,28935,1,20,1,277832,1,156550,1,113207,1,3361391,1,11322,1,341444,1,12274,4,533302,4,80504,4,808018,4,1528198,8,2146262,96,186187,24,3877,1,36971,1,3607,1,4238,1,1373,2,6142,1,122014,1,17534,1,3717,1,5671,1,23715,1,219721,1,28505,1,16329,1,224,1,9545,1,4467,1,16553,1,9545,1,48,1,1240,1,1,1,0,1,4404,1,5036,1,105,1
140,3906700,4466,9545,28.985088,1240,0,10,8,96,33859,1533,3968,3872841,16,180,130,1,27553,1,130,1,276019,1,161059,1,111914,1,3284884,1,11151,1,357044,1,12324,4,531007,4,79933,4,762932,4,1489063,8,2059456,96,188571,24,3517,1,33103,1,3006,1,3857,1,1433,2,6132,1,118778,1,25569,1,3667,1,5601,1,23445,1,215032,1,31370,1,16316,1,226,1,9545,1,4466,1,16542,1,9545,1,48,1,1240,1,1,1,0,1,4422,1,5037,1,86,1
141,4013500,4466,9545,28.985296,1240,0,10,8,96,34546,1383,4118,3978954,16,180,110,1,27232,1,50,1,270118,1,154526,1,134748,1,3381058,1,11111,1,378635,1,14297,4,539995,4,80705,4,820001,4,1492069,8,2117717,96,190235,24,3968,1,34917,1,3236,1,4028,1,1423,2,6402,1,120551,1,17213,1,3837,1,5511,1,23445,1,212838,1,28154,1,16320,1,226,1,9545,1,4466,1,16546,1,9545,1,48,1,1240,1,1,1,0,1,4420,1,5037,1,88,1
142,3983200,4466,9545,28.985493,1240,0,10,8,96,32791,1262,3808,3950409,16,180,140,1,27924,1,150,1,265899,1,152913,1,113758,1,3378493,1,11131,1,349860,1,12484,4,535145,4,79893,4,771578,4,1576451,8,2153746,96,190475,24,3487,1,33494,1,3296,1,3837,1,1443,2,6262,1,113227,1,22924,1,3958,1,5941,1,23525,1,208009,1,28184,1,16329,1,223,1,9545,1,4466,1,16552,1,9545,1,48,1,1240,1,1,1,0,1,4417,1,5037,1,91,1
143,4016900,4468,9545,28.98568,1240,0,10,8,96,33407,1343,4248,3983493,16,180,60,1,27533,1,100,1,265078,1,167381,1,115141,1,3397149,1,11051,1,350722,1,12815,4,561316,4,80404,4,788070,4,1547175,8,2141663,96,189333,24,4459,1,35177,1,3627,1,3907,1,1413,2,6723,1,125490,1,25088,1,3827,1,5230,1,22864,1,207698,1,28955,1,16324,1,226,1,9545,1,4468,1,16550,1,9545,1,48,1,1240,1,1,1,0,1,4422,1,5038,1,85,1
144,4209400,4471,9545,28.985857,1240,0,10,8,96,32637,1232,4099,4176763,16,180,70,1,26731,1,50,1,267092,1,142824,1,125050,1,3604266,1,10680,1,333729,1,13065,4,538131,4,82167,4,892991,4,1687153,8,2372806,96,203239,24,3988,1,37111,1,3036,1,3897,1,1443,2,6322,1,108588,1,17834,1,3627,1,5641,1,23916,1,206536,1,30659,1,16320,1,236,1,9545,1,4471,1,16556,1,9545,1,48,1,1240,1,1,1,0,1,4439,1,5037,1,69,1
145,3927600,4470,9545,28.986025,1240,0,10,8,96,32346,1353,3567,3895254,16,180,40,1,27823,1,120,1,262643,1,170617,1,113628,1,3309551,1,10831,1,376151,1,12574,4,531318,4,79643,4,762040,4,1494313,8,2049266,96,203520,24,3477,1,34606,1,2895,1,3797,1,1343,2,6042,1,126633,1,27232,1,3607,1,5581,1,23225,1,204772,1,28795,1,16316,1,243,1,9545,1,4470,1,16559,1,9545,1,48,1,1240,1,1,1,0,1,4440,1,5038,1,67,1
146,4164300,4468,9545,28.986183,1240,0,10,8,96,32293,1713,4068,4132007,16,180,60,1,27172,1,60,1,268635,1,146781,1,113467,1,3565021,1,10811,1,334481,1,13326,4,634426,4,81556,4,830832,4,1610937,8,2239922,96,197779,24,4469,1,37612,1,3587,1,3727,1,1443,2,6913,1,111123,1,18125,1,4829,1,5651,1,24297,1,210363,1,28154,1,16315,1,237,1,9545,1,4468,1,16552,1,9545,1,48,1,1240,1,1,1,0,1,4440,1,5039,1,66,1
147,4088300,4467,9545,28.98633,1240,0,10,8,96,34783,1242,3838,4053517,16,180,80,1,27372,1,100,1,274115,1,155117,1,123927,1,3457124,1,15680,1,377944,1,13055,4,551246,4,79863,4,750608,4,1594956,8,2151282,96,190445,24,6182,1,63682,1,6282,1,3948,1,1543,2,6573,1,115271,1,23475,1,3577,1,5841,1,24277,1,211966,1,31801,1,16336,1,224,1,9545,1,4467,1,16560,1,9545,1,48,1,1240,1,1,1,0,1,4457,1,5039,1,49,1
148,3925100,4465,9545,28.98647,1240,0,10,8,96,34155,1232,3958,3890945,16,180,30,1,29336,1,80,1,269186,1,156981,1,117866,1,3306526,1,10941,1,367715,1,12604,4,548741,4,79963,4,760858,4,1483793,8,2055839,96,184854,24,3938,1,33023,1,3186,1,3787,1,1363,2,6322,1,115070,1,25920,1,3537,1,5731,1,24938,1,209000,1,29266,1,16341,1,222,1,9545,1,4465,1,16563,1,9545,1,48,1,1240,1,1,1,0,1,4449,1,5039,1,57,1
149,4015500,4466,9545,28.986603,1240,0,10,8,96,34743,1393,3778,3980757,16,180,40,1,26801,1,90,1,265158,1,143074,1,110672,1,3424161,1,10761,1,325213,1,13175,4,528443,4,82187,4,862913,4,1551383,8,2226786,96,183732,24,4499,1,39456,1,3607,1,3797,1,1292,2,6803,1,109550,1,17684,1,3627,1,5470,1,23505,1,207728,1,28204,1,16345,1,221,1,9545,1,4466,1,16566,1,9545,1,48,1,1240,1,1,1,0,1,4445,1,5039,1,61,1
150,3927000,4467,9545,28.986732,1240,0,10,8,96,33009,1372,3758,3893991,16,180,40,1,27763,1,40,1,266531,1,163523,1,115421,1,3309922,1,10751,1,411228,1,12253,4,535296,4,79643,4,749326,4,1465388,8,2032945,96,178011,24,3938,1,36440,1,3256,1,3887,1,1423,2,6472,1,120441,1,26491,1,3537,1,5521,1,23275,1,207928,1,29557,1,16347,1,217,1,9545,1,4467,1,16564,1,9545,1,48,1,1240,1,1,1,0,1,4448,1,5039,1,58,1
151,4168400,4467,9545,28.986855,1240,0,10,8,96,33818,1753,3708,4134582,16,180,40,1,26932,1,100,1,262864,1,146481,1,111454,1,3574178,1,12534,1,339090,1,14909,4,551487,4,82368,4,824049,4,1692643,8,2316177,96,196807,24,3837,1,48433,1,3547,1,3767,1,1373,2,6923,1,112295,1,17023,1,4709,1,5470,1,22744,1,206816,1,27663,1,16333,1,229,1,9545,1,4467,1,16562,1,9545,1,48,1,1240,1,1,1,0,1,4444,1,5039,1,62,1
152,4259800,4465,9545,28.986967,1240,0,10,8,96,33582,1713,4088,4226218,16,180,40,1,28004,1,180,1,269947,1,186137,1,131873,1,3598375,1,11662,1,462316,1,12614,4,530476,4,80765,4,796496,4,1627839,8,2231746,96,188501,24,3627,1,66808,1,4108,1,3998,1,1363,2,6252,1,130831,1,38173,1,3887,1,6102,1,24717,1,209732,1,29076,1,16330,1,229,1,9545,1,4465,1,16559,1,9545,1,48,1,1240,1,1,1,0,1,4455,1,5041,1,49,1
153,4039700,4464,9545,28.987074,1240,0,10,8,96,34395,1323,4760,4005305,16,180,60,1,27934,1,100,1,269106,1,156841,1,129127,1,3411537,1,10600,1,429092,1,13606,4,535055,4,80013,4,778211,4,1521175,8,2108670,96,185956,24,3346,1,35318,1,2865,1,4108,1,1463,2,5961,1,115511,1,25329,1,3517,1,5561,1,24657,1,208960,1,29687,1,16337,1,226,1,9545,1,4464,1,16563,1,9545,1,48,1,1240,1,1,1,0,1,4459,1,5042,1,44,1
154,4002500,4465,9545,28.987171,1240,0,10,8,96,35048,1553,3847,3967452,16,180,100,1,28154,1,70,1,264577,1,145920,1,113307,1,3403752,1,11572,1,360461,1,13857,4,533773,4,81907,4,827375,4,1526535,8,2161812,96,188251,24,4058,1,39035,1,3747,1,3857,1,1383,2,6212,1,112265,1,17754,1,3677,1,5791,1,23836,1,205975,1,28755,1,16344,1,223,1,9545,1,4465,1,16567,1,9545,1,48,1,1240,1,1,1,0,1,4461,1,5042,1,42,1
155,4091400,4466,9545,28.987276,1240,0,10,8,96,34597,7384,4068,4056803,16,180,321,1,35859,1,140,1,331405,1,161620,1,158784,1,3355630,1,13045,1,428481,1,13606,4,533733,4,79973,4,758493,4,1483593,8,2052001,96,186016,24,2946,1,32102,1,2865,1,4719,1,1864,2,5871,1,115221,1,25469,1,5300,1,7915,1,27883,1,257163,1,37873,1,16343,1,224,1,9545,1,4466,1,16567,1,9545,1,48,1,1240,1,1,1,0,1,4451,1,5042,1,52,1
156,4223100,4466,9545,28.98737,1240,0,10,8,96,32110,1272,3216,4190990,16,180,190,1,33404,1,110,1,307259,1,155107,1,153254,1,3530745,1,10921,1,402842,1,13025,4,531969,4,80274,4,855850,4,1590417,8,2254860,96,188191,24,3276,1,36891,1,2906,1,4469,1,1403,2,6152,1,114299,1,20690,1,4469,1,7324,1,26811,1,234650,1,38223,1,16348,1,216,1,9545,1,4466,1,16564,1,9545,1,48,1,1240,1,1,1,0,1,4455,1,5040,1,50,1
157,3868100,4464,9545,28.987461,1240,0,10,8,96,37630,1703,3468,3830470,16,180,160,1,28124,1,411,1,266822,1,157532,1,111223,1,3255237,1,10961,1,357846,1,12153,4,532260,4,78971,4,749276,4,1473874,8,2038164,96,181518,24,3156,1,31801,1,2916,1,3938,1,1403,2,5941,1,115632,1,25759,1,3677,1,5991,1,22784,1,208019,1,29807,1,16345,1,219,1,9545,1,4464,1,16564,1,9545,1,48,1,1240,1,1,1,0,1,4460,1,5041,1,44,1
158,4437300,4468,9545,28.987545,1240,0,10,8,96,44498,1433,6112,4392802,16,180,210,1,35478,1,60,1,338338,1,204477,1,175256,1,3625326,1,13656,1,557558,1,14959,4,651649,4,80194,4,773783,4,1486959,8,2062292,96,192339,24,3537,1,37762,1,2936,1,6392,1,2385,2,5781,1,150905,1,33504,1,4559,1,8206,1,29797,1,261571,1,38173,1,16331,1,233,1,9545,1,4468,1,16564,1,9545,1,48,1,1240,1,1,1,0,1,4467,1,5041,1,37,1
159,4339500,4466,9545,28.987621,1240,0,10,8,96,32918,1432,4078,4306582,16,180,200,1,33063,1,40,1,318220,1,157732,1,153534,1,3632620,1,11171,1,438200,1,14448,4,589670,4,81426,4,754636,4,1693926,8,2248889,96,195595,24,3356,1,39125,1,3907,1,4469,1,1914,2,6112,1,117164,1,20990,1,4669,1,7735,1,25980,1,246833,1,37342,1,16324,1,235,1,9545,1,4466,1,16559,1,9545,1,48,1,1240,1,1,1,0,1,4468,1,5041,1,36,1
160,3894400,4466,9545,28.98769,1240,0,10,8,96,31819,1232,3988,3862581,16,180,100,1,27062,1,50,1,273765,1,156239,1,112836,1,3281828,1,10701,1,374468,1,12394,4,530216,4,79953,4,749717,4,1480276,8,2037904,96,188100,24,3657,1,34847,1,3517,1,3857,1,1373,2,6322,1,115311,1,24747,1,3417,1,5551,1,22673,1,217076,1,28124,1,16337,1,227,1,9545,1,4466,1,16564,1,9545,1,48,1,1240,1,1,1,0,1,4466,1,5041,1,38,1
161,3965300,4467,9545,28.98776,1240,0,10,8,96,32585,1583,3737,3932715,16,180,10,1,27302,1,70,1,270919,1,144387,1,110742,1,3367953,1,11332,1,326856,1,13376,4,535065,4,81456,4,799662,4,1555370,8,2154178,96,197118,24,4198,1,35528,1,3216,1,3757,1,1402,2,6482,1,110782,1,16963,1,4449,1,5881,1,23575,1,211375,1,29897,1,16327,1,236,1,9545,1,4467,1,16563,1,9545,1,48,1,1240,1,1,1,0,1,4471,1,5040,1,34,1
162,3867200,4469,9545,28.987827,1240,0,10,8,96,29436,1252,3517,3837764,16,180,10,1,27052,1,80,1,265399,1,154626,1,112425,1,3267401,1,10771,1,349089,1,12484,4,527851,4,79873,4,755518,4,1488081,8,2041712,96,198370,24,3767,1,34747,1,3156,1,3797,1,1343,2,6442,1,115091,1,22663,1,4589,1,6172,1,22784,1,208089,1,28134,1,16321,1,241,1,9545,1,4469,1,16562,1,9545,1,48,1,1240,1,1,1,0,1,4470,1,5039,1,36,1
163,3960300,4469,9545,28.987888,1240,0,10,8,96,35420,1183,3717,3924880,16,180,100,1,28084,1,100,1,266190,1,159395,1,111934,1,3348125,1,10951,1,381010,1,14257,4,534444,4,80093,4,800404,4,1483783,8,2085796,96,194673,24,4148,1,33975,1,3186,1,3777,1,1383,2,6482,1,120641,1,23204,1,3437,1,6282,1,23375,1,207367,1,28925,1,16315,1,236,1,9545,1,4469,1,16551,1,9545,1,48,1,1240,1,1,1,0,1,4480,1,5040,1,25,1
164,3977200,4466,9545,28.98795,1240,0,10,8,96,33323,1272,3567,3943877,16,180,80,1,27142,1,90,1,262353,1,147182,1,112706,1,3383293,1,11031,1,326225,1,13456,4,526849,4,80434,4,816434,4,1565199,8,2187832,96,190235,24,3928,1,34376,1,3226,1,4118,1,1363,2,6412,1,111874,1,19658,1,3557,1,6292,1,22583,1,205995,1,27242,1,16323,1,221,1,9545,1,4466,1,16544,1,9545,1,48,1,1240,1,1,1,0,1,4482,1,5040,1,23,1
165,3909900,4468,9545,28.988005,1240,0,10,8,96,34164,1262,3909,3875736,16,180,10,1,27483,1,130,1,263986,1,151280,1,113347,1,3308880,1,10620,1,350071,1,12905,4,535917,4,79813,4,765988,4,1512007,8,2067631,96,206456,24,3687,1,32332,1,3096,1,4108,1,1323,2,6372,1,112325,1,23074,1,3457,1,6032,1,23204,1,206095,1,28334,1,16296,1,248,1,9545,1,4468,1,16544,1,9545,1,48,1,1240,1,1,1,0,1,4482,1,5040,1,23,1
166,3948300,4469,9545,28.988058,1240,0,10,8,96,33679,1573,3858,3914621,16,180,30,1,27583,1,130,1,261391,1,136171,1,111965,1,3366380,1,10971,1,336104,1,13336,4,545395,4,79653,4,807537,4,1526024,8,2125152,96,204552,24,4519,1,36380,1,3918,1,3897,1,1403,2,6643,1,103899,1,16952,1,3417,1,5811,1,22042,1,205884,1,27473,1,16303,1,248,1,9545,1,4469,1,16551,1,9545,1,48,1,1240,1,1,1,0,1,4480,1,5040,1,25,1
167,3894500,4468,9545,28.98811,1240,0,10,8,96,33201,1232,3848,3861299,16,180,90,1,27292,1,70,1,262263,1,151971,1,111233,1,3297578,1,10801,1,368286,1,12534,4,528352,4,79813,4,755778,4,1500826,8,2049256,96,203500,24,3547,1,32783,1,2966,1,3887,1,1413,2,6162,1,111333,1,24888,1,3617,1,5901,1,22673,1,205013,1,28394,1,16302,1,243,1,9545,1,4468,1,16545,1,9545,1,48,1,1240,1,1,1,0,1,4479,1,5041,1,25,1
168,3913400,4469,9545,28.988153,1240,0,10,8,96,32093,1403,3677,3881307,16,180,40,1,27282,1,60,1,258736,1,143966,1,111494,1,3328969,1,10761,1,359659,1,16121,4,533422,4,80083,4,791206,4,1493652,8,2080456,96,200725,24,3907,1,35107,1,2986,1,3767,1,1413,2,6242,1,111093,1,17313,1,3487,1,5761,1,22293,1,202949,1,27533,1,16303,1,242,1,9545,1,4469,1,16545,1,9545,1,48,1,1240,1,1,1,0,1,4479,1,5041,1,25,1
169,4102400,4468,9545,28.988195,1240,0,10,8,96,35427,1242,4118,4066973,16,180,100,1,27473,1,160,1,264857,1,148194,1,111764,1,3502972,1,11452,1,372183,1,12113,4,530156,4,79472,4,826654,4,1605877,8,2228330,96,200083,24,7074,1,51228,1,4899,1,4068,1,1413,2,6593,1,109219,1,23305,1,3467,1,6633,1,23395,1,205033,1,29587,1,16318,1,239,1,9545,1,4468,1,16557,1,9545,1,48,1,1240,1,1,1,0,1,4478,1,5041,1,26,1
170,3927500,4471,9545,28.98824,1240,0,10,8,96,33769,1212,3978,3893731,16,180,180,1,27683,1,80,1,277612,1,158283,1,114339,1,3304892,1,10660,1,369698,1,12364,4,538221,4,79572,4,752933,4,1494985,8,2038426,96,205514,24,3968,1,36670,1,2886,1,4479,1,1383,2,6522,1,110422,1,31731,1,3447,1,6512,1,24928,1,217587,1,28064,1,16309,1,251,1,9545,1,4471,1,16560,1,9545,1,48,1,1240,1,1,1,0,1,4490,1,5041,1,14,1
171,4050300,4470,9545,28.988277,1240,0,11,8,96,39124,1513,6793,4011176,16,192,230,1,31230,1,100,1,311637,1,158103,1,141822,1,3356752,1,11302,1,365691,1,12304,4,529855,4,80735,4,806565,4,1507979,8,2099182,96,208570,36,3807,1,32853,1,3056,1,4288,1,1503,2,6603,1,113938,1,19427,1,4058,1,7735,1,25188,1,239168,1,35799,1,16314,1,248,1,9545,1,4470,1,16562,1,9545,1,48,1,1240,1,1,1,0,1,4485,1,5040,1,20,1
172,4226800,4471,9545,28.988316,1240,0,11,8,96,33470,1252,3698,4193330,16,192,160,1,31320,1,80,1,311908,1,166775,1,166369,1,3506078,1,10640,1,435645,1,13576,4,577366,4,80574,4,785685,4,1561943,8,2135410,96,208520,36,2845,1,31621,1,2916,1,4980,1,1733,2,5941,1,119194,1,24597,1,4909,1,8316,1,25469,1,241032,1,36570,1,16313,1,250,1,9545,1,4471,1,16563,1,9545,1,48,1,1240,1,1,1,0,1,4493,1,5039,1,13,1
173,4133500,4469,9545,28.98835,1240,0,11,8,96,36650,1723,4098,4096850,16,192,30,1,26671,1,40,1,275368,1,150879,1,111033,1,3521728,1,11101,1,324141,1,12955,4,529885,4,85223,4,897289,4,1609334,8,2299155,96,203370,36,3386,1,42882,1,3276,1,3968,1,1553,2,6112,1,118116,1,17343,1,3296,1,6583,1,22283,1,218368,1,27903,1,16321,1,245,1,9545,1,4469,1,16566,1,9545,1,48,1,1240,1,1,1,0,1,4483,1,5040,1,22,1
174,4134100,4470,9545,28.988382,1240,0,11,8,96,33543,1613,4079,4100557,16,192,150,1,27543,1,180,1,281529,1,159005,1,117796,1,3502922,1,11432,1,444943,1,13135,4,533923,4,79552,4,751750,4,1601819,8,2140971,96,208520,36,3857,1,55005,1,6252,1,3787,1,1383,2,5901,1,110882,1,32723,1,3437,1,7504,1,23315,1,219481,1,31080,1,16314,1,249,1,9545,1,4470,1,16563,1,9545,1,48,1,1240,1,1,1,0,1,4488,1,5040,1,17,1
175,3935900,4470,9545,28.988405,1240,0,11,8,96,33563,1273,3908,3902337,16,192,60,1,27032,1,30,1,274776,1,156580,1,116243,1,3316956,1,10660,1,394476,1,12704,4,538602,4,80314,4,751981,4,1482982,8,2026613,96,204442,36,3617,1,36750,1,2956,1,3827,1,1392,2,6082,1,110923,1,29797,1,3457,1,6843,1,24808,1,213669,1,29236,1,16317,1,246,1,9545,1,4470,1,16563,1,9545,1,48,1,1240,1,1,1,0,1,4493,1,5040,1,12,1
176,4119600,4470,9545,28.988434,1240,0,11,8,96,33811,1653,3978,4085789,16,192,60,1,27042,1,50,1,273574,1,141431,1,113548,1,3518943,1,11141,1,349690,1,13566,4,538291,4,80434,4,810293,4,1641205,8,2236906,96,210614,36,4559,1,61458,1,4579,1,4088,1,1403,2,7725,1,108137,1,17864,1,3607,1,6793,1,23134,1,215242,1,28254,1,16313,1,246,1,9545,1,4470,1,16559,1,9545,1,48,1,1240,1,1,1,0,1,4489,1,5040,1,16,1
177,4515200,4471,9545,28.988464,1240,0,11,8,96,40803,1653,9569,4474397,16,192,501,1,40678,1,100,1,422299,1,283958,1,230111,1,3485268,1,11482,1,481823,1,14137,4,604659,4,83821,4,767020,4,1471940,8,2024659,96,204732,36,3236,1,40638,1,2936,1,5420,1,1984,2,6001,1,207902,1,46659,1,6683,1,10300,1,30038,1,333529,1,47551,1,16317,1,246,1,9545,1,4471,1,16563,1,9545,1,48,1,1240,1,1,1,0,1,4490,1,5039,1,16,1
178,4567400,4468,9545,28.988497,1240,0,11,8,96,38212,1302,4078,4529188,16,192,110,1,33123,1,60,1,321326,1,173442,1,162511,1,3827855,1,10761,1,479659,1,14007,4,630608,4,80023,4,870728,4,1689287,8,2358038,96,197899,36,5100,1,37943,1,4218,1,5481,1,1894,2,7605,1,128556,1,24707,1,4639,1,8717,1,27232,1,246613,1,38544,1,16323,1,238,1,9545,1,4468,1,16561,1,9545,1,48,1,1240,1,1,1,0,1,4489,1,5040,1,16,1
179,4294600,4470,9545,28.988514,1240,0,11,8,96,43655,1593,9870,4250945,16,192,341,1,31651,1,190,1,309303,1,156039,1,137784,1,3602413,1,13225,1,367364,1,13406,4,556526,4,82959,4,811104,4,1693315,8,2294045,96,200504,36,5120,1,55617,1,3146,1,4248,1,1583,2,6432,1,115662,1,23745,1,3968,1,18335,1,25178,1,230993,1,34446,1,16322,1,241,1,9545,1,4470,1,16563,1,9545,1,48,1,1240,1,1,1,0,1,4494,1,5040,1,11,1
180,4285900,4469,9545,28.988539,1240,0,11,8,96,34815,1202,4028,4251085,16,192,60,1,39896,1,250,1,373165,1,212577,1,186678,1,3427748,1,10711,1,501561,1,12344,4,528182,4,80003,4,764946,4,1488001,8,2044738,96,204181,36,2926,1,32422,1,2845,1,5521,1,1523,2,6272,1,160978,1,27062,1,5360,1,10250,1,29507,1,285557,1,47501,1,16314,1,246,1,9545,1,4469,1,16560,1,9545,1,48,1,1240,1,1,1,0,1,4484,1,5040,1,21,1
181,4131200,4470,9545,28.988562,1240,0,11,8,96,35823,1513,4049,4095377,16,192,10,1,27763,1,40,1,268124,1,158914,1,110923,1,3518812,1,10791,1,319713,1,12484,4,529184,4,81005,4,862052,4,1657496,8,2307951,96,207548,36,3216,1,37582,1,3196,1,3857,1,1393,2,6122,1,125100,1,18345,1,3477,1,6472,1,22693,1,210734,1,27974,1,16310,1,246,1,9545,1,4470,1,16556,1,9545,1,48,1,1240,1,1,1,0,1,4496,1,5040,1,9,1
182,3861000,4469,9545,28.988585,1240,0,11,8,96,33216,1323,3828,3827784,16,192,50,1,28034,1,60,1,268815,1,152743,1,112065,1,3255257,1,10761,1,360701,1,12354,4,530326,4,79502,4,749727,4,1469726,8,2012346,96,203280,36,2936,1,34316,1,3076,1,3817,1,1443,2,6012,1,111484,1,26210,1,3366,1,6492,1,22814,1,210704,1,28525,1,16306,1,246,1,9545,1,4469,1,16552,1,9545,1,48,1,1240,1,1,1,0,1,4501,1,5040,1,4,1
183,4140500,4469,9545,28.988605,1240,0,11,8,96,39422,1382,3889,4101078,16,192,150,1,37322,1,50,1,352876,1,171198,1,125340,1,3402880,1,11262,1,407902,1,13847,4,552469,4,79773,4,773562,4,1518720,8,2083792,96,204602,36,4048,1,34937,1,3016,1,5220,1,1533,2,6472,1,126522,1,28595,1,3467,1,9628,1,27563,1,273254,1,42010,1,16303,1,249,1,9545,1,4469,1,16552,1,9545,1,48,1,1240,1,1,1,0,1,4493,1,5040,1,12,1
184,4000300,4468,9545,28.98862,1240,0,11,8,96,31926,1403,4128,3968374,16,192,50,1,27382,1,110,1,271570,1,140860,1,112576,1,3405165,1,10660,1,343809,1,13185,4,530967,4,79873,4,772150,4,1609554,8,2175438,96,202137,36,4098,1,35288,1,3276,1,3747,1,1323,2,6492,1,106875,1,18375,1,3637,1,6763,1,24397,1,212587,1,27613,1,16302,1,248,1,9545,1,4468,1,16550,1,9545,1,48,1,1240,1,1,1,0,1,4492,1,5040,1,13,1
185,4194700,4468,9545,28.988636,1240,0,11,8,96,33918,1463,3677,4160782,16,192,160,1,34356,1,210,1,303461,1,155077,1,147763,1,3506419,1,13336,1,425024,1,13115,4,590411,4,80624,4,783491,4,1562534,8,2139930,96,202418,36,2946,1,31921,1,2886,1,4469,1,1773,2,5761,1,114850,1,22623,1,4048,1,8246,1,25399,1,233337,1,36059,1,16303,1,248,1,9545,1,4468,1,16551,1,9545,1,48,1,1240,1,1,1,0,1,4495,1,5040,1,10,1
186,4213900,4468,9545,28.988659,1240,0,11,8,96,32087,1543,3817,4181813,16,192,100,1,33424,1,100,1,309253,1,143515,1,141451,1,3542658,1,11312,1,385950,1,13977,4,584811,4,81466,4,864336,4,1554739,8,2211047,96,204211,36,2966,1,38273,1,2906,1,4118,1,1753,2,5821,1,105682,1,19678,1,4439,1,8055,1,25950,1,236894,1,38183,1,16302,1,248,1,9545,1,4468,1,16550,1,9545,1,48,1,1240,1,1,1,0,1,4496,1,5041,1,8,1
187,3841700,4468,9545,28.988678,1240,0,11,8,96,31930,1363,4559,3809770,16,192,40,1,27062,1,180,1,268174,1,151340,1,112005,1,3240399,1,10570,1,357625,1,12284,4,529014,4,79562,4,747853,4,1462542,8,2003960,96,201877,36,3186,1,32683,1,3316,1,3797,1,1383,2,5791,1,110963,1,24988,1,3417,1,6633,1,23104,1,209622,1,28655,1,16300,1,248,1,9545,1,4468,1,16548,1,9545,1,48,1,1240,1,1,1,0,1,4493,1,5041,1,11,1
188,4153600,4467,9545,28.988693,1240,0,11,8,96,38645,1483,4159,4114955,16,192,140,1,49565,1,50,1,308671,1,179654,1,155147,1,3410645,1,11081,1,476413,1,13115,4,564862,4,80093,4,753203,4,1466961,8,2017074,96,198931,36,3557,1,35408,1,2966,1,4799,1,1793,2,5991,1,123627,1,37322,1,3968,1,8276,1,26671,1,237275,1,35889,1,16309,1,243,1,9545,1,4467,1,16552,1,9545,1,48,1,1240,1,1,1,0,1,4494,1,5041,1,10,1
189,4198400,4468,9545,28.988708,1240,0,11,8,96,34371,1393,3788,4164029,16,192,200,1,33033,1,50,1,315424,1,149737,1,158914,1,3495678,1,10991,1,411208,1,12384,4,528312,4,79663,4,801185,4,1605316,8,2198532,96,204181,36,3847,1,36801,1,3116,1,4649,1,1393,2,6412,1,110081,1,21020,1,4188,1,9067,1,25880,1,241383,1,38794,1,16300,1,248,1,9545,1,4468,1,16548,1,9545,1,48,1,1240,1,1,1,0,1,4497,1,5041,1,7,1
190,3866700,4469,9545,28.988724,1240,0,11,8,96,30750,1292,3808,3835950,16,192,100,1,27733,1,40,1,271590,1,145709,1,112275,1,3267882,1,10620,1,376552,1,12434,4,532771,4,79362,4,744396,4,1469566,8,2006574,96,203580,36,3296,1,33835,1,2946,1,3787,1,1383,2,6262,1,107466,1,22513,1,3296,1,7003,1,22734,1,213649,1,27964,1,16299,1,250,1,9545,1,4469,1,16549,1,9545,1,48,1,1240,1,1,1,0,1,4498,1,5041,1,6,1
191,3959400,4467,9545,28.988739,1240,0,11,8,96,31273,1222,3849,3928127,16,192,30,1,27453,1,60,1,274456,1,135660,1,111684,1,3367783,1,11001,1,323089,1,13235,4,541498,4,80214,4,784633,4,1569628,8,2152122,96,198290,36,3056,1,36821,1,2976,1,4188,1,1423,2,5801,1,103448,1,16872,1,3397,1,7464,1,22283,1,216224,1,28294,1,16302,1,243,1,9545,1,4467,1,16545,1,9545,1,48,1,1240,1,1,1,0,1,4500,1,5041,1,4,1
192,4105700,4469,9545,28.988747,1240,0,11,8,96,36022,1383,4129,4069678,16,192,170,1,31440,1,140,1,312940,1,160127,1,148945,1,3397971,1,17944,1,378285,1,13115,4,540766,4,80134,4,781908,4,1547175,8,2119731,96,205223,36,3547,1,35578,1,3066,1,4579,1,1423,2,7013,1,116273,1,25719,1,4138,1,9037,1,27192,1,239699,1,36500,1,16295,1,249,1,9545,1,4469,1,16544,1,9545,1,48,1,1240,1,1,1,0,1,4495,1,5041,1,9,1
193,4192900,4468,9545,28.988762,1240,0,11,8,96,32458,1443,4169,4160442,16,192,10,1,31340,1,60,1,289926,1,253486,1,147352,1,3427377,1,10891,1,434883,1,13626,4,568359,4,82608,4,758724,4,1512668,8,2058514,96,208710,36,3066,1,36139,1,3076,1,4469,1,1673,2,6643,1,203099,1,31220,1,3968,1,8306,1,24467,1,221975,1,34987,1,16292,1,248,1,9545,1,4468,1,16540,1,9545,1,48,1,1240,1,1,1,0,1,4496,1,5041,1,8,1
194,4200200,4469,9545,28.988777,1240,0,11,8,96,32043,1373,4018,4168157,16,192,90,1,28414,1,80,1,269917,1,141080,1,111413,1,3606250,1,10911,1,358988,1,14277,4,578709,4,81396,4,807643,4,1702697,8,2295759,96,210563,36,4038,1,40878,1,4098,1,3978,1,1393,2,6783,1,106314,1,19287,1,3467,1,7464,1,23034,1,211375,1,27713,1,16285,1,259,1,9545,1,4469,1,16544,1,9545,1,48,1,1240,1,1,1,0,1,4497,1,5041,1,7,1
195,4027400,4470,9545,28.988789,1240,0,11,8,96,30291,1222,3868,3997109,16,192,110,1,30589,1,140,1,289445,1,158674,1,145709,1,3361892,1,10550,1,424604,1,13626,4,560534,4,80174,4,758744,4,1468684,8,2019880,96,203680,36,3046,1,36209,1,2936,1,4428,1,1744,2,5941,1,112686,1,27944,1,3847,1,8697,1,26140,1,218088,1,36129,1,16294,1,251,1,9545,1,4470,1,16545,1,9545,1,48,1,1240,1,1,1,0,1,4500,1,5041,1,4,1
196,3956600,4469,9545,28.988796,1240,0,11,8,96,36869,1393,4228,3919731,16,192,40,1,27994,1,40,1,264737,1,142784,1,111223,1,3362022,1,10891,1,334671,1,13656,4,535035,4,80524,4,795063,4,1545421,8,2129400,96,206856,36,4078,1,37111,1,3276,1,3787,1,1402,2,6603,1,109991,1,17864,1,3286,1,7705,1,22754,1,206405,1,27513,1,16292,1,251,1,9545,1,4469,1,16543,1,9545,1,48,1,1240,1,1,1,0,1,4502,1,5041,1,2,1
197,3869600,4470,9545,28.988804,1240,0,11,8,96,31646,1513,4158,3837954,16,192,40,1,27493,1,80,1,272512,1,144447,1,112997,1,3269545,1,10841,1,358046,1,12424,4,529444,4,79693,4,757762,4,1477381,8,2027034,96,203951,36,3817,1,34406,1,3106,1,4248,1,1373,2,6332,1,105893,1,23154,1,3286,1,7845,1,23034,1,212768,1,28475,1,16294,1,249,1,9545,1,4470,1,16543,1,9545,1,48,1,1240,1,1,1,0,1,4500,1,5041,1,4,1
198,4042000,4471,9545,28.988811,1240,0,11,8,96,36280,1443,3448,4005720,16,192,140,1,27653,1,40,1,270498,1,154511,1,143675,1,3398251,1,10951,1,431246,1,13436,4,603627,4,79683,4,755458,4,1461340,8,2010101,96,203249,36,3356,1,32973,1,2956,1,4789,1,1703,2,6242,1,115747,1,21040,1,4028,1,7544,1,22764,1,210844,1,29096,1,16296,1,250,1,9545,1,4471,1,16546,1,9545,1,48,1,1240,1,1,1,0,1,4501,1,5041,1,3,1
199,4312400,4470,9545,28.98882,1240,0,11,8,96,34772,1403,4208,4277628,16,192,190,1,33013,1,50,1,303992,1,150829,1,153063,1,3625618,1,10871,1,409735,1,12294,4,529475,4,87778,4,944331,4,1536464,8,2270612,96,205975,36,6933,1,76597,1,5210,1,4779,1,1383,2,9238,1,107847,1,23225,1,4418,1,9558,1,25930,1,229329,1,38885,1,16301,1,249,1,9545,1,4470,1,16550,1,9545,1,48,1,1240,1,1,1,0,1,4499,1,5041,1,5,1
200,4150100,4470,9545,28.988827,1240,0,11,8,96,33873,2014,3577,4116227,16,192,351,1,31741,1,120,1,272622,1,161109,1,143685,1,3495939,1,10660,1,427048,1,13185,4,579881,4,80544,4,780866,4,1558767,8,2134149,96,201907,36,3326,1,35979,1,2886,1,4278,1,1753,2,5410,1,112846,1,30448,1,4018,1,7474,1,23565,1,212277,1,28775,1,16298,1,250,1,9545,1,4470,1,16548,1,9545,1,48,1,1240,1,1,1,0,1,4500,1,5041,1,4,1
201,3961000,4471,9545,28.988834,1240,0,11,8,96,32412,1262,3938,3928588,16,192,70,1,27082,1,40,1,272061,1,147964,1,111373,1,3359136,1,10861,1,332517,1,12764,4,527952,4,79773,4,794603,4,1555651,8,2146402,96,199913,36,3687,1,36029,1,3146,1,3897,1,1333,2,6522,1,114780,1,17654,1,3427,1,6973,1,22874,1,213750,1,28184,1,16296,1,253,1,9545,1,4471,1,16549,1,9545,1,48,1,1240,1,1,1,0,1,4499,1,5041,1,5,1
202,3928400,4472,9545,28.988842,1240,0,11,8,96,31413,1313,3938,3896987,16,192,120,1,28094,1,40,1,271160,1,147302,1,114259,1,3325221,1,10791,1,374868,1,12925,4,532861,4,80023,4,761339,4,1513590,8,2068142,96,202849,36,3467,1,30869,1,2985,1,3767,1,1403,2,5811,1,110251,1,21381,1,3296,1,7575,1,24918,1,210203,1,28234,1,16296,1,254,1,9545,1,4472,1,16550,1,9545,1,48,1,1240,1,1,1,0,1,4499,1,5041,1,5,1
203,3872900,4472,9545,28.98885,1240,0,11,8,96,33744,1383,4038,3839156,16,192,110,1,27974,1,20,1,275989,1,138696,1,113487,1,3271619,1,11262,1,394857,1,13366,4,538071,4,79983,4,745919,4,1445009,8,1983420,96,203470,36,4278,1,34025,1,3166,1,3717,1,1483,2,6362,1,106704,1,17053,1,3286,1,7464,1,22744,1,216966,1,28555,1,16296,1,254,1,9545,1,4472,1,16550,1,9545,1,48,1,1240,1,1,1,0,1,4502,1,5041,1,2,1
204,4087100,4472,9545,28.988857,1240,0,11,8,96,35096,1222,3908,4052004,16,192,90,1,27843,1,812,1,272111,1,150548,1,114560,1,3474968,1,11071,1,346324,1,12674,4,529264,4,80244,4,781197,4,1668667,8,2241615,96,204342,36,4408,1,34867,1,4278,1,3867,1,1443,2,6512,1,109991,1,25499,1,3316,1,7585,1,24086,1,211595,1,28485,1,16295,1,254,1,9545,1,4472,1,16549,1,9545,1,48,1,1240,1,1,1,0,1,4502,1,5041,1,2,1
205,3861800,4470,9545,28.988865,1240,0,11,8,96,32232,1132,3717,3829568,16,192,30,1,27122,1,40,1,268034,1,152542,1,116523,1,3254606,1,10670,1,358527,1,12805,4,545646,4,80344,4,745969,4,1460098,8,2009591,96,192759,36,3557,1,31781,1,3006,1,3928,1,1463,2,6352,1,111504,1,24527,1,4428,1,7705,1,23184,1,207327,1,29587,1,16307,1,241,1,9545,1,4470,1,16548,1,9545,1,48,1,1240,1,1,1,0,1,4502,1,5041,1,2,1
206,4080000,4470,9545,28.98887,1240,0,11,8,96,31944,1232,3727,4048056,16,192,30,1,27102,1,30,1,265068,1,136972,1,112997,1,3494826,1,11031,1,327147,1,13115,4,549032,4,80795,4,925073,4,1541674,8,2269418,96,193601,36,4759,1,36390,1,3998,1,3727,1,1393,2,6492,1,103318,1,18075,1,3397,1,7855,1,22844,1,206526,1,27613,1,16306,1,241,1,9545,1,4470,1,16547,1,9545,1,48,1,1240,1,1,1,0,1,4502,1,5041,1,2,1
207,3820500,4469,9545,28.98887,1240,0,11,8,96,32742,1193,3918,3787758,16,192,110,1,28004,1,140,1,267643,1,146661,1,113187,1,3221222,1,10791,1,372764,1,12955,4,536187,4,79943,4,729468,4,1438737,8,1972840,96,191447,36,3477,1,31871,1,3026,1,4288,1,1432,2,5881,1,107927,1,23335,1,3417,1,7264,1,24357,1,206846,1,28905,1,16309,1,237,1,9545,1,4469,1,16546,1,9545,1,48,1,1240,1,1,1,0,1,4503,1,5041,1,1,1
208,3999200,4466,9545,28.988878,1240,0,11,8,96,32910,1463,3898,3966290,16,192,30,1,26882,1,40,1,265619,1,141611,1,114109,1,3406988,1,11011,1,329511,1,14157,4,537640,4,81767,4,760187,4,1627969,8,2188834,96,195424,36,3938,1,35698,1,3206,1,3948,1,1423,2,6082,1,108388,1,17714,1,3587,1,7585,1,22874,1,206185,1,28635,1,16309,1,233,1,9545,1,4466,1,16542,1,9545,1,48,1,1240,1,1,1,0,1,4503,1,5041,1,1,1
209,3820900,4467,9545,28.988882,1240,0,11,8,96,32661,1353,3898,3788239,16,192,50,1,27683,1,170,1,269176,1,142563,1,114099,1,3223356,1,11141,1,356102,1,12784,4,538331,4,80103,4,735299,4,1448606,8,1990123,96,189884,36,3687,1,32743,1,3076,1,3887,1,1383,2,6001,1,104390,1,22994,1,3376,1,7615,1,24146,1,208239,1,28935,1,16311,1,233,1,9545,1,4467,1,16544,1,9545,1,48,1,1240,1,1,1,0,1,4502,1,5041,1,2,1
210,4035300,4467,9545,28.988888,1240,0,11,8,96,36904,1382,4118,3998396,16,192,110,1,27012,1,40,1,264747,1,198415,1,145389,1,3351562,1,11121,1,405367,1,13716,4,582256,4,83720,4,750859,4,1466049,8,2022485,96,190305,36,3136,1,30328,1,2886,1,4378,1,1764,2,5721,1,156766,1,24567,1,3897,1,7134,1,22653,1,205884,1,28935,1,16301,1,238,1,9545,1,4467,1,16539,1,9545,1,48,1,1240,1,1,1,0,1,4503,1,5041,1,1,1
211,4186000,4466,9545,28.988894,1240,0,11,8,96,33253,1232,3728,4152747,16,192,70,1,31791,1,140,1,281900,1,143896,1,140439,1,3543520,1,10991,1,399115,1,13336,4,578288,4,80805,4,839268,4,1577573,8,2224672,96,188441,36,3006,1,35588,1,3717,1,4178,1,1823,2,5591,1,104851,1,21371,1,3847,1,9087,1,24958,1,210614,1,36851,1,16305,1,233,1,9545,1,4466,1,16538,1,9545,1,48,1,1240,1,1,1,0,1,4503,1,5041,1,1,1
212,3929600,4466,9545,28.988894,1240,0,11,8,96,36821,1202,3868,3892779,16,192,10,1,27222,1,140,1,263685,1,161309,1,110943,1,3318809,1,10660,1,360771,1,12484,4,527110,4,80374,4,769254,4,1511246,8,2091708,96,184924,36,3897,1,38243,1,3056,1,3777,1,1413,2,5981,1,117846,1,28334,1,3286,1,7394,1,23295,1,204873,1,27893,1,16305,1,233,1,9545,1,4466,1,16538,1,9545,1,48,1,1240,1,1,1,0,1,4504,1,5041,1,0,1
213,3974800,4467,9545,28.988894,1240,0,11,8,96,32807,1292,4139,3941993,16,192,40,1,27252,1,70,1,267042,1,142824,1,113798,1,3380247,1,10721,1,348368,1,13245,4,538492,4,79853,4,778221,4,1565279,8,2150881,96,188481,36,4058,1,35498,1,3477,1,5170,1,1413,2,5881,1,108748,1,19036,1,3386,1,7795,1,24166,1,205714,1,29186,1,16303,1,233,1,9545,1,4467,1,16536,1,9545,1,48,1,1240,1,1,1,0,1,4501,1,5041,1,3,1
214,3809600,4467,9545,28.988894,1240,0,11,8,96,32703,1213,3818,3776897,16,192,180,1,27693,1,130,1,265759,1,144898,1,112997,1,3214349,1,10891,1,358287,1,12424,4,528723,4,80033,4,736922,4,1444307,8,1991025,96,186387,36,4789,1,33614,1,2905,1,3897,1,1453,2,5781,1,107436,1,22062,1,3326,1,7915,1,23796,1,205664,1,28174,1,16306,1,233,1,9545,1,4467,1,16539,1,9545,1,48,1,1240,1,1,1,0,1,4501,1,5041,1,3,1
215,3909400,4468,9545,28.9889,1240,0,11,8,96,31900,1382,3798,3877500,16,192,110,1,26861,1,50,1,264256,1,137503,1,113317,1,3324420,1,10981,1,329551,1,12975,4,532991,4,80925,4,867222,4,1446251,8,2118789,96,190886,36,3417,1,35428,1,2966,1,3787,1,1533,2,5991,1,105963,1,16672,1,3286,1,7675,1,22804,1,204332,1,29226,1,16302,1,240,1,9545,1,4468,1,16542,1,9545,1,48,1,1240,1,1,1,0,1,4502,1,5041,1,2,1
216,3821300,4467,9545,28.9889,1240,0,11,8,96,31228,1213,4018,3790072,16,192,40,1,27372,1,100,1,263505,1,142623,1,114459,1,3231101,1,10871,1,363056,1,12815,4,534735,4,79833,4,736842,4,1451141,8,1994401,96,189563,36,3547,1,33624,1,2925,1,3918,1,1403,2,6052,1,103057,1,24627,1,3286,1,7895,1,23014,1,204121,1,28224,1,16310,1,233,1,9545,1,4467,1,16543,1,9545,1,48,1,1240,1,1,1,0,1,4503,1,5041,1,1,1
217,3927200,4468,9545,28.9889,1240,0,11,8,96,34912,1413,3998,3892288,16,192,40,1,28555,1,100,1,270568,1,207267,1,130931,1,3244146,1,10680,1,379667,1,12614,4,536288,4,80424,4,735399,4,1446151,8,1984442,96,193110,36,3978,1,33204,1,3026,1,4378,1,1393,2,6212,1,158083,1,32783,1,4368,1,9548,1,23315,1,207668,1,29847,1,16306,1,240,1,9545,1,4468,1,16546,1,9545,1,48,1,1240,1,1,1,0,1,4502,1,5041,1,2,1
218,4237600,4467,9545,28.9889,1240,0,11,8,96,35779,1513,9349,4201821,16,192,180,1,31621,1,170,1,310415,1,145439,1,137173,1,3563498,1,13326,1,379066,1,14959,4,570583,4,80935,4,768412,4,1691291,8,2255181,96,195174,36,3086,1,38093,1,3657,1,4739,1,1613,2,5551,1,110271,1,18916,1,3627,1,8997,1,25880,1,239028,1,35949,1,16313,1,233,1,9545,1,4467,1,16546,1,9545,1,48,1,1240,1,1,1,0,1,4504,1,5041,1,0,1
219,4005700,4468,9545,28.9889,1240,0,11,8,96,34300,1273,4018,3971400,16,192,170,1,33504,1,60,1,312719,1,165708,1,153494,1,3295014,1,10731,1,436306,1,11963,4,526860,4,79833,4,737002,4,1450179,8,1987909,96,195254,36,2956,1,34226,1,2945,1,4459,1,1393,2,5621,1,120060,1,26090,1,4499,1,9799,1,26361,1,238627,1,37552,1,16309,1,240,1,9545,1,4468,1,16549,1,9545,1,48,1,1240,1,1,1,0,1,4501,1,5041,1,3,1
220,4092300,4468,9545,28.9889,1240,0,11,8,96,38422,1353,7755,4053878,16,192,160,1,32853,1,80,1,331595,1,156620,1,152733,1,3366290,1,13546,1,388805,1,13606,4,527992,4,80154,4,734006,4,1568265,8,2098962,96,195555,36,3076,1,34115,1,2936,1,4699,1,1443,2,5841,1,109209,1,28735,1,4298,1,9999,1,26451,1,256241,1,38554,1,16308,1,240,1,9545,1,4468,1,16548,1,9545,1,48,1,1240,1,1,1,0,1,4503,1,5041,1,1,1
221,3940000,4468,9545,28.9889,1240,0,11,8,96,33224,1423,3988,3906776,16,192,150,1,33123,1,150,1,323279,1,153694,1,152612,1,3233035,1,10731,1,381631,1,12284,4,528022,4,79713,4,740950,4,1439588,8,1984141,96,192409,36,3046,1,31601,1,2906,1,4869,1,1413,2,5591,1,111043,1,23645,1,4218,1,9849,1,26962,1,247394,1,38664,1,16308,1,240,1,9545,1,4468,1,16548,1,9545,1,48,1,1240,1,1,1,0,1,4503,1,5041,1,1,1
222,4132800,4467,9545,28.9889,1240,0,11,8,96,36852,1413,8376,4095948,16,192,170,1,33384,1,70,1,351754,1,284185,1,160988,1,3253825,1,11572,1,368676,1,13145,4,527320,4,79773,4,749226,4,1463975,8,2016784,96,188040,36,3547,1,31681,1,3015,1,4799,1,1403,2,5851,1,231734,1,33053,1,4268,1,9418,1,26411,1,276309,1,38714,1,16315,1,233,1,9545,1,4467,1,16548,1,9545,1,48,1,1240,1,1,1,0,1,4504,1,5041,1,0,1
223,3920400,4468,9545,28.9889,1240,0,11,8,96,32921,1493,3538,3887479,16,192,190,1,31470,1,40,1,278153,1,146711,1,116924,1,3302808,1,11181,1,332347,1,12564,4,526569,4,81396,4,804562,4,1486659,8,2090575,96,197108,36,4008,1,37903,1,4048,1,3767,1,1363,2,6132,1,113718,1,17774,1,3296,1,7374,1,23625,1,217146,1,29486,1,16310,1,240,1,9545,1,4468,1,16550,1,9545,1,48,1,1240,1,1,1,0,1,4503,1,5041,1,1,1
224,3839700,4467,9545,28.9889,1240,0,11,8,96,31884,1232,3858,3807816,16,192,140,1,26982,1,120,1,272863,1,151500,1,112997,1,3232263,1,10951,1,368145,1,12815,4,529555,4,79142,4,734698,4,1455068,8,1997476,96,188431,36,3146,1,34586,1,2936,1,3827,1,1413,2,5701,1,112295,1,23625,1,3286,1,7534,1,24637,1,212808,1,27563,1,16317,1,233,1,9545,1,4467,1,16550,1,9545,1,48,1,1240,1,1,1,0,1,4501,1,5041,1,3,1
225,3937000,4467,9545,28.9889,1240,0,11,8,96,31958,1353,3968,3905042,16,192,30,1,27202,1,40,1,267513,1,141110,1,111313,1,3345100,1,12734,1,330092,1,13506,4,541237,4,80635,4,792909,4,1526365,8,2126164,96,189142,36,4729,1,39987,1,3056,1,3737,1,1403,2,6092,1,107736,1,18515,1,3296,1,6903,1,22283,1,208970,1,29176,1,16317,1,233,1,9545,1,4467,1,16550,1,9545,1,48,1,1240,1,1,1,0,1,4503,1,5041,1,1,1
226,3880600,4468,9545,28.9889,1240,0,11,8,96,31244,1162,3838,3849356,16,192,130,1,27282,1,20,1,269035,1,157422,1,112646,1,3271539,1,11282,1,410276,1,12304,4,531989,4,79823,4,737393,4,1442684,8,1982358,96,193881,36,4168,1,37001,1,3116,1,3928,1,1403,2,6292,1,117104,1,24938,1,3346,1,7444,1,23635,1,209612,1,27913,1,16310,1,240,1,9545,1,4468,1,16550,1,9545,1,48,1,1240,1,1,1,0,1,4503,1,5041,1,1,1
227,4046900,4467,9545,28.9889,1240,0,11,8,96,31947,1313,3787,4014953,16,192,10,1,27523,1,50,1,270699,1,141321,1,111794,1,3452405,1,11151,1,347987,1,12885,4,527501,4,82047,4,839689,4,1583294,8,2227909,96,191287,36,3847,1,39466,1,3056,1,3727,1,1412,2,6182,1,107887,1,18165,1,3397,1,7104,1,22673,1,210032,1,30629,1,16317,1,233,1,9545,1,4467,1,16550,1,9545,1,48,1,1240,1,1,1,0,1,4502,1,5041,1,2,1
228,3849700,4467,9545,28.9889,1240,0,11,8,96,36824,1272,3979,3812876,16,192,160,1,27924,1,70,1,270919,1,146170,1,112405,1,3244607,1,10620,1,371983,1,12714,4,534825,4,79883,4,739637,4,1451241,8,1998629,96,188271,36,3938,1,34115,1,3166,1,3998,1,1443,2,6392,1,108057,1,22844,1,3346,1,7104,1,23515,1,211185,1,28885,1,16317,1,233,1,9545,1,4467,1,16550,1,9545,1,48,1,1240,1,1,1,0,1,4504,1,5041,1,0,1
229,3924900,4468,9545,28.9889,1240,0,11,8,96,35147,1212,3908,3889753,16,192,271,1,27663,1,70,1,272593,1,186978,1,127835,1,3263323,1,11021,1,383505,1,13496,4,538261,4,81055,4,741260,4,1449307,8,1993329,96,193330,36,3918,1,35258,1,3316,1,4398,1,1473,2,6863,1,140169,1,31220,1,3306,1,7074,1,27192,1,208500,1,29617,1,16311,1,240,1,9545,1,4468,1,16551,1,9545,1,48,1,1240,1,1,1,0,1,4502,1,5041,1,2,1
230,3932600,4467,9545,28.9889,1240,0,11,8,96,33128,1343,3969,3899472,16,192,140,1,27242,1,60,1,263866,1,134929,1,111894,1,3350560,1,10781,1,341585,1,12203,4,537119,4,81075,4,855529,4,1463955,8,2128648,96,186868,36,3697,1,37903,1,4368,1,3837,1,1363,2,6583,1,102005,1,18085,1,3316,1,6713,1,22132,1,207217,1,27593,1,16319,1,233,1,9545,1,4467,1,16552,1,9545,1,48,1,1240,1,1,1,0,1,4504,1,5041,1,0,1
231,3858600,4467,9545,28.9889,1240,0,11,8,96,32579,1292,3978,3826021,16,192,110,1,27803,1,301,1,269166,1,154035,1,119018,1,3244647,1,10941,1,372894,1,12594,4,534674,4,79743,4,732443,4,1457663,8,1998950,96,187179,36,3958,1,34186,1,3657,1,3928,1,1463,2,6152,1,114509,1,24417,1,3356,1,6673,1,23395,1,208279,1,30559,1,16319,1,233,1,9545,1,4467,1,16552,1,9545,1,48,1,1240,1,1,1,0,1,4504,1,5041,1,0,1
232,3893100,4467,9545,28.9889,1240,0,11,8,96,31982,1263,3768,3861118,16,192,50,1,27733,1,50,1,260880,1,134217,1,110361,1,3316895,1,10931,1,327688,1,12754,4,528312,4,80724,4,790074,4,1522638,8,2118338,96,190605,36,3727,1,35017,1,3236,1,4108,1,1383,2,5971,1,101875,1,17694,1,3276,1,6683,1,22022,1,204592,1,27282,1,16318,1,233,1,9545,1,4467,1,16551,1,9545,1,48,1,1240,1,1,1,0,1,4504,1,5041,1,0,1
233,3819200,4468,9545,28.9889,1240,0,11,8,96,32805,1292,3948,3786395,16,192,160,1,27392,1,50,1,273053,1,149346,1,110822,1,3214820,1,10751,1,339771,1,12674,4,530567,4,80204,4,740028,4,1461981,8,2002707,96,195354,36,3296,1,31140,1,2976,1,3777,1,1343,2,5771,1,111744,1,22563,1,3316,1,6482,1,22263,1,215824,1,28214,1,16312,1,240,1,9545,1,4468,1,16552,1,9545,1,48,1,1240,1,1,1,0,1,4504,1,5041,1,0,1
234,4413700,4467,9545,28.9889,1240,0,11,8,96,33673,1343,10680,4380027,16,192,641,1,31601,1,60,1,308120,1,139698,1,143876,1,3744480,1,11552,1,384517,1,14448,4,755317,4,94762,4,920408,4,1507869,8,2229717,96,187880,36,4168,1,45678,1,3236,1,4188,1,1773,2,6773,1,103679,1,18986,1,3887,1,8106,1,25409,1,238948,1,35318,1,16318,1,233,1,9545,1,4467,1,16551,1,9545,1,48,1,1240,1,1,1,0,1,4504,1,5041,1,0,1
235,4282600,4467,9545,28.9889,1240,0,11,8,96,33052,1723,3878,4249548,16,192,180,1,27813,1,110,1,275859,1,164205,1,115561,1,3654057,1,11763,1,433962,1,12714,4,527841,4,79943,4,769464,4,1756902,8,2334127,96,188361,36,5671,1,46659,1,5220,1,4088,1,1463,2,8406,1,113788,1,33514,1,4449,1,6923,1,24677,1,215984,1,27934,1,16319,1,233,1,9545,1,4467,1,16552,1,9545,1,48,1,1240,1,1,1,0,1,4502,1,5041,1,2,1
236,4189800,4467,9545,28.9889,1240,0,11,8,96,38181,1473,4559,4151619,16,192,281,1,34236,1,140,1,307850,1,165011,1,159085,1,3471943,1,13075,1,464480,1,13967,4,632151,4,88670,4,750979,4,1461611,8,2019600,96,188431,36,4929,1,38293,1,2845,1,4849,1,1924,2,5771,1,118993,1,26160,1,4859,1,8807,1,26000,1,236724,1,35849,1,16321,1,233,1,9545,1,4467,1,16554,1,9545,1,48,1,1240,1,1,1,0,1,4503,1,5041,1,1,1
237,4189800,4467,9545,28.9889,1240,0,11,8,96,33246,1823,3898,4156554,16,192,110,1,33053,1,80,1,303712,1,152913,1,141732,1,3514043,1,10911,1,406820,1,14568,4,549222,4,81606,4,881699,4,1521616,8,2211306,96,188110,36,3887,1,37923,1,2976,1,4258,1,1703,2,5941,1,114469,1,21030,1,3897,1,8707,1,26210,1,231674,1,36670,1,16321,1,233,1,9545,1,4467,1,16554,1,9545,1,48,1,1240,1,1,1,0,1,4502,1,5041,1,2,1
238,3827400,4467,9545,28.9889,1240,0,11,8,96,32338,1383,3808,3795062,16,192,60,1,27232,1,40,1,270388,1,149006,1,112045,1,3225751,1,10540,1,355641,1,12253,4,544002,4,79482,4,738204,4,1440079,8,1987698,96,186778,36,4208,1,35578,1,3356,1,3767,1,1383,2,6412,1,110462,1,23124,1,3286,1,6462,1,22373,1,213289,1,27974,1,16321,1,233,1,9545,1,4467,1,16554,1,9545,1,48,1,1240,1,1,1,0,1,4504,1,5041,1,0,1
239,3846700,4467,9545,28.9889,1240,0,11,8,96,31961,1222,3667,3814739,16,192,140,1,27342,1,50,1,272753,1,139187,1,110872,1,3253103,1,11292,1,391139,1,13105,4,530266,4,79923,4,741110,4,1442684,8,1992979,96,187149,36,3998,1,35217,1,3076,1,3877,1,1453,2,6032,1,107266,1,16993,1,3316,1,6342,1,22303,1,215974,1,27883,1,16321,1,233,1,9545,1,4467,1,16554,1,9545,1,48,1,1240,1,1,1,0,1,4504,1,5041,1,0,1
240,3824400,4467,9545,28.9889,1240,0,11,8,96,32955,1313,3848,3791445,16,192,130,1,27443,1,20,1,272392,1,151911,1,110993,1,3217435,1,11121,1,343699,1,12314,4,530547,4,80154,4,735179,4,1464927,8,2008708,96,187549,36,3336,1,31320,1,3186,1,4068,1,1433,2,5961,1,113638,1,22944,1,3336,1,6402,1,23225,1,214922,1,27683,1,16322,1,233,1,9545,1,4467,1,16555,1,9545,1,48,1,1240,1,1,1,0,1,4502,1,5041,1,2,1
241,3805000,4468,9545,28.9889,1240,0,11,8,96,35858,1242,3778,3769142,16,192,10,1,28705,1,50,1,268585,1,146250,1,113718,1,3200983,1,10841,1,359339,1,13265,4,531879,4,80284,4,732914,4,1427656,8,1964513,96,192278,36,3366,1,36530,1,2916,1,3998,1,1373,2,6222,1,106935,1,24036,1,3336,1,6282,1,23786,1,209441,1,28905,1,16315,1,240,1,9545,1,4468,1,16555,1,9545,1,48,1,1240,1,1,1,0,1,4504,1,5041,1,0,1
242,3949600,4467,9545,28.9889,1240,0,11,8,96,32875,1222,4008,3916725,16,192,10,1,27082,1,130,1,265178,1,140319,1,114319,1,3359016,1,10670,1,334771,1,13175,4,536668,4,81005,4,831233,4,1507028,8,2143016,96,191236,36,3787,1,35097,1,3397,1,4178,1,1393,2,6062,1,107165,1,18035,1,3316,1,6643,1,22433,1,207878,1,28064,1,16323,1,233,1,9545,1,4467,1,16556,1,9545,1,48,1,1240,1,1,1,0,1,4504,1,5040,1,1,1
243,3829500,4467,9545,28.9889,1240,0,11,8,96,31693,1222,3727,3797807,16,192,130,1,27002,1,60,1,265038,1,140680,1,115942,1,3238044,1,10911,1,359729,1,12764,4,536538,4,80214,4,741751,4,1452714,8,2003419,96,187319,36,4318,1,34516,1,3016,1,3847,1,1403,2,6012,1,102667,1,22002,1,4368,1,6252,1,22884,1,206686,1,28976,1,16322,1,233,1,9545,1,4467,1,16555,1,9545,1,48,1,1240,1,1,1,0,1,4504,1,5041,1,0,1
244,4162400,4467,9545,28.988903,1240,0,11,8,96,39220,1363,3877,4123180,16,192,10,1,27413,1,100,1,263685,1,140479,1,111965,1,3568327,1,11201,1,330814,1,13185,4,556596,4,80655,4,796907,4,1722641,8,2328051,96,187619,36,5030,1,45016,1,3807,1,3737,1,1413,2,7164,1,107376,1,18025,1,3437,1,6122,1,23154,1,206686,1,27533,1,16322,1,233,1,9545,1,4467,1,16555,1,9545,1,48,1,1240,1,1,1,0,1,4503,1,5041,1,1,1
245,3889800,4468,9545,28.988903,1240,0,11,8,96,32770,1343,3717,3857030,16,192,190,1,28264,1,50,1,267593,1,158363,1,116263,1,3275296,1,11011,1,408833,1,12754,4,535226,4,80304,4,732093,4,1447463,8,1983731,96,192108,36,4228,1,39015,1,2885,1,3807,1,1372,2,5971,1,111123,1,31721,1,3296,1,7394,1,25008,1,205013,1,29847,1,16317,1,240,1,9545,1,4468,1,16557,1,9545,1,48,1,1240,1,1,1,0,1,4504,1,5041,1,0,1
246,3984800,4467,9545,28.988903,1240,0,11,8,96,33088,1603,4088,3951712,16,192,20,1,26871,1,60,1,261792,1,141962,1,113828,1,3395676,1,11502,1,374468,1,14207,4,534063,4,80134,4,848826,4,1483222,8,2137485,96,190475,36,4028,1,40898,1,3106,1,3747,1,1403,2,5971,1,109149,1,17944,1,3296,1,7074,1,22633,1,203380,1,28515,1,16323,1,233,1,9545,1,4467,1,16556,1,9545,1,48,1,1240,1,1,1,0,1,4504,1,5041,1,0,1
247,3921500,4467,9545,28.988903,1240,0,11,8,96,36306,1252,3577,3885194,16,192,80,1,27022,1,140,1,263635,1,158484,1,115111,1,3309722,1,11001,1,397642,1,12193,4,528342,4,79492,4,728696,4,1496708,8,2032153,96,189673,36,3417,1,46920,1,3607,1,3968,1,1343,2,6142,1,114259,1,28655,1,3366,1,6983,1,23255,1,204652,1,28394,1,16321,1,233,1,9545,1,4467,1,16554,1,9545,1,48,1,1240,1,1,1,0,1,4504,1,5041,1,0,1
248,3952600,4468,9545,28.988903,1240,0,11,8,96,37659,1373,3898,3914941,16,192,220,1,27463,1,70,1,263064,1,194282,1,129348,1,3289313,1,11181,1,439873,1,12975,4,535095,4,79813,4,728255,4,1436312,8,1968191,96,192479,36,3938,1,36249,1,2946,1,4689,1,1563,2,6232,1,140209,1,38223,1,3447,1,7174,1,24537,1,202688,1,28294,1,16316,1,240,1,9545,1,4468,1,16556,1,9545,1,48,1,1240,1,1,1,0,1,4504,1,5041,1,0,1
249,4028500,4467,9545,28.988903,1240,0,11,8,96,33575,1864,3687,3994925,16,192,40,1,27082,1,40,1,262994,1,143765,1,112786,1,3436555,1,11662,1,366903,1,12975,4,534564,4,80204,4,806115,4,1570770,8,2177292,96,195905,36,4178,1,43032,1,4208,1,3948,1,1433,2,6362,1,109941,1,18936,1,3346,1,6152,1,22974,1,204191,1,29517,1,16322,1,233,1,9545,1,4467,1,16555,1,9545,1,48,1,1240,1,1,1,0,1,4504,1,5041,1,0,1
250,3887100,4467,9545,28.988903,1240,0,11,8,96,32554,1363,3748,3854546,16,192,210,1,26942,1,150,1,266340,1,171929,1,114429,1,3263774,1,10771,1,407010,1,11913,4,530166,4,79813,4,735499,4,1441011,8,1983189,96,189573,36,3777,1,38614,1,2996,1,4629,1,1413,2,5571,1,126773,1,28354,1,4539,1,6983,1,25449,1,205794,1,27893,1,16324,1,233,1,9545,1,4467,1,16557,1,9545,1,48,1,1240,1,1,1,0,1,4503,1,5041,1,1,1
251,4153300,4467,9545,28.988903,1240,0,11,8,96,37644,1714,3437,4115656,16,192,140,1,27974,1,30,1,263775,1,137914,1,112706,1,3561013,1,12103,1,351674,1,14608,4,541337,4,82979,4,857733,4,1635644,8,2297381,96,192559,36,4378,1,53933,1,4518,1,3847,1,1442,2,7204,1,105362,1,17704,1,3366,1,7104,1,23435,1,204943,1,28054,1,16322,1,233,1,9545,1,4467,1,16555,1,9545,1,48,1,1240,1,1,1,0,1,4501,1,5041,1,3,1
252,4183400,4467,9545,28.988903,1240,0,11,8,96,34490,1573,3747,4148910,16,192,431,1,27964,1,140,1,280397,1,216114,1,148995,1,3463066,1,11803,1,504978,1,12805,4,534685,4,79242,4,764595,4,1490185,8,2064475,96,186557,36,3677,1,55326,1,3026,1,5501,1,1443,2,6032,1,150689,1,47561,1,4158,1,7695,1,26020,1,216685,1,29446,1,16324,1,233,1,9545,1,4467,1,16557,1,9545,1,48,1,1240,1,1,1,0,1,4504,1,5041,1,0,1
253,4509400,4468,9545,28.988903,1240,0,11,8,96,38383,1433,3758,4471017,16,192,60,1,28545,1,90,1,275418,1,234299,1,137674,1,3783980,1,10951,1,534544,1,13245,4,627142,4,81256,4,806706,4,1657556,8,2268155,96,192349,36,4318,1,40157,1,3617,1,5531,1,1924,2,6553,1,168723,1,49064,1,3286,1,7023,1,26290,1,213810,1,28024,1,16316,1,240,1,9545,1,4468,1,16556,1,9545,1,48,1,1240,1,1,1,0,1,4503,1,5041,1,1,1
254,3988500,4467,9545,28.988903,1240,0,11,8,96,34163,1343,3537,3954337,16,192,100,1,27833,1,90,1,272893,1,149186,1,123336,1,3370087,1,10811,1,394626,1,13235,4,553400,4,80835,4,754065,4,1510835,8,2070688,96,190675,36,3467,1,43794,1,3056,1,3938,1,1533,2,5961,1,112556,1,20169,1,4368,1,6833,1,25579,1,208560,1,31550,1,16322,1,233,1,9545,1,4467,1,16555,1,9545,1,48,1,1240,1,1,1,0,1,4504,1,5041,1,0,1
255,4053900,4467,9545,28.988903,1240,0,11,8,96,32976,1282,3858,4020924,16,192,50,1,31721,1,180,1,330283,1,208510,1,167761,1,3271398,1,11021,1,436677,1,11883,4,524765,4,79182,4,727394,4,1439598,8,1975335,96,187800,36,2886,1,32753,1,2936,1,4899,1,1383,2,5761,1,161309,1,26361,1,4649,1,9458,1,27944,1,249989,1,42521,1,16321,1,233,1,9545,1,4467,1,16554,1,9545,1,48,1,1240,1,1,1,0,1,4504,1,5041,1,0,1
256,3875400,4467,9545,28.988903,1240,0,11,8,96,32597,1363,3457,3842803,16,192,10,1,26922,1,140,1,262453,1,150278,1,111804,1,3280325,1,10871,1,325955,1,11973,4,525507,4,79552,4,772530,4,1512157,8,2092920,96,188311,36,3276,1,33875,1,2956,1,3817,1,1423,2,5941,1,118166,1,17123,1,3336,1,6743,1,22774,1,205374,1,27362,1,16322,1,233,1,9545,1,4467,1,16555,1,9545,1,48,1,1240,1,1,1,0,1,4504,1,5041,1,0,1
257,3791900,4468,9545,28.988903,1240,0,11,8,96,32507,1333,3527,3759393,16,192,10,1,27753,1,90,1,271981,1,151019,1,110852,1,3186716,1,10971,1,339300,1,12003,4,526910,4,79633,4,733936,4,1444468,8,1980604,96,194272,36,2906,1,32352,1,2936,1,3787,1,1402,2,5751,1,114570,1,21421,1,3296,1,6543,1,23375,1,213409,1,28384,1,16316,1,240,1,9545,1,4468,1,16556,1,9545,1,48,1,1240,1,1,1,0,1,4504,1,5041,1,0,1
258,3928600,4467,9545,28.988903,1240,0,11,8,96,36482,1282,3858,3892118,16,192,30,1,26902,1,120,1,285477,1,229279,1,117084,1,3222194,1,11031,1,356603,1,12855,4,528342,4,80134,4,740148,4,1451762,8,1998920,96,189132,36,3447,1,33414,1,3036,1,4038,1,1483,2,5651,1,181648,1,31871,1,3487,1,6302,1,22373,1,228658,1,27873,1,16321,1,233,1,9545,1,4467,1,16554,1,9545,1,48,1,1240,1,1,1,0,1,4503,1,5041,1,1,1
259,4066200,4467,9545,28.988903,1240,0,11,8,96,36208,1232,3707,4029992,16,192,40,1,27062,1,60,1,271921,1,135079,1,113497,1,3471562,1,10771,1,338228,1,12995,4,535546,4,80965,4,890887,4,1554799,8,2251494,96,190485,36,4148,1,37311,1,4038,1,3767,1,1383,2,6262,1,102476,1,17724,1,3296,1,7084,1,23655,1,212467,1,28515,1,16320,1,233,1,9545,1,4467,1,16553,1,9545,1,48,1,1240,1,1,1,0,1,4503,1,5041,1,1,1
260,3867100,4468,9545,28.988903,1240,0,11,8,96,31300,1373,3988,3835800,16,192,80,1,27583,1,311,1,271089,1,155658,1,117445,1,3252723,1,10911,1,398824,1,13135,4,541117,4,80083,4,735189,4,1430952,8,1969964,96,192188,36,3296,1,34115,1,2966,1,3897,1,1503,2,6272,1,115762,1,24246,1,3316,1,7274,1,23535,1,209662,1,30278,1,16316,1,240,1,9545,1,4468,1,16556,1,9545,1,48,1,1240,1,1,1,0,1,4504,1,5041,1,0,1
261,3896800,4467,9545,28.988903,1240,0,11,8,96,33137,1282,3788,3863663,16,192,40,1,27242,1,100,1,263525,1,140539,1,113948,1,3307237,1,11031,1,342376,1,13215,4,532931,4,81556,4,737914,4,1544980,8,2087249,96,191858,36,3747,1,34747,1,3186,1,3867,1,1393,2,6042,1,107997,1,17724,1,3306,1,6773,1,22974,1,205153,1,28445,1,16322,1,233,1,9545,1,4467,1,16555,1,9545,1,48,1,1240,1,1,1,0,1,4504,1,5041,1,0,1
262,3797000,4467,9545,28.988903,1240,0,11,8,96,31485,1193,3928,3765515,16,192,50,1,27072,1,20,1,263805,1,140890,1,113287,1,3209540,1,10851,1,349981,1,12454,4,533703,4,80114,4,731712,4,1451181,8,1989763,96,189203,36,3487,1,31641,1,2995,1,3827,1,1353,2,5901,1,103248,1,22453,1,3276,1,6703,1,22954,1,205213,1,28705,1,16323,1,233,1,9545,1,4467,1,16556,1,9545,1,48,1,1240,1,1,1,0,1,4504,1,5041,1,0,1
263,4059600,4468,9545,28.988903,1240,0,11,8,96,31672,1593,4249,4027928,16,192,110,1,27443,1,511,1,261521,1,138155,1,113598,1,3475580,1,11011,1,320324,1,13887,4,534654,4,85414,4,781768,4,1681622,8,2263826,96,195314,36,3707,1,37933,1,3136,1,3767,1,1403,2,6372,1,106544,1,16712,1,3296,1,6372,1,22764,1,203350,1,28865,1,16317,1,240,1,9545,1,4468,1,16557,1,9545,1,48,1,1240,1,1,1,0,1,4503,1,5041,1,1,1
264,3825600,4467,9545,28.988903,1240,0,11,8,96,32011,1844,3898,3793589,16,192,80,1,27292,1,40,1,261180,1,144126,1,113768,1,3236491,1,10610,1,372864,1,12734,4,535586,4,80043,4,731221,4,1450569,8,1986506,96,191387,36,3487,1,34175,1,2975,1,3707,1,1393,2,5891,1,103819,1,25028,1,3336,1,6292,1,23034,1,203540,1,27994,1,16325,1,233,1,9545,1,4467,1,16558,1,9545,1,48,1,1240,1,1,1,0,1,4503,1,5041,1,1,1
265,3899900,4467,9545,28.988903,1240,0,11,8,96,36858,1373,3888,3863042,16,192,40,1,27954,1,80,1,262703,1,188391,1,117856,1,3255227,1,10791,1,385148,1,13696,4,534344,4,80073,4,734928,4,1453766,8,1997016,96,187790,36,3907,1,33284,1,3146,1,3847,1,1393,2,6322,1,142653,1,29406,1,3386,1,6272,1,23355,1,203730,1,29126,1,16326,1,233,1,9545,1,4467,1,16559,1,9545,1,48,1,1240,1,1,1,0,1,4504,1,5041,1,0,1
266,4005300,4468,9545,28.988903,1240,0,11,8,96,32307,1373,3839,3972993,16,192,90,1,27192,1,200,1,259828,1,138175,1,112666,1,3424101,1,10741,1,359589,1,12634,4,535145,4,80053,4,799312,4,1581871,8,2179054,96,198290,36,3627,1,36019,1,3276,1,3777,1,1393,2,6032,1,104340,1,17824,1,4368,1,6202,1,23204,1,201446,1,28815,1,16320,1,240,1,9545,1,4468,1,16560,1,9545,1,48,1,1240,1,1,1,0,1,4504,1,5041,1,0,1
267,3927900,4467,9545,28.988903,1240,0,11,8,96,34710,1704,3587,3893190,16,192,50,1,27312,1,190,1,261511,1,143926,1,113878,1,3335681,1,10640,1,372955,1,12524,4,536087,4,79883,4,757381,4,1525393,8,2089874,96,189313,36,3697,1,31570,1,3086,1,3787,1,1463,2,6152,1,107215,1,21792,1,3286,1,6282,1,22844,1,203249,1,28865,1,16326,1,233,1,9545,1,4467,1,16559,1,9545,1,48,1,1240,1,1,1,0,1,4504,1,5041,1,0,1
268,4094000,4467,9545,28.988903,1240,0,11,8,96,33550,1282,3928,4060450,16,192,50,1,26441,1,60,1,269496,1,140920,1,115281,1,3497411,1,10791,1,322708,1,13456,4,543371,4,80795,4,791757,4,1687674,8,2286450,96,189052,36,4749,1,36390,1,3497,1,3777,1,1383,2,6573,1,108628,1,17313,1,3336,1,6172,1,23114,1,211786,1,28174,1,16326,1,233,1,9545,1,4467,1,16559,1,9545,1,48,1,1240,1,1,1,0,1,4504,1,5041,1,0,1
269,3823900,4468,9545,28.988903,1240,0,11,8,96,33137,1403,3869,3790763,16,192,70,1,27332,1,50,1,268134,1,147733,1,113608,1,3222685,1,11151,1,353567,1,12424,4,535827,4,79793,4,733485,4,1455689,8,1989741,96,195565,36,3497,1,32602,1,2976,1,3827,1,1392,2,6202,1,108909,1,23585,1,3296,1,6152,1,23425,1,209231,1,29106,1,16320,1,240,1,9545,1,4468,1,16560,1,9545,1,48,1,1240,1,1,1,0,1,4504,1,5041,1,0,1
270,4054500,4467,9545,28.988903,1240,0,11,8,96,33495,1323,3928,4021005,16,192,40,1,27292,1,30,1,264617,1,138405,1,113698,1,3465701,1,11222,1,343248,1,13366,4,544423,4,81646,4,886298,4,1539329,8,2232578,96,189122,36,3928,1,37502,1,3577,1,3747,1,1493,2,5821,1,104931,1,18626,1,3336,1,6302,1,23124,1,206496,1,28545,1,16326,1,233,1,9545,1,4467,1,16559,1,9545,1,48,1,1240,1,1,1,0,1,4504,1,5041,1,0,1
271,4107500,4467,9545,28.988903,1240,0,11,8,96,38990,1784,4309,4068510,16,192,250,1,34316,1,170,1,308772,1,156885,1,146541,1,3408391,1,13185,1,414304,1,13366,4,574601,4,79612,4,735499,4,1533037,8,2069996,96,194232,36,3206,1,36460,1,4469,1,4449,1,1773,2,5831,1,113793,1,25128,1,3988,1,7905,1,26120,1,237926,1,36350,1,16326,1,233,1,9545,1,4467,1,16559,1,9545,1,48,1,1240,1,1,1,0,1,4503,1,5041,1,1,1
272,4128700,4467,9545,28.988903,1240,0,11,8,96,34044,1633,3938,4094656,16,192,110,1,31390,1,60,1,284024,1,167351,1,150017,1,3450832,1,10871,1,430936,1,11883,4,577927,4,78981,4,771859,4,1524140,8,2101797,96,190265,36,3126,1,35358,1,2946,1,4549,1,1493,2,6001,1,121413,1,28084,1,3948,1,7524,1,25268,1,215313,1,35548,1,16326,1,233,1,9545,1,4467,1,16559,1,9545,1,48,1,1240,1,1,1,0,1,4504,1,5041,1,0,1
273,851100,4467,9545,28.988903,0,0,11,0,0,29285,892,1640,821815,16,192,60,1,26731,1,30,1,260659,1,140870,1,113698,1,275047,1,4719,1,31480,1,6432,4,60,4,66387,4,1052,4,1884,8,0,0,1296,132,30,1,78641,1,902,1,2445,1,80013,2,4829,1,108017,1,17564,1,3356,1,6162,1,22333,1,203550,1,28394,1,0,1,0,1,9545,1,4467,1,16559,1,9545,1,48,1,1240,1,1,1,0,1,4503,1,5041,1,1,1
274,791300,4467,9545,28.988903,0,0,11,0,0,31644,862,1659,759656,16,192,30,1,26511,1,30,1,257754,1,138626,1,108588,1,223408,1,4709,1,43093,1,6102,4,40,4,66317,4,1062,4,1884,8,0,0,1287,132,10,1,75014,1,882,1,2595,1,20690,2,4859,1,106614,1,17443,1,3326,1,5150,1,22353,1,201947,1,28114,1,0,1,0,1,9545,1,4467,1,16559,1,9545,1,48,1,1240,1,1,1,0,1,4504,1,5041,1,0,1
275,871000,4467,9545,28.988903,0,0,11,0,0,42482,1122,7172,828518,16,168,10,1,25669,1,40,1,253215,1,138475,1,112345,1,293252,1,5511,1,51248,1,11001,4,50,4,77739,4,1222,4,7665,8,0,0,1715,132,30,1,108698,1,1062,1,3346,1,21922,2,8146,1,106845,1,17073,1,3286,1,5120,1,22193,1,196166,1,29567,1,0,1,0,1,9545,1,4467,1,16559,1,9545,1,48,1,1240,1,1,1,0,1,4504,1,5041,1,0,1
276,995000,4467,9545,28.988903,0,0,11,0,0,35081,3637,1681,959919,16,192,200,1,29717,1,70,1,307750,1,175126,1,150869,1,290687,1,5501,1,56368,1,11302,4,30,4,78801,4,1252,4,2184,8,0,0,1755,132,10,1,103358,1,972,1,3697,1,21481,2,7595,1,121092,1,35468,1,4899,1,6462,1,26761,1,237926,1,36069,1,0,1,0,1,9545,1,4467,1,16559,1,9545,1,48,1,1240,1,1,1,0,1,4504,1,5041,1,0,1
277,1500100,4467,9545,28.988903,0,0,11,0,0,29953,852,1700,1470147,16,192,50,1,27603,1,50,1,579050,1,276730,1,324532,1,257363,1,4769,1,72699,1,5671,4,40,4,65926,4,1042,4,1914,8,0,0,1255,132,10,1,77929,1,882,1,5981,1,19547,2,4869,1,197899,1,35759,1,10370,1,5150,1,25459,1,454561,1,93609,1,0,1,0,1,9545,1,4467,1,16559,1,9545,1,48,1,1240,1,1,1,0,1,4504,1,5041,1,0,1
278,780600,4467,9545,28.988903,0,0,11,0,0,32877,762,1541,747723,16,192,40,1,25789,1,30,1,246743,1,147282,1,110211,1,212948,1,4679,1,36520,1,5921,4,40,4,65796,4,942,4,1864,8,0,0,1265,132,10,1,74122,1,882,1,2264,1,18996,2,4829,1,115632,1,17073,1,3336,1,5100,1,22623,1,190766,1,28074,1,0,1,0,1,9545,1,4467,1,16559,1,9545,1,48,1,1240,1,1,1,0,1,4504,1,5041,1,0,1
279,786000,4467,9545,28.988903,0,0,11,0,0,30021,802,1647,755979,16,192,40,1,26050,1,30,1,245230,1,155859,1,110221,1,213770,1,4779,1,34546,1,5851,4,40,4,65956,4,1011,4,2094,8,0,0,1458,132,20,1,77168,1,892,1,2324,1,18245,2,4819,1,124378,1,16802,1,3286,1,5110,1,21952,1,189814,1,28184,1,0,1,0,1,9545,1,4467,1,16559,1,9545,1,48,1,1240,1,1,1,0,1,4504,1,5041,1,0,1
280,780000,4467,9545,28.988903,0,0,11,0,0,29793,781,1521,750207,16,192,40,1,25990,1,30,1,245340,1,154426,1,109790,1,209802,1,4789,1,34386,1,5851,4,30,4,66077,4,982,4,1864,8,0,0,1324,132,20,1,73862,1,882,1,2234,1,18075,2,4759,1,123056,1,16762,1,3316,1,5090,1,21672,1,190114,1,28294,1,0,1,0,1,9545,1,4467,1,16559,1,9545,1,48,1,1240,1,1,1,0,1,4504,1,5041,1,0,1
281,775900,4467,9545,28.988903,0,0,11,0,0,29981,831,1541,745919,16,192,20,1,25769,1,50,1,244829,1,150168,1,107446,1,212958,1,4679,1,32873,1,5801,4,30,4,65996,4,952,4,2946,8,0,0,2357,132,20,1,77609,1,892,1,2224,1,18035,2,4749,1,119068,1,16512,1,3286,1,5120,1,22183,1,189132,1,28204,1,0,1,0,1,9545,1,4467,1,16559,1,9545,1,48,1,1240,1,1,1,0,1,4504,1,5041,1,0,1
282,780000,4467,9545,28.988903,0,0,11,0,0,30053,822,1581,749947,16,192,40,1,26040,1,90,1,244599,1,151570,1,111043,1,211776,1,4789,1,33895,1,6362,4,30,4,66237,4,1012,4,1884,8,0,0,1315,132,20,1,75996,1,902,1,2365,1,17493,2,4759,1,119830,1,17193,1,3306,1,5110,1,21802,1,189373,1,28134,1,0,1,0,1,9545,1,4467,1,16559,1,9545,1,48,1,1240,1,1,1,0,1,4504,1,5041,1,0,1
283,1103000,4467,9545,28.988903,0,0,11,0,0,40414,1042,6862,1062586,16,189,60,1,27162,1,50,1,343218,1,169515,1,169455,1,346223,1,6903,1,61959,1,13696,4,70,4,89982,4,1433,4,7384,8,0,0,1955,132,30,1,132574,1,1323,1,3657,1,23786,2,9288,1,125220,1,23485,1,4719,1,7224,1,31450,1,261922,1,42101,1,0,1,0,1,9545,1,4467,1,16559,1,9545,1,48,1,1240,1,1,1,0,1,4504,1,5041,1,0,1
284,808600,4467,9545,28.988903,0,0,11,0,0,30559,912,1609,778041,16,192,50,1,27222,1,70,1,247194,1,164505,1,111083,1,223128,1,4789,1,39145,1,8065,4,40,4,66888,4,992,4,1864,8,0,0,1247,132,10,1,77739,1,902,1,2244,1,18596,2,5731,1,132223,1,17604,1,3296,1,5160,1,21922,1,191206,1,28685,1,0,1,0,1,9545,1,4467,1,16559,1,9545,1,48,1,1240,1,1,1,0,1,4504,1,5041,1,0,1
285,799600,4467,9545,28.988903,0,0,11,0,0,30386,851,1522,769214,16,192,50,1,25930,1,80,1,247083,1,167952,1,109380,1,213980,1,4759,1,34596,1,5861,4,40,4,66357,4,1002,4,1864,8,0,0,1344,132,10,1,77408,1,902,1,2244,1,18025,2,4819,1,136291,1,16902,1,3306,1,5150,1,22543,1,190405,1,28795,1,0,1,0,1,9545,1,4467,1,16559,1,9545,1,48,1,1240,1,1,1,0,1,4504,1,5041,1,0,1
286,767500,4467,9545,28.988903,0,0,11,0,0,29536,852,1561,737964,16,192,60,1,25980,1,50,1,245250,1,143425,1,107746,1,210754,1,4699,1,34636,1,5871,4,50,4,66126,4,982,4,1864,8,0,0,1285,132,20,1,74202,1,892,1,2244,1,18245,2,4769,1,112075,1,16902,1,3306,1,5140,1,22092,1,189453,1,28394,1,0,1,0,1,9545,1,4467,1,16559,1,9545,1,48,1,1240,1,1,1,0,1,4504,1,5041,1,0,1
287,780600,4467,9545,28.988903,0,0,11,0,0,29882,871,1503,750718,16,192,30,1,26060,1,40,1,244448,1,154406,1,107366,1,213589,1,4779,1,34747,1,5731,4,30,4,66157,4,1102,4,1834,8,0,0,1433,132,20,1,77068,1,892,1,2244,1,18135,2,4759,1,122986,1,16772,1,3336,1,5180,1,21311,1,189323,1,28404,1,0,1,0,1,9545,1,4467,1,16559,1,9545,1,48,1,1240,1,1,1,0,1,4504,1,5041,1,0,1
288,762400,4467,9545,28.988903,0,0,11,0,0,30057,822,1620,732343,16,192,30,1,25950,1,40,1,242825,1,142924,1,107596,1,208299,1,4679,1,33334,1,5911,4,40,4,65996,4,1032,4,1873,8,0,0,1285,132,20,1,73511,1,942,1,2234,1,17864,2,4719,1,111894,1,16592,1,3326,1,5120,1,21541,1,187930,1,28024,1,0,1,0,1,9545,1,4467,1,16559,1,9545,1,48,1,1240,1,1,1,0,1,4504,1,5041,1,0,1
289,1122200,4467,9545,28.988903,0,0,11,0,0,38934,1132,5801,1083266,16,192,190,1,36380,1,80,1,380569,1,169354,1,176859,1,314994,1,4839,1,59264,1,13736,4,80,4,95633,4,5330,4,2385,8,0,0,1914,132,30,1,106594,1,902,1,3577,1,20740,2,5591,1,124188,1,23766,1,4879,1,7895,1,30999,1,296448,1,44756,1,0,1,0,1,9545,1,4467,1,16559,1,9545,1,48,1,1240,1,1,1,0,1,4504,1,5041,1,0,1
290,937300,4467,9545,28.988903,0,0,11,0,0,36143,1162,1614,901157,16,192,50,1,27012,1,50,1,248236,1,209241,1,137453,1,273133,1,5981,1,43533,1,8897,4,60,4,68581,4,1202,4,1974,8,0,0,1562,132,20,1,113237,1,1222,1,2605,1,22042,2,8596,1,145248,1,47160,1,3306,1,5140,1,22223,1,192890,1,27773,1,0,1,0,1,9545,1,4467,1,16559,1,9545,1,48,1,1240,1,1,1,0,1,4504,1,5041,1,0,1
291,968200,4467,9545,28.988903,0,0,11,0,0,33419,1082,1750,934781,16,192,50,1,32001,1,260,1,287230,1,155648,1,150058,1,304814,1,4719,1,56128,1,12023,4,30,4,82739,4,1052,4,2024,8,0,0,1326,132,20,1,120671,1,942,1,2996,1,20199,2,4909,1,115371,1,21802,1,4198,1,7194,1,26260,1,214892,1,38674,1,0,1,0,1,9545,1,4467,1,16559,1,9545,1,48,1,1240,1,1,1,0,1,4504,1,5041,1,0,1
292,778000,4467,9545,28.988903,0,0,11,0,0,28964,791,1619,749036,16,192,40,1,26892,1,80,1,245360,1,151019,1,108077,1,212838,1,4729,1,35809,1,6462,4,40,4,66277,4,962,4,1884,8,0,0,1226,132,20,1,74312,1,892,1,2415,1,18135,2,4839,1,119058,1,17473,1,3306,1,5370,1,21962,1,189834,1,28004,1,0,1,0,1,9545,1,4467,1,16559,1,9545,1,48,1,1240,1,1,1,0,1,4504,1,5041,1,0,1
293,1099000,4467,9545,28.988903,0,0,11,0,0,39560,1332,5179,1059440,16,192,200,1,47241,1,60,1,369929,1,164696,1,181398,1,291078,1,4839,1,62880,1,12594,4,60,4,83039,4,1182,4,5641,8,0,0,1644,132,30,1,92728,1,872,1,3877,1,20790,2,6052,1,119409,1,23315,1,5531,1,7735,1,31100,1,287541,1,43063,1,0,1,0,1,9545,1,4467,1,16559,1,9545,1,48,1,1240,1,1,1,0,1,4504,1,5041,1,0,1
294,761900,4467,9545,28.988903,0,0,11,0,0,29998,1043,1579,731902,16,192,40,1,27382,1,80,1,242304,1,140820,1,106875,1,209762,1,4639,1,35007,1,5731,4,40,4,65385,4,982,4,1944,8,0,0,1346,132,20,1,73481,1,882,1,2254,1,18165,2,4829,1,109780,1,16632,1,3276,1,5070,1,21712,1,187369,1,27944,1,0,1,0,1,9545,1,4467,1,16559,1,9545,1,48,1,1240,1,1,1,0,1,4504,1,5041,1,0,1
295,759000,4467,9545,28.988903,0,0,11,0,0,27829,901,1541,731171,16,192,40,1,25910,1,50,1,240992,1,140790,1,106264,1,212487,1,4639,1,34226,1,5811,4,40,4,65586,4,1092,4,1844,8,0,0,1395,132,20,1,76917,1,892,1,2234,1,18085,2,4839,1,109840,1,16522,1,3266,1,5090,1,21692,1,186006,1,27984,1,0,1,0,1,9545,1,4467,1,16559,1,9545,1,48,1,1240,1,1,1,0,1,4504,1,5041,1,0,1
296,759200,4467,9545,28.988903,0,0,11,0,0,27829,852,1562,731371,16,192,40,1,25950,1,90,1,240751,1,145559,1,105893,1,208449,1,4639,1,34145,1,5761,4,40,4,65706,4,962,4,1884,8,0,0,1283,132,20,1,73361,1,882,1,2254,1,17864,2,4719,1,114409,1,16662,1,3296,1,5080,1,21311,1,186036,1,28144,1,0,1,0,1,9545,1,4467,1,16559,1,9545,1,48,1,1240,1,1,1,0,1,4504,1,5041,1,0,1
297,1202000,4467,9545,28.988903,0,0,11,0,0,38250,1212,2124,1163750,16,192,160,1,42712,1,70,1,399165,1,183582,1,176107,1,354980,1,6973,1,64333,1,14117,4,70,4,96805,4,1643,4,2425,8,0,0,1944,132,30,1,135820,1,1343,1,4078,1,23585,2,9518,1,138375,1,23966,1,4839,1,8366,1,27873,1,318019,1,44455,1,0,1,0,1,9545,1,4467,1,16559,1,9545,1,48,1,1240,1,1,1,0,1,4504,1,5041,1,0,1
298,831300,4467,9545,28.988903,0,0,11,0,0,30646,1221,1668,800654,16,192,40,1,27713,1,140,1,249288,1,156881,1,119519,1,242304,1,4769,1,43864,1,9198,4,30,4,70074,4,1002,4,1844,8,0,0,1178,132,10,1,86987,1,882,1,2365,1,18455,2,6372,1,121242,1,20650,1,3296,1,5511,1,24106,1,188241,1,31150,1,0,1,0,1,9545,1,4467,1,16559,1,9545,1,48,1,1240,1,1,1,0,1,4504,1,5041,1,0,1
299,779900,4467,9545,28.988903,0,0,11,0,0,31937,871,1492,747963,16,192,30,1,25629,1,110,1,243306,1,144477,1,107756,1,221995,1,4659,1,37772,1,7685,4,30,4,65676,4,952,4,1824,8,0,0,1283,132,20,1,80324,1,882,1,2214,1,18375,2,5370,1,113538,1,16512,1,3266,1,5470,1,23004,1,186247,1,28424,1,0,1,0,1,9545,1,4467,1,16559,1,9545,1,48,1,1240,1,1,1,0,1,4504,1,5041,1,0,1
300,775000,4467,9545,28.988903,0,0,11,0,0,29862,852,1502,745138,16,192,40,1,25910,1,50,1,241753,1,155899,1,107446,1,209301,1,4739,1,34376,1,5801,4,40,4,65505,4,982,4,1834,8,0,0,1313,132,20,1,73841,1,892,1,2214,1,18205,2,4739,1,124669,1,16802,1,3286,1,5090,1,22483,1,186036,1,27924,1,0,1,0,1,9545,1,4467,1,16559,1,9545,1,48,1,1240,1,1,1,0,1,4504,1,5041,1,0,1
301,767200,4467,9545,28.988903,0,0,11,0,0,29757,771,1561,737443,16,192,30,1,25759,1,40,1,240571,1,148805,1,106294,1,211195,1,4749,1,33154,1,5741,4,21,4,65566,4,952,4,2405,8,0,0,1796,132,20,1,76847,1,892,1,2234,1,17864,2,4729,1,117736,1,16431,1,3316,1,5060,1,21682,1,185566,1,28054,1,0,1,0,1,9545,1,4467,1,16559,1,9545,1,48,1,1240,1,1,1,0,1,4504,1,5041,1,0,1
302,761400,4467,9545,28.988903,0,0,11,0,0,29808,972,1582,731592,16,192,50,1,25950,1,90,1,239820,1,146160,1,106334,1,208590,1,4599,1,33955,1,5831,4,30,4,65545,4,1062,4,1934,8,0,0,1414,132,10,1,73531,1,892,1,2244,1,17784,2,4799,1,115151,1,16612,1,3266,1,5090,1,20940,1,185706,1,27903,1,0,1,0,1,9545,1,4467,1,16559,1,9545,1,48,1,1240,1,1,1,0,1,4504,1,5041,1,0,1
303,761200,4467,9545,28.988903,0,0,11,0,0,29618,902,1492,731582,16,192,30,1,25829,1,60,1,243497,1,140269,1,107145,1,210133,1,4619,1,33093,1,5721,4,50,4,65435,4,972,4,1834,8,0,0,1313,132,10,1,76727,1,872,1,2234,1,17604,2,4679,1,109901,1,16111,1,3266,1,5060,1,21712,1,186026,1,30508,1,0,1,0,1,9545,1,4467,1,16559,1,9545,1,48,1,1240,1,1,1,0,1,4504,1,5041,1,0,1
304,758100,4467,9545,28.988903,0,0,11,0,0,29904,802,1501,728196,16,192,60,1,25739,1,50,1,239860,1,142092,1,107005,1,208730,1,4659,1,34015,1,6062,4,50,4,65485,4,982,4,1844,8,0,0,1324,132,20,1,73651,1,892,1,2224,1,17974,2,4729,1,111023,1,16702,1,3276,1,5090,1,21501,1,185335,1,27763,1,0,1,0,1,9545,1,4467,1,16559,1,9545,1,48,1,1240,1,1,1,0,1,4504,1,5041,1,0,1
305,791200,4467,9545,28.988903,0,0,11,0,0,36724,862,1629,754476,16,192,40,1,25699,1,80,1,240170,1,161740,1,107847,1,214150,1,4749,1,35368,1,6352,4,40,4,65516,4,1002,4,1854,8,0,0,1226,132,10,1,78250,1,882,1,2224,1,17013,2,4779,1,130470,1,16672,1,3256,1,5080,1,21501,1,185385,1,28014,1,0,1,0,1,9545,1,4467,1,16559,1,9545,1,48,1,1240,1,1,1,0,1,4504,1,5041,1,0,1
306,1109300,4467,9545,28.988903,0,0,11,0,0,41304,1012,7173,1067996,16,192,250,1,33474,1,100,1,370831,1,161399,1,167731,1,327688,1,6522,1,60536,1,13316,4,70,4,88850,4,1282,4,7745,8,0,0,1854,132,30,1,119609,1,1323,1,3497,1,21391,2,9027,1,117275,1,23595,1,4719,1,6733,1,30368,1,280287,1,52911,1,0,1,0,1,9545,1,4467,1,16559,1,9545,1,48,1,1240,1,1,1,0,1,4504,1,5041,1,0,1
307,949200,4467,9545,28.988903,0,0,11,0,0,35018,792,1727,914182,16,192,20,1,27132,1,120,1,259337,1,166970,1,150739,1,303922,1,5941,1,53142,1,12043,4,40,4,82879,4,1192,4,1944,8,0,0,1408,132,20,1,119719,1,1112,1,3076,1,19808,2,8156,1,127324,1,20960,1,4208,1,5090,1,22924,1,192088,1,39035,1,0,1,0,1,9545,1,4467,1,16559,1,9545,1,48,1,1240,1,1,1,0,1,4504,1,5041,1,0,1
308,824100,4467,9545,28.988903,0,0,11,0,0,31772,802,1680,792328,16,192,30,1,31440,1,80,1,283263,1,153755,1,107907,1,211044,1,4809,1,34827,1,5791,4,40,4,66087,4,1012,4,1914,8,0,0,1246,132,20,1,74593,1,892,1,2204,1,18105,2,4759,1,122485,1,16732,1,3296,1,7094,1,25008,1,212627,1,38323,1,0,1,0,1,9545,1,4467,1,16559,1,9545,1,48,1,1240,1,1,1,0,1,4504,1,5041,1,0,1
309,775500,4467,9545,28.988903,0,0,11,0,0,30282,902,1628,745218,16,192,40,1,25850,1,100,1,242515,1,153173,1,106334,1,212467,1,4739,1,34476,1,5771,4,40,4,65546,4,962,4,1874,8,0,0,1207,132,20,1,76998,1,882,1,2224,1,17994,2,4779,1,121884,1,16862,1,3276,1,5170,1,21311,1,187429,1,28445,1,0,1,0,1,9545,1,4467,1,16559,1,9545,1,48,1,1240,1,1,1,0,1,4504,1,5041,1,0,1
310,1168900,4467,9545,28.988903,0,0,11,0,0,39315,1092,1701,1129585,16,192,180,1,39776,1,50,1,418752,1,169485,1,168864,1,325504,1,6973,1,60025,1,13265,4,40,4,88991,4,1202,4,2104,8,0,0,1605,132,30,1,123577,1,1282,1,3727,1,21171,2,8997,1,127816,1,21992,1,4639,1,8727,1,31931,1,327257,1,50336,1,0,1,0,1,9545,1,4467,1,16559,1,9545,1,48,1,1240,1,1,1,0,1,4504,1,5041,1,0,1
311,865400,4467,9545,28.988903,0,0,11,0,0,32745,1012,1834,832655,16,192,70,1,26892,1,60,1,246102,1,164966,1,130159,1,258555,1,5851,1,40478,1,7154,4,40,4,80915,4,1162,4,2274,8,0,0,1603,132,20,1,94561,1,1082,1,2725,1,21211,2,5921,1,127184,1,20018,1,4088,1,5080,1,21311,1,188241,1,31270,1,0,1,0,1,9545,1,4467,1,16559,1,9545,1,48,1,1240,1,1,1,0,1,4504,1,5041,1,0,1
312,853300,4467,9545,28.988903,0,0,11,0,0,34160,992,1590,819140,16,192,60,1,30739,1,80,1,297199,1,161630,1,107726,1,216976,1,4729,1,38213,1,8096,4,40,4,65576,4,1002,4,1854,8,0,0,1265,132,10,1,73962,1,892,1,2244,1,18645,2,5450,1,130199,1,16462,1,3266,1,6292,1,26461,1,230011,1,34206,1,0,1,0,1,9545,1,4467,1,16559,1,9545,1,48,1,1240,1,1,1,0,1,4504,1,5041,1,0,1
313,788900,4467,9545,28.988903,0,0,11,0,0,34705,852,1532,754195,16,192,30,1,27483,1,80,1,242114,1,153875,1,107406,1,218449,1,4759,1,37642,1,7114,4,40,4,65626,4,1012,4,1884,8,0,0,1364,132,10,1,77238,1,892,1,2224,1,18786,2,5130,1,120621,1,18546,1,3266,1,5190,1,21912,1,186437,1,28284,1,0,1,0,1,9545,1,4467,1,16559,1,9545,1,48,1,1240,1,1,1,0,1,4504,1,5041,1,0,1
314,774400,4467,9545,28.988903,0,0,11,0,0,32749,771,1580,741651,16,192,40,1,25469,1,50,1,242224,1,151560,1,106193,1,211305,1,4809,1,34446,1,6633,4,50,4,65706,4,1082,4,1874,8,0,0,1376,132,20,1,73811,1,882,1,2224,1,18866,2,4939,1,119419,1,17734,1,3256,1,5130,1,22002,1,187229,1,27703,1,0,1,0,1,9545,1,4467,1,16559,1,9545,1,48,1,1240,1,1,1,0,1,4504,1,5041,1,0,1
315,762700,4467,9545,28.988903,0,0,11,0,0,30046,831,1561,732654,16,192,30,1,25860,1,70,1,241573,1,143214,1,105973,1,211265,1,4669,1,33865,1,5731,4,30,4,65506,4,992,4,1854,8,0,0,1284,132,20,1,76687,1,882,1,2214,1,17804,2,4849,1,111934,1,16762,1,3386,1,5070,1,22273,1,185716,1,28314,1,0,1,0,1,9545,1,4467,1,16559,1,9545,1,48,1,1240,1,1,1,0,1,4504,1,5041,1,0,1
316,762300,4467,9545,28.988903,0,0,11,0,0,30137,872,1560,732163,16,192,40,1,25799,1,30,1,241753,1,146170,1,106404,1,207217,1,4749,1,33524,1,5721,4,40,4,65626,4,962,4,1854,8,0,0,1256,132,20,1,73210,1,882,1,2224,1,17644,2,4639,1,113788,1,16772,1,3266,1,5080,1,21391,1,186888,1,28184,1,0,1,0,1,9545,1,4467,1,16559,1,9545,1,48,1,1240,1,1,1,0,1,4504,1,5041,1,0,1
317,759800,4467,9545,28.988903,0,0,11,0,0,29661,871,1542,730139,16,192,70,1,25699,1,50,1,241022,1,139036,1,106745,1,212748,1,4769,1,33414,1,6102,4,21,4,65916,4,992,4,1854,8,0,0,1304,132,20,1,77589,1,882,1,2244,1,18045,2,4799,1,107666,1,16882,1,3286,1,5070,1,21491,1,186257,1,28024,1,0,1,0,1,9545,1,4467,1,16559,1,9545,1,48,1,1240,1,1,1,0,1,4504,1,5041,1,0,1
318,765600,4467,9545,28.988903,0,0,11,0,0,30251,812,1512,735349,16,192,60,1,25870,1,60,1,241733,1,147803,1,107286,1,207768,1,4769,1,32602,1,5781,4,50,4,65726,4,992,4,1884,8,0,0,1364,132,20,1,73841,1,892,1,2234,1,18075,2,4859,1,116193,1,17103,1,3286,1,5140,1,21511,1,186608,1,28294,1,0,1,0,1,9545,1,4467,1,16559,1,9545,1,48,1,1240,1,1,1,0,1,4504,1,5041,1,0,1
319,764000,4467,9545,28.988903,0,0,11,0,0,29933,821,1570,734067,16,192,50,1,25739,1,70,1,241954,1,142944,1,106995,1,211636,1,4679,1,32693,1,5791,4,30,4,65856,4,952,4,2355,8,0,0,1736,132,30,1,77198,1,882,1,2234,1,17924,2,4869,1,112005,1,16452,1,3326,1,5170,1,21812,1,186678,1,28124,1,0,1,0,1,9545,1,4467,1,16559,1,9545,1,48,1,1240,1,1,1,0,1,4504,1,5041,1,0,1
320,772800,4467,9545,28.988903,0,0,11,0,0,28143,871,1700,744657,16,192,40,1,26030,1,60,1,241753,1,154726,1,107175,1,210073,1,4799,1,32773,1,5881,4,40,4,65806,4,982,4,1974,8,0,0,1256,132,20,1,76246,1,892,1,2254,1,17463,2,4869,1,123376,1,16792,1,3276,1,5080,1,21641,1,186567,1,28314,1,0,1,0,1,9545,1,4467,1,16559,1,9545,1,48,1,1240,1,1,1,0,1,4504,1,5041,1,0,1
321,805800,4467,9545,28.988903,0,0,11,0,0,36316,771,1583,769484,16,192,40,1,27122,1,60,1,242094,1,170958,1,107706,1,216715,1,4789,1,36550,1,6162,4,60,4,65926,4,1032,4,1894,8,0,0,1343,132,20,1,77288,1,892,1,2314,1,18896,2,4909,1,134187,1,22082,1,3276,1,5110,1,21982,1,186167,1,28605,1,0,1,0,1,9545,1,4467,1,16559,1,9545,1,48,1,1240,1,1,1,0,1,4504,1,5041,1,0,1
322,768300,4467,9545,28.988903,0,0,11,0,0,32841,792,1503,735459,16,192,20,1,26100,1,60,1,241723,1,143846,1,106624,1,212307,1,4779,1,35518,1,6192,4,40,4,66137,4,962,4,1844,8,0,0,1303,132,20,1,74232,1,882,1,2314,1,18566,2,4809,1,111924,1,17463,1,3286,1,5160,1,21742,1,186768,1,27873,1,0,1,0,1,9545,1,4467,1,16559,1,9545,1,48,1,1240,1,1,1,0,1,4504,1,5041,1,0,1
323,930800,4467,9545,28.988903,0,0,11,0,0,31276,1011,1693,899524,16,192,170,1,32041,1,80,1,309543,1,141722,1,134688,1,276049,1,5230,1,46760,1,10049,4,51,4,73581,4,1142,4,1984,8,0,0,1433,132,30,1,110572,1,882,1,2855,1,20018,2,7114,1,107736,1,18225,1,3587,1,7043,1,25699,1,243156,1,33314,1,0,1,0,1,9545,1,4467,1,16559,1,9545,1,48,1,1240,1,1,1,0,1,4504,1,5041,1,0,1
324,799300,4467,9545,28.988903,0,0,11,0,0,30487,801,1781,768813,16,192,50,1,27913,1,70,1,243446,1,149627,1,113247,1,229720,1,4739,1,40287,1,8586,4,40,4,67630,4,1242,4,1844,8,0,0,1305,132,30,1,81676,1,882,1,2264,1,18415,2,6022,1,118457,1,16542,1,3316,1,5110,1,21481,1,186978,1,29657,1,0,1,0,1,9545,1,4467,1,16559,1,9545,1,48,1,1240,1,1,1,0,1,4504,1,5041,1,0,1
325,772400,4467,9545,28.988903,0,0,11,0,0,29747,812,1522,742653,16,192,50,1,25699,1,60,1,243136,1,146220,1,111393,1,211445,1,4649,1,33534,1,5851,4,40,4,65395,4,1102,4,1854,8,0,0,1433,132,30,1,76827,1,892,1,2234,1,18165,2,4709,1,115531,1,16201,1,3266,1,5120,1,22633,1,185355,1,29807,1,0,1,0,1,9545,1,4467,1,16559,1,9545,1,48,1,1240,1,1,1,0,1,4504,1,5041,1,0,1
326,758000,4467,9545,28.988903,0,0,11,0,0,29705,821,1553,728295,16,192,110,1,25709,1,40,1,240892,1,141792,1,106955,1,208139,1,4659,1,33374,1,5771,4,40,4,65566,4,1042,4,1844,8,0,0,1333,132,20,1,73431,1,892,1,2224,1,18435,2,4679,1,111053,1,16371,1,3276,1,5060,1,22032,1,185636,1,27974,1,0,1,0,1,9545,1,4467,1,16559,1,9545,1,48,1,1240,1,1,1,0,1,4504,1,5041,1,0,1
327,764000,4467,9545,28.988903,0,0,11,0,0,29683,871,1491,734317,16,192,40,1,25749,1,50,1,240030,1,145529,1,106674,1,211475,1,4769,1,33494,1,5751,4,50,4,65526,4,942,4,1834,8,0,0,1284,132,20,1,77488,1,882,1,2254,1,17744,2,4619,1,114549,1,16452,1,3306,1,5060,1,21591,1,184874,1,28294,1,0,1,0,1,9545,1,4467,1,16559,1,9545,1,48,1,1240,1,1,1,0,1,4504,1,5041,1,0,1
328,761800,4467,9545,28.988903,0,0,11,0,0,29827,862,1549,731973,16,192,40,1,25609,1,100,1,241012,1,144998,1,106845,1,208700,1,4669,1,33214,1,5791,4,40,4,65806,4,982,4,1844,8,0,0,1276,132,10,1,74172,1,892,1,2224,1,18025,2,4839,1,112806,1,16642,1,3286,1,5120,1,21311,1,186287,1,28074,1,0,1,0,1,9545,1,4467,1,16559,1,9545,1,48,1,1240,1,1,1,0,1,4504,1,5041,1,0,1
329,838300,4467,9545,28.988903,0,0,11,0,0,32276,892,1560,806024,16,192,40,1,25639,1,100,1,241853,1,203229,1,108648,1,221755,1,4759,1,38654,1,6653,4,40,4,66077,4,1032,4,1844,8,0,0,1315,132,20,1,77989,1,882,1,2765,1,19878,2,5030,1,164796,1,23605,1,3296,1,5110,1,21772,1,186457,1,28324,1,0,1,0,1,9545,1,4467,1,16559,1,9545,1,48,1,1240,1,1,1,0,1,4504,1,5041,1,0,1
330,766400,4467,9545,28.988903,0,0,11,0,0,31051,842,1570,735349,16,192,40,1,26080,1,50,1,242685,1,140209,1,107125,1,214501,1,4659,1,36069,1,6422,4,40,4,65976,4,1323,4,1904,8,0,0,1657,132,20,1,74142,1,872,1,2435,1,19427,2,5030,1,107897,1,17714,1,3336,1,5120,1,22313,1,187259,1,27783,1,0,1,0,1,9545,1,4467,1,16559,1,9545,1,48,1,1240,1,1,1,0,1,4504,1,5041,1,0,1
331,764900,4467,9545,28.988903,0,0,11,0,0,32958,852,1620,731942,16,192,80,1,25950,1,30,1,242064,1,137413,1,107035,1,214681,1,4689,1,35027,1,5791,4,40,4,65766,4,982,4,1874,8,0,0,1236,132,20,1,77689,1,892,1,2294,1,18606,2,4849,1,105923,1,16963,1,3376,1,5120,1,21341,1,187389,1,28004,1,0,1,0,1,9545,1,4467,1,16559,1,9545,1,48,1,1240,1,1,1,0,1,4504,1,5041,1,0,1
332,764700,4467,9545,28.988903,0,0,11,0,0,31585,1042,1592,733115,16,192,40,1,26531,1,30,1,241713,1,141671,1,107376,1,211074,1,4679,1,34556,1,5811,4,40,4,66097,4,1022,4,1864,8,0,0,1294,132,20,1,74172,1,892,1,2264,1,18566,2,4729,1,110432,1,16672,1,3326,1,5120,1,21882,1,186517,1,27964,1,0,1,0,1,9545,1,4467,1,16559,1,9545,1,48,1,1240,1,1,1,0,1,4504,1,5041,1,0,1
333,762100,4467,9545,28.988903,0,0,11,0,0,30228,852,1530,731872,16,192,60,1,26240,1,30,1,242264,1,138966,1,106845,1,212788,1,4679,1,34005,1,5841,4,40,4,65966,4,962,4,1854,8,0,0,1285,132,20,1,77338,1,892,1,2234,1,18035,2,4749,1,108017,1,16512,1,3286,1,5110,1,21882,1,186668,1,28424,1,0,1,0,1,9545,1,4467,1,16559,1,9545,1,48,1,1240,1,1,1,0,1,4504,1,5041,1,0,1
334,761500,4467,9545,28.988903,0,0,11,0,0,27894,902,1581,733606,16,192,40,1,26180,1,50,1,241242,1,144617,1,106875,1,209852,1,4749,1,34015,1,5821,4,40,4,65826,4,962,4,1864,8,0,0,1245,132,20,1,74413,1,892,1,2234,1,18085,2,4779,1,113568,1,16582,1,3286,1,5100,1,21732,1,186036,1,28184,1,0,1,0,1,9545,1,4467,1,16559,1,9545,1,48,1,1240,1,1,1,0,1,4504,1,5041,1,0,1
335,756600,4467,9545,28.988903,0,0,11,0,0,29667,831,1629,726933,16,192,50,1,25840,1,90,1,242295,1,135349,1,107135,1,211535,1,4639,1,33013,1,5841,4,40,4,65776,4,962,4,1894,8,0,0,1227,132,20,1,77288,1,892,1,2244,1,17954,2,4779,1,104610,1,16281,1,3296,1,5130,1,22293,1,186437,1,28274,1,0,1,0,1,9545,1,4467,1,16559,1,9545,1,48,1,1240,1,1,1,0,1,4504,1,5041,1,0,1
336,1010000,4467,9545,28.988903,0,0,11,0,0,32587,1102,2124,977413,16,192,160,1,32031,1,70,1,322718,1,162281,1,154266,1,297951,1,7935,1,52881,1,11582,4,60,4,88109,4,1483,4,2405,8,0,0,1763,132,30,1,106644,1,1112,1,3076,1,21321,2,8146,1,123036,1,20830,1,4158,1,6863,1,25499,1,250239,1,39806,1,0,1,0,1,9545,1,4467,1,16559,1,9545,1,48,1,1240,1,1,1,0,1,4504,1,5041,1,0,1
337,1010200,4467,9545,28.988903,0,0,11,0,0,36940,1232,2114,973260,16,192,60,1,27312,1,50,1,244719,1,213654,1,155278,1,326125,1,6062,1,65125,1,10941,4,80,4,85093,4,1984,4,2565,8,0,0,2435,132,40,1,119128,1,1132,1,3757,1,27312,2,7735,1,161294,1,33624,1,4118,1,5100,1,21411,1,189864,1,28134,1,0,1,0,1,9545,1,4467,1,16559,1,9545,1,48,1,1240,1,1,1,0,1,4504,1,5041,1,0,1
338,990800,4467,9545,28.988903,0,0,11,0,0,35880,882,1834,954920,16,192,40,1,28495,1,90,1,258886,1,168793,1,165227,1,326796,1,6593,1,59684,1,13386,4,40,4,89271,4,1142,4,2214,8,0,0,1522,132,20,1,124458,1,1292,1,3306,1,21882,2,9218,1,125210,1,22653,1,4629,1,5491,1,23585,1,188391,1,41249,1,0,1,0,1,9545,1,4467,1,16559,1,9545,1,48,1,1240,1,1,1,0,1,4504,1,5041,1,0,1
339,868500,4467,9545,28.988903,0,0,11,0,0,31075,851,1532,837425,16,192,40,1,34777,1,40,1,280528,1,181097,1,108688,1,227526,1,4729,1,38724,1,8005,4,30,4,66167,4,962,4,1844,8,0,0,1274,132,20,1,83630,1,882,1,2254,1,18536,2,5621,1,149236,1,17233,1,3266,1,7785,1,25870,1,217948,1,28745,1,0,1,0,1,9545,1,4467,1,16559,1,9545,1,48,1,1240,1,1,1,0,1,4504,1,5041,1,0,1
340,787700,4467,9545,28.988903,0,0,11,0,0,30098,891,1510,757602,16,192,30,1,25980,1,30,1,241202,1,168723,1,108037,1,208860,1,4739,1,34767,1,5801,4,21,4,65636,4,952,4,1834,8,0,0,1275,132,20,1,73331,1,882,1,2214,1,17864,2,4649,1,136592,1,17443,1,3276,1,5120,1,23014,1,184574,1,28344,1,0,1,0,1,9545,1,4467,1,16559,1,9545,1,48,1,1240,1,1,1,0,1,4504,1,5041,1,0,1
341,758500,4467,9545,28.988903,0,0,11,0,0,29924,831,1483,728576,16,192,50,1,25950,1,40,1,239479,1,139828,1,106745,1,211836,1,4649,1,34216,1,5771,4,30,4,65475,4,962,4,1834,8,0,0,1313,132,10,1,77058,1,892,1,2214,1,17854,2,4689,1,109239,1,16251,1,3266,1,5110,1,21662,1,184604,1,27924,1,0,1,0,1,9545,1,4467,1,16559,1,9545,1,48,1,1240,1,1,1,0,1,4504,1,5041,1,0,1
342,766100,4467,9545,28.988903,0,0,11,0,0,29869,871,1622,736231,16,192,40,1,25629,1,30,1,240401,1,150318,1,106214,1,208830,1,4769,1,33584,1,5771,4,40,4,65886,4,1082,4,1864,8,0,0,1325,132,10,1,73761,1,892,1,2224,1,18085,2,4759,1,119379,1,16442,1,3276,1,5090,1,21842,1,185275,1,28014,1,0,1,0,1,9545,1,4467,1,16559,1,9545,1,48,1,1240,1,1,1,0,1,4504,1,5041,1,0,1
343,762300,4467,9545,28.988903,0,0,11,0,0,29957,751,1700,732343,16,192,60,1,26160,1,40,1,241904,1,140890,1,106564,1,212046,1,4679,1,33154,1,5801,4,30,4,65906,4,1002,4,1934,8,0,0,1236,132,20,1,77328,1,882,1,2234,1,18175,2,4829,1,109921,1,16452,1,3306,1,5130,1,21742,1,186588,1,28244,1,0,1,0,1,9545,1,4467,1,16559,1,9545,1,48,1,1240,1,1,1,0,1,4504,1,5041,1,0,1
344,754500,4467,9545,28.988903,0,0,11,0,0,28860,912,1588,725640,16,192,30,1,25840,1,40,1,241372,1,138305,1,106624,1,208640,1,4789,1,32893,1,5821,4,50,4,65876,4,931,4,1864,8,0,0,1207,132,20,1,74062,1,882,1,2234,1,18275,2,4819,1,107256,1,16562,1,3286,1,5130,1,21621,1,186337,1,28074,1,0,1,0,1,9545,1,4467,1,16559,1,9545,1,48,1,1240,1,1,1,0,1,4504,1,5041,1,0,1
345,1103400,4467,9545,28.988903,0,0,11,0,0,35394,902,2003,1068006,16,192,160,1,29617,1,90,1,335182,1,182089,1,167511,1,346604,1,6753,1,65846,1,13766,4,60,4,89862,4,2024,4,2304,8,0,0,2325,132,10,1,131632,1,1313,1,3487,1,25829,2,9568,1,135680,1,26240,1,4699,1,6362,1,24978,1,260169,1,43233,1,0,1,0,1,9545,1,4467,1,16559,1,9545,1,48,1,1240,1,1,1,0,1,4504,1,5041,1,0,1
346,821600,4467,9545,28.988903,0,0,11,0,0,35684,982,1591,785916,16,192,170,1,27352,1,150,1,259557,1,160167,1,111203,1,222566,1,4749,1,39906,1,8146,4,70,4,66618,4,1082,4,1854,8,0,0,1345,132,30,1,76326,1,882,1,2415,1,18415,2,5841,1,127364,1,17944,1,3286,1,5250,1,23695,1,201837,1,28455,1,0,1,0,1,9545,1,4467,1,16559,1,9545,1,48,1,1240,1,1,1,0,1,4504,1,5041,1,0,1
347,925600,4467,9545,28.988903,0,0,11,0,0,30234,921,1629,895366,16,192,130,1,25890,1,50,1,271610,1,172721,1,137273,1,282161,1,5531,1,51108,1,10861,4,40,4,77869,4,992,4,1864,8,0,0,1227,132,10,1,108187,1,1062,1,2805,1,18776,2,7665,1,135880,1,19337,1,3867,1,5140,1,23435,1,207277,1,35608,1,0,1,0,1,9545,1,4467,1,16559,1,9545,1,48,1,1240,1,1,1,0,1,4504,1,5041,1,0,1
348,796800,4467,9545,28.988903,0,0,11,0,0,30141,812,1610,766659,16,192,60,1,28945,1,60,1,262152,1,151801,1,107516,1,211365,1,4759,1,34797,1,5701,4,40,4,65806,4,992,4,2004,8,0,0,1386,132,20,1,74543,1,892,1,2244,1,18616,2,4899,1,120521,1,16642,1,3286,1,6162,1,24407,1,201837,1,29587,1,0,1,0,1,9545,1,4467,1,16559,1,9545,1,48,1,1240,1,1,1,0,1,4504,1,5041,1,0,1
349,971400,4467,9545,28.988903,0,0,11,0,0,33864,892,1974,937536,16,192,90,1,32743,1,70,1,340072,1,156450,1,133205,1,269106,1,5801,1,42431,1,7294,4,50,4,81827,4,1252,4,2485,8,0,0,1763,132,10,1,101434,1,1102,1,2805,1,21491,2,6032,1,117856,1,20109,1,4108,1,6452,1,27382,1,265940,1,40047,1,0,1,0,1,9545,1,4467,1,16559,1,9545,1,48,1,1240,1,1,1,0,1,4504,1,5041,1,0,1
350,769600,4467,9545,28.988903,0,0,11,0,0,29993,871,1580,739607,16,192,120,1,27042,1,30,1,245921,1,145569,1,107526,1,208620,1,4779,1,33915,1,5721,4,30,4,65395,4,992,4,1884,8,0,0,1296,132,20,1,73761,1,882,1,2214,1,18215,2,4719,1,114129,1,16682,1,3316,1,5060,1,21471,1,191317,1,27893,1,0,1,0,1,9545,1,4467,1,16559,1,9545,1,48,1,1240,1,1,1,0,1,4504,1,5041,1,0,1
351,772600,4467,9545,28.988903,0,0,11,0,0,30208,882,1610,742392,16,192,50,1,25779,1,40,1,245611,1,147222,1,106424,1,212527,1,4739,1,33915,1,5731,4,40,4,65706,4,972,4,1923,8,0,0,1285,132,10,1,77549,1,892,1,2214,1,17954,2,4739,1,116072,1,16562,1,3326,1,5080,1,21541,1,189042,1,29707,1,0,1,0,1,9545,1,4467,1,16559,1,9545,1,48,1,1240,1,1,1,0,1,4504,1,5041,1,0,1
352,1149100,4467,9545,28.988903,0,0,11,0,0,37880,1262,2154,1111220,16,192,50,1,25749,1,30,1,243176,1,205786,1,181979,1,447728,1,6723,1,74102,1,15309,4,80,4,180656,4,1563,4,2415,8,0,0,1823,132,50,1,129228,1,1232,1,4529,1,28475,2,8827,1,157854,1,26180,1,4789,1,5110,1,21481,1,188491,1,27883,1,0,1,0,1,9545,1,4467,1,16559,1,9545,1,48,1,1240,1,1,1,0,1,4504,1,5041,1,0,1
353,822800,4467,9545,28.988903,0,0,11,0,0,36634,1102,1552,786166,16,192,260,1,27873,1,110,1,259247,1,161339,1,111273,1,221184,1,4879,1,36981,1,7504,4,50,4,65876,4,1072,4,1884,8,0,0,1403,132,30,1,78971,1,882,1,2344,1,19026,2,5460,1,125631,1,20810,1,3316,1,5360,1,23054,1,201586,1,28825,1,0,1,0,1,9545,1,4467,1,16559,1,9545,1,48,1,1240,1,1,1,0,1,4504,1,5041,1,0,1
354,793100,4467,9545,28.988903,0,0,11,0,0,33755,791,1552,759345,16,192,40,1,26040,1,40,1,264407,1,144427,1,107095,1,212537,1,4759,1,35488,1,5801,4,40,4,65956,4,1002,4,1854,8,0,0,1304,132,10,1,74593,1,872,1,2264,1,18936,2,4929,1,112295,1,17193,1,3326,1,5140,1,22744,1,207177,1,29166,1,0,1,0,1,9545,1,4467,1,16559,1,9545,1,48,1,1240,1,1,1,0,1,4504,1,5041,1,0,1
355,791900,4467,9545,28.988903,0,0,11,0,0,30531,862,1590,761369,16,192,10,1,25749,1,50,1,258365,1,151150,1,107787,1,213519,1,4739,1,34606,1,5941,4,40,4,65756,4,992,4,1984,8,0,0,1386,132,20,1,77308,1,882,1,2214,1,18055,2,4859,1,118417,1,16993,1,4368,1,5140,1,22142,1,202678,1,28194,1,0,1,0,1,9545,1,4467,1,16559,1,9545,1,48,1,1240,1,1,1,0,1,4504,1,5041,1,0,1
356,770600,4467,9545,28.988903,0,0,11,0,0,30372,891,1571,740228,16,192,90,1,25880,1,50,1,252213,1,141120,1,107125,1,209091,1,4659,1,34346,1,5681,4,30,4,65455,4,982,4,1934,8,0,0,1345,132,10,1,73942,1,872,1,2204,1,18004,2,4739,1,110051,1,16552,1,3286,1,5070,1,21882,1,195735,1,29336,1,0,1,0,1,9545,1,4467,1,16559,1,9545,1,48,1,1240,1,1,1,0,1,4504,1,5041,1,0,1
357,768700,4467,9545,28.988903,0,0,11,0,0,30225,792,1600,738475,16,192,40,1,25609,1,90,1,248697,1,137393,1,107817,1,214160,1,4669,1,34737,1,5811,4,40,4,65916,4,952,4,1884,8,0,0,1235,132,20,1,77989,1,892,1,2264,1,18105,2,4759,1,106384,1,16562,1,3286,1,5090,1,20860,1,194342,1,28224,1,0,1,0,1,9545,1,4467,1,16559,1,9545,1,48,1,1240,1,1,1,0,1,4504,1,5041,1,0,1
358,1023200,4467,9545,28.988903,0,0,11,0,0,36239,1092,1781,986961,16,192,180,1,38624,1,70,1,343608,1,148364,1,156670,1,293372,1,6072,1,53633,1,11943,4,70,4,81997,4,1222,4,1994,8,0,0,1435,132,40,1,109370,1,1172,1,3216,1,19327,2,8296,1,109881,1,20259,1,4178,1,8035,1,30709,1,266901,1,37542,1,0,1,0,1,9545,1,4467,1,16559,1,9545,1,48,1,1240,1,1,1,0,1,4504,1,5041,1,0,1
359,814300,4467,9545,28.988903,0,0,11,0,0,27512,752,1541,786788,16,192,60,1,26751,1,60,1,250079,1,141441,1,118667,1,245110,1,4619,1,42552,1,9117,4,40,4,69824,4,952,4,1844,8,0,0,1255,132,20,1,93780,1,882,1,2355,1,16612,2,6382,1,109450,1,17133,1,3296,1,5060,1,22343,1,191617,1,30849,1,0,1,0,1,9545,1,4467,1,16559,1,9545,1,48,1,1240,1,1,1,0,1,4504,1,5041,1,0,1
360,798800,4467,9545,28.988903,0,0,11,0,0,34625,821,1521,764175,16,192,50,1,27022,1,70,1,248967,1,163634,1,107486,1,212307,1,4639,1,35368,1,6913,4,30,4,65055,4,952,4,1834,8,0,0,1264,132,20,1,73892,1,982,1,2465,1,18786,2,5190,1,125230,1,23876,1,3286,1,5240,1,22583,1,190305,1,30659,1,0,1,0,1,9545,1,4467,1,16559,1,9545,1,48,1,1240,1,1,1,0,1,4504,1,5041,1,0,1
361,818000,4467,9545,28.988903,0,0,11,0,0,31974,881,1482,786026,16,192,40,1,25649,1,30,1,243988,1,173432,1,110351,1,227796,1,4739,1,39245,1,8035,4,21,4,65746,4,1563,4,1844,8,0,0,1925,132,10,1,83801,1,882,1,2254,1,17884,2,5631,1,141301,1,17594,1,3236,1,5080,1,21381,1,189433,1,27924,1,0,1,0,1,9545,1,4467,1,16559,1,9545,1,48,1,1240,1,1,1,0,1,4504,1,5041,1,0,1
362,1408700,4467,9545,28.988903,0,0,11,0,0,34597,1173,1883,1374103,16,192,170,1,50898,1,70,1,462486,1,212948,1,227005,1,412260,1,8266,1,74122,1,16922,4,70,4,112646,4,1422,4,2465,8,0,0,2004,132,30,1,154626,1,1593,1,4358,1,31260,2,11572,1,160397,1,27192,1,5921,1,14137,1,32923,1,355531,1,59504,1,0,1,0,1,9545,1,4467,1,16559,1,9545,1,48,1,1240,1,1,1,0,1,4504,1,5041,1,0,1
363,961800,4467,9545,28.988903,0,0,11,0,0,30125,881,1701,931675,16,192,60,1,31200,1,60,1,283253,1,161790,1,147122,1,302269,1,5921,1,53663,1,11893,4,30,4,82087,4,1042,4,2034,8,0,0,1374,132,20,1,118677,1,1112,1,2976,1,19698,2,8156,1,122966,1,20279,1,4158,1,6663,1,24607,1,214832,1,36861,1,0,1,0,1,9545,1,4467,1,16559,1,9545,1,48,1,1240,1,1,1,0,1,4504,1,5041,1,0,1
364,792500,4467,9545,28.988903,0,0,11,0,0,29889,892,1511,762611,16,192,20,1,31049,1,40,1,250219,1,148715,1,108668,1,219150,1,4749,1,38223,1,7975,4,40,4,65746,4,991,4,1794,8,0,0,1274,132,10,1,76266,1,882,1,2204,1,18385,2,5741,1,117625,1,16702,1,3246,1,6663,1,25008,1,189814,1,28535,1,0,1,0,1,9545,1,4467,1,16559,1,9545,1,48,1,1240,1,1,1,0,1,4504,1,5041,1,0,1
365,782800,4467,9545,28.988903,0,0,11,0,0,29837,872,1587,752963,16,192,30,1,25499,1,50,1,243797,1,161169,1,107175,1,210503,1,4739,1,33685,1,5731,4,30,4,65195,4,972,4,1793,8,0,0,1178,132,10,1,76226,1,882,1,2234,1,18114,2,4759,1,130240,1,16512,1,3236,1,5050,1,22523,1,188191,1,27823,1,0,1,0,1,9545,1,4467,1,16559,1,9545,1,48,1,1240,1,1,1,0,1,4504,1,5041,1,0,1
366,772800,4467,9545,28.988903,0,0,11,0,0,27682,861,1561,745118,16,192,40,1,25599,1,100,1,242164,1,160467,1,105753,1,206375,1,4619,1,33123,1,5781,4,21,4,65245,4,952,4,1844,8,0,0,1235,132,10,1,73000,1,882,1,2224,1,17784,2,4649,1,130159,1,15991,1,3276,1,5060,1,22183,1,187058,1,27643,1,0,1,0,1,9545,1,4467,1,16559,1,9545,1,48,1,1240,1,1,1,0,1,4504,1,5041,1,0,1
367,892300,4467,9545,28.988903,0,0,11,0,0,31370,1032,1611,860930,16,192,60,1,25599,1,60,1,242014,1,232776,1,110101,1,245500,1,4819,1,53392,1,7094,4,30,4,65726,4,1413,4,2104,8,0,0,1906,132,40,1,78070,1,882,1,2334,1,28495,2,4889,1,191888,1,25349,1,3256,1,5090,1,21752,1,186688,1,28314,1,0,1,0,1,9545,1,4467,1,16559,1,9545,1,48,1,1240,1,1,1,0,1,4504,1,5041,1,0,1
368,922100,4467,9545,28.988903,0,0,11,0,0,31323,941,1629,890777,16,192,100,1,25739,1,120,1,258906,1,159375,1,143555,1,297079,1,5901,1,55446,1,11883,4,30,4,81666,4,1152,4,1934,8,0,0,1457,132,20,1,111634,1,1112,1,2996,1,20149,2,8116,1,127755,1,17023,1,3276,1,5110,1,22303,1,203841,1,27463,1,0,1,0,1,9545,1,4467,1,16559,1,9545,1,48,1,1240,1,1,1,0,1,4504,1,5041,1,0,1
369,897000,4467,9545,28.988903,0,0,11,0,0,30830,892,1579,866170,16,192,30,1,31330,1,40,1,295346,1,202979,1,118447,1,213289,1,4709,1,35919,1,5801,4,40,4,65305,4,982,4,1844,8,0,0,1246,132,20,1,76657,1,882,1,2274,1,18065,2,4609,1,163744,1,20810,1,4168,1,6673,1,25218,1,224921,1,38353,1,0,1,0,1,9545,1,4467,1,16559,1,9545,1,48,1,1240,1,1,1,0,1,4504,1,5041,1,0,1
370,785600,4467,9545,28.988903,0,0,11,0,0,32146,891,1581,753454,16,192,50,1,25479,1,110,1,249819,1,157832,1,106374,1,209071,1,4719,1,34767,1,5771,4,40,4,65235,4,952,4,1854,8,0,0,1225,132,20,1,73351,1,882,1,2244,1,18265,2,4799,1,127013,1,16341,1,3236,1,5070,1,22142,1,194633,1,27793,1,0,1,0,1,9545,1,4467,1,16559,1,9545,1,48,1,1240,1,1,1,0,1,4504,1,5041,1,0,1
371,773000,4467,9545,28.988903,0,0,11,0,0,30247,852,1520,742753,16,192,40,1,25699,1,50,1,245290,1,150007,1,105632,1,211395,1,4639,1,34767,1,5711,4,40,4,65385,4,942,4,1823,8,0,0,1245,132,20,1,76236,1,872,1,2194,1,17854,2,4699,1,119489,1,16301,1,3256,1,5070,1,21501,1,190495,1,28044,1,0,1,0,1,9545,1,4467,1,16559,1,9545,1,48,1,1240,1,1,1,0,1,4504,1,5041,1,0,1
372,761900,4467,9545,28.988903,0,0,11,0,0,29727,862,1561,732173,16,192,80,1,25679,1,90,1,243457,1,146170,1,104941,1,207157,1,4599,1,33735,1,5701,4,50,4,65005,4,952,4,1834,8,0,0,1225,132,10,1,73331,1,882,1,2204,1,17904,2,4689,1,115541,1,16291,1,3266,1,5060,1,21120,1,189203,1,27893,1,0,1,0,1,9545,1,4467,1,16559,1,9545,1,48,1,1240,1,1,1,0,1,4504,1,5041,1,0,1
373,769600,4467,9545,28.988903,0,0,11,0,0,29923,861,1560,739677,16,192,50,1,25619,1,70,1,242234,1,151540,1,105662,1,209882,1,4619,1,33304,1,5701,4,50,4,65145,4,932,4,2946,8,0,0,2317,132,20,1,75935,1,872,1,2234,1,17183,2,4699,1,121012,1,16241,1,3256,1,5060,1,21551,1,187640,1,27823,1,0,1,0,1,9545,1,4467,1,16559,1,9545,1,48,1,1240,1,1,1,0,1,4504,1,5041,1,0,1
374,774900,4467,9545,28.988903,0,0,11,0,0,27438,792,1581,747462,16,192,50,1,25639,1,50,1,241543,1,160978,1,106294,1,208239,1,4669,1,33514,1,5851,4,40,4,65625,4,972,4,1904,8,0,0,1295,132,20,1,73270,1,882,1,2244,1,18395,2,4729,1,130209,1,16472,1,3266,1,5080,1,21161,1,187219,1,27873,1,0,1,0,1,9545,1,4467,1,16559,1,9545,1,48,1,1240,1,1,1,0,1,4504,1,5041,1,0,1
375,1197600,4467,9545,28.988903,0,0,11,0,0,45352,1092,12391,1152248,16,192,230,1,49645,1,90,1,445854,1,263305,1,131402,1,256702,1,5020,1,49104,1,9528,4,60,4,66247,4,1533,4,12574,8,0,0,1716,132,30,1,85354,1,882,1,4729,1,19818,2,5751,1,201817,1,43754,1,3517,1,12173,1,40187,1,325935,1,66758,1,0,1,0,1,9545,1,4467,1,16559,1,9545,1,48,1,1240,1,1,1,0,1,4504,1,5041,1,0,1
376,1216400,4467,9545,28.988903,0,0,11,0,0,33473,1182,1904,1182927,16,192,230,1,27653,1,80,1,330644,1,198761,1,205694,1,411438,1,8426,1,74342,1,17023,4,80,4,113538,4,1363,4,2435,8,0,0,1893,132,30,1,155919,1,1633,1,4378,1,27883,2,11632,1,144417,1,27984,1,6032,1,5701,1,24136,1,246983,1,53392,1,0,1,0,1,9545,1,4467,1,16559,1,9545,1,48,1,1240,1,1,1,0,1,4504,1,5041,1,0,1
377,803800,4467,9545,28.988903,0,0,11,0,0,32753,861,1631,771047,16,192,50,1,34456,1,40,1,265950,1,144026,1,106975,1,214902,1,4649,1,34967,1,5771,4,30,4,65606,4,1052,4,1844,8,0,0,1265,132,0,1,77979,1,882,1,2224,1,18856,2,4829,1,112415,1,16882,1,3306,1,5140,1,23515,1,209101,1,27934,1,0,1,0,1,9545,1,4467,1,16559,1,9545,1,48,1,1240,1,1,1,0,1,4504,1,5041,1,0,1
378,777700,4467,9545,28.988903,0,0,11,0,0,27222,812,1589,750478,16,192,30,1,26361,1,50,1,259838,1,144918,1,105933,1,208740,1,4609,1,34376,1,5811,4,120,4,65355,4,942,4,1854,8,0,0,1206,132,10,1,73010,1,872,1,2214,1,18596,2,4769,1,112656,1,16602,1,4318,1,5110,1,21742,1,203350,1,29416,1,0,1,0,1,9545,1,4467,1,16559,1,9545,1,48,1,1240,1,1,1,0,1,4504,1,5041,1,0,1
379,996800,4467,9545,28.988903,0,0,11,0,0,31771,1042,5760,965029,16,192,160,1,29386,1,70,1,310946,1,155909,1,152652,1,309844,1,6062,1,54164,1,12063,4,70,4,84973,4,1282,4,6082,8,0,0,1604,132,40,1,117395,1,1182,1,3096,1,20119,2,8336,1,116974,1,20409,1,4218,1,6182,1,25008,1,240471,1,38915,1,0,1,0,1,9545,1,4467,1,16559,1,9545,1,48,1,1240,1,1,1,0,1,4504,1,5041,1,0,1
380,775100,4467,9545,28.988903,0,0,11,0,0,27608,882,1572,747492,16,192,60,1,27002,1,30,1,252905,1,148555,1,105833,1,208489,1,4619,1,33675,1,5711,4,40,4,65245,4,1032,4,2124,8,0,0,1584,132,20,1,73902,1,862,1,2184,1,18115,2,4699,1,117706,1,16442,1,3246,1,5080,1,21732,1,198100,1,27783,1,0,1,0,1,9545,1,4467,1,16559,1,9545,1,48,1,1240,1,1,1,0,1,4504,1,5041,1,0,1
381,769100,4467,9545,28.988903,0,0,11,0,0,29914,1002,1592,739186,16,192,30,1,25569,1,40,1,247915,1,143515,1,106053,1,211395,1,4669,1,33504,1,5771,4,40,4,65305,4,1032,4,1864,8,0,0,1304,132,20,1,76877,1,872,1,2204,1,18125,2,4779,1,112666,1,16452,1,3266,1,5100,1,21481,1,193300,1,27833,1,0,1,0,1,9545,1,4467,1,16559,1,9545,1,48,1,1240,1,1,1,0,1,4504,1,5041,1,0,1
382,848700,4467,9545,28.988903,0,0,11,0,0,37906,822,1552,810794,16,192,30,1,26551,1,100,1,246102,1,206947,1,110802,1,215503,1,4759,1,37742,1,5951,4,40,4,65275,4,1002,4,2134,8,0,0,1584,132,10,1,74142,1,932,1,2334,1,20109,2,5010,1,167591,1,24156,1,3246,1,5050,1,22122,1,191216,1,27503,1,0,1,0,1,9545,1,4467,1,16559,1,9545,1,48,1,1240,1,1,1,0,1,4504,1,5041,1,0,1
383,776000,4467,9545,28.988903,0,0,11,0,0,30942,842,1499,745058,16,192,10,1,25829,1,100,1,245170,1,149687,1,106444,1,213229,1,4589,1,34727,1,5781,4,30,4,65155,4,952,4,1793,8,0,0,1246,132,20,1,76547,1,862,1,2264,1,19427,2,4829,1,118156,1,17193,1,3246,1,5100,1,21441,1,190355,1,28084,1,0,1,0,1,9545,1,4467,1,16559,1,9545,1,48,1,1240,1,1,1,0,1,4504,1,5041,1,0,1
384,774600,4467,9545,28.988903,0,0,11,0,0,29883,801,1561,744717,16,192,40,1,25619,1,40,1,243096,1,156500,1,105222,1,209461,1,4739,1,33795,1,5861,4,30,4,65415,4,1022,4,1864,8,0,0,1325,132,20,1,73731,1,872,1,2224,1,18996,2,4829,1,125320,1,16602,1,3256,1,5090,1,21561,1,188471,1,27803,1,0,1,0,1,9545,1,4467,1,16559,1,9545,1,48,1,1240,1,1,1,0,1,4504,1,5041,1,0,1
385,772900,4467,9545,28.988903,0,0,11,0,0,32822,992,1522,740078,16,192,30,1,26451,1,90,1,244739,1,143535,1,106855,1,213740,1,4639,1,34236,1,5741,4,40,4,65495,4,1052,4,2294,8,0,0,1824,132,10,1,77358,1,882,1,2234,1,18676,2,4729,1,112536,1,16472,1,3286,1,5110,1,21481,1,190014,1,27924,1,0,1,0,1,9545,1,4467,1,16559,1,9545,1,48,1,1240,1,1,1,0,1,4504,1,5041,1,0,1
386,759300,4467,9545,28.988903,0,0,11,0,0,30413,1032,1512,728887,16,192,40,1,25819,1,40,1,245120,1,137784,1,107005,1,208409,1,4669,1,33875,1,5721,4,40,4,65495,4,1112,4,1864,8,0,0,1464,132,20,1,73491,1,882,1,2244,1,17864,2,4769,1,106855,1,16642,1,3266,1,5080,1,21682,1,190114,1,28024,1,0,1,0,1,9545,1,4467,1,16559,1,9545,1,48,1,1240,1,1,1,0,1,4504,1,5041,1,0,1
387,783400,4467,9545,28.988903,0,0,11,0,0,29636,861,1629,753764,16,192,70,1,25709,1,30,1,263856,1,141221,1,106504,1,211736,1,4639,1,33224,1,5721,4,40,4,65475,4,1062,4,1894,8,0,0,1327,132,20,1,76867,1,892,1,2224,1,18736,2,4719,1,109911,1,16722,1,3296,1,5090,1,21451,1,209000,1,28094,1,0,1,0,1,9545,1,4467,1,16559,1,9545,1,48,1,1240,1,1,1,0,1,4504,1,5041,1,0,1
388,888900,4467,9545,28.988903,0,0,11,0,0,37439,982,1776,851461,16,192,160,1,27803,1,70,1,286359,1,143395,1,134788,1,253616,1,5270,1,45337,1,9929,4,80,4,73280,4,1122,4,1894,8,0,0,1240,132,30,1,91686,1,952,1,2865,1,18445,2,7013,1,109580,1,18125,1,3607,1,5851,1,24056,1,222065,1,33995,1,0,1,0,1,9545,1,4467,1,16559,1,9545,1,48,1,1240,1,1,1,0,1,4504,1,5041,1,0,1
389,870600,4467,9545,28.988903,0,0,11,0,0,34298,932,1813,836302,16,192,40,1,27172,1,70,1,245340,1,137744,1,116914,1,303291,1,5731,1,51629,1,11272,4,50,4,86656,4,1162,4,2304,8,0,0,1653,132,20,1,116253,1,1072,1,2876,1,21201,2,7865,1,106955,1,16361,1,3276,1,5130,1,21762,1,190305,1,27974,1,0,1,0,1,9545,1,4467,1,16559,1,9545,1,48,1,1240,1,1,1,0,1,4504,1,5041,1,0,1
390,916200,4467,9545,28.988903,0,0,11,0,0,35603,801,1559,880597,16,192,50,1,31771,1,70,1,307309,1,182560,1,127384,1,226674,1,4779,1,46269,1,8196,4,40,4,65365,4,952,4,2415,8,0,0,1808,132,20,1,74453,1,872,1,2535,1,19107,2,5651,1,138746,1,25058,1,4068,1,6472,1,28044,1,234479,1,38113,1,0,1,0,1,9545,1,4467,1,16559,1,9545,1,48,1,1240,1,1,1,0,1,4504,1,5041,1,0,1
391,774400,4467,9545,28.988903,0,0,11,0,0,31156,881,1453,743244,16,192,50,1,25549,1,50,1,242865,1,145990,1,106935,1,217096,1,4709,1,37762,1,6563,4,30,4,65155,4,1212,4,2134,8,0,0,1893,132,20,1,76136,1,872,1,2264,1,19137,2,4929,1,113788,1,17764,1,3256,1,5070,1,22333,1,187810,1,27473,1,0,1,0,1,9545,1,4467,1,16559,1,9545,1,48,1,1240,1,1,1,0,1,4504,1,5041,1,0,1
392,767900,4467,9545,28.988903,0,0,11,0,0,30026,831,1561,737874,16,192,40,1,25579,1,40,1,241162,1,150569,1,106043,1,209732,1,4709,1,34526,1,6282,4,40,4,65165,4,1042,4,2174,8,0,0,1655,132,20,1,72900,1,872,1,2244,1,18636,2,5000,1,119218,1,16822,1,3246,1,5100,1,21411,1,186688,1,27733,1,0,1,0,1,9545,1,4467,1,16559,1,9545,1,48,1,1240,1,1,1,0,1,4504,1,5041,1,0,1
393,765300,4467,9545,28.988903,0,0,11,0,0,31183,822,1670,734117,16,192,50,1,26531,1,40,1,242905,1,142503,1,106073,1,211405,1,4609,1,33624,1,5751,4,40,4,65586,4,1052,4,1944,8,0,0,1326,132,20,1,76376,1,872,1,2204,1,18325,2,4789,1,111955,1,16201,1,3246,1,5080,1,21151,1,188441,1,28044,1,0,1,0,1,9545,1,4467,1,16559,1,9545,1,48,1,1240,1,1,1,0,1,4504,1,5041,1,0,1
394,754100,4467,9545,28.988903,0,0,11,0,0,30504,782,1580,723596,16,192,40,1,25579,1,40,1,241974,1,136912,1,106384,1,208019,1,4649,1,33164,1,5871,4,40,4,65435,4,952,4,1874,8,0,0,1245,132,20,1,74032,1,872,1,2224,1,17924,2,4829,1,105743,1,16852,1,3266,1,5060,1,21431,1,187319,1,27934,1,0,1,0,1,9545,1,4467,1,16559,1,9545,1,48,1,1240,1,1,1,0,1,4504,1,5041,1,0,1
395,775400,4467,9545,28.988903,0,0,11,0,0,29561,841,1512,745839,16,192,50,1,25759,1,30,1,243426,1,154366,1,106394,1,211074,1,4739,1,33093,1,5761,4,30,4,65686,4,972,4,1854,8,0,0,1314,132,20,1,76897,1,882,1,2214,1,18065,2,4759,1,123166,1,16622,1,3266,1,5080,1,21431,1,188551,1,28174,1,0,1,0,1,9545,1,4467,1,16559,1,9545,1,48,1,1240,1,1,1,0,1,4504,1,5041,1,0,1
396,757000,4467,9545,28.988903,0,0,11,0,0,29646,782,1589,727354,16,192,30,1,25759,1,40,1,242104,1,140509,1,106214,1,208049,1,4649,1,33444,1,5781,4,40,4,65595,4,962,4,1854,8,0,0,1226,132,20,1,73811,1,872,1,2234,1,17954,2,4699,1,109410,1,16592,1,3276,1,5100,1,21471,1,187359,1,27944,1,0,1,0,1,9545,1,4467,1,16559,1,9545,1,48,1,1240,1,1,1,0,1,4504,1,5041,1,0,1
397,988600,4467,9545,28.988903,0,0,11,0,0,44792,4348,1641,943808,16,191,200,1,32753,1,70,1,358557,1,151530,1,152823,1,243066,1,4809,1,42812,1,8667,4,60,4,67700,4,2124,4,1864,8,0,0,2347,132,40,1,87748,1,872,1,2585,1,18065,2,6182,1,112115,1,20670,1,4158,1,6963,1,29647,1,282060,1,39456,1,0,1,0,1,9545,1,4467,1,16559,1,9545,1,48,1,1240,1,1,1,0,1,4504,1,5041,1,0,1
398,887200,4467,9545,28.988903,0,0,11,0,0,32773,1422,1532,854427,16,192,130,1,27002,1,60,1,243607,1,182420,1,112556,1,282652,1,6001,1,38213,1,12464,4,30,4,82338,4,1302,4,1934,8,0,0,1704,132,10,1,112846,1,1102,1,2344,1,20449,2,8196,1,145649,1,22102,1,3266,1,5110,1,21351,1,189333,1,27603,1,0,1,0,1,9545,1,4467,1,16559,1,9545,1,48,1,1240,1,1,1,0,1,4504,1,5041,1,0,1
399,903200,4467,9545,28.988903,0,0,11,0,0,30869,851,1650,872331,16,192,10,1,31440,1,80,1,284124,1,149697,1,155097,1,247144,1,4739,1,54494,1,10761,4,40,4,73932,4,992,4,2164,8,0,0,1506,132,10,1,76286,1,862,1,2996,1,19057,2,4699,1,110462,1,20549,1,4208,1,6683,1,25188,1,214741,1,37332,1,0,1,0,1,9545,1,4467,1,16559,1,9545,1,48,1,1240,1,1,1,0,1,4504,1,5041,1,0,1
400,766800,4467,9545,28.988903,0,0,11,0,0,27744,852,1561,739056,16,192,30,1,25789,1,90,1,242364,1,149847,1,107666,1,208570,1,4699,1,34676,1,5851,4,40,4,65064,4,972,4,1854,8,0,0,1265,132,20,1,73521,1,872,1,2204,1,17954,2,4689,1,118828,1,16642,1,3246,1,5050,1,22303,1,187239,1,27583,1,0,1,0,1,9545,1,4467,1,16559,1,9545,1,48,1,1240,1,1,1,0,1,4504,1,5041,1,0,1
401,1098200,4467,9545,28.988903,0,0,11,0,0,42412,1072,2455,1055788,16,192,200,1,34216,1,40,1,348808,1,164431,1,161850,1,339160,1,7084,1,57811,1,12915,4,50,4,94341,4,1343,4,2785,8,0,0,1673,132,10,1,132955,1,1262,1,3547,1,21541,2,9528,1,122510,1,21832,1,4398,1,7484,1,29136,1,270428,1,41369,1,0,1,0,1,9545,1,4467,1,16559,1,9545,1,48,1,1240,1,1,1,0,1,4504,1,5041,1,0,1
402,756600,4467,9545,28.988903,0,0,11,0,0,30649,862,1579,725951,16,192,90,1,26992,1,70,1,240471,1,138445,1,107195,1,208069,1,4619,1,33594,1,5741,4,40,4,65325,4,952,4,1854,8,0,0,1227,132,20,1,73220,1,872,1,2214,1,18576,2,4799,1,107636,1,16472,1,3266,1,5060,1,21371,1,186247,1,27623,1,0,1,0,1,9545,1,4467,1,16559,1,9545,1,48,1,1240,1,1,1,0,1,4504,1,5041,1,0,1
403,759600,4467,9545,28.988903,0,0,11,0,0,30022,851,1513,729578,16,192,50,1,25489,1,60,1,240170,1,141261,1,106304,1,211646,1,4599,1,33985,1,5871,4,50,4,65335,4,1533,4,1834,8,0,0,1854,132,20,1,76597,1,872,1,2204,1,17814,2,4679,1,110512,1,16391,1,3276,1,5040,1,21591,1,185465,1,27853,1,0,1,0,1,9545,1,4467,1,16559,1,9545,1,48,1,1240,1,1,1,0,1,4504,1,5041,1,0,1
404,758500,4467,9545,28.988903,0,0,11,0,0,29844,781,1541,728656,16,192,40,1,25890,1,50,1,239830,1,145198,1,106955,1,205935,1,4759,1,32843,1,5721,4,30,4,65225,4,962,4,1834,8,0,0,1255,132,20,1,73080,1,872,1,2214,1,17624,2,4729,1,114309,1,16482,1,3236,1,5080,1,21361,1,185355,1,27863,1,0,1,0,1,9545,1,4467,1,16559,1,9545,1,48,1,1240,1,1,1,0,1,4504,1,5041,1,0,1
405,783300,4467,9545,28.988903,0,0,11,0,0,30317,812,1671,752983,16,192,40,1,25489,1,80,1,240050,1,152051,1,108067,1,222326,1,4879,1,36480,1,6733,4,40,4,70555,4,1142,4,2144,8,0,0,1615,132,10,1,78140,1,882,1,2274,1,18305,2,4809,1,121383,1,16281,1,3256,1,5060,1,21301,1,185566,1,27913,1,0,1,0,1,9545,1,4467,1,16559,1,9545,1,48,1,1240,1,1,1,0,1,4504,1,5041,1,0,1
406,852600,4467,9545,28.988903,0,0,11,0,0,33360,852,1648,819240,16,192,311,1,50517,1,40,1,243757,1,168142,1,126322,1,225362,1,4789,1,45918,1,6282,4,30,4,65796,4,1062,4,1874,8,0,0,1287,132,20,1,74082,1,872,1,3447,1,20229,2,4899,1,127094,1,25779,1,3306,1,5190,1,22984,1,187078,1,28034,1,0,1,0,1,9545,1,4467,1,16559,1,9545,1,48,1,1240,1,1,1,0,1,4504,1,5041,1,0,1
407,773800,4467,9545,28.988903,0,0,11,0,0,27811,812,1551,745989,16,192,50,1,25739,1,60,1,242775,1,144978,1,110692,1,217056,1,4639,1,36480,1,6593,4,40,4,65556,4,1042,4,1864,8,0,0,1354,132,20,1,77899,1,882,1,2254,1,18565,2,5050,1,112445,1,17734,1,3256,1,5080,1,22353,1,186968,1,28204,1,0,1,0,1,9545,1,4467,1,16559,1,9545,1,48,1,1240,1,1,1,0,1,4504,1,5041,1,0,1
408,757500,4467,9545,28.988903,0,0,11,0,0,30427,831,1600,727073,16,192,40,1,25970,1,50,1,241924,1,135379,1,108909,1,210123,1,4679,1,34556,1,6593,4,30,4,65646,4,972,4,1864,8,0,0,1235,132,10,1,73461,1,872,1,2254,1,18035,2,5000,1,104150,1,16792,1,3356,1,5080,1,21962,1,186698,1,28004,1,0,1,0,1,9545,1,4467,1,16559,1,9545,1,48,1,1240,1,1,1,0,1,4504,1,5041,1,0,1
409,772100,4467,9545,28.988903,0,0,11,0,0,29467,812,1620,742633,16,192,30,1,25769,1,50,1,242104,1,147643,1,108758,1,213539,1,4739,1,34807,1,5701,4,30,4,65705,4,1072,4,2235,8,0,0,1687,132,10,1,77318,1,882,1,2244,1,17884,2,4839,1,115702,1,17373,1,3276,1,5080,1,21832,1,186718,1,28284,1,0,1,0,1,9545,1,4467,1,16559,1,9545,1,48,1,1240,1,1,1,0,1,4504,1,5041,1,0,1
410,755700,4467,9545,28.988903,0,0,11,0,0,30190,821,1561,725510,16,192,40,1,26020,1,60,1,240831,1,135279,1,108698,1,209932,1,4649,1,34686,1,5981,4,30,4,65536,4,962,4,2004,8,0,0,1405,132,20,1,74142,1,872,1,2224,1,17804,2,4849,1,104230,1,16722,1,3266,1,5120,1,22152,1,185315,1,28004,1,0,1,0,1,9545,1,4467,1,16559,1,9545,1,48,1,1240,1,1,1,0,1,4504,1,5041,1,0,1
411,771700,4467,9545,28.988903,0,0,11,0,0,30139,851,1729,741561,16,192,40,1,25920,1,40,1,240862,1,149587,1,108658,1,211686,1,4769,1,33805,1,5751,4,30,4,65546,4,992,4,1954,8,0,0,1217,132,20,1,76897,1,872,1,2214,1,18045,2,4709,1,118537,1,16572,1,3286,1,5070,1,21942,1,185666,1,27984,1,0,1,0,1,9545,1,4467,1,16559,1,9545,1,48,1,1240,1,1,1,0,1,4504,1,5041,1,0,1
412,757500,4467,9545,28.988903,0,0,11,0,0,27511,821,1590,729989,16,192,30,1,26020,1,60,1,240902,1,142152,1,107897,1,208269,1,4659,1,34175,1,5771,4,30,4,65495,4,982,4,1874,8,0,0,1265,132,20,1,73561,1,872,1,2234,1,17774,2,4659,1,111023,1,16802,1,3266,1,5080,1,21601,1,186097,1,27954,1,0,1,0,1,9545,1,4467,1,16559,1,9545,1,48,1,1240,1,1,1,0,1,4504,1,5041,1,0,1
413,766900,4467,9545,28.988903,0,0,11,0,0,30319,791,1531,736581,16,192,30,1,25930,1,80,1,240731,1,146401,1,108147,1,210523,1,4739,1,33344,1,5791,4,30,4,65455,4,992,4,1874,8,0,0,1334,132,20,1,76477,1,892,1,2284,1,17824,2,4749,1,115251,1,16642,1,3306,1,5090,1,22022,1,185395,1,28054,1,0,1,0,1,9545,1,4467,1,16559,1,9545,1,48,1,1240,1,1,1,0,1,4504,1,5041,1,0,1
414,920500,4467,9545,28.988903,0,0,11,0,0,36206,1062,1691,884294,16,192,60,1,26270,1,50,1,241523,1,200644,1,129809,1,278975,1,6963,1,46469,1,9578,4,60,4,70134,4,1292,4,2535,8,0,0,2137,132,30,1,113728,1,1212,1,3366,1,20339,2,9168,1,159585,1,24898,1,3346,1,5080,1,22022,1,186838,1,27403,1,0,1,0,1,9545,1,4467,1,16559,1,9545,1,48,1,1240,1,1,1,0,1,4504,1,5041,1,0,1
415,772800,4467,9545,28.988903,0,0,11,0,0,32842,842,1639,739958,16,192,90,1,27433,1,30,1,235611,1,146982,1,109400,1,215743,1,4669,1,35588,1,6282,4,40,4,65576,4,982,4,2214,8,0,0,1557,132,20,1,77038,1,872,1,2244,1,19127,2,4919,1,115111,1,16952,1,3266,1,5090,1,21221,1,181097,1,28004,1,0,1,0,1,9545,1,4467,1,16559,1,9545,1,48,1,1240,1,1,1,0,1,4504,1,5041,1,0,1
416,941800,4467,9545,28.988903,0,0,11,0,0,30314,841,1592,911486,16,192,50,1,31711,1,50,1,278313,1,144367,1,154736,1,296418,1,5841,1,53533,1,11973,4,21,4,82528,4,1262,4,1944,8,0,0,1615,132,20,1,112616,1,1102,1,2996,1,19467,2,8116,1,105582,1,20339,1,4168,1,6683,1,25228,1,208980,1,37201,1,0,1,0,1,9545,1,4467,1,16559,1,9545,1,48,1,1240,1,1,1,0,1,4504,1,5041,1,0,1
417,793500,4467,9545,28.988903,0,0,11,0,0,31871,731,1621,761629,16,192,40,1,31470,1,50,1,258736,1,146130,1,108378,1,212167,1,4659,1,33905,1,5701,4,30,4,65616,4,1062,4,1874,8,0,0,1315,132,20,1,76927,1,872,1,2204,1,18355,2,4869,1,115401,1,16281,1,3266,1,6683,1,25499,1,198290,1,28034,1,0,1,0,1,9545,1,4467,1,16559,1,9545,1,48,1,1240,1,1,1,0,1,4504,1,5041,1,0,1
418,941700,4467,9545,28.988903,0,0,11,0,0,30955,1072,5547,910745,16,192,160,1,29657,1,90,1,305726,1,151250,1,140619,1,277732,1,5511,1,50226,1,10791,4,60,4,76927,4,1122,4,5911,8,0,0,1486,132,40,1,99841,1,1052,1,2825,1,20339,2,7524,1,115211,1,19197,1,3817,1,6282,1,24447,1,240150,1,34456,1,0,1,0,1,9545,1,4467,1,16559,1,9545,1,48,1,1240,1,1,1,0,1,4504,1,5041,1,0,1
419,767700,4467,9545,28.988903,0,0,11,0,0,30517,832,1608,737183,16,192,60,1,26882,1,60,1,239268,1,147923,1,107766,1,210513,1,4709,1,33334,1,5991,4,40,4,65275,4,1012,4,1793,8,0,0,1197,132,20,1,76446,1,872,1,2224,1,17914,2,4759,1,116944,1,16472,1,3276,1,5070,1,21461,1,184724,1,27833,1,0,1,0,1,9545,1,4467,1,16559,1,9545,1,48,1,1240,1,1,1,0,1,4504,1,5041,1,0,1
420,754300,4467,9545,28.988903,0,0,11,0,0,30062,862,1559,724238,16,192,50,1,25579,1,90,1,239108,1,140980,1,107466,1,206365,1,4599,1,33174,1,5711,4,40,4,65155,4,952,4,1834,8,0,0,1226,132,10,1,72980,1,862,1,2194,1,17994,2,4599,1,110221,1,16391,1,3246,1,5050,1,21882,1,184103,1,27903,1,0,1,0,1,9545,1,4467,1,16559,1,9545,1,48,1,1240,1,1,1,0,1,4504,1,5041,1,0,1
421,772700,4467,9545,28.988903,0,0,11,0,0,28434,852,1600,744266,16,192,50,1,25459,1,40,1,238818,1,140429,1,106694,1,228107,1,4669,1,32993,1,5761,4,30,4,65325,4,992,4,1864,8,0,0,1255,132,10,1,94812,1,872,1,2214,1,17634,2,4749,1,109600,1,16482,1,3246,1,5110,1,21251,1,184473,1,27833,1,0,1,0,1,9545,1,4467,1,16559,1,9545,1,48,1,1240,1,1,1,0,1,4504,1,5041,1,0,1
422,832900,4467,9545,28.988903,0,0,11,0,0,36043,1202,1741,796857,16,192,60,1,26541,1,80,1,243286,1,192990,1,113077,1,215994,1,4829,1,38544,1,6492,4,30,4,65495,4,1142,4,1884,8,0,0,1285,132,20,1,73731,1,892,1,2435,1,19387,2,4739,1,153033,1,24657,1,3246,1,5410,1,22904,1,187169,1,27563,1,0,1,0,1,9545,1,4467,1,16559,1,9545,1,48,1,1240,1,1,1,0,1,4504,1,5041,1,0,1
423,778900,4467,9545,28.988903,0,0,11,0,0,32009,832,1502,746891,16,192,40,1,26120,1,120,1,246102,1,146992,1,106965,1,215944,1,4609,1,35839,1,6072,4,40,4,65676,4,1042,4,1844,8,0,0,1384,132,20,1,77408,1,882,1,2234,1,19217,2,4839,1,115371,1,17173,1,3266,1,5250,1,22042,1,189313,1,29286,1,0,1,0,1,9545,1,4467,1,16559,1,9545,1,48,1,1240,1,1,1,0,1,4504,1,5041,1,0,1
424,764500,4467,9545,28.988903,0,0,11,0,0,30283,792,1559,734217,16,192,30,1,25809,1,60,1,244398,1,141712,1,106945,1,210624,1,4639,1,35248,1,6031,4,30,4,65616,4,1052,4,1823,8,0,0,1316,132,20,1,73471,1,882,1,2475,1,18345,2,4839,1,110432,1,16822,1,3266,1,5090,1,22383,1,188802,1,27964,1,0,1,0,1,9545,1,4467,1,16559,1,9545,1,48,1,1240,1,1,1,0,1,4504,1,5041,1,0,1
425,774100,4467,9545,28.988903,0,0,11,0,0,32269,872,1558,741831,16,192,70,1,25829,1,40,1,243396,1,147082,1,106724,1,213920,1,4769,1,35217,1,5821,4,40,4,65596,4,922,4,1844,8,0,0,1207,132,20,1,77378,1,882,1,2234,1,18355,2,4739,1,115772,1,16732,1,3316,1,5090,1,21471,1,188672,1,27974,1,0,1,0,1,9545,1,4467,1,16559,1,9545,1,48,1,1240,1,1,1,0,1,4504,1,5041,1,0,1
426,760100,4467,9545,28.988903,0,0,11,0,0,30322,761,1551,729778,16,192,30,1,25930,1,110,1,242915,1,141381,1,106274,1,208500,1,4639,1,33965,1,5851,4,30,4,65385,4,972,4,1884,8,0,0,1305,132,20,1,73601,1,872,1,2224,1,18145,2,4789,1,110412,1,16552,1,3266,1,5120,1,21631,1,187800,1,28174,1,0,1,0,1,9545,1,4467,1,16559,1,9545,1,48,1,1240,1,1,1,0,1,4504,1,5041,1,0,1
427,947000,4467,9545,28.988903,0,0,11,0,0,37247,1051,1718,909753,16,192,180,1,34516,1,80,1,350732,1,149937,1,132674,1,236904,1,4729,1,40518,1,8596,4,51,4,67690,4,1082,4,1894,8,0,0,1258,132,30,1,88189,1,872,1,2475,1,18325,2,6132,1,110371,1,20830,1,4138,1,7003,1,29707,1,274245,1,39406,1,0,1,0,1,9545,1,4467,1,16559,1,9545,1,48,1,1240,1,1,1,0,1,4504,1,5041,1,0,1
428,776400,4467,9545,28.988903,0,0,11,0,0,29569,842,1502,746831,16,192,60,1,27082,1,40,1,242104,1,143575,1,107175,1,222136,1,4659,1,33244,1,8667,4,40,4,67519,4,932,4,1874,8,0,0,1303,132,20,1,81546,1,882,1,2224,1,18215,2,6132,1,112566,1,16642,1,3276,1,5070,1,21441,1,187559,1,27833,1,0,1,0,1,9545,1,4467,1,16559,1,9545,1,48,1,1240,1,1,1,0,1,4504,1,5041,1,0,1
429,796000,4467,9545,28.988903,0,0,11,0,0,28219,902,1580,767781,16,192,40,1,25890,1,60,1,245490,1,142072,1,113698,1,235862,1,4669,1,39977,1,8506,4,40,4,67600,4,962,4,1924,8,0,0,1306,132,10,1,88610,1,872,1,2244,1,18145,2,6072,1,111323,1,16321,1,3286,1,5080,1,22233,1,187960,1,30028,1,0,1,0,1,9545,1,4467,1,16559,1,9545,1,48,1,1240,1,1,1,0,1,4504,1,5041,1,0,1
430,852400,4467,9545,28.988903,0,0,11,0,0,35164,851,1701,817236,16,192,60,1,27212,1,60,1,241352,1,213229,1,111103,1,219340,1,4879,1,38844,1,6653,4,50,4,65716,4,1122,4,1914,8,0,0,1335,132,20,1,74833,1,882,1,2365,1,21261,2,4829,1,169655,1,28014,1,3276,1,5150,1,21351,1,186978,1,27653,1,0,1,0,1,9545,1,4467,1,16559,1,9545,1,48,1,1240,1,1,1,0,1,4504,1,5041,1,0,1
431,809700,4467,9545,28.988903,0,0,11,0,0,32361,762,1660,777339,16,192,40,1,26411,1,30,1,245230,1,174414,1,107746,1,218739,1,4729,1,36720,1,6412,4,40,4,65556,4,1051,4,2044,8,0,0,1436,132,10,1,78571,1,882,1,2274,1,19497,2,4919,1,137944,1,21932,1,3266,1,5641,1,22633,1,187840,1,28915,1,0,1,0,1,9545,1,4467,1,16559,1,9545,1,48,1,1240,1,1,1,0,1,4504,1,5041,1,0,1
432,759100,4467,9545,28.988903,0,0,11,0,0,28841,872,1567,730259,16,192,50,1,26361,1,60,1,242635,1,136802,1,106564,1,213128,1,4659,1,35869,1,6132,4,30,4,65485,4,942,4,1823,8,0,0,1198,132,20,1,75124,1,872,1,2214,1,18816,2,4929,1,105442,1,16852,1,3266,1,5080,1,22293,1,187269,1,27793,1,0,1,0,1,9545,1,4467,1,16559,1,9545,1,48,1,1240,1,1,1,0,1,4504,1,5041,1,0,1
433,768000,4467,9545,28.988903,0,0,11,0,0,31729,812,1550,736271,16,192,30,1,26130,1,60,1,241793,1,141030,1,107235,1,215353,1,4639,1,35488,1,5901,4,60,4,65606,4,1042,4,1854,8,0,0,1346,132,10,1,77939,1,882,1,2224,1,18796,2,4739,1,110392,1,16121,1,3336,1,5070,1,21842,1,186618,1,28064,1,0,1,0,1,9545,1,4467,1,16559,1,9545,1,48,1,1240,1,1,1,0,1,4504,1,5041,1,0,1
434,767300,4467,9545,28.988903,0,0,11,0,0,30198,881,1708,737102,16,192,40,1,26290,1,60,1,242525,1,145619,1,106925,1,210864,1,4779,1,34907,1,5781,4,21,4,65425,4,1182,4,1874,8,0,0,1348,132,20,1,74743,1,872,1,2234,1,18205,2,4719,1,113808,1,17373,1,3286,1,5400,1,21942,1,186968,1,28044,1,0,1,0,1,9545,1,4467,1,16559,1,9545,1,48,1,1240,1,1,1,0,1,4504,1,5041,1,0,1
435,765100,4467,9545,28.988903,0,0,11,0,0,28048,872,1709,737052,16,192,30,1,26020,1,50,1,241272,1,141110,1,109670,1,214261,1,4639,1,34606,1,5821,4,40,4,65556,4,1022,4,1904,8,0,0,1217,132,20,1,77959,1,882,1,2254,1,18575,2,4749,1,110602,1,15991,1,3286,1,5080,1,21902,1,186107,1,28024,1,0,1,0,1,9545,1,4467,1,16559,1,9545,1,48,1,1240,1,1,1,0,1,4504,1,5041,1,0,1
436,765800,4467,9545,28.988903,0,0,11,0,0,28327,911,1561,737473,16,192,50,1,26310,1,70,1,241914,1,146711,1,106955,1,210814,1,4649,1,34496,1,5721,4,30,4,65556,4,962,4,1844,8,0,0,1245,132,20,1,75384,1,872,1,2214,1,17874,2,4929,1,115882,1,16462,1,3266,1,5080,1,21682,1,187018,1,27934,1,0,1,0,1,9545,1,4467,1,16559,1,9545,1,48,1,1240,1,1,1,0,1,4504,1,5041,1,0,1
437,758300,4467,9545,28.988903,0,0,11,0,0,30115,841,1591,728185,16,192,30,1,26190,1,60,1,242254,1,135610,1,106504,1,212888,1,4649,1,33334,1,6041,4,21,4,65756,4,962,4,1874,8,0,0,1245,132,20,1,78090,1,872,1,2234,1,17984,2,4859,1,104029,1,17103,1,3276,1,5120,1,21511,1,187439,1,27994,1,0,1,0,1,9545,1,4467,1,16559,1,9545,1,48,1,1240,1,1,1,0,1,4504,1,5041,1,0,1
438,1038700,4467,9545,28.988903,0,0,11,0,0,37722,1152,2114,1000978,16,192,50,1,26030,1,60,1,263164,1,200494,1,172821,1,331956,1,6402,1,62450,1,13305,4,80,4,91235,4,1633,4,2405,8,0,0,1924,132,50,1,123196,1,1222,1,3477,1,22834,2,8917,1,149597,1,30649,1,4479,1,5080,1,21641,1,208600,1,27623,1,0,1,0,1,9545,1,4467,1,16559,1,9545,1,48,1,1240,1,1,1,0,1,4504,1,5041,1,0,1
439,809100,4467,9545,28.988903,0,0,11,0,0,34987,942,1600,774113,16,192,110,1,27863,1,130,1,258505,1,146300,1,110081,1,226334,1,4789,1,38283,1,7765,4,80,4,65776,4,1192,4,2294,8,0,0,1886,132,40,1,81907,1,882,1,2284,1,19377,2,5511,1,112516,1,18515,1,3296,1,5280,1,22233,1,202147,1,28475,1,0,1,0,1,9545,1,4467,1,16559,1,9545,1,48,1,1240,1,1,1,0,1,4504,1,5041,1,0,1
440,939900,4467,9545,28.988903,0,0,11,0,0,37591,1052,2021,902309,16,192,180,1,31671,1,70,1,313821,1,147282,1,134678,1,269376,1,5230,1,47110,1,10951,4,80,4,84472,4,1373,4,2755,8,0,0,2106,132,40,1,92287,1,952,1,2775,1,18465,2,7064,1,105272,1,19648,1,3577,1,7013,1,26571,1,242264,1,37552,1,0,1,0,1,9545,1,4467,1,16559,1,9545,1,48,1,1240,1,1,1,0,1,4504,1,5041,1,0,1
441,843500,4467,9545,28.988903,0,0,11,0,0,30392,862,1620,813108,16,192,130,1,27292,1,50,1,261932,1,150088,1,119269,1,249608,1,4739,1,43914,1,9348,4,40,4,70024,4,1533,4,1894,8,0,0,1807,132,20,1,94100,1,892,1,2344,1,18055,2,6583,1,117545,1,17093,1,3316,1,5070,1,22132,1,203931,1,30599,1,0,1,0,1,9545,1,4467,1,16559,1,9545,1,48,1,1240,1,1,1,0,1,4504,1,5041,1,0,1
442,794800,4467,9545,28.988903,0,0,11,0,0,29954,862,1658,764846,16,192,10,1,26340,1,60,1,258395,1,147242,1,116694,1,211355,1,4749,1,34666,1,5831,4,30,4,65506,4,1503,4,1844,8,0,0,1688,132,20,1,74954,1,882,1,2234,1,18185,2,4839,1,114509,1,17514,1,3336,1,5270,1,22914,1,198731,1,31290,1,0,1,0,1,9545,1,4467,1,16559,1,9545,1,48,1,1240,1,1,1,0,1,4504,1,5041,1,0,1
443,773000,4467,9545,28.988903,0,0,11,0,0,30187,832,1472,742813,16,192,20,1,26220,1,110,1,247354,1,144787,1,107235,1,212397,1,4689,1,34025,1,5781,4,40,4,65155,4,962,4,1813,8,0,0,1303,132,0,1,77759,1,882,1,2234,1,18085,2,4829,1,113518,1,16712,1,3266,1,5100,1,21511,1,192469,1,28104,1,0,1,0,1,9545,1,4467,1,16559,1,9545,1,48,1,1240,1,1,1,0,1,4504,1,5041,1,0,1
444,760700,4467,9545,28.988903,0,0,11,0,0,29870,901,1550,730830,16,192,60,1,26050,1,60,1,243757,1,141872,1,105913,1,208479,1,4639,1,33665,1,5821,4,30,4,65205,4,972,4,1823,8,0,0,1245,132,10,1,74052,1,882,1,2194,1,18165,2,4759,1,111013,1,16522,1,3256,1,5080,1,21651,1,188972,1,27863,1,0,1,0,1,9545,1,4467,1,16559,1,9545,1,48,1,1240,1,1,1,0,1,4504,1,5041,1,0,1
445,770300,4467,9545,28.988903,0,0,11,0,0,30492,831,1569,739808,16,192,30,1,26140,1,60,1,243967,1,145278,1,107105,1,212467,1,4759,1,33594,1,6032,4,30,4,65536,4,972,4,1834,8,0,0,1236,132,20,1,77779,1,882,1,2214,1,17944,2,4799,1,114049,1,16722,1,3286,1,5100,1,21521,1,188982,1,28194,1,0,1,0,1,9545,1,4467,1,16559,1,9545,1,48,1,1240,1,1,1,0,1,4504,1,5041,1,0,1
446,925600,4467,9545,28.988903,0,0,11,0,0,35074,912,1670,890526,16,192,20,1,26391,1,70,1,247645,1,261441,1,123396,1,226795,1,4769,1,45517,1,6452,4,30,4,65846,4,1142,4,1964,8,0,0,1435,132,20,1,75625,1,882,1,3236,1,19818,2,5350,1,216294,1,28815,1,3276,1,5200,1,21882,1,192649,1,27633,1,0,1,0,1,9545,1,4467,1,16559,1,9545,1,48,1,1240,1,1,1,0,1,4504,1,5041,1,0,1
447,781300,4467,9545,28.988903,0,0,11,0,0,35681,832,1571,745619,16,192,671,1,26030,1,120,1,246733,1,138475,1,109279,1,219651,1,4659,1,37422,1,6392,4,40,4,65616,4,962,4,1874,8,0,0,1265,132,10,1,78851,1,892,1,2274,1,19417,2,5070,1,106775,1,17313,1,3266,1,5240,1,21932,1,190545,1,28785,1,0,1,0,1,9545,1,4467,1,16559,1,9545,1,48,1,1240,1,1,1,0,1,4504,1,5041,1,0,1
448,772400,4467,9545,28.988903,0,0,11,0,0,32953,792,1628,739447,16,192,150,1,26300,1,40,1,245791,1,144557,1,106354,1,211615,1,4639,1,34837,1,5961,4,40,4,65576,4,962,4,1844,8,0,0,1178,132,20,1,74813,1,882,1,2234,1,18776,2,4879,1,113297,1,16862,1,3266,1,5110,1,22633,1,190084,1,27763,1,0,1,0,1,9545,1,4467,1,16559,1,9545,1,48,1,1240,1,1,1,0,1,4504,1,5041,1,0,1
449,1042700,4467,9545,28.988903,0,0,11,0,0,33987,1202,2094,1008713,16,192,80,1,34596,1,80,1,344139,1,156069,1,157452,1,310375,1,5921,1,54334,1,11492,4,40,4,87708,4,1242,4,2395,8,0,0,1543,132,30,1,118096,1,1082,1,2986,1,21641,2,8126,1,116543,1,21251,1,4118,1,6873,1,28986,1,268885,1,39085,1,0,1,0,1,9545,1,4467,1,16559,1,9545,1,48,1,1240,1,1,1,0,1,4504,1,5041,1,0,1
450,847000,4467,9545,28.988903,0,0,11,0,0,32409,902,1834,814591,16,192,50,1,27483,1,90,1,244488,1,140649,1,132754,1,263335,1,5741,1,43944,1,9408,4,40,4,81025,4,1192,4,2284,8,0,0,1643,132,20,1,92678,1,1082,1,2735,1,21291,2,6733,1,107867,1,17023,1,3266,1,5080,1,22203,1,189333,1,27713,1,0,1,0,1,9545,1,4467,1,16559,1,9545,1,48,1,1240,1,1,1,0,1,4504,1,5041,1,0,1
451,858700,4467,9545,28.988903,0,0,11,0,0,33399,872,1501,825301,16,192,40,1,31711,1,50,1,301307,1,155097,1,114720,1,217667,1,4709,1,36179,1,7314,4,40,4,65596,4,952,4,1834,8,0,0,1284,132,10,1,78641,1,932,1,2224,1,17804,2,5270,1,117916,1,19768,1,4078,1,6272,1,27192,1,233097,1,34526,1,0,1,0,1,9545,1,4467,1,16559,1,9545,1,48,1,1240,1,1,1,0,1,4504,1,5041,1,0,1
452,772000,4467,9545,28.988903,0,0,11,0,0,30680,882,1648,741320,16,192,50,1,26050,1,60,1,244258,1,145509,1,107606,1,213048,1,4739,1,35217,1,7224,4,40,4,65445,4,1603,4,1864,8,0,0,1819,132,20,1,74593,1,872,1,2214,1,18225,2,4849,1,114219,1,16692,1,3266,1,5100,1,22183,1,187319,1,29486,1,0,1,0,1,9545,1,4467,1,16559,1,9545,1,48,1,1240,1,1,1,0,1,4504,1,5041,1,0,1
453,936900,4467,9545,28.988903,0,0,11,0,0,37516,1463,2024,899384,16,192,160,1,27072,1,80,1,283744,1,144236,1,125300,1,312699,1,6092,1,58142,1,11512,4,70,4,87969,4,1292,4,2405,8,0,0,1673,132,50,1,115912,1,1122,1,2445,1,22423,2,7895,1,111914,1,17143,1,3306,1,5330,1,23766,1,223107,1,31130,1,0,1,0,1,9545,1,4467,1,16559,1,9545,1,48,1,1240,1,1,1,0,1,4504,1,5041,1,0,1
454,789300,4467,9545,28.988903,0,0,11,0,0,30636,871,1631,758664,16,192,60,1,27803,1,260,1,243777,1,155298,1,109991,1,216685,1,4789,1,38263,1,6573,4,30,4,65766,4,1162,4,2445,8,0,0,1976,132,20,1,74673,1,882,1,2304,1,18796,2,4899,1,119709,1,20750,1,3266,1,5330,1,22443,1,188090,1,27733,1,0,1,0,1,9545,1,4467,1,16559,1,9545,1,48,1,1240,1,1,1,0,1,4504,1,5041,1,0,1
455,963600,4467,9545,28.988903,0,0,11,0,0,29911,851,1601,933689,16,192,40,1,31831,1,60,1,281509,1,154917,1,147453,1,311938,1,5941,1,53853,1,11973,4,30,4,82438,4,1032,4,1984,8,0,0,1415,132,20,1,120270,1,1122,1,2986,1,20149,2,15229,1,115121,1,21241,1,4198,1,6713,1,24747,1,212086,1,37772,1,0,1,0,1,9545,1,4467,1,16559,1,9545,1,48,1,1240,1,1,1,0,1,4504,1,5041,1,0,1
456,775800,4467,9545,28.988903,0,0,11,0,0,32305,861,1512,743495,16,192,40,1,31841,1,60,1,242174,1,149316,1,105793,1,209542,1,4729,1,34927,1,5871,4,40,4,65215,4,962,4,1914,8,0,0,1364,132,20,1,73972,1,872,1,2214,1,17994,2,4679,1,118377,1,16552,1,3236,1,5621,1,22172,1,186457,1,27723,1,0,1,0,1,9545,1,4467,1,16559,1,9545,1,48,1,1240,1,1,1,0,1,4504,1,5041,1,0,1
457,767800,4467,9545,28.988903,0,0,11,0,0,29235,841,1452,738565,16,192,150,1,25920,1,40,1,242194,1,146300,1,105873,1,213339,1,4749,1,34476,1,5861,4,40,4,65285,4,1422,4,1874,8,0,0,1845,132,10,1,77719,1,882,1,2224,1,17994,2,4709,1,115391,1,16261,1,3296,1,5060,1,22754,1,186157,1,28064,1,0,1,0,1,9545,1,4467,1,16559,1,9545,1,48,1,1240,1,1,1,0,1,4504,1,5041,1,0,1
458,761100,4467,9545,28.988903,0,0,11,0,0,30871,821,1511,730229,16,192,40,1,25840,1,60,1,240631,1,143054,1,107075,1,208910,1,4619,1,33685,1,5721,4,21,4,65125,4,1523,4,2124,8,0,0,2136,132,20,1,73962,1,932,1,2234,1,18025,2,4719,1,112255,1,16472,1,3276,1,5130,1,21521,1,186036,1,27773,1,0,1,0,1,9545,1,4467,1,16559,1,9545,1,48,1,1240,1,1,1,0,1,4504,1,5041,1,0,1
459,765600,4467,9545,28.988903,0,0,11,0,0,29900,841,1531,735700,16,192,50,1,26130,1,40,1,243086,1,142042,1,106895,1,212818,1,4639,1,33755,1,5721,4,30,4,65586,4,1092,4,2044,8,0,0,1605,132,20,1,78050,1,892,1,2214,1,17814,2,4759,1,111313,1,16351,1,3246,1,5070,1,21421,1,186197,1,30238,1,0,1,0,1,9545,1,4467,1,16559,1,9545,1,48,1,1240,1,1,1,0,1,4504,1,5041,1,0,1
460,762700,4467,9545,28.988903,0,0,11,0,0,29635,822,1600,733065,16,192,50,1,26240,1,40,1,240932,1,145739,1,106294,1,209041,1,4729,1,33514,1,5841,4,60,4,65596,4,942,4,1884,8,0,0,1226,132,20,1,74633,1,892,1,2234,1,17844,2,4759,1,114570,1,16622,1,3306,1,5090,1,21321,1,186457,1,27903,1,0,1,0,1,9545,1,4467,1,16559,1,9545,1,48,1,1240,1,1,1,0,1,4504,1,5041,1,0,1
461,821000,4467,9545,28.988903,0,0,11,0,0,40294,942,1550,780706,16,191,40,1,26050,1,50,1,242034,1,141551,1,106133,1,260128,1,4719,1,35839,1,5961,4,40,4,111223,4,962,4,1874,8,0,0,1285,132,20,1,77849,1,892,1,2244,1,17514,2,4769,1,110752,1,16421,1,3276,1,5140,1,21621,1,186988,1,28104,1,0,1,0,1,9545,1,4467,1,16559,1,9545,1,48,1,1240,1,1,1,0,1,4504,1,5041,1,0,1
462,1015500,4467,9545,28.988903,0,0,11,0,0,35913,1072,1631,979587,16,192,240,1,32021,1,40,1,325804,1,157001,1,153674,1,304654,1,6152,1,56218,1,11993,4,70,4,82298,4,1182,4,2014,8,0,0,1565,132,30,1,109921,1,1152,1,3186,1,20109,2,15410,1,115531,1,22904,1,4218,1,6863,1,27022,1,254037,1,37502,1,0,1,0,1,9545,1,4467,1,16559,1,9545,1,48,1,1240,1,1,1,0,1,4504,1,5041,1,0,1
463,811200,4467,9545,28.988903,0,0,11,0,0,30805,892,1600,780395,16,192,90,1,26962,1,100,1,252133,1,145399,1,113858,1,237104,1,4749,1,40938,1,8606,4,40,4,67750,4,1022,4,1813,8,0,0,1235,132,20,1,88940,1,882,1,2264,1,17944,2,5991,1,112896,1,17393,1,3306,1,5130,1,23315,1,193671,1,29817,1,0,1,0,1,9545,1,4467,1,16559,1,9545,1,48,1,1240,1,1,1,0,1,4504,1,5041,1,0,1
464,818300,4467,9545,28.988903,0,0,11,0,0,32234,761,1581,786066,16,192,30,1,26030,1,30,1,262212,1,150508,1,112295,1,230231,1,4729,1,41169,1,8576,4,40,4,67259,4,982,4,2255,8,0,0,1656,132,20,1,81877,1,882,1,2304,1,18155,2,5951,1,118958,1,17033,1,3276,1,5090,1,22643,1,204913,1,29416,1,0,1,0,1,9545,1,4467,1,16559,1,9545,1,48,1,1240,1,1,1,0,1,4504,1,5041,1,0,1
465,776900,4467,9545,28.988903,0,0,11,0,0,30219,862,1571,746681,16,192,50,1,25960,1,40,1,255299,1,141561,1,106835,1,212317,1,4619,1,33755,1,5761,4,40,4,65285,4,1052,4,2254,8,0,0,1735,132,20,1,77509,1,882,1,2244,1,17934,2,4719,1,110772,1,16391,1,3266,1,5050,1,22433,1,199743,1,27863,1,0,1,0,1,9545,1,4467,1,16559,1,9545,1,48,1,1240,1,1,1,0,1,4504,1,5041,1,0,1
466,886400,4467,9545,28.988903,0,0,11,0,0,30881,1022,1700,855519,16,192,160,1,29026,1,40,1,292531,1,144477,1,129047,1,255129,1,5110,1,45768,1,9899,4,60,4,74843,4,1082,4,1914,8,0,0,1296,132,30,1,91816,1,972,1,2625,1,18065,2,7033,1,110712,1,18135,1,3567,1,6202,1,24317,1,225402,1,36300,1,0,1,0,1,9545,1,4467,1,16559,1,9545,1,48,1,1240,1,1,1,0,1,4504,1,5041,1,0,1
467,846600,4467,9545,28.988903,0,0,11,0,0,30276,872,1611,816324,16,192,60,1,27162,1,40,1,248516,1,146220,1,126673,1,262673,1,4980,1,46239,1,9899,4,40,4,73310,4,982,4,1944,8,0,0,1315,132,20,1,100583,1,952,1,2525,1,18405,2,6903,1,111884,1,18586,1,3567,1,5070,1,21421,1,193831,1,27984,1,0,1,0,1,9545,1,4467,1,16559,1,9545,1,48,1,1240,1,1,1,0,1,4504,1,5041,1,0,1
468,803800,4467,9545,28.988903,0,0,11,0,0,30118,881,1608,773682,16,192,40,1,26661,1,90,1,254858,1,146180,1,125410,1,215844,1,4599,1,40508,1,5761,4,21,4,65165,4,952,4,1844,8,0,0,1188,132,10,1,74603,1,872,1,2515,1,18004,2,4709,1,112215,1,17654,1,4338,1,5671,1,22784,1,192709,1,33474,1,0,1,0,1,9545,1,4467,1,16559,1,9545,1,48,1,1240,1,1,1,0,1,4504,1,5041,1,0,1
469,812100,4467,9545,28.988903,0,0,11,0,0,31905,861,1530,780195,16,192,40,1,25609,1,90,1,243998,1,182860,1,106544,1,216294,1,4759,1,36259,1,6182,4,40,4,65305,4,1102,4,1844,8,0,0,1416,132,20,1,77448,1,892,1,2314,1,19247,2,4779,1,150889,1,17173,1,3276,1,5050,1,20820,1,190084,1,27873,1,0,1,0,1,9545,1,4467,1,16559,1,9545,1,48,1,1240,1,1,1,0,1,4504,1,5041,1,0,1
470,781200,4467,9545,28.988903,0,0,11,0,0,30672,791,1569,750528,16,192,20,1,25789,1,30,1,246653,1,155628,1,107356,1,210323,1,4729,1,34576,1,5861,4,30,4,65405,4,972,4,1844,8,0,0,1246,132,10,1,73511,1,892,1,2545,1,19077,2,4809,1,121904,1,19137,1,3276,1,5120,1,22473,1,191006,1,27833,1,0,1,0,1,9545,1,4467,1,16559,1,9545,1,48,1,1240,1,1,1,0,1,4504,1,5041,1,0,1
471,769500,4467,9545,28.988903,0,0,11,0,0,30023,872,1599,739477,16,192,50,1,25629,1,40,1,245951,1,142673,1,107215,1,213259,1,4659,1,34186,1,5841,4,30,4,65495,4,1142,4,2114,8,0,0,1658,132,20,1,77458,1,892,1,2234,1,18235,2,4739,1,111774,1,16492,1,3256,1,5070,1,22233,1,190405,1,28024,1,0,1,0,1,9545,1,4467,1,16559,1,9545,1,48,1,1240,1,1,1,0,1,4504,1,5041,1,0,1
472,765700,4467,9545,28.988903,0,0,11,0,0,31613,861,1690,734087,16,192,40,1,25870,1,90,1,243156,1,144517,1,106654,1,209041,1,4719,1,33644,1,5861,4,30,4,65546,4,1082,4,1894,8,0,0,1286,132,10,1,73852,1,872,1,2224,1,18215,2,4949,1,113588,1,16492,1,3266,1,5070,1,21571,1,188511,1,27823,1,0,1,0,1,9545,1,4467,1,16559,1,9545,1,48,1,1240,1,1,1,0,1,4504,1,5041,1,0,1
473,773900,4467,9545,28.988903,0,0,11,0,0,30175,902,1559,743725,16,192,50,1,25759,1,60,1,242946,1,152813,1,105602,1,211836,1,4659,1,33524,1,5711,4,40,4,65445,4,942,4,1864,8,0,0,1246,132,10,1,76977,1,892,1,2214,1,18596,2,4719,1,122445,1,16041,1,3276,1,5110,1,21511,1,188271,1,27863,1,0,1,0,1,9545,1,4467,1,16559,1,9545,1,48,1,1240,1,1,1,0,1,4504,1,5041,1,0,1
474,767500,4467,9545,28.988903,0,0,11,0,0,29997,831,1570,737503,16,192,110,1,25950,1,100,1,246653,1,146100,1,106795,1,207057,1,4739,1,33073,1,5711,4,40,4,65435,4,972,4,1854,8,0,0,1256,132,20,1,73260,1,882,1,2254,1,17994,2,4729,1,114620,1,16872,1,3266,1,5090,1,21541,1,191707,1,28134,1,0,1,0,1,9545,1,4467,1,16559,1,9545,1,48,1,1240,1,1,1,0,1,4504,1,5041,1,0,1
475,951600,4467,9545,28.988903,0,0,11,0,0,37368,911,1581,914232,16,192,180,1,32442,1,80,1,345322,1,158223,1,137353,1,235932,1,4699,1,40157,1,8596,4,50,4,67519,4,1112,4,1854,8,0,0,1385,132,30,1,87949,1,872,1,2435,1,18295,2,6152,1,118116,1,21491,1,4138,1,7084,1,29386,1,268775,1,39686,1,0,1,0,1,9545,1,4467,1,16559,1,9545,1,48,1,1240,1,1,1,0,1,4504,1,5041,1,0,1
476,777800,4467,9545,28.988903,0,0,11,0,0,30338,872,1570,747462,16,192,60,1,26982,1,40,1,245390,1,146350,1,107065,1,216825,1,4749,1,32713,1,6522,4,40,4,65986,4,982,4,1854,8,0,0,1266,132,20,1,80745,1,882,1,2234,1,17954,2,6022,1,115010,1,16682,1,3286,1,5070,1,21842,1,190134,1,28144,1,0,1,0,1,9545,1,4467,1,16559,1,9545,1,48,1,1240,1,1,1,0,1,4504,1,5041,1,0,1
477,836000,4467,9545,28.988903,0,0,11,0,0,33913,781,1619,802087,16,192,40,1,25880,1,30,1,247003,1,160688,1,114079,1,249688,1,4679,1,47000,1,9278,4,30,4,67439,4,1172,4,1854,8,0,0,1407,132,20,1,90624,1,882,1,4048,1,20569,2,5991,1,127865,1,17884,1,3266,1,5100,1,22152,1,189673,1,29867,1,0,1,0,1,9545,1,4467,1,16559,1,9545,1,48,1,1240,1,1,1,0,1,4504,1,5041,1,0,1
478,782500,4467,9545,28.988903,0,0,11,0,0,31792,851,1580,750708,16,192,50,1,26200,1,30,1,244328,1,155999,1,106484,1,212848,1,4769,1,36410,1,6092,4,30,4,65615,4,1102,4,1854,8,0,0,1376,132,20,1,73942,1,942,1,2244,1,18906,2,4839,1,117856,1,23305,1,3266,1,5470,1,22443,1,188411,1,27823,1,0,1,0,1,9545,1,4467,1,16559,1,9545,1,48,1,1240,1,1,1,0,1,4504,1,5041,1,0,1
479,762200,4467,9545,28.988903,0,0,11,0,0,30077,792,1540,732123,16,192,40,1,25840,1,80,1,241994,1,140700,1,106424,1,212337,1,4709,1,34777,1,6472,4,40,4,65045,4,962,4,1844,8,0,0,1266,132,20,1,76707,1,882,1,2204,1,17714,2,4879,1,108488,1,17664,1,3296,1,5330,1,21692,1,187098,1,27683,1,0,1,0,1,9545,1,4467,1,16559,1,9545,1,48,1,1240,1,1,1,0,1,4504,1,5041,1,0,1
480,764400,4467,9545,28.988903,0,0,11,0,0,32518,872,1522,731882,16,192,40,1,25840,1,70,1,241042,1,144226,1,107306,1,208750,1,4609,1,34095,1,5761,4,50,4,65595,4,982,4,1864,8,0,0,1323,132,10,1,73611,1,892,1,2214,1,17954,2,4849,1,112686,1,17103,1,3306,1,5020,1,21551,1,186608,1,27693,1,0,1,0,1,9545,1,4467,1,16559,1,9545,1,48,1,1240,1,1,1,0,1,4504,1,5041,1,0,1
481,764400,4467,9545,28.988903,0,0,11,0,0,30053,902,1560,734347,16,192,40,1,25829,1,40,1,243306,1,142072,1,106975,1,211425,1,4659,1,33634,1,5781,4,40,4,65546,4,942,4,1844,8,0,0,1225,132,20,1,77018,1,882,1,2224,1,17804,2,4789,1,111123,1,16502,1,3286,1,5080,1,21581,1,188301,1,28164,1,0,1,0,1,9545,1,4467,1,16559,1,9545,1,48,1,1240,1,1,1,0,1,4504,1,5041,1,0,1
482,762800,4467,9545,28.988903,0,0,11,0,0,29715,832,1542,733085,16,192,80,1,25799,1,40,1,241553,1,145960,1,106895,1,207989,1,4769,1,33725,1,5741,4,40,4,65455,4,1062,4,1864,8,0,0,1384,132,10,1,73240,1,882,1,2395,1,17944,2,4799,1,114980,1,16622,1,3276,1,5070,1,21401,1,187018,1,27843,1,0,1,0,1,9545,1,4467,1,16559,1,9545,1,48,1,1240,1,1,1,0,1,4504,1,5041,1,0,1
483,762600,4467,9545,28.988903,0,0,11,0,0,28343,792,1640,734257,16,192,30,1,25950,1,30,1,242956,1,141892,1,107205,1,211545,1,4649,1,33534,1,5811,4,30,4,65506,4,1002,4,2405,8,0,0,1767,132,20,1,76737,1,892,1,2214,1,17894,2,4709,1,110852,1,16572,1,3266,1,5080,1,21672,1,187930,1,28074,1,0,1,0,1,9545,1,4467,1,16559,1,9545,1,48,1,1240,1,1,1,0,1,4504,1,5041,1,0,1
484,759900,4467,9545,28.988903,0,0,11,0,0,29851,882,1631,730049,16,192,50,1,25890,1,30,1,242254,1,142303,1,106203,1,208570,1,4749,1,33685,1,6042,4,40,4,65706,4,982,4,1944,8,0,0,1294,132,20,1,73491,1,882,1,2224,1,17844,2,4829,1,110983,1,16872,1,3276,1,5080,1,21712,1,187489,1,27783,1,0,1,0,1,9545,1,4467,1,16559,1,9545,1,48,1,1240,1,1,1,0,1,4504,1,5041,1,0,1
485,758200,4467,9545,28.988903,0,0,11,0,0,29283,812,1479,728917,16,192,40,1,25569,1,40,1,241463,1,139327,1,106775,1,211024,1,4679,1,33544,1,5671,4,40,4,65666,4,952,4,1844,8,0,0,1316,132,10,1,76637,1,892,1,2224,1,18004,2,4729,1,108819,1,16191,1,3266,1,5050,1,21611,1,186517,1,28074,1,0,1,0,1,9545,1,4467,1,16559,1,9545,1,48,1,1240,1,1,1,0,1,4504,1,5041,1,0,1
486,819700,4467,9545,28.988903,0,0,11,0,0,35407,832,1589,784293,16,192,50,1,26771,1,130,1,241803,1,187670,1,109289,1,213820,1,4759,1,36059,1,6222,4,40,4,65566,4,972,4,1854,8,0,0,1236,132,20,1,74052,1,882,1,2324,1,20109,2,4889,1,149426,1,23445,1,3276,1,5070,1,22012,1,186768,1,27723,1,0,1,0,1,9545,1,4467,1,16559,1,9545,1,48,1,1240,1,1,1,0,1,4504,1,5041,1,0,1
487,771500,4467,9545,28.988903,0,0,11,0,0,27835,842,1521,743665,16,192,50,1,26200,1,30,1,242064,1,146841,1,106274,1,217477,1,4729,1,36009,1,6783,4,30,4,65746,4,991,4,1864,8,0,0,1334,132,20,1,77699,1,892,1,2224,1,19287,2,5090,1,114830,1,17483,1,3266,1,5090,1,21722,1,186818,1,28254,1,0,1,0,1,9545,1,4467,1,16559,1,9545,1,48,1,1240,1,1,1,0,1,4504,1,5041,1,0,1
488,976900,4467,9545,28.988903,0,0,11,0,0,35536,1212,1602,941364,16,192,160,1,35328,1,70,1,339641,1,156710,1,170667,1,234089,1,4699,1,52831,1,7675,4,70,4,65636,4,1082,4,1884,8,0,0,1364,132,20,1,74703,1,862,1,3587,1,19067,2,5460,1,114369,1,22413,1,4689,1,7885,1,26922,1,262062,1,42391,1,0,1,0,1,9545,1,4467,1,16559,1,9545,1,48,1,1240,1,1,1,0,1,4504,1,5041,1,0,1
489,784700,4467,9545,28.988903,0,0,11,0,0,30004,852,1520,754696,16,192,50,1,27052,1,50,1,243266,1,143926,1,107536,1,228177,1,4639,1,33825,1,7344,4,40,4,66938,4,1022,4,1824,8,0,0,1325,132,20,1,88409,1,892,1,2224,1,18736,2,6052,1,112886,1,16572,1,3276,1,5090,1,21561,1,188161,1,28224,1,0,1,0,1,9545,1,4467,1,16559,1,9545,1,48,1,1240,1,1,1,0,1,4504,1,5041,1,0,1
490,795700,4467,9545,28.988903,0,0,11,0,0,29492,882,1592,766208,16,192,40,1,25980,1,30,1,246192,1,148625,1,111854,1,228728,1,4759,1,41059,1,8546,4,30,4,67569,4,1042,4,1894,8,0,0,1344,132,20,1,80474,1,892,1,2264,1,18085,2,5971,1,117104,1,16932,1,3256,1,5120,1,22904,1,187920,1,30058,1,0,1,0,1,9545,1,4467,1,16559,1,9545,1,48,1,1240,1,1,1,0,1,4504,1,5041,1,0,1
491,762300,4467,9545,28.988903,0,0,11,0,0,30327,961,1677,731973,16,192,50,1,25759,1,40,1,242414,1,140239,1,106614,1,212116,1,4739,1,34216,1,6112,4,21,4,65606,4,982,4,1854,8,0,0,1159,132,20,1,76677,1,882,1,2244,1,17664,2,4879,1,108939,1,16822,1,3256,1,5080,1,22213,1,186838,1,28094,1,0,1,0,1,9545,1,4467,1,16559,1,9545,1,48,1,1240,1,1,1,0,1,4504,1,5041,1,0,1
492,754700,4467,9545,28.988903,0,0,11,0,0,30242,822,1520,724458,16,192,30,1,25709,1,40,1,240972,1,139437,1,105873,1,207738,1,4659,1,33043,1,5741,4,40,4,65606,4,952,4,1854,8,0,0,1285,132,10,1,73982,1,892,1,2264,1,17764,2,4769,1,108207,1,16822,1,3266,1,5050,1,21381,1,186447,1,27954,1,0,1,0,1,9545,1,4467,1,16559,1,9545,1,48,1,1240,1,1,1,0,1,4504,1,5041,1,0,1
493,760700,4467,9545,28.988903,0,0,11,0,0,30280,892,1569,730420,16,192,30,1,25880,1,40,1,241763,1,139968,1,106755,1,211335,1,4649,1,33234,1,5791,4,40,4,65706,4,962,4,1844,8,0,0,1236,132,10,1,76998,1,882,1,2224,1,18015,2,4739,1,109059,1,16462,1,3276,1,5120,1,21471,1,186928,1,28094,1,0,1,0,1,9545,1,4467,1,16559,1,9545,1,48,1,1240,1,1,1,0,1,4504,1,5041,1,0,1
494,842500,4467,9545,28.988903,0,0,11,0,0,36065,871,1550,806435,16,192,40,1,25569,1,20,1,245571,1,207848,1,109640,1,213008,1,4739,1,36199,1,6272,4,30,4,65576,4,1052,4,2375,8,0,0,1877,132,20,1,73701,1,872,1,2294,1,18596,2,5150,1,165637,1,26140,1,3757,1,5080,1,21271,1,191226,1,27753,1,0,1,0,1,9545,1,4467,1,16559,1,9545,1,48,1,1240,1,1,1,0,1,4504,1,5041,1,0,1
495,766100,4467,9545,28.988903,0,0,11,0,0,31022,822,1580,735078,16,192,50,1,26100,1,110,1,243086,1,137864,1,106985,1,216244,1,4639,1,35759,1,6362,4,40,4,65536,4,1092,4,1854,8,0,0,1366,132,20,1,77559,1,892,1,2344,1,19036,2,4929,1,106634,1,16762,1,3306,1,5190,1,21581,1,187910,1,28224,1,0,1,0,1,9545,1,4467,1,16559,1,9545,1,48,1,1240,1,1,1,0,1,4504,1,5041,1,0,1
496,766100,4467,9545,28.988903,0,0,11,0,0,32084,841,1670,734016,16,192,50,1,26170,1,30,1,242465,1,143505,1,106444,1,210694,1,4659,1,34887,1,6583,4,31,4,65676,4,1042,4,1874,8,0,0,1246,132,20,1,73391,1,892,1,2254,1,18265,2,4939,1,112476,1,16672,1,3276,1,5080,1,21571,1,187820,1,27813,1,0,1,0,1,9545,1,4467,1,16559,1,9545,1,48,1,1240,1,1,1,0,1,4504,1,5041,1,0,1
497,995600,4467,9545,28.988903,0,0,11,0,0,31523,1002,1703,964077,16,192,170,1,34727,1,60,1,319793,1,149186,1,151961,1,302169,1,6012,1,54705,1,12023,4,60,4,82468,4,1262,4,2014,8,0,0,1574,132,30,1,116503,1,1182,1,3106,1,19497,2,8316,1,110702,1,20209,1,4218,1,7575,1,26140,1,247224,1,38544,1,0,1,0,1,9545,1,4467,1,16559,1,9545,1,48,1,1240,1,1,1,0,1,4504,1,5041,1,0,1
498,771400,4467,9545,28.988903,0,0,11,0,0,29869,891,1636,741531,16,192,40,1,26821,1,40,1,242394,1,144537,1,107706,1,215212,1,4779,1,37121,1,7615,4,40,4,65626,4,962,4,1824,8,0,0,1149,132,10,1,74393,1,882,1,2274,1,18115,2,5460,1,113507,1,16421,1,3306,1,5070,1,21842,1,187359,1,27893,1,0,1,0,1,9545,1,4467,1,16559,1,9545,1,48,1,1240,1,1,1,0,1,4504,1,5041,1,0,1
499,779600,4467,9545,28.988903,0,0,11,0,0,30024,881,1501,749576,16,192,50,1,25649,1,30,1,242575,1,143525,1,108067,1,225061,1,4619,1,37432,1,8075,4,30,4,65806,4,932,4,1914,8,0,0,1345,132,10,1,83320,1,882,1,2204,1,17974,2,5601,1,112746,1,16341,1,3276,1,5130,1,21822,1,186738,1,28685,1,0,1,0,1,9545,1,4467,1,16559,1,9545,1,48,1,1240,1,1,1,0,1,4504,1,5041,1,0,1
500,755100,4467,9545,28.988903,0,0,11,0,0,27215,851,1531,727885,16,192,50,1,25639,1,40,1,240401,1,142553,1,107105,1,207437,1,4659,1,32863,1,5741,4,40,4,65526,4,962,4,1844,8,0,0,1275,132,10,1,73721,1,882,1,2264,1,17964,2,4769,1,111474,1,16662,1,3266,1,5050,1,21832,1,184884,1,28465,1,0,1,0,1,9545,1,4467,1,16559,1,9545,1,48,1,1240,1,1,1,0,1,4504,1,5041,1,0,1
501,1068700,4467,9545,28.988903,0,0,11,0,0,34348,992,2054,1034352,16,192,40,1,33915,1,80,1,347336,1,155358,1,166329,1,324963,1,6332,1,55897,1,12364,4,40,4,91485,4,1292,4,2385,8,0,0,1623,132,70,1,125060,1,1182,1,3467,1,21932,2,8797,1,113167,1,22132,1,4428,1,7414,1,30709,1,265529,1,43393,1,0,1,0,1,9545,1,4467,1,16559,1,9545,1,48,1,1240,1,1,1,0,1,4504,1,5041,1,0,1
502,1114200,4467,9545,28.988903,0,0,11,0,0,39562,1032,1822,1074638,16,192,210,1,28014,1,70,1,388715,1,165937,1,159185,1,325874,1,6633,1,60716,1,13275,4,60,4,88560,4,1392,4,2254,8,0,0,1825,132,30,1,122224,1,1302,1,3627,1,21832,2,9568,1,121672,1,23816,1,4669,1,5851,1,99861,1,239769,1,42762,1,0,1,0,1,9545,1,4467,1,16559,1,9545,1,48,1,1240,1,1,1,0,1,4504,1,5041,1,0,1
503,861900,4467,9545,28.988903,0,0,11,0,0,32050,831,1562,829850,16,192,130,1,34586,1,70,1,318270,1,147372,1,105893,1,218859,1,4669,1,36039,1,7254,4,30,4,65536,4,962,4,1884,8,0,0,1284,132,20,1,78941,1,882,1,2244,1,18876,2,5360,1,114570,1,17964,1,3296,1,7444,1,26120,1,256151,1,28264,1,0,1,0,1,9545,1,4467,1,16559,1,9545,1,48,1,1240,1,1,1,0,1,4504,1,5041,1,0,1
504,810800,4467,9545,28.988903,0,0,11,0,0,31106,762,1619,779694,16,192,10,1,26120,1,70,1,263475,1,168022,1,106654,1,210594,1,4749,1,34626,1,5971,4,40,4,65696,4,982,4,1864,8,0,0,1227,132,20,1,74362,1,942,1,2244,1,18275,2,4809,1,136662,1,16552,1,3326,1,5080,1,21882,1,206937,1,29386,1,0,1,0,1,9545,1,4467,1,16559,1,9545,1,48,1,1240,1,1,1,0,1,4504,1,5041,1,0,1
505,778100,4467,9545,28.988903,0,0,11,0,0,29997,822,1560,748103,16,192,40,1,25850,1,60,1,253927,1,143876,1,106274,1,213459,1,4619,1,34757,1,5821,4,40,4,65195,4,962,4,1874,8,0,0,1275,132,20,1,77959,1,882,1,2224,1,18115,2,4789,1,112956,1,16502,1,3266,1,5080,1,21411,1,197779,1,29466,1,0,1,0,1,9545,1,4467,1,16559,1,9545,1,48,1,1240,1,1,1,0,1,4504,1,5041,1,0,1
506,772100,4467,9545,28.988903,0,0,11,0,0,29677,1062,1580,742423,16,192,50,1,25990,1,70,1,248406,1,146891,1,106274,1,210113,1,4629,1,34416,1,5891,4,40,4,65375,4,962,4,1874,8,0,0,1255,132,20,1,74403,1,882,1,2224,1,18175,2,4789,1,116112,1,16512,1,3266,1,5060,1,21471,1,194012,1,27683,1,0,1,0,1,9545,1,4467,1,16559,1,9545,1,48,1,1240,1,1,1,0,1,4504,1,5041,1,0,1
507,774000,4467,9545,28.988903,0,0,11,0,0,29784,852,1902,744216,16,192,40,1,26421,1,40,1,245761,1,147352,1,107135,1,212688,1,4779,1,33554,1,5871,4,60,4,65916,4,1343,4,1864,8,0,0,1304,132,20,1,77559,1,892,1,2244,1,17804,2,4709,1,116413,1,16532,1,3276,1,5140,1,20780,1,191467,1,28154,1,0,1,0,1,9545,1,4467,1,16559,1,9545,1,48,1,1240,1,1,1,0,1,4504,1,5041,1,0,1
508,761400,4467,9545,28.988903,0,0,11,0,0,29568,862,1641,731832,16,192,110,1,26230,1,50,1,244108,1,141702,1,106063,1,208900,1,4669,1,33284,1,5821,4,40,4,65556,4,1022,4,1914,8,0,0,1295,132,10,1,74683,1,902,1,2234,1,17774,2,4799,1,110702,1,16602,1,3286,1,5110,1,21431,1,189403,1,27994,1,0,1,0,1,9545,1,4467,1,16559,1,9545,1,48,1,1240,1,1,1,0,1,4504,1,5041,1,0,1
509,778500,4467,9545,28.988903,0,0,11,0,0,32571,841,1609,745929,16,192,50,1,26040,1,50,1,242935,1,148645,1,109630,1,213800,1,4779,1,34696,1,6042,4,40,4,65455,4,1082,4,1874,8,0,0,1347,132,20,1,78320,1,882,1,2234,1,17524,2,4789,1,116984,1,17013,1,3256,1,5060,1,21060,1,188772,1,27883,1,0,1,0,1,9545,1,4467,1,16559,1,9545,1,48,1,1240,1,1,1,0,1,4504,1,5041,1,0,1
510,796100,4467,9545,28.988903,0,0,11,0,0,33338,742,1493,762762,16,192,40,1,27653,1,80,1,243487,1,152021,1,116934,1,217837,1,4709,1,41069,1,5941,4,40,4,65505,4,972,4,1854,8,0,0,1333,132,20,1,74332,1,882,1,2555,1,19207,2,4719,1,116894,1,20630,1,3266,1,5360,1,22423,1,188130,1,27342,1,0,1,0,1,9545,1,4467,1,16559,1,9545,1,48,1,1240,1,1,1,0,1,4504,1,5041,1,0,1
511,777000,4467,9545,28.988903,0,0,11,0,0,33766,832,1600,743234,16,192,30,1,26350,1,40,1,242164,1,144246,1,110181,1,215463,1,4759,1,35007,1,6522,4,40,4,65656,4,992,4,1884,8,0,0,1275,132,20,1,77919,1,882,1,2214,1,18475,2,5020,1,111674,1,18075,1,3276,1,5110,1,22102,1,186708,1,28084,1,0,1,0,1,9545,1,4467,1,16559,1,9545,1,48,1,1240,1,1,1,0,1,4504,1,5041,1,0,1
512,758200,4467,9545,28.988903,0,0,11,0,0,29744,811,1638,728456,16,192,100,1,26411,1,70,1,241843,1,135089,1,108157,1,212177,1,4609,1,34947,1,6492,4,30,4,65616,4,1393,4,2014,8,0,0,1768,132,20,1,74693,1,882,1,2214,1,18235,2,4829,1,104019,1,16762,1,3266,1,5070,1,22473,1,186097,1,28024,1,0,1,0,1,9545,1,4467,1,16559,1,9545,1,48,1,1240,1,1,1,0,1,4504,1,5041,1,0,1
513,764500,4467,9545,28.988903,0,0,11,0,0,29422,862,1619,735078,16,192,60,1,26220,1,50,1,241633,1,142553,1,106374,1,213519,1,4669,1,34556,1,5851,4,40,4,65586,4,1403,4,1874,8,0,0,1657,132,20,1,77408,1,892,1,2234,1,18085,2,4709,1,111684,1,16612,1,3266,1,5120,1,21852,1,186407,1,28094,1,0,1,0,1,9545,1,4467,1,16559,1,9545,1,48,1,1240,1,1,1,0,1,4504,1,5041,1,0,1
514,861400,4467,9545,28.988903,0,0,11,0,0,31059,932,1808,830341,16,192,150,1,27222,1,70,1,285096,1,141461,1,131642,1,239960,1,4739,1,43153,1,9188,4,60,4,70295,4,1733,4,1964,8,0,0,1889,132,30,1,84742,1,892,1,2465,1,17984,2,6522,1,109169,1,17263,1,3306,1,5350,1,23645,1,224640,1,31080,1,0,1,0,1,9545,1,4467,1,16559,1,9545,1,48,1,1240,1,1,1,0,1,4504,1,5041,1,0,1
515,781400,4467,9545,28.988903,0,0,11,0,0,30231,902,1659,751169,16,192,30,1,27563,1,50,1,242284,1,139026,1,109570,1,227887,1,4759,1,38073,1,8025,4,40,4,66157,4,1032,4,1844,8,0,0,1217,132,10,1,84792,1,882,1,2284,1,18175,2,5671,1,107746,1,16742,1,3266,1,5100,1,21611,1,186648,1,28725,1,0,1,0,1,9545,1,4467,1,16559,1,9545,1,48,1,1240,1,1,1,0,1,4504,1,5041,1,0,1
516,769000,4467,9545,28.988903,0,0,11,0,0,30124,852,1648,738876,16,192,50,1,26220,1,50,1,243657,1,148775,1,106584,1,208780,1,4759,1,32993,1,6242,4,21,4,65565,4,982,4,1844,8,0,0,1177,132,20,1,74202,1,892,1,2214,1,18035,2,4919,1,117565,1,16552,1,3316,1,5170,1,22724,1,186928,1,28635,1,0,1,0,1,9545,1,4467,1,16559,1,9545,1,48,1,1240,1,1,1,0,1,4504,1,5041,1,0,1
517,764200,4467,9545,28.988903,0,0,11,0,0,32508,891,1510,731692,16,192,70,1,26170,1,40,1,241413,1,141221,1,106664,1,211475,1,4639,1,33614,1,5881,4,40,4,65736,4,922,4,1864,8,0,0,1275,132,20,1,77478,1,932,1,2214,1,17143,2,4739,1,110512,1,16241,1,3266,1,5070,1,21702,1,186247,1,28214,1,0,1,0,1,9545,1,4467,1,16559,1,9545,1,48,1,1240,1,1,1,0,1,4504,1,5041,1,0,1
518,814000,4467,9545,28.988903,0,0,11,0,0,34336,801,1650,779664,16,192,40,1,26150,1,70,1,240040,1,184984,1,107476,1,216234,1,4669,1,37151,1,6412,4,40,4,65796,4,1032,4,2405,8,0,0,1787,132,20,1,75425,1,962,1,2495,1,18716,2,4980,1,145689,1,24287,1,3276,1,5090,1,21211,1,185916,1,27583,1,0,1,0,1,9545,1,4467,1,16559,1,9545,1,48,1,1240,1,1,1,0,1,4504,1,5041,1,0,1
519,772500,4467,9545,28.988903,0,0,11,0,0,31200,731,1708,741300,16,192,40,1,26561,1,50,1,241242,1,145849,1,106324,1,216575,1,4659,1,35638,1,6262,4,110,4,65405,4,1022,4,2856,8,0,0,2169,132,20,1,77609,1,892,1,2435,1,18676,2,4919,1,113728,1,17774,1,3286,1,5100,1,21141,1,186377,1,28434,1,0,1,0,1,9545,1,4467,1,16559,1,9545,1,48,1,1240,1,1,1,0,1,4504,1,5041,1,0,1
520,758200,4467,9545,28.988903,0,0,11,0,0,29814,952,1689,728386,16,192,10,1,26671,1,40,1,240441,1,137223,1,106865,1,212497,1,4639,1,36310,1,6042,4,40,4,65636,4,1042,4,1934,8,0,0,1286,132,20,1,74352,1,882,1,2254,1,18215,2,4819,1,105562,1,17233,1,3306,1,5090,1,21641,1,185736,1,27723,1,0,1,0,1,9545,1,4467,1,16559,1,9545,1,48,1,1240,1,1,1,0,1,4504,1,5041,1,0,1
521,760600,4467,9545,28.988903,0,0,11,0,0,31323,832,1680,729277,16,192,40,1,27012,1,40,1,240952,1,136111,1,106524,1,213960,1,4639,1,34396,1,6102,4,40,4,65495,4,1032,4,1854,8,0,0,1205,132,20,1,78260,1,882,1,2234,1,17964,2,4849,1,104360,1,17223,1,3296,1,5110,1,21511,1,186237,1,27903,1,0,1,0,1,9545,1,4467,1,16559,1,9545,1,48,1,1240,1,1,1,0,1,4504,1,5041,1,0,1
522,771600,4467,9545,28.988903,0,0,11,0,0,32474,852,1708,739126,16,192,40,1,26010,1,40,1,240892,1,150779,1,106604,1,210093,1,4669,1,33845,1,5831,4,40,4,65766,4,1032,4,1874,8,0,0,1197,132,20,1,74964,1,882,1,2224,1,18055,2,4709,1,119188,1,17303,1,3276,1,5130,1,21361,1,186297,1,27944,1,0,1,0,1,9545,1,4467,1,16559,1,9545,1,48,1,1240,1,1,1,0,1,4504,1,5041,1,0,1
523,1065000,4467,9545,28.988903,0,0,11,0,0,35036,1192,7815,1029964,16,192,180,1,32933,1,80,1,360591,1,156991,1,158404,1,314623,1,6162,1,53422,1,11512,4,60,4,87788,4,1513,4,8186,8,0,0,1884,132,40,1,116764,1,1122,1,3356,1,21431,2,8236,1,117014,1,21120,1,4168,1,7104,1,30218,1,283543,1,39345,1,0,1,0,1,9545,1,4467,1,16559,1,9545,1,48,1,1240,1,1,1,0,1,4504,1,5041,1,0,1
524,857000,4467,9545,28.988903,0,0,11,0,0,32029,942,1984,824971,16,192,30,1,27433,1,60,1,240882,1,153414,1,132093,1,265218,1,5841,1,44696,1,9608,4,50,4,81166,4,1272,4,2314,8,0,0,1603,132,20,1,92718,1,1092,1,2805,1,21672,2,6863,1,115932,1,19858,1,4028,1,5100,1,21291,1,186457,1,27863,1,0,1,0,1,9545,1,4467,1,16559,1,9545,1,48,1,1240,1,1,1,0,1,4504,1,5041,1,0,1
525,854300,4467,9545,28.988903,0,0,11,0,0,31403,942,1780,822897,16,192,30,1,31510,1,60,1,297680,1,151961,1,112496,1,224480,1,4679,1,35648,1,7605,4,30,4,67189,4,1132,4,2144,8,0,0,1496,132,10,1,83801,1,932,1,2224,1,17504,2,5320,1,115040,1,19447,1,4058,1,6302,1,27262,1,229650,1,34256,1,0,1,0,1,9545,1,4467,1,16559,1,9545,1,48,1,1240,1,1,1,0,1,4504,1,5041,1,0,1
526,803300,4467,9545,28.988903,0,0,11,0,0,36310,863,1691,766990,16,192,60,1,27813,1,40,1,245581,1,155548,1,112596,1,220693,1,4659,1,40708,1,7795,4,40,4,65946,4,1242,4,1894,8,0,0,1445,132,10,1,74693,1,882,1,2485,1,19107,2,5030,1,116092,1,24617,1,3316,1,5521,1,24447,1,187329,1,27984,1,0,1,0,1,9545,1,4467,1,16559,1,9545,1,48,1,1240,1,1,1,0,1,4504,1,5041,1,0,1
527,997100,4467,9545,28.988903,0,0,11,0,0,34736,971,1719,962364,16,192,170,1,37822,1,60,1,345051,1,158063,1,168613,1,247845,1,4739,1,49795,1,8556,4,51,4,67590,4,1212,4,2214,8,0,0,1707,132,30,1,88369,1,862,1,3417,1,18656,2,6122,1,114610,1,23124,1,4749,1,7514,1,27613,1,267152,1,42381,1,0,1,0,1,9545,1,4467,1,16559,1,9545,1,48,1,1240,1,1,1,0,1,4504,1,5041,1,0,1
528,796700,4467,9545,28.988903,0,0,11,0,0,29690,872,1541,767010,16,192,40,1,27012,1,60,1,243797,1,146230,1,110151,1,234980,1,4739,1,39546,1,8586,4,40,4,68100,4,1002,4,1854,8,0,0,1315,132,10,1,86826,1,902,1,2244,1,18556,2,6442,1,114760,1,16993,1,3286,1,5080,1,22543,1,187329,1,28645,1,0,1,0,1,9545,1,4467,1,16559,1,9545,1,48,1,1240,1,1,1,0,1,4504,1,5041,1,0,1
529,828800,4467,9545,28.988903,0,0,11,0,0,30741,902,1599,798059,16,192,50,1,26130,1,80,1,247003,1,149847,1,121132,1,249097,1,4719,1,44165,1,9148,4,40,4,70134,4,972,4,1844,8,0,0,1216,132,20,1,94030,1,882,1,2355,1,17794,2,6813,1,117896,1,17093,1,3346,1,5260,1,23225,1,187088,1,31240,1,0,1,0,1,9545,1,4467,1,16559,1,9545,1,48,1,1240,1,1,1,0,1,4504,1,5041,1,0,1
530,753500,4467,9545,28.988903,0,0,11,0,0,29783,941,1608,723717,16,192,40,1,25759,1,50,1,241433,1,136652,1,105983,1,209191,1,4609,1,34406,1,5961,4,40,4,65155,4,1002,4,1804,8,0,0,1198,132,20,1,74042,1,882,1,2204,1,17944,2,4789,1,106083,1,16251,1,3246,1,5110,1,22052,1,186187,1,27924,1,0,1,0,1,9545,1,4467,1,16559,1,9545,1,48,1,1240,1,1,1,0,1,4504,1,5041,1,0,1
531,759700,4467,9545,28.988903,0,0,11,0,0,30062,812,1560,729638,16,192,40,1,25629,1,40,1,240140,1,142503,1,105482,1,211195,1,4609,1,33224,1,6613,4,40,4,65185,4,952,4,1914,8,0,0,1305,132,20,1,76867,1,882,1,2234,1,17494,2,4960,1,111684,1,16562,1,3266,1,5080,1,22152,1,184764,1,27964,1,0,1,0,1,9545,1,4467,1,16559,1,9545,1,48,1,1240,1,1,1,0,1,4504,1,5041,1,0,1
532,765400,4467,9545,28.988903,0,0,11,0,0,27797,802,1552,737603,16,192,50,1,25629,1,60,1,238838,1,153324,1,106644,1,208339,1,4719,1,34115,1,5781,4,40,4,65465,4,992,4,1884,8,0,0,1323,132,20,1,73220,1,882,1,2234,1,18095,2,4809,1,122004,1,16732,1,3266,1,5050,1,21812,1,184123,1,27683,1,0,1,0,1,9545,1,4467,1,16559,1,9545,1,48,1,1240,1,1,1,0,1,4504,1,5041,1,0,1
533,758800,4467,9545,28.988903,0,0,11,0,0,28761,921,1602,730039,16,192,40,1,25659,1,50,1,240120,1,139888,1,108869,1,210734,1,4679,1,34266,1,5871,4,30,4,65325,4,1022,4,1874,8,0,0,1294,132,20,1,77248,1,882,1,2254,1,16251,2,4769,1,108788,1,16612,1,3276,1,5090,1,21541,1,185295,1,28004,1,0,1,0,1,9545,1,4467,1,16559,1,9545,1,48,1,1240,1,1,1,0,1,4504,1,5041,1,0,1
534,784300,4467,9545,28.988903,0,0,11,0,0,34513,761,1599,749787,16,192,70,1,26781,1,40,1,240611,1,157742,1,106765,1,213038,1,4739,1,36500,1,6332,4,40,4,65475,4,1152,4,1844,8,0,0,1397,132,20,1,73932,1,942,1,2344,1,18646,2,5050,1,121663,1,21010,1,3266,1,5310,1,21942,1,185435,1,27673,1,0,1,0,1,9545,1,4467,1,16559,1,9545,1,48,1,1240,1,1,1,0,1,4504,1,5041,1,0,1
535,777300,4467,9545,28.988903,0,0,11,0,0,33345,872,1540,743955,16,192,40,1,25649,1,40,1,242364,1,149887,1,107015,1,214200,1,4759,1,34787,1,6282,4,30,4,65616,4,962,4,1834,8,0,0,1255,132,20,1,77188,1,882,1,2755,1,18105,2,4869,1,117986,1,17353,1,3276,1,5090,1,22433,1,186046,1,28595,1,0,1,0,1,9545,1,4467,1,16559,1,9545,1,48,1,1240,1,1,1,0,1,4504,1,5041,1,0,1
536,993700,4467,9545,28.988903,0,0,11,0,0,32659,962,1819,961041,16,192,160,1,34817,1,70,1,318410,1,155288,1,152372,1,293943,1,5981,1,53783,1,12003,4,60,4,82348,4,1172,4,2024,8,0,0,1377,132,40,1,109199,1,1142,1,3116,1,19728,2,8366,1,115942,1,20950,1,4198,1,7524,1,25960,1,246202,1,38323,1,0,1,0,1,9545,1,4467,1,16559,1,9545,1,48,1,1240,1,1,1,0,1,4504,1,5041,1,0,1
537,777800,4467,9545,28.988903,0,0,11,0,0,29697,792,1541,748103,16,192,50,1,26571,1,60,1,242445,1,139788,1,108678,1,225793,1,4719,1,37963,1,7975,4,50,4,65746,4,971,4,1864,8,0,0,1294,132,20,1,83270,1,882,1,2214,1,18445,2,5601,1,109139,1,16241,1,3286,1,5050,1,22152,1,185986,1,29086,1,0,1,0,1,9545,1,4467,1,16559,1,9545,1,48,1,1240,1,1,1,0,1,4504,1,5041,1,0,1
538,769800,4467,9545,28.988903,0,0,11,0,0,29341,802,1551,740459,16,192,60,1,25549,1,80,1,240681,1,141792,1,108438,1,219230,1,4629,1,38043,1,8065,4,30,4,66096,4,1042,4,2525,8,0,0,2016,132,20,1,75935,1,882,1,2254,1,17934,2,5601,1,111103,1,16301,1,3296,1,5070,1,21852,1,184654,1,28935,1,0,1,0,1,9545,1,4467,1,16559,1,9545,1,48,1,1240,1,1,1,0,1,4504,1,5041,1,0,1
539,769300,4467,9545,28.988903,0,0,11,0,0,30274,891,1580,739026,16,192,40,1,25880,1,60,1,242996,1,148234,1,106244,1,210834,1,4739,1,33184,1,5771,4,30,4,65516,4,962,4,1864,8,0,0,1246,132,10,1,76827,1,882,1,2224,1,17884,2,4789,1,117425,1,16271,1,3266,1,5100,1,22443,1,186367,1,28875,1,0,1,0,1,9545,1,4467,1,16559,1,9545,1,48,1,1240,1,1,1,0,1,4504,1,5041,1,0,1
540,978600,4467,9545,28.988903,0,0,11,0,0,32327,892,1699,946273,16,192,170,1,33965,1,60,1,348478,1,150098,1,137844,1,270218,1,5440,1,48353,1,10690,4,60,4,78019,4,1683,4,2224,8,0,0,2208,132,30,1,98669,1,1012,1,2785,1,18415,2,7384,1,114590,1,19046,1,3827,1,7194,1,29617,1,269166,1,42211,1,0,1,0,1,9545,1,4467,1,16559,1,9545,1,48,1,1240,1,1,1,0,1,4504,1,5041,1,0,1
541,900800,4467,9545,28.988903,0,0,11,0,0,34380,972,1884,866420,16,192,40,1,26641,1,90,1,237896,1,142303,1,133917,1,318891,1,6643,1,54685,1,12173,4,40,4,89762,4,1192,4,2314,8,0,0,1623,132,30,1,124028,1,1172,1,3096,1,20890,2,8536,1,111303,1,16692,1,3236,1,4990,1,21110,1,183872,1,27703,1,0,1,0,1,9545,1,4467,1,16559,1,9545,1,48,1,1240,1,1,1,0,1,4504,1,5041,1,0,1
542,878600,4467,9545,28.988903,0,0,11,0,0,33891,952,1569,844709,16,192,90,1,32923,1,50,1,307439,1,159806,1,127655,1,212126,1,4619,1,37672,1,7174,4,30,4,64694,4,972,4,1814,8,0,0,1216,132,10,1,72739,1,872,1,2545,1,17534,2,5120,1,115942,1,24737,1,4358,1,7033,1,28895,1,230371,1,40858,1,0,1,0,1,9545,1,4467,1,16559,1,9545,1,48,1,1240,1,1,1,0,1,4504,1,5041,1,0,1
543,762500,4467,9545,28.988903,0,0,11,0,0,33443,901,1511,729057,16,192,50,1,25519,1,60,1,239779,1,141732,1,105853,1,211485,1,4579,1,35388,1,5721,4,30,4,64814,4,942,4,1824,8,0,0,1255,132,10,1,76316,1,862,1,2204,1,17714,2,4759,1,110852,1,16462,1,3276,1,5030,1,22363,1,184534,1,27623,1,0,1,0,1,9545,1,4467,1,16559,1,9545,1,48,1,1240,1,1,1,0,1,4504,1,5041,1,0,1
544,759800,4467,9545,28.988903,0,0,11,0,0,29451,771,1540,730349,16,192,40,1,25439,1,40,1,238457,1,149296,1,105372,1,207017,1,4689,1,33594,1,5731,4,30,4,64844,4,2084,4,1844,8,0,0,2388,132,10,1,72589,1,932,1,2234,1,17704,2,4649,1,118277,1,16652,1,3246,1,5270,1,21561,1,183612,1,27833,1,0,1,0,1,9545,1,4467,1,16559,1,9545,1,48,1,1240,1,1,1,0,1,4504,1,5041,1,0,1
545,750700,4467,9545,28.988903,0,0,11,0,0,27104,1042,1619,723596,16,192,40,1,25559,1,90,1,237665,1,141140,1,105322,1,209181,1,4599,1,33264,1,5741,4,40,4,64704,4,1042,4,1874,8,0,0,1296,132,20,1,75935,1,872,1,2194,1,17894,2,4559,1,110532,1,16431,1,3256,1,5080,1,21461,1,183091,1,27873,1,0,1,0,1,9545,1,4467,1,16559,1,9545,1,48,1,1240,1,1,1,0,1,4504,1,5041,1,0,1
546,756500,4467,9545,28.988903,0,0,11,0,0,29497,792,1551,727003,16,192,40,1,25409,1,60,1,237846,1,146421,1,105602,1,206916,1,4709,1,33274,1,5811,4,40,4,65135,4,972,4,1864,8,0,0,1285,132,10,1,73501,1,882,1,2214,1,17614,2,4809,1,115221,1,16712,1,3246,1,5050,1,21301,1,183191,1,28134,1,0,1,0,1,9545,1,4467,1,16559,1,9545,1,48,1,1240,1,1,1,0,1,4504,1,5041,1,0,1
547,769900,4467,9545,28.988903,0,0,11,0,0,29812,791,1521,740088,16,192,50,1,25509,1,70,1,237695,1,157311,1,106274,1,208459,1,4719,1,32272,1,5681,4,40,4,65215,4,962,4,1844,8,0,0,1285,132,20,1,76256,1,872,1,2204,1,17654,2,4649,1,126262,1,16692,1,3246,1,5060,1,21301,1,183281,1,27873,1,0,1,0,1,9545,1,4467,1,16559,1,9545,1,48,1,1240,1,1,1,0,1,4504,1,5041,1,0,1
548,748900,4467,9545,28.988903,0,0,11,0,0,27989,781,1560,720911,16,192,40,1,25579,1,60,1,238597,1,141271,1,105572,1,205173,1,4619,1,32372,1,5721,4,40,4,65095,4,962,4,1864,8,0,0,1265,132,20,1,72769,1,882,1,2204,1,17734,2,4729,1,110752,1,16251,1,3266,1,5070,1,20860,1,184654,1,27803,1,0,1,0,1,9545,1,4467,1,16559,1,9545,1,48,1,1240,1,1,1,0,1,4504,1,5041,1,0,1
549,1002800,4467,9545,28.988903,0,0,11,0,0,47149,881,1709,955651,16,191,80,1,34055,1,70,1,344200,1,152362,1,175667,1,243136,1,6082,1,46309,1,8526,4,30,4,67219,4,1122,4,1924,8,0,0,1337,132,20,1,89071,1,862,1,2555,1,18485,2,6132,1,110722,1,21862,1,4398,1,7114,1,29236,1,266400,1,41139,1,0,1,0,1,9545,1,4467,1,16559,1,9545,1,48,1,1240,1,1,1,0,1,4504,1,5041,1,0,1
550,1105700,4467,9545,28.988903,0,0,11,0,0,39337,1042,1781,1066363,16,192,190,1,34135,1,170,1,352676,1,162892,1,181939,1,327788,1,6573,1,62500,1,13175,4,60,4,89471,4,1272,4,2665,8,0,0,2157,132,40,1,120771,1,1292,1,4088,1,22363,2,9047,1,119830,1,23986,1,4088,1,6683,1,28895,1,279686,1,36921,1,0,1,0,1,9545,1,4467,1,16559,1,9545,1,48,1,1240,1,1,1,0,1,4504,1,5041,1,0,1
551,1083800,4467,9545,28.988903,0,0,11,0,0,35932,1192,2004,1047868,16,192,170,1,34376,1,60,1,319302,1,172020,1,171278,1,343989,1,6673,1,62039,1,13336,4,60,4,95002,4,1343,4,2375,8,0,0,1713,132,40,1,131662,1,1323,1,3577,1,22653,2,9388,1,122415,1,27112,1,5731,1,7444,1,26571,1,243687,1,41219,1,0,1,0,1,9545,1,4467,1,16559,1,9545,1,48,1,1240,1,1,1,0,1,4504,1,5041,1,0,1
552,848900,4467,9545,28.988903,0,0,11,0,0,30973,812,1639,817927,16,192,70,1,35328,1,80,1,322899,1,140980,1,105342,1,208640,1,4589,1,34326,1,5781,4,40,4,64974,4,1022,4,1864,8,0,0,1246,132,10,1,73601,1,862,1,2184,1,18285,2,4879,1,109800,1,16562,1,3326,1,7524,1,29737,1,250089,1,35328,1,0,1,0,1,9545,1,4467,1,16559,1,9545,1,48,1,1240,1,1,1,0,1,4504,1,5041,1,0,1
553,1212800,4467,9545,28.988903,0,0,11,0,0,39933,1142,2094,1172867,16,192,210,1,35989,1,90,1,370239,1,184393,1,202608,1,371722,1,7615,1,67229,1,14838,4,90,4,101815,4,1463,4,2605,8,0,0,1974,132,30,1,142934,1,1423,1,4128,1,23675,2,10350,1,136371,1,24777,1,6001,1,7965,1,30779,1,280618,1,50507,1,0,1,0,1,9545,1,4467,1,16559,1,9545,1,48,1,1240,1,1,1,0,1,4504,1,5041,1,0,1
554,901000,4467,9545,28.988903,0,0,11,0,0,32135,922,1974,868865,16,192,10,1,26601,1,110,1,284806,1,167150,1,130650,1,253766,1,5771,1,40698,1,7033,4,50,4,80484,4,1222,4,2264,8,0,0,1513,132,20,1,90073,1,1142,1,2755,1,21161,2,5941,1,128126,1,19658,1,4088,1,5020,1,21130,1,222797,1,35648,1,0,1,0,1,9545,1,4467,1,16559,1,9545,1,48,1,1240,1,1,1,0,1,4504,1,5041,1,0,1
555,804300,4467,9545,28.988903,0,0,11,0,0,29706,871,1618,774594,16,192,140,1,30749,1,50,1,275678,1,148424,1,105612,1,209211,1,4729,1,32863,1,6593,4,30,4,64674,4,982,4,1834,8,0,0,1198,132,10,1,75695,1,882,1,2194,1,17594,2,4990,1,117625,1,16512,1,3226,1,6312,1,26461,1,214922,1,27743,1,0,1,0,1,9545,1,4467,1,16559,1,9545,1,48,1,1240,1,1,1,0,1,4504,1,5041,1,0,1
556,1159200,4467,9545,28.988903,0,0,11,0,0,36744,1282,2234,1122456,16,192,90,1,25379,1,40,1,239880,1,240857,1,204672,1,403323,1,8216,1,74733,1,16862,4,70,4,109971,4,1543,4,2695,8,0,0,2004,132,40,1,151641,1,1703,1,4318,1,27332,2,11131,1,184208,1,32382,1,5781,1,5030,1,20990,1,186297,1,27392,1,0,1,0,1,9545,1,4467,1,16559,1,9545,1,48,1,1240,1,1,1,0,1,4504,1,5041,1,0,1
557,995100,4467,9545,28.988903,0,0,11,0,0,31864,1032,1779,963236,16,192,90,1,26962,1,150,1,310785,1,170407,1,149026,1,299734,1,6082,1,54264,1,11903,4,70,4,81616,4,1232,4,1994,8,0,0,1447,132,30,1,115311,1,1152,1,3066,1,19818,2,8246,1,131241,1,21020,1,4218,1,5320,1,22984,1,244008,1,38123,1,0,1,0,1,9545,1,4467,1,16559,1,9545,1,48,1,1240,1,1,1,0,1,4504,1,5041,1,0,1
558,925600,4467,9545,28.988903,0,0,11,0,0,32759,952,1874,892841,16,192,60,1,29306,1,60,1,296919,1,168643,1,132524,1,259477,1,5851,1,43032,1,8987,4,40,4,80334,4,1302,4,2966,8,0,0,2395,132,20,1,90463,1,1092,1,2775,1,20950,2,6563,1,129238,1,20149,1,5310,1,6252,1,28064,1,228498,1,33895,1,0,1,0,1,9545,1,4467,1,16559,1,9545,1,48,1,1240,1,1,1,0,1,4504,1,5041,1,0,1
559,834700,4467,9545,28.988903,0,0,11,0,0,34807,832,1551,799893,16,192,40,1,30518,1,30,1,246532,1,154266,1,117485,1,246342,1,4679,1,43253,1,9087,4,40,4,69403,4,962,4,1884,8,0,0,1294,132,10,1,93710,1,872,1,2385,1,17524,2,6382,1,122645,1,16892,1,3256,1,6442,1,24357,1,183892,1,31570,1,0,1,0,1,9545,1,4467,1,16559,1,9545,1,48,1,1240,1,1,1,0,1,4504,1,5041,1,0,1
560,763200,4467,9545,28.988903,0,0,11,0,0,27460,862,1568,735740,16,192,30,1,25509,1,40,1,244008,1,150058,1,104961,1,206536,1,4599,1,33344,1,5671,4,30,4,64854,4,931,4,1844,8,0,0,1207,132,20,1,73130,1,872,1,2214,1,18004,2,4759,1,120000,1,15941,1,3236,1,5160,1,22834,1,185155,1,30669,1,0,1,0,1,9545,1,4467,1,16559,1,9545,1,48,1,1240,1,1,1,0,1,4504,1,5041,1,0,1
561,760500,4467,9545,28.988903,0,0,11,0,0,30181,751,1571,730319,16,192,30,1,25369,1,30,1,239128,1,147182,1,105252,1,208760,1,4569,1,33404,1,5661,4,50,4,64734,4,992,4,1834,8,0,0,1255,132,20,1,75785,1,872,1,2184,1,17774,2,4699,1,116273,1,16692,1,3256,1,5020,1,21391,1,184634,1,27863,1,0,1,0,1,9545,1,4467,1,16559,1,9545,1,48,1,1240,1,1,1,0,1,4504,1,5041,1,0,1
562,751300,4467,9545,28.988903,0,0,11,0,0,29667,842,1570,721633,16,192,40,1,25519,1,80,1,237986,1,141581,1,105833,1,205995,1,4599,1,32993,1,5761,4,40,4,65055,4,972,4,1844,8,0,0,1246,132,20,1,73010,1,932,1,2204,1,17674,2,4649,1,111033,1,16431,1,3236,1,5050,1,21301,1,183822,1,27653,1,0,1,0,1,9545,1,4467,1,16559,1,9545,1,48,1,1240,1,1,1,0,1,4504,1,5041,1,0,1
563,772600,4467,9545,28.988903,0,0,11,0,0,34115,772,1568,738485,16,192,40,1,25659,1,40,1,239779,1,147984,1,105332,1,214862,1,4789,1,34476,1,5721,4,40,4,69072,4,1072,4,1854,8,0,0,1357,132,20,1,77078,1,882,1,2284,1,16862,2,4729,1,117255,1,16381,1,3256,1,5060,1,21321,1,185145,1,28054,1,0,1,0,1,9545,1,4467,1,16559,1,9545,1,48,1,1240,1,1,1,0,1,4504,1,5041,1,0,1
564,1129100,4467,9545,28.988903,0,0,11,0,0,44151,881,1761,1084949,16,192,180,1,34316,1,60,1,355541,1,215092,1,174264,1,300105,1,5390,1,67359,1,11492,4,60,4,81526,4,1252,4,2204,8,0,0,1695,132,20,1,99861,1,1032,1,5030,1,21762,2,7625,1,160127,1,35558,1,4398,1,10570,1,36209,1,265950,1,42471,1,0,1,0,1,9545,1,4467,1,16559,1,9545,1,48,1,1240,1,1,1,0,1,4504,1,5041,1,0,1
565,860900,4467,9545,28.988903,0,0,11,0,0,31501,911,1630,829399,16,192,160,1,28304,1,40,1,251332,1,150679,1,119279,1,274235,1,5370,1,44465,1,10079,4,50,4,75745,4,1052,4,1894,8,0,0,1315,132,40,1,109530,1,1062,1,3176,1,18696,2,7534,1,114780,1,20159,1,4318,1,5190,1,23435,1,194012,1,28445,1,0,1,0,1,9545,1,4467,1,16559,1,9545,1,48,1,1240,1,1,1,0,1,4504,1,5041,1,0,1
566,898600,4467,9545,28.988903,0,0,11,0,0,31969,841,1571,866631,16,192,30,1,28745,1,60,1,264557,1,150919,1,139858,1,277021,1,5440,1,53052,1,10801,4,30,4,76807,4,1002,4,1884,8,0,0,1315,132,20,1,102266,1,1002,1,2926,1,18936,2,7454,1,115030,1,19107,1,3807,1,6092,1,23415,1,200154,1,34686,1,0,1,0,1,9545,1,4467,1,16559,1,9545,1,48,1,1240,1,1,1,0,1,4504,1,5041,1,0,1
567,775900,4467,9545,28.988903,0,0,11,0,0,30402,872,1560,745498,16,192,120,1,26240,1,30,1,244188,1,148855,1,109189,1,212146,1,4729,1,34356,1,5781,4,60,4,65195,4,1032,4,2154,8,0,0,1626,132,10,1,76557,1,922,1,2204,1,18315,2,4689,1,118206,1,16381,1,3246,1,5050,1,22263,1,188722,1,27984,1,0,1,0,1,9545,1,4467,1,16559,1,9545,1,48,1,1240,1,1,1,0,1,4504,1,5041,1,0,1
568,766500,4467,9545,28.988903,0,0,11,0,0,30570,801,1521,735930,16,192,50,1,25649,1,10,1,242665,1,145369,1,108187,1,209281,1,4719,1,35238,1,5711,4,50,4,65015,4,1032,4,2094,8,0,0,1606,132,20,1,73681,1,862,1,2234,1,17824,2,4719,1,114279,1,16632,1,3266,1,5060,1,21812,1,187619,1,27903,1,0,1,0,1,9545,1,4467,1,16559,1,9545,1,48,1,1240,1,1,1,0,1,4504,1,5041,1,0,1
569,759700,4467,9545,28.988903,0,0,11,0,0,29481,812,1520,730219,16,192,40,1,25409,1,60,1,241303,1,142744,1,105883,1,210163,1,4619,1,33144,1,5751,4,30,4,65065,4,972,4,1874,8,0,0,1325,132,20,1,77028,1,872,1,2194,1,17684,2,4719,1,111965,1,16502,1,3246,1,5080,1,21762,1,186297,1,27974,1,0,1,0,1,9545,1,4467,1,16559,1,9545,1,48,1,1240,1,1,1,0,1,4504,1,5041,1,0,1
570,1093600,4467,9545,28.988903,0,0,11,0,0,33869,1082,2034,1059731,16,192,180,1,36129,1,80,1,360501,1,179153,1,164185,1,313220,1,6282,1,56288,1,12314,4,50,4,91004,4,1783,4,2355,8,0,0,2104,132,30,1,114059,1,1192,1,3276,1,21120,2,8667,1,130470,1,29667,1,4408,1,7705,1,30448,1,277892,1,44135,1,0,1,0,1,9545,1,4467,1,16559,1,9545,1,48,1,1240,1,1,1,0,1,4504,1,5041,1,0,1
571,832800,4467,9545,28.988903,0,0,11,0,0,36985,781,1687,795815,16,192,100,1,26471,1,40,1,241964,1,194483,1,108438,1,219691,1,4629,1,37943,1,8126,4,40,4,64914,4,1052,4,1834,8,0,0,1198,132,10,1,77398,1,872,1,2355,1,19117,2,5250,1,152632,1,27072,1,3236,1,5070,1,21411,1,187289,1,27934,1,0,1,0,1,9545,1,4467,1,16559,1,9545,1,48,1,1240,1,1,1,0,1,4504,1,5041,1,0,1
572,779000,4467,9545,28.988903,0,0,11,0,0,32470,781,1442,746530,16,192,10,1,26140,1,40,1,240260,1,158854,1,105923,1,210694,1,4609,1,35548,1,7104,4,21,4,64664,4,942,4,1804,8,0,0,1303,132,20,1,72860,1,872,1,2294,1,18656,2,5130,1,126883,1,17824,1,3226,1,5040,1,22052,1,185736,1,27242,1,0,1,0,1,9545,1,4467,1,16559,1,9545,1,48,1,1240,1,1,1,0,1,4504,1,5041,1,0,1
573,766000,4467,9545,28.988903,0,0,11,0,0,28647,831,1579,737353,16,192,40,1,25429,1,50,1,240090,1,147242,1,105763,1,214120,1,4619,1,35388,1,6963,4,50,4,65185,4,952,4,1834,8,0,0,1207,132,20,1,76897,1,872,1,2324,1,18015,2,4789,1,116834,1,16281,1,3236,1,5020,1,21842,1,185425,1,27583,1,0,1,0,1,9545,1,4467,1,16559,1,9545,1,48,1,1240,1,1,1,0,1,4504,1,5041,1,0,1
574,757100,4467,9545,28.988903,0,0,11,0,0,31981,752,1521,725119,16,192,30,1,25930,1,50,1,240411,1,139948,1,106193,1,207928,1,4629,1,33965,1,6032,4,50,4,65205,4,952,4,1864,8,0,0,1294,132,20,1,73090,1,872,1,2274,1,18034,2,4819,1,109400,1,16261,1,3246,1,5070,1,21702,1,185576,1,27903,1,0,1,0,1,9545,1,4467,1,16559,1,9545,1,48,1,1240,1,1,1,0,1,4504,1,5041,1,0,1
575,758800,4467,9545,28.988903,0,0,11,0,0,30344,821,1581,728456,16,192,120,1,25569,1,50,1,239840,1,140098,1,105492,1,212678,1,4609,1,33474,1,5731,4,40,4,65105,4,1152,4,2675,8,0,0,2246,132,20,1,77549,1,872,1,2234,1,18315,2,4689,1,109249,1,16652,1,3256,1,5050,1,21541,1,185185,1,27873,1,0,1,0,1,9545,1,4467,1,16559,1,9545,1,48,1,1240,1,1,1,0,1,4504,1,5041,1,0,1
576,762000,4467,9545,28.988903,0,0,11,0,0,29597,872,1553,732403,16,192,40,1,25349,1,50,1,239779,1,149567,1,105863,1,207027,1,4729,1,33013,1,6222,4,40,4,65065,4,962,4,1914,8,0,0,1323,132,20,1,73260,1,872,1,2194,1,17734,2,4859,1,118888,1,16381,1,3266,1,5060,1,21922,1,184944,1,27643,1,0,1,0,1,9545,1,4467,1,16559,1,9545,1,48,1,1240,1,1,1,0,1,4504,1,5041,1,0,1
577,757200,4467,9545,28.988903,0,0,11,0,0,29616,851,1521,727584,16,192,30,1,25509,1,90,1,239168,1,142443,1,105773,1,209962,1,4609,1,33705,1,5671,4,40,4,65135,4,922,4,1824,8,0,0,1225,132,10,1,76507,1,862,1,2204,1,17564,2,4669,1,111824,1,16321,1,3256,1,5060,1,21551,1,184443,1,27944,1,0,1,0,1,9545,1,4467,1,16559,1,9545,1,48,1,1240,1,1,1,0,1,4504,1,5041,1,0,1
578,747800,4467,9545,28.988903,0,0,11,0,0,27640,861,1628,720160,16,192,50,1,25829,1,110,1,237856,1,139708,1,105642,1,206355,1,4609,1,32973,1,5741,4,50,4,65095,4,962,4,1834,8,0,0,1167,132,10,1,73140,1,872,1,2194,1,17884,2,4739,1,109079,1,16462,1,3266,1,5060,1,21371,1,183552,1,27713,1,0,1,0,1,9545,1,4467,1,16559,1,9545,1,48,1,1240,1,1,1,0,1,4504,1,5041,1,0,1
579,936500,4467,9545,28.988903,0,0,11,0,0,42968,792,1727,893532,16,180,140,1,32522,1,70,1,340773,1,191226,1,105502,1,218499,1,4799,1,39115,1,6883,4,50,4,65045,4,1052,4,1844,8,0,0,1168,132,20,1,77849,1,892,1,2675,1,17594,2,4689,1,155488,1,20650,1,3286,1,6522,1,28394,1,267593,1,37953,1,0,1,0,1,9545,1,4467,1,16559,1,9545,1,48,1,1240,1,1,1,0,1,4504,1,5041,1,0,1
580,779100,4467,9545,28.988903,0,0,11,0,0,31157,781,1640,747943,16,192,30,1,25559,1,40,1,250901,1,149136,1,105182,1,210453,1,6643,1,34586,1,6452,4,40,4,65195,4,1012,4,1984,8,0,0,1356,132,20,1,73721,1,882,1,2224,1,18576,2,4980,1,116203,1,18696,1,3266,1,5270,1,22383,1,195585,1,27463,1,0,1,0,1,9545,1,4467,1,16559,1,9545,1,48,1,1240,1,1,1,0,1,4504,1,5041,1,0,1
581,764700,4467,9545,28.988903,0,0,11,0,0,30643,802,1680,734057,16,192,40,1,25489,1,50,1,246853,1,137463,1,105753,1,213709,1,4699,1,34556,1,7064,4,40,4,65285,4,1022,4,1914,8,0,0,1255,132,30,1,76436,1,852,1,2224,1,18415,2,5070,1,105813,1,17273,1,3276,1,5040,1,21171,1,192759,1,27683,1,0,1,0,1,9545,1,4467,1,16559,1,9545,1,48,1,1240,1,1,1,0,1,4504,1,5041,1,0,1
582,752700,4467,9545,28.988903,0,0,11,0,0,31719,812,1491,720981,16,192,60,1,25529,1,90,1,243086,1,134718,1,105081,1,207818,1,4599,1,33785,1,6242,4,40,4,65205,4,942,4,1834,8,0,0,1284,132,20,1,73110,1,872,1,2224,1,17874,2,4859,1,103538,1,17053,1,3246,1,5070,1,21852,1,188151,1,27813,1,0,1,0,1,9545,1,4467,1,16559,1,9545,1,48,1,1240,1,1,1,0,1,4504,1,5041,1,0,1
583,910800,4467,9545,28.988903,0,0,11,0,0,31084,1001,1651,879716,16,192,150,1,31611,1,90,1,306127,1,144717,1,130520,1,261361,1,5140,1,46078,1,9899,4,60,4,72810,4,1703,4,1914,8,0,0,1966,132,30,1,98709,1,952,1,2615,1,18536,2,7054,1,111133,1,17954,1,3577,1,6763,1,25278,1,240761,1,32963,1,0,1,0,1,9545,1,4467,1,16559,1,9545,1,48,1,1240,1,1,1,0,1,4504,1,5041,1,0,1
584,813000,4467,9545,28.988903,0,0,11,0,0,30090,822,1558,782910,16,192,30,1,26741,1,40,1,245731,1,148444,1,118697,1,238517,1,4709,1,42702,1,9107,4,40,4,69593,4,952,4,1823,8,0,0,1217,132,20,1,86265,1,882,1,2355,1,17634,2,6322,1,116463,1,17103,1,3286,1,5090,1,21471,1,187930,1,31019,1,0,1,0,1,9545,1,4467,1,16559,1,9545,1,48,1,1240,1,1,1,0,1,4504,1,5041,1,0,1
585,770500,4467,9545,28.988903,0,0,11,0,0,29821,781,1503,740679,16,192,20,1,25509,1,40,1,247073,1,142212,1,113037,1,208189,1,4599,1,32061,1,5701,4,50,4,64904,4,962,4,1824,8,0,0,1283,132,20,1,76336,1,872,1,2214,1,17764,2,4699,1,110632,1,16993,1,3256,1,5230,1,22834,1,188161,1,30639,1,0,1,0,1,9545,1,4467,1,16559,1,9545,1,48,1,1240,1,1,1,0,1,4504,1,5041,1,0,1
586,747900,4467,9545,28.988903,0,0,11,0,0,29053,802,1520,718847,16,192,40,1,25699,1,40,1,240120,1,137924,1,104540,1,205854,1,4629,1,32342,1,5681,4,50,4,64944,4,952,4,1834,8,0,0,1265,132,20,1,73491,1,872,1,2194,1,17984,2,4689,1,107346,1,16341,1,3226,1,5060,1,21351,1,185606,1,27913,1,0,1,0,1,9545,1,4467,1,16559,1,9545,1,48,1,1240,1,1,1,0,1,4504,1,5041,1,0,1
587,763000,4467,9545,28.988903,0,0,11,0,0,29805,751,1590,733195,16,192,50,1,25579,1,30,1,240561,1,146220,1,105703,1,210433,1,4619,1,33584,1,5871,4,40,4,65095,4,1002,4,1864,8,0,0,1275,132,20,1,76597,1,862,1,2234,1,17734,2,4779,1,113628,1,18105,1,3246,1,5080,1,21732,1,185676,1,27883,1,0,1,0,1,9545,1,4467,1,16559,1,9545,1,48,1,1240,1,1,1,0,1,4504,1,5041,1,0,1
588,763300,4467,9545,28.988903,0,0,11,0,0,31227,781,1620,732073,16,192,40,1,25639,1,150,1,240831,1,145318,1,106634,1,208820,1,4639,1,34727,1,5821,4,21,4,65095,4,1072,4,1884,8,0,0,1335,132,20,1,73581,1,872,1,2244,1,17984,2,4719,1,111965,1,18906,1,3276,1,5120,1,22022,1,185796,1,27733,1,0,1,0,1,9545,1,4467,1,16559,1,9545,1,48,1,1240,1,1,1,0,1,4504,1,5041,1,0,1
589,767000,4467,9545,28.988903,0,0,11,0,0,30589,881,1560,736411,16,192,40,1,25799,1,40,1,240200,1,148454,1,106023,1,211115,1,4739,1,33835,1,5961,4,21,4,65025,4,972,4,1834,8,0,0,1245,132,20,1,76977,1,862,1,2324,1,17644,2,4759,1,117325,1,16722,1,3266,1,5100,1,22243,1,184924,1,27743,1,0,1,0,1,9545,1,4467,1,16559,1,9545,1,48,1,1240,1,1,1,0,1,4504,1,5041,1,0,1
590,773300,4467,9545,28.988903,0,0,11,0,0,32030,752,1636,741270,16,192,40,1,25749,1,30,1,240200,1,157772,1,105823,1,206937,1,4719,1,33945,1,5691,4,40,4,65075,4,952,4,1834,8,0,0,1149,132,10,1,72870,1,862,1,2344,1,17864,2,4699,1,126953,1,16401,1,3266,1,5080,1,21912,1,185175,1,27833,1,0,1,0,1,9545,1,4467,1,16559,1,9545,1,48,1,1240,1,1,1,0,1,4504,1,5041,1,0,1
591,772300,4467,9545,28.988903,0,0,11,0,0,31160,881,1610,741140,16,192,30,1,26200,1,40,1,239339,1,139056,1,122885,1,208980,1,4609,1,33093,1,5751,4,30,4,65265,4,972,4,1864,8,0,0,1226,132,20,1,75986,1,932,1,2254,1,17223,2,4709,1,108418,1,16401,1,3246,1,5090,1,21451,1,184934,1,27723,1,0,1,0,1,9545,1,4467,1,16559,1,9545,1,48,1,1240,1,1,1,0,1,4504,1,5041,1,0,1
592,878700,4467,9545,28.988903,0,0,11,0,0,33450,961,1661,845250,16,192,160,1,27603,1,80,1,284485,1,139958,1,133155,1,254588,1,5220,1,47020,1,10139,4,51,4,72779,4,1142,4,1954,8,0,0,1435,132,40,1,91666,1,972,1,2815,1,18004,2,7043,1,105863,1,18415,1,3537,1,5941,1,24006,1,220743,1,33454,1,0,1,0,1,9545,1,4467,1,16559,1,9545,1,48,1,1240,1,1,1,0,1,4504,1,5041,1,0,1
593,753400,4467,9545,28.988903,0,0,11,0,0,29122,871,1492,724278,16,192,40,1,26521,1,50,1,240391,1,136692,1,105833,1,210042,1,4709,1,32623,1,6232,4,40,4,65355,4,1022,4,1924,8,0,0,1454,132,20,1,76276,1,872,1,2214,1,17734,2,4859,1,105713,1,16612,1,3236,1,5090,1,21511,1,186016,1,27593,1,0,1,0,1,9545,1,4467,1,16559,1,9545,1,48,1,1240,1,1,1,0,1,4504,1,5041,1,0,1
594,789300,4467,9545,28.988903,0,0,11,0,0,30757,912,1572,758543,16,192,40,1,26020,1,90,1,244899,1,141591,1,112926,1,228338,1,4639,1,39666,1,8546,4,30,4,67629,4,1032,4,1894,8,0,0,1354,132,20,1,81476,1,892,1,2254,1,18004,2,5981,1,110141,1,16912,1,3266,1,5080,1,22844,1,186978,1,29777,1,0,1,0,1,9545,1,4467,1,16559,1,9545,1,48,1,1240,1,1,1,0,1,4504,1,5041,1,0,1
595,763100,4467,9545,28.988903,0,0,11,0,0,28723,821,1561,734377,16,192,50,1,25880,1,40,1,241383,1,147793,1,105182,1,209341,1,4709,1,32873,1,6222,4,30,4,65235,4,952,4,1874,8,0,0,1265,132,10,1,76316,1,872,1,2204,1,17013,2,4919,1,116563,1,16902,1,3246,1,5110,1,22543,1,185686,1,27883,1,0,1,0,1,9545,1,4467,1,16559,1,9545,1,48,1,1240,1,1,1,0,1,4504,1,5041,1,0,1
596,787500,4467,9545,28.988903,0,0,11,0,0,33295,721,1522,754205,16,192,50,1,26511,1,70,1,240310,1,163543,1,106624,1,212387,1,4709,1,37261,1,6212,4,60,4,65425,4,932,4,1854,8,0,0,1264,132,10,1,73461,1,872,1,2274,1,18586,2,4719,1,125691,1,23355,1,3246,1,5100,1,21862,1,184764,1,27823,1,0,1,0,1,9545,1,4467,1,16559,1,9545,1,48,1,1240,1,1,1,0,1,4504,1,5041,1,0,1
597,768300,4467,9545,28.988903,0,0,11,0,0,31198,791,1590,737102,16,192,30,1,25549,1,60,1,240501,1,146651,1,105202,1,214411,1,4699,1,34907,1,7424,4,30,4,65135,4,982,4,1844,8,0,0,1236,132,10,1,76807,1,872,1,2234,1,18185,2,5190,1,115231,1,17053,1,3246,1,5060,1,21692,1,185355,1,28184,1,0,1,0,1,9545,1,4467,1,16559,1,9545,1,48,1,1240,1,1,1,0,1,4504,1,5041,1,0,1
598,778300,4467,9545,28.988903,0,0,11,0,0,33062,741,1541,745238,16,192,50,1,25739,1,40,1,239549,1,158454,1,105813,1,210844,1,4749,1,34777,1,6993,4,80,4,65255,4,1573,4,2425,8,0,0,2457,132,10,1,72940,1,862,1,2224,1,18235,2,4729,1,126252,1,17754,1,3246,1,5040,1,21882,1,184884,1,27523,1,0,1,0,1,9545,1,4467,1,16559,1,9545,1,48,1,1240,1,1,1,0,1,4504,1,5041,1,0,1
599,751100,4467,9545,28.988903,0,0,11,0,0,29968,821,1502,721132,16,192,20,1,25599,1,40,1,239098,1,134979,1,105462,1,211305,1,4629,1,34055,1,6032,4,40,4,65125,4,1012,4,1874,8,0,0,1384,132,10,1,76707,1,862,1,2194,1,17814,2,4759,1,103959,1,16702,1,3246,1,5050,1,21431,1,184473,1,28004,1,0,1,0,1,9545,1,4467,1,16559,1,9545,1,48,1,1240,1,1,1,0,1,4504,1,5041,1,0,1
600,753500,4467,9545,28.988903,0,0,11,0,0,29733,841,1521,723767,16,192,40,1,25619,1,80,1,238397,1,140790,1,105562,1,206616,1,6663,1,33394,1,5751,4,40,4,65045,4,982,4,1844,8,0,0,1304,132,20,1,72950,1,862,1,2214,1,18015,2,4659,1,109680,1,16762,1,3266,1,5060,1,21201,1,184073,1,27843,1,0,1,0,1,9545,1,4467,1,16559,1,9545,1,48,1,1240,1,1,1,0,1,4504,1,5041,1,0,1
601,1019100,4467,9545,28.988903,0,0,11,0,0,34223,1192,1761,984877,16,192,180,1,35708,1,70,1,337807,1,146631,1,156720,1,301728,1,6032,1,54895,1,11923,4,60,4,82177,4,1212,4,2295,8,0,0,1746,132,30,1,115782,1,1182,1,3236,1,19437,2,8306,1,106775,1,20780,1,4829,1,7484,1,29747,1,262232,1,37963,1,0,1,0,1,9545,1,4467,1,16559,1,9545,1,48,1,1240,1,1,1,0,1,4504,1,5041,1,0,1
602,813700,4467,9545,28.988903,0,0,11,0,0,29477,862,1571,784223,16,192,50,1,26661,1,60,1,243457,1,149987,1,120671,1,238717,1,4619,1,42321,1,9117,4,40,4,69744,4,972,4,1894,8,0,0,1294,132,20,1,86155,1,892,1,2324,1,18004,2,6372,1,117716,1,17614,1,3316,1,5070,1,21361,1,185896,1,30939,1,0,1,0,1,9545,1,4467,1,16559,1,9545,1,48,1,1240,1,1,1,0,1,4504,1,5041,1,0,1
603,772400,4467,9545,28.988903,0,0,11,0,0,34186,872,1560,738214,16,192,50,1,25519,1,40,1,244529,1,145809,1,106023,1,211535,1,4709,1,32883,1,6693,4,40,4,65265,4,962,4,1854,8,0,0,1255,132,20,1,76807,1,872,1,2214,1,17934,2,5120,1,115211,1,16221,1,3276,1,5240,1,22954,1,185295,1,30839,1,0,1,0,1,9545,1,4467,1,16559,1,9545,1,48,1,1240,1,1,1,0,1,4504,1,5041,1,0,1
604,807400,4467,9545,28.988903,0,0,11,0,0,36763,831,1462,770637,16,192,120,1,26421,1,100,1,239158,1,179043,1,106995,1,214080,1,4719,1,36941,1,6292,4,40,4,65245,4,1022,4,1894,8,0,0,1454,132,10,1,73461,1,872,1,2625,1,19998,2,4849,1,142243,1,22263,1,3256,1,5080,1,21662,1,184664,1,27573,1,0,1,0,1,9545,1,4467,1,16559,1,9545,1,48,1,1240,1,1,1,0,1,4504,1,5041,1,0,1
605,773600,4467,9545,28.988903,0,0,11,0,0,31027,892,1523,742573,16,192,30,1,25729,1,60,1,239319,1,151651,1,105442,1,215623,1,4719,1,35358,1,6973,4,50,4,65165,4,1112,4,1914,8,0,0,1503,132,20,1,76917,1,872,1,2224,1,19087,2,5040,1,119669,1,17604,1,3236,1,5050,1,21832,1,184694,1,27573,1,0,1,0,1,9545,1,4467,1,16559,1,9545,1,48,1,1240,1,1,1,0,1,4504,1,5041,1,0,1
606,771300,4467,9545,28.988903,0,0,11,0,0,31963,811,1659,739337,16,192,30,1,26020,1,40,1,239248,1,152883,1,105933,1,210483,1,4699,1,34496,1,6953,4,50,4,65035,4,1002,4,1944,8,0,0,1287,132,20,1,73050,1,862,1,2234,1,18886,2,5140,1,121643,1,16752,1,3246,1,5080,1,21651,1,184644,1,27703,1,0,1,0,1,9545,1,4467,1,16559,1,9545,1,48,1,1240,1,1,1,0,1,4504,1,5041,1,0,1
607,761400,4467,9545,28.988903,0,0,11,0,0,29267,841,1481,732133,16,192,60,1,25359,1,60,1,240130,1,144357,1,106143,1,211305,1,4719,1,34286,1,5751,4,21,4,65305,4,942,4,1834,8,0,0,1295,132,20,1,76537,1,862,1,2214,1,18025,2,4669,1,113507,1,16482,1,3246,1,5080,1,21521,1,185335,1,28004,1,0,1,0,1,9545,1,4467,1,16559,1,9545,1,48,1,1240,1,1,1,0,1,4504,1,5041,1,0,1
608,756300,4467,9545,28.988903,0,0,11,0,0,29708,812,1549,726592,16,192,60,1,25519,1,50,1,240932,1,139066,1,106694,1,209642,1,4629,1,35217,1,6452,4,40,4,65005,4,941,4,1854,8,0,0,1246,132,20,1,73611,1,872,1,2224,1,17674,2,4919,1,107686,1,16963,1,3296,1,5070,1,21541,1,186207,1,27913,1,0,1,0,1,9545,1,4467,1,16559,1,9545,1,48,1,1240,1,1,1,0,1,4504,1,5041,1,0,1
609,755900,4467,9545,28.988903,0,0,11,0,0,27845,882,1540,728055,16,192,60,1,25429,1,90,1,237896,1,143966,1,105713,1,210293,1,4609,1,33214,1,5741,4,40,4,65145,4,932,4,1944,8,0,0,1336,132,10,1,76857,1,872,1,2214,1,17754,2,4689,1,113247,1,16532,1,3266,1,5070,1,20780,1,184103,1,27783,1,0,1,0,1,9545,1,4467,1,16559,1,9545,1,48,1,1240,1,1,1,0,1,4504,1,5041,1,0,1
610,750700,4467,9545,28.988903,0,0,11,0,0,29338,831,1550,721362,16,192,50,1,25699,1,40,1,240210,1,139397,1,105011,1,206325,1,4629,1,33093,1,5751,4,30,4,65245,4,942,4,1864,8,0,0,1256,132,10,1,73070,1,872,1,2214,1,17574,2,4829,1,108909,1,16201,1,3266,1,5060,1,21551,1,185385,1,27984,1,0,1,0,1,9545,1,4467,1,16559,1,9545,1,48,1,1240,1,1,1,0,1,4504,1,5041,1,0,1
611,766100,4467,9545,28.988903,0,0,11,0,0,29609,782,1680,736491,16,192,30,1,25669,1,80,1,240050,1,149166,1,106234,1,210543,1,4719,1,34186,1,5701,4,30,4,65225,4,1032,4,1924,8,0,0,1275,132,20,1,76246,1,872,1,2214,1,17563,2,4749,1,117225,1,16281,1,3276,1,5070,1,21381,1,185325,1,28134,1,0,1,0,1,9545,1,4467,1,16559,1,9545,1,48,1,1240,1,1,1,0,1,4504,1,5041,1,0,1
612,804200,4467,9545,28.988903,0,0,11,0,0,36278,812,1532,767922,16,192,30,1,25890,1,70,1,239279,1,177129,1,109430,1,211285,1,4809,1,37151,1,6272,4,40,4,65025,4,972,4,1854,8,0,0,1294,132,10,1,73270,1,872,1,2314,1,17864,2,4829,1,145839,1,16812,1,3256,1,5080,1,21311,1,185075,1,27613,1,0,1,0,1,9545,1,4467,1,16559,1,9545,1,48,1,1240,1,1,1,0,1,4504,1,5041,1,0,1
613,774600,4467,9545,28.988903,0,0,11,0,0,31757,712,1580,742843,16,192,40,1,25659,1,70,1,240932,1,150889,1,107025,1,213509,1,4719,1,35047,1,6242,4,40,4,65275,4,972,4,1864,8,0,0,1255,132,20,1,76627,1,862,1,2244,1,18766,2,4839,1,118227,1,17994,1,3256,1,5090,1,21621,1,185986,1,28084,1,0,1,0,1,9545,1,4467,1,16559,1,9545,1,48,1,1240,1,1,1,0,1,4504,1,5041,1,0,1
614,1013500,4467,9545,28.988903,0,0,11,0,0,33612,1162,1752,979888,16,192,110,1,36801,1,60,1,332868,1,153524,1,156991,1,293362,1,6172,1,53503,1,11963,4,70,4,82157,4,1172,4,2024,8,0,0,1445,132,30,1,108959,1,1152,1,3056,1,19898,2,8216,1,114900,1,20339,1,4258,1,7835,1,26761,1,259437,1,38474,1,0,1,0,1,9545,1,4467,1,16559,1,9545,1,48,1,1240,1,1,1,0,1,4504,1,5041,1,0,1
615,818800,4467,9545,28.988903,0,0,11,0,0,29357,881,1619,789443,16,192,60,1,26952,1,50,1,245621,1,147032,1,119118,1,245921,1,4689,1,42171,1,9127,4,21,4,69814,4,972,4,1844,8,0,0,1197,132,20,1,93589,1,862,1,2355,1,17934,2,6332,1,115241,1,17083,1,3316,1,5200,1,23024,1,185906,1,31290,1,0,1,0,1,9545,1,4467,1,16559,1,9545,1,48,1,1240,1,1,1,0,1,4504,1,5041,1,0,1
616,761100,4467,9545,28.988903,0,0,11,0,0,27815,842,1521,733285,16,192,50,1,25950,1,40,1,244669,1,141080,1,105693,1,211185,1,4619,1,33184,1,6643,4,40,4,65145,4,1493,4,1924,8,0,0,1895,132,20,1,76797,1,862,1,2214,1,17053,2,4970,1,110311,1,16492,1,3246,1,5210,1,22854,1,185686,1,30729,1,0,1,0,1,9545,1,4467,1,16559,1,9545,1,48,1,1240,1,1,1,0,1,4504,1,5041,1,0,1
617,769300,4467,9545,28.988903,0,0,11,0,0,32158,861,1561,737142,16,192,40,1,27222,1,80,1,240150,1,149356,1,105532,1,210032,1,4729,1,33725,1,5751,4,30,4,65105,4,952,4,1924,8,0,0,1314,132,10,1,76146,1,872,1,2214,1,17704,2,4739,1,117645,1,17203,1,3286,1,5080,1,22303,1,184994,1,27593,1,0,1,0,1,9545,1,4467,1,16559,1,9545,1,48,1,1240,1,1,1,0,1,4504,1,5041,1,0,1
618,955000,4467,9545,28.988903,0,0,11,0,0,31140,1012,1670,923860,16,192,170,1,31560,1,70,1,317719,1,159796,1,151150,1,258165,1,5230,1,48914,1,11181,4,70,4,72980,4,1703,4,1924,8,0,0,1957,132,40,1,90984,1,992,1,3086,1,18315,2,6963,1,121142,1,20429,1,4208,1,6783,1,26641,1,246342,1,37612,1,0,1,0,1,9545,1,4467,1,16559,1,9545,1,48,1,1240,1,1,1,0,1,4504,1,5041,1,0,1
619,809600,4467,9545,28.988903,0,0,11,0,0,29565,902,1560,780035,16,192,60,1,26751,1,40,1,239098,1,144898,1,105903,1,257884,1,5400,1,33554,1,9648,4,40,4,74453,4,1022,4,1864,8,0,0,1326,132,10,1,107516,1,1002,1,2244,1,18035,2,7595,1,114219,1,16261,1,3276,1,5020,1,21401,1,184744,1,27753,1,0,1,0,1,9545,1,4467,1,16559,1,9545,1,48,1,1240,1,1,1,0,1,4504,1,5041,1,0,1
620,956900,4467,9545,28.988903,0,0,11,0,0,33901,732,1588,922999,16,192,40,1,28655,1,70,1,260459,1,222376,1,139277,1,267332,1,4789,1,51098,1,11272,4,40,4,77188,4,1052,4,1914,8,0,0,1378,132,20,1,96144,1,872,1,2916,1,19377,2,4709,1,175606,1,28715,1,3817,1,6082,1,23735,1,195555,1,34887,1,0,1,0,1,9545,1,4467,1,16559,1,9545,1,48,1,1240,1,1,1,0,1,4504,1,5041,1,0,1
621,774400,4467,9545,28.988903,0,0,11,0,0,30865,862,1541,743535,16,192,40,1,25619,1,90,1,241403,1,150308,1,106414,1,215062,1,4599,1,35558,1,6432,4,40,4,65155,4,1002,4,2284,8,0,0,1745,132,10,1,76477,1,862,1,2395,1,19247,2,4739,1,118637,1,17323,1,3246,1,5070,1,21621,1,186297,1,28184,1,0,1,0,1,9545,1,4467,1,16559,1,9545,1,48,1,1240,1,1,1,0,1,4504,1,5041,1,0,1
622,769900,4467,9545,28.988903,0,0,11,0,0,32768,862,1678,737132,16,192,40,1,25769,1,80,1,239419,1,151831,1,105713,1,209572,1,4709,1,35187,1,5831,4,40,4,64995,4,1062,4,1864,8,0,0,1247,132,20,1,73361,1,862,1,2385,1,18395,2,4709,1,120461,1,16993,1,3266,1,5290,1,21281,1,184714,1,27924,1,0,1,0,1,9545,1,4467,1,16559,1,9545,1,48,1,1240,1,1,1,0,1,4504,1,5041,1,0,1
623,761900,4467,9545,28.988903,0,0,11,0,0,29296,692,1502,732604,16,192,10,1,25779,1,40,1,239940,1,146150,1,105432,1,210523,1,4729,1,33735,1,5811,4,40,4,65165,4,1022,4,1854,8,0,0,1373,132,20,1,76006,1,862,1,2264,1,18305,2,4749,1,115231,1,16562,1,3266,1,5100,1,22042,1,184754,1,27823,1,0,1,0,1,9545,1,4467,1,16559,1,9545,1,48,1,1240,1,1,1,0,1,4504,1,5041,1,0,1
624,762300,4467,9545,28.988903,0,0,11,0,0,29726,792,1621,732574,16,192,30,1,25549,1,100,1,239870,1,148384,1,106113,1,207828,1,4699,1,33905,1,5711,4,30,4,65094,4,1062,4,1914,8,0,0,1355,132,20,1,73180,1,872,1,2214,1,18325,2,4709,1,117455,1,16472,1,3246,1,5040,1,21451,1,185245,1,27974,1,0,1,0,1,9545,1,4467,1,16559,1,9545,1,48,1,1240,1,1,1,0,1,4504,1,5041,1,0,1
625,754600,4467,9545,28.988903,0,0,11,0,0,27827,871,1541,726773,16,192,40,1,25669,1,70,1,240000,1,140730,1,105372,1,210293,1,4599,1,33845,1,5691,4,40,4,65145,4,1142,4,1823,8,0,0,1425,132,20,1,76216,1,922,1,2204,1,17714,2,4659,1,110331,1,16131,1,3256,1,5100,1,21521,1,185205,1,27954,1,0,1,0,1,9545,1,4467,1,16559,1,9545,1,48,1,1240,1,1,1,0,1,4504,1,5041,1,0,1
626,753400,4467,9545,28.988903,0,0,11,0,0,30134,842,1638,723266,16,192,40,1,25759,1,50,1,239769,1,140830,1,105783,1,206426,1,4609,1,33113,1,5761,4,40,4,65055,4,962,4,1854,8,0,0,1177,132,20,1,72870,1,922,1,2214,1,17964,2,4809,1,110231,1,16151,1,3246,1,5100,1,21651,1,185175,1,27683,1,0,1,0,1,9545,1,4467,1,16559,1,9545,1,48,1,1240,1,1,1,0,1,4504,1,5041,1,0,1
627,759100,4467,9545,28.988903,0,0,11,0,0,29542,872,1512,729558,16,192,50,1,25759,1,70,1,238677,1,144918,1,105522,1,209872,1,4689,1,33304,1,5701,4,50,4,65225,4,962,4,1834,8,0,0,1284,132,20,1,76256,1,872,1,2224,1,17844,2,4709,1,113778,1,16792,1,3246,1,5060,1,21371,1,184203,1,27883,1,0,1,0,1,9545,1,4467,1,16559,1,9545,1,48,1,1240,1,1,1,0,1,4504,1,5041,1,0,1
628,804000,4467,9545,28.988903,0,0,11,0,0,29696,741,1571,774304,16,192,50,1,25669,1,80,1,241032,1,181558,1,107887,1,213239,1,4789,1,37001,1,6362,4,40,4,65405,4,1173,4,1974,8,0,0,1575,132,20,1,73872,1,882,1,2304,1,18716,2,4749,1,148485,1,17303,1,3256,1,5110,1,21541,1,186207,1,27994,1,0,1,0,1,9545,1,4467,1,16559,1,9545,1,48,1,1240,1,1,1,0,1,4504,1,5041,1,0,1
629,764800,4467,9545,28.988903,0,0,11,0,0,31966,852,1650,732834,16,192,40,1,26190,1,60,1,240501,1,142082,1,105943,1,213309,1,4709,1,34466,1,6232,4,40,4,65575,4,1182,4,1894,8,0,0,1425,132,10,1,76757,1,882,1,2254,1,18315,2,4849,1,109520,1,18115,1,3266,1,5100,1,21662,1,185726,1,27793,1,0,1,0,1,9545,1,4467,1,16559,1,9545,1,48,1,1240,1,1,1,0,1,4504,1,5041,1,0,1
630,758700,4467,9545,28.988903,0,0,11,0,0,27820,791,1462,730880,16,192,30,1,25809,1,40,1,240631,1,146290,1,106123,1,207167,1,4789,1,33755,1,5821,4,50,4,65065,4,992,4,1844,8,0,0,1374,132,20,1,72990,1,882,1,2234,1,17984,2,4739,1,114790,1,17093,1,3246,1,5090,1,21842,1,185666,1,27833,1,0,1,0,1,9545,1,4467,1,16559,1,9545,1,48,1,1240,1,1,1,0,1,4504,1,5041,1,0,1
631,1100800,4467,9545,28.988903,0,0,11,0,0,39286,1102,2064,1061514,16,192,180,1,39906,1,80,1,390608,1,160668,1,158083,1,306046,1,5941,1,53783,1,11482,4,80,4,87257,4,1423,4,2334,8,0,0,1693,132,30,1,115311,1,1082,1,3186,1,21020,2,7955,1,117986,1,24437,1,4158,1,9268,1,32963,1,300616,1,47321,1,0,1,0,1,9545,1,4467,1,16559,1,9545,1,48,1,1240,1,1,1,0,1,4504,1,5041,1,0,1
632,857800,4467,9545,28.988903,0,0,11,0,0,31887,952,1924,825913,16,192,30,1,27002,1,40,1,240300,1,153735,1,133486,1,265509,1,5811,1,45036,1,9829,4,50,4,81196,4,1202,4,2284,8,0,0,1563,132,20,1,93319,1,1062,1,2765,1,20830,2,6963,1,116383,1,19728,1,4038,1,5110,1,21531,1,185786,1,27663,1,0,1,0,1,9545,1,4467,1,16559,1,9545,1,48,1,1240,1,1,1,0,1,4504,1,5041,1,0,1
633,841300,4467,9545,28.988903,0,0,11,0,0,30186,1002,1570,811114,16,192,50,1,31130,1,50,1,296678,1,156169,1,108668,1,213740,1,4629,1,34135,1,7304,4,40,4,65084,4,962,4,1854,8,0,0,1245,132,20,1,77388,1,862,1,2214,1,17644,2,5230,1,118858,1,19828,1,4058,1,6232,1,27583,1,227917,1,34717,1,0,1,0,1,9545,1,4467,1,16559,1,9545,1,48,1,1240,1,1,1,0,1,4504,1,5041,1,0,1
634,796400,4467,9545,28.988903,0,0,11,0,0,31875,902,1608,764525,16,192,60,1,25459,1,40,1,240000,1,139197,1,105292,1,249839,1,4639,1,33805,1,6993,4,40,4,106765,4,1573,4,1844,8,0,0,1809,132,10,1,72880,1,882,1,2184,1,17283,2,4679,1,108788,1,16241,1,3256,1,5110,1,22042,1,184964,1,27703,1,0,1,0,1,9545,1,4467,1,16559,1,9545,1,48,1,1240,1,1,1,0,1,4504,1,5041,1,0,1
635,781400,4467,9545,28.988903,0,0,11,0,0,31944,792,1716,749456,16,192,50,1,26741,1,40,1,240781,1,161159,1,106334,1,209672,1,4679,1,32983,1,5751,4,50,4,65295,4,971,4,1914,8,0,0,1169,132,20,1,76667,1,872,1,2184,1,17473,2,4699,1,129538,1,17273,1,3236,1,5100,1,21361,1,186177,1,27934,1,0,1,0,1,9545,1,4467,1,16559,1,9545,1,48,1,1240,1,1,1,0,1,4504,1,5041,1,0,1
636,817600,4467,9545,28.988903,0,0,11,0,0,31764,832,1540,785836,16,192,50,1,25659,1,90,1,240030,1,190355,1,110762,1,214190,1,4699,1,38173,1,6723,4,50,4,65506,4,1012,4,1813,8,0,0,1285,132,20,1,73551,1,972,1,2324,1,18395,2,4819,1,152562,1,23114,1,3276,1,5040,1,22233,1,185175,1,27392,1,0,1,0,1,9545,1,4467,1,16559,1,9545,1,48,1,1240,1,1,1,0,1,4504,1,5041,1,0,1
637,772100,4467,9545,28.988903,0,0,11,0,0,33274,761,1502,738826,16,192,70,1,25379,1,50,1,241533,1,146641,1,105873,1,214571,1,4709,1,35508,1,6422,4,40,4,65065,4,952,4,1834,8,0,0,1284,132,10,1,77098,1,872,1,2304,1,18846,2,4859,1,115221,1,17083,1,3256,1,5070,1,22022,1,185956,1,28314,1,0,1,0,1,9545,1,4467,1,16559,1,9545,1,48,1,1240,1,1,1,0,1,4504,1,5041,1,0,1
638,758700,4467,9545,28.988903,0,0,11,0,0,29843,862,1588,728857,16,192,30,1,26230,1,40,1,240661,1,142723,1,105312,1,209221,1,4639,1,34596,1,6232,4,40,4,65235,4,922,4,1854,8,0,0,1187,132,10,1,72910,1,872,1,2284,1,18595,2,4809,1,112435,1,16081,1,3246,1,5040,1,22172,1,185505,1,27703,1,0,1,0,1,9545,1,4467,1,16559,1,9545,1,48,1,1240,1,1,1,0,1,4504,1,5041,1,0,1
639,762400,4467,9545,28.988903,0,0,11,0,0,29866,831,1591,732534,16,192,50,1,25649,1,30,1,239599,1,145990,1,105222,1,211285,1,4709,1,33665,1,5681,4,40,4,65235,4,982,4,1874,8,0,0,1265,132,10,1,76827,1,862,1,2224,1,18345,2,4709,1,115461,1,16221,1,3256,1,5060,1,21511,1,184924,1,27924,1,0,1,0,1,9545,1,4467,1,16559,1,9545,1,48,1,1240,1,1,1,0,1,4504,1,5041,1,0,1
640,752000,4467,9545,28.988903,0,0,11,0,0,27442,1002,1629,724558,16,192,20,1,25609,1,90,1,239579,1,141511,1,105572,1,207588,1,4589,1,33665,1,5771,4,40,4,65175,4,1002,4,1844,8,0,0,1217,132,20,1,73371,1,872,1,2214,1,17834,2,4779,1,110402,1,16832,1,3256,1,5050,1,21511,1,185075,1,27773,1,0,1,0,1,9545,1,4467,1,16559,1,9545,1,48,1,1240,1,1,1,0,1,4504,1,5041,1,0,1
641,759700,4467,9545,28.988903,0,0,11,0,0,30322,832,1600,729378,16,192,50,1,25850,1,50,1,238307,1,144216,1,105853,1,210333,1,4719,1,33013,1,5771,4,40,4,65305,4,982,4,1864,8,0,0,1245,132,20,1,76697,1,882,1,2224,1,17904,2,4799,1,113177,1,16512,1,3296,1,5100,1,21201,1,183722,1,28074,1,0,1,0,1,9545,1,4467,1,16559,1,9545,1,48,1,1240,1,1,1,0,1,4504,1,5041,1,0,1
642,756300,4467,9545,28.988903,0,0,11,0,0,30369,881,1599,725931,16,192,30,1,25519,1,30,1,238727,1,144577,1,105943,1,206375,1,4729,1,33063,1,5721,4,21,4,65215,4,942,4,1844,8,0,0,1187,132,20,1,73130,1,882,1,2204,1,17794,2,4659,1,113758,1,16482,1,3256,1,5090,1,21571,1,183922,1,27934,1,0,1,0,1,9545,1,4467,1,16559,1,9545,1,48,1,1240,1,1,1,0,1,4504,1,5041,1,0,1
643,753800,4467,9545,28.988903,0,0,11,0,0,27568,822,1618,726232,16,192,40,1,25719,1,40,1,239128,1,139367,1,106584,1,210704,1,4649,1,33254,1,5831,4,40,4,65516,4,932,4,1854,8,0,0,1167,132,20,1,76657,1,872,1,2234,1,17944,2,4729,1,108778,1,16291,1,3266,1,5060,1,21080,1,184844,1,27913,1,0,1,0,1,9545,1,4467,1,16559,1,9545,1,48,1,1240,1,1,1,0,1,4504,1,5041,1,0,1
644,1025100,4467,9545,28.988903,0,0,11,0,0,42517,1182,2084,982583,16,192,210,1,32102,1,50,1,312579,1,173222,1,156209,1,302039,1,6172,1,56168,1,11863,4,70,4,87478,4,1563,4,2385,8,0,0,1864,132,30,1,106554,1,1132,1,3306,1,22162,2,8146,1,133105,1,21241,1,4138,1,7144,1,25479,1,242004,1,37602,1,0,1,0,1,9545,1,4467,1,16559,1,9545,1,48,1,1240,1,1,1,0,1,4504,1,5041,1,0,1
645,874600,4467,9545,28.988903,0,0,11,0,0,32176,902,1573,842424,16,192,230,1,27372,1,60,1,253486,1,141702,1,135620,1,278604,1,5350,1,49525,1,10751,4,40,4,76987,4,1032,4,1884,8,0,0,1343,132,10,1,107556,1,1012,1,2715,1,18766,2,7424,1,105041,1,19798,1,3847,1,5180,1,22323,1,189814,1,35959,1,0,1,0,1,9545,1,4467,1,16559,1,9545,1,48,1,1240,1,1,1,0,1,4504,1,5041,1,0,1
646,780400,4467,9545,28.988903,0,0,11,0,0,30433,1022,1531,749967,16,192,40,1,28434,1,30,1,260790,1,140710,1,105933,1,209411,1,4619,1,34065,1,6192,4,40,4,65135,4,1533,4,1954,8,0,0,1955,132,20,1,73371,1,872,1,2204,1,18365,2,4639,1,109861,1,16452,1,3276,1,6062,1,23976,1,195785,1,34777,1,0,1,0,1,9545,1,4467,1,16559,1,9545,1,48,1,1240,1,1,1,0,1,4504,1,5041,1,0,1
647,774600,4467,9545,28.988903,0,0,11,0,0,29813,851,1612,744787,16,192,30,1,25599,1,90,1,255279,1,142543,1,105392,1,211255,1,4599,1,34206,1,5751,4,30,4,65205,4,1092,4,1894,8,0,0,1374,132,20,1,76086,1,882,1,2224,1,18315,2,4699,1,111413,1,16792,1,3296,1,5060,1,21441,1,200775,1,27753,1,0,1,0,1,9545,1,4467,1,16559,1,9545,1,48,1,1240,1,1,1,0,1,4504,1,5041,1,0,1
648,751900,4467,9545,28.988903,0,0,11,0,0,30187,852,1570,721713,16,192,60,1,25809,1,50,1,238617,1,139056,1,105993,1,207518,1,4609,1,33725,1,5711,4,40,4,65115,4,942,4,1823,8,0,0,1196,132,20,1,73872,1,882,1,2194,1,17634,2,4709,1,107917,1,16732,1,3296,1,5060,1,21461,1,184083,1,27843,1,0,1,0,1,9545,1,4467,1,16559,1,9545,1,48,1,1240,1,1,1,0,1,4504,1,5041,1,0,1
649,757600,4467,9545,28.988903,0,0,11,0,0,29826,832,1541,727774,16,192,30,1,25579,1,80,1,240601,1,142092,1,105763,1,209041,1,4589,1,32873,1,5661,4,40,4,65075,4,982,4,1844,8,0,0,1284,132,20,1,76176,1,862,1,2214,1,17774,2,4689,1,111504,1,16241,1,3266,1,5100,1,22533,1,184894,1,27924,1,0,1,0,1,9545,1,4467,1,16559,1,9545,1,48,1,1240,1,1,1,0,1,4504,1,5041,1,0,1
650,758600,4467,9545,28.988903,0,0,11,0,0,29904,872,1618,728696,16,192,50,1,25519,1,40,1,238487,1,147563,1,105893,1,206416,1,4729,1,33013,1,5771,4,40,4,65125,4,952,4,1834,8,0,0,1167,132,20,1,73140,1,882,1,2204,1,17664,2,4899,1,116543,1,16622,1,3266,1,5120,1,21401,1,183952,1,27833,1,0,1,0,1,9545,1,4467,1,16559,1,9545,1,48,1,1240,1,1,1,0,1,4504,1,5041,1,0,1
651,766000,4467,9545,28.988903,0,0,11,0,0,30190,871,1570,735810,16,192,30,1,25639,1,30,1,239198,1,150669,1,105652,1,209862,1,4729,1,32623,1,5711,4,30,4,65155,4,972,4,2225,8,0,0,1626,132,20,1,76637,1,882,1,2214,1,17804,2,4719,1,119900,1,16452,1,3256,1,5100,1,21972,1,183983,1,28004,1,0,1,0,1,9545,1,4467,1,16559,1,9545,1,48,1,1240,1,1,1,0,1,4504,1,5041,1,0,1
652,752000,4467,9545,28.988903,0,0,11,0,0,29816,781,1718,722184,16,192,60,1,25529,1,30,1,239369,1,140289,1,105522,1,206726,1,4659,1,32933,1,5721,4,40,4,65365,4,992,4,1924,8,0,0,1197,132,10,1,73701,1,882,1,2254,1,17443,2,4679,1,109971,1,16001,1,3246,1,5060,1,21361,1,184864,1,27893,1,0,1,0,1,9545,1,4467,1,16559,1,9545,1,48,1,1240,1,1,1,0,1,4504,1,5041,1,0,1
653,830400,4467,9545,28.988903,0,0,11,0,0,38372,902,1599,792028,16,192,30,1,25379,1,80,1,241934,1,189122,1,110442,1,220312,1,4729,1,38664,1,7084,4,40,4,65716,4,1102,4,1864,8,0,0,1366,132,20,1,78350,1,892,1,2304,1,18485,2,4889,1,145779,1,28575,1,3256,1,5170,1,22233,1,186107,1,28234,1,0,1,0,1,9545,1,4467,1,16559,1,9545,1,48,1,1240,1,1,1,0,1,4504,1,5041,1,0,1
654,758800,4467,9545,28.988903,0,0,11,0,0,30815,862,1510,727985,16,192,40,1,26090,1,90,1,241152,1,137784,1,106394,1,211806,1,4629,1,35718,1,6332,4,40,4,65585,4,942,4,1884,8,0,0,1315,132,20,1,73781,1,872,1,2294,1,18475,2,5000,1,104801,1,18576,1,3266,1,5310,1,21942,1,186137,1,27613,1,0,1,0,1,9545,1,4467,1,16559,1,9545,1,48,1,1240,1,1,1,0,1,4504,1,5041,1,0,1
655,762400,4467,9545,28.988903,0,0,11,0,0,29766,822,1667,732634,16,192,30,1,25850,1,40,1,240581,1,141461,1,106454,1,213499,1,4719,1,34797,1,5981,4,40,4,65165,4,1463,4,1924,8,0,0,1719,132,20,1,77098,1,872,1,2204,1,18195,2,4919,1,110542,1,16602,1,3276,1,5040,1,21712,1,185646,1,28024,1,0,1,0,1,9545,1,4467,1,16559,1,9545,1,48,1,1240,1,1,1,0,1,4504,1,5041,1,0,1
656,758700,4467,9545,28.988903,0,0,11,0,0,29894,811,1581,728806,16,192,40,1,25599,1,50,1,240421,1,142723,1,106424,1,208800,1,4749,1,33795,1,5811,4,30,4,65375,4,1042,4,1864,8,0,0,1325,132,20,1,73641,1,882,1,2234,1,18515,2,4779,1,110742,1,17534,1,3276,1,5060,1,21742,1,185475,1,27974,1,0,1,0,1,9545,1,4467,1,16559,1,9545,1,48,1,1240,1,1,1,0,1,4504,1,5041,1,0,1
657,1033900,4467,9545,28.988903,0,0,11,0,0,35396,1162,1974,998504,16,192,250,1,31941,1,60,1,331595,1,163624,1,156540,1,308261,1,6232,1,53773,1,11492,4,80,4,87518,4,1323,4,2355,8,0,0,1703,132,40,1,116664,1,1132,1,3296,1,21151,2,8276,1,123958,1,21020,1,4178,1,7033,1,24928,1,250250,1,48954,1,0,1,0,1,9545,1,4467,1,16559,1,9545,1,48,1,1240,1,1,1,0,1,4504,1,5041,1,0,1
658,794300,4467,9545,28.988903,0,0,11,0,0,32721,741,1658,761579,16,192,30,1,26751,1,10,1,243947,1,147022,1,111514,1,227606,1,4699,1,40798,1,8496,4,40,4,67089,4,962,4,1874,8,0,0,1178,132,20,1,80053,1,872,1,2535,1,18185,2,5941,1,114960,1,17604,1,3296,1,5130,1,21481,1,187910,1,29186,1,0,1,0,1,9545,1,4467,1,16559,1,9545,1,48,1,1240,1,1,1,0,1,4504,1,5041,1,0,1
659,766300,4467,9545,28.988903,0,0,11,0,0,30240,841,1562,736060,16,192,30,1,25679,1,50,1,243687,1,140279,1,108167,1,213539,1,4629,1,35468,1,6232,4,30,4,65175,4,982,4,1864,8,0,0,1283,132,20,1,76817,1,882,1,2234,1,18235,2,4759,1,108768,1,17143,1,3246,1,5060,1,22984,1,186417,1,29076,1,0,1,0,1,9545,1,4467,1,16559,1,9545,1,48,1,1240,1,1,1,0,1,4504,1,5041,1,0,1
660,747600,4467,9545,28.988903,0,0,11,0,0,28242,851,1502,719358,16,192,30,1,25499,1,50,1,240030,1,135570,1,106103,1,207437,1,4639,1,33504,1,6252,4,21,4,65215,4,1002,4,1844,8,0,0,1344,132,10,1,74252,1,882,1,2214,1,16501,2,4889,1,104360,1,16952,1,3256,1,5070,1,22162,1,184904,1,27723,1,0,1,0,1,9545,1,4467,1,16559,1,9545,1,48,1,1240,1,1,1,0,1,4504,1,5041,1,0,1
661,915000,4467,9545,28.988903,0,0,11,0,0,43650,2004,1642,871350,16,180,40,1,27282,1,40,1,243527,1,228618,1,131251,1,235932,1,4659,1,49735,1,6763,4,30,4,65305,4,1182,4,1814,8,0,0,1354,132,20,1,78901,1,882,1,3978,1,19958,2,5360,1,166108,1,44956,1,3246,1,5130,1,23255,1,184764,1,30007,1,0,1,0,1,9545,1,4467,1,16559,1,9545,1,48,1,1240,1,1,1,0,1,4504,1,5041,1,0,1
662,779200,4467,9545,28.988903,0,0,11,0,0,31467,852,1549,747733,16,192,10,1,25900,1,100,1,240271,1,153745,1,108247,1,214772,1,4689,1,37432,1,7134,4,40,4,65124,4,962,4,1834,8,0,0,1246,132,20,1,74543,1,872,1,2355,1,18616,2,4990,1,119599,1,19778,1,3256,1,5070,1,22653,1,184684,1,27673,1,0,1,0,1,9545,1,4467,1,16559,1,9545,1,48,1,1240,1,1,1,0,1,4504,1,5041,1,0,1
663,763200,4467,9545,28.988903,0,0,11,0,0,27380,872,1588,735820,16,192,40,1,25850,1,60,1,240320,1,145248,1,106103,1,213579,1,4619,1,35107,1,6683,4,40,4,65195,4,942,4,1813,8,0,0,1168,132,10,1,76507,1,882,1,2294,1,18295,2,4939,1,114409,1,16612,1,3246,1,5030,1,21912,1,185445,1,27753,1,0,1,0,1,9545,1,4467,1,16559,1,9545,1,48,1,1240,1,1,1,0,1,4504,1,5041,1,0,1
664,767800,4467,9545,28.988903,0,0,11,0,0,30066,731,1618,737734,16,192,40,1,25789,1,40,1,239809,1,151981,1,106173,1,209231,1,4669,1,34777,1,6162,4,30,4,65065,4,1062,4,2014,8,0,0,1458,132,20,1,73260,1,882,1,2204,1,18105,2,4919,1,121473,1,16271,1,3276,1,5060,1,21892,1,184904,1,27773,1,0,1,0,1,9545,1,4467,1,16559,1,9545,1,48,1,1240,1,1,1,0,1,4504,1,5041,1,0,1
665,768900,4467,9545,28.988903,0,0,11,0,0,27570,821,1629,741330,16,192,50,1,26090,1,110,1,238848,1,150579,1,106795,1,214200,1,4659,1,35107,1,5861,4,30,4,65435,4,1413,4,1864,8,0,0,1647,132,20,1,77569,1,882,1,2204,1,18315,2,4679,1,119870,1,16251,1,3276,1,5060,1,21050,1,184874,1,27723,1,0,1,0,1,9545,1,4467,1,16559,1,9545,1,48,1,1240,1,1,1,0,1,4504,1,5041,1,0,1
666,782900,4467,9545,28.988903,0,0,11,0,0,31260,802,1629,751640,16,192,40,1,25840,1,70,1,240180,1,165958,1,107286,1,207528,1,4739,1,34145,1,5791,4,40,4,65516,4,962,4,1854,8,0,0,1186,132,20,1,73310,1,872,1,2214,1,17273,2,4729,1,134768,1,16542,1,3266,1,5080,1,21611,1,185546,1,27753,1,0,1,0,1,9545,1,4467,1,16559,1,9545,1,48,1,1240,1,1,1,0,1,4504,1,5041,1,0,1
667,767700,4467,9545,28.988903,0,0,11,0,0,30918,860,1580,736782,16,192,50,1,25689,1,60,1,240761,1,147753,1,105823,1,211906,1,4739,1,34676,1,5771,4,11,4,65345,4,1173,4,1834,8,0,0,1426,132,20,1,76567,1,882,1,2234,1,17774,2,4759,1,116864,1,16421,1,3266,1,5060,1,21451,1,186217,1,27823,1,0,1,0,1,9545,1,4467,1,16559,1,9545,1,48,1,1240,1,1,1,0,1,4504,1,5041,1,0,1
668,750700,4467,9545,28.988903,0,0,11,0,0,29829,781,1559,720871,16,192,40,1,25739,1,80,1,240351,1,135399,1,105903,1,208710,1,4649,1,33835,1,5851,4,50,4,65666,4,972,4,1854,8,0,0,1266,132,20,1,74162,1,882,1,2234,1,17614,2,4789,1,103899,1,17273,1,3276,1,5110,1,21651,1,185556,1,27803,1,0,1,0,1,9545,1,4467,1,16559,1,9545,1,48,1,1240,1,1,1,0,1,4504,1,5041,1,0,1
669,865700,4467,9545,28.988903,0,0,11,0,0,34928,832,1620,830772,16,192,20,1,26090,1,80,1,242124,1,214541,1,120050,1,223097,1,4769,1,39275,1,6442,4,50,4,65876,4,1312,4,1844,8,0,0,1536,132,20,1,78060,1,872,1,2936,1,20419,2,5160,1,169154,1,28966,1,3256,1,5130,1,21090,1,187519,1,28134,1,0,1,0,1,9545,1,4467,1,16559,1,9545,1,48,1,1240,1,1,1,0,1,4504,1,5041,1,0,1
670,1068400,4467,9545,28.988903,0,0,11,0,0,31844,1122,1873,1036556,16,192,260,1,32402,1,60,1,346223,1,160978,1,166750,1,323330,1,6553,1,59404,1,13225,4,60,4,88730,4,1303,4,2174,8,0,0,1604,132,30,1,121523,1,1313,1,3417,1,21882,2,9148,1,118868,1,22142,1,4619,1,6873,1,26531,1,271701,1,40698,1,0,1,0,1,9545,1,4467,1,16559,1,9545,1,48,1,1240,1,1,1,0,1,4504,1,5041,1,0,1
671,850200,4467,9545,28.988903,0,0,11,0,0,29998,792,1602,820202,16,192,120,1,27433,1,50,1,249658,1,148134,1,126953,1,262824,1,5030,1,46479,1,9869,4,40,4,72679,4,1082,4,1934,8,0,0,1414,132,10,1,100953,1,882,1,2515,1,18726,2,6863,1,114570,1,17874,1,3527,1,5621,1,22673,1,188291,1,32903,1,0,1,0,1,9545,1,4467,1,16559,1,9545,1,48,1,1240,1,1,1,0,1,4504,1,5041,1,0,1
672,770900,4467,9545,28.988903,0,0,11,0,0,29870,922,1530,741030,16,192,40,1,26631,1,40,1,243657,1,145379,1,107025,1,213649,1,4609,1,36610,1,7584,4,30,4,65325,4,952,4,1844,8,0,0,1265,132,20,1,73922,1,932,1,2204,1,17934,2,5370,1,114760,1,16341,1,3246,1,5601,1,22573,1,187489,1,27813,1,0,1,0,1,9545,1,4467,1,16559,1,9545,1,48,1,1240,1,1,1,0,1,4504,1,5041,1,0,1
673,769800,4467,9545,28.988903,0,0,11,0,0,30183,781,1541,739617,16,192,50,1,25609,1,50,1,240411,1,153003,1,105693,1,210083,1,4719,1,33334,1,5771,4,40,4,65055,4,942,4,1854,8,0,0,1255,132,20,1,76577,1,882,1,2204,1,17894,2,4729,1,122294,1,16361,1,3296,1,5070,1,21862,1,185315,1,28024,1,0,1,0,1,9545,1,4467,1,16559,1,9545,1,48,1,1240,1,1,1,0,1,4504,1,5041,1,0,1
674,752100,4467,9545,28.988903,0,0,11,0,0,27291,852,1646,724809,16,192,40,1,25359,1,40,1,239198,1,141451,1,106143,1,207948,1,4629,1,34055,1,5791,4,40,4,65115,4,1022,4,1823,8,0,0,1199,132,20,1,73591,1,872,1,2214,1,17834,2,4719,1,110402,1,16732,1,3286,1,5060,1,21521,1,184524,1,27883,1,0,1,0,1,9545,1,4467,1,16559,1,9545,1,48,1,1240,1,1,1,0,1,4504,1,5041,1,0,1
675,756200,4467,9545,28.988903,0,0,11,0,0,29798,842,1590,726402,16,192,40,1,25579,1,30,1,239248,1,141631,1,105172,1,210012,1,4689,1,33554,1,5651,4,40,4,65145,4,1002,4,1894,8,0,0,1306,132,10,1,76166,1,862,1,2234,1,17914,2,4699,1,111093,1,16291,1,3246,1,5050,1,21441,1,184624,1,27913,1,0,1,0,1,9545,1,4467,1,16559,1,9545,1,48,1,1240,1,1,1,0,1,4504,1,5041,1,0,1
676,749300,4467,9545,28.988903,0,0,11,0,0,28860,841,1492,720440,16,192,50,1,25659,1,30,1,239198,1,138816,1,105552,1,206446,1,4689,1,33464,1,5981,4,40,4,65285,4,962,4,1834,8,0,0,1304,132,20,1,73150,1,882,1,2224,1,16983,2,4779,1,108348,1,16161,1,3336,1,5100,1,21702,1,184423,1,27793,1,0,1,0,1,9545,1,4467,1,16559,1,9545,1,48,1,1240,1,1,1,0,1,4504,1,5041,1,0,1
677,1228400,4467,9545,28.988903,0,0,11,0,0,39201,1122,1812,1189199,16,192,170,1,34596,1,80,1,472686,1,194984,1,166709,1,315184,1,4789,1,61959,1,13295,4,60,4,88490,4,1292,4,2124,8,0,0,1605,132,30,1,113898,1,1543,1,4078,1,21822,2,5470,1,148384,1,25910,1,4779,1,7494,1,26631,1,396580,1,41500,1,0,1,0,1,9545,1,4467,1,16559,1,9545,1,48,1,1240,1,1,1,0,1,4504,1,5041,1,0,1
678,864500,4467,9545,28.988903,0,0,11,0,0,33147,961,1670,831353,16,192,110,1,25639,1,100,1,267513,1,185576,1,107025,1,240651,1,4739,1,37702,1,7294,4,40,4,64985,4,1052,4,1924,8,0,0,1306,132,10,1,98659,1,882,1,2284,1,19517,2,5340,1,153574,1,16852,1,3256,1,5190,1,22463,1,211636,1,28034,1,0,1,0,1,9545,1,4467,1,16559,1,9545,1,48,1,1240,1,1,1,0,1,4504,1,5041,1,0,1
679,1051800,4467,9545,28.988903,0,0,11,0,0,39671,962,1632,1012129,16,192,200,1,36300,1,60,1,369037,1,161910,1,179504,1,260419,1,4699,1,55316,1,10210,4,60,4,73841,4,1132,4,2024,8,0,0,1524,132,40,1,87678,1,892,1,3797,1,18365,2,6102,1,116774,1,24337,1,4799,1,7905,1,31230,1,285477,1,43994,1,0,1,0,1,9545,1,4467,1,16559,1,9545,1,48,1,1240,1,1,1,0,1,4504,1,5041,1,0,1
680,919300,4467,9545,28.988903,0,0,11,0,0,30216,942,1589,889084,16,192,150,1,31250,1,50,1,294013,1,152773,1,149797,1,256321,1,4729,1,54434,1,11041,4,30,4,77338,4,992,4,1874,8,0,0,1277,132,10,1,80414,1,932,1,2986,1,19327,2,6001,1,113598,1,20690,1,4158,1,6693,1,25168,1,223869,1,38033,1,0,1,0,1,9545,1,4467,1,16559,1,9545,1,48,1,1240,1,1,1,0,1,4504,1,5041,1,0,1
681,805200,4467,9545,28.988903,0,0,11,0,0,30365,993,1667,774835,16,192,50,1,25960,1,40,1,250370,1,145930,1,112666,1,235090,1,4729,1,40838,1,8506,4,40,4,67208,4,972,4,1834,8,0,0,1138,132,10,1,87778,1,872,1,2324,1,17734,2,5981,1,114489,1,16872,1,3266,1,5050,1,22593,1,192890,1,29667,1,0,1,0,1,9545,1,4467,1,16559,1,9545,1,48,1,1240,1,1,1,0,1,4504,1,5041,1,0,1
682,759600,4467,9545,28.988903,0,0,11,0,0,29952,791,1551,729648,16,192,30,1,25669,1,30,1,242745,1,142794,1,105522,1,208239,1,4619,1,34206,1,5751,4,30,4,65114,4,1022,4,2014,8,0,0,1485,132,10,1,73491,1,862,1,2264,1,17974,2,4709,1,111924,1,16492,1,3266,1,5090,1,21812,1,188010,1,27653,1,0,1,0,1,9545,1,4467,1,16559,1,9545,1,48,1,1240,1,1,1,0,1,4504,1,5041,1,0,1
683,1112400,4467,9545,28.988903,0,0,11,0,0,36458,1443,1921,1075942,16,192,170,1,31500,1,50,1,346354,1,157772,1,166770,1,363878,1,9448,1,59414,1,13366,4,50,4,114119,4,1262,4,2375,8,0,0,1716,132,20,1,131402,1,1613,1,3427,1,24086,2,11302,1,115311,1,22253,1,4619,1,7484,1,27102,1,269076,1,42261,1,0,1,0,1,9545,1,4467,1,16559,1,9545,1,48,1,1240,1,1,1,0,1,4504,1,5041,1,0,1
684,843400,4467,9545,28.988903,0,0,11,0,0,40897,882,1759,802503,16,192,130,1,27022,1,80,1,273544,1,168408,1,109299,1,219240,1,4779,1,38834,1,7725,4,40,4,65506,4,1142,4,1954,8,0,0,1337,132,30,1,74994,1,902,1,2535,1,18936,2,5761,1,131407,1,22293,1,3296,1,5400,1,22283,1,217847,1,27533,1,0,1,0,1,9545,1,4467,1,16559,1,9545,1,48,1,1240,1,1,1,0,1,4504,1,5041,1,0,1
685,1041900,4467,9545,28.988903,0,0,11,0,0,33929,811,1712,1007971,16,192,100,1,34165,1,70,1,318590,1,156390,1,160738,1,331475,1,6442,1,59825,1,13215,4,30,4,88409,4,1092,4,2054,8,0,0,1434,132,20,1,130971,1,1222,1,3316,1,21261,2,9248,1,113918,1,22223,1,4589,1,7414,1,26711,1,242314,1,41900,1,0,1,0,1,9545,1,4467,1,16559,1,9545,1,48,1,1240,1,1,1,0,1,4504,1,5041,1,0,1
686,768900,4467,9545,28.988903,0,0,11,0,0,30054,792,1588,738846,16,192,150,1,25539,1,30,1,248626,1,146270,1,105492,1,208109,1,4629,1,34246,1,5711,4,40,4,65185,4,972,4,1844,8,0,0,1227,132,20,1,73230,1,872,1,2224,1,18075,2,4899,1,114099,1,17674,1,3256,1,5030,1,21321,1,194172,1,27934,1,0,1,0,1,9545,1,4467,1,16559,1,9545,1,48,1,1240,1,1,1,0,1,4504,1,5041,1,0,1
687,771300,4467,9545,28.988903,0,0,11,0,0,29859,841,1619,741441,16,192,20,1,25549,1,30,1,244939,1,148875,1,105883,1,211365,1,4779,1,34256,1,5681,4,11,4,65045,4,972,4,1844,8,0,0,1196,132,20,1,76767,1,882,1,2274,1,17904,2,4869,1,117395,1,16942,1,3266,1,5110,1,22092,1,189693,1,27863,1,0,1,0,1,9545,1,4467,1,16559,1,9545,1,48,1,1240,1,1,1,0,1,4504,1,5041,1,0,1
688,756400,4467,9545,28.988903,0,0,11,0,0,30158,851,1561,726242,16,192,90,1,25579,1,30,1,243487,1,140389,1,105843,1,206195,1,4629,1,32582,1,5731,4,50,4,65185,4,1593,4,1864,8,0,0,1896,132,20,1,72870,1,872,1,2224,1,17504,2,4849,1,109380,1,16672,1,3256,1,5090,1,21902,1,188561,1,27743,1,0,1,0,1,9545,1,4467,1,16559,1,9545,1,48,1,1240,1,1,1,0,1,4504,1,5041,1,0,1
689,766200,4467,9545,28.988903,0,0,11,0,0,29989,851,1601,736211,16,192,50,1,25639,1,40,1,241944,1,148575,1,106093,1,209161,1,4709,1,32633,1,5701,4,30,4,65115,4,1112,4,1834,8,0,0,1345,132,10,1,76246,1,872,1,2224,1,17694,2,4839,1,117655,1,16492,1,3296,1,5060,1,21481,1,187189,1,28064,1,0,1,0,1,9545,1,4467,1,16559,1,9545,1,48,1,1240,1,1,1,0,1,4504,1,5041,1,0,1
690,761300,4467,9545,28.988903,0,0,11,0,0,30480,842,1590,730820,16,192,30,1,25529,1,30,1,241162,1,146831,1,105682,1,206866,1,4689,1,33053,1,5771,4,40,4,65095,4,982,4,1854,8,0,0,1245,132,20,1,73411,1,862,1,2234,1,17904,2,4799,1,115812,1,16492,1,3266,1,5060,1,21371,1,186838,1,27743,1,0,1,0,1,9545,1,4467,1,16559,1,9545,1,48,1,1240,1,1,1,0,1,4504,1,5041,1,0,1
691,892900,4467,9545,28.988903,0,0,11,0,0,38884,1373,2144,854016,16,168,60,1,25529,1,80,1,240511,1,140359,1,106113,1,334200,1,7164,1,56969,1,12334,4,60,4,90764,4,1573,4,2334,8,0,0,1763,132,20,1,132253,1,1323,1,3336,1,21812,2,10049,1,109470,1,16522,1,3266,1,5110,1,21371,1,185906,1,27913,1,0,1,0,1,9545,1,4467,1,16559,1,9545,1,48,1,1240,1,1,1,0,1,4504,1,5041,1,0,1
692,780400,4467,9545,28.988903,0,0,11,0,0,31735,812,1571,748665,16,192,60,1,27443,1,50,1,240511,1,159085,1,106314,1,210503,1,4699,1,35258,1,5731,4,40,4,65285,4,982,4,1854,8,0,0,1265,132,30,1,74272,1,922,1,2284,1,18134,2,4899,1,119379,1,25168,1,3236,1,5120,1,22263,1,185285,1,27493,1,0,1,0,1,9545,1,4467,1,16559,1,9545,1,48,1,1240,1,1,1,0,1,4504,1,5041,1,0,1
693,765200,4467,9545,28.988903,0,0,11,0,0,30222,851,1580,734978,16,192,40,1,25819,1,20,1,241092,1,143335,1,105562,1,214451,1,4659,1,35087,1,6923,4,21,4,65405,4,1072,4,1834,8,0,0,1325,132,10,1,76697,1,872,1,2224,1,18235,2,5220,1,111764,1,17233,1,3256,1,5100,1,22523,1,185475,1,27823,1,0,1,0,1,9545,1,4467,1,16559,1,9545,1,48,1,1240,1,1,1,0,1,4504,1,5041,1,0,1
694,760100,4467,9545,28.988903,0,0,11,0,0,30101,851,1482,729999,16,192,50,1,26551,1,100,1,242886,1,143014,1,105382,1,207277,1,4739,1,33534,1,5681,4,40,4,65185,4,1042,4,1814,8,0,0,1374,132,20,1,73371,1,872,1,2224,1,17844,2,4799,1,111754,1,16792,1,3266,1,5070,1,21982,1,185656,1,29997,1,0,1,0,1,9545,1,4467,1,16559,1,9545,1,48,1,1240,1,1,1,0,1,4504,1,5041,1,0,1
695,754200,4467,9545,28.988903,0,0,11,0,0,27678,832,1580,726522,16,192,60,1,25589,1,40,1,240751,1,139107,1,105452,1,210904,1,4619,1,33975,1,5671,4,30,4,65395,4,1132,4,1864,8,0,0,1416,132,20,1,76116,1,892,1,2214,1,17914,2,4849,1,108328,1,16462,1,3256,1,5060,1,22223,1,185265,1,27994,1,0,1,0,1,9545,1,4467,1,16559,1,9545,1,48,1,1240,1,1,1,0,1,4504,1,5041,1,0,1
696,1042400,4467,9545,28.988903,0,0,11,0,0,40395,1102,2104,1002005,16,192,170,1,32542,1,70,1,352926,1,155533,1,157321,1,297330,1,6112,1,53883,1,11412,4,70,4,87077,4,1483,4,2365,8,0,0,1743,132,40,1,106203,1,1092,1,3306,1,21020,2,8276,1,116137,1,20640,1,4138,1,6893,1,29957,1,277482,1,38243,1,0,1,0,1,9545,1,4467,1,16559,1,9545,1,48,1,1240,1,1,1,0,1,4504,1,5041,1,0,1
697,848800,4467,9545,28.988903,0,0,11,0,0,31003,982,1954,817797,16,192,20,1,27022,1,50,1,239599,1,145910,1,129157,1,270228,1,5811,1,44425,1,9308,4,40,4,80504,4,1232,4,2294,8,0,0,1573,132,20,1,99531,1,1082,1,2745,1,21381,2,6683,1,114590,1,16772,1,3256,1,5050,1,21672,1,184804,1,27873,1,0,1,0,1,9545,1,4467,1,16559,1,9545,1,48,1,1240,1,1,1,0,1,4504,1,5041,1,0,1
698,856100,4467,9545,28.988903,0,0,11,0,0,32051,771,1559,824049,16,192,50,1,30959,1,40,1,296789,1,152933,1,128657,1,210012,1,4609,1,35117,1,7284,4,30,4,65135,4,952,4,1854,8,0,0,1246,132,20,1,73080,1,862,1,2224,1,17744,2,4939,1,115972,1,19437,1,4088,1,6232,1,26320,1,229840,1,34206,1,0,1,0,1,9545,1,4467,1,16559,1,9545,1,48,1,1240,1,1,1,0,1,4504,1,5041,1,0,1
699,801800,4467,9545,28.988903,0,0,11,0,0,30201,1332,1580,771599,16,192,80,1,25769,1,110,1,241092,1,175126,1,106454,1,218218,1,4749,1,38534,1,6993,4,21,4,65025,4,982,4,1844,8,0,0,1245,132,10,1,76567,1,882,1,2184,1,19117,2,4729,1,143595,1,16932,1,3256,1,5060,1,21481,1,186367,1,27984,1,0,1,0,1,9545,1,4467,1,16559,1,9545,1,48,1,1240,1,1,1,0,1,4504,1,5041,1,0,1
700,769600,4467,9545,28.988903,0,0,11,0,0,31035,741,1551,738565,16,192,40,1,25850,1,40,1,241633,1,149136,1,108217,1,209031,1,4619,1,35087,1,5691,4,40,4,65245,4,972,4,1844,8,0,0,1265,132,20,1,73331,1,872,1,2194,1,18255,2,4739,1,112075,1,22683,1,3276,1,5080,1,22303,1,186577,1,27392,1,0,1,0,1,9545,1,4467,1,16559,1,9545,1,48,1,1240,1,1,1,0,1,4504,1,5041,1,0,1
701,804500,4467,9545,28.988903,0,0,11,0,0,32701,791,1520,771799,16,192,70,1,25880,1,80,1,242114,1,172150,1,106053,1,220693,1,4759,1,36831,1,7554,4,40,4,65475,4,1052,4,1854,8,0,0,1385,132,20,1,80374,1,882,1,2214,1,18205,2,5400,1,139507,1,18185,1,3286,1,5080,1,22513,1,186427,1,27944,1,0,1,0,1,9545,1,4467,1,16559,1,9545,1,48,1,1240,1,1,1,0,1,4504,1,5041,1,0,1
702,772800,4467,9545,28.988903,0,0,11,0,0,30157,771,1657,742643,16,192,50,1,25559,1,230,1,239559,1,156400,1,105672,1,210473,1,4699,1,34416,1,7244,4,30,4,65115,4,1452,4,1834,8,0,0,1629,132,20,1,73401,1,872,1,2214,1,17924,2,5180,1,125020,1,16963,1,3276,1,5050,1,22293,1,184383,1,27623,1,0,1,0,1,9545,1,4467,1,16559,1,9545,1,48,1,1240,1,1,1,0,1,4504,1,5041,1,0,1
703,786900,4467,9545,28.988903,0,0,11,0,0,29639,822,1549,757261,16,192,40,1,25409,1,90,1,240300,1,170968,1,105642,1,210123,1,4689,1,33384,1,5721,4,40,4,65045,4,942,4,1854,8,0,0,1246,132,20,1,76837,1,882,1,2254,1,17604,2,4719,1,140088,1,16522,1,3256,1,5080,1,21100,1,186077,1,27893,1,0,1,0,1,9545,1,4467,1,16559,1,9545,1,48,1,1240,1,1,1,0,1,4504,1,5041,1,0,1
704,760000,4467,9545,28.988903,0,0,11,0,0,29550,842,1532,730450,16,192,30,1,25719,1,50,1,239970,1,147653,1,106183,1,206125,1,4719,1,32843,1,5731,4,40,4,65315,4,972,4,1854,8,0,0,1294,132,20,1,73070,1,872,1,2224,1,17644,2,4699,1,116674,1,16532,1,3286,1,5090,1,21772,1,185215,1,27693,1,0,1,0,1,9545,1,4467,1,16559,1,9545,1,48,1,1240,1,1,1,0,1,4504,1,5041,1,0,1
705,755100,4467,9545,28.988903,0,0,11,0,0,29900,811,1520,725200,16,192,40,1,25749,1,30,1,239759,1,139678,1,105081,1,210223,1,4639,1,32883,1,5741,4,40,4,65355,4,952,4,1834,8,0,0,1265,132,10,1,76797,1,872,1,2214,1,18004,2,4709,1,108959,1,16391,1,3246,1,5050,1,22012,1,184504,1,27994,1,0,1,0,1,9545,1,4467,1,16559,1,9545,1,48,1,1240,1,1,1,0,1,4504,1,5041,1,0,1
706,759800,4467,9545,28.988903,0,0,11,0,0,29771,901,1650,730029,16,192,40,1,25669,1,40,1,240541,1,145218,1,105572,1,208209,1,4739,1,32833,1,5731,4,40,4,65696,4,932,4,1984,8,0,0,1266,132,10,1,74122,1,882,1,2254,1,18045,2,4779,1,113658,1,17003,1,3276,1,5060,1,21471,1,185896,1,27883,1,0,1,0,1,9545,1,4467,1,16559,1,9545,1,48,1,1240,1,1,1,0,1,4504,1,5041,1,0,1
707,771000,4467,9545,28.988903,0,0,11,0,0,33337,731,1699,737663,16,192,50,1,25689,1,40,1,240741,1,149907,1,105813,1,210784,1,4639,1,33334,1,6062,4,40,4,65516,4,962,4,1944,8,0,0,1206,132,20,1,76637,1,882,1,2505,1,17303,2,4849,1,118347,1,17173,1,3276,1,5100,1,21962,1,185676,1,27853,1,0,1,0,1,9545,1,4467,1,16559,1,9545,1,48,1,1240,1,1,1,0,1,4504,1,5041,1,0,1
708,964200,4467,9545,28.988903,0,0,11,0,0,47624,1132,1892,916576,16,169,50,1,27292,1,100,1,241403,1,200624,1,145669,1,295727,1,5711,1,68922,1,11171,4,60,4,77288,4,1513,4,2635,8,0,0,2256,132,30,1,99541,1,1032,1,4779,1,19998,2,7625,1,144307,1,41439,1,3417,1,5641,1,22513,1,185115,1,27924,1,0,1,0,1,9545,1,4467,1,16559,1,9545,1,48,1,1240,1,1,1,0,1,4504,1,5041,1,0,1
709,1331100,4467,9545,28.988903,0,0,11,0,0,34305,1002,1804,1296795,16,192,160,1,29847,1,50,1,394526,1,232125,1,212587,1,422840,1,4659,1,76116,1,16983,4,40,4,113117,4,1252,4,2495,8,0,0,1943,132,20,1,178101,1,862,1,4519,1,23485,2,4849,1,176689,1,30078,1,5981,1,6412,1,25669,1,307579,1,54394,1,0,1,0,1,9545,1,4467,1,16559,1,9545,1,48,1,1240,1,1,1,0,1,4504,1,5041,1,0,1
710,1022700,4467,9545,28.988903,0,0,11,0,0,33324,821,1582,989376,16,192,60,1,38644,1,50,1,325684,1,173382,1,181618,1,265248,1,4689,1,65986,1,10099,4,21,4,72138,4,1012,4,1834,8,0,0,1264,132,20,1,80995,1,872,1,4038,1,21281,2,6132,1,126963,1,24166,1,5150,1,8256,1,27232,1,243376,1,46609,1,0,1,0,1,9545,1,4467,1,16559,1,9545,1,48,1,1240,1,1,1,0,1,4504,1,5041,1,0,1
711,802900,4467,9545,28.988903,0,0,11,0,0,32945,821,1491,769955,16,192,30,1,25860,1,80,1,240391,1,149987,1,113808,1,235141,1,4659,1,41099,1,8496,4,30,4,67109,4,942,4,1844,8,0,0,1295,132,20,1,87848,1,872,1,2515,1,17594,2,5951,1,119128,1,16642,1,3246,1,5070,1,22273,1,183512,1,29296,1,0,1,0,1,9545,1,4467,1,16559,1,9545,1,48,1,1240,1,1,1,0,1,4504,1,5041,1,0,1
712,763500,4467,9545,28.988903,0,0,11,0,0,29744,802,1599,733756,16,192,30,1,25479,1,80,1,238046,1,150859,1,106494,1,208159,1,4609,1,33524,1,6222,4,40,4,65155,4,1082,4,2194,8,0,0,1678,132,10,1,73040,1,922,1,2475,1,17904,2,4789,1,120301,1,16401,1,3246,1,5030,1,21411,1,183852,1,27583,1,0,1,0,1,9545,1,4467,1,16559,1,9545,1,48,1,1240,1,1,1,0,1,4504,1,5041,1,0,1
713,819100,4467,9545,28.988903,0,0,11,0,0,36104,751,1541,782996,16,192,200,1,35368,1,70,1,264587,1,162817,1,103508,1,211736,1,4709,1,33564,1,6412,4,40,4,65225,4,962,4,2254,8,0,0,1675,132,10,1,76657,1,862,1,2525,1,17594,2,4879,1,132309,1,16462,1,3286,1,5110,1,21962,1,209151,1,28134,1,0,1,0,1,9545,1,4467,1,16559,1,9545,1,48,1,1240,1,1,1,0,1,4504,1,5041,1,0,1
714,771600,4467,9545,28.988903,0,0,11,0,0,28216,872,1539,743384,16,192,10,1,25439,1,50,1,242575,1,145769,1,107927,1,216986,1,4629,1,37612,1,7975,4,40,4,65746,4,942,4,2004,8,0,0,1407,132,10,1,75825,1,922,1,2505,1,16993,2,5541,1,115201,1,16452,1,3256,1,5070,1,21401,1,187680,1,28264,1,0,1,0,1,9545,1,4467,1,16559,1,9545,1,48,1,1240,1,1,1,0,1,4504,1,5041,1,0,1
715,822100,4467,9545,28.988903,0,0,11,0,0,32647,922,1561,789453,16,192,50,1,26831,1,60,1,243957,1,181418,1,110211,1,222176,1,4749,1,42602,1,6753,4,40,4,65044,4,1042,4,1874,8,0,0,1355,132,20,1,77388,1,872,1,2645,1,18185,2,4789,1,134428,1,32081,1,3286,1,5070,1,22693,1,186658,1,29296,1,0,1,0,1,9545,1,4467,1,16559,1,9545,1,48,1,1240,1,1,1,0,1,4504,1,5041,1,0,1
716,936900,4467,9545,28.988903,0,0,11,0,0,33960,851,1630,902940,16,192,40,1,25449,1,70,1,240361,1,190906,1,145649,1,294554,1,5911,1,54124,1,11903,4,40,4,81446,4,1172,4,1964,8,0,0,1506,132,20,1,109790,1,1112,1,3587,1,20028,2,8516,1,152242,1,20319,1,4168,1,5050,1,22433,1,185065,1,27653,1,0,1,0,1,9545,1,4467,1,16559,1,9545,1,48,1,1240,1,1,1,0,1,4504,1,5041,1,0,1
717,859000,4467,9545,28.988903,0,0,11,0,0,30963,841,1639,828037,16,192,50,1,30899,1,80,1,280808,1,194733,1,106384,1,210453,1,4629,1,33925,1,5761,4,40,4,65165,4,1022,4,1834,8,0,0,1217,132,10,1,75915,1,862,1,2254,1,18135,2,4689,1,164064,1,16452,1,3246,1,6663,1,24958,1,211615,1,37412,1,0,1,0,1,9545,1,4467,1,16559,1,9545,1,48,1,1240,1,1,1,0,1,4504,1,5041,1,0,1
718,761100,4467,9545,28.988903,0,0,11,0,0,29338,851,1433,731762,16,192,40,1,25699,1,40,1,239379,1,149426,1,106183,1,206365,1,4629,1,33154,1,5801,4,40,4,65315,4,922,4,1823,8,0,0,1313,132,20,1,72990,1,862,1,2294,1,17604,2,4689,1,118587,1,16532,1,3256,1,5070,1,21471,1,184864,1,27773,1,0,1,0,1,9545,1,4467,1,16559,1,9545,1,48,1,1240,1,1,1,0,1,4504,1,5041,1,0,1
719,761700,4467,9545,28.988903,0,0,11,0,0,27704,1032,1530,733996,16,192,40,1,25719,1,40,1,238998,1,148374,1,105041,1,211155,1,4629,1,33043,1,5681,4,50,4,65135,4,952,4,1823,8,0,0,1245,132,10,1,76577,1,872,1,2455,1,18756,2,4769,1,117926,1,16131,1,3266,1,5070,1,21361,1,184363,1,28054,1,0,1,0,1,9545,1,4467,1,16559,1,9545,1,48,1,1240,1,1,1,0,1,4504,1,5041,1,0,1
720,766100,4467,9545,28.988903,0,0,11,0,0,30010,861,1482,736090,16,192,40,1,25629,1,40,1,239088,1,155047,1,106324,1,205203,1,4719,1,32302,1,5741,4,30,4,65044,4,1032,4,1834,8,0,0,1384,132,10,1,72699,1,862,1,2224,1,17824,2,4739,1,123958,1,16652,1,3266,1,5050,1,20910,1,184864,1,28074,1,0,1,0,1,9545,1,4467,1,16559,1,9545,1,48,1,1240,1,1,1,0,1,4504,1,5041,1,0,1
721,772400,4467,9545,28.988903,0,0,11,0,0,27853,892,1631,744547,16,192,30,1,25619,1,90,1,239329,1,158814,1,106574,1,209471,1,4619,1,32462,1,5721,4,40,4,65185,4,982,4,1904,8,0,0,1255,132,10,1,76727,1,862,1,2214,1,17774,2,4699,1,127164,1,16231,1,3256,1,5080,1,21581,1,184554,1,27913,1,0,1,0,1,9545,1,4467,1,16559,1,9545,1,48,1,1240,1,1,1,0,1,4504,1,5041,1,0,1
722,756600,4467,9545,28.988903,0,0,11,0,0,28575,841,1589,728025,16,192,40,1,25539,1,40,1,238397,1,148585,1,105662,1,205013,1,4749,1,32623,1,5811,4,30,4,65065,4,952,4,1844,8,0,0,1207,132,20,1,73300,1,872,1,2214,1,16722,2,4719,1,117716,1,16472,1,3286,1,5020,1,21551,1,183952,1,27673,1,0,1,0,1,9545,1,4467,1,16559,1,9545,1,48,1,1240,1,1,1,0,1,4504,1,5041,1,0,1
723,820100,4467,9545,28.988903,0,0,11,0,0,37120,912,1501,782980,16,192,60,1,26120,1,80,1,239679,1,181999,1,111053,1,219270,1,4719,1,41269,1,6082,4,40,4,65165,4,1012,4,1834,8,0,0,1344,132,20,1,76376,1,882,1,2455,1,18305,2,4919,1,134678,1,31370,1,3276,1,5541,1,21682,1,184734,1,27473,1,0,1,0,1,9545,1,4467,1,16559,1,9545,1,48,1,1240,1,1,1,0,1,4504,1,5041,1,0,1
724,1510700,4467,9545,28.988903,0,0,11,0,0,39371,1443,2145,1471329,16,189,50,1,26661,1,110,1,320194,1,242815,1,314453,1,562207,1,4839,1,99701,1,23395,4,90,4,155618,4,1854,4,3356,8,0,0,3065,132,50,1,216355,1,2314,1,6052,1,36049,2,15931,1,180045,1,28835,1,8316,1,6933,1,26491,1,248155,1,38163,1,0,1,0,1,9545,1,4467,1,16559,1,9545,1,48,1,1240,1,1,1,0,1,4504,1,5041,1,0,1
725,898100,4467,9545,28.988903,0,0,11,0,0,31580,901,1640,866520,16,192,50,1,29026,1,70,1,263094,1,155348,1,135450,1,278133,1,5350,1,48473,1,10770,4,21,4,76817,4,992,4,1884,8,0,0,1236,132,10,1,108538,1,1012,1,2835,1,18405,2,7474,1,119619,1,18896,1,3817,1,6122,1,23846,1,196547,1,36380,1,0,1,0,1,9545,1,4467,1,16559,1,9545,1,48,1,1240,1,1,1,0,1,4504,1,5041,1,0,1
726,1125000,4467,9545,28.988903,0,0,11,0,0,37156,992,1691,1087844,16,192,200,1,39155,1,80,1,396750,1,171018,1,195555,1,280307,1,4779,1,66978,1,11923,4,70,4,78971,4,1232,4,2204,8,0,0,1746,132,40,1,84913,1,862,1,4288,1,21341,2,6492,1,121753,1,25649,1,6012,1,8486,1,31711,1,307429,1,48753,1,0,1,0,1,9545,1,4467,1,16559,1,9545,1,48,1,1240,1,1,1,0,1,4504,1,5041,1,0,1
727,799200,4467,9545,28.988903,0,0,11,0,0,30056,901,1570,769144,16,192,50,1,26721,1,60,1,241924,1,165367,1,106003,1,224310,1,4709,1,33685,1,7023,4,11,4,65345,4,1082,4,1944,8,0,0,1456,132,20,1,87297,1,872,1,2214,1,17914,2,6001,1,134538,1,16411,1,3246,1,5060,1,21752,1,186868,1,28054,1,0,1,0,1,9545,1,4467,1,16559,1,9545,1,48,1,1240,1,1,1,0,1,4504,1,5041,1,0,1
728,792600,4467,9545,28.988903,0,0,11,0,0,29628,842,1541,762972,16,192,40,1,25519,1,90,1,242976,1,151661,1,111754,1,226314,1,4619,1,39856,1,8496,4,40,4,67149,4,1042,4,1884,8,0,0,1385,132,20,1,80204,1,862,1,2254,1,17614,2,6052,1,120110,1,17203,1,3246,1,5090,1,22503,1,185646,1,29497,1,0,1,0,1,9545,1,4467,1,16559,1,9545,1,48,1,1240,1,1,1,0,1,4504,1,5041,1,0,1
729,818000,4467,9545,28.988903,0,0,11,0,0,30341,982,1590,787659,16,192,30,1,25449,1,80,1,239679,1,187459,1,107516,1,222637,1,4809,1,39025,1,7675,4,70,4,65706,4,1743,4,1874,8,0,0,2027,132,10,1,78180,1,882,1,2314,1,19057,2,5120,1,148855,1,17483,1,3246,1,5080,1,22363,1,184263,1,27803,1,0,1,0,1,9545,1,4467,1,16559,1,9545,1,48,1,1240,1,1,1,0,1,4504,1,5041,1,0,1
730,795800,4467,9545,28.988903,0,0,11,0,0,29361,751,1619,766439,16,192,40,1,25920,1,100,1,246813,1,161039,1,109299,1,218529,1,4699,1,40678,1,6743,4,40,4,64984,4,962,4,1844,8,0,0,1187,132,10,1,73701,1,882,1,2234,1,20439,2,5260,1,123597,1,22704,1,3246,1,5501,1,22022,1,190725,1,28274,1,0,1,0,1,9545,1,4467,1,16559,1,9545,1,48,1,1240,1,1,1,0,1,4504,1,5041,1,0,1
731,928000,4467,9545,28.988903,0,0,11,0,0,30681,840,1502,897319,16,192,40,1,25789,1,40,1,253085,1,199172,1,136982,1,276800,1,5410,1,48874,1,10731,4,30,4,76877,4,972,4,1864,8,0,0,1334,132,20,1,107296,1,1002,1,2735,1,18145,2,7414,1,162501,1,19738,1,3807,1,5030,1,22423,1,190996,1,34486,1,0,1,0,1,9545,1,4467,1,16559,1,9545,1,48,1,1240,1,1,1,0,1,4504,1,5041,1,0,1
732,786000,4467,9545,28.988903,0,0,11,0,0,32857,832,1521,753143,16,192,40,1,28535,1,40,1,253666,1,151320,1,106244,1,208610,1,4689,1,33965,1,6202,4,40,4,65045,4,1082,4,1894,8,0,0,1454,132,20,1,73561,1,882,1,2224,1,18045,2,4819,1,119930,1,17073,1,3256,1,6092,1,24717,1,194843,1,27753,1,0,1,0,1,9545,1,4467,1,16559,1,9545,1,48,1,1240,1,1,1,0,1,4504,1,5041,1,0,1
733,771700,4467,9545,28.988903,0,0,11,0,0,29498,802,1650,742202,16,192,50,1,25599,1,60,1,241533,1,154366,1,105282,1,210694,1,4619,1,33434,1,5711,4,40,4,65295,4,1082,4,1974,8,0,0,1406,132,10,1,76436,1,862,1,2204,1,18155,2,4689,1,124028,1,16121,1,3246,1,5060,1,22493,1,185786,1,28004,1,0,1,0,1,9545,1,4467,1,16559,1,9545,1,48,1,1240,1,1,1,0,1,4504,1,5041,1,0,1
734,762000,4467,9545,28.988903,0,0,11,0,0,29917,811,1521,732083,16,192,40,1,25729,1,50,1,240050,1,148515,1,106985,1,205985,1,4729,1,32943,1,5711,4,30,4,65115,4,972,4,1844,8,0,0,1294,132,20,1,73200,1,882,1,2224,1,17644,2,4589,1,117625,1,16502,1,3256,1,5080,1,21451,1,185325,1,28024,1,0,1,0,1,9545,1,4467,1,16559,1,9545,1,48,1,1240,1,1,1,0,1,4504,1,5041,1,0,1
735,1242700,4467,9545,28.988903,0,0,11,0,0,35507,1142,2064,1207193,16,192,120,1,47872,1,130,1,458679,1,172921,1,175126,1,345352,1,6993,1,60426,1,13476,4,60,4,96174,4,1944,4,2425,8,0,0,2304,132,40,1,132845,1,1313,1,3597,1,22533,2,9378,1,128837,1,23455,1,4799,1,10420,1,33765,1,354670,1,59424,1,0,1,0,1,9545,1,4467,1,16559,1,9545,1,48,1,1240,1,1,1,0,1,4504,1,5041,1,0,1
736,851300,4467,9545,28.988903,0,0,11,0,0,33954,982,1944,817346,16,192,60,1,27062,1,90,1,240260,1,141301,1,129829,1,272933,1,5811,1,40498,1,7124,4,40,4,80394,4,1182,4,2274,8,0,0,1513,132,20,1,91024,1,1172,1,2715,1,19588,2,25920,1,110492,1,16251,1,3266,1,5080,1,21531,1,185816,1,27633,1,0,1,0,1,9545,1,4467,1,16559,1,9545,1,48,1,1240,1,1,1,0,1,4504,1,5041,1,0,1
737,932800,4467,9545,28.988903,0,0,11,0,0,40290,1193,1550,892510,16,192,70,1,31711,1,70,1,297891,1,168924,1,125571,1,263615,1,4659,1,59754,1,8927,4,40,4,65616,4,1011,4,1824,8,0,0,1285,132,20,1,87077,1,932,1,2675,1,28915,2,5631,1,125781,1,25218,1,4018,1,6242,1,26000,1,230542,1,34887,1,0,1,0,1,9545,1,4467,1,16559,1,9545,1,48,1,1240,1,1,1,0,1,4504,1,5041,1,0,1
738,846200,4467,9545,28.988903,0,0,11,0,0,33673,872,1647,812527,16,192,130,1,26541,1,40,1,241944,1,150929,1,113397,1,274145,1,5400,1,49505,1,10751,4,40,4,76977,4,1002,4,1944,8,0,0,1298,132,10,1,102256,1,1022,1,2745,1,19537,2,7484,1,117365,1,19026,1,3256,1,5070,1,22433,1,186417,1,27813,1,0,1,0,1,9545,1,4467,1,16559,1,9545,1,48,1,1240,1,1,1,0,1,4504,1,5041,1,0,1
739,1083200,4467,9545,28.988903,0,0,11,0,0,32857,972,1650,1050343,16,192,140,1,44515,1,50,1,420997,1,223548,1,117445,1,238858,1,4789,1,43143,1,8546,4,60,4,69383,4,1092,4,1864,8,0,0,1306,132,40,1,86265,1,882,1,2334,1,18315,2,5961,1,171479,1,27733,1,5951,1,9458,1,31330,1,325414,1,54314,1,0,1,0,1,9545,1,4467,1,16559,1,9545,1,48,1,1240,1,1,1,0,1,4504,1,5041,1,0,1
740,770100,4467,9545,28.988903,0,0,11,0,0,31435,851,1601,738665,16,192,50,1,26521,1,70,1,240721,1,145990,1,106885,1,213699,1,4729,1,36340,1,7564,4,40,4,65255,4,1192,4,1824,8,0,0,1415,132,10,1,74072,1,862,1,2194,1,18105,2,5390,1,114810,1,16702,1,3266,1,5070,1,21110,1,186497,1,27843,1,0,1,0,1,9545,1,4467,1,16559,1,9545,1,48,1,1240,1,1,1,0,1,4504,1,5041,1,0,1
741,765600,4467,9545,28.988903,0,0,11,0,0,27586,821,1679,738014,16,192,40,1,25429,1,100,1,241453,1,143655,1,106344,1,216385,1,4609,1,35608,1,7575,4,21,4,65285,4,1002,4,1894,8,0,0,1217,132,20,1,78551,1,852,1,2204,1,17884,2,4669,1,112956,1,16331,1,3276,1,5050,1,22243,1,186137,1,27853,1,0,1,0,1,9545,1,4467,1,16559,1,9545,1,48,1,1240,1,1,1,0,1,4504,1,5041,1,0,1
742,767900,4467,9545,28.988903,0,0,11,0,0,30357,771,1560,737543,16,192,40,1,25609,1,40,1,239048,1,154185,1,105542,1,208409,1,4669,1,34326,1,5691,4,30,4,65165,4,1062,4,1864,8,0,0,1366,132,20,1,73481,1,872,1,2204,1,18235,2,4689,1,123096,1,16692,1,3256,1,5030,1,21551,1,184373,1,27913,1,0,1,0,1,9545,1,4467,1,16559,1,9545,1,48,1,1240,1,1,1,0,1,4504,1,5041,1,0,1
743,764000,4467,9545,28.988903,0,0,11,0,0,29322,882,1500,734678,16,192,60,1,25549,1,60,1,238748,1,148324,1,106745,1,210463,1,4729,1,33354,1,5671,4,40,4,65195,4,952,4,1823,8,0,0,1275,132,20,1,76617,1,882,1,2224,1,17894,2,4909,1,117505,1,16341,1,3256,1,5110,1,21962,1,183632,1,27873,1,0,1,0,1,9545,1,4467,1,16559,1,9545,1,48,1,1240,1,1,1,0,1,4504,1,5041,1,0,1
744,778800,4467,9545,28.988903,0,0,11,0,0,29484,771,1571,749316,16,192,40,1,25529,1,50,1,238948,1,162010,1,106584,1,211425,1,4729,1,34997,1,6332,4,40,4,64985,4,982,4,1834,8,0,0,1245,132,10,1,75054,1,882,1,2264,1,18445,2,4829,1,131231,1,16251,1,3256,1,5040,1,21351,1,184504,1,27823,1,0,1,0,1,9545,1,4467,1,16559,1,9545,1,48,1,1240,1,1,1,0,1,4504,1,5041,1,0,1
745,788900,4467,9545,28.988903,0,0,11,0,0,29164,802,1580,759736,16,192,70,1,25990,1,30,1,240431,1,162772,1,111243,1,214501,1,4699,1,36981,1,5901,4,40,4,65085,4,992,4,1984,8,0,0,1395,132,10,1,76717,1,882,1,2274,1,18115,2,4719,1,119148,1,29056,1,3256,1,5521,1,22543,1,184163,1,27984,1,0,1,0,1,9545,1,4467,1,16559,1,9545,1,48,1,1240,1,1,1,0,1,4504,1,5041,1,0,1
746,821800,4467,9545,28.988903,0,0,11,0,0,30764,882,1718,791036,16,192,20,1,25609,1,50,1,239900,1,141291,1,125340,1,253856,1,4970,1,45417,1,9879,4,40,4,72769,4,1112,4,1864,8,0,0,1258,132,20,1,93138,1,942,1,2505,1,18475,2,6813,1,110382,1,16682,1,3246,1,5080,1,22493,1,184524,1,27643,1,0,1,0,1,9545,1,4467,1,16559,1,9545,1,48,1,1240,1,1,1,0,1,4504,1,5041,1,0,1
747,861800,4467,9545,28.988903,0,0,11,0,0,30126,801,1463,831674,16,192,20,1,26451,1,50,1,248426,1,212026,1,126021,1,213970,1,4709,1,37502,1,5701,4,40,4,65175,4,972,4,1844,8,0,0,1353,132,20,1,76456,1,882,1,2505,1,17433,2,4639,1,178773,1,17654,1,3557,1,5661,1,23255,1,186077,1,33284,1,0,1,0,1,9545,1,4467,1,16559,1,9545,1,48,1,1240,1,1,1,0,1,4504,1,5041,1,0,1
748,1040900,4467,9545,28.988903,0,0,11,0,0,39842,951,1640,1001058,16,192,190,1,36831,1,50,1,377373,1,158434,1,150338,1,272282,1,5561,1,49695,1,10801,4,51,4,77028,4,1092,4,1904,8,0,0,1355,132,30,1,100362,1,1062,1,3066,1,18636,2,7605,1,114319,1,23265,1,4829,1,8196,1,30769,1,293112,1,44916,1,0,1,0,1,9545,1,4467,1,16559,1,9545,1,48,1,1240,1,1,1,0,1,4504,1,5041,1,0,1
749,765400,4467,9545,28.988903,0,0,11,0,0,29981,791,1670,735419,16,192,50,1,26962,1,60,1,238687,1,141702,1,106113,1,217116,1,4729,1,33825,1,7595,4,40,4,65165,4,1002,4,1894,8,0,0,1226,132,20,1,80244,1,872,1,2214,1,18085,2,5370,1,110913,1,16271,1,3296,1,5090,1,20960,1,184664,1,27763,1,0,1,0,1,9545,1,4467,1,16559,1,9545,1,48,1,1240,1,1,1,0,1,4504,1,5041,1,0,1
750,756200,4467,9545,28.988903,0,0,11,0,0,27363,822,1628,728837,16,192,50,1,25669,1,40,1,239489,1,139878,1,106965,1,212116,1,4629,1,35468,1,7575,4,40,4,65235,4,992,4,1874,8,0,0,1237,132,20,1,74112,1,862,1,2214,1,17544,2,5360,1,109430,1,16161,1,3246,1,5050,1,22142,1,184353,1,27743,1,0,1,0,1,9545,1,4467,1,16559,1,9545,1,48,1,1240,1,1,1,0,1,4504,1,5041,1,0,1
751,753800,4467,9545,28.988903,0,0,11,0,0,29943,802,1520,723857,16,192,60,1,25459,1,40,1,238878,1,140670,1,104861,1,209251,1,4639,1,32612,1,5701,4,40,4,65185,4,942,4,1834,8,0,0,1255,132,20,1,76416,1,882,1,2214,1,17754,2,4849,1,110492,1,15941,1,3246,1,5050,1,21341,1,184494,1,27813,1,0,1,0,1,9545,1,4467,1,16559,1,9545,1,48,1,1240,1,1,1,0,1,4504,1,5041,1,0,1
752,1202300,4467,9545,28.988903,0,0,11,0,0,36140,1092,1732,1166160,16,192,160,1,28976,1,40,1,361468,1,249127,1,177711,1,341895,1,6783,1,69193,1,13406,4,50,4,87979,4,1443,4,2094,8,0,0,1805,132,40,1,120862,1,1282,1,12454,1,23134,2,8867,1,184243,1,43794,1,4699,1,6202,1,24888,1,264617,1,65281,1,0,1,0,1,9545,1,4467,1,16559,1,9545,1,48,1,1240,1,1,1,0,1,4504,1,5041,1,0,1
753,963200,4467,9545,28.988903,0,0,11,0,0,33829,822,1699,929371,16,192,120,1,32122,1,90,1,272743,1,173452,1,137914,1,304724,1,8206,1,52050,1,11342,4,40,4,76877,4,1132,4,1914,8,0,0,1347,132,10,1,121763,1,1553,1,2835,1,23094,2,11292,1,131191,1,25178,1,3807,1,6833,1,26902,1,201897,1,36490,1,0,1,0,1,9545,1,4467,1,16559,1,9545,1,48,1,1240,1,1,1,0,1,4504,1,5041,1,0,1
754,1122500,4467,9545,28.988903,0,0,11,0,0,31510,861,1639,1090990,16,192,40,1,44175,1,40,1,374668,1,203670,1,201857,1,261922,1,4619,1,74152,1,8386,4,40,4,68702,4,1242,4,1854,8,0,0,1457,132,20,1,73381,1,862,1,4178,1,23495,2,4749,1,150138,1,28024,1,5851,1,9268,1,30999,1,281339,1,52841,1,0,1,0,1,9545,1,4467,1,16559,1,9545,1,48,1,1240,1,1,1,0,1,4504,1,5041,1,0,1
755,779000,4467,9545,28.988903,0,0,11,0,0,31798,812,1581,747202,16,192,60,1,26030,1,70,1,243998,1,152292,1,106544,1,213509,1,4699,1,35258,1,5751,4,40,4,65095,4,1042,4,1884,8,0,0,1345,132,20,1,77118,1,862,1,2214,1,18626,2,4789,1,121242,1,16672,1,3266,1,5050,1,22894,1,187870,1,28004,1,0,1,0,1,9545,1,4467,1,16559,1,9545,1,48,1,1240,1,1,1,0,1,4504,1,5041,1,0,1
756,765500,4467,9545,28.988903,0,0,11,0,0,30051,871,1570,735449,16,192,60,1,25439,1,70,1,241433,1,148525,1,106624,1,208580,1,4719,1,34987,1,5771,4,30,4,65125,4,992,4,1834,8,0,0,1256,132,10,1,73170,1,862,1,2214,1,17934,2,4779,1,117535,1,16532,1,3266,1,5060,1,21762,1,186658,1,27773,1,0,1,0,1,9545,1,4467,1,16559,1,9545,1,48,1,1240,1,1,1,0,1,4504,1,5041,1,0,1
757,772500,4467,9545,28.988903,0,0,11,0,0,29967,792,1481,742533,16,192,30,1,25779,1,90,1,241182,1,151430,1,106664,1,212748,1,4609,1,34546,1,5741,4,40,4,65185,4,1001,4,2275,8,0,0,1795,132,20,1,76998,1,872,1,2204,1,18175,2,4899,1,120741,1,16391,1,3256,1,5040,1,22012,1,185976,1,27974,1,0,1,0,1,9545,1,4467,1,16559,1,9545,1,48,1,1240,1,1,1,0,1,4504,1,5041,1,0,1
758,769900,4467,9545,28.988903,0,0,11,0,0,29972,781,1570,739928,16,192,50,1,25589,1,50,1,242885,1,151811,1,106023,1,208900,1,4619,1,34356,1,5711,4,30,4,65325,4,962,4,1844,8,0,0,1235,132,20,1,73972,1,942,1,2214,1,18004,2,4739,1,121052,1,16502,1,3246,1,5040,1,21471,1,185926,1,30258,1,0,1,0,1,9545,1,4467,1,16559,1,9545,1,48,1,1240,1,1,1,0,1,4504,1,5041,1,0,1
759,783500,4467,9545,28.988903,0,0,11,0,0,30768,761,1642,752732,16,192,40,1,25689,1,50,1,239980,1,163423,1,106364,1,212297,1,4889,1,34646,1,5851,4,40,4,65025,4,972,4,1954,8,0,0,1284,132,10,1,77759,1,922,1,2254,1,17383,2,4719,1,132263,1,16502,1,3246,1,5060,1,21872,1,184984,1,27843,1,0,1,0,1,9545,1,4467,1,16559,1,9545,1,48,1,1240,1,1,1,0,1,4504,1,5041,1,0,1
760,898600,4467,9545,28.988903,0,0,11,0,0,29214,872,1599,869386,16,192,50,1,27142,1,30,1,242495,1,215262,1,123767,1,255970,1,4669,1,66648,1,6382,4,40,4,69714,4,1152,4,1914,8,0,0,1467,132,20,1,74894,1,892,1,4689,1,23896,2,4859,1,169805,1,30338,1,3256,1,5390,1,22543,1,186177,1,28214,1,0,1,0,1,9545,1,4467,1,16559,1,9545,1,48,1,1240,1,1,1,0,1,4504,1,5041,1,0,1
761,1576600,4467,9545,28.988903,0,0,11,0,0,40070,1443,2174,1536530,16,192,170,1,38945,1,70,1,376481,1,252810,1,282361,1,573499,1,12193,1,104069,1,23926,4,60,4,156700,4,1904,4,3477,8,0,0,3206,132,40,1,219931,1,2294,1,6633,1,37352,2,15670,1,184920,1,30829,1,9659,1,8486,1,28845,1,291328,1,47371,1,0,1,0,1,9545,1,4467,1,16559,1,9545,1,48,1,1240,1,1,1,0,1,4504,1,5041,1,0,1
762,1153800,4467,9545,28.988903,0,0,11,0,0,39996,1122,2084,1113804,16,192,240,1,40853,1,70,1,256532,1,207763,1,211175,1,389807,1,7364,1,78190,1,16983,4,80,4,111914,4,1523,4,2375,8,0,0,1813,132,40,1,136091,1,1393,1,4358,1,25599,2,10139,1,150864,1,30719,1,5981,1,5450,1,23896,1,198500,1,28324,1,0,1,0,1,9545,1,4467,1,16559,1,9545,1,48,1,1240,1,1,1,0,1,4504,1,5041,1,0,1
763,809200,4467,9545,28.988903,0,0,11,0,0,35648,872,1542,773552,16,192,150,1,27022,1,70,1,246192,1,155167,1,111133,1,229009,1,4809,1,39566,1,7965,4,60,4,65726,4,1182,4,1854,8,0,0,1494,132,40,1,84141,1,862,1,2665,1,18225,2,5851,1,122014,1,18235,1,3256,1,5190,1,22964,1,189303,1,28515,1,0,1,0,1,9545,1,4467,1,16559,1,9545,1,48,1,1240,1,1,1,0,1,4504,1,5041,1,0,1
764,788700,4467,9545,28.988903,0,0,11,0,0,30627,852,1649,758073,16,192,20,1,25619,1,60,1,246863,1,151671,1,108448,1,220713,1,4679,1,40197,1,7975,4,40,4,65726,4,1072,4,1934,8,0,0,1357,132,10,1,75675,1,872,1,2254,1,18365,2,5741,1,120511,1,16642,1,3246,1,5150,1,23645,1,189533,1,28354,1,0,1,0,1,9545,1,4467,1,16559,1,9545,1,48,1,1240,1,1,1,0,1,4504,1,5041,1,0,1
765,775900,4467,9545,28.988903,0,0,11,0,0,30832,812,1611,745068,16,192,130,1,25479,1,40,1,244178,1,150569,1,106795,1,213229,1,4649,1,34807,1,5931,4,40,4,65375,4,1002,4,2224,8,0,0,1615,132,10,1,76857,1,872,1,2214,1,18105,2,4980,1,118637,1,16452,1,4328,1,5050,1,21712,1,189313,1,27934,1,0,1,0,1,9545,1,4467,1,16559,1,9545,1,48,1,1240,1,1,1,0,1,4504,1,5041,1,0,1
766,905100,4467,9545,28.988903,0,0,11,0,0,34552,881,1492,870548,16,192,80,1,25769,1,40,1,241693,1,234089,1,125100,1,238828,1,4949,1,52200,1,7975,4,40,4,65465,4,1182,4,1844,8,0,0,1534,132,20,1,74894,1,872,1,3918,1,24357,2,5180,1,179955,1,38123,1,3256,1,5040,1,21591,1,187199,1,27723,1,0,1,0,1,9545,1,4467,1,16559,1,9545,1,48,1,1240,1,1,1,0,1,4504,1,5041,1,0,1
767,871400,4467,9545,28.988903,0,0,11,0,0,34391,942,1739,837009,16,192,60,1,25950,1,80,1,244649,1,165221,1,127444,1,268434,1,5170,1,51609,1,9909,4,60,4,72759,4,1212,4,1904,8,0,0,1377,132,40,1,98859,1,962,1,2745,1,20459,2,6973,1,126758,1,22643,1,3547,1,5110,1,22052,1,187800,1,29456,1,0,1,0,1,9545,1,4467,1,16559,1,9545,1,48,1,1240,1,1,1,0,1,4504,1,5041,1,0,1
768,1227400,4467,9545,28.988903,0,0,11,0,0,33653,1042,1873,1193747,16,192,100,1,28615,1,90,1,322999,1,217717,1,206075,1,410166,1,7985,1,76016,1,16872,4,80,4,112506,4,1292,4,2405,8,0,0,1823,132,40,1,155799,1,1533,1,4268,1,26691,2,11622,1,164265,1,27122,1,5941,1,5230,1,22623,1,242615,1,52240,1,0,1,0,1,9545,1,4467,1,16559,1,9545,1,48,1,1240,1,1,1,0,1,4504,1,5041,1,0,1
769,822800,4467,9545,28.988903,0,0,11,0,0,31063,1043,1628,791737,16,192,30,1,26421,1,30,1,241894,1,164114,1,116173,1,238357,1,4719,1,42051,1,8506,4,40,4,67218,4,1072,4,2385,8,0,0,1828,132,10,1,88500,1,872,1,2284,1,18045,2,6332,1,132584,1,17003,1,3266,1,5240,1,22643,1,184574,1,29226,1,0,1,0,1,9545,1,4467,1,16559,1,9545,1,48,1,1240,1,1,1,0,1,4504,1,5041,1,0,1
770,767700,4467,9545,28.988903,0,0,11,0,0,30598,842,1592,737102,16,192,30,1,25469,1,120,1,240300,1,149667,1,106975,1,209842,1,4699,1,35157,1,5751,4,50,4,65235,4,992,4,2144,8,0,0,1544,132,10,1,73882,1,882,1,2234,1,17744,2,4919,1,118557,1,16662,1,3266,1,5090,1,22623,1,184634,1,27723,1,0,1,0,1,9545,1,4467,1,16559,1,9545,1,48,1,1240,1,1,1,0,1,4504,1,5041,1,0,1
771,766500,4467,9545,28.988903,0,0,11,0,0,32353,851,1491,734147,16,192,40,1,25629,1,50,1,239950,1,147212,1,105322,1,211325,1,4619,1,34015,1,5711,4,30,4,65115,4,1072,4,1844,8,0,0,1424,132,10,1,76837,1,872,1,2204,1,18075,2,4689,1,116974,1,15981,1,3256,1,5090,1,21531,1,185295,1,27853,1,0,1,0,1,9545,1,4467,1,16559,1,9545,1,48,1,1240,1,1,1,0,1,4504,1,5041,1,0,1
772,770100,4467,9545,28.988903,0,0,11,0,0,29491,791,1579,740609,16,192,60,1,25860,1,90,1,240170,1,156820,1,105372,1,207538,1,4699,1,33825,1,5681,4,21,4,65155,4,982,4,1873,8,0,0,1276,132,30,1,73220,1,862,1,2234,1,18175,2,4689,1,125861,1,16502,1,3256,1,5090,1,21702,1,185415,1,27813,1,0,1,0,1,9545,1,4467,1,16559,1,9545,1,48,1,1240,1,1,1,0,1,4504,1,5041,1,0,1
773,772900,4467,9545,28.988903,0,0,11,0,0,29315,781,1812,743585,16,192,50,1,25479,1,40,1,238988,1,151370,1,106093,1,216835,1,4729,1,33925,1,5851,4,40,4,65155,4,972,4,2154,8,0,0,1315,132,20,1,83270,1,872,1,2254,1,16782,2,4759,1,120421,1,16421,1,3256,1,5090,1,21341,1,184253,1,28134,1,0,1,0,1,9545,1,4467,1,16559,1,9545,1,48,1,1240,1,1,1,0,1,4504,1,5041,1,0,1
774,1224100,4467,9545,28.988903,0,0,11,0,0,43117,982,2142,1180983,16,192,200,1,46469,1,90,1,424153,1,202458,1,177991,1,323610,1,6012,1,72719,1,12163,4,60,4,82578,4,1753,4,1994,8,0,0,1606,132,30,1,113007,1,1042,1,3637,1,25419,2,8226,1,143926,1,33384,1,5791,1,9979,1,33103,1,329491,1,51138,1,0,1,0,1,9545,1,4467,1,16559,1,9545,1,48,1,1240,1,1,1,0,1,4504,1,5041,1,0,1
775,997600,4467,9545,28.988903,0,0,11,0,0,32471,1052,1684,965129,16,192,60,1,27362,1,70,1,242735,1,182870,1,166299,1,339200,1,6533,1,62800,1,13205,4,30,4,88139,4,1192,4,2054,8,0,0,1563,132,10,1,134057,1,1222,1,3376,1,23104,2,8957,1,137714,1,24898,1,4569,1,5060,1,21842,1,187800,1,27843,1,0,1,0,1,9545,1,4467,1,16559,1,9545,1,48,1,1240,1,1,1,0,1,4504,1,5041,1,0,1
776,881800,4467,9545,28.988903,0,0,11,0,0,31070,741,1540,850730,16,192,70,1,35248,1,60,1,301207,1,172511,1,123887,1,213028,1,4719,1,38584,1,5561,4,30,4,65085,4,1122,4,1813,8,0,0,1395,132,30,1,74042,1,862,1,2445,1,17984,2,4729,1,138986,1,19197,1,3296,1,7344,1,26010,1,228848,1,38794,1,0,1,0,1,9545,1,4467,1,16559,1,9545,1,48,1,1240,1,1,1,0,1,4504,1,5041,1,0,1
777,802700,4467,9545,28.988903,0,0,11,0,0,30601,742,1680,772099,16,192,50,1,25339,1,30,1,240751,1,171569,1,113157,1,216495,1,4709,1,38434,1,5611,4,40,4,65124,4,1072,4,1914,8,0,0,1305,132,20,1,77388,1,872,1,2415,1,18085,2,4779,1,140179,1,16932,1,3296,1,5060,1,21662,1,185836,1,28034,1,0,1,0,1,9545,1,4467,1,16559,1,9545,1,48,1,1240,1,1,1,0,1,4504,1,5041,1,0,1
778,804200,4467,9545,28.988903,0,0,11,0,0,30217,801,1531,773983,16,192,30,1,25469,1,40,1,239810,1,179213,1,113067,1,211656,1,4699,1,37802,1,5561,4,40,4,65335,4,982,4,1844,8,0,0,1295,132,20,1,73200,1,872,1,2405,1,18125,2,4669,1,147843,1,16942,1,3256,1,5110,1,21261,1,185415,1,27883,1,0,1,0,1,9545,1,4467,1,16559,1,9545,1,48,1,1240,1,1,1,0,1,4504,1,5041,1,0,1
779,785400,4467,9545,28.988903,0,0,11,0,0,33299,731,1520,752101,16,192,40,1,25629,1,50,1,240932,1,163133,1,107967,1,209712,1,4639,1,33184,1,5771,4,40,4,65035,4,921,4,1844,8,0,0,1245,132,20,1,76597,1,892,1,2204,1,17754,2,4719,1,132644,1,16141,1,3246,1,5040,1,21662,1,186267,1,27773,1,0,1,0,1,9545,1,4467,1,16559,1,9545,1,48,1,1240,1,1,1,0,1,4504,1,5041,1,0,1
780,809800,4467,9545,28.988903,0,0,11,0,0,33092,842,1578,776708,16,192,50,1,25599,1,30,1,239429,1,166820,1,108919,1,231113,1,4749,1,33324,1,5751,4,30,4,65235,4,992,4,1823,8,0,0,1237,132,40,1,97978,1,882,1,2244,1,17103,2,4869,1,135910,1,16391,1,3286,1,5070,1,21611,1,184754,1,27823,1,0,1,0,1,9545,1,4467,1,16559,1,9545,1,48,1,1240,1,1,1,0,1,4504,1,5041,1,0,1
781,859700,4467,9545,28.988903,0,0,11,0,0,33617,842,1570,826083,16,192,40,1,27543,1,70,1,242465,1,195855,1,121914,1,233558,1,4639,1,50587,1,5901,4,40,4,65485,4,1102,4,2675,8,0,0,2207,132,20,1,77468,1,872,1,3146,1,20730,2,4689,1,153795,1,27322,1,3276,1,5230,1,22223,1,186537,1,28204,1,0,1,0,1,9545,1,4467,1,16559,1,9545,1,48,1,1240,1,1,1,0,1,4504,1,5041,1,0,1
782,781600,4467,9545,28.988903,0,0,11,0,0,29469,872,1649,752131,16,192,40,1,27022,1,30,1,241473,1,162812,1,107957,1,208159,1,4639,1,35187,1,5721,4,40,4,64874,4,1112,4,1884,8,0,0,1347,132,20,1,73060,1,872,1,2234,1,17504,2,4779,1,129829,1,18515,1,3286,1,5040,1,22223,1,186477,1,27563,1,0,1,0,1,9545,1,4467,1,16559,1,9545,1,48,1,1240,1,1,1,0,1,4504,1,5041,1,0,1
783,848700,4467,9545,28.988903,0,0,11,0,0,30963,822,1609,817737,16,192,50,1,25579,1,30,1,242014,1,211285,1,108448,1,225582,1,4749,1,38053,1,7975,4,40,4,65736,4,991,4,1823,8,0,0,1206,132,20,1,83310,1,872,1,2214,1,18094,2,5631,1,179514,1,17433,1,3256,1,5080,1,22663,1,185806,1,28304,1,0,1,0,1,9545,1,4467,1,16559,1,9545,1,48,1,1240,1,1,1,0,1,4504,1,5041,1,0,1
784,758200,4467,9545,28.988903,0,0,11,0,0,31147,831,1521,727053,16,192,50,1,25669,1,80,1,240972,1,142884,1,105492,1,207297,1,4609,1,33805,1,5691,4,40,4,65205,4,932,4,1844,8,0,0,1255,132,10,1,73210,1,872,1,2204,1,17774,2,4879,1,112205,1,16431,1,3246,1,5060,1,22333,1,185465,1,27934,1,0,1,0,1,9545,1,4467,1,16559,1,9545,1,48,1,1240,1,1,1,0,1,4504,1,5041,1,0,1
785,764500,4467,9545,28.988903,0,0,11,0,0,30133,811,1549,734367,16,192,50,1,25429,1,40,1,240000,1,147312,1,105482,1,211435,1,4619,1,33765,1,5751,4,30,4,65305,4,962,4,1834,8,0,0,1247,132,20,1,77058,1,882,1,2214,1,17984,2,4819,1,116533,1,16512,1,3256,1,5060,1,21551,1,185205,1,28024,1,0,1,0,1,9545,1,4467,1,16559,1,9545,1,48,1,1240,1,1,1,0,1,4504,1,5041,1,0,1
786,763500,4467,9545,28.988903,0,0,11,0,0,27891,861,1599,735609,16,192,30,1,25749,1,40,1,239238,1,151480,1,105422,1,208900,1,4749,1,34376,1,5761,4,11,4,65526,4,1032,4,1934,8,0,0,1367,132,20,1,73711,1,882,1,2224,1,17894,2,4669,1,119679,1,17323,1,3246,1,5110,1,21411,1,184634,1,27913,1,0,1,0,1,9545,1,4467,1,16559,1,9545,1,48,1,1240,1,1,1,0,1,4504,1,5041,1,0,1
787,1128900,4467,9545,28.988903,0,0,11,0,0,42469,1262,2074,1086431,16,192,180,1,44285,1,60,1,442297,1,164014,1,136542,1,293041,1,6012,1,50767,1,10771,4,70,4,84422,4,1373,4,2395,8,0,0,1693,132,40,1,108688,1,1092,1,3276,1,21381,2,7504,1,132043,1,17423,1,3326,1,9969,1,34346,1,344169,1,53352,1,0,1,0,1,9545,1,4467,1,16559,1,9545,1,48,1,1240,1,1,1,0,1,4504,1,5041,1,0,1
788,770100,4467,9545,28.988903,0,0,11,0,0,31475,781,1542,738625,16,192,30,1,27192,1,70,1,240821,1,149506,1,107025,1,209351,1,4629,1,34747,1,6713,4,40,4,65195,4,1343,4,1924,8,0,0,1725,132,10,1,73751,1,862,1,2224,1,16882,2,4879,1,118617,1,16391,1,3266,1,5120,1,21481,1,186267,1,27773,1,0,1,0,1,9545,1,4467,1,16559,1,9545,1,48,1,1240,1,1,1,0,1,4504,1,5041,1,0,1
789,766500,4467,9545,28.988903,0,0,11,0,0,29408,871,1589,737092,16,192,30,1,25659,1,40,1,240862,1,145799,1,105993,1,214090,1,4619,1,36340,1,6242,4,40,4,65195,4,972,4,1834,8,0,0,1217,132,20,1,76937,1,872,1,2184,1,17724,2,4859,1,112626,1,18926,1,3246,1,5260,1,22403,1,185015,1,28004,1,0,1,0,1,9545,1,4467,1,16559,1,9545,1,48,1,1240,1,1,1,0,1,4504,1,5041,1,0,1
790,779900,4467,9545,28.988903,0,0,11,0,0,31256,732,1610,748644,16,192,40,1,25649,1,30,1,238828,1,164926,1,105853,1,208630,1,4689,1,34797,1,6232,4,40,4,65105,4,992,4,1854,8,0,0,1235,132,20,1,72830,1,862,1,2244,1,18125,2,4799,1,133376,1,17123,1,3306,1,5060,1,21241,1,184794,1,27473,1,0,1,0,1,9545,1,4467,1,16559,1,9545,1,48,1,1240,1,1,1,0,1,4504,1,5041,1,0,1
791,790000,4467,9545,28.988903,0,0,11,0,0,28892,841,1551,761108,16,192,30,1,25569,1,50,1,239759,1,164806,1,106965,1,219300,1,4629,1,35939,1,7595,4,40,4,65666,4,982,4,1854,8,0,0,1285,132,20,1,80033,1,922,1,2224,1,17874,2,5310,1,134387,1,16121,1,3246,1,5070,1,22132,1,184554,1,27843,1,0,1,0,1,9545,1,4467,1,16559,1,9545,1,48,1,1240,1,1,1,0,1,4504,1,5041,1,0,1
792,760700,4467,9545,28.988903,0,0,11,0,0,30651,782,1521,730049,16,192,40,1,25529,1,30,1,239759,1,146441,1,106404,1,207097,1,4749,1,33394,1,5751,4,40,4,65245,4,1513,4,1844,8,0,0,1836,132,20,1,73010,1,872,1,2224,1,17604,2,4799,1,115571,1,16502,1,3256,1,5030,1,22022,1,184654,1,27883,1,0,1,0,1,9545,1,4467,1,16559,1,9545,1,48,1,1240,1,1,1,0,1,4504,1,5041,1,0,1
793,762700,4467,9545,28.988903,0,0,11,0,0,29425,831,1511,733275,16,192,40,1,25729,1,20,1,238186,1,147132,1,106905,1,210543,1,4719,1,33775,1,5691,4,40,4,65085,4,1102,4,1824,8,0,0,1415,132,20,1,76537,1,872,1,2234,1,17824,2,4709,1,115912,1,16722,1,3256,1,5070,1,21261,1,183822,1,27833,1,0,1,0,1,9545,1,4467,1,16559,1,9545,1,48,1,1240,1,1,1,0,1,4504,1,5041,1,0,1
794,757300,4467,9545,28.988903,0,0,11,0,0,29536,852,1632,727764,16,192,40,1,25749,1,60,1,238958,1,146411,1,105913,1,205895,1,4739,1,32322,1,5671,4,30,4,65064,4,1032,4,1894,8,0,0,1294,132,20,1,73351,1,862,1,2214,1,17884,2,4699,1,115331,1,16742,1,3246,1,5090,1,21511,1,184333,1,27853,1,0,1,0,1,9545,1,4467,1,16559,1,9545,1,48,1,1240,1,1,1,0,1,4504,1,5041,1,0,1
795,757200,4467,9545,28.988903,0,0,11,0,0,30407,832,1522,726793,16,192,30,1,25599,1,70,1,239519,1,141702,1,105442,1,209822,1,4609,1,33454,1,5701,4,40,4,65235,4,962,4,1864,8,0,0,1303,132,20,1,76206,1,882,1,2214,1,17694,2,4719,1,111183,1,16391,1,3246,1,5080,1,21662,1,184594,1,28024,1,0,1,0,1,9545,1,4467,1,16559,1,9545,1,48,1,1240,1,1,1,0,1,4504,1,5041,1,0,1
796,752900,4467,9545,28.988903,0,0,11,0,0,33461,731,1618,719439,16,192,40,1,25639,1,90,1,237685,1,140088,1,105342,1,205854,1,4699,1,32663,1,5741,4,21,4,65155,4,942,4,1854,8,0,0,1177,132,20,1,73521,1,862,1,2214,1,17453,2,4679,1,109620,1,16171,1,3246,1,5070,1,20880,1,183782,1,27773,1,0,1,0,1,9545,1,4467,1,16559,1,9545,1,48,1,1240,1,1,1,0,1,4504,1,5041,1,0,1
797,1134000,4467,9545,28.988903,0,0,11,0,0,48690,1292,1743,1085310,16,192,170,1,32472,1,100,1,331736,1,216996,1,165828,1,332076,1,5931,1,76106,1,12604,4,70,4,82318,4,1473,4,1984,8,0,0,1714,132,30,1,118838,1,1172,1,4469,1,23415,2,8306,1,152382,1,42862,1,6082,1,6793,1,32021,1,253005,1,39546,1,0,1,0,1,9545,1,4467,1,16559,1,9545,1,48,1,1240,1,1,1,0,1,4504,1,5041,1,0,1
798,917900,4467,9545,28.988903,0,0,11,0,0,33746,991,1671,884154,16,192,110,1,29426,1,70,1,268885,1,156760,1,137443,1,284154,1,7304,1,52681,1,10851,4,41,4,76897,4,1623,4,2234,8,0,0,2186,132,30,1,105071,1,1232,1,2835,1,20299,2,9368,1,119058,1,20910,1,3807,1,6162,1,24617,1,202859,1,34987,1,0,1,0,1,9545,1,4467,1,16559,1,9545,1,48,1,1240,1,1,1,0,1,4504,1,5041,1,0,1
799,1064400,4467,9545,28.988903,0,0,11,0,0,30238,921,1723,1034162,16,192,70,1,34436,1,50,1,308401,1,188191,1,162221,1,334220,1,6573,1,60065,1,13225,4,21,4,88470,4,1152,4,2144,8,0,0,1574,132,10,1,132855,1,1232,1,3276,1,21762,2,9087,1,145619,1,22002,1,4569,1,7354,1,26080,1,234079,1,40668,1,0,1,0,1,9545,1,4467,1,16559,1,9545,1,48,1,1240,1,1,1,0,1,4504,1,5041,1,0,1
800,1098400,4467,9545,28.988903,0,0,11,0,0,38870,962,1670,1059530,16,192,190,1,40588,1,80,1,402151,1,169755,1,195785,1,246282,1,4699,1,55997,1,9378,4,60,4,67860,4,1182,4,1884,8,0,0,1395,132,30,1,78931,1,882,1,3787,1,19297,2,6032,1,122064,1,24998,1,5260,1,8827,1,32081,1,312278,1,48513,1,0,1,0,1,9545,1,4467,1,16559,1,9545,1,48,1,1240,1,1,1,0,1,4504,1,5041,1,0,1
801,772700,4467,9545,28.988903,0,0,11,0,0,29356,882,1512,743344,16,192,80,1,26781,1,80,1,246172,1,146691,1,106153,1,212748,1,4639,1,34546,1,5811,4,40,4,65365,4,992,4,2084,8,0,0,1564,132,10,1,77148,1,862,1,2204,1,17994,2,4809,1,115612,1,16522,1,3276,1,5060,1,21451,1,190174,1,29296,1,0,1,0,1,9545,1,4467,1,16559,1,9545,1,48,1,1240,1,1,1,0,1,4504,1,5041,1,0,1
802,768700,4467,9545,28.988903,0,0,11,0,0,30125,891,1512,738575,16,192,50,1,25559,1,60,1,242515,1,152602,1,105342,1,207648,1,4799,1,33634,1,5741,4,40,4,65085,4,952,4,1814,8,0,0,1255,132,20,1,73601,1,872,1,2214,1,18035,2,4749,1,121493,1,16642,1,3256,1,5060,1,21742,1,187630,1,27903,1,0,1,0,1,9545,1,4467,1,16559,1,9545,1,48,1,1240,1,1,1,0,1,4504,1,5041,1,0,1
803,777200,4467,9545,28.988903,0,0,11,0,0,27143,781,1492,750057,16,192,40,1,25298,1,120,1,241332,1,162962,1,105302,1,210293,1,4709,1,34206,1,5781,4,60,4,65015,4,962,4,1874,8,0,0,1344,132,20,1,76707,1,942,1,2445,1,16802,2,4699,1,131161,1,17323,1,3276,1,5100,1,21391,1,186698,1,27954,1,0,1,0,1,9545,1,4467,1,16559,1,9545,1,48,1,1240,1,1,1,0,1,4504,1,5041,1,0,1
804,1270700,4467,9545,28.988903,0,0,11,0,0,41875,1212,2515,1228825,16,192,170,1,46249,1,50,1,385378,1,182890,1,195855,1,413552,1,4679,1,70114,1,17564,4,70,4,114299,4,2204,4,3066,8,0,0,2755,132,40,1,168854,1,962,1,4418,1,24948,2,5801,1,132664,1,27372,1,5210,1,10430,1,30699,1,297099,1,46750,1,0,1,0,1,9545,1,4467,1,16559,1,9545,1,48,1,1240,1,1,1,0,1,4504,1,5041,1,0,1
805,815600,4467,9545,28.988903,0,0,11,0,0,30215,832,1569,785385,16,192,40,1,27713,1,60,1,245581,1,163593,1,111724,1,231964,1,4709,1,41099,1,7975,4,30,4,65716,4,952,4,2445,8,0,0,1827,132,20,1,85995,1,872,1,2274,1,17844,2,5911,1,130921,1,18025,1,3246,1,5070,1,22603,1,188682,1,29016,1,0,1,0,1,9545,1,4467,1,16559,1,9545,1,48,1,1240,1,1,1,0,1,4504,1,5041,1,0,1
806,831900,4467,9545,28.988903,0,0,11,0,0,29943,1082,1574,801957,16,192,0,1,25589,1,30,1,245360,1,184804,1,111514,1,229941,1,4719,1,41660,1,8496,4,30,4,67219,4,1022,4,1954,8,0,0,1402,132,20,1,80725,1,902,1,2605,1,18215,2,6012,1,153444,1,16912,1,3276,1,5090,1,22864,1,187159,1,30068,1,0,1,0,1,9545,1,4467,1,16559,1,9545,1,48,1,1240,1,1,1,0,1,4504,1,5041,1,0,1
807,774100,4467,9545,28.988903,0,0,11,0,0,29744,811,1590,744356,16,192,40,1,25278,1,40,1,241944,1,153955,1,106043,1,212317,1,4739,1,34276,1,6212,4,30,4,65175,4,1002,4,1844,8,0,0,1255,132,20,1,76977,1,862,1,2194,1,18075,2,4839,1,123106,1,16431,1,3256,1,5090,1,22523,1,186367,1,27753,1,0,1,0,1,9545,1,4467,1,16559,1,9545,1,48,1,1240,1,1,1,0,1,4504,1,5041,1,0,1
808,761400,4467,9545,28.988903,0,0,11,0,0,29538,792,1590,731862,16,192,60,1,25429,1,40,1,239579,1,149176,1,105442,1,207528,1,4609,1,33875,1,5721,4,40,4,65245,4,1022,4,1814,8,0,0,1246,132,20,1,73381,1,862,1,2234,1,17894,2,4629,1,118647,1,16201,1,3246,1,5080,1,21511,1,184804,1,27994,1,0,1,0,1,9545,1,4467,1,16559,1,9545,1,48,1,1240,1,1,1,0,1,4504,1,5041,1,0,1
809,767900,4467,9545,28.988903,0,0,11,0,0,29866,832,1493,738034,16,192,70,1,25649,1,30,1,239449,1,152352,1,104941,1,210794,1,4749,1,33414,1,5741,4,60,4,65105,4,992,4,2635,8,0,0,2134,132,20,1,76326,1,882,1,2214,1,17844,2,4729,1,121423,1,16452,1,3296,1,5050,1,21161,1,185105,1,27944,1,0,1,0,1,9545,1,4467,1,16559,1,9545,1,48,1,1240,1,1,1,0,1,4504,1,5041,1,0,1
810,766400,4467,9545,28.988903,0,0,11,0,0,29278,822,1589,737122,16,192,40,1,25930,1,100,1,239439,1,154125,1,106173,1,206606,1,4709,1,32953,1,5691,4,40,4,65195,4,972,4,1824,8,0,0,1207,132,20,1,73581,1,882,1,2194,1,17714,2,4719,1,122274,1,16251,1,3276,1,5120,1,21351,1,184954,1,27843,1,0,1,0,1,9545,1,4467,1,16559,1,9545,1,48,1,1240,1,1,1,0,1,4504,1,5041,1,0,1
811,847000,4467,9545,28.988903,0,0,11,0,0,38240,912,1689,808760,16,192,10,1,25308,1,40,1,238828,1,215293,1,107516,1,216845,1,4919,1,38634,1,6012,4,40,4,64954,4,1282,4,1884,8,0,0,1477,132,10,1,76416,1,882,1,2324,1,18826,2,4669,1,138425,1,62019,1,3256,1,5080,1,21521,1,184073,1,27924,1,0,1,0,1,9545,1,4467,1,16559,1,9545,1,48,1,1240,1,1,1,0,1,4504,1,5041,1,0,1
812,797900,4467,9545,28.988903,0,0,11,0,0,31612,861,1719,766288,16,192,50,1,26431,1,90,1,242094,1,158033,1,116493,1,218328,1,4769,1,41269,1,5611,4,40,4,65345,4,992,4,1894,8,0,0,1167,132,10,1,74022,1,882,1,2515,1,19217,2,5671,1,123116,1,20018,1,3266,1,5130,1,22152,1,186728,1,27924,1,0,1,0,1,9545,1,4467,1,16559,1,9545,1,48,1,1240,1,1,1,0,1,4504,1,5041,1,0,1
813,1418900,4467,9545,28.988903,0,0,11,0,0,36226,972,1754,1382674,16,192,160,1,50657,1,70,1,468478,1,213564,1,228027,1,413182,1,8536,1,74553,1,17333,4,40,4,112526,4,1292,4,2435,8,0,0,1973,132,30,1,159796,1,1613,1,4228,1,27002,2,11362,1,153008,1,28795,1,8025,1,10921,1,33835,1,360130,1,62560,1,0,1,0,1,9545,1,4467,1,16559,1,9545,1,48,1,1240,1,1,1,0,1,4504,1,5041,1,0,1
814,1490600,4467,9545,28.988903,0,0,11,0,0,36955,1272,2314,1453645,16,192,190,1,54595,1,90,1,528412,1,186137,1,230983,1,445985,1,7254,1,81847,1,18676,4,80,4,125510,4,1553,4,2785,8,0,0,2024,132,40,1,170026,1,1413,1,4759,1,27913,2,10109,1,127765,1,30458,1,6462,1,11813,1,37231,1,419243,1,59604,1,0,1,0,1,9545,1,4467,1,16559,1,9545,1,48,1,1240,1,1,1,0,1,4504,1,5041,1,0,1
815,1100400,4467,9545,28.988903,0,0,11,0,0,30059,832,1684,1070341,16,192,40,1,38053,1,70,1,339350,1,177480,1,181237,1,329091,1,5020,1,65005,1,14909,4,40,4,99200,4,1162,4,2174,8,0,0,1652,132,20,1,113297,1,952,1,3617,1,20980,2,6903,1,130410,1,24397,1,5120,1,8206,1,27533,1,256912,1,46449,1,0,1,0,1,9545,1,4467,1,16559,1,9545,1,48,1,1240,1,1,1,0,1,4504,1,5041,1,0,1
816,849000,4467,9545,28.988903,0,0,11,0,0,32626,792,1552,816374,16,192,40,1,26731,1,100,1,253406,1,159656,1,125641,1,246172,1,4629,1,44656,1,9859,4,40,4,72739,4,992,4,1873,8,0,0,1313,132,20,1,89091,1,862,1,2515,1,17854,2,4879,1,125450,1,18756,1,3517,1,5641,1,23505,1,191156,1,32903,1,0,1,0,1,9545,1,4467,1,16559,1,9545,1,48,1,1240,1,1,1,0,1,4504,1,5041,1,0,1
817,1369800,4467,9545,28.988903,0,0,11,0,0,42787,1152,1703,1327013,16,192,160,1,58272,1,70,1,521189,1,238186,1,180887,1,322157,1,6092,1,67640,1,12805,4,70,4,82398,4,1403,4,1974,8,0,0,1674,132,30,1,116303,1,1142,1,4088,1,24828,2,8326,1,177811,1,34025,1,5891,1,12374,1,37622,1,402652,1,67880,1,0,1,0,1,9545,1,4467,1,16559,1,9545,1,48,1,1240,1,1,1,0,1,4504,1,5041,1,0,1
818,1147100,4467,9545,28.988903,0,0,11,0,0,34739,1042,1844,1112361,16,192,50,1,26671,1,70,1,243577,1,219591,1,203079,1,411118,1,8206,1,74763,1,16832,4,50,4,112465,4,1313,4,2505,8,0,0,1973,132,10,1,157963,1,1543,1,4188,1,27142,2,11302,1,166599,1,27413,1,5931,1,5110,1,22563,1,188401,1,27312,1,0,1,0,1,9545,1,4467,1,16559,1,9545,1,48,1,1240,1,1,1,0,1,4504,1,5041,1,0,1
819,837800,4467,9545,28.988903,0,0,11,0,0,32447,812,1629,805353,16,192,40,1,43503,1,40,1,282111,1,156991,1,105622,1,212337,1,4709,1,34987,1,5701,4,40,4,64944,4,1122,4,1884,8,0,0,1377,132,20,1,76236,1,882,1,2224,1,18706,2,4779,1,126142,1,16431,1,3256,1,9338,1,29897,1,214731,1,27944,1,0,1,0,1,9545,1,4467,1,16559,1,9545,1,48,1,1240,1,1,1,0,1,4504,1,5041,1,0,1
820,781500,4467,9545,28.988903,0,0,11,0,0,30521,891,1550,750979,16,192,30,1,25639,1,70,1,241663,1,163443,1,105813,1,209592,1,4729,1,35017,1,5761,4,30,4,65185,4,972,4,1804,8,0,0,1226,132,20,1,73240,1,882,1,2224,1,18886,2,4679,1,132764,1,16401,1,3256,1,5070,1,20940,1,187710,1,27723,1,0,1,0,1,9545,1,4467,1,16559,1,9545,1,48,1,1240,1,1,1,0,1,4504,1,5041,1,0,1
821,838800,4467,9545,28.988903,0,0,11,0,0,30521,1002,1532,808279,16,192,100,1,27022,1,60,1,275328,1,170356,1,109620,1,220983,1,4809,1,36350,1,7564,4,60,4,65465,4,1142,4,1874,8,0,0,1483,132,50,1,80354,1,862,1,2294,1,18546,2,5420,1,138075,1,17614,1,3266,1,5190,1,22774,1,218919,1,28124,1,0,1,0,1,9545,1,4467,1,16559,1,9545,1,48,1,1240,1,1,1,0,1,4504,1,5041,1,0,1
822,769100,4467,9545,28.988903,0,0,11,0,0,29313,792,1540,739787,16,192,60,1,26811,1,60,1,240661,1,152041,1,107596,1,207918,1,4639,1,34326,1,6012,4,40,4,65145,4,952,4,1844,8,0,0,1255,132,20,1,73090,1,882,1,2244,1,17754,2,4819,1,121433,1,16351,1,3256,1,5110,1,20960,1,186608,1,27793,1,0,1,0,1,9545,1,4467,1,16559,1,9545,1,48,1,1240,1,1,1,0,1,4504,1,5041,1,0,1
823,779900,4467,9545,28.988903,0,0,11,0,0,29843,841,1550,750057,16,192,40,1,25789,1,50,1,240821,1,161640,1,106684,1,210343,1,4689,1,33574,1,5861,4,40,4,65215,4,982,4,1823,8,0,0,1255,132,10,1,76186,1,932,1,2214,1,17874,2,4789,1,130741,1,16542,1,3246,1,5080,1,21271,1,186237,1,28034,1,0,1,0,1,9545,1,4467,1,16559,1,9545,1,48,1,1240,1,1,1,0,1,4504,1,5041,1,0,1
824,1467100,4467,9545,28.988903,0,0,11,0,0,32266,1854,2615,1434834,16,192,40,1,25469,1,50,1,258996,1,254102,1,276510,1,607524,1,12143,1,115942,1,25549,4,90,4,163002,4,2986,4,3577,8,0,0,3948,132,50,1,224670,1,2425,1,6322,1,44525,2,16532,1,180491,1,40337,1,7414,1,5110,1,21311,1,186287,1,46118,1,0,1,0,1,9545,1,4467,1,16559,1,9545,1,48,1,1240,1,1,1,0,1,4504,1,5041,1,0,1
825,1032500,4467,9545,28.988903,0,0,11,0,0,32724,952,1793,999776,16,192,50,1,28455,1,170,1,267773,1,199653,1,163503,1,333619,1,6553,1,60376,1,13316,4,50,4,88319,4,1132,4,2194,8,0,0,1533,132,30,1,131793,1,1242,1,3326,1,21762,2,9127,1,156360,1,22734,1,4589,1,5340,1,22072,1,198881,1,41239,1,0,1,0,1,9545,1,4467,1,16559,1,9545,1,48,1,1240,1,1,1,0,1,4504,1,5041,1,0,1
826,817100,4467,9545,28.988903,0,0,11,0,0,34160,722,1531,782940,16,192,40,1,34226,1,60,1,264938,1,162842,1,106003,1,210113,1,4719,1,35288,1,5771,4,40,4,65205,4,1082,4,1834,8,0,0,1385,132,20,1,73681,1,882,1,2605,1,18135,2,4849,1,131221,1,17133,1,3256,1,7544,1,26391,1,203079,1,27733,1,0,1,0,1,9545,1,4467,1,16559,1,9545,1,48,1,1240,1,1,1,0,1,4504,1,5041,1,0,1
827,785500,4467,9545,28.988903,0,0,11,0,0,30073,822,1609,755427,16,192,120,1,25890,1,80,1,238747,1,168333,1,105282,1,212237,1,4739,1,34586,1,5731,4,40,4,65265,4,962,4,1844,8,0,0,1196,132,20,1,77118,1,882,1,2204,1,18085,2,4679,1,137914,1,16141,1,3256,1,5060,1,21972,1,183512,1,27954,1,0,1,0,1,9545,1,4467,1,16559,1,9545,1,48,1,1240,1,1,1,0,1,4504,1,5041,1,0,1
828,784100,4467,9545,28.988903,0,0,11,0,0,30336,851,1629,753764,16,192,50,1,25659,1,60,1,240230,1,168874,1,105362,1,208800,1,4729,1,34506,1,5731,4,30,4,65185,4,1062,4,1854,8,0,0,1287,132,10,1,73351,1,882,1,2204,1,18445,2,4689,1,137984,1,16431,1,3296,1,5060,1,21942,1,185285,1,27743,1,0,1,0,1,9545,1,4467,1,16559,1,9545,1,48,1,1240,1,1,1,0,1,4504,1,5041,1,0,1
829,786500,4467,9545,28.988903,0,0,11,0,0,30321,871,1600,756179,16,192,30,1,25489,1,80,1,238968,1,169024,1,106384,1,211485,1,4719,1,34055,1,5731,4,21,4,65365,4,1012,4,1854,8,0,0,1265,132,10,1,76847,1,882,1,2224,1,17894,2,4719,1,138215,1,16371,1,3256,1,5080,1,21181,1,184684,1,27833,1,0,1,0,1,9545,1,4467,1,16559,1,9545,1,48,1,1240,1,1,1,0,1,4504,1,5041,1,0,1
830,1370400,4467,9545,28.988903,0,0,11,0,0,39390,992,1853,1331010,16,192,180,1,64343,1,80,1,586864,1,178242,1,170507,1,323961,1,6833,1,60115,1,13225,4,70,4,88650,4,1834,4,2194,8,0,0,2174,132,30,1,121553,1,1302,1,3417,1,21601,2,8977,1,135940,1,22213,1,4679,1,13997,1,43032,1,453589,1,75735,1,0,1,0,1,9545,1,4467,1,16559,1,9545,1,48,1,1240,1,1,1,0,1,4504,1,5041,1,0,1
831,843300,4467,9545,28.988903,0,0,11,0,0,33689,821,1651,809611,16,192,361,1,26731,1,250,1,261070,1,189032,1,107276,1,219591,1,5300,1,39536,1,6713,4,30,4,65435,4,1413,4,1823,8,0,0,1585,132,40,1,77218,1,872,1,2264,1,18515,2,4909,1,139928,1,34236,1,3427,1,5120,1,21862,1,206215,1,27603,1,0,1,0,1,9545,1,4467,1,16559,1,9545,1,48,1,1240,1,1,1,0,1,4504,1,5041,1,0,1
832,923300,4467,9545,28.988903,0,0,11,0,0,30329,882,1610,892971,16,192,30,1,25609,1,50,1,256522,1,196206,1,136061,1,273073,1,5420,1,50517,1,10781,4,40,4,76687,4,992,4,1904,8,0,0,1285,132,10,1,101645,1,1012,1,2765,1,18275,2,7564,1,158824,1,20489,1,3797,1,5050,1,21882,1,201807,1,27553,1,0,1,0,1,9545,1,4467,1,16559,1,9545,1,48,1,1240,1,1,1,0,1,4504,1,5041,1,0,1
833,890500,4467,9545,28.988903,0,0,11,0,0,33087,721,1492,857413,16,192,40,1,28555,1,50,1,273103,1,227085,1,107055,1,216765,1,4759,1,37893,1,5851,4,30,4,65084,4,972,4,1824,8,0,0,1304,132,10,1,76827,1,962,1,2344,1,19487,2,4759,1,189563,1,22874,1,3256,1,6883,1,25960,1,205043,1,35047,1,0,1,0,1,9545,1,4467,1,16559,1,9545,1,48,1,1240,1,1,1,0,1,4504,1,5041,1,0,1
834,903400,4467,9545,28.988903,0,0,11,0,0,35086,982,1602,868314,16,192,150,1,27392,1,90,1,281760,1,169395,1,129428,1,255069,1,5030,1,47832,1,9879,4,60,4,72890,4,1172,4,1974,8,0,0,1544,132,30,1,91185,1,952,1,2745,1,18425,2,6943,1,133606,1,20319,1,3587,1,5470,1,24777,1,220232,1,30819,1,0,1,0,1,9545,1,4467,1,16559,1,9545,1,48,1,1240,1,1,1,0,1,4504,1,5041,1,0,1
835,776800,4467,9545,28.988903,0,0,11,0,0,29979,802,1560,746821,16,192,50,1,26731,1,30,1,247985,1,146841,1,106113,1,214451,1,4619,1,35177,1,6672,4,40,4,65425,4,952,4,2074,8,0,0,1466,132,10,1,76998,1,882,1,2214,1,18095,2,5110,1,115972,1,16512,1,3256,1,5400,1,21591,1,192980,1,27733,1,0,1,0,1,9545,1,4467,1,16559,1,9545,1,48,1,1240,1,1,1,0,1,4504,1,5041,1,0,1
836,775700,4467,9545,28.988903,0,0,11,0,0,29340,841,1521,746360,16,192,80,1,25809,1,40,1,245490,1,154807,1,106354,1,209061,1,4719,1,34155,1,6623,4,30,4,65225,4,962,4,2154,8,0,0,1595,132,20,1,73070,1,862,1,2284,1,18085,2,4749,1,123968,1,16361,1,3276,1,5090,1,21782,1,189984,1,28234,1,0,1,0,1,9545,1,4467,1,16559,1,9545,1,48,1,1240,1,1,1,0,1,4504,1,5041,1,0,1
837,771700,4467,9545,28.988903,0,0,11,0,0,29758,861,1649,741942,16,192,40,1,25509,1,40,1,243226,1,149967,1,106855,1,211595,1,4709,1,34366,1,5761,4,40,4,65115,4,952,4,2225,8,0,0,1528,132,20,1,76667,1,862,1,2224,1,17764,2,4739,1,118707,1,16762,1,3246,1,5380,1,21682,1,188060,1,27863,1,0,1,0,1,9545,1,4467,1,16559,1,9545,1,48,1,1240,1,1,1,0,1,4504,1,5041,1,0,1
838,824600,4467,9545,28.988903,0,0,11,0,0,33664,822,1551,790936,16,192,40,1,25619,1,80,1,242585,1,195785,1,106334,1,215593,1,4899,1,38263,1,6522,4,40,4,65265,4,1212,4,1874,8,0,0,1535,132,20,1,73381,1,872,1,2214,1,20329,2,4779,1,163323,1,17584,1,3246,1,5050,1,21551,1,187970,1,27843,1,0,1,0,1,9545,1,4467,1,16559,1,9545,1,48,1,1240,1,1,1,0,1,4504,1,5041,1,0,1
839,795500,4467,9545,28.988903,0,0,11,0,0,31797,852,1551,763703,16,192,30,1,26010,1,120,1,243767,1,165988,1,110331,1,212738,1,4719,1,35117,1,6112,4,30,4,65034,4,1032,4,1813,8,0,0,1295,132,10,1,76687,1,872,1,2274,1,18065,2,4839,1,131642,1,19658,1,3246,1,5120,1,21742,1,188211,1,28475,1,0,1,0,1,9545,1,4467,1,16559,1,9545,1,48,1,1240,1,1,1,0,1,4504,1,5041,1,0,1
840,915100,4467,9545,28.988903,0,0,11,0,0,33681,782,1531,881419,16,192,40,1,25509,1,80,1,249067,1,221114,1,126042,1,254548,1,5020,1,47010,1,9869,4,40,4,72699,4,972,4,1854,8,0,0,1294,132,30,1,93389,1,952,1,2665,1,17433,2,6853,1,185816,1,19457,1,3537,1,5100,1,21231,1,189884,1,32703,1,0,1,0,1,9545,1,4467,1,16559,1,9545,1,48,1,1240,1,1,1,0,1,4504,1,5041,1,0,1
841,766800,4467,9545,28.988903,0,0,11,0,0,30319,791,1609,736481,16,192,40,1,26882,1,50,1,246122,1,142243,1,105362,1,211135,1,4649,1,34576,1,5811,4,40,4,65135,4,962,4,2274,8,0,0,1627,132,20,1,76156,1,872,1,2314,1,17463,2,4719,1,111173,1,16692,1,3256,1,5641,1,23535,1,188762,1,27994,1,0,1,0,1,9545,1,4467,1,16559,1,9545,1,48,1,1240,1,1,1,0,1,4504,1,5041,1,0,1
842,771000,4467,9545,28.988903,0,0,11,0,0,32415,952,1589,738585,16,192,30,1,25479,1,30,1,241924,1,152602,1,105452,1,208439,1,4629,1,34526,1,5731,4,21,4,65265,4,1082,4,1984,8,0,0,1476,132,20,1,73491,1,872,1,2204,1,17664,2,4629,1,122074,1,16141,1,3256,1,5050,1,21541,1,187449,1,27693,1,0,1,0,1,9545,1,4467,1,16559,1,9545,1,48,1,1240,1,1,1,0,1,4504,1,5041,1,0,1
843,771500,4467,9545,28.988903,0,0,11,0,0,29819,792,1650,741681,16,192,60,1,26260,1,50,1,242575,1,151831,1,105933,1,210273,1,4699,1,33254,1,5711,4,30,4,65285,4,1493,4,1924,8,0,0,1767,132,10,1,76126,1,892,1,2224,1,17754,2,4779,1,120561,1,16712,1,3286,1,5070,1,21511,1,187820,1,27994,1,0,1,0,1,9545,1,4467,1,16559,1,9545,1,48,1,1240,1,1,1,0,1,4504,1,5041,1,0,1
844,759700,4467,9545,28.988903,0,0,11,0,0,27407,851,1530,732293,16,192,30,1,25679,1,40,1,241683,1,147242,1,106143,1,206786,1,4689,1,32673,1,5711,4,21,4,65215,4,1012,4,1844,8,0,0,1325,132,20,1,73601,1,872,1,2234,1,17924,2,4809,1,116133,1,16642,1,3246,1,5090,1,21391,1,187159,1,27853,1,0,1,0,1,9545,1,4467,1,16559,1,9545,1,48,1,1240,1,1,1,0,1,4504,1,5041,1,0,1
845,759800,4467,9545,28.988903,0,0,11,0,0,30453,782,1511,729347,16,192,30,1,25589,1,40,1,242354,1,140950,1,106875,1,208890,1,4619,1,32482,1,5711,4,40,4,65195,4,962,4,1873,8,0,0,1323,132,20,1,76206,1,872,1,2214,1,17854,2,4679,1,110151,1,16482,1,3266,1,5080,1,22142,1,187078,1,27843,1,0,1,0,1,9545,1,4467,1,16559,1,9545,1,48,1,1240,1,1,1,0,1,4504,1,5041,1,0,1
846,768900,4467,9545,28.988903,0,0,11,0,0,33190,811,1589,735710,16,192,40,1,25759,1,70,1,241483,1,149987,1,105672,1,208069,1,4629,1,33554,1,6042,4,30,4,65115,4,932,4,1854,8,0,0,1196,132,10,1,74132,1,862,1,2254,1,17624,2,4849,1,117084,1,17714,1,3246,1,5040,1,21852,1,186628,1,27803,1,0,1,0,1,9545,1,4467,1,16559,1,9545,1,48,1,1240,1,1,1,0,1,4504,1,5041,1,0,1
847,1251900,4467,9545,28.988903,0,0,11,0,0,38605,1282,2254,1213295,16,192,220,1,41179,1,50,1,405046,1,173362,1,198841,1,386981,1,7615,1,75294,1,14969,4,70,4,103158,4,1473,4,2605,8,0,0,1823,132,40,1,145910,1,1453,1,4449,1,25819,2,10460,1,115892,1,34165,1,5250,1,8917,1,27974,1,307660,1,60015,1,0,1,0,1,9545,1,4467,1,16559,1,9545,1,48,1,1240,1,1,1,0,1,4504,1,5041,1,0,1
848,1011300,4467,9545,28.988903,0,0,11,0,0,30370,861,1622,980930,16,192,40,1,31851,1,120,1,286148,1,203871,1,152983,1,300025,1,5891,1,57460,1,12003,4,40,4,82177,4,1122,4,1954,8,0,0,1455,132,10,1,112005,1,1112,1,3046,1,20048,2,8186,1,164465,1,20990,1,4218,1,6693,1,26230,1,215172,1,37843,1,0,1,0,1,9545,1,4467,1,16559,1,9545,1,48,1,1240,1,1,1,0,1,4504,1,5041,1,0,1
849,771300,4467,9545,28.988903,0,0,11,0,0,27855,811,1562,743445,16,192,40,1,25669,1,30,1,243687,1,138305,1,113618,1,217457,1,4639,1,39155,1,6232,4,30,4,65145,4,1303,4,1894,8,0,0,1635,132,10,1,76637,1,872,1,2415,1,18135,2,4819,1,107526,1,16431,1,3246,1,5060,1,22323,1,188351,1,27793,1,0,1,0,1,9545,1,4467,1,16559,1,9545,1,48,1,1240,1,1,1,0,1,4504,1,5041,1,0,1
850,771500,4467,9545,28.988903,0,0,11,0,0,32544,821,1621,738956,16,192,30,1,25659,1,70,1,241593,1,148495,1,108708,1,209812,1,4589,1,36189,1,5761,4,40,4,65035,4,942,4,1934,8,0,0,1255,132,10,1,73190,1,872,1,2234,1,18055,2,4729,1,117936,1,16251,1,3246,1,5060,1,22273,1,186357,1,27703,1,0,1,0,1,9545,1,4467,1,16559,1,9545,1,48,1,1240,1,1,1,0,1,4504,1,5041,1,0,1
851,775400,4467,9545,28.988903,0,0,11,0,0,30553,802,1579,744847,16,192,50,1,25759,1,40,1,241473,1,153644,1,108418,1,210774,1,4689,1,34376,1,5691,4,40,4,65205,4,922,4,1854,8,0,0,1196,132,20,1,76266,1,862,1,2234,1,17894,2,4609,1,122855,1,16401,1,3246,1,5080,1,21251,1,187139,1,27843,1,0,1,0,1,9545,1,4467,1,16559,1,9545,1,48,1,1240,1,1,1,0,1,4504,1,5041,1,0,1
852,767400,4467,9545,28.988903,0,0,11,0,0,30147,861,1539,737253,16,192,40,1,25439,1,80,1,241994,1,149597,1,108318,1,207177,1,4609,1,33865,1,5751,4,30,4,65325,4,972,4,1824,8,0,0,1256,132,20,1,72970,1,862,1,2214,1,17814,2,4669,1,117746,1,16271,1,3286,1,5050,1,21712,1,187179,1,27873,1,0,1,0,1,9545,1,4467,1,16559,1,9545,1,48,1,1240,1,1,1,0,1,4504,1,5041,1,0,1
853,763400,4467,9545,28.988903,0,0,11,0,0,28672,851,1629,734728,16,192,40,1,25729,1,40,1,240992,1,146942,1,105883,1,210453,1,4649,1,32983,1,5751,4,30,4,65576,4,962,4,1864,8,0,0,1197,132,20,1,77248,1,882,1,2194,1,17433,2,4659,1,116423,1,16131,1,3246,1,5110,1,21752,1,185866,1,28054,1,0,1,0,1,9545,1,4467,1,16559,1,9545,1,48,1,1240,1,1,1,0,1,4504,1,5041,1,0,1
854,837100,4467,9545,28.988903,0,0,11,0,0,34792,832,1709,802308,16,192,90,1,30268,1,90,1,243858,1,185245,1,122054,1,215573,1,5130,1,37802,1,6422,4,40,4,65636,4,1242,4,1944,8,0,0,1477,132,10,1,74032,1,872,1,2845,1,19057,2,4839,1,144567,1,25339,1,3286,1,5140,1,21561,1,187950,1,28955,1,0,1,0,1,9545,1,4467,1,16559,1,9545,1,48,1,1240,1,1,1,0,1,4504,1,5041,1,0,1
855,807200,4467,9545,28.988903,0,0,11,0,0,32185,652,1660,775015,16,192,40,1,27403,1,30,1,244579,1,160848,1,118146,1,218909,1,5060,1,38273,1,5951,4,40,4,65405,4,1072,4,1914,8,0,0,1326,132,20,1,76717,1,892,1,3386,1,19097,2,5491,1,128005,1,18295,1,3276,1,5120,1,22263,1,188802,1,28254,1,0,1,0,1,9545,1,4467,1,16559,1,9545,1,48,1,1240,1,1,1,0,1,4504,1,5041,1,0,1
856,900700,4467,9545,28.988903,0,0,11,0,0,30974,851,1579,869726,16,192,30,1,26411,1,50,1,249999,1,200695,1,132704,1,254788,1,5050,1,46509,1,9859,4,30,4,72639,4,972,4,1874,8,0,0,1266,132,20,1,92758,1,872,1,2565,1,18926,2,6913,1,166689,1,18305,1,3537,1,5581,1,23164,1,188451,1,32602,1,0,1,0,1,9545,1,4467,1,16559,1,9545,1,48,1,1240,1,1,1,0,1,4504,1,5041,1,0,1
857,766700,4467,9545,28.988903,0,0,11,0,0,30008,781,1492,736692,16,192,40,1,25759,1,80,1,239860,1,146751,1,107616,1,211886,1,4699,1,34145,1,5951,4,30,4,65355,4,962,4,1834,8,0,0,1303,132,10,1,76356,1,892,1,2204,1,18626,2,4739,1,115882,1,16442,1,3266,1,5090,1,21511,1,185155,1,27913,1,0,1,0,1,9545,1,4467,1,16559,1,9545,1,48,1,1240,1,1,1,0,1,4504,1,5041,1,0,1
858,756400,4467,9545,28.988903,0,0,11,0,0,31271,802,1521,725129,16,192,30,1,25038,1,40,1,240100,1,141631,1,106534,1,207157,1,4599,1,33584,1,5751,4,40,4,65215,4,932,4,1844,8,0,0,1255,132,20,1,73110,1,872,1,2224,1,17954,2,4809,1,110902,1,16431,1,3246,1,5130,1,21812,1,185035,1,27913,1,0,1,0,1,9545,1,4467,1,16559,1,9545,1,48,1,1240,1,1,1,0,1,4504,1,5041,1,0,1
859,769700,4467,9545,28.988903,0,0,11,0,0,29923,852,1530,739777,16,192,50,1,25749,1,50,1,238437,1,150518,1,108378,1,211856,1,4739,1,33785,1,5671,4,40,4,65576,4,982,4,1904,8,0,0,1355,132,20,1,77368,1,882,1,2234,1,17844,2,4699,1,119699,1,16361,1,3266,1,5070,1,21331,1,183892,1,27924,1,0,1,0,1,9545,1,4467,1,16559,1,9545,1,48,1,1240,1,1,1,0,1,4504,1,5041,1,0,1
860,1248000,4467,9545,28.988903,0,0,11,0,0,39524,1092,2104,1208476,16,192,200,1,44495,1,100,1,424303,1,170457,1,194934,1,366422,1,7564,1,67339,1,14929,4,80,4,102617,4,1473,4,2515,8,0,0,1884,132,60,1,136532,1,1453,1,4098,1,23936,2,10300,1,122174,1,25539,1,5230,1,9849,1,32102,1,329171,1,52741,1,0,1,0,1,9545,1,4467,1,16559,1,9545,1,48,1,1240,1,1,1,0,1,4504,1,5041,1,0,1
861,967500,4467,9545,28.988903,0,0,11,0,0,37827,1132,2194,929673,16,192,40,1,27312,1,40,1,253235,1,183062,1,150228,1,309864,1,5891,1,57099,1,11793,4,80,4,86205,4,1463,4,2425,8,0,0,1693,132,40,1,114840,1,1082,1,3306,1,22333,2,8065,1,143386,1,21090,1,4108,1,5060,1,21421,1,192218,1,34316,1,0,1,0,1,9545,1,4467,1,16559,1,9545,1,48,1,1240,1,1,1,0,1,4504,1,5041,1,0,1
862,917100,4467,9545,28.988903,0,0,11,0,0,34298,812,1640,882802,16,192,60,1,32071,1,60,1,275788,1,180346,1,133456,1,255980,1,5040,1,47261,1,9849,4,40,4,72749,4,1062,4,1854,8,0,0,1276,132,20,1,93589,1,952,1,2555,1,18385,2,6853,1,137944,1,26601,1,3527,1,6262,1,27282,1,208419,1,33634,1,0,1,0,1,9545,1,4467,1,16559,1,9545,1,48,1,1240,1,1,1,0,1,4504,1,5041,1,0,1
863,936600,4467,9545,28.988903,0,0,11,0,0,31245,911,1561,905355,16,192,40,1,26661,1,130,1,251993,1,200424,1,141681,1,278995,1,5430,1,49846,1,10751,4,30,4,76937,4,962,4,1854,8,0,0,1255,132,20,1,107877,1,1012,1,2725,1,18716,2,7354,1,164185,1,19327,1,3807,1,5631,1,23495,1,187670,1,34987,1,0,1,0,1,9545,1,4467,1,16559,1,9545,1,48,1,1240,1,1,1,0,1,4504,1,5041,1,0,1
864,1317200,4467,9545,28.988903,0,0,11,0,0,32619,1081,1874,1284581,16,192,150,1,60265,1,70,1,460653,1,195465,1,208850,1,354429,1,4699,1,72529,1,16922,4,61,4,112696,4,1413,4,2665,8,0,0,2204,132,40,1,114179,1,952,1,4338,1,22503,2,5050,1,142854,1,27252,1,5891,1,12995,1,39456,1,353598,1,54184,1,0,1,0,1,9545,1,4467,1,16559,1,9545,1,48,1,1240,1,1,1,0,1,4504,1,5041,1,0,1
865,773500,4467,9545,28.988903,0,0,11,0,0,29865,901,1560,743635,16,192,60,1,26882,1,50,1,238247,1,155187,1,108298,1,210193,1,4719,1,33144,1,5791,4,30,4,65135,4,992,4,1834,8,0,0,1266,132,10,1,76376,1,882,1,2234,1,17934,2,4929,1,123968,1,16672,1,3326,1,5070,1,21722,1,183331,1,27873,1,0,1,0,1,9545,1,4467,1,16559,1,9545,1,48,1,1240,1,1,1,0,1,4504,1,5041,1,0,1
866,776700,4467,9545,28.988903,0,0,11,0,0,36502,1001,1511,740198,16,192,70,1,25589,1,100,1,238607,1,156420,1,108127,1,206666,1,4619,1,33033,1,5671,4,21,4,65195,4,993,4,1854,8,0,0,1335,132,10,1,73391,1,862,1,2254,1,17634,2,4749,1,125661,1,16381,1,3296,1,5050,1,22132,1,183131,1,28094,1,0,1,0,1,9545,1,4467,1,16559,1,9545,1,48,1,1240,1,1,1,0,1,4504,1,5041,1,0,1
867,775300,4467,9545,28.988903,0,0,11,0,0,33238,832,1570,742062,16,192,20,1,25559,1,50,1,238607,1,155518,1,107336,1,210263,1,4709,1,33765,1,5721,4,30,4,65325,4,982,4,1844,8,0,0,1255,132,20,1,76126,1,882,1,2234,1,17824,2,4679,1,124138,1,16922,1,3256,1,5060,1,21401,1,184093,1,27843,1,0,1,0,1,9545,1,4467,1,16559,1,9545,1,48,1,1240,1,1,1,0,1,4504,1,5041,1,0,1
868,813500,4467,9545,28.988903,0,0,11,0,0,32554,741,1562,780946,16,192,20,1,25629,1,70,1,238026,1,171679,1,109580,1,231143,1,4799,1,49896,1,8246,4,40,4,65125,4,972,4,1874,8,0,0,1283,132,20,1,76396,1,882,1,2565,1,19618,2,4769,1,140830,1,16411,1,3256,1,5050,1,21862,1,183502,1,27463,1,0,1,0,1,9545,1,4467,1,16559,1,9545,1,48,1,1240,1,1,1,0,1,4504,1,5041,1,0,1
869,840100,4467,9545,28.988903,0,0,11,0,0,32803,1002,1582,807297,16,192,30,1,28384,1,40,1,240120,1,190876,1,120822,1,222256,1,4769,1,42271,1,6623,4,30,4,65345,4,1042,4,1884,8,0,0,1343,132,20,1,76627,1,882,1,3226,1,18546,2,4759,1,142433,1,33875,1,3236,1,5921,1,22313,1,183902,1,27723,1,0,1,0,1,9545,1,4467,1,16559,1,9545,1,48,1,1240,1,1,1,0,1,4504,1,5041,1,0,1
870,826200,4467,9545,28.988903,0,0,11,0,0,28441,752,1551,797759,16,192,40,1,26561,1,60,1,238938,1,152953,1,127304,1,247284,1,4619,1,48513,1,9148,4,30,4,69773,4,972,4,1874,8,0,0,1294,132,20,1,86335,1,882,1,3216,1,19297,2,6472,1,121252,1,17263,1,3236,1,5070,1,22213,1,183612,1,27873,1,0,1,0,1,9545,1,4467,1,16559,1,9545,1,48,1,1240,1,1,1,0,1,4504,1,5041,1,0,1
871,848100,4467,9545,28.988903,0,0,11,0,0,30644,832,1570,817456,16,192,50,1,25960,1,100,1,245631,1,196226,1,124018,1,220773,1,4699,1,42802,1,5691,4,40,4,65195,4,942,4,2164,8,0,0,1536,132,20,1,77058,1,872,1,2415,1,18095,2,4649,1,163573,1,17804,1,3266,1,5210,1,24156,1,184924,1,31170,1,0,1,0,1,9545,1,4467,1,16559,1,9545,1,48,1,1240,1,1,1,0,1,4504,1,5041,1,0,1
872,770800,4467,9545,28.988903,0,0,11,0,0,29780,791,1552,741020,16,192,50,1,25789,1,100,1,239409,1,151681,1,109820,1,209481,1,4689,1,35608,1,5761,4,40,4,65165,4,1082,4,1924,8,0,0,1454,132,20,1,73651,1,872,1,2284,1,17363,2,4919,1,120040,1,17173,1,3286,1,5080,1,22012,1,184253,1,27913,1,0,1,0,1,9545,1,4467,1,16559,1,9545,1,48,1,1240,1,1,1,0,1,4504,1,5041,1,0,1
873,1118800,4467,9545,28.988903,0,0,11,0,0,32038,1072,1689,1086762,16,192,140,1,46860,1,60,1,410887,1,174324,1,214361,1,235441,1,4689,1,52300,1,6943,4,70,4,65325,4,1152,4,1854,8,0,0,1317,132,30,1,77969,1,872,1,4559,1,18115,2,5180,1,121533,1,27342,1,5871,1,9789,1,31310,1,315394,1,53973,1,0,1,0,1,9545,1,4467,1,16559,1,9545,1,48,1,1240,1,1,1,0,1,4504,1,5041,1,0,1
874,759500,4467,9545,28.988903,0,0,11,0,0,29792,821,1609,729708,16,192,60,1,26751,1,100,1,240180,1,142934,1,107526,1,207538,1,4619,1,34135,1,5951,4,30,4,65065,4,1102,4,1844,8,0,0,1337,132,10,1,72940,1,882,1,2224,1,17624,2,4909,1,112065,1,16582,1,3246,1,5050,1,22293,1,184784,1,27863,1,0,1,0,1,9545,1,4467,1,16559,1,9545,1,48,1,1240,1,1,1,0,1,4504,1,5041,1,0,1
875,761200,4467,9545,28.988903,0,0,11,0,0,28025,792,1570,733175,16,192,30,1,25679,1,40,1,239128,1,144477,1,107847,1,211365,1,4609,1,33374,1,6593,4,40,4,65075,4,1292,4,1864,8,0,0,1586,132,20,1,76326,1,872,1,2204,1,17944,2,4970,1,113848,1,16351,1,3256,1,5050,1,21692,1,184193,1,27974,1,0,1,0,1,9545,1,4467,1,16559,1,9545,1,48,1,1240,1,1,1,0,1,4504,1,5041,1,0,1
876,863300,4467,9545,28.988903,0,0,11,0,0,30063,753,1588,833237,16,192,30,1,25459,1,40,1,241222,1,206706,1,128687,1,226334,1,4759,1,48864,1,6572,4,60,4,65265,4,1041,4,1864,8,0,0,1317,132,10,1,74082,1,872,1,2605,1,19407,2,4939,1,150498,1,39656,1,3246,1,5060,1,22132,1,186347,1,27443,1,0,1,0,1,9545,1,4467,1,16559,1,9545,1,48,1,1240,1,1,1,0,1,4504,1,5041,1,0,1
877,799100,4467,9545,28.988903,0,0,11,0,0,32391,851,1550,766709,16,192,40,1,26030,1,100,1,241994,1,168132,1,110211,1,215493,1,4709,1,36290,1,6563,4,40,4,65245,4,1042,4,1844,8,0,0,1336,132,20,1,76687,1,882,1,2405,1,18556,2,5070,1,133596,1,20028,1,3256,1,5040,1,22453,1,185095,1,29246,1,0,1,0,1,9545,1,4467,1,16559,1,9545,1,48,1,1240,1,1,1,0,1,4504,1,5041,1,0,1
878,865000,4467,9545,28.988903,0,0,11,0,0,30671,881,1551,834329,16,192,50,1,25880,1,50,1,242565,1,195725,1,122685,1,242645,1,4729,1,43784,1,9198,4,30,4,69824,4,1022,4,2435,8,0,0,1907,132,20,1,86265,1,902,1,2435,1,19437,2,6412,1,161920,1,18816,1,3306,1,5070,1,22092,1,184213,1,30959,1,0,1,0,1,9545,1,4467,1,16559,1,9545,1,48,1,1240,1,1,1,0,1,4504,1,5041,1,0,1
879,809200,4467,9545,28.988903,0,0,11,0,0,30267,822,1612,778933,16,192,150,1,26300,1,100,1,243326,1,185175,1,107266,1,211906,1,4709,1,33614,1,5721,4,40,4,65185,4,1062,4,2435,8,0,0,1885,132,20,1,76487,1,882,1,2224,1,18776,2,4639,1,153715,1,16973,1,3276,1,5230,1,22764,1,183782,1,31350,1,0,1,0,1,9545,1,4467,1,16559,1,9545,1,48,1,1240,1,1,1,0,1,4504,1,5041,1,0,1
880,753700,4467,9545,28.988903,0,0,11,0,0,30554,811,1571,723146,16,192,40,1,25799,1,50,1,238036,1,139517,1,107296,1,207778,1,4629,1,33374,1,5741,4,30,4,65175,4,1032,4,1834,8,0,0,1296,132,20,1,73451,1,872,1,2204,1,18495,2,4739,1,108738,1,16452,1,3246,1,5090,1,21672,1,183031,1,28014,1,0,1,0,1,9545,1,4467,1,16559,1,9545,1,48,1,1240,1,1,1,0,1,4504,1,5041,1,0,1
881,768900,4467,9545,28.988903,0,0,11,0,0,31227,801,1541,737673,16,192,40,1,25589,1,40,1,238267,1,150308,1,107686,1,210974,1,4769,1,33785,1,5761,4,40,4,65265,4,962,4,1854,8,0,0,1275,132,20,1,76557,1,872,1,2244,1,18065,2,4749,1,118257,1,16512,1,3256,1,5030,1,21892,1,183151,1,27984,1,0,1,0,1,9545,1,4467,1,16559,1,9545,1,48,1,1240,1,1,1,0,1,4504,1,5041,1,0,1
882,754500,4467,9545,28.988903,0,0,11,0,0,29421,841,1540,725079,16,192,30,1,25920,1,60,1,237555,1,142934,1,107937,1,206025,1,4619,1,32633,1,5791,4,11,4,65125,4,962,4,1864,8,0,0,1286,132,20,1,73361,1,862,1,2224,1,17734,2,4599,1,112445,1,15991,1,3346,1,5060,1,20920,1,183522,1,27833,1,0,1,0,1,9545,1,4467,1,16559,1,9545,1,48,1,1240,1,1,1,0,1,4504,1,5041,1,0,1
883,764800,4467,9545,28.988903,0,0,11,0,0,30403,882,1538,734397,16,192,50,1,25829,1,30,1,238868,1,149056,1,107065,1,208780,1,4719,1,32653,1,5661,4,60,4,65094,4,1002,4,1844,8,0,0,1307,132,20,1,76326,1,882,1,2204,1,17403,2,4749,1,118186,1,16452,1,3276,1,5050,1,21842,1,183832,1,27964,1,0,1,0,1,9545,1,4467,1,16559,1,9545,1,48,1,1240,1,1,1,0,1,4504,1,5041,1,0,1
884,840800,4467,9545,28.988903,0,0,11,0,0,31309,881,1559,809491,16,192,30,1,25489,1,50,1,241483,1,199372,1,118257,1,220162,1,4649,1,42051,1,6442,4,40,4,65275,4,1032,4,1834,8,0,0,1306,132,20,1,73481,1,882,1,2375,1,21120,2,4729,1,159185,1,25349,1,3366,1,5050,1,21631,1,187119,1,27493,1,0,1,0,1,9545,1,4467,1,16559,1,9545,1,48,1,1240,1,1,1,0,1,4504,1,5041,1,0,1
885,782200,4467,9545,28.988903,0,0,11,0,0,28195,731,1561,754005,16,192,40,1,26330,1,50,1,240040,1,159636,1,110281,1,212998,1,4629,1,34787,1,6472,4,40,4,65015,4,982,4,1854,8,0,0,1274,132,20,1,76767,1,872,1,2234,1,18385,2,4839,1,125651,1,19608,1,3246,1,5591,1,21662,1,184423,1,28194,1,0,1,0,1,9545,1,4467,1,16559,1,9545,1,48,1,1240,1,1,1,0,1,4504,1,5041,1,0,1
886,1583100,4467,9545,28.988903,0,0,11,0,0,38240,1563,2585,1544860,16,192,150,1,39566,1,80,1,375720,1,238868,1,309533,1,571475,1,9468,1,108508,1,24587,4,90,4,163323,4,1904,4,3547,8,0,0,2865,132,40,1,210253,1,1844,1,6813,1,34787,2,14217,1,166750,1,35789,1,8667,1,8657,1,29597,1,289715,1,47361,1,0,1,0,1,9545,1,4467,1,16559,1,9545,1,48,1,1240,1,1,1,0,1,4504,1,5041,1,0,1
887,1050100,4467,9545,28.988903,0,0,11,0,0,37470,1012,1695,1012630,16,192,170,1,34666,1,80,1,349680,1,161009,1,167070,1,295316,1,4639,1,57380,1,13215,4,80,4,89882,4,1182,4,2084,8,0,0,1571,132,30,1,99931,1,862,1,3417,1,20509,2,5731,1,117605,1,23245,1,4599,1,7494,1,26651,1,274095,1,41069,1,0,1,0,1,9545,1,4467,1,16559,1,9545,1,48,1,1240,1,1,1,0,1,4504,1,5041,1,0,1
888,1080100,4467,9545,28.988903,0,0,11,0,0,35829,801,1562,1044271,16,192,20,1,38634,1,30,1,352025,1,172090,1,182079,1,293573,1,5821,1,53002,1,11863,4,40,4,81917,4,1002,4,1944,8,0,0,1384,132,10,1,111333,1,1122,1,2976,1,19367,2,8196,1,123356,1,25890,1,5180,1,8316,1,30759,1,265709,1,46960,1,0,1,0,1,9545,1,4467,1,16559,1,9545,1,48,1,1240,1,1,1,0,1,4504,1,5041,1,0,1
889,879700,4467,9545,28.988903,0,0,11,0,0,33849,832,1619,845851,16,192,40,1,30839,1,60,1,283052,1,170727,1,145749,1,210634,1,4749,1,33194,1,5981,4,40,4,65415,4,982,4,1823,8,0,0,1187,132,20,1,76777,1,862,1,2234,1,17564,2,4909,1,131171,1,21151,1,4138,1,6673,1,25168,1,212998,1,37993,1,0,1,0,1,9545,1,4467,1,16559,1,9545,1,48,1,1240,1,1,1,0,1,4504,1,5041,1,0,1
890,856400,4467,9545,28.988903,0,0,11,0,0,31630,891,1531,824770,16,192,60,1,26771,1,70,1,276620,1,165016,1,112165,1,239278,1,4789,1,42461,1,9188,4,40,4,69563,4,1162,4,1834,8,0,0,1465,132,20,1,86786,1,892,1,2395,1,17514,2,6533,1,131031,1,18495,1,3306,1,5080,1,22333,1,218318,1,30669,1,0,1,0,1,9545,1,4467,1,16559,1,9545,1,48,1,1240,1,1,1,0,1,4504,1,5041,1,0,1
891,1056800,4467,9545,28.988903,0,0,11,0,0,32869,872,1609,1023931,16,192,210,1,38594,1,70,1,410296,1,177820,1,128717,1,263184,1,5040,1,47681,1,9869,4,30,4,72799,4,1052,4,1964,8,0,0,1406,132,20,1,100583,1,882,1,2865,1,17694,2,6873,1,139276,1,23014,1,4338,1,8486,1,28745,1,294805,1,77749,1,0,1,0,1,9545,1,4467,1,16559,1,9545,1,48,1,1240,1,1,1,0,1,4504,1,5041,1,0,1
892,1164900,4467,9545,28.988903,0,0,11,0,0,32305,1002,1894,1132595,16,192,40,1,26671,1,70,1,257824,1,230567,1,199923,1,409184,1,8316,1,74883,1,16872,4,21,4,112385,4,1373,4,2495,8,0,0,1973,132,20,1,155959,1,1623,1,4308,1,26861,2,11382,1,179859,1,24848,1,5981,1,5631,1,23395,1,196006,1,32602,1,0,1,0,1,9545,1,4467,1,16559,1,9545,1,48,1,1240,1,1,1,0,1,4504,1,5041,1,0,1
893,810200,4467,9545,28.988903,0,0,11,0,0,31257,872,1590,778943,16,192,120,1,27613,1,20,1,252674,1,163253,1,109790,1,220823,1,4649,1,36760,1,7554,4,60,4,65325,4,992,4,1854,8,0,0,1255,132,20,1,81105,1,862,1,2244,1,17864,2,5310,1,132053,1,16702,1,3246,1,5611,1,23675,1,189884,1,33354,1,0,1,0,1,9545,1,4467,1,16559,1,9545,1,48,1,1240,1,1,1,0,1,4504,1,5041,1,0,1
894,790000,4467,9545,28.988903,0,0,11,0,0,30034,792,1579,759966,16,192,30,1,25188,1,20,1,245540,1,168573,1,108267,1,207618,1,4729,1,33224,1,6192,4,40,4,65285,4,972,4,1844,8,0,0,1236,132,20,1,73300,1,872,1,2355,1,17894,2,4829,1,136662,1,16241,1,4318,1,5090,1,22663,1,188381,1,29236,1,0,1,0,1,9545,1,4467,1,16559,1,9545,1,48,1,1240,1,1,1,0,1,4504,1,5041,1,0,1
895,790300,4467,9545,28.988903,0,0,11,0,0,29773,872,1540,760527,16,192,40,1,25429,1,40,1,241833,1,169906,1,107426,1,211155,1,4699,1,33965,1,5861,4,40,4,65285,4,962,4,2245,8,0,0,1667,132,10,1,76076,1,882,1,2214,1,18045,2,4699,1,139157,1,16301,1,3256,1,5060,1,21611,1,186868,1,28094,1,0,1,0,1,9545,1,4467,1,16559,1,9545,1,48,1,1240,1,1,1,0,1,4504,1,5041,1,0,1
896,801400,4467,9545,28.988903,0,0,11,0,0,29992,781,1619,771408,16,192,40,1,25599,1,80,1,258024,1,168693,1,107887,1,206335,1,4749,1,33294,1,5781,4,30,4,65095,4,1042,4,1983,8,0,0,1406,132,20,1,72970,1,882,1,2274,1,17443,2,4739,1,137654,1,16452,1,3266,1,5080,1,21391,1,203470,1,27903,1,0,1,0,1,9545,1,4467,1,16559,1,9545,1,48,1,1240,1,1,1,0,1,4504,1,5041,1,0,1
897,795200,4467,9545,28.988903,0,0,11,0,0,31647,861,1650,763553,16,192,40,1,25539,1,60,1,252905,1,162592,1,108057,1,209622,1,4739,1,33524,1,5851,4,31,4,65225,4,982,4,1944,8,0,0,1275,132,20,1,76406,1,862,1,2204,1,16892,2,4819,1,131833,1,16271,1,3266,1,5090,1,21431,1,198160,1,28074,1,0,1,0,1,9545,1,4467,1,16559,1,9545,1,48,1,1240,1,1,1,0,1,4504,1,5041,1,0,1
898,801000,4467,9545,28.988903,0,0,11,0,0,34371,760,1571,766629,16,192,50,1,26861,1,40,1,249328,1,159205,1,109931,1,216565,1,4649,1,38444,1,7264,4,21,4,65165,4,1063,4,1854,8,0,0,1346,132,20,1,73892,1,862,1,2214,1,20028,2,4980,1,122435,1,22172,1,3246,1,5160,1,22183,1,193841,1,27964,1,0,1,0,1,9545,1,4467,1,16559,1,9545,1,48,1,1240,1,1,1,0,1,4504,1,5041,1,0,1
899,794800,4467,9545,28.988903,0,0,11,0,0,33010,821,1522,761790,16,192,30,1,25619,1,60,1,246031,1,155027,1,108147,1,222166,1,4709,1,37742,1,7595,4,30,4,65175,4,972,4,1844,8,0,0,1293,132,20,1,80875,1,872,1,2214,1,18646,2,5360,1,122885,1,17754,1,3256,1,5070,1,22874,1,190094,1,27833,1,0,1,0,1,9545,1,4467,1,16559,1,9545,1,48,1,1240,1,1,1,0,1,4504,1,5041,1,0,1
900,778900,4467,9545,28.988903,0,0,11,0,0,31538,762,1599,747362,16,192,30,1,25599,1,40,1,242875,1,152973,1,108388,1,212728,1,4729,1,36049,1,7625,4,40,4,65295,4,1002,4,1844,8,0,0,1246,132,20,1,73771,1,922,1,2214,1,17914,2,5270,1,122074,1,16522,1,3256,1,5040,1,21982,1,187740,1,27913,1,0,1,0,1,9545,1,4467,1,16559,1,9545,1,48,1,1240,1,1,1,0,1,4504,1,5041,1,0,1
901,772600,4467,9545,28.988903,0,0,11,0,0,30218,861,1550,742382,16,192,30,1,25589,1,40,1,240942,1,151811,1,108588,1,210674,1,4709,1,33033,1,6012,4,40,4,65275,4,1072,4,1824,8,0,0,1346,132,10,1,76677,1,872,1,2224,1,17844,2,4929,1,120711,1,16662,1,3286,1,5050,1,21972,1,185976,1,27723,1,0,1,0,1,9545,1,4467,1,16559,1,9545,1,48,1,1240,1,1,1,0,1,4504,1,5041,1,0,1
902,758700,4467,9545,28.988903,0,0,11,0,0,29853,751,1571,728847,16,192,30,1,25599,1,50,1,239539,1,143265,1,108358,1,207387,1,4619,1,32953,1,6202,4,40,4,64964,4,1152,4,1844,8,0,0,1425,132,10,1,73451,1,872,1,2274,1,18085,2,4789,1,111273,1,16411,1,3256,1,5090,1,21421,1,184954,1,27903,1,0,1,0,1,9545,1,4467,1,16559,1,9545,1,48,1,1240,1,1,1,0,1,4504,1,5041,1,0,1
903,1013500,4467,9545,28.988903,0,0,11,0,0,34113,912,1671,979387,16,192,190,1,33765,1,90,1,352365,1,160698,1,162501,1,264777,1,5000,1,48874,1,9879,4,70,4,72920,4,1132,4,1934,8,0,0,1394,132,30,1,99220,1,942,1,3276,1,18536,2,7054,1,119419,1,21902,1,4479,1,7194,1,29557,1,274075,1,41139,1,0,1,0,1,9545,1,4467,1,16559,1,9545,1,48,1,1240,1,1,1,0,1,4504,1,5041,1,0,1
904,774800,4467,9545,28.988903,0,0,11,0,0,30283,731,1751,744517,16,192,60,1,27062,1,60,1,239198,1,150017,1,107536,1,215944,1,4639,1,33404,1,6623,4,30,4,65315,4,1112,4,1934,8,0,0,1295,132,20,1,79603,1,872,1,2254,1,18085,2,5961,1,119419,1,16231,1,3266,1,5060,1,21541,1,184584,1,27843,1,0,1,0,1,9545,1,4467,1,16559,1,9545,1,48,1,1240,1,1,1,0,1,4504,1,5041,1,0,1
905,797400,4467,9545,28.988903,0,0,11,0,0,35260,782,1521,762140,16,192,30,1,25890,1,40,1,241272,1,141191,1,114439,1,234600,1,4679,1,39335,1,8486,4,40,4,67078,4,952,4,1844,8,0,0,1274,132,10,1,90584,1,872,1,2224,1,16371,2,6022,1,110452,1,16391,1,3276,1,5100,1,22463,1,183231,1,30278,1,0,1,0,1,9545,1,4467,1,16559,1,9545,1,48,1,1240,1,1,1,0,1,4504,1,5041,1,0,1
906,788600,4467,9545,28.988903,0,0,11,0,0,33483,921,1530,755117,16,192,120,1,26270,1,90,1,239709,1,144637,1,118507,1,221164,1,4619,1,42231,1,6492,4,31,4,65275,4,972,4,1854,8,0,0,1295,132,20,1,74172,1,862,1,2575,1,20950,2,4809,1,109169,1,20920,1,3256,1,5050,1,23435,1,183431,1,27583,1,0,1,0,1,9545,1,4467,1,16559,1,9545,1,48,1,1240,1,1,1,0,1,4504,1,5041,1,0,1
907,814300,4467,9545,28.988903,0,0,11,0,0,31600,871,1540,782700,16,192,50,1,26000,1,80,1,238307,1,180606,1,110672,1,222296,1,4689,1,38283,1,7585,4,30,4,65285,4,982,4,1834,8,0,0,1275,132,10,1,80234,1,862,1,2214,1,18716,2,5390,1,149156,1,16983,1,3256,1,5030,1,21782,1,183522,1,27783,1,0,1,0,1,9545,1,4467,1,16559,1,9545,1,48,1,1240,1,1,1,0,1,4504,1,5041,1,0,1
908,786200,4467,9545,28.988903,0,0,11,0,0,30702,922,1521,755498,16,192,40,1,25629,1,120,1,238136,1,163333,1,109109,1,214421,1,4709,1,36269,1,7594,4,40,4,65165,4,1042,4,2164,8,0,0,1684,132,20,1,74112,1,862,1,2214,1,18666,2,5350,1,132293,1,16642,1,3246,1,5080,1,22243,1,182780,1,27873,1,0,1,0,1,9545,1,4467,1,16559,1,9545,1,48,1,1240,1,1,1,0,1,4504,1,5041,1,0,1
909,780400,4467,9545,28.988903,0,0,11,0,0,30463,861,1541,749937,16,192,40,1,25509,1,40,1,237916,1,162051,1,109099,1,210563,1,4719,1,33464,1,5631,4,40,4,65025,4,1072,4,1864,8,0,0,1395,132,20,1,76727,1,882,1,2204,1,18035,2,4739,1,131021,1,16742,1,3256,1,5080,1,22203,1,182860,1,27583,1,0,1,0,1,9545,1,4467,1,16559,1,9545,1,48,1,1240,1,1,1,0,1,4504,1,5041,1,0,1
910,755400,4467,9545,28.988903,0,0,11,0,0,29730,812,1505,725670,16,192,40,1,25669,1,90,1,236593,1,143755,1,107666,1,207127,1,4729,1,33003,1,5771,4,40,4,65405,4,1002,4,1864,8,0,0,1361,132,10,1,73551,1,882,1,2194,1,17854,2,4739,1,112976,1,16542,1,3266,1,5130,1,20860,1,182490,1,27924,1,0,1,0,1,9545,1,4467,1,16559,1,9545,1,48,1,1240,1,1,1,0,1,4504,1,5041,1,0,1
911,751800,4467,9545,28.988903,0,0,11,0,0,27803,851,1609,723997,16,192,50,1,25449,1,50,1,239038,1,137153,1,107616,1,209982,1,4659,1,32673,1,5751,4,50,4,65506,4,952,4,1844,8,0,0,1187,132,20,1,76657,1,882,1,2204,1,17974,2,4619,1,106234,1,16622,1,3266,1,5130,1,21672,1,184123,1,27944,1,0,1,0,1,9545,1,4467,1,16559,1,9545,1,48,1,1240,1,1,1,0,1,4504,1,5041,1,0,1
912,748100,4467,9545,28.988903,0,0,11,0,0,29553,842,1492,718547,16,192,70,1,25980,1,40,1,237034,1,135740,1,108508,1,206536,1,4639,1,32222,1,5841,4,40,4,65575,4,962,4,1824,8,0,0,1294,132,20,1,73411,1,932,1,2224,1,17824,2,4819,1,104630,1,16652,1,3296,1,5060,1,21321,1,182460,1,28004,1,0,1,0,1,9545,1,4467,1,16559,1,9545,1,48,1,1240,1,1,1,0,1,4504,1,5041,1,0,1
913,756000,4467,9545,28.988903,0,0,11,0,0,31762,852,2159,724238,16,192,50,1,25779,1,40,1,238157,1,137423,1,107746,1,210403,1,4639,1,32693,1,5731,4,30,4,65215,4,922,4,2525,8,0,0,1287,132,20,1,76877,1,872,1,2224,1,17774,2,4669,1,106815,1,16431,1,3256,1,5070,1,21441,1,183612,1,27813,1,0,1,0,1,9545,1,4467,1,16559,1,9545,1,48,1,1240,1,1,1,0,1,4504,1,5041,1,0,1
914,882700,4467,9545,28.988903,0,0,11,0,0,33413,1312,1700,849287,16,192,70,1,25689,1,70,1,237675,1,225392,1,125801,1,229820,1,4769,1,49254,1,6532,4,30,4,65676,4,1183,4,1984,8,0,0,1466,132,20,1,74873,1,962,1,3978,1,19207,2,4809,1,173412,1,36600,1,3417,1,5120,1,20930,1,182359,1,29096,1,0,1,0,1,9545,1,4467,1,16559,1,9545,1,48,1,1240,1,1,1,0,1,4504,1,5041,1,0,1
915,781000,4467,9545,28.988903,0,0,11,0,0,31153,772,1549,749847,16,192,20,1,26340,1,40,1,239659,1,148114,1,111614,1,219420,1,4639,1,37121,1,7434,4,40,4,65526,4,1102,4,1844,8,0,0,1396,132,10,1,78530,1,882,1,2234,1,18746,2,5180,1,114780,1,18966,1,3276,1,5090,1,22453,1,183762,1,28144,1,0,1,0,1,9545,1,4467,1,16559,1,9545,1,48,1,1240,1,1,1,0,1,4504,1,5041,1,0,1
916,1075500,4467,9545,28.988903,0,0,11,0,0,36760,1062,1651,1038740,16,192,150,1,39486,1,60,1,384787,1,177700,1,154025,1,276860,1,5671,1,52320,1,10931,4,60,4,77308,4,1252,4,1923,8,0,0,1525,132,40,1,100793,1,1052,1,2996,1,19507,2,7615,1,130570,1,24487,1,5210,1,8596,1,29086,1,298913,1,47701,1,0,1,0,1,9545,1,4467,1,16559,1,9545,1,48,1,1240,1,1,1,0,1,4504,1,5041,1,0,1
917,847100,4467,9545,28.988903,0,0,11,0,0,30195,842,1502,816905,16,192,70,1,26861,1,30,1,240481,1,151550,1,130580,1,262373,1,4960,1,46990,1,9889,4,40,4,72709,4,932,4,1844,8,0,0,1274,132,20,1,100483,1,932,1,2495,1,18325,2,6873,1,118507,1,17443,1,3557,1,5100,1,22613,1,184604,1,28004,1,0,1,0,1,9545,1,4467,1,16559,1,9545,1,48,1,1240,1,1,1,0,1,4504,1,5041,1,0,1
918,805000,4467,9545,28.988903,0,0,11,0,0,27540,881,1599,777460,16,192,50,1,27032,1,40,1,246252,1,144627,1,133265,1,221565,1,4629,1,45537,1,6733,4,30,4,65195,4,982,4,2565,8,0,0,1948,132,20,1,73371,1,862,1,2505,1,18135,2,4749,1,110892,1,17644,1,4038,1,5871,1,23194,1,184443,1,32562,1,0,1,0,1,9545,1,4467,1,16559,1,9545,1,48,1,1240,1,1,1,0,1,4504,1,5041,1,0,1
919,759300,4467,9545,28.988903,0,0,11,0,0,30623,1031,1529,728677,16,192,40,1,25569,1,30,1,237636,1,142142,1,107606,1,211034,1,4619,1,33394,1,5781,4,30,4,65195,4,982,4,1794,8,0,0,1247,132,20,1,76517,1,882,1,2224,1,18325,2,4859,1,111434,1,16341,1,3236,1,5070,1,21601,1,182941,1,27893,1,0,1,0,1,9545,1,4467,1,16559,1,9545,1,48,1,1240,1,1,1,0,1,4504,1,5041,1,0,1
920,756800,4467,9545,28.988903,0,0,11,0,0,29727,831,1599,727073,16,192,70,1,25569,1,40,1,235802,1,146280,1,107376,1,207227,1,4709,1,33364,1,5701,4,30,4,65225,4,1092,4,1844,8,0,0,1337,132,20,1,72990,1,872,1,2214,1,18235,2,4809,1,115321,1,16712,1,3286,1,5040,1,21301,1,181197,1,28044,1,0,1,0,1,9545,1,4467,1,16559,1,9545,1,48,1,1240,1,1,1,0,1,4504,1,5041,1,0,1
921,757800,4467,9545,28.988903,0,0,11,0,0,30967,781,1698,726833,16,192,40,1,25499,1,50,1,236223,1,143515,1,108017,1,208850,1,4639,1,32823,1,5971,4,30,4,65115,4,1022,4,1854,8,0,0,1178,132,20,1,76216,1,862,1,2204,1,17103,2,4849,1,112997,1,16241,1,3256,1,5040,1,21581,1,181628,1,27783,1,0,1,0,1,9545,1,4467,1,16559,1,9545,1,48,1,1240,1,1,1,0,1,4504,1,5041,1,0,1
922,848000,4467,9545,28.988903,0,0,11,0,0,32297,871,1609,815703,16,192,30,1,26391,1,70,1,235601,1,189082,1,124509,1,235211,1,4809,1,53873,1,6102,4,30,4,65475,4,1102,4,1874,8,0,0,1367,132,20,1,75264,1,872,1,3006,1,21782,2,4939,1,136572,1,36570,1,3427,1,5170,1,21271,1,181528,1,27392,1,0,1,0,1,9545,1,4467,1,16559,1,9545,1,48,1,1240,1,1,1,0,1,4504,1,5041,1,0,1
923,942600,4467,9545,28.988903,0,0,11,0,0,31224,841,1582,911376,16,192,30,1,26210,1,80,1,235000,1,185155,1,154316,1,304694,1,5891,1,55216,1,11893,4,30,4,81747,4,1623,4,1954,8,0,0,1994,132,20,1,118196,1,1102,1,3487,1,20419,2,8166,1,146010,1,20630,1,4168,1,5040,1,21722,1,180636,1,27423,1,0,1,0,1,9545,1,4467,1,16559,1,9545,1,48,1,1240,1,1,1,0,1,4504,1,5041,1,0,1
924,843800,4467,9545,28.988903,0,0,11,0,0,28147,791,1540,815653,16,192,30,1,31420,1,70,1,276319,1,186207,1,107225,1,209752,1,4629,1,34566,1,6062,4,30,4,65095,4,982,4,1844,8,0,0,1286,132,30,1,73390,1,872,1,2264,1,19097,2,4729,1,154797,1,17183,1,3246,1,6663,1,24898,1,207037,1,37552,1,0,1,0,1,9545,1,4467,1,16559,1,9545,1,48,1,1240,1,1,1,0,1,4504,1,5041,1,0,1
925,1292300,4467,9545,28.988903,0,0,11,0,0,40822,1162,2234,1251478,16,192,180,1,39165,1,90,1,407952,1,173853,1,210153,1,411779,1,8306,1,71838,1,16632,4,80,4,110572,4,1593,4,2665,8,0,0,2024,132,40,1,163072,1,1623,1,4268,1,26811,2,11422,1,121222,1,27212,1,5851,1,8516,1,31771,1,315384,1,51819,1,0,1,0,1,9545,1,4467,1,16559,1,9545,1,48,1,1240,1,1,1,0,1,4504,1,5041,1,0,1
926,940300,4467,9545,28.988903,0,0,11,0,0,32596,781,1511,907704,16,192,160,1,34596,1,60,1,398664,1,154852,1,106484,1,208149,1,4739,1,33805,1,6041,4,30,4,65115,4,962,4,2154,8,0,0,1605,132,10,1,73130,1,882,1,2234,1,18185,2,4819,1,124484,1,16071,1,3276,1,7474,1,25930,1,317308,1,47571,1,0,1,0,1,9545,1,4467,1,16559,1,9545,1,48,1,1240,1,1,1,0,1,4504,1,5041,1,0,1
927,771800,4467,9545,28.988903,0,0,11,0,0,28836,982,1680,742964,16,192,60,1,25509,1,60,1,243276,1,151881,1,106173,1,211285,1,4719,1,33614,1,6392,4,40,4,65104,4,1052,4,1914,8,0,0,1285,132,20,1,76537,1,882,1,2234,1,17594,2,4919,1,120451,1,17133,1,3256,1,5100,1,21531,1,188421,1,28044,1,0,1,0,1,9545,1,4467,1,16559,1,9545,1,48,1,1240,1,1,1,0,1,4504,1,5041,1,0,1
928,760200,4467,9545,28.988903,0,0,11,0,0,28398,751,1618,731802,16,192,50,1,25419,1,40,1,239940,1,147793,1,107165,1,206756,1,4639,1,33144,1,5761,4,21,4,65155,4,972,4,1854,8,0,0,1207,132,10,1,73381,1,932,1,2244,1,17734,2,4799,1,117335,1,16241,1,3266,1,5040,1,21692,1,185055,1,27964,1,0,1,0,1,9545,1,4467,1,16559,1,9545,1,48,1,1240,1,1,1,0,1,4504,1,5041,1,0,1
929,1139000,4467,9545,28.988903,0,0,11,0,0,47048,882,2104,1091952,16,192,120,1,31801,1,70,1,337857,1,250350,1,163153,1,302730,1,5871,1,70736,1,8366,4,40,4,82278,4,1533,4,2505,8,0,0,1934,132,20,1,97807,1,1072,1,3667,1,27443,2,6382,1,159956,1,70215,1,4068,1,6362,1,27132,1,268134,1,35989,1,0,1,0,1,9545,1,4467,1,16559,1,9545,1,48,1,1240,1,1,1,0,1,4504,1,5041,1,0,1
930,1270400,4467,9545,28.988903,0,0,11,0,0,34532,1103,1844,1235868,16,192,130,1,27433,1,50,1,339961,1,223869,1,219701,1,416268,1,8456,1,77879,1,16973,4,40,4,112486,4,1332,4,2425,8,0,0,1913,132,40,1,157822,1,1543,1,4829,1,28204,2,11592,1,169485,1,28434,1,5921,1,5190,1,22042,1,258986,1,52901,1,0,1,0,1,9545,1,4467,1,16559,1,9545,1,48,1,1240,1,1,1,0,1,4504,1,5041,1,0,1
931,794800,4467,9545,28.988903,0,0,11,0,0,31828,851,1620,762972,16,192,10,1,25579,1,120,1,260169,1,147523,1,110612,1,214361,1,4599,1,35268,1,5981,4,30,4,65315,4,1032,4,2445,8,0,0,1857,132,10,1,76737,1,872,1,2224,1,18766,2,4829,1,116744,1,16472,1,3246,1,5070,1,22754,1,203249,1,28885,1,0,1,0,1,9545,1,4467,1,16559,1,9545,1,48,1,1240,1,1,1,0,1,4504,1,5041,1,0,1
932,772100,4467,9545,28.988903,0,0,11,0,0,28285,812,1560,743815,16,192,50,1,25819,1,90,1,250039,1,146701,1,107296,1,209211,1,4609,1,34316,1,5711,4,30,4,65015,4,1032,4,1954,8,0,0,1425,132,10,1,74242,1,872,1,2204,1,18215,2,4799,1,115732,1,16602,1,3246,1,5080,1,21581,1,195184,1,27954,1,0,1,0,1,9545,1,4467,1,16559,1,9545,1,48,1,1240,1,1,1,0,1,4504,1,5041,1,0,1
933,778900,4467,9545,28.988903,0,0,11,0,0,30235,911,1602,748665,16,192,40,1,25559,1,40,1,245140,1,154095,1,107857,1,211215,1,4719,1,34186,1,5731,4,30,4,65175,4,1032,4,1954,8,0,0,1384,132,10,1,76897,1,882,1,2244,1,17503,2,4659,1,123006,1,16592,1,3266,1,5060,1,21281,1,190695,1,27924,1,0,1,0,1,9545,1,4467,1,16559,1,9545,1,48,1,1240,1,1,1,0,1,4504,1,5041,1,0,1
934,768900,4467,9545,28.988903,0,0,11,0,0,29884,792,1658,739016,16,192,30,1,25779,1,50,1,244018,1,150048,1,107636,1,206846,1,4609,1,33775,1,5681,4,30,4,65165,4,1042,4,1854,8,0,0,1237,132,20,1,73000,1,872,1,2214,1,17724,2,4679,1,118627,1,17003,1,3256,1,5040,1,21641,1,189393,1,27793,1,0,1,0,1,9545,1,4467,1,16559,1,9545,1,48,1,1240,1,1,1,0,1,4504,1,5041,1,0,1
935,773600,4467,9545,28.988903,0,0,11,0,0,29594,842,1550,744006,16,192,40,1,25649,1,40,1,242164,1,153234,1,107706,1,210473,1,4699,1,33344,1,5741,4,50,4,65085,4,952,4,2204,8,0,0,1606,132,10,1,76947,1,862,1,2204,1,17574,2,4659,1,122214,1,16612,1,3236,1,5100,1,21501,1,187409,1,27964,1,0,1,0,1,9545,1,4467,1,16559,1,9545,1,48,1,1240,1,1,1,0,1,4504,1,5041,1,0,1
936,828000,4467,9545,28.988903,0,0,11,0,0,39880,802,1540,788120,16,192,40,1,25619,1,40,1,241433,1,174935,1,119259,1,222186,1,4609,1,43153,1,6282,4,40,4,65495,4,1142,4,1854,8,0,0,1456,132,20,1,73431,1,872,1,2495,1,21852,2,4749,1,140389,1,19718,1,3597,1,5100,1,21581,1,186888,1,27663,1,0,1,0,1,9545,1,4467,1,16559,1,9545,1,48,1,1240,1,1,1,0,1,4504,1,5041,1,0,1
937,830400,4467,9545,28.988903,0,0,11,0,0,44354,901,1570,786046,16,192,10,1,27222,1,120,1,243056,1,166218,1,115040,1,229670,1,4709,1,39796,1,5601,4,40,4,65375,4,952,4,1854,8,0,0,1236,132,20,1,86536,1,882,1,2355,1,19417,2,5941,1,133075,1,18616,1,3266,1,5330,1,23986,1,185796,1,27713,1,0,1,0,1,9545,1,4467,1,16559,1,9545,1,48,1,1240,1,1,1,0,1,4504,1,5041,1,0,1
938,855500,4467,9545,28.988903,0,0,11,0,0,29387,832,1541,826113,16,192,10,1,25659,1,50,1,242064,1,208610,1,116794,1,228187,1,4739,1,41550,1,8526,4,40,4,67099,4,1092,4,1844,8,0,0,1394,132,10,1,80404,1,872,1,2304,1,17644,2,5971,1,177390,1,16752,1,3286,1,5080,1,22553,1,185125,1,29116,1,0,1,0,1,9545,1,4467,1,16559,1,9545,1,48,1,1240,1,1,1,0,1,4504,1,5041,1,0,1
939,760200,4467,9545,28.988903,0,0,11,0,0,30111,811,1709,730089,16,192,30,1,25649,1,70,1,240531,1,137534,1,110061,1,211595,1,4619,1,34857,1,5791,4,40,4,65085,4,1002,4,1914,8,0,0,1207,132,20,1,76477,1,882,1,2234,1,17664,2,4819,1,106885,1,16331,1,3246,1,5060,1,22102,1,185325,1,27863,1,0,1,0,1,9545,1,4467,1,16559,1,9545,1,48,1,1240,1,1,1,0,1,4504,1,5041,1,0,1
940,750000,4467,9545,28.988903,0,0,11,0,0,27886,832,1568,722114,16,192,30,1,25669,1,40,1,238818,1,138195,1,107746,1,206997,1,4619,1,33464,1,5731,4,40,4,65175,4,931,4,1834,8,0,0,1197,132,20,1,73250,1,882,1,2214,1,17874,2,4749,1,107075,1,16792,1,3266,1,5040,1,21401,1,184574,1,27633,1,0,1,0,1,9545,1,4467,1,16559,1,9545,1,48,1,1240,1,1,1,0,1,4504,1,5041,1,0,1
941,765800,4467,9545,28.988903,0,0,11,0,0,29819,842,1610,735981,16,192,40,1,25870,1,40,1,239118,1,150078,1,107346,1,208780,1,4709,1,32623,1,5741,4,40,4,64985,4,992,4,1854,8,0,0,1236,132,20,1,75996,1,882,1,2214,1,17814,2,4779,1,119168,1,16421,1,3256,1,5080,1,21571,1,184433,1,27873,1,0,1,0,1,9545,1,4467,1,16559,1,9545,1,48,1,1240,1,1,1,0,1,4504,1,5041,1,0,1
942,992800,4467,9545,28.988903,0,0,11,0,0,37219,991,1701,955581,16,192,190,1,33755,1,80,1,357355,1,148975,1,140209,1,269587,1,5430,1,48353,1,10761,4,60,4,77108,4,1172,4,1924,8,0,0,1396,132,40,1,99360,1,1092,1,2835,1,18305,2,7585,1,113437,1,18936,1,3817,1,7184,1,30048,1,277642,1,42101,1,0,1,0,1,9545,1,4467,1,16559,1,9545,1,48,1,1240,1,1,1,0,1,4504,1,5041,1,0,1
943,778100,4467,9545,28.988903,0,0,11,0,0,32612,782,1550,745488,16,192,20,1,27182,1,60,1,239268,1,147032,1,109059,1,218148,1,4719,1,35598,1,7594,4,40,4,65235,4,992,4,1834,8,0,0,1275,132,20,1,79883,1,882,1,2224,1,17704,2,5360,1,116293,1,16241,1,3256,1,5090,1,21110,1,184984,1,27833,1,0,1,0,1,9545,1,4467,1,16559,1,9545,1,48,1,1240,1,1,1,0,1,4504,1,5041,1,0,1
944,861800,4467,9545,28.988903,0,0,11,0,0,37400,801,1560,824400,16,192,60,1,25589,1,50,1,239248,1,214090,1,112115,1,228327,1,4919,1,39225,1,7134,4,21,4,65375,4,1192,4,1944,8,0,0,1576,132,20,1,79793,1,882,1,2274,1,24507,2,5160,1,174334,1,25038,1,3266,1,5050,1,22072,1,184534,1,27392,1,0,1,0,1,9545,1,4467,1,16559,1,9545,1,48,1,1240,1,1,1,0,1,4504,1,5041,1,0,1
945,837900,4467,9545,28.988903,0,0,11,0,0,34681,771,1602,803219,16,192,30,1,25829,1,140,1,240471,1,157522,1,108077,1,265789,1,5360,1,35839,1,10781,4,40,4,76947,4,1563,4,1964,8,0,0,1925,132,20,1,107516,1,1022,1,2214,1,19698,2,7414,1,124839,1,18395,1,3266,1,5350,1,21672,1,185896,1,27392,1,0,1,0,1,9545,1,4467,1,16559,1,9545,1,48,1,1240,1,1,1,0,1,4504,1,5041,1,0,1
946,912900,4467,9545,28.988903,0,0,11,0,0,31471,781,1541,881429,16,192,50,1,28615,1,20,1,259517,1,208750,1,141671,1,238086,1,4719,1,48673,1,10761,4,40,4,74132,4,972,4,1864,8,0,0,1294,132,20,1,73571,1,882,1,2755,1,18876,2,4759,1,173312,1,18646,1,3807,1,6082,1,24206,1,194002,1,35057,1,0,1,0,1,9545,1,4467,1,16559,1,9545,1,48,1,1240,1,1,1,0,1,4504,1,5041,1,0,1
947,767200,4467,9545,28.988903,0,0,11,0,0,29967,832,1609,737233,16,192,70,1,25329,1,70,1,239168,1,148565,1,107456,1,211846,1,4729,1,34486,1,5791,4,40,4,65175,4,1012,4,1844,8,0,0,1246,132,20,1,76817,1,882,1,2204,1,18015,2,4729,1,117675,1,16452,1,3256,1,5050,1,21010,1,184944,1,27944,1,0,1,0,1,9545,1,4467,1,16559,1,9545,1,48,1,1240,1,1,1,0,1,4504,1,5041,1,0,1
948,761500,4467,9545,28.988903,0,0,11,0,0,29908,871,1589,731592,16,192,20,1,25379,1,40,1,239098,1,146901,1,107005,1,208429,1,4719,1,34075,1,5821,4,30,4,65285,4,962,4,1844,8,0,0,1217,132,20,1,73912,1,872,1,2304,1,17794,2,4639,1,115932,1,16512,1,3256,1,5050,1,21621,1,184544,1,27693,1,0,1,0,1,9545,1,4467,1,16559,1,9545,1,48,1,1240,1,1,1,0,1,4504,1,5041,1,0,1
949,759300,4467,9545,28.988903,0,0,11,0,0,29612,872,1521,729688,16,192,40,1,25489,1,30,1,237174,1,143916,1,107877,1,210443,1,4719,1,33214,1,5731,4,30,4,65235,4,1032,4,1813,8,0,0,1324,132,20,1,76657,1,872,1,2214,1,18085,2,4669,1,112916,1,16522,1,3246,1,5050,1,20890,1,183161,1,27863,1,0,1,0,1,9545,1,4467,1,16559,1,9545,1,48,1,1240,1,1,1,0,1,4504,1,5041,1,0,1
950,758400,4467,9545,28.988903,0,0,11,0,0,27810,851,1680,730590,16,192,70,1,25679,1,60,1,238708,1,146310,1,107837,1,207227,1,4699,1,33083,1,5711,4,30,4,65255,4,982,4,1944,8,0,0,1245,132,20,1,73341,1,872,1,2264,1,18095,2,4779,1,115291,1,16572,1,3296,1,5110,1,21511,1,182490,1,29386,1,0,1,0,1,9545,1,4467,1,16559,1,9545,1,48,1,1240,1,1,1,0,1,4504,1,5041,1,0,1
951,765600,4467,9545,28.988903,0,0,11,0,0,30451,821,1571,735149,16,192,40,1,25589,1,50,1,238277,1,148474,1,107486,1,210483,1,4749,1,32983,1,5761,4,21,4,65405,4,1072,4,1854,8,0,0,1354,132,20,1,76617,1,882,1,2244,1,18095,2,4709,1,116363,1,16421,1,3266,1,5050,1,21511,1,183492,1,28054,1,0,1,0,1,9545,1,4467,1,16559,1,9545,1,48,1,1240,1,1,1,0,1,4504,1,5041,1,0,1
952,812100,4467,9545,28.988903,0,0,11,0,0,36664,911,1609,775436,16,192,20,1,25719,1,40,1,239339,1,175456,1,111123,1,218859,1,4879,1,39265,1,7224,4,30,4,65636,4,1122,4,1864,8,0,0,1376,132,20,1,74072,1,962,1,2314,1,20399,2,5040,1,133225,1,27463,1,3276,1,5090,1,21421,1,184964,1,27683,1,0,1,0,1,9545,1,4467,1,16559,1,9545,1,48,1,1240,1,1,1,0,1,4504,1,5041,1,0,1
953,772000,4467,9545,28.988903,0,0,11,0,0,33405,762,1569,738595,16,192,40,1,26932,1,100,1,239128,1,145268,1,107646,1,214311,1,5170,1,35428,1,6192,4,50,4,65676,4,952,4,1904,8,0,0,1286,132,20,1,76807,1,882,1,2254,1,18576,2,4809,1,112486,1,18415,1,3266,1,5100,1,21401,1,184864,1,27613,1,0,1,0,1,9545,1,4467,1,16559,1,9545,1,48,1,1240,1,1,1,0,1,4504,1,5041,1,0,1
954,948000,4467,9545,28.988903,0,0,11,0,0,30432,821,1582,917568,16,192,50,1,28966,1,50,1,258956,1,211365,1,141481,1,271290,1,5410,1,48042,1,10781,4,30,4,76707,4,1062,4,1864,8,0,0,1344,132,20,1,101715,1,1032,1,2755,1,18946,2,7514,1,175717,1,18726,1,3807,1,6082,1,23786,1,193811,1,35097,1,0,1,0,1,9545,1,4467,1,16559,1,9545,1,48,1,1240,1,1,1,0,1,4504,1,5041,1,0,1
955,1088800,4467,9545,28.988903,0,0,11,0,0,36434,962,1792,1052366,16,192,160,1,61528,1,40,1,348858,1,155288,1,173482,1,308291,1,4719,1,60666,1,13336,4,70,4,89000,4,1272,4,2435,8,0,0,1915,132,30,1,110281,1,882,1,3727,1,20589,2,5040,1,112986,1,22102,1,4659,1,8075,1,27162,1,270909,1,42341,1,0,1,0,1,9545,1,4467,1,16559,1,9545,1,48,1,1240,1,1,1,0,1,4504,1,5041,1,0,1
956,764500,4467,9545,28.988903,0,0,11,0,0,30263,881,1580,734237,16,192,60,1,26942,1,80,1,238607,1,147473,1,108348,1,207989,1,4739,1,32963,1,6062,4,30,4,65485,4,1132,4,1824,8,0,0,1376,132,20,1,73661,1,872,1,2244,1,17864,2,4949,1,115000,1,16832,1,4388,1,5070,1,21371,1,184083,1,27873,1,0,1,0,1,9545,1,4467,1,16559,1,9545,1,48,1,1240,1,1,1,0,1,4504,1,5041,1,0,1
957,769000,4467,9545,28.988903,0,0,11,0,0,30966,841,1512,738034,16,192,50,1,25799,1,90,1,238808,1,148985,1,107526,1,212056,1,4719,1,33274,1,6432,4,40,4,65015,4,1052,4,1824,8,0,0,1364,132,10,1,76977,1,882,1,2214,1,18465,2,5030,1,118016,1,16482,1,3326,1,5090,1,21321,1,184283,1,27934,1,0,1,0,1,9545,1,4467,1,16559,1,9545,1,48,1,1240,1,1,1,0,1,4504,1,5041,1,0,1
958,753200,4467,9545,28.988903,0,0,11,0,0,29994,862,1491,723206,16,192,40,1,25649,1,60,1,237896,1,140860,1,107476,1,206616,1,4609,1,33514,1,5701,4,50,4,65165,4,952,4,1854,8,0,0,1314,132,20,1,73130,1,872,1,2204,1,17623,2,4669,1,109891,1,16542,1,3296,1,5080,1,21591,1,183221,1,27833,1,0,1,0,1,9545,1,4467,1,16559,1,9545,1,48,1,1240,1,1,1,0,1,4504,1,5041,1,0,1
959,767900,4467,9545,28.988903,0,0,11,0,0,34014,792,1531,733886,16,192,50,1,25509,1,90,1,237595,1,149877,1,107666,1,208389,1,4709,1,32953,1,5731,4,40,4,65275,4,982,4,1834,8,0,0,1284,132,20,1,76336,1,932,1,2214,1,16652,2,4629,1,117335,1,16802,1,3246,1,5060,1,20840,1,183832,1,27683,1,0,1,0,1,9545,1,4467,1,16559,1,9545,1,48,1,1240,1,1,1,0,1,4504,1,5041,1,0,1
960,806800,4467,9545,28.988903,0,0,11,0,0,34019,881,1531,772781,16,192,40,1,26741,1,70,1,237806,1,172501,1,110652,1,220242,1,4729,1,35278,1,6472,4,30,4,65616,4,1042,4,1834,8,0,0,1345,132,10,1,78280,1,882,1,2375,1,22744,2,4799,1,135991,1,21862,1,3246,1,5450,1,21371,1,183391,1,27392,1,0,1,0,1,9545,1,4467,1,16559,1,9545,1,48,1,1240,1,1,1,0,1,4504,1,5041,1,0,1
961,823900,4467,9545,28.988903,0,0,11,0,0,32183,792,1648,791717,16,192,40,1,25699,1,70,1,236934,1,152953,1,110321,1,260269,1,5430,1,34767,1,9739,4,40,4,74813,4,992,4,1984,8,0,0,1327,132,20,1,107696,1,942,1,2244,1,18786,2,7454,1,121463,1,17043,1,3286,1,5050,1,20199,1,183732,1,27743,1,0,1,0,1,9545,1,4467,1,16559,1,9545,1,48,1,1240,1,1,1,0,1,4504,1,5041,1,0,1
962,923100,4467,9545,28.988903,0,0,11,0,0,30941,861,1602,892159,16,192,40,1,28655,1,60,1,260008,1,215543,1,139978,1,243156,1,4719,1,50166,1,10741,4,40,4,76927,4,1092,4,1874,8,0,0,1364,132,20,1,74753,1,862,1,2715,1,18405,2,4699,1,179835,1,18686,1,3807,1,6102,1,24607,1,193761,1,35348,1,0,1,0,1,9545,1,4467,1,16559,1,9545,1,48,1,1240,1,1,1,0,1,4504,1,5041,1,0,1
963,767400,4467,9545,28.988903,0,0,11,0,0,29676,751,1551,737724,16,192,50,1,25569,1,60,1,238667,1,150468,1,107616,1,210583,1,4709,1,33544,1,5741,4,30,4,65215,4,982,4,1844,8,0,0,1275,132,10,1,76527,1,882,1,2214,1,17994,2,4849,1,119509,1,16502,1,3246,1,5070,1,21611,1,183962,1,27873,1,0,1,0,1,9545,1,4467,1,16559,1,9545,1,48,1,1240,1,1,1,0,1,4504,1,5041,1,0,1
964,761800,4467,9545,28.988903,0,0,11,0,0,29797,781,1630,732003,16,192,50,1,25709,1,70,1,241262,1,145429,1,107526,1,207237,1,4719,1,33394,1,5801,4,21,4,65135,4,992,4,1884,8,0,0,1245,132,20,1,72810,1,882,1,2234,1,18606,2,4679,1,114560,1,16391,1,3246,1,5100,1,21191,1,187149,1,27603,1,0,1,0,1,9545,1,4467,1,16559,1,9545,1,48,1,1240,1,1,1,0,1,4504,1,5041,1,0,1
965,750600,4467,9545,28.988903,0,0,11,0,0,27775,861,1500,722825,16,192,40,1,25619,1,50,1,237144,1,137954,1,107546,1,209872,1,4599,1,33364,1,5701,4,40,4,65125,4,931,4,1824,8,0,0,1255,132,20,1,76136,1,872,1,2204,1,18055,2,4739,1,105883,1,16632,1,3266,1,5040,1,21291,1,182720,1,27883,1,0,1,0,1,9545,1,4467,1,16559,1,9545,1,48,1,1240,1,1,1,0,1,4504,1,5041,1,0,1
966,753400,4467,9545,28.988903,0,0,11,0,0,30335,791,1510,723065,16,192,40,1,25689,1,40,1,237084,1,138926,1,108247,1,208389,1,4649,1,33294,1,5731,4,30,4,65576,4,952,4,2425,8,0,0,1867,132,10,1,73551,1,882,1,2234,1,18235,2,4679,1,108267,1,16301,1,3296,1,5060,1,21261,1,182710,1,27863,1,0,1,0,1,9545,1,4467,1,16559,1,9545,1,48,1,1240,1,1,1,0,1,4504,1,5041,1,0,1
967,763500,4467,9545,28.988903,0,0,11,0,0,27109,801,1613,736391,16,192,40,1,25679,1,40,1,239639,1,147633,1,108448,1,210163,1,4749,1,32703,1,5771,4,30,4,65465,4,1012,4,1934,8,0,0,1333,132,10,1,76877,1,892,1,2284,1,17654,2,4729,1,116824,1,16351,1,3266,1,5120,1,21381,1,185015,1,27954,1,0,1,0,1,9545,1,4467,1,16559,1,9545,1,48,1,1240,1,1,1,0,1,4504,1,5041,1,0,1
968,937000,4467,9545,28.988903,0,0,11,0,0,46894,781,1599,890106,16,180,160,1,32462,1,70,1,348047,1,166519,1,109500,1,228568,1,4779,1,40377,1,8256,4,40,4,66257,4,972,4,1884,8,0,0,1256,132,10,1,78340,1,872,1,2314,1,22934,2,5531,1,126382,1,24978,1,3266,1,7104,1,30308,1,270548,1,39466,1,0,1,0,1,9545,1,4467,1,16559,1,9545,1,48,1,1240,1,1,1,0,1,4504,1,5041,1,0,1
969,831200,4467,9545,28.988903,0,0,11,0,0,33842,961,1503,797358,16,192,40,1,26140,1,140,1,243747,1,151120,1,110502,1,260239,1,5430,1,38935,1,8546,4,40,4,70475,4,952,4,1844,8,0,0,1294,132,10,1,108518,1,1042,1,2224,1,19237,2,7454,1,119279,1,17423,1,3276,1,5090,1,22183,1,188381,1,27883,1,0,1,0,1,9545,1,4467,1,16559,1,9545,1,48,1,1240,1,1,1,0,1,4504,1,5041,1,0,1
970,933500,4467,9545,28.988903,0,0,11,0,0,31732,852,1600,901768,16,192,30,1,28925,1,20,1,261211,1,205955,1,140519,1,260379,1,4729,1,51970,1,10821,4,40,4,77198,4,982,4,1884,8,0,0,1265,132,20,1,89702,1,872,1,2956,1,18355,2,4729,1,169896,1,18986,1,3847,1,6102,1,24056,1,196136,1,34707,1,0,1,0,1,9545,1,4467,1,16559,1,9545,1,48,1,1240,1,1,1,0,1,4504,1,5041,1,0,1
971,765800,4467,9545,28.988903,0,0,11,0,0,30681,781,1680,735119,16,192,30,1,26270,1,50,1,239549,1,144337,1,107867,1,212277,1,4739,1,33675,1,5811,4,40,4,65415,4,1102,4,1854,8,0,0,1276,132,20,1,77228,1,882,1,2254,1,18566,2,4649,1,112976,1,16782,1,3306,1,5080,1,21441,1,184854,1,27893,1,0,1,0,1,9545,1,4467,1,16559,1,9545,1,48,1,1240,1,1,1,0,1,4504,1,5041,1,0,1
972,759000,4467,9545,28.988903,0,0,11,0,0,30123,841,1551,728877,16,192,70,1,25829,1,90,1,239118,1,142463,1,108267,1,208409,1,4629,1,33474,1,5911,4,30,4,65596,4,1032,4,1864,8,0,0,1344,132,10,1,73681,1,882,1,2214,1,18115,2,4759,1,111313,1,16742,1,3276,1,5100,1,21692,1,184323,1,27843,1,0,1,0,1,9545,1,4467,1,16559,1,9545,1,48,1,1240,1,1,1,0,1,4504,1,5041,1,0,1
973,762000,4467,9545,28.988903,0,0,11,0,0,27893,792,1650,734107,16,192,50,1,25900,1,80,1,240531,1,142623,1,108608,1,211686,1,4629,1,33204,1,5751,4,30,4,65536,4,942,4,1984,8,0,0,1275,132,20,1,77468,1,882,1,2234,1,18094,2,4749,1,111914,1,16381,1,3266,1,5120,1,21421,1,185706,1,28114,1,0,1,0,1,9545,1,4467,1,16559,1,9545,1,48,1,1240,1,1,1,0,1,4504,1,5041,1,0,1
974,766500,4467,9545,28.988903,0,0,11,0,0,30259,781,1589,736241,16,192,50,1,25809,1,50,1,240361,1,148344,1,108688,1,208189,1,4749,1,33354,1,5801,4,40,4,65616,4,1002,4,1884,8,0,0,1296,132,10,1,73962,1,892,1,2224,1,17934,2,4689,1,117164,1,16632,1,3266,1,5070,1,21571,1,185606,1,27944,1,0,1,0,1,9545,1,4467,1,16559,1,9545,1,48,1,1240,1,1,1,0,1,4504,1,5041,1,0,1
975,774600,4467,9545,28.988903,0,0,11,0,0,34522,890,1659,740078,16,192,50,1,25930,1,90,1,240251,1,148845,1,108308,1,211806,1,4799,1,33685,1,5901,4,21,4,65656,4,972,4,1904,8,0,0,1217,132,20,1,76777,1,872,1,2224,1,18175,2,4709,1,117545,1,16742,1,3306,1,5080,1,21531,1,185365,1,28024,1,0,1,0,1,9545,1,4467,1,16559,1,9545,1,48,1,1240,1,1,1,0,1,4504,1,5041,1,0,1
976,796300,4467,9545,28.988903,0,0,11,0,0,33398,892,1709,762902,16,192,130,1,26140,1,70,1,240471,1,165818,1,111814,1,213820,1,4639,1,37452,1,6563,4,50,4,66147,4,1102,4,1874,8,0,0,1267,132,10,1,73451,1,872,1,2324,1,18115,2,4970,1,125200,1,25749,1,3256,1,5120,1,21521,1,185896,1,27753,1,0,1,0,1,9545,1,4467,1,16559,1,9545,1,48,1,1240,1,1,1,0,1,4504,1,5041,1,0,1
977,782600,4467,9545,28.988903,0,0,11,0,0,32833,771,1756,749767,16,192,10,1,26100,1,50,1,240711,1,151059,1,110141,1,216926,1,4769,1,36881,1,6563,4,30,4,65395,4,1072,4,1864,8,0,0,1180,132,20,1,77258,1,862,1,2324,1,19006,2,4879,1,119128,1,17433,1,3276,1,5110,1,22122,1,185646,1,27633,1,0,1,0,1,9545,1,4467,1,16559,1,9545,1,48,1,1240,1,1,1,0,1,4504,1,5041,1,0,1
978,906800,4467,9545,28.988903,0,0,11,0,0,30832,851,1572,875968,16,192,50,1,27212,1,60,1,247885,1,209271,1,131302,1,255119,1,5070,1,45267,1,9919,4,30,4,73240,4,1022,4,1914,8,0,0,1364,132,20,1,93960,1,892,1,2715,1,18465,2,6823,1,174785,1,18726,1,3537,1,5671,1,23245,1,185976,1,32803,1,0,1,0,1,9545,1,4467,1,16559,1,9545,1,48,1,1240,1,1,1,0,1,4504,1,5041,1,0,1
979,759200,4467,9545,28.988903,0,0,11,0,0,28169,761,1551,731031,16,192,50,1,26651,1,30,1,241593,1,137994,1,108498,1,211575,1,4639,1,33825,1,5891,4,40,4,65355,4,952,4,1844,8,0,0,1245,132,10,1,77148,1,892,1,2274,1,17784,2,4799,1,105542,1,18035,1,3286,1,5641,1,22944,1,184794,1,28004,1,0,1,0,1,9545,1,4467,1,16559,1,9545,1,48,1,1240,1,1,1,0,1,4504,1,5041,1,0,1
980,765900,4467,9545,28.988903,0,0,11,0,0,29830,822,1610,736070,16,192,70,1,25699,1,40,1,239469,1,150238,1,108167,1,207648,1,4739,1,33584,1,5801,4,30,4,65465,4,1002,4,1864,8,0,0,1255,132,20,1,73351,1,872,1,2204,1,17924,2,4709,1,119569,1,16291,1,3276,1,5080,1,21531,1,184814,1,27853,1,0,1,0,1,9545,1,4467,1,16559,1,9545,1,48,1,1240,1,1,1,0,1,4504,1,5041,1,0,1
981,865800,4467,9545,28.988903,0,0,11,0,0,31351,992,1670,834449,16,192,170,1,27202,1,40,1,284535,1,146360,1,123617,1,247715,1,4809,1,43073,1,9178,4,60,4,70385,4,1393,4,1904,8,0,0,1626,132,30,1,93018,1,862,1,2475,1,17814,2,6533,1,114049,1,17323,1,3306,1,5380,1,23846,1,223839,1,31100,1,0,1,0,1,9545,1,4467,1,16559,1,9545,1,48,1,1240,1,1,1,0,1,4504,1,5041,1,0,1
982,820300,4467,9545,28.988903,0,0,11,0,0,31008,792,1620,789292,16,192,60,1,26701,1,50,1,242685,1,165207,1,119339,1,230532,1,4719,1,42411,1,8576,4,40,4,67479,4,972,4,1884,8,0,0,1236,132,20,1,80745,1,882,1,2324,1,18315,2,6092,1,130059,1,19307,1,3276,1,5110,1,21461,1,184994,1,30889,1,0,1,0,1,9545,1,4467,1,16559,1,9545,1,48,1,1240,1,1,1,0,1,4504,1,5041,1,0,1
983,796100,4467,9545,28.988903,0,0,11,0,0,33779,821,1609,762321,16,192,50,1,26501,1,40,1,243126,1,145970,1,115752,1,226073,1,4809,1,40367,1,8566,4,21,4,67089,4,1062,4,1854,8,0,0,1306,132,20,1,81065,1,882,1,2615,1,16912,2,4799,1,113738,1,17724,1,3276,1,5350,1,22573,1,185666,1,29336,1,0,1,0,1,9545,1,4467,1,16559,1,9545,1,48,1,1240,1,1,1,0,1,4504,1,5041,1,0,1
984,827000,4467,9545,28.988903,0,0,11,0,0,37788,781,1531,789212,16,192,50,1,26170,1,70,1,241372,1,171148,1,121853,1,223819,1,4729,1,40938,1,6342,4,30,4,65766,4,992,4,1874,8,0,0,1334,132,10,1,74092,1,882,1,4028,1,22964,2,5120,1,126232,1,29517,1,3286,1,5160,1,21922,1,185175,1,28925,1,0,1,0,1,9545,1,4467,1,16559,1,9545,1,48,1,1240,1,1,1,0,1,4504,1,5041,1,0,1
985,799600,4467,9545,28.988903,0,0,11,0,0,32390,772,1628,767210,16,192,30,1,25799,1,50,1,241202,1,147723,1,124428,1,222627,1,5350,1,41790,1,6272,4,50,4,65495,4,1051,4,1894,8,0,0,1317,132,20,1,76887,1,882,1,3276,1,18846,2,5390,1,112576,1,20399,1,3286,1,5110,1,22343,1,185505,1,28044,1,0,1,0,1,9545,1,4467,1,16559,1,9545,1,48,1,1240,1,1,1,0,1,4504,1,5041,1,0,1
986,955100,4467,9545,28.988903,0,0,11,0,0,30769,821,1464,924331,16,192,40,1,28815,1,30,1,259267,1,201596,1,151019,1,278103,1,5460,1,54224,1,10851,4,40,4,77118,4,1042,4,1884,8,0,0,1462,132,30,1,101494,1,1022,1,3286,1,18846,2,7444,1,165798,1,18876,1,3837,1,6142,1,24036,1,192990,1,35869,1,0,1,0,1,9545,1,4467,1,16559,1,9545,1,48,1,1240,1,1,1,0,1,4504,1,5041,1,0,1
987,771600,4467,9545,28.988903,0,0,11,0,0,30640,852,1590,740960,16,192,40,1,25759,1,40,1,239579,1,146190,1,110301,1,214311,1,4739,1,35157,1,5861,4,40,4,65425,4,1473,4,1914,8,0,0,1797,132,20,1,77028,1,892,1,2495,1,18536,2,4619,1,115141,1,16512,1,3276,1,5080,1,22092,1,184243,1,27984,1,0,1,0,1,9545,1,4467,1,16559,1,9545,1,48,1,1240,1,1,1,0,1,4504,1,5041,1,0,1
988,759200,4467,9545,28.988903,0,0,11,0,0,27718,782,1581,731482,16,192,50,1,25489,1,40,1,238858,1,141371,1,110171,1,210854,1,4649,1,35959,1,5721,4,40,4,65485,4,1042,4,1854,8,0,0,1315,132,20,1,73691,1,872,1,2204,1,18455,2,4729,1,110913,1,16081,1,3276,1,5110,1,21411,1,184193,1,27954,1,0,1,0,1,9545,1,4467,1,16559,1,9545,1,48,1,1240,1,1,1,0,1,4504,1,5041,1,0,1
989,760000,4467,9545,28.988903,0,0,11,0,0,26485,822,1561,733515,16,192,60,1,26070,1,40,1,238908,1,142683,1,108438,1,212657,1,4659,1,34065,1,5771,4,40,4,65626,4,1032,4,1874,8,0,0,1345,132,20,1,76988,1,942,1,2234,1,18565,2,4679,1,112035,1,16341,1,3266,1,5110,1,21521,1,184043,1,28054,1,0,1,0,1,9545,1,4467,1,16559,1,9545,1,48,1,1240,1,1,1,0,1,4504,1,5041,1,0,1
990,951300,4467,9545,28.988903,0,0,11,0,0,39488,1142,1698,911812,16,192,190,1,33815,1,70,1,351654,1,153318,1,126903,1,240992,1,4869,1,43624,1,9178,4,60,4,70034,4,1112,4,1894,8,0,0,1307,132,30,1,85604,1,892,1,2665,1,18175,2,6583,1,120866,1,17103,1,3336,1,7985,1,29697,1,271400,1,42131,1,0,1,0,1,9545,1,4467,1,16559,1,9545,1,48,1,1240,1,1,1,0,1,4504,1,5041,1,0,1
991,775200,4467,9545,28.988903,0,0,11,0,0,35262,811,1524,739938,16,192,40,1,27433,1,80,1,239309,1,144016,1,108798,1,215453,1,4809,1,35067,1,7194,4,40,4,65655,4,962,4,1884,8,0,0,1322,132,10,1,78040,1,872,1,2765,1,16912,2,5240,1,112706,1,16752,1,3296,1,5060,1,21651,1,184373,1,27994,1,0,1,0,1,9545,1,4467,1,16559,1,9545,1,48,1,1240,1,1,1,0,1,4504,1,5041,1,0,1
992,915700,4467,9545,28.988903,0,0,11,0,0,45638,901,1532,870062,16,192,200,1,31911,1,100,1,344240,1,155052,1,109009,1,224791,1,4759,1,40327,1,7905,4,30,4,65836,4,972,4,1864,8,0,0,1303,132,40,1,75625,1,872,1,2505,1,22443,2,5470,1,121087,1,19588,1,3266,1,7064,1,28374,1,273474,1,34967,1,0,1,0,1,9545,1,4467,1,16559,1,9545,1,48,1,1240,1,1,1,0,1,4504,1,5041,1,0,1
993,821500,4467,9545,28.988903,0,0,11,0,0,34312,862,1650,787188,16,192,50,1,26521,1,70,1,248496,1,148354,1,108328,1,250370,1,5000,1,37271,1,8787,4,40,4,71247,4,1032,4,1874,8,0,0,1256,132,30,1,100593,1,942,1,2254,1,18536,2,6903,1,116774,1,17173,1,3306,1,5100,1,22553,1,192008,1,28615,1,0,1,0,1,9545,1,4467,1,16559,1,9545,1,48,1,1240,1,1,1,0,1,4504,1,5041,1,0,1
994,904500,4467,9545,28.988903,0,0,11,0,0,31407,922,1541,873093,16,192,50,1,26681,1,100,1,253185,1,207147,1,131342,1,249839,1,4749,1,46990,1,9919,4,30,4,73170,4,942,4,2194,8,0,0,1596,132,20,1,89201,1,872,1,2515,1,18185,2,4879,1,173372,1,18115,1,3557,1,5651,1,23896,1,190345,1,33113,1,0,1,0,1,9545,1,4467,1,16559,1,9545,1,48,1,1240,1,1,1,0,1,4504,1,5041,1,0,1
995,760600,4467,9545,28.988903,0,0,11,0,0,30110,861,1571,730490,16,192,40,1,25779,1,70,1,242555,1,135049,1,108468,1,213860,1,4669,1,33925,1,6212,4,21,4,65536,4,1703,4,1854,8,0,0,1986,132,20,1,77398,1,872,1,2214,1,18325,2,4919,1,104310,1,16341,1,3266,1,5100,1,22072,1,187279,1,27913,1,0,1,0,1,9545,1,4467,1,16559,1,9545,1,48,1,1240,1,1,1,0,1,4504,1,5041,1,0,1
996,753200,4467,9545,28.988903,0,0,11,0,0,27730,831,1592,725470,16,192,110,1,25689,1,60,1,240731,1,135720,1,108899,1,209602,1,4659,1,33665,1,6232,4,30,4,65646,4,1002,4,2215,8,0,0,1625,132,20,1,74202,1,882,1,2224,1,17744,2,4909,1,103679,1,16642,1,4338,1,5090,1,21591,1,186057,1,27833,1,0,1,0,1,9545,1,4467,1,16559,1,9545,1,48,1,1240,1,1,1,0,1,4504,1,5041,1,0,1
997,768600,4467,9545,28.988903,0,0,11,0,0,29794,861,1463,738806,16,192,120,1,25699,1,50,1,240892,1,148024,1,107947,1,211315,1,4759,1,33895,1,5771,4,40,4,65445,4,942,4,1844,8,0,0,1323,132,10,1,76737,1,882,1,2304,1,17904,2,4679,1,116884,1,16712,1,3286,1,5090,1,21772,1,185846,1,27974,1,0,1,0,1,9545,1,4467,1,16559,1,9545,1,48,1,1240,1,1,1,0,1,4504,1,5041,1,0,1
998,762900,4467,9545,28.988903,0,0,11,0,0,30877,781,1570,732023,16,192,50,1,25940,1,50,1,239990,1,144577,1,108618,1,208049,1,4749,1,33444,1,5761,4,50,4,65375,4,952,4,1854,8,0,0,1236,132,20,1,73741,1,882,1,2234,1,18055,2,4899,1,113568,1,16562,1,3276,1,5100,1,21541,1,185285,1,27843,1,0,1,0,1,9545,1,4467,1,16559,1,9545,1,48,1,1240,1,1,1,0,1,4504,1,5041,1,0,1
999,765600,4467,9545,28.988903,0,0,11,0,0,32255,851,1454,733345,16,192,40,1,25699,1,70,1,240030,1,141281,1,108207,1,213219,1,4799,1,35819,1,5811,4,21,4,65776,4,972,4,1854,8,0,0,1371,132,20,1,77048,1,882,1,2224,1,17233,2,4709,1,109981,1,16832,1,3296,1,5100,1,21491,1,185255,1,28014,1,0,1,0,1,9545,1,4467,1,16559,1,9545,1,48,1,1240,1,1,1,0,1,4504,1,5041,1,0,1
