step,wall_ns,manifolds,pairs,top_y,awake,void,colors,wide_colors,waves,g_ns,u_ns,r_ns,sys_sum_ns,disp_lane,worker_lane_max,sys_physics_integrate_ns,sys_physics_integrate_n,sys_physics_gather_ns,sys_physics_gather_n,sys_select_broadphase_ns,sys_select_broadphase_n,sys_physics_broadphase_ns,sys_physics_broadphase_n,sys_physics_narrowphase_ns,sys_physics_narrowphase_n,sys_physics_build_graph_ns,sys_physics_build_graph_n,sys_physics_solve_colored_ns,sys_physics_solve_colored_n,sys_physics_apply_ns,sys_physics_apply_n,phys_solve_build_ns,phys_solve_build_n,phys_gravity_ns,phys_gravity_n,phys_warm_apply_ns,phys_warm_apply_n,phys_integrate_ns,phys_integrate_n,phys_pass_biased_ns,phys_pass_biased_n,phys_pass_relax_ns,phys_pass_relax_n,phys_color_wide_ns,phys_color_wide_n,phys_color_narrow_ns,phys_color_narrow_n,phys_restitution_ns,phys_restitution_n,phys_store_ns,phys_store_n,phys_write_back_ns,phys_write_back_n,phys_sleep_begin_ns,phys_sleep_begin_n,phys_sleep_freeze_ns,phys_sleep_freeze_n,phys_sleep_end_ns,phys_sleep_end_n,phys_np_dispatch_ns,phys_np_dispatch_n,phys_np_compact_ns,phys_np_compact_n,phys_np_axis_commit_ns,phys_np_axis_commit_n,phys_slots_wide,phys_slots_wide_n,phys_slots_narrow,phys_slots_narrow_n,phys_np_pairs,phys_np_pairs_n,phys_np_manifolds,phys_np_manifolds_n,phys_np_points,phys_np_points_n,phys_bp_pairs,phys_bp_pairs_n,phys_np_chunks,phys_np_chunks_n
0,17164200,8555,9570,28.99835,1240,0,16,16,192,120815,16112,10842,17043385,16,239,1062,1,104428,1,782,1,1921704,1,3246711,1,250038,1,11500355,1,18306,1,2293664,1,9569,4,1268474,4,67124,4,2223725,4,4421338,8,6634222,192,0,0,12465,1,1161642,1,8477,1,8808,1,2014,2,6944,1,0,0,0,0,0,0,34220,1,0,1,9570,1,8555,1,34220,1,9570,1,0,1
1,13415800,5761,9570,28.995926,1240,0,16,12,144,67297,1924,13888,13348503,16,239,261,1,37114,1,50,1,2347521,1,3053817,1,157954,1,7737026,1,14759,1,1593200,1,8988,4,687167,4,72194,4,1594603,4,3090670,8,4536377,144,135009,48,9299,1,660785,1,5120,1,4088,1,2305,2,6683,1,0,0,0,0,0,0,17876,1,440,1,9570,1,5761,1,18316,1,9570,1,0,1
2,14800600,6723,9570,28.994566,1240,0,16,14,168,52732,7876,9278,14747868,16,239,461,1,83366,1,200,1,1895131,1,3713750,1,181641,1,8860692,1,12625,1,1617529,1,7806,4,826785,4,66372,4,1861845,4,3658260,8,5433552,168,77274,24,12966,1,784972,1,4509,1,4980,1,1633,2,5160,1,0,0,0,0,0,0,22061,1,313,1,9570,1,6723,1,22374,1,9570,1,0,1
3,15148500,6695,9570,28.994541,1240,0,16,14,168,52570,1984,12014,15095930,16,239,421,1,39048,1,60,1,2445416,1,3781054,1,181561,1,8634071,1,14298,1,1485155,1,7495,4,825883,4,65911,4,1869701,4,3603120,8,5409795,168,51012,24,16403,1,742217,1,5401,1,4258,1,1453,2,5090,1,0,0,0,0,0,0,21966,1,201,1,9570,1,6695,1,22167,1,9570,1,0,1
4,14796900,6672,9570,28.994545,1240,0,16,14,168,47930,1844,6453,14748970,16,239,120,1,27034,1,30,1,1893298,1,3907736,1,204266,1,8702658,1,13828,1,1773199,1,8427,4,828689,4,73005,4,1835472,4,3591617,8,5376860,168,43777,24,8206,1,567038,1,4208,1,4188,1,1924,2,4840,1,0,0,0,0,0,0,21835,1,169,1,9570,1,6672,1,22004,1,9570,1,0,1
5,14351300,6758,9570,28.994184,1240,0,16,14,168,49250,2555,6102,14302050,16,239,90,1,27515,1,110,1,1842667,1,3799952,1,204497,1,8414565,1,12655,1,1348033,1,9669,4,826795,4,66623,4,1863729,4,3678690,8,5485626,168,50691,24,9569,1,593090,1,4749,1,3928,1,1443,2,5691,1,0,0,0,0,0,0,22238,1,191,1,9570,1,6758,1,22429,1,9570,1,0,1
6,16253100,6793,9570,28.993921,1240,0,16,14,168,121098,2655,7335,16132002,16,239,391,1,32154,1,261,1,2283133,1,4200148,1,201872,1,9395737,1,18306,1,2288213,1,7906,4,866705,4,64759,4,1894781,4,3660033,8,5490786,168,56693,24,8547,1,586527,1,3387,1,5030,1,1774,2,5421,1,0,0,0,0,0,0,22479,1,239,1,9570,1,6793,1,22718,1,9570,1,0,1
7,14620600,6783,9570,28.993895,1240,0,16,14,168,99694,3116,6924,14520906,16,239,531,1,37625,1,481,1,2141822,1,3835382,1,184818,1,8305107,1,15140,1,1367802,1,9068,4,849961,4,64919,4,1874580,4,3700865,8,5510365,168,58156,24,8367,1,410797,1,3938,1,4088,1,1964,2,5641,1,0,0,0,0,0,0,22445,1,232,1,9570,1,6783,1,22677,1,9570,1,0,1
8,15067300,6772,9570,28.993822,1240,0,16,14,168,68714,2285,7315,14998586,16,239,1363,1,31402,1,110,1,2051603,1,3831885,1,196210,1,8871374,1,14639,1,1474083,1,9068,4,840332,4,69679,4,1968257,4,3633581,8,5538170,168,56352,24,14329,1,841845,1,4709,1,4709,1,1523,2,6974,1,0,0,0,0,0,0,22460,1,241,1,9570,1,6772,1,22701,1,9570,1,0,1
9,14851000,6790,9570,28.993675,1240,0,16,14,168,46901,1854,7886,14804099,16,239,240,1,27805,1,130,1,2276550,1,3902496,1,185800,1,8378393,1,32685,1,1449524,1,8106,4,898328,4,68967,4,1930462,4,3618531,8,5484985,168,56122,24,8647,1,380116,1,3096,1,3958,1,1483,2,5321,1,0,0,0,0,0,0,22652,1,243,1,9570,1,6790,1,22895,1,9570,1,0,1
10,14300800,6786,9570,28.993578,1240,0,16,14,168,44992,2445,5892,14255808,16,239,130,1,39479,1,40,1,1852937,1,3754371,1,183946,1,8411278,1,13627,1,1316390,1,7846,4,851214,4,67635,4,1862917,4,3698790,8,5494504,168,61312,24,8697,1,578421,1,5321,1,4699,1,1353,2,5551,1,0,0,0,0,0,0,22700,1,254,1,9570,1,6786,1,22954,1,9570,1,0,1
11,14433900,6806,9570,28.99352,1240,0,16,14,168,44626,1814,6303,14389274,16,239,10,1,27374,1,120,1,1897456,1,3909029,1,187032,1,8356158,1,12094,1,1541838,1,8437,4,846364,4,64108,4,1872236,4,3636767,8,5441027,168,61673,24,8497,1,361810,1,2695,1,4900,1,1373,2,5321,1,0,0,0,0,0,0,22716,1,263,1,9570,1,6806,1,22979,1,9570,1,0,1
12,14862800,6806,9570,28.993486,1240,0,16,14,168,51296,2214,6233,14811504,16,239,281,1,28276,1,20,1,1862286,1,3749581,1,258915,1,8899309,1,12836,1,1651176,1,7725,4,863669,4,65510,4,1899580,4,3732558,8,5561217,168,64689,24,8507,1,649603,1,6092,1,5631,1,1433,2,5611,1,0,0,0,0,0,0,22744,1,264,1,9570,1,6806,1,23008,1,9570,1,0,1
13,15463400,6780,9570,28.993422,1240,0,16,14,168,45940,2134,7034,15417460,16,239,220,1,28066,1,120,1,1909199,1,4139808,1,192403,1,9134868,1,12775,1,2192533,1,7896,4,847857,4,64679,4,1858909,4,3669362,8,5459975,168,61262,24,8808,1,466909,1,4058,1,4589,1,1663,2,5471,1,0,0,0,0,0,0,22736,1,253,1,9570,1,6780,1,22989,1,9570,1,0,1
14,13929900,6784,9570,28.99337,1240,0,16,14,168,40671,1854,6453,13889229,16,239,190,1,27104,1,20,1,1894981,1,3670945,1,181922,1,8101952,1,12114,1,1218114,1,7415,4,852737,4,64629,4,1840172,4,3596176,8,5368583,168,61312,24,8156,1,498642,1,3216,1,4068,1,1433,2,5341,1,0,0,0,0,0,0,22775,1,271,1,9570,1,6784,1,23046,1,9570,1,0,1
15,15602300,6765,9570,28.993326,1240,0,16,14,168,71955,3347,6242,15530345,16,239,200,1,36803,1,90,1,1910311,1,3710574,1,237412,1,9620304,1,14649,1,2649943,1,9699,4,940121,4,65741,4,1916394,4,3606918,8,5461147,168,55921,24,8687,1,397872,1,5311,1,7936,1,2435,2,5902,1,0,0,0,0,0,0,22775,1,254,1,9570,1,6765,1,23029,1,9570,1,0,1
16,14790900,6760,9570,28.993288,1240,0,16,14,168,84555,2104,6443,14706345,16,239,281,1,44699,1,150,1,1888859,1,3825112,1,270669,1,8663290,1,13286,1,1710995,1,8126,4,851324,4,79859,4,1838679,4,3583421,8,5360207,168,55450,24,8236,1,563311,1,4379,1,6523,1,1463,2,4870,1,0,0,0,0,0,0,22734,1,256,1,9570,1,6760,1,22990,1,9570,1,0,1
17,14536800,6761,9570,28.993235,1240,0,16,14,168,62928,1774,6904,14473872,16,239,591,1,34719,1,80,1,2124688,1,3667538,1,181722,1,8451107,1,13427,1,1252993,1,8537,4,859220,4,72354,4,1963628,4,3719672,8,5617799,168,58597,24,10401,1,545475,1,6082,1,3968,1,1483,2,5521,1,0,0,0,0,0,0,22757,1,248,1,9570,1,6761,1,23005,1,9570,1,0,1
18,15995700,6734,9570,28.99321,1240,0,16,14,168,55840,2154,6573,15939860,16,239,240,1,34579,1,80,1,1902977,1,4488011,1,191972,1,9309205,1,12795,1,2295959,1,9970,4,849571,4,64789,4,1844641,4,3613711,8,5390066,168,61713,24,8477,1,601908,1,3337,1,7505,1,1723,2,5461,1,0,0,0,0,0,0,22736,1,249,1,9570,1,6734,1,22985,1,9570,1,0,1
19,14363300,6754,9570,28.99318,1240,0,16,14,168,47172,1884,6152,14316128,16,239,321,1,27585,1,271,1,1902576,1,3804290,1,186201,1,8382741,1,12144,1,1486598,1,7635,4,855092,4,66242,4,1846074,4,3722207,8,5505886,168,56242,24,14469,1,367521,1,3958,1,4248,1,1383,2,5431,1,0,0,0,0,0,0,22779,1,242,1,9570,1,6754,1,23021,1,9570,1,0,1
20,14987900,6753,9570,28.99314,1240,0,16,14,168,49353,2044,6613,14938547,16,239,130,1,27815,1,20,1,1896734,1,3841274,1,186581,1,8965781,1,20210,1,1687448,1,8497,4,905963,4,64528,4,1846494,4,3560946,8,5345637,168,55190,24,8467,1,859520,1,8377,1,5090,1,1393,2,7014,1,0,0,0,0,0,0,22809,1,233,1,9570,1,6753,1,23042,1,9570,1,0,1
21,15188600,6741,9570,28.993107,1240,0,16,14,168,102449,2555,6533,15086151,16,239,200,1,77023,1,20,1,1892606,1,3847416,1,250018,1,9005771,1,13096,1,1978247,1,9659,4,1049388,4,64699,4,1929930,4,3583651,8,5451568,168,55480,24,8537,1,362762,1,2936,1,4910,1,2996,2,5501,1,0,0,0,0,0,0,22787,1,225,1,9570,1,6741,1,23012,1,9570,1,0,1
22,15353800,6739,9570,28.993093,1240,0,16,14,168,58704,2876,6633,15295096,16,239,220,1,27435,1,150,1,1929500,1,4078586,1,266550,1,8980611,1,12044,1,1961423,1,8016,4,865442,4,64498,4,1855112,4,3618080,8,5411579,168,54979,24,8377,1,582108,1,3156,1,4810,1,1463,2,5250,1,0,0,0,0,0,0,22813,1,227,1,9570,1,6739,1,23040,1,9570,1,0,1
23,14658900,6730,9570,28.993065,1240,0,16,14,168,56121,1914,7205,14602779,16,239,411,1,31673,1,60,1,2103366,1,3803940,1,225108,1,8426889,1,11333,1,1559343,1,8507,4,875883,4,64488,4,1873959,4,3662468,8,5477460,168,51763,24,8347,1,357602,1,3156,1,4419,1,1473,2,5331,1,0,0,0,0,0,0,22796,1,232,1,9570,1,6730,1,23028,1,9570,1,0,1
24,14716500,6730,9570,28.993042,1240,0,16,14,168,57569,3016,6743,14658931,16,239,621,1,33096,1,40,1,1882226,1,3734562,1,183405,1,8812116,1,12866,1,1652258,1,19258,4,903658,4,79738,4,1873097,4,3643671,8,5448382,168,61643,24,8808,1,612779,1,3858,1,4098,1,2615,2,5260,1,0,0,0,0,0,0,22785,1,251,1,9570,1,6730,1,23036,1,9570,1,0,1
25,14216200,6722,9570,28.99303,1240,0,16,14,168,41212,1693,6252,14174988,16,239,341,1,28437,1,120,1,1903638,1,3866634,1,185559,1,8178585,1,11673,1,1482119,1,7485,4,851334,4,64679,4,1837667,4,3557349,8,5331049,168,57715,24,8527,1,353784,1,2996,1,4429,1,1433,2,5090,1,0,0,0,0,0,0,22767,1,236,1,9570,1,6722,1,23003,1,9570,1,0,1
26,14435900,6733,9570,28.993017,1240,0,16,14,168,50824,3166,6383,14385076,16,239,90,1,27595,1,60,1,1921844,1,3643550,1,184407,1,8594873,1,12655,1,1355377,1,7705,4,851234,4,72835,4,1839060,4,3599092,8,5368734,168,63035,24,19579,1,830042,1,5250,1,4719,1,1443,2,5371,1,0,0,0,0,0,0,22803,1,237,1,9570,1,6733,1,23040,1,9570,1,0,1
27,15019700,6733,9570,28.992998,1240,0,16,14,168,73267,3928,6493,14946433,16,239,220,1,28567,1,160,1,1945061,1,3825713,1,184677,1,8944970,1,17064,1,2020050,1,8677,4,902265,4,64949,4,1844390,4,3584834,8,5366760,168,55971,24,8517,1,490957,1,3717,1,5050,1,1784,2,5852,1,0,0,0,0,0,0,22820,1,245,1,9570,1,6733,1,23065,1,9570,1,0,1
28,15819400,6715,9570,28.992983,1240,0,16,14,168,391249,2224,6704,15428151,16,239,220,1,36964,1,160,1,2286660,1,3828128,1,256921,1,8999328,1,19769,1,1923498,1,9749,4,935081,4,64088,4,1820102,4,3629713,8,5387681,168,55430,24,8357,1,588180,1,4248,1,5882,1,3066,2,5140,1,0,0,0,0,0,0,22813,1,227,1,9570,1,6715,1,23040,1,9570,1,0,1
29,15388700,6720,9570,28.992973,1240,0,16,14,168,79225,2155,6463,15309475,16,239,461,1,34739,1,110,1,2093997,1,4033066,1,261621,1,8872816,1,12665,1,2011212,1,8507,4,860322,4,64879,4,1836364,4,3580224,8,5351659,168,58466,24,8687,1,485747,1,3046,1,4579,1,1543,2,5551,1,0,0,0,0,0,0,22798,1,240,1,9570,1,6720,1,23038,1,9570,1,0,1
30,16566700,6719,9570,28.99296,1240,0,16,14,168,113729,2895,6453,16452971,16,239,371,1,32044,1,130,1,2148485,1,4104428,1,229517,1,9925251,1,12745,1,2627028,1,8868,4,946163,4,66603,4,1890742,4,3666807,8,5500436,168,50661,24,8968,1,689171,1,5220,1,5381,1,2064,2,5341,1,0,0,0,0,0,0,22827,1,230,1,9570,1,6719,1,23057,1,9570,1,0,1
31,16311700,6717,9570,28.992933,1240,0,16,14,168,52766,2675,6403,16258934,16,239,952,1,27926,1,240,1,1943087,1,4017234,1,185018,1,10071542,1,12936,1,3184267,1,8487,4,953077,4,64849,4,1839440,4,3626056,8,5403443,168,55651,24,8958,1,368203,1,2976,1,5060,1,2265,2,5230,1,0,0,0,0,0,0,22811,1,239,1,9570,1,6717,1,23050,1,9570,1,0,1
32,14722200,6716,9570,28.992924,1240,0,16,14,168,55945,2134,7034,14666255,16,239,391,1,83376,1,220,1,2168044,1,3834631,1,184868,1,8381900,1,12826,1,1408463,1,7525,4,858609,4,73065,4,1865081,4,3589934,8,5389445,168,58536,24,8347,1,554223,1,3407,1,4409,1,1473,2,5230,1,0,0,0,0,0,0,22807,1,236,1,9570,1,6716,1,23043,1,9570,1,0,1
33,14836000,6704,9570,28.992918,1240,0,16,14,168,107581,2816,6192,14728419,16,239,230,1,36032,1,40,1,2067805,1,3733449,1,180750,1,8695443,1,14669,1,1703129,1,7385,4,885312,4,69839,4,1854370,4,3676205,8,5472811,168,51573,24,13176,1,467941,1,3246,1,5130,1,1483,2,5411,1,0,0,0,0,0,0,22806,1,226,1,9570,1,6704,1,23032,1,9570,1,0,1
34,14645500,6697,9570,28.992907,1240,0,16,14,168,43563,2144,6143,14601937,16,239,441,1,40350,1,250,1,2202944,1,3827747,1,181341,1,8320337,1,28527,1,1398182,1,7435,4,851364,4,64839,4,1828599,4,3578701,8,5344275,168,56883,24,8056,1,565916,1,3607,1,4178,1,1483,2,5832,1,0,0,0,0,0,0,22764,1,250,1,9570,1,6697,1,23014,1,9570,1,0,1
35,14168300,6701,9570,28.992893,1240,0,16,14,168,87139,2094,6443,14081161,16,239,240,1,44368,1,20,1,1861204,1,3859931,1,181241,1,8113245,1,20912,1,1245258,1,8136,4,857907,4,65871,4,1878127,4,3676727,8,5489213,168,59198,24,12765,1,352181,1,3206,1,4118,1,1683,2,5170,1,0,0,0,0,0,0,22793,1,239,1,9570,1,6701,1,23032,1,9570,1,0,1
36,14826700,6705,9570,28.992886,1240,0,16,14,168,48151,1934,6693,14778549,16,239,291,1,39398,1,120,1,2210699,1,3792637,1,178886,1,8535806,1,20711,1,1514995,1,8557,4,838659,4,74899,4,1845793,4,3654522,8,5440857,168,52765,24,8667,1,573541,1,3287,1,4399,1,1523,2,5030,1,0,0,0,0,0,0,22795,1,233,1,9570,1,6705,1,23028,1,9570,1,0,1
37,15365800,6721,9570,28.992884,1240,0,16,14,168,48810,2585,7004,15316990,16,239,210,1,26413,1,20,1,1884650,1,3771255,1,186942,1,9413222,1,34278,1,2436208,1,9088,4,905963,4,65440,4,1864570,4,3620835,8,5417581,168,60821,24,8537,1,484244,1,3767,1,4699,1,2124,2,5160,1,0,0,0,0,0,0,22812,1,247,1,9570,1,6721,1,23059,1,9570,1,0,1
38,15158400,6725,9570,28.99288,1240,0,16,14,168,77650,2305,7224,15080750,16,239,80,1,28717,1,140,1,1896524,1,3979088,1,315297,1,8847777,1,13126,1,1830242,1,8727,4,851975,4,65380,4,1878979,4,3591176,8,5406829,168,56102,24,8627,1,592689,1,3587,1,6493,1,1493,2,6102,1,0,0,0,0,0,0,22834,1,250,1,9570,1,6725,1,23084,1,9570,1,0,1
39,14180200,6710,9570,28.992878,1240,0,16,14,168,49891,1994,6914,14130309,16,239,110,1,29629,1,90,1,1891344,1,3810362,1,185439,1,8201360,1,11974,1,1361499,1,8948,4,866715,4,65991,4,1822006,4,3671887,8,5430086,168,56893,24,8607,1,379355,1,3477,1,4389,1,1413,2,5080,1,0,0,0,0,0,0,22803,1,236,1,9570,1,6710,1,23039,1,9570,1,0,1
40,14474200,6708,9570,28.992876,1240,0,16,14,168,46510,2435,6092,14427690,16,239,100,1,27885,1,30,1,1893789,1,3788068,1,187363,1,8517469,1,12986,1,1405156,1,8697,4,868148,4,65520,4,1924029,4,3564503,8,5426378,168,56062,24,8828,1,654362,1,3928,1,4679,1,1814,2,5371,1,0,0,0,0,0,0,22778,1,247,1,9570,1,6708,1,23025,1,9570,1,0,1
41,14038800,6708,9570,28.992876,1240,0,16,14,168,39242,1944,6333,13999558,16,239,100,1,28817,1,110,1,1893047,1,3827156,1,185078,1,8053586,1,11663,1,1333704,1,7785,4,870663,4,64478,4,1821024,4,3565706,8,5324305,168,56092,24,8527,1,365297,1,3226,1,4769,1,1423,2,5040,1,0,0,0,0,0,0,22781,1,252,1,9570,1,6708,1,23033,1,9570,1,0,1
42,14831300,6700,9570,28.99287,1240,0,16,14,168,76809,2926,6383,14754491,16,239,210,1,27525,1,20,1,1870983,1,3856865,1,181140,1,8804370,1,13377,1,1370968,1,8397,4,859571,4,69198,4,1837527,4,3613982,8,5379505,168,65621,24,17104,1,1004769,1,7996,1,4218,1,1613,2,6102,1,0,0,0,0,0,0,22776,1,246,1,9570,1,6700,1,23022,1,9570,1,0,1
43,14823100,6693,9570,28.99286,1240,0,16,14,168,48990,2234,6723,14774110,16,239,351,1,36242,1,190,1,2281841,1,3883598,1,180128,1,8380246,1,11513,1,1600926,1,7505,4,860993,4,72875,4,1821936,4,3619803,8,5379124,168,55891,24,8587,1,371559,1,2876,1,4268,1,1523,2,5160,1,0,0,0,0,0,0,22767,1,240,1,9570,1,6693,1,23007,1,9570,1,0,1
44,14014200,6701,9570,28.992851,1240,0,16,14,168,46846,1824,6222,13967354,16,239,130,1,27845,1,40,1,1887266,1,3654312,1,179828,1,8205448,1,12485,1,1282252,1,7415,4,853849,4,63456,4,1812226,4,3542549,8,5293604,168,54949,24,8116,1,617679,1,5641,1,4048,1,1403,2,4990,1,0,0,0,0,0,0,22796,1,246,1,9570,1,6701,1,23042,1,9570,1,0,1
45,15768700,6708,9570,28.99285,1240,0,16,14,168,77926,3006,6463,15690774,16,239,220,1,27875,1,180,1,1887757,1,4245759,1,183836,1,9332451,1,12695,1,2536908,1,8537,4,863067,4,74709,4,1828589,4,3620254,8,5383303,168,59078,24,8637,1,371930,1,4359,1,4910,1,2234,2,5311,1,0,0,0,0,0,0,22820,1,245,1,9570,1,6708,1,23065,1,9570,1,0,1
46,14647000,6706,9570,28.992847,1240,0,16,14,168,85243,1904,5922,14561757,16,239,230,1,31092,1,20,1,2092294,1,3622218,1,185720,1,8615565,1,14619,1,1541578,1,7475,4,833929,4,64508,4,1800673,4,3563722,8,5303023,168,55450,24,8307,1,776415,1,5471,1,4769,1,1703,2,5110,1,0,0,0,0,0,0,22835,1,238,1,9570,1,6706,1,23073,1,9570,1,0,1
47,15416000,6703,9570,28.99284,1240,0,16,14,168,80984,2505,10120,15335016,16,239,230,1,28607,1,170,1,2105249,1,3717237,1,194106,1,9277161,1,12254,1,2421980,1,8246,4,886053,4,65991,4,1840312,4,3641787,8,5413473,168,58506,24,8447,1,383102,1,3808,1,7565,1,1994,2,5371,1,0,0,0,0,0,0,22794,1,239,1,9570,1,6703,1,23033,1,9570,1,0,1
48,14396500,6704,9570,28.99284,1240,0,16,14,168,52045,1814,6713,14344455,16,239,541,1,34589,1,250,1,2103085,1,3787046,1,180609,1,8226090,1,12244,1,1249286,1,7615,4,862867,4,70721,4,1845753,4,3570044,8,5350998,168,58086,24,8116,1,595806,1,3908,1,4228,1,1473,2,4459,1,0,0,0,0,0,0,22798,1,241,1,9570,1,6704,1,23039,1,9570,1,0,1
49,14501900,6704,9570,28.992838,1240,0,16,14,168,58037,1954,6453,14443863,16,239,100,1,26954,1,120,1,1865452,1,3742527,1,182904,1,8608230,1,17575,1,1550856,1,15020,4,879741,4,67454,4,1908197,4,3647969,8,5492660,168,57054,24,12996,1,506538,1,3597,1,4780,1,1603,2,7525,1,0,0,0,0,0,0,22788,1,246,1,9570,1,6704,1,23034,1,9570,1,0,1
50,14619500,6707,9570,28.99283,1240,0,16,14,168,46110,2445,6072,14573390,16,239,110,1,28447,1,200,1,1897586,1,4018667,1,188024,1,8426418,1,13938,1,1469965,1,7545,4,850392,4,64619,4,1833078,4,3579824,8,5351910,168,54919,24,8407,1,596056,1,3677,1,4048,1,1423,2,4940,1,0,0,0,0,0,0,22799,1,241,1,9570,1,6707,1,23040,1,9570,1,0,1
51,14355000,6705,9570,28.992828,1240,0,16,14,168,81597,2184,6122,14273403,16,239,341,1,28356,1,20,1,1933347,1,3936964,1,180770,1,8181561,1,12044,1,1518031,1,7535,4,854060,4,64699,4,1838308,4,3528592,8,5305518,168,55260,24,8266,1,345477,1,2886,1,4349,1,1543,2,5631,1,0,0,0,0,0,0,22782,1,237,1,9570,1,6705,1,23019,1,9570,1,0,1
52,15194500,6714,9570,28.992826,1240,0,16,14,168,53510,3267,6142,15140990,16,239,421,1,32515,1,80,1,2059108,1,3811194,1,182663,1,9043025,1,11984,1,2083075,1,7876,4,850182,4,64548,4,1840843,4,3545545,8,5324666,168,55581,24,8367,1,622890,1,4369,1,4439,1,1834,2,5792,1,0,0,0,0,0,0,22796,1,245,1,9570,1,6714,1,23041,1,9570,1,0,1
53,13864700,6704,9570,28.992823,1240,0,16,14,168,83947,1703,5752,13780753,16,239,381,1,27755,1,30,1,1913768,1,3638621,1,177764,1,8007655,1,14779,1,1329265,1,7395,4,843318,4,64258,4,1843318,4,3508091,8,5290938,168,54719,24,8126,1,388794,1,3277,1,3798,1,1413,2,4900,1,0,0,0,0,0,0,22777,1,237,1,9570,1,6704,1,23014,1,9570,1,0,1
54,15914800,6700,9570,28.992823,1240,0,16,14,168,134478,2384,6212,15780322,16,239,321,1,33707,1,70,1,2470306,1,3724051,1,366579,1,9158365,1,26924,1,2138085,1,7735,4,849430,4,64809,4,1856124,4,3608942,8,5403282,168,55571,24,8487,1,604703,1,4790,1,4890,1,1483,2,6503,1,0,0,0,0,0,0,22783,1,239,1,9570,1,6700,1,23022,1,9570,1,0,1
55,14612800,6707,9570,28.992817,1240,0,16,14,168,47656,2004,6052,14565144,16,239,391,1,95961,1,220,1,2368052,1,3813709,1,206892,1,8068175,1,11743,1,1422491,1,7295,4,854400,4,64047,4,1827847,4,3531718,8,5298343,168,55170,24,8166,1,336991,1,2705,1,4238,1,1483,2,4790,1,0,0,0,0,0,0,22769,1,252,1,9570,1,6707,1,23021,1,9570,1,0,1
56,14477800,6699,9570,28.992815,1240,0,16,14,168,56462,3738,5972,14421338,16,239,411,1,26964,1,30,1,1861905,1,3632959,1,209898,1,8676356,1,12816,1,1338774,1,13296,4,857496,4,66172,4,1830132,4,3654242,8,5418823,168,59579,24,8567,1,885191,1,6022,1,4900,1,1443,2,6383,1,0,0,0,0,0,0,22749,1,241,1,9570,1,6699,1,22990,1,9570,1,0,1
57,14577700,6699,9570,28.99282,1240,0,16,14,168,45692,1804,7034,14532008,16,239,150,1,29419,1,180,1,1902666,1,3857697,1,178255,1,8552218,1,11423,1,1825443,1,8086,4,848969,4,75470,4,1822827,4,3583431,8,5337902,168,61322,24,8787,1,364014,1,3116,1,3928,1,1463,2,4880,1,0,0,0,0,0,0,22762,1,249,1,9570,1,6699,1,23011,1,9570,1,0,1
58,14382000,6707,9570,28.99282,1240,0,16,14,168,100641,2545,6834,14281359,16,239,160,1,27865,1,30,1,1883628,1,3743519,1,230779,1,8371830,1,23547,1,1417220,1,7695,4,851324,4,64228,4,1855071,4,3576627,8,5369034,168,55831,24,8196,1,572379,1,4399,1,5260,1,1573,2,5311,1,0,0,0,0,0,0,22774,1,240,1,9570,1,6707,1,23014,1,9570,1,0,1
59,15017400,6702,9570,28.992815,1240,0,16,14,168,102921,3226,6553,14914479,16,239,1473,1,31312,1,70,1,1916754,1,3842055,1,180459,1,8926313,1,16042,1,2174577,1,7966,4,862126,4,64619,4,1858939,4,3525936,8,5322642,168,55681,24,8297,1,405567,1,3086,1,4880,1,1733,2,5361,1,0,0,0,0,0,0,22772,1,245,1,9570,1,6702,1,23017,1,9570,1,0,1
60,14474300,6706,9570,28.99281,1240,0,16,14,168,95577,2665,6663,14378723,16,239,351,1,27064,1,40,1,1950912,1,3679001,1,240759,1,8469003,1,11593,1,1415276,1,7806,4,875382,4,65460,4,1846344,4,3621457,8,5402942,168,58196,24,8487,1,609292,1,4780,1,4519,1,1573,2,5962,1,0,0,0,0,0,0,22779,1,242,1,9570,1,6706,1,23021,1,9570,1,0,1
61,15812500,6701,9570,28.992811,1240,0,16,14,168,52909,2004,6162,15759591,16,239,271,1,52935,1,70,1,2494985,1,3841645,1,241390,1,9115600,1,12695,1,2094187,1,8096,4,864210,4,64358,4,1875993,4,3658059,8,5470476,168,57414,24,8567,1,523652,1,3236,1,6313,1,1643,2,5281,1,0,0,0,0,0,0,22759,1,248,1,9570,1,6701,1,23007,1,9570,1,0,1
62,15066600,6695,9570,28.992815,1240,0,16,14,168,52523,2265,6884,15014077,16,239,120,1,27154,1,140,1,1942004,1,3931854,1,224166,1,8876564,1,12074,1,1598892,1,7976,4,855613,4,65851,4,1871083,4,3618441,8,5421829,168,60811,24,8587,1,829731,1,5952,1,4619,1,1463,2,6092,1,0,0,0,0,0,0,22766,1,242,1,9570,1,6695,1,23008,1,9570,1,0,1
63,14937400,6694,9570,28.992807,1240,0,16,14,168,77770,2615,6503,14859630,16,239,130,1,27705,1,50,1,1909610,1,3701767,1,177724,1,9028176,1,14469,1,1791224,1,9078,4,888628,4,71091,4,1869049,4,3621587,8,5426368,168,57765,24,8567,1,749662,1,4870,1,4168,1,1473,2,6162,1,0,0,0,0,0,0,22750,1,248,1,9570,1,6694,1,22998,1,9570,1,0,1
64,14836500,6691,9570,28.992807,1240,0,16,14,168,132189,2675,6483,14704311,16,239,401,1,34078,1,90,1,2013286,1,3804611,1,180479,1,8561377,1,109989,1,1586367,1,8256,4,848278,4,64388,4,1832046,4,3586407,8,5356710,168,55260,24,8256,1,601507,1,7986,1,4429,1,2305,2,8477,1,0,0,0,0,0,0,22720,1,256,1,9570,1,6691,1,22976,1,9570,1,0,1
65,15145300,6698,9570,28.992807,1240,0,16,14,168,85261,2705,6443,15060039,16,239,681,1,35220,1,190,1,2272021,1,3703660,1,187643,1,8831164,1,29459,1,1852266,1,7695,4,853007,4,68637,4,1822577,4,3574653,8,5335527,168,55260,24,10421,1,613100,1,12465,1,4669,1,1673,2,7295,1,0,0,0,0,0,0,22728,1,250,1,9570,1,6698,1,22978,1,9570,1,0,1
66,14643100,6700,9570,28.992807,1240,0,16,14,168,68898,2295,6623,14574202,16,239,331,1,27174,1,40,1,2094037,1,3822867,1,199016,1,8417390,1,13347,1,1503692,1,7856,4,843959,4,64188,4,1830553,4,3546537,8,5315347,168,55120,24,8317,1,593351,1,4739,1,5000,1,1493,2,5411,1,0,0,0,0,0,0,22742,1,247,1,9570,1,6700,1,22989,1,9570,1,0,1
67,14455100,6693,9570,28.992805,1240,0,16,14,168,47780,1874,5731,14407320,16,239,311,1,43637,1,170,1,2190900,1,3800763,1,196281,1,8154016,1,21242,1,1304416,1,8347,4,833719,4,63316,4,1840923,4,3527129,8,5307281,168,55040,24,8808,1,547630,1,5711,1,5561,1,1633,2,4950,1,0,0,0,0,0,0,22744,1,233,1,9570,1,6693,1,22977,1,9570,1,0,1
68,16104100,6701,9570,28.992804,1240,0,16,14,168,93309,3527,6272,16010791,16,239,230,1,28176,1,30,1,1894410,1,4269406,1,269737,1,9529333,1,19469,1,2552329,1,8968,4,861825,4,65230,4,1849039,4,3569934,8,5356609,168,56092,24,8747,1,592810,1,3567,1,5130,1,2595,2,5631,1,0,0,0,0,0,0,22720,1,249,1,9570,1,6701,1,22969,1,9570,1,0,1
69,15958400,6699,9570,28.992804,1240,0,16,14,168,53179,2315,6052,15905221,16,239,441,1,34469,1,301,1,2137383,1,3932676,1,200940,1,9586617,1,12395,1,2489835,1,8096,4,873608,4,65230,4,1906043,4,3660644,8,5504032,168,56603,24,9088,1,556648,1,3747,1,4860,1,1764,2,4739,1,0,0,0,0,0,0,22734,1,248,1,9570,1,6699,1,22982,1,9570,1,0,1
70,16105200,6702,9570,28.992807,1240,0,16,14,168,50823,3307,7074,16054377,16,239,200,1,26483,1,190,1,1887456,1,3892326,1,190299,1,10044147,1,13276,1,2242372,1,8407,4,915021,4,66753,4,1895482,4,3637769,8,5468913,168,57264,24,8637,1,1236731,1,12134,1,4820,1,3026,2,9689,1,0,0,0,0,0,0,22751,1,241,1,9570,1,6702,1,22992,1,9570,1,0,1
71,16404100,6703,9570,28.992807,1240,0,16,14,168,48884,2876,6583,16355216,16,239,531,1,37915,1,170,1,2151010,1,3933638,1,197703,1,10022093,1,12154,1,2718259,1,8397,4,880372,4,67154,4,1882396,4,3658390,8,5478742,168,55460,24,16954,1,769762,1,4990,1,4369,1,2575,2,5601,1,0,0,0,0,0,0,22752,1,243,1,9570,1,6703,1,22995,1,9570,1,0,1
72,15740900,6700,9570,28.992807,1240,0,16,14,168,52060,3397,6854,15688840,16,239,200,1,27916,1,30,1,1897235,1,4002114,1,188565,1,9560836,1,11944,1,2092995,1,7896,4,865262,4,65180,4,1881374,4,3614382,8,5432921,168,55981,24,8637,1,1003828,1,5701,1,4659,1,1703,2,5822,1,0,0,0,0,0,0,22747,1,245,1,9570,1,6700,1,22992,1,9570,1,0,1
73,15003500,6694,9570,28.992807,1240,0,16,14,168,47779,2325,6242,14955721,16,239,291,1,27785,1,30,1,1899981,1,3725644,1,185289,1,9102554,1,14148,1,2069298,1,8527,4,860973,4,64859,4,1846655,4,3551056,8,5335988,168,55480,24,8497,1,674131,1,5331,1,4238,1,1403,2,5260,1,0,0,0,0,0,0,22725,1,246,1,9570,1,6694,1,22971,1,9570,1,0,1
74,15746100,6690,9570,28.992807,1240,0,16,14,168,74494,4058,6373,15671606,16,239,170,1,28336,1,90,1,2138185,1,3688209,1,205329,1,9591607,1,19679,1,1798569,1,11192,4,918628,4,68566,4,1900392,4,3627378,8,5464925,168,56472,24,8707,1,1222853,1,12495,1,4950,1,5120,2,8697,1,0,0,0,0,0,0,22719,1,247,1,9570,1,6690,1,22966,1,9570,1,0,1
75,15386900,6685,9570,28.992804,1240,0,16,14,168,56423,2705,6743,15330477,16,239,441,1,51122,1,170,1,2279476,1,3846825,1,197293,1,8943637,1,11513,1,2232513,1,7876,4,879019,4,77584,4,1821024,4,3563130,8,5320738,168,56673,24,8357,1,337622,1,2906,1,4268,1,1463,2,5170,1,0,0,0,0,0,0,22704,1,244,1,9570,1,6685,1,22948,1,9570,1,0,1
76,14970600,6687,9570,28.992804,1240,0,16,14,168,55189,1914,6212,14915411,16,239,200,1,40410,1,70,1,2147704,1,3673490,1,176361,1,8865171,1,12004,1,1297392,1,10260,4,853839,4,70801,4,1903949,4,3673169,8,5515165,168,55741,24,9048,1,1026272,1,6503,1,4739,1,1453,2,5832,1,0,0,0,0,0,0,22719,1,237,1,9570,1,6687,1,22956,1,9570,1,0,1
77,15002400,6684,9570,28.99281,1240,0,16,14,168,99925,2224,6293,14902475,16,239,110,1,28326,1,471,1,2058807,1,3742517,1,178595,1,8879881,1,13767,1,1999900,1,8116,4,851655,4,63977,4,1801004,4,3616326,8,5356509,168,54529,24,8186,1,514995,1,3006,1,4008,1,1383,2,5100,1,0,0,0,0,0,0,22731,1,233,1,9570,1,6684,1,22964,1,9570,1,0,1
78,16280300,6684,9570,28.99281,1240,0,16,14,168,469788,2355,6383,15810512,16,239,90,1,32645,1,130,1,1918728,1,3928327,1,239336,1,9653129,1,38126,1,1821805,1,8216,4,855001,4,66142,4,1812878,4,3678801,8,5429605,168,55691,24,54919,1,1311309,1,26062,1,5471,1,2585,2,7585,1,0,0,0,0,0,0,22728,1,233,1,9570,1,6684,1,22961,1,9570,1,0,1
79,15941600,6685,9570,28.99281,1240,0,16,14,168,120587,2294,7425,15821013,16,239,2525,1,52034,1,250,1,2389114,1,4061071,1,184938,1,9116972,1,14108,1,2136201,1,8016,4,863719,4,64749,4,1858538,4,3639573,8,5437931,168,52755,24,8397,1,519093,1,5411,1,4108,1,1513,2,5361,1,0,0,0,0,0,0,22751,1,228,1,9570,1,6685,1,22979,1,9570,1,0,1
80,14423100,6680,9570,28.99281,1240,0,16,14,168,44317,1864,6253,14378783,16,239,230,1,27936,1,110,1,1898698,1,3705434,1,181301,1,8553982,1,11092,1,1373323,1,7485,4,837116,4,63777,4,1817647,4,3576677,8,5338703,168,49368,24,7986,1,852767,1,4569,1,3978,1,1493,2,5301,1,0,0,0,0,0,0,22717,1,227,1,9570,1,6680,1,22944,1,9570,1,0,1
81,15285000,6679,9570,28.99281,1240,0,16,14,168,46556,1593,6383,15238444,16,239,421,1,27134,1,20,1,1881735,1,3947095,1,191471,1,9179066,1,11503,1,2260027,1,8026,4,844541,4,65891,4,1826214,4,3557068,8,5327862,168,49038,24,8627,1,592639,1,3777,1,4279,1,1483,2,4900,1,0,0,0,0,0,0,22711,1,230,1,9570,1,6679,1,22941,1,9570,1,0,1
82,14526800,6674,9570,28.99281,1240,0,16,14,168,47457,2224,6974,14479343,16,239,331,1,36082,1,50,1,1897286,1,3693460,1,184086,1,8655955,1,12094,1,1535566,1,7385,4,839320,4,75771,4,1853969,4,3562339,8,5352541,168,56793,24,8246,1,754121,1,5681,1,4088,1,1383,2,5862,1,0,0,0,0,0,0,22730,1,231,1,9570,1,6674,1,22961,1,9570,1,0,1
83,15636400,6676,9570,28.992811,1240,0,16,14,168,48381,4970,6683,15588019,16,239,160,1,27555,1,20,1,1908989,1,3604743,1,183315,1,9851484,1,11753,1,2182092,1,10962,4,903688,4,68707,4,2160129,4,3610615,8,5705303,168,58757,24,8998,1,872326,1,13136,1,4038,1,2545,2,9278,1,0,0,0,0,0,0,22730,1,233,1,9570,1,6676,1,22963,1,9570,1,0,1
84,15482300,6676,9570,28.992811,1240,0,16,14,168,881195,1723,6032,14601105,16,239,130,1,28336,1,190,1,1908037,1,3646516,1,189277,1,8799781,1,28837,1,1646627,1,8006,4,870382,4,63136,4,1824541,4,3466168,8,5230398,168,54278,24,8497,1,893969,1,5481,1,4038,1,1924,2,5291,1,0,0,0,0,0,0,22727,1,242,1,9570,1,6676,1,22969,1,9570,1,0,1
85,15741200,6667,9570,28.992811,1240,0,16,14,168,543036,2806,7054,15198164,16,239,371,1,36412,1,80,1,1999689,1,3880262,1,212964,1,9045370,1,23016,1,2041102,1,12555,4,863949,4,66081,4,1860442,4,3621116,8,5417531,168,56973,24,10431,1,549534,1,3657,1,6643,1,1493,2,5561,1,0,0,0,0,0,0,22711,1,236,1,9570,1,6667,1,22947,1,9570,1,0,1
86,14789800,6676,9570,28.992817,1240,0,16,14,168,53946,2755,6844,14735854,16,239,661,1,31573,1,531,1,1892476,1,3817296,1,180810,1,8800743,1,11763,1,1562760,1,7685,4,862256,4,65240,4,1860162,4,3574072,8,5371318,168,56072,24,9389,1,839631,1,5080,1,4289,1,1553,2,5872,1,0,0,0,0,0,0,22721,1,239,1,9570,1,6676,1,22960,1,9570,1,0,1
87,14678200,6672,9570,28.992817,1240,0,16,14,168,67816,1894,6493,14610384,16,239,180,1,27415,1,541,1,1894720,1,3657769,1,200208,1,8814060,1,15491,1,1901063,1,7775,4,875733,4,64398,4,1812807,4,3524534,8,5275488,168,55360,24,26413,1,584122,1,3968,1,4479,1,1543,2,5331,1,0,0,0,0,0,0,22729,1,231,1,9570,1,6672,1,22960,1,9570,1,0,1
88,15423800,6678,9570,28.992817,1240,0,16,14,168,84395,2285,6363,15339405,16,239,40,1,35100,1,220,1,2681616,1,3787156,1,180118,1,8611226,1,43927,1,1734071,1,7956,4,854571,4,64599,4,1814591,4,3523031,8,5280698,168,50561,24,8337,1,584263,1,4940,1,4970,1,1603,2,6012,1,0,0,0,0,0,0,22736,1,229,1,9570,1,6678,1,22965,1,9570,1,0,1
89,14620500,6678,9570,28.992817,1240,0,16,14,168,45386,1893,6383,14575114,16,239,271,1,65721,1,140,1,2358624,1,3785463,1,181992,1,8171391,1,11513,1,1371660,1,7685,4,847446,4,64488,4,1841054,4,3575445,8,5354395,168,55721,24,7896,1,438693,1,3587,1,5030,1,1533,2,4980,1,0,0,0,0,0,0,22734,1,239,1,9570,1,6678,1,22973,1,9570,1,0,1
90,15325600,6680,9570,28.992817,1240,0,16,14,168,46455,2455,5942,15279145,16,239,110,1,27114,1,30,1,1888548,1,4023907,1,209808,1,9117463,1,12164,1,1888859,1,8407,4,866454,4,64478,4,1842216,4,3581687,8,5361770,168,56192,24,8447,1,837968,1,5371,1,4319,1,1392,2,5411,1,0,0,0,0,0,0,22732,1,236,1,9570,1,6680,1,22968,1,9570,1,0,1
91,14415300,6683,9570,28.992815,1240,0,16,14,168,45094,1463,6773,14370206,16,239,20,1,27425,1,70,1,1890552,1,3699281,1,189247,1,8551778,1,11834,1,1796415,1,7455,4,858308,4,65090,4,1837366,4,3561748,8,5337161,168,55180,24,8377,1,401649,1,2826,1,4038,1,1493,2,5551,1,0,0,0,0,0,0,22749,1,225,1,9570,1,6683,1,22974,1,9570,1,0,1
92,15111400,6678,9570,28.992807,1240,0,16,14,168,55039,2545,6453,15056361,16,239,90,1,27004,1,40,1,1884370,1,3719121,1,184888,1,9228785,1,12064,1,2016513,1,8116,4,864611,4,66162,4,1825583,4,3581738,8,5345948,168,54919,24,8427,1,837497,1,5892,1,4178,1,1663,2,5862,1,0,0,0,0,0,0,22753,1,231,1,9570,1,6678,1,22984,1,9570,1,0,1
93,15121000,6674,9570,28.992805,1240,0,16,14,168,45300,2725,5572,15075700,16,239,160,1,28607,1,170,1,1889450,1,3815332,1,201832,1,9125980,1,14168,1,2128415,1,10781,4,902626,4,67354,4,1812066,4,3583461,8,5339354,168,50601,24,8537,1,594964,1,3948,1,4098,1,1593,2,5411,1,0,0,0,0,0,0,22743,1,227,1,9570,1,6674,1,22970,1,9570,1,0,1
94,15020200,6680,9570,28.9928,1240,0,16,14,168,54238,1523,7004,14965962,16,239,230,1,32825,1,150,1,1948548,1,3733790,1,182844,1,9054769,1,12805,1,1453853,1,18667,4,863458,4,66653,4,1807878,4,3606427,8,5351088,168,56212,24,14389,1,1201741,1,7144,1,4008,1,1533,2,7495,1,0,0,0,0,0,0,22732,1,238,1,9570,1,6680,1,22970,1,9570,1,0,1
95,14820500,6674,9570,28.992796,1240,0,16,14,168,71691,2184,5832,14748809,16,239,541,1,28857,1,140,1,1912506,1,3729411,1,241941,1,8823548,1,11864,1,2205559,1,7635,4,846134,4,65771,4,1815122,4,3524253,8,5278714,168,54829,24,8156,1,333333,1,3307,1,5401,1,1493,2,5200,1,0,0,0,0,0,0,22721,1,240,1,9570,1,6674,1,22961,1,9570,1,0,1
96,14542800,6668,9570,28.992794,1240,0,16,14,168,61543,3196,6924,14481257,16,239,351,1,32154,1,110,1,2050530,1,3709051,1,182403,1,8493472,1,13186,1,1416990,1,7495,4,852206,4,64949,4,1852637,4,3582740,8,5373994,168,54458,24,16092,1,679693,1,5922,1,3978,1,1473,2,6102,1,0,0,0,0,0,0,22728,1,225,1,9570,1,6668,1,22953,1,9570,1,0,1
97,14606500,6672,9570,28.992796,1240,0,16,14,168,38561,1764,6102,14567939,16,239,391,1,27685,1,30,1,1890191,1,3876805,1,259737,1,8501467,1,11633,1,1773509,1,7495,4,844330,4,65330,4,1811585,4,3497340,8,5247813,168,55009,24,8858,1,476669,1,2966,1,5250,1,1463,2,4910,1,0,0,0,0,0,0,22720,1,231,1,9570,1,6672,1,22951,1,9570,1,0,1
98,14372900,6675,9570,28.992798,1240,0,16,14,168,43866,2124,6794,14329034,16,239,90,1,26663,1,20,1,1887406,1,3694192,1,178796,1,8530084,1,11783,1,1472310,1,7675,4,848959,4,75009,4,1826565,4,3533131,8,5295317,168,57585,24,7956,1,738760,1,5822,1,4990,1,1433,2,5351,1,0,0,0,0,0,0,22714,1,236,1,9570,1,6675,1,22950,1,9570,1,0,1
99,14951300,6676,9570,28.992798,1240,0,16,14,168,45148,1694,6794,14906152,16,239,80,1,27104,1,80,1,1888959,1,3738209,1,195499,1,9043727,1,12495,1,2102754,1,8186,4,861975,4,80390,4,1834020,4,3622809,8,5392872,168,57164,24,8477,1,509454,1,3176,1,4158,1,1493,2,5140,1,0,0,0,0,0,0,22700,1,246,1,9570,1,6676,1,22946,1,9570,1,0,1
100,14374400,6677,9570,28.992798,1240,0,16,14,168,41999,1764,6192,14332401,16,239,160,1,37384,1,60,1,1893498,1,3656807,1,180319,1,8552118,1,12054,1,1448683,1,7675,4,847176,4,66021,4,1806365,4,3551608,8,5296560,168,55220,24,9198,1,797677,1,4659,1,4158,1,1443,2,5691,1,0,0,0,0,0,0,22713,1,249,1,9570,1,6677,1,22962,1,9570,1,0,1
101,14840100,6675,9570,28.992796,1240,0,16,14,168,44497,2906,6333,14795603,16,239,461,1,27685,1,20,1,1895512,1,3653340,1,183395,1,9023366,1,11824,1,1912736,1,7936,4,862486,4,66843,4,1799741,4,3638450,8,5373413,168,58446,24,13437,1,702939,1,3757,1,4900,1,1854,2,5381,1,0,0,0,0,0,0,22710,1,247,1,9570,1,6675,1,22957,1,9570,1,0,1
102,14905700,6673,9570,28.992798,1240,0,16,14,168,48164,1713,5912,14857536,16,239,80,1,28467,1,220,1,2105229,1,3706937,1,197052,1,8807607,1,11944,1,1620224,1,7585,4,889049,4,64979,4,1833378,4,3530676,8,5302031,168,56112,24,8637,1,832927,1,6944,1,4309,1,1403,2,5782,1,0,0,0,0,0,0,22712,1,245,1,9570,1,6673,1,22957,1,9570,1,0,1
103,15137500,6669,9570,28.992802,1240,0,16,14,168,90357,2715,6192,15047143,16,239,110,1,27575,1,80,1,1892426,1,3703269,1,225719,1,9184797,1,13166,1,2291881,1,10060,4,870953,4,66753,4,1855643,4,3535305,8,5329455,168,55300,24,8607,1,525055,1,4399,1,6373,1,1673,2,5381,1,0,0,0,0,0,0,22703,1,244,1,9570,1,6669,1,22947,1,9570,1,0,1
104,15225100,6665,9570,28.992802,1240,0,16,14,168,50523,2014,6112,15174577,16,239,751,1,43537,1,160,1,2425236,1,3904159,1,186571,1,8602348,1,11814,1,1369696,1,7896,4,854571,4,64418,4,1851094,4,3596707,8,5386088,168,55601,24,8286,1,829531,1,6593,1,4519,1,1503,2,5521,1,0,0,0,0,0,0,22704,1,240,1,9570,1,6665,1,22944,1,9570,1,0,1
105,14723800,6665,9570,28.992802,1240,0,16,14,168,50761,2004,6683,14673039,16,239,240,1,27575,1,80,1,1883779,1,3747768,1,180770,1,8820833,1,11994,1,1963557,1,7846,4,847246,4,68617,4,1818168,4,3640855,8,5393122,168,59218,24,8226,1,450156,1,3156,1,3998,1,1493,2,5511,1,0,0,0,0,0,0,22692,1,241,1,9570,1,6665,1,22933,1,9570,1,0,1
106,14988700,6661,9570,28.992785,1240,0,16,14,168,44572,1774,7124,14944128,16,239,170,1,27695,1,140,1,1887386,1,3812096,1,190349,1,9014098,1,12194,1,1796846,1,8006,4,856414,4,66582,4,1870001,4,3540225,8,5347682,168,55420,24,8607,1,847887,1,5862,1,4178,1,1513,2,6202,1,0,0,0,0,0,0,22686,1,238,1,9570,1,6661,1,22924,1,9570,1,0,1
107,14737100,6657,9570,28.992767,1240,0,16,14,168,43460,1583,7765,14693640,16,239,50,1,39649,1,30,1,2016413,1,3690404,1,184106,1,8750854,1,12134,1,1882105,1,7846,4,870943,4,64328,4,1844120,4,3519183,8,5299997,168,55541,24,8637,1,535446,1,4559,1,5180,1,1683,2,5240,1,0,0,0,0,0,0,22687,1,235,1,9570,1,6657,1,22922,1,9570,1,0,1
108,15796500,6664,9570,28.992775,1240,0,16,14,168,68472,4349,6914,15728028,16,239,421,1,34098,1,240,1,2126662,1,3695604,1,281059,1,9577529,1,12415,1,2246791,1,8337,4,866384,4,65130,4,1828759,4,3568772,8,5340206,168,50410,24,8968,1,959229,1,7305,1,5361,1,1703,2,6443,1,0,0,0,0,0,0,22688,1,238,1,9570,1,6664,1,22926,1,9570,1,0,1
109,14563000,6665,9570,28.992783,1240,0,16,14,168,42315,1443,6032,14520685,16,239,120,1,27896,1,110,1,1889450,1,3769100,1,180830,1,8640324,1,12856,1,1794331,1,8076,4,844110,4,64528,4,1816595,4,3528822,8,5284406,168,54979,24,8627,1,558151,1,4569,1,4459,1,1603,2,5010,1,0,0,0,0,0,0,22680,1,247,1,9570,1,6665,1,22927,1,9570,1,0,1
110,14614700,6667,9570,28.992783,1240,0,16,14,168,51099,1553,5912,14563601,16,239,321,1,27485,1,10,1,1886063,1,3707828,1,194257,1,8735173,1,12465,1,1463813,1,7956,4,851034,4,66352,4,1806335,4,3564233,8,5309235,168,55420,24,8998,1,944119,1,8757,1,4870,1,1473,2,5681,1,0,0,0,0,0,0,22700,1,243,1,9570,1,6667,1,22943,1,9570,1,0,1
111,14559100,6669,9570,28.992788,1240,0,16,14,168,40489,1844,5972,14518611,16,239,240,1,28166,1,90,1,1891304,1,3776194,1,184407,1,8626617,1,11593,1,1880071,1,7475,4,850502,4,64609,4,1806836,4,3516618,8,5262482,168,54999,24,8597,1,476047,1,3056,1,4890,1,1483,2,4589,1,0,0,0,0,0,0,22699,1,243,1,9570,1,6669,1,22942,1,9570,1,0,1
112,14639200,6665,9570,28.992788,1240,0,16,14,168,45509,2164,5711,14593691,16,239,10,1,27645,1,20,1,1919039,1,3672338,1,181201,1,8781455,1,11984,1,1457150,1,7585,4,845482,4,64709,4,1843579,4,3515035,8,5297211,168,55691,24,8216,1,1016543,1,8988,1,5190,1,1493,2,5321,1,0,0,0,0,0,0,22694,1,241,1,9570,1,6665,1,22935,1,9570,1,0,1
113,15386200,6672,9570,28.992786,1240,0,16,14,168,90132,4268,6523,15296068,16,239,1383,1,46643,1,511,1,2172293,1,3779060,1,185259,1,9076241,1,34679,1,2377732,1,7846,4,860953,4,64769,4,1821956,4,3511608,8,5271340,168,55701,24,8757,1,404064,1,3778,1,4319,1,1503,2,4689,1,0,0,0,0,0,0,22702,1,246,1,9570,1,6672,1,22948,1,9570,1,0,1
114,15071700,6676,9570,28.992786,1240,0,16,14,168,61380,1904,6222,15010320,16,239,491,1,32565,1,80,1,2535506,1,3637158,1,208264,1,8584643,1,11613,1,1444645,1,7625,4,845092,4,64378,4,1834240,4,3601176,8,5373673,168,55520,24,8006,1,758479,1,6733,1,4599,1,1463,2,6303,1,0,0,0,0,0,0,22709,1,243,1,9570,1,6676,1,22952,1,9570,1,0,1
115,15330600,6674,9570,28.99279,1240,0,16,14,168,58650,3076,6072,15271950,16,239,110,1,28326,1,40,1,1884500,1,3862516,1,241240,1,9243614,1,11603,1,2565615,1,8387,4,883468,4,64208,4,1816485,4,3536668,8,5292191,168,54889,24,8677,1,341109,1,3116,1,6333,1,1954,2,4519,1,0,0,0,0,0,0,22701,1,250,1,9570,1,6674,1,22951,1,9570,1,0,1
116,14751000,6671,9570,28.99279,1240,0,16,14,168,43924,1874,6904,14707076,16,239,70,1,32034,1,120,1,2175279,1,3828889,1,189778,1,8469043,1,11864,1,1495867,1,7675,4,849961,4,64007,4,1793399,4,3504654,8,5235859,168,55290,24,8327,1,728830,1,3507,1,4148,1,1513,2,5281,1,0,0,0,0,0,0,22699,1,245,1,9570,1,6671,1,22944,1,9570,1,0,1
117,14492900,6675,9570,28.992794,1240,0,16,14,168,45029,2104,5902,14447871,16,239,10,1,27795,1,130,1,1884951,1,3731756,1,181491,1,8609312,1,12425,1,1777387,1,10591,4,858849,4,68266,4,1845182,4,3534874,8,5318874,168,55280,24,8507,1,488713,1,3567,1,4128,1,1473,2,5671,1,0,0,0,0,0,0,22695,1,249,1,9570,1,6675,1,22944,1,9570,1,0,1
118,14474800,6671,9570,28.992794,1240,0,16,14,168,51689,1924,5822,14423111,16,239,351,1,28136,1,100,1,1889710,1,3756275,1,182022,1,8554984,1,11533,1,1443362,1,7755,4,852396,4,64919,4,1812667,4,3511698,8,5261650,168,56893,24,8437,1,834691,1,6112,1,4058,1,1493,2,5471,1,0,0,0,0,0,0,22699,1,241,1,9570,1,6671,1,22940,1,9570,1,0,1
119,14757300,6674,9570,28.992794,1240,0,16,14,168,48089,1934,6373,14709211,16,239,351,1,28697,1,100,1,1891835,1,3762938,1,182503,1,8831103,1,11683,1,2022485,1,7505,4,855412,4,75651,4,1807407,4,3542249,8,5287722,168,55561,24,9128,1,494885,1,3196,1,4148,1,1573,2,5531,1,0,0,0,0,0,0,22710,1,237,1,9570,1,6674,1,22947,1,9570,1,0,1
120,14948300,6674,9570,28.992794,1240,0,16,14,168,58300,2024,6102,14890000,16,239,150,1,27936,1,170,1,1892286,1,3790613,1,185790,1,8980771,1,12284,1,1688270,1,7826,4,858248,4,64729,4,1838128,4,3528852,8,5305488,168,55390,24,8497,1,968607,1,4198,1,4238,1,1583,2,5571,1,0,0,0,0,0,0,22704,1,243,1,9570,1,6674,1,22947,1,9570,1,0,1
121,14583800,6677,9570,28.992794,1240,0,16,14,168,44347,3297,5932,14539453,16,239,261,1,27124,1,20,1,1892957,1,3655875,1,181581,1,8769811,1,11824,1,1801635,1,7715,4,846134,4,68366,4,1893899,4,3629733,8,5460226,168,57474,24,8747,1,496027,1,3767,1,3868,1,1513,2,5110,1,0,0,0,0,0,0,22699,1,250,1,9570,1,6677,1,22949,1,9570,1,0,1
122,18732700,6679,9570,28.992794,1240,0,16,14,168,99511,6844,6844,18633189,16,239,110,1,27946,1,100,1,1896754,1,4949730,1,508111,1,11237411,1,13026,1,3958867,1,9218,4,964670,4,67945,4,1880302,4,3519514,8,5337161,168,55811,24,8868,1,789321,1,4699,1,17715,1,3397,2,6052,1,0,0,0,0,0,0,22696,1,251,1,9570,1,6679,1,22947,1,9570,1,0,1
123,14340000,6679,9570,28.992794,1240,0,16,14,168,75304,2865,6032,14264696,16,239,271,1,35220,1,150,1,1900322,1,3855713,1,235759,1,8220939,1,16322,1,1536999,1,7685,4,854510,4,65059,4,1825813,4,3535515,8,5299315,168,55981,24,9309,1,368974,1,2976,1,5020,1,1503,2,4709,1,0,0,0,0,0,0,22711,1,238,1,9570,1,6679,1,22949,1,9570,1,0,1
124,15865900,6685,9570,28.992796,1240,0,16,14,168,62893,3567,5882,15803007,16,239,240,1,27364,1,190,1,1900933,1,3952125,1,186040,1,9723409,1,12705,1,2646226,1,9800,4,885953,4,68717,4,1869310,4,3565285,8,5371048,168,57665,24,8507,1,641096,1,4659,1,4649,1,9209,2,6433,1,0,0,0,0,0,0,22705,1,246,1,9570,1,6685,1,22951,1,9570,1,0,1
125,14206100,6684,9570,28.992796,1240,0,16,14,168,46753,1914,6483,14159347,16,239,301,1,38597,1,170,1,1894570,1,3801796,1,186591,1,8225869,1,11453,1,1578591,1,7755,4,852567,4,65691,4,1811254,4,3543341,8,5288905,168,59208,24,8337,1,342612,1,3036,1,4228,1,1443,2,5100,1,0,0,0,0,0,0,22698,1,253,1,9570,1,6684,1,22951,1,9570,1,0,1
126,14231100,6676,9570,28.992796,1240,0,16,14,168,56854,1954,8106,14174246,16,239,160,1,27164,1,40,1,1893849,1,3689762,1,183154,1,8365868,1,14248,1,1359325,1,9068,4,861023,4,76222,4,1819962,4,3592329,8,5347351,168,56833,24,8757,1,621637,1,4589,1,3958,1,1563,2,5481,1,0,0,0,0,0,0,22690,1,246,1,9570,1,6676,1,22936,1,9570,1,0,1
127,14065200,6678,9570,28.992796,1240,0,16,14,168,42876,1984,6132,14022324,16,239,902,1,28497,1,120,1,1901153,1,3867887,1,204958,1,8007244,1,11563,1,1343343,1,8777,4,848408,4,65029,4,1824330,4,3539113,8,5301740,168,55571,24,8637,1,351710,1,2906,1,6202,1,1753,2,5050,1,0,0,0,0,0,0,22696,1,246,1,9570,1,6678,1,22942,1,9570,1,0,1
128,14995200,6675,9570,28.992798,1240,0,16,14,168,111612,3367,5802,14883588,16,239,70,1,27244,1,30,1,1894851,1,3764010,1,189247,1,8955611,1,52525,1,1503933,1,7635,4,867356,4,65280,4,1815282,4,3524273,8,5278023,168,55731,24,9419,1,1127393,1,16363,1,4519,1,1904,2,8888,1,0,0,0,0,0,0,22691,1,245,1,9570,1,6675,1,22936,1,9570,1,0,1
129,14938300,6679,9570,28.992798,1240,0,16,14,168,68380,2305,7154,14869920,16,239,341,1,33346,1,110,1,2200799,1,3902075,1,181261,1,8539744,1,12244,1,1748690,1,8417,4,853388,4,67695,4,1827517,4,3636126,8,5400887,168,55601,24,8557,1,372792,1,3056,1,4429,1,1553,2,5220,1,0,0,0,0,0,0,22689,1,250,1,9570,1,6679,1,22939,1,9570,1,0,1
130,14445600,6676,9570,28.992798,1240,0,16,14,168,52899,2495,5751,14392701,16,239,471,1,33096,1,190,1,2186110,1,3740644,1,180900,1,8238264,1,13026,1,1324646,1,8136,4,843008,4,65310,4,1811274,4,3619062,8,5369204,168,55380,24,8447,1,541107,1,3086,1,4820,1,1523,2,5351,1,0,0,0,0,0,0,22686,1,246,1,9570,1,6676,1,22932,1,9570,1,0,1
131,15388300,6680,9570,28.992798,1240,0,16,14,168,55378,2165,5962,15332922,16,239,160,1,27274,1,30,1,1897165,1,3885522,1,268584,1,9238775,1,15411,1,2363974,1,8166,4,861364,4,66011,4,1824691,4,3580645,8,5343604,168,55771,24,8798,1,503762,1,4388,1,6303,1,1814,2,6693,1,0,0,0,0,0,0,22683,1,252,1,9570,1,6680,1,22935,1,9570,1,0,1
132,14354500,6677,9570,28.992796,1240,0,16,14,168,44644,1784,6202,14309856,16,239,90,1,28096,1,200,1,1908748,1,3734481,1,199487,1,8410306,1,28447,1,1392952,1,7415,4,844110,4,64829,4,1832867,4,3564924,8,5336119,168,55470,24,11974,1,671917,1,5331,1,4920,1,1533,2,5751,1,0,0,0,0,0,0,22686,1,242,1,9570,1,6677,1,22928,1,9570,1,0,1
133,14276700,6674,9570,28.992796,1240,0,16,14,168,48637,2244,6223,14228063,16,239,70,1,27515,1,40,1,1895342,1,3720744,1,202052,1,8370176,1,12124,1,1565135,1,7465,4,855553,4,66462,4,1842356,4,3615094,8,5395777,168,55450,24,8497,1,391239,1,4248,1,4078,1,2004,2,5802,1,0,0,0,0,0,0,22690,1,238,1,9570,1,6674,1,22928,1,9570,1,0,1
134,14310000,6675,9570,28.992796,1240,0,16,14,168,53590,3317,6152,14256410,16,239,802,1,28346,1,250,1,1900382,1,3811134,1,190219,1,8312572,1,12705,1,1398443,1,10070,4,885973,4,66232,4,1814310,4,3524363,8,5282312,168,50210,24,8747,1,580205,1,4709,1,5611,1,4539,2,6052,1,0,0,0,0,0,0,22693,1,241,1,9570,1,6675,1,22934,1,9570,1,0,1
135,14541200,6676,9570,28.992796,1240,0,16,14,168,50254,2365,5691,14490946,16,239,180,1,28006,1,190,1,1902646,1,3804040,1,196100,1,8547479,1,12304,1,1458092,1,7976,4,868999,4,64779,4,1802818,4,3535556,8,5277121,168,55561,24,11282,1,778629,1,4609,1,5010,1,1513,2,5852,1,0,0,0,0,0,0,22694,1,245,1,9570,1,6676,1,22939,1,9570,1,0,1
136,14700700,6676,9570,28.992796,1240,0,16,14,168,49264,1753,6142,14651436,16,239,210,1,27755,1,80,1,1901995,1,3852136,1,185589,1,8647919,1,35751,1,1765062,1,7796,4,869420,4,65360,4,1788890,4,3521708,8,5249226,168,55230,24,8727,1,602048,1,4589,1,5541,1,1483,2,5541,1,0,0,0,0,0,0,22699,1,242,1,9570,1,6676,1,22941,1,9570,1,0,1
137,14114300,6673,9570,28.992796,1240,0,16,14,168,44983,2595,5902,14069317,16,239,70,1,32435,1,20,1,1918909,1,3759211,1,186932,1,8160168,1,11573,1,1500706,1,7755,4,845773,4,64979,4,1810924,4,3571788,8,5317812,168,58997,24,8437,1,333814,1,2976,1,4058,1,1403,2,4960,1,0,0,0,0,0,0,22700,1,247,1,9570,1,6673,1,22947,1,9570,1,0,1
138,14717200,6675,9570,28.992796,1240,0,16,14,168,53710,2144,6583,14663490,16,239,90,1,27254,1,200,1,1894320,1,3805162,1,226230,1,8698029,1,12204,1,1736155,1,8707,4,859851,4,65220,4,1837076,4,3599443,8,5374715,168,55220,24,8477,1,565956,1,3347,1,4479,1,1623,2,5551,1,0,0,0,0,0,0,22706,1,240,1,9570,1,6675,1,22946,1,9570,1,0,1
139,13974500,6677,9570,28.992796,1240,0,16,14,168,43668,1924,6212,13930832,16,239,90,1,28126,1,110,1,1894550,1,3744291,1,182513,1,8068225,1,12926,1,1333594,1,7575,4,866715,4,64719,4,1820593,4,3535035,8,5293794,168,55621,24,8487,1,415557,1,3277,1,4709,1,1433,2,4609,1,0,0,0,0,0,0,22701,1,250,1,9570,1,6677,1,22951,1,9570,1,0,1
140,14125600,6677,9570,28.992796,1240,0,16,14,168,75130,1724,6713,14050470,16,239,240,1,27765,1,190,1,1891394,1,3619132,1,182173,1,8316640,1,12936,1,1299726,1,9058,4,847386,4,73346,4,1833759,4,3621236,8,5388633,168,59649,24,8707,1,605234,1,3527,1,5571,1,1503,2,5862,1,0,0,0,0,0,0,22694,1,250,1,9570,1,6677,1,22944,1,9570,1,0,1
141,14476000,6679,9570,28.992796,1240,0,16,14,168,62558,1643,6824,14413442,16,239,381,1,29108,1,180,1,1902796,1,3860763,1,183665,1,8423142,1,13407,1,1663631,1,9800,4,850733,4,65390,4,1859140,4,3579263,8,5378523,168,53056,24,8577,1,370357,1,3026,1,4629,1,1733,2,5220,1,0,0,0,0,0,0,22724,1,235,1,9570,1,6679,1,22959,1,9570,1,0,1
142,14702100,6680,9570,28.992796,1240,0,16,14,168,47518,2816,7154,14654582,16,239,160,1,28737,1,20,1,1900442,1,3663320,1,182393,1,8867135,1,12375,1,1287542,1,9078,4,955241,4,77955,4,2095330,4,3892025,8,5910522,168,69679,24,8998,1,523702,1,3206,1,4198,1,1493,2,5551,1,0,0,0,0,0,0,22705,1,250,1,9570,1,6680,1,22955,1,9570,1,0,1
143,15729200,6681,9570,28.992796,1240,0,16,14,168,50129,2355,6192,15679071,16,239,190,1,31022,1,10,1,1903428,1,3985180,1,199687,1,9547980,1,11573,1,2640785,1,9198,4,964008,4,65460,4,1915983,4,3550135,8,5404415,168,55510,24,8487,1,375738,1,3366,1,5030,1,2445,2,4990,1,0,0,0,0,0,0,22705,1,245,1,9570,1,6681,1,22950,1,9570,1,0,1
144,13947300,6687,9570,28.992796,1240,0,16,14,168,76999,1503,6242,13870301,16,239,10,1,27314,1,250,1,1884540,1,3675073,1,210489,1,8053065,1,19559,1,1201771,1,7675,4,854490,4,64508,4,1818649,4,3543982,8,5301029,168,55360,24,8256,1,536508,1,3948,1,4409,1,1613,2,5751,1,0,0,0,0,0,0,22712,1,243,1,9570,1,6687,1,22955,1,9570,1,0,1
145,16349500,6682,9570,28.992796,1240,0,16,14,168,107960,2906,7135,16241540,16,239,501,1,56302,1,60,1,2345297,1,4032204,1,316600,1,9465235,1,25340,1,2517349,1,8767,4,912506,4,75300,4,1868769,4,3613220,8,5417831,168,57023,24,8547,1,438032,1,3156,1,9268,1,2034,2,5381,1,0,0,0,0,0,0,22709,1,250,1,9570,1,6682,1,22959,1,9570,1,0,1
146,14701700,6680,9570,28.992796,1240,0,16,14,168,52829,2224,5942,14648871,16,239,481,1,40962,1,170,1,2376950,1,3768309,1,180409,1,8268364,1,13226,1,1306700,1,7375,4,841945,4,64468,4,1830242,4,3626847,8,5395857,168,55290,24,8266,1,564604,1,4549,1,4228,1,1443,2,5471,1,0,0,0,0,0,0,22708,1,247,1,9570,1,6680,1,22955,1,9570,1,0,1
147,14060000,6681,9570,28.992796,1240,0,16,14,168,79540,2295,6834,13980460,16,239,180,1,28587,1,20,1,1887476,1,3817797,1,179086,1,8052113,1,15200,1,1240559,1,11533,4,912416,4,65801,4,1825773,4,3573010,8,5342341,168,49609,24,8687,1,397962,1,3297,1,4048,1,1493,2,5240,1,0,0,0,0,0,0,22724,1,233,1,9570,1,6681,1,22957,1,9570,1,0,1
148,14889500,6680,9570,28.992796,1240,0,16,14,168,45341,1733,5761,14844159,16,239,210,1,41803,1,40,1,2466719,1,3748119,1,182443,1,8355948,1,48877,1,1356559,1,22755,4,870562,4,64879,4,1830352,4,3598320,8,5372802,168,50110,24,8497,1,584453,1,3377,1,4709,1,1473,2,8276,1,0,0,0,0,0,0,22712,1,229,1,9570,1,6680,1,22941,1,9570,1,0,1
149,13969800,6676,9570,28.992796,1240,0,16,14,168,48307,2004,7325,13921493,16,239,291,1,26543,1,50,1,1893468,1,3691145,1,180098,1,8118225,1,11673,1,1430897,1,7735,4,861675,4,72805,4,1828008,4,3504263,8,5272883,168,52064,24,8276,1,389455,1,2956,1,4038,1,1463,2,4649,1,0,0,0,0,0,0,22717,1,218,1,9570,1,6676,1,22935,1,9570,1,0,1
150,15903500,6675,9570,28.992796,1240,0,16,14,168,58489,4248,7535,15845011,16,239,150,1,31142,1,20,1,1898748,1,3782036,1,186621,1,9933708,1,12585,1,2406980,1,15852,4,1079839,4,74629,4,2204096,4,3574162,8,5717848,168,52875,24,8317,1,545916,1,6393,1,4479,1,3006,2,5792,1,0,0,0,0,0,0,22708,1,233,1,9570,1,6675,1,22941,1,9570,1,0,1
151,14204300,6673,9570,28.992796,1240,0,16,14,168,43621,1764,6062,14160679,16,239,200,1,28386,1,220,1,1902686,1,3711496,1,186692,1,8317602,1,13397,1,1576437,1,8998,4,855292,4,66562,4,1806565,4,3565625,8,5316189,168,49939,24,8998,1,412681,1,2876,1,3998,1,2394,2,5411,1,0,0,0,0,0,0,22705,1,232,1,9570,1,6673,1,22937,1,9570,1,0,1
152,14881000,6677,9570,28.992796,1240,0,16,14,168,54225,2074,6753,14826775,16,239,351,1,27064,1,200,1,1900031,1,3846234,1,210379,1,8812687,1,29829,1,1864220,1,9028,4,867506,4,65941,4,1815934,4,3568491,8,5320848,168,56823,24,9699,1,582539,1,10842,1,6262,1,1844,2,8307,1,0,0,0,0,0,0,22703,1,239,1,9570,1,6677,1,22942,1,9570,1,0,1
153,14058900,6678,9570,28.992796,1240,0,16,14,168,43991,1954,7004,14014909,16,239,140,1,28847,1,281,1,1892857,1,3827707,1,188425,1,8064187,1,12465,1,1374395,1,7705,4,865953,4,65049,4,1808328,4,3576748,8,5316650,168,61422,24,8898,1,340738,1,3367,1,4880,1,1413,2,4759,1,0,0,0,0,0,0,22694,1,246,1,9570,1,6678,1,22940,1,9570,1,0,1
154,14316000,6676,9570,28.992796,1240,0,16,14,168,56564,2154,7134,14259436,16,239,70,1,28196,1,40,1,1911434,1,3690885,1,181461,1,8409494,1,37855,1,1355778,1,7495,4,850723,4,69458,4,1832176,4,3597920,8,5372862,168,50100,24,8848,1,669933,1,3216,1,4749,1,1483,2,5561,1,0,0,0,0,0,0,22697,1,238,1,9570,1,6676,1,22935,1,9570,1,0,1
155,14036400,6675,9570,28.992796,1240,0,16,14,168,42924,1844,5842,13993476,16,239,180,1,27835,1,220,1,1892035,1,3888768,1,202723,1,7970070,1,11643,1,1341059,1,7475,4,848669,4,65029,4,1826936,4,3536998,8,5302492,168,55601,24,8337,1,320217,1,2806,1,4379,1,1433,2,4890,1,0,0,0,0,0,0,22699,1,242,1,9570,1,6675,1,22941,1,9570,1,0,1
156,13952000,6673,9570,28.992796,1240,0,16,14,168,41829,1613,5902,13910171,16,239,100,1,27104,1,30,1,1911854,1,3634482,1,180439,1,8143064,1,13096,1,1347592,1,8036,4,848208,4,65380,4,1821966,4,3535025,8,5300899,168,50190,24,8166,1,492199,1,3567,1,5010,1,1473,2,4830,1,0,0,0,0,0,0,22716,1,223,1,9570,1,6673,1,22939,1,9570,1,0,1
157,15095100,6676,9570,28.992796,1240,0,16,14,168,75321,2665,6032,15019779,16,239,70,1,28627,1,40,1,1899239,1,3886865,1,226310,1,8966363,1,12264,1,2173776,1,7826,4,848218,4,64619,4,1829731,4,3581908,8,5355597,168,50010,24,8717,1,430286,1,5180,1,6623,1,1553,2,5260,1,0,0,0,0,0,0,22708,1,231,1,9570,1,6676,1,22939,1,9570,1,0,1
158,14983300,6672,9570,28.992796,1240,0,16,14,168,87799,2315,6162,14895501,16,239,250,1,34950,1,120,1,2112203,1,3775663,1,182463,1,8773819,1,16032,1,1870612,1,7605,4,855482,4,65110,4,1821405,4,3544143,8,5303744,168,55641,24,8407,1,584072,1,3687,1,4429,1,1703,2,4850,1,0,0,0,0,0,0,22697,1,246,1,9570,1,6672,1,22943,1,9570,1,0,1
159,16413900,6672,9570,28.992796,1240,0,16,14,168,128172,2785,6704,16285728,16,239,521,1,34128,1,140,1,2088626,1,3844691,1,356129,1,9946613,1,14880,1,3049659,1,12755,4,1043416,4,66633,4,1813870,4,3551557,8,5300698,168,58025,24,8497,1,377231,1,3377,1,7405,1,4619,2,4810,1,0,0,0,0,0,0,22699,1,239,1,9570,1,6672,1,22938,1,9570,1,0,1
160,14481000,6672,9570,28.992796,1240,0,16,14,168,68991,2455,6473,14412009,16,239,200,1,36222,1,100,1,1895011,1,4026162,1,179728,1,8262682,1,11904,1,1332572,1,7665,4,878628,4,65029,4,1836705,4,3556918,8,5331910,168,55240,24,8477,1,558531,1,4769,1,4790,1,1553,2,4589,1,0,0,0,0,0,0,22705,1,233,1,9570,1,6672,1,22938,1,9570,1,0,1
161,14246900,6672,9570,28.992796,1240,0,16,14,168,63365,2144,5852,14183535,16,239,641,1,37304,1,50,1,2055100,1,3716836,1,178816,1,8182002,1,12785,1,1324816,1,8838,4,907235,4,66653,4,1888628,4,3563201,8,5390657,168,55320,24,8567,1,397210,1,3277,1,4359,1,1463,2,5611,1,0,0,0,0,0,0,22707,1,237,1,9570,1,6672,1,22944,1,9570,1,0,1
162,14716900,6674,9570,28.992796,1240,0,16,14,168,48921,1954,6092,14667979,16,239,401,1,27715,1,220,1,1904079,1,3828278,1,188295,1,8705363,1,13627,1,1865452,1,7886,4,853148,4,65661,4,1818389,4,3522580,8,5285147,168,49729,24,8627,1,546257,1,3206,1,5361,1,1443,2,5401,1,0,0,0,0,0,0,22715,1,229,1,9570,1,6674,1,22944,1,9570,1,0,1
163,14407700,6674,9570,28.992796,1240,0,16,14,168,61762,1753,6052,14345938,16,239,250,1,26863,1,130,1,1916684,1,3736776,1,179968,1,8448382,1,36883,1,1407230,1,7345,4,852286,4,64979,4,1836905,4,3541257,8,5321880,168,50230,24,19248,1,700384,1,5321,1,4830,1,1433,2,5411,1,0,0,0,0,0,0,22713,1,229,1,9570,1,6674,1,22942,1,9570,1,0,1
164,14603800,6674,9570,28.992796,1240,0,16,14,168,55650,2234,6002,14548150,16,239,120,1,27926,1,10,1,1929069,1,3840001,1,183164,1,8553822,1,14038,1,1609292,1,8327,4,860733,4,64989,4,1836464,4,3564243,8,5339255,168,55450,24,8337,1,584082,1,3317,1,5050,1,1453,2,5301,1,0,0,0,0,0,0,22700,1,235,1,9570,1,6674,1,22935,1,9570,1,0,1
165,13736400,6677,9570,28.992796,1240,0,16,14,168,44925,1573,6563,13691475,16,239,200,1,28006,1,70,1,1907275,1,3636276,1,179958,1,7928036,1,11653,1,1315548,1,7485,4,843829,4,64739,4,1823208,4,3512650,8,5279486,168,49809,24,8587,1,336319,1,3116,1,4749,1,1493,2,4739,1,0,0,0,0,0,0,22709,1,234,1,9570,1,6677,1,22943,1,9570,1,0,1
166,15381100,6674,9570,28.992796,1240,0,16,14,168,87296,3407,7565,15293804,16,239,110,1,27685,1,20,1,1890783,1,3779651,1,308414,1,9274516,1,12625,1,2250268,1,8587,4,875522,4,64789,4,1821094,4,3522950,8,5281851,168,54629,24,8547,1,695243,1,6984,1,6032,1,1693,2,9399,1,0,0,0,0,0,0,22708,1,231,1,9570,1,6674,1,22939,1,9570,1,0,1
167,14302800,6672,9570,28.992796,1240,0,16,14,168,57042,2204,6874,14245758,16,239,741,1,37254,1,30,1,1964319,1,3786645,1,214537,1,8230518,1,11713,1,1514033,1,7926,4,844490,4,64318,4,1830523,4,3586487,8,5354946,168,55190,24,8026,1,356640,1,4289,1,4218,1,1623,2,5741,1,0,0,0,0,0,0,22703,1,235,1,9570,1,6672,1,22938,1,9570,1,0,1
168,14460700,6674,9570,28.992796,1240,0,16,14,168,41867,1633,5571,14418833,16,239,150,1,27435,1,30,1,1887145,1,3696576,1,212563,1,8567188,1,27745,1,1315969,1,8016,4,849500,4,68306,4,1821354,4,3556457,8,5317251,168,54989,24,10280,1,916875,1,5751,1,4349,1,1834,2,6864,1,0,0,0,0,0,0,22708,1,235,1,9570,1,6674,1,22943,1,9570,1,0,1
169,14743900,6675,9570,28.992796,1240,0,16,14,168,42495,1653,5812,14701405,16,239,120,1,28346,1,150,1,2544584,1,3842487,1,180840,1,8092734,1,12144,1,1379144,1,8627,4,851144,4,64659,4,1833188,4,3558120,8,5335638,168,49859,24,8427,1,371219,1,3507,1,4499,1,1463,2,7084,1,0,0,0,0,0,0,22715,1,230,1,9570,1,6675,1,22945,1,9570,1,0,1
170,13938400,6674,9570,28.992796,1240,0,16,14,168,41616,2244,6152,13896784,16,239,60,1,27374,1,50,1,1897125,1,3716215,1,203204,1,8039789,1,12966,1,1227593,1,7565,4,847587,4,65230,4,1813048,4,3530285,8,5287622,168,49559,24,7986,1,523121,1,3818,1,4790,1,1503,2,5020,1,0,0,0,0,0,0,22711,1,229,1,9570,1,6674,1,22940,1,9570,1,0,1
171,14948400,6674,9570,28.992796,1240,0,16,14,168,47388,2214,6252,14901012,16,239,160,1,27715,1,20,1,1889921,1,4001703,1,221381,1,8746425,1,13687,1,2117434,1,8327,4,843238,4,65039,4,1795683,4,3538902,8,5279005,168,49328,24,8547,1,352772,1,3447,1,4529,1,1493,2,4800,1,0,0,0,0,0,0,22707,1,226,1,9570,1,6674,1,22933,1,9570,1,0,1
172,13965300,6672,9570,28.992796,1240,0,16,14,168,44368,2535,5892,13920932,16,239,30,1,27765,1,40,1,1903077,1,3716606,1,184617,1,8056622,1,32174,1,1314586,1,7595,4,845012,4,64548,4,1799090,4,3523111,8,5261159,168,55150,24,8317,1,477981,1,3687,1,3938,1,1463,2,4759,1,0,0,0,0,0,0,22712,1,235,1,9570,1,6672,1,22947,1,9570,1,0,1
173,14587500,6673,9570,28.992796,1240,0,16,14,168,54530,1633,6222,14532970,16,239,70,1,28857,1,50,1,1888718,1,3667007,1,182784,1,8753018,1,12465,1,2050120,1,8297,4,859841,4,65410,4,1829370,4,3530255,8,5303915,168,49488,24,8577,1,385728,1,3056,1,4018,1,1553,2,5160,1,0,0,0,0,0,0,22714,1,231,1,9570,1,6673,1,22945,1,9570,1,0,1
174,14231600,6671,9570,28.992796,1240,0,16,14,168,44498,1764,6623,14187102,16,239,170,1,27956,1,100,1,1892977,1,3822847,1,180990,1,8248785,1,13276,1,1347171,1,8477,4,858278,4,65731,4,1819831,4,3561607,8,5325207,168,49609,24,8106,1,564223,1,3517,1,4018,1,1623,2,4439,1,0,0,0,0,0,0,22704,1,234,1,9570,1,6671,1,22938,1,9570,1,0,1
175,14210600,6671,9570,28.992796,1240,0,16,14,168,64009,2896,6403,14146591,16,239,90,1,28286,1,90,1,1890372,1,3653180,1,182162,1,8377701,1,14709,1,1303624,1,10361,4,845563,4,65751,4,1832296,4,3559944,8,5332902,168,52935,24,15290,1,725383,1,5862,1,3888,1,1483,2,5361,1,0,0,0,0,0,0,22705,1,231,1,9570,1,6671,1,22936,1,9570,1,0,1
176,14659100,6675,9570,28.992796,1240,0,16,14,168,42253,2375,6052,14616847,16,239,431,1,27765,1,110,1,2057975,1,3790743,1,181722,1,8536257,1,21843,1,1679923,1,7886,4,856514,4,65751,4,1837887,4,3506949,8,5283454,168,55330,24,8467,1,556608,1,3347,1,3978,1,1463,2,5110,1,0,0,0,0,0,0,22707,1,235,1,9570,1,6675,1,22942,1,9570,1,0,1
177,14414900,6671,9570,28.992796,1240,0,16,14,168,85926,3056,5982,14328974,16,239,2104,1,35821,1,110,1,2099618,1,3690053,1,183676,1,8304295,1,13296,1,1459965,1,7886,4,877747,4,66182,4,1826164,4,3538131,8,5308884,168,49428,24,8507,1,500787,1,4649,1,4439,1,1473,2,5311,1,0,0,0,0,0,0,22714,1,225,1,9570,1,6671,1,22939,1,9570,1,0,1
178,15399400,6671,9570,28.992796,1240,0,16,14,168,54204,3216,5832,15345196,16,239,190,1,65400,1,40,1,1980120,1,3791264,1,193435,1,9288484,1,26262,1,2082123,1,8557,4,889971,4,69047,4,1983948,4,3635695,8,5561898,168,51913,24,8818,1,588050,1,3437,1,4379,1,5972,2,5270,1,0,0,0,0,0,0,22716,1,229,1,9570,1,6671,1,22945,1,9570,1,0,1
179,13962700,6674,9570,28.992796,1240,0,16,14,168,47469,1533,6283,13915231,16,239,140,1,27314,1,250,1,1890262,1,3731435,1,187353,1,8066482,1,11994,1,1343614,1,8116,4,849991,4,65090,4,1813940,4,3612619,8,5365176,168,55100,24,8286,1,349876,1,2876,1,3918,1,1453,2,5170,1,0,0,0,0,0,0,22713,1,236,1,9570,1,6674,1,22949,1,9570,1,0,1
180,14142200,6675,9570,28.992796,1240,0,16,14,168,45739,2134,6593,14096461,16,239,200,1,27214,1,100,1,1895592,1,3662047,1,197894,1,8300878,1,12535,1,1335177,1,7675,4,843468,4,65691,4,1802938,4,3633571,8,5379825,168,50090,24,8537,1,584603,1,4749,1,4800,1,1433,2,6102,1,0,0,0,0,0,0,22727,1,224,1,9570,1,6675,1,22951,1,9570,1,0,1
181,14084200,6672,9570,28.992796,1240,0,16,14,168,53209,2044,5962,14030991,16,239,451,1,28827,1,120,1,1892696,1,3832076,1,184848,1,8080380,1,11593,1,1393794,1,8066,4,845142,4,64779,4,1794892,4,3595715,8,5334515,168,50130,24,8447,1,351800,1,3647,1,4769,1,1533,2,5751,1,0,0,0,0,0,0,22719,1,228,1,9570,1,6672,1,22947,1,9570,1,0,1
182,14111200,6673,9570,28.992796,1240,0,16,14,168,76141,1784,5982,14035059,16,239,651,1,29278,1,40,1,1891394,1,3731245,1,196130,1,8171982,1,14339,1,1300207,1,7785,4,866264,4,64518,4,1796515,4,3546918,8,5282342,168,55110,24,8297,1,564373,1,4759,1,4349,1,1413,2,4800,1,0,0,0,0,0,0,22719,1,235,1,9570,1,6673,1,22954,1,9570,1,0,1
183,15478000,6671,9570,28.992796,1240,0,16,14,168,64758,2445,7575,15413242,16,239,301,1,35501,1,60,1,2194086,1,4021903,1,243996,1,8903367,1,14028,1,2082284,1,7896,4,850132,4,70611,4,1912516,4,3542990,8,5395346,168,52585,24,8878,1,409605,1,3407,1,5812,1,1673,2,5120,1,0,0,0,0,0,0,22720,1,227,1,9570,1,6671,1,22947,1,9570,1,0,1
184,14693900,6672,9570,28.992794,1240,0,16,14,168,55170,2184,7214,14638730,16,239,431,1,32946,1,140,1,2084759,1,3687348,1,177824,1,8637298,1,17986,1,1312662,1,7655,4,857406,4,64468,4,1836044,4,3556567,8,5327491,168,57905,24,8166,1,968537,1,9098,1,4198,1,1663,2,8647,1,0,0,0,0,0,0,22711,1,237,1,9570,1,6672,1,22948,1,9570,1,0,1
185,15461200,6671,9570,28.99279,1240,0,16,14,168,61305,2345,6513,15399895,16,239,230,1,35721,1,60,1,2214797,1,3789170,1,184768,1,9162543,1,12605,1,2378213,1,8988,4,861384,4,65721,4,1821655,4,3571758,8,5336930,168,49969,24,12054,1,425787,1,3277,1,4399,1,1713,2,5250,1,0,0,0,0,0,0,22711,1,228,1,9570,1,6671,1,22939,1,9570,1,0,1
186,14581000,6672,9570,28.992775,1240,0,16,14,168,58932,3256,6864,14522068,16,239,220,1,27244,1,110,1,1911303,1,3756125,1,193094,1,8599853,1,34118,1,1423603,1,8056,4,864941,4,64538,4,1831575,4,3589242,8,5363683,168,50270,24,8367,1,787427,1,5792,1,4178,1,1954,2,6924,1,0,0,0,0,0,0,22712,1,223,1,9570,1,6672,1,22935,1,9570,1,0,1
187,14467900,6668,9570,28.992775,1240,0,16,14,168,71161,2004,6663,14396739,16,239,481,1,41733,1,140,1,2276200,1,3661606,1,180670,1,8222673,1,13236,1,1277592,1,7475,4,882616,4,65340,4,1834190,4,3544784,8,5320518,168,51793,24,15791,1,576197,1,4379,1,5180,1,1483,2,5641,1,0,0,0,0,0,0,22699,1,221,1,9570,1,6668,1,22920,1,9570,1,0,1
188,14701800,6673,9570,28.99278,1240,0,16,14,168,55094,2144,6523,14646706,16,239,200,1,28527,1,210,1,2154618,1,3810994,1,192182,1,8448041,1,11934,1,1563782,1,7655,4,855683,4,65069,4,1803759,4,3563411,8,5310958,168,49689,24,8307,1,563742,1,3497,1,4719,1,1463,2,4810,1,0,0,0,0,0,0,22706,1,224,1,9570,1,6673,1,22930,1,9570,1,0,1
189,14365800,6670,9570,28.99278,1240,0,16,14,168,59591,1834,6333,14306209,16,239,210,1,27865,1,150,1,1905632,1,3728289,1,190850,1,8436428,1,16783,1,1518402,1,7655,4,844050,4,64739,4,1849931,4,3539002,8,5333293,168,49308,24,8607,1,583351,1,6583,1,4389,1,1413,2,6473,1,0,0,0,0,0,0,22705,1,224,1,9570,1,6670,1,22929,1,9570,1,0,1
190,14703100,6672,9570,28.992777,1240,0,16,14,168,52656,2004,6192,14650444,16,239,190,1,28497,1,210,1,1893488,1,3851845,1,304255,1,8558962,1,12996,1,1675504,1,7846,4,852697,4,64689,4,1807717,4,3534914,8,5286881,168,49559,24,13577,1,583050,1,3898,1,6162,1,1573,2,5331,1,0,0,0,0,0,0,22696,1,234,1,9570,1,6672,1,22930,1,9570,1,0,1
191,14070300,6672,9570,28.992777,1240,0,16,14,168,45010,1954,6643,14025290,16,239,80,1,28186,1,40,1,1891664,1,3795944,1,191852,1,8106211,1,11313,1,1539433,1,8367,4,844501,4,64849,4,1801154,4,3532980,8,5278093,168,49398,24,8557,1,290468,1,2876,1,4509,1,1673,2,4890,1,0,0,0,0,0,0,22700,1,224,1,9570,1,6672,1,22924,1,9570,1,0,1
192,14797100,6672,9570,28.992777,1240,0,16,14,168,50365,2876,6222,14746735,16,239,611,1,27354,1,40,1,1891023,1,3780784,1,263615,1,8745563,1,37745,1,1865693,1,8116,4,870522,4,65400,4,1791345,4,3527770,8,5262883,168,50010,24,8818,1,588331,1,3376,1,5601,1,1733,2,5982,1,0,0,0,0,0,0,22697,1,224,1,9570,1,6672,1,22921,1,9570,1,0,1
193,13713400,6673,9570,28.992779,1240,0,16,14,168,48558,1774,5731,13664842,16,239,250,1,26954,1,20,1,1884510,1,3707718,1,182082,1,7851715,1,11593,1,1228525,1,7515,4,853158,4,64699,4,1788970,4,3547139,8,5280598,168,49779,24,8216,1,338033,1,2826,1,4138,1,1473,2,5250,1,0,0,0,0,0,0,22706,1,229,1,9570,1,6673,1,22935,1,9570,1,0,1
194,14098700,6676,9570,28.99278,1240,0,16,14,168,57599,2645,6763,14041101,16,239,180,1,27865,1,30,1,1888187,1,3667779,1,180960,1,8263674,1,12425,1,1343403,1,9840,4,854019,4,67865,4,1805733,4,3592489,8,5341429,168,50030,24,8547,1,565195,1,3096,1,4098,1,1413,2,5331,1,0,0,0,0,0,0,22718,1,228,1,9570,1,6676,1,22946,1,9570,1,0,1
195,14065200,6674,9570,28.99278,1240,0,16,14,168,43387,2094,8697,14021813,16,239,110,1,27996,1,110,1,1892356,1,3820082,1,181050,1,8088796,1,11313,1,1401489,1,8256,4,878929,4,64759,4,1809972,4,3544253,8,5294516,168,51012,24,8577,1,356600,1,2956,1,4078,1,1613,2,5220,1,0,0,0,0,0,0,22703,1,241,1,9570,1,6674,1,22944,1,9570,1,0,1
196,14132000,6675,9570,28.992779,1240,0,16,14,168,47573,2565,6102,14084427,16,239,50,1,28136,1,120,1,1888929,1,3667568,1,191441,1,8289295,1,18888,1,1402371,1,8317,4,886935,4,64879,4,1811254,4,3504263,8,5256210,168,53206,24,8637,1,585575,1,3246,1,4198,1,1503,2,5551,1,0,0,0,0,0,0,22697,1,243,1,9570,1,6675,1,22940,1,9570,1,0,1
197,14333800,6675,9570,28.992773,1240,0,16,14,168,45396,2796,6904,14288404,16,239,351,1,28276,1,240,1,1910552,1,3844541,1,181782,1,8310447,1,12214,1,1574844,1,13196,4,881965,4,81202,4,1833098,4,3519313,8,5294356,168,51152,24,8647,1,377351,1,3046,1,4599,1,4790,2,5601,1,0,0,0,0,0,0,22707,1,234,1,9570,1,6675,1,22941,1,9570,1,0,1
198,13994000,6674,9570,28.992773,1240,0,16,14,168,39251,1954,6363,13954749,16,239,80,1,27525,1,70,1,1909550,1,3692378,1,181902,1,8130399,1,12846,1,1302442,1,7555,4,853108,4,64488,4,1820643,4,3526958,8,5291690,168,49549,24,8347,1,523812,1,3517,1,4138,1,8156,2,5281,1,0,0,0,0,0,0,22714,1,229,1,9570,1,6674,1,22943,1,9570,1,0,1
199,14236500,6673,9570,28.992773,1240,0,16,14,168,54478,2806,6954,14182022,16,239,261,1,43567,1,40,1,1892927,1,3685334,1,181641,1,8362210,1,16042,1,1502871,1,10681,4,850783,4,81001,4,1886414,4,3520546,8,5349535,168,50470,24,8687,1,482200,1,3537,1,4930,1,1844,2,5912,1,0,0,0,0,0,0,22711,1,225,1,9570,1,6673,1,22936,1,9570,1,0,1
200,14437700,6672,9570,28.99278,1240,0,16,14,168,55911,1884,5641,14381789,16,239,731,1,90159,1,120,1,1914289,1,3750453,1,181952,1,8423472,1,20611,1,1554704,1,8046,4,854050,4,64669,4,1816775,4,3535946,8,5297311,168,49769,24,8497,1,563271,1,3858,1,4810,1,1543,2,5421,1,0,0,0,0,0,0,22706,1,230,1,9570,1,6672,1,22936,1,9570,1,0,1
201,14608700,6673,9570,28.99278,1240,0,16,14,168,47374,2244,6313,14561326,16,239,100,1,28447,1,30,1,1905812,1,3708199,1,199808,1,8706075,1,12856,1,1757437,1,7595,4,848018,4,65009,4,1836224,4,3554383,8,5334485,168,49809,24,8517,1,601998,1,10972,1,6894,1,1433,2,5351,1,0,0,0,0,0,0,22716,1,225,1,9570,1,6673,1,22941,1,9570,1,0,1
202,14552900,6672,9570,28.99278,1240,0,16,14,168,45601,1723,5812,14507299,16,239,110,1,28236,1,120,1,1903999,1,3800012,1,182343,1,8579773,1,12705,1,1565104,1,8357,4,885632,4,66452,4,1819601,4,3555104,8,5315708,168,53186,24,8467,1,651015,1,5761,1,4188,1,2625,2,5741,1,0,0,0,0,0,0,22721,1,220,1,9570,1,6672,1,22941,1,9570,1,0,1
203,15291700,6674,9570,28.99278,1240,0,16,14,168,46192,2896,5661,15245508,16,239,120,1,27244,1,90,1,1898869,1,3920692,1,205309,1,9180990,1,12194,1,2565225,1,8116,4,857707,4,65370,4,1798309,4,3504794,8,5247612,168,49829,24,8537,1,355888,1,2986,1,4609,1,1563,2,4990,1,0,0,0,0,0,0,22720,1,222,1,9570,1,6674,1,22942,1,9570,1,0,1
204,15081300,6674,9570,28.99278,1240,0,16,14,168,72483,2074,6443,15008817,16,239,220,1,28376,1,80,1,1903007,1,4002274,1,186331,1,8867827,1,20701,1,1997755,1,8026,4,849781,4,65170,4,1811986,4,3509955,8,5265468,168,50030,24,8487,1,598591,1,3587,1,5521,1,1493,2,5401,1,0,0,0,0,0,0,22716,1,229,1,9570,1,6674,1,22945,1,9570,1,0,1
205,14753200,6677,9570,28.99278,1240,0,16,14,168,50432,2705,5932,14702768,16,239,301,1,27896,1,30,1,1903187,1,4106302,1,183766,1,8469033,1,12254,1,1741606,1,9509,4,859350,4,65110,4,1847366,4,3562499,8,5354074,168,49859,24,9339,1,356900,1,3056,1,4759,1,1553,2,5281,1,0,0,0,0,0,0,22731,1,220,1,9570,1,6677,1,22951,1,9570,1,0,1
206,15714500,6675,9570,28.99278,1240,0,16,14,168,70750,3297,5992,15643750,16,239,240,1,37475,1,391,1,2230128,1,3775924,1,232172,1,9355206,1,12214,1,2087765,1,8136,4,874520,4,65881,4,1842186,4,3546938,8,5333433,168,49699,24,8206,1,897756,1,5321,1,6633,1,1794,2,6773,1,0,0,0,0,0,0,22728,1,218,1,9570,1,6675,1,22946,1,9570,1,0,1
207,14293700,6678,9570,28.99278,1240,0,16,14,168,41489,1593,6493,14252211,16,239,250,1,28707,1,281,1,1989810,1,3810683,1,203515,1,8207172,1,11793,1,1558411,1,7545,4,851284,4,65110,4,1816785,4,3520726,8,5281189,168,49829,24,8507,1,363513,1,3377,1,3988,1,1483,2,4850,1,0,0,0,0,0,0,22729,1,226,1,9570,1,6678,1,22955,1,9570,1,0,1
208,14390500,6675,9570,28.992786,1240,0,16,14,168,53711,1784,5752,14336789,16,239,110,1,27445,1,150,1,1901303,1,3725073,1,185509,1,8484394,1,12805,1,1369535,1,8387,4,861424,4,68767,4,1866755,4,3574012,8,5382521,168,52494,24,8998,1,708590,1,4639,1,4389,1,1533,2,5581,1,0,0,0,0,0,0,22714,1,227,1,9570,1,6675,1,22941,1,9570,1,0,1
209,14223500,6676,9570,28.992786,1240,0,16,14,168,40346,1523,6012,14183154,16,239,401,1,33416,1,120,1,1897997,1,3843609,1,183134,1,8212943,1,11533,1,1574994,1,7916,4,864240,4,65901,4,1790102,4,3539584,8,5273834,168,49839,24,8367,1,345057,1,3016,1,4830,1,1573,2,5842,1,0,0,0,0,0,0,22721,1,223,1,9570,1,6676,1,22944,1,9570,1,0,1
210,14120100,6675,9570,28.992786,1240,0,16,14,168,59480,1844,6433,14060620,16,239,80,1,27996,1,20,1,1896865,1,3664893,1,185589,1,8273033,1,12144,1,1428443,1,7495,4,854540,4,64879,4,1817547,4,3572639,8,5333063,168,50691,24,8397,1,502059,1,3637,1,4729,1,1463,2,5361,1,0,0,0,0,0,0,22721,1,217,1,9570,1,6675,1,22938,1,9570,1,0,1
211,15110500,6678,9570,28.992786,1240,0,16,14,168,76673,2144,6112,15033827,16,239,200,1,28336,1,220,1,1899760,1,4007505,1,197854,1,8875201,1,24749,1,2126682,1,8056,4,853719,4,64729,4,1834160,4,3549834,8,5325908,168,51973,24,8597,1,412160,1,2936,1,4629,1,1884,2,5671,1,0,0,0,0,0,0,22712,1,227,1,9570,1,6678,1,22939,1,9570,1,0,1
212,14255200,6677,9570,28.992786,1240,0,16,14,168,50704,1703,6052,14204496,16,239,391,1,33697,1,90,1,2193254,1,3702818,1,180128,1,8081903,1,12214,1,1228575,1,8747,4,847917,4,64899,4,1843438,4,3555135,8,5342331,168,50190,24,8146,1,509263,1,3267,1,4279,1,1493,2,5040,1,0,0,0,0,0,0,22716,1,224,1,9570,1,6677,1,22940,1,9570,1,0,1
213,14812500,6674,9570,28.992786,1240,0,16,14,168,65454,2776,6583,14747046,16,239,120,1,27224,1,50,1,1897466,1,3775573,1,238174,1,8795563,1,12876,1,2000972,1,8798,4,855673,4,66562,4,1831394,4,3633961,8,5408903,168,49869,24,8878,1,370898,1,3166,1,5140,1,1563,2,5782,1,0,0,0,0,0,0,22715,1,224,1,9570,1,6674,1,22939,1,9570,1,0,1
214,14204700,6675,9570,28.992786,1240,0,16,14,168,67177,1984,5842,14137523,16,239,381,1,28928,1,301,1,1895352,1,3801505,1,188215,1,8208414,1,14429,1,1298584,1,7976,4,850302,4,64548,4,1804852,4,3586697,8,5335668,168,50040,24,8196,1,570545,1,3948,1,4218,1,1453,2,5110,1,0,0,0,0,0,0,22713,1,228,1,9570,1,6675,1,22941,1,9570,1,0,1
215,13982900,6675,9570,28.992786,1240,0,16,14,168,45104,2074,6373,13937796,16,239,170,1,27946,1,30,1,1896825,1,3671346,1,181802,1,8128666,1,31012,1,1376890,1,8186,4,844981,4,66001,4,1840653,4,3605886,8,5384645,168,55520,24,8497,1,360568,1,2776,1,5100,1,1533,2,5521,1,0,0,0,0,0,0,22703,1,241,1,9570,1,6675,1,22944,1,9570,1,0,1
216,14282600,6678,9570,28.992786,1240,0,16,14,168,45840,2014,6864,14236760,16,239,90,1,44108,1,100,1,1899109,1,3785984,1,180730,1,8313754,1,12886,1,1352491,1,7655,4,872847,4,66332,4,1862376,4,3556587,8,5361890,168,50210,24,8286,1,570535,1,3327,1,4870,1,1483,2,4950,1,0,0,0,0,0,0,22707,1,232,1,9570,1,6678,1,22939,1,9570,1,0,1
217,13918700,6677,9570,28.992786,1240,0,16,14,168,85392,1974,6413,13833308,16,239,351,1,27815,1,10,1,1901614,1,3652077,1,182964,1,8049448,1,19028,1,1403563,1,7525,4,855062,4,65380,4,1805673,4,3543401,8,5292863,168,49799,24,7886,1,342181,1,5060,1,4629,1,1513,2,5601,1,0,0,0,0,0,0,22707,1,233,1,9570,1,6677,1,22940,1,9570,1,0,1
218,15905000,6679,9570,28.992786,1240,0,16,14,168,99267,3417,6954,15805733,16,239,90,1,44098,1,150,1,2077835,1,3788549,1,183946,1,9688009,1,23056,1,2052094,1,8076,4,867747,4,81893,4,1929209,4,3777617,8,5646787,168,53086,24,8637,1,933167,1,11783,1,4329,1,4088,2,5952,1,0,0,0,0,0,0,22712,1,237,1,9570,1,6679,1,22949,1,9570,1,0,1
219,14814800,6676,9570,28.992786,1240,0,16,14,168,45550,2104,7615,14769250,16,239,331,1,54308,1,60,1,2375778,1,3866845,1,180750,1,8279265,1,11914,1,1530486,1,7866,4,846154,4,64739,4,1862516,4,3575305,8,5379916,168,50290,24,8266,1,367020,1,3547,1,4599,1,1794,2,4870,1,0,0,0,0,0,0,22707,1,232,1,9570,1,6676,1,22939,1,9570,1,0,1
220,14976500,6679,9570,28.992786,1240,0,16,14,168,60378,1914,5752,14916122,16,239,140,1,40851,1,180,1,1893748,1,3717808,1,182884,1,9067474,1,13036,1,2066312,1,7866,4,848018,4,65320,4,1811555,4,3575345,8,5330998,168,50150,24,8667,1,667057,1,3757,1,4359,1,1703,2,5601,1,0,0,0,0,0,0,22707,1,236,1,9570,1,6679,1,22943,1,9570,1,0,1
221,14276900,6673,9570,28.992786,1240,0,16,14,168,73015,2445,6553,14203885,16,239,501,1,46994,1,240,1,2075009,1,3820693,1,178165,1,8070340,1,11944,1,1356089,1,7806,4,852847,4,76793,4,1855332,4,3536748,8,5332331,168,53196,24,8357,1,360157,1,2796,1,4479,1,1503,2,4990,1,0,0,0,0,0,0,22705,1,230,1,9570,1,6673,1,22935,1,9570,1,0,1
222,14396500,6671,9570,28.992786,1240,0,16,14,168,55472,1954,6513,14341028,16,239,351,1,32174,1,60,1,2208725,1,3671837,1,180359,1,8235228,1,12294,1,1231090,1,11663,4,861975,4,65200,4,1837707,4,3624002,8,5398994,168,56202,24,8627,1,577409,1,3968,1,4268,1,1483,2,5882,1,0,0,0,0,0,0,22693,1,237,1,9570,1,6671,1,22930,1,9570,1,0,1
223,14310800,6670,9570,28.992786,1240,0,16,14,168,48198,1753,5892,14262602,16,239,641,1,29268,1,110,1,1903568,1,3895692,1,182663,1,8238955,1,11703,1,1572038,1,7796,4,848508,4,65080,4,1794020,4,3574573,8,5307452,168,55250,24,8808,1,352301,1,2786,1,4138,1,1543,2,5611,1,0,0,0,0,0,0,22696,1,230,1,9570,1,6670,1,22926,1,9570,1,0,1
224,13975700,6672,9570,28.992786,1240,0,16,14,168,47263,2244,7234,13928437,16,239,100,1,28236,1,190,1,1893388,1,3638340,1,189237,1,8165078,1,13868,1,1348694,1,7465,4,853108,4,64589,4,1798970,4,3563341,8,5305357,168,49719,24,8096,1,504674,1,3577,1,4038,1,1423,2,4860,1,0,0,0,0,0,0,22706,1,231,1,9570,1,6672,1,22937,1,9570,1,0,1
225,14798600,6674,9570,28.992786,1240,0,16,14,168,54239,2545,6353,14744361,16,239,381,1,26733,1,100,1,1888929,1,3726756,1,243264,1,8845903,1,12294,1,2131682,1,7796,4,854510,4,78236,4,1845873,4,3548582,8,5331930,168,56172,24,9048,1,350838,1,2836,1,5190,1,1653,2,7114,1,0,0,0,0,0,0,22695,1,241,1,9570,1,6674,1,22936,1,9570,1,0,1
226,14820900,6673,9570,28.992786,1240,0,16,14,168,78193,2395,6173,14742707,16,239,331,1,44208,1,60,1,2193826,1,3706696,1,180319,1,8578090,1,39178,1,1584303,1,7675,4,841935,4,64298,4,1809260,4,3560595,8,5308463,168,55220,24,8016,1,683640,1,5200,1,3988,1,1483,2,5301,1,0,0,0,0,0,0,22696,1,241,1,9570,1,6673,1,22937,1,9570,1,0,1
227,14499300,6671,9570,28.992786,1240,0,16,14,168,68624,2645,6273,14430676,16,239,501,1,36783,1,120,1,2128806,1,3708981,1,195860,1,8347651,1,11974,1,1500055,1,7515,4,863398,4,67454,4,1858408,4,3628941,8,5425075,168,56001,24,8557,1,395277,1,4078,1,4168,1,1533,2,5621,1,0,0,0,0,0,0,22708,1,235,1,9570,1,6671,1,22943,1,9570,1,0,1
228,14134400,6674,9570,28.992786,1240,0,16,14,168,64041,2214,6343,14070359,16,239,892,1,27785,1,341,1,1892436,1,3747507,1,181531,1,8206731,1,13136,1,1324756,1,7605,4,852186,4,66943,4,1804751,4,3541177,8,5290027,168,49559,24,8327,1,583130,1,4118,1,5040,1,1563,2,4920,1,0,0,0,0,0,0,22716,1,229,1,9570,1,6674,1,22945,1,9570,1,0,1
229,14247900,6674,9570,28.992786,1240,0,16,14,168,80908,1563,6443,14166992,16,239,120,1,27645,1,30,1,1888508,1,3718119,1,190710,1,8327521,1,14339,1,1362591,1,7625,4,868268,4,65480,4,1809220,4,3544774,8,5297902,168,49649,24,19098,1,629944,1,7405,1,4158,1,1483,2,5912,1,0,0,0,0,0,0,22716,1,229,1,9570,1,6674,1,22945,1,9570,1,0,1
230,14801200,6673,9570,28.992786,1240,0,16,14,168,66519,2224,6032,14734681,16,239,581,1,46302,1,190,1,2087203,1,3843478,1,193916,1,8550014,1,12996,1,1504915,1,8828,4,897366,4,64428,4,1836064,4,3533972,8,5314285,168,49719,24,8357,1,677478,1,4599,1,4228,1,2164,2,5391,1,0,0,0,0,0,0,22714,1,229,1,9570,1,6673,1,22943,1,9570,1,0,1
231,14273900,6673,9570,28.992786,1240,0,16,14,168,54604,1854,7134,14219296,16,239,361,1,32735,1,150,1,2072324,1,3715784,1,202553,1,8183375,1,12014,1,1297151,1,8377,4,855122,4,65530,4,1821054,4,3631376,8,5395717,168,49579,24,8587,1,479524,1,2986,1,4840,1,1423,2,5551,1,0,0,0,0,0,0,22712,1,229,1,9570,1,6673,1,22941,1,9570,1,0,1
232,14680500,6672,9570,28.992786,1240,0,16,14,168,49194,2415,7104,14631306,16,239,230,1,26563,1,50,1,1883648,1,3806435,1,246561,1,8654282,1,13537,1,1679652,1,8116,4,852967,4,75731,4,1857556,4,3529814,8,5325337,168,54929,24,8637,1,622449,1,3888,1,5872,1,1814,2,5371,1,0,0,0,0,0,0,22708,1,225,1,9570,1,6672,1,22933,1,9570,1,0,1
233,14069500,6676,9570,28.992786,1240,0,16,14,168,47677,1994,6653,14021823,16,239,421,1,27254,1,20,1,1885252,1,3801795,1,182062,1,8113526,1,11493,1,1328383,1,7565,4,859410,4,65310,4,1830312,4,3585114,8,5349856,168,58917,24,8998,1,411840,1,3657,1,4048,1,1453,2,5441,1,0,0,0,0,0,0,22715,1,224,1,9570,1,6676,1,22939,1,9570,1,0,1
234,14245000,6675,9570,28.992788,1240,0,16,14,168,56345,1684,6463,14188655,16,239,301,1,28026,1,30,1,1912816,1,3680624,1,180339,1,8349966,1,36553,1,1390076,1,7745,4,859009,4,68556,4,1851054,4,3564804,8,5353633,168,55761,24,8667,1,581627,1,3186,1,4529,1,1543,2,7485,1,0,0,0,0,0,0,22718,1,229,1,9570,1,6675,1,22947,1,9570,1,0,1
235,13945800,6678,9570,28.992788,1240,0,16,14,168,57924,1533,6603,13887876,16,239,200,1,26733,1,200,1,1900903,1,3811044,1,182864,1,7954389,1,11543,1,1352912,1,8176,4,846575,4,65591,4,1800553,4,3528251,8,5266991,168,55210,24,8397,1,328844,1,2806,1,4108,1,1533,2,5110,1,0,0,0,0,0,0,22721,1,236,1,9570,1,6678,1,22957,1,9570,1,0,1
236,14005600,6677,9570,28.99278,1240,0,16,14,168,66422,2725,7365,13939178,16,239,100,1,27936,1,130,1,1891865,1,3681556,1,180169,1,8144187,1,13236,1,1375277,1,8116,4,848539,4,65470,4,1792116,4,3525936,8,5253184,168,57504,24,8367,1,502550,1,3908,1,4719,1,1633,2,4830,1,0,0,0,0,0,0,22723,1,236,1,9570,1,6677,1,22959,1,9570,1,0,1
237,14890300,6677,9570,28.99278,1240,0,16,14,168,75349,3216,6633,14814951,16,239,200,1,27244,1,20,1,1893217,1,3826665,1,230048,1,8825773,1,11783,1,2131401,1,8036,4,858078,4,64679,4,1829851,4,3544804,8,5312752,168,55270,24,8407,1,362191,1,3367,1,5341,1,1583,2,4820,1,0,0,0,0,0,0,22723,1,230,1,9570,1,6677,1,22953,1,9570,1,0,1
238,14539700,6676,9570,28.99278,1240,0,16,14,168,50557,1984,5802,14489143,16,239,281,1,32364,1,60,1,2462410,1,3647769,1,181712,1,8152994,1,11553,1,1333423,1,7395,4,844991,4,64288,4,1808970,4,3539043,8,5287031,168,55180,24,8186,1,530506,1,3717,1,3988,1,1473,2,5030,1,0,0,0,0,0,0,22713,1,238,1,9570,1,6676,1,22951,1,9570,1,0,1
239,15770200,6676,9570,28.992777,1240,0,16,14,168,101721,2625,6313,15668479,16,239,130,1,28597,1,180,1,2070129,1,3678290,1,267021,1,9577318,1,46813,1,2655434,1,10371,4,993948,4,65901,4,1822887,4,3562179,8,5323514,168,55240,24,8577,1,432932,1,3417,1,10020,1,3026,2,6002,1,0,0,0,0,0,0,22710,1,242,1,9570,1,6676,1,22952,1,9570,1,0,1
240,14302300,6681,9570,28.992779,1240,0,16,14,168,40169,2325,5691,14262131,16,239,571,1,56472,1,130,1,2161311,1,3782647,1,180169,1,8067945,1,12886,1,1223425,1,7485,4,851484,4,64498,4,1822126,4,3541327,8,5302221,168,55541,24,8196,1,532810,1,3587,1,4228,1,1463,2,4990,1,0,0,0,0,0,0,22723,1,243,1,9570,1,6681,1,22966,1,9570,1,0,1
241,14557300,6678,9570,28.992779,1240,0,16,14,168,77155,1924,6603,14480145,16,239,210,1,27104,1,30,1,1885642,1,3697899,1,271190,1,8585475,1,12595,1,1840052,1,8878,4,870502,4,65290,4,1867657,4,3512700,8,5318544,168,55210,24,8537,1,393243,1,3066,1,6493,1,1563,2,5571,1,0,0,0,0,0,0,22722,1,236,1,9570,1,6678,1,22958,1,9570,1,0,1
242,15061800,6676,9570,28.992779,1240,0,16,14,168,56220,2385,6072,15005580,16,239,501,1,39990,1,180,1,2366309,1,3843869,1,181712,1,8559774,1,13246,1,1614242,1,7535,4,860713,4,64699,4,1856234,4,3532079,8,5326770,168,55470,24,8307,1,599222,1,3577,1,4469,1,1453,2,4860,1,0,0,0,0,0,0,22723,1,233,1,9570,1,6676,1,22956,1,9570,1,0,1
243,13942600,6676,9570,28.992779,1240,0,16,14,168,56978,2625,6112,13885622,16,239,261,1,26994,1,200,1,1892787,1,3733169,1,180589,1,8039869,1,11753,1,1372351,1,7485,4,856715,4,76131,4,1806635,4,3542640,8,5285929,168,57234,24,12625,1,348073,1,3186,1,4178,1,1483,2,5741,1,0,0,0,0,0,0,22721,1,239,1,9570,1,6676,1,22960,1,9570,1,0,1
244,14773900,6674,9570,28.992779,1240,0,16,14,168,77555,2134,6323,14696345,16,239,180,1,37535,1,30,1,2250168,1,3853418,1,181010,1,8354114,1,19890,1,1448322,1,7605,4,853118,4,70891,4,1828248,4,3543081,8,5309916,168,55090,24,8297,1,577529,1,3527,1,4218,1,1583,2,5561,1,0,0,0,0,0,0,22710,1,244,1,9570,1,6674,1,22954,1,9570,1,0,1
245,14146800,6674,9570,28.992779,1240,0,16,14,168,48886,1824,6012,14097914,16,239,511,1,33517,1,50,1,2149778,1,3657428,1,179307,1,8066031,1,11292,1,1436368,1,7505,4,872306,4,64739,4,1816805,4,3518993,8,5274817,168,54969,24,7806,1,326369,1,2745,1,4038,1,1613,2,4920,1,0,0,0,0,0,0,22721,1,236,1,9570,1,6674,1,22957,1,9570,1,0,1
246,15629200,6675,9570,28.992771,1240,0,16,14,168,76881,2575,6062,15552319,16,239,170,1,26533,1,50,1,1891153,1,3621777,1,258184,1,9724622,1,29829,1,2203084,1,10741,4,1100871,4,64468,4,2094728,4,3547469,8,5580685,168,55450,24,11042,1,671206,1,5200,1,5110,1,2635,2,5491,1,0,0,0,0,0,0,22723,1,240,1,9570,1,6675,1,22963,1,9570,1,0,1
247,7349700,6675,9570,28.992771,0,0,16,0,0,45856,1383,3616,7303844,16,239,691,1,39479,1,160,1,2595695,1,3829701,1,181070,1,652178,1,4870,1,33647,1,6052,4,40,4,64859,4,2735,4,3507,8,0,0,2626,192,20,1,457951,1,882,1,2926,1,73697,2,4479,1,0,0,0,0,0,0,0,1,0,1,9570,1,6675,1,22968,1,9570,1,0,1
248,6394600,6675,9570,28.992771,0,0,16,0,0,37961,811,3176,6356639,16,239,140,1,25811,1,30,1,1885181,1,3517780,1,181531,1,741486,1,4679,1,51773,1,5431,4,30,4,66051,4,1914,4,3527,8,0,0,2265,192,20,1,587900,1,872,1,2826,1,15551,2,4780,1,0,0,0,0,0,0,0,1,0,1,9570,1,6675,1,22968,1,9570,1,0,1
249,6264200,6675,9570,28.992771,0,0,16,0,0,78070,871,3306,6186130,16,239,20,1,25701,1,130,1,1889019,1,3488181,1,212743,1,563141,1,7194,1,34208,1,5561,4,21,4,74538,4,2124,4,3547,8,0,0,2366,192,10,1,411429,1,872,1,3637,1,22044,2,4279,1,0,0,0,0,0,0,0,1,0,1,9570,1,6675,1,22968,1,9570,1,0,1
250,7284300,6675,9570,28.992771,0,0,16,0,0,45375,1363,3366,7238925,16,239,140,1,26653,1,60,1,1960261,1,3718139,1,179758,1,1347371,1,6543,1,37214,1,6332,4,200,4,65200,4,2174,4,3557,8,0,0,2365,192,20,1,1195709,1,862,1,4659,1,25090,2,4990,1,0,0,0,0,0,0,0,1,0,1,9570,1,6675,1,22968,1,9570,1,0,1
251,6617600,6675,9570,28.992771,0,0,16,0,0,65542,952,3116,6552058,16,239,210,1,31433,1,20,1,2079829,1,3591657,1,195970,1,647639,1,5301,1,34689,1,6984,4,50,4,63637,4,1984,4,3447,8,0,0,2315,192,10,1,491388,1,912,1,2766,1,35942,2,4880,1,0,0,0,0,0,0,0,1,0,1,9570,1,6675,1,22968,1,9570,1,0,1
252,6269700,6675,9570,28.992771,0,0,16,0,0,38450,792,3514,6231250,16,239,50,1,30431,1,20,1,1918989,1,3486528,1,179978,1,610605,1,4649,1,33386,1,5421,4,30,4,63747,4,2044,4,3677,8,0,0,2207,192,20,1,477761,1,852,1,3557,1,15090,2,4228,1,0,0,0,0,0,0,0,1,0,1,9570,1,6675,1,22968,1,9570,1,0,1
253,6155500,6675,9570,28.992771,0,0,16,0,0,35311,972,3657,6120189,16,239,20,1,25080,1,30,1,1895312,1,3512079,1,220028,1,462971,1,4669,1,34940,1,5391,4,60,4,65220,4,1974,4,5782,8,0,0,4099,192,20,1,323784,1,862,1,5100,1,14659,2,4208,1,0,0,0,0,0,0,0,1,0,1,9570,1,6675,1,22968,1,9570,1,0,1
254,6114000,6675,9570,28.992771,0,0,16,0,0,32959,822,3295,6081041,16,239,100,1,25441,1,30,1,1891294,1,3493923,1,180199,1,485466,1,4589,1,33346,1,5431,4,40,4,63587,4,1854,4,3727,8,0,0,2286,192,20,1,353383,1,862,1,3547,1,14639,2,4208,1,0,0,0,0,0,0,0,1,0,1,9570,1,6675,1,22968,1,9570,1,0,1
255,6587100,6675,9570,28.992771,0,0,16,0,0,44521,1543,3236,6542579,16,239,40,1,24589,1,50,1,1888769,1,3617689,1,238224,1,767818,1,5401,1,41182,1,5982,4,40,4,64177,4,2114,4,3467,8,0,0,2345,192,100,1,616577,1,1072,1,7004,1,20010,2,4549,1,0,0,0,0,0,0,0,1,0,1,9570,1,6675,1,22968,1,9570,1,0,1
256,6497700,6675,9570,28.992771,0,0,16,0,0,42434,932,3266,6455266,16,239,170,1,27505,1,110,1,1896754,1,3616086,1,184948,1,724852,1,4840,1,34569,1,5511,4,60,4,64618,4,2104,4,3477,8,0,0,2315,192,10,1,588231,1,872,1,2675,1,17565,2,4228,1,0,0,0,0,0,0,0,1,0,1,9570,1,6675,1,22968,1,9570,1,0,1
257,6099100,6675,9570,28.992771,0,0,16,0,0,42387,882,3314,6056713,16,239,20,1,25531,1,130,1,1888498,1,3473572,1,182914,1,481418,1,4629,1,34439,1,5481,4,40,4,65079,4,2324,4,3427,8,0,0,2437,192,20,1,344836,1,862,1,3577,1,16292,2,4158,1,0,0,0,0,0,0,0,1,0,1,9570,1,6675,1,22968,1,9570,1,0,1
258,6416100,6675,9570,28.992771,0,0,16,0,0,71935,1283,3325,6344165,16,239,20,1,25230,1,120,1,1977696,1,3529473,1,178505,1,627889,1,5230,1,34439,1,5621,4,60,4,63536,4,2174,4,3467,8,0,0,2316,192,10,1,494524,1,872,1,2705,1,14850,2,4349,1,0,0,0,0,0,0,0,1,0,1,9570,1,6675,1,22968,1,9570,1,0,1
259,6347300,6675,9570,28.992771,0,0,16,0,0,46752,1082,3376,6300548,16,239,291,1,32715,1,80,1,2108386,1,3487560,1,179056,1,487801,1,4659,1,34429,1,6693,4,40,4,64328,4,2174,4,3467,8,0,0,2265,192,20,1,352181,1,862,1,2545,1,15721,2,4258,1,0,0,0,0,0,0,0,1,0,1,9570,1,6675,1,22968,1,9570,1,0,1
260,6244700,6675,9570,28.992771,0,0,16,0,0,39151,1202,3326,6205549,16,239,70,1,25180,1,40,1,1902326,1,3471037,1,181271,1,620845,1,4780,1,34358,1,5551,4,40,4,63897,4,1994,4,3487,8,0,0,2155,192,10,1,486127,1,852,1,2575,1,15922,2,4830,1,0,0,0,0,0,0,0,1,0,1,9570,1,6675,1,22968,1,9570,1,0,1
261,6599300,6675,9570,28.992771,0,0,16,0,0,44436,1213,4338,6554864,16,239,10,1,25370,1,30,1,1888779,1,3679652,1,188465,1,767708,1,4850,1,36222,1,6232,4,50,4,64478,4,3026,4,3858,8,0,0,2546,192,100,1,626326,1,852,1,3106,1,17895,2,4349,1,0,0,0,0,0,0,0,1,0,1,9570,1,6675,1,22968,1,9570,1,0,1
262,6353700,6675,9570,28.992771,0,0,16,0,0,42972,932,3166,6310728,16,239,80,1,25761,1,30,1,1897576,1,3534203,1,190148,1,658140,1,4790,1,33787,1,5872,4,60,4,63777,4,1894,4,3507,8,0,0,2235,192,10,1,525486,1,852,1,2535,1,15140,2,4289,1,0,0,0,0,0,0,0,1,0,1,9570,1,6675,1,22968,1,9570,1,0,1
263,6104400,6675,9570,28.992771,0,0,16,0,0,39030,721,3166,6065370,16,239,20,1,25871,1,30,1,1885322,1,3484043,1,195719,1,469765,1,4599,1,33527,1,5471,4,70,4,63957,4,1894,4,3497,8,0,0,2224,192,10,1,337993,1,852,1,2605,1,15010,2,4158,1,0,0,0,0,0,0,0,1,0,1,9570,1,6675,1,22968,1,9570,1,0,1
264,6080200,6675,9570,28.992771,0,0,16,0,0,39028,791,3126,6041172,16,239,30,1,25120,1,20,1,1888127,1,3453492,1,180780,1,489043,1,4559,1,33056,1,5481,4,31,4,63276,4,1824,4,3547,8,0,0,2245,192,10,1,359135,1,842,1,2605,1,14268,2,4178,1,0,0,0,0,0,0,0,1,0,1,9570,1,6675,1,22968,1,9570,1,0,1
265,6422100,6675,9570,28.992771,0,0,16,0,0,58557,1062,3266,6363543,16,239,170,1,37895,1,70,1,2141882,1,3487029,1,181712,1,510115,1,4669,1,33617,1,5391,4,150,4,64017,4,2174,4,3427,8,0,0,2335,192,10,1,375527,1,872,1,3156,1,16232,2,4479,1,0,0,0,0,0,0,0,1,0,1,9570,1,6675,1,22968,1,9570,1,0,1
266,6759300,6675,9570,28.992771,0,0,16,0,0,55560,1123,3466,6703740,16,239,100,1,30691,1,50,1,2023346,1,3622679,1,184657,1,836895,1,5321,1,35972,1,6433,4,40,4,64108,4,2294,4,3597,8,0,0,2425,192,160,1,695444,1,862,1,3898,1,18697,2,4268,1,0,0,0,0,0,0,0,1,0,1,9570,1,6675,1,22968,1,9570,1,0,1
267,6198300,6675,9570,28.992771,0,0,16,0,0,38522,1824,3306,6159778,16,239,70,1,25962,1,60,1,1889229,1,3495766,1,183896,1,560095,1,4699,1,34549,1,5431,4,40,4,64498,4,2034,4,3517,8,0,0,2245,192,10,1,423934,1,892,1,2595,1,16463,2,4309,1,0,0,0,0,0,0,0,1,0,1,9570,1,6675,1,22968,1,9570,1,0,1
268,6404000,6675,9570,28.992771,0,0,16,0,0,53453,1213,3546,6350547,16,239,501,1,46162,1,140,1,1911534,1,3519774,1,181872,1,685053,1,5511,1,34298,1,5491,4,60,4,64368,4,2294,4,3547,8,0,0,2295,192,10,1,548852,1,862,1,3256,1,16453,2,4349,1,0,0,0,0,0,0,0,1,0,1,9570,1,6675,1,22968,1,9570,1,0,1
269,6647300,6675,9570,28.992771,0,0,16,0,0,93749,1543,3868,6553551,16,239,50,1,33717,1,50,1,2159417,1,3698861,1,181972,1,474705,1,4780,1,33787,1,5351,4,30,4,63556,4,2335,4,3928,8,0,0,2394,192,10,1,341409,1,882,1,2645,1,15050,2,4178,1,0,0,0,0,0,0,0,1,0,1,9570,1,6675,1,22968,1,9570,1,0,1
270,6294000,6675,9570,28.992771,0,0,16,0,0,37239,962,3224,6256761,16,239,110,1,25020,1,30,1,1883769,1,3518903,1,197643,1,626417,1,4870,1,34298,1,5731,4,30,4,65601,4,1964,4,3417,8,0,0,2156,192,20,1,491047,1,852,1,2786,1,15401,2,4309,1,0,0,0,0,0,0,0,1,0,1,9570,1,6675,1,22968,1,9570,1,0,1
271,6435300,6675,9570,28.992771,0,0,16,0,0,47589,1263,3155,6387711,16,239,50,1,25090,1,50,1,1887496,1,3558020,1,219036,1,692789,1,5180,1,38216,1,6122,4,180,4,64298,4,1924,4,3457,8,0,0,2226,192,10,1,550766,1,902,1,3146,1,17665,2,4840,1,0,0,0,0,0,0,0,1,0,1,9570,1,6675,1,22968,1,9570,1,0,1
272,7007300,6675,9570,28.992771,0,0,16,0,0,66318,2124,3838,6940982,16,239,90,1,26813,1,150,1,1890532,1,3581176,1,421449,1,1015611,1,5160,1,93987,1,24419,4,70,4,165299,4,3918,4,6513,8,0,0,6593,192,70,1,679733,1,902,1,7064,1,27024,2,4489,1,0,0,0,0,0,0,0,1,0,1,9570,1,6675,1,22968,1,9570,1,0,1
273,6353800,6675,9570,28.992771,0,0,16,0,0,36910,992,3135,6316890,16,239,180,1,27745,1,80,1,2079087,1,3533071,1,182593,1,489534,1,4599,1,33236,1,5381,4,50,4,63536,4,1884,4,3377,8,0,0,2126,192,20,1,357792,1,882,1,2585,1,15541,2,4258,1,0,0,0,0,0,0,0,1,0,1,9570,1,6675,1,22968,1,9570,1,0,1
274,6249600,6675,9570,28.992771,0,0,16,0,0,39131,791,4158,6210469,16,239,10,1,27515,1,50,1,1888177,1,3492530,1,217092,1,580084,1,5010,1,37004,1,9068,4,40,4,69258,4,1994,4,4409,8,0,0,2245,192,20,1,432190,1,872,1,2745,1,15771,2,5922,1,0,0,0,0,0,0,0,1,0,1,9570,1,6675,1,22968,1,9570,1,0,1
275,6212100,6675,9570,28.992771,0,0,16,0,0,42553,1292,3236,6169547,16,239,40,1,24950,1,40,1,1891835,1,3516357,1,183605,1,548121,1,4599,1,35130,1,5531,4,30,4,64508,4,2024,4,3507,8,0,0,2295,192,10,1,410667,1,862,1,3567,1,16623,2,4369,1,0,0,0,0,0,0,0,1,0,1,9570,1,6675,1,22968,1,9570,1,0,1
276,6962300,6675,9570,28.992771,0,0,16,0,0,41257,2174,3987,6921043,16,239,40,1,25250,1,40,1,1890041,1,3481037,1,240328,1,1279125,1,5180,1,40360,1,6363,4,130,4,69388,4,2816,4,3637,8,0,0,2466,192,10,1,1116842,1,1012,1,10050,1,20260,2,6082,1,0,0,0,0,0,0,0,1,0,1,9570,1,6675,1,22968,1,9570,1,0,1
277,6940800,6675,9570,28.992771,0,0,16,0,0,42072,3587,4718,6898728,16,239,70,1,25310,1,80,1,1928908,1,3902225,1,183836,1,853168,1,5130,1,55350,1,7906,4,60,4,67544,4,2665,4,4489,8,0,0,2437,192,20,1,673781,1,892,1,2966,1,28006,2,5902,1,0,0,0,0,0,0,0,1,0,1,9570,1,6675,1,22968,1,9570,1,0,1
278,6575500,6675,9570,28.992771,0,0,16,0,0,53361,1483,4018,6522139,16,239,160,1,26212,1,30,1,1896223,1,3563802,1,259346,1,769892,1,6473,1,43557,1,11393,4,60,4,91001,4,2425,4,4519,8,0,0,2926,192,10,1,582980,1,1132,1,3657,1,19920,2,7755,1,0,0,0,0,0,0,0,1,0,1,9570,1,6675,1,22968,1,9570,1,0,1
279,6542500,6675,9570,28.992771,0,0,16,0,0,39119,1032,3076,6503381,16,239,20,1,25982,1,120,1,2297442,1,3519884,1,182273,1,472961,1,4699,1,36202,1,5451,4,30,4,63697,4,1964,4,3447,8,0,0,2335,192,10,1,335427,1,862,1,4058,1,16623,2,4158,1,0,0,0,0,0,0,0,1,0,1,9570,1,6675,1,22968,1,9570,1,0,1
280,6358300,6675,9570,28.992771,0,0,16,0,0,41289,872,3997,6317011,16,239,40,1,25340,1,30,1,1898318,1,3487380,1,229577,1,671637,1,4689,1,34368,1,5451,4,60,4,64128,4,2745,4,3607,8,0,0,2356,192,10,1,536999,1,922,1,2786,1,15451,2,4238,1,0,0,0,0,0,0,0,1,0,1,9570,1,6675,1,22968,1,9570,1,0,1
281,6068500,6675,9570,28.992771,0,0,16,0,0,48771,802,3977,6019729,16,239,20,1,25240,1,30,1,1888237,1,3495606,1,183185,1,422841,1,4569,1,33366,1,5401,4,40,4,63707,4,1864,4,4289,8,0,0,2175,192,10,1,290739,1,862,1,2725,1,14900,2,4138,1,0,0,0,0,0,0,0,1,0,1,9570,1,6675,1,22968,1,9570,1,0,1
282,6784500,6675,9570,28.992771,0,0,16,0,0,49468,1392,3918,6735032,16,239,50,1,24579,1,80,1,1913217,1,3697538,1,186461,1,908007,1,5100,1,36072,1,5671,4,30,4,64739,4,2655,4,3587,8,0,0,2324,192,10,1,765914,1,1493,1,3046,1,19068,2,4329,1,0,0,0,0,0,0,0,1,0,1,9570,1,6675,1,22968,1,9570,1,0,1
283,6235800,6675,9570,28.992771,0,0,16,0,0,42606,1122,3686,6193194,16,239,90,1,26292,1,40,1,1895552,1,3555906,1,182193,1,528111,1,5010,1,34479,1,5441,4,60,4,66943,4,2465,4,3537,8,0,0,2316,192,10,1,390397,1,852,1,2886,1,15711,2,4208,1,0,0,0,0,0,0,0,1,0,1,9570,1,6675,1,22968,1,9570,1,0,1
284,6445500,6675,9570,28.992771,0,0,16,0,0,41837,1122,3376,6403663,16,239,30,1,25861,1,20,1,1889911,1,3555966,1,182423,1,744702,1,4749,1,35210,1,5631,4,60,4,67144,4,2064,4,3587,8,0,0,2275,192,20,1,604563,1,992,1,2806,1,17164,2,4339,1,0,0,0,0,0,0,0,1,0,1,9570,1,6675,1,22968,1,9570,1,0,1
285,6168300,6675,9570,28.992771,0,0,16,0,0,37710,1012,3256,6130590,16,239,70,1,36302,1,40,1,1888989,1,3517851,1,184597,1,498061,1,4679,1,34609,1,5531,4,60,4,65831,4,2104,4,3507,8,0,0,2355,192,521,1,361960,1,882,1,2575,1,15230,2,4238,1,0,0,0,0,0,0,0,1,0,1,9570,1,6675,1,22968,1,9570,1,0,1
286,6334600,6675,9570,28.992771,0,0,16,0,0,74483,1062,3106,6260117,16,239,10,1,25761,1,50,1,1888268,1,3528852,1,185629,1,624302,1,7244,1,34138,1,5421,4,40,4,64288,4,1934,4,3517,8,0,0,2345,192,10,1,489274,1,922,1,3507,1,15902,2,4289,1,0,0,0,0,0,0,0,1,0,1,9570,1,6675,1,22968,1,9570,1,0,1
287,6994500,6675,9570,28.992771,0,0,16,0,0,56143,2475,3737,6938357,16,239,160,1,32645,1,80,1,2136762,1,3819851,1,182734,1,760814,1,5311,1,35671,1,6693,4,121,4,64248,4,2565,4,3567,8,0,0,2396,192,130,1,615475,1,882,1,3547,1,20511,2,4930,1,0,0,0,0,0,0,0,1,0,1,9570,1,6675,1,22968,1,9570,1,0,1
288,6345200,6675,9570,28.992771,0,0,16,0,0,45354,1653,3256,6299846,16,239,321,1,28968,1,50,1,1893057,1,3549854,1,181000,1,641937,1,4659,1,33487,1,5491,4,50,4,66272,4,2154,4,3507,8,0,0,2406,192,10,1,505376,1,872,1,2745,1,15882,2,4439,1,0,0,0,0,0,0,0,1,0,1,9570,1,6675,1,22968,1,9570,1,0,1
289,6007700,6675,9570,28.992771,0,0,16,0,0,36327,782,3386,5971373,16,239,100,1,26433,1,40,1,1905873,1,3476147,1,178766,1,379395,1,4619,1,33266,1,5421,4,40,4,63677,4,1824,4,3767,8,0,0,2205,192,10,1,248064,1,852,1,2816,1,14549,2,4329,1,0,0,0,0,0,0,0,1,0,1,9570,1,6675,1,22968,1,9570,1,0,1
290,6260500,6675,9570,28.992771,0,0,16,0,0,46094,902,3125,6214406,16,239,20,1,29749,1,80,1,1890672,1,3484474,1,187293,1,617419,1,4699,1,34278,1,7906,4,50,4,65270,4,1914,4,3497,8,0,0,2285,192,10,1,479594,1,882,1,2665,1,15090,2,5361,1,0,0,0,0,0,0,0,1,0,1,9570,1,6675,1,22968,1,9570,1,0,1
291,6094900,6675,9570,28.992771,0,0,16,0,0,38097,862,3065,6056803,16,239,20,1,24809,1,40,1,1889119,1,3491117,1,186291,1,460697,1,4709,1,49168,1,5661,4,40,4,64558,4,1843,4,3447,8,0,0,2225,192,10,1,312311,1,852,1,2465,1,15280,2,4198,1,0,0,0,0,0,0,0,1,0,1,9570,1,6675,1,22968,1,9570,1,0,1
292,6925900,6675,9570,28.992771,0,0,16,0,0,41661,1874,3486,6884239,16,239,50,1,24960,1,90,1,1896484,1,3488312,1,234637,1,1234667,1,5040,1,44088,1,5541,4,50,4,64198,4,2184,4,3547,8,0,0,2245,192,20,1,1076683,1,912,1,6072,1,25080,2,4419,1,0,0,0,0,0,0,0,1,0,1,9570,1,6675,1,22968,1,9570,1,0,1
293,7074800,6675,9570,28.992771,0,0,16,0,0,44660,1583,3446,7030140,16,239,40,1,26322,1,30,1,2168545,1,3771205,1,203104,1,856033,1,4860,1,35010,1,5611,4,60,4,64268,4,2505,4,3437,8,0,0,2496,192,411,1,717808,1,862,1,2745,1,16844,2,4890,1,0,0,0,0,0,0,0,1,0,1,9570,1,6675,1,22968,1,9570,1,0,1
294,7123900,6675,9570,28.992771,0,0,16,0,0,65374,1573,3365,7058526,16,239,281,1,62324,1,150,1,2557249,1,3548351,1,195609,1,689592,1,4970,1,33948,1,5421,4,50,4,63977,4,2204,4,3497,8,0,0,2336,192,10,1,554584,1,872,1,2645,1,16222,2,4589,1,0,0,0,0,0,0,0,1,0,1,9570,1,6675,1,22968,1,9570,1,0,1
295,6746600,6675,9570,28.992771,0,0,16,0,0,40585,1023,4358,6706015,16,239,110,1,48967,1,220,1,2437861,1,3509383,1,197373,1,507340,1,4759,1,34459,1,5431,4,50,4,63917,4,2094,4,4599,8,0,0,2335,192,20,1,371589,1,892,1,2595,1,15811,2,4860,1,0,0,0,0,0,0,0,1,0,1,9570,1,6675,1,22968,1,9570,1,0,1
296,6386400,6675,9570,28.992771,0,0,16,0,0,38328,1373,4238,6348072,16,239,40,1,25060,1,20,1,1908368,1,3515416,1,180940,1,713169,1,5060,1,35070,1,5681,4,101,4,66823,4,2024,4,4549,8,0,0,2335,192,30,1,574143,1,882,1,2635,1,15521,2,4339,1,0,0,0,0,0,0,0,1,0,1,9570,1,6675,1,22968,1,9570,1,0,1
297,6584300,6675,9570,28.992771,0,0,16,0,0,44406,1343,3315,6539894,16,239,90,1,26312,1,30,1,1888087,1,3529924,1,219878,1,870522,1,5050,1,38477,1,5751,4,120,4,64558,4,1964,4,3487,8,0,0,2135,192,140,1,726466,1,1162,1,6022,1,16483,2,4549,1,0,0,0,0,0,0,0,1,0,1,9570,1,6675,1,22968,1,9570,1,0,1
298,7063500,6675,9570,28.992771,0,0,16,0,0,37909,1062,3446,7025591,16,239,130,1,26773,1,50,1,2069929,1,3923898,1,183495,1,816284,1,5030,1,35360,1,5591,4,50,4,64168,4,2244,4,3557,8,0,0,2355,192,100,1,677228,1,882,1,3457,1,17866,2,4719,1,0,0,0,0,0,0,0,1,0,1,9570,1,6675,1,22968,1,9570,1,0,1
299,6074900,6675,9570,28.992771,0,0,16,0,0,39009,782,3386,6035891,16,239,160,1,25952,1,80,1,1884791,1,3500887,1,180619,1,438813,1,4589,1,32926,1,10401,4,40,4,63777,4,1954,4,3677,8,0,0,2244,192,20,1,302722,1,842,1,2265,1,15120,2,4289,1,0,0,0,0,0,0,0,1,0,1,9570,1,6675,1,22968,1,9570,1,0,1
300,6209500,6675,9570,28.992771,0,0,16,0,0,34973,832,3265,6174527,16,239,10,1,24679,1,30,1,1897396,1,3497770,1,183265,1,566758,1,4619,1,33527,1,5411,4,30,4,63697,4,1944,4,3517,8,0,0,2196,192,20,1,434555,1,862,1,2435,1,15351,2,4579,1,0,0,0,0,0,0,0,1,0,1,9570,1,6675,1,22968,1,9570,1,0,1
301,6826800,6675,9570,28.992771,0,0,16,0,0,42490,1613,3497,6784310,16,239,30,1,24890,1,40,1,2018647,1,3617208,1,203796,1,914169,1,5531,1,41152,1,7926,4,30,4,64809,4,2485,4,3547,8,0,0,2535,192,291,1,758710,1,1192,1,3106,1,23577,2,5731,1,0,0,0,0,0,0,0,1,0,1,9570,1,6675,1,22968,1,9570,1,0,1
302,6979000,6675,9570,28.992771,0,0,16,0,0,48378,1283,3326,6930622,16,239,401,1,28477,1,100,1,1903267,1,3771194,1,192413,1,1029529,1,5240,1,36342,1,6252,4,60,4,64208,4,2134,4,3587,8,0,0,2395,192,20,1,884580,1,1523,1,3447,1,21363,2,4729,1,0,0,0,0,0,0,0,1,0,1,9570,1,6675,1,22968,1,9570,1,0,1
303,6451300,6675,9570,28.992771,0,0,16,0,0,39280,1052,3386,6412020,16,239,70,1,27535,1,160,1,1900612,1,3682468,1,182323,1,613651,1,5200,1,34709,1,5691,4,40,4,64689,4,2084,4,3587,8,0,0,2285,192,20,1,475546,1,952,1,4238,1,16773,2,4268,1,0,0,0,0,0,0,0,1,0,1,9570,1,6675,1,22968,1,9570,1,0,1
304,6242800,6675,9570,28.992771,0,0,16,0,0,36419,772,3525,6206381,16,239,20,1,26012,1,70,1,1901334,1,3502610,1,180309,1,591337,1,4689,1,33877,1,5471,4,50,4,63767,4,2014,4,3818,8,0,0,2306,192,20,1,458703,1,922,1,2405,1,15280,2,4238,1,0,0,0,0,0,0,0,1,0,1,9570,1,6675,1,22968,1,9570,1,0,1
305,6081200,6675,9570,28.992771,0,0,16,0,0,37433,1003,3125,6043767,16,239,20,1,25140,1,40,1,1897746,1,3504023,1,190629,1,421529,1,4639,1,33507,1,5500,4,40,4,64128,4,1924,4,3397,8,0,0,2196,192,10,1,287913,1,892,1,3487,1,15501,2,4228,1,0,0,0,0,0,0,0,1,0,1,9570,1,6675,1,22968,1,9570,1,0,1
306,6249700,6675,9570,28.992771,0,0,16,0,0,39021,1042,3035,6210679,16,239,20,1,24759,1,70,1,1891043,1,3476528,1,192653,1,620795,1,4810,1,34048,1,5541,4,40,4,63827,4,1894,4,3387,8,0,0,2245,192,10,1,486658,1,992,1,2655,1,16202,2,4499,1,0,0,0,0,0,0,0,1,0,1,9570,1,6675,1,22968,1,9570,1,0,1
307,6108800,6675,9570,28.992771,0,0,16,0,0,38811,721,3215,6069989,16,239,40,1,25370,1,40,1,1882346,1,3499985,1,181952,1,475616,1,4639,1,34368,1,6543,4,30,4,64148,4,1904,4,3557,8,0,0,2246,192,10,1,341449,1,882,1,2565,1,15160,2,4279,1,0,0,0,0,0,0,0,1,0,1,9570,1,6675,1,22968,1,9570,1,0,1
308,6921200,6675,9570,28.992771,0,0,16,0,0,69766,2405,3847,6851434,16,239,20,1,25130,1,30,1,1905853,1,3853879,1,183495,1,877496,1,5531,1,36222,1,6393,4,160,4,66623,4,2585,4,3838,8,0,0,2575,192,170,1,730183,1,892,1,3357,1,19669,2,5000,1,0,0,0,0,0,0,0,1,0,1,9570,1,6675,1,22968,1,9570,1,0,1
309,6287700,6675,9570,28.992771,0,0,16,0,0,46771,1293,3396,6240929,16,239,281,1,27304,1,50,1,1904350,1,3618911,1,184467,1,500797,1,4769,1,34649,1,5521,4,190,4,64127,4,1924,4,3808,8,0,0,2335,192,10,1,364826,1,852,1,2755,1,16373,2,4469,1,0,0,0,0,0,0,0,1,0,1,9570,1,6675,1,22968,1,9570,1,0,1
310,6348000,6675,9570,28.992771,0,0,16,0,0,50669,1032,3375,6297331,16,239,40,1,25902,1,80,1,1906865,1,3521377,1,181972,1,656236,1,4860,1,36583,1,6343,4,100,4,64248,4,2004,4,3577,8,0,0,2206,192,20,1,518211,1,912,1,2645,1,15982,2,4579,1,0,0,0,0,0,0,0,1,0,1,9570,1,6675,1,22968,1,9570,1,0,1
311,6171500,6675,9570,28.992771,0,0,16,0,0,37033,962,3757,6134467,16,239,130,1,26182,1,90,1,1899921,1,3498502,1,189597,1,515416,1,4629,1,34378,1,5731,4,60,4,64318,4,1964,4,4038,8,0,0,2244,192,10,1,380728,1,852,1,2595,1,15451,2,4329,1,0,0,0,0,0,0,0,1,0,1,9570,1,6675,1,22968,1,9570,1,0,1
312,6296700,6675,9570,28.992771,0,0,16,0,0,39178,762,3175,6257522,16,239,40,1,25060,1,90,1,1941774,1,3491879,1,199587,1,594293,1,4800,1,32936,1,5291,4,40,4,63246,4,1813,4,3497,8,0,0,2135,192,10,1,463542,1,842,1,3407,1,14719,2,4188,1,0,0,0,0,0,0,0,1,0,1,9570,1,6675,1,22968,1,9570,1,0,1
313,6725000,6675,9570,28.992771,0,0,16,0,0,64135,1693,3306,6660865,16,239,391,1,26222,1,50,1,1892967,1,3680744,1,181341,1,873328,1,5822,1,37555,1,6012,4,30,4,64298,4,2024,4,3487,8,0,0,2205,192,10,1,724983,1,1283,1,3327,1,22595,2,6032,1,0,0,0,0,0,0,0,1,0,1,9570,1,6675,1,22968,1,9570,1,0,1
314,6567300,6675,9570,28.992771,0,0,16,0,0,80872,1303,3475,6486428,16,239,922,1,32595,1,40,1,1954299,1,3583912,1,182824,1,726896,1,4940,1,34178,1,5551,4,50,4,64468,4,2395,4,3387,8,0,0,2306,192,20,1,591798,1,872,1,3136,1,15371,2,4369,1,0,0,0,0,0,0,0,1,0,1,9570,1,6675,1,22968,1,9570,1,0,1
315,6458800,6675,9570,28.992771,0,0,16,0,0,44666,1283,3096,6414134,16,239,281,1,34439,1,50,1,2176501,1,3513662,1,179036,1,505416,1,4749,1,34058,1,5541,4,50,4,64078,4,2144,4,3457,8,0,0,2505,192,20,1,371960,1,862,1,2675,1,14980,2,4309,1,0,0,0,0,0,0,0,1,0,1,9570,1,6675,1,22968,1,9570,1,0,1
316,6259500,6675,9570,28.992771,0,0,16,0,0,36156,762,3315,6223344,16,239,120,1,24940,1,120,1,1882596,1,3486708,1,180810,1,643350,1,4699,1,34619,1,5531,4,150,4,63937,4,1774,4,3697,8,0,0,2156,192,10,1,508392,1,842,1,2695,1,16583,2,4359,1,0,0,0,0,0,0,0,1,0,1,9570,1,6675,1,22968,1,9570,1,0,1
317,6007400,6675,9570,28.992771,0,0,16,0,0,37009,973,3135,5970391,16,239,90,1,25340,1,120,1,1883899,1,3466248,1,182443,1,407681,1,4569,1,33807,1,5371,4,40,4,63716,4,2104,4,3427,8,0,0,2396,192,10,1,275709,1,862,1,2886,1,14579,2,4198,1,0,0,0,0,0,0,0,1,0,1,9570,1,6675,1,22968,1,9570,1,0,1
318,6820100,6675,9570,28.992771,0,0,16,0,0,43585,2034,4177,6776515,16,239,20,1,25070,1,50,1,1927035,1,3641035,1,190439,1,987385,1,5481,1,37234,1,7284,4,40,4,65370,4,3427,4,3667,8,0,0,2917,192,80,1,827867,1,1072,1,3096,1,31753,2,4459,1,0,0,0,0,0,0,0,1,0,1,9570,1,6675,1,22968,1,9570,1,0,1
319,6465900,6675,9570,28.992771,0,0,16,0,0,41616,922,3246,6424284,16,239,180,1,26803,1,70,1,2025000,1,3665394,1,181581,1,520386,1,4870,1,34408,1,5481,4,40,4,63667,4,2094,4,3527,8,0,0,2375,192,90,1,386339,1,852,1,2595,1,16142,2,4228,1,0,0,0,0,0,0,0,1,0,1,9570,1,6675,1,22968,1,9570,1,0,1
320,6277100,6675,9570,28.992771,0,0,16,0,0,37714,952,3406,6239386,16,239,100,1,26032,1,110,1,1886464,1,3531317,1,180900,1,609633,1,4830,1,34288,1,5531,4,50,4,66362,4,2204,4,3497,8,0,0,2295,192,10,1,473562,1,852,1,3186,1,14970,2,4168,1,0,0,0,0,0,0,0,1,0,1,9570,1,6675,1,22968,1,9570,1,0,1
321,6148000,6675,9570,28.992771,0,0,16,0,0,40486,912,3205,6107514,16,239,40,1,25721,1,20,1,1887887,1,3509704,1,212743,1,466739,1,4659,1,36523,1,9048,4,30,4,69127,4,1944,4,3427,8,0,0,2166,192,20,1,321590,1,862,1,3487,1,15601,2,4168,1,0,0,0,0,0,0,0,1,0,1,9570,1,6675,1,22968,1,9570,1,0,1
322,6298900,6675,9570,28.992771,0,0,16,0,0,62229,822,3255,6236671,16,239,30,1,28216,1,40,1,1894730,1,3481749,1,182082,1,644983,1,4840,1,56252,1,6653,4,80,4,64899,4,2034,4,3447,8,0,0,2226,192,10,1,486889,1,922,1,2485,1,15892,2,4599,1,0,0,0,0,0,0,0,1,0,1,9570,1,6675,1,22968,1,9570,1,0,1
323,6138200,6675,9570,28.992771,0,0,16,0,0,40045,713,3095,6098155,16,239,80,1,25511,1,30,1,1889239,1,3502660,1,181361,1,494524,1,4749,1,34669,1,5501,4,40,4,66883,4,1943,4,3417,8,0,0,2265,192,10,1,356980,1,852,1,3667,1,15611,2,4238,1,0,0,0,0,0,0,0,1,0,1,9570,1,6675,1,22968,1,9570,1,0,1
324,7169000,6675,9570,28.992771,0,0,16,0,0,72739,1533,4579,7096261,16,239,20,1,25501,1,80,1,1897907,1,3855342,1,178345,1,1133325,1,5741,1,40140,1,6403,4,60,4,64158,4,3517,4,3828,8,0,0,2766,192,80,1,980010,1,952,1,3216,1,22605,2,6824,1,0,0,0,0,0,0,0,1,0,1,9570,1,6675,1,22968,1,9570,1,0,1
325,6610200,6675,9570,28.992771,0,0,16,0,0,46809,1072,3465,6563391,16,239,321,1,38467,1,130,1,2225038,1,3561948,1,194417,1,538321,1,4749,1,34368,1,5511,4,40,4,64017,4,2265,4,3627,8,0,0,2427,192,20,1,403232,1,872,1,2776,1,16112,2,4409,1,0,0,0,0,0,0,0,1,0,1,9570,1,6675,1,22968,1,9570,1,0,1
326,6386400,6675,9570,28.992771,0,0,16,0,0,40973,811,3145,6345427,16,239,130,1,25391,1,100,1,1891654,1,3467079,1,178716,1,777347,1,5010,1,33777,1,5521,4,21,4,63827,4,1934,4,3467,8,0,0,2255,192,10,1,644683,1,842,1,2725,1,15190,2,4539,1,0,0,0,0,0,0,0,1,0,1,9570,1,6675,1,22968,1,9570,1,0,1
327,6220700,6675,9570,28.992771,0,0,16,0,0,36183,802,3325,6184517,16,239,150,1,26433,1,60,1,1889791,1,3503332,1,211902,1,548131,1,4719,1,36583,1,5471,4,50,4,64128,4,2024,4,3597,8,0,0,2296,192,10,1,412391,1,852,1,2695,1,15190,2,4339,1,0,0,0,0,0,0,0,1,0,1,9570,1,6675,1,22968,1,9570,1,0,1
328,6078200,6675,9570,28.992771,0,0,16,0,0,33050,791,3065,6045150,16,239,30,1,25180,1,20,1,1896013,1,3495065,1,181070,1,443192,1,4579,1,32936,1,5461,4,40,4,63647,4,1753,4,3427,8,0,0,2115,192,10,1,312652,1,862,1,3287,1,14088,2,4238,1,0,0,0,0,0,0,0,1,0,1,9570,1,6675,1,22968,1,9570,1,0,1
329,6753100,6675,9570,28.992771,0,0,16,0,0,51745,1784,3928,6701355,16,239,10,1,24679,1,80,1,1890923,1,3578421,1,322201,1,879300,1,5741,1,67845,1,15270,4,90,4,101752,4,3036,4,4639,8,0,0,3747,192,120,1,647829,1,872,1,6373,1,23286,2,6403,1,0,0,0,0,0,0,0,1,0,1,9570,1,6675,1,22968,1,9570,1,0,1
330,6553500,6675,9570,28.992771,0,0,16,0,0,54377,1884,3215,6499123,16,239,301,1,25892,1,180,1,1939990,1,3614092,1,182974,1,730173,1,5521,1,34449,1,5471,4,121,4,65761,4,2204,4,3437,8,0,0,2425,192,10,1,591497,1,892,1,3277,1,16683,2,4489,1,0,0,0,0,0,0,0,1,0,1,9570,1,6675,1,22968,1,9570,1,0,1
331,6327300,6675,9570,28.992771,0,0,16,0,0,45299,1473,3255,6282001,16,239,431,1,32445,1,130,1,2095290,1,3492049,1,177052,1,479975,1,4629,1,33867,1,5932,4,60,4,63516,4,2164,4,3447,8,0,0,2356,192,20,1,346520,1,862,1,2705,1,15180,2,4228,1,0,0,0,0,0,0,0,1,0,1,9570,1,6675,1,22968,1,9570,1,0,1
332,6189500,6675,9570,28.992771,0,0,16,0,0,39702,762,3096,6149798,16,239,40,1,24649,1,80,1,1882236,1,3481077,1,179377,1,577449,1,4890,1,33827,1,5381,4,40,4,63546,4,1844,4,3487,8,0,0,2235,192,10,1,444895,1,852,1,2505,1,15401,2,4900,1,0,0,0,0,0,0,0,1,0,1,9570,1,6675,1,22968,1,9570,1,0,1
333,6168400,6675,9570,28.992771,0,0,16,0,0,42880,812,3526,6125520,16,239,20,1,25411,1,20,1,1922416,1,3492570,1,179377,1,501047,1,4659,1,34569,1,5491,4,40,4,63556,4,1894,4,3798,8,0,0,2165,192,20,1,367722,1,862,1,2565,1,15411,2,4309,1,0,0,0,0,0,0,0,1,0,1,9570,1,6675,1,22968,1,9570,1,0,1
334,6625800,6675,9570,28.992771,0,0,16,0,0,58431,1383,3517,6567369,16,239,50,1,25741,1,40,1,1886654,1,3538491,1,305157,1,805182,1,6052,1,41342,1,5531,4,151,4,64438,4,2034,4,3868,8,0,0,2385,192,10,1,650424,1,862,1,7465,1,22525,2,5150,1,0,0,0,0,0,0,0,1,0,1,9570,1,6675,1,22968,1,9570,1,0,1
335,6910200,6675,9570,28.992771,0,0,16,0,0,66521,1784,3324,6843679,16,239,210,1,28417,1,190,1,2245298,1,3746315,1,194788,1,622990,1,5471,1,35911,1,8487,4,40,4,67564,4,2334,4,3457,8,0,0,2466,192,10,1,478612,1,872,1,3206,1,16262,2,4449,1,0,0,0,0,0,0,0,1,0,1,9570,1,6675,1,22968,1,9570,1,0,1
336,6519700,6675,9570,28.992771,0,0,16,0,0,49855,962,3205,6469845,16,239,291,1,32745,1,90,1,2035961,1,3554072,1,204357,1,637609,1,4719,1,34429,1,5461,4,30,4,63316,4,2004,4,3447,8,0,0,2246,192,10,1,504965,1,842,1,2826,1,15160,2,4158,1,0,0,0,0,0,0,0,1,0,1,9570,1,6675,1,22968,1,9570,1,0,1
337,6248700,6675,9570,28.992771,0,0,16,0,0,36779,822,3376,6211921,16,239,50,1,25992,1,100,1,1884781,1,3550816,1,233204,1,511758,1,5220,1,39849,1,10090,4,30,4,73907,4,1994,4,3567,8,0,0,2185,192,10,1,354275,1,952,1,3597,1,15962,2,6703,1,0,0,0,0,0,0,0,1,0,1,9570,1,6675,1,22968,1,9570,1,0,1
338,6211800,6675,9570,28.992771,0,0,16,0,0,38936,811,3967,6172864,16,239,20,1,26312,1,80,1,1881815,1,3472069,1,183565,1,604262,1,4739,1,33928,1,5521,4,30,4,63707,4,1994,4,4178,8,0,0,2205,192,10,1,470306,1,852,1,2585,1,15821,2,4519,1,0,0,0,0,0,0,0,1,0,1,9570,1,6675,1,22968,1,9570,1,0,1
339,6608200,6675,9570,28.992771,0,0,16,0,0,51733,2004,4078,6556467,16,239,30,1,25320,1,80,1,1888628,1,3514854,1,273675,1,848098,1,5782,1,40150,1,6493,4,171,4,64849,4,1954,4,4379,8,0,0,2254,192,90,1,695294,1,872,1,8076,1,19098,2,4669,1,0,0,0,0,0,0,0,1,0,1,9570,1,6675,1,22968,1,9570,1,0,1
340,7457700,6675,9570,28.992771,0,0,16,0,0,74578,3337,5581,7383122,16,239,30,1,38396,1,20,1,1912255,1,3995020,1,291039,1,1140680,1,5681,1,62785,1,13838,4,210,4,98025,4,5020,4,4489,8,0,0,3928,192,321,1,901644,1,902,1,7946,1,36513,2,5651,1,0,0,0,0,0,0,0,1,0,1,9570,1,6675,1,22968,1,9570,1,0,1
341,6468200,6675,9570,28.992771,0,0,16,0,0,55850,1232,3896,6412350,16,239,651,1,30881,1,481,1,1933818,1,3672338,1,184447,1,584804,1,4930,1,35040,1,5701,4,70,4,64999,4,2806,4,3507,8,0,0,2416,192,10,1,445867,1,882,1,2926,1,17194,2,4569,1,0,0,0,0,0,0,0,1,0,1,9570,1,6675,1,22968,1,9570,1,0,1
342,6889600,6675,9570,28.992771,0,0,16,0,0,41483,982,3316,6848117,16,239,120,1,42725,1,60,1,2370938,1,3526638,1,198355,1,704442,1,4840,1,34449,1,5471,4,130,4,64899,4,2194,4,3557,8,0,0,2435,192,20,1,568291,1,862,1,2786,1,16453,2,4349,1,0,0,0,0,0,0,0,1,0,1,9570,1,6675,1,22968,1,9570,1,0,1
343,6161000,6675,9570,28.992771,0,0,16,0,0,39388,942,3515,6121612,16,239,120,1,26082,1,60,1,1893809,1,3510325,1,199727,1,486839,1,4649,1,33917,1,5391,4,40,4,63907,4,2324,4,3537,8,0,0,2346,192,10,1,354305,1,862,1,2715,1,14649,2,4238,1,0,0,0,0,0,0,0,1,0,1,9570,1,6675,1,22968,1,9570,1,0,1
344,6234500,6675,9570,28.992771,0,0,16,0,0,43620,1493,3737,6190880,16,239,10,1,25591,1,40,1,1900312,1,3474674,1,192573,1,592770,1,4910,1,40651,1,5461,4,30,4,65591,4,2384,4,3527,8,0,0,2175,192,10,1,447460,1,862,1,5200,1,15250,2,4850,1,0,0,0,0,0,0,0,1,0,1,9570,1,6675,1,22968,1,9570,1,0,1
345,7132400,6675,9570,28.992771,0,0,16,0,0,83703,1402,3546,7048697,16,239,30,1,25601,1,80,1,1888478,1,3934970,1,180229,1,1014018,1,5291,1,35591,1,5591,4,151,4,67053,4,2525,4,3547,8,0,0,2526,192,10,1,871444,1,882,1,2966,1,18316,2,4539,1,0,0,0,0,0,0,0,1,0,1,9570,1,6675,1,22968,1,9570,1,0,1
346,6685800,6675,9570,28.992771,0,0,16,0,0,55907,1132,4348,6629893,16,239,140,1,26723,1,150,1,2095149,1,3584323,1,188004,1,730504,1,4900,1,34058,1,8527,4,742,4,73326,4,3547,4,3537,8,0,0,2736,192,10,1,582419,1,882,1,2635,1,15310,2,4379,1,0,0,0,0,0,0,0,1,0,1,9570,1,6675,1,22968,1,9570,1,0,1
347,6205400,6675,9570,28.992771,0,0,16,0,0,68568,1443,3195,6136832,16,239,541,1,25541,1,80,1,1947375,1,3541548,1,179868,1,436970,1,4910,1,35140,1,5521,4,40,4,64017,4,2104,4,3427,8,0,0,2336,192,10,1,302101,1,872,1,2996,1,14920,2,4379,1,0,0,0,0,0,0,0,1,0,1,9570,1,6675,1,22968,1,9570,1,0,1
348,6879700,6675,9570,28.992771,0,0,16,0,0,50129,1022,3227,6829571,16,239,180,1,41152,1,70,1,2512229,1,3450466,1,178245,1,642539,1,4689,1,62925,1,5411,4,30,4,63486,4,2254,4,3427,8,0,0,2455,192,10,1,480977,1,882,1,2595,1,15310,2,4208,1,0,0,0,0,0,0,0,1,0,1,9570,1,6675,1,22968,1,9570,1,0,1
349,6090600,6675,9570,28.992771,0,0,16,0,0,42524,782,3324,6048076,16,239,30,1,33416,1,60,1,1885372,1,3456959,1,180439,1,487189,1,4609,1,33557,1,5431,4,30,4,63837,4,2024,4,3427,8,0,0,2127,192,30,1,354976,1,922,1,2625,1,15230,2,4319,1,0,0,0,0,0,0,0,1,0,1,9570,1,6675,1,22968,1,9570,1,0,1
350,6565800,6675,9570,28.992771,0,0,16,0,0,48711,1273,3426,6517089,16,239,90,1,24980,1,60,1,1884400,1,3564122,1,178726,1,858288,1,6423,1,37815,1,6563,4,60,4,67134,4,2355,4,3567,8,0,0,2496,192,10,1,710223,1,982,1,3597,1,20391,2,4319,1,0,0,0,0,0,0,0,1,0,1,9570,1,6675,1,22968,1,9570,1,0,1
351,6297600,6675,9570,28.992771,0,0,16,0,0,41751,982,3466,6255849,16,239,40,1,27445,1,90,1,1908718,1,3574894,1,178235,1,561638,1,4790,1,36092,1,5601,4,40,4,63797,4,2104,4,3727,8,0,0,2365,192,611,1,423463,1,902,1,3186,1,16613,2,4519,1,0,0,0,0,0,0,0,1,0,1,9570,1,6675,1,22968,1,9570,1,0,1
352,6051100,6675,9570,28.992771,0,0,16,0,0,42914,772,3105,6008186,16,239,20,1,25381,1,60,1,1882155,1,3437120,1,178425,1,480426,1,4599,1,33156,1,5501,4,40,4,63637,4,1893,4,3507,8,0,0,2295,192,0,1,349946,1,842,1,2445,1,14409,2,4279,1,0,0,0,0,0,0,0,1,0,1,9570,1,6675,1,22968,1,9570,1,0,1
353,6159200,6675,9570,28.992771,0,0,16,0,0,37558,862,3625,6121642,16,239,30,1,24960,1,40,1,1879791,1,3481678,1,201160,1,529373,1,4609,1,34038,1,5531,4,50,4,64108,4,1894,4,4008,8,0,0,2276,192,10,1,394525,1,902,1,3327,1,15832,2,4289,1,0,0,0,0,0,0,0,1,0,1,9570,1,6675,1,22968,1,9570,1,0,1
354,6291500,6675,9570,28.992771,0,0,16,0,0,42465,1263,3256,6249035,16,239,20,1,25411,1,130,1,1902125,1,3473913,1,196371,1,646296,1,4769,1,35120,1,8427,4,50,4,67344,4,1854,4,3557,8,0,0,2155,192,20,1,503422,1,882,1,2846,1,15831,2,5681,1,0,0,0,0,0,0,0,1,0,1,9570,1,6675,1,22968,1,9570,1,0,1
355,6252500,6675,9570,28.992771,0,0,16,0,0,38154,972,3576,6214346,16,239,70,1,25260,1,20,1,1888358,1,3492831,1,178615,1,624543,1,4649,1,34178,1,5731,4,40,4,64118,4,2004,4,3878,8,0,0,2305,192,20,1,489394,1,852,1,2435,1,16302,2,4619,1,0,0,0,0,0,0,0,1,0,1,9570,1,6675,1,22968,1,9570,1,0,1
356,6767300,6675,9570,28.992771,0,0,16,0,0,41115,1152,3817,6726185,16,239,30,1,31072,1,120,1,1951173,1,3653170,1,183465,1,901704,1,5451,1,41994,1,7305,4,60,4,65220,4,2755,4,3667,8,0,0,2606,192,20,1,742147,1,922,1,4800,1,25110,2,6553,1,0,0,0,0,0,0,0,1,0,1,9570,1,6675,1,22968,1,9570,1,0,1
357,6303400,6675,9570,28.992771,0,0,16,0,0,41259,982,3185,6262141,16,239,30,1,27425,1,20,1,1979810,1,3552209,1,183185,1,514784,1,4679,1,34549,1,5491,4,40,4,63827,4,1964,4,3477,8,0,0,2255,192,10,1,379806,1,852,1,3948,1,15591,2,4248,1,0,0,0,0,0,0,0,1,0,1,9570,1,6675,1,22968,1,9570,1,0,1
358,6537500,6675,9570,28.992771,0,0,16,0,0,39610,782,3335,6497890,16,239,30,1,25080,1,30,1,1927796,1,3553922,1,196501,1,789621,1,4910,1,34158,1,5481,4,30,4,63887,4,2144,4,3507,8,0,0,2316,192,10,1,654593,1,952,1,3477,1,16122,2,4479,1,0,0,0,0,0,0,0,1,0,1,9570,1,6675,1,22968,1,9570,1,0,1
359,6101200,6675,9570,28.992771,0,0,16,0,0,43485,1684,3606,6057715,16,239,30,1,25721,1,20,1,1888278,1,3503632,1,182303,1,453112,1,4619,1,44318,1,12545,4,261,4,65360,4,2565,4,3647,8,0,0,2606,192,20,1,282703,1,852,1,2876,1,32064,2,4218,1,0,0,0,0,0,0,0,1,0,1,9570,1,6675,1,22968,1,9570,1,0,1
360,6101700,6675,9570,28.992771,0,0,16,0,0,33384,812,3015,6068316,16,239,10,1,25090,1,10,1,1896624,1,3493943,1,183164,1,464885,1,4589,1,33396,1,5401,4,40,4,64318,4,1813,4,3427,8,0,0,2225,192,20,1,333263,1,852,1,2675,1,14609,2,4258,1,0,0,0,0,0,0,0,1,0,1,9570,1,6675,1,22968,1,9570,1,0,1
361,6541300,6675,9570,28.992771,0,0,16,0,0,37868,1563,3195,6503432,16,239,50,1,24990,1,10,1,1888197,1,3654923,1,190008,1,740113,1,5140,1,36112,1,6383,4,40,4,64768,4,2094,4,3427,8,0,0,2326,192,411,1,599012,1,1052,1,2996,1,17565,2,4689,1,0,0,0,0,0,0,0,1,0,1,9570,1,6675,1,22968,1,9570,1,0,1
362,6288600,6675,9570,28.992771,0,0,16,0,0,41168,861,3156,6247432,16,239,110,1,26583,1,90,1,1892095,1,3524353,1,184036,1,615365,1,4800,1,33938,1,5461,4,30,4,63707,4,1964,4,3417,8,0,0,2225,192,20,1,481929,1,902,1,2735,1,15811,2,4589,1,0,0,0,0,0,0,0,1,0,1,9570,1,6675,1,22968,1,9570,1,0,1
363,6109100,6675,9570,28.992771,0,0,16,0,0,41295,751,3266,6067805,16,239,10,1,24900,1,50,1,1903588,1,3514734,1,181161,1,438743,1,4619,1,33587,1,5571,4,30,4,64338,4,1834,4,3547,8,0,0,2115,192,10,1,305438,1,892,1,3537,1,15040,2,4168,1,0,0,0,0,0,0,0,1,0,1,9570,1,6675,1,22968,1,9570,1,0,1
364,6363900,6675,9570,28.992771,0,0,16,0,0,50687,822,3335,6313213,16,239,20,1,34048,1,60,1,1890201,1,3537720,1,182804,1,663661,1,4699,1,34749,1,5401,4,40,4,66001,4,2004,4,3607,8,0,0,2276,192,10,1,527379,1,872,1,3116,1,15420,2,4238,1,0,0,0,0,0,0,0,1,0,1,9570,1,6675,1,22968,1,9570,1,0,1
365,6125200,6675,9570,28.992771,0,0,16,0,0,39460,861,3576,6085740,16,239,180,1,25350,1,20,1,1888718,1,3496398,1,182193,1,488232,1,4649,1,34168,1,5451,4,40,4,63787,4,2014,4,3798,8,0,0,2236,192,10,1,355097,1,852,1,2856,1,15150,2,4148,1,0,0,0,0,0,0,0,1,0,1,9570,1,6675,1,22968,1,9570,1,0,1
366,6844400,6675,9570,28.992771,0,0,16,0,0,80640,2655,6563,6763760,16,239,10,1,24980,1,40,1,1896153,1,3480065,1,227092,1,1127814,1,7605,1,76031,1,10912,4,40,4,86021,4,6132,4,4459,8,0,0,4028,192,20,1,896093,1,1092,1,4749,1,34158,2,5451,1,0,0,0,0,0,0,0,1,0,1,9570,1,6675,1,22968,1,9570,1,0,1
367,7020900,6675,9570,28.992771,0,0,16,0,0,92403,1483,4098,6928497,16,239,411,1,36092,1,50,1,2303794,1,3725924,1,193415,1,663991,1,4820,1,36092,1,6272,4,50,4,64488,4,3156,4,3497,8,0,0,2555,192,80,1,523842,1,872,1,2886,1,16643,2,4629,1,0,0,0,0,0,0,0,1,0,1,9570,1,6675,1,22968,1,9570,1,0,1
368,6698700,6675,9570,28.992771,0,0,16,0,0,45661,1583,3376,6653039,16,239,301,1,34589,1,70,1,2178856,1,3560856,1,185038,1,688380,1,4950,1,34699,1,7545,4,110,4,64088,4,2295,4,3637,8,0,0,2555,192,10,1,549674,1,862,1,2776,1,16823,2,4279,1,0,0,0,0,0,0,0,1,0,1,9570,1,6675,1,22968,1,9570,1,0,1
369,6392500,6675,9570,28.992771,0,0,16,0,0,40159,1062,3335,6352341,16,239,220,1,27625,1,361,1,1884811,1,3612108,1,180870,1,641517,1,4830,1,35290,1,6753,4,50,4,65570,4,1974,4,3657,8,0,0,2296,192,20,1,501318,1,852,1,2896,1,16573,2,5501,1,0,0,0,0,0,0,0,1,0,1,9570,1,6675,1,22968,1,9570,1,0,1
370,6320300,6675,9570,28.992771,0,0,16,0,0,87116,972,3426,6233184,16,239,90,1,26132,1,160,1,1884410,1,3512680,1,180539,1,624403,1,4769,1,33677,1,5461,4,40,4,64428,4,1974,4,3667,8,0,0,2215,192,100,1,490576,1,852,1,2946,1,15341,2,4369,1,0,0,0,0,0,0,0,1,0,1,9570,1,6675,1,22968,1,9570,1,0,1
371,6096900,6675,9570,28.992771,0,0,16,0,0,36069,782,3235,6060831,16,239,120,1,25310,1,30,1,1883147,1,3502600,1,179998,1,464865,1,4759,1,34038,1,5541,4,40,4,63957,4,1843,4,3547,8,0,0,2156,192,10,1,331389,1,852,1,2615,1,15390,2,4860,1,0,0,0,0,0,0,0,1,0,1,9570,1,6675,1,22968,1,9570,1,0,1
372,7182000,6675,9570,28.992771,0,0,16,0,0,80128,3307,5441,7101872,16,239,40,1,25711,1,30,1,1890793,1,3653059,1,284196,1,1241430,1,6613,1,57565,1,10842,4,611,4,89218,4,3878,4,4659,8,0,0,3096,192,30,1,1010852,1,1032,1,6102,1,45982,2,7355,1,0,0,0,0,0,0,0,1,0,1,9570,1,6675,1,22968,1,9570,1,0,1
373,6758800,6675,9570,28.992771,0,0,16,0,0,48467,1152,3205,6710333,16,239,210,1,31413,1,120,1,2342612,1,3565846,1,179096,1,586277,1,4759,1,37424,1,5511,4,60,4,64348,4,2124,4,3437,8,0,0,2356,192,10,1,444875,1,862,1,4218,1,17976,2,4279,1,0,0,0,0,0,0,0,1,0,1,9570,1,6675,1,22968,1,9570,1,0,1
374,6441500,6675,9570,28.992771,0,0,16,0,0,40242,682,3255,6401258,16,239,30,1,26012,1,70,1,1928688,1,3529393,1,197263,1,715143,1,4659,1,34088,1,5481,4,30,4,63716,4,1884,4,3517,8,0,0,2146,192,10,1,582880,1,852,1,2655,1,15050,2,4299,1,0,0,0,0,0,0,0,1,0,1,9570,1,6675,1,22968,1,9570,1,0,1
375,6252500,6675,9570,28.992771,0,0,16,0,0,39366,992,3176,6213134,16,239,30,1,25160,1,40,1,1888618,1,3536057,1,177553,1,581026,1,4649,1,34268,1,5561,4,40,4,64649,4,1954,4,3437,8,0,0,2215,192,10,1,447240,1,872,1,2685,1,14980,2,4339,1,0,0,0,0,0,0,0,1,0,1,9570,1,6675,1,22968,1,9570,1,0,1
376,6360000,6675,9570,28.992771,0,0,16,0,0,37949,892,3316,6322051,16,239,40,1,26443,1,50,1,1891033,1,3535085,1,182643,1,681957,1,4800,1,34479,1,5501,4,150,4,63807,4,1844,4,3677,8,0,0,2205,192,10,1,547680,1,862,1,2525,1,16333,2,4198,1,0,0,0,0,0,0,0,1,0,1,9570,1,6675,1,22968,1,9570,1,0,1
377,6644800,6675,9570,28.992771,0,0,16,0,0,47271,1082,3316,6597529,16,239,20,1,28737,1,110,1,1890742,1,3691446,1,181110,1,800563,1,4800,1,37294,1,6112,4,331,4,64208,4,2134,4,3617,8,0,0,2435,192,20,1,659573,1,882,1,3908,1,17234,2,4168,1,0,0,0,0,0,0,0,1,0,1,9570,1,6675,1,22968,1,9570,1,0,1
378,6262100,6675,9570,28.992771,0,0,16,0,0,39086,982,3236,6223014,16,239,10,1,25481,1,30,1,1898348,1,3509604,1,180840,1,604112,1,4589,1,33537,1,5471,4,50,4,66392,4,1984,4,3587,8,0,0,2335,192,20,1,469494,1,862,1,2545,1,15020,2,4168,1,0,0,0,0,0,0,0,1,0,1,9570,1,6675,1,22968,1,9570,1,0,1
379,5979700,6675,9570,28.992771,0,0,16,0,0,37996,762,3347,5941704,16,239,110,1,26453,1,30,1,1901093,1,3452711,1,185329,1,371329,1,4649,1,33427,1,5491,4,40,4,63587,4,1834,4,3788,8,0,0,2275,192,10,1,239687,1,862,1,3397,1,14298,2,4148,1,0,0,0,0,0,0,0,1,0,1,9570,1,6675,1,22968,1,9570,1,0,1
380,6316900,6675,9570,28.992771,0,0,16,0,0,54618,942,3186,6262282,16,239,80,1,24669,1,60,1,1896133,1,3488462,1,181171,1,666466,1,5240,1,34749,1,5521,4,30,4,66562,4,2074,4,3427,8,0,0,2315,192,10,1,528181,1,892,1,2495,1,16773,2,4810,1,0,0,0,0,0,0,0,1,0,1,9570,1,6675,1,22968,1,9570,1,0,1
381,6307700,6675,9570,28.992771,0,0,16,0,0,51180,1042,3367,6256520,16,239,20,1,25671,1,50,1,1888318,1,3516758,1,227893,1,593020,1,4790,1,36022,1,5731,4,30,4,63927,4,4088,4,3567,8,0,0,4289,192,30,1,455216,1,862,1,2655,1,15701,2,4148,1,0,0,0,0,0,0,0,1,0,1,9570,1,6675,1,22968,1,9570,1,0,1
382,6766300,6675,9570,28.992771,0,0,16,0,0,82800,2375,3767,6683500,16,239,10,1,25381,1,30,1,1896704,1,3545535,1,336820,1,871564,1,7455,1,60380,1,15120,4,60,4,107564,4,3086,4,4459,8,0,0,3778,192,90,1,641937,1,1252,1,4669,1,22084,2,8487,1,0,0,0,0,0,0,0,1,0,1,9570,1,6675,1,22968,1,9570,1,0,1
383,6708700,6675,9570,28.992771,0,0,16,0,0,41663,1102,3356,6667037,16,239,681,1,28567,1,641,1,2159748,1,3634492,1,202313,1,635735,1,4860,1,35551,1,6303,4,80,4,64218,4,2074,4,3477,8,0,0,2195,192,20,1,497700,1,852,1,3317,1,16232,2,4810,1,0,0,0,0,0,0,0,1,0,1,9570,1,6675,1,22968,1,9570,1,0,1
384,6767200,6675,9570,28.992771,0,0,16,0,0,43430,5671,3356,6723770,16,239,100,1,26663,1,110,1,1888608,1,3525025,1,191020,1,1086743,1,5501,1,39619,1,8587,4,30,4,72604,4,2394,4,3437,8,0,0,2476,192,120,1,925592,1,962,1,2986,1,20310,2,4429,1,0,0,0,0,0,0,0,1,0,1,9570,1,6675,1,22968,1,9570,1,0,1
385,7080200,6675,9570,28.992771,0,0,16,0,0,55371,1413,3628,7024829,16,239,150,1,26713,1,40,1,1893087,1,4011954,1,273484,1,813729,1,5671,1,48436,1,12585,4,40,4,82314,4,2194,4,4268,8,0,0,2835,192,20,1,628901,1,1473,1,5250,1,22344,2,4489,1,0,0,0,0,0,0,0,1,0,1,9570,1,6675,1,22968,1,9570,1,0,1
386,6469100,6675,9570,28.992771,0,0,16,0,0,58784,842,3987,6410316,16,239,110,1,27785,1,281,1,1888618,1,3619713,1,180980,1,687668,1,5160,1,34940,1,5681,4,50,4,64609,4,1904,4,4339,8,0,0,2256,192,10,1,549002,1,902,1,3958,1,16643,2,4790,1,0,0,0,0,0,0,0,1,0,1,9570,1,6675,1,22968,1,9570,1,0,1
387,6794900,6675,9570,28.992771,0,0,16,0,0,54798,1613,3447,6740102,16,239,261,1,26563,1,30,1,1888929,1,3549624,1,187874,1,1079899,1,6924,1,36282,1,5701,4,40,4,65370,4,2305,4,3537,8,0,0,2395,192,20,1,925522,1,2675,1,2826,1,26673,2,7335,1,0,0,0,0,0,0,0,1,0,1,9570,1,6675,1,22968,1,9570,1,0,1
388,6709900,6675,9570,28.992771,0,0,16,0,0,44496,691,3365,6665404,16,239,70,1,28026,1,20,1,1893919,1,3725333,1,182563,1,830012,1,5461,1,35591,1,6523,4,50,4,64158,4,2114,4,3537,8,0,0,2287,192,10,1,690314,1,862,1,2695,1,17405,2,6062,1,0,0,0,0,0,0,0,1,0,1,9570,1,6675,1,22968,1,9570,1,0,1
389,6206800,6675,9570,28.992771,0,0,16,0,0,38245,1042,3437,6168555,16,239,30,1,26703,1,20,1,1889079,1,3577299,1,182052,1,488592,1,4780,1,33887,1,5611,4,40,4,64919,4,2094,4,3597,8,0,0,2255,192,10,1,352151,1,862,1,2565,1,17605,2,4208,1,0,0,0,0,0,0,0,1,0,1,9570,1,6675,1,22968,1,9570,1,0,1
390,6395400,6675,9570,28.992771,0,0,16,0,0,57868,2205,3897,6337532,16,239,20,1,26062,1,20,1,1890091,1,3523171,1,205599,1,687077,1,5491,1,37434,1,5661,4,40,4,64929,4,2004,4,4178,8,0,0,2285,192,10,1,542710,1,1012,1,4509,1,18086,2,4299,1,0,0,0,0,0,0,0,1,0,1,9570,1,6675,1,22968,1,9570,1,0,1
391,6289700,6675,9570,28.992771,0,0,16,0,0,38851,1002,3156,6250849,16,239,40,1,25521,1,30,1,1897817,1,3503903,1,199778,1,618591,1,5170,1,38436,1,5511,4,40,4,65681,4,1964,4,3437,8,0,0,2245,192,20,1,476258,1,862,1,4579,1,16563,2,4238,1,0,0,0,0,0,0,0,1,0,1,9570,1,6675,1,22968,1,9570,1,0,1
392,6324800,6675,9570,28.992771,0,0,16,0,0,37919,702,3176,6286881,16,239,80,1,26112,1,20,1,1896434,1,3533522,1,195429,1,630625,1,4659,1,33396,1,5521,4,40,4,65721,4,1914,4,3447,8,0,0,2185,192,10,1,496819,1,862,1,2755,1,15260,2,4178,1,0,0,0,0,0,0,0,1,0,1,9570,1,6675,1,22968,1,9570,1,0,1
393,6315400,6675,9570,28.992771,0,0,16,0,0,38489,1183,3386,6276911,16,239,40,1,26122,1,20,1,1893187,1,3618260,1,183345,1,551317,1,4619,1,35030,1,5782,4,40,4,65540,4,2124,4,3557,8,0,0,2295,192,20,1,414284,1,862,1,3317,1,15441,2,4138,1,0,0,0,0,0,0,0,1,0,1,9570,1,6675,1,22968,1,9570,1,0,1
394,6327700,6675,9570,28.992771,0,0,16,0,0,36581,681,3947,6291119,16,239,40,1,24799,1,20,1,1902556,1,3519043,1,184417,1,655524,1,4719,1,34228,1,5461,4,60,4,63677,4,1994,4,4238,8,0,0,2285,192,10,1,522600,1,852,1,2615,1,14970,2,4138,1,0,0,0,0,0,0,0,1,0,1,9570,1,6675,1,22968,1,9570,1,0,1
395,6146000,6675,9570,28.992771,0,0,16,0,0,39839,892,3596,6106161,16,239,10,1,24940,1,40,1,1891484,1,3504624,1,180028,1,500446,1,4589,1,33537,1,5411,4,40,4,68406,4,1914,4,4138,8,0,0,2456,192,20,1,363052,1,852,1,2876,1,15200,2,4108,1,0,0,0,0,0,0,0,1,0,1,9570,1,6675,1,22968,1,9570,1,0,1
396,6103800,6675,9570,28.992771,0,0,16,0,0,36266,1252,3086,6067534,16,239,50,1,24809,1,70,1,1890953,1,3450326,1,180309,1,516388,1,4629,1,33226,1,5341,4,40,4,63737,4,1814,4,3457,8,0,0,2185,192,10,1,385197,1,942,1,2465,1,14789,2,4118,1,0,0,0,0,0,0,0,1,0,1,9570,1,6675,1,22968,1,9570,1,0,1
397,6208900,6675,9570,28.992771,0,0,16,0,0,35846,1553,3195,6173054,16,239,20,1,24910,1,90,1,1888648,1,3507530,1,183595,1,563662,1,4599,1,34589,1,5551,4,50,4,64609,4,1964,4,3427,8,0,0,2196,192,10,1,426449,1,862,1,4299,1,16192,2,4108,1,0,0,0,0,0,0,0,1,0,1,9570,1,6675,1,22968,1,9570,1,0,1
398,6498900,6675,9570,28.992771,0,0,16,0,0,42532,932,3767,6456368,16,239,20,1,25270,1,50,1,1931784,1,3543241,1,181621,1,769501,1,4880,1,36944,1,5842,4,50,4,64348,4,2164,4,3828,8,0,0,2225,192,10,1,630475,1,872,1,2595,1,17074,2,4369,1,0,0,0,0,0,0,0,1,0,1,9570,1,6675,1,22968,1,9570,1,0,1
399,6243900,6675,9570,28.992771,0,0,16,0,0,35526,842,3947,6208374,16,239,20,1,26032,1,80,1,1888989,1,3537349,1,218475,1,532009,1,5421,1,37645,1,9138,4,40,4,69448,4,2094,4,4158,8,0,0,2305,192,10,1,382321,1,872,1,2836,1,16403,2,6202,1,0,0,0,0,0,0,0,1,0,1,9570,1,6675,1,22968,1,9570,1,0,1
400,6333600,6675,9570,28.992771,0,0,16,0,0,39986,681,3015,6293614,16,239,50,1,25340,1,80,1,1921814,1,3485536,1,181742,1,674081,1,4970,1,39058,1,5381,4,31,4,63637,4,1854,4,3457,8,0,0,2295,192,10,1,534193,1,992,1,2455,1,17324,2,5010,1,0,0,0,0,0,0,0,1,0,1,9570,1,6675,1,22968,1,9570,1,0,1
401,6806400,6675,9570,28.992771,0,0,16,0,0,44454,4759,4347,6761946,16,239,80,1,40541,1,0,1,1891694,1,3676686,1,198164,1,945802,1,8978,1,52204,1,8286,4,671,4,66983,4,3337,4,3878,8,0,0,2867,192,180,1,734341,1,1383,1,5631,1,54649,2,9499,1,0,0,0,0,0,0,0,1,0,1,9570,1,6675,1,22968,1,9570,1,0,1
402,6777900,6675,9570,28.992771,0,0,16,0,0,41064,1203,3515,6736836,16,239,100,1,39709,1,90,1,2283724,1,3575315,1,180790,1,652238,1,4870,1,34569,1,5521,4,40,4,63947,4,2144,4,3687,8,0,0,2316,192,20,1,516358,1,912,1,3437,1,16082,2,4318,1,0,0,0,0,0,0,0,1,0,1,9570,1,6675,1,22968,1,9570,1,0,1
403,6492500,6675,9570,28.992771,0,0,16,0,0,86883,1403,3606,6405617,16,239,10,1,25841,1,50,1,1883318,1,3549002,1,269997,1,672067,1,5331,1,40260,1,5691,4,50,4,64649,4,2315,4,3667,8,0,0,2376,192,10,1,522650,1,1363,1,7565,1,17795,2,4649,1,0,0,0,0,0,0,0,1,0,1,9570,1,6675,1,22968,1,9570,1,0,1
404,6862200,6675,9570,28.992771,0,0,16,0,0,41347,1834,3455,6820853,16,239,80,1,26232,1,30,1,1912596,1,3752638,1,213896,1,910141,1,5240,1,39438,1,6283,4,40,4,64879,4,2275,4,3537,8,0,0,2356,192,200,1,754000,1,892,1,8918,1,23036,2,4810,1,0,0,0,0,0,0,0,1,0,1,9570,1,6675,1,22968,1,9570,1,0,1
405,6402800,6675,9570,28.992771,0,0,16,0,0,67453,1874,4078,6335347,16,239,90,1,25731,1,20,1,1899310,1,3567499,1,181601,1,654923,1,6172,1,47104,1,10140,4,60,4,83035,4,2675,4,4359,8,0,0,2956,192,20,1,473963,1,1102,1,4379,1,19298,2,6914,1,0,0,0,0,0,0,0,1,0,1,9570,1,6675,1,22968,1,9570,1,0,1
406,6194700,6675,9570,28.992771,0,0,16,0,0,36215,993,3397,6158485,16,239,100,1,38376,1,40,1,1900532,1,3495596,1,182553,1,536618,1,4669,1,33206,1,5531,4,40,4,64849,4,1863,4,3737,8,0,0,2204,192,10,1,404124,1,862,1,2415,1,14769,2,4218,1,0,0,0,0,0,0,0,1,0,1,9570,1,6675,1,22968,1,9570,1,0,1
407,6276300,6675,9570,28.992771,0,0,16,0,0,38988,1123,3827,6237312,16,239,90,1,24900,1,20,1,1952125,1,3525826,1,180239,1,549524,1,4589,1,34108,1,5571,4,40,4,64999,4,2635,4,3507,8,0,0,2315,192,10,1,407100,1,852,1,3487,1,21924,2,4168,1,0,0,0,0,0,0,0,1,0,1,9570,1,6675,1,22968,1,9570,1,0,1
408,6236300,6675,9570,28.992771,0,0,16,0,0,44098,701,3516,6192202,16,239,30,1,25761,1,70,1,1885051,1,3442350,1,183014,1,651346,1,4579,1,33837,1,5421,4,60,4,63827,4,1894,4,3848,8,0,0,2225,192,10,1,514193,1,892,1,2956,1,19138,2,4569,1,0,0,0,0,0,0,0,1,0,1,9570,1,6675,1,22968,1,9570,1,0,1
409,6756100,6675,9570,28.992771,0,0,16,0,0,45286,992,3716,6710814,16,239,110,1,32244,1,30,1,1909991,1,3767197,1,186291,1,810102,1,4850,1,36002,1,6212,4,40,4,65631,4,2394,4,3587,8,0,0,2266,192,20,1,667418,1,882,1,4319,1,17866,2,4739,1,0,0,0,0,0,0,0,1,0,1,9570,1,6675,1,22968,1,9570,1,0,1
410,6256400,6675,9570,28.992771,0,0,16,0,0,40140,692,3045,6216260,16,239,90,1,26473,1,40,1,1909069,1,3512259,1,180810,1,582820,1,4699,1,33527,1,5411,4,30,4,63777,4,1883,4,3397,8,0,0,2235,192,20,1,451138,1,872,1,2485,1,15361,2,4228,1,0,0,0,0,0,0,0,1,0,1,9570,1,6675,1,22968,1,9570,1,0,1
411,6267700,6675,9570,28.992771,0,0,16,0,0,48524,1113,3756,6219176,16,239,10,1,26713,1,20,1,1893568,1,3557038,1,181872,1,555185,1,4769,1,34559,1,5451,4,50,4,63787,4,2374,4,3828,8,0,0,2445,192,20,1,420377,1,882,1,2695,1,15872,2,4178,1,0,0,0,0,0,0,0,1,0,1,9570,1,6675,1,22968,1,9570,1,0,1
412,6213200,6675,9570,28.992771,0,0,16,0,0,40026,812,3116,6173174,16,239,20,1,25481,1,30,1,1891073,1,3483883,1,187433,1,580014,1,5240,1,33988,1,5410,4,60,4,63967,4,1904,4,3627,8,0,0,2415,192,10,1,447310,1,882,1,2455,1,15421,2,4168,1,0,0,0,0,0,0,0,1,0,1,9570,1,6675,1,22968,1,9570,1,0,1
413,6162700,6675,9570,28.992771,0,0,16,0,0,34565,772,3336,6128135,16,239,10,1,25711,1,50,1,1883588,1,3509804,1,183455,1,520927,1,4589,1,34769,1,6733,4,70,4,64468,4,1934,4,3687,8,0,0,2285,192,10,1,384405,1,892,1,3096,1,15330,2,4759,1,0,0,0,0,0,0,0,1,0,1,9570,1,6675,1,22968,1,9570,1,0,1
414,6584700,6675,9570,28.992771,0,0,16,0,0,37521,1483,3496,6547179,16,239,10,1,25040,1,110,1,1896284,1,3584844,1,188655,1,846575,1,5661,1,38577,1,5982,4,50,4,64659,4,2184,4,3627,8,0,0,2316,192,20,1,702397,1,1052,1,3757,1,18036,2,4749,1,0,0,0,0,0,0,0,1,0,1,9570,1,6675,1,22968,1,9570,1,0,1
415,6121200,6675,9570,28.992771,0,0,16,0,0,43245,792,4296,6077955,16,239,10,1,26924,1,40,1,1889280,1,3500786,1,182433,1,473733,1,4749,1,33978,1,5511,4,30,4,64358,4,1973,4,4649,8,0,0,2326,192,10,1,338293,1,862,1,2675,1,15320,2,5281,1,0,0,0,0,0,0,0,1,0,1,9570,1,6675,1,22968,1,9570,1,0,1
416,6400700,6675,9570,28.992771,0,0,16,0,0,42116,1393,3806,6358584,16,239,20,1,25220,1,40,1,1908317,1,3486919,1,180599,1,751936,1,5531,1,35060,1,5832,4,30,4,64639,4,2645,4,3437,8,0,0,2275,192,10,1,611637,1,1002,1,3507,1,18577,2,4168,1,0,0,0,0,0,0,0,1,0,1,9570,1,6675,1,22968,1,9570,1,0,1
417,6125400,6675,9570,28.992771,0,0,16,0,0,69299,731,3185,6056101,16,239,20,1,25501,1,70,1,1888819,1,3496869,1,183796,1,456288,1,4739,1,34148,1,5431,4,21,4,63637,4,2345,4,3487,8,0,0,2647,192,20,1,321610,1,862,1,5040,1,14769,2,4188,1,0,0,0,0,0,0,0,1,0,1,9570,1,6675,1,22968,1,9570,1,0,1
418,6218100,6675,9570,28.992771,0,0,16,0,0,49144,952,3556,6168956,16,239,40,1,25651,1,130,1,1890101,1,3510636,1,182864,1,554604,1,4930,1,33146,1,5461,4,40,4,63677,4,2054,4,3798,8,0,0,2295,192,10,1,422350,1,862,1,3046,1,15030,2,4178,1,0,0,0,0,0,0,0,1,0,1,9570,1,6675,1,22968,1,9570,1,0,1
419,5990700,6675,9570,28.992771,0,0,16,0,0,36461,732,3136,5954239,16,239,160,1,26543,1,30,1,1887827,1,3471268,1,184357,1,379465,1,4589,1,33176,1,5431,4,40,4,63586,4,1784,4,3467,8,0,0,2115,192,10,1,249707,1,862,1,2265,1,14238,2,4168,1,0,0,0,0,0,0,0,1,0,1,9570,1,6675,1,22968,1,9570,1,0,1
420,6542100,6675,9570,28.992771,0,0,16,0,0,38548,1062,3287,6503552,16,239,40,1,25741,1,70,1,1892746,1,3573682,1,181862,1,824561,1,4850,1,35270,1,5681,4,150,4,64659,4,1994,4,3647,8,0,0,2355,192,120,1,685664,1,1002,1,3026,1,18106,2,4178,1,0,0,0,0,0,0,0,1,0,1,9570,1,6675,1,22968,1,9570,1,0,1
421,6665800,6675,9570,28.992771,0,0,16,0,0,43261,1744,3716,6622539,16,239,60,1,25140,1,60,1,2158435,1,3665143,1,177122,1,591347,1,5230,1,34308,1,5561,4,70,4,63777,4,2655,4,3457,8,0,0,2396,192,20,1,455216,1,872,1,3126,1,16052,2,4489,1,0,0,0,0,0,0,0,1,0,1,9570,1,6675,1,22968,1,9570,1,0,1
422,6365400,6675,9570,28.992771,0,0,16,0,0,54191,1303,3436,6311209,16,239,180,1,31833,1,80,1,2003838,1,3497350,1,179197,1,593982,1,4749,1,34178,1,5501,4,60,4,63787,4,2244,4,3477,8,0,0,2286,192,10,1,460306,1,872,1,2655,1,15220,2,4369,1,0,0,0,0,0,0,0,1,0,1,9570,1,6675,1,22968,1,9570,1,0,1
423,6241900,6675,9570,28.992771,0,0,16,0,0,46181,1012,3415,6195719,16,239,30,1,25621,1,100,1,1885232,1,3556016,1,181752,1,542279,1,4689,1,34068,1,5501,4,40,4,66993,4,2024,4,3527,8,0,0,2136,192,10,1,404786,1,882,1,2645,1,15932,2,4860,1,0,0,0,0,0,0,0,1,0,1,9570,1,6675,1,22968,1,9570,1,0,1
424,6146900,6675,9570,28.992771,0,0,16,0,0,35358,762,3716,6111542,16,239,30,1,25350,1,80,1,1891233,1,3495636,1,180880,1,513742,1,4589,1,32996,1,5401,4,50,4,63647,4,1894,4,4128,8,0,0,2305,192,20,1,382591,1,852,1,2425,1,14779,2,4198,1,0,0,0,0,0,0,0,1,0,1,9570,1,6675,1,22968,1,9570,1,0,1
425,6826600,6675,9570,28.992771,0,0,16,0,0,63873,1443,3257,6762727,16,239,30,1,24880,1,50,1,1888749,1,3726115,1,260659,1,855272,1,6974,1,47996,1,12104,4,40,4,81372,4,2265,4,3717,8,0,0,2725,192,601,1,669122,1,1172,1,4218,1,23437,2,7785,1,0,0,0,0,0,0,0,1,0,1,9570,1,6675,1,22968,1,9570,1,0,1
426,6478200,6675,9570,28.992771,0,0,16,0,0,36571,1402,3396,6441629,16,239,30,1,32645,1,30,1,1896354,1,3559613,1,248104,1,699402,1,5451,1,42915,1,10671,4,21,4,76472,4,2164,4,3657,8,0,0,2426,192,20,1,537019,1,922,1,3938,1,15832,2,4369,1,0,0,0,0,0,0,0,1,0,1,9570,1,6675,1,22968,1,9570,1,0,1
427,6045200,6675,9570,28.992771,0,0,16,0,0,37906,712,3505,6007294,16,239,20,1,26543,1,40,1,1882276,1,3503943,1,180870,1,408944,1,4659,1,33156,1,5391,4,50,4,63717,4,1883,4,3737,8,0,0,2116,192,10,1,278614,1,862,1,2445,1,14178,2,4188,1,0,0,0,0,0,0,0,1,0,1,9570,1,6675,1,22968,1,9570,1,0,1
428,6378700,6675,9570,28.992771,0,0,16,0,0,59625,2215,4549,6319075,16,239,40,1,24900,1,20,1,1908217,1,3502520,1,203395,1,675083,1,4900,1,39739,1,5371,4,70,4,64739,4,2936,4,4299,8,0,0,2685,192,10,1,526197,1,932,1,3918,1,20371,2,4289,1,0,0,0,0,0,0,0,1,0,1,9570,1,6675,1,22968,1,9570,1,0,1
429,6132200,6675,9570,28.992771,0,0,16,0,0,37271,742,3225,6094929,16,239,140,1,25120,1,10,1,1920432,1,3514794,1,215519,1,414335,1,4579,1,33046,1,5441,4,30,4,63566,4,1924,4,3487,8,0,0,2186,192,20,1,283955,1,862,1,2565,1,14549,2,4148,1,0,0,0,0,0,0,0,1,0,1,9570,1,6675,1,22968,1,9570,1,0,1
430,7447400,6675,9570,28.992771,0,0,16,0,0,41933,1463,3767,7405467,16,239,20,1,24659,1,30,1,1896704,1,3634182,1,290448,1,1552960,1,6463,1,57785,1,6222,4,40,4,64498,4,2605,4,3707,8,0,0,2546,192,140,1,1378744,1,922,1,4218,1,26022,2,6593,1,0,0,0,0,0,0,0,1,0,1,9570,1,6675,1,22968,1,9570,1,0,1
431,6965500,6675,9570,28.992771,0,0,16,0,0,40048,803,3355,6925452,16,239,200,1,26503,1,250,1,2470276,1,3699632,1,180569,1,543301,1,4719,1,34388,1,5651,4,40,4,63927,4,2004,4,3567,8,0,0,2216,192,10,1,408773,1,862,1,2986,1,16032,2,4258,1,0,0,0,0,0,0,0,1,0,1,9570,1,6675,1,22968,1,9570,1,0,1
432,6370000,6675,9570,28.992771,0,0,16,0,0,36336,741,3086,6333664,16,239,20,1,25090,1,30,1,1893338,1,3512450,1,187203,1,710814,1,4719,1,33717,1,6313,4,40,4,64118,4,2034,4,3427,8,0,0,2375,192,10,1,576317,1,862,1,3347,1,15771,2,4118,1,0,0,0,0,0,0,0,1,0,1,9570,1,6675,1,22968,1,9570,1,0,1
433,6120600,6675,9570,28.992771,0,0,16,0,0,46142,2034,3265,6074458,16,239,50,1,26052,1,10,1,1892656,1,3504885,1,183876,1,462290,1,4639,1,35040,1,5501,4,30,4,63496,4,2074,4,3407,8,0,0,2216,192,10,1,328363,1,862,1,2435,1,14799,2,4238,1,0,0,0,0,0,0,0,1,0,1,9570,1,6675,1,22968,1,9570,1,0,1
434,6196700,6675,9570,28.992771,0,0,16,0,0,38315,711,3726,6158385,16,239,10,1,27164,1,20,1,1890793,1,3488162,1,183645,1,563972,1,4619,1,33958,1,5551,4,50,4,64328,4,2505,4,3467,8,0,0,2246,192,10,1,430677,1,862,1,2946,1,14258,2,4649,1,0,0,0,0,0,0,0,1,0,1,9570,1,6675,1,22968,1,9570,1,0,1
435,6598500,6675,9570,28.992771,0,0,16,0,0,73826,2224,4198,6524674,16,239,30,1,24559,1,60,1,1890422,1,3571928,1,262993,1,768289,1,6393,1,44208,1,10060,4,40,4,82113,4,2956,4,4319,8,0,0,3076,192,20,1,590094,1,1112,1,3778,1,20421,2,6944,1,0,0,0,0,0,0,0,1,0,1,9570,1,6675,1,22968,1,9570,1,0,1
436,6753000,6675,9570,28.992771,0,0,16,0,0,44771,1003,4248,6708229,16,239,200,1,31292,1,311,1,2100029,1,3598040,1,180469,1,793088,1,4800,1,35781,1,5471,4,40,4,64177,4,2555,4,3917,8,0,0,2225,192,391,1,655224,1,882,1,2755,1,16693,2,4198,1,0,0,0,0,0,0,0,1,0,1,9570,1,6675,1,22968,1,9570,1,0,1
437,6150800,6675,9570,28.992771,0,0,16,0,0,39699,882,3876,6111101,16,239,291,1,25431,1,40,1,1889871,1,3490867,1,183635,1,516297,1,4669,1,34930,1,5431,4,140,4,64568,4,1944,4,4128,8,0,0,2196,192,10,1,381118,1,862,1,2705,1,14930,2,4649,1,0,0,0,0,0,0,0,1,0,1,9570,1,6675,1,22968,1,9570,1,0,1
438,6204700,6675,9570,28.992771,0,0,16,0,0,38299,1252,3355,6166401,16,239,40,1,26172,1,50,1,1884129,1,3469725,1,180078,1,601617,1,4589,1,34088,1,5391,4,30,4,64348,4,2074,4,3497,8,0,0,2215,192,20,1,467510,1,862,1,2625,1,15621,2,4299,1,0,0,0,0,0,0,0,1,0,1,9570,1,6675,1,22968,1,9570,1,0,1
439,6094800,6675,9570,28.992771,0,0,16,0,0,38709,802,4379,6056091,16,239,80,1,25421,1,90,1,1889250,1,3477700,1,183525,1,475466,1,4559,1,34368,1,5451,4,40,4,64328,4,1994,4,4639,8,0,0,2254,192,10,1,340598,1,892,1,3337,1,14679,2,4329,1,0,0,0,0,0,0,0,1,0,1,9570,1,6675,1,22968,1,9570,1,0,1
440,6649600,6675,9570,28.992771,0,0,16,0,0,70007,1834,3495,6579593,16,239,40,1,25220,1,30,1,1896774,1,3680434,1,196922,1,774892,1,5281,1,35280,1,5701,4,40,4,63787,4,2625,4,3557,8,0,0,2687,192,70,1,636206,1,932,1,3016,1,17324,2,4519,1,0,0,0,0,0,0,0,1,0,1,9570,1,6675,1,22968,1,9570,1,0,1
441,6974600,6675,9570,28.992771,0,0,16,0,0,50932,1803,4048,6923668,16,239,421,1,31523,1,180,1,2086943,1,3815863,1,208014,1,775173,1,5551,1,38316,1,9238,4,151,4,69879,4,2976,4,3497,8,0,0,2425,192,471,1,619813,1,882,1,3467,1,18447,2,6232,1,0,0,0,0,0,0,0,1,0,1,9570,1,6675,1,22968,1,9570,1,0,1
442,6340100,6675,9570,28.992771,0,0,16,0,0,41777,1022,3977,6298323,16,239,110,1,25922,1,30,1,1897666,1,3515265,1,201070,1,653490,1,4769,1,35310,1,8407,4,30,4,66853,4,2164,4,4108,8,0,0,2295,192,0,1,511758,1,852,1,3106,1,15020,2,4860,1,0,0,0,0,0,0,0,1,0,1,9570,1,6675,1,22968,1,9570,1,0,1
443,6022800,6675,9570,28.992771,0,0,16,0,0,37570,731,3356,5985230,16,239,70,1,26202,1,20,1,1887576,1,3500957,1,180028,1,385708,1,4669,1,33276,1,5611,4,30,4,63727,4,1914,4,3637,8,0,0,2195,192,20,1,254286,1,862,1,2535,1,14860,2,4218,1,0,0,0,0,0,0,0,1,0,1,9570,1,6675,1,22968,1,9570,1,0,1
444,6362200,6675,9570,28.992771,0,0,16,0,0,64508,972,3586,6297692,16,239,10,1,25370,1,50,1,1907225,1,3476548,1,188315,1,695213,1,4960,1,34188,1,5391,4,30,4,64288,4,2415,4,3828,8,0,0,2656,192,10,1,559083,1,852,1,3307,1,16653,2,4198,1,0,0,0,0,0,0,0,1,0,1,9570,1,6675,1,22968,1,9570,1,0,1
445,6356600,6675,9570,28.992771,0,0,16,0,0,39038,852,3256,6317562,16,239,40,1,25010,1,40,1,2005651,1,3543892,1,191200,1,546988,1,4739,1,33386,1,5511,4,60,4,63777,4,1974,4,3507,8,0,0,2225,192,10,1,410317,1,862,1,2435,1,20090,2,4208,1,0,0,0,0,0,0,0,1,0,1,9570,1,6675,1,22968,1,9570,1,0,1
446,6995600,6675,9570,28.992771,0,0,16,0,0,42514,1593,3666,6953086,16,239,10,1,25381,1,40,1,1903798,1,3711997,1,183355,1,1122915,1,5591,1,36923,1,5701,4,30,4,64388,4,2334,4,3547,8,0,0,2216,192,391,1,972084,1,1162,1,5391,1,24689,2,4679,1,0,0,0,0,0,0,0,1,0,1,9570,1,6675,1,22968,1,9570,1,0,1
447,6849500,6675,9570,28.992771,0,0,16,0,0,44228,1273,3807,6805272,16,239,120,1,26072,1,30,1,2168235,1,3598030,1,190840,1,816425,1,5521,1,34909,1,5571,4,60,4,64148,4,2194,4,3978,8,0,0,2366,192,70,1,675725,1,972,1,2735,1,20100,2,4689,1,0,0,0,0,0,0,0,1,0,1,9570,1,6675,1,22968,1,9570,1,0,1
448,6345400,6675,9570,28.992771,0,0,16,0,0,39091,822,3386,6306309,16,239,281,1,25591,1,30,1,1892316,1,3513752,1,226892,1,642659,1,4790,1,34268,1,5371,4,60,4,65200,4,1944,4,3737,8,0,0,2295,192,10,1,504073,1,852,1,6493,1,15571,2,4258,1,0,0,0,0,0,0,0,1,0,1,9570,1,6675,1,22968,1,9570,1,0,1
449,6263500,6675,9570,28.992771,0,0,16,0,0,40586,762,3336,6222914,16,239,40,1,25360,1,30,1,1888528,1,3503432,1,182643,1,617529,1,5351,1,34408,1,5641,4,40,4,64088,4,2084,4,3637,8,0,0,2385,192,10,1,482951,1,872,1,2535,1,16343,2,4158,1,0,0,0,0,0,0,0,1,0,1,9570,1,6675,1,22968,1,9570,1,0,1
450,6199700,6675,9570,28.992771,0,0,16,0,0,37317,782,3986,6162383,16,239,10,1,25651,1,30,1,1896103,1,3485406,1,180319,1,570235,1,4629,1,33948,1,5401,4,40,4,63957,4,2525,4,3647,8,0,0,2186,192,10,1,437050,1,852,1,3267,1,14569,2,4188,1,0,0,0,0,0,0,0,1,0,1,9570,1,6675,1,22968,1,9570,1,0,1
451,6318300,6675,9570,28.992771,0,0,16,0,0,39185,902,3295,6279115,16,239,10,1,25030,1,40,1,1907336,1,3507700,1,193495,1,640645,1,4860,1,35591,1,5621,4,30,4,64047,4,2004,4,3467,8,0,0,2176,192,10,1,503552,1,852,1,4118,1,15971,2,4479,1,0,0,0,0,0,0,0,1,0,1,9570,1,6675,1,22968,1,9570,1,0,1
452,6434300,6675,9570,28.992771,0,0,16,0,0,38172,1323,3166,6396128,16,239,100,1,26342,1,20,1,1903628,1,3547680,1,181561,1,731546,1,5250,1,34619,1,5571,4,40,4,64729,4,2014,4,3457,8,0,0,2305,192,20,1,593401,1,962,1,2615,1,17495,2,5301,1,0,0,0,0,0,0,0,1,0,1,9570,1,6675,1,22968,1,9570,1,0,1
453,6077200,6675,9570,28.992771,0,0,16,0,0,37481,832,3675,6039719,16,239,10,1,26162,1,70,1,1885712,1,3471328,1,180660,1,471198,1,4579,1,33917,1,5471,4,40,4,63917,4,1984,4,3868,8,0,0,2176,192,20,1,337321,1,852,1,2695,1,15912,2,4369,1,0,0,0,0,0,0,0,1,0,1,9570,1,6675,1,22968,1,9570,1,0,1
454,6280700,6675,9570,28.992771,0,0,16,0,0,35422,1163,3906,6245278,16,239,30,1,25521,1,30,1,1912726,1,3482680,1,185339,1,634362,1,4589,1,34198,1,5441,4,40,4,65671,4,1974,4,4138,8,0,0,2206,192,20,1,497901,1,842,1,2595,1,16182,2,4198,1,0,0,0,0,0,0,0,1,0,1,9570,1,6675,1,22968,1,9570,1,0,1
455,6139400,6675,9570,28.992771,0,0,16,0,0,36135,883,3275,6103265,16,239,100,1,25671,1,90,1,1888558,1,3478723,1,204587,1,500937,1,4599,1,34559,1,7936,4,40,4,68136,4,1983,4,3517,8,0,0,2225,192,10,1,360487,1,1102,1,2585,1,15541,2,4158,1,0,0,0,0,0,0,0,1,0,1,9570,1,6675,1,22968,1,9570,1,0,1
456,7457800,6675,9570,28.992771,0,0,16,0,0,48215,1513,3827,7409585,16,239,40,1,25821,1,60,1,1887837,1,3717137,1,187142,1,1585786,1,5761,1,38166,1,6713,4,40,4,64769,4,2695,4,3567,8,0,0,2435,192,20,1,1433683,1,1022,1,3377,1,25591,2,4629,1,0,0,0,0,0,0,0,1,0,1,9570,1,6675,1,22968,1,9570,1,0,1
457,6653000,6675,9570,28.992771,0,0,16,0,0,39329,1303,3526,6613671,16,239,160,1,37645,1,100,1,1938157,1,3732477,1,208284,1,691867,1,4980,1,36703,1,8838,4,50,4,67464,4,2104,4,3757,8,0,0,2336,192,30,1,543732,1,882,1,3056,1,18707,2,5240,1,0,0,0,0,0,0,0,1,0,1,9570,1,6675,1,22968,1,9570,1,0,1
458,6407600,6675,9570,28.992771,0,0,16,0,0,42013,832,3395,6365587,16,239,10,1,26352,1,40,1,1937205,1,3528021,1,201701,1,667208,1,5050,1,35350,1,8497,4,21,4,66733,4,2094,4,3647,8,0,0,2346,192,20,1,524624,1,842,1,3687,1,15110,2,5751,1,0,0,0,0,0,0,0,1,0,1,9570,1,6675,1,22968,1,9570,1,0,1
459,6063200,6675,9570,28.992771,0,0,16,0,0,39243,1082,3236,6023957,16,239,20,1,26322,1,30,1,1898378,1,3481668,1,183645,1,429234,1,4659,1,33917,1,5541,4,40,4,65320,4,1954,4,3537,8,0,0,2255,192,10,1,294626,1,852,1,2505,1,14749,2,5100,1,0,0,0,0,0,0,0,1,0,1,9570,1,6675,1,22968,1,9570,1,0,1
460,6226800,6675,9570,28.992771,0,0,16,0,0,39969,882,3426,6186831,16,239,40,1,25180,1,40,1,1895201,1,3459735,1,187573,1,614343,1,4719,1,34098,1,5521,4,40,4,64148,4,2214,4,3447,8,0,0,2235,192,10,1,479805,1,852,1,3457,1,15461,2,4409,1,0,0,0,0,0,0,0,1,0,1,9570,1,6675,1,22968,1,9570,1,0,1
461,6033000,6675,9570,28.992771,0,0,16,0,0,41176,802,3716,5991824,16,239,20,1,26352,1,40,1,1888809,1,3455907,1,181010,1,435076,1,4609,1,33497,1,5551,4,40,4,64368,4,2405,4,3517,8,0,0,2205,192,10,1,302151,1,1222,1,2675,1,14659,2,4178,1,0,0,0,0,0,0,0,1,0,1,9570,1,6675,1,22968,1,9570,1,0,1
462,7201300,6675,9570,28.992771,0,0,16,0,0,52675,1323,3676,7148625,16,239,291,1,32685,1,70,1,2203455,1,3712167,1,178295,1,1015120,1,6543,1,35621,1,5581,4,60,4,63536,4,2675,4,3547,8,0,0,2546,192,170,1,866845,1,952,1,3627,1,26112,2,5070,1,0,0,0,0,0,0,0,1,0,1,9570,1,6675,1,22968,1,9570,1,0,1
463,6569200,6675,9570,28.992771,0,0,16,0,0,50789,1072,3306,6518411,16,239,371,1,35891,1,80,1,2251971,1,3550856,1,180098,1,494484,1,4659,1,33517,1,5641,4,40,4,63496,4,2194,4,3477,8,0,0,2365,192,10,1,361169,1,842,1,2735,1,15972,2,4319,1,0,0,0,0,0,0,0,1,0,1,9570,1,6675,1,22968,1,9570,1,0,1
464,6608500,6675,9570,28.992771,0,0,16,0,0,42143,1213,3915,6566357,16,239,30,1,25250,1,30,1,1900071,1,3589874,1,181842,1,863999,1,5260,1,38186,1,6052,4,40,4,65150,4,2695,4,3517,8,0,0,2296,192,10,1,719291,1,852,1,2936,1,19609,2,4449,1,0,0,0,0,0,0,0,1,0,1,9570,1,6675,1,22968,1,9570,1,0,1
465,6270700,6675,9570,28.992771,0,0,16,0,0,41915,892,3386,6228785,16,239,471,1,32244,1,80,1,1935151,1,3554664,1,181100,1,520285,1,4790,1,34168,1,5461,4,50,4,64849,4,2084,4,3527,8,0,0,2225,192,10,1,386058,1,862,1,2776,1,15220,2,4329,1,0,0,0,0,0,0,0,1,0,1,9570,1,6675,1,22968,1,9570,1,0,1
466,6276700,6675,9570,28.992771,0,0,16,0,0,38015,1382,3296,6238685,16,239,60,1,25130,1,50,1,1907626,1,3534924,1,180138,1,586096,1,4659,1,33978,1,5501,4,21,4,64037,4,1924,4,3587,8,0,0,2215,192,10,1,452711,1,852,1,2565,1,15200,2,4329,1,0,0,0,0,0,0,0,1,0,1,9570,1,6675,1,22968,1,9570,1,0,1
467,6562000,6675,9570,28.992771,0,0,16,0,0,41855,881,3506,6520145,16,239,40,1,25411,1,50,1,1893458,1,3642548,1,209176,1,744441,1,5020,1,37254,1,6112,4,50,4,65140,4,2074,4,3667,8,0,0,2235,192,90,1,600485,1,1072,1,4790,1,18286,2,4539,1,0,0,0,0,0,0,0,1,0,1,9570,1,6675,1,22968,1,9570,1,0,1
468,6951400,6675,9570,28.992771,0,0,16,0,0,42742,751,3376,6908658,16,239,40,1,26533,1,50,1,1903007,1,3597629,1,183926,1,1192283,1,5190,1,34228,1,5701,4,30,4,64388,4,1954,4,3657,8,0,0,2235,192,80,1,1052845,1,892,1,2635,1,19649,2,5471,1,0,0,0,0,0,0,0,1,0,1,9570,1,6675,1,22968,1,9570,1,0,1
469,6955900,6675,9570,28.992771,0,0,16,0,0,49106,1263,3586,6906794,16,239,130,1,26783,1,200,1,1900602,1,3909710,1,188846,1,874871,1,5651,1,36903,1,6763,4,40,4,64899,4,2144,4,3798,8,0,0,2356,192,90,1,726265,1,1102,1,3036,1,23457,2,5110,1,0,0,0,0,0,0,0,1,0,1,9570,1,6675,1,22968,1,9570,1,0,1
470,7049200,6675,9570,28.992771,0,0,16,0,0,66735,1743,3466,6982465,16,239,90,1,27996,1,210,1,1912937,1,3838408,1,190830,1,1006493,1,5501,1,38226,1,5992,4,50,4,64619,4,2375,4,3607,8,0,0,2516,192,10,1,857526,1,1002,1,3798,1,22705,2,4840,1,0,0,0,0,0,0,0,1,0,1,9570,1,6675,1,22968,1,9570,1,0,1
471,6238700,6675,9570,28.992771,0,0,16,0,0,38792,832,3596,6199908,16,239,210,1,27004,1,30,1,1899330,1,3603100,1,181090,1,484414,1,4729,1,33978,1,5381,4,40,4,63717,4,2404,4,3627,8,0,0,2435,192,10,1,349355,1,852,1,3617,1,15882,2,4719,1,0,0,0,0,0,0,0,1,0,1,9570,1,6675,1,22968,1,9570,1,0,1
472,6635400,6675,9570,28.992771,0,0,16,0,0,55486,1544,3666,6579914,16,239,40,1,32645,1,70,1,1890773,1,3605835,1,189627,1,855603,1,5321,1,37254,1,6262,4,40,4,64388,4,2595,4,3667,8,0,0,2596,192,10,1,713059,1,1062,1,3577,1,17425,2,4719,1,0,0,0,0,0,0,0,1,0,1,9570,1,6675,1,22968,1,9570,1,0,1
473,6323400,6675,9570,28.992771,0,0,16,0,0,39375,811,3858,6284025,16,239,30,1,27044,1,20,1,1900772,1,3587209,1,202864,1,561207,1,4880,1,36422,1,8457,4,30,4,67655,4,2114,4,4238,8,0,0,2495,192,10,1,415577,1,932,1,4659,1,15832,2,4469,1,0,0,0,0,0,0,0,1,0,1,9570,1,6675,1,22968,1,9570,1,0,1
474,6310400,6675,9570,28.992771,0,0,16,0,0,40293,1042,3868,6270107,16,239,100,1,25771,1,40,1,1908758,1,3499885,1,191180,1,639462,1,4910,1,34418,1,7896,4,30,4,66061,4,2495,4,3607,8,0,0,2234,192,10,1,500676,1,902,1,2856,1,15270,2,4198,1,0,0,0,0,0,0,0,1,0,1,9570,1,6675,1,22968,1,9570,1,0,1
475,6107700,6675,9570,28.992771,0,0,16,0,0,38643,762,3386,6069057,16,239,20,1,25711,1,30,1,1890412,1,3501949,1,200579,1,445416,1,4940,1,35320,1,8457,4,60,4,67104,4,1994,4,3707,8,0,0,2315,192,10,1,303734,1,872,1,2776,1,14930,2,5691,1,0,0,0,0,0,0,0,1,0,1,9570,1,6675,1,22968,1,9570,1,0,1
476,6262600,6675,9570,28.992771,0,0,16,0,0,38414,991,3536,6224186,16,239,20,1,26393,1,100,1,1893067,1,3497450,1,194106,1,608371,1,4679,1,34328,1,5571,4,21,4,66793,4,2114,4,3707,8,0,0,2285,192,10,1,471178,1,862,1,2766,1,15310,2,4719,1,0,0,0,0,0,0,0,1,0,1,9570,1,6675,1,22968,1,9570,1,0,1
477,6826600,6675,9570,28.992771,0,0,16,0,0,69063,1764,4880,6757537,16,239,20,1,26453,1,30,1,1893658,1,3477610,1,204246,1,1149187,1,6333,1,55390,1,10311,4,60,4,86903,4,4319,4,4299,8,0,0,3737,192,10,1,946283,1,1212,1,3417,1,27845,2,7375,1,0,0,0,0,0,0,0,1,0,1,9570,1,6675,1,22968,1,9570,1,0,1
478,7254600,6675,9570,28.992771,0,0,16,0,0,40544,1453,3366,7214056,16,239,521,1,64158,1,90,1,2127674,1,3791695,1,182814,1,1042034,1,5070,1,37024,1,5982,4,50,4,65170,4,2415,4,3447,8,0,0,2495,192,110,1,896754,1,892,1,3126,1,19930,2,5681,1,0,0,0,0,0,0,0,1,0,1,9570,1,6675,1,22968,1,9570,1,0,1
479,6222200,6675,9570,28.992771,0,0,16,0,0,35829,742,3487,6186371,16,239,100,1,26012,1,70,1,1893989,1,3589192,1,185359,1,486899,1,4749,1,35841,1,5481,4,50,4,64749,4,2104,4,3667,8,0,0,2285,192,10,1,350337,1,852,1,3226,1,15591,2,4248,1,0,0,0,0,0,0,0,1,0,1,9570,1,6675,1,22968,1,9570,1,0,1
480,6295600,6675,9570,28.992771,0,0,16,0,0,41414,812,3496,6254186,16,239,100,1,25681,1,40,1,1919470,1,3457701,1,262052,1,584263,1,4880,1,34378,1,5411,4,60,4,63997,4,2274,4,3407,8,0,0,2185,192,10,1,449454,1,862,1,4589,1,14799,2,4208,1,0,0,0,0,0,0,0,1,0,1,9570,1,6675,1,22968,1,9570,1,0,1
481,6061200,6675,9570,28.992771,0,0,16,0,0,36050,922,3235,6025150,16,239,50,1,25170,1,70,1,1938878,1,3488702,1,184337,1,383333,1,4609,1,33086,1,5441,4,40,4,63617,4,1843,4,3547,8,0,0,2155,192,10,1,236571,1,1633,1,3236,1,28607,2,4780,1,0,0,0,0,0,0,0,1,0,1,9570,1,6675,1,22968,1,9570,1,0,1
482,6182200,6675,9570,28.992771,0,0,16,0,0,39887,1093,3436,6142313,16,239,50,1,24439,1,20,1,1903969,1,3456899,1,182263,1,570084,1,4589,1,33437,1,5361,4,170,4,63346,4,2174,4,3446,8,0,0,2185,192,20,1,438172,1,862,1,2285,1,15511,2,4208,1,0,0,0,0,0,0,0,1,0,1,9570,1,6675,1,22968,1,9570,1,0,1
483,6798600,6675,9570,28.992771,0,0,16,0,0,42906,1674,3185,6755694,16,239,30,1,24599,1,70,1,1890702,1,3863969,1,189126,1,781225,1,5972,1,36783,1,6874,4,301,4,65049,4,2214,4,3497,8,0,0,2526,192,100,1,637078,1,1032,1,3076,1,18607,2,4940,1,0,0,0,0,0,0,0,1,0,1,9570,1,6675,1,22968,1,9570,1,0,1
484,6529600,6675,9570,28.992771,0,0,16,0,0,53062,1092,4098,6476538,16,239,110,1,26192,1,70,1,1904039,1,3622459,1,228625,1,689873,1,5170,1,34318,1,5351,4,40,4,64879,4,2164,4,4258,8,0,0,2325,192,70,1,550255,1,922,1,6413,1,15451,2,4659,1,0,0,0,0,0,0,0,1,0,1,9570,1,6675,1,22968,1,9570,1,0,1
485,6342400,6675,9570,28.992771,0,0,16,0,0,40439,1042,3546,6301961,16,239,230,1,25741,1,70,1,1901153,1,3590375,1,181992,1,597509,1,4890,1,35360,1,5591,4,40,4,65029,4,2204,4,3607,8,0,0,2265,192,90,1,460226,1,902,1,2745,1,16242,2,4429,1,0,0,0,0,0,0,0,1,0,1,9570,1,6675,1,22968,1,9570,1,0,1
486,6280900,6675,9570,28.992771,0,0,16,0,0,37386,1352,3776,6243514,16,239,10,1,26182,1,30,1,1906574,1,3506327,1,182082,1,617359,1,4950,1,34378,1,5511,4,21,4,67615,4,1884,4,4088,8,0,0,2196,192,20,1,478993,1,982,1,2575,1,15371,2,4569,1,0,0,0,0,0,0,0,1,0,1,9570,1,6675,1,22968,1,9570,1,0,1
487,6062900,6675,9570,28.992771,0,0,16,0,0,39263,892,3295,6023637,16,239,30,1,25481,1,40,1,1899841,1,3515325,1,184006,1,394144,1,4769,1,33737,1,5471,4,60,4,64118,4,2044,4,3467,8,0,0,2216,192,10,1,262342,1,862,1,2315,1,14629,2,4198,1,0,0,0,0,0,0,0,1,0,1,9570,1,6675,1,22968,1,9570,1,0,1
488,6658100,6675,9570,28.992771,0,0,16,0,0,43237,1413,3726,6614863,16,239,20,1,26262,1,40,1,1917005,1,3593962,1,203345,1,868388,1,5842,1,36262,1,6272,4,100,4,64889,4,2335,4,3798,8,0,0,2406,192,100,1,724351,1,992,1,3036,1,20170,2,4669,1,0,0,0,0,0,0,0,1,0,1,9570,1,6675,1,22968,1,9570,1,0,1
489,6333900,6675,9570,28.992771,0,0,16,0,0,38943,942,3376,6294957,16,239,60,1,26673,1,40,1,1898849,1,3588932,1,206571,1,569042,1,4790,1,36172,1,8497,4,40,4,67194,4,2204,4,3537,8,0,0,2365,192,10,1,425356,1,912,1,3116,1,16663,2,4399,1,0,0,0,0,0,0,0,1,0,1,9570,1,6675,1,22968,1,9570,1,0,1
490,6358600,6675,9570,28.992771,0,0,16,0,0,40277,892,3246,6318323,16,239,70,1,25992,1,40,1,1911724,1,3553161,1,184277,1,638260,1,4800,1,35591,1,8457,4,60,4,67935,4,1974,4,3457,8,0,0,2185,192,100,1,493913,1,862,1,2976,1,16383,2,5661,1,0,0,0,0,0,0,0,1,0,1,9570,1,6675,1,22968,1,9570,1,0,1
491,6102800,6675,9570,28.992771,0,0,16,0,0,38943,982,3656,6063857,16,239,20,1,25892,1,30,1,1900251,1,3520105,1,199617,1,413292,1,4649,1,33667,1,5551,4,50,4,64098,4,2405,4,3497,8,0,0,2246,192,20,1,279756,1,862,1,3357,1,14769,2,4279,1,0,0,0,0,0,0,0,1,0,1,9570,1,6675,1,22968,1,9570,1,0,1
492,6478300,6675,9570,28.992771,0,0,16,0,0,52363,1223,3406,6425937,16,239,40,1,25010,1,20,1,1907997,1,3492720,1,185018,1,810222,1,4910,1,35000,1,5461,4,40,4,64258,4,1923,4,4008,8,0,0,2525,192,10,1,665574,1,1443,1,5110,1,17174,2,8998,1,0,0,0,0,0,0,0,1,0,1,9570,1,6675,1,22968,1,9570,1,0,1
493,6637700,6675,9570,28.992771,0,0,16,0,0,62395,1323,3837,6575305,16,239,20,1,25120,1,40,1,1899009,1,3555165,1,376339,1,714612,1,5000,1,47234,1,5471,4,50,4,64799,4,2565,4,3617,8,0,0,2345,192,10,1,554043,1,872,1,13707,1,16703,2,4218,1,0,0,0,0,0,0,0,1,0,1,9570,1,6675,1,22968,1,9570,1,0,1
494,6716200,6675,9570,28.992771,0,0,16,0,0,39333,1463,3747,6676867,16,239,30,1,26593,1,40,1,1907826,1,3645575,1,184497,1,907536,1,4769,1,34839,1,5451,4,40,4,64428,4,2124,4,3908,8,0,0,2285,192,20,1,756565,1,862,1,2555,1,27705,2,7575,1,0,0,0,0,0,0,0,1,0,1,9570,1,6675,1,22968,1,9570,1,0,1
495,6354300,6675,9570,28.992771,0,0,16,0,0,38001,1263,3275,6316299,16,239,60,1,27324,1,70,1,1903348,1,3544914,1,194086,1,641186,1,5311,1,35250,1,5521,4,40,4,64128,4,2204,4,3447,8,0,0,2376,192,80,1,505255,1,872,1,2545,1,16192,2,4389,1,0,0,0,0,0,0,0,1,0,1,9570,1,6675,1,22968,1,9570,1,0,1
496,6195300,6675,9570,28.992771,0,0,16,0,0,38649,782,3637,6156651,16,239,150,1,26533,1,70,1,1907826,1,3498452,1,182353,1,536618,1,4649,1,33707,1,5471,4,40,4,65851,4,2315,4,3547,8,0,0,2224,192,10,1,402431,1,852,1,2515,1,14960,2,4138,1,0,0,0,0,0,0,0,1,0,1,9570,1,6675,1,22968,1,9570,1,0,1
497,6029500,6675,9570,28.992771,0,0,16,0,0,34821,802,3106,5994679,16,239,20,1,24669,1,30,1,1908237,1,3484835,1,180429,1,391750,1,4709,1,33256,1,5461,4,30,4,63927,4,2295,4,3457,8,0,0,2646,192,10,1,260138,1,862,1,2545,1,14839,2,4128,1,0,0,0,0,0,0,0,1,0,1,9570,1,6675,1,22968,1,9570,1,0,1
498,6252100,6675,9570,28.992771,0,0,16,0,0,35730,1423,3036,6216370,16,239,60,1,24729,1,30,1,1891544,1,3477520,1,182924,1,634302,1,5260,1,34589,1,5401,4,40,4,63737,4,1914,4,3417,8,0,0,2295,192,20,1,500296,1,902,1,2435,1,15832,2,4299,1,0,0,0,0,0,0,0,1,0,1,9570,1,6675,1,22968,1,9570,1,0,1
499,6549000,6675,9570,28.992771,0,0,16,0,0,38935,1272,3505,6510065,16,239,20,1,25040,1,30,1,1887907,1,3652077,1,185820,1,754181,1,4990,1,36693,1,6563,4,141,4,66011,4,2154,4,3647,8,0,0,2296,192,10,1,609763,1,992,1,3156,1,19298,2,4479,1,0,0,0,0,0,0,0,1,0,1,9570,1,6675,1,22968,1,9570,1,0,1
500,6389800,6675,9570,28.992771,0,0,16,0,0,38982,872,3776,6350818,16,239,90,1,26773,1,30,1,1906724,1,3538752,1,194126,1,679562,1,4759,1,34729,1,7926,4,50,4,67194,4,2675,4,3968,8,0,0,2867,192,10,1,538351,1,872,1,2565,1,16142,2,4208,1,0,0,0,0,0,0,0,1,0,1,9570,1,6675,1,22968,1,9570,1,0,1
501,6147600,6675,9570,28.992771,0,0,16,0,0,40397,742,3725,6107203,16,239,140,1,27104,1,40,1,1907867,1,3510446,1,179948,1,477079,1,4579,1,32946,1,5721,4,60,4,67214,4,2485,4,3507,8,0,0,2267,192,10,1,341690,1,862,1,2485,1,14719,2,4639,1,0,0,0,0,0,0,0,1,0,1,9570,1,6675,1,22968,1,9570,1,0,1
502,6365000,6675,9570,28.992771,0,0,16,0,0,39302,912,3416,6325698,16,239,50,1,26623,1,50,1,1903819,1,3520215,1,184237,1,685865,1,4840,1,35100,1,6473,4,191,4,63967,4,2164,4,3557,8,0,0,2305,192,10,1,549163,1,942,1,3186,1,15962,2,4238,1,0,0,0,0,0,0,0,1,0,1,9570,1,6675,1,22968,1,9570,1,0,1
503,6121500,6675,9570,28.992771,0,0,16,0,0,42653,962,3195,6078847,16,239,10,1,25791,1,80,1,1881805,1,3496658,1,182663,1,487059,1,4780,1,34068,1,5421,4,60,4,64188,4,2044,4,3437,8,0,0,2285,192,20,1,353073,1,842,1,2525,1,15160,2,5260,1,0,0,0,0,0,0,0,1,0,1,9570,1,6675,1,22968,1,9570,1,0,1
504,7147900,6675,9570,28.992771,0,0,16,0,0,54254,972,3747,7093646,16,239,10,1,25140,1,60,1,1890652,1,3561227,1,263214,1,1347582,1,5761,1,58466,1,6212,4,60,4,64268,4,2655,4,3437,8,0,0,2345,192,10,1,1166000,1,1022,1,12665,1,25310,2,6503,1,0,0,0,0,0,0,0,1,0,1,9570,1,6675,1,22968,1,9570,1,0,1
505,6866900,6675,9570,28.992771,0,0,16,0,0,39534,853,4028,6827366,16,239,30,1,26423,1,40,1,2442931,1,3644433,1,182072,1,526668,1,4769,1,34228,1,6012,4,130,4,64729,4,2865,4,3477,8,0,0,2314,192,10,1,390267,1,852,1,2956,1,15290,2,5000,1,0,0,0,0,0,0,0,1,0,1,9570,1,6675,1,22968,1,9570,1,0,1
506,6167400,6675,9570,28.992771,0,0,16,0,0,35869,901,3327,6131531,16,239,20,1,25150,1,40,1,1923638,1,3505997,1,181792,1,490185,1,4709,1,33176,1,5401,4,40,4,65721,4,1834,4,3647,8,0,0,2154,192,10,1,357632,1,852,1,2495,1,14308,2,4168,1,0,0,0,0,0,0,0,1,0,1,9570,1,6675,1,22968,1,9570,1,0,1
507,5991700,6675,9570,28.992771,0,0,16,0,0,40898,982,3335,5950802,16,239,30,1,24880,1,60,1,1888468,1,3451087,1,198285,1,383403,1,4589,1,32946,1,5792,4,40,4,64769,4,1803,4,3657,8,0,0,2125,192,10,1,251981,1,862,1,2395,1,14038,2,4128,1,0,0,0,0,0,0,0,1,0,1,9570,1,6675,1,22968,1,9570,1,0,1
508,6161100,6675,9570,28.992771,0,0,16,0,0,37524,822,3076,6123576,16,239,10,1,26713,1,70,1,1891754,1,3450356,1,180199,1,569844,1,4629,1,34108,1,5681,4,40,4,63747,4,1884,4,3417,8,0,0,2225,192,10,1,437781,1,862,1,2234,1,15060,2,4198,1,0,0,0,0,0,0,0,1,0,1,9570,1,6675,1,22968,1,9570,1,0,1
509,6402000,6675,9570,28.992771,0,0,16,0,0,40942,982,3706,6361058,16,239,30,1,24729,1,60,1,1895231,1,3504334,1,228505,1,703199,1,4970,1,39008,1,5551,4,30,4,64589,4,2244,4,3757,8,0,0,2295,192,80,1,556718,1,1002,1,6783,1,17795,2,4659,1,0,0,0,0,0,0,0,1,0,1,9570,1,6675,1,22968,1,9570,1,0,1
510,6434000,6675,9570,28.992771,0,0,16,0,0,39846,972,3666,6394154,16,239,40,1,25631,1,30,1,1895793,1,3603461,1,181150,1,683250,1,4800,1,34899,1,5471,4,30,4,63887,4,2234,4,3707,8,0,0,2275,192,10,1,548682,1,862,1,2475,1,15862,2,4158,1,0,0,0,0,0,0,0,1,0,1,9570,1,6675,1,22968,1,9570,1,0,1
511,6133400,6675,9570,28.992771,0,0,16,0,0,54844,862,3155,6078556,16,239,30,1,25411,1,30,1,1889600,1,3553852,1,181040,1,423904,1,4689,1,33276,1,5451,4,40,4,64278,4,2024,4,3407,8,0,0,2275,192,20,1,291330,1,862,1,3477,1,14699,2,4178,1,0,0,0,0,0,0,0,1,0,1,9570,1,6675,1,22968,1,9570,1,0,1
512,6384300,6675,9570,28.992771,0,0,16,0,0,40847,1012,3676,6343453,16,239,10,1,25230,1,50,1,1935632,1,3507440,1,181551,1,688721,1,4820,1,34589,1,5501,4,30,4,64508,4,2485,4,3437,8,0,0,2245,192,20,1,553071,1,892,1,2705,1,16282,2,4188,1,0,0,0,0,0,0,0,1,0,1,9570,1,6675,1,22968,1,9570,1,0,1
513,6130000,6675,9570,28.992771,0,0,16,0,0,40332,992,3346,6089668,16,239,40,1,25471,1,50,1,1888598,1,3512600,1,181040,1,477160,1,4709,1,34469,1,5471,4,50,4,65851,4,2054,4,3587,8,0,0,2295,192,10,1,341810,1,862,1,2585,1,15140,2,4279,1,0,0,0,0,0,0,0,1,0,1,9570,1,6675,1,22968,1,9570,1,0,1
514,6075400,6675,9570,28.992771,0,0,16,0,0,35100,792,3697,6040300,16,239,20,1,25100,1,60,1,1897135,1,3461618,1,181281,1,470406,1,4679,1,33386,1,5501,4,30,4,63717,4,1874,4,3988,8,0,0,2165,192,20,1,338954,1,862,1,2655,1,14458,2,4168,1,0,0,0,0,0,0,0,1,0,1,9570,1,6675,1,22968,1,9570,1,0,1
515,6742400,6675,9570,28.992771,0,0,16,0,0,43950,1343,3276,6698450,16,239,40,1,25451,1,50,1,1887406,1,3722097,1,228134,1,830102,1,5170,1,39769,1,7305,4,170,4,64218,4,2064,4,3577,8,0,0,2366,192,90,1,680614,1,1172,1,2976,1,22114,2,4689,1,0,0,0,0,0,0,0,1,0,1,9570,1,6675,1,22968,1,9570,1,0,1
516,6293500,6675,9570,28.992771,0,0,16,0,0,36950,912,3226,6256550,16,239,20,1,26042,1,30,1,1898498,1,3547119,1,180730,1,598802,1,5311,1,33296,1,6172,4,40,4,63706,4,1934,4,3527,8,0,0,2235,192,20,1,465135,1,862,1,2776,1,16002,2,4419,1,0,0,0,0,0,0,0,1,0,1,9570,1,6675,1,22968,1,9570,1,0,1
517,6475300,6675,9570,28.992771,0,0,16,0,0,65455,1302,3767,6409845,16,239,40,1,26793,1,40,1,1889520,1,3782146,1,181311,1,525085,1,4910,1,34068,1,7515,4,40,4,66472,4,2315,4,3958,8,0,0,2506,192,20,1,385928,1,932,1,2575,1,15320,2,4639,1,0,0,0,0,0,0,0,1,0,1,9570,1,6675,1,22968,1,9570,1,0,1
518,6511400,6675,9570,28.992771,0,0,16,0,0,44912,1232,3196,6466488,16,239,150,1,31643,1,70,1,2092213,1,3508091,1,181231,1,648360,1,4729,1,34038,1,5491,4,30,4,67374,4,1984,4,3617,8,0,0,2405,192,20,1,511338,1,862,1,2916,1,15200,2,4258,1,0,0,0,0,0,0,0,1,0,1,9570,1,6675,1,22968,1,9570,1,0,1
519,6166700,6675,9570,28.992771,0,0,16,0,0,44988,2044,4368,6121712,16,239,100,1,25220,1,100,1,1885692,1,3521748,1,181992,1,502109,1,4749,1,34178,1,12405,4,40,4,69188,4,3116,4,3747,8,0,0,2495,192,10,1,354726,1,852,1,2595,1,14900,2,4309,1,0,0,0,0,0,0,0,1,0,1,9570,1,6675,1,22968,1,9570,1,0,1
520,6593300,6675,9570,28.992771,0,0,16,0,0,49679,2004,3406,6543621,16,239,30,1,25771,1,20,1,1892947,1,3579182,1,182173,1,858037,1,5461,1,37845,1,6432,4,40,4,64318,4,2254,4,3587,8,0,0,2436,192,20,1,702288,1,1032,1,3236,1,30521,2,4459,1,0,0,0,0,0,0,0,1,0,1,9570,1,6675,1,22968,1,9570,1,0,1
521,6219600,6675,9570,28.992771,0,0,16,0,0,38590,832,3647,6181010,16,239,90,1,27705,1,40,1,1889059,1,3535606,1,183926,1,539985,1,4599,1,34098,1,5421,4,40,4,64398,4,2044,4,3818,8,0,0,2215,192,10,1,405106,1,862,1,4008,1,15160,2,4188,1,0,0,0,0,0,0,0,1,0,1,9570,1,6675,1,22968,1,9570,1,0,1
522,6304100,6675,9570,28.992771,0,0,16,0,0,39624,953,4077,6264476,16,239,100,1,25050,1,20,1,1891133,1,3506518,1,185960,1,651076,1,4619,1,34138,1,5471,4,170,4,63476,4,1894,4,4409,8,0,0,2225,192,80,1,516558,1,912,1,2996,1,15681,2,4339,1,0,0,0,0,0,0,0,1,0,1,9570,1,6675,1,22968,1,9570,1,0,1
523,6134300,6675,9570,28.992771,0,0,16,0,0,39792,1603,3206,6094508,16,239,20,1,24930,1,40,1,1908147,1,3493843,1,182223,1,480667,1,4639,1,34148,1,5501,4,50,4,64238,4,1964,4,3457,8,0,0,2215,192,10,1,346399,1,862,1,3487,1,14749,2,4198,1,0,0,0,0,0,0,0,1,0,1,9570,1,6675,1,22968,1,9570,1,0,1
524,6862200,6675,9570,28.992771,0,0,16,0,0,44854,1232,4017,6817346,16,239,20,1,25511,1,80,1,1895923,1,3596487,1,191852,1,1101362,1,6112,1,42314,1,5611,4,40,4,64599,4,2725,4,3677,8,0,0,2386,192,170,1,948738,1,1012,1,3136,1,23236,2,4870,1,0,0,0,0,0,0,0,1,0,1,9570,1,6675,1,22968,1,9570,1,0,1
525,6878600,6675,9570,28.992771,0,0,16,0,0,42957,1263,3927,6835643,16,239,421,1,27865,1,110,1,1893608,1,3821194,1,186962,1,900121,1,5361,1,36954,1,6473,4,70,4,64218,4,2254,4,3958,8,0,0,2285,192,261,1,753950,1,1192,1,3657,1,21373,2,4499,1,0,0,0,0,0,0,0,1,0,1,9570,1,6675,1,22968,1,9570,1,0,1
526,6510200,6675,9570,28.992771,0,0,16,0,0,40646,832,3246,6469554,16,239,331,1,27645,1,70,1,1901875,1,3650645,1,183335,1,700544,1,5110,1,34098,1,5541,4,111,4,64548,4,1944,4,3627,8,0,0,2325,192,10,1,564804,1,862,1,2796,1,16954,2,4419,1,0,0,0,0,0,0,0,1,0,1,9570,1,6675,1,22968,1,9570,1,0,1
527,6144400,6675,9570,28.992771,0,0,16,0,0,43269,882,3836,6101131,16,239,170,1,26573,1,40,1,1891213,1,3546157,1,180980,1,451028,1,4970,1,33907,1,7495,4,50,4,65400,4,2635,4,3537,8,0,0,2336,192,10,1,313544,1,882,1,3657,1,14860,2,4168,1,0,0,0,0,0,0,0,1,0,1,9570,1,6675,1,22968,1,9570,1,0,1
528,6262000,6675,9570,28.992771,0,0,16,0,0,42173,842,3546,6219827,16,239,20,1,25170,1,70,1,1935131,1,3465396,1,181281,1,608080,1,4679,1,34378,1,6222,4,50,4,66753,4,2184,4,3707,8,0,0,2346,192,10,1,469725,1,882,1,2625,1,16232,2,4469,1,0,0,0,0,0,0,0,1,0,1,9570,1,6675,1,22968,1,9570,1,0,1
529,6056100,6675,9570,28.992771,0,0,16,0,0,39207,952,3837,6016893,16,239,60,1,25110,1,50,1,1888859,1,3446769,1,180529,1,470847,1,4669,1,33647,1,6072,4,40,4,65029,4,2575,4,3477,8,0,0,2215,192,20,1,335999,1,852,1,3096,1,14789,2,4299,1,0,0,0,0,0,0,0,1,0,1,9570,1,6675,1,22968,1,9570,1,0,1
530,6216500,6675,9570,28.992771,0,0,16,0,0,53987,882,3497,6162513,16,239,20,1,25170,1,90,1,1907756,1,3463793,1,222282,1,538702,1,4699,1,36603,1,5371,4,60,4,65791,4,1924,4,3737,8,0,0,2165,192,10,1,399024,1,862,1,5110,1,14739,2,4589,1,0,0,0,0,0,0,0,1,0,1,9570,1,6675,1,22968,1,9570,1,0,1
531,6947300,6675,9570,28.992771,0,0,16,0,0,53532,1924,4056,6893768,16,239,40,1,26352,1,40,1,1890362,1,3761946,1,184227,1,1025681,1,5120,1,39078,1,7254,4,60,4,65019,4,2655,4,3717,8,0,0,2316,192,90,1,871735,1,1102,1,3507,1,24118,2,5421,1,0,0,0,0,0,0,0,1,0,1,9570,1,6675,1,22968,1,9570,1,0,1
532,6801600,6675,9570,28.992771,0,0,16,0,0,37760,963,3396,6763840,16,239,80,1,26192,1,30,1,2240018,1,3638601,1,187213,1,666556,1,5150,1,34338,1,5441,4,40,4,64649,4,1944,4,3767,8,0,0,2315,192,10,1,529864,1,862,1,3667,1,16573,2,4439,1,0,0,0,0,0,0,0,1,0,1,9570,1,6675,1,22968,1,9570,1,0,1
533,6188000,6675,9570,28.992771,0,0,16,0,0,38433,1012,3184,6149567,16,239,30,1,27154,1,80,1,1898989,1,3508261,1,181351,1,529053,1,4649,1,33978,1,5351,4,40,4,63787,4,1974,4,3507,8,0,0,2296,192,10,1,397230,1,912,1,2375,1,14689,2,4188,1,0,0,0,0,0,0,0,1,0,1,9570,1,6675,1,22968,1,9570,1,0,1
534,6359700,6675,9570,28.992771,0,0,16,0,0,39403,851,3205,6320297,16,239,10,1,25040,1,30,1,1929500,1,3518121,1,185128,1,657118,1,5351,1,34839,1,5551,4,151,4,64528,4,1884,4,3798,8,0,0,2476,192,10,1,521658,1,962,1,2585,1,16122,2,4178,1,0,0,0,0,0,0,0,1,0,1,9570,1,6675,1,22968,1,9570,1,0,1
535,6092300,6675,9570,28.992771,0,0,16,0,0,39515,972,4098,6052785,16,239,50,1,25741,1,20,1,1898448,1,3482720,1,186862,1,454374,1,4569,1,34378,1,5441,4,40,4,63887,4,2144,4,4218,8,0,0,2265,192,20,1,320608,1,852,1,2555,1,15120,2,4138,1,0,0,0,0,0,0,0,1,0,1,9570,1,6675,1,22968,1,9570,1,0,1
536,6717900,6675,9570,28.992771,0,0,16,0,0,41384,1444,3967,6676516,16,239,30,1,24920,1,30,1,1890843,1,3705454,1,186511,1,844030,1,24699,1,36693,1,5882,4,30,4,64819,4,2685,4,3567,8,0,0,2285,192,80,1,702147,1,1072,1,3046,1,17905,2,4659,1,0,0,0,0,0,0,0,1,0,1,9570,1,6675,1,22968,1,9570,1,0,1
537,6182700,6675,9570,28.992771,0,0,16,0,0,39996,842,3637,6142704,16,239,30,1,32715,1,40,1,1903418,1,3551808,1,179587,1,470496,1,4609,1,33737,1,5381,4,40,4,64007,4,2325,4,3577,8,0,0,2265,192,10,1,337973,1,862,1,3186,1,14298,2,4258,1,0,0,0,0,0,0,0,1,0,1,9570,1,6675,1,22968,1,9570,1,0,1
538,6175500,6675,9570,28.992771,0,0,16,0,0,39710,692,3416,6135790,16,239,50,1,25050,1,40,1,1889430,1,3429605,1,186531,1,600445,1,4639,1,33296,1,5401,4,40,4,64047,4,1914,4,3687,8,0,0,2186,192,20,1,469174,1,862,1,2335,1,14769,2,4208,1,0,0,0,0,0,0,0,1,0,1,9570,1,6675,1,22968,1,9570,1,0,1
539,6124100,6675,9570,28.992771,0,0,16,0,0,37668,872,3406,6086432,16,239,20,1,25831,1,30,1,1888418,1,3507219,1,181070,1,479294,1,4549,1,34118,1,5521,4,80,4,64558,4,2024,4,5962,8,0,0,4580,192,10,1,342552,1,852,1,2856,1,15401,2,4489,1,0,0,0,0,0,0,0,1,0,1,9570,1,6675,1,22968,1,9570,1,0,1
540,6284600,6675,9570,28.992771,0,0,16,0,0,59011,802,2985,6225589,16,239,20,1,24839,1,50,1,1893809,1,3489995,1,192964,1,619152,1,4759,1,34879,1,7956,4,40,4,66402,4,1864,4,3437,8,0,0,2316,192,20,1,479795,1,872,1,2695,1,16152,2,4238,1,0,0,0,0,0,0,0,1,0,1,9570,1,6675,1,22968,1,9570,1,0,1
541,6612100,6675,9570,28.992771,0,0,16,0,0,41114,1433,3306,6570986,16,239,661,1,25180,1,40,1,1888518,1,3596958,1,211571,1,842877,1,5180,1,46202,1,8697,4,40,4,68005,4,2274,4,3467,8,0,0,2435,192,80,1,673711,1,1533,1,3788,1,29038,2,4609,1,0,0,0,0,0,0,0,1,0,1,9570,1,6675,1,22968,1,9570,1,0,1
542,6481300,6675,9570,28.992771,0,0,16,0,0,43589,1503,3406,6437711,16,239,10,1,28386,1,20,1,1896975,1,3614593,1,181912,1,710734,1,5080,1,34849,1,9098,4,30,4,69498,4,2004,4,3667,8,0,0,2265,192,20,1,563581,1,902,1,2705,1,16583,2,6293,1,0,0,0,0,0,0,0,1,0,1,9570,1,6675,1,22968,1,9570,1,0,1
543,6188100,6675,9570,28.992771,0,0,16,0,0,39014,882,3286,6149086,16,239,10,1,26042,1,70,1,1921033,1,3559283,1,181842,1,456148,1,4659,1,34208,1,5611,4,40,4,63917,4,1894,4,3617,8,0,0,2225,192,10,1,323033,1,862,1,2515,1,15381,2,4178,1,0,0,0,0,0,0,0,1,0,1,9570,1,6675,1,22968,1,9570,1,0,1
544,6391900,6675,9570,28.992771,0,0,16,0,0,41293,852,3154,6350607,16,239,30,1,25370,1,90,1,1910842,1,3480987,1,197423,1,731115,1,4749,1,34048,1,5341,4,40,4,63927,4,2194,4,3417,8,0,0,2457,192,10,1,597319,1,892,1,3567,1,15250,2,4258,1,0,0,0,0,0,0,0,1,0,1,9570,1,6675,1,22968,1,9570,1,0,1
545,6079700,6675,9570,28.992771,0,0,16,0,0,38388,762,3897,6041312,16,239,30,1,25421,1,20,1,1887837,1,3483241,1,211521,1,428483,1,4759,1,40110,1,5822,4,40,4,68025,4,2144,4,4218,8,0,0,2466,192,10,1,284947,1,862,1,2515,1,14880,2,4148,1,0,0,0,0,0,0,0,1,0,1,9570,1,6675,1,22968,1,9570,1,0,1
546,6304000,6675,9570,28.992771,0,0,16,0,0,36929,1302,3035,6267071,16,239,40,1,25972,1,80,1,1941594,1,3506167,1,180309,1,608150,1,4759,1,34118,1,5531,4,231,4,66382,4,1804,4,3417,8,0,0,2185,192,30,1,472140,1,942,1,2445,1,15531,2,4279,1,0,0,0,0,0,0,0,1,0,1,9570,1,6675,1,22968,1,9570,1,0,1
547,6655900,6675,9570,28.992771,0,0,16,0,0,42800,1463,4187,6613100,16,239,30,1,37354,1,40,1,1888588,1,3709743,1,185339,1,787287,1,4719,1,36523,1,5892,4,40,4,64428,4,2786,4,3517,8,0,0,2116,192,140,1,643971,1,912,1,3788,1,18858,2,4970,1,0,0,0,0,0,0,0,1,0,1,9570,1,6675,1,22968,1,9570,1,0,1
548,6337500,6675,9570,28.992771,0,0,16,0,0,45780,882,4379,6291720,16,239,100,1,25922,1,20,1,1888037,1,3536057,1,203806,1,633120,1,4659,1,34008,1,5551,4,90,4,64017,4,1864,4,4850,8,0,0,2334,192,10,1,498191,1,862,1,2535,1,15761,2,4499,1,0,0,0,0,0,0,0,1,0,1,9570,1,6675,1,22968,1,9570,1,0,1
549,5975200,6675,9570,28.992771,0,0,16,0,0,40019,692,3115,5935181,16,239,50,1,24980,1,70,1,1884260,1,3463963,1,182183,1,375106,1,4569,1,33176,1,5381,4,30,4,63857,4,1883,4,3447,8,0,0,2215,192,10,1,244747,1,862,1,2565,1,13868,2,4589,1,0,0,0,0,0,0,0,1,0,1,9570,1,6675,1,22968,1,9570,1,0,1
550,6181900,6675,9570,28.992771,0,0,16,0,0,41661,861,3166,6140239,16,239,40,1,24659,1,80,1,1902305,1,3456077,1,180800,1,571527,1,4749,1,34940,1,5371,4,30,4,63777,4,2034,4,3507,8,0,0,2375,192,10,1,438202,1,862,1,2495,1,15290,2,4148,1,0,0,0,0,0,0,0,1,0,1,9570,1,6675,1,22968,1,9570,1,0,1
551,6122400,6675,9570,28.992771,0,0,16,0,0,40788,912,3136,6081612,16,239,30,1,24980,1,70,1,1888458,1,3486388,1,180569,1,496498,1,4619,1,34599,1,5551,4,40,4,64999,4,1944,4,3477,8,0,0,2285,192,100,1,361249,1,882,1,3878,1,14699,2,4168,1,0,0,0,0,0,0,0,1,0,1,9570,1,6675,1,22968,1,9570,1,0,1
552,6644200,6675,9570,28.992771,0,0,16,0,0,41631,1123,3416,6602569,16,239,30,1,30441,1,60,1,1892346,1,3603932,1,203134,1,867506,1,5120,1,36783,1,8717,4,40,4,67294,4,2164,4,3697,8,0,0,2445,192,150,1,717227,1,1062,1,3597,1,20541,2,5110,1,0,0,0,0,0,0,0,1,0,1,9570,1,6675,1,22968,1,9570,1,0,1
553,6407500,6675,9570,28.992771,0,0,16,0,0,41552,1092,3827,6365948,16,239,80,1,27515,1,20,1,1889941,1,3612920,1,216581,1,613962,1,4930,1,37825,1,9158,4,40,4,70470,4,2515,4,3607,8,0,0,2295,192,281,1,462490,1,1453,1,2956,1,17204,2,4870,1,0,0,0,0,0,0,0,1,0,1,9570,1,6675,1,22968,1,9570,1,0,1
554,6304200,6675,9570,28.992771,0,0,16,0,0,40585,1123,3736,6263615,16,239,90,1,26593,1,30,1,1896294,1,3506528,1,185810,1,643270,1,5000,1,34418,1,7806,4,40,4,66582,4,1994,4,4028,8,0,0,2286,192,10,1,502500,1,902,1,2705,1,15470,2,5691,1,0,0,0,0,0,0,0,1,0,1,9570,1,6675,1,22968,1,9570,1,0,1
555,6198300,6675,9570,28.992771,0,0,16,0,0,41729,1143,3416,6156571,16,239,70,1,25511,1,50,1,1891063,1,3519604,1,189166,1,526357,1,4749,1,52875,1,5531,4,40,4,65991,4,1983,4,3607,8,0,0,2175,192,20,1,372181,1,862,1,2485,1,15250,2,4389,1,0,0,0,0,0,0,0,1,0,1,9570,1,6675,1,22968,1,9570,1,0,1
556,6158200,6675,9570,28.992771,0,0,16,0,0,40335,1062,2996,6117865,16,239,411,1,25701,1,50,1,1926634,1,3472270,1,182764,1,505366,1,4669,1,33857,1,5471,4,60,4,63837,4,1854,4,3397,8,0,0,2255,192,10,1,373844,1,862,1,2385,1,14559,2,4168,1,0,0,0,0,0,0,0,1,0,1,9570,1,6675,1,22968,1,9570,1,0,1
557,6228700,6675,9570,28.992771,0,0,16,0,0,38812,702,3206,6189888,16,239,150,1,25511,1,40,1,1890522,1,3479083,1,186621,1,602980,1,4980,1,35000,1,5491,4,40,4,63847,4,1964,4,3507,8,0,0,2265,192,10,1,468562,1,1002,1,2625,1,15470,2,4759,1,0,0,0,0,0,0,0,1,0,1,9570,1,6675,1,22968,1,9570,1,0,1
558,6821000,6675,9570,28.992771,0,0,16,0,0,52641,892,3936,6768359,16,239,120,1,32555,1,20,1,1915351,1,3670043,1,179988,1,965491,1,4790,1,35120,1,5842,4,321,4,64438,4,2254,4,4148,8,0,0,2467,192,10,1,826645,1,1403,1,2575,1,17495,2,4349,1,0,0,0,0,0,0,0,1,0,1,9570,1,6675,1,22968,1,9570,1,0,1
559,6104000,6675,9570,28.992771,0,0,16,0,0,40113,1032,3226,6063887,16,239,120,1,25481,1,80,1,1889720,1,3509684,1,181702,1,452520,1,4579,1,33547,1,5451,4,40,4,64258,4,2034,4,3467,8,0,0,2275,192,20,1,309476,1,862,1,2565,1,25571,2,4198,1,0,0,0,0,0,0,0,1,0,1,9570,1,6675,1,22968,1,9570,1,0,1
560,6126500,6675,9570,28.992771,0,0,16,0,0,60879,1032,3135,6065621,16,239,50,1,24639,1,30,1,1891033,1,3446599,1,180159,1,517810,1,5301,1,33216,1,5461,4,30,4,63606,4,1914,4,3407,8,0,0,2186,192,10,1,365958,1,1202,1,2295,1,30330,2,9349,1,0,0,0,0,0,0,0,1,0,1,9570,1,6675,1,22968,1,9570,1,0,1
561,6155200,6675,9570,28.992771,0,0,16,0,0,37727,1072,3796,6117473,16,239,90,1,24669,1,40,1,1888779,1,3497520,1,180529,1,521117,1,4729,1,34429,1,5431,4,110,4,64378,4,2004,4,4038,8,0,0,2246,192,10,1,385517,1,862,1,3146,1,15861,2,4258,1,0,0,0,0,0,0,0,1,0,1,9570,1,6675,1,22968,1,9570,1,0,1
562,6282400,6675,9570,28.992771,0,0,16,0,0,42062,901,3497,6240338,16,239,110,1,25401,1,70,1,1891574,1,3495907,1,181331,1,641106,1,4840,1,34649,1,5501,4,50,4,63807,4,2014,4,3747,8,0,0,2265,192,20,1,506758,1,922,1,2605,1,15842,2,4289,1,0,0,0,0,0,0,0,1,0,1,9570,1,6675,1,22968,1,9570,1,0,1
563,7799400,6675,9570,28.992771,0,0,16,0,0,53025,1944,3998,7746375,16,239,70,1,25050,1,40,1,1905342,1,4671416,1,179818,1,959289,1,5351,1,37044,1,5421,4,220,4,63807,4,3146,4,3437,8,0,0,2585,192,80,1,811805,1,902,1,3918,1,22705,2,4860,1,0,0,0,0,0,0,0,1,0,1,9570,1,6675,1,22968,1,9570,1,0,1
564,6816900,6675,9570,28.992771,0,0,16,0,0,39964,992,3746,6776936,16,239,311,1,39549,1,40,1,2370487,1,3533061,1,180559,1,648230,1,4699,1,33968,1,5381,4,40,4,63897,4,2034,4,4038,8,0,0,2326,192,20,1,513822,1,852,1,2695,1,15992,2,4499,1,0,0,0,0,0,0,0,1,0,1,9570,1,6675,1,22968,1,9570,1,0,1
565,6187900,6675,9570,28.992771,0,0,16,0,0,40607,982,3607,6147293,16,239,170,1,25691,1,70,1,1908378,1,3528862,1,181932,1,497570,1,4619,1,34078,1,5621,4,40,4,65781,4,2214,4,3707,8,0,0,2315,192,10,1,362722,1,842,1,2665,1,14789,2,4118,1,0,0,0,0,0,0,0,1,0,1,9570,1,6675,1,22968,1,9570,1,0,1
566,6234800,6675,9570,28.992771,0,0,16,0,0,41736,751,3437,6193064,16,239,40,1,25401,1,30,1,1889199,1,3483623,1,181391,1,608751,1,4629,1,34028,1,5441,4,50,4,63536,4,2034,4,3707,8,0,0,2305,192,10,1,475927,1,852,1,2565,1,15541,2,4309,1,0,0,0,0,0,0,0,1,0,1,9570,1,6675,1,22968,1,9570,1,0,1
567,6205000,6675,9570,28.992771,0,0,16,0,0,46535,1343,3437,6158465,16,239,20,1,26022,1,50,1,1890452,1,3521017,1,190870,1,524884,1,5150,1,34318,1,7896,4,60,4,65069,4,1994,4,3687,8,0,0,2245,192,10,1,385667,1,852,1,3527,1,16262,2,4198,1,0,0,0,0,0,0,0,1,0,1,9570,1,6675,1,22968,1,9570,1,0,1
568,6908300,6675,9570,28.992771,0,0,16,0,0,44682,1273,3285,6863618,16,239,40,1,27395,1,40,1,1900893,1,3743980,1,223735,1,962044,1,5491,1,37595,1,9399,4,180,4,68175,4,2184,4,3447,8,0,0,2345,192,110,1,807096,1,1012,1,3267,1,21663,2,6643,1,0,0,0,0,0,0,0,1,0,1,9570,1,6675,1,22968,1,9570,1,0,1
569,6369300,6675,9570,28.992771,0,0,16,0,0,39273,721,3486,6330027,16,239,40,1,27435,1,30,1,1942365,1,3635254,1,196591,1,523161,1,5150,1,37505,1,9118,4,30,4,69348,4,2074,4,3727,8,0,0,2316,192,80,1,373373,1,872,1,3477,1,16854,2,5982,1,0,0,0,0,0,0,0,1,0,1,9570,1,6675,1,22968,1,9570,1,0,1
570,6391500,6675,9570,28.992771,0,0,16,0,0,40091,822,3395,6351409,16,239,10,1,25621,1,50,1,1932946,1,3507069,1,189537,1,691346,1,4830,1,34769,1,5952,4,90,4,66172,4,1894,4,3637,8,0,0,2136,192,10,1,551708,1,1012,1,2635,1,16914,2,5731,1,0,0,0,0,0,0,0,1,0,1,9570,1,6675,1,22968,1,9570,1,0,1
571,6136400,6675,9570,28.992771,0,0,16,0,0,40279,1032,3367,6096121,16,239,10,1,25461,1,10,1,1898849,1,3483773,1,180830,1,502490,1,4699,1,39909,1,5421,4,40,4,63877,4,2244,4,3747,8,0,0,2625,192,20,1,362782,1,862,1,2846,1,15531,2,4178,1,0,0,0,0,0,0,0,1,0,1,9570,1,6675,1,22968,1,9570,1,0,1
572,6204400,6675,9570,28.992771,0,0,16,0,0,45775,802,3245,6158625,16,239,90,1,25350,1,30,1,1910442,1,3486328,1,182443,1,549253,1,4689,1,32986,1,5390,4,21,4,63587,4,1983,4,3447,8,0,0,2185,192,10,1,418222,1,862,1,2946,1,14890,2,4108,1,0,0,0,0,0,0,0,1,0,1,9570,1,6675,1,22968,1,9570,1,0,1
573,6503400,6675,9570,28.992771,0,0,16,0,0,45669,1392,3827,6457731,16,239,30,1,26924,1,90,1,1887837,1,3591256,1,213655,1,733069,1,4870,1,37064,1,5972,4,30,4,64558,4,2745,4,3407,8,0,0,2325,192,20,1,590816,1,962,1,2846,1,18898,2,4359,1,0,0,0,0,0,0,0,1,0,1,9570,1,6675,1,22968,1,9570,1,0,1
574,6825600,6675,9570,28.992771,0,0,16,0,0,65398,1252,3446,6760202,16,239,621,1,34168,1,220,1,2193575,1,3621807,1,179146,1,725884,1,4780,1,34418,1,5541,4,21,4,64548,4,2365,4,3487,8,0,0,2406,192,10,1,588261,1,872,1,3267,1,17314,2,4529,1,0,0,0,0,0,0,0,1,0,1,9570,1,6675,1,22968,1,9570,1,0,1
575,6184000,6675,9570,28.992771,0,0,16,0,0,62799,1343,3897,6121201,16,239,240,1,25431,1,50,1,1900853,1,3528502,1,180068,1,481328,1,4729,1,33917,1,5982,4,50,4,66332,4,2204,4,4018,8,0,0,2326,192,20,1,344465,1,872,1,2635,1,14910,2,4579,1,0,0,0,0,0,0,0,1,0,1,9570,1,6675,1,22968,1,9570,1,0,1
576,6429100,6675,9570,28.992771,0,0,16,0,0,45407,1203,3426,6383693,16,239,180,1,31252,1,90,1,2062194,1,3473702,1,181331,1,629633,1,5311,1,34268,1,5451,4,70,4,64037,4,2545,4,3427,8,0,0,2545,192,20,1,495045,1,862,1,3086,1,15000,2,4619,1,0,0,0,0,0,0,0,1,0,1,9570,1,6675,1,22968,1,9570,1,0,1
577,6213100,6675,9570,28.992771,0,0,16,0,0,73142,1082,3766,6139958,16,239,40,1,24859,1,40,1,1885211,1,3503792,1,182824,1,538291,1,4900,1,34509,1,5571,4,60,4,64619,4,2014,4,4008,8,0,0,2256,192,10,1,402701,1,852,1,2846,1,15751,2,4268,1,0,0,0,0,0,0,0,1,0,1,9570,1,6675,1,22968,1,9570,1,0,1
578,6657600,6675,9570,28.992771,0,0,16,0,0,46134,2816,5100,6611466,16,239,70,1,25100,1,20,1,1896474,1,3501869,1,240078,1,942766,1,5090,1,49939,1,9709,4,40,4,65811,4,4318,4,3747,8,0,0,2966,192,10,1,767658,1,932,1,6783,1,26733,2,4268,1,0,0,0,0,0,0,0,1,0,1,9570,1,6675,1,22968,1,9570,1,0,1
579,6577400,6675,9570,28.992771,0,0,16,0,0,46033,1122,4408,6531367,16,239,30,1,25571,1,10,1,1910662,1,3690013,1,183595,1,716676,1,4810,1,58126,1,7284,4,40,4,66142,4,2796,4,4188,8,0,0,2575,192,20,1,549994,1,852,1,3607,1,17725,2,4780,1,0,0,0,0,0,0,0,1,0,1,9570,1,6675,1,22968,1,9570,1,0,1
580,6289300,6675,9570,28.992771,0,0,16,0,0,40605,872,3316,6248695,16,239,70,1,26342,1,30,1,1884560,1,3533952,1,180399,1,618120,1,5220,1,34138,1,5381,4,40,4,63837,4,1964,4,3677,8,0,0,2325,192,20,1,484955,1,852,1,2455,1,15661,2,4268,1,0,0,0,0,0,0,0,1,0,1,9570,1,6675,1,22968,1,9570,1,0,1
581,6176400,6675,9570,28.992771,0,0,16,0,0,36983,1062,3206,6139417,16,239,40,1,25320,1,60,1,1888538,1,3526598,1,214066,1,479795,1,5000,1,37334,1,6303,4,30,4,63877,4,1954,4,3457,8,0,0,2205,192,20,1,341760,1,852,1,3657,1,15120,2,4369,1,0,0,0,0,0,0,0,1,0,1,9570,1,6675,1,22968,1,9570,1,0,1
582,6100600,6675,9570,28.992771,0,0,16,0,0,44950,751,3126,6055650,16,239,40,1,25882,1,30,1,1892195,1,3457230,1,181401,1,494043,1,4830,1,33427,1,5461,4,30,4,64378,4,1834,4,3577,8,0,0,2285,192,20,1,362391,1,852,1,2475,1,14649,2,4198,1,0,0,0,0,0,0,0,1,0,1,9570,1,6675,1,22968,1,9570,1,0,1
583,6075100,6675,9570,28.992771,0,0,16,0,0,39229,1303,3436,6035871,16,239,40,1,25300,1,20,1,1888278,1,3480656,1,202603,1,434324,1,4649,1,52014,1,5431,4,30,4,63917,4,1944,4,3737,8,0,0,2245,192,10,1,283885,1,852,1,2575,1,14409,2,4218,1,0,0,0,0,0,0,0,1,0,1,9570,1,6675,1,22968,1,9570,1,0,1
584,7285100,6675,9570,28.992771,0,0,16,0,0,109090,2545,4879,7176010,16,239,50,1,25871,1,20,1,1892145,1,3762718,1,186822,1,1298233,1,10150,1,51863,1,6443,4,40,4,66001,4,4018,4,3677,8,0,0,2816,192,240,1,1084187,1,1212,1,5571,1,64468,2,7966,1,0,0,0,0,0,0,0,1,0,1,9570,1,6675,1,22968,1,9570,1,0,1
585,6563700,6675,9570,28.992771,0,0,16,0,0,48425,1002,4388,6515275,16,239,100,1,39879,1,30,1,2045460,1,3584774,1,201010,1,639352,1,4669,1,34388,1,5721,4,40,4,64709,4,2956,4,4048,8,0,0,2616,192,10,1,498081,1,852,1,3938,1,19379,2,4228,1,0,0,0,0,0,0,0,1,0,1,9570,1,6675,1,22968,1,9570,1,0,1
586,6447500,6675,9570,28.992771,0,0,16,0,0,86692,782,3086,6360808,16,239,80,1,25130,1,70,1,1959099,1,3497681,1,199387,1,672508,1,6854,1,51272,1,5501,4,40,4,63587,4,1834,4,3467,8,0,0,2214,192,10,1,519614,1,862,1,3367,1,17735,2,4439,1,0,0,0,0,0,0,0,1,0,1,9570,1,6675,1,22968,1,9570,1,0,1
587,7169000,6675,9570,28.992771,0,0,16,0,0,70234,1874,3937,7098766,16,239,1112,1,43176,1,60,1,2525766,1,3613110,1,180028,1,730484,1,5030,1,37825,1,5641,4,60,4,64288,4,2876,4,3537,8,0,0,2476,192,90,1,581447,1,872,1,2856,1,24559,2,4559,1,0,0,0,0,0,0,0,1,0,1,9570,1,6675,1,22968,1,9570,1,0,1
588,6557800,6675,9570,28.992771,0,0,16,0,0,43898,1212,3166,6513902,16,239,331,1,31944,1,80,1,2301289,1,3514113,1,178465,1,483021,1,4659,1,33948,1,5501,4,50,4,63667,4,1924,4,3507,8,0,0,2264,192,20,1,350067,1,882,1,2956,1,15000,2,4289,1,0,0,0,0,0,0,0,1,0,1,9570,1,6675,1,22968,1,9570,1,0,1
589,6609900,6675,9570,28.992771,0,0,16,0,0,41700,1212,3747,6568200,16,239,40,1,25000,1,80,1,1886684,1,3600214,1,181291,1,870051,1,4840,1,37384,1,5782,4,30,4,64017,4,2034,4,3988,8,0,0,2275,192,0,1,729301,1,852,1,2786,1,17956,2,4709,1,0,0,0,0,0,0,0,1,0,1,9570,1,6675,1,22968,1,9570,1,0,1
590,6473800,6675,9570,28.992771,0,0,16,0,0,41610,912,3546,6432190,16,239,90,1,25320,1,60,1,1912015,1,3573681,1,232402,1,683430,1,5190,1,34278,1,5581,4,30,4,63787,4,1954,4,3838,8,0,0,2245,192,10,1,549233,1,852,1,2755,1,15611,2,4589,1,0,0,0,0,0,0,0,1,0,1,9570,1,6675,1,22968,1,9570,1,0,1
591,6190400,6675,9570,28.992771,0,0,16,0,0,37246,912,3917,6153154,16,239,100,1,25150,1,30,1,1888237,1,3517189,1,184798,1,533011,1,4639,1,35120,1,5761,4,80,4,63937,4,1914,4,4168,8,0,0,2166,192,20,1,397982,1,852,1,2525,1,15541,2,4198,1,0,0,0,0,0,0,0,1,0,1,9570,1,6675,1,22968,1,9570,1,0,1
592,6276900,6675,9570,28.992771,0,0,16,0,0,40209,1032,3846,6236691,16,239,30,1,24960,1,100,1,1927987,1,3466438,1,182243,1,630294,1,4639,1,34088,1,5681,4,40,4,64027,4,1964,4,4088,8,0,0,2205,192,10,1,496718,1,882,1,2415,1,14930,2,4419,1,0,0,0,0,0,0,0,1,0,1,9570,1,6675,1,22968,1,9570,1,0,1
593,6068900,6675,9570,28.992771,0,0,16,0,0,40093,882,3366,6028807,16,239,40,1,24930,1,30,1,1897837,1,3476188,1,180680,1,444204,1,4900,1,33166,1,5982,4,40,4,63737,4,1894,4,3717,8,0,0,2245,192,10,1,312772,1,882,1,2435,1,14529,2,4158,1,0,0,0,0,0,0,0,1,0,1,9570,1,6675,1,22968,1,9570,1,0,1
594,6723700,6675,9570,28.992771,0,0,16,0,0,52815,1623,5380,6670885,16,239,130,1,29148,1,30,1,1895893,1,3581337,1,218395,1,940752,1,5200,1,40450,1,6262,4,21,4,65219,4,4489,4,3607,8,0,0,2716,192,140,1,779661,1,1112,1,3066,1,30601,2,4499,1,0,0,0,0,0,0,0,1,0,1,9570,1,6675,1,22968,1,9570,1,0,1
595,6417400,6675,9570,28.992771,0,0,16,0,0,38847,1263,3755,6378553,16,239,80,1,26062,1,40,1,1893057,1,3698540,1,182353,1,573461,1,4960,1,34759,1,5461,4,30,4,63757,4,2264,4,3757,8,0,0,2266,192,10,1,437330,1,862,1,2806,1,16573,2,4589,1,0,0,0,0,0,0,0,1,0,1,9570,1,6675,1,22968,1,9570,1,0,1
596,6292300,6675,9570,28.992771,0,0,16,0,0,36541,1252,3245,6255759,16,239,30,1,25711,1,70,1,1890201,1,3563892,1,180870,1,590054,1,4930,1,33998,1,5461,4,40,4,63987,4,1884,4,3577,8,0,0,2216,192,20,1,456308,1,852,1,2575,1,15852,2,4248,1,0,0,0,0,0,0,0,1,0,1,9570,1,6675,1,22968,1,9570,1,0,1
597,6281500,6675,9570,28.992771,0,0,16,0,0,45200,2134,3506,6236300,16,239,40,1,32725,1,70,1,1879079,1,3568702,1,198445,1,552449,1,4790,1,36863,1,6934,4,30,4,65380,4,2104,4,3567,8,0,0,2165,192,10,1,410166,1,892,1,4208,1,15491,2,4669,1,0,0,0,0,0,0,0,1,0,1,9570,1,6675,1,22968,1,9570,1,0,1
598,6205100,6675,9570,28.992771,0,0,16,0,0,40102,922,3437,6164998,16,239,40,1,25290,1,30,1,1890001,1,3485556,1,212052,1,547029,1,5000,1,37144,1,9028,4,30,4,71392,4,1954,4,3767,8,0,0,2285,192,10,1,397641,1,872,1,2926,1,15280,2,6062,1,0,0,0,0,0,0,0,1,0,1,9570,1,6675,1,22968,1,9570,1,0,1
599,6744600,6675,9570,28.992771,0,0,16,0,0,87924,2204,4479,6656676,16,239,30,1,25541,1,80,1,1903598,1,3512840,1,320388,1,882757,1,11443,1,66502,1,10110,4,60,4,82194,4,3196,4,4479,8,0,0,3196,192,80,1,639082,1,1854,1,5070,1,54278,2,13647,1,0,0,0,0,0,0,0,1,0,1,9570,1,6675,1,22968,1,9570,1,0,1
600,7181700,6675,9570,28.992771,0,0,16,0,0,39317,1072,3264,7142383,16,239,50,1,26362,1,90,1,2367411,1,3724632,1,198154,1,820773,1,4910,1,34859,1,7836,4,130,4,66492,4,2094,4,3457,8,0,0,2287,192,10,1,677458,1,982,1,3357,1,17054,2,5972,1,0,0,0,0,0,0,0,1,0,1,9570,1,6675,1,22968,1,9570,1,0,1
601,6245100,6675,9570,28.992771,0,0,16,0,0,38359,1062,3296,6206741,16,239,90,1,26954,1,70,1,1884059,1,3556628,1,180639,1,553341,1,4960,1,34509,1,5681,4,40,4,65100,4,1984,4,3547,8,0,0,2235,192,20,1,416118,1,892,1,2645,1,16252,2,5491,1,0,0,0,0,0,0,0,1,0,1,9570,1,6675,1,22968,1,9570,1,0,1
602,6099600,6675,9570,28.992771,0,0,16,0,0,39030,852,3525,6060570,16,239,10,1,25871,1,130,1,1892556,1,3468713,1,181722,1,486979,1,4589,1,33136,1,5441,4,60,4,63587,4,2295,4,3437,8,0,0,2206,192,10,1,355868,1,862,1,2505,1,14739,2,4188,1,0,0,0,0,0,0,0,1,0,1,9570,1,6675,1,22968,1,9570,1,0,1
603,6184400,6675,9570,28.992771,0,0,16,0,0,38705,942,2597,6145695,16,239,10,1,25791,1,20,1,1889811,1,3455336,1,181641,1,587073,1,6012,1,32905,1,6854,4,40,4,71673,4,2094,4,4509,8,0,0,4006,192,20,1,441263,1,1112,1,2285,1,16483,2,6894,1,0,0,0,0,0,0,0,1,0,1,9570,1,6675,1,22968,1,9570,1,0,1
604,6927500,6675,9570,28.992771,0,0,16,0,0,61417,1603,3716,6866083,16,239,170,1,30962,1,70,1,2192313,1,3561597,1,180870,1,894169,1,5932,1,34849,1,5421,4,70,4,64338,4,2595,4,3507,8,0,0,2386,192,80,1,753940,1,912,1,2876,1,19579,2,4399,1,0,0,0,0,0,0,0,1,0,1,9570,1,6675,1,22968,1,9570,1,0,1
605,7527500,6675,9570,28.992771,0,0,16,0,0,96523,3217,3336,7430977,16,239,321,1,26282,1,250,1,2368333,1,3761996,1,181672,1,1086522,1,5601,1,38837,1,5962,4,60,4,64208,4,2505,4,3507,8,0,0,2676,192,100,1,924590,1,872,1,3076,1,34889,2,4699,1,0,0,0,0,0,0,0,1,0,1,9570,1,6675,1,22968,1,9570,1,0,1
606,6580800,6675,9570,28.992771,0,0,16,0,0,58020,1623,3295,6522780,16,239,351,1,36102,1,50,1,2007535,1,3519353,1,180870,1,773599,1,4920,1,51402,1,5371,4,50,4,63717,4,2184,4,3487,8,0,0,2376,192,10,1,621697,1,872,1,2755,1,16112,2,4319,1,0,0,0,0,0,0,0,1,0,1,9570,1,6675,1,22968,1,9570,1,0,1
607,6465700,6675,9570,28.992771,0,0,16,0,0,46236,1102,3504,6419464,16,239,391,1,34619,1,80,1,2169457,1,3537930,1,180910,1,491438,1,4639,1,33867,1,5561,4,80,4,64388,4,2134,4,3577,8,0,0,2207,192,10,1,357852,1,872,1,2575,1,15040,2,4379,1,0,0,0,0,0,0,0,1,0,1,9570,1,6675,1,22968,1,9570,1,0,1
608,6249800,6675,9570,28.992771,0,0,16,0,0,38660,1333,3787,6211140,16,239,50,1,26042,1,70,1,1885302,1,3470707,1,217743,1,606487,1,4739,1,35270,1,5451,4,50,4,65961,4,2064,4,4048,8,0,0,2325,192,20,1,469504,1,852,1,2766,1,14749,2,4419,1,0,0,0,0,0,0,0,1,0,1,9570,1,6675,1,22968,1,9570,1,0,1
609,6002200,6675,9570,28.992771,0,0,16,0,0,38452,802,3365,5963748,16,239,20,1,24930,1,50,1,1883388,1,3469584,1,179227,1,401980,1,4569,1,33026,1,5381,4,120,4,63937,4,1844,4,3667,8,0,0,2146,192,10,1,271099,1,852,1,2836,1,14168,2,4238,1,0,0,0,0,0,0,0,1,0,1,9570,1,6675,1,22968,1,9570,1,0,1
610,7138000,6675,9570,28.992771,0,0,16,0,0,53592,2104,2796,7084408,16,239,40,1,24990,1,30,1,1889961,1,3671386,1,228184,1,1264116,1,5701,1,38607,1,9128,4,30,4,83406,4,2855,4,4619,8,0,0,4679,192,30,1,1084067,1,1573,1,3487,1,28978,2,5230,1,0,0,0,0,0,0,0,1,0,1,9570,1,6675,1,22968,1,9570,1,0,1
611,6991300,6675,9570,28.992771,0,0,16,0,0,46200,1173,3055,6945100,16,239,80,1,28637,1,90,1,2044999,1,3906844,1,184357,1,774902,1,5190,1,36222,1,6182,4,161,4,64939,4,1964,4,3507,8,0,0,2415,192,70,1,630996,1,972,1,2936,1,21423,2,4358,1,0,0,0,0,0,0,0,1,0,1,9570,1,6675,1,22968,1,9570,1,0,1
612,6348700,6675,9570,28.992771,0,0,16,0,0,44455,901,3526,6304245,16,239,210,1,26202,1,40,1,1896594,1,3559483,1,182593,1,634032,1,5090,1,34188,1,5581,4,40,4,65711,4,1994,4,3818,8,0,0,2286,192,10,1,497139,1,852,1,2776,1,16643,2,4379,1,0,0,0,0,0,0,0,1,0,1,9570,1,6675,1,22968,1,9570,1,0,1
613,6269400,6675,9570,28.992771,0,0,16,0,0,39783,812,3725,6229617,16,239,60,1,25481,1,60,1,1888769,1,3580335,1,194627,1,535456,1,4830,1,34779,1,5511,4,40,4,64128,4,2204,4,3787,8,0,0,2266,192,10,1,399625,1,992,1,3848,1,15310,2,4409,1,0,0,0,0,0,0,0,1,0,1,9570,1,6675,1,22968,1,9570,1,0,1
614,6228200,6675,9570,28.992771,0,0,16,0,0,39074,1133,3546,6189126,16,239,40,1,25882,1,40,1,1902235,1,3483352,1,184237,1,588551,1,4790,1,34088,1,5381,4,40,4,63767,4,1894,4,3788,8,0,0,2135,192,10,1,455737,1,852,1,2605,1,15110,2,4148,1,0,0,0,0,0,0,0,1,0,1,9570,1,6675,1,22968,1,9570,1,0,1
615,6726600,6675,9570,28.992771,0,0,16,0,0,44523,1323,3296,6682077,16,239,40,1,26102,1,40,1,1889690,1,3747918,1,197333,1,815222,1,5731,1,37194,1,6934,4,171,4,65480,4,2084,4,3507,8,0,0,2295,192,140,1,667859,1,982,1,3557,1,20892,2,5100,1,0,0,0,0,0,0,0,1,0,1,9570,1,6675,1,22968,1,9570,1,0,1
616,6400200,6675,9570,28.992771,0,0,16,0,0,40164,782,3846,6360036,16,239,90,1,29920,1,100,1,1906514,1,3560465,1,191391,1,666496,1,5060,1,34429,1,6703,4,50,4,64208,4,2154,4,4128,8,0,0,2436,192,10,1,528933,1,862,1,2745,1,17094,2,4399,1,0,0,0,0,0,0,0,1,0,1,9570,1,6675,1,22968,1,9570,1,0,1
617,6323100,6675,9570,28.992771,0,0,16,0,0,41570,842,3686,6281530,16,239,10,1,26042,1,100,1,1900251,1,3507149,1,184908,1,657559,1,5511,1,66763,1,5601,4,30,4,65200,4,2495,4,3477,8,0,0,2286,192,10,1,488522,1,862,1,2625,1,16823,2,4309,1,0,0,0,0,0,0,0,1,0,1,9570,1,6675,1,22968,1,9570,1,0,1
618,6269700,6675,9570,28.992771,0,0,16,0,0,34763,982,3117,6234937,16,239,110,1,26232,1,50,1,1926714,1,3538972,1,184086,1,553882,1,4890,1,33867,1,5571,4,40,4,64318,4,2355,4,3717,8,0,0,2956,192,10,1,420857,1,862,1,2485,1,14609,2,4208,1,0,0,0,0,0,0,0,1,0,1,9570,1,6675,1,22968,1,9570,1,0,1
619,6152400,6675,9570,28.992771,0,0,16,0,0,39686,1272,3226,6112714,16,239,20,1,25391,1,80,1,1898758,1,3480817,1,184347,1,518592,1,4709,1,34459,1,5852,4,40,4,64729,4,2084,4,3417,8,0,0,2275,192,20,1,383413,1,912,1,2655,1,15441,2,4299,1,0,0,0,0,0,0,0,1,0,1,9570,1,6675,1,22968,1,9570,1,0,1
620,7455800,6675,9570,28.992771,0,0,16,0,0,108058,2495,3676,7347742,16,239,70,1,25631,1,30,1,1897606,1,4042174,1,269937,1,1105991,1,6303,1,48677,1,6393,4,401,4,64899,4,2886,4,3557,8,0,0,2767,192,80,1,938427,1,882,1,4619,1,27505,2,5170,1,0,0,0,0,0,0,0,1,0,1,9570,1,6675,1,22968,1,9570,1,0,1
621,6355200,6675,9570,28.992771,0,0,16,0,0,46696,962,4018,6308504,16,239,341,1,29669,1,160,1,1950982,1,3616066,1,181261,1,525355,1,4669,1,52565,1,5611,4,50,4,64178,4,2355,4,4098,8,0,0,2435,192,10,1,371359,1,872,1,2946,1,15781,2,4569,1,0,0,0,0,0,0,0,1,0,1,9570,1,6675,1,22968,1,9570,1,0,1
622,6561000,6675,9570,28.992771,0,0,16,0,0,46376,942,3506,6514624,16,239,30,1,25691,1,40,1,1908638,1,3542830,1,192002,1,840382,1,5010,1,33837,1,5611,4,40,4,65791,4,2004,4,3898,8,0,0,2396,192,10,1,704251,1,872,1,3176,1,15631,2,4319,1,0,0,0,0,0,0,0,1,0,1,9570,1,6675,1,22968,1,9570,1,0,1
623,6108100,6675,9570,28.992771,0,0,16,0,0,61478,1402,3506,6046622,16,239,30,1,27244,1,60,1,1900762,1,3506007,1,184838,1,421629,1,6052,1,33727,1,11723,4,90,4,67053,4,2966,4,3477,8,0,0,2937,192,20,1,270468,1,862,1,3397,1,22144,2,4299,1,0,0,0,0,0,0,0,1,0,1,9570,1,6675,1,22968,1,9570,1,0,1
624,6583700,6675,9570,28.992771,0,0,16,0,0,45038,1283,3195,6538662,16,239,90,1,31583,1,50,1,2280027,1,3509454,1,179607,1,533231,1,4619,1,32956,1,5411,4,60,4,63717,4,2184,4,3397,8,0,0,2386,192,10,1,400828,1,862,1,2555,1,15621,2,4349,1,0,0,0,0,0,0,0,1,0,1,9570,1,6675,1,22968,1,9570,1,0,1
625,7321300,6675,9570,28.992771,0,0,16,0,0,41774,2565,4229,7279526,16,239,80,1,43787,1,60,1,2170880,1,3507099,1,243885,1,1308604,1,5130,1,40350,1,5741,4,30,4,64839,4,2475,4,4018,8,0,0,2264,192,20,1,1143435,1,1102,1,7064,1,31322,2,5641,1,0,0,0,0,0,0,0,1,0,1,9570,1,6675,1,22968,1,9570,1,0,1
626,7495600,6675,9570,28.992771,0,0,16,0,0,41076,1142,3216,7454524,16,239,170,1,36012,1,581,1,2245238,1,3720734,1,180179,1,1266270,1,5341,1,35180,1,6002,4,40,4,65080,4,1994,4,3587,8,0,0,2365,192,10,1,1124989,1,882,1,2786,1,20100,2,4479,1,0,0,0,0,0,0,0,1,0,1,9570,1,6675,1,22968,1,9570,1,0,1
627,7080600,6675,9570,28.992771,0,0,16,0,0,43045,3166,3636,7037555,16,239,50,1,26152,1,40,1,2541378,1,3567509,1,198124,1,699171,1,5130,1,43166,1,6062,4,50,4,64027,4,2465,4,3697,8,0,0,2526,192,10,1,543111,1,882,1,5361,1,22695,2,4479,1,0,0,0,0,0,0,0,1,0,1,9570,1,6675,1,22968,1,9570,1,0,1
628,6504500,6675,9570,28.992771,0,0,16,0,0,43703,802,3165,6460797,16,239,240,1,25601,1,40,1,1916103,1,3498311,1,199888,1,815914,1,4699,1,51262,1,5580,4,30,4,65831,4,1824,4,3517,8,0,0,2175,192,10,1,663480,1,852,1,2655,1,15641,2,4429,1,0,0,0,0,0,0,0,1,0,1,9570,1,6675,1,22968,1,9570,1,0,1
629,6172300,6675,9570,28.992771,0,0,16,0,0,36129,832,3377,6136171,16,239,100,1,26813,1,30,1,1917075,1,3523332,1,187253,1,476949,1,4619,1,33166,1,5380,4,40,4,63666,4,2004,4,3858,8,0,0,2485,192,20,1,345558,1,862,1,2966,1,14308,2,4289,1,0,0,0,0,0,0,0,1,0,1,9570,1,6675,1,22968,1,9570,1,0,1
630,6762400,6675,9570,28.992771,0,0,16,0,0,45444,1112,3587,6716956,16,239,40,1,25751,1,20,1,1898518,1,3464384,1,192202,1,1129327,1,6713,1,33807,1,5852,4,70,4,63587,4,2164,4,3667,8,0,0,2245,192,10,1,983597,1,852,1,2876,1,26092,2,5641,1,0,0,0,0,0,0,0,1,0,1,9570,1,6675,1,22968,1,9570,1,0,1
631,6745200,6675,9570,28.992771,0,0,16,0,0,79556,1854,3386,6665644,16,239,50,1,33046,1,50,1,1896815,1,3819491,1,196110,1,714592,1,5491,1,36082,1,6252,4,120,4,65029,4,2305,4,3497,8,0,0,2416,192,10,1,571617,1,852,1,4529,1,18156,2,4289,1,0,0,0,0,0,0,0,1,0,1,9570,1,6675,1,22968,1,9570,1,0,1
632,6527600,6675,9570,28.992771,0,0,16,0,0,43246,732,3166,6484354,16,239,110,1,26733,1,50,1,1900953,1,3592138,1,184487,1,775132,1,4749,1,34980,1,5892,4,50,4,64107,4,1964,4,3537,8,0,0,2335,192,20,1,637308,1,862,1,2846,1,18597,2,4238,1,0,0,0,0,0,0,0,1,0,1,9570,1,6675,1,22968,1,9570,1,0,1
633,6291500,6675,9570,28.992771,0,0,16,0,0,39960,682,3426,6251540,16,239,20,1,25270,1,40,1,1899911,1,3574804,1,181692,1,565074,1,4729,1,33978,1,6102,4,40,4,63977,4,1994,4,3777,8,0,0,2345,192,10,1,428603,1,852,1,4238,1,16603,2,4218,1,0,0,0,0,0,0,0,1,0,1,9570,1,6675,1,22968,1,9570,1,0,1
634,6418900,6675,9570,28.992771,0,0,16,0,0,39455,712,3474,6379445,16,239,10,1,25491,1,40,1,1899730,1,3512840,1,186110,1,750323,1,4900,1,34659,1,5902,4,40,4,64659,4,2024,4,3617,8,0,0,2166,192,10,1,613020,1,872,1,2766,1,17575,2,4469,1,0,0,0,0,0,0,0,1,0,1,9570,1,6675,1,22968,1,9570,1,0,1
635,6460100,6675,9570,28.992771,0,0,16,0,0,49744,1172,4269,6410356,16,239,20,1,25952,1,80,1,1879881,1,3492610,1,188695,1,818098,1,5020,1,40651,1,5822,4,40,4,63747,4,3246,4,3547,8,0,0,2525,192,20,1,665715,1,1473,1,4168,1,24258,2,4238,1,0,0,0,0,0,0,0,1,0,1,9570,1,6675,1,22968,1,9570,1,0,1
636,7076200,6675,9570,28.992771,0,0,16,0,0,37604,1543,3657,7038596,16,239,20,1,25611,1,10,1,1913558,1,3937305,1,226701,1,929860,1,5531,1,36994,1,7004,4,190,4,64398,4,2305,4,3828,8,0,0,2476,192,20,1,785293,1,902,1,3016,1,20080,2,4289,1,0,0,0,0,0,0,0,1,0,1,9570,1,6675,1,22968,1,9570,1,0,1
637,6418700,6675,9570,28.992771,0,0,16,0,0,41499,852,3426,6377201,16,239,150,1,25771,1,120,1,1904370,1,3620355,1,183866,1,637719,1,4850,1,34619,1,6303,4,40,4,64148,4,1924,4,3707,8,0,0,2206,192,20,1,500807,1,852,1,3146,1,17054,2,4248,1,0,0,0,0,0,0,0,1,0,1,9570,1,6675,1,22968,1,9570,1,0,1
638,6660300,6675,9570,28.992771,0,0,16,0,0,41018,1062,3556,6619282,16,239,70,1,26092,1,130,1,1902336,1,3591557,1,185399,1,908819,1,4880,1,38146,1,5982,4,40,4,64538,4,2254,4,3567,8,0,0,2265,192,10,1,764511,1,852,1,3667,1,19960,2,4228,1,0,0,0,0,0,0,0,1,0,1,9570,1,6675,1,22968,1,9570,1,0,1
639,6274300,6675,9570,28.992771,0,0,16,0,0,38421,762,3506,6235879,16,239,281,1,25932,1,130,1,1902566,1,3545185,1,183325,1,573672,1,4790,1,34519,1,5922,4,111,4,66362,4,1944,4,3747,8,0,0,2185,192,20,1,435306,1,852,1,2565,1,17324,2,4238,1,0,0,0,0,0,0,0,1,0,1,9570,1,6675,1,22968,1,9570,1,0,1
640,6420200,6675,9570,28.992771,0,0,16,0,0,54583,942,3325,6365617,16,239,10,1,25631,1,150,1,1898698,1,3516037,1,198455,1,721666,1,4970,1,34719,1,5531,4,40,4,63737,4,1904,4,3527,8,0,0,2106,192,10,1,586176,1,872,1,3637,1,16363,2,4208,1,0,0,0,0,0,0,0,1,0,1,9570,1,6675,1,22968,1,9570,1,0,1
641,6908700,6675,9570,28.992771,0,0,16,0,0,58919,1483,3577,6849781,16,239,40,1,27425,1,170,1,2003287,1,3760754,1,190960,1,861264,1,5882,1,36954,1,9509,4,30,4,66653,4,2244,4,3627,8,0,0,2295,192,80,1,707297,1,922,1,3196,1,23457,2,5812,1,0,0,0,0,0,0,0,1,0,1,9570,1,6675,1,22968,1,9570,1,0,1
642,6739300,6675,9570,28.992771,0,0,16,0,0,39528,932,3556,6699772,16,239,120,1,27705,1,100,1,1927596,1,3617158,1,205840,1,916333,1,4920,1,36032,1,9479,4,40,4,88776,4,1924,4,3848,8,0,0,2216,192,10,1,744942,1,852,1,2996,1,22194,2,4309,1,0,0,0,0,0,0,0,1,0,1,9570,1,6675,1,22968,1,9570,1,0,1
643,6414600,6675,9570,28.992771,0,0,16,0,0,37951,792,4128,6376649,16,239,70,1,26493,1,20,1,1900512,1,3582679,1,203335,1,658550,1,4990,1,38897,1,8567,4,40,4,67364,4,2024,4,4399,8,0,0,2295,192,20,1,507450,1,862,1,3527,1,18607,2,6002,1,0,0,0,0,0,0,0,1,0,1,9570,1,6675,1,22968,1,9570,1,0,1
644,6347500,6675,9570,28.992771,0,0,16,0,0,34698,792,3596,6312802,16,239,40,1,25932,1,60,1,1901344,1,3515436,1,181952,1,683079,1,4960,1,34378,1,5651,4,40,4,65961,4,1934,4,3827,8,0,0,2166,192,10,1,544954,1,862,1,2585,1,17815,2,4268,1,0,0,0,0,0,0,0,1,0,1,9570,1,6675,1,22968,1,9570,1,0,1
645,6300300,6675,9570,28.992771,0,0,16,0,0,41515,872,3355,6258785,16,239,30,1,27795,1,50,1,1903618,1,3489123,1,212112,1,621156,1,4900,1,33406,1,5701,4,30,4,63737,4,2134,4,3677,8,0,0,2456,192,10,1,484364,1,1002,1,3317,1,18627,2,4279,1,0,0,0,0,0,0,0,1,0,1,9570,1,6675,1,22968,1,9570,1,0,1
646,7167700,6675,9570,28.992771,0,0,16,0,0,42581,2124,4257,7125119,16,239,20,1,27545,1,40,1,1894590,1,3602880,1,203846,1,1390988,1,5210,1,47585,1,9058,4,441,4,66342,4,2856,4,4108,8,0,0,2707,192,20,1,1207673,1,922,1,4218,1,40561,2,5080,1,0,0,0,0,0,0,0,1,0,1,9570,1,6675,1,22968,1,9570,1,0,1
647,6774300,6675,9570,28.992771,0,0,16,0,0,38296,782,3526,6736004,16,239,10,1,27044,1,40,1,2238865,1,3583230,1,188285,1,693570,1,4960,1,53677,1,5912,4,60,4,64639,4,2575,4,3767,8,0,0,2817,192,10,1,529383,1,862,1,2525,1,25080,2,4299,1,0,0,0,0,0,0,0,1,0,1,9570,1,6675,1,22968,1,9570,1,0,1
648,6559300,6675,9570,28.992771,0,0,16,0,0,38233,872,3446,6521067,16,239,20,1,26443,1,20,1,1911374,1,3492780,1,181251,1,904380,1,4800,1,52244,1,6533,4,40,4,69999,4,2264,4,4589,8,0,0,3408,192,10,1,741195,1,862,1,2465,1,18497,2,4810,1,0,0,0,0,0,0,0,1,0,1,9570,1,6675,1,22968,1,9570,1,0,1
649,6319400,6675,9570,28.992771,0,0,16,0,0,40946,812,3215,6278454,16,239,20,1,26924,1,20,1,1886805,1,3490426,1,182964,1,686556,1,4739,1,41372,1,5561,4,30,4,64308,4,1954,4,3627,8,0,0,2365,192,20,1,541447,1,862,1,2796,1,19579,2,4188,1,0,0,0,0,0,0,0,1,0,1,9570,1,6675,1,22968,1,9570,1,0,1
650,6305200,6675,9570,28.992771,0,0,16,0,0,68179,1072,3204,6237021,16,239,40,1,28076,1,40,1,1892326,1,3499855,1,181551,1,630344,1,4790,1,33306,1,5511,4,40,4,66162,4,1864,4,3467,8,0,0,2126,192,10,1,494865,1,862,1,2395,1,16603,2,4188,1,0,0,0,0,0,0,0,1,0,1,9570,1,6675,1,22968,1,9570,1,0,1
651,6665400,6675,9570,28.992771,0,0,16,0,0,41789,1253,4199,6623611,16,239,100,1,31823,1,20,1,1888067,1,3604222,1,195188,1,899019,1,5170,1,38587,1,12825,4,60,4,69619,4,3667,4,3958,8,0,0,3427,192,80,1,733450,1,1002,1,3357,1,26483,2,4679,1,0,0,0,0,0,0,0,1,0,1,9570,1,6675,1,22968,1,9570,1,0,1
652,6615900,6675,9570,28.992771,0,0,16,0,0,37199,1012,3666,6578701,16,239,10,1,26543,1,40,1,1890452,1,3555555,1,182162,1,918478,1,5461,1,35220,1,6413,4,40,4,66102,4,2004,4,4018,8,0,0,2356,192,20,1,770653,1,872,1,4128,1,23817,2,4178,1,0,0,0,0,0,0,0,1,0,1,9570,1,6675,1,22968,1,9570,1,0,1
653,6396800,6675,9570,28.992771,0,0,16,0,0,43347,1804,3826,6353453,16,239,20,1,26643,1,50,1,1899730,1,3545656,1,182804,1,693640,1,4910,1,34408,1,6232,4,30,4,66793,4,2224,4,4028,8,0,0,2426,192,80,1,549383,1,872,1,2665,1,20731,2,4389,1,0,0,0,0,0,0,0,1,0,1,9570,1,6675,1,22968,1,9570,1,0,1
654,6407000,6675,9570,28.992771,0,0,16,0,0,38156,922,3556,6368844,16,239,20,1,26252,1,30,1,1910883,1,3501217,1,181491,1,744061,1,4890,1,34368,1,5701,4,50,4,65671,4,2054,4,3727,8,0,0,2225,192,10,1,603631,1,862,1,3968,1,18827,2,4268,1,0,0,0,0,0,0,0,1,0,1,9570,1,6675,1,22968,1,9570,1,0,1
655,6271100,6675,9570,28.992771,0,0,16,0,0,37455,1323,3236,6233645,16,239,30,1,25320,1,50,1,1892215,1,3528752,1,183094,1,599373,1,4810,1,34559,1,5731,4,40,4,63967,4,2194,4,3447,8,0,0,2405,192,10,1,463242,1,892,1,2525,1,17274,2,4168,1,0,0,0,0,0,0,0,1,0,1,9570,1,6675,1,22968,1,9570,1,0,1
656,7019900,6675,9570,28.992771,0,0,16,0,0,54800,1122,3426,6965100,16,239,10,1,25441,1,50,1,1893047,1,3584894,1,289536,1,1166361,1,5761,1,40911,1,7104,4,40,4,64108,4,2214,4,3587,8,0,0,2376,192,10,1,1008527,1,1252,1,6693,1,26012,2,4780,1,0,0,0,0,0,0,0,1,0,1,9570,1,6675,1,22968,1,9570,1,0,1
657,6589000,6675,9570,28.992771,0,0,16,0,0,36030,832,3377,6552970,16,239,150,1,26553,1,50,1,1890572,1,3705303,1,184377,1,740814,1,5150,1,35080,1,5912,4,40,4,63967,4,2114,4,3717,8,0,0,2455,192,20,1,601146,1,922,1,2595,1,20240,2,4228,1,0,0,0,0,0,0,0,1,0,1,9570,1,6675,1,22968,1,9570,1,0,1
658,6581900,6675,9570,28.992771,0,0,16,0,0,37938,742,3596,6543962,16,239,10,1,26633,1,30,1,1891765,1,3598100,1,180439,1,842036,1,4950,1,34228,1,5531,4,40,4,63717,4,1994,4,3757,8,0,0,2156,192,20,1,703801,1,862,1,3467,1,19599,2,4279,1,0,0,0,0,0,0,0,1,0,1,9570,1,6675,1,22968,1,9570,1,0,1
659,6219800,6675,9570,28.992771,0,0,16,0,0,36616,802,3516,6183184,16,239,20,1,26222,1,30,1,1885292,1,3518722,1,180389,1,567750,1,4759,1,33587,1,5591,4,21,4,65881,4,1894,4,3818,8,0,0,2195,192,10,1,431889,1,862,1,2505,1,16673,2,4218,1,0,0,0,0,0,0,0,1,0,1,9570,1,6675,1,22968,1,9570,1,0,1
660,6407500,6675,9570,28.992771,0,0,16,0,0,39007,781,3215,6368493,16,239,40,1,26012,1,50,1,1900702,1,3506327,1,181601,1,748770,1,4990,1,34108,1,7385,4,40,4,63867,4,2064,4,3447,8,0,0,2296,192,10,1,610735,1,942,1,3387,1,17735,2,4268,1,0,0,0,0,0,0,0,1,0,1,9570,1,6675,1,22968,1,9570,1,0,1
661,6376800,6675,9570,28.992771,0,0,16,0,0,40681,862,3617,6336119,16,239,30,1,25912,1,30,1,1891083,1,3493121,1,182573,1,738630,1,4739,1,34208,1,5471,4,50,4,63697,4,1873,4,3988,8,0,0,2245,192,20,1,602178,1,852,1,3226,1,17936,2,4268,1,0,0,0,0,0,0,0,1,0,1,9570,1,6675,1,22968,1,9570,1,0,1
662,7091600,6675,9570,28.992771,0,0,16,0,0,68354,1624,3616,7023246,16,239,10,1,30551,1,30,1,1892025,1,3988818,1,185078,1,921333,1,5401,1,35841,1,8076,4,40,4,64989,4,2575,4,3457,8,0,0,2415,192,160,1,776515,1,872,1,2876,1,18908,2,5401,1,0,0,0,0,0,0,0,1,0,1,9570,1,6675,1,22968,1,9570,1,0,1
663,6511400,6675,9570,28.992771,0,0,16,0,0,41786,1263,3355,6469614,16,239,240,1,43847,1,80,1,2126762,1,3619302,1,179467,1,495205,1,4709,1,34328,1,6212,4,50,4,64448,4,2645,4,3497,8,0,0,2787,192,20,1,359085,1,872,1,2956,1,15310,2,4519,1,0,0,0,0,0,0,0,1,0,1,9570,1,6675,1,22968,1,9570,1,0,1
664,6314700,6675,9570,28.992771,0,0,16,0,0,36567,782,5210,6278133,16,239,50,1,26382,1,20,1,1888548,1,3542339,1,182453,1,633711,1,4629,1,33226,1,6202,4,50,4,63817,4,2114,4,5270,8,0,0,2175,192,30,1,499003,1,842,1,2796,1,14980,2,4599,1,0,0,0,0,0,0,0,1,0,1,9570,1,6675,1,22968,1,9570,1,0,1
665,6247400,6675,9570,28.992771,0,0,16,0,0,37753,1784,3496,6209647,16,239,140,1,26002,1,40,1,1891354,1,3526097,1,207192,1,554233,1,4589,1,37655,1,5711,4,50,4,67053,4,2655,4,3457,8,0,0,2616,192,10,1,408353,1,862,1,3848,1,18447,2,4349,1,0,0,0,0,0,0,0,1,0,1,9570,1,6675,1,22968,1,9570,1,0,1
666,6273900,6675,9570,28.992771,0,0,16,0,0,35957,782,3056,6237943,16,239,40,1,25030,1,50,1,1887757,1,3479945,1,182593,1,657739,1,4790,1,33677,1,5491,4,40,4,63707,4,1764,4,3437,8,0,0,2145,192,10,1,525165,1,852,1,2445,1,16132,2,4238,1,0,0,0,0,0,0,0,1,0,1,9570,1,6675,1,22968,1,9570,1,0,1
667,6940200,6675,9570,28.992771,0,0,16,0,0,46371,1764,3236,6893829,16,239,10,1,25411,1,40,1,1889610,1,3730534,1,187834,1,1053326,1,7064,1,36192,1,7375,4,40,4,65280,4,2234,4,3467,8,0,0,2465,192,120,1,883789,1,1323,1,2806,1,43366,2,5571,1,0,0,0,0,0,0,0,1,0,1,9570,1,6675,1,22968,1,9570,1,0,1
668,6828700,6675,9570,28.992771,0,0,16,0,0,46133,752,3666,6782567,16,239,250,1,39418,1,441,1,1982796,1,3556758,1,180509,1,1017395,1,5000,1,34589,1,6112,4,30,4,63466,4,1934,4,4088,8,0,0,2356,192,10,1,863278,1,912,1,2745,1,34950,2,4529,1,0,0,0,0,0,0,0,1,0,1,9570,1,6675,1,22968,1,9570,1,0,1
669,6449500,6675,9570,28.992771,0,0,16,0,0,49444,2565,3145,6400056,16,239,30,1,33447,1,80,1,1890502,1,3555746,1,233034,1,681656,1,5561,1,35821,1,5681,4,170,4,64007,4,2014,4,3427,8,0,0,2295,192,10,1,524624,1,942,1,6763,1,31473,2,4158,1,0,0,0,0,0,0,0,1,0,1,9570,1,6675,1,22968,1,9570,1,0,1
670,6459400,6675,9570,28.992771,0,0,16,0,0,38763,872,3185,6420637,16,239,150,1,35521,1,30,1,1908748,1,3526167,1,182363,1,762898,1,4759,1,34328,1,5531,4,40,4,64298,4,1954,4,3487,8,0,0,2255,192,10,1,625885,1,892,1,3457,1,17896,2,4248,1,0,0,0,0,0,0,0,1,0,1,9570,1,6675,1,22968,1,9570,1,0,1
671,6185800,6675,9570,28.992771,0,0,16,0,0,37094,822,3666,6148706,16,239,20,1,25220,1,30,1,1884690,1,3497740,1,181090,1,555235,1,4679,1,34068,1,5561,4,40,4,64308,4,2475,4,3537,8,0,0,2345,192,20,1,420447,1,882,1,2705,1,16212,2,4158,1,0,0,0,0,0,0,0,1,0,1,9570,1,6675,1,22968,1,9570,1,0,1
672,7007700,6675,9570,28.992771,0,0,16,0,0,47309,1693,3828,6960391,16,239,20,1,25360,1,60,1,1907977,1,3687648,1,193214,1,1140840,1,5270,1,36162,1,7295,4,60,4,64809,4,2505,4,3908,8,0,0,2585,192,120,1,988477,1,1122,1,3547,1,26703,2,4439,1,0,0,0,0,0,0,0,1,0,1,9570,1,6675,1,22968,1,9570,1,0,1
673,6445200,6675,9570,28.992771,0,0,16,0,0,37499,792,3666,6407701,16,239,70,1,26372,1,40,1,1890031,1,3567680,1,180940,1,737688,1,4880,1,35420,1,6463,4,101,4,65861,4,1994,4,3958,8,0,0,2286,192,20,1,593511,1,892,1,2806,1,21533,2,4339,1,0,0,0,0,0,0,0,1,0,1,9570,1,6675,1,22968,1,9570,1,0,1
674,6488100,6675,9570,28.992771,0,0,16,0,0,39568,862,3837,6448532,16,239,50,1,25962,1,30,1,1880763,1,3538291,1,181511,1,816926,1,5000,1,34509,1,5942,4,40,4,66382,4,2625,4,3487,8,0,0,2275,192,20,1,672548,1,982,1,3467,1,21723,2,4339,1,0,0,0,0,0,0,0,1,0,1,9570,1,6675,1,22968,1,9570,1,0,1
675,6239700,6675,9570,28.992771,0,0,16,0,0,40885,792,3176,6198815,16,239,40,1,25661,1,90,1,1883949,1,3506297,1,183866,1,594172,1,4739,1,34138,1,5471,4,50,4,64007,4,2064,4,3467,8,0,0,2355,192,10,1,458913,1,902,1,2495,1,17675,2,4188,1,0,0,0,0,0,0,0,1,0,1,9570,1,6675,1,22968,1,9570,1,0,1
676,6322100,6675,9570,28.992771,0,0,16,0,0,35360,1103,3496,6286740,16,239,50,1,25922,1,30,1,1896494,1,3507069,1,180389,1,671967,1,4820,1,33847,1,5461,4,40,4,65621,4,2304,4,3517,8,0,0,2326,192,10,1,535415,1,862,1,2916,1,16733,2,4138,1,0,0,0,0,0,0,0,1,0,1,9570,1,6675,1,22968,1,9570,1,0,1
677,6804000,6675,9570,28.992771,0,0,16,0,0,58837,1944,3416,6745163,16,239,250,1,39639,1,80,1,2111692,1,3629873,1,183946,1,774211,1,5471,1,35180,1,6242,4,281,4,64208,4,2365,4,3447,8,0,0,2396,192,200,1,633070,1,872,1,3507,1,18397,2,4499,1,0,0,0,0,0,0,0,1,0,1,9570,1,6675,1,22968,1,9570,1,0,1
678,6468300,6675,9570,28.992771,0,0,16,0,0,47643,1012,3315,6420657,16,239,421,1,32154,1,281,1,1908327,1,3549714,1,220058,1,704973,1,4729,1,34378,1,6513,4,50,4,63817,4,2154,4,3487,8,0,0,2326,192,10,1,564614,1,852,1,7505,1,15972,2,4609,1,0,0,0,0,0,0,0,1,0,1,9570,1,6675,1,22968,1,9570,1,0,1
679,6284400,6675,9570,28.992771,0,0,16,0,0,40074,762,3427,6244326,16,239,40,1,25611,1,30,1,1883027,1,3582659,1,180670,1,567469,1,4820,1,34388,1,6603,4,40,4,65230,4,2084,4,3677,8,0,0,2335,192,10,1,430025,1,862,1,2655,1,16493,2,4639,1,0,0,0,0,0,0,0,1,0,1,9570,1,6675,1,22968,1,9570,1,0,1
680,6359300,6675,9570,28.992771,0,0,16,0,0,44825,842,3336,6314475,16,239,10,1,25882,1,30,1,1893358,1,3513031,1,183004,1,694472,1,4689,1,34549,1,5782,4,40,4,65921,4,1954,4,3597,8,0,0,2215,192,10,1,557099,1,902,1,2665,1,16132,2,4980,1,0,0,0,0,0,0,0,1,0,1,9570,1,6675,1,22968,1,9570,1,0,1
681,6254100,6675,9570,28.992771,0,0,16,0,0,36567,1123,3546,6217533,16,239,80,1,25791,1,80,1,1882416,1,3532730,1,235008,1,536718,1,4709,1,38056,1,6262,4,50,4,64579,4,1903,4,3808,8,0,0,2166,192,60,1,394485,1,852,1,3427,1,17805,2,4309,1,0,0,0,0,0,0,0,1,0,1,9570,1,6675,1,22968,1,9570,1,0,1
682,7274100,6675,9570,28.992771,0,0,16,0,0,56407,1474,4238,7217693,16,239,10,1,25491,1,50,1,1890913,1,3491929,1,299446,1,1502811,1,7044,1,42485,1,11082,4,40,4,64538,4,3707,4,3447,8,0,0,2916,192,20,1,1321951,1,1553,1,2886,1,42685,2,6944,1,0,0,0,0,0,0,0,1,0,1,9570,1,6675,1,22968,1,9570,1,0,1
683,7266400,6675,9570,28.992771,0,0,16,0,0,38898,823,3515,7227502,16,239,301,1,28066,1,130,1,2554714,1,3704331,1,195118,1,739291,1,5551,1,35270,1,6743,4,50,4,64528,4,2154,4,3747,8,0,0,2386,192,10,1,600114,1,882,1,2725,1,18056,2,4188,1,0,0,0,0,0,0,0,1,0,1,9570,1,6675,1,22968,1,9570,1,0,1
684,6526900,6675,9570,28.992771,0,0,16,0,0,39600,1062,3977,6487300,16,239,10,1,25451,1,40,1,1891274,1,3573712,1,184297,1,807477,1,5040,1,36944,1,5741,4,40,4,63807,4,2665,4,3657,8,0,0,2346,192,10,1,665184,1,922,1,3597,1,19459,2,4389,1,0,0,0,0,0,0,0,1,0,1,9570,1,6675,1,22968,1,9570,1,0,1
685,6310000,6675,9570,28.992771,0,0,16,0,0,38931,1142,3495,6271069,16,239,30,1,26473,1,20,1,1886755,1,3533522,1,181531,1,637960,1,4780,1,34048,1,5671,4,60,4,65280,4,2134,4,3667,8,0,0,2307,192,20,1,501548,1,892,1,2595,1,16623,2,4279,1,0,0,0,0,0,0,0,1,0,1,9570,1,6675,1,22968,1,9570,1,0,1
686,6401200,6675,9570,28.992771,0,0,16,0,0,42707,702,3335,6358493,16,239,40,1,25751,1,40,1,1909069,1,3498011,1,200419,1,720394,1,4769,1,57715,1,6262,4,40,4,66031,4,1954,4,3577,8,0,0,2196,192,10,1,558521,1,862,1,4018,1,16373,2,4329,1,0,0,0,0,0,0,0,1,0,1,9570,1,6675,1,22968,1,9570,1,0,1
687,6296000,6675,9570,28.992771,0,0,16,0,0,74239,732,3104,6221761,16,239,20,1,25340,1,20,1,1887747,1,3466278,1,180349,1,654593,1,7415,1,45641,1,5541,4,40,4,63587,4,1984,4,3437,8,0,0,2316,192,10,1,508482,1,972,1,2435,1,17435,2,4299,1,0,0,0,0,0,0,0,1,0,1,9570,1,6675,1,22968,1,9570,1,0,1
688,7398100,6675,9570,28.992771,0,0,16,0,0,56631,1433,3566,7341469,16,239,160,1,40962,1,140,1,2199617,1,3735724,1,184307,1,1175259,1,5301,1,35400,1,5551,4,151,4,63707,4,2595,4,3447,8,0,0,2476,192,261,1,1032895,1,872,1,3387,1,20942,2,4619,1,0,0,0,0,0,0,0,1,0,1,9570,1,6675,1,22968,1,9570,1,0,1
689,6461600,6675,9570,28.992771,0,0,16,0,0,54520,1192,3376,6407080,16,239,271,1,26112,1,30,1,2091833,1,3543131,1,182022,1,559032,1,4649,1,33837,1,5381,4,70,4,64388,4,2244,4,3537,8,0,0,2406,192,20,1,425036,1,872,1,2615,1,15381,2,4459,1,0,0,0,0,0,0,0,1,0,1,9570,1,6675,1,22968,1,9570,1,0,1
690,6623900,6675,9570,28.992771,0,0,16,0,0,50589,1082,3215,6573311,16,239,190,1,33507,1,70,1,2249236,1,3504905,1,181201,1,599533,1,4669,1,33246,1,5401,4,40,4,64027,4,2064,4,3447,8,0,0,2296,192,20,1,467440,1,882,1,2515,1,15010,2,4359,1,0,0,0,0,0,0,0,1,0,1,9570,1,6675,1,22968,1,9570,1,0,1
691,6117100,6675,9570,28.992771,0,0,16,0,0,45057,722,3235,6072043,16,239,60,1,33226,1,30,1,1889480,1,3486097,1,179257,1,479314,1,4579,1,33988,1,5501,4,40,4,63727,4,1954,4,3557,8,0,0,2275,192,20,1,346359,1,852,1,2615,1,15711,2,4268,1,0,0,0,0,0,0,0,1,0,1,9570,1,6675,1,22968,1,9570,1,0,1
692,6466000,6675,9570,28.992771,0,0,16,0,0,43129,762,3125,6422871,16,239,40,1,24659,1,40,1,1886193,1,3448352,1,180970,1,877687,1,4930,1,33887,1,5501,4,40,4,63987,4,1884,4,3427,8,0,0,2185,192,10,1,740143,1,852,1,2595,1,20330,2,4268,1,0,0,0,0,0,0,0,1,0,1,9570,1,6675,1,22968,1,9570,1,0,1
693,7248400,6675,9570,28.992771,0,0,16,0,0,73262,1794,3666,7175138,16,239,50,1,24930,1,20,1,1931944,1,4239967,1,181351,1,791134,1,5741,1,36022,1,6533,4,601,4,63687,4,2735,4,3457,8,0,0,2526,192,70,1,647108,1,902,1,3166,1,20381,2,4679,1,0,0,0,0,0,0,0,1,0,1,9570,1,6675,1,22968,1,9570,1,0,1
694,6978100,6675,9570,28.992771,0,0,16,0,0,48811,1633,3887,6929289,16,239,431,1,36533,1,160,1,2205469,1,3632919,1,179337,1,869530,1,4910,1,34439,1,6283,4,50,4,63526,4,2806,4,3477,8,0,0,2396,192,70,1,729742,1,872,1,3036,1,18978,2,4619,1,0,0,0,0,0,0,0,1,0,1,9570,1,6675,1,22968,1,9570,1,0,1
695,6417700,6675,9570,28.992771,0,0,16,0,0,40069,1403,3205,6377631,16,239,30,1,26302,1,100,1,1911193,1,3584433,1,180990,1,669753,1,4830,1,36493,1,6252,4,180,4,63897,4,2134,4,3507,8,0,0,2436,192,10,1,529253,1,1002,1,2705,1,18437,2,4479,1,0,0,0,0,0,0,0,1,0,1,9570,1,6675,1,22968,1,9570,1,0,1
696,6411100,6675,9570,28.992771,0,0,16,0,0,40353,972,3146,6370747,16,239,90,1,25551,1,50,1,1894490,1,3536447,1,178325,1,730995,1,4800,1,33807,1,5822,4,30,4,63536,4,1964,4,3427,8,0,0,2245,192,10,1,594854,1,862,1,3196,1,18206,2,4309,1,0,0,0,0,0,0,0,1,0,1,9570,1,6675,1,22968,1,9570,1,0,1
697,6393300,6675,9570,28.992771,0,0,16,0,0,40168,881,3016,6353132,16,239,10,1,25531,1,60,1,1888859,1,3536818,1,180629,1,716235,1,4990,1,33467,1,5491,4,30,4,63777,4,1894,4,3387,8,0,0,2264,192,20,1,578742,1,862,1,3537,1,19739,2,4409,1,0,0,0,0,0,0,0,1,0,1,9570,1,6675,1,22968,1,9570,1,0,1
698,7209300,6675,9570,28.992771,0,0,16,0,0,43981,1363,3866,7165319,16,239,10,1,30370,1,50,1,1891765,1,3908027,1,191691,1,1138455,1,4950,1,36372,1,6613,4,200,4,64378,4,2044,4,4228,8,0,0,2406,192,130,1,989559,1,952,1,3206,1,24920,2,4489,1,0,0,0,0,0,0,0,1,0,1,9570,1,6675,1,22968,1,9570,1,0,1
699,6552700,6675,9570,28.992771,0,0,16,0,0,40972,1023,3646,6511728,16,239,70,1,26403,1,40,1,1886574,1,3676316,1,183535,1,734011,1,4780,1,35110,1,5902,4,40,4,63797,4,2114,4,4358,8,0,0,2826,192,10,1,592970,1,842,1,3397,1,19599,2,4850,1,0,0,0,0,0,0,0,1,0,1,9570,1,6675,1,22968,1,9570,1,0,1
700,6416500,6675,9570,28.992771,0,0,16,0,0,42035,721,3115,6374465,16,239,90,1,25591,1,60,1,1890803,1,3515916,1,182022,1,755073,1,4910,1,33948,1,6072,4,21,4,65761,4,1984,4,3487,8,0,0,2356,192,10,1,616908,1,852,1,2355,1,18757,2,4198,1,0,0,0,0,0,0,0,1,0,1,9570,1,6675,1,22968,1,9570,1,0,1
701,6251900,6675,9570,28.992771,0,0,16,0,0,40299,902,3526,6211601,16,239,30,1,25581,1,30,1,1889039,1,3520926,1,183796,1,587399,1,4800,1,34288,1,5611,4,60,4,64388,4,2344,4,3477,8,0,0,2295,192,70,1,452260,1,892,1,2475,1,16443,2,4188,1,0,0,0,0,0,0,0,1,0,1,9570,1,6675,1,22968,1,9570,1,0,1
702,6567700,6675,9570,28.992771,0,0,16,0,0,38908,842,3266,6528792,16,239,40,1,28046,1,40,1,1889580,1,3534453,1,192713,1,879190,1,4729,1,35050,1,7976,4,40,4,67404,4,2034,4,3617,8,0,0,2385,192,10,1,732999,1,892,1,2675,1,21242,2,4408,1,0,0,0,0,0,0,0,1,0,1,9570,1,6675,1,22968,1,9570,1,0,1
703,6729900,6675,9570,28.992771,0,0,16,0,0,45258,1353,3436,6684642,16,239,30,1,27425,1,30,1,1885462,1,3728580,1,189277,1,848649,1,5190,1,36663,1,9258,4,30,4,64278,4,2254,4,3637,8,0,0,2455,192,10,1,699562,1,872,1,2986,1,22034,2,5711,1,0,0,0,0,0,0,0,1,0,1,9570,1,6675,1,22968,1,9570,1,0,1
704,6806500,6675,9570,28.992771,0,0,16,0,0,40596,782,3496,6765904,16,239,180,1,26894,1,30,1,1922666,1,3629322,1,219787,1,962044,1,4980,1,37725,1,9228,4,110,4,69368,4,2786,4,3757,8,0,0,3047,192,20,1,807517,1,842,1,3637,1,21643,2,4629,1,0,0,0,0,0,0,0,1,0,1,9570,1,6675,1,22968,1,9570,1,0,1
705,6378800,6675,9570,28.992771,0,0,16,0,0,38994,1663,3677,6339806,16,239,30,1,26262,1,50,1,1888949,1,3566617,1,183655,1,668951,1,5291,1,35100,1,8687,4,21,4,71602,4,2024,4,4038,8,0,0,2385,192,10,1,518422,1,862,1,2685,1,17846,2,5992,1,0,0,0,0,0,0,0,1,0,1,9570,1,6675,1,22968,1,9570,1,0,1
706,6521500,6675,9570,28.992771,0,0,16,0,0,36555,722,3406,6484945,16,239,30,1,25671,1,40,1,1928738,1,3563812,1,201541,1,760243,1,4870,1,34629,1,5581,4,40,4,63627,4,2043,4,3667,8,0,0,2305,192,10,1,621918,1,882,1,4479,1,17986,2,4659,1,0,0,0,0,0,0,0,1,0,1,9570,1,6675,1,22968,1,9570,1,0,1
707,6145700,6675,9570,28.992771,0,0,16,0,0,36774,712,3346,6108926,16,239,30,1,26362,1,50,1,1882616,1,3487801,1,182483,1,524884,1,4699,1,33567,1,5531,4,60,4,63597,4,2014,4,3477,8,0,0,2144,192,10,1,392391,1,852,1,2645,1,15801,2,4228,1,0,0,0,0,0,0,0,1,0,1,9570,1,6675,1,22968,1,9570,1,0,1
708,7371200,6675,9570,28.992771,0,0,16,0,0,41424,2094,5260,7329776,16,239,40,1,25771,1,100,1,1894781,1,3546698,1,197222,1,1659442,1,5721,1,46222,1,11884,4,170,4,70069,4,3958,4,4519,8,0,0,3217,192,120,1,1481939,1,1072,1,2685,1,28066,2,6643,1,0,0,0,0,0,0,0,1,0,1,9570,1,6675,1,22968,1,9570,1,0,1
709,6884100,6675,9570,28.992771,0,0,16,0,0,39179,963,3705,6844921,16,239,50,1,30220,1,90,1,2329546,1,3566156,1,200158,1,713770,1,4930,1,41933,1,6623,4,40,4,63847,4,2625,4,3427,8,0,0,2346,192,20,1,565806,1,922,1,4519,1,18757,2,4289,1,0,0,0,0,0,0,0,1,0,1,9570,1,6675,1,22968,1,9570,1,0,1
710,6582400,6675,9570,28.992771,0,0,16,0,0,42346,712,3456,6540054,16,239,30,1,25882,1,30,1,1895552,1,3505275,1,205379,1,902907,1,5000,1,34078,1,5621,4,40,4,63907,4,2284,4,3477,8,0,0,2305,192,20,1,767046,1,952,1,3166,1,17204,2,4399,1,0,0,0,0,0,0,0,1,0,1,9570,1,6675,1,22968,1,9570,1,0,1
711,6256700,6675,9570,28.992771,0,0,16,0,0,39087,972,4718,6217613,16,239,20,1,26282,1,100,1,1887737,1,3470296,1,188435,1,639863,1,4880,1,57224,1,5701,4,40,4,64288,4,1903,4,5812,8,0,0,2997,192,10,1,478552,1,942,1,3537,1,16543,2,4339,1,0,0,0,0,0,0,0,1,0,1,9570,1,6675,1,22968,1,9570,1,0,1
712,6355900,6675,9570,28.992771,0,0,16,0,0,37988,772,3526,6317912,16,239,40,1,27374,1,30,1,1930301,1,3505536,1,183766,1,666126,1,4739,1,33427,1,5521,4,60,4,63677,4,2014,4,3747,8,0,0,2235,192,20,1,532981,1,882,1,2495,1,16272,2,4258,1,0,0,0,0,0,0,0,1,0,1,9570,1,6675,1,22968,1,9570,1,0,1
713,6516800,6675,9570,28.992771,0,0,16,0,0,43529,1854,3445,6473271,16,239,30,1,25350,1,50,1,1888498,1,3582970,1,189878,1,781595,1,4900,1,38677,1,8066,4,40,4,64709,4,2044,4,3657,8,0,0,2256,192,10,1,635996,1,872,1,3176,1,17956,2,4539,1,0,0,0,0,0,0,0,1,0,1,9570,1,6675,1,22968,1,9570,1,0,1
714,6612300,6675,9570,28.992771,0,0,16,0,0,43518,1012,3196,6568782,16,239,20,1,26222,1,40,1,1932596,1,3541167,1,183826,1,880091,1,4820,1,36883,1,6283,4,160,4,63947,4,1854,4,3647,8,0,0,2305,192,80,1,737818,1,932,1,2806,1,20140,2,4529,1,0,0,0,0,0,0,0,1,0,1,9570,1,6675,1,22968,1,9570,1,0,1
715,6284500,6675,9570,28.992771,0,0,16,0,0,39032,862,3144,6245468,16,239,20,1,25511,1,80,1,1883378,1,3505426,1,182834,1,642889,1,5331,1,34218,1,5922,4,40,4,63597,4,2224,4,3437,8,0,0,2517,192,10,1,507710,1,852,1,2886,1,16964,2,4168,1,0,0,0,0,0,0,0,1,0,1,9570,1,6675,1,22968,1,9570,1,0,1
716,6417700,6675,9570,28.992771,0,0,16,0,0,48055,992,3406,6369645,16,239,30,1,25962,1,30,1,1930361,1,3517069,1,182082,1,709241,1,4870,1,36573,1,5771,4,30,4,63797,4,1884,4,3767,8,0,0,2245,192,20,1,570716,1,852,1,3467,1,16894,2,4479,1,0,0,0,0,0,0,0,1,0,1,9570,1,6675,1,22968,1,9570,1,0,1
717,6276900,6675,9570,28.992771,0,0,16,0,0,40740,892,3566,6236160,16,239,271,1,25491,1,60,1,1889480,1,3498271,1,185740,1,632068,1,4780,1,35070,1,6082,4,30,4,64358,4,2505,4,3457,8,0,0,2395,192,10,1,494674,1,852,1,2755,1,17174,2,4208,1,0,0,0,0,0,0,0,1,0,1,9570,1,6675,1,22968,1,9570,1,0,1
718,6550800,6675,9570,28.992771,0,0,16,0,0,70054,1163,3255,6480746,16,239,70,1,25541,1,30,1,1889270,1,3459785,1,184367,1,915592,1,6092,1,37665,1,5551,4,40,4,63587,4,1983,4,3457,8,0,0,2186,192,10,1,775493,1,842,1,2575,1,19078,2,4148,1,0,0,0,0,0,0,0,1,0,1,9570,1,6675,1,22968,1,9570,1,0,1
719,7167100,6675,9570,28.992771,0,0,16,0,0,130678,1644,3727,7036422,16,239,170,1,45100,1,912,1,1926444,1,3956884,1,192924,1,908257,1,5731,1,36823,1,7345,4,121,4,64739,4,2525,4,3918,8,0,0,2716,192,571,1,757618,1,972,1,3417,1,24128,2,4439,1,0,0,0,0,0,0,0,1,0,1,9570,1,6675,1,22968,1,9570,1,0,1
720,6761300,6675,9570,28.992771,0,0,16,0,0,36438,822,3175,6724862,16,239,90,1,27114,1,140,1,1933437,1,3629142,1,180539,1,949509,1,4890,1,34879,1,6132,4,30,4,63757,4,1934,4,3497,8,0,0,2255,192,20,1,807487,1,852,1,3507,1,22414,2,4178,1,0,0,0,0,0,0,0,1,0,1,9570,1,6675,1,22968,1,9570,1,0,1
721,6416000,6675,9570,28.992771,0,0,16,0,0,36956,1243,4088,6379044,16,239,30,1,25892,1,40,1,1885121,1,3606647,1,182894,1,673480,1,4940,1,37214,1,5952,4,40,4,63827,4,2033,4,4399,8,0,0,2345,192,10,1,531367,1,852,1,3277,1,18928,2,4339,1,0,0,0,0,0,0,0,1,0,1,9570,1,6675,1,22968,1,9570,1,0,1
722,6458200,6675,9570,28.992771,0,0,16,0,0,35800,702,5239,6422400,16,239,40,1,26623,1,50,1,1916864,1,3529153,1,181461,1,763038,1,5170,1,34408,1,6663,4,60,4,63797,4,1864,4,5551,8,0,0,2175,192,10,1,624042,1,852,1,3467,1,17425,2,4198,1,0,0,0,0,0,0,0,1,0,1,9570,1,6675,1,22968,1,9570,1,0,1
723,6752700,6675,9570,28.992771,0,0,16,0,0,67988,2355,4329,6684712,16,239,30,1,25711,1,50,1,1885282,1,3513923,1,225960,1,1028246,1,5511,1,61232,1,14880,4,70,4,102905,4,3337,4,4769,8,0,0,3778,192,20,1,798950,1,902,1,5721,1,26843,2,6262,1,0,0,0,0,0,0,0,1,0,1,9570,1,6675,1,22968,1,9570,1,0,1
724,7266800,6675,9570,28.992771,0,0,16,0,0,40019,1282,3836,7226781,16,239,10,1,50360,1,120,1,2159307,1,3879260,1,200649,1,932506,1,4569,1,36753,1,8727,4,40,4,67224,4,2154,4,4018,8,0,0,2336,192,0,1,783098,1,862,1,3627,1,20010,2,4709,1,0,0,0,0,0,0,0,1,0,1,9570,1,6675,1,22968,1,9570,1,0,1
725,6386300,6675,9570,28.992771,0,0,16,0,0,39390,942,3986,6346910,16,239,40,1,25821,1,70,1,1879991,1,3628210,1,182694,1,625455,1,4629,1,34479,1,7495,4,60,4,63827,4,2044,4,4268,8,0,0,2326,192,100,1,487470,1,872,1,2535,1,17084,2,4279,1,0,0,0,0,0,0,0,1,0,1,9570,1,6675,1,22968,1,9570,1,0,1
726,6507700,6675,9570,28.992771,0,0,16,0,0,42985,861,3376,6464715,16,239,20,1,25731,1,20,1,1889300,1,3547720,1,201741,1,795493,1,4689,1,34990,1,5992,4,30,4,63747,4,2054,4,3587,8,0,0,2266,192,10,1,655945,1,862,1,3778,1,18868,2,4769,1,0,0,0,0,0,0,0,1,0,1,9570,1,6675,1,22968,1,9570,1,0,1
727,6200900,6675,9570,28.992771,0,0,16,0,0,36373,852,3405,6164527,16,239,20,1,25851,1,90,1,1888698,1,3534463,1,183034,1,527700,1,4669,1,34198,1,6443,4,50,4,63917,4,2034,4,3577,8,0,0,2206,192,10,1,392661,1,852,1,2455,1,16132,2,4519,1,0,0,0,0,0,0,0,1,0,1,9570,1,6675,1,22968,1,9570,1,0,1
728,6778700,6675,9570,28.992771,0,0,16,0,0,46533,762,3456,6732167,16,239,10,1,25601,1,100,1,1891865,1,3495406,1,200299,1,1114027,1,4860,1,34038,1,5581,4,40,4,64158,4,2174,4,3667,8,0,0,2386,192,10,1,965271,1,1172,1,2545,1,29779,2,4830,1,0,0,0,0,0,0,0,1,0,1,9570,1,6675,1,22968,1,9570,1,0,1
729,6825900,6675,9570,28.992771,0,0,16,0,0,53143,1444,3516,6772757,16,239,20,1,64408,1,281,1,1893127,1,3676356,1,182573,1,951313,1,4679,1,37364,1,7384,4,40,4,63937,4,2324,4,3627,8,0,0,2435,192,20,1,805773,1,842,1,3407,1,20551,2,4599,1,0,0,0,0,0,0,0,1,0,1,9570,1,6675,1,22968,1,9570,1,0,1
730,6827900,6675,9570,28.992771,0,0,16,0,0,40553,741,3225,6787347,16,239,60,1,27044,1,110,1,2199477,1,3568481,1,195168,1,792317,1,4689,1,35771,1,5611,4,40,4,63877,4,2054,4,3457,8,0,0,2286,192,20,1,654733,1,842,1,2685,1,18316,2,4168,1,0,0,0,0,0,0,0,1,0,1,9570,1,6675,1,22968,1,9570,1,0,1
731,6358500,6675,9570,28.992771,0,0,16,0,0,38553,932,3155,6319947,16,239,30,1,25381,1,10,1,1886955,1,3556528,1,180199,1,666106,1,4739,1,33336,1,5561,4,50,4,64128,4,1904,4,3387,8,0,0,2135,192,20,1,532149,1,842,1,3457,1,16172,2,4168,1,0,0,0,0,0,0,0,1,0,1,9570,1,6675,1,22968,1,9570,1,0,1
732,6451900,6675,9570,28.992771,0,0,16,0,0,62235,871,3185,6389665,16,239,10,1,25010,1,30,1,1890773,1,3512450,1,184347,1,772126,1,4920,1,41643,1,5601,4,30,4,63807,4,1974,4,3457,8,0,0,2246,192,10,1,630996,1,852,1,2365,1,16212,2,4309,1,0,0,0,0,0,0,0,1,0,1,9570,1,6675,1,22968,1,9570,1,0,1
733,6335300,6675,9570,28.992771,0,0,16,0,0,37016,673,3126,6298284,16,239,20,1,25260,1,30,1,2008657,1,3547981,1,183335,1,528291,1,4709,1,33817,1,5551,4,60,4,64438,4,1913,4,3487,8,0,0,2275,192,20,1,393824,1,852,1,3367,1,16052,2,4238,1,0,0,0,0,0,0,0,1,0,1,9570,1,6675,1,22968,1,9570,1,0,1
734,6613400,6675,9570,28.992771,0,0,16,0,0,40130,922,3225,6573270,16,239,30,1,25250,1,40,1,1886564,1,3624412,1,182814,1,849250,1,4910,1,36673,1,6884,4,50,4,64027,4,2014,4,3447,8,0,0,2235,192,10,1,705063,1,892,1,5020,1,20030,2,4218,1,0,0,0,0,0,0,0,1,0,1,9570,1,6675,1,22968,1,9570,1,0,1
735,6454800,6675,9570,28.992771,0,0,16,0,0,41929,2105,3826,6412871,16,239,20,1,25932,1,60,1,1894861,1,3595034,1,193956,1,698139,1,4870,1,36833,1,6303,4,40,4,63907,4,2204,4,3877,8,0,0,2255,192,611,1,556407,1,872,1,2555,1,18176,2,4248,1,0,0,0,0,0,0,0,1,0,1,9570,1,6675,1,22968,1,9570,1,0,1
736,6411200,6675,9570,28.992771,0,0,16,0,0,41154,902,3707,6370046,16,239,20,1,25230,1,40,1,1888839,1,3502810,1,182183,1,766054,1,4870,1,34609,1,5892,4,40,4,65731,4,2034,4,3908,8,0,0,2235,192,10,1,626116,1,892,1,2645,1,19128,2,4148,1,0,0,0,0,0,0,0,1,0,1,9570,1,6675,1,22968,1,9570,1,0,1
737,6313000,6675,9570,28.992771,0,0,16,0,0,67782,751,3025,6245218,16,239,20,1,25922,1,30,1,1888418,1,3485376,1,181130,1,656837,1,7485,1,33837,1,5511,4,21,4,63867,4,1944,4,3417,8,0,0,2336,192,10,1,522349,1,872,1,2665,1,17314,2,4279,1,0,0,0,0,0,0,0,1,0,1,9570,1,6675,1,22968,1,9570,1,0,1
738,6615800,6675,9570,28.992771,0,0,16,0,0,54343,1102,3226,6561457,16,239,160,1,32194,1,60,1,2209477,1,3504945,1,178656,1,631336,1,4629,1,33617,1,5541,4,90,4,64047,4,2244,4,3407,8,0,0,2425,192,20,1,496728,1,882,1,2796,1,16393,2,4469,1,0,0,0,0,0,0,0,1,0,1,9570,1,6675,1,22968,1,9570,1,0,1
739,6861300,6675,9570,28.992771,0,0,16,0,0,53763,1503,3716,6807537,16,239,271,1,34759,1,60,1,2027845,1,3746626,1,186782,1,805252,1,5942,1,35561,1,7856,4,200,4,64639,4,2605,4,3497,8,0,0,2386,192,220,1,656156,1,952,1,3517,1,23597,2,4950,1,0,0,0,0,0,0,0,1,0,1,9570,1,6675,1,22968,1,9570,1,0,1
740,6652700,6675,9570,28.992771,0,0,16,0,0,43779,1142,3385,6608921,16,239,30,1,25611,1,100,1,1887767,1,3635865,1,182583,1,871995,1,4970,1,34889,1,5892,4,40,4,63546,4,2124,4,3567,8,0,0,2306,192,10,1,730574,1,852,1,2766,1,22334,2,4258,1,0,0,0,0,0,0,0,1,0,1,9570,1,6675,1,22968,1,9570,1,0,1
741,6293100,6675,9570,28.992771,0,0,16,0,0,37872,1363,3285,6255228,16,239,70,1,26192,1,40,1,1883518,1,3548131,1,182954,1,609513,1,4810,1,34388,1,6162,4,40,4,63787,4,1903,4,3657,8,0,0,2276,192,20,1,472180,1,852,1,2996,1,18016,2,4148,1,0,0,0,0,0,0,0,1,0,1,9570,1,6675,1,22968,1,9570,1,0,1
742,6439600,6675,9570,28.992771,0,0,16,0,0,40085,802,3175,6399515,16,239,80,1,25360,1,110,1,1890552,1,3515205,1,210699,1,752698,1,4810,1,34108,1,6032,4,30,4,63837,4,1873,4,3547,8,0,0,2245,192,10,1,616537,1,952,1,2485,1,18326,2,4158,1,0,0,0,0,0,0,0,1,0,1,9570,1,6675,1,22968,1,9570,1,0,1
743,6187000,6675,9570,28.992771,0,0,16,0,0,39477,872,3045,6147523,16,239,20,1,26803,1,30,1,1887606,1,3528942,1,182984,1,516498,1,4639,1,34238,1,5822,4,40,4,63747,4,1894,4,3417,8,0,0,2265,192,10,1,381670,1,852,1,3166,1,16623,2,4148,1,0,0,0,0,0,0,0,1,0,1,9570,1,6675,1,22968,1,9570,1,0,1
744,7130900,6675,9570,28.992771,0,0,16,0,0,45060,1484,3857,7085840,16,239,30,1,25250,1,50,1,1892326,1,3572148,1,214948,1,1375698,1,5391,1,64067,1,11904,4,391,4,64448,4,2635,4,3667,8,0,0,2445,192,90,1,1187092,1,1002,1,3307,1,31132,2,4479,1,0,0,0,0,0,0,0,1,0,1,9570,1,6675,1,22968,1,9570,1,0,1
745,6864500,6675,9570,28.992771,0,0,16,0,0,35761,1132,3697,6828739,16,239,100,1,32765,1,230,1,2166742,1,3698319,1,182423,1,742918,1,5240,1,35280,1,7936,4,50,4,64418,4,2525,4,3507,8,0,0,2335,192,10,1,598892,1,902,1,2585,1,20721,2,4960,1,0,0,0,0,0,0,0,1,0,1,9570,1,6675,1,22968,1,9570,1,0,1
746,6427800,6675,9570,28.992771,0,0,16,0,0,34878,762,3856,6392922,16,239,10,1,25982,1,80,1,1881574,1,3551227,1,185569,1,743700,1,4780,1,34308,1,5661,4,30,4,63617,4,2365,4,3797,8,0,0,2305,192,10,1,607329,1,872,1,2545,1,18176,2,4228,1,0,0,0,0,0,0,0,1,0,1,9570,1,6675,1,22968,1,9570,1,0,1
747,6420000,6675,9570,28.992771,0,0,16,0,0,41166,1102,3226,6378834,16,239,20,1,27004,1,90,1,1882125,1,3557520,1,194307,1,712638,1,5130,1,35451,1,6894,4,321,4,66502,4,2475,4,3467,8,0,0,2716,192,10,1,567549,1,862,1,2725,1,20471,2,4810,1,0,0,0,0,0,0,0,1,0,1,9570,1,6675,1,22968,1,9570,1,0,1
748,6480400,6675,9570,28.992771,0,0,16,0,0,44824,953,3306,6435576,16,239,110,1,26453,1,30,1,1892466,1,3528421,1,209377,1,773950,1,4769,1,34619,1,5771,4,50,4,66302,4,2064,4,3487,8,0,0,2245,192,10,1,632849,1,862,1,2525,1,18848,2,5611,1,0,0,0,0,0,0,0,1,0,1,9570,1,6675,1,22968,1,9570,1,0,1
749,6671200,6675,9570,28.992771,0,0,16,0,0,41046,1242,3886,6630154,16,239,20,1,25932,1,40,1,1884320,1,3577489,1,251891,1,883608,1,6854,1,40010,1,7685,4,30,4,64248,4,2805,4,3557,8,0,0,2476,192,281,1,725363,1,1303,1,7455,1,22344,2,7284,1,0,0,0,0,0,0,0,1,0,1,9570,1,6675,1,22968,1,9570,1,0,1
750,6910200,6675,9570,28.992771,0,0,16,0,0,60700,802,3356,6849500,16,239,20,1,30982,1,140,1,2098797,1,3658340,1,185690,1,870432,1,5100,1,35100,1,6613,4,30,4,64528,4,2044,4,3627,8,0,0,2315,192,10,1,728830,1,862,1,3327,1,20270,2,4389,1,0,0,0,0,0,0,0,1,0,1,9570,1,6675,1,22968,1,9570,1,0,1
751,6605500,6675,9570,28.992771,0,0,16,0,0,40997,3126,3306,6564503,16,239,40,1,26372,1,30,1,1895783,1,3555926,1,206170,1,875242,1,4940,1,44378,1,10280,4,461,4,64278,4,3317,4,3667,8,0,0,3678,192,10,1,700043,1,862,1,5090,1,35330,2,4399,1,0,0,0,0,0,0,0,1,0,1,9570,1,6675,1,22968,1,9570,1,0,1
752,6783900,6675,9570,28.992771,0,0,16,0,0,37595,932,3156,6746305,16,239,110,1,25511,1,30,1,2063596,1,3560395,1,184597,1,907175,1,4890,1,45220,1,5471,4,40,4,63877,4,1974,4,3457,8,0,0,2275,192,10,1,760453,1,862,1,2465,1,17755,2,4659,1,0,0,0,0,0,0,0,1,0,1,9570,1,6675,1,22968,1,9570,1,0,1
753,6283400,6675,9570,28.992771,0,0,16,0,0,42040,712,3094,6241360,16,239,30,1,25962,1,30,1,1889360,1,3523191,1,219116,1,578972,1,4699,1,34258,1,5501,4,50,4,63707,4,3747,4,3457,8,0,0,4110,192,10,1,426609,1,862,1,5862,1,30000,2,4198,1,0,0,0,0,0,0,0,1,0,1,9570,1,6675,1,22968,1,9570,1,0,1
754,7158200,6675,9570,28.992771,0,0,16,0,0,46067,1373,3416,7112133,16,239,40,1,26863,1,20,1,1922696,1,3530866,1,230128,1,1395838,1,5681,1,37034,1,7485,4,80,4,64128,4,2154,4,3527,8,0,0,2265,192,70,1,1241320,1,1122,1,9008,1,22866,2,5671,1,0,0,0,0,0,0,0,1,0,1,9570,1,6675,1,22968,1,9570,1,0,1
755,7052700,6675,9570,28.992771,0,0,16,0,0,88171,1683,4329,6964529,16,239,30,1,28887,1,60,1,2194226,1,3648019,1,186100,1,899510,1,7695,1,57314,1,11793,4,50,4,88456,4,3096,4,4359,8,0,0,3126,192,10,1,693029,1,1112,1,3547,1,27074,2,7986,1,0,0,0,0,0,0,0,1,0,1,9570,1,6675,1,22968,1,9570,1,0,1
756,6518900,6675,9570,28.992771,0,0,16,0,0,45087,1112,3497,6473813,16,239,902,1,29198,1,70,1,1915662,1,3572770,1,178796,1,771686,1,4729,1,36072,1,5421,4,40,4,63977,4,2315,4,3677,8,0,0,2495,192,671,1,633751,1,862,1,2525,1,16894,2,4369,1,0,0,0,0,0,0,0,1,0,1,9570,1,6675,1,22968,1,9570,1,0,1
757,6172100,6675,9570,28.992771,0,0,16,0,0,38985,891,3766,6133115,16,239,30,1,26202,1,50,1,1885502,1,3515686,1,179908,1,521127,1,4609,1,34128,1,5761,4,30,4,63757,4,2505,4,3537,8,0,0,2276,192,10,1,387180,1,862,1,2846,1,14920,2,4699,1,0,0,0,0,0,0,0,1,0,1,9570,1,6675,1,22968,1,9570,1,0,1
758,6341500,6675,9570,28.992771,0,0,16,0,0,41403,792,3797,6300097,16,239,110,1,26322,1,110,1,1896584,1,3507310,1,178435,1,686596,1,4629,1,34348,1,5751,4,40,4,65470,4,2265,4,3788,8,0,0,2255,192,80,1,549864,1,852,1,3377,1,15811,2,4158,1,0,0,0,0,0,0,0,1,0,1,9570,1,6675,1,22968,1,9570,1,0,1
759,6605500,6675,9570,28.992771,0,0,16,0,0,72299,2866,5802,6533201,16,239,100,1,25020,1,30,1,1882676,1,3497440,1,243675,1,877907,1,6353,1,80049,1,10681,4,40,4,84358,4,4860,4,4800,8,0,0,3858,192,10,1,645194,1,1122,1,4339,1,32314,2,7274,1,0,0,0,0,0,0,0,1,0,1,9570,1,6675,1,22968,1,9570,1,0,1
760,7044500,6675,9570,28.992771,0,0,16,0,0,36895,1733,3225,7007605,16,239,70,1,26112,1,40,1,2054478,1,3844190,1,177784,1,900352,1,4579,1,35270,1,6172,4,40,4,63727,4,1964,4,3507,8,0,0,2246,192,70,1,760403,1,852,1,2735,1,19599,2,4279,1,0,0,0,0,0,0,0,1,0,1,9570,1,6675,1,22968,1,9570,1,0,1
761,6649500,6675,9570,28.992771,0,0,16,0,0,50669,1212,3256,6598831,16,239,30,1,25100,1,30,1,1898358,1,3610354,1,179437,1,879190,1,6333,1,36252,1,5631,4,30,4,65260,4,2535,4,3527,8,0,0,2806,192,20,1,736736,1,902,1,2565,1,20290,2,4228,1,0,0,0,0,0,0,0,1,0,1,9570,1,6675,1,22968,1,9570,1,0,1
762,7222400,6675,9570,28.992771,0,0,16,0,0,61520,2004,4557,7160880,16,239,511,1,32334,1,271,1,2279737,1,3749662,1,179908,1,912476,1,5982,1,36463,1,5661,4,130,4,63757,4,2515,4,4439,8,0,0,2397,192,20,1,766175,1,882,1,3307,1,22194,2,4930,1,0,0,0,0,0,0,0,1,0,1,9570,1,6675,1,22968,1,9570,1,0,1
763,6871100,6675,9570,28.992771,0,0,16,0,0,57411,1734,3808,6813689,16,239,210,1,33437,1,40,1,2224998,1,3647398,1,182764,1,719832,1,5010,1,34909,1,6002,4,40,4,63647,4,2124,4,3998,8,0,0,2314,192,90,1,578722,1,852,1,3878,1,19348,2,4489,1,0,0,0,0,0,0,0,1,0,1,9570,1,6675,1,22968,1,9570,1,0,1
764,6694400,6675,9570,28.992771,0,0,16,0,0,54767,1062,3216,6639633,16,239,30,1,32565,1,30,1,1886324,1,3565205,1,325458,1,824701,1,5321,1,40440,1,5611,4,111,4,64067,4,2014,4,3557,8,0,0,2355,192,200,1,674152,1,852,1,6874,1,21423,2,4339,1,0,0,0,0,0,0,0,1,0,1,9570,1,6675,1,22968,1,9570,1,0,1
765,6532900,6675,9570,28.992771,0,0,16,0,0,38156,1042,3806,6494744,16,239,50,1,26272,1,50,1,1893438,1,3664402,1,184357,1,721526,1,4649,1,35030,1,5922,4,30,4,64498,4,2485,4,3597,8,0,0,2276,192,10,1,580044,1,842,1,2655,1,21142,2,4228,1,0,0,0,0,0,0,0,1,0,1,9570,1,6675,1,22968,1,9570,1,0,1
766,6427800,6675,9570,28.992771,0,0,16,0,0,36752,721,3927,6391048,16,239,60,1,26523,1,40,1,1895983,1,3551648,1,181802,1,730343,1,4649,1,34549,1,6252,4,50,4,63947,4,1964,4,4309,8,0,0,2346,192,10,1,592980,1,862,1,2735,1,17825,2,4138,1,0,0,0,0,0,0,0,1,0,1,9570,1,6675,1,22968,1,9570,1,0,1
767,6251700,6675,9570,28.992771,0,0,16,0,0,57664,963,3185,6194036,16,239,10,1,25962,1,90,1,1887666,1,3524123,1,185830,1,565696,1,4659,1,34398,1,6402,4,40,4,63777,4,1994,4,3507,8,0,0,2315,192,10,1,430136,1,862,1,2986,1,16413,2,4208,1,0,0,0,0,0,0,0,1,0,1,9570,1,6675,1,22968,1,9570,1,0,1
768,6601700,6675,9570,28.992771,0,0,16,0,0,65062,1052,3245,6536638,16,239,271,1,33567,1,70,1,2183435,1,3516117,1,178385,1,620014,1,4780,1,34519,1,5491,4,60,4,63887,4,2014,4,3467,8,0,0,2235,192,10,1,484785,1,862,1,2635,1,16894,2,4339,1,0,0,0,0,0,0,0,1,0,1,9570,1,6675,1,22968,1,9570,1,0,1
769,6929700,6675,9570,28.992771,0,0,16,0,0,45110,1333,3476,6884590,16,239,130,1,30851,1,30,1,2019048,1,3503141,1,250609,1,1075701,1,5080,1,46332,1,7094,4,60,4,64088,4,2164,4,3587,8,0,0,2275,192,30,1,915502,1,962,1,11102,1,18988,2,4459,1,0,0,0,0,0,0,0,1,0,1,9570,1,6675,1,22968,1,9570,1,0,1
770,7172600,6675,9570,28.992771,0,0,16,0,0,41149,1994,3556,7131451,16,239,100,1,26302,1,30,1,1919860,1,3793559,1,182423,1,1204016,1,5160,1,54448,1,7395,4,231,4,64679,4,2515,4,3487,8,0,0,2445,192,10,1,1026382,1,982,1,2896,1,34779,2,4218,1,0,0,0,0,0,0,0,1,0,1,9570,1,6675,1,22968,1,9570,1,0,1
771,6427800,6675,9570,28.992771,0,0,16,0,0,38526,832,4308,6389274,16,239,70,1,25932,1,110,1,1886564,1,3635074,1,181812,1,654983,1,4729,1,34018,1,5721,4,30,4,63256,4,2435,4,4268,8,0,0,2395,192,20,1,517470,1,862,1,3216,1,18166,2,4689,1,0,0,0,0,0,0,0,1,0,1,9570,1,6675,1,22968,1,9570,1,0,1
772,6577200,6675,9570,28.992771,0,0,16,0,0,41975,1123,3936,6535225,16,239,30,1,25571,1,30,1,1902245,1,3558231,1,183615,1,860142,1,5361,1,36372,1,6283,4,40,4,64408,4,2595,4,3567,8,0,0,2226,192,0,1,718109,1,1032,1,2986,1,19268,2,4359,1,0,0,0,0,0,0,0,1,0,1,9570,1,6675,1,22968,1,9570,1,0,1
773,6357700,6675,9570,28.992771,0,0,16,0,0,37323,901,3105,6320377,16,239,10,1,26382,1,20,1,1880181,1,3553311,1,230018,1,625645,1,4810,1,35400,1,6393,4,21,4,63837,4,1934,4,3457,8,0,0,2285,192,20,1,484414,1,902,1,6864,1,17264,2,4238,1,0,0,0,0,0,0,0,1,0,1,9570,1,6675,1,22968,1,9570,1,0,1
774,6453800,6675,9570,28.992771,0,0,16,0,0,40358,772,3175,6413442,16,239,20,1,26613,1,50,1,1909039,1,3518071,1,181571,1,773128,1,4950,1,34549,1,5922,4,50,4,65831,4,2004,4,3467,8,0,0,2295,192,10,1,633771,1,862,1,3667,1,17996,2,4228,1,0,0,0,0,0,0,0,1,0,1,9570,1,6675,1,22968,1,9570,1,0,1
775,6985700,6675,9570,28.992771,0,0,16,0,0,45599,3467,5680,6940101,16,239,50,1,25651,1,30,1,1889530,1,3731997,1,215789,1,1071663,1,5391,1,51192,1,13106,4,41,4,65460,4,3968,4,4198,8,0,0,2486,192,762,1,876304,1,1052,1,4840,1,40571,2,6703,1,0,0,0,0,0,0,0,1,0,1,9570,1,6675,1,22968,1,9570,1,0,1
776,6713300,6675,9570,28.992771,0,0,16,0,0,37405,992,3838,6675895,16,239,170,1,26202,1,40,1,1955401,1,3616607,1,182904,1,889741,1,4830,1,35060,1,7555,4,30,4,63716,4,2084,4,4178,8,0,0,2425,192,10,1,746035,1,862,1,3447,1,21413,2,4359,1,0,0,0,0,0,0,0,1,0,1,9570,1,6675,1,22968,1,9570,1,0,1
777,6519000,6675,9570,28.992771,0,0,16,0,0,40889,912,3165,6478111,16,239,30,1,25330,1,40,1,1917055,1,3558912,1,243254,1,728409,1,5080,1,35110,1,5932,4,40,4,64208,4,2064,4,3477,8,0,0,2376,192,80,1,589363,1,852,1,2695,1,18948,2,4729,1,0,0,0,0,0,0,0,1,0,1,9570,1,6675,1,22968,1,9570,1,0,1
778,6616700,6675,9570,28.992771,0,0,16,0,0,68379,1753,3988,6548321,16,239,40,1,25721,1,20,1,1890101,1,3554884,1,265308,1,806715,1,5531,1,43567,1,10561,4,50,4,84348,4,2735,4,4349,8,0,0,3096,192,10,1,628270,1,902,1,3627,1,20290,2,6252,1,0,0,0,0,0,0,0,1,0,1,9570,1,6675,1,22968,1,9570,1,0,1
779,6681800,6675,9570,28.992771,0,0,16,0,0,37658,1513,3827,6644142,16,239,190,1,45340,1,50,1,2252492,1,3578882,1,191611,1,570876,1,4699,1,34509,1,6242,4,50,4,63977,4,2134,4,3918,8,0,0,2225,192,10,1,433382,1,882,1,2645,1,16453,2,5160,1,0,0,0,0,0,0,0,1,0,1,9570,1,6675,1,22968,1,9570,1,0,1
780,7369100,6675,9570,28.992771,0,0,16,0,0,42971,3868,3236,7326129,16,239,50,1,25681,1,20,1,1886755,1,3689322,1,214687,1,1504163,1,5451,1,49909,1,7946,4,70,4,64208,4,2044,4,3457,8,0,0,2265,192,90,1,1322081,1,2144,1,5882,1,36643,2,5822,1,0,0,0,0,0,0,0,1,0,1,9570,1,6675,1,22968,1,9570,1,0,1
781,6987100,6675,9570,28.992771,0,0,16,0,0,55967,1032,3306,6931133,16,239,591,1,26292,1,100,1,2353824,1,3616286,1,182363,1,746586,1,5090,1,35501,1,6814,4,40,4,64659,4,2094,4,3567,8,0,0,2355,192,10,1,603311,1,882,1,2735,1,21192,2,4749,1,0,0,0,0,0,0,0,1,0,1,9570,1,6675,1,22968,1,9570,1,0,1
782,6529800,6675,9570,28.992771,0,0,16,0,0,37751,892,3316,6492049,16,239,210,1,25902,1,30,1,1888187,1,3555215,1,181591,1,835523,1,5391,1,39599,1,6483,4,30,4,67625,4,2184,4,3497,8,0,0,2365,192,20,1,675154,1,932,1,3828,1,28807,2,6473,1,0,0,0,0,0,0,0,1,0,1,9570,1,6675,1,22968,1,9570,1,0,1
783,6303800,6675,9570,28.992771,0,0,16,0,0,36548,1413,3496,6267252,16,239,100,1,26413,1,40,1,1930221,1,3520936,1,180329,1,604543,1,4669,1,34208,1,6112,4,50,4,70260,4,2004,4,3697,8,0,0,2206,192,10,1,460176,1,862,1,3788,1,17094,2,4870,1,0,0,0,0,0,0,0,1,0,1,9570,1,6675,1,22968,1,9570,1,0,1
784,6300600,6675,9570,28.992771,0,0,16,0,0,36545,822,3375,6264055,16,239,10,1,25441,1,40,1,1895813,1,3513241,1,181571,1,643190,1,4749,1,39779,1,5481,4,50,4,66723,4,2124,4,3427,8,0,0,2176,192,10,1,501107,1,862,1,2315,1,16282,2,4208,1,0,0,0,0,0,0,0,1,0,1,9570,1,6675,1,22968,1,9570,1,0,1
785,6265400,6675,9570,28.992771,0,0,16,0,0,39050,1493,3376,6226350,16,239,30,1,25130,1,50,1,1887646,1,3534233,1,183365,1,591126,1,4769,1,35180,1,8206,4,50,4,64098,4,1874,4,3667,8,0,0,2165,192,10,1,451118,1,1403,1,2886,1,16803,2,4339,1,0,0,0,0,0,0,0,1,0,1,9570,1,6675,1,22968,1,9570,1,0,1
786,6499100,6675,9570,28.992771,0,0,16,0,0,47912,942,3546,6451188,16,239,60,1,26463,1,20,1,1893167,1,3537059,1,180629,1,808990,1,4800,1,36593,1,5601,4,30,4,63476,4,1994,4,3757,8,0,0,2206,192,10,1,670414,1,862,1,3116,1,17906,2,4289,1,0,0,0,0,0,0,0,1,0,1,9570,1,6675,1,22968,1,9570,1,0,1
787,6202100,6675,9570,28.992771,0,0,16,0,0,42092,852,3136,6160008,16,239,20,1,25140,1,30,1,1889941,1,3497580,1,182553,1,560024,1,4719,1,34218,1,5521,4,40,4,63837,4,1954,4,3397,8,0,0,2214,192,10,1,424795,1,862,1,3377,1,16793,2,4369,1,0,0,0,0,0,0,0,1,0,1,9570,1,6675,1,22968,1,9570,1,0,1
788,6314200,6675,9570,28.992771,0,0,16,0,0,69082,862,4258,6245118,16,239,30,1,25451,1,50,1,1886113,1,3467450,1,182724,1,677208,1,6092,1,34418,1,5420,4,40,4,63977,4,2345,4,4138,8,0,0,2224,192,10,1,526167,1,1273,1,2615,1,28587,2,7355,1,0,0,0,0,0,0,0,1,0,1,9570,1,6675,1,22968,1,9570,1,0,1
789,6122600,6675,9570,28.992771,0,0,16,0,0,39936,872,3085,6082664,16,239,60,1,25330,1,80,1,1887085,1,3491778,1,182734,1,491007,1,4589,1,33827,1,5651,4,30,4,63877,4,2084,4,3507,8,0,0,2506,192,10,1,357762,1,862,1,2755,1,15521,2,4248,1,0,0,0,0,0,0,0,1,0,1,9570,1,6675,1,22968,1,9570,1,0,1
790,6960800,6675,9570,28.992771,0,0,16,0,0,42944,1263,3356,6917856,16,239,30,1,25681,1,80,1,1894310,1,3564704,1,231982,1,1196000,1,5070,1,37595,1,7976,4,40,4,64098,4,2064,4,3547,8,0,0,2255,192,641,1,1045020,1,1012,1,3928,1,24338,2,4479,1,0,0,0,0,0,0,0,1,0,1,9570,1,6675,1,22968,1,9570,1,0,1
791,6629300,6675,9570,28.992771,0,0,16,0,0,40338,1072,3326,6588962,16,239,80,1,28487,1,30,1,1887316,1,3656306,1,217693,1,793369,1,5681,1,39569,1,8176,4,121,4,66923,4,2044,4,3567,8,0,0,2285,192,411,1,640685,1,922,1,4048,1,21342,2,4489,1,0,0,0,0,0,0,0,1,0,1,9570,1,6675,1,22968,1,9570,1,0,1
792,6512300,6675,9570,28.992771,0,0,16,0,0,38347,762,3646,6473953,16,239,80,1,25882,1,40,1,1898508,1,3560355,1,182694,1,801585,1,4810,1,34930,1,5932,4,40,4,63727,4,1954,4,3928,8,0,0,2235,192,10,1,662108,1,1002,1,2555,1,20250,2,4389,1,0,0,0,0,0,0,0,1,0,1,9570,1,6675,1,22968,1,9570,1,0,1
793,6346100,6675,9570,28.992771,0,0,16,0,0,39370,801,3135,6306730,16,239,40,1,25751,1,40,1,1889510,1,3524323,1,211361,1,650615,1,5090,1,37154,1,5671,4,30,4,63827,4,1884,4,5331,8,0,0,4080,192,10,1,508903,1,862,1,3086,1,18497,2,4559,1,0,0,0,0,0,0,0,1,0,1,9570,1,6675,1,22968,1,9570,1,0,1
794,6403000,6675,9570,28.992771,0,0,16,0,0,40469,882,3115,6362531,16,239,10,1,27645,1,30,1,1891334,1,3541197,1,184547,1,713079,1,4689,1,34038,1,7415,4,40,4,67173,4,1843,4,3517,8,0,0,2245,192,20,1,571437,1,862,1,3407,1,17856,2,4589,1,0,0,0,0,0,0,0,1,0,1,9570,1,6675,1,22968,1,9570,1,0,1
795,6313500,6675,9570,28.992771,0,0,16,0,0,45457,912,3536,6268043,16,239,20,1,25952,1,30,1,1888769,1,3516518,1,180599,1,651436,1,4719,1,34388,1,6353,4,40,4,65791,4,2024,4,3767,8,0,0,2255,192,10,1,507089,1,1152,1,2555,1,22264,2,5090,1,0,0,0,0,0,0,0,1,0,1,9570,1,6675,1,22968,1,9570,1,0,1
796,7947000,6675,9570,28.992771,0,0,16,0,0,62340,2275,3908,7884660,16,239,10,1,33437,1,50,1,1904320,1,4261069,1,330057,1,1348834,1,6884,1,50711,1,11824,4,281,4,72905,4,2926,4,4569,8,0,0,3587,192,90,1,1155209,1,1022,1,8246,1,31112,2,7665,1,0,0,0,0,0,0,0,1,0,1,9570,1,6675,1,22968,1,9570,1,0,1
797,6813400,6675,9570,28.992771,0,0,16,0,0,38659,782,3836,6774741,16,239,100,1,31252,1,30,1,2000240,1,3726135,1,202503,1,809361,1,5120,1,36863,1,9449,4,40,4,67174,4,2184,4,3968,8,0,0,2316,192,10,1,656306,1,842,1,3397,1,23487,2,4860,1,0,0,0,0,0,0,0,1,0,1,9570,1,6675,1,22968,1,9570,1,0,1
798,6578800,6675,9570,28.992771,0,0,16,0,0,37503,872,3737,6541297,16,239,30,1,26593,1,60,1,1900712,1,3580064,1,181201,1,847637,1,5000,1,36693,1,7725,4,60,4,63897,4,2265,4,3808,8,0,0,2335,192,10,1,701015,1,852,1,2625,1,22585,2,5230,1,0,0,0,0,0,0,0,1,0,1,9570,1,6675,1,22968,1,9570,1,0,1
799,6298700,6675,9570,28.992771,0,0,16,0,0,36428,722,3075,6262272,16,239,70,1,25972,1,110,1,1888708,1,3544113,1,181832,1,616837,1,4629,1,34589,1,5952,4,50,4,64348,4,2044,4,3487,8,0,0,2455,192,10,1,479955,1,842,1,2946,1,17635,2,4258,1,0,0,0,0,0,0,0,1,0,1,9570,1,6675,1,22968,1,9570,1,0,1
